time,V_ai0,V_ai1,V_ai2
0,-5.19044573540781,-1.73647753499489,-9.97507570756694
0.0025,-5.19044573540781,-1.69061629974279,-9.98016882708919
0.005,-5.19044573540781,-1.7313818421891,-9.98016882708919
0.0075,-5.19554019326102,-1.7313818421891,-9.97507570756694
0.01,-5.19554019326102,-1.73647753499489,-9.96998258804469
0.0125,-5.19044573540781,-1.71609476377173,-9.97507570756694
0.015,-5.19044573540781,-1.73647753499489,-9.98016882708919
0.0175,-5.19044573540781,-1.74157322780068,-9.98016882708919
0.02,-5.19044573540781,-1.74157322780068,-9.97507570756694
0.0225,-5.19044573540781,-1.72119045657752,-9.97507570756694
0.025,-5.19554019326102,-1.74157322780068,-9.97507570756694
0.0275,-5.19044573540781,-1.74157322780068,-9.97507570756694
0.03,-5.19044573540781,-1.74157322780068,-9.98016882708919
0.0325,-5.1853512775546,-1.69571199254858,-9.97507570756694
0.035,-5.1853512775546,-1.73647753499489,-9.97507570756694
0.0375,-5.19044573540781,-1.7313818421891,-9.97507570756694
0.04,-5.19044573540781,-1.73647753499489,-9.97507570756694
0.0425,-5.19044573540781,-1.72119045657752,-9.98016882708919
0.045,-5.19044573540781,-1.73647753499489,-9.97507570756694
0.0475,-5.19044573540781,-1.74157322780068,-9.97507570756694
0.05,-5.19044573540781,-1.74666892060646,-9.97507570756694
0.0525,-5.19044573540781,-1.72628614938331,-9.97507570756694
0.055,-5.19044573540781,-1.74666892060646,-9.98016882708919
0.0575,-5.19044573540781,-1.74666892060646,-9.98016882708919
0.06,-5.19554019326102,-1.74157322780068,-9.97507570756694
0.0625,-5.19554019326102,-1.70080768535437,-9.96998258804469
0.065,-5.19044573540781,-1.74666892060646,-9.97507570756694
0.0675,-5.1853512775546,-1.74666892060646,-9.98016882708919
0.07,-5.1853512775546,-1.74157322780068,-9.97507570756694
0.0725,-5.1853512775546,-1.69571199254858,-9.97507570756694
0.075,-5.19044573540781,-1.73647753499489,-9.97507570756694
0.0775,-5.19554019326102,-1.74157322780068,-9.97507570756694
0.08,-5.19044573540781,-1.74666892060646,-9.97507570756694
0.0825,-5.19044573540781,-1.70590337816015,-9.98016882708919
0.085,-5.19044573540781,-1.75176461341225,-9.97507570756694
0.0875,-5.19044573540781,-1.75176461341225,-9.96998258804469
0.09,-5.19044573540781,-1.74666892060646,-9.97507570756694
0.0925,-5.1853512775546,-1.72628614938331,-9.98016882708919
0.095,-5.19044573540781,-1.74666892060646,-9.98016882708919
0.0975,-5.19044573540781,-1.74666892060646,-9.97507570756694
0.1,-5.19044573540781,-1.74666892060646,-9.97507570756694
0.1025,-5.19044573540781,-1.72628614938331,-9.97507570756694
0.105,-5.1853512775546,-1.75176461341225,-9.97507570756694
0.1075,-5.19044573540781,-1.74666892060646,-9.98016882708919
0.11,-5.19044573540781,-1.74157322780068,-9.97507570756694
0.1125,-5.19044573540781,-1.70590337816015,-9.97507570756694
0.115,-5.19554019326102,-1.75176461341225,-9.97507570756694
0.1175,-5.19044573540781,-1.75176461341225,-9.98016882708919
0.12,-5.19044573540781,-1.75686030621804,-9.97507570756694
0.1225,-5.19044573540781,-1.7313818421891,-9.97507570756694
0.125,-5.1853512775546,-1.75176461341225,-9.97507570756694
0.1275,-5.1853512775546,-1.75176461341225,-9.97507570756694
0.13,-5.1853512775546,-1.75176461341225,-9.98016882708919
0.1325,-5.1853512775546,-1.70590337816015,-9.98016882708919
0.135,-5.19044573540781,-1.74666892060646,-9.97507570756694
0.1375,-5.19044573540781,-1.74666892060646,-9.97507570756694
0.14,-5.19044573540781,-1.75176461341225,-9.96998258804469
0.1425,-5.1853512775546,-1.75176461341225,-9.97507570756694
0.145,-5.1853512775546,-1.75686030621804,-9.98016882708919
0.1475,-5.1853512775546,-1.75176461341225,-9.97507570756694
0.15,-5.19044573540781,-1.75686030621804,-9.97507570756694
0.1525,-5.19554019326102,-1.73647753499489,-9.97507570756694
0.155,-5.19044573540781,-1.75686030621804,-9.97507570756694
0.1575,-5.1853512775546,-1.75686030621804,-9.98016882708919
0.16,-5.1853512775546,-1.75686030621804,-9.98016882708919
0.1625,-5.1853512775546,-1.75176461341225,-9.97507570756694
0.165,-5.18025681970139,-1.75176461341225,-9.97507570756694
0.1675,-5.1853512775546,-1.75176461341225,-9.97507570756694
0.17,-5.1853512775546,-1.75176461341225,-9.98016882708919
0.1725,-5.19044573540781,-1.75686030621804,-9.97507570756694
0.175,-5.19044573540781,-1.75686030621804,-9.97507570756694
0.1775,-5.1853512775546,-1.75176461341225,-9.97507570756694
0.18,-5.1853512775546,-1.75686030621804,-9.97507570756694
0.1825,-5.1853512775546,-1.71609476377173,-9.98016882708919
0.185,-5.19044573540781,-1.75686030621804,-9.98016882708919
0.1875,-5.1853512775546,-1.76195599902383,-9.97507570756694
0.19,-5.19044573540781,-1.75686030621804,-9.96998258804469
0.1925,-5.1853512775546,-1.73647753499489,-9.97507570756694
0.195,-5.1853512775546,-1.75686030621804,-9.98016882708919
0.1975,-5.18025681970139,-1.75686030621804,-9.98016882708919
0.2,-5.1853512775546,-1.75176461341225,-9.98016882708919
0.2025,-5.19044573540781,-1.7313818421891,-9.97507570756694
0.205,-5.19044573540781,-1.75176461341225,-9.97507570756694
0.2075,-5.19044573540781,-1.75686030621804,-9.97507570756694
0.21,-5.19044573540781,-1.76705169182962,-9.98016882708919
0.2125,-5.1853512775546,-1.74157322780068,-9.97507570756694
0.215,-5.1853512775546,-1.76195599902383,-9.97507570756694
0.2175,-5.18025681970139,-1.76195599902383,-9.97507570756694
0.22,-5.1853512775546,-1.75686030621804,-9.97507570756694
0.2225,-5.1853512775546,-1.73647753499489,-9.98016882708919
0.225,-5.1853512775546,-1.75686030621804,-9.98016882708919
0.2275,-5.1853512775546,-1.75686030621804,-9.97507570756694
0.23,-5.1853512775546,-1.75686030621804,-9.96998258804469
0.2325,-5.18025681970139,-1.71099907096594,-9.97507570756694
0.235,-5.18025681970139,-1.76195599902383,-9.97507570756694
0.2375,-5.18025681970139,-1.75686030621804,-9.98016882708919
0.24,-5.1853512775546,-1.75686030621804,-9.97507570756694
0.2425,-5.19044573540781,-1.72119045657752,-9.97507570756694
0.245,-5.1853512775546,-1.76705169182962,-9.97507570756694
0.2475,-5.1853512775546,-1.76705169182962,-9.97507570756694
0.25,-5.18025681970139,-1.76705169182962,-9.98016882708919
0.2525,-5.18025681970139,-1.71609476377173,-9.98016882708919
0.255,-5.1853512775546,-1.75686030621804,-9.97507570756694
0.2575,-5.1853512775546,-1.75686030621804,-9.97507570756694
0.26,-5.19044573540781,-1.75686030621804,-9.97507570756694
0.2625,-5.1853512775546,-1.71609476377173,-9.98016882708919
0.265,-5.1853512775546,-1.76195599902383,-9.97507570756694
0.2675,-5.1853512775546,-1.76195599902383,-9.97507570756694
0.27,-5.1853512775546,-1.76195599902383,-9.97507570756694
0.2725,-5.1853512775546,-1.74666892060646,-9.97507570756694
0.275,-5.19044573540781,-1.76195599902383,-9.98016882708919
0.2775,-5.1853512775546,-1.76195599902383,-9.98016882708919
0.28,-5.1853512775546,-1.76195599902383,-9.97507570756694
0.2825,-5.1853512775546,-1.76195599902383,-9.97507570756694
0.285,-5.18025681970139,-1.75686030621804,-9.97507570756694
0.2875,-5.18025681970139,-1.75686030621804,-9.98016882708919
0.29,-5.18025681970139,-1.75686030621804,-9.98016882708919
0.2925,-5.1853512775546,-1.75176461341225,-9.98016882708919
0.295,-5.1853512775546,-1.76195599902383,-9.97507570756694
0.2975,-5.1853512775546,-1.76195599902383,-9.97507570756694
0.3,-5.1853512775546,-1.76705169182962,-9.97507570756694
0.3025,-5.1853512775546,-1.76705169182962,-9.98016882708919
0.305,-5.18025681970139,-1.76705169182962,-9.98016882708919
0.3075,-5.1853512775546,-1.76195599902383,-9.97507570756694
0.31,-5.1853512775546,-1.76705169182962,-9.97507570756694
0.3125,-5.1853512775546,-1.75686030621804,-9.96998258804469
0.315,-5.19044573540781,-1.76195599902383,-9.92414451234445
0.3175,-5.1853512775546,-1.76195599902383,-9.98016882708919
0.32,-5.16497344614176,-1.75686030621804,-9.97507570756694
0.3225,-5.1853512775546,-1.73647753499489,-9.97507570756694
0.325,-5.19044573540781,-1.75686030621804,-9.97507570756694
0.3275,-5.1853512775546,-1.75686030621804,-9.97507570756694
0.33,-5.1853512775546,-1.76195599902383,-9.98016882708919
0.3325,-5.19044573540781,-1.74157322780068,-9.97507570756694
0.335,-5.1853512775546,-1.76195599902383,-9.97507570756694
0.3375,-5.1853512775546,-1.76705169182962,-9.97507570756694
0.34,-5.18025681970139,-1.76705169182962,-9.97507570756694
0.3425,-5.18025681970139,-1.74157322780068,-9.98016882708919
0.345,-5.1853512775546,-1.75686030621804,-9.98016882708919
0.3475,-5.1853512775546,-1.75686030621804,-9.97507570756694
0.35,-5.1853512775546,-1.76195599902383,-9.96998258804469
0.3525,-5.18025681970139,-1.73647753499489,-9.96998258804469
0.355,-5.1853512775546,-1.75686030621804,-9.97507570756694
0.3575,-5.18025681970139,-1.75686030621804,-9.97507570756694
0.36,-5.18025681970139,-1.76195599902383,-9.97507570756694
0.3625,-5.18025681970139,-1.73647753499489,-9.96998258804469
0.365,-5.18025681970139,-1.76195599902383,-9.97507570756694
0.3675,-5.1853512775546,-1.76705169182962,-9.97507570756694
0.37,-5.1853512775546,-1.76705169182962,-9.98016882708919
0.3725,-5.18025681970139,-1.76705169182962,-9.97507570756694
0.375,-5.17516236184818,-1.76705169182962,-9.97507570756694
0.3775,-5.18025681970139,-1.76195599902383,-9.97507570756694
0.38,-5.18025681970139,-1.75686030621804,-9.97507570756694
0.3825,-5.18025681970139,-1.71609476377173,-9.98016882708919
0.385,-5.1853512775546,-1.75686030621804,-9.97507570756694
0.3875,-5.18025681970139,-1.75686030621804,-9.97507570756694
0.39,-5.18025681970139,-1.76705169182962,-9.96998258804469
0.3925,-5.18025681970139,-1.72119045657752,-9.97507570756694
0.395,-5.17516236184818,-1.76705169182962,-9.98016882708919
0.3975,-5.18025681970139,-1.75686030621804,-9.97507570756694
0.4,-5.18025681970139,-1.76705169182962,-9.97507570756694
0.4025,-5.1853512775546,-1.72119045657752,-9.97507570756694
0.405,-5.1853512775546,-1.76195599902383,-9.97507570756694
0.4075,-5.18025681970139,-1.76195599902383,-9.98016882708919
0.41,-5.18025681970139,-1.75686030621804,-9.98016882708919
0.4125,-5.18025681970139,-1.71099907096594,-9.97507570756694
0.415,-5.18025681970139,-1.75176461341225,-9.97507570756694
0.4175,-5.18025681970139,-1.75686030621804,-9.97507570756694
0.42,-5.1853512775546,-1.75686030621804,-9.97507570756694
0.4225,-5.18025681970139,-1.71609476377173,-9.97507570756694
0.425,-5.18025681970139,-1.76705169182962,-9.97507570756694
0.4275,-5.18025681970139,-1.76195599902383,-9.96998258804469
0.43,-5.18025681970139,-1.76195599902383,-9.97507570756694
0.4325,-5.18025681970139,-1.76195599902383,-9.98016882708919
0.435,-5.18025681970139,-1.76195599902383,-9.98016882708919
0.4375,-5.18025681970139,-1.75686030621804,-9.97507570756694
0.44,-5.18025681970139,-1.75686030621804,-9.97507570756694
0.4425,-5.18025681970139,-1.75686030621804,-9.97507570756694
0.445,-5.18025681970139,-1.75686030621804,-9.97507570756694
0.4475,-5.18025681970139,-1.75686030621804,-9.97507570756694
0.45,-5.18025681970139,-1.75686030621804,-9.98016882708919
0.4525,-5.1853512775546,-1.7313818421891,-9.97507570756694
0.455,-5.18025681970139,-1.76195599902383,-9.97507570756694
0.4575,-5.18025681970139,-1.76195599902383,-9.97507570756694
0.46,-5.17516236184818,-1.76705169182962,-9.97507570756694
0.4625,-5.17516236184818,-1.73647753499489,-9.98016882708919
0.465,-5.17516236184818,-1.75686030621804,-9.98016882708919
0.4675,-5.18025681970139,-1.75686030621804,-9.97507570756694
0.47,-5.18025681970139,-1.75686030621804,-9.96998258804469
0.4725,-5.18025681970139,-1.75686030621804,-9.96998258804469
0.475,-5.17516236184818,-1.75686030621804,-9.98016882708919
0.4775,-5.17516236184818,-1.75686030621804,-9.98016882708919
0.48,-5.17516236184818,-1.75686030621804,-9.97507570756694
0.4825,-5.18025681970139,-1.71099907096594,-9.97507570756694
0.485,-5.18025681970139,-1.76195599902383,-9.97507570756694
0.4875,-5.18025681970139,-1.76705169182962,-9.97507570756694
0.49,-5.17516236184818,-1.76705169182962,-9.98016882708919
0.4925,-5.17516236184818,-1.71609476377173,-9.97507570756694
0.495,-5.17516236184818,-1.76195599902383,-9.97507570756694
0.4975,-5.18025681970139,-1.75686030621804,-9.97507570756694
0.5,-5.18025681970139,-1.75686030621804,-9.97507570756694
0.5025,-5.18025681970139,-1.73647753499489,-9.98016882708919
0.505,-5.17516236184818,-1.75686030621804,-9.97507570756694
0.5075,-5.17516236184818,-1.75176461341225,-9.97507570756694
0.51,-5.17516236184818,-1.75686030621804,-9.97507570756694
0.5125,-5.18025681970139,-1.73647753499489,-9.97507570756694
0.515,-5.18025681970139,-1.76705169182962,-9.97507570756694
0.5175,-5.18025681970139,-1.76195599902383,-9.98016882708919
0.52,-5.18025681970139,-1.76705169182962,-9.97507570756694
0.5225,-5.18025681970139,-1.74157322780068,-9.97507570756694
0.525,-5.17516236184818,-1.76195599902383,-9.97507570756694
0.5275,-5.17516236184818,-1.76195599902383,-9.97507570756694
0.53,-5.17516236184818,-1.76195599902383,-9.98016882708919
0.5325,-5.18025681970139,-1.75686030621804,-9.98016882708919
0.535,-5.17516236184818,-1.76195599902383,-9.97507570756694
0.5375,-5.17516236184818,-1.75686030621804,-9.96998258804469
0.54,-5.17516236184818,-1.76195599902383,-9.97507570756694
0.5425,-5.17516236184818,-1.74157322780068,-9.97507570756694
0.545,-5.17006790399497,-1.76195599902383,-9.98016882708919
0.5475,-5.17516236184818,-1.75686030621804,-9.98016882708919
0.55,-5.18025681970139,-1.76705169182962,-9.97507570756694
0.5525,-5.18025681970139,-1.75176461341225,-9.97507570756694
0.555,-5.17516236184818,-1.76195599902383,-9.97507570756694
0.5575,-5.17516236184818,-1.76705169182962,-9.98016882708919
0.56,-5.17516236184818,-1.76195599902383,-9.98016882708919
0.5625,-5.17516236184818,-1.76705169182962,-9.97507570756694
0.565,-5.17516236184818,-1.74157322780068,-9.97507570756694
0.5675,-5.17516236184818,-1.76195599902383,-9.97507570756694
0.57,-5.17516236184818,-1.76195599902383,-9.97507570756694
0.5725,-5.17516236184818,-1.76705169182962,-9.97507570756694
0.575,-5.17006790399497,-1.72119045657752,-9.97507570756694
0.5775,-5.18025681970139,-1.76705169182962,-9.97507570756694
0.58,-5.17516236184818,-1.76705169182962,-9.97507570756694
0.5825,-5.17516236184818,-1.7721473846354,-9.97507570756694
0.585,-5.17516236184818,-1.74666892060646,-9.98016882708919
0.5875,-5.17516236184818,-1.76705169182962,-9.97507570756694
0.59,-5.17516236184818,-1.76705169182962,-9.97507570756694
0.5925,-5.17516236184818,-1.76705169182962,-9.97507570756694
0.595,-5.17516236184818,-1.74666892060646,-9.97507570756694
0.5975,-5.18025681970139,-1.76705169182962,-9.97507570756694
0.6,-5.17516236184818,-1.76705169182962,-9.97507570756694
0.6025,-5.17516236184818,-1.76705169182962,-9.97507570756694
0.605,-5.17006790399497,-1.76705169182962,-9.97507570756694
0.6075,-5.17516236184818,-1.76705169182962,-9.96998258804469
0.61,-5.17516236184818,-1.7721473846354,-9.97507570756694
0.6125,-5.17516236184818,-1.7721473846354,-9.98016882708919
0.615,-5.17516236184818,-1.7313818421891,-9.98016882708919
0.6175,-5.17516236184818,-1.7721473846354,-9.97507570756694
0.62,-5.17516236184818,-1.7721473846354,-9.97507570756694
0.6225,-5.17516236184818,-1.7721473846354,-9.97507570756694
0.625,-5.17516236184818,-1.72628614938331,-9.97507570756694
0.6275,-5.17516236184818,-1.76705169182962,-9.98016882708919
0.63,-5.17516236184818,-1.76705169182962,-9.97507570756694
0.6325,-5.17516236184818,-1.76705169182962,-9.97507570756694
0.635,-5.17516236184818,-1.72628614938331,-9.96998258804469
0.6375,-5.17516236184818,-1.7721473846354,-9.97507570756694
0.64,-5.17516236184818,-1.7721473846354,-9.97507570756694
0.6425,-5.17516236184818,-1.7721473846354,-9.98016882708919
0.645,-5.17516236184818,-1.7313818421891,-9.97507570756694
0.6475,-5.17516236184818,-1.7721473846354,-9.97507570756694
0.65,-5.17516236184818,-1.7721473846354,-9.96998258804469
0.6525,-5.17516236184818,-1.7721473846354,-9.98016882708919
0.655,-5.17516236184818,-1.7721473846354,-9.98016882708919
0.6575,-5.17516236184818,-1.76705169182962,-9.98016882708919
0.66,-5.17516236184818,-1.76705169182962,-9.97507570756694
0.6625,-5.18025681970139,-1.76705169182962,-9.96998258804469
0.665,-5.17516236184818,-1.74666892060646,-9.96998258804469
0.6675,-5.17006790399497,-1.7721473846354,-9.98016882708919
0.67,-5.17516236184818,-1.76705169182962,-9.98016882708919
0.6725,-5.17516236184818,-1.7721473846354,-9.97507570756694
0.675,-5.17516236184818,-1.7721473846354,-9.97507570756694
0.6775,-5.17516236184818,-1.77724307744119,-9.96998258804469
0.68,-5.17516236184818,-1.7721473846354,-9.97507570756694
0.6825,-5.17006790399497,-1.7721473846354,-9.98016882708919
0.685,-5.17516236184818,-1.74666892060646,-9.98016882708919
0.6875,-5.17516236184818,-1.76705169182962,-9.97507570756694
0.69,-5.17516236184818,-1.76705169182962,-9.97507570756694
0.6925,-5.17516236184818,-1.76705169182962,-9.97507570756694
0.695,-5.17516236184818,-1.75176461341225,-9.97507570756694
0.6975,-5.17516236184818,-1.7721473846354,-9.98016882708919
0.7,-5.17516236184818,-1.7721473846354,-9.97507570756694
0.7025,-5.17516236184818,-1.7721473846354,-9.97507570756694
0.705,-5.18025681970139,-1.7721473846354,-9.97507570756694
0.7075,-5.17516236184818,-1.77724307744119,-9.97507570756694
0.71,-5.17516236184818,-1.77724307744119,-9.97507570756694
0.7125,-5.17516236184818,-1.7721473846354,-9.98016882708919
0.715,-5.17006790399497,-1.7721473846354,-9.97507570756694
0.7175,-5.17516236184818,-1.76705169182962,-9.96998258804469
0.72,-5.17516236184818,-1.7721473846354,-9.97507570756694
0.7225,-5.17516236184818,-1.77724307744119,-9.98016882708919
0.725,-5.17516236184818,-1.73647753499489,-9.97507570756694
0.7275,-5.17516236184818,-1.77724307744119,-9.97507570756694
0.73,-5.17006790399497,-1.77724307744119,-9.97507570756694
0.7325,-5.17516236184818,-1.77724307744119,-9.97507570756694
0.735,-5.17516236184818,-1.7313818421891,-9.97507570756694
0.7375,-5.17516236184818,-1.77724307744119,-9.98016882708919
0.74,-5.17516236184818,-1.78233877024698,-9.98016882708919
0.7425,-5.17006790399497,-1.77724307744119,-9.98016882708919
0.745,-5.17006790399497,-1.75176461341225,-9.97507570756694
0.7475,-5.17006790399497,-1.7721473846354,-9.96998258804469
0.75,-5.17516236184818,-1.77724307744119,-9.97507570756694
0.7525,-5.18025681970139,-1.78233877024698,-9.97507570756694
0.755,-5.17006790399497,-1.73647753499489,-9.97507570756694
0.7575,-5.17006790399497,-1.78233877024698,-9.97507570756694
0.76,-5.17006790399497,-1.78233877024698,-9.97507570756694
0.7625,-5.17516236184818,-1.78233877024698,-9.97507570756694
0.765,-5.17516236184818,-1.76195599902383,-9.97507570756694
0.7675,-5.17516236184818,-1.77724307744119,-9.98016882708919
0.77,-5.17006790399497,-1.78233877024698,-9.98016882708919
0.7725,-5.17006790399497,-1.78233877024698,-9.97507570756694
0.775,-5.17006790399497,-1.7313818421891,-9.97507570756694
0.7775,-5.17006790399497,-1.77724307744119,-9.97507570756694
0.78,-5.17516236184818,-1.78233877024698,-9.97507570756694
0.7825,-5.17516236184818,-1.78233877024698,-9.98016882708919
0.785,-5.17516236184818,-1.78233877024698,-9.97507570756694
0.7875,-5.17516236184818,-1.78743446305277,-9.96998258804469
0.79,-5.17516236184818,-1.78743446305277,-9.97507570756694
0.7925,-5.17516236184818,-1.78233877024698,-9.97507570756694
0.795,-5.17516236184818,-1.76195599902383,-9.98016882708919
0.7975,-5.17516236184818,-1.78233877024698,-9.98016882708919
0.8,-5.17006790399497,-1.78233877024698,-9.97507570756694
0.8025,-5.17516236184818,-1.77724307744119,-9.97507570756694
0.805,-5.17006790399497,-1.75686030621804,-9.97507570756694
0.8075,-5.17006790399497,-1.77724307744119,-9.97507570756694
0.81,-5.17516236184818,-1.78743446305277,-9.98016882708919
0.8125,-5.17516236184818,-1.78743446305277,-9.98016882708919
0.815,-5.17516236184818,-1.78743446305277,-9.97507570756694
0.8175,-5.17516236184818,-1.78743446305277,-9.97507570756694
0.82,-5.17006790399497,-1.78743446305277,-9.97507570756694
0.8225,-5.17006790399497,-1.78233877024698,-9.97507570756694
0.825,-5.17516236184818,-1.78743446305277,-9.98016882708919
0.8275,-5.17516236184818,-1.78233877024698,-9.97507570756694
0.83,-5.17516236184818,-1.78233877024698,-9.97507570756694
0.8325,-5.17006790399497,-1.77724307744119,-9.97507570756694
0.835,-5.17006790399497,-1.78233877024698,-9.97507570756694
0.8375,-5.17516236184818,-1.78233877024698,-9.97507570756694
0.84,-5.17516236184818,-1.78743446305277,-9.98016882708919
0.8425,-5.17516236184818,-1.78743446305277,-9.97507570756694
0.845,-5.17516236184818,-1.78743446305277,-9.97507570756694
0.8475,-5.17516236184818,-1.79253015585856,-9.97507570756694
0.85,-5.17516236184818,-1.78743446305277,-9.97507570756694
0.8525,-5.17006790399497,-1.78743446305277,-9.98016882708919
0.855,-5.17006790399497,-1.74157322780068,-9.98016882708919
0.8575,-5.17516236184818,-1.78233877024698,-9.98016882708919
0.86,-5.17516236184818,-1.78233877024698,-9.97507570756694
0.8625,-5.17516236184818,-1.78233877024698,-9.97507570756694
0.865,-5.17006790399497,-1.76195599902383,-9.97507570756694
0.8675,-5.17006790399497,-1.78233877024698,-9.98016882708919
0.87,-5.17516236184818,-1.78233877024698,-9.98016882708919
0.8725,-5.17516236184818,-1.79253015585856,-9.97507570756694
0.875,-5.17516236184818,-1.74666892060646,-9.97507570756694
0.8775,-5.17516236184818,-1.79253015585856,-9.97507570756694
0.88,-5.17006790399497,-1.78743446305277,-9.97507570756694
0.8825,-5.17516236184818,-1.78743446305277,-9.98016882708919
0.885,-5.17516236184818,-1.74157322780068,-9.97507570756694
0.8875,-5.17516236184818,-1.78743446305277,-9.97507570756694
0.89,-5.17006790399497,-1.78743446305277,-9.96998258804469
0.8925,-5.17006790399497,-1.78743446305277,-9.97507570756694
0.895,-5.17006790399497,-1.75686030621804,-9.97507570756694
0.8975,-5.17006790399497,-1.78233877024698,-9.98016882708919
0.9,-5.17516236184818,-1.78743446305277,-9.98016882708919
0.9025,-5.17516236184818,-1.79253015585856,-9.97507570756694
0.905,-5.17516236184818,-1.74666892060646,-9.97507570756694
0.9075,-5.17006790399497,-1.79253015585856,-9.97507570756694
0.91,-5.17006790399497,-1.78743446305277,-9.98016882708919
0.9125,-5.17516236184818,-1.78743446305277,-9.98016882708919
0.915,-5.17516236184818,-1.76195599902383,-9.97507570756694
0.9175,-5.17516236184818,-1.78233877024698,-9.97507570756694
0.92,-5.17006790399497,-1.78233877024698,-9.96998258804469
0.9225,-5.17006790399497,-1.78743446305277,-9.97507570756694
0.925,-5.17006790399497,-1.76195599902383,-9.98016882708919
0.9275,-5.17006790399497,-1.78743446305277,-9.98016882708919
0.93,-5.17516236184818,-1.78743446305277,-9.98016882708919
0.9325,-5.17516236184818,-1.79253015585856,-9.97507570756694
0.935,-5.17006790399497,-1.76705169182962,-9.97507570756694
0.9375,-5.17006790399497,-1.78743446305277,-9.97507570756694
0.94,-5.16497344614176,-1.78743446305277,-9.98016882708919
0.9425,-5.17006790399497,-1.78233877024698,-9.98016882708919
0.945,-5.17516236184818,-1.78233877024698,-9.97507570756694
0.9475,-5.17006790399497,-1.78233877024698,-9.96998258804469
0.95,-5.17516236184818,-1.78743446305277,-9.96998258804469
0.9525,-5.17006790399497,-1.78743446305277,-9.97507570756694
0.955,-5.17006790399497,-1.74666892060646,-9.98016882708919
0.9575,-5.17006790399497,-1.79253015585856,-9.98016882708919
0.96,-5.17006790399497,-1.79253015585856,-9.97507570756694
0.9625,-5.17006790399497,-1.79253015585856,-9.97507570756694
0.965,-5.17006790399497,-1.74666892060646,-9.97507570756694
0.9675,-5.17006790399497,-1.78743446305277,-9.97507570756694
0.97,-5.17006790399497,-1.78743446305277,-9.98016882708919
0.9725,-5.17006790399497,-1.78233877024698,-9.98016882708919
0.975,-5.17006790399497,-1.76195599902383,-9.97507570756694
0.9775,-5.17516236184818,-1.78743446305277,-9.96998258804469
0.98,-5.17006790399497,-1.78743446305277,-9.96998258804469
0.9825,-5.17006790399497,-1.78743446305277,-9.98016882708919
0.985,-5.17006790399497,-1.76705169182962,-9.98016882708919
0.9875,-5.17006790399497,-1.78743446305277,-9.98016882708919
0.99,-5.17516236184818,-1.78743446305277,-9.97507570756694
0.9925,-5.17006790399497,-1.79253015585856,-9.97507570756694
0.995,-5.16497344614176,-1.78743446305277,-9.97507570756694
0.9975,-5.17006790399497,-1.78743446305277,-9.97507570756694
1,-5.17006790399497,-1.78743446305277,-9.98016882708919
1.0025,-5.17006790399497,-1.78233877024698,-9.98016882708919
1.005,-5.17006790399497,-1.78233877024698,-9.96998258804469
1.0075,-5.17006790399497,-1.78743446305277,-9.96998258804469
1.01,-5.17006790399497,-1.78743446305277,-9.97507570756694
1.0125,-5.16497344614176,-1.78743446305277,-9.98016882708919
1.015,-5.16497344614176,-1.7721473846354,-9.98016882708919
1.0175,-5.17006790399497,-1.78743446305277,-9.97507570756694
1.02,-5.17006790399497,-1.78743446305277,-9.97507570756694
1.0225,-5.17006790399497,-1.78743446305277,-9.97507570756694
1.025,-5.16497344614176,-1.74666892060646,-9.97507570756694
1.0275,-5.16497344614176,-1.78743446305277,-9.98016882708919
1.03,-5.17006790399497,-1.78233877024698,-9.98016882708919
1.0325,-5.17006790399497,-1.78233877024698,-9.97507570756694
1.035,-5.17006790399497,-1.74157322780068,-9.96998258804469
1.0375,-5.17006790399497,-1.78743446305277,-9.96998258804469
1.04,-5.17006790399497,-1.78743446305277,-9.97507570756694
1.0425,-5.16497344614176,-1.79253015585856,-9.98016882708919
1.045,-5.17006790399497,-1.74666892060646,-9.98016882708919
1.0475,-5.17006790399497,-1.78743446305277,-9.97507570756694
1.05,-5.17006790399497,-1.78743446305277,-9.96998258804469
1.0525,-5.17006790399497,-1.78743446305277,-9.96998258804469
1.055,-5.16497344614176,-1.74157322780068,-9.98016882708919
1.0575,-5.16497344614176,-1.78743446305277,-9.98016882708919
1.06,-5.17006790399497,-1.78233877024698,-9.97507570756694
1.0625,-5.17006790399497,-1.78233877024698,-9.97507570756694
1.065,-5.17006790399497,-1.74666892060646,-9.96998258804469
1.0675,-5.16497344614176,-1.79253015585856,-9.97507570756694
1.07,-5.17006790399497,-1.79253015585856,-9.98016882708919
1.0725,-5.17006790399497,-1.79253015585856,-9.98016882708919
1.075,-5.17006790399497,-1.76705169182962,-9.98016882708919
1.0775,-5.17006790399497,-1.79253015585856,-9.97507570756694
1.08,-5.17006790399497,-1.78743446305277,-9.97507570756694
1.0825,-5.16497344614176,-1.78743446305277,-9.97507570756694
1.085,-5.15987898828855,-1.78233877024698,-9.98016882708919
1.0875,-5.16497344614176,-1.78233877024698,-9.98016882708919
1.09,-5.17006790399497,-1.77724307744119,-9.97507570756694
1.0925,-5.17006790399497,-1.78743446305277,-9.97507570756694
1.095,-5.16497344614176,-1.78233877024698,-9.96998258804469
1.0975,-5.16497344614176,-1.79253015585856,-9.97507570756694
1.1,-5.16497344614176,-1.78743446305277,-9.98016882708919
1.1025,-5.16497344614176,-1.78743446305277,-9.98016882708919
1.105,-5.17006790399497,-1.78743446305277,-9.97507570756694
1.1075,-5.17006790399497,-1.78743446305277,-9.97507570756694
1.11,-5.16497344614176,-1.78743446305277,-9.97507570756694
1.1125,-5.16497344614176,-1.78233877024698,-9.97507570756694
1.115,-5.15987898828855,-1.78743446305277,-9.98016882708919
1.1175,-5.16497344614176,-1.78233877024698,-9.98016882708919
1.12,-5.17516236184818,-1.78233877024698,-9.97507570756694
1.1225,-5.17006790399497,-1.78233877024698,-9.97507570756694
1.125,-5.16497344614176,-1.78743446305277,-9.96998258804469
1.1275,-5.16497344614176,-1.78743446305277,-9.98016882708919
1.13,-5.16497344614176,-1.78743446305277,-9.98016882708919
1.1325,-5.16497344614176,-1.78743446305277,-9.98016882708919
1.135,-5.17006790399497,-1.76705169182962,-9.97507570756694
1.1375,-5.17006790399497,-1.78743446305277,-9.97507570756694
1.14,-5.16497344614176,-1.78233877024698,-9.97507570756694
1.1425,-5.16497344614176,-1.78743446305277,-9.97507570756694
1.145,-5.16497344614176,-1.78233877024698,-9.98526194661144
1.1475,-5.16497344614176,-1.77724307744119,-9.98016882708919
1.15,-5.17006790399497,-1.78233877024698,-9.97507570756694
1.1525,-5.16497344614176,-1.78233877024698,-9.96998258804469
1.155,-5.16497344614176,-1.74666892060646,-9.97507570756694
1.1575,-5.15987898828855,-1.78743446305277,-9.98016882708919
1.16,-5.16497344614176,-1.78743446305277,-9.98016882708919
1.1625,-5.16497344614176,-1.78743446305277,-9.98016882708919
1.165,-5.16497344614176,-1.76705169182962,-9.97507570756694
1.1675,-5.17006790399497,-1.78743446305277,-9.97507570756694
1.17,-5.16497344614176,-1.78743446305277,-9.97507570756694
1.1725,-5.16497344614176,-1.78233877024698,-9.98016882708919
1.175,-5.15987898828855,-1.76195599902383,-9.98016882708919
1.1775,-5.17006790399497,-1.78743446305277,-9.97507570756694
1.18,-5.17006790399497,-1.78743446305277,-9.97507570756694
1.1825,-5.17006790399497,-1.79253015585856,-9.96998258804469
1.185,-5.16497344614176,-1.75176461341225,-9.97507570756694
1.1875,-5.15987898828855,-1.79253015585856,-9.98526194661144
1.19,-5.16497344614176,-1.78743446305277,-9.98016882708919
1.1925,-5.17006790399497,-1.78743446305277,-9.97507570756694
1.195,-5.16497344614176,-1.76705169182962,-9.97507570756694
1.1975,-5.16497344614176,-1.78743446305277,-9.97507570756694
1.2,-5.16497344614176,-1.78233877024698,-9.97507570756694
1.2025,-5.16497344614176,-1.78233877024698,-9.98526194661144
1.205,-5.16497344614176,-1.78743446305277,-9.97507570756694
1.2075,-5.17006790399497,-1.78743446305277,-9.97507570756694
1.21,-5.16497344614176,-1.78743446305277,-9.96998258804469
1.2125,-5.16497344614176,-1.79253015585856,-9.97507570756694
1.215,-5.16497344614176,-1.7721473846354,-9.98016882708919
1.2175,-5.16497344614176,-1.79253015585856,-9.98526194661144
1.22,-5.16497344614176,-1.79253015585856,-9.98016882708919
1.2225,-5.17006790399497,-1.78743446305277,-9.97507570756694
1.225,-5.16497344614176,-1.78743446305277,-9.97507570756694
1.2275,-5.16497344614176,-1.79253015585856,-9.97507570756694
1.23,-5.16497344614176,-1.78743446305277,-10.0158206637449
1.2325,-5.17006790399497,-1.78743446305277,-9.98526194661144
1.235,-5.19044573540781,-1.74666892060646,-9.97507570756694
1.2375,-5.17006790399497,-1.79253015585856,-9.96998258804469
1.24,-5.16497344614176,-1.79762584866435,-9.96998258804469
1.2425,-5.16497344614176,-1.79253015585856,-9.97507570756694
1.245,-5.15987898828855,-1.75176461341225,-9.98016882708919
1.2475,-5.16497344614176,-1.79253015585856,-9.98016882708919
1.25,-5.16497344614176,-1.79253015585856,-9.97507570756694
1.2525,-5.16497344614176,-1.78743446305277,-9.97507570756694
1.255,-5.16497344614176,-1.76705169182962,-9.96998258804469
1.2575,-5.15987898828855,-1.78743446305277,-9.96998258804469
1.26,-5.15987898828855,-1.79253015585856,-9.97507570756694
1.2625,-5.16497344614176,-1.79253015585856,-9.98016882708919
1.265,-5.16497344614176,-1.7721473846354,-9.97507570756694
1.2675,-5.16497344614176,-1.79253015585856,-9.97507570756694
1.27,-5.16497344614176,-1.79253015585856,-9.96998258804469
1.2725,-5.16497344614176,-1.79253015585856,-9.97507570756694
1.275,-5.16497344614176,-1.79253015585856,-9.97507570756694
1.2775,-5.16497344614176,-1.79253015585856,-9.98016882708919
1.28,-5.16497344614176,-1.79253015585856,-9.97507570756694
1.2825,-5.16497344614176,-1.79253015585856,-9.96998258804469
1.285,-5.16497344614176,-1.78743446305277,-9.97507570756694
1.2875,-5.16497344614176,-1.79253015585856,-9.97507570756694
1.29,-5.17006790399497,-1.79253015585856,-9.97507570756694
1.2925,-5.17006790399497,-1.79762584866435,-9.98016882708919
1.295,-5.16497344614176,-1.79762584866435,-9.98016882708919
1.2975,-5.16497344614176,-1.79253015585856,-9.97507570756694
1.3,-5.16497344614176,-1.79253015585856,-9.97507570756694
1.3025,-5.16497344614176,-1.79253015585856,-9.97507570756694
1.305,-5.17006790399497,-1.7721473846354,-9.97507570756694
1.3075,-5.16497344614176,-1.79253015585856,-9.98016882708919
1.31,-5.15987898828855,-1.79253015585856,-9.98016882708919
1.3125,-5.16497344614176,-1.78743446305277,-9.97507570756694
1.315,-5.16497344614176,-1.76705169182962,-9.97507570756694
1.3175,-5.16497344614176,-1.79253015585856,-9.97507570756694
1.32,-5.17006790399497,-1.79762584866435,-9.97507570756694
1.3225,-5.16497344614176,-1.80272154147014,-9.97507570756694
1.325,-5.15987898828855,-1.78743446305277,-9.97507570756694
1.3275,-5.15987898828855,-1.79762584866435,-9.97507570756694
1.33,-5.16497344614176,-1.79762584866435,-9.97507570756694
1.3325,-5.17006790399497,-1.79253015585856,-9.96998258804469
1.335,-5.16497344614176,-1.7721473846354,-9.97507570756694
1.3375,-5.16497344614176,-1.79253015585856,-9.98016882708919
1.34,-5.15987898828855,-1.78743446305277,-9.98016882708919
1.3425,-5.16497344614176,-1.79253015585856,-9.97507570756694
1.345,-5.16497344614176,-1.75176461341225,-9.97507570756694
1.3475,-5.17516236184818,-1.79762584866435,-9.96998258804469
1.35,-5.16497344614176,-1.79762584866435,-9.97507570756694
1.3525,-5.16497344614176,-1.79762584866435,-9.98016882708919
1.355,-5.16497344614176,-1.75176461341225,-9.98016882708919
1.3575,-5.16497344614176,-1.79253015585856,-9.97507570756694
1.36,-5.16497344614176,-1.79762584866435,-9.97507570756694
1.3625,-5.16497344614176,-1.79253015585856,-9.97507570756694
1.365,-5.16497344614176,-1.75176461341225,-9.97507570756694
1.3675,-5.16497344614176,-1.79253015585856,-9.97507570756694
1.37,-5.16497344614176,-1.79253015585856,-9.98016882708919
1.3725,-5.16497344614176,-1.79253015585856,-9.97507570756694
1.375,-5.16497344614176,-1.7721473846354,-9.97507570756694
1.3775,-5.16497344614176,-1.79762584866435,-9.97507570756694
1.38,-5.16497344614176,-1.80272154147014,-9.97507570756694
1.3825,-5.16497344614176,-1.80272154147014,-9.98016882708919
1.385,-5.16497344614176,-1.77724307744119,-9.98016882708919
1.3875,-5.16497344614176,-1.79253015585856,-9.97507570756694
1.39,-5.16497344614176,-1.79762584866435,-9.96998258804469
1.3925,-5.16497344614176,-1.79762584866435,-9.96998258804469
1.395,-5.16497344614176,-1.7721473846354,-9.97507570756694
1.3975,-5.16497344614176,-1.79253015585856,-9.98016882708919
1.4,-5.16497344614176,-1.79762584866435,-9.98016882708919
1.4025,-5.16497344614176,-1.79762584866435,-9.97507570756694
1.405,-5.16497344614176,-1.75686030621804,-9.97507570756694
1.4075,-5.16497344614176,-1.79762584866435,-9.97507570756694
1.41,-5.16497344614176,-1.79762584866435,-9.97507570756694
1.4125,-5.16497344614176,-1.80272154147014,-9.98016882708919
1.415,-5.16497344614176,-1.77724307744119,-9.98016882708919
1.4175,-5.15987898828855,-1.79762584866435,-9.98016882708919
1.42,-5.16497344614176,-1.79253015585856,-9.97507570756694
1.4225,-5.16497344614176,-1.79253015585856,-9.97507570756694
1.425,-5.16497344614176,-1.75176461341225,-9.96998258804469
1.4275,-5.16497344614176,-1.79762584866435,-9.97507570756694
1.43,-5.16497344614176,-1.79762584866435,-9.97507570756694
1.4325,-5.16497344614176,-1.79762584866435,-9.97507570756694
1.435,-5.16497344614176,-1.75686030621804,-9.97507570756694
1.4375,-5.17516236184818,-1.79762584866435,-9.97507570756694
1.44,-5.16497344614176,-1.80272154147014,-9.97507570756694
1.4425,-5.16497344614176,-1.80272154147014,-9.97507570756694
1.445,-5.16497344614176,-1.79762584866435,-9.98016882708919
1.4475,-5.16497344614176,-1.79762584866435,-9.97507570756694
1.45,-5.16497344614176,-1.79253015585856,-9.97507570756694
1.4525,-5.16497344614176,-1.79253015585856,-9.96998258804469
1.455,-5.17006790399497,-1.79762584866435,-9.96998258804469
1.4575,-5.16497344614176,-1.79762584866435,-9.97507570756694
1.46,-5.16497344614176,-1.79762584866435,-9.98016882708919
1.4625,-5.16497344614176,-1.80272154147014,-9.98016882708919
1.465,-5.16497344614176,-1.75686030621804,-9.97507570756694
1.4675,-5.17006790399497,-1.80272154147014,-9.97507570756694
1.47,-5.16497344614176,-1.80272154147014,-9.96998258804469
1.4725,-5.15987898828855,-1.80272154147014,-9.97507570756694
1.475,-5.15987898828855,-1.77724307744119,-9.98016882708919
1.4775,-5.16497344614176,-1.79762584866435,-9.98016882708919
1.48,-5.17006790399497,-1.79762584866435,-9.97507570756694
1.4825,-5.16497344614176,-1.79762584866435,-9.96998258804469
1.485,-5.16497344614176,-1.78743446305277,-9.96998258804469
1.4875,-5.16497344614176,-1.79762584866435,-9.97507570756694
1.49,-5.16497344614176,-1.80272154147014,-9.98016882708919
1.4925,-5.16497344614176,-1.80781723427592,-9.97507570756694
1.495,-5.17006790399497,-1.80272154147014,-9.97507570756694
1.4975,-5.16497344614176,-1.78233877024698,-9.97507570756694
1.5,-5.16497344614176,-1.80272154147014,-9.97507570756694
1.5025,-5.16497344614176,-1.80272154147014,-9.97507570756694
1.505,-5.16497344614176,-1.79762584866435,-9.98016882708919
1.5075,-5.17006790399497,-1.79762584866435,-9.97507570756694
1.51,-5.16497344614176,-1.79762584866435,-9.97507570756694
1.5125,-5.16497344614176,-1.79762584866435,-9.97507570756694
1.515,-5.16497344614176,-1.80781723427592,-9.97507570756694
1.5175,-5.16497344614176,-1.76195599902383,-9.98016882708919
1.52,-5.17006790399497,-1.80781723427592,-9.98016882708919
1.5225,-5.16497344614176,-1.80781723427592,-9.98016882708919
1.525,-5.17006790399497,-1.80781723427592,-9.97507570756694
1.5275,-5.16497344614176,-1.75686030621804,-9.96998258804469
1.53,-5.16497344614176,-1.80272154147014,-9.97507570756694
1.5325,-5.16497344614176,-1.80272154147014,-9.98016882708919
1.535,-5.17006790399497,-1.80272154147014,-9.98016882708919
1.5375,-5.16497344614176,-1.75686030621804,-9.97507570756694
1.54,-5.16497344614176,-1.80272154147014,-9.97507570756694
1.5425,-5.16497344614176,-1.80781723427592,-9.97507570756694
1.545,-5.16497344614176,-1.80781723427592,-9.97507570756694
1.5475,-5.16497344614176,-1.78743446305277,-9.97507570756694
1.55,-5.16497344614176,-1.80781723427592,-9.98016882708919
1.5525,-5.16497344614176,-1.80781723427592,-9.97507570756694
1.555,-5.16497344614176,-1.80272154147014,-9.97507570756694
1.5575,-5.16497344614176,-1.78233877024698,-9.97507570756694
1.56,-5.17006790399497,-1.80272154147014,-9.97507570756694
1.5625,-5.16497344614176,-1.80272154147014,-9.97507570756694
1.565,-5.16497344614176,-1.80272154147014,-9.98016882708919
1.5675,-5.15987898828855,-1.75686030621804,-9.98016882708919
1.57,-5.16497344614176,-1.80272154147014,-9.98016882708919
1.5725,-5.16497344614176,-1.80781723427592,-9.97507570756694
1.575,-5.17006790399497,-1.80781723427592,-9.97507570756694
1.5775,-5.16497344614176,-1.78743446305277,-9.97507570756694
1.58,-5.15987898828855,-1.80272154147014,-9.98016882708919
1.5825,-5.15987898828855,-1.80272154147014,-9.98016882708919
1.585,-5.16497344614176,-1.79762584866435,-9.97507570756694
1.5875,-5.17006790399497,-1.75686030621804,-9.97507570756694
1.59,-5.16497344614176,-1.79762584866435,-9.96998258804469
1.5925,-5.16497344614176,-1.79762584866435,-9.97507570756694
1.595,-5.16497344614176,-1.79762584866435,-9.98016882708919
1.5975,-5.16497344614176,-1.78743446305277,-9.98016882708919
1.6,-5.16497344614176,-1.80781723427592,-9.97507570756694
1.6025,-5.17006790399497,-1.80781723427592,-9.97507570756694
1.605,-5.16497344614176,-1.80781723427592,-9.96998258804469
1.6075,-5.16497344614176,-1.78233877024698,-9.97507570756694
1.61,-5.16497344614176,-1.79762584866435,-9.98016882708919
1.6125,-5.16497344614176,-1.80272154147014,-9.98016882708919
1.615,-5.16497344614176,-1.79762584866435,-9.97507570756694
1.6175,-5.15987898828855,-1.78233877024698,-9.97507570756694
1.62,-5.15987898828855,-1.80272154147014,-9.97507570756694
1.6225,-5.15987898828855,-1.80272154147014,-9.97507570756694
1.625,-5.16497344614176,-1.80272154147014,-9.98016882708919
1.6275,-5.16497344614176,-1.80781723427592,-9.98016882708919
1.63,-5.16497344614176,-1.80272154147014,-9.97507570756694
1.6325,-5.15987898828855,-1.80272154147014,-9.97507570756694
1.635,-5.15987898828855,-1.80272154147014,-9.97507570756694
1.6375,-5.16497344614176,-1.77724307744119,-9.97507570756694
1.64,-5.16497344614176,-1.80272154147014,-9.97507570756694
1.6425,-5.15987898828855,-1.79762584866435,-9.98016882708919
1.645,-5.15987898828855,-1.80272154147014,-9.97507570756694
1.6475,-5.15987898828855,-1.78233877024698,-9.97507570756694
1.65,-5.16497344614176,-1.79762584866435,-9.97507570756694
1.6525,-5.16497344614176,-1.80781723427592,-9.97507570756694
1.655,-5.16497344614176,-1.80781723427592,-9.97507570756694
1.6575,-5.15987898828855,-1.76195599902383,-9.97507570756694
1.66,-5.15987898828855,-1.79762584866435,-9.98016882708919
1.6625,-5.15987898828855,-1.79762584866435,-9.98016882708919
1.665,-5.16497344614176,-1.79762584866435,-9.97507570756694
1.6675,-5.16497344614176,-1.75686030621804,-9.96998258804469
1.67,-5.15987898828855,-1.79762584866435,-9.96998258804469
1.6725,-5.15987898828855,-1.80272154147014,-9.97507570756694
1.675,-5.15987898828855,-1.80781723427592,-9.98016882708919
1.6775,-5.16497344614176,-1.76195599902383,-9.98016882708919
1.68,-5.16497344614176,-1.80781723427592,-9.97507570756694
1.6825,-5.16497344614176,-1.80781723427592,-9.97507570756694
1.685,-5.15987898828855,-1.80272154147014,-9.97507570756694
1.6875,-5.15987898828855,-1.77724307744119,-9.97507570756694
1.69,-5.15478453043534,-1.80272154147014,-9.98016882708919
1.6925,-5.15987898828855,-1.79762584866435,-9.98016882708919
1.695,-5.15987898828855,-1.80272154147014,-9.97507570756694
1.6975,-5.15987898828855,-1.77724307744119,-9.97507570756694
1.7,-5.15987898828855,-1.80272154147014,-9.97507570756694
1.7025,-5.15987898828855,-1.80272154147014,-9.97507570756694
1.705,-5.15987898828855,-1.80781723427592,-9.98016882708919
1.7075,-5.15987898828855,-1.76195599902383,-9.98016882708919
1.71,-5.15478453043534,-1.80272154147014,-9.97507570756694
1.7125,-5.15478453043534,-1.79762584866435,-9.97507570756694
1.715,-5.15987898828855,-1.79762584866435,-9.97507570756694
1.7175,-5.16497344614176,-1.7721473846354,-9.97507570756694
1.72,-5.15987898828855,-1.79762584866435,-9.97507570756694
1.7225,-5.15987898828855,-1.79762584866435,-9.98016882708919
1.725,-5.15478453043534,-1.79762584866435,-9.98016882708919
1.7275,-5.15987898828855,-1.75176461341225,-9.97507570756694
1.73,-5.15987898828855,-1.80272154147014,-9.97507570756694
1.7325,-5.16497344614176,-1.80272154147014,-9.97507570756694
1.735,-5.15987898828855,-1.80781723427592,-9.97507570756694
1.7375,-5.15478453043534,-1.78233877024698,-9.98016882708919
1.74,-5.15987898828855,-1.79762584866435,-9.98016882708919
1.7425,-5.15987898828855,-1.79762584866435,-9.97507570756694
1.745,-5.15987898828855,-1.79253015585856,-9.96998258804469
1.7475,-5.15987898828855,-1.77724307744119,-9.96998258804469
1.75,-5.15987898828855,-1.79762584866435,-9.97507570756694
1.7525,-5.15478453043534,-1.79762584866435,-9.98016882708919
1.755,-5.15987898828855,-1.80781723427592,-9.97507570756694
1.7575,-5.15987898828855,-1.78233877024698,-9.97507570756694
1.76,-5.15478453043534,-1.80781723427592,-9.97507570756694
1.7625,-5.15987898828855,-1.80272154147014,-9.97507570756694
1.765,-5.15478453043534,-1.79762584866435,-9.97507570756694
1.7675,-5.15478453043534,-1.77724307744119,-9.98016882708919
1.77,-5.15478453043534,-1.79762584866435,-9.98016882708919
1.7725,-5.15987898828855,-1.79762584866435,-9.97507570756694
1.775,-5.15478453043534,-1.79762584866435,-9.96998258804469
1.7775,-5.15478453043534,-1.77724307744119,-9.97507570756694
1.78,-5.15478453043534,-1.79762584866435,-9.97507570756694
1.7825,-5.15987898828855,-1.79762584866435,-9.98016882708919
1.785,-5.15478453043534,-1.80272154147014,-9.98016882708919
1.7875,-5.15478453043534,-1.76195599902383,-9.97507570756694
1.79,-5.15478453043534,-1.79253015585856,-9.97507570756694
1.7925,-5.15478453043534,-1.79253015585856,-9.97507570756694
1.795,-5.15987898828855,-1.79253015585856,-9.96998258804469
1.7975,-5.15478453043534,-1.75176461341225,-9.97507570756694
1.8,-5.15478453043534,-1.79253015585856,-9.97507570756694
1.8025,-5.15478453043534,-1.79762584866435,-9.98016882708919
1.805,-5.15987898828855,-1.79253015585856,-9.97507570756694
1.8075,-5.15987898828855,-1.75686030621804,-9.97507570756694
1.81,-5.15987898828855,-1.80272154147014,-9.97507570756694
1.8125,-5.15478453043534,-1.80272154147014,-9.97507570756694
1.815,-5.15478453043534,-1.79762584866435,-9.98016882708919
1.8175,-5.15478453043534,-1.77724307744119,-9.98526194661144
1.82,-5.15478453043534,-1.79762584866435,-9.97507570756694
1.8225,-5.16497344614176,-1.79762584866435,-9.97507570756694
1.825,-5.15478453043534,-1.79253015585856,-9.96998258804469
1.8275,-5.15478453043534,-1.75176461341225,-9.96998258804469
1.83,-5.15478453043534,-1.79253015585856,-9.97507570756694
1.8325,-5.16497344614176,-1.79762584866435,-9.97507570756694
1.835,-5.15987898828855,-1.79762584866435,-9.98016882708919
1.8375,-5.15478453043534,-1.75686030621804,-9.97507570756694
1.84,-5.15987898828855,-1.79762584866435,-9.97507570756694
1.8425,-5.15987898828855,-1.79253015585856,-9.97507570756694
1.845,-5.15987898828855,-1.79253015585856,-9.97507570756694
1.8475,-5.15987898828855,-1.75176461341225,-9.97507570756694
1.85,-5.15987898828855,-1.79253015585856,-9.98016882708919
1.8525,-5.15987898828855,-1.79253015585856,-9.97507570756694
1.855,-5.15987898828855,-1.79253015585856,-9.97507570756694
1.8575,-5.16497344614176,-1.7721473846354,-9.97507570756694
1.86,-5.16497344614176,-1.79762584866435,-9.96998258804469
1.8625,-5.15987898828855,-1.79762584866435,-9.97507570756694
1.865,-5.15478453043534,-1.79762584866435,-9.98016882708919
1.8675,-5.15987898828855,-1.7721473846354,-9.98016882708919
1.87,-5.15987898828855,-1.79253015585856,-9.98016882708919
1.8725,-5.16497344614176,-1.79253015585856,-9.97507570756694
1.875,-5.15987898828855,-1.79253015585856,-9.97507570756694
1.8775,-5.15987898828855,-1.7721473846354,-9.96998258804469
1.88,-5.15987898828855,-1.79253015585856,-9.97507570756694
1.8825,-5.15987898828855,-1.79762584866435,-9.98016882708919
1.885,-5.15987898828855,-1.79762584866435,-9.98016882708919
1.8875,-5.15987898828855,-1.75686030621804,-9.97507570756694
1.89,-5.15987898828855,-1.79253015585856,-9.97507570756694
1.8925,-5.15987898828855,-1.79253015585856,-9.97507570756694
1.895,-5.16497344614176,-1.79253015585856,-9.97507570756694
1.8975,-5.15987898828855,-1.75176461341225,-9.97507570756694
1.9,-5.15987898828855,-1.79253015585856,-9.97507570756694
1.9025,-5.15987898828855,-1.79253015585856,-9.97507570756694
1.905,-5.16497344614176,-1.79253015585856,-9.97507570756694
1.9075,-5.16497344614176,-1.79253015585856,-9.97507570756694
1.91,-5.16497344614176,-1.79762584866435,-9.97507570756694
1.9125,-5.16497344614176,-1.79762584866435,-9.97507570756694
1.915,-5.15987898828855,-1.79762584866435,-9.98016882708919
1.9175,-5.15987898828855,-1.79253015585856,-9.98526194661144
1.92,-5.16497344614176,-1.79253015585856,-9.97507570756694
1.9225,-5.16497344614176,-1.79253015585856,-9.97507570756694
1.925,-5.15987898828855,-1.79253015585856,-9.96998258804469
1.9275,-5.15987898828855,-1.7721473846354,-9.97507570756694
1.93,-5.16497344614176,-1.79253015585856,-9.97507570756694
1.9325,-5.16497344614176,-1.79762584866435,-9.98016882708919
1.935,-5.16497344614176,-1.80272154147014,-9.98016882708919
1.9375,-5.15987898828855,-1.79762584866435,-9.97507570756694
1.94,-5.15987898828855,-1.79253015585856,-9.97507570756694
1.9425,-5.16497344614176,-1.79762584866435,-9.97507570756694
1.945,-5.17006790399497,-1.79253015585856,-9.97507570756694
1.9475,-5.17006790399497,-1.7721473846354,-9.97507570756694
1.95,-5.16497344614176,-1.79762584866435,-9.98016882708919
1.9525,-5.15987898828855,-1.80272154147014,-9.97507570756694
1.955,-5.16497344614176,-1.79253015585856,-9.97507570756694
1.9575,-5.17006790399497,-1.77724307744119,-9.97507570756694
1.96,-5.17006790399497,-1.80272154147014,-9.96998258804469
1.9625,-5.16497344614176,-1.80272154147014,-9.97507570756694
1.965,-5.16497344614176,-1.79762584866435,-9.98016882708919
1.9675,-5.16497344614176,-1.75686030621804,-9.98016882708919
1.97,-5.16497344614176,-1.79762584866435,-9.97507570756694
1.9725,-5.16497344614176,-1.80272154147014,-9.97507570756694
1.975,-5.17006790399497,-1.79762584866435,-9.97507570756694
1.9775,-5.16497344614176,-1.75176461341225,-9.97507570756694
1.98,-5.16497344614176,-1.80272154147014,-9.97507570756694
1.9825,-5.17516236184818,-1.80272154147014,-9.97507570756694
1.985,-5.17006790399497,-1.80781723427592,-9.98016882708919
1.9875,-5.16497344614176,-1.76195599902383,-9.98526194661144
1.99,-5.16497344614176,-1.80272154147014,-9.97507570756694
1.9925,-5.17006790399497,-1.80272154147014,-9.97507570756694
1.995,-5.17006790399497,-1.80272154147014,-9.97507570756694
1.9975,-5.17006790399497,-1.75686030621804,-9.97507570756694
2,-5.16497344614176,-1.80272154147014,-9.98016882708919
2.0025,-5.16497344614176,-1.79762584866435,-9.98016882708919
2.005,-5.17006790399497,-1.79762584866435,-9.97507570756694
2.0075,-5.17006790399497,-1.76705169182962,-9.97507570756694
2.01,-5.17006790399497,-1.80781723427592,-9.97507570756694
2.0125,-5.17006790399497,-1.80781723427592,-9.97507570756694
2.015,-5.16497344614176,-1.80781723427592,-9.97507570756694
2.0175,-5.17516236184818,-1.78743446305277,-9.98016882708919
2.02,-5.17006790399497,-1.80272154147014,-9.98016882708919
2.0225,-5.17516236184818,-1.80272154147014,-9.97507570756694
2.025,-5.17006790399497,-1.79762584866435,-9.96998258804469
2.0275,-5.17006790399497,-1.77724307744119,-9.97507570756694
2.03,-5.17006790399497,-1.80781723427592,-9.97507570756694
2.0325,-5.17006790399497,-1.80781723427592,-9.97507570756694
2.035,-5.17006790399497,-1.81291292708171,-9.98016882708919
2.0375,-5.17006790399497,-1.80781723427592,-9.98016882708919
2.04,-5.17006790399497,-1.80781723427592,-9.97507570756694
2.0425,-5.17006790399497,-1.80272154147014,-9.97507570756694
2.045,-5.17006790399497,-1.80781723427592,-9.97507570756694
2.0475,-5.17006790399497,-1.80272154147014,-9.97507570756694
2.05,-5.17006790399497,-1.80272154147014,-9.97507570756694
2.0525,-5.17006790399497,-1.80272154147014,-9.98016882708919
2.055,-5.17006790399497,-1.80272154147014,-9.98016882708919
2.0575,-5.17516236184818,-1.76705169182962,-9.97507570756694
2.06,-5.17006790399497,-1.80781723427592,-9.97507570756694
2.0625,-5.17006790399497,-1.81291292708171,-9.97507570756694
2.065,-5.17006790399497,-1.81291292708171,-9.97507570756694
2.0675,-5.17006790399497,-1.78743446305277,-9.98016882708919
2.07,-5.17006790399497,-1.80781723427592,-9.98016882708919
2.0725,-5.17516236184818,-1.80781723427592,-9.97507570756694
2.075,-5.17006790399497,-1.80781723427592,-9.97507570756694
2.0775,-5.17006790399497,-1.78233877024698,-9.97507570756694
2.08,-5.17006790399497,-1.80781723427592,-9.97507570756694
2.0825,-5.17516236184818,-1.80781723427592,-9.97507570756694
2.085,-5.17516236184818,-1.81291292708171,-9.98016882708919
2.0875,-5.17006790399497,-1.79253015585856,-9.98016882708919
2.09,-5.17006790399497,-1.80781723427592,-9.97507570756694
2.0925,-5.17006790399497,-1.80781723427592,-9.97507570756694
2.095,-5.17516236184818,-1.80781723427592,-9.97507570756694
2.0975,-5.17006790399497,-1.76705169182962,-9.96998258804469
2.1,-5.17006790399497,-1.80781723427592,-9.97507570756694
2.1025,-5.17006790399497,-1.80272154147014,-9.98016882708919
2.105,-5.17006790399497,-1.80781723427592,-9.98016882708919
2.1075,-5.17006790399497,-1.78743446305277,-9.97507570756694
2.11,-5.17006790399497,-1.81291292708171,-9.97507570756694
2.1125,-5.17006790399497,-1.80781723427592,-9.97507570756694
2.115,-5.17006790399497,-1.81291292708171,-9.97507570756694
2.1175,-5.17006790399497,-1.80781723427592,-9.98016882708919
2.12,-5.17006790399497,-1.80781723427592,-9.98016882708919
2.1225,-5.17006790399497,-1.80781723427592,-9.98016882708919
2.125,-5.17006790399497,-1.80781723427592,-9.97507570756694
2.1275,-5.17006790399497,-1.78233877024698,-9.97507570756694
2.13,-5.17516236184818,-1.80781723427592,-9.97507570756694
2.1325,-5.17516236184818,-1.80781723427592,-9.97507570756694
2.135,-5.17006790399497,-1.81291292708171,-9.98016882708919
2.1375,-5.17006790399497,-1.7721473846354,-9.98016882708919
2.14,-5.17006790399497,-1.80781723427592,-9.98016882708919
2.1425,-5.17516236184818,-1.80781723427592,-9.98016882708919
2.145,-5.17516236184818,-1.80781723427592,-9.97507570756694
2.1475,-5.17516236184818,-1.76705169182962,-9.97507570756694
2.15,-5.17006790399497,-1.80781723427592,-9.98016882708919
2.1525,-5.17006790399497,-1.80272154147014,-9.97507570756694
2.155,-5.17006790399497,-1.80781723427592,-9.97507570756694
2.1575,-5.17006790399497,-1.80781723427592,-9.97507570756694
2.16,-5.17006790399497,-1.81291292708171,-9.97507570756694
2.1625,-5.17006790399497,-1.81291292708171,-9.97507570756694
2.165,-5.17006790399497,-1.80781723427592,-9.97507570756694
2.1675,-5.17006790399497,-1.76705169182962,-9.97507570756694
2.17,-5.17006790399497,-1.80781723427592,-9.98016882708919
2.1725,-5.17006790399497,-1.80781723427592,-9.98016882708919
2.175,-5.16497344614176,-1.80272154147014,-9.97507570756694
2.1775,-5.17006790399497,-1.79762584866435,-9.97507570756694
2.18,-5.17006790399497,-1.80781723427592,-9.96998258804469
2.1825,-5.17006790399497,-1.80781723427592,-9.96998258804469
2.185,-5.17006790399497,-1.8180086198875,-9.97507570756694
2.1875,-5.17006790399497,-1.76705169182962,-9.97507570756694
2.19,-5.17006790399497,-1.81291292708171,-9.98016882708919
2.1925,-5.17516236184818,-1.81291292708171,-9.98016882708919
2.195,-5.17006790399497,-1.80781723427592,-9.97507570756694
2.1975,-5.17006790399497,-1.78743446305277,-9.97507570756694
2.2,-5.17006790399497,-1.80781723427592,-9.97507570756694
2.2025,-5.17006790399497,-1.80781723427592,-9.97507570756694
2.205,-5.17006790399497,-1.80781723427592,-9.98016882708919
2.2075,-5.17006790399497,-1.76705169182962,-9.97507570756694
2.21,-5.16497344614176,-1.81291292708171,-9.96998258804469
2.2125,-5.16497344614176,-1.80781723427592,-9.97507570756694
2.215,-5.17006790399497,-1.81291292708171,-9.97507570756694
2.2175,-5.17006790399497,-1.7721473846354,-9.97507570756694
2.22,-5.16497344614176,-1.80781723427592,-9.97507570756694
2.2225,-5.16497344614176,-1.80781723427592,-9.98016882708919
2.225,-5.16497344614176,-1.80781723427592,-9.98016882708919
2.2275,-5.16497344614176,-1.78233877024698,-9.97507570756694
2.23,-5.17006790399497,-1.80272154147014,-9.96998258804469
2.2325,-5.17006790399497,-1.80781723427592,-9.96998258804469
2.235,-5.16497344614176,-1.80781723427592,-9.97507570756694
2.2375,-5.16497344614176,-1.76705169182962,-9.98016882708919
2.24,-5.16497344614176,-1.80781723427592,-9.98016882708919
2.2425,-5.17006790399497,-1.80781723427592,-9.98016882708919
2.245,-5.16497344614176,-1.80781723427592,-9.96998258804469
2.2475,-5.17006790399497,-1.78743446305277,-9.96998258804469
2.25,-5.17006790399497,-1.80272154147014,-9.97507570756694
2.2525,-5.16497344614176,-1.80781723427592,-9.97507570756694
2.255,-5.17006790399497,-1.78743446305277,-9.98016882708919
2.2575,-5.16497344614176,-1.78743446305277,-9.97507570756694
2.26,-5.16497344614176,-1.80781723427592,-9.97507570756694
2.2625,-5.16497344614176,-1.80781723427592,-9.97507570756694
2.265,-5.16497344614176,-1.80781723427592,-9.97507570756694
2.2675,-5.17006790399497,-1.80781723427592,-9.97507570756694
2.27,-5.16497344614176,-1.80781723427592,-9.98016882708919
2.2725,-5.16497344614176,-1.80781723427592,-9.98016882708919
2.275,-5.16497344614176,-1.80272154147014,-9.97507570756694
2.2775,-5.16497344614176,-1.79762584866435,-9.97507570756694
2.28,-5.17006790399497,-1.79762584866435,-9.97507570756694
2.2825,-5.17006790399497,-1.79762584866435,-9.96998258804469
2.285,-5.17006790399497,-1.80781723427592,-9.97507570756694
2.2875,-5.16497344614176,-1.75686030621804,-9.97507570756694
2.29,-5.17006790399497,-1.80781723427592,-9.98016882708919
2.2925,-5.17516236184818,-1.80781723427592,-9.97507570756694
2.295,-5.16497344614176,-1.80272154147014,-9.97507570756694
2.2975,-5.16497344614176,-1.76195599902383,-9.97507570756694
2.3,-5.17006790399497,-1.79762584866435,-9.97507570756694
2.3025,-5.17006790399497,-1.80272154147014,-9.97507570756694
2.305,-5.17006790399497,-1.80272154147014,-9.98016882708919
2.3075,-5.15987898828855,-1.75686030621804,-9.97507570756694
2.31,-5.15987898828855,-1.79762584866435,-9.97507570756694
2.3125,-5.16497344614176,-1.80272154147014,-9.97507570756694
2.315,-5.17006790399497,-1.80272154147014,-9.97507570756694
2.3175,-5.17006790399497,-1.76705169182962,-9.96998258804469
2.32,-5.16497344614176,-1.80781723427592,-9.97507570756694
2.3225,-5.16497344614176,-1.80781723427592,-9.98016882708919
2.325,-5.16497344614176,-1.80272154147014,-9.98016882708919
2.3275,-5.17006790399497,-1.79762584866435,-9.97507570756694
2.33,-5.16497344614176,-1.79762584866435,-9.97507570756694
2.3325,-5.16497344614176,-1.79762584866435,-9.96998258804469
2.335,-5.16497344614176,-1.79762584866435,-9.97507570756694
2.3375,-5.16497344614176,-1.77724307744119,-9.97507570756694
2.34,-5.16497344614176,-1.80272154147014,-9.98016882708919
2.3425,-5.16497344614176,-1.80272154147014,-9.98016882708919
2.345,-5.16497344614176,-1.79762584866435,-9.98016882708919
2.3475,-5.16497344614176,-1.79762584866435,-9.97507570756694
2.35,-5.17006790399497,-1.79762584866435,-9.97507570756694
2.3525,-5.16497344614176,-1.79762584866435,-9.97507570756694
2.355,-5.15987898828855,-1.79762584866435,-9.97507570756694
2.3575,-5.15987898828855,-1.75176461341225,-9.98016882708919
2.36,-5.16497344614176,-1.79762584866435,-9.98016882708919
2.3625,-5.16497344614176,-1.79762584866435,-9.97507570756694
2.365,-5.16497344614176,-1.80272154147014,-9.97507570756694
2.3675,-5.16497344614176,-1.75686030621804,-9.96998258804469
2.37,-5.15987898828855,-1.80272154147014,-9.97507570756694
2.3725,-5.16497344614176,-1.80272154147014,-9.97507570756694
2.375,-5.16497344614176,-1.80272154147014,-9.98016882708919
2.3775,-5.16497344614176,-1.78233877024698,-9.97507570756694
2.38,-5.16497344614176,-1.79253015585856,-9.97507570756694
2.3825,-5.15987898828855,-1.79253015585856,-9.97507570756694
2.385,-5.16497344614176,-1.79762584866435,-9.96998258804469
2.3875,-5.17006790399497,-1.79762584866435,-9.96998258804469
2.39,-5.16497344614176,-1.79762584866435,-9.97507570756694
2.3925,-5.16497344614176,-1.79762584866435,-9.97507570756694
2.395,-5.16497344614176,-1.79762584866435,-9.98016882708919
2.3975,-5.16497344614176,-1.77724307744119,-9.97507570756694
2.4,-5.16497344614176,-1.79762584866435,-9.97507570756694
2.4025,-5.16497344614176,-1.79762584866435,-9.96998258804469
2.405,-5.15987898828855,-1.79253015585856,-9.97507570756694
2.4075,-5.15987898828855,-1.75176461341225,-9.98016882708919
2.41,-5.16497344614176,-1.78743446305277,-9.98016882708919
2.4125,-5.16497344614176,-1.79762584866435,-9.97507570756694
2.415,-5.16497344614176,-1.79762584866435,-9.97507570756694
2.4175,-5.16497344614176,-1.78743446305277,-9.97507570756694
2.42,-5.16497344614176,-1.75176461341225,-9.97507570756694
2.4225,-5.16497344614176,-1.79762584866435,-9.97507570756694
2.425,-5.16497344614176,-1.79762584866435,-9.98016882708919
2.4275,-5.15987898828855,-1.79762584866435,-9.97507570756694
2.43,-5.15987898828855,-1.75176461341225,-9.97507570756694
2.4325,-5.16497344614176,-1.79253015585856,-9.97507570756694
2.435,-5.17006790399497,-1.79253015585856,-9.96998258804469
2.4375,-5.16497344614176,-1.79762584866435,-9.96998258804469
2.44,-5.16497344614176,-1.75176461341225,-9.97507570756694
2.4425,-5.16497344614176,-1.79762584866435,-9.97507570756694
2.445,-5.16497344614176,-1.79762584866435,-9.98016882708919
2.4475,-5.16497344614176,-1.79762584866435,-9.98016882708919
2.45,-5.16497344614176,-1.79762584866435,-9.97507570756694
2.4525,-5.16497344614176,-1.79253015585856,-9.97507570756694
2.455,-5.16497344614176,-1.79253015585856,-9.97507570756694
2.4575,-5.17006790399497,-1.79253015585856,-9.97507570756694
2.46,-5.16497344614176,-1.76705169182962,-9.97507570756694
2.4625,-5.16497344614176,-1.79253015585856,-9.98016882708919
2.465,-5.16497344614176,-1.79762584866435,-9.98016882708919
2.4675,-5.16497344614176,-1.79762584866435,-9.97507570756694
2.47,-5.17006790399497,-1.79762584866435,-9.97507570756694
2.4725,-5.16497344614176,-1.79253015585856,-9.96998258804469
2.475,-5.16497344614176,-1.79253015585856,-9.97507570756694
2.4775,-5.16497344614176,-1.79253015585856,-9.98016882708919
2.48,-5.16497344614176,-1.7721473846354,-9.98016882708919
2.4825,-5.16497344614176,-1.79253015585856,-9.98016882708919
2.485,-5.16497344614176,-1.78743446305277,-9.97507570756694
2.4875,-5.16497344614176,-1.78743446305277,-9.97507570756694
2.49,-5.16497344614176,-1.74666892060646,-9.96998258804469
2.4925,-5.17006790399497,-1.79253015585856,-9.97507570756694
2.495,-5.17006790399497,-1.79762584866435,-9.97507570756694
2.4975,-5.16497344614176,-1.79762584866435,-9.97507570756694
2.5,-5.16497344614176,-1.7721473846354,-9.98016882708919
2.5025,-5.16497344614176,-1.79253015585856,-9.98016882708919
2.505,-5.16497344614176,-1.79253015585856,-9.97507570756694
2.5075,-5.16497344614176,-1.79253015585856,-9.96998258804469
2.51,-5.16497344614176,-1.74666892060646,-9.96998258804469
2.5125,-5.16497344614176,-1.79253015585856,-9.97507570756694
2.515,-5.16497344614176,-1.79253015585856,-9.98016882708919
2.5175,-5.16497344614176,-1.79762584866435,-9.98016882708919
2.52,-5.16497344614176,-1.77724307744119,-9.97507570756694
2.5225,-5.16497344614176,-1.79762584866435,-9.97507570756694
2.525,-5.16497344614176,-1.79762584866435,-9.97507570756694
2.5275,-5.16497344614176,-1.79253015585856,-9.97507570756694
2.53,-5.16497344614176,-1.75176461341225,-9.97507570756694
2.5325,-5.16497344614176,-1.79253015585856,-9.98016882708919
2.535,-5.16497344614176,-1.79253015585856,-9.97507570756694
2.5375,-5.15987898828855,-1.79253015585856,-9.98016882708919
2.54,-5.16497344614176,-1.79253015585856,-9.97507570756694
2.5425,-5.16497344614176,-1.79762584866435,-9.97507570756694
2.545,-5.16497344614176,-1.79762584866435,-9.96998258804469
2.5475,-5.16497344614176,-1.79253015585856,-9.97507570756694
2.55,-5.16497344614176,-1.7721473846354,-9.98016882708919
2.5525,-5.16497344614176,-1.79253015585856,-9.98016882708919
2.555,-5.16497344614176,-1.79253015585856,-9.98016882708919
2.5575,-5.15987898828855,-1.79253015585856,-9.97507570756694
2.56,-5.16497344614176,-1.74666892060646,-9.97507570756694
2.5625,-5.16497344614176,-1.79253015585856,-9.97507570756694
2.565,-5.17006790399497,-1.79762584866435,-9.96998258804469
2.5675,-5.16497344614176,-1.79762584866435,-9.97507570756694
2.57,-5.15987898828855,-1.78233877024698,-9.98016882708919
2.5725,-5.16497344614176,-1.79762584866435,-9.98016882708919
2.575,-5.16497344614176,-1.79762584866435,-9.97507570756694
2.5775,-5.16497344614176,-1.79762584866435,-9.97507570756694
2.58,-5.16497344614176,-1.7721473846354,-9.96998258804469
2.5825,-5.16497344614176,-1.79762584866435,-9.97507570756694
2.585,-5.16497344614176,-1.79253015585856,-9.97507570756694
2.5875,-5.16497344614176,-1.79762584866435,-9.98016882708919
2.59,-5.16497344614176,-1.77724307744119,-9.97507570756694
2.5925,-5.16497344614176,-1.79762584866435,-9.98016882708919
2.595,-5.16497344614176,-1.79762584866435,-9.97507570756694
2.5975,-5.17006790399497,-1.79762584866435,-9.97507570756694
2.6,-5.16497344614176,-1.75686030621804,-9.97507570756694
2.6025,-5.15987898828855,-1.79762584866435,-9.97507570756694
2.605,-5.15987898828855,-1.79253015585856,-9.98016882708919
2.6075,-5.15987898828855,-1.79253015585856,-9.98016882708919
2.61,-5.15987898828855,-1.75176461341225,-9.97507570756694
2.6125,-5.16497344614176,-1.79762584866435,-9.97507570756694
2.615,-5.16497344614176,-1.80272154147014,-9.96998258804469
2.6175,-5.16497344614176,-1.80272154147014,-9.97507570756694
2.62,-5.16497344614176,-1.78233877024698,-9.97507570756694
2.6225,-5.16497344614176,-1.80272154147014,-9.97507570756694
2.625,-5.16497344614176,-1.80272154147014,-9.98016882708919
2.6275,-5.16497344614176,-1.79762584866435,-9.98016882708919
2.63,-5.15987898828855,-1.7721473846354,-9.97507570756694
2.6325,-5.16497344614176,-1.79762584866435,-9.97507570756694
2.635,-5.17006790399497,-1.79762584866435,-9.96998258804469
2.6375,-5.16497344614176,-1.80272154147014,-9.97507570756694
2.64,-5.15987898828855,-1.80272154147014,-9.98016882708919
2.6425,-5.16497344614176,-1.80272154147014,-9.98016882708919
2.645,-5.17006790399497,-1.80272154147014,-9.98016882708919
2.6475,-5.16497344614176,-1.79762584866435,-9.97507570756694
2.65,-5.15987898828855,-1.78233877024698,-9.97507570756694
2.6525,-5.16497344614176,-1.79762584866435,-9.97507570756694
2.655,-5.16497344614176,-1.79253015585856,-9.97507570756694
2.6575,-5.16497344614176,-1.79762584866435,-9.97507570756694
2.66,-5.15987898828855,-1.77724307744119,-9.98016882708919
2.6625,-5.15987898828855,-1.79762584866435,-9.98016882708919
2.665,-5.16497344614176,-1.79762584866435,-9.97507570756694
2.6675,-5.17006790399497,-1.80272154147014,-9.97507570756694
2.67,-5.16497344614176,-1.76195599902383,-9.96998258804469
2.6725,-5.16497344614176,-1.80272154147014,-9.97507570756694
2.675,-5.16497344614176,-1.79762584866435,-9.97507570756694
2.6775,-5.16497344614176,-1.79762584866435,-9.98016882708919
2.68,-5.16497344614176,-1.79253015585856,-9.97507570756694
2.6825,-5.16497344614176,-1.80272154147014,-9.97507570756694
2.685,-5.16497344614176,-1.80272154147014,-9.97507570756694
2.6875,-5.16497344614176,-1.80272154147014,-9.97507570756694
2.69,-5.17006790399497,-1.76705169182962,-9.97507570756694
2.6925,-5.16497344614176,-1.80781723427592,-9.97507570756694
2.695,-5.16497344614176,-1.80781723427592,-9.98016882708919
2.6975,-5.15987898828855,-1.80272154147014,-9.98016882708919
2.7,-5.16497344614176,-1.77724307744119,-9.97507570756694
2.7025,-5.16497344614176,-1.79762584866435,-9.97507570756694
2.705,-5.16497344614176,-1.79762584866435,-9.96998258804469
2.7075,-5.16497344614176,-1.79762584866435,-9.96998258804469
2.71,-5.16497344614176,-1.76195599902383,-9.97507570756694
2.7125,-5.16497344614176,-1.80781723427592,-9.98016882708919
2.715,-5.17006790399497,-1.80781723427592,-9.98016882708919
2.7175,-5.15987898828855,-1.80781723427592,-9.98016882708919
2.72,-5.16497344614176,-1.77724307744119,-9.97507570756694
2.7225,-5.16497344614176,-1.80272154147014,-9.97507570756694
2.725,-5.16497344614176,-1.79762584866435,-9.97507570756694
2.7275,-5.16497344614176,-1.80272154147014,-9.96998258804469
2.73,-5.15987898828855,-1.75686030621804,-9.97507570756694
2.7325,-5.15987898828855,-1.80272154147014,-9.97507570756694
2.735,-5.16497344614176,-1.80272154147014,-9.98016882708919
2.7375,-5.16497344614176,-1.80781723427592,-9.97507570756694
2.74,-5.16497344614176,-1.76705169182962,-9.97507570756694
2.7425,-5.16497344614176,-1.80781723427592,-9.97507570756694
2.745,-5.16497344614176,-1.79762584866435,-9.98016882708919
2.7475,-5.17006790399497,-1.80272154147014,-9.98016882708919
2.75,-5.16497344614176,-1.75686030621804,-9.98016882708919
2.7525,-5.16497344614176,-1.79762584866435,-9.97507570756694
2.755,-5.16497344614176,-1.79762584866435,-9.97507570756694
2.7575,-5.17006790399497,-1.79762584866435,-9.97507570756694
2.76,-5.17006790399497,-1.76195599902383,-9.97507570756694
2.7625,-5.17006790399497,-1.80781723427592,-9.97507570756694
2.765,-5.16497344614176,-1.80781723427592,-9.98016882708919
2.7675,-5.17006790399497,-1.80272154147014,-9.98016882708919
2.77,-5.17006790399497,-1.78233877024698,-9.97507570756694
2.7725,-5.17006790399497,-1.80272154147014,-9.97507570756694
2.775,-5.16497344614176,-1.79762584866435,-9.97507570756694
2.7775,-5.16497344614176,-1.79762584866435,-9.97507570756694
2.78,-5.17006790399497,-1.75686030621804,-9.97507570756694
2.7825,-5.17006790399497,-1.80272154147014,-9.97507570756694
2.785,-5.16497344614176,-1.80781723427592,-9.98016882708919
2.7875,-5.17006790399497,-1.80781723427592,-9.97507570756694
2.79,-5.17006790399497,-1.75686030621804,-9.97507570756694
2.7925,-5.17006790399497,-1.80781723427592,-9.97507570756694
2.795,-5.17006790399497,-1.80272154147014,-9.96998258804469
2.7975,-5.16497344614176,-1.80272154147014,-9.97507570756694
2.8,-5.16497344614176,-1.75176461341225,-9.98016882708919
2.8025,-5.17516236184818,-1.79762584866435,-9.98016882708919
2.805,-5.17006790399497,-1.79762584866435,-9.97507570756694
2.8075,-5.17006790399497,-1.79762584866435,-9.97507570756694
2.81,-5.17006790399497,-1.75686030621804,-9.96998258804469
2.8125,-5.17006790399497,-1.79762584866435,-9.97507570756694
2.815,-5.17516236184818,-1.80272154147014,-9.97507570756694
2.8175,-5.17006790399497,-1.80272154147014,-9.98016882708919
2.82,-5.17006790399497,-1.77724307744119,-9.98016882708919
2.8225,-5.16497344614176,-1.79253015585856,-9.97507570756694
2.825,-5.17006790399497,-1.79253015585856,-9.97507570756694
2.8275,-5.17516236184818,-1.79253015585856,-9.97507570756694
2.83,-5.17516236184818,-1.7721473846354,-9.96998258804469
2.8325,-5.17006790399497,-1.79253015585856,-9.97507570756694
2.835,-5.17006790399497,-1.79762584866435,-9.98016882708919
2.8375,-5.17516236184818,-1.79762584866435,-9.98016882708919
2.84,-5.17006790399497,-1.79762584866435,-9.98016882708919
2.8425,-5.17006790399497,-1.79762584866435,-9.97507570756694
2.845,-5.17006790399497,-1.79253015585856,-9.97507570756694
2.8475,-5.17516236184818,-1.79253015585856,-9.97507570756694
2.85,-5.17516236184818,-1.76705169182962,-9.96998258804469
2.8525,-5.17516236184818,-1.79253015585856,-9.98016882708919
2.855,-5.17006790399497,-1.79253015585856,-9.98016882708919
2.8575,-5.17516236184818,-1.78743446305277,-9.98016882708919
2.86,-5.17516236184818,-1.75176461341225,-9.97507570756694
2.8625,-5.17516236184818,-1.79762584866435,-9.97507570756694
2.865,-5.17006790399497,-1.79762584866435,-9.96998258804469
2.8675,-5.17516236184818,-1.79253015585856,-9.97507570756694
2.87,-5.17516236184818,-1.7721473846354,-9.97507570756694
2.8725,-5.17516236184818,-1.79253015585856,-9.98016882708919
2.875,-5.17006790399497,-1.79253015585856,-9.97507570756694
2.8775,-5.17006790399497,-1.78743446305277,-9.97507570756694
2.88,-5.17516236184818,-1.76705169182962,-9.97507570756694
2.8825,-5.17516236184818,-1.79253015585856,-9.97507570756694
2.885,-5.17516236184818,-1.79253015585856,-9.97507570756694
2.8875,-5.17516236184818,-1.79253015585856,-9.97507570756694
2.89,-5.17516236184818,-1.76705169182962,-9.98016882708919
2.8925,-5.17516236184818,-1.79253015585856,-9.98526194661144
2.895,-5.17516236184818,-1.79253015585856,-9.97507570756694
2.8975,-5.17516236184818,-1.79253015585856,-9.97507570756694
2.9,-5.17006790399497,-1.74157322780068,-9.97507570756694
2.9025,-5.17516236184818,-1.78743446305277,-9.97507570756694
2.905,-5.17516236184818,-1.78743446305277,-9.97507570756694
2.9075,-5.17516236184818,-1.79253015585856,-9.97507570756694
2.91,-5.17516236184818,-1.7721473846354,-9.98016882708919
2.9125,-5.17516236184818,-1.79253015585856,-9.98016882708919
2.915,-5.17516236184818,-1.79253015585856,-9.98016882708919
2.9175,-5.18025681970139,-1.78743446305277,-9.97507570756694
2.92,-5.17516236184818,-1.76705169182962,-9.97507570756694
2.9225,-5.18025681970139,-1.78743446305277,-9.97507570756694
2.925,-5.17516236184818,-1.78233877024698,-9.97507570756694
2.9275,-5.17516236184818,-1.79253015585856,-9.98016882708919
2.93,-5.17516236184818,-1.79253015585856,-9.98016882708919
2.9325,-5.17516236184818,-1.78743446305277,-9.98016882708919
2.935,-5.17516236184818,-1.78743446305277,-9.97507570756694
2.9375,-5.18025681970139,-1.78743446305277,-9.97507570756694
2.94,-5.17516236184818,-1.78743446305277,-9.97507570756694
2.9425,-5.17516236184818,-1.78743446305277,-9.97507570756694
2.945,-5.17516236184818,-1.78743446305277,-9.98016882708919
2.9475,-5.17516236184818,-1.78233877024698,-9.98526194661144
2.95,-5.17516236184818,-1.75686030621804,-9.98016882708919
2.9525,-5.17516236184818,-1.78743446305277,-9.97507570756694
2.955,-5.17516236184818,-1.78743446305277,-9.97507570756694
2.9575,-5.17516236184818,-1.78233877024698,-9.97507570756694
2.96,-5.17516236184818,-1.76705169182962,-9.96998258804469
2.9625,-5.17516236184818,-1.78743446305277,-9.97507570756694
2.965,-5.17516236184818,-1.78743446305277,-9.98016882708919
2.9675,-5.17006790399497,-1.78233877024698,-9.98016882708919
2.97,-5.17516236184818,-1.76195599902383,-9.98016882708919
2.9725,-5.17516236184818,-1.78233877024698,-9.97507570756694
2.975,-5.17516236184818,-1.78233877024698,-9.96998258804469
2.9775,-5.17516236184818,-1.78743446305277,-9.96998258804469
2.98,-5.17516236184818,-1.76195599902383,-9.97507570756694
2.9825,-5.17516236184818,-1.79253015585856,-9.98016882708919
2.985,-5.17516236184818,-1.79253015585856,-9.98016882708919
2.9875,-5.17516236184818,-1.79253015585856,-9.97507570756694
2.99,-5.17516236184818,-1.74666892060646,-9.98016882708919
2.9925,-5.17516236184818,-1.78233877024698,-9.97507570756694
2.995,-5.18025681970139,-1.78233877024698,-9.96998258804469
2.9975,-5.17516236184818,-1.78743446305277,-9.97507570756694
3,-5.17516236184818,-1.74157322780068,-9.97507570756694
3.0025,-5.17516236184818,-1.78743446305277,-9.98016882708919
3.005,-5.18025681970139,-1.78743446305277,-9.98016882708919
3.0075,-5.17516236184818,-1.79253015585856,-9.97507570756694
3.01,-5.17516236184818,-1.74666892060646,-9.97507570756694
3.0125,-5.17006790399497,-1.78743446305277,-9.97507570756694
3.015,-5.17516236184818,-1.78743446305277,-9.97507570756694
3.0175,-5.17516236184818,-1.78743446305277,-9.97507570756694
3.02,-5.17516236184818,-1.74157322780068,-9.98016882708919
3.0225,-5.17516236184818,-1.78233877024698,-9.98016882708919
3.025,-5.17516236184818,-1.78233877024698,-9.97507570756694
3.0275,-5.18025681970139,-1.78233877024698,-9.97507570756694
3.03,-5.17516236184818,-1.74666892060646,-9.97507570756694
3.0325,-5.17516236184818,-1.78743446305277,-9.97507570756694
3.035,-5.17516236184818,-1.78743446305277,-9.97507570756694
3.0375,-5.18025681970139,-1.78743446305277,-9.98016882708919
3.04,-5.17516236184818,-1.76195599902383,-9.98016882708919
3.0425,-5.17516236184818,-1.78743446305277,-9.97507570756694
3.045,-5.17516236184818,-1.78233877024698,-9.97507570756694
3.0475,-5.17516236184818,-1.77724307744119,-9.97507570756694
3.05,-5.17516236184818,-1.75686030621804,-9.97507570756694
3.0525,-5.17516236184818,-1.78743446305277,-9.96998258804469
3.055,-5.17516236184818,-1.78743446305277,-9.98016882708919
3.0575,-5.17516236184818,-1.78743446305277,-9.98016882708919
3.06,-5.17006790399497,-1.78743446305277,-9.97507570756694
3.0625,-5.15987898828855,-1.78743446305277,-9.98016882708919
3.065,-5.17516236184818,-1.78743446305277,-9.98016882708919
3.0675,-5.17516236184818,-1.78233877024698,-9.97507570756694
3.07,-5.17006790399497,-1.75686030621804,-9.97507570756694
3.0725,-5.18025681970139,-1.78233877024698,-9.97507570756694
3.075,-5.17516236184818,-1.78233877024698,-9.97507570756694
3.0775,-5.17006790399497,-1.78743446305277,-9.98016882708919
3.08,-5.17006790399497,-1.73647753499489,-9.98016882708919
3.0825,-5.18025681970139,-1.78743446305277,-9.97507570756694
3.085,-5.17516236184818,-1.78743446305277,-9.97507570756694
3.0875,-5.17516236184818,-1.78743446305277,-9.97507570756694
3.09,-5.17006790399497,-1.74157322780068,-9.97507570756694
3.0925,-5.17006790399497,-1.78233877024698,-9.97507570756694
3.095,-5.17516236184818,-1.78233877024698,-9.98016882708919
3.0975,-5.17006790399497,-1.78233877024698,-9.97507570756694
3.1,-5.17006790399497,-1.73647753499489,-9.97507570756694
3.1025,-5.17006790399497,-1.78233877024698,-9.97507570756694
3.105,-5.17516236184818,-1.78743446305277,-9.97507570756694
3.1075,-5.17516236184818,-1.78743446305277,-9.96998258804469
3.11,-5.17516236184818,-1.74157322780068,-9.97507570756694
3.1125,-5.17006790399497,-1.78743446305277,-9.97507570756694
3.115,-5.17006790399497,-1.78233877024698,-9.98016882708919
3.1175,-5.17516236184818,-1.78233877024698,-9.97507570756694
3.12,-5.17516236184818,-1.75686030621804,-9.97507570756694
3.1225,-5.17006790399497,-1.77724307744119,-9.96998258804469
3.125,-5.17006790399497,-1.78233877024698,-9.96998258804469
3.1275,-5.17516236184818,-1.78233877024698,-9.97507570756694
3.13,-5.17516236184818,-1.74157322780068,-9.98016882708919
3.1325,-5.17516236184818,-1.78743446305277,-9.98016882708919
3.135,-5.17006790399497,-1.78743446305277,-9.98016882708919
3.1375,-5.17006790399497,-1.78233877024698,-9.97507570756694
3.14,-5.17516236184818,-1.76195599902383,-9.97507570756694
3.1425,-5.17516236184818,-1.78233877024698,-9.96998258804469
3.145,-5.17006790399497,-1.78233877024698,-9.97507570756694
3.1475,-5.17006790399497,-1.78233877024698,-9.97507570756694
3.15,-5.17516236184818,-1.73647753499489,-9.98016882708919
3.1525,-5.17006790399497,-1.78233877024698,-9.97507570756694
3.155,-5.17006790399497,-1.78233877024698,-9.97507570756694
3.1575,-5.17006790399497,-1.78743446305277,-9.97507570756694
3.16,-5.17516236184818,-1.74157322780068,-9.97507570756694
3.1625,-5.18025681970139,-1.78233877024698,-9.97507570756694
3.165,-5.17516236184818,-1.78743446305277,-9.97507570756694
3.1675,-5.17006790399497,-1.78233877024698,-9.98016882708919
3.17,-5.17516236184818,-1.75686030621804,-9.98016882708919
3.1725,-5.17006790399497,-1.77724307744119,-9.97507570756694
3.175,-5.17006790399497,-1.78233877024698,-9.97507570756694
3.1775,-5.17006790399497,-1.78743446305277,-9.97507570756694
3.18,-5.17006790399497,-1.76705169182962,-9.97507570756694
3.1825,-5.17516236184818,-1.79253015585856,-9.97507570756694
3.185,-5.17516236184818,-1.78743446305277,-9.97507570756694
3.1875,-5.17006790399497,-1.78743446305277,-9.98016882708919
3.19,-5.17006790399497,-1.74157322780068,-9.98016882708919
3.1925,-5.17006790399497,-1.78233877024698,-9.97507570756694
3.195,-5.17516236184818,-1.78233877024698,-9.97507570756694
3.1975,-5.17516236184818,-1.78233877024698,-9.96998258804469
3.2,-5.17006790399497,-1.74157322780068,-9.96998258804469
3.2025,-5.17006790399497,-1.78233877024698,-9.97507570756694
3.205,-5.17516236184818,-1.78743446305277,-9.98016882708919
3.2075,-5.17516236184818,-1.78743446305277,-9.98016882708919
3.21,-5.17516236184818,-1.74666892060646,-9.97507570756694
3.2125,-5.17006790399497,-1.77724307744119,-9.97507570756694
3.215,-5.17516236184818,-1.78233877024698,-9.97507570756694
3.2175,-5.17516236184818,-1.78233877024698,-9.97507570756694
3.22,-5.17006790399497,-1.73647753499489,-9.97507570756694
3.2225,-5.17006790399497,-1.78233877024698,-9.97507570756694
3.225,-5.17006790399497,-1.78233877024698,-9.98016882708919
3.2275,-5.17516236184818,-1.78743446305277,-9.98016882708919
3.23,-5.17516236184818,-1.78743446305277,-9.97507570756694
3.2325,-5.17006790399497,-1.78743446305277,-9.97507570756694
3.235,-5.17516236184818,-1.78233877024698,-9.96998258804469
3.2375,-5.17516236184818,-1.78233877024698,-9.97507570756694
3.24,-5.17516236184818,-1.78233877024698,-9.97507570756694
3.2425,-5.17006790399497,-1.78233877024698,-9.98016882708919
3.245,-5.17006790399497,-1.77724307744119,-9.98016882708919
3.2475,-5.17006790399497,-1.78233877024698,-9.97507570756694
3.25,-5.17516236184818,-1.78233877024698,-9.97507570756694
3.2525,-5.17516236184818,-1.78743446305277,-9.97507570756694
3.255,-5.17006790399497,-1.78233877024698,-9.97507570756694
3.2575,-5.17516236184818,-1.78743446305277,-9.97507570756694
3.26,-5.17516236184818,-1.76705169182962,-9.98016882708919
3.2625,-5.17006790399497,-1.78743446305277,-9.97507570756694
3.265,-5.17006790399497,-1.78743446305277,-9.98016882708919
3.2675,-5.17006790399497,-1.78233877024698,-9.97507570756694
3.27,-5.17516236184818,-1.77724307744119,-9.97507570756694
3.2725,-5.17516236184818,-1.78233877024698,-9.96998258804469
3.275,-5.17006790399497,-1.78743446305277,-9.97507570756694
3.2775,-5.17006790399497,-1.78743446305277,-9.98016882708919
3.28,-5.17516236184818,-1.74157322780068,-9.98016882708919
3.2825,-5.17516236184818,-1.78743446305277,-9.98016882708919
3.285,-5.17516236184818,-1.78233877024698,-9.97507570756694
3.2875,-5.17516236184818,-1.77724307744119,-9.96998258804469
3.29,-5.17516236184818,-1.78233877024698,-9.97507570756694
3.2925,-5.18025681970139,-1.78233877024698,-9.96998258804469
3.295,-5.17516236184818,-1.78233877024698,-9.97507570756694
3.2975,-5.17516236184818,-1.78743446305277,-9.97507570756694
3.3,-5.17516236184818,-1.74157322780068,-9.98016882708919
3.3025,-5.17516236184818,-1.78743446305277,-9.97507570756694
3.305,-5.17516236184818,-1.78743446305277,-9.97507570756694
3.3075,-5.17516236184818,-1.78743446305277,-9.97507570756694
3.31,-5.17516236184818,-1.74157322780068,-9.97507570756694
3.3125,-5.17516236184818,-1.78233877024698,-9.97507570756694
3.315,-5.17516236184818,-1.78233877024698,-9.97507570756694
3.3175,-5.17516236184818,-1.78233877024698,-9.98016882708919
3.32,-5.17516236184818,-1.78233877024698,-9.97507570756694
3.3225,-5.17516236184818,-1.78233877024698,-9.97507570756694
3.325,-5.18025681970139,-1.78743446305277,-9.97507570756694
3.3275,-5.18025681970139,-1.78743446305277,-9.96998258804469
3.33,-5.17516236184818,-1.78743446305277,-9.97507570756694
3.3325,-5.17516236184818,-1.78743446305277,-9.98016882708919
3.335,-5.18025681970139,-1.78743446305277,-9.98016882708919
3.3375,-5.17516236184818,-1.78233877024698,-9.97507570756694
3.34,-5.17516236184818,-1.74157322780068,-9.97507570756694
3.3425,-5.17516236184818,-1.7721473846354,-9.97507570756694
3.345,-5.18025681970139,-1.78233877024698,-9.96998258804469
3.3475,-5.18025681970139,-1.77724307744119,-9.96998258804469
3.35,-5.17516236184818,-1.78743446305277,-9.97507570756694
3.3525,-5.17516236184818,-1.76705169182962,-9.98016882708919
3.355,-5.18025681970139,-1.78233877024698,-9.98016882708919
3.3575,-5.18025681970139,-1.78233877024698,-9.98016882708919
3.36,-5.18025681970139,-1.78233877024698,-9.97507570756694
3.3625,-5.17516236184818,-1.74157322780068,-9.97507570756694
3.365,-5.18025681970139,-1.77724307744119,-9.97507570756694
3.3675,-5.18025681970139,-1.77724307744119,-9.96998258804469
3.37,-5.18025681970139,-1.78233877024698,-9.97507570756694
3.3725,-5.18025681970139,-1.78233877024698,-9.98016882708919
3.375,-5.18025681970139,-1.78743446305277,-9.98016882708919
3.3775,-5.18025681970139,-1.78743446305277,-9.98016882708919
3.38,-5.18025681970139,-1.78233877024698,-9.97507570756694
3.3825,-5.18025681970139,-1.78233877024698,-9.97507570756694
3.385,-5.18025681970139,-1.77724307744119,-9.97507570756694
3.3875,-5.18025681970139,-1.78233877024698,-9.97507570756694
3.39,-5.1853512775546,-1.78233877024698,-9.97507570756694
3.3925,-5.18025681970139,-1.75686030621804,-9.97507570756694
3.395,-5.18025681970139,-1.78233877024698,-9.97507570756694
3.3975,-5.18025681970139,-1.77724307744119,-9.97507570756694
3.4,-5.1853512775546,-1.78233877024698,-9.97507570756694
3.4025,-5.1853512775546,-1.76195599902383,-9.96998258804469
3.405,-5.18025681970139,-1.78233877024698,-9.97507570756694
3.4075,-5.18025681970139,-1.78233877024698,-9.97507570756694
3.41,-5.1853512775546,-1.77724307744119,-9.98016882708919
3.4125,-5.1853512775546,-1.75686030621804,-9.98016882708919
3.415,-5.18025681970139,-1.77724307744119,-9.97507570756694
3.4175,-5.18025681970139,-1.77724307744119,-9.97507570756694
3.42,-5.1853512775546,-1.77724307744119,-9.97507570756694
3.4225,-5.19044573540781,-1.75686030621804,-9.97507570756694
3.425,-5.19044573540781,-1.78233877024698,-9.97507570756694
3.4275,-5.1853512775546,-1.78233877024698,-9.97507570756694
3.43,-5.1853512775546,-1.77724307744119,-9.98016882708919
3.4325,-5.1853512775546,-1.7313818421891,-9.98016882708919
3.435,-5.19044573540781,-1.77724307744119,-9.97507570756694
3.4375,-5.1853512775546,-1.7721473846354,-9.97507570756694
3.44,-5.1853512775546,-1.77724307744119,-9.97507570756694
3.4425,-5.19044573540781,-1.7313818421891,-9.97507570756694
3.445,-5.19044573540781,-1.76195599902383,-9.97507570756694
3.4475,-5.1853512775546,-1.78743446305277,-9.97507570756694
3.45,-5.1853512775546,-1.78233877024698,-9.98016882708919
3.4525,-5.1853512775546,-1.73647753499489,-9.98016882708919
3.455,-5.19044573540781,-1.77724307744119,-9.98016882708919
3.4575,-5.1853512775546,-1.77724307744119,-9.97507570756694
3.46,-5.1853512775546,-1.77724307744119,-9.96998258804469
3.4625,-5.1853512775546,-1.7313818421891,-9.97507570756694
3.465,-5.19044573540781,-1.77724307744119,-9.97507570756694
3.4675,-5.19044573540781,-1.78233877024698,-9.97507570756694
3.47,-5.1853512775546,-1.78233877024698,-9.98016882708919
3.4725,-5.1853512775546,-1.75686030621804,-9.98016882708919
3.475,-5.1853512775546,-1.77724307744119,-9.98016882708919
3.4775,-5.19044573540781,-1.7721473846354,-9.97507570756694
3.48,-5.1853512775546,-1.7721473846354,-9.96998258804469
3.4825,-5.18025681970139,-1.7721473846354,-9.96998258804469
3.485,-5.1853512775546,-1.7721473846354,-9.97507570756694
3.4875,-5.19044573540781,-1.7721473846354,-9.97507570756694
3.49,-5.19044573540781,-1.77724307744119,-9.97507570756694
3.4925,-5.1853512775546,-1.7313818421891,-9.98016882708919
3.495,-5.1853512775546,-1.77724307744119,-9.97507570756694
3.4975,-5.19044573540781,-1.77724307744119,-9.97507570756694
3.5,-5.19044573540781,-1.7721473846354,-9.96998258804469
3.5025,-5.19044573540781,-1.7313818421891,-9.97507570756694
3.505,-5.19044573540781,-1.7721473846354,-9.97507570756694
3.5075,-5.1853512775546,-1.76705169182962,-9.98016882708919
3.51,-5.19044573540781,-1.7721473846354,-9.97507570756694
3.5125,-5.19044573540781,-1.75176461341225,-9.96998258804469
3.515,-5.19044573540781,-1.7721473846354,-9.97507570756694
3.5175,-5.19044573540781,-1.77724307744119,-9.97507570756694
3.52,-5.19554019326102,-1.77724307744119,-9.97507570756694
3.5225,-5.19044573540781,-1.75176461341225,-9.97507570756694
3.525,-5.1853512775546,-1.7721473846354,-9.98016882708919
3.5275,-5.1853512775546,-1.76705169182962,-9.98016882708919
3.53,-5.19044573540781,-1.76705169182962,-9.98016882708919
3.5325,-5.19044573540781,-1.72628614938331,-9.97507570756694
3.535,-5.1853512775546,-1.76705169182962,-9.97507570756694
3.5375,-5.19044573540781,-1.7721473846354,-9.97507570756694
3.54,-5.19044573540781,-1.7721473846354,-9.96998258804469
3.5425,-5.19554019326102,-1.75686030621804,-9.97507570756694
3.545,-5.19044573540781,-1.77724307744119,-9.97507570756694
3.5475,-5.1853512775546,-1.7721473846354,-9.98016882708919
3.55,-5.19044573540781,-1.76705169182962,-9.98016882708919
3.5525,-5.19044573540781,-1.74666892060646,-9.97507570756694
3.555,-5.1853512775546,-1.76705169182962,-9.96998258804469
3.5575,-5.19044573540781,-1.76195599902383,-9.97507570756694
3.56,-5.19044573540781,-1.76195599902383,-9.97507570756694
3.5625,-5.19554019326102,-1.74666892060646,-9.97507570756694
3.565,-5.19044573540781,-1.7721473846354,-9.98016882708919
3.5675,-5.1853512775546,-1.7721473846354,-9.98016882708919
3.57,-5.19044573540781,-1.7721473846354,-9.98016882708919
3.5725,-5.19044573540781,-1.7721473846354,-9.97507570756694
3.575,-5.19044573540781,-1.7721473846354,-9.97507570756694
3.5775,-5.1853512775546,-1.76195599902383,-9.97507570756694
3.58,-5.19044573540781,-1.76195599902383,-9.96998258804469
3.5825,-5.1853512775546,-1.74157322780068,-9.97507570756694
3.585,-5.19044573540781,-1.76705169182962,-9.98016882708919
3.5875,-5.1853512775546,-1.76705169182962,-9.98016882708919
3.59,-5.19044573540781,-1.76705169182962,-9.97507570756694
3.5925,-5.19044573540781,-1.76705169182962,-9.97507570756694
3.595,-5.19554019326102,-1.76705169182962,-9.96998258804469
3.5975,-5.19044573540781,-1.76705169182962,-9.97507570756694
3.6,-5.19044573540781,-1.76705169182962,-9.97507570756694
3.6025,-5.19044573540781,-1.74157322780068,-9.98016882708919
3.605,-5.19044573540781,-1.76705169182962,-9.98016882708919
3.6075,-5.1853512775546,-1.76705169182962,-9.97507570756694
3.61,-5.1853512775546,-1.76195599902383,-9.97507570756694
3.6125,-5.19044573540781,-1.72119045657752,-9.97507570756694
3.615,-5.19554019326102,-1.7721473846354,-9.96998258804469
3.6175,-5.19044573540781,-1.76705169182962,-9.96998258804469
3.62,-5.18025681970139,-1.76705169182962,-9.97507570756694
3.6225,-5.19044573540781,-1.72628614938331,-9.98016882708919
3.625,-5.19044573540781,-1.76705169182962,-9.98016882708919
3.6275,-5.1853512775546,-1.76705169182962,-9.98016882708919
3.63,-5.1853512775546,-1.76195599902383,-9.98016882708919
3.6325,-5.1853512775546,-1.74157322780068,-9.97507570756694
3.635,-5.19044573540781,-1.76705169182962,-9.97507570756694
3.6375,-5.19044573540781,-1.76705169182962,-9.97507570756694
3.64,-5.19044573540781,-1.7721473846354,-9.97507570756694
3.6425,-5.1853512775546,-1.72628614938331,-9.98016882708919
3.645,-5.19044573540781,-1.76705169182962,-9.98016882708919
3.6475,-5.19044573540781,-1.76705169182962,-9.98016882708919
3.65,-5.1853512775546,-1.76705169182962,-9.98016882708919
3.6525,-5.1853512775546,-1.73647753499489,-9.97507570756694
3.655,-5.1853512775546,-1.75686030621804,-9.97507570756694
3.6575,-5.19044573540781,-1.76195599902383,-9.97507570756694
3.66,-5.1853512775546,-1.76705169182962,-9.97507570756694
3.6625,-5.1853512775546,-1.76705169182962,-9.98016882708919
3.665,-5.1853512775546,-1.76705169182962,-9.98016882708919
3.6675,-5.19044573540781,-1.76705169182962,-9.98016882708919
3.67,-5.19044573540781,-1.76195599902383,-9.97507570756694
3.6725,-5.18025681970139,-1.74157322780068,-9.97507570756694
3.675,-5.1853512775546,-1.75686030621804,-9.96998258804469
3.6775,-5.19044573540781,-1.75686030621804,-9.96998258804469
3.68,-5.19044573540781,-1.75686030621804,-9.97507570756694
3.6825,-5.1853512775546,-1.71609476377173,-9.98016882708919
3.685,-5.1853512775546,-1.76195599902383,-9.98016882708919
3.6875,-5.19044573540781,-1.76705169182962,-9.98016882708919
3.69,-5.19044573540781,-1.76195599902383,-9.97507570756694
3.6925,-5.1853512775546,-1.72119045657752,-9.97507570756694
3.695,-5.1853512775546,-1.76195599902383,-9.97507570756694
3.6975,-5.1853512775546,-1.75686030621804,-9.97507570756694
3.7,-5.19044573540781,-1.75686030621804,-9.97507570756694
3.7025,-5.1853512775546,-1.75686030621804,-9.98016882708919
3.705,-5.18025681970139,-1.75686030621804,-9.98016882708919
3.7075,-5.1853512775546,-1.75686030621804,-9.97507570756694
3.71,-5.19044573540781,-1.76195599902383,-9.97507570756694
3.7125,-5.19044573540781,-1.76705169182962,-9.96998258804469
3.715,-5.19044573540781,-1.76195599902383,-9.97507570756694
3.7175,-5.1853512775546,-1.76705169182962,-9.97507570756694
3.72,-5.19044573540781,-1.76195599902383,-9.98016882708919
3.7225,-5.1853512775546,-1.76195599902383,-9.98016882708919
3.725,-5.1853512775546,-1.75686030621804,-9.97507570756694
3.7275,-5.18025681970139,-1.75686030621804,-9.98016882708919
3.73,-5.19044573540781,-1.75176461341225,-9.97507570756694
3.7325,-5.19044573540781,-1.76195599902383,-9.96998258804469
3.735,-5.1853512775546,-1.76705169182962,-9.96998258804469
3.7375,-5.1853512775546,-1.76705169182962,-9.97507570756694
3.74,-5.19044573540781,-1.76705169182962,-9.98016882708919
3.7425,-5.19044573540781,-1.74157322780068,-9.98016882708919
3.745,-5.1853512775546,-1.76195599902383,-9.98016882708919
3.7475,-5.1853512775546,-1.75686030621804,-9.97507570756694
3.75,-5.19044573540781,-1.75686030621804,-9.97507570756694
3.7525,-5.18025681970139,-1.71099907096594,-9.97507570756694
3.755,-5.1853512775546,-1.75686030621804,-9.96998258804469
3.7575,-5.1853512775546,-1.76195599902383,-9.97507570756694
3.76,-5.19044573540781,-1.76195599902383,-9.98016882708919
3.7625,-5.1853512775546,-1.72119045657752,-9.98016882708919
3.765,-5.1853512775546,-1.76705169182962,-9.98016882708919
3.7675,-5.18025681970139,-1.76195599902383,-9.97507570756694
3.77,-5.1853512775546,-1.75686030621804,-9.97507570756694
3.7725,-5.1853512775546,-1.71099907096594,-9.97507570756694
3.775,-5.1853512775546,-1.75686030621804,-9.96998258804469
3.7775,-5.1853512775546,-1.75686030621804,-9.97507570756694
3.78,-5.18025681970139,-1.75686030621804,-9.98016882708919
3.7825,-5.18025681970139,-1.73647753499489,-9.98016882708919
3.785,-5.1853512775546,-1.76705169182962,-9.97507570756694
3.7875,-5.1853512775546,-1.76195599902383,-9.97507570756694
3.79,-5.1853512775546,-1.76195599902383,-9.97507570756694
3.7925,-5.1853512775546,-1.76705169182962,-9.97507570756694
3.795,-5.1853512775546,-1.75686030621804,-9.97507570756694
3.7975,-5.18025681970139,-1.75686030621804,-9.97507570756694
3.8,-5.18025681970139,-1.75686030621804,-9.97507570756694
3.8025,-5.18025681970139,-1.73647753499489,-9.98016882708919
3.805,-5.1853512775546,-1.75686030621804,-9.97507570756694
3.8075,-5.1853512775546,-1.76705169182962,-9.97507570756694
3.81,-5.1853512775546,-1.76705169182962,-9.97507570756694
3.8125,-5.18025681970139,-1.76195599902383,-9.97507570756694
3.815,-5.1853512775546,-1.76705169182962,-9.97507570756694
3.8175,-5.18025681970139,-1.76705169182962,-9.98016882708919
3.82,-5.18025681970139,-1.76195599902383,-9.98016882708919
3.8225,-5.18025681970139,-1.71609476377173,-9.98016882708919
3.825,-5.1853512775546,-1.75686030621804,-9.98016882708919
3.8275,-5.19044573540781,-1.75686030621804,-9.97507570756694
3.83,-5.18025681970139,-1.76195599902383,-9.96998258804469
3.8325,-5.19044573540781,-1.72628614938331,-9.97507570756694
3.835,-5.1853512775546,-1.76705169182962,-9.97507570756694
3.8375,-5.1853512775546,-1.76705169182962,-9.97507570756694
3.84,-5.1853512775546,-1.7721473846354,-9.98016882708919
3.8425,-5.18025681970139,-1.72119045657752,-9.98016882708919
3.845,-5.1853512775546,-1.76195599902383,-9.98016882708919
3.8475,-5.19044573540781,-1.75686030621804,-9.97507570756694
3.85,-5.1853512775546,-1.76705169182962,-9.96998258804469
3.8525,-5.1853512775546,-1.71609476377173,-9.97507570756694
3.855,-5.19044573540781,-1.76195599902383,-9.97507570756694
3.8575,-5.19044573540781,-1.76705169182962,-9.97507570756694
3.86,-5.1853512775546,-1.76705169182962,-9.97507570756694
3.8625,-5.18025681970139,-1.74666892060646,-9.98016882708919
3.865,-5.1853512775546,-1.76195599902383,-9.98526194661144
3.8675,-5.19044573540781,-1.76195599902383,-9.97507570756694
3.87,-5.19044573540781,-1.76705169182962,-9.97507570756694
3.8725,-5.1853512775546,-1.76195599902383,-9.96998258804469
3.875,-5.19044573540781,-1.75686030621804,-9.97507570756694
3.8775,-5.19044573540781,-1.76195599902383,-9.97507570756694
3.88,-5.19044573540781,-1.76705169182962,-9.97507570756694
3.8825,-5.1853512775546,-1.76705169182962,-9.98016882708919
3.885,-5.1853512775546,-1.76705169182962,-9.98016882708919
3.8875,-5.1853512775546,-1.76195599902383,-9.97507570756694
3.89,-5.19044573540781,-1.76705169182962,-9.97507570756694
3.8925,-5.1853512775546,-1.74157322780068,-9.96998258804469
3.895,-5.19044573540781,-1.75686030621804,-9.97507570756694
3.8975,-5.19044573540781,-1.75686030621804,-9.97507570756694
3.9,-5.19044573540781,-1.76195599902383,-9.98016882708919
3.9025,-5.19044573540781,-1.74157322780068,-9.98016882708919
3.905,-5.19044573540781,-1.76705169182962,-9.98016882708919
3.9075,-5.19044573540781,-1.76195599902383,-9.98016882708919
3.91,-5.19554019326102,-1.76705169182962,-9.97507570756694
3.9125,-5.19044573540781,-1.74157322780068,-9.97507570756694
3.915,-5.19044573540781,-1.76195599902383,-9.97507570756694
3.9175,-5.19044573540781,-1.75176461341225,-9.97507570756694
3.92,-5.19554019326102,-1.75176461341225,-9.97507570756694
3.9225,-5.19044573540781,-1.75686030621804,-9.98016882708919
3.925,-5.19044573540781,-1.75686030621804,-9.97507570756694
3.9275,-5.19044573540781,-1.75686030621804,-9.98016882708919
3.93,-5.19554019326102,-1.75686030621804,-9.98016882708919
3.9325,-5.19554019326102,-1.76195599902383,-9.97507570756694
3.935,-5.19044573540781,-1.76195599902383,-9.96998258804469
3.9375,-5.19044573540781,-1.75686030621804,-9.97507570756694
3.94,-5.19554019326102,-1.75686030621804,-9.97507570756694
3.9425,-5.19554019326102,-1.73647753499489,-9.97507570756694
3.945,-5.19044573540781,-1.75686030621804,-9.98016882708919
3.9475,-5.19044573540781,-1.75686030621804,-9.98016882708919
3.95,-5.19044573540781,-1.75176461341225,-9.98016882708919
3.9525,-5.19554019326102,-1.70590337816015,-9.97507570756694
3.955,-5.19554019326102,-1.76195599902383,-9.97507570756694
3.9575,-5.19044573540781,-1.75686030621804,-9.97507570756694
3.96,-5.19554019326102,-1.75176461341225,-9.97507570756694
3.9625,-5.19554019326102,-1.75686030621804,-9.97507570756694
3.965,-5.20063465111423,-1.75686030621804,-9.98016882708919
3.9675,-5.19044573540781,-1.75686030621804,-9.98016882708919
3.97,-5.19044573540781,-1.75176461341225,-9.98016882708919
3.9725,-5.19554019326102,-1.70590337816015,-9.98016882708919
3.975,-5.19554019326102,-1.75176461341225,-9.97507570756694
3.9775,-5.16497344614176,-1.75686030621804,-9.97507570756694
3.98,-5.19554019326102,-1.75686030621804,-9.97507570756694
3.9825,-5.20063465111423,-1.71609476377173,-9.97507570756694
3.985,-5.19554019326102,-1.75686030621804,-9.97507570756694
3.9875,-5.19554019326102,-1.75686030621804,-9.98016882708919
3.99,-5.19044573540781,-1.75686030621804,-9.98016882708919
3.9925,-5.19554019326102,-1.70590337816015,-9.98016882708919
3.995,-5.19554019326102,-1.75176461341225,-9.97507570756694
3.9975,-5.19554019326102,-1.75176461341225,-9.97507570756694
4,-5.19554019326102,-1.75176461341225,-9.96998258804469
4.0025,-5.19554019326102,-1.72628614938331,-9.97507570756694
4.005,-5.19554019326102,-1.75686030621804,-9.97507570756694
4.0075,-5.19554019326102,-1.76195599902383,-9.97507570756694
4.01,-5.19554019326102,-1.75686030621804,-9.97507570756694
4.0125,-5.19044573540781,-1.75686030621804,-9.98016882708919
4.015,-5.19554019326102,-1.75176461341225,-9.97507570756694
4.0175,-5.19554019326102,-1.75176461341225,-9.97507570756694
4.02,-5.19554019326102,-1.75176461341225,-9.97507570756694
4.0225,-5.19554019326102,-1.70590337816015,-9.97507570756694
4.025,-5.19554019326102,-1.75686030621804,-9.97507570756694
4.0275,-5.20063465111423,-1.75686030621804,-9.97507570756694
4.03,-5.19554019326102,-1.76195599902383,-9.98016882708919
4.0325,-5.19554019326102,-1.71609476377173,-9.98016882708919
4.035,-5.19554019326102,-1.75176461341225,-9.97507570756694
4.0375,-5.19554019326102,-1.75686030621804,-9.97507570756694
4.04,-5.19554019326102,-1.75176461341225,-9.97507570756694
4.0425,-5.19554019326102,-1.71099907096594,-9.96998258804469
4.045,-5.19554019326102,-1.75176461341225,-9.97507570756694
4.0475,-5.20063465111423,-1.75686030621804,-9.97507570756694
4.05,-5.20063465111423,-1.75686030621804,-9.97507570756694
4.0525,-5.19554019326102,-1.73647753499489,-9.98016882708919
4.055,-5.19554019326102,-1.75686030621804,-9.98016882708919
4.0575,-5.20063465111423,-1.75686030621804,-9.97507570756694
4.06,-5.19554019326102,-1.75686030621804,-9.97507570756694
4.0625,-5.19554019326102,-1.75176461341225,-9.96998258804469
4.065,-5.19554019326102,-1.75176461341225,-9.96998258804469
4.0675,-5.19554019326102,-1.75176461341225,-9.97507570756694
4.07,-5.19554019326102,-1.75176461341225,-9.97507570756694
4.0725,-5.19554019326102,-1.75176461341225,-9.98016882708919
4.075,-5.19554019326102,-1.75176461341225,-9.98016882708919
4.0775,-5.19554019326102,-1.75686030621804,-9.97507570756694
4.08,-5.19554019326102,-1.75686030621804,-9.97507570756694
4.0825,-5.19554019326102,-1.70590337816015,-9.96998258804469
4.085,-5.19554019326102,-1.75176461341225,-9.97507570756694
4.0875,-5.19554019326102,-1.75176461341225,-9.97507570756694
4.09,-5.20063465111423,-1.75176461341225,-9.97507570756694
4.0925,-5.19554019326102,-1.72628614938331,-9.98016882708919
4.095,-5.19554019326102,-1.74666892060646,-9.98016882708919
4.0975,-5.20063465111423,-1.74666892060646,-9.98016882708919
4.1,-5.20572910896744,-1.75176461341225,-9.96998258804469
4.1025,-5.19554019326102,-1.71099907096594,-9.97507570756694
4.105,-5.19554019326102,-1.75176461341225,-9.97507570756694
4.1075,-5.20063465111423,-1.74666892060646,-9.97507570756694
4.11,-5.20063465111423,-1.75686030621804,-9.97507570756694
4.1125,-5.20063465111423,-1.73647753499489,-9.98016882708919
4.115,-5.19554019326102,-1.74666892060646,-9.98016882708919
4.1175,-5.20063465111423,-1.75176461341225,-9.98016882708919
4.12,-5.20572910896744,-1.75176461341225,-9.97507570756694
4.1225,-5.20063465111423,-1.70590337816015,-9.97507570756694
4.125,-5.20063465111423,-1.75686030621804,-9.97507570756694
4.1275,-5.20063465111423,-1.75686030621804,-9.97507570756694
4.13,-5.20063465111423,-1.75176461341225,-9.97507570756694
4.1325,-5.20063465111423,-1.7313818421891,-9.97507570756694
4.135,-5.19554019326102,-1.75176461341225,-9.97507570756694
4.1375,-5.20063465111423,-1.75176461341225,-9.98016882708919
4.14,-5.20063465111423,-1.75176461341225,-9.97507570756694
4.1425,-5.20063465111423,-1.70590337816015,-9.97507570756694
4.145,-5.20063465111423,-1.75176461341225,-9.96998258804469
4.1475,-5.20572910896744,-1.74666892060646,-9.97507570756694
4.15,-5.20572910896744,-1.75686030621804,-9.97507570756694
4.1525,-5.20063465111423,-1.71099907096594,-9.97507570756694
4.155,-5.20063465111423,-1.74666892060646,-9.98016882708919
4.1575,-5.20063465111423,-1.75176461341225,-9.98016882708919
4.16,-5.20572910896744,-1.74666892060646,-9.98016882708919
4.1625,-5.20063465111423,-1.70080768535437,-9.97507570756694
4.165,-5.19554019326102,-1.74666892060646,-9.97507570756694
4.1675,-5.20063465111423,-1.74666892060646,-9.97507570756694
4.17,-5.20572910896744,-1.75176461341225,-9.97507570756694
4.1725,-5.20572910896744,-1.75686030621804,-9.97507570756694
4.175,-5.20063465111423,-1.75176461341225,-9.97507570756694
4.1775,-5.20063465111423,-1.75176461341225,-9.98016882708919
4.18,-5.20063465111423,-1.75176461341225,-9.98016882708919
4.1825,-5.20572910896744,-1.74666892060646,-9.97507570756694
4.185,-5.20063465111423,-1.74666892060646,-9.97507570756694
4.1875,-5.20063465111423,-1.74157322780068,-9.97507570756694
4.19,-5.20572910896744,-1.74666892060646,-9.97507570756694
4.1925,-5.20572910896744,-1.72628614938331,-9.97507570756694
4.195,-5.20063465111423,-1.75686030621804,-9.97507570756694
4.1975,-5.20572910896744,-1.75176461341225,-9.98016882708919
4.2,-5.20572910896744,-1.75176461341225,-9.98016882708919
4.2025,-5.20572910896744,-1.70590337816015,-9.97507570756694
4.205,-5.20572910896744,-1.74157322780068,-9.97507570756694
4.2075,-5.20572910896744,-1.74666892060646,-9.97507570756694
4.21,-5.20572910896744,-1.74157322780068,-9.97507570756694
4.2125,-5.20572910896744,-1.72119045657752,-9.96998258804469
4.215,-5.20063465111423,-1.74666892060646,-9.97507570756694
4.2175,-5.20063465111423,-1.75176461341225,-9.98016882708919
4.22,-5.20572910896744,-1.75176461341225,-9.98016882708919
4.2225,-5.20572910896744,-1.70590337816015,-9.97507570756694
4.225,-5.20572910896744,-1.74666892060646,-9.97507570756694
4.2275,-5.20063465111423,-1.74157322780068,-9.97507570756694
4.23,-5.20572910896744,-1.74157322780068,-9.97507570756694
4.2325,-5.20572910896744,-1.74157322780068,-9.97507570756694
4.235,-5.20572910896744,-1.74157322780068,-9.97507570756694
4.2375,-5.20572910896744,-1.74157322780068,-9.97507570756694
4.24,-5.20572910896744,-1.74666892060646,-9.98016882708919
4.2425,-5.20572910896744,-1.70080768535437,-9.98016882708919
4.245,-5.20572910896744,-1.74666892060646,-9.97507570756694
4.2475,-5.20572910896744,-1.74157322780068,-9.97507570756694
4.25,-5.20572910896744,-1.74157322780068,-9.97507570756694
4.2525,-5.21082356682065,-1.69571199254858,-9.96998258804469
4.255,-5.20572910896744,-1.73647753499489,-9.96998258804469
4.2575,-5.20572910896744,-1.74157322780068,-9.97507570756694
4.26,-5.20572910896744,-1.73647753499489,-9.97507570756694
4.2625,-5.21082356682065,-1.71609476377173,-9.98016882708919
4.265,-5.20572910896744,-1.74157322780068,-9.97507570756694
4.2675,-5.20572910896744,-1.74157322780068,-9.98016882708919
4.27,-5.20572910896744,-1.74157322780068,-9.97507570756694
4.2725,-5.21082356682065,-1.71099907096594,-9.97507570756694
4.275,-5.20572910896744,-1.71609476377173,-9.97507570756694
4.2775,-5.20572910896744,-1.74157322780068,-9.96998258804469
4.28,-5.20572910896744,-1.73647753499489,-9.97507570756694
4.2825,-5.21082356682065,-1.73647753499489,-9.97507570756694
4.285,-5.20572910896744,-1.73647753499489,-9.97507570756694
4.2875,-5.20572910896744,-1.7313818421891,-9.97507570756694
4.29,-5.20572910896744,-1.73647753499489,-9.97507570756694
4.2925,-5.21082356682065,-1.73647753499489,-9.97507570756694
4.295,-5.21082356682065,-1.71609476377173,-9.96998258804469
4.2975,-5.20572910896744,-1.73647753499489,-9.96998258804469
4.3,-5.20572910896744,-1.73647753499489,-9.97507570756694
4.3025,-5.21082356682065,-1.73647753499489,-9.98016882708919
4.305,-5.21082356682065,-1.73647753499489,-9.98016882708919
4.3075,-5.20572910896744,-1.73647753499489,-9.97507570756694
4.31,-5.20572910896744,-1.7313818421891,-9.97507570756694
4.3125,-5.21082356682065,-1.7313818421891,-9.97507570756694
4.315,-5.21082356682065,-1.71609476377173,-9.97507570756694
4.3175,-5.20572910896744,-1.73647753499489,-9.97507570756694
4.32,-5.20572910896744,-1.73647753499489,-9.97507570756694
4.3225,-5.21082356682065,-1.7313818421891,-9.97507570756694
4.325,-5.21082356682065,-1.71099907096594,-9.97507570756694
4.3275,-5.20572910896744,-1.7313818421891,-9.97507570756694
4.33,-5.20572910896744,-1.72628614938331,-9.97507570756694
4.3325,-5.21082356682065,-1.7313818421891,-9.97507570756694
4.335,-5.21082356682065,-1.71099907096594,-9.97507570756694
4.3375,-5.20572910896744,-1.73647753499489,-9.97507570756694
4.34,-5.21082356682065,-1.73647753499489,-9.97507570756694
4.3425,-5.21082356682065,-1.73647753499489,-9.97507570756694
4.345,-5.20572910896744,-1.69061629974279,-9.97507570756694
4.3475,-5.20572910896744,-1.7313818421891,-9.98016882708919
4.35,-5.20572910896744,-1.7313818421891,-9.98016882708919
4.3525,-5.20572910896744,-1.72628614938331,-9.97507570756694
4.355,-5.21082356682065,-1.70590337816015,-9.97507570756694
4.3575,-5.21082356682065,-1.72628614938331,-9.96998258804469
4.36,-5.20572910896744,-1.72628614938331,-9.97507570756694
4.3625,-5.21082356682065,-1.7313818421891,-9.97507570756694
4.365,-5.21082356682065,-1.71099907096594,-9.97507570756694
4.3675,-5.20572910896744,-1.73647753499489,-9.98016882708919
4.37,-5.20572910896744,-1.7313818421891,-9.98016882708919
4.3725,-5.21082356682065,-1.72628614938331,-9.97507570756694
4.375,-5.20572910896744,-1.70590337816015,-9.97507570756694
4.3775,-5.20572910896744,-1.72628614938331,-9.96998258804469
4.38,-5.20572910896744,-1.72628614938331,-9.96998258804469
4.3825,-5.21082356682065,-1.72628614938331,-9.97507570756694
4.385,-5.21082356682065,-1.685520606937,-9.97507570756694
4.3875,-5.21082356682065,-1.7313818421891,-9.97507570756694
4.39,-5.20572910896744,-1.7313818421891,-9.98016882708919
4.3925,-5.20572910896744,-1.72628614938331,-9.98016882708919
4.395,-5.21082356682065,-1.70590337816015,-9.97507570756694
4.3975,-5.20572910896744,-1.72628614938331,-9.97507570756694
4.4,-5.20572910896744,-1.72628614938331,-9.96998258804469
4.4025,-5.21082356682065,-1.72119045657752,-9.96998258804469
4.405,-5.21082356682065,-1.7313818421891,-9.96998258804469
4.4075,-5.20572910896744,-1.7313818421891,-9.97507570756694
4.41,-5.20572910896744,-1.7313818421891,-9.97507570756694
4.4125,-5.20572910896744,-1.72628614938331,-9.98016882708919
4.415,-5.21082356682065,-1.70590337816015,-9.98016882708919
4.4175,-5.20572910896744,-1.72628614938331,-9.97507570756694
4.42,-5.20572910896744,-1.71609476377173,-9.97507570756694
4.4225,-5.20572910896744,-1.71609476377173,-9.97507570756694
4.425,-5.21082356682065,-1.70080768535437,-9.96998258804469
4.4275,-5.21082356682065,-1.72628614938331,-9.96998258804469
4.43,-5.20572910896744,-1.72628614938331,-9.97507570756694
4.4325,-5.21082356682065,-1.72628614938331,-9.97507570756694
4.435,-5.21082356682065,-1.72628614938331,-9.98016882708919
4.4375,-5.20572910896744,-1.72628614938331,-9.97507570756694
4.44,-5.20572910896744,-1.72119045657752,-9.97507570756694
4.4425,-5.21082356682065,-1.72119045657752,-9.97507570756694
4.445,-5.21082356682065,-1.69571199254858,-9.97507570756694
4.4475,-5.21082356682065,-1.72119045657752,-9.96998258804469
4.45,-5.20572910896744,-1.72628614938331,-9.96998258804469
4.4525,-5.21082356682065,-1.72628614938331,-9.97507570756694
4.455,-5.21082356682065,-1.68042491413121,-9.97507570756694
4.4575,-5.20572910896744,-1.73647753499489,-9.97507570756694
4.46,-5.21082356682065,-1.72628614938331,-9.98016882708919
4.4625,-5.21082356682065,-1.72628614938331,-9.98016882708919
4.465,-5.21082356682065,-1.685520606937,-9.97507570756694
4.4675,-5.21082356682065,-1.72628614938331,-9.96998258804469
4.47,-5.21082356682065,-1.72119045657752,-9.96998258804469
4.4725,-5.21082356682065,-1.72119045657752,-9.97507570756694
4.475,-5.21082356682065,-1.685520606937,-9.97507570756694
4.4775,-5.21082356682065,-1.7313818421891,-9.97507570756694
4.48,-5.20572910896744,-1.7313818421891,-9.98016882708919
4.4825,-5.21082356682065,-1.72628614938331,-9.98016882708919
4.485,-5.21591802467386,-1.685520606937,-9.97507570756694
4.4875,-5.21082356682065,-1.72628614938331,-9.97507570756694
4.49,-5.21082356682065,-1.72119045657752,-9.96998258804469
4.4925,-5.21082356682065,-1.72119045657752,-9.97507570756694
4.495,-5.21591802467386,-1.72628614938331,-9.96998258804469
4.4975,-5.21082356682065,-1.7313818421891,-9.97507570756694
4.5,-5.21082356682065,-1.7313818421891,-9.97507570756694
4.5025,-5.21082356682065,-1.7313818421891,-9.98016882708919
4.505,-5.21082356682065,-1.7313818421891,-9.97507570756694
4.5075,-5.21082356682065,-1.72628614938331,-9.97507570756694
4.51,-5.21082356682065,-1.72628614938331,-9.97507570756694
4.5125,-5.21082356682065,-1.72628614938331,-9.96998258804469
4.515,-5.21082356682065,-1.70080768535437,-9.97507570756694
4.5175,-5.21082356682065,-1.72628614938331,-9.96998258804469
4.52,-5.21082356682065,-1.72628614938331,-9.97507570756694
4.5225,-5.21082356682065,-1.7313818421891,-9.98016882708919
4.525,-5.21082356682065,-1.72628614938331,-9.98016882708919
4.5275,-5.21082356682065,-1.7313818421891,-9.97507570756694
4.53,-5.21082356682065,-1.7313818421891,-9.97507570756694
4.5325,-5.21082356682065,-1.72628614938331,-9.97507570756694
4.535,-5.21082356682065,-1.70080768535437,-9.96998258804469
4.5375,-5.21082356682065,-1.72119045657752,-9.96998258804469
4.54,-5.20572910896744,-1.72119045657752,-9.97507570756694
4.5425,-5.21082356682065,-1.72628614938331,-9.97507570756694
4.545,-5.21082356682065,-1.72628614938331,-9.98016882708919
4.5475,-5.21082356682065,-1.72628614938331,-9.98016882708919
4.55,-5.20572910896744,-1.7313818421891,-9.98016882708919
4.5525,-5.21082356682065,-1.7313818421891,-9.97507570756694
4.555,-5.21591802467386,-1.70590337816015,-9.97507570756694
4.5575,-5.21082356682065,-1.7313818421891,-9.97507570756694
4.56,-5.21082356682065,-1.72628614938331,-9.96998258804469
4.5625,-5.21591802467386,-1.72119045657752,-9.97507570756694
4.565,-5.21591802467386,-1.70590337816015,-9.97507570756694
4.5675,-5.21082356682065,-1.72628614938331,-9.97507570756694
4.57,-5.21082356682065,-1.7313818421891,-9.98016882708919
4.5725,-5.21591802467386,-1.7313818421891,-9.98016882708919
4.575,-5.21591802467386,-1.70590337816015,-9.97507570756694
4.5775,-5.21591802467386,-1.72628614938331,-9.96998258804469
4.58,-5.21082356682065,-1.72628614938331,-9.97507570756694
4.5825,-5.21082356682065,-1.72628614938331,-9.97507570756694
4.585,-5.21591802467386,-1.72628614938331,-9.97507570756694
4.5875,-5.21082356682065,-1.72628614938331,-9.97507570756694
4.59,-5.20572910896744,-1.72628614938331,-9.98016882708919
4.5925,-5.21082356682065,-1.72628614938331,-9.98016882708919
4.595,-5.21591802467386,-1.69061629974279,-9.97507570756694
4.5975,-5.21082356682065,-1.7313818421891,-9.97507570756694
4.6,-5.21591802467386,-1.72628614938331,-9.97507570756694
4.6025,-5.21591802467386,-1.72628614938331,-9.97507570756694
4.605,-5.21591802467386,-1.685520606937,-9.97507570756694
4.6075,-5.21591802467386,-1.72628614938331,-9.97507570756694
4.61,-5.21082356682065,-1.72628614938331,-9.97507570756694
4.6125,-5.21591802467386,-1.72628614938331,-9.98016882708919
4.615,-5.22101248252707,-1.68042491413121,-9.98016882708919
4.6175,-5.21591802467386,-1.72628614938331,-9.98016882708919
4.62,-5.21591802467386,-1.7313818421891,-9.97507570756694
4.6225,-5.21591802467386,-1.72628614938331,-9.97507570756694
4.625,-5.22101248252707,-1.685520606937,-9.97507570756694
4.6275,-5.21591802467386,-1.7313818421891,-9.97507570756694
4.63,-5.21591802467386,-1.72628614938331,-9.97507570756694
4.6325,-5.21591802467386,-1.72628614938331,-9.97507570756694
4.635,-5.22101248252707,-1.68042491413121,-9.98016882708919
4.6375,-5.21591802467386,-1.72628614938331,-9.98016882708919
4.64,-5.21591802467386,-1.72628614938331,-9.97507570756694
4.6425,-5.22101248252707,-1.72628614938331,-9.97507570756694
4.645,-5.22101248252707,-1.70590337816015,-9.96998258804469
4.6475,-5.21591802467386,-1.72628614938331,-9.97507570756694
4.65,-5.21591802467386,-1.72628614938331,-9.97507570756694
4.6525,-5.22101248252707,-1.72628614938331,-9.98016882708919
4.655,-5.22101248252707,-1.685520606937,-9.98016882708919
4.6575,-5.21591802467386,-1.72628614938331,-9.98016882708919
4.66,-5.21591802467386,-1.72119045657752,-9.97507570756694
4.6625,-5.22101248252707,-1.72119045657752,-9.97507570756694
4.665,-5.2312013982335,-1.685520606937,-9.97507570756694
4.6675,-5.22101248252707,-1.72628614938331,-9.97507570756694
4.67,-5.22101248252707,-1.72628614938331,-9.97507570756694
4.6725,-5.22101248252707,-1.72628614938331,-9.97507570756694
4.675,-5.22101248252707,-1.70590337816015,-9.97507570756694
4.6775,-5.22101248252707,-1.72119045657752,-9.98016882708919
4.68,-5.22101248252707,-1.71609476377173,-9.98016882708919
4.6825,-5.22610694038028,-1.71609476377173,-9.97507570756694
4.685,-5.22610694038028,-1.70080768535437,-9.97507570756694
4.6875,-5.22101248252707,-1.72119045657752,-9.97507570756694
4.69,-5.22610694038028,-1.72628614938331,-9.97507570756694
4.6925,-5.22610694038028,-1.72628614938331,-9.97507570756694
4.695,-5.22610694038028,-1.72628614938331,-9.97507570756694
4.6975,-5.22101248252707,-1.72628614938331,-9.98016882708919
4.7,-5.22610694038028,-1.72119045657752,-9.98016882708919
4.7025,-5.2312013982335,-1.71609476377173,-9.98016882708919
4.705,-5.22610694038028,-1.67023352851964,-9.97507570756694
4.7075,-5.22610694038028,-1.71609476377173,-9.97507570756694
4.71,-5.2312013982335,-1.71609476377173,-9.97507570756694
4.7125,-5.2312013982335,-1.72119045657752,-9.96998258804469
4.715,-5.2312013982335,-1.68042491413121,-9.97507570756694
4.7175,-5.22610694038028,-1.71609476377173,-9.98016882708919
4.72,-5.22610694038028,-1.71609476377173,-9.98016882708919
4.7225,-5.2312013982335,-1.71609476377173,-9.98016882708919
4.725,-5.22610694038028,-1.67023352851964,-9.97507570756694
4.7275,-5.22610694038028,-1.71099907096594,-9.97507570756694
4.73,-5.2312013982335,-1.71099907096594,-9.97507570756694
4.7325,-5.2312013982335,-1.71609476377173,-9.96998258804469
4.735,-5.22610694038028,-1.68042491413121,-9.97507570756694
4.7375,-5.22101248252707,-1.72119045657752,-9.97507570756694
4.74,-5.2312013982335,-1.71609476377173,-9.98526194661144
4.7425,-5.2312013982335,-1.71609476377173,-9.98016882708919
4.745,-5.22610694038028,-1.69061629974279,-9.98016882708919
4.7475,-5.22610694038028,-1.71099907096594,-9.97507570756694
4.75,-5.2312013982335,-1.70590337816015,-9.97507570756694
4.7525,-5.2312013982335,-1.71099907096594,-9.97507570756694
4.755,-5.2312013982335,-1.66513783571385,-9.96998258804469
4.7575,-5.2312013982335,-1.71099907096594,-9.97507570756694
4.76,-5.2312013982335,-1.71099907096594,-9.97507570756694
4.7625,-5.2312013982335,-1.71609476377173,-9.97507570756694
4.765,-5.2312013982335,-1.69571199254858,-9.98016882708919
4.7675,-5.22610694038028,-1.71099907096594,-9.98016882708919
4.77,-5.2312013982335,-1.70590337816015,-9.97507570756694
4.7725,-5.2312013982335,-1.70590337816015,-9.97507570756694
4.775,-5.2312013982335,-1.685520606937,-9.96998258804469
4.7775,-5.2312013982335,-1.70590337816015,-9.97507570756694
4.78,-5.2312013982335,-1.70590337816015,-9.97507570756694
4.7825,-5.2312013982335,-1.71099907096594,-9.97507570756694
4.785,-5.2312013982335,-1.71099907096594,-9.98016882708919
4.7875,-5.2312013982335,-1.70590337816015,-9.98016882708919
4.79,-5.2312013982335,-1.70590337816015,-9.98016882708919
4.7925,-5.2312013982335,-1.70590337816015,-9.97507570756694
4.795,-5.2312013982335,-1.68042491413121,-9.97507570756694
4.7975,-5.2312013982335,-1.69571199254858,-9.97507570756694
4.8,-5.2312013982335,-1.70080768535437,-9.97507570756694
4.8025,-5.2312013982335,-1.70590337816015,-9.97507570756694
4.805,-5.2312013982335,-1.69061629974279,-9.97507570756694
4.8075,-5.22610694038028,-1.70590337816015,-9.98016882708919
4.81,-5.2312013982335,-1.70590337816015,-9.98016882708919
4.8125,-5.2312013982335,-1.70590337816015,-9.98016882708919
4.815,-5.2312013982335,-1.68042491413121,-9.97507570756694
4.8175,-5.2312013982335,-1.69571199254858,-9.98016882708919
4.82,-5.2312013982335,-1.69571199254858,-9.97507570756694
4.8225,-5.23629585608671,-1.69571199254858,-9.96998258804469
4.825,-5.22610694038028,-1.66004214290806,-9.96998258804469
4.8275,-5.22610694038028,-1.70080768535437,-9.97507570756694
4.83,-5.2312013982335,-1.70590337816015,-9.98016882708919
4.8325,-5.2312013982335,-1.70590337816015,-9.98016882708919
4.835,-5.22610694038028,-1.66004214290806,-9.98016882708919
4.8375,-5.22610694038028,-1.70590337816015,-9.98016882708919
4.84,-5.2312013982335,-1.69571199254858,-9.97507570756694
4.8425,-5.2312013982335,-1.69571199254858,-9.96998258804469
4.845,-5.22610694038028,-1.67532922132543,-9.96998258804469
4.8475,-5.22610694038028,-1.69571199254858,-9.97507570756694
4.85,-5.2312013982335,-1.69571199254858,-9.97507570756694
4.8525,-5.2312013982335,-1.70590337816015,-9.98016882708919
4.855,-5.22610694038028,-1.68042491413121,-9.98016882708919
4.8575,-5.22610694038028,-1.70080768535437,-9.98016882708919
4.86,-5.2312013982335,-1.70080768535437,-9.98016882708919
4.8625,-5.2312013982335,-1.69571199254858,-9.97507570756694
4.865,-5.22610694038028,-1.64985075729648,-9.96998258804469
4.8675,-5.22610694038028,-1.69061629974279,-9.96998258804469
4.87,-5.2312013982335,-1.69061629974279,-9.96998258804469
4.8725,-5.2312013982335,-1.69571199254858,-9.97507570756694
4.875,-5.22610694038028,-1.67532922132543,-9.98016882708919
4.8775,-5.22101248252707,-1.70080768535437,-9.98016882708919
4.88,-5.22610694038028,-1.69571199254858,-9.98016882708919
4.8825,-5.22610694038028,-1.69571199254858,-9.97507570756694
4.885,-5.22101248252707,-1.70080768535437,-9.97507570756694
4.8875,-5.22610694038028,-1.69061629974279,-9.97507570756694
4.89,-5.2312013982335,-1.69571199254858,-9.95979634900019
4.8925,-5.22610694038028,-1.69571199254858,-9.97507570756694
4.895,-5.22101248252707,-1.64985075729648,-9.97507570756694
4.8975,-5.22101248252707,-1.69571199254858,-9.97507570756694
4.9,-5.22101248252707,-1.70080768535437,-9.98016882708919
4.9025,-5.22101248252707,-1.70080768535437,-9.97507570756694
4.905,-5.22101248252707,-1.65494645010227,-9.97507570756694
4.9075,-5.22101248252707,-1.69571199254858,-9.97507570756694
4.91,-5.22101248252707,-1.69571199254858,-9.97507570756694
4.9125,-5.22101248252707,-1.69571199254858,-9.96998258804469
4.915,-5.22101248252707,-1.6447550644907,-9.96998258804469
4.9175,-5.22101248252707,-1.69061629974279,-9.97507570756694
4.92,-5.22101248252707,-1.69571199254858,-9.98016882708919
4.9225,-5.22101248252707,-1.69571199254858,-9.98016882708919
4.925,-5.22101248252707,-1.65494645010227,-9.98016882708919
4.9275,-5.22101248252707,-1.70080768535437,-9.97507570756694
4.93,-5.22610694038028,-1.69571199254858,-9.97507570756694
4.9325,-5.22101248252707,-1.69571199254858,-9.96998258804469
4.935,-5.22101248252707,-1.64985075729648,-9.96998258804469
4.9375,-5.22101248252707,-1.69571199254858,-9.97507570756694
4.94,-5.22101248252707,-1.69061629974279,-9.97507570756694
4.9425,-5.22101248252707,-1.70080768535437,-9.97507570756694
4.945,-5.22101248252707,-1.67532922132543,-9.97507570756694
4.9475,-5.22101248252707,-1.69571199254858,-9.98016882708919
4.95,-5.22101248252707,-1.69571199254858,-9.97507570756694
4.9525,-5.22101248252707,-1.70080768535437,-9.97507570756694
4.955,-5.21591802467386,-1.67532922132543,-9.96998258804469
4.9575,-5.21591802467386,-1.69571199254858,-9.97507570756694
4.96,-5.22101248252707,-1.69571199254858,-9.97507570756694
4.9625,-5.21591802467386,-1.69571199254858,-9.97507570756694
4.965,-5.21591802467386,-1.64985075729648,-9.98016882708919
4.9675,-5.22101248252707,-1.69571199254858,-9.97507570756694
4.97,-5.21591802467386,-1.70080768535437,-9.97507570756694
4.9725,-5.21591802467386,-1.70080768535437,-9.97507570756694
4.975,-5.21591802467386,-1.68042491413121,-9.97507570756694
4.9775,-5.22101248252707,-1.70080768535437,-9.97507570756694
4.98,-5.22101248252707,-1.69571199254858,-9.96998258804469
4.9825,-5.21591802467386,-1.69571199254858,-9.97507570756694
4.985,-5.21591802467386,-1.69571199254858,-9.98016882708919
4.9875,-5.21591802467386,-1.69061629974279,-9.98016882708919
4.99,-5.22101248252707,-1.69571199254858,-9.97507570756694
4.9925,-5.21591802467386,-1.69571199254858,-9.97507570756694
4.995,-5.21591802467386,-1.67532922132543,-9.97507570756694
4.9975,-5.22101248252707,-1.69571199254858,-9.97507570756694
5,-5.22101248252707,-1.70080768535437,-9.97507570756694
5.0025,-5.21591802467386,-1.70080768535437,-9.97507570756694
5.005,-5.21591802467386,-1.64985075729648,-9.97507570756694
5.0075,-5.22101248252707,-1.69061629974279,-9.97507570756694
5.01,-5.21591802467386,-1.69571199254858,-9.97507570756694
5.0125,-5.21591802467386,-1.69571199254858,-9.97507570756694
5.015,-5.21591802467386,-1.64985075729648,-9.97507570756694
5.0175,-5.22101248252707,-1.69571199254858,-9.97507570756694
5.02,-5.22101248252707,-1.70080768535437,-9.96998258804469
5.0225,-5.22101248252707,-1.69571199254858,-9.97507570756694
5.025,-5.22101248252707,-1.65494645010227,-9.97507570756694
5.0275,-5.22101248252707,-1.69571199254858,-9.97507570756694
5.03,-5.22101248252707,-1.69571199254858,-9.98016882708919
5.0325,-5.22101248252707,-1.69571199254858,-9.98016882708919
5.035,-5.21591802467386,-1.67023352851964,-9.97507570756694
5.0375,-5.22610694038028,-1.70080768535437,-9.97507570756694
5.04,-5.22101248252707,-1.70080768535437,-9.97507570756694
5.0425,-5.22101248252707,-1.70590337816015,-9.96998258804469
5.045,-5.22101248252707,-1.70080768535437,-9.97507570756694
5.0475,-5.22101248252707,-1.70080768535437,-9.97507570756694
5.05,-5.22101248252707,-1.69571199254858,-9.97507570756694
5.0525,-5.22101248252707,-1.69061629974279,-9.98016882708919
5.055,-5.22101248252707,-1.67023352851964,-9.98016882708919
5.0575,-5.22101248252707,-1.69571199254858,-9.97507570756694
5.06,-5.22101248252707,-1.69571199254858,-9.97507570756694
5.0625,-5.22101248252707,-1.69571199254858,-9.96998258804469
5.065,-5.22101248252707,-1.65494645010227,-9.97507570756694
5.0675,-5.22610694038028,-1.70080768535437,-9.97507570756694
5.07,-5.22101248252707,-1.69571199254858,-9.97507570756694
5.0725,-5.21591802467386,-1.69571199254858,-9.97507570756694
5.075,-5.22101248252707,-1.64985075729648,-9.98016882708919
5.0775,-5.22610694038028,-1.69061629974279,-9.98016882708919
5.08,-5.22101248252707,-1.69571199254858,-9.97507570756694
5.0825,-5.22101248252707,-1.69061629974279,-9.97507570756694
5.085,-5.22610694038028,-1.64985075729648,-9.97507570756694
5.0875,-5.22610694038028,-1.69571199254858,-9.97507570756694
5.09,-5.22101248252707,-1.69571199254858,-9.96998258804469
5.0925,-5.22101248252707,-1.69571199254858,-9.97507570756694
5.095,-5.22610694038028,-1.64985075729648,-9.97507570756694
5.0975,-5.22101248252707,-1.69571199254858,-9.97507570756694
5.1,-5.22101248252707,-1.69061629974279,-9.98016882708919
5.1025,-5.22101248252707,-1.69061629974279,-9.97507570756694
5.105,-5.22610694038028,-1.69061629974279,-9.97507570756694
5.1075,-5.22610694038028,-1.69571199254858,-9.97507570756694
5.11,-5.22610694038028,-1.70080768535437,-9.97507570756694
5.1125,-5.22610694038028,-1.69571199254858,-9.97507570756694
5.115,-5.2312013982335,-1.69571199254858,-9.97507570756694
5.1175,-5.2312013982335,-1.69061629974279,-9.96998258804469
5.12,-5.22101248252707,-1.69571199254858,-9.98016882708919
5.1225,-5.22101248252707,-1.69061629974279,-9.98016882708919
5.125,-5.2312013982335,-1.67023352851964,-9.97507570756694
5.1275,-5.22610694038028,-1.69571199254858,-9.97507570756694
5.13,-5.22610694038028,-1.70080768535437,-9.97507570756694
5.1325,-5.22610694038028,-1.69571199254858,-9.97507570756694
5.135,-5.2312013982335,-1.67532922132543,-9.97507570756694
5.1375,-5.22610694038028,-1.69571199254858,-9.97507570756694
5.14,-5.22101248252707,-1.69061629974279,-9.97507570756694
5.1425,-5.22610694038028,-1.69061629974279,-9.97507570756694
5.145,-5.2312013982335,-1.65494645010227,-9.98016882708919
5.1475,-5.22610694038028,-1.69571199254858,-9.98016882708919
5.15,-5.22610694038028,-1.69571199254858,-9.97507570756694
5.1525,-5.22610694038028,-1.69571199254858,-9.97507570756694
5.155,-5.2312013982335,-1.64985075729648,-9.97507570756694
5.1575,-5.2312013982335,-1.70080768535437,-9.97507570756694
5.16,-5.2312013982335,-1.69571199254858,-9.97507570756694
5.1625,-5.22610694038028,-1.69571199254858,-9.97507570756694
5.165,-5.2312013982335,-1.6447550644907,-9.98016882708919
5.1675,-5.22610694038028,-1.69061629974279,-9.97507570756694
5.17,-5.22610694038028,-1.69061629974279,-9.98016882708919
5.1725,-5.22610694038028,-1.69061629974279,-9.97507570756694
5.175,-5.2312013982335,-1.64985075729648,-9.97507570756694
5.1775,-5.2312013982335,-1.69571199254858,-9.97507570756694
5.18,-5.2312013982335,-1.69571199254858,-9.97507570756694
5.1825,-5.2312013982335,-1.69571199254858,-9.97507570756694
5.185,-5.2312013982335,-1.64985075729648,-9.97507570756694
5.1875,-5.2312013982335,-1.69061629974279,-9.97507570756694
5.19,-5.2312013982335,-1.69061629974279,-9.97507570756694
5.1925,-5.2312013982335,-1.69061629974279,-9.98016882708919
5.195,-5.2312013982335,-1.67023352851964,-9.97507570756694
5.1975,-5.2312013982335,-1.69571199254858,-9.97507570756694
5.2,-5.2312013982335,-1.69571199254858,-9.97507570756694
5.2025,-5.2312013982335,-1.69061629974279,-9.97507570756694
5.205,-5.23629585608671,-1.685520606937,-9.97507570756694
5.2075,-5.23629585608671,-1.67023352851964,-9.96998258804469
5.21,-5.2312013982335,-1.69061629974279,-9.97507570756694
5.2125,-5.2312013982335,-1.69061629974279,-9.97507570756694
5.215,-5.23629585608671,-1.685520606937,-9.97507570756694
5.2175,-5.2312013982335,-1.69061629974279,-9.98016882708919
5.22,-5.2312013982335,-1.69061629974279,-9.98016882708919
5.2225,-5.23629585608671,-1.69061629974279,-9.97507570756694
5.225,-5.23629585608671,-1.69571199254858,-9.97507570756694
5.2275,-5.2312013982335,-1.69061629974279,-9.97507570756694
5.23,-5.2312013982335,-1.69061629974279,-9.96998258804469
5.2325,-5.2312013982335,-1.685520606937,-9.97507570756694
5.235,-5.23629585608671,-1.69061629974279,-9.96998258804469
5.2375,-5.2312013982335,-1.66513783571385,-9.97507570756694
5.24,-5.23629585608671,-1.69061629974279,-9.98016882708919
5.2425,-5.23629585608671,-1.69061629974279,-9.98016882708919
5.245,-5.23629585608671,-1.69061629974279,-9.97507570756694
5.2475,-5.23629585608671,-1.67532922132543,-9.97507570756694
5.25,-5.23629585608671,-1.69061629974279,-9.97507570756694
5.2525,-5.24139031393992,-1.69061629974279,-9.97507570756694
5.255,-5.23629585608671,-1.69061629974279,-9.97507570756694
5.2575,-5.2312013982335,-1.66513783571385,-9.97507570756694
5.26,-5.23629585608671,-1.685520606937,-9.97507570756694
5.2625,-5.23629585608671,-1.69061629974279,-9.98016882708919
5.265,-5.23629585608671,-1.69061629974279,-9.97507570756694
5.2675,-5.2312013982335,-1.66513783571385,-9.97507570756694
5.27,-5.23629585608671,-1.69061629974279,-9.98016882708919
5.2725,-5.25157922964634,-1.69061629974279,-9.97507570756694
5.275,-5.23629585608671,-1.69061629974279,-9.97507570756694
5.2775,-5.23629585608671,-1.63965937168491,-9.97507570756694
5.28,-5.23629585608671,-1.685520606937,-9.97507570756694
5.2825,-5.24139031393992,-1.685520606937,-9.97507570756694
5.285,-5.23629585608671,-1.685520606937,-9.97507570756694
5.2875,-5.23629585608671,-1.66513783571385,-9.98016882708919
5.29,-5.24139031393992,-1.685520606937,-9.98016882708919
5.2925,-5.24139031393992,-1.69061629974279,-9.97507570756694
5.295,-5.24139031393992,-1.69061629974279,-9.97507570756694
5.2975,-5.23629585608671,-1.66513783571385,-9.97507570756694
5.3,-5.24139031393992,-1.685520606937,-9.97507570756694
5.3025,-5.24139031393992,-1.685520606937,-9.97507570756694
5.305,-5.23629585608671,-1.685520606937,-9.97507570756694
5.3075,-5.23629585608671,-1.68042491413121,-9.97507570756694
5.31,-5.24139031393992,-1.685520606937,-9.97507570756694
5.3125,-5.24139031393992,-1.685520606937,-9.97507570756694
5.315,-5.23629585608671,-1.685520606937,-9.98016882708919
5.3175,-5.23629585608671,-1.66513783571385,-9.97507570756694
5.32,-5.24139031393992,-1.685520606937,-9.97507570756694
5.3225,-5.24139031393992,-1.685520606937,-9.96998258804469
5.325,-5.23629585608671,-1.685520606937,-9.97507570756694
5.3275,-5.24139031393992,-1.68042491413121,-9.97507570756694
5.33,-5.24139031393992,-1.68042491413121,-9.97507570756694
5.3325,-5.23629585608671,-1.68042491413121,-9.97507570756694
5.335,-5.23629585608671,-1.68042491413121,-9.98016882708919
5.3375,-5.24139031393992,-1.68042491413121,-9.98016882708919
5.34,-5.24139031393992,-1.68042491413121,-9.98016882708919
5.3425,-5.24139031393992,-1.685520606937,-9.97507570756694
5.345,-5.23629585608671,-1.685520606937,-9.97507570756694
5.3475,-5.24139031393992,-1.63965937168491,-9.97507570756694
5.35,-5.24139031393992,-1.685520606937,-9.97507570756694
5.3525,-5.24139031393992,-1.67532922132543,-9.97507570756694
5.355,-5.24139031393992,-1.68042491413121,-9.97507570756694
5.3575,-5.24139031393992,-1.65494645010227,-9.98016882708919
5.36,-5.24139031393992,-1.68042491413121,-9.97507570756694
5.3625,-5.23629585608671,-1.685520606937,-9.97507570756694
5.365,-5.24139031393992,-1.685520606937,-9.97507570756694
5.3675,-5.24139031393992,-1.63965937168491,-9.97507570756694
5.37,-5.24139031393992,-1.685520606937,-9.96998258804469
5.3725,-5.24139031393992,-1.685520606937,-9.96998258804469
5.375,-5.24139031393992,-1.68042491413121,-9.97507570756694
5.3775,-5.24139031393992,-1.63456367887912,-9.97507570756694
5.38,-5.24139031393992,-1.67532922132543,-9.97507570756694
5.3825,-5.24139031393992,-1.67532922132543,-9.97507570756694
5.385,-5.24139031393992,-1.67532922132543,-9.98016882708919
5.3875,-5.24139031393992,-1.65494645010227,-9.97507570756694
5.39,-5.24139031393992,-1.685520606937,-9.97507570756694
5.3925,-5.24139031393992,-1.68042491413121,-9.97507570756694
5.395,-5.24139031393992,-1.68042491413121,-9.97507570756694
5.3975,-5.24648477179313,-1.63965937168491,-9.97507570756694
5.4,-5.24139031393992,-1.68042491413121,-9.97507570756694
5.4025,-5.24139031393992,-1.67532922132543,-9.98016882708919
5.405,-5.24139031393992,-1.67532922132543,-9.98016882708919
5.4075,-5.24139031393992,-1.67532922132543,-9.97507570756694
5.41,-5.24139031393992,-1.67532922132543,-9.97507570756694
5.4125,-5.24139031393992,-1.67023352851964,-9.97507570756694
5.415,-5.24648477179313,-1.67532922132543,-9.97507570756694
5.4175,-5.24648477179313,-1.63456367887912,-9.97507570756694
5.42,-5.24139031393992,-1.67532922132543,-9.96998258804469
5.4225,-5.24139031393992,-1.67532922132543,-9.97507570756694
5.425,-5.24648477179313,-1.67532922132543,-9.97507570756694
5.4275,-5.24139031393992,-1.65494645010227,-9.97507570756694
5.43,-5.23629585608671,-1.67023352851964,-9.98016882708919
5.4325,-5.24139031393992,-1.67023352851964,-9.98016882708919
5.435,-5.24648477179313,-1.67023352851964,-9.98016882708919
5.4375,-5.24139031393992,-1.62946798607333,-9.97507570756694
5.44,-5.23629585608671,-1.67532922132543,-9.97507570756694
5.4425,-5.24139031393992,-1.67532922132543,-9.97507570756694
5.445,-5.24648477179313,-1.67532922132543,-9.96998258804469
5.4475,-5.24139031393992,-1.65494645010227,-9.97507570756694
5.45,-5.23629585608671,-1.67023352851964,-9.97507570756694
5.4525,-5.24139031393992,-1.67023352851964,-9.98016882708919
5.455,-5.24648477179313,-1.67023352851964,-9.97507570756694
5.4575,-5.23629585608671,-1.62437229326754,-9.97507570756694
5.46,-5.23629585608671,-1.67023352851964,-9.97507570756694
5.4625,-5.24139031393992,-1.67532922132543,-9.97507570756694
5.465,-5.24648477179313,-1.67532922132543,-9.97507570756694
5.4675,-5.24139031393992,-1.65494645010227,-9.97507570756694
5.47,-5.23629585608671,-1.67023352851964,-9.97507570756694
5.4725,-5.24139031393992,-1.67532922132543,-9.97507570756694
5.475,-5.24139031393992,-1.67023352851964,-9.97507570756694
5.4775,-5.23629585608671,-1.62437229326754,-9.97507570756694
5.48,-5.23629585608671,-1.66513783571385,-9.98016882708919
5.4825,-5.24139031393992,-1.67023352851964,-9.98016882708919
5.485,-5.24139031393992,-1.67023352851964,-9.97507570756694
5.4875,-5.23629585608671,-1.67023352851964,-9.97507570756694
5.49,-5.23629585608671,-1.67023352851964,-9.97507570756694
5.4925,-5.24648477179313,-1.67023352851964,-9.97507570756694
5.495,-5.23629585608671,-1.66513783571385,-9.96998258804469
5.4975,-5.23629585608671,-1.63965937168491,-9.97507570756694
5.5,-5.24139031393992,-1.66513783571385,-9.97507570756694
5.5025,-5.24139031393992,-1.66513783571385,-9.98016882708919
5.505,-5.23629585608671,-1.66513783571385,-9.97507570756694
5.5075,-5.21591802467386,-1.6447550644907,-9.97507570756694
5.51,-5.24139031393992,-1.66513783571385,-9.98016882708919
5.5125,-5.24648477179313,-1.66513783571385,-9.97507570756694
5.515,-5.24139031393992,-1.66513783571385,-9.97507570756694
5.5175,-5.23629585608671,-1.66004214290806,-9.97507570756694
5.52,-5.24139031393992,-1.66004214290806,-9.97507570756694
5.5225,-5.24139031393992,-1.66004214290806,-9.97507570756694
5.525,-5.24139031393992,-1.66004214290806,-9.97507570756694
5.5275,-5.23629585608671,-1.61418090765596,-9.98016882708919
5.53,-5.24139031393992,-1.66004214290806,-9.98016882708919
5.5325,-5.24648477179313,-1.66513783571385,-9.97507570756694
5.535,-5.24139031393992,-1.66513783571385,-9.97507570756694
5.5375,-5.23629585608671,-1.66004214290806,-9.97507570756694
5.54,-5.24139031393992,-1.66004214290806,-9.97507570756694
5.5425,-5.24139031393992,-1.65494645010227,-9.96998258804469
5.545,-5.24139031393992,-1.65494645010227,-9.97507570756694
5.5475,-5.24139031393992,-1.65494645010227,-9.97507570756694
5.55,-5.24139031393992,-1.65494645010227,-9.98016882708919
5.5525,-5.24139031393992,-1.66004214290806,-9.97507570756694
5.555,-5.24139031393992,-1.66004214290806,-9.98016882708919
5.5575,-5.24139031393992,-1.63456367887912,-9.98016882708919
5.56,-5.24648477179313,-1.66004214290806,-9.97507570756694
5.5625,-5.24139031393992,-1.66513783571385,-9.97507570756694
5.565,-5.24139031393992,-1.65494645010227,-9.97507570756694
5.5675,-5.24648477179313,-1.65494645010227,-9.97507570756694
5.57,-5.24648477179313,-1.65494645010227,-9.97507570756694
5.5725,-5.24139031393992,-1.65494645010227,-9.97507570756694
5.575,-5.24139031393992,-1.65494645010227,-9.97507570756694
5.5775,-5.24139031393992,-1.61418090765596,-9.98016882708919
5.58,-5.24648477179313,-1.66004214290806,-9.98016882708919
5.5825,-5.24139031393992,-1.66513783571385,-9.97507570756694
5.585,-5.24139031393992,-1.66004214290806,-9.97507570756694
5.5875,-5.24648477179313,-1.63456367887912,-9.97507570756694
5.59,-5.24648477179313,-1.65494645010227,-9.96998258804469
5.5925,-5.24139031393992,-1.65494645010227,-9.97507570756694
5.595,-5.24139031393992,-1.64985075729648,-9.97507570756694
5.5975,-5.24648477179313,-1.60908521485018,-9.97507570756694
5.6,-5.24648477179313,-1.65494645010227,-9.97507570756694
5.6025,-5.24139031393992,-1.65494645010227,-9.97507570756694
5.605,-5.24139031393992,-1.66004214290806,-9.98016882708919
5.6075,-5.24648477179313,-1.61418090765596,-9.98016882708919
5.61,-5.24139031393992,-1.66004214290806,-9.97507570756694
5.6125,-5.24139031393992,-1.65494645010227,-9.97507570756694
5.615,-5.24139031393992,-1.64985075729648,-9.97507570756694
5.6175,-5.24648477179313,-1.64985075729648,-9.97507570756694
5.62,-5.24648477179313,-1.65494645010227,-9.97507570756694
5.6225,-5.24648477179313,-1.65494645010227,-9.97507570756694
5.625,-5.24648477179313,-1.65494645010227,-9.97507570756694
5.6275,-5.24648477179313,-1.63965937168491,-9.98016882708919
5.63,-5.24139031393992,-1.66513783571385,-9.98016882708919
5.6325,-5.24139031393992,-1.66004214290806,-9.98016882708919
5.635,-5.24648477179313,-1.64985075729648,-9.97507570756694
5.6375,-5.25157922964634,-1.62946798607333,-9.97507570756694
5.64,-5.24648477179313,-1.64985075729648,-9.97507570756694
5.6425,-5.24139031393992,-1.6447550644907,-9.97507570756694
5.645,-5.25157922964634,-1.64985075729648,-9.97507570756694
5.6475,-5.24648477179313,-1.64985075729648,-9.97507570756694
5.65,-5.24648477179313,-1.65494645010227,-9.98016882708919
5.6525,-5.24139031393992,-1.66004214290806,-9.98016882708919
5.655,-5.24648477179313,-1.66004214290806,-9.98016882708919
5.6575,-5.24648477179313,-1.60908521485018,-9.98016882708919
5.66,-5.24648477179313,-1.64985075729648,-9.97507570756694
5.6625,-5.24648477179313,-1.6447550644907,-9.97507570756694
5.665,-5.25157922964634,-1.6447550644907,-9.97507570756694
5.6675,-5.24648477179313,-1.6447550644907,-9.96998258804469
5.67,-5.24648477179313,-1.64985075729648,-9.97507570756694
5.6725,-5.24648477179313,-1.64985075729648,-9.97507570756694
5.675,-5.25157922964634,-1.65494645010227,-9.97507570756694
5.6775,-5.24648477179313,-1.61418090765596,-9.97507570756694
5.68,-5.24139031393992,-1.65494645010227,-9.98016882708919
5.6825,-5.24648477179313,-1.64985075729648,-9.98016882708919
5.685,-5.24648477179313,-1.64985075729648,-9.97507570756694
5.6875,-5.24648477179313,-1.6447550644907,-9.97507570756694
5.69,-5.24648477179313,-1.6447550644907,-9.97507570756694
5.6925,-5.24648477179313,-1.64985075729648,-9.96998258804469
5.695,-5.25157922964634,-1.64985075729648,-9.97507570756694
5.6975,-5.24648477179313,-1.64985075729648,-9.97507570756694
5.7,-5.24139031393992,-1.64985075729648,-9.98016882708919
5.7025,-5.24648477179313,-1.65494645010227,-9.98016882708919
5.705,-5.24648477179313,-1.65494645010227,-9.98016882708919
5.7075,-5.24648477179313,-1.60398952204439,-9.98016882708919
5.71,-5.24648477179313,-1.6447550644907,-9.98016882708919
5.7125,-5.24648477179313,-1.6447550644907,-9.97507570756694
5.715,-5.25157922964634,-1.6447550644907,-9.96998258804469
5.7175,-5.24648477179313,-1.62437229326754,-9.97507570756694
5.72,-5.24648477179313,-1.64985075729648,-9.97507570756694
5.7225,-5.25157922964634,-1.64985075729648,-9.97507570756694
5.725,-5.24648477179313,-1.64985075729648,-9.98016882708919
5.7275,-5.24139031393992,-1.64985075729648,-9.98016882708919
5.73,-5.24648477179313,-1.6447550644907,-9.98016882708919
5.7325,-5.25157922964634,-1.6447550644907,-9.97507570756694
5.735,-5.24648477179313,-1.6447550644907,-9.97507570756694
5.7375,-5.24648477179313,-1.62437229326754,-9.97507570756694
5.74,-5.25157922964634,-1.6447550644907,-9.97507570756694
5.7425,-5.25157922964634,-1.64985075729648,-9.96998258804469
5.745,-5.24648477179313,-1.64985075729648,-9.97507570756694
5.7475,-5.25157922964634,-1.62946798607333,-9.98016882708919
5.75,-5.25157922964634,-1.64985075729648,-9.98016882708919
5.7525,-5.25157922964634,-1.64985075729648,-9.98016882708919
5.755,-5.24648477179313,-1.64985075729648,-9.98016882708919
5.7575,-5.24648477179313,-1.5988938292386,-9.97507570756694
5.76,-5.25157922964634,-1.6447550644907,-9.97507570756694
5.7625,-5.25157922964634,-1.64985075729648,-9.96998258804469
5.765,-5.25157922964634,-1.64985075729648,-9.97507570756694
5.7675,-5.25157922964634,-1.60908521485018,-9.97507570756694
5.77,-5.25157922964634,-1.65494645010227,-9.97507570756694
5.7725,-5.25157922964634,-1.65494645010227,-9.97507570756694
5.775,-5.24648477179313,-1.64985075729648,-9.98016882708919
5.7775,-5.25157922964634,-1.60398952204439,-9.98016882708919
5.78,-5.25157922964634,-1.6447550644907,-9.98016882708919
5.7825,-5.24648477179313,-1.6447550644907,-9.97507570756694
5.785,-5.24648477179313,-1.6447550644907,-9.97507570756694
5.7875,-5.25157922964634,-1.60398952204439,-9.97507570756694
5.79,-5.25157922964634,-1.64985075729648,-9.97507570756694
5.7925,-5.25157922964634,-1.66004214290806,-9.97507570756694
5.795,-5.25157922964634,-1.64985075729648,-9.97507570756694
5.7975,-5.25157922964634,-1.64985075729648,-9.97507570756694
5.8,-5.25157922964634,-1.64985075729648,-9.97507570756694
5.8025,-5.24648477179313,-1.6447550644907,-9.98016882708919
5.805,-5.27195706105918,-1.6447550644907,-9.97507570756694
5.8075,-5.25157922964634,-1.60398952204439,-9.98016882708919
5.81,-5.25157922964634,-1.64985075729648,-9.98016882708919
5.8125,-5.25157922964634,-1.64985075729648,-9.97507570756694
5.815,-5.25157922964634,-1.64985075729648,-9.97507570756694
5.8175,-5.25157922964634,-1.62946798607333,-9.97507570756694
5.82,-5.25157922964634,-1.64985075729648,-9.96998258804469
5.8225,-5.24648477179313,-1.6447550644907,-9.97507570756694
5.825,-5.25157922964634,-1.6447550644907,-9.97507570756694
5.8275,-5.25157922964634,-1.6447550644907,-9.98016882708919
5.83,-5.25157922964634,-1.6447550644907,-9.98016882708919
5.8325,-5.25157922964634,-1.6447550644907,-9.98016882708919
5.835,-5.25157922964634,-1.64985075729648,-9.97507570756694
5.8375,-5.25157922964634,-1.62946798607333,-9.97507570756694
5.84,-5.25157922964634,-1.64985075729648,-9.97507570756694
5.8425,-5.25157922964634,-1.6447550644907,-9.97507570756694
5.845,-5.25157922964634,-1.6447550644907,-9.97507570756694
5.8475,-5.25157922964634,-1.60908521485018,-9.97507570756694
5.85,-5.25157922964634,-1.6447550644907,-9.97507570756694
5.8525,-5.25157922964634,-1.6447550644907,-9.97507570756694
5.855,-5.25157922964634,-1.6447550644907,-9.98016882708919
5.8575,-5.25157922964634,-1.64985075729648,-9.97507570756694
5.86,-5.24648477179313,-1.64985075729648,-9.97507570756694
5.8625,-5.25157922964634,-1.64985075729648,-9.97507570756694
5.865,-5.25157922964634,-1.64985075729648,-9.97507570756694
5.8675,-5.25157922964634,-1.6447550644907,-9.97507570756694
5.87,-5.24648477179313,-1.6447550644907,-9.97507570756694
5.8725,-5.25157922964634,-1.6447550644907,-9.97507570756694
5.875,-5.25157922964634,-1.64985075729648,-9.97507570756694
5.8775,-5.25157922964634,-1.60398952204439,-9.97507570756694
5.88,-5.25157922964634,-1.65494645010227,-9.98016882708919
5.8825,-5.25667368749955,-1.65494645010227,-9.98016882708919
5.885,-5.25157922964634,-1.64985075729648,-9.97507570756694
5.8875,-5.25157922964634,-1.62946798607333,-9.97507570756694
5.89,-5.25157922964634,-1.6447550644907,-9.97507570756694
5.8925,-5.25667368749955,-1.6447550644907,-9.97507570756694
5.895,-5.25157922964634,-1.6447550644907,-9.96998258804469
5.8975,-5.25157922964634,-1.64985075729648,-9.97507570756694
5.9,-5.25157922964634,-1.64985075729648,-9.97507570756694
5.9025,-5.25667368749955,-1.65494645010227,-9.98016882708919
5.905,-5.25157922964634,-1.64985075729648,-9.98016882708919
5.9075,-5.25157922964634,-1.62946798607333,-9.97507570756694
5.91,-5.25157922964634,-1.6447550644907,-9.97507570756694
5.9125,-5.25667368749955,-1.64985075729648,-9.97507570756694
5.915,-5.25157922964634,-1.6447550644907,-9.96998258804469
5.9175,-5.25157922964634,-1.60398952204439,-9.97507570756694
5.92,-5.25157922964634,-1.6447550644907,-9.96998258804469
5.9225,-5.25157922964634,-1.64985075729648,-9.97507570756694
5.925,-5.25157922964634,-1.65494645010227,-9.97507570756694
5.9275,-5.25157922964634,-1.62946798607333,-9.98016882708919
5.93,-5.25157922964634,-1.64985075729648,-9.98016882708919
5.9325,-5.25157922964634,-1.64985075729648,-9.97507570756694
5.935,-5.25157922964634,-1.6447550644907,-9.97507570756694
5.9375,-5.25157922964634,-1.61927660046175,-9.97507570756694
5.94,-5.25667368749955,-1.63965937168491,-9.97507570756694
5.9425,-5.25157922964634,-1.6447550644907,-9.96998258804469
5.945,-5.25667368749955,-1.64985075729648,-9.96998258804469
5.9475,-5.25157922964634,-1.62437229326754,-9.97507570756694
5.95,-5.25667368749955,-1.64985075729648,-9.97507570756694
5.9525,-5.25667368749955,-1.64985075729648,-9.97507570756694
5.955,-5.25667368749955,-1.6447550644907,-9.98016882708919
5.9575,-5.25157922964634,-1.5988938292386,-9.98016882708919
5.96,-5.25667368749955,-1.6447550644907,-9.97507570756694
5.9625,-5.25667368749955,-1.6447550644907,-9.97507570756694
5.965,-5.25667368749955,-1.63965937168491,-9.98016882708919
5.9675,-5.26176814535276,-1.5988938292386,-9.96998258804469
5.97,-5.25667368749955,-1.64985075729648,-9.97507570756694
5.9725,-5.25667368749955,-1.63456367887912,-9.97507570756694
5.975,-5.25667368749955,-1.6447550644907,-9.97507570756694
5.9775,-5.25667368749955,-1.62437229326754,-9.97507570756694
5.98,-5.25667368749955,-1.6447550644907,-9.98016882708919
5.9825,-5.25157922964634,-1.63965937168491,-9.97507570756694
5.985,-5.25667368749955,-1.63456367887912,-9.97507570756694
5.9875,-5.25667368749955,-1.61418090765596,-9.97507570756694
5.99,-5.25667368749955,-1.6447550644907,-9.96998258804469
5.9925,-5.25667368749955,-1.6447550644907,-9.96998258804469
5.995,-5.25667368749955,-1.6447550644907,-9.97507570756694
5.9975,-5.26176814535276,-1.61927660046175,-9.97507570756694
6,-5.25667368749955,-1.63965937168491,-9.97507570756694
6.0025,-5.25667368749955,-1.63965937168491,-9.98016882708919
6.005,-5.25667368749955,-1.62946798607333,-9.98016882708919
6.0075,-5.25667368749955,-1.63456367887912,-9.97507570756694
6.01,-5.25157922964634,-1.63456367887912,-9.97507570756694
6.0125,-5.25667368749955,-1.62946798607333,-9.97507570756694
6.015,-5.26176814535276,-1.63965937168491,-9.97507570756694
6.0175,-5.26176814535276,-1.61927660046175,-9.97507570756694
6.02,-5.25667368749955,-1.63456367887912,-9.97507570756694
6.0225,-5.25667368749955,-1.63456367887912,-9.97507570756694
6.025,-5.26176814535276,-1.63456367887912,-9.98016882708919
6.0275,-5.25667368749955,-1.58870244362702,-9.97507570756694
6.03,-5.25667368749955,-1.63456367887912,-9.98016882708919
6.0325,-5.25667368749955,-1.63456367887912,-9.98016882708919
6.035,-5.26176814535276,-1.63456367887912,-9.98016882708919
6.0375,-5.25157922964634,-1.59379813643281,-9.97507570756694
6.04,-5.25667368749955,-1.63456367887912,-9.97507570756694
6.0425,-5.26176814535276,-1.62946798607333,-9.97507570756694
6.045,-5.25667368749955,-1.62946798607333,-9.96998258804469
6.0475,-5.25667368749955,-1.60908521485018,-9.96998258804469
6.05,-5.25667368749955,-1.62437229326754,-9.97507570756694
6.0525,-5.26176814535276,-1.62946798607333,-9.97507570756694
6.055,-5.26176814535276,-1.63456367887912,-9.97507570756694
6.0575,-5.25667368749955,-1.63456367887912,-9.97507570756694
6.06,-5.25667368749955,-1.63456367887912,-9.98016882708919
6.0625,-5.26176814535276,-1.63456367887912,-9.98016882708919
6.065,-5.25667368749955,-1.62437229326754,-9.97507570756694
6.0675,-5.25667368749955,-1.60398952204439,-9.97507570756694
6.07,-5.26176814535276,-1.62437229326754,-9.97507570756694
6.0725,-5.26176814535276,-1.62437229326754,-9.96998258804469
6.075,-5.26176814535276,-1.62437229326754,-9.96998258804469
6.0775,-5.26176814535276,-1.62946798607333,-9.97507570756694
6.08,-5.26176814535276,-1.62946798607333,-9.97507570756694
6.0825,-5.26686260320597,-1.62946798607333,-9.98016882708919
6.085,-5.25667368749955,-1.63456367887912,-9.98016882708919
6.0875,-5.25667368749955,-1.58870244362702,-9.97507570756694
6.09,-5.26176814535276,-1.62437229326754,-9.97507570756694
6.0925,-5.26176814535276,-1.62437229326754,-9.97507570756694
6.095,-5.26176814535276,-1.62437229326754,-9.97507570756694
6.0975,-5.26176814535276,-1.5988938292386,-9.96998258804469
6.1,-5.26176814535276,-1.62437229326754,-9.97507570756694
6.1025,-5.26176814535276,-1.62946798607333,-9.97507570756694
6.105,-5.26176814535276,-1.62946798607333,-9.97507570756694
6.1075,-5.26176814535276,-1.58870244362702,-9.98016882708919
6.11,-5.26176814535276,-1.62437229326754,-9.98016882708919
6.1125,-5.25667368749955,-1.62437229326754,-9.98016882708919
6.115,-5.25667368749955,-1.62437229326754,-9.98016882708919
6.1175,-5.26176814535276,-1.60398952204439,-9.97507570756694
6.12,-5.26176814535276,-1.62437229326754,-9.97507570756694
6.1225,-5.26176814535276,-1.62437229326754,-9.96998258804469
6.125,-5.26176814535276,-1.62437229326754,-9.97507570756694
6.1275,-5.26176814535276,-1.62437229326754,-9.96998258804469
6.13,-5.26176814535276,-1.62946798607333,-9.97507570756694
6.1325,-5.25667368749955,-1.62437229326754,-9.97507570756694
6.135,-5.26176814535276,-1.61927660046175,-9.98016882708919
6.1375,-5.26176814535276,-1.61927660046175,-9.98016882708919
6.14,-5.26176814535276,-1.60398952204439,-9.97507570756694
6.1425,-5.26176814535276,-1.62437229326754,-9.97507570756694
6.145,-5.26176814535276,-1.61927660046175,-9.98016882708919
6.1475,-5.26686260320597,-1.62437229326754,-9.97507570756694
6.15,-5.26176814535276,-1.60398952204439,-9.97507570756694
6.1525,-5.25667368749955,-1.62437229326754,-9.97507570756694
6.155,-5.26686260320597,-1.61927660046175,-9.97507570756694
6.1575,-5.26686260320597,-1.61927660046175,-9.97507570756694
6.16,-5.26176814535276,-1.5988938292386,-9.97507570756694
6.1625,-5.26176814535276,-1.61927660046175,-9.98016882708919
6.165,-5.26176814535276,-1.61927660046175,-9.98016882708919
6.1675,-5.26176814535276,-1.62437229326754,-9.97507570756694
6.17,-5.26176814535276,-1.57851105801545,-9.97507570756694
6.1725,-5.26176814535276,-1.61927660046175,-9.97507570756694
6.175,-5.26686260320597,-1.61927660046175,-9.97507570756694
6.1775,-5.26176814535276,-1.61927660046175,-9.96998258804469
6.18,-5.26176814535276,-1.59379813643281,-9.97507570756694
6.1825,-5.26176814535276,-1.61418090765596,-9.97507570756694
6.185,-5.26176814535276,-1.61418090765596,-9.97507570756694
6.1875,-5.26176814535276,-1.62437229326754,-9.97507570756694
6.19,-5.25667368749955,-1.57851105801545,-9.98016882708919
6.1925,-5.26176814535276,-1.62437229326754,-9.97507570756694
6.195,-5.26176814535276,-1.62437229326754,-9.97507570756694
6.1975,-5.25667368749955,-1.61927660046175,-9.97507570756694
6.2,-5.25667368749955,-1.59379813643281,-9.97507570756694
6.2025,-5.26176814535276,-1.61418090765596,-9.97507570756694
6.205,-5.26176814535276,-1.61418090765596,-9.96998258804469
6.2075,-5.26176814535276,-1.61927660046175,-9.96998258804469
6.21,-5.25667368749955,-1.61418090765596,-9.97507570756694
6.2125,-5.26176814535276,-1.61927660046175,-9.97507570756694
6.215,-5.26176814535276,-1.61927660046175,-9.97507570756694
6.2175,-5.25667368749955,-1.61927660046175,-9.98016882708919
6.22,-5.26176814535276,-1.61418090765596,-9.97507570756694
6.2225,-5.26176814535276,-1.61418090765596,-9.97507570756694
6.225,-5.26176814535276,-1.61418090765596,-9.97507570756694
6.2275,-5.25667368749955,-1.60908521485018,-9.97507570756694
6.23,-5.26176814535276,-1.58870244362702,-9.97507570756694
6.2325,-5.26176814535276,-1.61418090765596,-9.96998258804469
6.235,-5.26176814535276,-1.61927660046175,-9.97507570756694
6.2375,-5.26176814535276,-1.61927660046175,-9.97507570756694
6.24,-5.26176814535276,-1.5988938292386,-9.98016882708919
6.2425,-5.26176814535276,-1.61927660046175,-9.98016882708919
6.245,-5.25667368749955,-1.61927660046175,-9.98016882708919
6.2475,-5.25667368749955,-1.61418090765596,-9.97507570756694
6.25,-5.26176814535276,-1.61418090765596,-9.97507570756694
6.2525,-5.26176814535276,-1.60908521485018,-9.97507570756694
6.255,-5.26176814535276,-1.61418090765596,-9.96998258804469
6.2575,-5.26176814535276,-1.61927660046175,-9.97507570756694
6.26,-5.26176814535276,-1.5988938292386,-9.96998258804469
6.2625,-5.26176814535276,-1.62437229326754,-9.97507570756694
6.265,-5.25667368749955,-1.62437229326754,-9.97507570756694
6.2675,-5.26176814535276,-1.61927660046175,-9.98016882708919
6.27,-5.26176814535276,-1.61418090765596,-9.98016882708919
6.2725,-5.25667368749955,-1.61418090765596,-9.98016882708919
6.275,-5.26176814535276,-1.61418090765596,-9.97507570756694
6.2775,-5.26686260320597,-1.61418090765596,-9.97507570756694
6.28,-5.26176814535276,-1.57851105801545,-9.96998258804469
6.2825,-5.26176814535276,-1.61927660046175,-9.97507570756694
6.285,-5.26176814535276,-1.61418090765596,-9.97507570756694
6.2875,-5.26686260320597,-1.61927660046175,-9.96998258804469
6.29,-5.26176814535276,-1.57341536520966,-9.97507570756694
6.2925,-5.26176814535276,-1.61418090765596,-9.97507570756694
6.295,-5.26176814535276,-1.60908521485018,-9.98016882708919
6.2975,-5.26686260320597,-1.61418090765596,-9.97507570756694
6.3,-5.27195706105918,-1.57341536520966,-9.97507570756694
6.3025,-5.26176814535276,-1.61418090765596,-9.98016882708919
6.305,-5.26686260320597,-1.61927660046175,-9.97507570756694
6.3075,-5.26686260320597,-1.61927660046175,-9.96998258804469
6.31,-5.26176814535276,-1.59379813643281,-9.97507570756694
6.3125,-5.26176814535276,-1.61418090765596,-9.97507570756694
6.315,-5.26686260320597,-1.61418090765596,-9.97507570756694
6.3175,-5.26686260320597,-1.61418090765596,-9.97507570756694
6.32,-5.26176814535276,-1.57341536520966,-9.97507570756694
6.3225,-5.26176814535276,-1.61927660046175,-9.98016882708919
6.325,-5.26686260320597,-1.61927660046175,-9.97507570756694
6.3275,-5.26176814535276,-1.61927660046175,-9.97507570756694
6.33,-5.26176814535276,-1.59379813643281,-9.97507570756694
6.3325,-5.26176814535276,-1.61418090765596,-9.97507570756694
6.335,-5.26686260320597,-1.61418090765596,-9.96998258804469
6.3375,-5.26176814535276,-1.61418090765596,-9.96998258804469
6.34,-5.26176814535276,-1.56831967240387,-9.97507570756694
6.3425,-5.26686260320597,-1.60908521485018,-9.97507570756694
6.345,-5.26686260320597,-1.61927660046175,-9.97507570756694
6.3475,-5.26176814535276,-1.62437229326754,-9.97507570756694
6.35,-5.26686260320597,-1.59379813643281,-9.98016882708919
6.3525,-5.26686260320597,-1.61927660046175,-9.98016882708919
6.355,-5.26176814535276,-1.61418090765596,-9.97507570756694
6.3575,-5.26176814535276,-1.61418090765596,-9.97507570756694
6.36,-5.26176814535276,-1.58870244362702,-9.97507570756694
6.3625,-5.26686260320597,-1.61418090765596,-9.96998258804469
6.365,-5.26176814535276,-1.61418090765596,-9.96998258804469
6.3675,-5.26176814535276,-1.61927660046175,-9.97507570756694
6.37,-5.26686260320597,-1.61927660046175,-9.97507570756694
6.3725,-5.26686260320597,-1.62437229326754,-9.98016882708919
6.375,-5.26176814535276,-1.61927660046175,-9.98016882708919
6.3775,-5.26176814535276,-1.61418090765596,-9.98016882708919
6.38,-5.26686260320597,-1.58870244362702,-9.98016882708919
6.3825,-5.26176814535276,-1.60908521485018,-9.97507570756694
6.385,-5.26176814535276,-1.60908521485018,-9.97507570756694
6.3875,-5.26686260320597,-1.61418090765596,-9.97507570756694
6.39,-5.26686260320597,-1.57341536520966,-9.96998258804469
6.3925,-5.27195706105918,-1.62437229326754,-9.96998258804469
6.395,-5.26176814535276,-1.61927660046175,-9.97507570756694
6.3975,-5.26686260320597,-1.61927660046175,-9.97507570756694
6.4,-5.26686260320597,-1.59379813643281,-9.98016882708919
6.4025,-5.26176814535276,-1.61418090765596,-9.97507570756694
6.405,-5.26176814535276,-1.60908521485018,-9.98016882708919
6.4075,-5.26686260320597,-1.60908521485018,-9.98016882708919
6.41,-5.26176814535276,-1.58870244362702,-9.97507570756694
6.4125,-5.26686260320597,-1.61927660046175,-9.97507570756694
6.415,-5.26686260320597,-1.61418090765596,-9.97507570756694
6.4175,-5.27195706105918,-1.61418090765596,-9.97507570756694
6.42,-5.26686260320597,-1.59379813643281,-9.97507570756694
6.4225,-5.26686260320597,-1.61418090765596,-9.97507570756694
6.425,-5.26176814535276,-1.60908521485018,-9.97507570756694
6.4275,-5.27195706105918,-1.60908521485018,-9.97507570756694
6.43,-5.26176814535276,-1.59379813643281,-9.97507570756694
6.4325,-5.26686260320597,-1.60908521485018,-9.98016882708919
6.435,-5.26686260320597,-1.61418090765596,-9.97507570756694
6.4375,-5.26686260320597,-1.61927660046175,-9.97507570756694
6.44,-5.26686260320597,-1.58870244362702,-9.97507570756694
6.4425,-5.26686260320597,-1.61418090765596,-9.97507570756694
6.445,-5.27195706105918,-1.60908521485018,-9.97507570756694
6.4475,-5.26686260320597,-1.60908521485018,-9.96998258804469
6.45,-5.26686260320597,-1.58870244362702,-9.97507570756694
6.4525,-5.26176814535276,-1.60908521485018,-9.98016882708919
6.455,-5.27195706105918,-1.61418090765596,-9.98016882708919
6.4575,-5.26176814535276,-1.61927660046175,-9.97507570756694
6.46,-5.26686260320597,-1.56831967240387,-9.98016882708919
6.4625,-5.27195706105918,-1.60908521485018,-9.97507570756694
6.465,-5.26686260320597,-1.60908521485018,-9.97507570756694
6.4675,-5.26686260320597,-1.60398952204439,-9.97507570756694
6.47,-5.26686260320597,-1.56322397959808,-9.97507570756694
6.4725,-5.26686260320597,-1.60908521485018,-9.97507570756694
6.475,-5.26686260320597,-1.61418090765596,-9.97507570756694
6.4775,-5.26686260320597,-1.61418090765596,-9.98016882708919
6.48,-5.26686260320597,-1.56831967240387,-9.98016882708919
6.4825,-5.27195706105918,-1.61418090765596,-9.98016882708919
6.485,-5.26686260320597,-1.61418090765596,-9.98016882708919
6.4875,-5.26176814535276,-1.60908521485018,-9.97507570756694
6.49,-5.27195706105918,-1.58360675082123,-9.97507570756694
6.4925,-5.27195706105918,-1.60398952204439,-9.96998258804469
6.495,-5.26686260320597,-1.60398952204439,-9.97507570756694
6.4975,-5.26686260320597,-1.60398952204439,-9.97507570756694
6.5,-5.27195706105918,-1.58870244362702,-9.97507570756694
6.5025,-5.26686260320597,-1.61418090765596,-9.97507570756694
6.505,-5.26686260320597,-1.61418090765596,-9.98016882708919
6.5075,-5.26686260320597,-1.60908521485018,-9.98016882708919
6.51,-5.26686260320597,-1.60398952204439,-9.98016882708919
6.5125,-5.26686260320597,-1.60908521485018,-9.97507570756694
6.515,-5.26686260320597,-1.60398952204439,-9.97507570756694
6.5175,-5.27195706105918,-1.60398952204439,-9.97507570756694
6.52,-5.27195706105918,-1.56322397959808,-9.96998258804469
6.5225,-5.26686260320597,-1.60908521485018,-9.96998258804469
6.525,-5.26686260320597,-1.60908521485018,-9.97507570756694
6.5275,-5.27195706105918,-1.60908521485018,-9.97507570756694
6.53,-5.26686260320597,-1.56322397959808,-9.97507570756694
6.5325,-5.26176814535276,-1.60908521485018,-9.98016882708919
6.535,-5.26176814535276,-1.60398952204439,-9.98016882708919
6.5375,-5.27195706105918,-1.60398952204439,-9.97507570756694
6.54,-5.26686260320597,-1.58360675082123,-9.96998258804469
6.5425,-5.27195706105918,-1.60398952204439,-9.97507570756694
6.545,-5.27195706105918,-1.60398952204439,-9.97507570756694
6.5475,-5.27705151891239,-1.60908521485018,-9.96998258804469
6.55,-5.27195706105918,-1.58360675082123,-9.97507570756694
6.5525,-5.27195706105918,-1.60908521485018,-9.98016882708919
6.555,-5.27195706105918,-1.60398952204439,-9.98016882708919
6.5575,-5.27195706105918,-1.60398952204439,-9.98016882708919
6.56,-5.26686260320597,-1.55812828679229,-9.98016882708919
6.5625,-5.26686260320597,-1.5988938292386,-9.97507570756694
6.565,-5.27195706105918,-1.60398952204439,-9.97507570756694
6.5675,-5.27195706105918,-1.60908521485018,-9.96998258804469
6.57,-5.27195706105918,-1.56322397959808,-9.97507570756694
6.5725,-5.27195706105918,-1.60398952204439,-9.97507570756694
6.575,-5.27195706105918,-1.60398952204439,-9.96998258804469
6.5775,-5.27195706105918,-1.60398952204439,-9.97507570756694
6.58,-5.27195706105918,-1.5530325939865,-9.97507570756694
6.5825,-5.27195706105918,-1.59379813643281,-9.98016882708919
6.585,-5.27195706105918,-1.5988938292386,-9.98016882708919
6.5875,-5.27195706105918,-1.60398952204439,-9.97507570756694
6.59,-5.27195706105918,-1.55812828679229,-9.97507570756694
6.5925,-5.27195706105918,-1.5988938292386,-9.97507570756694
6.595,-5.27195706105918,-1.5988938292386,-9.97507570756694
6.5975,-5.27195706105918,-1.5988938292386,-9.96998258804469
6.6,-5.27195706105918,-1.5530325939865,-9.97507570756694
6.6025,-5.27195706105918,-1.59379813643281,-9.97507570756694
6.605,-5.27195706105918,-1.5988938292386,-9.97507570756694
6.6075,-5.27195706105918,-1.59379813643281,-9.98016882708919
6.61,-5.27195706105918,-1.57851105801545,-9.98016882708919
6.6125,-5.27705151891239,-1.60398952204439,-9.98016882708919
6.615,-5.27195706105918,-1.60398952204439,-9.98016882708919
6.6175,-5.27195706105918,-1.59379813643281,-9.97507570756694
6.62,-5.27195706105918,-1.56831967240387,-9.97507570756694
6.6225,-5.27195706105918,-1.59379813643281,-9.97507570756694
6.625,-5.27195706105918,-1.58870244362702,-9.96998258804469
6.6275,-5.27195706105918,-1.58870244362702,-9.97507570756694
6.63,-5.27705151891239,-1.57341536520966,-9.97507570756694
6.6325,-5.27705151891239,-1.5988938292386,-9.97507570756694
6.635,-5.27705151891239,-1.59379813643281,-9.98016882708919
6.6375,-5.27705151891239,-1.59379813643281,-9.98016882708919
6.64,-5.27705151891239,-1.59379813643281,-9.98016882708919
6.6425,-5.27705151891239,-1.58870244362702,-9.97507570756694
6.645,-5.27195706105918,-1.58360675082123,-9.97507570756694
6.6475,-5.27705151891239,-1.58360675082123,-9.97507570756694
6.65,-5.27705151891239,-1.56322397959808,-9.97507570756694
6.6525,-5.27705151891239,-1.58870244362702,-9.97507570756694
6.655,-5.27705151891239,-1.59379813643281,-9.97507570756694
6.6575,-5.27705151891239,-1.59379813643281,-9.97507570756694
6.66,-5.27705151891239,-1.56831967240387,-9.98016882708919
6.6625,-5.27195706105918,-1.58870244362702,-9.98016882708919
6.665,-5.27195706105918,-1.58360675082123,-9.98016882708919
6.6675,-5.27705151891239,-1.58360675082123,-9.98016882708919
6.67,-5.27705151891239,-1.56322397959808,-9.97507570756694
6.6725,-5.27705151891239,-1.58360675082123,-9.97507570756694
6.675,-5.27705151891239,-1.58360675082123,-9.97507570756694
6.6775,-5.27705151891239,-1.58870244362702,-9.97507570756694
6.68,-5.2821459767656,-1.56831967240387,-9.96998258804469
6.6825,-5.27705151891239,-1.58360675082123,-9.97507570756694
6.685,-5.27705151891239,-1.58360675082123,-9.98016882708919
6.6875,-5.2821459767656,-1.58360675082123,-9.98016882708919
6.69,-5.27705151891239,-1.56322397959808,-9.97507570756694
6.6925,-5.27705151891239,-1.58360675082123,-9.97507570756694
6.695,-5.2821459767656,-1.58360675082123,-9.98016882708919
6.6975,-5.28724043461881,-1.58870244362702,-9.97507570756694
6.7,-5.2821459767656,-1.58870244362702,-9.97507570756694
6.7025,-5.27705151891239,-1.58360675082123,-9.97507570756694
6.705,-5.28724043461881,-1.58360675082123,-9.97507570756694
6.7075,-5.2821459767656,-1.58360675082123,-9.97507570756694
6.71,-5.27705151891239,-1.58360675082123,-9.97507570756694
6.7125,-5.2821459767656,-1.57851105801545,-9.98016882708919
6.715,-5.2821459767656,-1.57851105801545,-9.98016882708919
6.7175,-5.2821459767656,-1.58870244362702,-9.98016882708919
6.72,-5.27705151891239,-1.54284120837493,-9.97507570756694
6.7225,-5.27705151891239,-1.58870244362702,-9.98016882708919
6.725,-5.2821459767656,-1.58360675082123,-9.97507570756694
6.7275,-5.2821459767656,-1.58870244362702,-9.97507570756694
6.73,-5.27705151891239,-1.56322397959808,-9.97507570756694
6.7325,-5.2821459767656,-1.57851105801545,-9.96998258804469
6.735,-5.2821459767656,-1.58360675082123,-9.96998258804469
6.7375,-5.2821459767656,-1.58360675082123,-9.97507570756694
6.74,-5.27705151891239,-1.54284120837493,-9.97507570756694
6.7425,-5.28724043461881,-1.58870244362702,-9.97507570756694
6.745,-5.2821459767656,-1.58870244362702,-9.97507570756694
6.7475,-5.27705151891239,-1.58870244362702,-9.98016882708919
6.75,-5.2821459767656,-1.53774551556914,-9.98016882708919
6.7525,-5.2821459767656,-1.58360675082123,-9.97507570756694
6.755,-5.2821459767656,-1.57851105801545,-9.96998258804469
6.7575,-5.2821459767656,-1.58360675082123,-9.96998258804469
6.76,-5.2821459767656,-1.54284120837493,-9.97507570756694
6.7625,-5.28724043461881,-1.58360675082123,-9.96998258804469
6.765,-5.2821459767656,-1.58870244362702,-9.97507570756694
6.7675,-5.2821459767656,-1.58360675082123,-9.98016882708919
6.77,-5.28724043461881,-1.56322397959808,-9.98016882708919
6.7725,-5.28724043461881,-1.58360675082123,-9.97507570756694
6.775,-5.27705151891239,-1.57851105801545,-9.97507570756694
6.7775,-5.2821459767656,-1.57851105801545,-9.97507570756694
6.78,-5.2821459767656,-1.53264982276335,-9.97507570756694
6.7825,-5.2821459767656,-1.57851105801545,-9.96998258804469
6.785,-5.2821459767656,-1.58360675082123,-9.96998258804469
6.7875,-5.28724043461881,-1.58360675082123,-9.97507570756694
6.79,-5.28724043461881,-1.58360675082123,-9.97507570756694
6.7925,-5.2821459767656,-1.58360675082123,-9.97507570756694
6.795,-5.27705151891239,-1.57851105801545,-9.98016882708919
6.7975,-5.2821459767656,-1.57851105801545,-9.97507570756694
6.8,-5.28724043461881,-1.5530325939865,-9.97507570756694
6.8025,-5.2821459767656,-1.57851105801545,-9.97507570756694
6.805,-5.2821459767656,-1.57851105801545,-9.97507570756694
6.8075,-5.28724043461881,-1.58360675082123,-9.97507570756694
6.81,-5.28724043461881,-1.56322397959808,-9.96998258804469
6.8125,-5.2821459767656,-1.58360675082123,-9.96998258804469
6.815,-5.2821459767656,-1.58360675082123,-9.97507570756694
6.8175,-5.2821459767656,-1.57851105801545,-9.97507570756694
6.82,-5.2821459767656,-1.57851105801545,-9.97507570756694
6.8225,-5.2821459767656,-1.57341536520966,-9.97507570756694
6.825,-5.2821459767656,-1.57341536520966,-9.98016882708919
6.8275,-5.28724043461881,-1.57851105801545,-9.97507570756694
6.83,-5.2821459767656,-1.53774551556914,-9.97507570756694
6.8325,-5.2821459767656,-1.58360675082123,-9.97507570756694
6.835,-5.28724043461881,-1.58360675082123,-9.97507570756694
6.8375,-5.28724043461881,-1.58360675082123,-9.97507570756694
6.84,-5.2821459767656,-1.53774551556914,-9.96998258804469
6.8425,-5.2821459767656,-1.57341536520966,-9.96998258804469
6.845,-5.27705151891239,-1.57341536520966,-9.97507570756694
6.8475,-5.2821459767656,-1.57851105801545,-9.97507570756694
6.85,-5.2821459767656,-1.53264982276335,-9.98016882708919
6.8525,-5.2821459767656,-1.57851105801545,-9.98016882708919
6.855,-5.28724043461881,-1.57851105801545,-9.97507570756694
6.8575,-5.2821459767656,-1.58360675082123,-9.97507570756694
6.86,-5.27705151891239,-1.5530325939865,-9.97507570756694
6.8625,-5.28724043461881,-1.57341536520966,-9.97507570756694
6.865,-5.28724043461881,-1.57341536520966,-9.96998258804469
6.8675,-5.2821459767656,-1.57341536520966,-9.96998258804469
6.87,-5.2821459767656,-1.54793690118071,-9.96998258804469
6.8725,-5.28724043461881,-1.56831967240387,-9.97507570756694
6.875,-5.2821459767656,-1.58360675082123,-9.97507570756694
6.8775,-5.2821459767656,-1.57851105801545,-9.98016882708919
6.88,-5.2821459767656,-1.5530325939865,-9.98016882708919
6.8825,-5.28724043461881,-1.57341536520966,-9.97507570756694
6.885,-5.28724043461881,-1.57341536520966,-9.97507570756694
6.8875,-5.2821459767656,-1.56831967240387,-9.97507570756694
6.89,-5.2821459767656,-1.56831967240387,-9.96998258804469
6.8925,-5.28724043461881,-1.57341536520966,-9.97507570756694
6.895,-5.2821459767656,-1.57851105801545,-9.96998258804469
6.8975,-5.2821459767656,-1.57851105801545,-9.97507570756694
6.9,-5.2821459767656,-1.5530325939865,-9.97507570756694
6.9025,-5.2821459767656,-1.53774551556914,-9.97507570756694
6.905,-5.2821459767656,-1.57341536520966,-9.98016882708919
6.9075,-5.27705151891239,-1.56831967240387,-9.98016882708919
6.91,-5.2821459767656,-1.56831967240387,-9.97507570756694
6.9125,-5.2821459767656,-1.56831967240387,-9.97507570756694
6.915,-5.2821459767656,-1.56831967240387,-9.97507570756694
6.9175,-5.2821459767656,-1.57851105801545,-9.97507570756694
6.92,-5.28724043461881,-1.54793690118071,-9.97507570756694
6.9225,-5.2821459767656,-1.57341536520966,-9.96998258804469
6.925,-5.2821459767656,-1.56831967240387,-9.97507570756694
6.9275,-5.2821459767656,-1.56831967240387,-9.97507570756694
6.93,-5.28724043461881,-1.54793690118071,-9.98016882708919
6.9325,-5.2821459767656,-1.56831967240387,-9.98016882708919
6.935,-5.2821459767656,-1.56831967240387,-9.98016882708919
6.9375,-5.28724043461881,-1.57341536520966,-9.97507570756694
6.94,-5.2821459767656,-1.5530325939865,-9.97507570756694
6.9425,-5.2821459767656,-1.57341536520966,-9.97507570756694
6.945,-5.2821459767656,-1.56831967240387,-9.97507570756694
6.9475,-5.28724043461881,-1.56322397959808,-9.97507570756694
6.95,-5.28724043461881,-1.52245843715177,-9.96998258804469
6.9525,-5.28724043461881,-1.56831967240387,-9.97507570756694
6.955,-5.2821459767656,-1.56322397959808,-9.97507570756694
6.9575,-5.2821459767656,-1.57341536520966,-9.97507570756694
6.96,-5.2821459767656,-1.53264982276335,-9.98016882708919
6.9625,-5.2821459767656,-1.57341536520966,-9.98016882708919
6.965,-5.2821459767656,-1.56831967240387,-9.98016882708919
6.9675,-5.28724043461881,-1.56831967240387,-9.97507570756694
6.97,-5.2821459767656,-1.52245843715177,-9.97507570756694
6.9725,-5.27705151891239,-1.56322397959808,-9.97507570756694
6.975,-5.28724043461881,-1.56831967240387,-9.96998258804469
6.9775,-5.28724043461881,-1.56831967240387,-9.96998258804469
6.98,-5.2821459767656,-1.52755412995756,-9.97507570756694
6.9825,-5.2821459767656,-1.57341536520966,-9.97507570756694
6.985,-5.2821459767656,-1.57341536520966,-9.98016882708919
6.9875,-5.2821459767656,-1.57341536520966,-9.98016882708919
6.99,-5.27705151891239,-1.52245843715177,-9.98016882708919
6.9925,-5.27705151891239,-1.56322397959808,-9.98016882708919
6.995,-5.2821459767656,-1.56322397959808,-9.97507570756694
6.9975,-5.27705151891239,-1.56322397959808,-9.97507570756694
7,-5.2821459767656,-1.52245843715177,-9.97507570756694
7.0025,-5.2821459767656,-1.56831967240387,-9.97507570756694
7.005,-5.2821459767656,-1.57341536520966,-9.97507570756694
7.0075,-5.27705151891239,-1.57341536520966,-9.97507570756694
7.01,-5.27705151891239,-1.52755412995756,-9.98016882708919
7.0125,-5.2821459767656,-1.56322397959808,-9.97507570756694
7.015,-5.2821459767656,-1.56322397959808,-9.97507570756694
7.0175,-5.27705151891239,-1.56322397959808,-9.97507570756694
7.02,-5.2821459767656,-1.54284120837493,-9.98016882708919
7.0225,-5.2821459767656,-1.56831967240387,-9.97507570756694
7.025,-5.27705151891239,-1.56322397959808,-9.97507570756694
7.0275,-5.27705151891239,-1.56831967240387,-9.97507570756694
7.03,-5.2821459767656,-1.54793690118071,-9.97507570756694
7.0325,-5.2821459767656,-1.56831967240387,-9.97507570756694
7.035,-5.27705151891239,-1.56322397959808,-9.96998258804469
7.0375,-5.27705151891239,-1.56322397959808,-9.97507570756694
7.04,-5.2821459767656,-1.52245843715177,-9.97507570756694
7.0425,-5.27705151891239,-1.56831967240387,-9.98016882708919
7.045,-5.27705151891239,-1.56322397959808,-9.98016882708919
7.0475,-5.2821459767656,-1.56831967240387,-9.98016882708919
7.05,-5.2821459767656,-1.54793690118071,-9.97507570756694
7.0525,-5.2821459767656,-1.56831967240387,-9.97507570756694
7.055,-5.27705151891239,-1.56831967240387,-9.97507570756694
7.0575,-5.2821459767656,-1.56322397959808,-9.97507570756694
7.06,-5.2821459767656,-1.53774551556914,-9.96998258804469
7.0625,-5.27705151891239,-1.54793690118071,-9.97507570756694
7.065,-5.27705151891239,-1.56831967240387,-9.97507570756694
7.0675,-5.2821459767656,-1.56831967240387,-9.98016882708919
7.07,-5.2821459767656,-1.57341536520966,-9.98016882708919
7.0725,-5.27705151891239,-1.54793690118071,-9.98016882708919
7.075,-5.2821459767656,-1.56831967240387,-9.97507570756694
7.0775,-5.2821459767656,-1.56322397959808,-9.97507570756694
7.08,-5.27705151891239,-1.56322397959808,-9.97507570756694
7.0825,-5.27705151891239,-1.53774551556914,-9.96998258804469
7.085,-5.28724043461881,-1.56322397959808,-9.97507570756694
7.0875,-5.2821459767656,-1.56322397959808,-9.96998258804469
7.09,-5.2821459767656,-1.56831967240387,-9.97507570756694
7.0925,-5.2821459767656,-1.52755412995756,-9.97507570756694
7.095,-5.28724043461881,-1.56831967240387,-9.97507570756694
7.0975,-5.2821459767656,-1.57341536520966,-9.98016882708919
7.1,-5.27705151891239,-1.56322397959808,-9.98016882708919
7.1025,-5.2821459767656,-1.51736274434598,-9.98016882708919
7.105,-5.28724043461881,-1.55812828679229,-9.97507570756694
7.1075,-5.2821459767656,-1.56322397959808,-9.97507570756694
7.11,-5.2821459767656,-1.56322397959808,-9.97507570756694
7.1125,-5.2821459767656,-1.52245843715177,-9.96998258804469
7.115,-5.28724043461881,-1.56831967240387,-9.97507570756694
7.1175,-5.2821459767656,-1.56322397959808,-9.97507570756694
7.12,-5.27705151891239,-1.56322397959808,-9.97507570756694
7.1225,-5.28724043461881,-1.5122670515402,-9.98016882708919
7.125,-5.2821459767656,-1.56322397959808,-9.97507570756694
7.1275,-5.2821459767656,-1.56322397959808,-9.98016882708919
7.13,-5.28724043461881,-1.55812828679229,-9.98016882708919
7.1325,-5.28724043461881,-1.52245843715177,-9.97507570756694
7.135,-5.28724043461881,-1.56322397959808,-9.97507570756694
7.1375,-5.28724043461881,-1.56322397959808,-9.97507570756694
7.14,-5.28724043461881,-1.56322397959808,-9.97507570756694
7.1425,-5.28724043461881,-1.53774551556914,-9.96998258804469
7.145,-5.2821459767656,-1.55812828679229,-9.96998258804469
7.1475,-5.2821459767656,-1.56322397959808,-9.97507570756694
7.15,-5.28724043461881,-1.56322397959808,-9.97507570756694
7.1525,-5.28724043461881,-1.54284120837493,-9.97507570756694
7.155,-5.28724043461881,-1.56322397959808,-9.97507570756694
7.1575,-5.28724043461881,-1.56322397959808,-9.98016882708919
7.16,-5.28724043461881,-1.55812828679229,-9.97507570756694
7.1625,-5.29233489247202,-1.55812828679229,-9.97507570756694
7.165,-5.28724043461881,-1.5530325939865,-9.97507570756694
7.1675,-5.28724043461881,-1.5530325939865,-9.97507570756694
7.17,-5.29233489247202,-1.5530325939865,-9.96998258804469
7.1725,-5.29233489247202,-1.53774551556914,-9.96998258804469
7.175,-5.28724043461881,-1.56322397959808,-9.97507570756694
7.1775,-5.29233489247202,-1.56322397959808,-9.97507570756694
7.18,-5.29233489247202,-1.56322397959808,-9.98016882708919
7.1825,-5.28724043461881,-1.53774551556914,-9.97507570756694
7.185,-5.28724043461881,-1.55812828679229,-9.98016882708919
7.1875,-5.29233489247202,-1.5530325939865,-9.98016882708919
7.19,-5.28724043461881,-1.55812828679229,-9.97507570756694
7.1925,-5.29233489247202,-1.5122670515402,-9.97507570756694
7.195,-5.29233489247202,-1.5530325939865,-9.97507570756694
7.1975,-5.29742935032523,-1.55812828679229,-9.97507570756694
7.2,-5.29742935032523,-1.55812828679229,-9.96998258804469
7.2025,-5.29233489247202,-1.53774551556914,-9.97507570756694
7.205,-5.29233489247202,-1.5530325939865,-9.97507570756694
7.2075,-5.29742935032523,-1.5530325939865,-9.97507570756694
7.21,-5.29233489247202,-1.5530325939865,-9.97507570756694
7.2125,-5.29233489247202,-1.53264982276335,-9.98016882708919
7.215,-5.29233489247202,-1.5530325939865,-9.98016882708919
7.2175,-5.29742935032523,-1.56322397959808,-9.97507570756694
7.22,-5.29233489247202,-1.56322397959808,-9.97507570756694
7.2225,-5.29233489247202,-1.5122670515402,-9.97507570756694
7.225,-5.29742935032523,-1.5530325939865,-9.97507570756694
7.2275,-5.29742935032523,-1.54793690118071,-9.96998258804469
7.23,-5.29742935032523,-1.54793690118071,-9.96998258804469
7.2325,-5.29742935032523,-1.52755412995756,-9.97507570756694
7.235,-5.29742935032523,-1.5530325939865,-9.97507570756694
7.2375,-5.29233489247202,-1.55812828679229,-9.97507570756694
7.24,-5.29742935032523,-1.55812828679229,-9.98016882708919
7.2425,-5.29742935032523,-1.53774551556914,-9.98016882708919
7.245,-5.29742935032523,-1.55812828679229,-9.98016882708919
7.2475,-5.29742935032523,-1.5530325939865,-9.98016882708919
7.25,-5.29742935032523,-1.54793690118071,-9.98016882708919
7.2525,-5.30252380817844,-1.52755412995756,-9.97507570756694
7.255,-5.29742935032523,-1.54793690118071,-9.97507570756694
7.2575,-5.29742935032523,-1.5530325939865,-9.96998258804469
7.26,-5.30252380817844,-1.5530325939865,-9.97507570756694
7.2625,-5.30252380817844,-1.53264982276335,-9.97507570756694
7.265,-5.29742935032523,-1.55812828679229,-9.97507570756694
7.2675,-5.29742935032523,-1.54793690118071,-9.97507570756694
7.27,-5.30252380817844,-1.54793690118071,-9.98016882708919
7.2725,-5.29742935032523,-1.52755412995756,-9.97507570756694
7.275,-5.30252380817844,-1.54793690118071,-9.97507570756694
7.2775,-5.30252380817844,-1.54793690118071,-9.97507570756694
7.28,-5.30252380817844,-1.5530325939865,-9.97507570756694
7.2825,-5.30252380817844,-1.53264982276335,-9.97507570756694
7.285,-5.30252380817844,-1.5530325939865,-9.97507570756694
7.2875,-5.30252380817844,-1.54793690118071,-9.97507570756694
7.29,-5.30252380817844,-1.54793690118071,-9.96998258804469
7.2925,-5.30252380817844,-1.52755412995756,-9.96998258804469
7.295,-5.30252380817844,-1.54793690118071,-9.97507570756694
7.2975,-5.30761826603165,-1.54793690118071,-9.97507570756694
7.3,-5.30252380817844,-1.5530325939865,-9.97507570756694
7.3025,-5.30252380817844,-1.53774551556914,-9.98016882708919
7.305,-5.30252380817844,-1.5530325939865,-9.98016882708919
7.3075,-5.30761826603165,-1.5530325939865,-9.97507570756694
7.31,-5.30252380817844,-1.54793690118071,-9.97507570756694
7.3125,-5.30252380817844,-1.52755412995756,-9.97507570756694
7.315,-5.30252380817844,-1.54793690118071,-9.97507570756694
7.3175,-5.30761826603165,-1.54793690118071,-9.96998258804469
7.32,-5.30252380817844,-1.54793690118071,-9.96998258804469
7.3225,-5.30252380817844,-1.52755412995756,-9.97507570756694
7.325,-5.30761826603165,-1.5530325939865,-9.97507570756694
7.3275,-5.30252380817844,-1.5530325939865,-9.98016882708919
7.33,-5.30252380817844,-1.5530325939865,-9.98016882708919
7.3325,-5.30252380817844,-1.52755412995756,-9.98016882708919
7.335,-5.30761826603165,-1.54793690118071,-9.97507570756694
7.3375,-5.30761826603165,-1.54284120837493,-9.96998258804469
7.34,-5.30252380817844,-1.54793690118071,-9.97507570756694
7.3425,-5.30761826603165,-1.52245843715177,-9.97507570756694
7.345,-5.30761826603165,-1.54793690118071,-9.96998258804469
7.3475,-5.30761826603165,-1.5530325939865,-9.96998258804469
7.35,-5.30761826603165,-1.5530325939865,-9.97507570756694
7.3525,-5.30761826603165,-1.52755412995756,-9.98016882708919
7.355,-5.31271272388487,-1.54793690118071,-9.98016882708919
7.3575,-5.30252380817844,-1.54793690118071,-9.97507570756694
7.36,-5.30761826603165,-1.54284120837493,-9.98016882708919
7.3625,-5.31271272388487,-1.50207566592862,-9.97507570756694
7.365,-5.30761826603165,-1.54793690118071,-9.97507570756694
7.3675,-5.31271272388487,-1.54793690118071,-9.97507570756694
7.37,-5.30761826603165,-1.5530325939865,-9.97507570756694
7.3725,-5.31271272388487,-1.52755412995756,-9.97507570756694
7.375,-5.30761826603165,-1.54793690118071,-9.97507570756694
7.3775,-5.30252380817844,-1.54284120837493,-9.97507570756694
7.38,-5.30252380817844,-1.54284120837493,-9.98016882708919
7.3825,-5.30761826603165,-1.52755412995756,-9.98016882708919
7.385,-5.30761826603165,-1.54793690118071,-9.98016882708919
7.3875,-5.30761826603165,-1.54793690118071,-9.98016882708919
7.39,-5.31271272388487,-1.54793690118071,-9.98016882708919
7.3925,-5.30761826603165,-1.52755412995756,-9.97507570756694
7.395,-5.30252380817844,-1.54793690118071,-9.97507570756694
7.3975,-5.30761826603165,-1.54284120837493,-9.97507570756694
7.4,-5.31271272388487,-1.53774551556914,-9.96998258804469
7.4025,-5.30761826603165,-1.49697997312283,-9.96998258804469
7.405,-5.30761826603165,-1.54284120837493,-9.96998258804469
7.4075,-5.31271272388487,-1.54284120837493,-9.97507570756694
7.41,-5.31271272388487,-1.54284120837493,-9.97507570756694
7.4125,-5.30761826603165,-1.50717135873441,-9.98016882708919
7.415,-5.30761826603165,-1.54793690118071,-9.98016882708919
7.4175,-5.30761826603165,-1.54284120837493,-9.98016882708919
7.42,-5.30761826603165,-1.54793690118071,-9.98016882708919
7.4225,-5.30761826603165,-1.53774551556914,-9.97507570756694
7.425,-5.30761826603165,-1.53774551556914,-9.97507570756694
7.4275,-5.31271272388487,-1.54284120837493,-9.97507570756694
7.43,-5.30761826603165,-1.54284120837493,-9.97507570756694
7.4325,-5.30761826603165,-1.54284120837493,-9.96998258804469
7.435,-5.31271272388487,-1.54284120837493,-9.97507570756694
7.4375,-5.31271272388487,-1.54793690118071,-9.96998258804469
7.44,-5.30761826603165,-1.54284120837493,-9.97507570756694
7.4425,-5.30761826603165,-1.49697997312283,-9.98016882708919
7.445,-5.30761826603165,-1.53774551556914,-9.97507570756694
7.4475,-5.30761826603165,-1.53774551556914,-9.97507570756694
7.45,-5.30761826603165,-1.53774551556914,-9.97507570756694
7.4525,-5.30761826603165,-1.51736274434598,-9.97507570756694
7.455,-5.31271272388487,-1.54284120837493,-9.97507570756694
7.4575,-5.30761826603165,-1.54284120837493,-9.97507570756694
7.46,-5.30252380817844,-1.54284120837493,-9.97507570756694
7.4625,-5.30761826603165,-1.51736274434598,-9.97507570756694
7.465,-5.30761826603165,-1.54284120837493,-9.97507570756694
7.4675,-5.30252380817844,-1.53774551556914,-9.97507570756694
7.47,-5.30252380817844,-1.53774551556914,-9.97507570756694
7.4725,-5.30761826603165,-1.49697997312283,-9.98016882708919
7.475,-5.30761826603165,-1.54793690118071,-9.98016882708919
7.4775,-5.30252380817844,-1.54284120837493,-9.98016882708919
7.48,-5.30761826603165,-1.54284120837493,-9.98016882708919
7.4825,-5.30761826603165,-1.51736274434598,-9.97507570756694
7.485,-5.30761826603165,-1.53774551556914,-9.96998258804469
7.4875,-5.30252380817844,-1.53774551556914,-9.97507570756694
7.49,-5.30761826603165,-1.53264982276335,-9.97507570756694
7.4925,-5.30252380817844,-1.49188428031704,-9.96998258804469
7.495,-5.30252380817844,-1.53774551556914,-9.97507570756694
7.4975,-5.30761826603165,-1.53774551556914,-9.97507570756694
7.5,-5.31271272388487,-1.54284120837493,-9.97507570756694
7.5025,-5.30252380817844,-1.52245843715177,-9.98016882708919
7.505,-5.29742935032523,-1.53774551556914,-9.98016882708919
7.5075,-5.30252380817844,-1.53774551556914,-9.98526194661144
7.51,-5.30252380817844,-1.53264982276335,-9.97507570756694
7.5125,-5.30252380817844,-1.50717135873441,-9.97507570756694
7.515,-5.30252380817844,-1.53264982276335,-9.97507570756694
7.5175,-5.30761826603165,-1.53264982276335,-9.97507570756694
7.52,-5.30252380817844,-1.53774551556914,-9.96998258804469
7.5225,-5.30252380817844,-1.51736274434598,-9.97507570756694
7.525,-5.30252380817844,-1.53774551556914,-9.97507570756694
7.5275,-5.30252380817844,-1.53774551556914,-9.97507570756694
7.53,-5.30252380817844,-1.53774551556914,-9.97507570756694
7.5325,-5.29742935032523,-1.49188428031704,-9.98016882708919
7.535,-5.30252380817844,-1.52755412995756,-9.98016882708919
7.5375,-5.30252380817844,-1.53264982276335,-9.97507570756694
7.54,-5.29742935032523,-1.53774551556914,-9.97507570756694
7.5425,-5.29742935032523,-1.49697997312283,-9.97507570756694
7.545,-5.30252380817844,-1.53774551556914,-9.97507570756694
7.5475,-5.30252380817844,-1.53774551556914,-9.96998258804469
7.55,-5.29742935032523,-1.53774551556914,-9.97507570756694
7.5525,-5.29742935032523,-1.48169289470547,-9.97507570756694
7.555,-5.30252380817844,-1.52755412995756,-9.97507570756694
7.5575,-5.29742935032523,-1.53264982276335,-9.97507570756694
7.56,-5.29742935032523,-1.53264982276335,-9.98016882708919
7.5625,-5.30252380817844,-1.49188428031704,-9.98016882708919
7.565,-5.30252380817844,-1.53774551556914,-9.98016882708919
7.5675,-5.29742935032523,-1.53774551556914,-9.98016882708919
7.57,-5.29742935032523,-1.53264982276335,-9.97507570756694
7.5725,-5.30252380817844,-1.48678858751125,-9.97507570756694
7.575,-5.29742935032523,-1.52755412995756,-9.97507570756694
7.5775,-5.29742935032523,-1.52755412995756,-9.96998258804469
7.58,-5.30252380817844,-1.52755412995756,-9.97507570756694
7.5825,-5.30252380817844,-1.5122670515402,-9.97507570756694
7.585,-5.29742935032523,-1.53774551556914,-9.96998258804469
7.5875,-5.29742935032523,-1.53774551556914,-9.97507570756694
7.59,-5.29742935032523,-1.53774551556914,-9.97507570756694
7.5925,-5.29742935032523,-1.5122670515402,-9.98016882708919
7.595,-5.29742935032523,-1.53264982276335,-9.98016882708919
7.5975,-5.29233489247202,-1.52755412995756,-9.98016882708919
7.6,-5.30252380817844,-1.52755412995756,-9.98016882708919
7.6025,-5.29742935032523,-1.48678858751125,-9.97507570756694
7.605,-5.29233489247202,-1.53264982276335,-9.97507570756694
7.6075,-5.30252380817844,-1.52755412995756,-9.97507570756694
7.61,-5.29742935032523,-1.53264982276335,-9.96998258804469
7.6125,-5.29742935032523,-1.48678858751125,-9.97507570756694
7.615,-5.29233489247202,-1.52755412995756,-9.97507570756694
7.6175,-5.29742935032523,-1.52755412995756,-9.97507570756694
7.62,-5.29742935032523,-1.52755412995756,-9.97507570756694
7.6225,-5.29233489247202,-1.53264982276335,-9.98016882708919
7.625,-5.30252380817844,-1.53264982276335,-9.98016882708919
7.6275,-5.29742935032523,-1.53264982276335,-9.98526194661144
7.63,-5.29742935032523,-1.53264982276335,-9.98016882708919
7.6325,-5.26176814535276,-1.50717135873441,-9.98016882708919
7.635,-5.29742935032523,-1.52755412995756,-9.99035506613369
7.6375,-5.29742935032523,-1.52755412995756,-9.97507570756694
7.64,-5.29742935032523,-1.52245843715177,-9.97507570756694
7.6425,-5.29742935032523,-1.48169289470547,-9.97507570756694
7.645,-5.29742935032523,-1.52755412995756,-9.97507570756694
7.6475,-5.29742935032523,-1.53264982276335,-9.96998258804469
7.65,-5.29233489247202,-1.52755412995756,-9.97507570756694
7.6525,-5.29742935032523,-1.52755412995756,-9.98016882708919
7.655,-5.29742935032523,-1.52755412995756,-9.98016882708919
7.6575,-5.29742935032523,-1.52755412995756,-9.98016882708919
7.66,-5.29233489247202,-1.52245843715177,-9.97507570756694
7.6625,-5.29742935032523,-1.50207566592862,-9.97507570756694
7.665,-5.29742935032523,-1.52755412995756,-9.97507570756694
7.6675,-5.29742935032523,-1.52755412995756,-9.96998258804469
7.67,-5.29742935032523,-1.52755412995756,-9.97507570756694
7.6725,-5.29742935032523,-1.48678858751125,-9.97507570756694
7.675,-5.29742935032523,-1.53264982276335,-9.96998258804469
7.6775,-5.29742935032523,-1.52245843715177,-9.97507570756694
7.68,-5.30252380817844,-1.52245843715177,-9.97507570756694
7.6825,-5.29742935032523,-1.48169289470547,-9.97507570756694
7.685,-5.29742935032523,-1.52755412995756,-9.97507570756694
7.6875,-5.29742935032523,-1.52755412995756,-9.98016882708919
7.69,-5.30252380817844,-1.53264982276335,-9.97507570756694
7.6925,-5.29742935032523,-1.48678858751125,-9.97507570756694
7.695,-5.29742935032523,-1.52755412995756,-9.97507570756694
7.6975,-5.29742935032523,-1.52755412995756,-9.97507570756694
7.7,-5.30252380817844,-1.52245843715177,-9.97507570756694
7.7025,-5.29742935032523,-1.48169289470547,-9.96998258804469
7.705,-5.29742935032523,-1.52245843715177,-9.96998258804469
7.7075,-5.30252380817844,-1.52245843715177,-9.97507570756694
7.71,-5.30252380817844,-1.52755412995756,-9.97507570756694
7.7125,-5.29742935032523,-1.5122670515402,-9.97507570756694
7.715,-5.29742935032523,-1.52755412995756,-9.98016882708919
7.7175,-5.29742935032523,-1.52755412995756,-9.98016882708919
7.72,-5.30252380817844,-1.52245843715177,-9.97507570756694
7.7225,-5.29742935032523,-1.50207566592862,-9.97507570756694
7.725,-5.30252380817844,-1.52245843715177,-9.97507570756694
7.7275,-5.30761826603165,-1.52245843715177,-9.97507570756694
7.73,-5.30252380817844,-1.52755412995756,-9.96998258804469
7.7325,-5.30252380817844,-1.50717135873441,-9.96998258804469
7.735,-5.30252380817844,-1.52755412995756,-9.97507570756694
7.7375,-5.30252380817844,-1.52755412995756,-9.96998258804469
7.74,-5.29742935032523,-1.52245843715177,-9.97507570756694
7.7425,-5.29742935032523,-1.52755412995756,-9.98016882708919
7.745,-5.30252380817844,-1.52245843715177,-9.97507570756694
7.7475,-5.30252380817844,-1.52755412995756,-9.97507570756694
7.75,-5.30252380817844,-1.52755412995756,-9.98016882708919
7.7525,-5.30252380817844,-1.52755412995756,-9.98016882708919
7.755,-5.30761826603165,-1.52245843715177,-9.97507570756694
7.7575,-5.30252380817844,-1.52755412995756,-9.97507570756694
7.76,-5.30252380817844,-1.52755412995756,-9.97507570756694
7.7625,-5.30761826603165,-1.49697997312283,-9.97507570756694
7.765,-5.30761826603165,-1.52245843715177,-9.96998258804469
7.7675,-5.30252380817844,-1.52245843715177,-9.97507570756694
7.77,-5.30252380817844,-1.52755412995756,-9.97507570756694
7.7725,-5.30761826603165,-1.50717135873441,-9.97507570756694
7.775,-5.30252380817844,-1.53264982276335,-9.97507570756694
7.7775,-5.30252380817844,-1.52755412995756,-9.98016882708919
7.78,-5.30761826603165,-1.52755412995756,-9.98016882708919
7.7825,-5.30761826603165,-1.48169289470547,-9.97507570756694
7.785,-5.30252380817844,-1.52245843715177,-9.97507570756694
7.7875,-5.30252380817844,-1.52245843715177,-9.97507570756694
7.79,-5.31271272388487,-1.52245843715177,-9.97507570756694
7.7925,-5.30761826603165,-1.48169289470547,-9.97507570756694
7.795,-5.30761826603165,-1.52755412995756,-9.96998258804469
7.7975,-5.31271272388487,-1.52755412995756,-9.97507570756694
7.8,-5.31271272388487,-1.52755412995756,-9.96998258804469
7.8025,-5.30761826603165,-1.48169289470547,-9.97507570756694
7.805,-5.30761826603165,-1.52245843715177,-9.97507570756694
7.8075,-5.31271272388487,-1.52245843715177,-9.97507570756694
7.81,-5.31271272388487,-1.52245843715177,-9.97507570756694
7.8125,-5.30761826603165,-1.52245843715177,-9.97507570756694
7.815,-5.30761826603165,-1.51736274434598,-9.97507570756694
7.8175,-5.31271272388487,-1.52755412995756,-9.98016882708919
7.82,-5.31271272388487,-1.52245843715177,-9.97507570756694
7.8225,-5.30761826603165,-1.50207566592862,-9.97507570756694
7.825,-5.31271272388487,-1.51736274434598,-9.97507570756694
7.8275,-5.31271272388487,-1.52245843715177,-9.97507570756694
7.83,-5.31271272388487,-1.52755412995756,-9.96998258804469
7.8325,-5.31271272388487,-1.50207566592862,-9.97507570756694
7.835,-5.31780718173808,-1.52245843715177,-9.97507570756694
7.8375,-5.31271272388487,-1.52755412995756,-9.97507570756694
7.84,-5.31271272388487,-1.52245843715177,-9.98016882708919
7.8425,-5.31271272388487,-1.49697997312283,-9.98016882708919
7.845,-5.31780718173808,-1.51736274434598,-9.98016882708919
7.8475,-5.31271272388487,-1.51736274434598,-9.97507570756694
7.85,-5.31271272388487,-1.5122670515402,-9.97507570756694
7.8525,-5.31780718173808,-1.51736274434598,-9.97507570756694
7.855,-5.31271272388487,-1.51736274434598,-9.96998258804469
7.8575,-5.31780718173808,-1.52245843715177,-9.97507570756694
7.86,-5.31780718173808,-1.52245843715177,-9.97507570756694
7.8625,-5.31780718173808,-1.49697997312283,-9.97507570756694
7.865,-5.31780718173808,-1.52245843715177,-9.96998258804469
7.8675,-5.31271272388487,-1.51736274434598,-9.97507570756694
7.87,-5.31780718173808,-1.51736274434598,-9.97507570756694
7.8725,-5.31780718173808,-1.49697997312283,-9.97507570756694
7.875,-5.31780718173808,-1.52245843715177,-9.97507570756694
7.8775,-5.31780718173808,-1.51736274434598,-9.98016882708919
7.88,-5.31780718173808,-1.52245843715177,-9.98016882708919
7.8825,-5.31780718173808,-1.50207566592862,-9.98016882708919
7.885,-5.31780718173808,-1.51736274434598,-9.97507570756694
7.8875,-5.31780718173808,-1.51736274434598,-9.97507570756694
7.89,-5.32290163959129,-1.5122670515402,-9.96998258804469
7.8925,-5.31780718173808,-1.49188428031704,-9.96998258804469
7.895,-5.31780718173808,-1.5122670515402,-9.96998258804469
7.8975,-5.32290163959129,-1.52245843715177,-9.97507570756694
7.9,-5.32290163959129,-1.52245843715177,-9.97507570756694
7.9025,-5.31780718173808,-1.52245843715177,-9.98016882708919
7.905,-5.31780718173808,-1.52245843715177,-9.98016882708919
7.9075,-5.32290163959129,-1.51736274434598,-9.97507570756694
7.91,-5.31780718173808,-1.51736274434598,-9.97507570756694
7.9125,-5.31780718173808,-1.4664058162881,-9.97507570756694
7.915,-5.31780718173808,-1.5122670515402,-9.97507570756694
7.9175,-5.3279960974445,-1.5122670515402,-9.96998258804469
7.92,-5.32290163959129,-1.51736274434598,-9.96998258804469
7.9225,-5.32290163959129,-1.51736274434598,-9.97507570756694
7.925,-5.3279960974445,-1.51736274434598,-9.97507570756694
7.9275,-5.32290163959129,-1.51736274434598,-9.97507570756694
7.93,-5.32290163959129,-1.51736274434598,-9.97507570756694
7.9325,-5.32290163959129,-1.49188428031704,-9.97507570756694
7.935,-5.3279960974445,-1.5122670515402,-9.97507570756694
7.9375,-5.32290163959129,-1.5122670515402,-9.97507570756694
7.94,-5.32290163959129,-1.5122670515402,-9.98016882708919
7.9425,-5.3279960974445,-1.47150150909389,-9.97507570756694
7.945,-5.32290163959129,-1.51736274434598,-9.97507570756694
7.9475,-5.32290163959129,-1.5122670515402,-9.97507570756694
7.95,-5.3279960974445,-1.5122670515402,-9.97507570756694
7.9525,-5.3279960974445,-1.49188428031704,-9.96998258804469
7.955,-5.32290163959129,-1.5122670515402,-9.96998258804469
7.9575,-5.31780718173808,-1.50717135873441,-9.97507570756694
7.96,-5.3279960974445,-1.5122670515402,-9.97507570756694
7.9625,-5.3279960974445,-1.5122670515402,-9.97507570756694
7.965,-5.32290163959129,-1.51736274434598,-9.97507570756694
7.9675,-5.32290163959129,-1.51736274434598,-9.98016882708919
7.97,-5.3279960974445,-1.5122670515402,-9.98016882708919
7.9725,-5.32290163959129,-1.49188428031704,-9.98016882708919
7.975,-5.32290163959129,-1.5122670515402,-9.97507570756694
7.9775,-5.32290163959129,-1.50717135873441,-9.97507570756694
7.98,-5.32290163959129,-1.50207566592862,-9.96998258804469
7.9825,-5.32290163959129,-1.4664058162881,-9.96998258804469
7.985,-5.32290163959129,-1.50207566592862,-9.97507570756694
7.9875,-5.3279960974445,-1.50717135873441,-9.96998258804469
7.99,-5.3279960974445,-1.51736274434598,-9.96998258804469
7.9925,-5.32290163959129,-1.49697997312283,-9.97507570756694
7.995,-5.3279960974445,-1.4664058162881,-9.97507570756694
7.9975,-5.32290163959129,-1.50717135873441,-9.98016882708919
8,-5.32290163959129,-1.50717135873441,-9.97507570756694
8.0025,-5.32290163959129,-1.50207566592862,-9.98016882708919
8.005,-5.3279960974445,-1.48169289470547,-9.97507570756694
8.0075,-5.32290163959129,-1.50717135873441,-9.97507570756694
8.01,-5.32290163959129,-1.50717135873441,-9.97507570756694
8.0125,-5.3279960974445,-1.5122670515402,-9.97507570756694
8.015,-5.3279960974445,-1.48678858751125,-9.96998258804469
8.0175,-5.32290163959129,-1.50717135873441,-9.96998258804469
8.02,-5.32290163959129,-1.50207566592862,-9.97507570756694
8.0225,-5.32290163959129,-1.50207566592862,-9.97507570756694
8.025,-5.3279960974445,-1.46131012348231,-9.97507570756694
8.0275,-5.32290163959129,-1.50207566592862,-9.97507570756694
8.03,-5.32290163959129,-1.50717135873441,-9.98016882708919
8.0325,-5.3279960974445,-1.50717135873441,-9.98016882708919
8.035,-5.32290163959129,-1.4664058162881,-9.97507570756694
8.0375,-5.32290163959129,-1.50717135873441,-9.98016882708919
8.04,-5.32290163959129,-1.50207566592862,-9.97507570756694
8.0425,-5.32290163959129,-1.50207566592862,-9.97507570756694
8.045,-5.31780718173808,-1.47659720189968,-9.96998258804469
8.0475,-5.32290163959129,-1.49697997312283,-9.97507570756694
8.05,-5.32290163959129,-1.50207566592862,-9.97507570756694
8.0525,-5.32290163959129,-1.50717135873441,-9.96998258804469
8.055,-5.31780718173808,-1.50717135873441,-9.97507570756694
8.0575,-5.32290163959129,-1.50717135873441,-9.97507570756694
8.06,-5.32290163959129,-1.50207566592862,-9.97507570756694
8.0625,-5.31780718173808,-1.50207566592862,-9.98016882708919
8.065,-5.31780718173808,-1.45621443067652,-9.98016882708919
8.0675,-5.32290163959129,-1.49697997312283,-9.98016882708919
8.07,-5.32290163959129,-1.50207566592862,-9.97507570756694
8.0725,-5.31780718173808,-1.50717135873441,-9.97507570756694
8.075,-5.32290163959129,-1.50207566592862,-9.97507570756694
8.0775,-5.3279960974445,-1.50207566592862,-9.97507570756694
8.08,-5.32290163959129,-1.50207566592862,-9.96998258804469
8.0825,-5.31780718173808,-1.49697997312283,-9.97507570756694
8.085,-5.31780718173808,-1.45621443067652,-9.97507570756694
8.0875,-5.31780718173808,-1.49697997312283,-9.96998258804469
8.09,-5.31780718173808,-1.50207566592862,-9.96998258804469
8.0925,-5.31780718173808,-1.50207566592862,-9.97507570756694
8.095,-5.32290163959129,-1.46131012348231,-9.97507570756694
8.0975,-5.31780718173808,-1.50717135873441,-9.98016882708919
8.1,-5.31780718173808,-1.50207566592862,-9.98016882708919
8.1025,-5.31780718173808,-1.50207566592862,-9.98016882708919
8.105,-5.31780718173808,-1.47659720189968,-9.97507570756694
8.1075,-5.31780718173808,-1.49697997312283,-9.97507570756694
8.11,-5.31780718173808,-1.50207566592862,-9.97507570756694
8.1125,-5.32290163959129,-1.50717135873441,-9.96998258804469
8.115,-5.31780718173808,-1.48169289470547,-9.97507570756694
8.1175,-5.31780718173808,-1.50207566592862,-9.97507570756694
8.12,-5.31780718173808,-1.50207566592862,-9.97507570756694
8.1225,-5.32290163959129,-1.50207566592862,-9.97507570756694
8.125,-5.31271272388487,-1.50207566592862,-9.97507570756694
8.1275,-5.31780718173808,-1.49697997312283,-9.97507570756694
8.13,-5.31780718173808,-1.49697997312283,-9.98016882708919
8.1325,-5.31780718173808,-1.50207566592862,-9.97507570756694
8.135,-5.31780718173808,-1.50207566592862,-9.98016882708919
8.1375,-5.31780718173808,-1.50717135873441,-9.98016882708919
8.14,-5.31780718173808,-1.50207566592862,-9.97507570756694
8.1425,-5.31780718173808,-1.50207566592862,-9.97507570756694
8.145,-5.31780718173808,-1.48169289470547,-9.97507570756694
8.1475,-5.32290163959129,-1.49697997312283,-9.97507570756694
8.15,-5.31780718173808,-1.50207566592862,-9.96998258804469
8.1525,-5.31780718173808,-1.49697997312283,-9.97507570756694
8.155,-5.31780718173808,-1.45621443067652,-9.97507570756694
8.1575,-5.31780718173808,-1.50207566592862,-9.97507570756694
8.16,-5.31780718173808,-1.50717135873441,-9.97507570756694
8.1625,-5.31780718173808,-1.50207566592862,-9.98016882708919
8.165,-5.31780718173808,-1.50207566592862,-9.98016882708919
8.1675,-5.31780718173808,-1.50207566592862,-9.98016882708919
8.17,-5.31780718173808,-1.49697997312283,-9.97507570756694
8.1725,-5.31780718173808,-1.49697997312283,-9.97507570756694
8.175,-5.32290163959129,-1.49697997312283,-9.97507570756694
8.1775,-5.31780718173808,-1.50207566592862,-9.96998258804469
8.18,-5.31780718173808,-1.50207566592862,-9.97507570756694
8.1825,-5.32290163959129,-1.50207566592862,-9.97507570756694
8.185,-5.31780718173808,-1.48169289470547,-9.96998258804469
8.1875,-5.31780718173808,-1.50207566592862,-9.97507570756694
8.19,-5.31780718173808,-1.49697997312283,-9.97507570756694
8.1925,-5.31780718173808,-1.49697997312283,-9.98016882708919
8.195,-5.31780718173808,-1.47150150909389,-9.98016882708919
8.1975,-5.31271272388487,-1.49697997312283,-9.98016882708919
8.2,-5.32290163959129,-1.49697997312283,-9.97507570756694
8.2025,-5.31780718173808,-1.50207566592862,-9.98016882708919
8.205,-5.31780718173808,-1.47659720189968,-9.98016882708919
8.2075,-5.31780718173808,-1.49697997312283,-9.97507570756694
8.21,-5.32290163959129,-1.49697997312283,-9.97507570756694
8.2125,-5.31780718173808,-1.49697997312283,-9.96998258804469
8.215,-5.31780718173808,-1.47150150909389,-9.97507570756694
8.2175,-5.31780718173808,-1.49188428031704,-9.97507570756694
8.22,-5.31780718173808,-1.49697997312283,-9.96998258804469
8.2225,-5.31780718173808,-1.50207566592862,-9.97507570756694
8.225,-5.31780718173808,-1.49697997312283,-9.98016882708919
8.2275,-5.31780718173808,-1.49697997312283,-9.98016882708919
8.23,-5.31780718173808,-1.49697997312283,-9.98016882708919
8.2325,-5.31780718173808,-1.49188428031704,-9.97507570756694
8.235,-5.31780718173808,-1.4664058162881,-9.97507570756694
8.2375,-5.31780718173808,-1.49188428031704,-9.97507570756694
8.24,-5.31780718173808,-1.49188428031704,-9.97507570756694
8.2425,-5.31780718173808,-1.49697997312283,-9.96998258804469
8.245,-5.32290163959129,-1.47150150909389,-9.96998258804469
8.2475,-5.31780718173808,-1.49697997312283,-9.96998258804469
8.25,-5.31780718173808,-1.49697997312283,-9.97507570756694
8.2525,-5.31780718173808,-1.49697997312283,-9.97507570756694
8.255,-5.31780718173808,-1.45111873787073,-9.97507570756694
8.2575,-5.31780718173808,-1.49188428031704,-9.97507570756694
8.26,-5.31780718173808,-1.49188428031704,-9.98016882708919
8.2625,-5.32290163959129,-1.49697997312283,-9.98016882708919
8.265,-5.31780718173808,-1.45111873787073,-9.98016882708919
8.2675,-5.31780718173808,-1.49697997312283,-9.97507570756694
8.27,-5.32290163959129,-1.49188428031704,-9.97507570756694
8.2725,-5.3279960974445,-1.49188428031704,-9.97507570756694
8.275,-5.31780718173808,-1.45111873787073,-9.97507570756694
8.2775,-5.31780718173808,-1.48678858751125,-9.97507570756694
8.28,-5.32290163959129,-1.48678858751125,-9.96998258804469
8.2825,-5.32290163959129,-1.49697997312283,-9.96998258804469
8.285,-5.32290163959129,-1.49697997312283,-9.97507570756694
8.2875,-5.31780718173808,-1.49697997312283,-9.97507570756694
8.29,-5.32290163959129,-1.49697997312283,-9.98016882708919
8.2925,-5.31780718173808,-1.49697997312283,-9.98016882708919
8.295,-5.31780718173808,-1.49188428031704,-9.98016882708919
8.2975,-5.32290163959129,-1.48169289470547,-9.98016882708919
8.3,-5.32290163959129,-1.48678858751125,-9.97507570756694
8.3025,-5.31780718173808,-1.48678858751125,-9.97507570756694
8.305,-5.32290163959129,-1.4664058162881,-9.97507570756694
8.3075,-5.32290163959129,-1.49188428031704,-9.96998258804469
8.31,-5.3279960974445,-1.49188428031704,-9.96998258804469
8.3125,-5.32290163959129,-1.49188428031704,-9.97507570756694
8.315,-5.32290163959129,-1.49188428031704,-9.97507570756694
8.3175,-5.3279960974445,-1.48678858751125,-9.97507570756694
8.32,-5.32290163959129,-1.48678858751125,-9.97507570756694
8.3225,-5.32290163959129,-1.48678858751125,-9.98016882708919
8.325,-5.32290163959129,-1.44602304506495,-9.98016882708919
8.3275,-5.3279960974445,-1.49697997312283,-9.97507570756694
8.33,-5.32290163959129,-1.49188428031704,-9.98016882708919
8.3325,-5.32290163959129,-1.48678858751125,-9.97507570756694
8.335,-5.3279960974445,-1.4664058162881,-9.97507570756694
8.3375,-5.32290163959129,-1.48678858751125,-9.97507570756694
8.34,-5.32290163959129,-1.48678858751125,-9.97507570756694
8.3425,-5.3279960974445,-1.48678858751125,-9.97507570756694
8.345,-5.3279960974445,-1.4664058162881,-9.96998258804469
8.3475,-5.32290163959129,-1.49188428031704,-9.97507570756694
8.35,-5.3279960974445,-1.49188428031704,-9.98016882708919
8.3525,-5.3279960974445,-1.49697997312283,-9.98016882708919
8.355,-5.3279960974445,-1.45111873787073,-9.98016882708919
8.3575,-5.32290163959129,-1.48678858751125,-9.98016882708919
8.36,-5.3279960974445,-1.48169289470547,-9.98016882708919
8.3625,-5.3279960974445,-1.48678858751125,-9.97507570756694
8.365,-5.3279960974445,-1.44602304506495,-9.97507570756694
8.3675,-5.3279960974445,-1.48678858751125,-9.97507570756694
8.37,-5.33309055529771,-1.49188428031704,-9.97507570756694
8.3725,-5.3279960974445,-1.49188428031704,-9.96998258804469
8.375,-5.32290163959129,-1.4664058162881,-9.97507570756694
8.3775,-5.33309055529771,-1.48678858751125,-9.97507570756694
8.38,-5.3279960974445,-1.48678858751125,-9.97507570756694
8.3825,-5.3279960974445,-1.48678858751125,-9.97507570756694
8.385,-5.3279960974445,-1.48678858751125,-9.98016882708919
8.3875,-5.33309055529771,-1.49188428031704,-9.98016882708919
8.39,-5.33309055529771,-1.49188428031704,-9.98016882708919
8.3925,-5.3279960974445,-1.48678858751125,-9.98016882708919
8.395,-5.33309055529771,-1.44602304506495,-9.98016882708919
8.3975,-5.3279960974445,-1.48678858751125,-9.97507570756694
8.4,-5.3279960974445,-1.48169289470547,-9.97507570756694
8.4025,-5.33309055529771,-1.48169289470547,-9.97507570756694
8.405,-5.33309055529771,-1.44092735225916,-9.97507570756694
8.4075,-5.3279960974445,-1.49188428031704,-9.97507570756694
8.41,-5.3279960974445,-1.48678858751125,-9.97507570756694
8.4125,-5.33309055529771,-1.49188428031704,-9.97507570756694
8.415,-5.33309055529771,-1.49188428031704,-9.97507570756694
8.4175,-5.3279960974445,-1.49188428031704,-9.97507570756694
8.42,-5.33309055529771,-1.48169289470547,-9.98016882708919
8.4225,-5.33309055529771,-1.48169289470547,-9.98016882708919
8.425,-5.3279960974445,-1.44602304506495,-9.97507570756694
8.4275,-5.3279960974445,-1.48678858751125,-9.97507570756694
8.43,-5.33309055529771,-1.49188428031704,-9.97507570756694
8.4325,-5.33818501315092,-1.49188428031704,-9.97507570756694
8.435,-5.3279960974445,-1.44602304506495,-9.97507570756694
8.4375,-5.33309055529771,-1.48678858751125,-9.97507570756694
8.44,-5.33309055529771,-1.48678858751125,-9.96998258804469
8.4425,-5.33309055529771,-1.48169289470547,-9.96998258804469
8.445,-5.33309055529771,-1.44092735225916,-9.97507570756694
8.4475,-5.33309055529771,-1.48678858751125,-9.97507570756694
8.45,-5.33309055529771,-1.48678858751125,-9.97507570756694
8.4525,-5.33309055529771,-1.49188428031704,-9.98016882708919
8.455,-5.33309055529771,-1.47150150909389,-9.98016882708919
8.4575,-5.33818501315092,-1.48678858751125,-9.98016882708919
8.46,-5.33309055529771,-1.48678858751125,-9.97507570756694
8.4625,-5.33309055529771,-1.48169289470547,-9.97507570756694
8.465,-5.33309055529771,-1.44092735225916,-9.97507570756694
8.4675,-5.33309055529771,-1.49188428031704,-9.97507570756694
8.47,-5.33309055529771,-1.48678858751125,-9.96998258804469
8.4725,-5.33309055529771,-1.48678858751125,-9.97507570756694
8.475,-5.34327947100413,-1.44602304506495,-9.97507570756694
8.4775,-5.33309055529771,-1.48678858751125,-9.97507570756694
8.48,-5.33309055529771,-1.48678858751125,-9.97507570756694
8.4825,-5.33309055529771,-1.48169289470547,-9.98016882708919
8.485,-5.33309055529771,-1.46131012348231,-9.98016882708919
8.4875,-5.33309055529771,-1.48678858751125,-9.98016882708919
8.49,-5.33309055529771,-1.48678858751125,-9.98016882708919
8.4925,-5.33818501315092,-1.48678858751125,-9.98016882708919
8.495,-5.33309055529771,-1.44602304506495,-9.97507570756694
8.4975,-5.3279960974445,-1.48678858751125,-9.97507570756694
8.5,-5.33818501315092,-1.48169289470547,-9.97507570756694
8.5025,-5.33309055529771,-1.48169289470547,-9.96998258804469
8.505,-5.33309055529771,-1.44092735225916,-9.97507570756694
8.5075,-5.33309055529771,-1.48169289470547,-9.97507570756694
8.51,-5.33818501315092,-1.48169289470547,-9.96998258804469
8.5125,-5.33309055529771,-1.49188428031704,-9.97507570756694
8.515,-5.33309055529771,-1.45111873787073,-9.97507570756694
8.5175,-5.33309055529771,-1.49188428031704,-9.98016882708919
8.52,-5.33309055529771,-1.49188428031704,-9.97507570756694
8.5225,-5.33309055529771,-1.49188428031704,-9.98016882708919
8.525,-5.33309055529771,-1.44602304506495,-9.98016882708919
8.5275,-5.33309055529771,-1.48678858751125,-9.98016882708919
8.53,-5.33309055529771,-1.48678858751125,-9.97507570756694
8.5325,-5.33309055529771,-1.49188428031704,-9.97507570756694
8.535,-5.33309055529771,-1.45111873787073,-9.98016882708919
8.5375,-5.33309055529771,-1.49188428031704,-9.97507570756694
8.54,-5.33309055529771,-1.49188428031704,-9.97507570756694
8.5425,-5.33818501315092,-1.48169289470547,-9.97507570756694
8.545,-5.33818501315092,-1.4664058162881,-9.97507570756694
8.5475,-5.3279960974445,-1.48678858751125,-9.97507570756694
8.55,-5.33309055529771,-1.48678858751125,-9.98526194661144
8.5525,-5.33309055529771,-1.48678858751125,-9.98016882708919
8.555,-5.33309055529771,-1.47659720189968,-9.98016882708919
8.5575,-5.33309055529771,-1.49697997312283,-9.98016882708919
8.56,-5.33309055529771,-1.49188428031704,-9.98016882708919
8.5625,-5.33818501315092,-1.48678858751125,-9.98016882708919
8.565,-5.33309055529771,-1.44602304506495,-9.97507570756694
8.5675,-5.33309055529771,-1.48678858751125,-9.96998258804469
8.57,-5.33818501315092,-1.48169289470547,-9.97507570756694
8.5725,-5.33309055529771,-1.48678858751125,-9.96998258804469
8.575,-5.3279960974445,-1.45111873787073,-9.96998258804469
8.5775,-5.33309055529771,-1.49188428031704,-9.97507570756694
8.58,-5.33818501315092,-1.49188428031704,-9.97507570756694
8.5825,-5.33309055529771,-1.49188428031704,-9.97507570756694
8.585,-5.30761826603165,-1.4664058162881,-9.97507570756694
8.5875,-5.33309055529771,-1.48169289470547,-9.97507570756694
8.59,-5.33309055529771,-1.48678858751125,-9.97507570756694
8.5925,-5.33309055529771,-1.48678858751125,-9.97507570756694
8.595,-5.33309055529771,-1.4664058162881,-9.98016882708919
8.5975,-5.33818501315092,-1.49188428031704,-9.98016882708919
8.6,-5.33309055529771,-1.49188428031704,-9.97507570756694
8.6025,-5.33309055529771,-1.48678858751125,-9.97507570756694
8.605,-5.33309055529771,-1.44092735225916,-9.97507570756694
8.6075,-5.33818501315092,-1.48169289470547,-9.96998258804469
8.61,-5.33309055529771,-1.48169289470547,-9.97507570756694
8.6125,-5.33818501315092,-1.48169289470547,-9.97507570756694
8.615,-5.33818501315092,-1.44602304506495,-9.97507570756694
8.6175,-5.33309055529771,-1.49188428031704,-9.96998258804469
8.62,-5.33309055529771,-1.48678858751125,-9.97507570756694
8.6225,-5.33309055529771,-1.48169289470547,-9.98016882708919
8.625,-5.33818501315092,-1.48678858751125,-9.97507570756694
8.6275,-5.33309055529771,-1.48169289470547,-9.97507570756694
8.63,-5.33309055529771,-1.48169289470547,-9.98016882708919
8.6325,-5.33818501315092,-1.48169289470547,-9.97507570756694
8.635,-5.33309055529771,-1.44092735225916,-9.97507570756694
8.6375,-5.33309055529771,-1.48169289470547,-9.97507570756694
8.64,-5.33818501315092,-1.48169289470547,-9.97507570756694
8.6425,-5.33818501315092,-1.48169289470547,-9.97507570756694
8.645,-5.33309055529771,-1.44092735225916,-9.97507570756694
8.6475,-5.33309055529771,-1.47659720189968,-9.97507570756694
8.65,-5.33818501315092,-1.47659720189968,-9.96998258804469
8.6525,-5.33818501315092,-1.48169289470547,-9.97507570756694
8.655,-5.33309055529771,-1.44092735225916,-9.97507570756694
8.6575,-5.33818501315092,-1.48678858751125,-9.98016882708919
8.66,-5.33309055529771,-1.48678858751125,-9.98016882708919
8.6625,-5.33309055529771,-1.48678858751125,-9.97507570756694
8.665,-5.33309055529771,-1.43583165945337,-9.98016882708919
8.6675,-5.33309055529771,-1.47659720189968,-9.97507570756694
8.67,-5.33309055529771,-1.47659720189968,-9.97507570756694
8.6725,-5.33309055529771,-1.47150150909389,-9.97507570756694
8.675,-5.33818501315092,-1.45621443067652,-9.96998258804469
8.6775,-5.33818501315092,-1.48169289470547,-9.97507570756694
8.68,-5.33309055529771,-1.48169289470547,-9.97507570756694
8.6825,-5.33818501315092,-1.48169289470547,-9.97507570756694
8.685,-5.33818501315092,-1.45621443067652,-9.96998258804469
8.6875,-5.33309055529771,-1.47659720189968,-9.97507570756694
8.69,-5.33818501315092,-1.47150150909389,-9.96998258804469
8.6925,-5.33818501315092,-1.47150150909389,-9.97507570756694
8.695,-5.33309055529771,-1.45621443067652,-9.97507570756694
8.6975,-5.33309055529771,-1.48169289470547,-9.98016882708919
8.7,-5.33818501315092,-1.47659720189968,-9.98016882708919
8.7025,-5.33818501315092,-1.48169289470547,-9.97507570756694
8.705,-5.33818501315092,-1.45621443067652,-9.97507570756694
8.7075,-5.34837392885734,-1.47659720189968,-9.97507570756694
8.71,-5.33818501315092,-1.47150150909389,-9.97507570756694
8.7125,-5.34327947100413,-1.47150150909389,-9.96998258804469
8.715,-5.33818501315092,-1.45111873787073,-9.96998258804469
8.7175,-5.33818501315092,-1.47659720189968,-9.96998258804469
8.72,-5.33818501315092,-1.48169289470547,-9.97507570756694
8.7225,-5.33818501315092,-1.48169289470547,-9.96998258804469
8.725,-5.33818501315092,-1.43073596664758,-9.98016882708919
8.7275,-5.33818501315092,-1.47150150909389,-9.97507570756694
8.73,-5.33818501315092,-1.47150150909389,-9.98016882708919
8.7325,-5.33818501315092,-1.47150150909389,-9.98016882708919
8.735,-5.33818501315092,-1.45111873787073,-9.98016882708919
8.7375,-5.33818501315092,-1.47150150909389,-9.97507570756694
8.74,-5.33309055529771,-1.47659720189968,-9.97507570756694
8.7425,-5.33818501315092,-1.47659720189968,-9.97507570756694
8.745,-5.33818501315092,-1.47659720189968,-9.97507570756694
8.7475,-5.33818501315092,-1.47150150909389,-9.96998258804469
8.75,-5.33818501315092,-1.4664058162881,-9.97507570756694
8.7525,-5.33818501315092,-1.47150150909389,-9.97507570756694
8.755,-5.33818501315092,-1.42564027384179,-9.97507570756694
8.7575,-5.33818501315092,-1.47659720189968,-9.97507570756694
8.76,-5.33818501315092,-1.47150150909389,-9.98016882708919
8.7625,-5.34327947100413,-1.47659720189968,-9.98016882708919
8.765,-5.33818501315092,-1.45111873787073,-9.97507570756694
8.7675,-5.33818501315092,-1.47150150909389,-9.98016882708919
8.77,-5.33818501315092,-1.4664058162881,-9.97507570756694
8.7725,-5.33818501315092,-1.4664058162881,-9.97507570756694
8.775,-5.33818501315092,-1.44602304506495,-9.97507570756694
8.7775,-5.34327947100413,-1.4664058162881,-9.96998258804469
8.78,-5.34327947100413,-1.47150150909389,-9.96998258804469
8.7825,-5.33818501315092,-1.47659720189968,-9.96998258804469
8.785,-5.33818501315092,-1.4664058162881,-9.97507570756694
8.7875,-5.33818501315092,-1.47150150909389,-9.97507570756694
8.79,-5.34327947100413,-1.4664058162881,-9.97507570756694
8.7925,-5.33818501315092,-1.47150150909389,-9.97507570756694
8.795,-5.33818501315092,-1.44602304506495,-9.97507570756694
8.7975,-5.34327947100413,-1.4664058162881,-9.98016882708919
8.8,-5.33818501315092,-1.47150150909389,-9.97507570756694
8.8025,-5.33818501315092,-1.47150150909389,-9.97507570756694
8.805,-5.34327947100413,-1.42564027384179,-9.97507570756694
8.8075,-5.33818501315092,-1.4664058162881,-9.97507570756694
8.81,-5.33818501315092,-1.4664058162881,-9.97507570756694
8.8125,-5.33818501315092,-1.46131012348231,-9.97507570756694
8.815,-5.34327947100413,-1.44092735225916,-9.96998258804469
8.8175,-5.33818501315092,-1.4664058162881,-9.96998258804469
8.82,-5.33818501315092,-1.47659720189968,-9.97507570756694
8.8225,-5.34327947100413,-1.47150150909389,-9.97507570756694
8.825,-5.34327947100413,-1.43073596664758,-9.98016882708919
8.8275,-5.33818501315092,-1.47150150909389,-9.98016882708919
8.83,-5.33818501315092,-1.4664058162881,-9.98016882708919
8.8325,-5.34327947100413,-1.4664058162881,-9.97507570756694
8.835,-5.33818501315092,-1.420544581036,-9.97507570756694
8.8375,-5.33818501315092,-1.4664058162881,-9.97507570756694
8.84,-5.34327947100413,-1.4664058162881,-9.97507570756694
8.8425,-5.34327947100413,-1.47150150909389,-9.96998258804469
8.845,-5.33818501315092,-1.45621443067652,-9.97507570756694
8.8475,-5.33818501315092,-1.47150150909389,-9.97507570756694
8.85,-5.33818501315092,-1.4664058162881,-9.96998258804469
8.8525,-5.33818501315092,-1.47150150909389,-9.97507570756694
8.855,-5.33818501315092,-1.44092735225916,-9.97507570756694
8.8575,-5.34327947100413,-1.46131012348231,-9.98016882708919
8.86,-5.34327947100413,-1.4664058162881,-9.97507570756694
8.8625,-5.33818501315092,-1.4664058162881,-9.97507570756694
8.865,-5.33818501315092,-1.44602304506495,-9.98016882708919
8.8675,-5.33818501315092,-1.4664058162881,-9.98016882708919
8.87,-5.34327947100413,-1.4664058162881,-9.97507570756694
8.8725,-5.33818501315092,-1.46131012348231,-9.97507570756694
8.875,-5.34327947100413,-1.420544581036,-9.97507570756694
8.8775,-5.33818501315092,-1.46131012348231,-9.96998258804469
8.88,-5.33818501315092,-1.46131012348231,-9.96998258804469
8.8825,-5.34327947100413,-1.4664058162881,-9.97507570756694
8.885,-5.34327947100413,-1.4664058162881,-9.96998258804469
8.8875,-5.33818501315092,-1.4664058162881,-9.97507570756694
8.89,-5.33818501315092,-1.46131012348231,-9.98016882708919
8.8925,-5.33818501315092,-1.46131012348231,-9.98016882708919
8.895,-5.33818501315092,-1.44092735225916,-9.97507570756694
8.8975,-5.33818501315092,-1.46131012348231,-9.97507570756694
8.9,-5.33818501315092,-1.46131012348231,-9.98016882708919
8.9025,-5.34327947100413,-1.4664058162881,-9.97507570756694
8.905,-5.33818501315092,-1.44602304506495,-9.97507570756694
8.9075,-5.33818501315092,-1.4664058162881,-9.97507570756694
8.91,-5.34327947100413,-1.4664058162881,-9.97507570756694
8.9125,-5.34327947100413,-1.46131012348231,-9.96998258804469
8.915,-5.33818501315092,-1.44602304506495,-9.96998258804469
8.9175,-5.33818501315092,-1.45621443067652,-9.97507570756694
8.92,-5.34327947100413,-1.46131012348231,-9.96998258804469
8.9225,-5.33818501315092,-1.46131012348231,-9.97507570756694
8.925,-5.33818501315092,-1.4664058162881,-9.98016882708919
8.9275,-5.33818501315092,-1.44602304506495,-9.97507570756694
8.93,-5.33818501315092,-1.47150150909389,-9.98016882708919
8.9325,-5.33818501315092,-1.4664058162881,-9.97507570756694
8.935,-5.33818501315092,-1.4664058162881,-9.98016882708919
8.9375,-5.33818501315092,-1.46131012348231,-9.97507570756694
8.94,-5.33818501315092,-1.46131012348231,-9.97507570756694
8.9425,-5.33818501315092,-1.4664058162881,-9.97507570756694
8.945,-5.34327947100413,-1.46131012348231,-9.97507570756694
8.9475,-5.33818501315092,-1.43073596664758,-9.96998258804469
8.95,-5.33818501315092,-1.47150150909389,-9.97507570756694
8.9525,-5.33818501315092,-1.4664058162881,-9.97507570756694
8.955,-5.34327947100413,-1.4664058162881,-9.97507570756694
8.9575,-5.33818501315092,-1.44602304506495,-9.97507570756694
8.96,-5.33818501315092,-1.4664058162881,-9.97507570756694
8.9625,-5.33818501315092,-1.46131012348231,-9.98016882708919
8.965,-5.33818501315092,-1.4664058162881,-9.98016882708919
8.9675,-5.33818501315092,-1.45111873787073,-9.97507570756694
8.97,-5.33818501315092,-1.47150150909389,-9.98016882708919
8.9725,-5.33818501315092,-1.4664058162881,-9.97507570756694
8.975,-5.33818501315092,-1.4664058162881,-9.97507570756694
8.9775,-5.33818501315092,-1.44602304506495,-9.97507570756694
8.98,-5.33818501315092,-1.46131012348231,-9.97507570756694
8.9825,-5.33818501315092,-1.4664058162881,-9.96998258804469
8.985,-5.33818501315092,-1.4664058162881,-9.97507570756694
8.9875,-5.33818501315092,-1.44602304506495,-9.97507570756694
8.99,-5.33818501315092,-1.47150150909389,-9.97507570756694
8.9925,-5.33818501315092,-1.47150150909389,-9.97507570756694
8.995,-5.33818501315092,-1.47150150909389,-9.98016882708919
8.9975,-5.33818501315092,-1.45111873787073,-9.98016882708919
9,-5.33818501315092,-1.4664058162881,-9.98016882708919
9.0025,-5.33818501315092,-1.46131012348231,-9.97507570756694
9.005,-5.33818501315092,-1.46131012348231,-9.97507570756694
9.0075,-5.33818501315092,-1.47150150909389,-9.97507570756694
9.01,-5.33309055529771,-1.47150150909389,-9.97507570756694
9.0125,-5.33818501315092,-1.4664058162881,-9.97507570756694
9.015,-5.34327947100413,-1.4664058162881,-9.96998258804469
9.0175,-5.33818501315092,-1.44602304506495,-9.96998258804469
9.02,-5.33818501315092,-1.4664058162881,-9.96998258804469
9.0225,-5.33818501315092,-1.46131012348231,-9.97507570756694
9.025,-5.34327947100413,-1.4664058162881,-9.97507570756694
9.0275,-5.33818501315092,-1.45111873787073,-9.97507570756694
9.03,-5.33818501315092,-1.47150150909389,-9.98016882708919
9.0325,-5.34327947100413,-1.47150150909389,-9.98016882708919
9.035,-5.33818501315092,-1.4664058162881,-9.98016882708919
9.0375,-5.33818501315092,-1.44602304506495,-9.97507570756694
9.04,-5.33818501315092,-1.46131012348231,-9.97507570756694
9.0425,-5.34327947100413,-1.46131012348231,-9.96998258804469
9.045,-5.33818501315092,-1.4664058162881,-9.96998258804469
9.0475,-5.33818501315092,-1.44602304506495,-9.97507570756694
9.05,-5.34327947100413,-1.47150150909389,-9.97507570756694
9.0525,-5.33818501315092,-1.4664058162881,-9.97507570756694
9.055,-5.33309055529771,-1.47150150909389,-9.97507570756694
9.0575,-5.33818501315092,-1.46131012348231,-9.98016882708919
9.06,-5.33818501315092,-1.46131012348231,-9.97507570756694
9.0625,-5.33818501315092,-1.46131012348231,-9.98016882708919
9.065,-5.33818501315092,-1.46131012348231,-9.98016882708919
9.0675,-5.34327947100413,-1.420544581036,-9.97507570756694
9.07,-5.34327947100413,-1.4664058162881,-9.97507570756694
9.0725,-5.33818501315092,-1.4664058162881,-9.97507570756694
9.075,-5.33818501315092,-1.46131012348231,-9.97507570756694
9.0775,-5.34327947100413,-1.420544581036,-9.97507570756694
9.08,-5.33818501315092,-1.4664058162881,-9.96998258804469
9.0825,-5.33818501315092,-1.46131012348231,-9.97507570756694
9.085,-5.34837392885734,-1.4664058162881,-9.97507570756694
9.0875,-5.33818501315092,-1.42564027384179,-9.97507570756694
9.09,-5.33818501315092,-1.47150150909389,-9.98016882708919
9.0925,-5.34327947100413,-1.4664058162881,-9.98016882708919
9.095,-5.34327947100413,-1.4664058162881,-9.97507570756694
9.0975,-5.34327947100413,-1.44092735225916,-9.97507570756694
9.1,-5.33818501315092,-1.46131012348231,-9.97507570756694
9.1025,-5.34327947100413,-1.46131012348231,-9.97507570756694
9.105,-5.34327947100413,-1.46131012348231,-9.96998258804469
9.1075,-5.34327947100413,-1.42564027384179,-9.97507570756694
9.11,-5.34327947100413,-1.4664058162881,-9.97507570756694
9.1125,-5.34327947100413,-1.47150150909389,-9.96998258804469
9.115,-5.33818501315092,-1.4664058162881,-9.97507570756694
9.1175,-5.34327947100413,-1.44092735225916,-9.98016882708919
9.12,-5.34327947100413,-1.46131012348231,-9.98016882708919
9.1225,-5.34327947100413,-1.4664058162881,-9.98016882708919
9.125,-5.33818501315092,-1.4664058162881,-9.98016882708919
9.1275,-5.34327947100413,-1.44602304506495,-9.97507570756694
9.13,-5.34327947100413,-1.4664058162881,-9.97507570756694
9.1325,-5.34327947100413,-1.46131012348231,-9.96998258804469
9.135,-5.34327947100413,-1.46131012348231,-9.97507570756694
9.1375,-5.34837392885734,-1.44092735225916,-9.96998258804469
9.14,-5.34327947100413,-1.46131012348231,-9.96998258804469
9.1425,-5.34327947100413,-1.46131012348231,-9.97507570756694
9.145,-5.34837392885734,-1.46131012348231,-9.97507570756694
9.1475,-5.34327947100413,-1.4664058162881,-9.97507570756694
9.15,-5.34327947100413,-1.4664058162881,-9.98016882708919
9.1525,-5.34327947100413,-1.46131012348231,-9.98016882708919
9.155,-5.34327947100413,-1.46131012348231,-9.98016882708919
9.1575,-5.34327947100413,-1.420544581036,-9.98016882708919
9.16,-5.34327947100413,-1.45621443067652,-9.98016882708919
9.1625,-5.34837392885734,-1.46131012348231,-9.97507570756694
9.165,-5.34837392885734,-1.46131012348231,-9.97507570756694
9.1675,-5.34327947100413,-1.44602304506495,-9.96998258804469
9.17,-5.35346838671055,-1.46131012348231,-9.97507570756694
9.1725,-5.35346838671055,-1.4664058162881,-9.97507570756694
9.175,-5.34837392885734,-1.46131012348231,-9.97507570756694
9.1775,-5.34837392885734,-1.46131012348231,-9.98016882708919
9.18,-5.34837392885734,-1.46131012348231,-9.98016882708919
9.1825,-5.34837392885734,-1.46131012348231,-9.97507570756694
9.185,-5.34327947100413,-1.46131012348231,-9.98016882708919
9.1875,-5.34837392885734,-1.420544581036,-9.98016882708919
9.19,-5.34837392885734,-1.4664058162881,-9.98016882708919
9.1925,-5.34837392885734,-1.46131012348231,-9.97507570756694
9.195,-5.34837392885734,-1.46131012348231,-9.97507570756694
9.1975,-5.34837392885734,-1.43583165945337,-9.96998258804469
9.2,-5.34837392885734,-1.45621443067652,-9.96998258804469
9.2025,-5.34837392885734,-1.45621443067652,-9.97507570756694
9.205,-5.35346838671055,-1.4664058162881,-9.97507570756694
9.2075,-5.34837392885734,-1.44092735225916,-9.97507570756694
9.21,-5.34837392885734,-1.46131012348231,-9.98016882708919
9.2125,-5.35346838671055,-1.4664058162881,-9.98016882708919
9.215,-5.35346838671055,-1.46131012348231,-9.98016882708919
9.2175,-5.35346838671055,-1.420544581036,-9.98016882708919
9.22,-5.34837392885734,-1.45621443067652,-9.97507570756694
9.2225,-5.35346838671055,-1.45621443067652,-9.97507570756694
9.225,-5.35346838671055,-1.46131012348231,-9.97507570756694
9.2275,-5.35346838671055,-1.43583165945337,-9.96998258804469
9.23,-5.35346838671055,-1.46131012348231,-9.97507570756694
9.2325,-5.35346838671055,-1.46131012348231,-9.96998258804469
9.235,-5.35346838671055,-1.47150150909389,-9.97507570756694
9.2375,-5.35346838671055,-1.44092735225916,-9.97507570756694
9.24,-5.35346838671055,-1.46131012348231,-9.98016882708919
9.2425,-5.35346838671055,-1.45621443067652,-9.97507570756694
9.245,-5.34837392885734,-1.46131012348231,-9.97507570756694
9.2475,-5.35346838671055,-1.43583165945337,-9.98016882708919
9.25,-5.35346838671055,-1.46131012348231,-9.97507570756694
9.2525,-5.35346838671055,-1.4664058162881,-9.97507570756694
9.255,-5.34837392885734,-1.46131012348231,-9.97507570756694
9.2575,-5.35346838671055,-1.41544888823022,-9.97507570756694
9.26,-5.35346838671055,-1.45621443067652,-9.96998258804469
9.2625,-5.34837392885734,-1.45621443067652,-9.96998258804469
9.265,-5.35346838671055,-1.45111873787073,-9.97507570756694
9.2675,-5.35346838671055,-1.43073596664758,-9.97507570756694
9.27,-5.34837392885734,-1.46131012348231,-9.97507570756694
9.2725,-5.34837392885734,-1.46131012348231,-9.98016882708919
9.275,-5.35346838671055,-1.46131012348231,-9.98016882708919
9.2775,-5.35346838671055,-1.45621443067652,-9.97507570756694
9.28,-5.34837392885734,-1.45621443067652,-9.97507570756694
9.2825,-5.35346838671055,-1.45111873787073,-9.97507570756694
9.285,-5.35346838671055,-1.45111873787073,-9.97507570756694
9.2875,-5.35346838671055,-1.43073596664758,-9.97507570756694
9.29,-5.35346838671055,-1.45111873787073,-9.96998258804469
9.2925,-5.35346838671055,-1.46131012348231,-9.97507570756694
9.295,-5.35346838671055,-1.46131012348231,-9.97507570756694
9.2975,-5.34837392885734,-1.41544888823022,-9.97507570756694
9.3,-5.35346838671055,-1.45621443067652,-9.98016882708919
9.3025,-5.35346838671055,-1.45111873787073,-9.97507570756694
9.305,-5.34837392885734,-1.45111873787073,-9.98016882708919
9.3075,-5.34837392885734,-1.42564027384179,-9.98016882708919
9.31,-5.35346838671055,-1.45111873787073,-9.97507570756694
9.3125,-5.34837392885734,-1.45621443067652,-9.97507570756694
9.315,-5.34837392885734,-1.45621443067652,-9.97507570756694
9.3175,-5.35346838671055,-1.41035319542443,-9.97507570756694
9.32,-5.35346838671055,-1.45111873787073,-9.97507570756694
9.3225,-5.35346838671055,-1.45621443067652,-9.97507570756694
9.325,-5.35346838671055,-1.44602304506495,-9.97507570756694
9.3275,-5.35346838671055,-1.40525750261864,-9.96998258804469
9.33,-5.35346838671055,-1.45111873787073,-9.97507570756694
9.3325,-5.35346838671055,-1.45111873787073,-9.97507570756694
9.335,-5.35346838671055,-1.45621443067652,-9.98016882708919
9.3375,-5.35346838671055,-1.41544888823022,-9.98016882708919
9.34,-5.35346838671055,-1.45621443067652,-9.98016882708919
9.3425,-5.35346838671055,-1.45111873787073,-9.98016882708919
9.345,-5.35346838671055,-1.44602304506495,-9.98016882708919
9.3475,-5.35346838671055,-1.40016180981285,-9.97507570756694
9.35,-5.35346838671055,-1.44602304506495,-9.97507570756694
9.3525,-5.35346838671055,-1.44602304506495,-9.97507570756694
9.355,-5.35346838671055,-1.45111873787073,-9.97507570756694
9.3575,-5.34837392885734,-1.43073596664758,-9.97507570756694
9.36,-5.34837392885734,-1.45111873787073,-9.97507570756694
9.3625,-5.35346838671055,-1.45111873787073,-9.97507570756694
9.365,-5.34837392885734,-1.45111873787073,-9.98016882708919
9.3675,-5.34837392885734,-1.42564027384179,-9.98016882708919
9.37,-5.35346838671055,-1.44602304506495,-9.98016882708919
9.3725,-5.35346838671055,-1.45111873787073,-9.98016882708919
9.375,-5.34837392885734,-1.44602304506495,-9.98016882708919
9.3775,-5.35346838671055,-1.42564027384179,-9.98016882708919
9.38,-5.35346838671055,-1.45111873787073,-9.97507570756694
9.3825,-5.35346838671055,-1.45621443067652,-9.97507570756694
9.385,-5.35346838671055,-1.45111873787073,-9.97507570756694
9.3875,-5.35346838671055,-1.42564027384179,-9.97507570756694
9.39,-5.35346838671055,-1.44602304506495,-9.96998258804469
9.3925,-5.35346838671055,-1.44602304506495,-9.97507570756694
9.395,-5.35346838671055,-1.45111873787073,-9.97507570756694
9.3975,-5.35346838671055,-1.42564027384179,-9.97507570756694
9.4,-5.35346838671055,-1.45621443067652,-9.98016882708919
9.4025,-5.35346838671055,-1.45621443067652,-9.98016882708919
9.405,-5.35346838671055,-1.45111873787073,-9.98016882708919
9.4075,-5.34837392885734,-1.41035319542443,-9.98016882708919
9.41,-5.34837392885734,-1.45111873787073,-9.97507570756694
9.4125,-5.35346838671055,-1.44602304506495,-9.97507570756694
9.415,-5.35346838671055,-1.44602304506495,-9.97507570756694
9.4175,-5.35346838671055,-1.41035319542443,-9.97507570756694
9.42,-5.35346838671055,-1.45621443067652,-9.97507570756694
9.4225,-5.35856284456376,-1.45621443067652,-9.97507570756694
9.425,-5.35346838671055,-1.45621443067652,-9.97507570756694
9.4275,-5.34837392885734,-1.41035319542443,-9.97507570756694
9.43,-5.35346838671055,-1.45111873787073,-9.97507570756694
9.4325,-5.35346838671055,-1.45111873787073,-9.98016882708919
9.435,-5.34837392885734,-1.45111873787073,-9.97507570756694
9.4375,-5.35346838671055,-1.40525750261864,-9.98016882708919
9.44,-5.35346838671055,-1.45111873787073,-9.98016882708919
9.4425,-5.35346838671055,-1.45621443067652,-9.97507570756694
9.445,-5.35346838671055,-1.45621443067652,-9.98016882708919
9.4475,-5.35346838671055,-1.41035319542443,-9.97507570756694
9.45,-5.35346838671055,-1.45111873787073,-9.97507570756694
9.4525,-5.34837392885734,-1.45111873787073,-9.97507570756694
9.455,-5.35346838671055,-1.45111873787073,-9.96998258804469
9.4575,-5.35346838671055,-1.43583165945337,-9.96998258804469
9.46,-5.34837392885734,-1.46131012348231,-9.96998258804469
9.4625,-5.35346838671055,-1.45621443067652,-9.97507570756694
9.465,-5.35856284456376,-1.45621443067652,-9.98016882708919
9.4675,-5.34837392885734,-1.43583165945337,-9.98016882708919
9.47,-5.34837392885734,-1.45621443067652,-9.98526194661144
9.4725,-5.35346838671055,-1.45111873787073,-9.98016882708919
9.475,-5.34837392885734,-1.45621443067652,-9.97507570756694
9.4775,-5.34837392885734,-1.41035319542443,-9.97507570756694
9.48,-5.35346838671055,-1.45621443067652,-9.97507570756694
9.4825,-5.35346838671055,-1.45621443067652,-9.97507570756694
9.485,-5.34837392885734,-1.45621443067652,-9.96998258804469
9.4875,-5.35346838671055,-1.43073596664758,-9.97507570756694
9.49,-5.34837392885734,-1.45621443067652,-9.97507570756694
9.4925,-5.35346838671055,-1.45111873787073,-9.96998258804469
9.495,-5.35346838671055,-1.45111873787073,-9.96998258804469
9.4975,-5.34837392885734,-1.43073596664758,-9.97507570756694
9.5,-5.35346838671055,-1.46131012348231,-9.97507570756694
9.5025,-5.35346838671055,-1.46131012348231,-9.98016882708919
9.505,-5.34837392885734,-1.45621443067652,-9.98016882708919
9.5075,-5.34837392885734,-1.41035319542443,-9.98016882708919
9.51,-5.34837392885734,-1.45621443067652,-9.97507570756694
9.5125,-5.34837392885734,-1.45111873787073,-9.97507570756694
9.515,-5.35346838671055,-1.45111873787073,-9.97507570756694
9.5175,-5.35346838671055,-1.41035319542443,-9.97507570756694
9.52,-5.34837392885734,-1.43583165945337,-9.96998258804469
9.5225,-5.34327947100413,-1.46131012348231,-9.97507570756694
9.525,-5.35346838671055,-1.45621443067652,-9.96998258804469
9.5275,-5.34327947100413,-1.41544888823022,-9.97507570756694
9.53,-5.35346838671055,-1.45111873787073,-9.97507570756694
9.5325,-5.35346838671055,-1.45111873787073,-9.97507570756694
9.535,-5.35346838671055,-1.45111873787073,-9.97507570756694
9.5375,-5.34327947100413,-1.43583165945337,-9.97507570756694
9.54,-5.34837392885734,-1.46131012348231,-9.98016882708919
9.5425,-5.34837392885734,-1.45621443067652,-9.98016882708919
9.545,-5.34327947100413,-1.45621443067652,-9.97507570756694
9.5475,-5.34837392885734,-1.43073596664758,-9.98016882708919
9.55,-5.34837392885734,-1.44602304506495,-9.97507570756694
9.5525,-5.34837392885734,-1.45111873787073,-9.96998258804469
9.555,-5.34327947100413,-1.45111873787073,-9.96998258804469
9.5575,-5.34837392885734,-1.42564027384179,-9.96998258804469
9.56,-5.35346838671055,-1.45621443067652,-9.96998258804469
9.5625,-5.34327947100413,-1.45621443067652,-9.96998258804469
9.565,-5.34837392885734,-1.45111873787073,-9.97507570756694
9.5675,-5.34837392885734,-1.42564027384179,-9.98016882708919
9.57,-5.34837392885734,-1.45111873787073,-9.97507570756694
9.5725,-5.34327947100413,-1.44602304506495,-9.98016882708919
9.575,-5.34837392885734,-1.44602304506495,-9.97507570756694
9.5775,-5.34837392885734,-1.45111873787073,-9.97507570756694
9.58,-5.34837392885734,-1.45621443067652,-9.97507570756694
9.5825,-5.34837392885734,-1.45111873787073,-9.97507570756694
9.585,-5.35346838671055,-1.45111873787073,-9.97507570756694
9.5875,-5.34837392885734,-1.42564027384179,-9.96998258804469
9.59,-5.34837392885734,-1.45111873787073,-9.96998258804469
9.5925,-5.35346838671055,-1.44602304506495,-9.97507570756694
9.595,-5.34837392885734,-1.45111873787073,-9.97507570756694
9.5975,-5.34837392885734,-1.43073596664758,-9.97507570756694
9.6,-5.34837392885734,-1.45621443067652,-9.98016882708919
9.6025,-5.35346838671055,-1.46131012348231,-9.97507570756694
9.605,-5.34837392885734,-1.45621443067652,-9.98016882708919
9.6075,-5.34327947100413,-1.41544888823022,-9.98016882708919
9.61,-5.34837392885734,-1.45111873787073,-9.97507570756694
9.6125,-5.34837392885734,-1.44602304506495,-9.97507570756694
9.615,-5.34837392885734,-1.44602304506495,-9.97507570756694
9.6175,-5.34837392885734,-1.42564027384179,-9.97507570756694
9.62,-5.35346838671055,-1.45621443067652,-9.97507570756694
9.6225,-5.34327947100413,-1.45621443067652,-9.97507570756694
9.625,-5.34837392885734,-1.45621443067652,-9.97507570756694
9.6275,-5.34837392885734,-1.41544888823022,-9.96998258804469
9.63,-5.34837392885734,-1.45621443067652,-9.97507570756694
9.6325,-5.34837392885734,-1.45111873787073,-9.97507570756694
9.635,-5.34837392885734,-1.45621443067652,-9.98016882708919
9.6375,-5.34837392885734,-1.41544888823022,-9.97507570756694
9.64,-5.34837392885734,-1.46131012348231,-9.97507570756694
9.6425,-5.34837392885734,-1.46131012348231,-9.98016882708919
9.645,-5.35346838671055,-1.45621443067652,-9.97507570756694
9.6475,-5.34327947100413,-1.41035319542443,-9.97507570756694
9.65,-5.34327947100413,-1.45621443067652,-9.97507570756694
9.6525,-5.34837392885734,-1.45111873787073,-9.97507570756694
9.655,-5.35346838671055,-1.45111873787073,-9.96998258804469
9.6575,-5.35346838671055,-1.41035319542443,-9.96998258804469
9.66,-5.35346838671055,-1.45621443067652,-9.97507570756694
9.6625,-5.35346838671055,-1.46131012348231,-9.97507570756694
9.665,-5.35346838671055,-1.46131012348231,-9.97507570756694
9.6675,-5.34837392885734,-1.43073596664758,-9.98016882708919
9.67,-5.34837392885734,-1.45111873787073,-9.98016882708919
9.6725,-5.35346838671055,-1.45111873787073,-9.97507570756694
9.675,-5.34837392885734,-1.45621443067652,-9.97507570756694
9.6775,-5.35346838671055,-1.41035319542443,-9.98016882708919
9.68,-5.35346838671055,-1.45621443067652,-9.97507570756694
9.6825,-5.35346838671055,-1.46131012348231,-9.97507570756694
9.685,-5.35346838671055,-1.45621443067652,-9.97507570756694
9.6875,-5.35346838671055,-1.41544888823022,-9.97507570756694
9.69,-5.34837392885734,-1.42564027384179,-9.96998258804469
9.6925,-5.34837392885734,-1.45621443067652,-9.97507570756694
9.695,-5.35346838671055,-1.45111873787073,-9.97507570756694
9.6975,-5.35856284456376,-1.41035319542443,-9.97507570756694
9.7,-5.35346838671055,-1.45621443067652,-9.97507570756694
9.7025,-5.35346838671055,-1.46131012348231,-9.98016882708919
9.705,-5.35346838671055,-1.45621443067652,-9.97507570756694
9.7075,-5.35346838671055,-1.44092735225916,-9.97507570756694
9.71,-5.34837392885734,-1.45111873787073,-9.97507570756694
9.7125,-5.35856284456376,-1.45111873787073,-9.97507570756694
9.715,-5.35346838671055,-1.45111873787073,-9.96998258804469
9.7175,-5.35346838671055,-1.42564027384179,-9.96998258804469
9.72,-5.35346838671055,-1.45111873787073,-9.97507570756694
9.7225,-5.35856284456376,-1.45621443067652,-9.97507570756694
9.725,-5.35346838671055,-1.45621443067652,-9.96998258804469
9.7275,-5.35346838671055,-1.43073596664758,-9.97507570756694
9.73,-5.35346838671055,-1.45111873787073,-9.98016882708919
9.7325,-5.35346838671055,-1.45111873787073,-9.97507570756694
9.735,-5.35346838671055,-1.44602304506495,-9.98016882708919
9.7375,-5.35856284456376,-1.42564027384179,-9.98016882708919
9.74,-5.35856284456376,-1.45111873787073,-9.97507570756694
9.7425,-5.35856284456376,-1.45621443067652,-9.97507570756694
9.745,-5.35856284456376,-1.45621443067652,-9.97507570756694
9.7475,-5.35856284456376,-1.45111873787073,-9.97507570756694
9.75,-5.35856284456376,-1.44602304506495,-9.97507570756694
9.7525,-5.35346838671055,-1.45111873787073,-9.96998258804469
9.755,-5.35856284456376,-1.44602304506495,-9.97507570756694
9.7575,-5.35856284456376,-1.40525750261864,-9.96998258804469
9.76,-5.35346838671055,-1.45621443067652,-9.97507570756694
9.7625,-5.35346838671055,-1.45621443067652,-9.98016882708919
9.765,-5.35856284456376,-1.45621443067652,-9.98016882708919
9.7675,-5.35856284456376,-1.41544888823022,-9.98016882708919
9.77,-5.35346838671055,-1.45111873787073,-9.97507570756694
9.7725,-5.35856284456376,-1.44602304506495,-9.97507570756694
9.775,-5.35856284456376,-1.44602304506495,-9.97507570756694
9.7775,-5.35346838671055,-1.40525750261864,-9.97507570756694
9.78,-5.35856284456376,-1.45621443067652,-9.97507570756694
9.7825,-5.35856284456376,-1.45621443067652,-9.96998258804469
9.785,-5.35856284456376,-1.45621443067652,-9.96998258804469
9.7875,-5.35856284456376,-1.41544888823022,-9.97507570756694
9.79,-5.35856284456376,-1.45111873787073,-9.97507570756694
9.7925,-5.35856284456376,-1.45111873787073,-9.97507570756694
9.795,-5.35856284456376,-1.44602304506495,-9.97507570756694
9.7975,-5.35856284456376,-1.43073596664758,-9.98016882708919
9.8,-5.35856284456376,-1.45111873787073,-9.97507570756694
9.8025,-5.35856284456376,-1.45621443067652,-9.98016882708919
9.805,-5.35856284456376,-1.45621443067652,-9.97507570756694
9.8075,-5.36365730241697,-1.41035319542443,-9.97507570756694
9.81,-5.35856284456376,-1.45111873787073,-9.97507570756694
9.8125,-5.35856284456376,-1.45111873787073,-9.97507570756694
9.815,-5.35856284456376,-1.44602304506495,-9.97507570756694
9.8175,-5.35856284456376,-1.40525750261864,-9.96998258804469
9.82,-5.35856284456376,-1.45111873787073,-9.96998258804469
9.8225,-5.35856284456376,-1.45621443067652,-9.97507570756694
9.825,-5.35856284456376,-1.45111873787073,-9.97507570756694
9.8275,-5.35856284456376,-1.43583165945337,-9.97507570756694
9.83,-5.35856284456376,-1.44602304506495,-9.98016882708919
9.8325,-5.35856284456376,-1.44602304506495,-9.98016882708919
9.835,-5.35856284456376,-1.44602304506495,-9.98016882708919
9.8375,-5.35856284456376,-1.420544581036,-9.98016882708919
9.84,-5.35856284456376,-1.44602304506495,-9.98016882708919
9.8425,-5.35856284456376,-1.45111873787073,-9.97507570756694
9.845,-5.36875176027018,-1.45111873787073,-9.97507570756694
9.8475,-5.35856284456376,-1.44602304506495,-9.97507570756694
9.85,-5.35856284456376,-1.44092735225916,-9.97507570756694
9.8525,-5.35856284456376,-1.44092735225916,-9.97507570756694
9.855,-5.36365730241697,-1.44092735225916,-9.96998258804469
9.8575,-5.36365730241697,-1.44602304506495,-9.97507570756694
9.86,-5.36365730241697,-1.42564027384179,-9.97507570756694
9.8625,-5.36365730241697,-1.45111873787073,-9.97507570756694
9.865,-5.35856284456376,-1.45111873787073,-9.98016882708919
9.8675,-5.36365730241697,-1.44602304506495,-9.98016882708919
9.87,-5.36365730241697,-1.42564027384179,-9.98016882708919
9.8725,-5.35856284456376,-1.44602304506495,-9.97507570756694
9.875,-5.35856284456376,-1.44092735225916,-9.97507570756694
9.8775,-5.36365730241697,-1.44092735225916,-9.97507570756694
9.88,-5.35856284456376,-1.420544581036,-9.96998258804469
9.8825,-5.36365730241697,-1.44602304506495,-9.97507570756694
9.885,-5.36365730241697,-1.45111873787073,-9.97507570756694
9.8875,-5.36365730241697,-1.44602304506495,-9.97507570756694
9.89,-5.35856284456376,-1.42564027384179,-9.97507570756694
9.8925,-5.35856284456376,-1.44092735225916,-9.97507570756694
9.895,-5.36365730241697,-1.44092735225916,-9.97507570756694
9.8975,-5.35856284456376,-1.44602304506495,-9.97507570756694
9.9,-5.35856284456376,-1.420544581036,-9.97507570756694
9.9025,-5.36365730241697,-1.44602304506495,-9.98016882708919
9.905,-5.36365730241697,-1.45111873787073,-9.97507570756694
9.9075,-5.35856284456376,-1.44602304506495,-9.97507570756694
9.91,-5.36365730241697,-1.40016180981285,-9.97507570756694
9.9125,-5.36365730241697,-1.44602304506495,-9.97507570756694
9.915,-5.35856284456376,-1.44602304506495,-9.96998258804469
9.9175,-5.36365730241697,-1.44092735225916,-9.96998258804469
9.92,-5.36365730241697,-1.40016180981285,-9.96998258804469
9.9225,-5.36365730241697,-1.45111873787073,-9.96998258804469
9.925,-5.35856284456376,-1.45111873787073,-9.98016882708919
9.9275,-5.36365730241697,-1.45111873787073,-9.98016882708919
9.93,-5.36365730241697,-1.40525750261864,-9.97507570756694
9.9325,-5.35856284456376,-1.44602304506495,-9.98016882708919
9.935,-5.35856284456376,-1.44092735225916,-9.98016882708919
9.9375,-5.36365730241697,-1.44602304506495,-9.97507570756694
9.94,-5.35856284456376,-1.40016180981285,-9.97507570756694
9.9425,-5.35856284456376,-1.44602304506495,-9.97507570756694
9.945,-5.36365730241697,-1.44602304506495,-9.97507570756694
9.9475,-5.36365730241697,-1.45111873787073,-9.97507570756694
9.95,-5.35856284456376,-1.40525750261864,-9.96998258804469
9.9525,-5.36365730241697,-1.44092735225916,-9.97507570756694
9.955,-5.36365730241697,-1.44602304506495,-9.96998258804469
9.9575,-5.36365730241697,-1.44602304506495,-9.97507570756694
9.96,-5.36365730241697,-1.40016180981285,-9.97507570756694
9.9625,-5.36365730241697,-1.42564027384179,-9.98016882708919
9.965,-5.35856284456376,-1.45111873787073,-9.98016882708919
9.9675,-5.35856284456376,-1.44602304506495,-9.98016882708919
9.97,-5.36365730241697,-1.40525750261864,-9.98016882708919
9.9725,-5.36365730241697,-1.44602304506495,-9.97507570756694
9.975,-5.36365730241697,-1.44092735225916,-9.96998258804469
9.9775,-5.36365730241697,-1.44092735225916,-9.97507570756694
9.98,-5.36365730241697,-1.44092735225916,-9.96998258804469
9.9825,-5.35856284456376,-1.44602304506495,-9.96998258804469
9.985,-5.35856284456376,-1.44602304506495,-9.97507570756694
9.9875,-5.36365730241697,-1.44602304506495,-9.97507570756694
9.99,-5.35856284456376,-1.44602304506495,-9.97507570756694
9.9925,-5.35856284456376,-1.44602304506495,-9.97507570756694
9.995,-5.35856284456376,-1.44092735225916,-9.98016882708919
9.9975,-5.35856284456376,-1.44092735225916,-9.97507570756694
10,-5.35856284456376,-1.420544581036,-9.98016882708919
10.0025,-5.35856284456376,-1.44092735225916,-9.98016882708919
10.005,-5.35856284456376,-1.44602304506495,-9.97507570756694
10.0075,-5.35856284456376,-1.44602304506495,-9.97507570756694
10.01,-5.35856284456376,-1.42564027384179,-9.97507570756694
10.0125,-5.35856284456376,-1.44092735225916,-9.97507570756694
10.015,-5.36365730241697,-1.44092735225916,-9.96998258804469
10.0175,-5.35856284456376,-1.44092735225916,-9.96998258804469
10.02,-5.36365730241697,-1.420544581036,-9.97507570756694
10.0225,-5.35856284456376,-1.44602304506495,-9.97507570756694
10.025,-5.35856284456376,-1.44602304506495,-9.97507570756694
10.0275,-5.35856284456376,-1.44602304506495,-9.97507570756694
10.03,-5.35346838671055,-1.42564027384179,-9.98016882708919
10.0325,-5.35856284456376,-1.44092735225916,-9.98016882708919
10.035,-5.35856284456376,-1.44092735225916,-9.97507570756694
10.0375,-5.35856284456376,-1.44092735225916,-9.98016882708919
10.04,-5.35856284456376,-1.40016180981285,-9.97507570756694
10.0425,-5.35856284456376,-1.44602304506495,-9.97507570756694
10.045,-5.35856284456376,-1.44602304506495,-9.97507570756694
10.0475,-5.35856284456376,-1.44602304506495,-9.97507570756694
10.05,-5.35346838671055,-1.40016180981285,-9.96998258804469
10.0525,-5.35346838671055,-1.44092735225916,-9.97507570756694
10.055,-5.35856284456376,-1.44092735225916,-9.97507570756694
10.0575,-5.35856284456376,-1.44092735225916,-9.96998258804469
10.06,-5.35346838671055,-1.44602304506495,-9.97507570756694
10.0625,-5.35346838671055,-1.44602304506495,-9.98016882708919
10.065,-5.35856284456376,-1.45111873787073,-9.98016882708919
10.0675,-5.35856284456376,-1.45111873787073,-9.98016882708919
10.07,-5.35346838671055,-1.40016180981285,-9.98016882708919
10.0725,-5.35856284456376,-1.44092735225916,-9.97507570756694
10.075,-5.35856284456376,-1.44092735225916,-9.97507570756694
10.0775,-5.35346838671055,-1.44092735225916,-9.97507570756694
10.08,-5.35856284456376,-1.41544888823022,-9.97507570756694
10.0825,-5.35856284456376,-1.44602304506495,-9.97507570756694
10.085,-5.35346838671055,-1.44602304506495,-9.96998258804469
10.0875,-5.35856284456376,-1.44602304506495,-9.97507570756694
10.09,-5.35856284456376,-1.40525750261864,-9.96998258804469
10.0925,-5.35856284456376,-1.44602304506495,-9.97507570756694
10.095,-5.35346838671055,-1.44092735225916,-9.97507570756694
10.0975,-5.35856284456376,-1.44092735225916,-9.97507570756694
10.1,-5.35346838671055,-1.40016180981285,-9.97507570756694
10.1025,-5.35346838671055,-1.44602304506495,-9.98016882708919
10.105,-5.35856284456376,-1.44602304506495,-9.97507570756694
10.1075,-5.35856284456376,-1.44602304506495,-9.97507570756694
10.11,-5.35346838671055,-1.42564027384179,-9.97507570756694
10.1125,-5.35856284456376,-1.44092735225916,-9.97507570756694
10.115,-5.35856284456376,-1.44092735225916,-9.96998258804469
10.1175,-5.35856284456376,-1.44092735225916,-9.96998258804469
10.12,-5.35856284456376,-1.420544581036,-9.97507570756694
10.1225,-5.35856284456376,-1.44602304506495,-9.97507570756694
10.125,-5.35856284456376,-1.44602304506495,-9.97507570756694
10.1275,-5.35856284456376,-1.45111873787073,-9.97507570756694
10.13,-5.35346838671055,-1.42564027384179,-9.98016882708919
10.1325,-5.35856284456376,-1.44602304506495,-9.98016882708919
10.135,-5.35346838671055,-1.44602304506495,-9.97507570756694
10.1375,-5.35346838671055,-1.44602304506495,-9.98016882708919
10.14,-5.35856284456376,-1.40016180981285,-9.98016882708919
10.1425,-5.35856284456376,-1.44602304506495,-9.97507570756694
10.145,-5.35346838671055,-1.44602304506495,-9.97507570756694
10.1475,-5.35856284456376,-1.44602304506495,-9.97507570756694
10.15,-5.35856284456376,-1.42564027384179,-9.97507570756694
10.1525,-5.35346838671055,-1.44602304506495,-9.97507570756694
10.155,-5.35856284456376,-1.44602304506495,-9.97507570756694
10.1575,-5.35856284456376,-1.44092735225916,-9.97507570756694
10.16,-5.35346838671055,-1.420544581036,-9.97507570756694
10.1625,-5.35856284456376,-1.44602304506495,-9.97507570756694
10.165,-5.35856284456376,-1.45111873787073,-9.97507570756694
10.1675,-5.35856284456376,-1.45111873787073,-9.97507570756694
10.17,-5.35346838671055,-1.45111873787073,-9.98016882708919
10.1725,-5.35856284456376,-1.44602304506495,-9.98016882708919
10.175,-5.35856284456376,-1.44602304506495,-9.98016882708919
10.1775,-5.35346838671055,-1.44602304506495,-9.97507570756694
10.18,-5.35346838671055,-1.420544581036,-9.97507570756694
10.1825,-5.35856284456376,-1.44602304506495,-9.97507570756694
10.185,-5.35856284456376,-1.45111873787073,-9.97507570756694
10.1875,-5.35346838671055,-1.45111873787073,-9.97507570756694
10.19,-5.35856284456376,-1.40016180981285,-9.97507570756694
10.1925,-5.35856284456376,-1.44602304506495,-9.96998258804469
10.195,-5.35346838671055,-1.44602304506495,-9.96998258804469
10.1975,-5.35346838671055,-1.44602304506495,-9.97507570756694
10.2,-5.35346838671055,-1.420544581036,-9.97507570756694
10.2025,-5.35346838671055,-1.45111873787073,-9.97507570756694
10.205,-5.35346838671055,-1.44602304506495,-9.98016882708919
10.2075,-5.35856284456376,-1.45111873787073,-9.98016882708919
10.21,-5.35346838671055,-1.40525750261864,-9.98016882708919
10.2125,-5.35346838671055,-1.44602304506495,-9.98016882708919
10.215,-5.35346838671055,-1.44092735225916,-9.97507570756694
10.2175,-5.35346838671055,-1.44092735225916,-9.97507570756694
10.22,-5.35346838671055,-1.420544581036,-9.97507570756694
10.2225,-5.35346838671055,-1.44092735225916,-9.97507570756694
10.225,-5.35856284456376,-1.44602304506495,-9.97507570756694
10.2275,-5.35346838671055,-1.45111873787073,-9.96998258804469
10.23,-5.35346838671055,-1.45111873787073,-9.97507570756694
10.2325,-5.35856284456376,-1.44602304506495,-9.97507570756694
10.235,-5.35346838671055,-1.44602304506495,-9.96998258804469
10.2375,-5.35346838671055,-1.44092735225916,-9.97507570756694
10.24,-5.35856284456376,-1.420544581036,-9.97507570756694
10.2425,-5.35856284456376,-1.44602304506495,-9.98016882708919
10.245,-5.35346838671055,-1.45111873787073,-9.98016882708919
10.2475,-5.35346838671055,-1.45111873787073,-9.98016882708919
10.25,-5.35856284456376,-1.42564027384179,-9.97507570756694
10.2525,-5.35346838671055,-1.45111873787073,-9.97507570756694
10.255,-5.35346838671055,-1.44092735225916,-9.97507570756694
10.2575,-5.35856284456376,-1.44602304506495,-9.97507570756694
10.26,-5.35856284456376,-1.42564027384179,-9.96998258804469
10.2625,-5.35346838671055,-1.44602304506495,-9.96998258804469
10.265,-5.35856284456376,-1.45111873787073,-9.97507570756694
10.2675,-5.35856284456376,-1.45621443067652,-9.97507570756694
10.27,-5.35346838671055,-1.41544888823022,-9.97507570756694
10.2725,-5.35346838671055,-1.45111873787073,-9.97507570756694
10.275,-5.35346838671055,-1.45111873787073,-9.98016882708919
10.2775,-5.35856284456376,-1.45111873787073,-9.98016882708919
10.28,-5.35346838671055,-1.40525750261864,-9.98016882708919
10.2825,-5.35346838671055,-1.45111873787073,-9.98016882708919
10.285,-5.35856284456376,-1.46131012348231,-9.97507570756694
10.2875,-5.35856284456376,-1.46131012348231,-9.97507570756694
10.29,-5.35346838671055,-1.43583165945337,-9.98016882708919
10.2925,-5.35856284456376,-1.45111873787073,-9.97507570756694
10.295,-5.35856284456376,-1.45621443067652,-9.97507570756694
10.2975,-5.35346838671055,-1.45111873787073,-9.97507570756694
10.3,-5.35856284456376,-1.42564027384179,-9.97507570756694
10.3025,-5.35856284456376,-1.45111873787073,-9.96998258804469
10.305,-5.35856284456376,-1.45621443067652,-9.97507570756694
10.3075,-5.35856284456376,-1.46131012348231,-9.97507570756694
10.31,-5.35856284456376,-1.41544888823022,-9.97507570756694
10.3125,-5.35346838671055,-1.45621443067652,-9.97507570756694
10.315,-5.35346838671055,-1.45621443067652,-9.98016882708919
10.3175,-5.35856284456376,-1.45111873787073,-9.98016882708919
10.32,-5.35856284456376,-1.42564027384179,-9.98016882708919
10.3225,-5.35346838671055,-1.45111873787073,-9.97507570756694
10.325,-5.35856284456376,-1.45621443067652,-9.97507570756694
10.3275,-5.35856284456376,-1.45621443067652,-9.97507570756694
10.33,-5.35856284456376,-1.41544888823022,-9.96998258804469
10.3325,-5.35856284456376,-1.45621443067652,-9.97507570756694
10.335,-5.35856284456376,-1.45111873787073,-9.97507570756694
10.3375,-5.35856284456376,-1.45111873787073,-9.96998258804469
10.34,-5.35346838671055,-1.41035319542443,-9.97507570756694
10.3425,-5.35856284456376,-1.45621443067652,-9.97507570756694
10.345,-5.35856284456376,-1.45621443067652,-9.97507570756694
10.3475,-5.35856284456376,-1.46131012348231,-9.98016882708919
10.35,-5.35856284456376,-1.41544888823022,-9.98016882708919
10.3525,-5.35856284456376,-1.45621443067652,-9.98016882708919
10.355,-5.35856284456376,-1.45111873787073,-9.97507570756694
10.3575,-5.35346838671055,-1.45111873787073,-9.98016882708919
10.36,-5.35856284456376,-1.43073596664758,-9.97507570756694
10.3625,-5.35856284456376,-1.45111873787073,-9.97507570756694
10.365,-5.35856284456376,-1.46131012348231,-9.97507570756694
10.3675,-5.35856284456376,-1.45621443067652,-9.97507570756694
10.37,-5.35856284456376,-1.45111873787073,-9.97507570756694
10.3725,-5.35856284456376,-1.45111873787073,-9.96998258804469
10.375,-5.3789406759766,-1.45111873787073,-9.97507570756694
10.3775,-5.35856284456376,-1.44602304506495,-9.97507570756694
10.38,-5.35856284456376,-1.43073596664758,-9.99035506613369
10.3825,-5.35856284456376,-1.45111873787073,-9.98016882708919
10.385,-5.35856284456376,-1.45621443067652,-9.98016882708919
10.3875,-5.35856284456376,-1.45621443067652,-9.98016882708919
10.39,-5.35346838671055,-1.45621443067652,-9.97507570756694
10.3925,-5.35346838671055,-1.45111873787073,-9.97507570756694
10.395,-5.35856284456376,-1.44602304506495,-9.97507570756694
10.3975,-5.35856284456376,-1.45111873787073,-9.97507570756694
10.4,-5.35346838671055,-1.42564027384179,-9.96998258804469
10.4025,-5.35856284456376,-1.45111873787073,-9.97507570756694
10.405,-5.35856284456376,-1.45111873787073,-9.96998258804469
10.4075,-5.35856284456376,-1.46131012348231,-9.96998258804469
10.41,-5.35856284456376,-1.41035319542443,-9.97507570756694
10.4125,-5.35856284456376,-1.45621443067652,-9.97507570756694
10.415,-5.35856284456376,-1.45621443067652,-9.97507570756694
10.4175,-5.35346838671055,-1.45111873787073,-9.97507570756694
10.42,-5.35856284456376,-1.42564027384179,-9.97507570756694
10.4225,-5.35856284456376,-1.45111873787073,-9.97507570756694
10.425,-5.35856284456376,-1.45621443067652,-9.97507570756694
10.4275,-5.35856284456376,-1.45621443067652,-9.98016882708919
10.43,-5.35856284456376,-1.41035319542443,-9.97507570756694
10.4325,-5.35856284456376,-1.45621443067652,-9.97507570756694
10.435,-5.35346838671055,-1.45111873787073,-9.97507570756694
10.4375,-5.35856284456376,-1.44602304506495,-9.97507570756694
10.44,-5.35856284456376,-1.42564027384179,-9.96998258804469
10.4425,-5.35856284456376,-1.45111873787073,-9.96998258804469
10.445,-5.35856284456376,-1.45111873787073,-9.97507570756694
10.4475,-5.36365730241697,-1.45621443067652,-9.96998258804469
10.45,-5.35856284456376,-1.43583165945337,-9.97507570756694
10.4525,-5.35856284456376,-1.45111873787073,-9.97507570756694
10.455,-5.35856284456376,-1.44602304506495,-9.97507570756694
10.4575,-5.35856284456376,-1.45111873787073,-9.97507570756694
10.46,-5.35856284456376,-1.40016180981285,-9.97507570756694
10.4625,-5.35856284456376,-1.44602304506495,-9.98016882708919
10.465,-5.35856284456376,-1.45111873787073,-9.97507570756694
10.4675,-5.35856284456376,-1.45621443067652,-9.97507570756694
10.47,-5.35856284456376,-1.43073596664758,-9.97507570756694
10.4725,-5.36365730241697,-1.45111873787073,-9.97507570756694
10.475,-5.35856284456376,-1.45111873787073,-9.97507570756694
10.4775,-5.35346838671055,-1.44602304506495,-9.96998258804469
10.48,-5.35856284456376,-1.420544581036,-9.96998258804469
10.4825,-5.35856284456376,-1.44602304506495,-9.96998258804469
10.485,-5.35856284456376,-1.44602304506495,-9.96998258804469
10.4875,-5.35856284456376,-1.45111873787073,-9.97507570756694
10.49,-5.36365730241697,-1.43073596664758,-9.97507570756694
10.4925,-5.35856284456376,-1.45111873787073,-9.98016882708919
10.495,-5.35856284456376,-1.44602304506495,-9.98016882708919
10.4975,-5.35856284456376,-1.44602304506495,-9.98016882708919
10.5,-5.35856284456376,-1.40016180981285,-9.98016882708919
10.5025,-5.35856284456376,-1.44602304506495,-9.97507570756694
10.505,-5.35856284456376,-1.44602304506495,-9.98016882708919
10.5075,-5.35856284456376,-1.45111873787073,-9.97507570756694
10.51,-5.35856284456376,-1.40525750261864,-9.97507570756694
10.5125,-5.35856284456376,-1.45111873787073,-9.97507570756694
10.515,-5.35856284456376,-1.44602304506495,-9.97507570756694
10.5175,-5.35856284456376,-1.44092735225916,-9.96998258804469
10.52,-5.35856284456376,-1.39506611700706,-9.96998258804469
10.5225,-5.36365730241697,-1.44602304506495,-9.96998258804469
10.525,-5.36365730241697,-1.44602304506495,-9.96998258804469
10.5275,-5.36365730241697,-1.45111873787073,-9.97507570756694
10.53,-5.35856284456376,-1.42564027384179,-9.97507570756694
10.5325,-5.36365730241697,-1.44602304506495,-9.98016882708919
10.535,-5.36365730241697,-1.44602304506495,-9.98016882708919
10.5375,-5.35856284456376,-1.44092735225916,-9.98016882708919
10.54,-5.36365730241697,-1.420544581036,-9.98016882708919
10.5425,-5.35856284456376,-1.44602304506495,-9.96998258804469
10.545,-5.35856284456376,-1.44602304506495,-9.97507570756694
10.5475,-5.35856284456376,-1.44602304506495,-9.97507570756694
10.55,-5.36365730241697,-1.40525750261864,-9.97507570756694
10.5525,-5.35856284456376,-1.44602304506495,-9.97507570756694
10.555,-5.35856284456376,-1.44602304506495,-9.97507570756694
10.5575,-5.36365730241697,-1.44092735225916,-9.96998258804469
10.56,-5.35856284456376,-1.40016180981285,-9.97507570756694
10.5625,-5.35856284456376,-1.44602304506495,-9.97507570756694
10.565,-5.36365730241697,-1.44602304506495,-9.97507570756694
10.5675,-5.35856284456376,-1.45111873787073,-9.98016882708919
10.57,-5.35856284456376,-1.40525750261864,-9.98016882708919
10.5725,-5.35856284456376,-1.44602304506495,-9.98016882708919
10.575,-5.35856284456376,-1.44602304506495,-9.98016882708919
10.5775,-5.35856284456376,-1.44092735225916,-9.97507570756694
10.58,-5.35856284456376,-1.39506611700706,-9.97507570756694
10.5825,-5.36365730241697,-1.44602304506495,-9.97507570756694
10.585,-5.36365730241697,-1.44602304506495,-9.97507570756694
10.5875,-5.36365730241697,-1.44602304506495,-9.97507570756694
10.59,-5.36365730241697,-1.40525750261864,-9.97507570756694
10.5925,-5.36365730241697,-1.44602304506495,-9.97507570756694
10.595,-5.36365730241697,-1.44092735225916,-9.97507570756694
10.5975,-5.35856284456376,-1.44092735225916,-9.97507570756694
10.6,-5.36365730241697,-1.420544581036,-9.97507570756694
10.6025,-5.36365730241697,-1.44602304506495,-9.97507570756694
10.605,-5.35856284456376,-1.45111873787073,-9.97507570756694
10.6075,-5.36365730241697,-1.44602304506495,-9.98016882708919
10.61,-5.36365730241697,-1.40525750261864,-9.97507570756694
10.6125,-5.35856284456376,-1.44602304506495,-9.97507570756694
10.615,-5.35856284456376,-1.44602304506495,-9.98016882708919
10.6175,-5.36365730241697,-1.44602304506495,-9.97507570756694
10.62,-5.35856284456376,-1.40016180981285,-9.97507570756694
10.6225,-5.35856284456376,-1.44602304506495,-9.97507570756694
10.625,-5.36365730241697,-1.44602304506495,-9.96998258804469
10.6275,-5.36365730241697,-1.44602304506495,-9.97507570756694
10.63,-5.36365730241697,-1.420544581036,-9.97507570756694
10.6325,-5.35856284456376,-1.44602304506495,-9.96998258804469
10.635,-5.36365730241697,-1.44602304506495,-9.97507570756694
10.6375,-5.35856284456376,-1.44602304506495,-9.97507570756694
10.64,-5.36365730241697,-1.420544581036,-9.97507570756694
10.6425,-5.36365730241697,-1.44092735225916,-9.98016882708919
10.645,-5.35856284456376,-1.44602304506495,-9.97507570756694
10.6475,-5.35856284456376,-1.44602304506495,-9.98016882708919
10.65,-5.35856284456376,-1.42564027384179,-9.98016882708919
10.6525,-5.35856284456376,-1.44602304506495,-9.97507570756694
10.655,-5.35856284456376,-1.44602304506495,-9.97507570756694
10.6575,-5.35856284456376,-1.44092735225916,-9.97507570756694
10.66,-5.36875176027018,-1.420544581036,-9.96998258804469
10.6625,-5.35856284456376,-1.44602304506495,-9.96998258804469
10.665,-5.35856284456376,-1.44602304506495,-9.97507570756694
10.6675,-5.36365730241697,-1.45111873787073,-9.97507570756694
10.67,-5.35856284456376,-1.43073596664758,-9.96998258804469
10.6725,-5.35856284456376,-1.44602304506495,-9.97507570756694
10.675,-5.35856284456376,-1.44602304506495,-9.97507570756694
10.6775,-5.35856284456376,-1.44602304506495,-9.97507570756694
10.68,-5.35856284456376,-1.42564027384179,-9.98016882708919
10.6825,-5.35856284456376,-1.44092735225916,-9.98016882708919
10.685,-5.35856284456376,-1.44602304506495,-9.97507570756694
10.6875,-5.35856284456376,-1.45111873787073,-9.97507570756694
10.69,-5.35856284456376,-1.42564027384179,-9.97507570756694
10.6925,-5.35856284456376,-1.44602304506495,-9.97507570756694
10.695,-5.35856284456376,-1.44602304506495,-9.96998258804469
10.6975,-5.35346838671055,-1.44092735225916,-9.96998258804469
10.7,-5.35856284456376,-1.40016180981285,-9.96998258804469
10.7025,-5.36365730241697,-1.44602304506495,-9.96998258804469
10.705,-5.35856284456376,-1.45111873787073,-9.96998258804469
10.7075,-5.35346838671055,-1.45111873787073,-9.97507570756694
10.71,-5.35346838671055,-1.43073596664758,-9.98016882708919
10.7125,-5.35346838671055,-1.44602304506495,-9.97507570756694
10.715,-5.35346838671055,-1.44602304506495,-9.98016882708919
10.7175,-5.35346838671055,-1.44092735225916,-9.98016882708919
10.72,-5.35856284456376,-1.420544581036,-9.97507570756694
10.7225,-5.35346838671055,-1.44602304506495,-9.97507570756694
10.725,-5.35346838671055,-1.44602304506495,-9.97507570756694
10.7275,-5.35856284456376,-1.45111873787073,-9.97507570756694
10.73,-5.35856284456376,-1.40525750261864,-9.97507570756694
10.7325,-5.35856284456376,-1.45111873787073,-9.96998258804469
10.735,-5.35856284456376,-1.44602304506495,-9.96998258804469
10.7375,-5.35856284456376,-1.44602304506495,-9.96998258804469
10.74,-5.35856284456376,-1.42564027384179,-9.96998258804469
10.7425,-5.35346838671055,-1.45111873787073,-9.97507570756694
10.745,-5.35856284456376,-1.45111873787073,-9.97507570756694
10.7475,-5.35856284456376,-1.45621443067652,-9.97507570756694
10.75,-5.35346838671055,-1.43073596664758,-9.97507570756694
10.7525,-5.35856284456376,-1.44602304506495,-9.98016882708919
10.755,-5.35856284456376,-1.45111873787073,-9.97507570756694
10.7575,-5.35856284456376,-1.44602304506495,-9.97507570756694
10.76,-5.35856284456376,-1.40016180981285,-9.97507570756694
10.7625,-5.35856284456376,-1.45111873787073,-9.97507570756694
10.765,-5.35346838671055,-1.45111873787073,-9.97507570756694
10.7675,-5.35346838671055,-1.45111873787073,-9.96998258804469
10.77,-5.35856284456376,-1.42564027384179,-9.97507570756694
10.7725,-5.35346838671055,-1.44602304506495,-9.96998258804469
10.775,-5.35346838671055,-1.44602304506495,-9.96998258804469
10.7775,-5.35346838671055,-1.44602304506495,-9.96998258804469
10.78,-5.35856284456376,-1.43583165945337,-9.97507570756694
10.7825,-5.35346838671055,-1.41544888823022,-9.97507570756694
10.785,-5.35346838671055,-1.45621443067652,-9.98016882708919
10.7875,-5.35856284456376,-1.45621443067652,-9.98016882708919
10.79,-5.35346838671055,-1.45621443067652,-9.97507570756694
10.7925,-5.34837392885734,-1.41035319542443,-9.98016882708919
10.795,-5.35856284456376,-1.44602304506495,-9.97507570756694
10.7975,-5.35346838671055,-1.45111873787073,-9.97507570756694
10.8,-5.35346838671055,-1.45111873787073,-9.97507570756694
10.8025,-5.35346838671055,-1.40525750261864,-9.97507570756694
10.805,-5.35856284456376,-1.45621443067652,-9.96998258804469
10.8075,-5.35346838671055,-1.45621443067652,-9.97507570756694
10.81,-5.35346838671055,-1.45621443067652,-9.97507570756694
10.8125,-5.35856284456376,-1.42564027384179,-9.97507570756694
10.815,-5.35346838671055,-1.45111873787073,-9.97507570756694
10.8175,-5.35346838671055,-1.45111873787073,-9.97507570756694
10.82,-5.35346838671055,-1.45621443067652,-9.98016882708919
10.8225,-5.35856284456376,-1.43583165945337,-9.98016882708919
10.825,-5.35346838671055,-1.46131012348231,-9.98016882708919
10.8275,-5.35346838671055,-1.45621443067652,-9.98016882708919
10.83,-5.35346838671055,-1.45621443067652,-9.98016882708919
10.8325,-5.35346838671055,-1.41035319542443,-9.97507570756694
10.835,-5.35346838671055,-1.45111873787073,-9.97507570756694
10.8375,-5.35346838671055,-1.45111873787073,-9.97507570756694
10.84,-5.35346838671055,-1.45621443067652,-9.96998258804469
10.8425,-5.35346838671055,-1.44092735225916,-9.96998258804469
10.845,-5.35346838671055,-1.46131012348231,-9.97507570756694
10.8475,-5.35856284456376,-1.45621443067652,-9.96998258804469
10.85,-5.35346838671055,-1.46131012348231,-9.97507570756694
10.8525,-5.35346838671055,-1.43073596664758,-9.97507570756694
10.855,-5.35346838671055,-1.45111873787073,-9.97507570756694
10.8575,-5.35346838671055,-1.45621443067652,-9.98016882708919
10.86,-5.35346838671055,-1.45621443067652,-9.98016882708919
10.8625,-5.35346838671055,-1.43583165945337,-9.98016882708919
10.865,-5.35856284456376,-1.46131012348231,-9.97507570756694
10.8675,-5.35346838671055,-1.45621443067652,-9.97507570756694
10.87,-5.35346838671055,-1.45111873787073,-9.97507570756694
10.8725,-5.35346838671055,-1.45111873787073,-9.97507570756694
10.875,-5.35346838671055,-1.45621443067652,-9.96998258804469
10.8775,-5.35346838671055,-1.45621443067652,-9.96998258804469
10.88,-5.35856284456376,-1.45621443067652,-9.96998258804469
10.8825,-5.35856284456376,-1.44092735225916,-9.97507570756694
10.885,-5.35346838671055,-1.46131012348231,-9.97507570756694
10.8875,-5.35346838671055,-1.45621443067652,-9.97507570756694
10.89,-5.35856284456376,-1.45621443067652,-9.97507570756694
10.8925,-5.35346838671055,-1.43583165945337,-9.97507570756694
10.895,-5.35346838671055,-1.45111873787073,-9.98016882708919
10.8975,-5.35346838671055,-1.45621443067652,-9.98016882708919
10.9,-5.35346838671055,-1.46131012348231,-9.97507570756694
10.9025,-5.35346838671055,-1.46131012348231,-9.98016882708919
10.905,-5.35346838671055,-1.46131012348231,-9.98016882708919
10.9075,-5.35346838671055,-1.46131012348231,-9.97507570756694
10.91,-5.35346838671055,-1.45621443067652,-9.97507570756694
10.9125,-5.35346838671055,-1.43073596664758,-9.97507570756694
10.915,-5.35856284456376,-1.45111873787073,-9.96998258804469
10.9175,-5.35856284456376,-1.45621443067652,-9.96998258804469
10.92,-5.35346838671055,-1.46131012348231,-9.97507570756694
10.9225,-5.35346838671055,-1.420544581036,-9.97507570756694
10.925,-5.35856284456376,-1.46131012348231,-9.97507570756694
10.9275,-5.35346838671055,-1.46131012348231,-9.98016882708919
10.93,-5.35856284456376,-1.45621443067652,-9.98016882708919
10.9325,-5.35856284456376,-1.41035319542443,-9.97507570756694
10.935,-5.35346838671055,-1.45621443067652,-9.97507570756694
10.9375,-5.35856284456376,-1.45621443067652,-9.97507570756694
10.94,-5.35856284456376,-1.45621443067652,-9.98016882708919
10.9425,-5.35856284456376,-1.420544581036,-9.97507570756694
10.945,-5.35346838671055,-1.46131012348231,-9.97507570756694
10.9475,-5.35856284456376,-1.45621443067652,-9.97507570756694
10.95,-5.35346838671055,-1.45621443067652,-9.97507570756694
10.9525,-5.35856284456376,-1.41035319542443,-9.96998258804469
10.955,-5.35856284456376,-1.45111873787073,-9.96998258804469
10.9575,-5.35856284456376,-1.45621443067652,-9.96998258804469
10.96,-5.35856284456376,-1.46131012348231,-9.97507570756694
10.9625,-5.35346838671055,-1.420544581036,-9.97507570756694
10.965,-5.35856284456376,-1.46131012348231,-9.97507570756694
10.9675,-5.35346838671055,-1.46131012348231,-9.97507570756694
10.97,-5.35346838671055,-1.45621443067652,-9.98016882708919
10.9725,-5.35856284456376,-1.41035319542443,-9.98016882708919
10.975,-5.35856284456376,-1.46131012348231,-9.97507570756694
10.9775,-5.35856284456376,-1.46131012348231,-9.97507570756694
10.98,-5.35856284456376,-1.45621443067652,-9.97507570756694
10.9825,-5.35856284456376,-1.46131012348231,-9.97507570756694
10.985,-5.35856284456376,-1.46131012348231,-9.97507570756694
10.9875,-5.35856284456376,-1.45621443067652,-9.97507570756694
10.99,-5.35856284456376,-1.45111873787073,-9.97507570756694
10.9925,-5.35856284456376,-1.41035319542443,-9.96998258804469
10.995,-5.35346838671055,-1.45621443067652,-9.97507570756694
10.9975,-5.36365730241697,-1.45621443067652,-9.97507570756694
11,-5.35856284456376,-1.46131012348231,-9.97507570756694
11.0025,-5.35346838671055,-1.41544888823022,-9.98016882708919
11.005,-5.35856284456376,-1.45621443067652,-9.98016882708919
11.0075,-5.35856284456376,-1.45621443067652,-9.98016882708919
11.01,-5.35346838671055,-1.45621443067652,-9.98016882708919
11.0125,-5.35856284456376,-1.45111873787073,-9.97507570756694
11.015,-5.35856284456376,-1.45621443067652,-9.97507570756694
11.0175,-5.35856284456376,-1.45621443067652,-9.97507570756694
11.02,-5.35346838671055,-1.46131012348231,-9.97507570756694
11.0225,-5.35856284456376,-1.43583165945337,-9.97507570756694
11.025,-5.35856284456376,-1.45621443067652,-9.97507570756694
11.0275,-5.35856284456376,-1.45621443067652,-9.97507570756694
11.03,-5.35856284456376,-1.45111873787073,-9.97507570756694
11.0325,-5.35856284456376,-1.43073596664758,-9.97507570756694
11.035,-5.35346838671055,-1.46131012348231,-9.97507570756694
11.0375,-5.35856284456376,-1.46131012348231,-9.97507570756694
11.04,-5.35856284456376,-1.46131012348231,-9.98016882708919
11.0425,-5.35856284456376,-1.420544581036,-9.97507570756694
11.045,-5.35346838671055,-1.46131012348231,-9.98016882708919
11.0475,-5.35856284456376,-1.45621443067652,-9.98016882708919
11.05,-5.35856284456376,-1.45621443067652,-9.98016882708919
11.0525,-5.35346838671055,-1.43583165945337,-9.97507570756694
11.055,-5.35856284456376,-1.46131012348231,-9.97507570756694
11.0575,-5.35856284456376,-1.46131012348231,-9.97507570756694
11.06,-5.35856284456376,-1.46131012348231,-9.96998258804469
11.0625,-5.35856284456376,-1.44092735225916,-9.97507570756694
11.065,-5.35856284456376,-1.45621443067652,-9.96998258804469
11.0675,-5.35856284456376,-1.46131012348231,-9.96998258804469
11.07,-5.35346838671055,-1.45621443067652,-9.97507570756694
11.0725,-5.35856284456376,-1.43583165945337,-9.97507570756694
11.075,-5.35856284456376,-1.46131012348231,-9.97507570756694
11.0775,-5.35346838671055,-1.4664058162881,-9.98016882708919
11.08,-5.35856284456376,-1.4664058162881,-9.98016882708919
11.0825,-5.35856284456376,-1.44602304506495,-9.97507570756694
11.085,-5.35346838671055,-1.46131012348231,-9.98016882708919
11.0875,-5.35346838671055,-1.45621443067652,-9.97507570756694
11.09,-5.35856284456376,-1.45621443067652,-9.97507570756694
11.0925,-5.35346838671055,-1.46131012348231,-9.97507570756694
11.095,-5.35856284456376,-1.46131012348231,-9.97507570756694
11.0975,-5.35856284456376,-1.46131012348231,-9.97507570756694
11.1,-5.35856284456376,-1.4664058162881,-9.97507570756694
11.1025,-5.35346838671055,-1.44092735225916,-9.96998258804469
11.105,-5.35346838671055,-1.46131012348231,-9.97507570756694
11.1075,-5.35856284456376,-1.46131012348231,-9.97507570756694
11.11,-5.35346838671055,-1.46131012348231,-9.97507570756694
11.1125,-5.35346838671055,-1.44092735225916,-9.98016882708919
11.115,-5.35346838671055,-1.46131012348231,-9.98016882708919
11.1175,-5.35346838671055,-1.47150150909389,-9.98016882708919
11.12,-5.35346838671055,-1.4664058162881,-9.98016882708919
11.1225,-5.35346838671055,-1.420544581036,-9.98016882708919
11.125,-5.34837392885734,-1.46131012348231,-9.98016882708919
11.1275,-5.35346838671055,-1.46131012348231,-9.97507570756694
11.13,-5.35346838671055,-1.45621443067652,-9.97507570756694
11.1325,-5.35856284456376,-1.420544581036,-9.96998258804469
11.135,-5.35346838671055,-1.4664058162881,-9.96998258804469
11.1375,-5.35346838671055,-1.4664058162881,-9.97507570756694
11.14,-5.35856284456376,-1.4664058162881,-9.97507570756694
11.1425,-5.35856284456376,-1.44602304506495,-9.96998258804469
11.145,-5.35346838671055,-1.46131012348231,-9.97507570756694
11.1475,-5.35346838671055,-1.46131012348231,-9.97507570756694
11.15,-5.35856284456376,-1.45621443067652,-9.97507570756694
11.1525,-5.35346838671055,-1.44092735225916,-9.98016882708919
11.155,-5.35346838671055,-1.46131012348231,-9.98016882708919
11.1575,-5.35346838671055,-1.4664058162881,-9.98016882708919
11.16,-5.35346838671055,-1.4664058162881,-9.97507570756694
11.1625,-5.35346838671055,-1.44092735225916,-9.97507570756694
11.165,-5.35346838671055,-1.46131012348231,-9.97507570756694
11.1675,-5.35856284456376,-1.45621443067652,-9.97507570756694
11.17,-5.35346838671055,-1.45621443067652,-9.97507570756694
11.1725,-5.35346838671055,-1.43583165945337,-9.97507570756694
11.175,-5.35856284456376,-1.46131012348231,-9.96998258804469
11.1775,-5.35856284456376,-1.4664058162881,-9.96998258804469
11.18,-5.35346838671055,-1.46131012348231,-9.97507570756694
11.1825,-5.35856284456376,-1.46131012348231,-9.97507570756694
11.185,-5.35346838671055,-1.46131012348231,-9.97507570756694
11.1875,-5.35346838671055,-1.46131012348231,-9.97507570756694
11.19,-5.35346838671055,-1.46131012348231,-9.98016882708919
11.1925,-5.35856284456376,-1.46131012348231,-9.97507570756694
11.195,-5.35346838671055,-1.4664058162881,-9.97507570756694
11.1975,-5.35346838671055,-1.46131012348231,-9.98016882708919
11.2,-5.35346838671055,-1.46131012348231,-9.97507570756694
11.2025,-5.35346838671055,-1.43073596664758,-9.97507570756694
11.205,-5.35346838671055,-1.45621443067652,-9.97507570756694
11.2075,-5.35856284456376,-1.45621443067652,-9.97507570756694
11.21,-5.35346838671055,-1.45621443067652,-9.96998258804469
11.2125,-5.35346838671055,-1.420544581036,-9.97507570756694
11.215,-5.35856284456376,-1.46131012348231,-9.97507570756694
11.2175,-5.35856284456376,-1.4664058162881,-9.97507570756694
11.22,-5.35346838671055,-1.46131012348231,-9.96998258804469
11.2225,-5.35346838671055,-1.41544888823022,-9.98016882708919
11.225,-5.35346838671055,-1.46131012348231,-9.97507570756694
11.2275,-5.34837392885734,-1.45621443067652,-9.98016882708919
11.23,-5.34837392885734,-1.46131012348231,-9.98016882708919
11.2325,-5.35346838671055,-1.41544888823022,-9.98016882708919
11.235,-5.35346838671055,-1.4664058162881,-9.97507570756694
11.2375,-5.34837392885734,-1.46131012348231,-9.98016882708919
11.24,-5.35346838671055,-1.46131012348231,-9.97507570756694
11.2425,-5.3279960974445,-1.44092735225916,-9.97507570756694
11.245,-5.34837392885734,-1.45621443067652,-9.97507570756694
11.2475,-5.35346838671055,-1.45621443067652,-9.97507570756694
11.25,-5.35346838671055,-1.45621443067652,-9.96998258804469
11.2525,-5.35346838671055,-1.420544581036,-9.96998258804469
11.255,-5.35346838671055,-1.46131012348231,-9.97507570756694
11.2575,-5.35346838671055,-1.46131012348231,-9.97507570756694
11.26,-5.35346838671055,-1.46131012348231,-9.97507570756694
11.2625,-5.34837392885734,-1.41544888823022,-9.98016882708919
11.265,-5.35346838671055,-1.45621443067652,-9.98016882708919
11.2675,-5.35346838671055,-1.45621443067652,-9.97507570756694
11.27,-5.35346838671055,-1.46131012348231,-9.97507570756694
11.2725,-5.35346838671055,-1.44092735225916,-9.98016882708919
11.275,-5.35346838671055,-1.46131012348231,-9.97507570756694
11.2775,-5.34837392885734,-1.46131012348231,-9.97507570756694
11.28,-5.34837392885734,-1.46131012348231,-9.97507570756694
11.2825,-5.34837392885734,-1.43583165945337,-9.97507570756694
11.285,-5.34837392885734,-1.45621443067652,-9.96998258804469
11.2875,-5.35346838671055,-1.45621443067652,-9.97507570756694
11.29,-5.35346838671055,-1.45621443067652,-9.96998258804469
11.2925,-5.35346838671055,-1.44092735225916,-9.96998258804469
11.295,-5.34837392885734,-1.46131012348231,-9.97507570756694
11.2975,-5.34837392885734,-1.46131012348231,-9.97507570756694
11.3,-5.34837392885734,-1.46131012348231,-9.98016882708919
11.3025,-5.34837392885734,-1.44602304506495,-9.97507570756694
11.305,-5.34327947100413,-1.46131012348231,-9.98016882708919
11.3075,-5.34837392885734,-1.46131012348231,-9.97507570756694
11.31,-5.34837392885734,-1.46131012348231,-9.97507570756694
11.3125,-5.34327947100413,-1.46131012348231,-9.97507570756694
11.315,-5.34837392885734,-1.46131012348231,-9.97507570756694
11.3175,-5.34327947100413,-1.4664058162881,-9.97507570756694
11.32,-5.34327947100413,-1.46131012348231,-9.97507570756694
11.3225,-5.34837392885734,-1.46131012348231,-9.97507570756694
11.325,-5.34837392885734,-1.46131012348231,-9.96998258804469
11.3275,-5.34327947100413,-1.4664058162881,-9.96998258804469
11.33,-5.34837392885734,-1.46131012348231,-9.97507570756694
11.3325,-5.34837392885734,-1.44602304506495,-9.97507570756694
11.335,-5.34327947100413,-1.47150150909389,-9.96998258804469
11.3375,-5.34327947100413,-1.4664058162881,-9.97507570756694
11.34,-5.34327947100413,-1.4664058162881,-9.97507570756694
11.3425,-5.34327947100413,-1.42564027384179,-9.97507570756694
11.345,-5.34327947100413,-1.4664058162881,-9.97507570756694
11.3475,-5.33818501315092,-1.46131012348231,-9.98016882708919
11.35,-5.34327947100413,-1.4664058162881,-9.97507570756694
11.3525,-5.34327947100413,-1.43073596664758,-9.97507570756694
11.355,-5.34327947100413,-1.47150150909389,-9.98016882708919
11.3575,-5.34327947100413,-1.47150150909389,-9.97507570756694
11.36,-5.34327947100413,-1.4664058162881,-9.97507570756694
11.3625,-5.33818501315092,-1.420544581036,-9.96998258804469
11.365,-5.34327947100413,-1.4664058162881,-9.97507570756694
11.3675,-5.34327947100413,-1.46131012348231,-9.96998258804469
11.37,-5.34327947100413,-1.4664058162881,-9.96998258804469
11.3725,-5.34327947100413,-1.42564027384179,-9.97507570756694
11.375,-5.34327947100413,-1.47150150909389,-9.97507570756694
11.3775,-5.34327947100413,-1.47150150909389,-9.97507570756694
11.38,-5.34327947100413,-1.4664058162881,-9.97507570756694
11.3825,-5.34327947100413,-1.4664058162881,-9.97507570756694
11.385,-5.33818501315092,-1.4664058162881,-9.97507570756694
11.3875,-5.33818501315092,-1.46131012348231,-9.98016882708919
11.39,-5.34327947100413,-1.4664058162881,-9.98016882708919
11.3925,-5.34327947100413,-1.44602304506495,-9.97507570756694
11.395,-5.33818501315092,-1.47150150909389,-9.97507570756694
11.3975,-5.34327947100413,-1.47150150909389,-9.98016882708919
11.4,-5.34837392885734,-1.47150150909389,-9.97507570756694
11.4025,-5.33818501315092,-1.44602304506495,-9.97507570756694
11.405,-5.33818501315092,-1.4664058162881,-9.96998258804469
11.4075,-5.34327947100413,-1.4664058162881,-9.96998258804469
11.41,-5.34327947100413,-1.47150150909389,-9.96998258804469
11.4125,-5.33818501315092,-1.42564027384179,-9.96998258804469
11.415,-5.34327947100413,-1.47150150909389,-9.96998258804469
11.4175,-5.34327947100413,-1.47659720189968,-9.96998258804469
11.42,-5.33818501315092,-1.47150150909389,-9.97507570756694
11.4225,-5.34327947100413,-1.43073596664758,-9.97507570756694
11.425,-5.33818501315092,-1.47150150909389,-9.97507570756694
11.4275,-5.33818501315092,-1.47150150909389,-9.97507570756694
11.43,-5.33818501315092,-1.47150150909389,-9.98016882708919
11.4325,-5.33818501315092,-1.43073596664758,-9.98016882708919
11.435,-5.33818501315092,-1.48169289470547,-9.97507570756694
11.4375,-5.33818501315092,-1.47659720189968,-9.97507570756694
11.44,-5.33818501315092,-1.47150150909389,-9.97507570756694
11.4425,-5.33818501315092,-1.42564027384179,-9.97507570756694
11.445,-5.33818501315092,-1.47150150909389,-9.97507570756694
11.4475,-5.33818501315092,-1.4664058162881,-9.97507570756694
11.45,-5.34327947100413,-1.47150150909389,-9.96998258804469
11.4525,-5.33818501315092,-1.43583165945337,-9.96998258804469
11.455,-5.34837392885734,-1.47659720189968,-9.97507570756694
11.4575,-5.34327947100413,-1.47659720189968,-9.96998258804469
11.46,-5.33818501315092,-1.47659720189968,-9.96998258804469
11.4625,-5.33818501315092,-1.45111873787073,-9.96998258804469
11.465,-5.33818501315092,-1.47150150909389,-9.97507570756694
11.4675,-5.33818501315092,-1.47659720189968,-9.97507570756694
11.47,-5.33818501315092,-1.47659720189968,-9.97507570756694
11.4725,-5.33818501315092,-1.46131012348231,-9.98016882708919
11.475,-5.33818501315092,-1.48169289470547,-9.98016882708919
11.4775,-5.33818501315092,-1.48169289470547,-9.98016882708919
11.48,-5.33818501315092,-1.47659720189968,-9.97507570756694
11.4825,-5.34327947100413,-1.43073596664758,-9.97507570756694
11.485,-5.33818501315092,-1.47150150909389,-9.97507570756694
11.4875,-5.33818501315092,-1.47150150909389,-9.97507570756694
11.49,-5.34327947100413,-1.47659720189968,-9.97507570756694
11.4925,-5.34327947100413,-1.43583165945337,-9.96998258804469
11.495,-5.33818501315092,-1.48169289470547,-9.97507570756694
11.4975,-5.34327947100413,-1.48169289470547,-9.97507570756694
11.5,-5.34327947100413,-1.48169289470547,-9.97507570756694
11.5025,-5.33818501315092,-1.43073596664758,-9.97507570756694
11.505,-5.33309055529771,-1.47659720189968,-9.97507570756694
11.5075,-5.34327947100413,-1.47659720189968,-9.97507570756694
11.51,-5.33818501315092,-1.48169289470547,-9.97507570756694
11.5125,-5.34327947100413,-1.45621443067652,-9.98016882708919
11.515,-5.33818501315092,-1.48169289470547,-9.98016882708919
11.5175,-5.33818501315092,-1.48169289470547,-9.97507570756694
11.52,-5.33818501315092,-1.48169289470547,-9.98016882708919
11.5225,-5.34327947100413,-1.45111873787073,-9.97507570756694
11.525,-5.34327947100413,-1.47659720189968,-9.97507570756694
11.5275,-5.33818501315092,-1.47659720189968,-9.97507570756694
11.53,-5.34327947100413,-1.48169289470547,-9.96998258804469
11.5325,-5.34327947100413,-1.45621443067652,-9.97507570756694
11.535,-5.34327947100413,-1.48678858751125,-9.96998258804469
11.5375,-5.34327947100413,-1.48169289470547,-9.97507570756694
11.54,-5.34327947100413,-1.48169289470547,-9.97507570756694
11.5425,-5.34327947100413,-1.47659720189968,-9.97507570756694
11.545,-5.33818501315092,-1.48169289470547,-9.97507570756694
11.5475,-5.34327947100413,-1.4664058162881,-9.98016882708919
11.55,-5.34327947100413,-1.47659720189968,-9.98016882708919
11.5525,-5.33818501315092,-1.47150150909389,-9.98016882708919
11.555,-5.34327947100413,-1.48169289470547,-9.98016882708919
11.5575,-5.34327947100413,-1.48169289470547,-9.98016882708919
11.56,-5.33818501315092,-1.48169289470547,-9.97507570756694
11.5625,-5.33818501315092,-1.43073596664758,-9.97507570756694
11.565,-5.34327947100413,-1.47659720189968,-9.96998258804469
11.5675,-5.34327947100413,-1.48169289470547,-9.96998258804469
11.57,-5.34327947100413,-1.48169289470547,-9.97507570756694
11.5725,-5.34327947100413,-1.44092735225916,-9.97507570756694
11.575,-5.34327947100413,-1.48169289470547,-9.97507570756694
11.5775,-5.33818501315092,-1.48678858751125,-9.97507570756694
11.58,-5.34327947100413,-1.48169289470547,-9.97507570756694
11.5825,-5.34327947100413,-1.43583165945337,-9.97507570756694
11.585,-5.34327947100413,-1.48169289470547,-9.97507570756694
11.5875,-5.34327947100413,-1.48169289470547,-9.98016882708919
11.59,-5.34327947100413,-1.48678858751125,-9.98016882708919
11.5925,-5.34327947100413,-1.44602304506495,-9.97507570756694
11.595,-5.33818501315092,-1.48169289470547,-9.98016882708919
11.5975,-5.34327947100413,-1.48169289470547,-9.98016882708919
11.6,-5.34327947100413,-1.47659720189968,-9.97507570756694
11.6025,-5.34327947100413,-1.45621443067652,-9.97507570756694
11.605,-5.34327947100413,-1.48169289470547,-9.97507570756694
11.6075,-5.34327947100413,-1.48169289470547,-9.97507570756694
11.61,-5.34327947100413,-1.48169289470547,-9.96998258804469
11.6125,-5.34327947100413,-1.46131012348231,-9.97507570756694
11.615,-5.34327947100413,-1.48169289470547,-9.97507570756694
11.6175,-5.34327947100413,-1.48169289470547,-9.96998258804469
11.62,-5.33818501315092,-1.48169289470547,-9.97507570756694
11.6225,-5.34327947100413,-1.45621443067652,-9.97507570756694
11.625,-5.34837392885734,-1.48169289470547,-9.96998258804469
11.6275,-5.34327947100413,-1.48169289470547,-9.97507570756694
11.63,-5.34327947100413,-1.48169289470547,-9.97507570756694
11.6325,-5.34327947100413,-1.46131012348231,-9.98016882708919
11.635,-5.33818501315092,-1.48169289470547,-9.97507570756694
11.6375,-5.33818501315092,-1.48169289470547,-9.98016882708919
11.64,-5.34327947100413,-1.48169289470547,-9.98016882708919
11.6425,-5.34327947100413,-1.43583165945337,-9.97507570756694
11.645,-5.33818501315092,-1.48169289470547,-9.97507570756694
11.6475,-5.34327947100413,-1.48169289470547,-9.97507570756694
11.65,-5.34327947100413,-1.48169289470547,-9.97507570756694
11.6525,-5.34327947100413,-1.44092735225916,-9.97507570756694
11.655,-5.34327947100413,-1.48169289470547,-9.97507570756694
11.6575,-5.34327947100413,-1.48169289470547,-9.96998258804469
11.66,-5.34327947100413,-1.47659720189968,-9.96998258804469
11.6625,-5.33818501315092,-1.45621443067652,-9.96998258804469
11.665,-5.34327947100413,-1.48169289470547,-9.97507570756694
11.6675,-5.34327947100413,-1.48169289470547,-9.96998258804469
11.67,-5.34327947100413,-1.48678858751125,-9.97507570756694
11.6725,-5.34327947100413,-1.46131012348231,-9.97507570756694
11.675,-5.34327947100413,-1.48169289470547,-9.97507570756694
11.6775,-5.33818501315092,-1.48169289470547,-9.97507570756694
11.68,-5.34327947100413,-1.47659720189968,-9.97507570756694
11.6825,-5.34327947100413,-1.44092735225916,-9.98016882708919
11.685,-5.34327947100413,-1.48169289470547,-9.98016882708919
11.6875,-5.33818501315092,-1.48169289470547,-9.98016882708919
11.69,-5.34327947100413,-1.48169289470547,-9.98016882708919
11.6925,-5.34327947100413,-1.44092735225916,-9.97507570756694
11.695,-5.33818501315092,-1.47659720189968,-9.97507570756694
11.6975,-5.34327947100413,-1.47659720189968,-9.97507570756694
11.7,-5.34327947100413,-1.47659720189968,-9.97507570756694
11.7025,-5.33818501315092,-1.44092735225916,-9.97507570756694
11.705,-5.34327947100413,-1.47150150909389,-9.97507570756694
11.7075,-5.34327947100413,-1.48678858751125,-9.97507570756694
11.71,-5.34327947100413,-1.48678858751125,-9.96998258804469
11.7125,-5.34327947100413,-1.48169289470547,-9.96998258804469
11.715,-5.34327947100413,-1.45621443067652,-9.97507570756694
11.7175,-5.34327947100413,-1.47659720189968,-9.96998258804469
11.72,-5.34327947100413,-1.47659720189968,-9.97507570756694
11.7225,-5.34327947100413,-1.48169289470547,-9.98016882708919
11.725,-5.34327947100413,-1.43583165945337,-9.97507570756694
11.7275,-5.33818501315092,-1.48169289470547,-9.97507570756694
11.73,-5.34327947100413,-1.48169289470547,-9.98016882708919
11.7325,-5.34327947100413,-1.48169289470547,-9.97507570756694
11.735,-5.34327947100413,-1.45621443067652,-9.98016882708919
11.7375,-5.34327947100413,-1.48169289470547,-9.98016882708919
11.74,-5.34327947100413,-1.47659720189968,-9.97507570756694
11.7425,-5.34327947100413,-1.48169289470547,-9.97507570756694
11.745,-5.34327947100413,-1.45621443067652,-9.97507570756694
11.7475,-5.34327947100413,-1.48169289470547,-9.97507570756694
11.75,-5.34837392885734,-1.48169289470547,-9.97507570756694
11.7525,-5.34327947100413,-1.47150150909389,-9.97507570756694
11.755,-5.34327947100413,-1.45111873787073,-9.97507570756694
11.7575,-5.34837392885734,-1.47150150909389,-9.96998258804469
11.76,-5.34327947100413,-1.47150150909389,-9.96998258804469
11.7625,-5.34327947100413,-1.47150150909389,-9.96998258804469
11.765,-5.34837392885734,-1.43583165945337,-9.97507570756694
11.7675,-5.34837392885734,-1.48169289470547,-9.97507570756694
11.77,-5.34327947100413,-1.48169289470547,-9.97507570756694
11.7725,-5.34327947100413,-1.47659720189968,-9.98016882708919
11.775,-5.34327947100413,-1.47659720189968,-9.98016882708919
11.7775,-5.34327947100413,-1.47150150909389,-9.98016882708919
11.78,-5.34327947100413,-1.47150150909389,-9.98016882708919
11.7825,-5.34837392885734,-1.47659720189968,-9.97507570756694
11.785,-5.34327947100413,-1.47659720189968,-9.97507570756694
11.7875,-5.34327947100413,-1.47150150909389,-9.97507570756694
11.79,-5.34837392885734,-1.47150150909389,-9.97507570756694
11.7925,-5.34327947100413,-1.47150150909389,-9.97507570756694
11.795,-5.33818501315092,-1.44602304506495,-9.96998258804469
11.7975,-5.34837392885734,-1.4664058162881,-9.97507570756694
11.8,-5.34327947100413,-1.47150150909389,-9.96998258804469
11.8025,-5.34327947100413,-1.47150150909389,-9.97507570756694
11.805,-5.34327947100413,-1.45621443067652,-9.96998258804469
11.8075,-5.35346838671055,-1.47659720189968,-9.97507570756694
11.81,-5.34327947100413,-1.47659720189968,-9.96998258804469
11.8125,-5.34327947100413,-1.47150150909389,-9.97507570756694
11.815,-5.34327947100413,-1.45111873787073,-9.97507570756694
11.8175,-5.33818501315092,-1.47150150909389,-9.97507570756694
11.82,-5.33818501315092,-1.47150150909389,-9.98016882708919
11.8225,-5.34837392885734,-1.47659720189968,-9.98016882708919
11.825,-5.34327947100413,-1.43583165945337,-9.97507570756694
11.8275,-5.33818501315092,-1.47659720189968,-9.98016882708919
11.83,-5.34327947100413,-1.47659720189968,-9.98016882708919
11.8325,-5.34327947100413,-1.47150150909389,-9.98016882708919
11.835,-5.33818501315092,-1.44602304506495,-9.97507570756694
11.8375,-5.34327947100413,-1.4664058162881,-9.97507570756694
11.84,-5.34327947100413,-1.47150150909389,-9.97507570756694
11.8425,-5.34327947100413,-1.47150150909389,-9.97507570756694
11.845,-5.34327947100413,-1.45621443067652,-9.97507570756694
11.8475,-5.34837392885734,-1.47659720189968,-9.97507570756694
11.85,-5.34327947100413,-1.47150150909389,-9.97507570756694
11.8525,-5.34327947100413,-1.4664058162881,-9.97507570756694
11.855,-5.34327947100413,-1.44602304506495,-9.97507570756694
11.8575,-5.34327947100413,-1.47150150909389,-9.96998258804469
11.86,-5.34327947100413,-1.47150150909389,-9.97507570756694
11.8625,-5.34837392885734,-1.47659720189968,-9.97507570756694
11.865,-5.33818501315092,-1.45621443067652,-9.97507570756694
11.8675,-5.34327947100413,-1.47659720189968,-9.98016882708919
11.87,-5.34327947100413,-1.47659720189968,-9.98016882708919
11.8725,-5.33818501315092,-1.47150150909389,-9.97507570756694
11.875,-5.33818501315092,-1.45111873787073,-9.98016882708919
11.8775,-5.33818501315092,-1.47150150909389,-9.97507570756694
11.88,-5.34327947100413,-1.47150150909389,-9.98016882708919
11.8825,-5.33818501315092,-1.48169289470547,-9.97507570756694
11.885,-5.33818501315092,-1.45621443067652,-9.98016882708919
11.8875,-5.34327947100413,-1.47659720189968,-9.97507570756694
11.89,-5.33818501315092,-1.47659720189968,-9.97507570756694
11.8925,-5.33818501315092,-1.47150150909389,-9.97507570756694
11.895,-5.34327947100413,-1.45111873787073,-9.97507570756694
11.8975,-5.34327947100413,-1.48169289470547,-9.96998258804469
11.9,-5.33818501315092,-1.47659720189968,-9.96998258804469
11.9025,-5.34327947100413,-1.48169289470547,-9.97507570756694
11.905,-5.34327947100413,-1.46131012348231,-9.96998258804469
11.9075,-5.33818501315092,-1.48169289470547,-9.97507570756694
11.91,-5.34327947100413,-1.47659720189968,-9.97507570756694
11.9125,-5.33818501315092,-1.47659720189968,-9.96998258804469
11.915,-5.33818501315092,-1.46131012348231,-9.97507570756694
11.9175,-5.33818501315092,-1.48169289470547,-9.98016882708919
11.92,-5.34327947100413,-1.48169289470547,-9.97507570756694
11.9225,-5.33818501315092,-1.48678858751125,-9.98016882708919
11.925,-5.33818501315092,-1.44092735225916,-9.98016882708919
11.9275,-5.33818501315092,-1.48169289470547,-9.98016882708919
11.93,-5.33818501315092,-1.48169289470547,-9.97507570756694
11.9325,-5.33818501315092,-1.48169289470547,-9.97507570756694
11.935,-5.33818501315092,-1.46131012348231,-9.97507570756694
11.9375,-5.33818501315092,-1.48678858751125,-9.96998258804469
11.94,-5.33818501315092,-1.48169289470547,-9.96998258804469
11.9425,-5.33818501315092,-1.48678858751125,-9.97507570756694
11.945,-5.33818501315092,-1.44602304506495,-9.96998258804469
11.9475,-5.33818501315092,-1.48169289470547,-9.96998258804469
11.95,-5.33818501315092,-1.48169289470547,-9.97507570756694
11.9525,-5.33818501315092,-1.48169289470547,-9.96998258804469
11.955,-5.33818501315092,-1.44602304506495,-9.96998258804469
11.9575,-5.33818501315092,-1.49188428031704,-9.97507570756694
11.96,-5.34327947100413,-1.49188428031704,-9.97507570756694
11.9625,-5.33818501315092,-1.49188428031704,-9.97507570756694
11.965,-5.33309055529771,-1.44602304506495,-9.98016882708919
11.9675,-5.33818501315092,-1.49188428031704,-9.98016882708919
11.97,-5.33309055529771,-1.49188428031704,-9.98016882708919
11.9725,-5.33309055529771,-1.48678858751125,-9.98016882708919
11.975,-5.33309055529771,-1.44602304506495,-9.98016882708919
11.9775,-5.33818501315092,-1.49188428031704,-9.97507570756694
11.98,-5.33309055529771,-1.49697997312283,-9.97507570756694
11.9825,-5.33818501315092,-1.49697997312283,-9.97507570756694
11.985,-5.33309055529771,-1.45621443067652,-9.97507570756694
11.9875,-5.33309055529771,-1.49697997312283,-9.97507570756694
11.99,-5.33309055529771,-1.49188428031704,-9.97507570756694
11.9925,-5.33818501315092,-1.49188428031704,-9.96998258804469
11.995,-5.33309055529771,-1.47150150909389,-9.97507570756694
11.9975,-5.33309055529771,-1.49697997312283,-9.96998258804469
12,-5.33818501315092,-1.49697997312283,-9.97507570756694
12.0025,-5.33309055529771,-1.50207566592862,-9.97507570756694
12.005,-5.33309055529771,-1.50207566592862,-9.97507570756694
12.0075,-5.33818501315092,-1.49697997312283,-9.97507570756694
12.01,-5.33309055529771,-1.49697997312283,-9.97507570756694
12.0125,-5.33309055529771,-1.49697997312283,-9.98016882708919
12.015,-5.33309055529771,-1.47150150909389,-9.97507570756694
12.0175,-5.33309055529771,-1.50207566592862,-9.98016882708919
12.02,-5.3279960974445,-1.50207566592862,-9.98016882708919
12.0225,-5.33309055529771,-1.50207566592862,-9.98016882708919
12.025,-5.33309055529771,-1.48169289470547,-9.98016882708919
12.0275,-5.3279960974445,-1.50207566592862,-9.98016882708919
12.03,-5.3279960974445,-1.50207566592862,-9.97507570756694
12.0325,-5.33309055529771,-1.50207566592862,-9.97507570756694
12.035,-5.3279960974445,-1.48169289470547,-9.96998258804469
12.0375,-5.3279960974445,-1.50207566592862,-9.97507570756694
12.04,-5.33309055529771,-1.50717135873441,-9.97507570756694
12.0425,-5.33309055529771,-1.50717135873441,-9.97507570756694
12.045,-5.3279960974445,-1.48169289470547,-9.97507570756694
12.0475,-5.33309055529771,-1.50717135873441,-9.97507570756694
12.05,-5.33309055529771,-1.50207566592862,-9.96998258804469
12.0525,-5.3279960974445,-1.50717135873441,-9.97507570756694
12.055,-5.3279960974445,-1.45621443067652,-9.97507570756694
12.0575,-5.3279960974445,-1.50207566592862,-9.97507570756694
12.06,-5.3279960974445,-1.50717135873441,-9.97507570756694
12.0625,-5.32290163959129,-1.50717135873441,-9.98016882708919
12.065,-5.3279960974445,-1.4664058162881,-9.98016882708919
12.0675,-5.3279960974445,-1.50717135873441,-9.98016882708919
12.07,-5.3279960974445,-1.50207566592862,-9.98016882708919
12.0725,-5.3279960974445,-1.50207566592862,-9.98016882708919
12.075,-5.3279960974445,-1.46131012348231,-9.97507570756694
12.0775,-5.3279960974445,-1.50207566592862,-9.97507570756694
12.08,-5.3279960974445,-1.50207566592862,-9.97507570756694
12.0825,-5.33309055529771,-1.50717135873441,-9.97507570756694
12.085,-5.32290163959129,-1.4664058162881,-9.97507570756694
12.0875,-5.32290163959129,-1.50717135873441,-9.97507570756694
12.09,-5.3279960974445,-1.50207566592862,-9.97507570756694
12.0925,-5.3279960974445,-1.50207566592862,-9.96998258804469
12.095,-5.32290163959129,-1.48169289470547,-9.96998258804469
12.0975,-5.3279960974445,-1.50207566592862,-9.97507570756694
12.1,-5.3279960974445,-1.50717135873441,-9.97507570756694
12.1025,-5.3279960974445,-1.5122670515402,-9.97507570756694
12.105,-5.32290163959129,-1.48678858751125,-9.98016882708919
12.1075,-5.3279960974445,-1.50717135873441,-9.98016882708919
12.11,-5.32290163959129,-1.50717135873441,-9.98016882708919
12.1125,-5.31780718173808,-1.50207566592862,-9.98016882708919
12.115,-5.3279960974445,-1.45621443067652,-9.98016882708919
12.1175,-5.32290163959129,-1.50717135873441,-9.97507570756694
12.12,-5.32290163959129,-1.50207566592862,-9.98016882708919
12.1225,-5.32290163959129,-1.50717135873441,-9.98016882708919
12.125,-5.3279960974445,-1.46131012348231,-9.97507570756694
12.1275,-5.32290163959129,-1.50207566592862,-9.97507570756694
12.13,-5.32290163959129,-1.50207566592862,-9.97507570756694
12.1325,-5.3279960974445,-1.50207566592862,-9.97507570756694
12.135,-5.32290163959129,-1.48169289470547,-9.96998258804469
12.1375,-5.32290163959129,-1.50207566592862,-9.97507570756694
12.14,-5.3279960974445,-1.49697997312283,-9.97507570756694
12.1425,-5.3279960974445,-1.50717135873441,-9.97507570756694
12.145,-5.32290163959129,-1.48169289470547,-9.97507570756694
12.1475,-5.32290163959129,-1.50207566592862,-9.97507570756694
12.15,-5.3279960974445,-1.50207566592862,-9.96998258804469
12.1525,-5.32290163959129,-1.50207566592862,-9.97507570756694
12.155,-5.3279960974445,-1.45621443067652,-9.97507570756694
12.1575,-5.3279960974445,-1.50207566592862,-9.98016882708919
12.16,-5.32290163959129,-1.50717135873441,-9.97507570756694
12.1625,-5.3279960974445,-1.50717135873441,-9.98016882708919
12.165,-5.3279960974445,-1.48169289470547,-9.98016882708919
12.1675,-5.3279960974445,-1.50717135873441,-9.98016882708919
12.17,-5.32290163959129,-1.50207566592862,-9.98016882708919
12.1725,-5.3279960974445,-1.49697997312283,-9.97507570756694
12.175,-5.32290163959129,-1.50207566592862,-9.97507570756694
12.1775,-5.32290163959129,-1.50207566592862,-9.97507570756694
12.18,-5.32290163959129,-1.50207566592862,-9.97507570756694
12.1825,-5.3279960974445,-1.50717135873441,-9.97507570756694
12.185,-5.32290163959129,-1.48678858751125,-9.97507570756694
12.1875,-5.3279960974445,-1.49697997312283,-9.97507570756694
12.19,-5.3279960974445,-1.49697997312283,-9.96998258804469
12.1925,-5.32290163959129,-1.49697997312283,-9.97507570756694
12.195,-5.32290163959129,-1.46131012348231,-9.97507570756694
12.1975,-5.33309055529771,-1.50207566592862,-9.97507570756694
12.2,-5.32290163959129,-1.50717135873441,-9.97507570756694
12.2025,-5.30252380817844,-1.50717135873441,-9.97507570756694
12.205,-5.3279960974445,-1.46131012348231,-9.97507570756694
12.2075,-5.32290163959129,-1.50207566592862,-9.98526194661144
12.21,-5.32290163959129,-1.50207566592862,-9.97507570756694
12.2125,-5.31780718173808,-1.50207566592862,-9.98016882708919
12.215,-5.32290163959129,-1.45621443067652,-9.97507570756694
12.2175,-5.3279960974445,-1.50717135873441,-9.98016882708919
12.22,-5.3279960974445,-1.50717135873441,-9.97507570756694
12.2225,-5.3279960974445,-1.50717135873441,-9.97507570756694
12.225,-5.3279960974445,-1.46131012348231,-9.97507570756694
12.2275,-5.32290163959129,-1.50207566592862,-9.97507570756694
12.23,-5.3279960974445,-1.49697997312283,-9.97507570756694
12.2325,-5.3279960974445,-1.50207566592862,-9.96998258804469
12.235,-5.3279960974445,-1.45111873787073,-9.97507570756694
12.2375,-5.3279960974445,-1.50207566592862,-9.96998258804469
12.24,-5.3279960974445,-1.5122670515402,-9.96998258804469
12.2425,-5.3279960974445,-1.50717135873441,-9.96998258804469
12.245,-5.3279960974445,-1.45621443067652,-9.96998258804469
12.2475,-5.33309055529771,-1.49697997312283,-9.96998258804469
12.25,-5.3279960974445,-1.50207566592862,-9.97507570756694
12.2525,-5.3279960974445,-1.50207566592862,-9.97507570756694
12.255,-5.3279960974445,-1.45621443067652,-9.97507570756694
12.2575,-5.3279960974445,-1.50717135873441,-9.97507570756694
12.26,-5.32290163959129,-1.5122670515402,-9.97507570756694
12.2625,-5.32290163959129,-1.50207566592862,-9.98016882708919
12.265,-5.3279960974445,-1.46131012348231,-9.98016882708919
12.2675,-5.32290163959129,-1.50207566592862,-9.97507570756694
12.27,-5.32290163959129,-1.50207566592862,-9.97507570756694
12.2725,-5.3279960974445,-1.49697997312283,-9.98016882708919
12.275,-5.3279960974445,-1.48169289470547,-9.97507570756694
12.2775,-5.3279960974445,-1.50207566592862,-9.97507570756694
12.28,-5.3279960974445,-1.50717135873441,-9.97507570756694
12.2825,-5.32290163959129,-1.50717135873441,-9.97507570756694
12.285,-5.32290163959129,-1.46131012348231,-9.97507570756694
12.2875,-5.3279960974445,-1.49697997312283,-9.97507570756694
12.29,-5.3279960974445,-1.50207566592862,-9.96998258804469
12.2925,-5.3279960974445,-1.50207566592862,-9.96998258804469
12.295,-5.3279960974445,-1.46131012348231,-9.96998258804469
12.2975,-5.33309055529771,-1.50717135873441,-9.97507570756694
12.3,-5.3279960974445,-1.50207566592862,-9.97507570756694
12.3025,-5.3279960974445,-1.50207566592862,-9.97507570756694
12.305,-5.3279960974445,-1.48169289470547,-9.97507570756694
12.3075,-5.32290163959129,-1.50207566592862,-9.97507570756694
12.31,-5.32290163959129,-1.50207566592862,-9.98016882708919
12.3125,-5.3279960974445,-1.50207566592862,-9.97507570756694
12.315,-5.3279960974445,-1.48678858751125,-9.97507570756694
12.3175,-5.32290163959129,-1.50717135873441,-9.98016882708919
12.32,-5.3279960974445,-1.50717135873441,-9.98016882708919
12.3225,-5.3279960974445,-1.50717135873441,-9.97507570756694
12.325,-5.32290163959129,-1.48169289470547,-9.97507570756694
12.3275,-5.3279960974445,-1.50207566592862,-9.97507570756694
12.33,-5.3279960974445,-1.50717135873441,-9.97507570756694
12.3325,-5.3279960974445,-1.50717135873441,-9.96998258804469
12.335,-5.3279960974445,-1.4664058162881,-9.96998258804469
12.3375,-5.3279960974445,-1.50717135873441,-9.97507570756694
12.34,-5.3279960974445,-1.50717135873441,-9.97507570756694
12.3425,-5.3279960974445,-1.50717135873441,-9.97507570756694
12.345,-5.32290163959129,-1.46131012348231,-9.97507570756694
12.3475,-5.3279960974445,-1.50717135873441,-9.96998258804469
12.35,-5.3279960974445,-1.50717135873441,-9.96998258804469
12.3525,-5.33309055529771,-1.5122670515402,-9.97507570756694
12.355,-5.3279960974445,-1.47150150909389,-9.97507570756694
12.3575,-5.32290163959129,-1.51736274434598,-9.97507570756694
12.36,-5.32290163959129,-1.5122670515402,-9.98016882708919
12.3625,-5.31780718173808,-1.5122670515402,-9.98016882708919
12.365,-5.32290163959129,-1.48678858751125,-9.98016882708919
12.3675,-5.31780718173808,-1.50717135873441,-9.98016882708919
12.37,-5.3279960974445,-1.50717135873441,-9.98016882708919
12.3725,-5.32290163959129,-1.5122670515402,-9.97507570756694
12.375,-5.31780718173808,-1.47150150909389,-9.97507570756694
12.3775,-5.32290163959129,-1.5122670515402,-9.97507570756694
12.38,-5.3279960974445,-1.51736274434598,-9.96998258804469
12.3825,-5.32290163959129,-1.5122670515402,-9.97507570756694
12.385,-5.32290163959129,-1.4664058162881,-9.97507570756694
12.3875,-5.3279960974445,-1.50717135873441,-9.96998258804469
12.39,-5.32290163959129,-1.5122670515402,-9.96998258804469
12.3925,-5.3279960974445,-1.5122670515402,-9.96998258804469
12.395,-5.3279960974445,-1.51736274434598,-9.97507570756694
12.3975,-5.32290163959129,-1.51736274434598,-9.96998258804469
12.4,-5.32290163959129,-1.5122670515402,-9.97507570756694
12.4025,-5.32290163959129,-1.5122670515402,-9.97507570756694
12.405,-5.32290163959129,-1.5122670515402,-9.97507570756694
12.4075,-5.32290163959129,-1.5122670515402,-9.98016882708919
12.41,-5.3279960974445,-1.5122670515402,-9.98016882708919
12.4125,-5.3279960974445,-1.51736274434598,-9.98016882708919
12.415,-5.32290163959129,-1.47659720189968,-9.97507570756694
12.4175,-5.3279960974445,-1.51736274434598,-9.98016882708919
12.42,-5.32290163959129,-1.51736274434598,-9.97507570756694
12.4225,-5.32290163959129,-1.5122670515402,-9.97507570756694
12.425,-5.32290163959129,-1.49188428031704,-9.97507570756694
12.4275,-5.32290163959129,-1.5122670515402,-9.96998258804469
12.43,-5.32290163959129,-1.52245843715177,-9.96998258804469
12.4325,-5.31780718173808,-1.52245843715177,-9.97507570756694
12.435,-5.3279960974445,-1.49697997312283,-9.97507570756694
12.4375,-5.32290163959129,-1.52245843715177,-9.96998258804469
12.44,-5.31780718173808,-1.51736274434598,-9.97507570756694
12.4425,-5.32290163959129,-1.5122670515402,-9.97507570756694
12.445,-5.32290163959129,-1.49188428031704,-9.97507570756694
12.4475,-5.31780718173808,-1.5122670515402,-9.97507570756694
12.45,-5.32290163959129,-1.51736274434598,-9.98016882708919
12.4525,-5.32290163959129,-1.52245843715177,-9.98016882708919
12.455,-5.31780718173808,-1.48169289470547,-9.98016882708919
12.4575,-5.31780718173808,-1.51736274434598,-9.98016882708919
12.46,-5.32290163959129,-1.51736274434598,-9.98016882708919
12.4625,-5.31780718173808,-1.51736274434598,-9.97507570756694
12.465,-5.32290163959129,-1.47150150909389,-9.97507570756694
12.4675,-5.32290163959129,-1.51736274434598,-9.97507570756694
12.47,-5.32290163959129,-1.51736274434598,-9.96998258804469
12.4725,-5.31780718173808,-1.52245843715177,-9.96998258804469
12.475,-5.32290163959129,-1.52245843715177,-9.97507570756694
12.4775,-5.32290163959129,-1.52245843715177,-9.96998258804469
12.48,-5.31780718173808,-1.52245843715177,-9.96998258804469
12.4825,-5.31780718173808,-1.5122670515402,-9.97507570756694
12.485,-5.32290163959129,-1.49188428031704,-9.96998258804469
12.4875,-5.31780718173808,-1.51736274434598,-9.96998258804469
12.49,-5.31780718173808,-1.52245843715177,-9.97507570756694
12.4925,-5.32290163959129,-1.52245843715177,-9.97507570756694
12.495,-5.31780718173808,-1.50207566592862,-9.97507570756694
12.4975,-5.31271272388487,-1.52245843715177,-9.97507570756694
12.5,-5.31780718173808,-1.52245843715177,-9.97507570756694
12.5025,-5.31780718173808,-1.52245843715177,-9.97507570756694
12.505,-5.31780718173808,-1.49697997312283,-9.97507570756694
12.5075,-5.31780718173808,-1.52245843715177,-9.98016882708919
12.51,-5.31780718173808,-1.52245843715177,-9.97507570756694
12.5125,-5.31780718173808,-1.52755412995756,-9.97507570756694
12.515,-5.31780718173808,-1.48169289470547,-9.97507570756694
12.5175,-5.31780718173808,-1.52245843715177,-9.97507570756694
12.52,-5.31271272388487,-1.52245843715177,-9.97507570756694
12.5225,-5.31271272388487,-1.51736274434598,-9.97507570756694
12.525,-5.31780718173808,-1.49188428031704,-9.96998258804469
12.5275,-5.31780718173808,-1.52245843715177,-9.96998258804469
12.53,-5.31271272388487,-1.52245843715177,-9.96998258804469
12.5325,-5.31780718173808,-1.52755412995756,-9.97507570756694
12.535,-5.31780718173808,-1.48169289470547,-9.97507570756694
12.5375,-5.31271272388487,-1.52245843715177,-9.97507570756694
12.54,-5.31271272388487,-1.52245843715177,-9.97507570756694
12.5425,-5.31271272388487,-1.52245843715177,-9.97507570756694
12.545,-5.31271272388487,-1.48169289470547,-9.97507570756694
12.5475,-5.31271272388487,-1.52245843715177,-9.98016882708919
12.55,-5.31780718173808,-1.52755412995756,-9.98016882708919
12.5525,-5.31271272388487,-1.52755412995756,-9.98016882708919
12.555,-5.31271272388487,-1.48169289470547,-9.98016882708919
12.5575,-5.31271272388487,-1.52755412995756,-9.98016882708919
12.56,-5.31271272388487,-1.52755412995756,-9.97507570756694
12.5625,-5.31271272388487,-1.52245843715177,-9.97507570756694
12.565,-5.31271272388487,-1.50207566592862,-9.97507570756694
12.5675,-5.31271272388487,-1.52245843715177,-9.97507570756694
12.57,-5.31271272388487,-1.52755412995756,-9.97507570756694
12.5725,-5.31271272388487,-1.52755412995756,-9.97507570756694
12.575,-5.31780718173808,-1.48169289470547,-9.96998258804469
12.5775,-5.31271272388487,-1.52755412995756,-9.97507570756694
12.58,-5.30761826603165,-1.52245843715177,-9.96998258804469
12.5825,-5.31271272388487,-1.52245843715177,-9.96998258804469
12.585,-5.31271272388487,-1.48169289470547,-9.96998258804469
12.5875,-5.30761826603165,-1.52755412995756,-9.96998258804469
12.59,-5.31271272388487,-1.53264982276335,-9.97507570756694
12.5925,-5.30761826603165,-1.53774551556914,-9.97507570756694
12.595,-5.30761826603165,-1.48678858751125,-9.97507570756694
12.5975,-5.31271272388487,-1.52755412995756,-9.98016882708919
12.6,-5.31271272388487,-1.52755412995756,-9.98016882708919
12.6025,-5.30761826603165,-1.52755412995756,-9.97507570756694
12.605,-5.30761826603165,-1.48169289470547,-9.98016882708919
12.6075,-5.30761826603165,-1.52755412995756,-9.97507570756694
12.61,-5.30761826603165,-1.53264982276335,-9.97507570756694
12.6125,-5.30761826603165,-1.53264982276335,-9.98016882708919
12.615,-5.30761826603165,-1.50717135873441,-9.97507570756694
12.6175,-5.31271272388487,-1.52755412995756,-9.97507570756694
12.62,-5.30252380817844,-1.52755412995756,-9.97507570756694
12.6225,-5.30761826603165,-1.52245843715177,-9.97507570756694
12.625,-5.31271272388487,-1.50207566592862,-9.96998258804469
12.6275,-5.30761826603165,-1.52755412995756,-9.96998258804469
12.63,-5.30761826603165,-1.52755412995756,-9.97507570756694
12.6325,-5.31271272388487,-1.53264982276335,-9.96998258804469
12.635,-5.30761826603165,-1.52245843715177,-9.97507570756694
12.6375,-5.30761826603165,-1.52245843715177,-9.97507570756694
12.64,-5.31271272388487,-1.52755412995756,-9.97507570756694
12.6425,-5.30761826603165,-1.52755412995756,-9.97507570756694
12.645,-5.30252380817844,-1.52755412995756,-9.98016882708919
12.6475,-5.30252380817844,-1.48169289470547,-9.98016882708919
12.65,-5.30761826603165,-1.52755412995756,-9.97507570756694
12.6525,-5.30252380817844,-1.53264982276335,-9.98016882708919
12.655,-5.30252380817844,-1.53264982276335,-9.98016882708919
12.6575,-5.30761826603165,-1.48678858751125,-9.97507570756694
12.66,-5.30252380817844,-1.52755412995756,-9.97507570756694
12.6625,-5.30252380817844,-1.52755412995756,-9.97507570756694
12.665,-5.30252380817844,-1.52245843715177,-9.97507570756694
12.6675,-5.30252380817844,-1.50717135873441,-9.96998258804469
12.67,-5.30252380817844,-1.52755412995756,-9.97507570756694
12.6725,-5.30252380817844,-1.53264982276335,-9.97507570756694
12.675,-5.30761826603165,-1.53264982276335,-9.96998258804469
12.6775,-5.30761826603165,-1.49188428031704,-9.97507570756694
12.68,-5.30761826603165,-1.53264982276335,-9.97507570756694
12.6825,-5.30761826603165,-1.53264982276335,-9.96998258804469
12.685,-5.30252380817844,-1.53264982276335,-9.97507570756694
12.6875,-5.30252380817844,-1.50717135873441,-9.98016882708919
12.69,-5.30761826603165,-1.53264982276335,-9.97507570756694
12.6925,-5.30252380817844,-1.53774551556914,-9.97507570756694
12.695,-5.30252380817844,-1.53774551556914,-9.98016882708919
12.6975,-5.30252380817844,-1.5122670515402,-9.98016882708919
12.7,-5.30252380817844,-1.53774551556914,-9.97507570756694
12.7025,-5.30252380817844,-1.52755412995756,-9.97507570756694
12.705,-5.30252380817844,-1.52755412995756,-9.97507570756694
12.7075,-5.30761826603165,-1.50717135873441,-9.97507570756694
12.71,-5.30252380817844,-1.53264982276335,-9.97507570756694
12.7125,-5.30252380817844,-1.53264982276335,-9.96998258804469
12.715,-5.30761826603165,-1.53264982276335,-9.97507570756694
12.7175,-5.30761826603165,-1.49697997312283,-9.96998258804469
12.72,-5.30252380817844,-1.53264982276335,-9.96998258804469
12.7225,-5.30761826603165,-1.52755412995756,-9.97507570756694
12.725,-5.30761826603165,-1.53264982276335,-9.96998258804469
12.7275,-5.30252380817844,-1.50717135873441,-9.97507570756694
12.73,-5.30761826603165,-1.52755412995756,-9.97507570756694
12.7325,-5.30761826603165,-1.53264982276335,-9.97507570756694
12.735,-5.30252380817844,-1.53774551556914,-9.97507570756694
12.7375,-5.30252380817844,-1.49188428031704,-9.98016882708919
12.74,-5.30252380817844,-1.53774551556914,-9.97507570756694
12.7425,-5.30252380817844,-1.53264982276335,-9.98016882708919
12.745,-5.30252380817844,-1.52755412995756,-9.97507570756694
12.7475,-5.30761826603165,-1.50717135873441,-9.97507570756694
12.75,-5.30252380817844,-1.53264982276335,-9.97507570756694
12.7525,-5.30252380817844,-1.53264982276335,-9.97507570756694
12.755,-5.30761826603165,-1.53264982276335,-9.97507570756694
12.7575,-5.30761826603165,-1.49188428031704,-9.97507570756694
12.76,-5.30252380817844,-1.53264982276335,-9.97507570756694
12.7625,-5.30252380817844,-1.52755412995756,-9.97507570756694
12.765,-5.30252380817844,-1.53264982276335,-9.96998258804469
12.7675,-5.30252380817844,-1.5122670515402,-9.96998258804469
12.77,-5.30761826603165,-1.53264982276335,-9.97507570756694
12.7725,-5.30761826603165,-1.53774551556914,-9.97507570756694
12.775,-5.30252380817844,-1.54284120837493,-9.97507570756694
12.7775,-5.30252380817844,-1.5122670515402,-9.98016882708919
12.78,-5.30761826603165,-1.53774551556914,-9.98016882708919
12.7825,-5.30252380817844,-1.53264982276335,-9.97507570756694
12.785,-5.30252380817844,-1.53264982276335,-9.98016882708919
12.7875,-5.30761826603165,-1.50717135873441,-9.97507570756694
12.79,-5.30252380817844,-1.53264982276335,-9.97507570756694
12.7925,-5.30252380817844,-1.53774551556914,-9.97507570756694
12.795,-5.30761826603165,-1.53774551556914,-9.97507570756694
12.7975,-5.30761826603165,-1.50207566592862,-9.97507570756694
12.8,-5.30252380817844,-1.53774551556914,-9.97507570756694
12.8025,-5.30761826603165,-1.53264982276335,-9.97507570756694
12.805,-5.30761826603165,-1.53264982276335,-9.96998258804469
12.8075,-5.30761826603165,-1.49188428031704,-9.96998258804469
12.81,-5.30761826603165,-1.53774551556914,-9.97507570756694
12.8125,-5.30761826603165,-1.54284120837493,-9.97507570756694
12.815,-5.30252380817844,-1.54284120837493,-9.97507570756694
12.8175,-5.30252380817844,-1.51736274434598,-9.97507570756694
12.82,-5.30761826603165,-1.53774551556914,-9.97507570756694
12.8225,-5.30252380817844,-1.54284120837493,-9.97507570756694
12.825,-5.30252380817844,-1.53264982276335,-9.98016882708919
12.8275,-5.30761826603165,-1.49188428031704,-9.98016882708919
12.83,-5.30761826603165,-1.54284120837493,-9.97507570756694
12.8325,-5.30252380817844,-1.54284120837493,-9.98016882708919
12.835,-5.30761826603165,-1.54284120837493,-9.98016882708919
12.8375,-5.30761826603165,-1.51736274434598,-9.97507570756694
12.84,-5.30252380817844,-1.53774551556914,-9.97507570756694
12.8425,-5.30761826603165,-1.53774551556914,-9.97507570756694
12.845,-5.31271272388487,-1.53774551556914,-9.96998258804469
12.8475,-5.30761826603165,-1.49697997312283,-9.96998258804469
12.85,-5.30761826603165,-1.54284120837493,-9.97507570756694
12.8525,-5.31271272388487,-1.54284120837493,-9.96998258804469
12.855,-5.30761826603165,-1.54284120837493,-9.96998258804469
12.8575,-5.30761826603165,-1.49697997312283,-9.97507570756694
12.86,-5.31271272388487,-1.53774551556914,-9.96998258804469
12.8625,-5.30761826603165,-1.53774551556914,-9.97507570756694
12.865,-5.30252380817844,-1.53774551556914,-9.96998258804469
12.8675,-5.30761826603165,-1.51736274434598,-9.97507570756694
12.87,-5.30761826603165,-1.54284120837493,-9.97507570756694
12.8725,-5.30252380817844,-1.54793690118071,-9.98526194661144
12.875,-5.30761826603165,-1.54284120837493,-9.98016882708919
12.8775,-5.30761826603165,-1.51736274434598,-9.97507570756694
12.88,-5.30761826603165,-1.53774551556914,-9.98016882708919
12.8825,-5.30761826603165,-1.53264982276335,-9.97507570756694
12.885,-5.30761826603165,-1.53774551556914,-9.97507570756694
12.8875,-5.30761826603165,-1.50207566592862,-9.97507570756694
12.89,-5.30761826603165,-1.54284120837493,-9.97507570756694
12.8925,-5.31271272388487,-1.54284120837493,-9.97507570756694
12.895,-5.30761826603165,-1.54793690118071,-9.96998258804469
12.8975,-5.30761826603165,-1.49697997312283,-9.97507570756694
12.9,-5.31271272388487,-1.53774551556914,-9.96998258804469
12.9025,-5.30761826603165,-1.54284120837493,-9.96998258804469
12.905,-5.30761826603165,-1.54284120837493,-9.96998258804469
12.9075,-5.30761826603165,-1.50207566592862,-9.97507570756694
12.91,-5.30761826603165,-1.54793690118071,-9.97507570756694
12.9125,-5.30761826603165,-1.54284120837493,-9.97507570756694
12.915,-5.31271272388487,-1.54284120837493,-9.98016882708919
12.9175,-5.31271272388487,-1.49697997312283,-9.98016882708919
12.92,-5.30761826603165,-1.53774551556914,-9.97507570756694
12.9225,-5.30761826603165,-1.54284120837493,-9.98016882708919
12.925,-5.31271272388487,-1.54284120837493,-9.98016882708919
12.9275,-5.31271272388487,-1.50207566592862,-9.97507570756694
12.93,-5.30761826603165,-1.54793690118071,-9.98016882708919
12.9325,-5.31271272388487,-1.54284120837493,-9.97507570756694
12.935,-5.30761826603165,-1.54284120837493,-9.97507570756694
12.9375,-5.30761826603165,-1.49697997312283,-9.97507570756694
12.94,-5.31271272388487,-1.53774551556914,-9.97507570756694
12.9425,-5.31271272388487,-1.54284120837493,-9.96998258804469
12.945,-5.30761826603165,-1.54284120837493,-9.97507570756694
12.9475,-5.31271272388487,-1.52245843715177,-9.96998258804469
12.95,-5.31271272388487,-1.54793690118071,-9.97507570756694
12.9525,-5.30761826603165,-1.54793690118071,-9.97507570756694
12.955,-5.31271272388487,-1.54284120837493,-9.97507570756694
12.9575,-5.31271272388487,-1.51736274434598,-9.97507570756694
12.96,-5.30761826603165,-1.54284120837493,-9.98016882708919
12.9625,-5.31271272388487,-1.54284120837493,-9.98016882708919
12.965,-5.31271272388487,-1.54793690118071,-9.98016882708919
12.9675,-5.30252380817844,-1.54284120837493,-9.97507570756694
12.97,-5.30761826603165,-1.54284120837493,-9.98016882708919
12.9725,-5.30761826603165,-1.54284120837493,-9.97507570756694
12.975,-5.30761826603165,-1.54284120837493,-9.97507570756694
12.9775,-5.30761826603165,-1.52245843715177,-9.97507570756694
12.98,-5.31271272388487,-1.53774551556914,-9.97507570756694
12.9825,-5.31271272388487,-1.54793690118071,-9.97507570756694
12.985,-5.30252380817844,-1.54793690118071,-9.96998258804469
12.9875,-5.31271272388487,-1.52755412995756,-9.97507570756694
12.99,-5.31271272388487,-1.54793690118071,-9.97507570756694
12.9925,-5.30761826603165,-1.54793690118071,-9.96998258804469
12.995,-5.30761826603165,-1.54284120837493,-9.97507570756694
12.9975,-5.31271272388487,-1.50207566592862,-9.97507570756694
13,-5.30761826603165,-1.54793690118071,-9.97507570756694
13.0025,-5.30252380817844,-1.54793690118071,-9.98016882708919
13.005,-5.31271272388487,-1.54793690118071,-9.97507570756694
13.0075,-5.30761826603165,-1.52755412995756,-9.98016882708919
13.01,-5.30761826603165,-1.54793690118071,-9.98016882708919
13.0125,-5.30761826603165,-1.54284120837493,-9.98016882708919
13.015,-5.31271272388487,-1.54284120837493,-9.97507570756694
13.0175,-5.30761826603165,-1.52245843715177,-9.97507570756694
13.02,-5.30761826603165,-1.54284120837493,-9.98016882708919
13.0225,-5.31271272388487,-1.54793690118071,-9.97507570756694
13.025,-5.30761826603165,-1.5530325939865,-9.97507570756694
13.0275,-5.30252380817844,-1.54284120837493,-9.97507570756694
13.03,-5.31271272388487,-1.54793690118071,-9.97507570756694
13.0325,-5.30761826603165,-1.54793690118071,-9.96998258804469
13.035,-5.30252380817844,-1.54284120837493,-9.97507570756694
13.0375,-5.30761826603165,-1.54793690118071,-9.97507570756694
13.04,-5.30761826603165,-1.54793690118071,-9.96998258804469
13.0425,-5.30252380817844,-1.5530325939865,-9.97507570756694
13.045,-5.30761826603165,-1.5530325939865,-9.97507570756694
13.0475,-5.30761826603165,-1.52755412995756,-9.97507570756694
13.05,-5.29742935032523,-1.54793690118071,-9.97507570756694
13.0525,-5.30761826603165,-1.54284120837493,-9.98016882708919
13.055,-5.30761826603165,-1.54793690118071,-9.98016882708919
13.0575,-5.30761826603165,-1.54793690118071,-9.98016882708919
13.06,-5.30252380817844,-1.54793690118071,-9.98016882708919
13.0625,-5.30761826603165,-1.54793690118071,-9.98016882708919
13.065,-5.30252380817844,-1.5530325939865,-9.97507570756694
13.0675,-5.30252380817844,-1.52755412995756,-9.98016882708919
13.07,-5.30761826603165,-1.54793690118071,-9.97507570756694
13.0725,-5.30761826603165,-1.54793690118071,-9.97507570756694
13.075,-5.30252380817844,-1.54793690118071,-9.97507570756694
13.0775,-5.30761826603165,-1.50717135873441,-9.97507570756694
13.08,-5.30761826603165,-1.5530325939865,-9.97507570756694
13.0825,-5.30252380817844,-1.5530325939865,-9.97507570756694
13.085,-5.30252380817844,-1.5530325939865,-9.97507570756694
13.0875,-5.30761826603165,-1.5122670515402,-9.97507570756694
13.09,-5.30252380817844,-1.5530325939865,-9.97507570756694
13.0925,-5.30252380817844,-1.5530325939865,-9.97507570756694
13.095,-5.30252380817844,-1.5530325939865,-9.97507570756694
13.0975,-5.30252380817844,-1.5122670515402,-9.97507570756694
13.1,-5.30252380817844,-1.55812828679229,-9.98016882708919
13.1025,-5.30761826603165,-1.56322397959808,-9.98016882708919
13.105,-5.30252380817844,-1.5530325939865,-9.98016882708919
13.1075,-5.29233489247202,-1.5122670515402,-9.98016882708919
13.11,-5.29742935032523,-1.54793690118071,-9.98016882708919
13.1125,-5.30252380817844,-1.54793690118071,-9.97507570756694
13.115,-5.29742935032523,-1.5530325939865,-9.97507570756694
13.1175,-5.26686260320597,-1.50717135873441,-9.97507570756694
13.12,-5.30252380817844,-1.55812828679229,-9.97507570756694
13.1225,-5.29742935032523,-1.55812828679229,-9.96998258804469
13.125,-5.29742935032523,-1.5530325939865,-9.94451699043344
13.1275,-5.29742935032523,-1.5530325939865,-9.97507570756694
13.13,-5.29742935032523,-1.5530325939865,-9.97507570756694
13.1325,-5.29742935032523,-1.54793690118071,-9.97507570756694
13.135,-5.30252380817844,-1.5530325939865,-9.96998258804469
13.1375,-5.29742935032523,-1.53774551556914,-9.97507570756694
13.14,-5.29233489247202,-1.55812828679229,-9.97507570756694
13.1425,-5.29742935032523,-1.56322397959808,-9.98016882708919
13.145,-5.29742935032523,-1.56322397959808,-9.98016882708919
13.1475,-5.29233489247202,-1.5530325939865,-9.97507570756694
13.15,-5.29742935032523,-1.5530325939865,-9.98016882708919
13.1525,-5.29742935032523,-1.5530325939865,-9.97507570756694
13.155,-5.29233489247202,-1.5530325939865,-9.97507570756694
13.1575,-5.29233489247202,-1.53774551556914,-9.97507570756694
13.16,-5.29233489247202,-1.56322397959808,-9.97507570756694
13.1625,-5.29233489247202,-1.56322397959808,-9.97507570756694
13.165,-5.29233489247202,-1.55812828679229,-9.97507570756694
13.1675,-5.29742935032523,-1.53264982276335,-9.97507570756694
13.17,-5.29233489247202,-1.5530325939865,-9.96998258804469
13.1725,-5.29233489247202,-1.5530325939865,-9.96998258804469
13.175,-5.29742935032523,-1.55812828679229,-9.96998258804469
13.1775,-5.29233489247202,-1.52245843715177,-9.96998258804469
13.18,-5.29233489247202,-1.56322397959808,-9.97507570756694
13.1825,-5.29233489247202,-1.56322397959808,-9.97507570756694
13.185,-5.29233489247202,-1.56322397959808,-9.97507570756694
13.1875,-5.28724043461881,-1.55812828679229,-9.98016882708919
13.19,-5.29233489247202,-1.55812828679229,-9.98016882708919
13.1925,-5.29233489247202,-1.56322397959808,-9.97507570756694
13.195,-5.29233489247202,-1.56322397959808,-9.97507570756694
13.1975,-5.29233489247202,-1.54793690118071,-9.98016882708919
13.2,-5.29233489247202,-1.56322397959808,-9.97507570756694
13.2025,-5.29233489247202,-1.56322397959808,-9.97507570756694
13.205,-5.28724043461881,-1.56322397959808,-9.97507570756694
13.2075,-5.28724043461881,-1.5122670515402,-9.97507570756694
13.21,-5.29233489247202,-1.55812828679229,-9.97507570756694
13.2125,-5.28724043461881,-1.56322397959808,-9.96998258804469
13.215,-5.29233489247202,-1.56322397959808,-9.97507570756694
13.2175,-5.29233489247202,-1.54793690118071,-9.96998258804469
13.22,-5.28724043461881,-1.56831967240387,-9.96998258804469
13.2225,-5.28724043461881,-1.56322397959808,-9.97507570756694
13.225,-5.29233489247202,-1.56322397959808,-9.97507570756694
13.2275,-5.29233489247202,-1.56322397959808,-9.97507570756694
13.23,-5.28724043461881,-1.56322397959808,-9.97507570756694
13.2325,-5.28724043461881,-1.56831967240387,-9.97507570756694
13.235,-5.28724043461881,-1.57341536520966,-9.97507570756694
13.2375,-5.2821459767656,-1.5530325939865,-9.98016882708919
13.24,-5.28724043461881,-1.56831967240387,-9.98016882708919
13.2425,-5.2821459767656,-1.56831967240387,-9.97507570756694
13.245,-5.2821459767656,-1.56322397959808,-9.97507570756694
13.2475,-5.28724043461881,-1.54284120837493,-9.97507570756694
13.25,-5.28724043461881,-1.56322397959808,-9.97507570756694
13.2525,-5.28724043461881,-1.57341536520966,-9.96998258804469
13.255,-5.28724043461881,-1.57341536520966,-9.97507570756694
13.2575,-5.28724043461881,-1.54793690118071,-9.97507570756694
13.26,-5.2821459767656,-1.57341536520966,-9.96998258804469
13.2625,-5.2821459767656,-1.57341536520966,-9.97507570756694
13.265,-5.2821459767656,-1.56831967240387,-9.96998258804469
13.2675,-5.28724043461881,-1.52245843715177,-9.96998258804469
13.27,-5.2821459767656,-1.56831967240387,-9.97507570756694
13.2725,-5.2821459767656,-1.57341536520966,-9.97507570756694
13.275,-5.2821459767656,-1.57851105801545,-9.97507570756694
13.2775,-5.2821459767656,-1.5530325939865,-9.97507570756694
13.28,-5.2821459767656,-1.56831967240387,-9.97507570756694
13.2825,-5.2821459767656,-1.56831967240387,-9.98016882708919
13.285,-5.2821459767656,-1.56831967240387,-9.97507570756694
13.2875,-5.2821459767656,-1.56831967240387,-9.98526194661144
13.29,-5.28724043461881,-1.56831967240387,-9.98016882708919
13.2925,-5.2821459767656,-1.57341536520966,-9.98016882708919
13.295,-5.2821459767656,-1.57851105801545,-9.98016882708919
13.2975,-5.28724043461881,-1.5530325939865,-9.97507570756694
13.3,-5.2821459767656,-1.57341536520966,-9.97507570756694
13.3025,-5.2821459767656,-1.57341536520966,-9.97507570756694
13.305,-5.28724043461881,-1.56831967240387,-9.97507570756694
13.3075,-5.2821459767656,-1.56831967240387,-9.96998258804469
13.31,-5.27705151891239,-1.56831967240387,-9.97507570756694
13.3125,-5.2821459767656,-1.57341536520966,-9.96998258804469
13.315,-5.28724043461881,-1.57341536520966,-9.96998258804469
13.3175,-5.2821459767656,-1.53264982276335,-9.97507570756694
13.32,-5.2821459767656,-1.57341536520966,-9.97507570756694
13.3225,-5.2821459767656,-1.57341536520966,-9.96998258804469
13.325,-5.27705151891239,-1.57341536520966,-9.97507570756694
13.3275,-5.2821459767656,-1.54793690118071,-9.97507570756694
13.33,-5.2821459767656,-1.57851105801545,-9.97507570756694
13.3325,-5.2821459767656,-1.57851105801545,-9.98016882708919
13.335,-5.27705151891239,-1.57851105801545,-9.98016882708919
13.3375,-5.2821459767656,-1.53264982276335,-9.98016882708919
13.34,-5.27705151891239,-1.57341536520966,-9.97507570756694
13.3425,-5.27705151891239,-1.57341536520966,-9.98016882708919
13.345,-5.2821459767656,-1.57341536520966,-9.97507570756694
13.3475,-5.27705151891239,-1.57341536520966,-9.97507570756694
13.35,-5.2821459767656,-1.57851105801545,-9.97507570756694
13.3525,-5.2821459767656,-1.57851105801545,-9.97507570756694
13.355,-5.2821459767656,-1.58360675082123,-9.96998258804469
13.3575,-5.2821459767656,-1.53264982276335,-9.96998258804469
13.36,-5.2821459767656,-1.57341536520966,-9.97507570756694
13.3625,-5.2821459767656,-1.57341536520966,-9.97507570756694
13.365,-5.2821459767656,-1.57341536520966,-9.96998258804469
13.3675,-5.2821459767656,-1.57341536520966,-9.97507570756694
13.37,-5.2821459767656,-1.58360675082123,-9.97507570756694
13.3725,-5.2821459767656,-1.58360675082123,-9.97507570756694
13.375,-5.2821459767656,-1.57851105801545,-9.98016882708919
13.3775,-5.2821459767656,-1.53774551556914,-9.97507570756694
13.38,-5.2821459767656,-1.57341536520966,-9.97507570756694
13.3825,-5.2821459767656,-1.57341536520966,-9.98016882708919
13.385,-5.2821459767656,-1.57341536520966,-9.97507570756694
13.3875,-5.2821459767656,-1.53264982276335,-9.97507570756694
13.39,-5.2821459767656,-1.57851105801545,-9.98016882708919
13.3925,-5.2821459767656,-1.58360675082123,-9.97507570756694
13.395,-5.2821459767656,-1.58360675082123,-9.97507570756694
13.3975,-5.2821459767656,-1.52755412995756,-9.97507570756694
13.4,-5.2821459767656,-1.57341536520966,-9.97507570756694
13.4025,-5.28724043461881,-1.57851105801545,-9.96998258804469
13.405,-5.2821459767656,-1.58360675082123,-9.97507570756694
13.4075,-5.28724043461881,-1.58360675082123,-9.96998258804469
13.41,-5.2821459767656,-1.58870244362702,-9.96998258804469
13.4125,-5.2821459767656,-1.58360675082123,-9.96998258804469
13.415,-5.28724043461881,-1.57851105801545,-9.97507570756694
13.4175,-5.28724043461881,-1.55812828679229,-9.96998258804469
13.42,-5.28724043461881,-1.57851105801545,-9.97507570756694
13.4225,-5.2821459767656,-1.57851105801545,-9.97507570756694
13.425,-5.28724043461881,-1.58360675082123,-9.97507570756694
13.4275,-5.28724043461881,-1.58360675082123,-9.97507570756694
13.43,-5.2821459767656,-1.58360675082123,-9.98016882708919
13.4325,-5.28724043461881,-1.58360675082123,-9.98016882708919
13.435,-5.28724043461881,-1.58360675082123,-9.97507570756694
13.4375,-5.28724043461881,-1.55812828679229,-9.98016882708919
13.44,-5.29233489247202,-1.57341536520966,-9.98016882708919
13.4425,-5.29233489247202,-1.57851105801545,-9.96998258804469
13.445,-5.28724043461881,-1.58360675082123,-9.97507570756694
13.4475,-5.29233489247202,-1.58360675082123,-9.97507570756694
13.45,-5.29233489247202,-1.58360675082123,-9.97507570756694
13.4525,-5.28724043461881,-1.58360675082123,-9.97507570756694
13.455,-5.28724043461881,-1.57851105801545,-9.97507570756694
13.4575,-5.28724043461881,-1.54284120837493,-9.96998258804469
13.46,-5.28724043461881,-1.58360675082123,-9.96998258804469
13.4625,-5.29233489247202,-1.58360675082123,-9.97507570756694
13.465,-5.29233489247202,-1.58870244362702,-9.96998258804469
13.4675,-5.29233489247202,-1.56322397959808,-9.97507570756694
13.47,-5.29233489247202,-1.58360675082123,-9.97507570756694
13.4725,-5.29233489247202,-1.58360675082123,-9.97507570756694
13.475,-5.29233489247202,-1.58360675082123,-9.97507570756694
13.4775,-5.28724043461881,-1.57851105801545,-9.98016882708919
13.48,-5.29233489247202,-1.57851105801545,-9.98016882708919
13.4825,-5.29233489247202,-1.58360675082123,-9.97507570756694
13.485,-5.29233489247202,-1.58870244362702,-9.97507570756694
13.4875,-5.29233489247202,-1.56322397959808,-9.97507570756694
13.49,-5.29233489247202,-1.58870244362702,-9.97507570756694
13.4925,-5.29233489247202,-1.58360675082123,-9.97507570756694
13.495,-5.29233489247202,-1.57851105801545,-9.97507570756694
13.4975,-5.29233489247202,-1.56322397959808,-9.96998258804469
13.5,-5.29233489247202,-1.58360675082123,-9.97507570756694
13.5025,-5.29233489247202,-1.58870244362702,-9.96998258804469
13.505,-5.29233489247202,-1.58870244362702,-9.96998258804469
13.5075,-5.29233489247202,-1.58870244362702,-9.96998258804469
13.51,-5.29233489247202,-1.58870244362702,-9.97507570756694
13.5125,-5.29233489247202,-1.58870244362702,-9.97507570756694
13.515,-5.29233489247202,-1.58360675082123,-9.97507570756694
13.5175,-5.29233489247202,-1.55812828679229,-9.97507570756694
13.52,-5.29233489247202,-1.58360675082123,-9.97507570756694
13.5225,-5.29233489247202,-1.58870244362702,-9.97507570756694
13.525,-5.29233489247202,-1.58870244362702,-9.98016882708919
13.5275,-5.29742935032523,-1.56831967240387,-9.97507570756694
13.53,-5.29233489247202,-1.58870244362702,-9.98016882708919
13.5325,-5.29233489247202,-1.58870244362702,-9.98016882708919
13.535,-5.29742935032523,-1.58360675082123,-9.97507570756694
13.5375,-5.29233489247202,-1.56322397959808,-9.97507570756694
13.54,-5.29233489247202,-1.58360675082123,-9.98016882708919
13.5425,-5.29742935032523,-1.58870244362702,-9.97507570756694
13.545,-5.29233489247202,-1.58870244362702,-9.97507570756694
13.5475,-5.29233489247202,-1.56831967240387,-9.97507570756694
13.55,-5.29742935032523,-1.58360675082123,-9.97507570756694
13.5525,-5.29233489247202,-1.58360675082123,-9.96998258804469
13.555,-5.29233489247202,-1.58870244362702,-9.96998258804469
13.5575,-5.29233489247202,-1.54284120837493,-9.97507570756694
13.56,-5.29742935032523,-1.58360675082123,-9.97507570756694
13.5625,-5.29233489247202,-1.59379813643281,-9.97507570756694
13.565,-5.29742935032523,-1.59379813643281,-9.97507570756694
13.5675,-5.29742935032523,-1.58870244362702,-9.97507570756694
13.57,-5.29233489247202,-1.56322397959808,-9.97507570756694
13.5725,-5.29233489247202,-1.58870244362702,-9.97507570756694
13.575,-5.29742935032523,-1.58870244362702,-9.98016882708919
13.5775,-5.29233489247202,-1.58870244362702,-9.97507570756694
13.58,-5.29233489247202,-1.54793690118071,-9.98016882708919
13.5825,-5.29742935032523,-1.59379813643281,-9.98016882708919
13.585,-5.29233489247202,-1.59379813643281,-9.97507570756694
13.5875,-5.29233489247202,-1.59379813643281,-9.98016882708919
13.59,-5.29233489247202,-1.56831967240387,-9.98016882708919
13.5925,-5.29233489247202,-1.58870244362702,-9.97507570756694
13.595,-5.28724043461881,-1.58870244362702,-9.97507570756694
13.5975,-5.29233489247202,-1.58870244362702,-9.97507570756694
13.6,-5.29233489247202,-1.56831967240387,-9.97507570756694
13.6025,-5.29233489247202,-1.59379813643281,-9.96998258804469
13.605,-5.29233489247202,-1.58870244362702,-9.97507570756694
13.6075,-5.29233489247202,-1.58870244362702,-9.96998258804469
13.61,-5.29233489247202,-1.5530325939865,-9.96998258804469
13.6125,-5.28724043461881,-1.58870244362702,-9.96998258804469
13.615,-5.29233489247202,-1.58360675082123,-9.97507570756694
13.6175,-5.29233489247202,-1.59379813643281,-9.96998258804469
13.62,-5.29233489247202,-1.54793690118071,-9.97507570756694
13.6225,-5.29233489247202,-1.59379813643281,-9.97507570756694
13.625,-5.28724043461881,-1.59379813643281,-9.97507570756694
13.6275,-5.28724043461881,-1.59379813643281,-9.98016882708919
13.63,-5.28724043461881,-1.54793690118071,-9.98016882708919
13.6325,-5.28724043461881,-1.58870244362702,-9.97507570756694
13.635,-5.28724043461881,-1.58870244362702,-9.98016882708919
13.6375,-5.28724043461881,-1.59379813643281,-9.98016882708919
13.64,-5.28724043461881,-1.5530325939865,-9.97507570756694
13.6425,-5.28724043461881,-1.59379813643281,-9.97507570756694
13.645,-5.28724043461881,-1.58870244362702,-9.97507570756694
13.6475,-5.29233489247202,-1.58870244362702,-9.97507570756694
13.65,-5.28724043461881,-1.56831967240387,-9.96998258804469
13.6525,-5.28724043461881,-1.58870244362702,-9.97507570756694
13.655,-5.29233489247202,-1.58870244362702,-9.97507570756694
13.6575,-5.28724043461881,-1.59379813643281,-9.96998258804469
13.66,-5.28724043461881,-1.56831967240387,-9.97507570756694
13.6625,-5.29233489247202,-1.59379813643281,-9.97507570756694
13.665,-5.28724043461881,-1.59379813643281,-9.97507570756694
13.6675,-5.2821459767656,-1.59379813643281,-9.97507570756694
13.67,-5.28724043461881,-1.56831967240387,-9.97507570756694
13.6725,-5.28724043461881,-1.59379813643281,-9.97507570756694
13.675,-5.28724043461881,-1.59379813643281,-9.97507570756694
13.6775,-5.28724043461881,-1.59379813643281,-9.98016882708919
13.68,-5.2821459767656,-1.5988938292386,-9.97507570756694
13.6825,-5.27705151891239,-1.59379813643281,-9.98016882708919
13.685,-5.2821459767656,-1.59379813643281,-9.98016882708919
13.6875,-5.2821459767656,-1.59379813643281,-9.97507570756694
13.69,-5.2821459767656,-1.56831967240387,-9.97507570756694
13.6925,-5.28724043461881,-1.58870244362702,-9.97507570756694
13.695,-5.28724043461881,-1.59379813643281,-9.96998258804469
13.6975,-5.2821459767656,-1.5988938292386,-9.97507570756694
13.7,-5.2821459767656,-1.5530325939865,-9.97507570756694
13.7025,-5.2821459767656,-1.5988938292386,-9.96998258804469
13.705,-5.27705151891239,-1.5988938292386,-9.97507570756694
13.7075,-5.27705151891239,-1.58870244362702,-9.97507570756694
13.71,-5.2821459767656,-1.56831967240387,-9.97507570756694
13.7125,-5.2821459767656,-1.59379813643281,-9.96998258804469
13.715,-5.27705151891239,-1.59379813643281,-9.97507570756694
13.7175,-5.2821459767656,-1.60398952204439,-9.97507570756694
13.72,-5.27705151891239,-1.58360675082123,-9.97507570756694
13.7225,-5.27705151891239,-1.5988938292386,-9.98016882708919
13.725,-5.2821459767656,-1.59379813643281,-9.98016882708919
13.7275,-5.27705151891239,-1.59379813643281,-9.98016882708919
13.73,-5.27195706105918,-1.5530325939865,-9.98016882708919
13.7325,-5.27705151891239,-1.59379813643281,-9.97507570756694
13.735,-5.27705151891239,-1.5988938292386,-9.98016882708919
13.7375,-5.27705151891239,-1.60398952204439,-9.97507570756694
13.74,-5.27705151891239,-1.5988938292386,-9.98016882708919
13.7425,-5.27705151891239,-1.60398952204439,-9.97507570756694
13.745,-5.27195706105918,-1.5988938292386,-9.97507570756694
13.7475,-5.27195706105918,-1.59379813643281,-9.97507570756694
13.75,-5.27705151891239,-1.5530325939865,-9.96998258804469
13.7525,-5.27705151891239,-1.60398952204439,-9.96998258804469
13.755,-5.27705151891239,-1.5988938292386,-9.97507570756694
13.7575,-5.27705151891239,-1.60398952204439,-9.96998258804469
13.76,-5.27705151891239,-1.58360675082123,-9.97507570756694
13.7625,-5.27195706105918,-1.60398952204439,-9.97507570756694
13.765,-5.27705151891239,-1.5988938292386,-9.97507570756694
13.7675,-5.27195706105918,-1.5988938292386,-9.97507570756694
13.77,-5.27195706105918,-1.5530325939865,-9.97507570756694
13.7725,-5.27195706105918,-1.5988938292386,-9.98016882708919
13.775,-5.27195706105918,-1.60398952204439,-9.97507570756694
13.7775,-5.27195706105918,-1.60908521485018,-9.98016882708919
13.78,-5.27195706105918,-1.58360675082123,-9.98016882708919
13.7825,-5.27705151891239,-1.60398952204439,-9.98016882708919
13.785,-5.27195706105918,-1.60398952204439,-9.97507570756694
13.7875,-5.26176814535276,-1.5988938292386,-9.97507570756694
13.79,-5.27195706105918,-1.57341536520966,-9.98016882708919
13.7925,-5.27195706105918,-1.60398952204439,-9.97507570756694
13.795,-5.27195706105918,-1.60398952204439,-9.97507570756694
13.7975,-5.27195706105918,-1.60398952204439,-9.97507570756694
13.8,-5.27195706105918,-1.58870244362702,-9.97507570756694
13.8025,-5.27195706105918,-1.60398952204439,-9.96998258804469
13.805,-5.27195706105918,-1.60398952204439,-9.96998258804469
13.8075,-5.26686260320597,-1.60398952204439,-9.96998258804469
13.81,-5.26686260320597,-1.60398952204439,-9.96998258804469
13.8125,-5.26686260320597,-1.60398952204439,-9.96998258804469
13.815,-5.27195706105918,-1.60398952204439,-9.97507570756694
13.8175,-5.26686260320597,-1.60908521485018,-9.97507570756694
13.82,-5.26686260320597,-1.56322397959808,-9.97507570756694
13.8225,-5.26686260320597,-1.60908521485018,-9.98016882708919
13.825,-5.26686260320597,-1.60908521485018,-9.97507570756694
13.8275,-5.26176814535276,-1.60398952204439,-9.98016882708919
13.83,-5.26686260320597,-1.58360675082123,-9.98016882708919
13.8325,-5.26176814535276,-1.60908521485018,-9.97507570756694
13.835,-5.26176814535276,-1.60908521485018,-9.98016882708919
13.8375,-5.26686260320597,-1.60908521485018,-9.98016882708919
13.84,-5.26176814535276,-1.60908521485018,-9.97507570756694
13.8425,-5.26686260320597,-1.60908521485018,-9.97507570756694
13.845,-5.26176814535276,-1.60398952204439,-9.97507570756694
13.8475,-5.26686260320597,-1.60398952204439,-9.97507570756694
13.85,-5.26176814535276,-1.58360675082123,-9.97507570756694
13.8525,-5.26176814535276,-1.60398952204439,-9.97507570756694
13.855,-5.27195706105918,-1.61418090765596,-9.96998258804469
13.8575,-5.26176814535276,-1.61418090765596,-9.96998258804469
13.86,-5.26176814535276,-1.58870244362702,-9.97507570756694
13.8625,-5.26176814535276,-1.61418090765596,-9.96998258804469
13.865,-5.26176814535276,-1.60908521485018,-9.97507570756694
13.8675,-5.26176814535276,-1.60398952204439,-9.97507570756694
13.87,-5.26176814535276,-1.58870244362702,-9.97507570756694
13.8725,-5.26176814535276,-1.60908521485018,-9.97507570756694
13.875,-5.26176814535276,-1.61418090765596,-9.98016882708919
13.8775,-5.26176814535276,-1.61418090765596,-9.98016882708919
13.88,-5.26176814535276,-1.59379813643281,-9.98016882708919
13.8825,-5.25667368749955,-1.61418090765596,-9.98016882708919
13.885,-5.26176814535276,-1.60908521485018,-9.98016882708919
13.8875,-5.26176814535276,-1.60908521485018,-9.98016882708919
13.89,-5.25667368749955,-1.59379813643281,-9.97507570756694
13.8925,-5.26176814535276,-1.60908521485018,-9.98016882708919
13.895,-5.26176814535276,-1.61927660046175,-9.97507570756694
13.8975,-5.25667368749955,-1.61418090765596,-9.97507570756694
13.9,-5.26176814535276,-1.58870244362702,-9.97507570756694
13.9025,-5.26176814535276,-1.60908521485018,-9.97507570756694
13.905,-5.26176814535276,-1.60908521485018,-9.96998258804469
13.9075,-5.26176814535276,-1.60908521485018,-9.97507570756694
13.91,-5.26176814535276,-1.59379813643281,-9.96998258804469
13.9125,-5.26176814535276,-1.61927660046175,-9.96998258804469
13.915,-5.26176814535276,-1.61927660046175,-9.97507570756694
13.9175,-5.26176814535276,-1.61927660046175,-9.97507570756694
13.92,-5.26176814535276,-1.57851105801545,-9.97507570756694
13.9225,-5.26176814535276,-1.61418090765596,-9.98016882708919
13.925,-5.26176814535276,-1.60908521485018,-9.97507570756694
13.9275,-5.26176814535276,-1.61418090765596,-9.98016882708919
13.93,-5.25667368749955,-1.59379813643281,-9.98016882708919
13.9325,-5.26176814535276,-1.61927660046175,-9.98016882708919
13.935,-5.26176814535276,-1.61927660046175,-9.97507570756694
13.9375,-5.25667368749955,-1.61927660046175,-9.97507570756694
13.94,-5.25667368749955,-1.59379813643281,-9.98016882708919
13.9425,-5.26176814535276,-1.61418090765596,-9.97507570756694
13.945,-5.25667368749955,-1.61418090765596,-9.97507570756694
13.9475,-5.26176814535276,-1.61418090765596,-9.97507570756694
13.95,-5.26176814535276,-1.56831967240387,-9.96998258804469
13.9525,-5.25667368749955,-1.61927660046175,-9.96998258804469
13.955,-5.25667368749955,-1.61927660046175,-9.97507570756694
13.9575,-5.26176814535276,-1.61927660046175,-9.97507570756694
13.96,-5.26176814535276,-1.57341536520966,-9.97507570756694
13.9625,-5.25667368749955,-1.62437229326754,-9.97507570756694
13.965,-5.25667368749955,-1.61418090765596,-9.97507570756694
13.9675,-5.26176814535276,-1.61418090765596,-9.97507570756694
13.97,-5.25667368749955,-1.5988938292386,-9.97507570756694
13.9725,-5.25667368749955,-1.61927660046175,-9.98016882708919
13.975,-5.26176814535276,-1.62437229326754,-9.97507570756694
13.9775,-5.25667368749955,-1.62437229326754,-9.98016882708919
13.98,-5.25667368749955,-1.57341536520966,-9.98016882708919
13.9825,-5.26176814535276,-1.61418090765596,-9.98016882708919
13.985,-5.25667368749955,-1.61927660046175,-9.97507570756694
13.9875,-5.25667368749955,-1.61418090765596,-9.98016882708919
13.99,-5.26176814535276,-1.59379813643281,-9.97507570756694
13.9925,-5.26176814535276,-1.61927660046175,-9.97507570756694
13.995,-5.26176814535276,-1.62437229326754,-9.97507570756694
13.9975,-5.26176814535276,-1.61927660046175,-9.97507570756694
14,-5.26176814535276,-1.57851105801545,-9.97507570756694
14.0025,-5.26176814535276,-1.61927660046175,-9.97507570756694
14.005,-5.25667368749955,-1.61418090765596,-9.96998258804469
14.0075,-5.26686260320597,-1.61418090765596,-9.96998258804469
14.01,-5.26176814535276,-1.59379813643281,-9.96998258804469
14.0125,-5.26176814535276,-1.61927660046175,-9.97507570756694
14.015,-5.26686260320597,-1.62437229326754,-9.97507570756694
14.0175,-5.26176814535276,-1.62437229326754,-9.97507570756694
14.02,-5.26176814535276,-1.5988938292386,-9.97507570756694
14.0225,-5.26176814535276,-1.61927660046175,-9.98016882708919
14.025,-5.26176814535276,-1.62437229326754,-9.97507570756694
14.0275,-5.26176814535276,-1.61927660046175,-9.98016882708919
14.03,-5.26686260320597,-1.59379813643281,-9.98016882708919
14.0325,-5.26686260320597,-1.62437229326754,-9.98016882708919
14.035,-5.26176814535276,-1.62437229326754,-9.98016882708919
14.0375,-5.25667368749955,-1.62437229326754,-9.97507570756694
14.04,-5.26176814535276,-1.61927660046175,-9.93433075138894
14.0425,-5.25667368749955,-1.61927660046175,-9.98016882708919
14.045,-5.25667368749955,-1.61418090765596,-9.97507570756694
14.0475,-5.26176814535276,-1.61927660046175,-9.97507570756694
14.05,-5.26176814535276,-1.57851105801545,-9.96998258804469
14.0525,-5.25667368749955,-1.62437229326754,-9.96998258804469
14.055,-5.26176814535276,-1.62437229326754,-9.97507570756694
14.0575,-5.26176814535276,-1.62437229326754,-9.96998258804469
14.06,-5.26176814535276,-1.57851105801545,-9.97507570756694
14.0625,-5.26176814535276,-1.62437229326754,-9.97507570756694
14.065,-5.27195706105918,-1.62437229326754,-9.97507570756694
14.0675,-5.26176814535276,-1.62437229326754,-9.97507570756694
14.07,-5.26176814535276,-1.58360675082123,-9.97507570756694
14.0725,-5.26686260320597,-1.62946798607333,-9.98016882708919
14.075,-5.26176814535276,-1.63456367887912,-9.97507570756694
14.0775,-5.26176814535276,-1.62437229326754,-9.98016882708919
14.08,-5.26686260320597,-1.58360675082123,-9.98016882708919
14.0825,-5.26176814535276,-1.62437229326754,-9.98016882708919
14.085,-5.26176814535276,-1.62437229326754,-9.97507570756694
14.0875,-5.26176814535276,-1.62437229326754,-9.97507570756694
14.09,-5.26176814535276,-1.60908521485018,-9.97507570756694
14.0925,-5.26176814535276,-1.62946798607333,-9.97507570756694
14.095,-5.26686260320597,-1.62946798607333,-9.97507570756694
14.0975,-5.26686260320597,-1.62946798607333,-9.96998258804469
14.1,-5.26176814535276,-1.60908521485018,-9.97507570756694
14.1025,-5.26176814535276,-1.62437229326754,-9.96998258804469
14.105,-5.26176814535276,-1.62946798607333,-9.96998258804469
14.1075,-5.26176814535276,-1.62946798607333,-9.96998258804469
14.11,-5.26686260320597,-1.58870244362702,-9.97507570756694
14.1125,-5.26686260320597,-1.63456367887912,-9.97507570756694
14.115,-5.26176814535276,-1.63456367887912,-9.97507570756694
14.1175,-5.26686260320597,-1.62946798607333,-9.97507570756694
14.12,-5.26686260320597,-1.58870244362702,-9.97507570756694
14.1225,-5.26176814535276,-1.62946798607333,-9.97507570756694
14.125,-5.26176814535276,-1.62946798607333,-9.98016882708919
14.1275,-5.26686260320597,-1.62946798607333,-9.97507570756694
14.13,-5.26686260320597,-1.61418090765596,-9.97507570756694
14.1325,-5.26686260320597,-1.63965937168491,-9.98016882708919
14.135,-5.26686260320597,-1.6447550644907,-9.98016882708919
14.1375,-5.26176814535276,-1.63456367887912,-9.97507570756694
14.14,-5.26176814535276,-1.62946798607333,-9.97507570756694
14.1425,-5.26686260320597,-1.62946798607333,-9.97507570756694
14.145,-5.26686260320597,-1.62946798607333,-9.97507570756694
14.1475,-5.26176814535276,-1.63456367887912,-9.97507570756694
14.15,-5.26686260320597,-1.63456367887912,-9.97507570756694
14.1525,-5.27195706105918,-1.6447550644907,-9.96998258804469
14.155,-5.26686260320597,-1.63456367887912,-9.96998258804469
14.1575,-5.26686260320597,-1.63456367887912,-9.97507570756694
14.16,-5.27195706105918,-1.61418090765596,-9.97507570756694
14.1625,-5.26176814535276,-1.63456367887912,-9.97507570756694
14.165,-5.26686260320597,-1.63456367887912,-9.96998258804469
14.1675,-5.27195706105918,-1.62946798607333,-9.96998258804469
14.17,-5.26686260320597,-1.62437229326754,-9.97507570756694
14.1725,-5.26686260320597,-1.6447550644907,-9.97507570756694
14.175,-5.26686260320597,-1.6447550644907,-9.98016882708919
14.1775,-5.26686260320597,-1.63965937168491,-9.97507570756694
14.18,-5.26686260320597,-1.59379813643281,-9.98016882708919
14.1825,-5.27195706105918,-1.63456367887912,-9.98016882708919
14.185,-5.26686260320597,-1.63965937168491,-9.97507570756694
14.1875,-5.26176814535276,-1.6447550644907,-9.97507570756694
14.19,-5.26176814535276,-1.61927660046175,-9.98016882708919
14.1925,-5.26686260320597,-1.6447550644907,-9.97507570756694
14.195,-5.26176814535276,-1.63965937168491,-9.97507570756694
14.1975,-5.26686260320597,-1.63456367887912,-9.97507570756694
14.2,-5.27195706105918,-1.59379813643281,-9.96998258804469
14.2025,-5.26176814535276,-1.63456367887912,-9.96998258804469
14.205,-5.26686260320597,-1.63456367887912,-9.96998258804469
14.2075,-5.27195706105918,-1.63965937168491,-9.96998258804469
14.21,-5.26686260320597,-1.62437229326754,-9.96998258804469
14.2125,-5.26686260320597,-1.6447550644907,-9.96998258804469
14.215,-5.26686260320597,-1.63965937168491,-9.97507570756694
14.2175,-5.26176814535276,-1.63965937168491,-9.97507570756694
14.22,-5.26176814535276,-1.63456367887912,-9.97507570756694
14.2225,-5.27195706105918,-1.63456367887912,-9.97507570756694
14.225,-5.26686260320597,-1.6447550644907,-9.98016882708919
14.2275,-5.26686260320597,-1.6447550644907,-9.98016882708919
14.23,-5.26686260320597,-1.5988938292386,-9.98016882708919
14.2325,-5.26686260320597,-1.6447550644907,-9.98016882708919
14.235,-5.26176814535276,-1.63965937168491,-9.97507570756694
14.2375,-5.26686260320597,-1.63456367887912,-9.97507570756694
14.24,-5.27195706105918,-1.61418090765596,-9.96998258804469
14.2425,-5.26176814535276,-1.63456367887912,-9.97507570756694
14.245,-5.26686260320597,-1.63965937168491,-9.97507570756694
14.2475,-5.27195706105918,-1.6447550644907,-9.97507570756694
14.25,-5.26686260320597,-1.59379813643281,-9.97507570756694
14.2525,-5.26176814535276,-1.63965937168491,-9.97507570756694
14.255,-5.27195706105918,-1.63965937168491,-9.97507570756694
14.2575,-5.26176814535276,-1.63965937168491,-9.96998258804469
14.26,-5.26686260320597,-1.61418090765596,-9.96998258804469
14.2625,-5.26686260320597,-1.63965937168491,-9.96998258804469
14.265,-5.26686260320597,-1.6447550644907,-9.96998258804469
14.2675,-5.25667368749955,-1.6447550644907,-9.97507570756694
14.27,-5.26686260320597,-1.61927660046175,-9.98016882708919
14.2725,-5.26176814535276,-1.63965937168491,-9.97507570756694
14.275,-5.26176814535276,-1.63456367887912,-9.98016882708919
14.2775,-5.26686260320597,-1.63456367887912,-9.98526194661144
14.28,-5.26176814535276,-1.63456367887912,-9.97507570756694
14.2825,-5.26176814535276,-1.63456367887912,-9.97507570756694
14.285,-5.26686260320597,-1.63965937168491,-9.98016882708919
14.2875,-5.26686260320597,-1.63965937168491,-9.97507570756694
14.29,-5.26176814535276,-1.63965937168491,-9.97507570756694
14.2925,-5.26176814535276,-1.63456367887912,-9.97507570756694
14.295,-5.26686260320597,-1.63456367887912,-9.97507570756694
14.2975,-5.26176814535276,-1.63456367887912,-9.96998258804469
14.3,-5.26176814535276,-1.63456367887912,-9.97507570756694
14.3025,-5.26176814535276,-1.63965937168491,-9.96998258804469
14.305,-5.26176814535276,-1.6447550644907,-9.96998258804469
14.3075,-5.25667368749955,-1.63456367887912,-9.97507570756694
14.31,-5.26176814535276,-1.61927660046175,-9.96998258804469
14.3125,-5.26176814535276,-1.63965937168491,-9.97507570756694
14.315,-5.25667368749955,-1.63456367887912,-9.97507570756694
14.3175,-5.26176814535276,-1.63456367887912,-9.97507570756694
14.32,-5.26176814535276,-1.5988938292386,-9.97507570756694
14.3225,-5.25667368749955,-1.63456367887912,-9.97507570756694
14.325,-5.25667368749955,-1.6447550644907,-9.98016882708919
14.3275,-5.25667368749955,-1.63965937168491,-9.98016882708919
14.33,-5.25667368749955,-1.5988938292386,-9.98016882708919
14.3325,-5.25667368749955,-1.63456367887912,-9.98016882708919
14.335,-5.26176814535276,-1.62946798607333,-9.97507570756694
14.3375,-5.25667368749955,-1.63965937168491,-9.97507570756694
14.34,-5.25667368749955,-1.59379813643281,-9.98016882708919
14.3425,-5.26176814535276,-1.63965937168491,-9.98016882708919
14.345,-5.25667368749955,-1.63965937168491,-9.97507570756694
14.3475,-5.25157922964634,-1.63456367887912,-9.97507570756694
14.35,-5.25667368749955,-1.61418090765596,-9.97507570756694
14.3525,-5.25667368749955,-1.63456367887912,-9.96998258804469
14.355,-5.25157922964634,-1.62946798607333,-9.97507570756694
14.3575,-5.25667368749955,-1.62946798607333,-9.96998258804469
14.36,-5.25667368749955,-1.59379813643281,-9.96998258804469
14.3625,-5.25667368749955,-1.63965937168491,-9.97507570756694
14.365,-5.25157922964634,-1.63456367887912,-9.97507570756694
14.3675,-5.25157922964634,-1.63456367887912,-9.97507570756694
14.37,-5.25157922964634,-1.61418090765596,-9.97507570756694
14.3725,-5.25157922964634,-1.62946798607333,-9.97507570756694
14.375,-5.25667368749955,-1.63456367887912,-9.97507570756694
14.3775,-5.25157922964634,-1.63965937168491,-9.97507570756694
14.38,-5.25157922964634,-1.61927660046175,-9.97507570756694
14.3825,-5.25157922964634,-1.63965937168491,-9.98016882708919
14.385,-5.24648477179313,-1.6447550644907,-9.97507570756694
14.3875,-5.25157922964634,-1.63456367887912,-9.98016882708919
14.39,-5.25157922964634,-1.61418090765596,-9.98016882708919
14.3925,-5.25157922964634,-1.63456367887912,-9.97507570756694
14.395,-5.24648477179313,-1.63456367887912,-9.97507570756694
14.3975,-5.25157922964634,-1.63456367887912,-9.97507570756694
14.4,-5.25157922964634,-1.61927660046175,-9.96998258804469
14.4025,-5.24648477179313,-1.6447550644907,-9.96998258804469
14.405,-5.25157922964634,-1.63456367887912,-9.97507570756694
14.4075,-5.25157922964634,-1.63965937168491,-9.97507570756694
14.41,-5.24648477179313,-1.63965937168491,-9.96998258804469
14.4125,-5.24648477179313,-1.63456367887912,-9.97507570756694
14.415,-5.25157922964634,-1.63456367887912,-9.96998258804469
14.4175,-5.24648477179313,-1.63965937168491,-9.97507570756694
14.42,-5.24648477179313,-1.63965937168491,-9.97507570756694
14.4225,-5.25157922964634,-1.6447550644907,-9.97507570756694
14.425,-5.24648477179313,-1.6447550644907,-9.97507570756694
14.4275,-5.24139031393992,-1.63965937168491,-9.98016882708919
14.43,-5.24648477179313,-1.59379813643281,-9.98016882708919
14.4325,-5.24139031393992,-1.6447550644907,-9.97507570756694
14.435,-5.24139031393992,-1.63965937168491,-9.98016882708919
14.4375,-5.24139031393992,-1.6447550644907,-9.97507570756694
14.44,-5.24139031393992,-1.64985075729648,-9.97507570756694
14.4425,-5.23629585608671,-1.6447550644907,-9.97507570756694
14.445,-5.24139031393992,-1.63965937168491,-9.97507570756694
14.4475,-5.23629585608671,-1.6447550644907,-9.97507570756694
14.45,-5.24139031393992,-1.5988938292386,-9.97507570756694
14.4525,-5.23629585608671,-1.63965937168491,-9.97507570756694
14.455,-5.24139031393992,-1.63965937168491,-9.96998258804469
14.4575,-5.24139031393992,-1.6447550644907,-9.96998258804469
14.46,-5.24139031393992,-1.60398952204439,-9.97507570756694
14.4625,-5.24139031393992,-1.6447550644907,-9.97507570756694
14.465,-5.23629585608671,-1.6447550644907,-9.96998258804469
14.4675,-5.23629585608671,-1.63965937168491,-9.97507570756694
14.47,-5.24139031393992,-1.5988938292386,-9.97507570756694
14.4725,-5.23629585608671,-1.63965937168491,-9.97507570756694
14.475,-5.23629585608671,-1.6447550644907,-9.97507570756694
14.4775,-5.23629585608671,-1.64985075729648,-9.98016882708919
14.48,-5.23629585608671,-1.63456367887912,-9.97507570756694
14.4825,-5.2312013982335,-1.64985075729648,-9.98016882708919
14.485,-5.23629585608671,-1.64985075729648,-9.98016882708919
14.4875,-5.23629585608671,-1.6447550644907,-9.97507570756694
14.49,-5.23629585608671,-1.62437229326754,-9.97507570756694
14.4925,-5.2312013982335,-1.63965937168491,-9.98016882708919
14.495,-5.23629585608671,-1.64985075729648,-9.97507570756694
14.4975,-5.2312013982335,-1.64985075729648,-9.97507570756694
14.5,-5.2312013982335,-1.6447550644907,-9.97507570756694
14.5025,-5.23629585608671,-1.60398952204439,-9.97507570756694
14.505,-5.2312013982335,-1.64985075729648,-9.97507570756694
14.5075,-5.2312013982335,-1.6447550644907,-9.96998258804469
14.51,-5.23629585608671,-1.6447550644907,-9.96998258804469
14.5125,-5.2312013982335,-1.62946798607333,-9.96998258804469
14.515,-5.2312013982335,-1.64985075729648,-9.97507570756694
14.5175,-5.23629585608671,-1.65494645010227,-9.97507570756694
14.52,-5.23629585608671,-1.65494645010227,-9.96998258804469
14.5225,-5.2312013982335,-1.60908521485018,-9.97507570756694
14.525,-5.2312013982335,-1.64985075729648,-9.97507570756694
14.5275,-5.23629585608671,-1.64985075729648,-9.97507570756694
14.53,-5.2312013982335,-1.64985075729648,-9.97507570756694
14.5325,-5.23629585608671,-1.60908521485018,-9.98016882708919
14.535,-5.23629585608671,-1.65494645010227,-9.97507570756694
14.5375,-5.2312013982335,-1.65494645010227,-9.97507570756694
14.54,-5.23629585608671,-1.65494645010227,-9.98016882708919
14.5425,-5.23629585608671,-1.63456367887912,-9.97507570756694
14.545,-5.2312013982335,-1.65494645010227,-9.97507570756694
14.5475,-5.2312013982335,-1.64985075729648,-9.97507570756694
14.55,-5.23629585608671,-1.64985075729648,-9.97507570756694
14.5525,-5.23629585608671,-1.60908521485018,-9.97507570756694
14.555,-5.23629585608671,-1.65494645010227,-9.97507570756694
14.5575,-5.23629585608671,-1.66004214290806,-9.97507570756694
14.56,-5.23629585608671,-1.66004214290806,-9.96998258804469
14.5625,-5.2312013982335,-1.63965937168491,-9.97507570756694
14.565,-5.2312013982335,-1.65494645010227,-9.97507570756694
14.5675,-5.23629585608671,-1.65494645010227,-9.96998258804469
14.57,-5.2312013982335,-1.65494645010227,-9.97507570756694
14.5725,-5.23629585608671,-1.66004214290806,-9.96998258804469
14.575,-5.23629585608671,-1.66004214290806,-9.96998258804469
14.5775,-5.2312013982335,-1.66513783571385,-9.97507570756694
14.58,-5.2312013982335,-1.66513783571385,-9.97507570756694
14.5825,-5.23629585608671,-1.63965937168491,-9.98016882708919
14.585,-5.2312013982335,-1.66513783571385,-9.97507570756694
14.5875,-5.2312013982335,-1.66004214290806,-9.98016882708919
14.59,-5.23629585608671,-1.66004214290806,-9.98016882708919
14.5925,-5.2312013982335,-1.61927660046175,-9.98016882708919
14.595,-5.23629585608671,-1.66513783571385,-9.98016882708919
14.5975,-5.23629585608671,-1.66513783571385,-9.97507570756694
14.6,-5.23629585608671,-1.66513783571385,-9.97507570756694
14.6025,-5.2312013982335,-1.62437229326754,-9.97507570756694
14.605,-5.23629585608671,-1.66004214290806,-9.97507570756694
14.6075,-5.24139031393992,-1.66004214290806,-9.97507570756694
14.61,-5.2312013982335,-1.66513783571385,-9.96998258804469
14.6125,-5.23629585608671,-1.61927660046175,-9.96998258804469
14.615,-5.24139031393992,-1.66513783571385,-9.96998258804469
14.6175,-5.23629585608671,-1.67023352851964,-9.96998258804469
14.62,-5.23629585608671,-1.67023352851964,-9.97507570756694
14.6225,-5.23629585608671,-1.6447550644907,-9.97507570756694
14.625,-5.24139031393992,-1.66513783571385,-9.96998258804469
14.6275,-5.23629585608671,-1.66513783571385,-9.96998258804469
14.63,-5.24139031393992,-1.66513783571385,-9.97507570756694
14.6325,-5.24139031393992,-1.6447550644907,-9.97507570756694
14.635,-5.24139031393992,-1.67023352851964,-9.97507570756694
14.6375,-5.24139031393992,-1.67532922132543,-9.98016882708919
14.64,-5.24139031393992,-1.67023352851964,-9.98016882708919
14.6425,-5.23629585608671,-1.6447550644907,-9.98016882708919
14.645,-5.23629585608671,-1.66513783571385,-9.98016882708919
14.6475,-5.23629585608671,-1.66513783571385,-9.97507570756694
14.65,-5.24139031393992,-1.66513783571385,-9.97507570756694
14.6525,-5.24139031393992,-1.6447550644907,-9.97507570756694
14.655,-5.24648477179313,-1.67023352851964,-9.97507570756694
14.6575,-5.24648477179313,-1.67023352851964,-9.97507570756694
14.66,-5.24139031393992,-1.67023352851964,-9.97507570756694
14.6625,-5.24139031393992,-1.61927660046175,-9.97507570756694
14.665,-5.24648477179313,-1.66513783571385,-9.96998258804469
14.6675,-5.24139031393992,-1.66513783571385,-9.96998258804469
14.67,-5.24648477179313,-1.67023352851964,-9.96998258804469
14.6725,-5.24648477179313,-1.62437229326754,-9.96998258804469
14.675,-5.24139031393992,-1.67532922132543,-9.96998258804469
14.6775,-5.24648477179313,-1.67532922132543,-9.97507570756694
14.68,-5.25157922964634,-1.67023352851964,-9.97507570756694
14.6825,-5.24139031393992,-1.64985075729648,-9.97507570756694
14.685,-5.24139031393992,-1.66513783571385,-9.97507570756694
14.6875,-5.24648477179313,-1.66513783571385,-9.97507570756694
14.69,-5.24648477179313,-1.67023352851964,-9.97507570756694
14.6925,-5.24139031393992,-1.63456367887912,-9.98016882708919
14.695,-5.24648477179313,-1.67532922132543,-9.98016882708919
14.6975,-5.24648477179313,-1.67532922132543,-9.97507570756694
14.7,-5.24139031393992,-1.67023352851964,-9.97507570756694
14.7025,-5.24648477179313,-1.6447550644907,-9.97507570756694
14.705,-5.24648477179313,-1.66513783571385,-9.97507570756694
14.7075,-5.24139031393992,-1.67023352851964,-9.96998258804469
14.71,-5.24648477179313,-1.67023352851964,-9.97507570756694
14.7125,-5.25157922964634,-1.64985075729648,-9.97507570756694
14.715,-5.24648477179313,-1.67532922132543,-9.96998258804469
14.7175,-5.24139031393992,-1.67023352851964,-9.97507570756694
14.72,-5.24648477179313,-1.67023352851964,-9.97507570756694
14.7225,-5.24648477179313,-1.64985075729648,-9.97507570756694
14.725,-5.24648477179313,-1.67023352851964,-9.96998258804469
14.7275,-5.25157922964634,-1.67023352851964,-9.97507570756694
14.73,-5.24648477179313,-1.67532922132543,-9.97507570756694
14.7325,-5.24648477179313,-1.63456367887912,-9.97507570756694
14.735,-5.24648477179313,-1.67532922132543,-9.98016882708919
14.7375,-5.24648477179313,-1.67532922132543,-9.98016882708919
14.74,-5.24139031393992,-1.67023352851964,-9.98016882708919
14.7425,-5.24139031393992,-1.64985075729648,-9.98016882708919
14.745,-5.24648477179313,-1.67023352851964,-9.98016882708919
14.7475,-5.24648477179313,-1.67532922132543,-9.97507570756694
14.75,-5.24139031393992,-1.67532922132543,-9.97507570756694
14.7525,-5.24648477179313,-1.65494645010227,-9.97507570756694
14.755,-5.24648477179313,-1.67532922132543,-9.97507570756694
14.7575,-5.24648477179313,-1.67023352851964,-9.97507570756694
14.76,-5.24648477179313,-1.67023352851964,-9.97507570756694
14.7625,-5.24648477179313,-1.67023352851964,-9.97507570756694
14.765,-5.24139031393992,-1.67023352851964,-9.97507570756694
14.7675,-5.24648477179313,-1.67532922132543,-9.97507570756694
14.77,-5.25157922964634,-1.68042491413121,-9.96998258804469
14.7725,-5.24648477179313,-1.65494645010227,-9.97507570756694
14.775,-5.24648477179313,-1.67023352851964,-9.97507570756694
14.7775,-5.25157922964634,-1.67023352851964,-9.97507570756694
14.78,-5.24648477179313,-1.67023352851964,-9.97507570756694
14.7825,-5.24139031393992,-1.6447550644907,-9.98016882708919
14.785,-5.24648477179313,-1.67023352851964,-9.97507570756694
14.7875,-5.24648477179313,-1.67532922132543,-9.97507570756694
14.79,-5.24139031393992,-1.67532922132543,-9.98016882708919
14.7925,-5.24648477179313,-1.64985075729648,-9.98016882708919
14.795,-5.24648477179313,-1.67532922132543,-9.98016882708919
14.7975,-5.24648477179313,-1.66513783571385,-9.98016882708919
14.8,-5.24648477179313,-1.66513783571385,-9.97507570756694
14.8025,-5.24648477179313,-1.6447550644907,-9.97507570756694
14.805,-5.24648477179313,-1.67023352851964,-9.97507570756694
14.8075,-5.24648477179313,-1.67023352851964,-9.97507570756694
14.81,-5.24648477179313,-1.67532922132543,-9.97507570756694
14.8125,-5.24139031393992,-1.67532922132543,-9.96998258804469
14.815,-5.24139031393992,-1.67023352851964,-9.97507570756694
14.8175,-5.24648477179313,-1.67023352851964,-9.96998258804469
14.82,-5.24139031393992,-1.66513783571385,-9.97507570756694
14.8225,-5.24139031393992,-1.6447550644907,-9.97507570756694
14.825,-5.24648477179313,-1.67023352851964,-9.97507570756694
14.8275,-5.24139031393992,-1.67532922132543,-9.97507570756694
14.83,-5.24139031393992,-1.67532922132543,-9.98016882708919
14.8325,-5.24648477179313,-1.64985075729648,-9.98016882708919
14.835,-5.24139031393992,-1.67532922132543,-9.98016882708919
14.8375,-5.24139031393992,-1.67023352851964,-9.98016882708919
14.84,-5.24139031393992,-1.67023352851964,-9.98016882708919
14.8425,-5.24139031393992,-1.67023352851964,-9.97507570756694
14.845,-5.23629585608671,-1.67023352851964,-9.98016882708919
14.8475,-5.24139031393992,-1.67532922132543,-9.98016882708919
14.85,-5.24139031393992,-1.67532922132543,-9.97507570756694
14.8525,-5.23629585608671,-1.64985075729648,-9.97507570756694
14.855,-5.24139031393992,-1.66513783571385,-9.97507570756694
14.8575,-5.24139031393992,-1.67023352851964,-9.97507570756694
14.86,-5.23629585608671,-1.67023352851964,-9.97507570756694
14.8625,-5.24139031393992,-1.6447550644907,-9.97507570756694
14.865,-5.24648477179313,-1.67532922132543,-9.97507570756694
14.8675,-5.24139031393992,-1.67532922132543,-9.96998258804469
14.87,-5.23629585608671,-1.67532922132543,-9.97507570756694
14.8725,-5.24139031393992,-1.65494645010227,-9.96998258804469
14.875,-5.23629585608671,-1.67532922132543,-9.96998258804469
14.8775,-5.23629585608671,-1.67023352851964,-9.97507570756694
14.88,-5.24139031393992,-1.66513783571385,-9.97507570756694
14.8825,-5.23629585608671,-1.65494645010227,-9.97507570756694
14.885,-5.23629585608671,-1.67532922132543,-9.98016882708919
14.8875,-5.24139031393992,-1.68042491413121,-9.98016882708919
14.89,-5.2312013982335,-1.68042491413121,-9.98016882708919
14.8925,-5.2312013982335,-1.64985075729648,-9.98016882708919
14.895,-5.23629585608671,-1.67023352851964,-9.98016882708919
14.8975,-5.23629585608671,-1.67023352851964,-9.97507570756694
14.9,-5.2312013982335,-1.67023352851964,-9.97507570756694
14.9025,-5.23629585608671,-1.65494645010227,-9.97507570756694
14.905,-5.23629585608671,-1.68042491413121,-9.97507570756694
14.9075,-5.2312013982335,-1.68042491413121,-9.97507570756694
14.91,-5.2312013982335,-1.67532922132543,-9.97507570756694
14.9125,-5.2312013982335,-1.63456367887912,-9.97507570756694
14.915,-5.2312013982335,-1.67532922132543,-9.97507570756694
14.9175,-5.2312013982335,-1.67023352851964,-9.96998258804469
14.92,-5.23629585608671,-1.67532922132543,-9.97507570756694
14.9225,-5.2312013982335,-1.63456367887912,-9.97507570756694
14.925,-5.2312013982335,-1.67532922132543,-9.97507570756694
14.9275,-5.2312013982335,-1.68042491413121,-9.97507570756694
14.93,-5.2312013982335,-1.68042491413121,-9.97507570756694
14.9325,-5.2312013982335,-1.63456367887912,-9.97507570756694
14.935,-5.2312013982335,-1.67532922132543,-9.97507570756694
14.9375,-5.22610694038028,-1.68042491413121,-9.97507570756694
14.94,-5.22610694038028,-1.67023352851964,-9.98016882708919
14.9425,-5.2312013982335,-1.65494645010227,-9.98016882708919
14.945,-5.19044573540781,-1.68042491413121,-9.98016882708919
14.9475,-5.22101248252707,-1.68042491413121,-9.97507570756694
14.95,-5.22610694038028,-1.68042491413121,-9.98016882708919
14.9525,-5.22101248252707,-1.68042491413121,-9.98016882708919
14.955,-5.22101248252707,-1.67532922132543,-9.98526194661144
14.9575,-5.22610694038028,-1.67532922132543,-9.98016882708919
14.96,-5.22101248252707,-1.67532922132543,-9.98526194661144
14.9625,-5.22101248252707,-1.63965937168491,-9.97507570756694
14.965,-5.22610694038028,-1.68042491413121,-9.97507570756694
14.9675,-5.22610694038028,-1.685520606937,-9.97507570756694
14.97,-5.22101248252707,-1.68042491413121,-9.96998258804469
14.9725,-5.22101248252707,-1.63456367887912,-9.97507570756694
14.975,-5.22101248252707,-1.68042491413121,-9.96998258804469
14.9775,-5.22101248252707,-1.68042491413121,-9.96998258804469
14.98,-5.22610694038028,-1.68042491413121,-9.97507570756694
14.9825,-5.22101248252707,-1.6447550644907,-9.96998258804469
14.985,-5.22101248252707,-1.685520606937,-9.97507570756694
14.9875,-5.22101248252707,-1.685520606937,-9.97507570756694
14.99,-5.22101248252707,-1.685520606937,-9.97507570756694
14.9925,-5.21591802467386,-1.63965937168491,-9.97507570756694
14.995,-5.21591802467386,-1.68042491413121,-9.98016882708919
14.9975,-5.22101248252707,-1.685520606937,-9.97507570756694
15,-5.21591802467386,-1.69061629974279,-9.97507570756694
15.0025,-5.21591802467386,-1.6447550644907,-9.98016882708919
15.005,-5.21591802467386,-1.685520606937,-9.97507570756694
15.0075,-5.21082356682065,-1.685520606937,-9.98016882708919
15.01,-5.21082356682065,-1.685520606937,-9.97507570756694
15.0125,-5.21591802467386,-1.63965937168491,-9.97507570756694
15.015,-5.21591802467386,-1.685520606937,-9.97507570756694
15.0175,-5.21591802467386,-1.685520606937,-9.97507570756694
15.02,-5.21591802467386,-1.685520606937,-9.97507570756694
15.0225,-5.21591802467386,-1.67023352851964,-9.96998258804469
15.025,-5.21082356682065,-1.69061629974279,-9.97507570756694
15.0275,-5.21591802467386,-1.685520606937,-9.97507570756694
15.03,-5.21591802467386,-1.69061629974279,-9.96998258804469
15.0325,-5.21082356682065,-1.66513783571385,-9.96998258804469
15.035,-5.21082356682065,-1.68042491413121,-9.97507570756694
15.0375,-5.21591802467386,-1.69061629974279,-9.96998258804469
15.04,-5.21082356682065,-1.69061629974279,-9.96998258804469
15.0425,-5.21082356682065,-1.67023352851964,-9.97507570756694
15.045,-5.21082356682065,-1.69061629974279,-9.97507570756694
15.0475,-5.21082356682065,-1.69061629974279,-9.97507570756694
15.05,-5.21082356682065,-1.685520606937,-9.97507570756694
15.0525,-5.21082356682065,-1.66004214290806,-9.98016882708919
15.055,-5.21082356682065,-1.685520606937,-9.97507570756694
15.0575,-5.21082356682065,-1.69061629974279,-9.98016882708919
15.06,-5.21591802467386,-1.69061629974279,-9.98016882708919
15.0625,-5.19044573540781,-1.67023352851964,-9.97507570756694
15.065,-5.21082356682065,-1.69061629974279,-9.98016882708919
15.0675,-5.21082356682065,-1.69061629974279,-9.97507570756694
15.07,-5.21082356682065,-1.69061629974279,-9.97507570756694
15.0725,-5.21082356682065,-1.685520606937,-9.97507570756694
15.075,-5.21082356682065,-1.69061629974279,-9.97507570756694
15.0775,-5.21591802467386,-1.69061629974279,-9.97507570756694
15.08,-5.21591802467386,-1.69061629974279,-9.96998258804469
15.0825,-5.21082356682065,-1.67023352851964,-9.97507570756694
15.085,-5.21082356682065,-1.69061629974279,-9.97507570756694
15.0875,-5.21082356682065,-1.69061629974279,-9.96998258804469
15.09,-5.21082356682065,-1.685520606937,-9.97507570756694
15.0925,-5.21082356682065,-1.66513783571385,-9.96998258804469
15.095,-5.21082356682065,-1.69061629974279,-9.96998258804469
15.0975,-5.21082356682065,-1.69061629974279,-9.97507570756694
15.1,-5.21591802467386,-1.69061629974279,-9.97507570756694
15.1025,-5.21082356682065,-1.70080768535437,-9.97507570756694
15.105,-5.21082356682065,-1.69571199254858,-9.97507570756694
15.1075,-5.21082356682065,-1.69061629974279,-9.97507570756694
15.11,-5.21082356682065,-1.69061629974279,-9.97507570756694
15.1125,-5.21082356682065,-1.69061629974279,-9.98016882708919
15.115,-5.21082356682065,-1.69061629974279,-9.98016882708919
15.1175,-5.21082356682065,-1.69571199254858,-9.98526194661144
15.12,-5.21082356682065,-1.69571199254858,-9.97507570756694
15.1225,-5.21591802467386,-1.70080768535437,-9.98016882708919
15.125,-5.21591802467386,-1.69061629974279,-9.97507570756694
15.1275,-5.21082356682065,-1.69061629974279,-9.97507570756694
15.13,-5.21082356682065,-1.69061629974279,-9.97507570756694
15.1325,-5.21591802467386,-1.67023352851964,-9.96998258804469
15.135,-5.21082356682065,-1.69571199254858,-9.96998258804469
15.1375,-5.21591802467386,-1.69571199254858,-9.97507570756694
15.14,-5.22101248252707,-1.70080768535437,-9.97507570756694
15.1425,-5.21591802467386,-1.65494645010227,-9.97507570756694
15.145,-5.21591802467386,-1.69061629974279,-9.97507570756694
15.1475,-5.21591802467386,-1.69571199254858,-9.96998258804469
15.15,-5.21591802467386,-1.69061629974279,-9.97507570756694
15.1525,-5.21082356682065,-1.67023352851964,-9.97507570756694
15.155,-5.21591802467386,-1.69061629974279,-9.97507570756694
15.1575,-5.21591802467386,-1.70080768535437,-9.97507570756694
15.16,-5.21591802467386,-1.70590337816015,-9.98016882708919
15.1625,-5.21591802467386,-1.66004214290806,-9.98016882708919
15.165,-5.21082356682065,-1.70080768535437,-9.98016882708919
15.1675,-5.21082356682065,-1.70080768535437,-9.98016882708919
15.17,-5.21082356682065,-1.69061629974279,-9.98016882708919
15.1725,-5.21591802467386,-1.69571199254858,-9.97507570756694
15.175,-5.21591802467386,-1.70080768535437,-9.97507570756694
15.1775,-5.21591802467386,-1.69571199254858,-9.97507570756694
15.18,-5.22101248252707,-1.70590337816015,-9.97507570756694
15.1825,-5.21591802467386,-1.66004214290806,-9.97507570756694
15.185,-5.21591802467386,-1.70080768535437,-9.97507570756694
15.1875,-5.22101248252707,-1.70080768535437,-9.97507570756694
15.19,-5.21591802467386,-1.69571199254858,-9.96998258804469
15.1925,-5.21591802467386,-1.67532922132543,-9.96998258804469
15.195,-5.22101248252707,-1.69571199254858,-9.96998258804469
15.1975,-5.22101248252707,-1.70590337816015,-9.96998258804469
15.2,-5.21591802467386,-1.70590337816015,-9.97507570756694
15.2025,-5.22101248252707,-1.70590337816015,-9.97507570756694
15.205,-5.22101248252707,-1.70590337816015,-9.97507570756694
15.2075,-5.21591802467386,-1.70590337816015,-9.96998258804469
15.21,-5.21591802467386,-1.70080768535437,-9.97507570756694
15.2125,-5.22101248252707,-1.68042491413121,-9.97507570756694
15.215,-5.21591802467386,-1.70590337816015,-9.97507570756694
15.2175,-5.21591802467386,-1.70590337816015,-9.97507570756694
15.22,-5.22101248252707,-1.71099907096594,-9.98016882708919
15.2225,-5.21591802467386,-1.67023352851964,-9.98016882708919
15.225,-5.21591802467386,-1.70590337816015,-9.98016882708919
15.2275,-5.21591802467386,-1.70590337816015,-9.98016882708919
15.23,-5.21591802467386,-1.70590337816015,-9.97507570756694
15.2325,-5.21591802467386,-1.66004214290806,-9.97507570756694
15.235,-5.21591802467386,-1.70590337816015,-9.97507570756694
15.2375,-5.22101248252707,-1.71099907096594,-9.97507570756694
15.24,-5.22101248252707,-1.71099907096594,-9.97507570756694
15.2425,-5.22101248252707,-1.66513783571385,-9.97507570756694
15.245,-5.22101248252707,-1.70590337816015,-9.97507570756694
15.2475,-5.21591802467386,-1.70590337816015,-9.97507570756694
15.25,-5.22101248252707,-1.70080768535437,-9.97507570756694
15.2525,-5.22101248252707,-1.68042491413121,-9.96998258804469
15.255,-5.21591802467386,-1.70590337816015,-9.96998258804469
15.2575,-5.22101248252707,-1.70590337816015,-9.97507570756694
15.26,-5.22101248252707,-1.70590337816015,-9.97507570756694
15.2625,-5.22101248252707,-1.66513783571385,-9.97507570756694
15.265,-5.22101248252707,-1.67023352851964,-9.97507570756694
15.2675,-5.22101248252707,-1.70590337816015,-9.97507570756694
15.27,-5.22101248252707,-1.70590337816015,-9.97507570756694
15.2725,-5.21591802467386,-1.66513783571385,-9.97507570756694
15.275,-5.22101248252707,-1.70590337816015,-9.98016882708919
15.2775,-5.22101248252707,-1.70590337816015,-9.97507570756694
15.28,-5.22101248252707,-1.71099907096594,-9.97507570756694
15.2825,-5.22101248252707,-1.685520606937,-9.98016882708919
15.285,-5.22101248252707,-1.70590337816015,-9.97507570756694
15.2875,-5.22101248252707,-1.70080768535437,-9.97507570756694
15.29,-5.22101248252707,-1.70080768535437,-9.97507570756694
15.2925,-5.21591802467386,-1.685520606937,-9.97507570756694
15.295,-5.22101248252707,-1.70590337816015,-9.97507570756694
15.2975,-5.22101248252707,-1.70590337816015,-9.97507570756694
15.3,-5.22101248252707,-1.70590337816015,-9.97507570756694
15.3025,-5.22101248252707,-1.685520606937,-9.96998258804469
15.305,-5.22101248252707,-1.70590337816015,-9.97507570756694
15.3075,-5.22101248252707,-1.70080768535437,-9.97507570756694
15.31,-5.22101248252707,-1.70590337816015,-9.96998258804469
15.3125,-5.22101248252707,-1.685520606937,-9.96998258804469
15.315,-5.22101248252707,-1.70590337816015,-9.97507570756694
15.3175,-5.22101248252707,-1.71099907096594,-9.96998258804469
15.32,-5.22610694038028,-1.71099907096594,-9.97507570756694
15.3225,-5.22101248252707,-1.685520606937,-9.97507570756694
15.325,-5.22101248252707,-1.70590337816015,-9.97507570756694
15.3275,-5.21591802467386,-1.70590337816015,-9.97507570756694
15.33,-5.22101248252707,-1.70590337816015,-9.97507570756694
15.3325,-5.22610694038028,-1.70590337816015,-9.97507570756694
15.335,-5.22101248252707,-1.71099907096594,-9.97507570756694
15.3375,-5.22101248252707,-1.71099907096594,-9.98016882708919
15.34,-5.22101248252707,-1.70590337816015,-9.98016882708919
15.3425,-5.22101248252707,-1.70590337816015,-9.97507570756694
15.345,-5.22101248252707,-1.70590337816015,-9.97507570756694
15.3475,-5.22101248252707,-1.70080768535437,-9.97507570756694
15.35,-5.22610694038028,-1.70080768535437,-9.97507570756694
15.3525,-5.22101248252707,-1.685520606937,-9.96998258804469
15.355,-5.22610694038028,-1.70590337816015,-9.97507570756694
15.3575,-5.2312013982335,-1.70590337816015,-9.97507570756694
15.36,-5.22101248252707,-1.71099907096594,-9.96998258804469
15.3625,-5.22101248252707,-1.685520606937,-9.97507570756694
15.365,-5.22610694038028,-1.70080768535437,-9.96998258804469
15.3675,-5.22101248252707,-1.70590337816015,-9.96998258804469
15.37,-5.22101248252707,-1.70590337816015,-9.96998258804469
15.3725,-5.22610694038028,-1.685520606937,-9.97507570756694
15.375,-5.22610694038028,-1.71099907096594,-9.96998258804469
15.3775,-5.22101248252707,-1.71099907096594,-9.97507570756694
15.38,-5.22610694038028,-1.71099907096594,-9.97507570756694
15.3825,-5.22101248252707,-1.685520606937,-9.97507570756694
15.385,-5.22101248252707,-1.70590337816015,-9.97507570756694
15.3875,-5.22101248252707,-1.70590337816015,-9.97507570756694
15.39,-5.22610694038028,-1.71099907096594,-9.97507570756694
15.3925,-5.22101248252707,-1.66513783571385,-9.97507570756694
15.395,-5.22101248252707,-1.71099907096594,-9.98016882708919
15.3975,-5.22610694038028,-1.71099907096594,-9.98016882708919
15.4,-5.22101248252707,-1.70590337816015,-9.97507570756694
15.4025,-5.22101248252707,-1.685520606937,-9.97507570756694
15.405,-5.22610694038028,-1.70590337816015,-9.97507570756694
15.4075,-5.22101248252707,-1.70590337816015,-9.96998258804469
15.41,-5.22101248252707,-1.70590337816015,-9.97507570756694
15.4125,-5.22610694038028,-1.66513783571385,-9.97507570756694
15.415,-5.22101248252707,-1.71099907096594,-9.96998258804469
15.4175,-5.21591802467386,-1.70590337816015,-9.96998258804469
15.42,-5.22101248252707,-1.70590337816015,-9.97507570756694
15.4225,-5.22610694038028,-1.70590337816015,-9.96998258804469
15.425,-5.22101248252707,-1.70590337816015,-9.96998258804469
15.4275,-5.22101248252707,-1.70590337816015,-9.97507570756694
15.43,-5.22610694038028,-1.70590337816015,-9.96998258804469
15.4325,-5.22101248252707,-1.71099907096594,-9.96998258804469
15.435,-5.22101248252707,-1.69061629974279,-9.97507570756694
15.4375,-5.22610694038028,-1.71099907096594,-9.97507570756694
15.44,-5.22101248252707,-1.71609476377173,-9.97507570756694
15.4425,-5.22101248252707,-1.70590337816015,-9.97507570756694
15.445,-5.22101248252707,-1.70590337816015,-9.98016882708919
15.4475,-5.22101248252707,-1.70590337816015,-9.97507570756694
15.45,-5.21591802467386,-1.70590337816015,-9.98016882708919
15.4525,-5.22101248252707,-1.71099907096594,-9.98016882708919
15.455,-5.21591802467386,-1.69061629974279,-9.97507570756694
15.4575,-5.21591802467386,-1.70590337816015,-9.97507570756694
15.46,-5.21591802467386,-1.70590337816015,-9.97507570756694
15.4625,-5.22101248252707,-1.70590337816015,-9.97507570756694
15.465,-5.21591802467386,-1.68042491413121,-9.97507570756694
15.4675,-5.22101248252707,-1.70590337816015,-9.97507570756694
15.47,-5.22101248252707,-1.71099907096594,-9.96998258804469
15.4725,-5.21591802467386,-1.71609476377173,-9.97507570756694
15.475,-5.21591802467386,-1.71099907096594,-9.97507570756694
15.4775,-5.22101248252707,-1.71099907096594,-9.97507570756694
15.48,-5.21591802467386,-1.71099907096594,-9.96998258804469
15.4825,-5.21591802467386,-1.70590337816015,-9.97507570756694
15.485,-5.21591802467386,-1.66513783571385,-9.97507570756694
15.4875,-5.21591802467386,-1.71099907096594,-9.96998258804469
15.49,-5.21082356682065,-1.71609476377173,-9.97507570756694
15.4925,-5.21591802467386,-1.71099907096594,-9.97507570756694
15.495,-5.21591802467386,-1.69061629974279,-9.97507570756694
15.4975,-5.21591802467386,-1.71099907096594,-9.98016882708919
15.5,-5.21591802467386,-1.70590337816015,-9.98016882708919
15.5025,-5.21591802467386,-1.70590337816015,-9.98016882708919
15.505,-5.21082356682065,-1.66513783571385,-9.98016882708919
15.5075,-5.21591802467386,-1.71099907096594,-9.97507570756694
15.51,-5.21082356682065,-1.71609476377173,-9.97507570756694
15.5125,-5.21082356682065,-1.71099907096594,-9.97507570756694
15.515,-5.21082356682065,-1.69061629974279,-9.98016882708919
15.5175,-5.21591802467386,-1.71099907096594,-9.97507570756694
15.52,-5.21082356682065,-1.70590337816015,-9.97507570756694
15.5225,-5.21082356682065,-1.70590337816015,-9.97507570756694
15.525,-5.21591802467386,-1.66513783571385,-9.97507570756694
15.5275,-5.21082356682065,-1.71609476377173,-9.96998258804469
15.53,-5.21082356682065,-1.71099907096594,-9.97507570756694
15.5325,-5.21082356682065,-1.71099907096594,-9.97507570756694
15.535,-5.21082356682065,-1.71099907096594,-9.96998258804469
15.5375,-5.20572910896744,-1.70590337816015,-9.97507570756694
15.54,-5.21082356682065,-1.70590337816015,-9.96998258804469
15.5425,-5.21082356682065,-1.71099907096594,-9.96998258804469
15.545,-5.20572910896744,-1.71609476377173,-9.97507570756694
15.5475,-5.21082356682065,-1.71609476377173,-9.97507570756694
15.55,-5.21082356682065,-1.71609476377173,-9.97507570756694
15.5525,-5.20572910896744,-1.71609476377173,-9.97507570756694
15.555,-5.20572910896744,-1.67023352851964,-9.98016882708919
15.5575,-5.20572910896744,-1.71099907096594,-9.98016882708919
15.56,-5.20063465111423,-1.71099907096594,-9.97507570756694
15.5625,-5.20063465111423,-1.71099907096594,-9.98016882708919
15.565,-5.21082356682065,-1.67532922132543,-9.98016882708919
15.5675,-5.20063465111423,-1.72119045657752,-9.98016882708919
15.57,-5.20063465111423,-1.71609476377173,-9.98526194661144
15.5725,-5.20572910896744,-1.71099907096594,-9.98016882708919
15.575,-5.20063465111423,-1.69061629974279,-9.97507570756694
15.5775,-5.20063465111423,-1.71099907096594,-9.97507570756694
15.58,-5.20063465111423,-1.71099907096594,-9.97507570756694
15.5825,-5.20572910896744,-1.72119045657752,-9.96998258804469
15.585,-5.20063465111423,-1.70080768535437,-9.97507570756694
15.5875,-5.20572910896744,-1.71609476377173,-9.97507570756694
15.59,-5.20063465111423,-1.72119045657752,-9.96998258804469
15.5925,-5.20063465111423,-1.71609476377173,-9.96998258804469
15.595,-5.20063465111423,-1.67023352851964,-9.97507570756694
15.5975,-5.20572910896744,-1.71609476377173,-9.96998258804469
15.6,-5.20063465111423,-1.71609476377173,-9.97507570756694
15.6025,-5.20572910896744,-1.72628614938331,-9.97507570756694
15.605,-5.20063465111423,-1.70590337816015,-9.97507570756694
15.6075,-5.20063465111423,-1.72628614938331,-9.97507570756694
15.61,-5.19554019326102,-1.72119045657752,-9.98016882708919
15.6125,-5.20572910896744,-1.71609476377173,-9.98016882708919
15.615,-5.19554019326102,-1.72119045657752,-9.98016882708919
15.6175,-5.20063465111423,-1.71609476377173,-9.98016882708919
15.62,-5.20063465111423,-1.71609476377173,-9.98016882708919
15.6225,-5.20063465111423,-1.72628614938331,-9.97507570756694
15.625,-5.19554019326102,-1.72628614938331,-9.98016882708919
15.6275,-5.19554019326102,-1.72119045657752,-9.97507570756694
15.63,-5.19554019326102,-1.72119045657752,-9.97507570756694
15.6325,-5.19554019326102,-1.71609476377173,-9.97507570756694
15.635,-5.20063465111423,-1.69571199254858,-9.97507570756694
15.6375,-5.20063465111423,-1.72119045657752,-9.96998258804469
15.64,-5.19554019326102,-1.72119045657752,-9.97507570756694
15.6425,-5.19554019326102,-1.72628614938331,-9.96998258804469
15.645,-5.20063465111423,-1.69061629974279,-9.96998258804469
15.6475,-5.20063465111423,-1.72628614938331,-9.97507570756694
15.65,-5.19554019326102,-1.72119045657752,-9.97507570756694
15.6525,-5.20063465111423,-1.72119045657752,-9.96998258804469
15.655,-5.19554019326102,-1.68042491413121,-9.97507570756694
15.6575,-5.19554019326102,-1.72119045657752,-9.97507570756694
15.66,-5.20063465111423,-1.7313818421891,-9.98016882708919
15.6625,-5.19554019326102,-1.7313818421891,-9.97507570756694
15.665,-5.19554019326102,-1.72628614938331,-9.97507570756694
15.6675,-5.19554019326102,-1.72628614938331,-9.98016882708919
15.67,-5.19554019326102,-1.72628614938331,-9.98016882708919
15.6725,-5.19554019326102,-1.72628614938331,-9.98016882708919
15.675,-5.19554019326102,-1.70590337816015,-9.98016882708919
15.6775,-5.19554019326102,-1.7313818421891,-9.97507570756694
15.68,-5.19554019326102,-1.7313818421891,-9.97507570756694
15.6825,-5.19554019326102,-1.7313818421891,-9.97507570756694
15.685,-5.19554019326102,-1.72628614938331,-9.97507570756694
15.6875,-5.19554019326102,-1.72628614938331,-9.97507570756694
15.69,-5.19554019326102,-1.72628614938331,-9.97507570756694
15.6925,-5.19554019326102,-1.72628614938331,-9.96998258804469
15.695,-5.19554019326102,-1.72628614938331,-9.96998258804469
15.6975,-5.19554019326102,-1.7313818421891,-9.97507570756694
15.7,-5.19554019326102,-1.7313818421891,-9.97507570756694
15.7025,-5.19554019326102,-1.73647753499489,-9.96998258804469
15.705,-5.19044573540781,-1.71099907096594,-9.97507570756694
15.7075,-5.19554019326102,-1.73647753499489,-9.97507570756694
15.71,-5.19554019326102,-1.7313818421891,-9.96998258804469
15.7125,-5.19554019326102,-1.7313818421891,-9.97507570756694
15.715,-5.19554019326102,-1.69061629974279,-9.97507570756694
15.7175,-5.19554019326102,-1.74157322780068,-9.97507570756694
15.72,-5.19044573540781,-1.73647753499489,-9.97507570756694
15.7225,-5.19554019326102,-1.74157322780068,-9.98016882708919
15.725,-5.19554019326102,-1.69061629974279,-9.97507570756694
15.7275,-5.19044573540781,-1.7313818421891,-9.98016882708919
15.73,-5.19044573540781,-1.72628614938331,-9.98016882708919
15.7325,-5.19554019326102,-1.7313818421891,-9.97507570756694
15.735,-5.19554019326102,-1.71099907096594,-9.97507570756694
15.7375,-5.19554019326102,-1.73647753499489,-9.97507570756694
15.74,-5.19554019326102,-1.73647753499489,-9.98016882708919
15.7425,-5.19554019326102,-1.7313818421891,-9.97507570756694
15.745,-5.19044573540781,-1.71099907096594,-9.97507570756694
15.7475,-5.20063465111423,-1.72628614938331,-9.97507570756694
15.75,-5.20063465111423,-1.7313818421891,-9.96998258804469
15.7525,-5.19554019326102,-1.7313818421891,-9.96998258804469
15.755,-5.20063465111423,-1.73647753499489,-9.97507570756694
15.7575,-5.19554019326102,-1.7313818421891,-9.97507570756694
15.76,-5.19554019326102,-1.73647753499489,-9.97507570756694
15.7625,-5.19554019326102,-1.7313818421891,-9.97507570756694
15.765,-5.20063465111423,-1.71099907096594,-9.97507570756694
15.7675,-5.19554019326102,-1.7313818421891,-9.97507570756694
15.77,-5.19554019326102,-1.7313818421891,-9.97507570756694
15.7725,-5.20063465111423,-1.7313818421891,-9.97507570756694
15.775,-5.19554019326102,-1.71609476377173,-9.97507570756694
15.7775,-5.19554019326102,-1.73647753499489,-9.98016882708919
15.78,-5.19554019326102,-1.7313818421891,-9.98016882708919
15.7825,-5.19554019326102,-1.7313818421891,-9.97507570756694
15.785,-5.19554019326102,-1.71099907096594,-9.98016882708919
15.7875,-5.19554019326102,-1.72628614938331,-9.98016882708919
15.79,-5.19554019326102,-1.7313818421891,-9.98016882708919
15.7925,-5.19554019326102,-1.73647753499489,-9.97507570756694
15.795,-5.20063465111423,-1.71099907096594,-9.98016882708919
15.7975,-5.20063465111423,-1.73647753499489,-9.97507570756694
15.8,-5.20063465111423,-1.7313818421891,-9.97507570756694
15.8025,-5.20063465111423,-1.72628614938331,-9.97507570756694
15.805,-5.20063465111423,-1.70590337816015,-9.96998258804469
15.8075,-5.20063465111423,-1.7313818421891,-9.97507570756694
15.81,-5.20063465111423,-1.7313818421891,-9.97507570756694
15.8125,-5.20572910896744,-1.73647753499489,-9.96998258804469
15.815,-5.20063465111423,-1.71099907096594,-9.96998258804469
15.8175,-5.20063465111423,-1.7313818421891,-9.97507570756694
15.82,-5.20572910896744,-1.7313818421891,-9.97507570756694
15.8225,-5.20063465111423,-1.73647753499489,-9.97507570756694
15.825,-5.20063465111423,-1.685520606937,-9.97507570756694
15.8275,-5.20572910896744,-1.7313818421891,-9.97507570756694
15.83,-5.20063465111423,-1.73647753499489,-9.97507570756694
15.8325,-5.20063465111423,-1.73647753499489,-9.98016882708919
15.835,-5.20572910896744,-1.73647753499489,-9.98016882708919
15.8375,-5.20063465111423,-1.73647753499489,-9.98016882708919
15.84,-5.20063465111423,-1.7313818421891,-9.98016882708919
15.8425,-5.20572910896744,-1.7313818421891,-9.98016882708919
15.845,-5.20572910896744,-1.7313818421891,-9.97507570756694
15.8475,-5.20063465111423,-1.7313818421891,-9.98016882708919
15.85,-5.20063465111423,-1.73647753499489,-9.98016882708919
15.8525,-5.20572910896744,-1.74157322780068,-9.97507570756694
15.855,-5.20572910896744,-1.74157322780068,-9.98016882708919
15.8575,-5.21082356682065,-1.73647753499489,-9.97507570756694
15.86,-5.21082356682065,-1.7313818421891,-9.97507570756694
15.8625,-5.20572910896744,-1.7313818421891,-9.96998258804469
15.865,-5.20572910896744,-1.7313818421891,-9.97507570756694
15.8675,-5.20572910896744,-1.73647753499489,-9.97507570756694
15.87,-5.21082356682065,-1.74157322780068,-9.98016882708919
15.8725,-5.20572910896744,-1.73647753499489,-9.97507570756694
15.875,-5.20572910896744,-1.71609476377173,-9.96998258804469
15.8775,-5.20572910896744,-1.73647753499489,-9.97507570756694
15.88,-5.20572910896744,-1.7313818421891,-9.97507570756694
15.8825,-5.21082356682065,-1.7313818421891,-9.97507570756694
15.885,-5.20572910896744,-1.71609476377173,-9.96998258804469
15.8875,-5.20063465111423,-1.74157322780068,-9.97507570756694
15.89,-5.21082356682065,-1.74157322780068,-9.97507570756694
15.8925,-5.20572910896744,-1.73647753499489,-9.97507570756694
15.895,-5.20063465111423,-1.73647753499489,-9.98016882708919
15.8975,-5.20572910896744,-1.74157322780068,-9.98016882708919
15.9,-5.20063465111423,-1.7313818421891,-9.97507570756694
15.9025,-5.20572910896744,-1.7313818421891,-9.98016882708919
15.905,-5.20572910896744,-1.73647753499489,-9.97507570756694
15.9075,-5.20572910896744,-1.74157322780068,-9.97507570756694
15.91,-5.20572910896744,-1.74157322780068,-9.97507570756694
15.9125,-5.21082356682065,-1.74157322780068,-9.97507570756694
15.915,-5.20572910896744,-1.69571199254858,-9.97507570756694
15.9175,-5.20572910896744,-1.73647753499489,-9.97507570756694
15.92,-5.20572910896744,-1.7313818421891,-9.97507570756694
15.9225,-5.21082356682065,-1.73647753499489,-9.97507570756694
15.925,-5.20572910896744,-1.71609476377173,-9.96998258804469
15.9275,-5.21082356682065,-1.74157322780068,-9.97507570756694
15.93,-5.21082356682065,-1.74157322780068,-9.96998258804469
15.9325,-5.20572910896744,-1.73647753499489,-9.96998258804469
15.935,-5.20572910896744,-1.73647753499489,-9.97507570756694
15.9375,-5.20572910896744,-1.74157322780068,-9.97507570756694
15.94,-5.20572910896744,-1.74157322780068,-9.97507570756694
15.9425,-5.21082356682065,-1.73647753499489,-9.97507570756694
15.945,-5.20572910896744,-1.70590337816015,-9.97507570756694
15.9475,-5.20063465111423,-1.74666892060646,-9.97507570756694
15.95,-5.20063465111423,-1.74157322780068,-9.97507570756694
15.9525,-5.20572910896744,-1.74157322780068,-9.98016882708919
15.955,-5.20063465111423,-1.69571199254858,-9.97507570756694
15.9575,-5.20572910896744,-1.73647753499489,-9.98016882708919
15.96,-5.20572910896744,-1.74666892060646,-9.97507570756694
15.9625,-5.20572910896744,-1.74666892060646,-9.97507570756694
15.965,-5.20572910896744,-1.70590337816015,-9.97507570756694
15.9675,-5.20572910896744,-1.74666892060646,-9.97507570756694
15.97,-5.20572910896744,-1.74666892060646,-9.97507570756694
15.9725,-5.20063465111423,-1.74157322780068,-9.97507570756694
15.975,-5.21082356682065,-1.69571199254858,-9.96998258804469
15.9775,-5.20572910896744,-1.74157322780068,-9.96998258804469
15.98,-5.20572910896744,-1.74666892060646,-9.97507570756694
15.9825,-5.21082356682065,-1.74666892060646,-9.96998258804469
15.985,-5.20572910896744,-1.72628614938331,-9.97507570756694
15.9875,-5.20572910896744,-1.74157322780068,-9.96998258804469
15.99,-5.20572910896744,-1.74157322780068,-9.97507570756694
15.9925,-5.19554019326102,-1.74157322780068,-9.97507570756694
15.995,-5.20063465111423,-1.72119045657752,-9.97507570756694
15.9975,-5.20572910896744,-1.74157322780068,-9.97507570756694
16,-5.20063465111423,-1.74666892060646,-9.97507570756694
16.0025,-5.20063465111423,-1.74666892060646,-9.98016882708919
16.005,-5.20572910896744,-1.72628614938331,-9.98016882708919
16.0075,-5.20063465111423,-1.74666892060646,-9.97507570756694
16.01,-5.20063465111423,-1.74157322780068,-9.98016882708919
16.0125,-5.20572910896744,-1.74666892060646,-9.97507570756694
16.015,-5.20063465111423,-1.72628614938331,-9.97507570756694
16.0175,-5.20063465111423,-1.74666892060646,-9.97507570756694
16.02,-5.20063465111423,-1.74666892060646,-9.97507570756694
16.0225,-5.20063465111423,-1.75176461341225,-9.97507570756694
16.025,-5.19554019326102,-1.72119045657752,-9.97507570756694
16.0275,-5.20063465111423,-1.74157322780068,-9.97507570756694
16.03,-5.20063465111423,-1.74157322780068,-9.96998258804469
16.0325,-5.19554019326102,-1.74157322780068,-9.97507570756694
16.035,-5.20063465111423,-1.72119045657752,-9.96998258804469
16.0375,-5.19554019326102,-1.74666892060646,-9.96998258804469
16.04,-5.19554019326102,-1.75176461341225,-9.97507570756694
16.0425,-5.20063465111423,-1.75176461341225,-9.97507570756694
16.045,-5.19554019326102,-1.70590337816015,-9.97507570756694
16.0475,-5.19554019326102,-1.74157322780068,-9.97507570756694
16.05,-5.19554019326102,-1.74157322780068,-9.96998258804469
16.0525,-5.19554019326102,-1.74666892060646,-9.97507570756694
16.055,-5.19554019326102,-1.70590337816015,-9.97507570756694
16.0575,-5.19554019326102,-1.74666892060646,-9.98016882708919
16.06,-5.19554019326102,-1.75176461341225,-9.98016882708919
16.0625,-5.19044573540781,-1.74666892060646,-9.98016882708919
16.065,-5.19554019326102,-1.70080768535437,-9.98016882708919
16.0675,-5.19554019326102,-1.74157322780068,-9.97507570756694
16.07,-5.19044573540781,-1.74157322780068,-9.97507570756694
16.0725,-5.19554019326102,-1.74157322780068,-9.97507570756694
16.075,-5.19554019326102,-1.7313818421891,-9.97507570756694
16.0775,-5.19044573540781,-1.75176461341225,-9.97507570756694
16.08,-5.19044573540781,-1.74157322780068,-9.97507570756694
16.0825,-5.19044573540781,-1.74666892060646,-9.97507570756694
16.085,-5.19044573540781,-1.71609476377173,-9.97507570756694
16.0875,-5.19044573540781,-1.74157322780068,-9.97507570756694
16.09,-5.19554019326102,-1.74157322780068,-9.96998258804469
16.0925,-5.19044573540781,-1.74666892060646,-9.96998258804469
16.095,-5.19044573540781,-1.70590337816015,-9.96998258804469
16.0975,-5.19554019326102,-1.74666892060646,-9.97507570756694
16.1,-5.19044573540781,-1.74666892060646,-9.96998258804469
16.1025,-5.19044573540781,-1.74157322780068,-9.97507570756694
16.105,-5.19044573540781,-1.72119045657752,-9.97507570756694
16.1075,-5.19044573540781,-1.74666892060646,-9.97507570756694
16.11,-5.19044573540781,-1.74666892060646,-9.97507570756694
16.1125,-5.19044573540781,-1.74666892060646,-9.97507570756694
16.115,-5.19044573540781,-1.7313818421891,-9.97507570756694
16.1175,-5.1853512775546,-1.75176461341225,-9.98016882708919
16.12,-5.1853512775546,-1.74157322780068,-9.98016882708919
16.1225,-5.19044573540781,-1.74157322780068,-9.97507570756694
16.125,-5.1853512775546,-1.72119045657752,-9.97507570756694
16.1275,-5.19044573540781,-1.74157322780068,-9.97507570756694
16.13,-5.19044573540781,-1.74157322780068,-9.97507570756694
16.1325,-5.1853512775546,-1.74666892060646,-9.96998258804469
16.135,-5.19044573540781,-1.72119045657752,-9.97507570756694
16.1375,-5.19554019326102,-1.74157322780068,-9.96998258804469
16.14,-5.1853512775546,-1.74157322780068,-9.97507570756694
16.1425,-5.19044573540781,-1.73647753499489,-9.97507570756694
16.145,-5.19044573540781,-1.74157322780068,-9.96998258804469
16.1475,-5.1853512775546,-1.74157322780068,-9.96998258804469
16.15,-5.1853512775546,-1.74157322780068,-9.96998258804469
16.1525,-5.19044573540781,-1.74666892060646,-9.97507570756694
16.155,-5.1853512775546,-1.74666892060646,-9.96998258804469
16.1575,-5.1853512775546,-1.74666892060646,-9.97507570756694
16.16,-5.19044573540781,-1.74666892060646,-9.97507570756694
16.1625,-5.1853512775546,-1.74157322780068,-9.97507570756694
16.165,-5.1853512775546,-1.71609476377173,-9.97507570756694
16.1675,-5.19044573540781,-1.74157322780068,-9.97507570756694
16.17,-5.1853512775546,-1.75176461341225,-9.97507570756694
16.1725,-5.1853512775546,-1.74666892060646,-9.98016882708919
16.175,-5.1853512775546,-1.70590337816015,-9.98016882708919
16.1775,-5.1853512775546,-1.74666892060646,-9.97507570756694
16.18,-5.18025681970139,-1.74666892060646,-9.97507570756694
16.1825,-5.1853512775546,-1.74157322780068,-9.97507570756694
16.185,-5.19044573540781,-1.69571199254858,-9.97507570756694
16.1875,-5.1853512775546,-1.74666892060646,-9.97507570756694
16.19,-5.1853512775546,-1.74666892060646,-9.97507570756694
16.1925,-5.1853512775546,-1.75686030621804,-9.97507570756694
16.195,-5.1853512775546,-1.70590337816015,-9.97507570756694
16.1975,-5.1853512775546,-1.74666892060646,-9.97507570756694
16.2,-5.19044573540781,-1.74157322780068,-9.97507570756694
16.2025,-5.1853512775546,-1.74157322780068,-9.96998258804469
16.205,-5.19044573540781,-1.69571199254858,-9.97507570756694
16.2075,-5.19044573540781,-1.74666892060646,-9.96998258804469
16.21,-5.1853512775546,-1.75176461341225,-9.96998258804469
16.2125,-5.1853512775546,-1.75176461341225,-9.97507570756694
16.215,-5.19044573540781,-1.72628614938331,-9.97507570756694
16.2175,-5.1853512775546,-1.74666892060646,-9.97507570756694
16.22,-5.1853512775546,-1.74157322780068,-9.97507570756694
16.2225,-5.1853512775546,-1.74666892060646,-9.97507570756694
16.225,-5.19044573540781,-1.72628614938331,-9.97507570756694
16.2275,-5.1853512775546,-1.75176461341225,-9.97507570756694
16.23,-5.18025681970139,-1.75176461341225,-9.98016882708919
16.2325,-5.1853512775546,-1.75176461341225,-9.98016882708919
16.235,-5.18025681970139,-1.70590337816015,-9.98016882708919
16.2375,-5.18025681970139,-1.74666892060646,-9.98016882708919
16.24,-5.18025681970139,-1.74666892060646,-9.97507570756694
16.2425,-5.18025681970139,-1.74666892060646,-9.97507570756694
16.245,-5.1853512775546,-1.70590337816015,-9.97507570756694
16.2475,-5.18025681970139,-1.75176461341225,-9.97507570756694
16.25,-5.18025681970139,-1.75176461341225,-9.97507570756694
16.2525,-5.1853512775546,-1.75176461341225,-9.97507570756694
16.255,-5.1853512775546,-1.7313818421891,-9.97507570756694
16.2575,-5.18025681970139,-1.74666892060646,-9.97507570756694
16.26,-5.1853512775546,-1.74666892060646,-9.97507570756694
16.2625,-5.19044573540781,-1.75176461341225,-9.96998258804469
16.265,-5.1853512775546,-1.7313818421891,-9.96998258804469
16.2675,-5.18025681970139,-1.75686030621804,-9.97507570756694
16.27,-5.19044573540781,-1.75686030621804,-9.97507570756694
16.2725,-5.1853512775546,-1.75686030621804,-9.97507570756694
16.275,-5.18025681970139,-1.7313818421891,-9.97507570756694
16.2775,-5.1853512775546,-1.75686030621804,-9.97507570756694
16.28,-5.1853512775546,-1.75176461341225,-9.97507570756694
16.2825,-5.1853512775546,-1.75176461341225,-9.98016882708919
16.285,-5.19044573540781,-1.73647753499489,-9.98016882708919
16.2875,-5.1853512775546,-1.75686030621804,-9.97507570756694
16.29,-5.18025681970139,-1.75686030621804,-9.98016882708919
16.2925,-5.19044573540781,-1.75686030621804,-9.98016882708919
16.295,-5.18025681970139,-1.75686030621804,-9.97507570756694
16.2975,-5.18025681970139,-1.75176461341225,-9.98016882708919
16.3,-5.1853512775546,-1.75176461341225,-9.97507570756694
16.3025,-5.1853512775546,-1.75176461341225,-9.97507570756694
16.305,-5.1853512775546,-1.71609476377173,-9.96998258804469
16.3075,-5.1853512775546,-1.76195599902383,-9.97507570756694
16.31,-5.19044573540781,-1.76705169182962,-9.96998258804469
16.3125,-5.1853512775546,-1.76195599902383,-9.97507570756694
16.315,-5.19044573540781,-1.71099907096594,-9.97507570756694
16.3175,-5.19044573540781,-1.75686030621804,-9.96998258804469
16.32,-5.1853512775546,-1.75686030621804,-9.96998258804469
16.3225,-5.19044573540781,-1.75686030621804,-9.97507570756694
16.325,-5.19044573540781,-1.72119045657752,-9.97507570756694
16.3275,-5.1853512775546,-1.7721473846354,-9.97507570756694
16.33,-5.1853512775546,-1.76195599902383,-9.98016882708919
16.3325,-5.19044573540781,-1.76705169182962,-9.97507570756694
16.335,-5.1853512775546,-1.74157322780068,-9.98016882708919
16.3375,-5.1853512775546,-1.75686030621804,-9.98016882708919
16.34,-5.19044573540781,-1.75686030621804,-9.98016882708919
16.3425,-5.1853512775546,-1.76705169182962,-9.97507570756694
16.345,-5.1853512775546,-1.76705169182962,-9.98016882708919
16.3475,-5.1853512775546,-1.76705169182962,-9.98016882708919
16.35,-5.1853512775546,-1.76705169182962,-9.97507570756694
16.3525,-5.18025681970139,-1.76705169182962,-9.97507570756694
16.355,-5.1853512775546,-1.75686030621804,-9.97507570756694
16.3575,-5.19044573540781,-1.76705169182962,-9.97507570756694
16.36,-5.1853512775546,-1.76195599902383,-9.96998258804469
16.3625,-5.19044573540781,-1.76705169182962,-9.97507570756694
16.365,-5.19044573540781,-1.76705169182962,-9.96998258804469
16.3675,-5.19044573540781,-1.72628614938331,-9.96998258804469
16.37,-5.1853512775546,-1.76705169182962,-9.97507570756694
16.3725,-5.19044573540781,-1.76705169182962,-9.96998258804469
16.375,-5.1853512775546,-1.76705169182962,-9.97507570756694
16.3775,-5.1853512775546,-1.74157322780068,-9.97507570756694
16.38,-5.19044573540781,-1.76705169182962,-9.96998258804469
16.3825,-5.1853512775546,-1.7721473846354,-9.96998258804469
16.385,-5.18025681970139,-1.77724307744119,-9.97507570756694
16.3875,-5.19044573540781,-1.72628614938331,-9.97507570756694
16.39,-5.1853512775546,-1.7721473846354,-9.98016882708919
16.3925,-5.18025681970139,-1.76705169182962,-9.97507570756694
16.395,-5.1853512775546,-1.76705169182962,-9.98016882708919
16.3975,-5.19044573540781,-1.74666892060646,-9.98016882708919
16.4,-5.18025681970139,-1.76705169182962,-9.97507570756694
16.4025,-5.1853512775546,-1.76705169182962,-9.98016882708919
16.405,-5.19044573540781,-1.7721473846354,-9.97507570756694
16.4075,-5.1853512775546,-1.7721473846354,-9.97507570756694
16.41,-5.1853512775546,-1.76705169182962,-9.97507570756694
16.4125,-5.19044573540781,-1.7721473846354,-9.97507570756694
16.415,-5.19044573540781,-1.76705169182962,-9.96998258804469
16.4175,-5.1853512775546,-1.74666892060646,-9.97507570756694
16.42,-5.19044573540781,-1.76705169182962,-9.96998258804469
16.4225,-5.19044573540781,-1.7721473846354,-9.97507570756694
16.425,-5.1853512775546,-1.7721473846354,-9.97507570756694
16.4275,-5.19044573540781,-1.72628614938331,-9.96998258804469
16.43,-5.1853512775546,-1.7721473846354,-9.96998258804469
16.4325,-5.19044573540781,-1.76705169182962,-9.97507570756694
16.435,-5.19044573540781,-1.76705169182962,-9.97507570756694
16.4375,-5.1853512775546,-1.74666892060646,-9.96998258804469
16.44,-5.1853512775546,-1.7721473846354,-9.97507570756694
16.4425,-5.19044573540781,-1.7721473846354,-9.97507570756694
16.445,-5.19044573540781,-1.77724307744119,-9.97507570756694
16.4475,-5.18025681970139,-1.72628614938331,-9.98016882708919
16.45,-5.1853512775546,-1.76705169182962,-9.98016882708919
16.4525,-5.19044573540781,-1.76705169182962,-9.98016882708919
16.455,-5.19044573540781,-1.76705169182962,-9.98016882708919
16.4575,-5.1853512775546,-1.72119045657752,-9.97507570756694
16.46,-5.19044573540781,-1.76705169182962,-9.98016882708919
16.4625,-5.1853512775546,-1.7721473846354,-9.97507570756694
16.465,-5.19044573540781,-1.76705169182962,-9.97507570756694
16.4675,-5.19044573540781,-1.7721473846354,-9.97507570756694
16.47,-5.18025681970139,-1.76705169182962,-9.97507570756694
16.4725,-5.1853512775546,-1.76195599902383,-9.97507570756694
16.475,-5.19044573540781,-1.76195599902383,-9.97507570756694
16.4775,-5.1853512775546,-1.74666892060646,-9.96998258804469
16.48,-5.1853512775546,-1.76705169182962,-9.96998258804469
16.4825,-5.19044573540781,-1.7721473846354,-9.97507570756694
16.485,-5.1853512775546,-1.7721473846354,-9.96998258804469
16.4875,-5.1853512775546,-1.76705169182962,-9.97507570756694
16.49,-5.19044573540781,-1.76705169182962,-9.97507570756694
16.4925,-5.1853512775546,-1.76705169182962,-9.97507570756694
16.495,-5.1853512775546,-1.76705169182962,-9.97507570756694
16.4975,-5.19044573540781,-1.74157322780068,-9.98016882708919
16.5,-5.19044573540781,-1.7721473846354,-9.97507570756694
16.5025,-5.1853512775546,-1.7721473846354,-9.98016882708919
16.505,-5.1853512775546,-1.7721473846354,-9.98016882708919
16.5075,-5.19044573540781,-1.7721473846354,-9.98016882708919
16.51,-5.1853512775546,-1.76705169182962,-9.98016882708919
16.5125,-5.1853512775546,-1.76705169182962,-9.98016882708919
16.515,-5.19044573540781,-1.76705169182962,-9.97507570756694
16.5175,-5.1853512775546,-1.74666892060646,-9.97507570756694
16.52,-5.18025681970139,-1.76705169182962,-9.97507570756694
16.5225,-5.19044573540781,-1.7721473846354,-9.97507570756694
16.525,-5.1853512775546,-1.7721473846354,-9.97507570756694
16.5275,-5.18025681970139,-1.74666892060646,-9.97507570756694
16.53,-5.1853512775546,-1.76195599902383,-9.97507570756694
16.5325,-5.1853512775546,-1.76705169182962,-9.97507570756694
16.535,-5.1853512775546,-1.76195599902383,-9.96998258804469
16.5375,-5.19044573540781,-1.74157322780068,-9.97507570756694
16.54,-5.19044573540781,-1.7721473846354,-9.96998258804469
16.5425,-5.1853512775546,-1.76705169182962,-9.96998258804469
16.545,-5.19044573540781,-1.76705169182962,-9.97507570756694
16.5475,-5.19044573540781,-1.76705169182962,-9.96998258804469
16.55,-5.18025681970139,-1.76195599902383,-9.97507570756694
16.5525,-5.1853512775546,-1.76195599902383,-9.97507570756694
16.555,-5.19044573540781,-1.76705169182962,-9.97507570756694
16.5575,-5.1853512775546,-1.72628614938331,-9.97507570756694
16.56,-5.1853512775546,-1.7721473846354,-9.98016882708919
16.5625,-5.19044573540781,-1.7721473846354,-9.98016882708919
16.565,-5.1853512775546,-1.76705169182962,-9.98016882708919
16.5675,-5.18025681970139,-1.74157322780068,-9.98016882708919
16.57,-5.19044573540781,-1.76195599902383,-9.97507570756694
16.5725,-5.1853512775546,-1.76195599902383,-9.97507570756694
16.575,-5.1853512775546,-1.76705169182962,-9.97507570756694
16.5775,-5.19044573540781,-1.74666892060646,-9.98016882708919
16.58,-5.1853512775546,-1.7721473846354,-9.97507570756694
16.5825,-5.1853512775546,-1.7721473846354,-9.97507570756694
16.585,-5.19044573540781,-1.76705169182962,-9.97507570756694
16.5875,-5.1853512775546,-1.72119045657752,-9.97507570756694
16.59,-5.1853512775546,-1.76195599902383,-9.97507570756694
16.5925,-5.19044573540781,-1.76195599902383,-9.97507570756694
16.595,-5.19044573540781,-1.76705169182962,-9.96998258804469
16.5975,-5.1853512775546,-1.7721473846354,-9.96998258804469
16.6,-5.19044573540781,-1.7721473846354,-9.97507570756694
16.6025,-5.19044573540781,-1.7721473846354,-9.97507570756694
16.605,-5.1853512775546,-1.76705169182962,-9.97507570756694
16.6075,-5.19044573540781,-1.74666892060646,-9.98016882708919
16.61,-5.19044573540781,-1.76705169182962,-9.97507570756694
16.6125,-5.1853512775546,-1.76705169182962,-9.97507570756694
16.615,-5.1853512775546,-1.76705169182962,-9.98016882708919
16.6175,-5.19044573540781,-1.72628614938331,-9.97507570756694
16.62,-5.1853512775546,-1.7721473846354,-9.98016882708919
16.6225,-5.18025681970139,-1.7721473846354,-9.98016882708919
16.625,-5.19044573540781,-1.76705169182962,-9.98016882708919
16.6275,-5.1853512775546,-1.72628614938331,-9.97507570756694
16.63,-5.1853512775546,-1.76195599902383,-9.97507570756694
16.6325,-5.19044573540781,-1.76705169182962,-9.97507570756694
16.635,-5.19044573540781,-1.76705169182962,-9.97507570756694
16.6375,-5.1853512775546,-1.72628614938331,-9.97507570756694
16.64,-5.19044573540781,-1.7721473846354,-9.97507570756694
16.6425,-5.1853512775546,-1.76705169182962,-9.97507570756694
16.645,-5.1853512775546,-1.76705169182962,-9.97507570756694
16.6475,-5.19044573540781,-1.72119045657752,-9.96998258804469
16.65,-5.1853512775546,-1.76705169182962,-9.96998258804469
16.6525,-5.1853512775546,-1.76705169182962,-9.96998258804469
16.655,-5.19044573540781,-1.76705169182962,-9.97507570756694
16.6575,-5.19044573540781,-1.75176461341225,-9.97507570756694
16.66,-5.1853512775546,-1.7721473846354,-9.97507570756694
16.6625,-5.1853512775546,-1.76705169182962,-9.97507570756694
16.665,-5.1853512775546,-1.76705169182962,-9.97507570756694
16.6675,-5.1853512775546,-1.74666892060646,-9.98016882708919
16.67,-5.18025681970139,-1.76705169182962,-9.98016882708919
16.6725,-5.19044573540781,-1.7721473846354,-9.97507570756694
16.675,-5.1853512775546,-1.7721473846354,-9.98016882708919
16.6775,-5.1853512775546,-1.72628614938331,-9.98016882708919
16.68,-5.19044573540781,-1.7721473846354,-9.98016882708919
16.6825,-5.1853512775546,-1.76705169182962,-9.98016882708919
16.685,-5.1853512775546,-1.76195599902383,-9.97507570756694
16.6875,-5.19044573540781,-1.74157322780068,-9.97507570756694
16.69,-5.1853512775546,-1.76705169182962,-9.97507570756694
16.6925,-5.1853512775546,-1.76705169182962,-9.97507570756694
16.695,-5.19044573540781,-1.76705169182962,-9.96998258804469
16.6975,-5.1853512775546,-1.75176461341225,-9.96998258804469
16.7,-5.1853512775546,-1.76705169182962,-9.97507570756694
16.7025,-5.19044573540781,-1.7721473846354,-9.97507570756694
16.705,-5.19044573540781,-1.76705169182962,-9.96998258804469
16.7075,-5.1853512775546,-1.74157322780068,-9.97507570756694
16.71,-5.19044573540781,-1.76705169182962,-9.97507570756694
16.7125,-5.1853512775546,-1.7721473846354,-9.97507570756694
16.715,-5.1853512775546,-1.7721473846354,-9.98016882708919
16.7175,-5.19044573540781,-1.75176461341225,-9.97507570756694
16.72,-5.19044573540781,-1.7721473846354,-9.98016882708919
16.7225,-5.1853512775546,-1.7721473846354,-9.98016882708919
16.725,-5.1853512775546,-1.76705169182962,-9.98016882708919
16.7275,-5.1853512775546,-1.72628614938331,-9.97507570756694
16.73,-5.18025681970139,-1.7721473846354,-9.98016882708919
16.7325,-5.1853512775546,-1.76705169182962,-9.98016882708919
16.735,-5.19044573540781,-1.7721473846354,-9.97507570756694
16.7375,-5.18025681970139,-1.75176461341225,-9.97507570756694
16.74,-5.19044573540781,-1.76705169182962,-9.97507570756694
16.7425,-5.19044573540781,-1.76705169182962,-9.97507570756694
16.745,-5.1853512775546,-1.76705169182962,-9.96998258804469
16.7475,-5.1853512775546,-1.74157322780068,-9.97507570756694
16.75,-5.19044573540781,-1.76705169182962,-9.97507570756694
16.7525,-5.1853512775546,-1.7721473846354,-9.96998258804469
16.755,-5.19044573540781,-1.7721473846354,-9.97507570756694
16.7575,-5.19044573540781,-1.74666892060646,-9.97507570756694
16.76,-5.19044573540781,-1.76705169182962,-9.97507570756694
16.7625,-5.1853512775546,-1.76705169182962,-9.97507570756694
16.765,-5.19044573540781,-1.76705169182962,-9.98016882708919
16.7675,-5.1853512775546,-1.72628614938331,-9.97507570756694
16.77,-5.19044573540781,-1.7721473846354,-9.98016882708919
16.7725,-5.19554019326102,-1.7721473846354,-9.98016882708919
16.775,-5.1853512775546,-1.77724307744119,-9.98016882708919
16.7775,-5.18025681970139,-1.72628614938331,-9.98016882708919
16.78,-5.1853512775546,-1.76705169182962,-9.98016882708919
16.7825,-5.19044573540781,-1.76705169182962,-9.98016882708919
16.785,-5.1853512775546,-1.76705169182962,-9.97507570756694
16.7875,-5.1853512775546,-1.7721473846354,-9.97507570756694
16.79,-5.1853512775546,-1.7721473846354,-9.98016882708919
16.7925,-5.18025681970139,-1.7721473846354,-9.97507570756694
16.795,-5.1853512775546,-1.7721473846354,-9.97507570756694
16.7975,-5.18025681970139,-1.75176461341225,-9.97507570756694
16.8,-5.18025681970139,-1.76705169182962,-9.97507570756694
16.8025,-5.1853512775546,-1.76705169182962,-9.97507570756694
16.805,-5.1853512775546,-1.7721473846354,-9.96998258804469
16.8075,-5.18025681970139,-1.72628614938331,-9.97507570756694
16.81,-5.1853512775546,-1.7721473846354,-9.97507570756694
16.8125,-5.1853512775546,-1.7721473846354,-9.96998258804469
16.815,-5.1853512775546,-1.7721473846354,-9.97507570756694
16.8175,-5.18025681970139,-1.72628614938331,-9.96998258804469
16.82,-5.1853512775546,-1.76705169182962,-9.97507570756694
16.8225,-5.18025681970139,-1.7721473846354,-9.97507570756694
16.825,-5.18025681970139,-1.7721473846354,-9.97507570756694
16.8275,-5.1853512775546,-1.72628614938331,-9.97507570756694
16.83,-5.18025681970139,-1.78233877024698,-9.97507570756694
16.8325,-5.18025681970139,-1.7721473846354,-9.98016882708919
16.835,-5.1853512775546,-1.7721473846354,-9.98016882708919
16.8375,-5.17516236184818,-1.74666892060646,-9.97507570756694
16.84,-5.18025681970139,-1.76705169182962,-9.97507570756694
16.8425,-5.18025681970139,-1.76705169182962,-9.97507570756694
16.845,-5.18025681970139,-1.7721473846354,-9.97507570756694
16.8475,-5.18025681970139,-1.75176461341225,-9.97507570756694
16.85,-5.18025681970139,-1.7721473846354,-9.97507570756694
16.8525,-5.18025681970139,-1.7721473846354,-9.96998258804469
16.855,-5.17516236184818,-1.7721473846354,-9.97507570756694
16.8575,-5.18025681970139,-1.74666892060646,-9.97507570756694
16.86,-5.18025681970139,-1.76705169182962,-9.96998258804469
16.8625,-5.18025681970139,-1.7721473846354,-9.96998258804469
16.865,-5.18025681970139,-1.7721473846354,-9.96998258804469
16.8675,-5.1853512775546,-1.75686030621804,-9.97507570756694
16.87,-5.18025681970139,-1.78233877024698,-9.97507570756694
16.8725,-5.18025681970139,-1.7721473846354,-9.97507570756694
16.875,-5.18025681970139,-1.7721473846354,-9.97507570756694
16.8775,-5.17516236184818,-1.75176461341225,-9.97507570756694
16.88,-5.17516236184818,-1.7721473846354,-9.97507570756694
16.8825,-5.18025681970139,-1.77724307744119,-9.97507570756694
16.885,-5.18025681970139,-1.78233877024698,-9.97507570756694
16.8875,-5.17516236184818,-1.75686030621804,-9.98016882708919
16.89,-5.17516236184818,-1.7721473846354,-9.98016882708919
16.8925,-5.17516236184818,-1.7721473846354,-9.98016882708919
16.895,-5.17516236184818,-1.7721473846354,-9.97507570756694
16.8975,-5.18025681970139,-1.74666892060646,-9.98016882708919
16.9,-5.18025681970139,-1.7721473846354,-9.97507570756694
16.9025,-5.17516236184818,-1.77724307744119,-9.97507570756694
16.905,-5.18025681970139,-1.77724307744119,-9.97507570756694
16.9075,-5.18025681970139,-1.7313818421891,-9.97507570756694
16.91,-5.17516236184818,-1.7721473846354,-9.97507570756694
16.9125,-5.17516236184818,-1.7721473846354,-9.97507570756694
16.915,-5.18025681970139,-1.7721473846354,-9.96998258804469
16.9175,-5.17516236184818,-1.72628614938331,-9.96998258804469
16.92,-5.17516236184818,-1.7721473846354,-9.97507570756694
16.9225,-5.18025681970139,-1.78233877024698,-9.96998258804469
16.925,-5.17516236184818,-1.78233877024698,-9.97507570756694
16.9275,-5.17516236184818,-1.7313818421891,-9.97507570756694
16.93,-5.18025681970139,-1.77724307744119,-9.97507570756694
16.9325,-5.17006790399497,-1.77724307744119,-9.96998258804469
16.935,-5.17516236184818,-1.7721473846354,-9.97507570756694
16.9375,-5.17516236184818,-1.75176461341225,-9.97507570756694
16.94,-5.17516236184818,-1.78233877024698,-9.97507570756694
16.9425,-5.17516236184818,-1.78233877024698,-9.98016882708919
16.945,-5.17516236184818,-1.78233877024698,-9.97507570756694
16.9475,-5.17516236184818,-1.75686030621804,-9.98016882708919
16.95,-5.17006790399497,-1.77724307744119,-9.98016882708919
16.9525,-5.17516236184818,-1.7721473846354,-9.98016882708919
16.955,-5.17516236184818,-1.7721473846354,-9.97507570756694
16.9575,-5.17516236184818,-1.75686030621804,-9.97507570756694
16.96,-5.17516236184818,-1.78233877024698,-9.97507570756694
16.9625,-5.17516236184818,-1.78233877024698,-9.97507570756694
16.965,-5.17006790399497,-1.78233877024698,-9.97507570756694
16.9675,-5.17006790399497,-1.7721473846354,-9.97507570756694
16.97,-5.17516236184818,-1.7721473846354,-9.97507570756694
16.9725,-5.17516236184818,-1.7721473846354,-9.97507570756694
16.975,-5.17516236184818,-1.7721473846354,-9.97507570756694
16.9775,-5.17516236184818,-1.75686030621804,-9.96998258804469
16.98,-5.17006790399497,-1.78233877024698,-9.96998258804469
16.9825,-5.17516236184818,-1.77724307744119,-9.97507570756694
16.985,-5.17516236184818,-1.7721473846354,-9.97507570756694
16.9875,-5.17006790399497,-1.7313818421891,-9.96998258804469
16.99,-5.17006790399497,-1.77724307744119,-9.96998258804469
16.9925,-5.17516236184818,-1.77724307744119,-9.97507570756694
16.995,-5.17006790399497,-1.78233877024698,-9.96998258804469
16.9975,-5.17006790399497,-1.73647753499489,-9.97507570756694
17,-5.17516236184818,-1.78233877024698,-9.97507570756694
17.0025,-5.17006790399497,-1.78743446305277,-9.97507570756694
17.005,-5.17006790399497,-1.78233877024698,-9.98016882708919
17.0075,-5.17516236184818,-1.75686030621804,-9.98016882708919
17.01,-5.17006790399497,-1.77724307744119,-9.98016882708919
17.0125,-5.17006790399497,-1.77724307744119,-9.97507570756694
17.015,-5.17516236184818,-1.78233877024698,-9.97507570756694
17.0175,-5.17516236184818,-1.76705169182962,-9.97507570756694
17.02,-5.17516236184818,-1.78233877024698,-9.97507570756694
17.0225,-5.17516236184818,-1.78233877024698,-9.97507570756694
17.025,-5.17006790399497,-1.77724307744119,-9.97507570756694
17.0275,-5.17006790399497,-1.7313818421891,-9.97507570756694
17.03,-5.17006790399497,-1.7721473846354,-9.97507570756694
17.0325,-5.17516236184818,-1.77724307744119,-9.97507570756694
17.035,-5.17006790399497,-1.78233877024698,-9.96998258804469
17.0375,-5.17006790399497,-1.73647753499489,-9.97507570756694
17.04,-5.17516236184818,-1.78233877024698,-9.97507570756694
17.0425,-5.17006790399497,-1.77724307744119,-9.97507570756694
17.045,-5.17516236184818,-1.77724307744119,-9.97507570756694
17.0475,-5.17516236184818,-1.75686030621804,-9.96998258804469
17.05,-5.17516236184818,-1.77724307744119,-9.97507570756694
17.0525,-5.17516236184818,-1.78233877024698,-9.97507570756694
17.055,-5.17516236184818,-1.78743446305277,-9.97507570756694
17.0575,-5.17006790399497,-1.76195599902383,-9.96998258804469
17.06,-5.17006790399497,-1.78233877024698,-9.97507570756694
17.0625,-5.17516236184818,-1.78233877024698,-9.97507570756694
17.065,-5.17006790399497,-1.78233877024698,-9.98016882708919
17.0675,-5.17006790399497,-1.78233877024698,-9.98016882708919
17.07,-5.17516236184818,-1.77724307744119,-9.98016882708919
17.0725,-5.17516236184818,-1.78743446305277,-9.97507570756694
17.075,-5.17006790399497,-1.78743446305277,-9.98016882708919
17.0775,-5.17516236184818,-1.76195599902383,-9.97507570756694
17.08,-5.17516236184818,-1.78743446305277,-9.97507570756694
17.0825,-5.17006790399497,-1.78743446305277,-9.97507570756694
17.085,-5.17006790399497,-1.77724307744119,-9.97507570756694
17.0875,-5.17516236184818,-1.76195599902383,-9.96998258804469
17.09,-5.17006790399497,-1.78233877024698,-9.97507570756694
17.0925,-5.17516236184818,-1.78743446305277,-9.97507570756694
17.095,-5.17516236184818,-1.78743446305277,-9.97507570756694
17.0975,-5.17006790399497,-1.76705169182962,-9.97507570756694
17.1,-5.17516236184818,-1.78743446305277,-9.97507570756694
17.1025,-5.17516236184818,-1.78233877024698,-9.96998258804469
17.105,-5.17006790399497,-1.78743446305277,-9.96998258804469
17.1075,-5.17516236184818,-1.76195599902383,-9.96998258804469
17.11,-5.17516236184818,-1.78743446305277,-9.96998258804469
17.1125,-5.17516236184818,-1.79253015585856,-9.97507570756694
17.115,-5.17516236184818,-1.79253015585856,-9.97507570756694
17.1175,-5.17516236184818,-1.7721473846354,-9.97507570756694
17.12,-5.17006790399497,-1.78743446305277,-9.97507570756694
17.1225,-5.17006790399497,-1.78233877024698,-9.98016882708919
17.125,-5.17516236184818,-1.78743446305277,-9.97507570756694
17.1275,-5.17006790399497,-1.79253015585856,-9.97507570756694
17.13,-5.17516236184818,-1.78743446305277,-9.98016882708919
17.1325,-5.17006790399497,-1.78743446305277,-9.97507570756694
17.135,-5.17006790399497,-1.79253015585856,-9.97507570756694
17.1375,-5.17006790399497,-1.76195599902383,-9.97507570756694
17.14,-5.17516236184818,-1.78743446305277,-9.97507570756694
17.1425,-5.17006790399497,-1.78743446305277,-9.97507570756694
17.145,-5.17006790399497,-1.78743446305277,-9.97507570756694
17.1475,-5.17516236184818,-1.78743446305277,-9.97507570756694
17.15,-5.17006790399497,-1.79253015585856,-9.97507570756694
17.1525,-5.17516236184818,-1.79253015585856,-9.97507570756694
17.155,-5.17516236184818,-1.78743446305277,-9.97507570756694
17.1575,-5.17516236184818,-1.76705169182962,-9.96998258804469
17.16,-5.17516236184818,-1.78233877024698,-9.97507570756694
17.1625,-5.17516236184818,-1.78743446305277,-9.97507570756694
17.165,-5.17516236184818,-1.79253015585856,-9.96998258804469
17.1675,-5.17516236184818,-1.7721473846354,-9.97507570756694
17.17,-5.17516236184818,-1.79253015585856,-9.97507570756694
17.1725,-5.17516236184818,-1.79253015585856,-9.97507570756694
17.175,-5.17516236184818,-1.79253015585856,-9.96998258804469
17.1775,-5.18025681970139,-1.74157322780068,-9.98016882708919
17.18,-5.17516236184818,-1.79253015585856,-9.97507570756694
17.1825,-5.17516236184818,-1.79253015585856,-9.97507570756694
17.185,-5.17516236184818,-1.79253015585856,-9.98016882708919
17.1875,-5.17516236184818,-1.77724307744119,-9.98016882708919
17.19,-5.17516236184818,-1.79762584866435,-9.98016882708919
17.1925,-5.17516236184818,-1.79253015585856,-9.98016882708919
17.195,-5.17516236184818,-1.79253015585856,-9.97507570756694
17.1975,-5.17516236184818,-1.74666892060646,-9.97507570756694
17.2,-5.17516236184818,-1.79253015585856,-9.97507570756694
17.2025,-5.17516236184818,-1.78743446305277,-9.97507570756694
17.205,-5.18025681970139,-1.79253015585856,-9.97507570756694
17.2075,-5.17516236184818,-1.75176461341225,-9.97507570756694
17.21,-5.18025681970139,-1.7721473846354,-9.97507570756694
17.2125,-5.18025681970139,-1.79253015585856,-9.96998258804469
17.215,-5.17516236184818,-1.78743446305277,-9.97507570756694
17.2175,-5.18025681970139,-1.74666892060646,-9.97507570756694
17.22,-5.18025681970139,-1.79253015585856,-9.96998258804469
17.2225,-5.17516236184818,-1.79253015585856,-9.97507570756694
17.225,-5.18025681970139,-1.79253015585856,-9.97507570756694
17.2275,-5.17516236184818,-1.7721473846354,-9.97507570756694
17.23,-5.17516236184818,-1.79253015585856,-9.97507570756694
17.2325,-5.18025681970139,-1.79253015585856,-9.97507570756694
17.235,-5.18025681970139,-1.79253015585856,-9.97507570756694
17.2375,-5.17516236184818,-1.74666892060646,-9.97507570756694
17.24,-5.17516236184818,-1.79253015585856,-9.98016882708919
17.2425,-5.18025681970139,-1.79253015585856,-9.97507570756694
17.245,-5.18025681970139,-1.79253015585856,-9.98016882708919
17.2475,-5.17516236184818,-1.74666892060646,-9.97507570756694
17.25,-5.17516236184818,-1.78743446305277,-9.98016882708919
17.2525,-5.18025681970139,-1.78743446305277,-9.97507570756694
17.255,-5.17516236184818,-1.78743446305277,-9.97507570756694
17.2575,-5.18025681970139,-1.76705169182962,-9.97507570756694
17.26,-5.18025681970139,-1.79253015585856,-9.97507570756694
17.2625,-5.18025681970139,-1.79253015585856,-9.98016882708919
17.265,-5.18025681970139,-1.78743446305277,-9.97507570756694
17.2675,-5.18025681970139,-1.76705169182962,-9.97507570756694
17.27,-5.17516236184818,-1.78743446305277,-9.97507570756694
17.2725,-5.18025681970139,-1.78743446305277,-9.97507570756694
17.275,-5.18025681970139,-1.79253015585856,-9.97507570756694
17.2775,-5.18025681970139,-1.75176461341225,-9.96998258804469
17.28,-5.18025681970139,-1.78233877024698,-9.96998258804469
17.2825,-5.18025681970139,-1.79253015585856,-9.96998258804469
17.285,-5.18025681970139,-1.79253015585856,-9.96998258804469
17.2875,-5.18025681970139,-1.78233877024698,-9.97507570756694
17.29,-5.1853512775546,-1.74157322780068,-9.96998258804469
17.2925,-5.18025681970139,-1.78743446305277,-9.96998258804469
17.295,-5.1853512775546,-1.78743446305277,-9.97507570756694
17.2975,-5.1853512775546,-1.79253015585856,-9.97507570756694
17.3,-5.18025681970139,-1.75176461341225,-9.97507570756694
17.3025,-5.18025681970139,-1.78743446305277,-9.97507570756694
17.305,-5.1853512775546,-1.78743446305277,-9.97507570756694
17.3075,-5.18025681970139,-1.78743446305277,-9.97507570756694
17.31,-5.18025681970139,-1.76705169182962,-9.98016882708919
17.3125,-5.18025681970139,-1.78743446305277,-9.98016882708919
17.315,-5.1853512775546,-1.79253015585856,-9.98016882708919
17.3175,-5.18025681970139,-1.79253015585856,-9.98016882708919
17.32,-5.1853512775546,-1.76705169182962,-9.98016882708919
17.3225,-5.18025681970139,-1.78743446305277,-9.97507570756694
17.325,-5.18025681970139,-1.78743446305277,-9.98016882708919
17.3275,-5.1853512775546,-1.78233877024698,-9.97507570756694
17.33,-5.18025681970139,-1.76195599902383,-9.97507570756694
17.3325,-5.1853512775546,-1.78743446305277,-9.97507570756694
17.335,-5.1853512775546,-1.78743446305277,-9.97507570756694
17.3375,-5.1853512775546,-1.78743446305277,-9.97507570756694
17.34,-5.18025681970139,-1.78743446305277,-9.97507570756694
17.3425,-5.1853512775546,-1.78233877024698,-9.97507570756694
17.345,-5.1853512775546,-1.78233877024698,-9.96998258804469
17.3475,-5.18025681970139,-1.78743446305277,-9.96998258804469
17.35,-5.1853512775546,-1.74157322780068,-9.96998258804469
17.3525,-5.19044573540781,-1.78743446305277,-9.96998258804469
17.355,-5.1853512775546,-1.78743446305277,-9.97507570756694
17.3575,-5.18025681970139,-1.78233877024698,-9.97507570756694
17.36,-5.1853512775546,-1.76195599902383,-9.97507570756694
17.3625,-5.1853512775546,-1.78233877024698,-9.97507570756694
17.365,-5.18025681970139,-1.78233877024698,-9.97507570756694
17.3675,-5.1853512775546,-1.78743446305277,-9.97507570756694
17.37,-5.18025681970139,-1.76705169182962,-9.97507570756694
17.3725,-5.18025681970139,-1.78743446305277,-9.97507570756694
17.375,-5.1853512775546,-1.78743446305277,-9.98016882708919
17.3775,-5.18025681970139,-1.78743446305277,-9.97507570756694
17.38,-5.18025681970139,-1.76195599902383,-9.98016882708919
17.3825,-5.18025681970139,-1.78233877024698,-9.98016882708919
17.385,-5.18025681970139,-1.78233877024698,-9.97507570756694
17.3875,-5.17516236184818,-1.78743446305277,-9.97507570756694
17.39,-5.18025681970139,-1.76195599902383,-9.98016882708919
17.3925,-5.18025681970139,-1.78743446305277,-9.97507570756694
17.395,-5.18025681970139,-1.78233877024698,-9.97507570756694
17.3975,-5.17516236184818,-1.77724307744119,-9.97507570756694
17.4,-5.18025681970139,-1.77724307744119,-9.97507570756694
17.4025,-5.18025681970139,-1.77724307744119,-9.97507570756694
17.405,-5.18025681970139,-1.78233877024698,-9.97507570756694
17.4075,-5.18025681970139,-1.78233877024698,-9.97507570756694
17.41,-5.18025681970139,-1.76705169182962,-9.97507570756694
17.4125,-5.18025681970139,-1.78233877024698,-9.97507570756694
17.415,-5.1853512775546,-1.77724307744119,-9.97507570756694
17.4175,-5.18025681970139,-1.77724307744119,-9.96998258804469
17.42,-5.17516236184818,-1.75686030621804,-9.97507570756694
17.4225,-5.18025681970139,-1.78233877024698,-9.96998258804469
17.425,-5.18025681970139,-1.78743446305277,-9.96998258804469
17.4275,-5.18025681970139,-1.78743446305277,-9.97507570756694
17.43,-5.18025681970139,-1.76195599902383,-9.97507570756694
17.4325,-5.17516236184818,-1.78743446305277,-9.97507570756694
17.435,-5.18025681970139,-1.77724307744119,-9.97507570756694
17.4375,-5.18025681970139,-1.78233877024698,-9.97507570756694
17.44,-5.17516236184818,-1.73647753499489,-9.96998258804469
17.4425,-5.17516236184818,-1.78233877024698,-9.97507570756694
17.445,-5.18025681970139,-1.78743446305277,-9.98016882708919
17.4475,-5.1853512775546,-1.78743446305277,-9.97507570756694
17.45,-5.17006790399497,-1.76195599902383,-9.98016882708919
17.4525,-5.17516236184818,-1.78233877024698,-9.98016882708919
17.455,-5.17516236184818,-1.78233877024698,-9.98016882708919
17.4575,-5.17006790399497,-1.77724307744119,-9.97507570756694
17.46,-5.17516236184818,-1.7313818421891,-9.98016882708919
17.4625,-5.17516236184818,-1.78743446305277,-9.97507570756694
17.465,-5.17006790399497,-1.78743446305277,-9.98016882708919
17.4675,-5.17516236184818,-1.78743446305277,-9.98016882708919
17.47,-5.17516236184818,-1.76195599902383,-9.97507570756694
17.4725,-5.17516236184818,-1.77724307744119,-9.97507570756694
17.475,-5.17516236184818,-1.7721473846354,-9.97507570756694
17.4775,-5.17516236184818,-1.77724307744119,-9.97507570756694
17.48,-5.17516236184818,-1.75686030621804,-9.97507570756694
17.4825,-5.17516236184818,-1.78233877024698,-9.97507570756694
17.485,-5.17516236184818,-1.78743446305277,-9.96998258804469
17.4875,-5.17006790399497,-1.78743446305277,-9.96998258804469
17.49,-5.17006790399497,-1.77724307744119,-9.97507570756694
17.4925,-5.17516236184818,-1.77724307744119,-9.96998258804469
17.495,-5.17006790399497,-1.77724307744119,-9.97507570756694
17.4975,-5.17516236184818,-1.77724307744119,-9.97507570756694
17.5,-5.17516236184818,-1.76195599902383,-9.97507570756694
17.5025,-5.17006790399497,-1.78743446305277,-9.97507570756694
17.505,-5.17006790399497,-1.78743446305277,-9.97507570756694
17.5075,-5.17516236184818,-1.78743446305277,-9.97507570756694
17.51,-5.17006790399497,-1.74157322780068,-9.97507570756694
17.5125,-5.17006790399497,-1.78233877024698,-9.98016882708919
17.515,-5.17006790399497,-1.78233877024698,-9.97507570756694
17.5175,-5.17006790399497,-1.78743446305277,-9.97507570756694
17.52,-5.16497344614176,-1.76705169182962,-9.98016882708919
17.5225,-5.17006790399497,-1.78743446305277,-9.98016882708919
17.525,-5.16497344614176,-1.78743446305277,-9.97507570756694
17.5275,-5.16497344614176,-1.78743446305277,-9.98016882708919
17.53,-5.17006790399497,-1.76195599902383,-9.98016882708919
17.5325,-5.16497344614176,-1.78233877024698,-9.97507570756694
17.535,-5.16497344614176,-1.78233877024698,-9.97507570756694
17.5375,-5.17006790399497,-1.78233877024698,-9.97507570756694
17.54,-5.17006790399497,-1.76705169182962,-9.96998258804469
17.5425,-5.16497344614176,-1.78743446305277,-9.97507570756694
17.545,-5.17006790399497,-1.78743446305277,-9.97507570756694
17.5475,-5.17006790399497,-1.78743446305277,-9.96998258804469
17.55,-5.16497344614176,-1.78233877024698,-9.97507570756694
17.5525,-5.17006790399497,-1.78233877024698,-9.97507570756694
17.555,-5.17006790399497,-1.78743446305277,-9.96998258804469
17.5575,-5.17006790399497,-1.78743446305277,-9.97507570756694
17.56,-5.17006790399497,-1.76705169182962,-9.97507570756694
17.5625,-5.17006790399497,-1.79253015585856,-9.97507570756694
17.565,-5.16497344614176,-1.78743446305277,-9.97507570756694
17.5675,-5.16497344614176,-1.78233877024698,-9.98016882708919
17.57,-5.16497344614176,-1.76705169182962,-9.96998258804469
17.5725,-5.16497344614176,-1.78743446305277,-9.97507570756694
17.575,-5.17006790399497,-1.78743446305277,-9.97507570756694
17.5775,-5.17006790399497,-1.79253015585856,-9.98016882708919
17.58,-5.16497344614176,-1.75176461341225,-9.98016882708919
17.5825,-5.16497344614176,-1.79253015585856,-9.98016882708919
17.585,-5.17516236184818,-1.79253015585856,-9.98016882708919
17.5875,-5.16497344614176,-1.78743446305277,-9.97507570756694
17.59,-5.15987898828855,-1.74157322780068,-9.98016882708919
17.5925,-5.17006790399497,-1.76705169182962,-9.97507570756694
17.595,-5.16497344614176,-1.79253015585856,-9.97507570756694
17.5975,-5.16497344614176,-1.79253015585856,-9.97507570756694
17.6,-5.17006790399497,-1.75176461341225,-9.97507570756694
17.6025,-5.17006790399497,-1.79253015585856,-9.96998258804469
17.605,-5.16497344614176,-1.78743446305277,-9.97507570756694
17.6075,-5.17006790399497,-1.78743446305277,-9.96998258804469
17.61,-5.17006790399497,-1.74666892060646,-9.96998258804469
17.6125,-5.17006790399497,-1.79253015585856,-9.96998258804469
17.615,-5.17006790399497,-1.79253015585856,-9.97507570756694
17.6175,-5.17006790399497,-1.79762584866435,-9.96998258804469
17.62,-5.17006790399497,-1.76705169182962,-9.97507570756694
17.6225,-5.17006790399497,-1.79253015585856,-9.97507570756694
17.625,-5.17006790399497,-1.78743446305277,-9.97507570756694
17.6275,-5.16497344614176,-1.78743446305277,-9.97507570756694
17.63,-5.17006790399497,-1.79253015585856,-9.97507570756694
17.6325,-5.17006790399497,-1.79762584866435,-9.97507570756694
17.635,-5.16497344614176,-1.79762584866435,-9.97507570756694
17.6375,-5.17516236184818,-1.79762584866435,-9.98016882708919
17.64,-5.17006790399497,-1.7721473846354,-9.98016882708919
17.6425,-5.17006790399497,-1.79253015585856,-9.98016882708919
17.645,-5.17006790399497,-1.79253015585856,-9.98526194661144
17.6475,-5.17516236184818,-1.78743446305277,-9.98016882708919
17.65,-5.17006790399497,-1.75176461341225,-9.98016882708919
17.6525,-5.17006790399497,-1.79762584866435,-9.98016882708919
17.655,-5.17006790399497,-1.79762584866435,-9.97507570756694
17.6575,-5.17006790399497,-1.79762584866435,-9.97507570756694
17.66,-5.17006790399497,-1.76705169182962,-9.97507570756694
17.6625,-5.17516236184818,-1.78743446305277,-9.97507570756694
17.665,-5.17516236184818,-1.79253015585856,-9.96998258804469
17.6675,-5.17516236184818,-1.79253015585856,-9.97507570756694
17.67,-5.18025681970139,-1.77724307744119,-9.97507570756694
17.6725,-5.17516236184818,-1.79762584866435,-9.97507570756694
17.675,-5.17006790399497,-1.79253015585856,-9.97507570756694
17.6775,-5.17516236184818,-1.79253015585856,-9.97507570756694
17.68,-5.17006790399497,-1.79253015585856,-9.96998258804469
17.6825,-5.17516236184818,-1.79253015585856,-9.97507570756694
17.685,-5.18025681970139,-1.79253015585856,-9.97507570756694
17.6875,-5.14969007258213,-1.79762584866435,-9.97507570756694
17.69,-5.17516236184818,-1.79762584866435,-9.97507570756694
17.6925,-5.17516236184818,-1.79762584866435,-9.98016882708919
17.695,-5.17516236184818,-1.79762584866435,-9.97507570756694
17.6975,-5.17516236184818,-1.79253015585856,-9.98016882708919
17.7,-5.17516236184818,-1.74666892060646,-9.98016882708919
17.7025,-5.17516236184818,-1.79253015585856,-9.98016882708919
17.705,-5.17516236184818,-1.79762584866435,-9.98526194661144
17.7075,-5.17516236184818,-1.79762584866435,-9.98016882708919
17.71,-5.17516236184818,-1.77724307744119,-9.97507570756694
17.7125,-5.17006790399497,-1.79762584866435,-9.98016882708919
17.715,-5.17516236184818,-1.79253015585856,-9.97507570756694
17.7175,-5.17516236184818,-1.79253015585856,-9.97507570756694
17.72,-5.17516236184818,-1.79253015585856,-9.97507570756694
17.7225,-5.17516236184818,-1.78743446305277,-9.97507570756694
17.725,-5.18025681970139,-1.79762584866435,-9.96998258804469
17.7275,-5.17516236184818,-1.79762584866435,-9.97507570756694
17.73,-5.17516236184818,-1.75176461341225,-9.97507570756694
17.7325,-5.18025681970139,-1.79253015585856,-9.96998258804469
17.735,-5.17516236184818,-1.78743446305277,-9.97507570756694
17.7375,-5.18025681970139,-1.78743446305277,-9.97507570756694
17.74,-5.18025681970139,-1.7721473846354,-9.96998258804469
17.7425,-5.17516236184818,-1.79762584866435,-9.96998258804469
17.745,-5.17516236184818,-1.79762584866435,-9.97507570756694
17.7475,-5.18025681970139,-1.79762584866435,-9.97507570756694
17.75,-5.17516236184818,-1.7721473846354,-9.96998258804469
17.7525,-5.17516236184818,-1.79253015585856,-9.97507570756694
17.755,-5.18025681970139,-1.79253015585856,-9.97507570756694
17.7575,-5.17516236184818,-1.79253015585856,-9.97507570756694
17.76,-5.18025681970139,-1.79253015585856,-9.97507570756694
17.7625,-5.18025681970139,-1.79762584866435,-9.97507570756694
17.765,-5.18025681970139,-1.79762584866435,-9.97507570756694
17.7675,-5.18025681970139,-1.79253015585856,-9.97507570756694
17.77,-5.18025681970139,-1.79762584866435,-9.98016882708919
17.7725,-5.17516236184818,-1.79253015585856,-9.97507570756694
17.775,-5.18025681970139,-1.79762584866435,-9.98016882708919
17.7775,-5.18025681970139,-1.79253015585856,-9.98016882708919
17.78,-5.18025681970139,-1.79762584866435,-9.97507570756694
17.7825,-5.17516236184818,-1.79762584866435,-9.98016882708919
17.785,-5.18025681970139,-1.79762584866435,-9.98016882708919
17.7875,-5.17516236184818,-1.79762584866435,-9.97507570756694
17.79,-5.17516236184818,-1.75176461341225,-9.97507570756694
17.7925,-5.18025681970139,-1.78743446305277,-9.97507570756694
17.795,-5.18025681970139,-1.79762584866435,-9.97507570756694
17.7975,-5.18025681970139,-1.79253015585856,-9.96998258804469
17.8,-5.18025681970139,-1.77724307744119,-9.97507570756694
17.8025,-5.18025681970139,-1.79762584866435,-9.97507570756694
17.805,-5.18025681970139,-1.79253015585856,-9.96998258804469
17.8075,-5.18025681970139,-1.79253015585856,-9.97507570756694
17.81,-5.18025681970139,-1.74666892060646,-9.97507570756694
17.8125,-5.18025681970139,-1.79253015585856,-9.96998258804469
17.815,-5.1853512775546,-1.79253015585856,-9.97507570756694
17.8175,-5.1853512775546,-1.79762584866435,-9.97507570756694
17.82,-5.18025681970139,-1.75686030621804,-9.97507570756694
17.8225,-5.18025681970139,-1.79762584866435,-9.97507570756694
17.825,-5.18025681970139,-1.79253015585856,-9.97507570756694
17.8275,-5.18025681970139,-1.79253015585856,-9.97507570756694
17.83,-5.18025681970139,-1.74666892060646,-9.97507570756694
17.8325,-5.18025681970139,-1.79253015585856,-9.98016882708919
17.835,-5.18025681970139,-1.79762584866435,-9.97507570756694
17.8375,-5.18025681970139,-1.79762584866435,-9.98016882708919
17.84,-5.1853512775546,-1.75176461341225,-9.98016882708919
17.8425,-5.1853512775546,-1.79762584866435,-9.97507570756694
17.845,-5.18025681970139,-1.79253015585856,-9.97507570756694
17.8475,-5.18025681970139,-1.79253015585856,-9.97507570756694
17.85,-5.18025681970139,-1.7721473846354,-9.97507570756694
17.8525,-5.18025681970139,-1.79762584866435,-9.98016882708919
17.855,-5.1853512775546,-1.79762584866435,-9.97507570756694
17.8575,-5.18025681970139,-1.79762584866435,-9.97507570756694
17.86,-5.18025681970139,-1.75176461341225,-9.97507570756694
17.8625,-5.1853512775546,-1.79253015585856,-9.96998258804469
17.865,-5.1853512775546,-1.79253015585856,-9.97507570756694
17.8675,-5.1853512775546,-1.79253015585856,-9.96998258804469
17.87,-5.1853512775546,-1.76705169182962,-9.97507570756694
17.8725,-5.1853512775546,-1.79762584866435,-9.96998258804469
17.875,-5.18025681970139,-1.79762584866435,-9.97507570756694
17.8775,-5.1853512775546,-1.79253015585856,-9.97507570756694
17.88,-5.1853512775546,-1.79253015585856,-9.97507570756694
17.8825,-5.18025681970139,-1.79253015585856,-9.96998258804469
17.885,-5.18025681970139,-1.78743446305277,-9.97507570756694
17.8875,-5.1853512775546,-1.79253015585856,-9.97507570756694
17.89,-5.18025681970139,-1.75686030621804,-9.96998258804469
17.8925,-5.18025681970139,-1.79762584866435,-9.97507570756694
17.895,-5.1853512775546,-1.79253015585856,-9.97507570756694
17.8975,-5.18025681970139,-1.79253015585856,-9.97507570756694
17.9,-5.18025681970139,-1.74666892060646,-9.98016882708919
17.9025,-5.18025681970139,-1.79253015585856,-9.97507570756694
17.905,-5.18025681970139,-1.79253015585856,-9.97507570756694
17.9075,-5.1853512775546,-1.79253015585856,-9.98016882708919
17.91,-5.1853512775546,-1.75176461341225,-9.98016882708919
17.9125,-5.18025681970139,-1.79253015585856,-9.97507570756694
17.915,-5.18025681970139,-1.79253015585856,-9.98016882708919
17.9175,-5.1853512775546,-1.78743446305277,-9.97507570756694
17.92,-5.18025681970139,-1.74157322780068,-9.97507570756694
17.9225,-5.18025681970139,-1.79253015585856,-9.97507570756694
17.925,-5.1853512775546,-1.78743446305277,-9.97507570756694
17.9275,-5.1853512775546,-1.79253015585856,-9.96998258804469
17.93,-5.18025681970139,-1.7721473846354,-9.97507570756694
17.9325,-5.18025681970139,-1.78743446305277,-9.97507570756694
17.935,-5.18025681970139,-1.78743446305277,-9.96998258804469
17.9375,-5.18025681970139,-1.78743446305277,-9.97507570756694
17.94,-5.18025681970139,-1.76195599902383,-9.96998258804469
17.9425,-5.18025681970139,-1.79253015585856,-9.96998258804469
17.945,-5.18025681970139,-1.79253015585856,-9.97507570756694
17.9475,-5.18025681970139,-1.79253015585856,-9.97507570756694
17.95,-5.18025681970139,-1.79253015585856,-9.97507570756694
17.9525,-5.18025681970139,-1.79253015585856,-9.96998258804469
17.955,-5.18025681970139,-1.78743446305277,-9.97507570756694
17.9575,-5.1853512775546,-1.78743446305277,-9.97507570756694
17.96,-5.17516236184818,-1.74666892060646,-9.97507570756694
17.9625,-5.18025681970139,-1.79253015585856,-9.98016882708919
17.965,-5.18025681970139,-1.79253015585856,-9.97507570756694
17.9675,-5.17516236184818,-1.78743446305277,-9.98016882708919
17.97,-5.18025681970139,-1.78743446305277,-9.98016882708919
17.9725,-5.18025681970139,-1.78743446305277,-9.98016882708919
17.975,-5.17516236184818,-1.78233877024698,-9.97507570756694
17.9775,-5.18025681970139,-1.78233877024698,-9.97507570756694
17.98,-5.18025681970139,-1.76705169182962,-9.97507570756694
17.9825,-5.17516236184818,-1.78743446305277,-9.97507570756694
17.985,-5.18025681970139,-1.78743446305277,-9.97507570756694
17.9875,-5.18025681970139,-1.78743446305277,-9.97507570756694
17.99,-5.17516236184818,-1.74157322780068,-9.97507570756694
17.9925,-5.17516236184818,-1.78233877024698,-9.97507570756694
17.995,-5.18025681970139,-1.78743446305277,-9.96998258804469
17.9975,-5.17516236184818,-1.79253015585856,-9.96998258804469
18,-5.17516236184818,-1.76705169182962,-9.97507570756694
18.0025,-5.18025681970139,-1.79253015585856,-9.96998258804469
18.005,-5.17516236184818,-1.78743446305277,-9.96998258804469
18.0075,-5.17516236184818,-1.78743446305277,-9.97507570756694
18.01,-5.17516236184818,-1.76195599902383,-9.97507570756694
18.0125,-5.17516236184818,-1.78743446305277,-9.96998258804469
18.015,-5.17516236184818,-1.78743446305277,-9.97507570756694
18.0175,-5.18025681970139,-1.79253015585856,-9.97507570756694
18.02,-5.17516236184818,-1.79253015585856,-9.97507570756694
18.0225,-5.17516236184818,-1.78743446305277,-9.97507570756694
18.025,-5.17516236184818,-1.78233877024698,-9.98016882708919
18.0275,-5.17516236184818,-1.78743446305277,-9.98016882708919
18.03,-5.17516236184818,-1.76195599902383,-9.97507570756694
18.0325,-5.17516236184818,-1.78743446305277,-9.98016882708919
18.035,-5.17516236184818,-1.79253015585856,-9.97507570756694
18.0375,-5.17516236184818,-1.79253015585856,-9.97507570756694
18.04,-5.17516236184818,-1.76705169182962,-9.98016882708919
18.0425,-5.17516236184818,-1.78743446305277,-9.97507570756694
18.045,-5.17516236184818,-1.78233877024698,-9.97507570756694
18.0475,-5.17516236184818,-1.78233877024698,-9.97507570756694
18.05,-5.17516236184818,-1.76195599902383,-9.97507570756694
18.0525,-5.17516236184818,-1.75176461341225,-9.97507570756694
18.055,-5.17516236184818,-1.78743446305277,-9.97507570756694
18.0575,-5.18025681970139,-1.78743446305277,-9.97507570756694
18.06,-5.17516236184818,-1.74666892060646,-9.96998258804469
18.0625,-5.17516236184818,-1.78233877024698,-9.97507570756694
18.065,-5.17516236184818,-1.78233877024698,-9.96998258804469
18.0675,-5.17516236184818,-1.78233877024698,-9.96998258804469
18.07,-5.17516236184818,-1.74666892060646,-9.96998258804469
18.0725,-5.17516236184818,-1.78743446305277,-9.96998258804469
18.075,-5.17516236184818,-1.79253015585856,-9.96998258804469
18.0775,-5.17516236184818,-1.78743446305277,-9.97507570756694
18.08,-5.17516236184818,-1.76195599902383,-9.97507570756694
18.0825,-5.17006790399497,-1.78743446305277,-9.97507570756694
18.085,-5.17006790399497,-1.78233877024698,-9.97507570756694
18.0875,-5.17516236184818,-1.78233877024698,-9.97507570756694
18.09,-5.17006790399497,-1.7721473846354,-9.97507570756694
18.0925,-5.17006790399497,-1.79253015585856,-9.98016882708919
18.095,-5.17516236184818,-1.78743446305277,-9.97507570756694
18.0975,-5.17516236184818,-1.78743446305277,-9.98016882708919
18.1,-5.17006790399497,-1.74666892060646,-9.98016882708919
18.1025,-5.17006790399497,-1.78233877024698,-9.98016882708919
18.105,-5.17516236184818,-1.78233877024698,-9.97507570756694
18.1075,-5.17006790399497,-1.78743446305277,-9.97507570756694
18.11,-5.17006790399497,-1.78743446305277,-9.97507570756694
18.1125,-5.17516236184818,-1.78743446305277,-9.97507570756694
18.115,-5.17006790399497,-1.79253015585856,-9.97507570756694
18.1175,-5.17006790399497,-1.78233877024698,-9.97507570756694
18.12,-5.17516236184818,-1.78743446305277,-9.97507570756694
18.1225,-5.17006790399497,-1.78743446305277,-9.96998258804469
18.125,-5.17006790399497,-1.78743446305277,-9.97507570756694
18.1275,-5.17516236184818,-1.78743446305277,-9.97507570756694
18.13,-5.17006790399497,-1.74666892060646,-9.96998258804469
18.1325,-5.17006790399497,-1.78743446305277,-9.97507570756694
18.135,-5.17006790399497,-1.78233877024698,-9.97507570756694
18.1375,-5.17006790399497,-1.78743446305277,-9.96998258804469
18.14,-5.17006790399497,-1.74157322780068,-9.97507570756694
18.1425,-5.17516236184818,-1.78743446305277,-9.97507570756694
18.145,-5.17006790399497,-1.78743446305277,-9.96998258804469
18.1475,-5.17006790399497,-1.79253015585856,-9.97507570756694
18.15,-5.17006790399497,-1.74666892060646,-9.98016882708919
18.1525,-5.17006790399497,-1.78743446305277,-9.97507570756694
18.155,-5.17006790399497,-1.78743446305277,-9.98016882708919
18.1575,-5.17006790399497,-1.78743446305277,-9.98016882708919
18.16,-5.17006790399497,-1.78743446305277,-9.97507570756694
18.1625,-5.16497344614176,-1.78743446305277,-9.98016882708919
18.165,-5.17006790399497,-1.78743446305277,-9.98016882708919
18.1675,-5.17006790399497,-1.79253015585856,-9.97507570756694
18.17,-5.16497344614176,-1.76705169182962,-9.97507570756694
18.1725,-5.16497344614176,-1.78233877024698,-9.98016882708919
18.175,-5.17006790399497,-1.78233877024698,-9.97507570756694
18.1775,-5.16497344614176,-1.78233877024698,-9.97507570756694
18.18,-5.16497344614176,-1.76195599902383,-9.97507570756694
18.1825,-5.17006790399497,-1.78743446305277,-9.97507570756694
18.185,-5.17006790399497,-1.79253015585856,-9.97507570756694
18.1875,-5.17006790399497,-1.78743446305277,-9.97507570756694
18.19,-5.17006790399497,-1.76195599902383,-9.96998258804469
18.1925,-5.16497344614176,-1.78743446305277,-9.96998258804469
18.195,-5.16497344614176,-1.78233877024698,-9.96998258804469
18.1975,-5.17006790399497,-1.78743446305277,-9.96998258804469
18.2,-5.17006790399497,-1.74666892060646,-9.96998258804469
18.2025,-5.16497344614176,-1.78743446305277,-9.97507570756694
18.205,-5.17006790399497,-1.78743446305277,-9.97507570756694
18.2075,-5.16497344614176,-1.79253015585856,-9.97507570756694
18.21,-5.16497344614176,-1.75176461341225,-9.97507570756694
18.2125,-5.17006790399497,-1.76705169182962,-9.97507570756694
18.215,-5.16497344614176,-1.78233877024698,-9.97507570756694
18.2175,-5.17006790399497,-1.78743446305277,-9.97507570756694
18.22,-5.17006790399497,-1.79253015585856,-9.98016882708919
18.2225,-5.16497344614176,-1.7721473846354,-9.98016882708919
18.225,-5.16497344614176,-1.78743446305277,-9.98016882708919
18.2275,-5.17006790399497,-1.78743446305277,-9.98016882708919
18.23,-5.16497344614176,-1.78743446305277,-9.97507570756694
18.2325,-5.16497344614176,-1.74157322780068,-9.98016882708919
18.235,-5.16497344614176,-1.78743446305277,-9.97507570756694
18.2375,-5.17006790399497,-1.78743446305277,-9.97507570756694
18.24,-5.16497344614176,-1.79253015585856,-9.97507570756694
18.2425,-5.17006790399497,-1.78743446305277,-9.97507570756694
18.245,-5.17006790399497,-1.78743446305277,-9.97507570756694
18.2475,-5.16497344614176,-1.78743446305277,-9.97507570756694
18.25,-5.16497344614176,-1.78743446305277,-9.97507570756694
18.2525,-5.17006790399497,-1.76195599902383,-9.96998258804469
18.255,-5.17006790399497,-1.78233877024698,-9.96998258804469
18.2575,-5.16497344614176,-1.79253015585856,-9.96998258804469
18.26,-5.17006790399497,-1.79253015585856,-9.97507570756694
18.2625,-5.16497344614176,-1.78743446305277,-9.96998258804469
18.265,-5.16497344614176,-1.78743446305277,-9.97507570756694
18.2675,-5.17006790399497,-1.78743446305277,-9.96998258804469
18.27,-5.16497344614176,-1.78743446305277,-9.97507570756694
18.2725,-5.17006790399497,-1.76195599902383,-9.97507570756694
18.275,-5.17006790399497,-1.79762584866435,-9.97507570756694
18.2775,-5.16497344614176,-1.79253015585856,-9.96998258804469
18.28,-5.16497344614176,-1.79253015585856,-9.98016882708919
18.2825,-5.17006790399497,-1.76705169182962,-9.97507570756694
18.285,-5.16497344614176,-1.79253015585856,-9.98016882708919
18.2875,-5.17006790399497,-1.78743446305277,-9.98016882708919
18.29,-5.17516236184818,-1.78743446305277,-9.98016882708919
18.2925,-5.17006790399497,-1.76705169182962,-9.97507570756694
18.295,-5.17006790399497,-1.79253015585856,-9.98016882708919
18.2975,-5.17516236184818,-1.79253015585856,-9.98016882708919
18.3,-5.17006790399497,-1.78743446305277,-9.98016882708919
18.3025,-5.16497344614176,-1.76195599902383,-9.98016882708919
18.305,-5.17006790399497,-1.78743446305277,-9.97507570756694
18.3075,-5.17006790399497,-1.78743446305277,-9.97507570756694
18.31,-5.17006790399497,-1.78743446305277,-9.97507570756694
18.3125,-5.17006790399497,-1.79253015585856,-9.97507570756694
18.315,-5.17006790399497,-1.79253015585856,-9.96998258804469
18.3175,-5.17006790399497,-1.79253015585856,-9.97507570756694
18.32,-5.17516236184818,-1.78743446305277,-9.97507570756694
18.3225,-5.17006790399497,-1.78743446305277,-9.96998258804469
18.325,-5.17516236184818,-1.78743446305277,-9.97507570756694
18.3275,-5.17516236184818,-1.78743446305277,-9.97507570756694
18.33,-5.17516236184818,-1.79253015585856,-9.96998258804469
18.3325,-5.17516236184818,-1.7721473846354,-9.97507570756694
18.335,-5.17516236184818,-1.79253015585856,-9.97507570756694
18.3375,-5.17516236184818,-1.79253015585856,-9.97507570756694
18.34,-5.17006790399497,-1.78743446305277,-9.97507570756694
18.3425,-5.17516236184818,-1.74157322780068,-9.97507570756694
18.345,-5.17516236184818,-1.78743446305277,-9.96998258804469
18.3475,-5.17516236184818,-1.79253015585856,-9.96998258804469
18.35,-5.17516236184818,-1.79253015585856,-9.97507570756694
18.3525,-5.17516236184818,-1.75176461341225,-9.97507570756694
18.355,-5.17516236184818,-1.79762584866435,-9.97507570756694
18.3575,-5.17516236184818,-1.79253015585856,-9.98016882708919
18.36,-5.17516236184818,-1.79253015585856,-9.97507570756694
18.3625,-5.17516236184818,-1.75176461341225,-9.97507570756694
18.365,-5.17516236184818,-1.78743446305277,-9.98016882708919
18.3675,-5.18025681970139,-1.79253015585856,-9.97507570756694
18.37,-5.17516236184818,-1.79762584866435,-9.97507570756694
18.3725,-5.17516236184818,-1.75176461341225,-9.98016882708919
18.375,-5.18025681970139,-1.79253015585856,-9.98016882708919
18.3775,-5.17516236184818,-1.79253015585856,-9.97507570756694
18.38,-5.17516236184818,-1.79253015585856,-9.97507570756694
18.3825,-5.18025681970139,-1.76705169182962,-9.97507570756694
18.385,-5.17516236184818,-1.79253015585856,-9.97507570756694
18.3875,-5.17516236184818,-1.79253015585856,-9.97507570756694
18.39,-5.18025681970139,-1.79253015585856,-9.97507570756694
18.3925,-5.18025681970139,-1.7721473846354,-9.96998258804469
18.395,-5.17516236184818,-1.79253015585856,-9.97507570756694
18.3975,-5.18025681970139,-1.79253015585856,-9.97507570756694
18.4,-5.18025681970139,-1.79253015585856,-9.96998258804469
18.4025,-5.17516236184818,-1.76705169182962,-9.96998258804469
18.405,-5.18025681970139,-1.79253015585856,-9.96998258804469
18.4075,-5.18025681970139,-1.79253015585856,-9.96998258804469
18.41,-5.18025681970139,-1.79762584866435,-9.97507570756694
18.4125,-5.18025681970139,-1.75176461341225,-9.97507570756694
18.415,-5.18025681970139,-1.79762584866435,-9.96998258804469
18.4175,-5.18025681970139,-1.79253015585856,-9.97507570756694
18.42,-5.18025681970139,-1.78743446305277,-9.97507570756694
18.4225,-5.18025681970139,-1.7721473846354,-9.97507570756694
18.425,-5.18025681970139,-1.79253015585856,-9.97507570756694
18.4275,-5.18025681970139,-1.79253015585856,-9.98016882708919
18.43,-5.1853512775546,-1.79762584866435,-9.98016882708919
18.4325,-5.17516236184818,-1.7721473846354,-9.98016882708919
18.435,-5.18025681970139,-1.79253015585856,-9.98016882708919
18.4375,-5.1853512775546,-1.79253015585856,-9.98016882708919
18.44,-5.18025681970139,-1.79253015585856,-9.97507570756694
18.4425,-5.18025681970139,-1.79253015585856,-9.98016882708919
18.445,-5.1853512775546,-1.79253015585856,-9.97507570756694
18.4475,-5.1853512775546,-1.79762584866435,-9.97507570756694
18.45,-5.18025681970139,-1.79253015585856,-9.98016882708919
18.4525,-5.1853512775546,-1.7721473846354,-9.97507570756694
18.455,-5.18025681970139,-1.79253015585856,-9.97507570756694
18.4575,-5.18025681970139,-1.78743446305277,-9.97507570756694
18.46,-5.1853512775546,-1.78743446305277,-9.96998258804469
18.4625,-5.18025681970139,-1.7721473846354,-9.97507570756694
18.465,-5.1853512775546,-1.79253015585856,-9.97507570756694
18.4675,-5.19044573540781,-1.79253015585856,-9.97507570756694
18.47,-5.1853512775546,-1.79253015585856,-9.96998258804469
18.4725,-5.1853512775546,-1.79253015585856,-9.97507570756694
18.475,-5.1853512775546,-1.78743446305277,-9.97507570756694
18.4775,-5.1853512775546,-1.79253015585856,-9.96998258804469
18.48,-5.1853512775546,-1.79253015585856,-9.96998258804469
18.4825,-5.19044573540781,-1.7721473846354,-9.97507570756694
18.485,-5.19044573540781,-1.79253015585856,-9.96998258804469
18.4875,-5.1853512775546,-1.79253015585856,-9.97507570756694
18.49,-5.19044573540781,-1.78743446305277,-9.98016882708919
18.4925,-5.1853512775546,-1.74666892060646,-9.97507570756694
18.495,-5.1853512775546,-1.78743446305277,-9.97507570756694
18.4975,-5.19044573540781,-1.78743446305277,-9.98016882708919
18.5,-5.19044573540781,-1.79253015585856,-9.98016882708919
18.5025,-5.1853512775546,-1.7721473846354,-9.98016882708919
18.505,-5.1853512775546,-1.79253015585856,-9.98016882708919
18.5075,-5.19044573540781,-1.79253015585856,-9.98016882708919
18.51,-5.1853512775546,-1.79253015585856,-9.97507570756694
18.5125,-5.1853512775546,-1.74157322780068,-9.98016882708919
18.515,-5.1853512775546,-1.78233877024698,-9.97507570756694
18.5175,-5.1853512775546,-1.78743446305277,-9.97507570756694
18.52,-5.1853512775546,-1.78743446305277,-9.97507570756694
18.5225,-5.19044573540781,-1.76705169182962,-9.97507570756694
18.525,-5.1853512775546,-1.79253015585856,-9.97507570756694
18.5275,-5.1853512775546,-1.78743446305277,-9.97507570756694
18.53,-5.19044573540781,-1.78233877024698,-9.97507570756694
18.5325,-5.1853512775546,-1.76195599902383,-9.96998258804469
18.535,-5.1853512775546,-1.78233877024698,-9.96998258804469
18.5375,-5.19044573540781,-1.78233877024698,-9.97507570756694
18.54,-5.19044573540781,-1.78743446305277,-9.96998258804469
18.5425,-5.1853512775546,-1.76705169182962,-9.97507570756694
18.545,-5.19044573540781,-1.78233877024698,-9.97507570756694
18.5475,-5.1853512775546,-1.78233877024698,-9.97507570756694
18.55,-5.1853512775546,-1.78233877024698,-9.97507570756694
18.5525,-5.19044573540781,-1.78233877024698,-9.98016882708919
18.555,-5.19044573540781,-1.78743446305277,-9.98016882708919
18.5575,-5.1853512775546,-1.78743446305277,-9.98016882708919
18.56,-5.19044573540781,-1.78743446305277,-9.98016882708919
18.5625,-5.1853512775546,-1.74666892060646,-9.97507570756694
18.565,-5.18025681970139,-1.78743446305277,-9.98016882708919
18.5675,-5.18025681970139,-1.78233877024698,-9.98016882708919
18.57,-5.1853512775546,-1.78233877024698,-9.97507570756694
18.5725,-5.18025681970139,-1.78743446305277,-9.97507570756694
18.575,-5.1853512775546,-1.78233877024698,-9.98016882708919
18.5775,-5.18025681970139,-1.79253015585856,-9.97507570756694
18.58,-5.18025681970139,-1.78743446305277,-9.98016882708919
18.5825,-5.1853512775546,-1.76195599902383,-9.97507570756694
18.585,-5.1853512775546,-1.78233877024698,-9.97507570756694
18.5875,-5.18025681970139,-1.78233877024698,-9.96998258804469
18.59,-5.18025681970139,-1.78233877024698,-9.97507570756694
18.5925,-5.18025681970139,-1.78743446305277,-9.97507570756694
18.595,-5.1853512775546,-1.78743446305277,-9.97507570756694
18.5975,-5.17516236184818,-1.78743446305277,-9.97507570756694
18.6,-5.16497344614176,-1.78233877024698,-9.97507570756694
18.6025,-5.18025681970139,-1.78743446305277,-9.96998258804469
18.605,-5.17516236184818,-1.78233877024698,-9.97507570756694
18.6075,-5.18025681970139,-1.78233877024698,-9.97507570756694
18.61,-5.18025681970139,-1.78743446305277,-9.97507570756694
18.6125,-5.18025681970139,-1.78743446305277,-9.97507570756694
18.615,-5.1853512775546,-1.78743446305277,-9.97507570756694
18.6175,-5.18025681970139,-1.78743446305277,-9.9190513928222
18.62,-5.17516236184818,-1.78743446305277,-9.98526194661144
18.6225,-5.17516236184818,-1.73647753499489,-9.98016882708919
18.625,-5.17516236184818,-1.78233877024698,-9.98016882708919
18.6275,-5.17516236184818,-1.78233877024698,-9.98016882708919
18.63,-5.17516236184818,-1.78743446305277,-9.98016882708919
18.6325,-5.18025681970139,-1.74157322780068,-9.97507570756694
18.635,-5.17516236184818,-1.78743446305277,-9.97507570756694
18.6375,-5.17516236184818,-1.78743446305277,-9.98016882708919
18.64,-5.18025681970139,-1.78233877024698,-9.97507570756694
18.6425,-5.17516236184818,-1.74157322780068,-9.97507570756694
18.645,-5.18025681970139,-1.77724307744119,-9.97507570756694
18.6475,-5.18025681970139,-1.78743446305277,-9.97507570756694
18.65,-5.17516236184818,-1.78743446305277,-9.97507570756694
18.6525,-5.17516236184818,-1.74666892060646,-9.97507570756694
18.655,-5.17516236184818,-1.78743446305277,-9.97507570756694
18.6575,-5.17516236184818,-1.78233877024698,-9.96998258804469
18.66,-5.17516236184818,-1.78233877024698,-9.96998258804469
18.6625,-5.17516236184818,-1.73647753499489,-9.96998258804469
18.665,-5.17516236184818,-1.78233877024698,-9.96998258804469
18.6675,-5.17516236184818,-1.78233877024698,-9.96998258804469
18.67,-5.18025681970139,-1.78743446305277,-9.96998258804469
18.6725,-5.17516236184818,-1.76705169182962,-9.97507570756694
18.675,-5.17516236184818,-1.78743446305277,-9.96998258804469
18.6775,-5.17516236184818,-1.78233877024698,-9.97507570756694
18.68,-5.17516236184818,-1.78233877024698,-9.97507570756694
18.6825,-5.17006790399497,-1.77724307744119,-9.97507570756694
18.685,-5.17516236184818,-1.78233877024698,-9.97507570756694
18.6875,-5.17516236184818,-1.78743446305277,-9.97507570756694
18.69,-5.17516236184818,-1.78743446305277,-9.97507570756694
18.6925,-5.17516236184818,-1.78233877024698,-9.98016882708919
18.695,-5.17516236184818,-1.78233877024698,-9.98016882708919
18.6975,-5.17006790399497,-1.77724307744119,-9.98016882708919
18.7,-5.17516236184818,-1.77724307744119,-9.97507570756694
18.7025,-5.17516236184818,-1.78233877024698,-9.97507570756694
18.705,-5.17516236184818,-1.78233877024698,-9.98016882708919
18.7075,-5.17516236184818,-1.78743446305277,-9.98016882708919
18.71,-5.17516236184818,-1.78743446305277,-9.97507570756694
18.7125,-5.17516236184818,-1.76195599902383,-9.97507570756694
18.715,-5.17516236184818,-1.77724307744119,-9.97507570756694
18.7175,-5.17516236184818,-1.78233877024698,-9.96998258804469
18.72,-5.17516236184818,-1.77724307744119,-9.97507570756694
18.7225,-5.17516236184818,-1.75176461341225,-9.97507570756694
18.725,-5.17516236184818,-1.78233877024698,-9.97507570756694
18.7275,-5.17516236184818,-1.78233877024698,-9.97507570756694
18.73,-5.17516236184818,-1.78233877024698,-9.97507570756694
18.7325,-5.17516236184818,-1.77724307744119,-9.96998258804469
18.735,-5.17516236184818,-1.78233877024698,-9.97507570756694
18.7375,-5.17516236184818,-1.77724307744119,-9.96998258804469
18.74,-5.17516236184818,-1.77724307744119,-9.97507570756694
18.7425,-5.17516236184818,-1.78233877024698,-9.96998258804469
18.745,-5.17516236184818,-1.78233877024698,-9.97507570756694
18.7475,-5.18025681970139,-1.78233877024698,-9.97507570756694
18.75,-5.17516236184818,-1.78743446305277,-9.97507570756694
18.7525,-5.17516236184818,-1.7721473846354,-9.97507570756694
18.755,-5.17516236184818,-1.7721473846354,-9.97507570756694
18.7575,-5.17516236184818,-1.77724307744119,-9.98016882708919
18.76,-5.18025681970139,-1.7721473846354,-9.98016882708919
18.7625,-5.17516236184818,-1.74157322780068,-9.98016882708919
18.765,-5.17516236184818,-1.78233877024698,-9.98016882708919
18.7675,-5.17006790399497,-1.77724307744119,-9.98016882708919
18.77,-5.17516236184818,-1.77724307744119,-9.97507570756694
18.7725,-5.17516236184818,-1.7313818421891,-9.97507570756694
18.775,-5.17516236184818,-1.7721473846354,-9.98016882708919
18.7775,-5.18025681970139,-1.77724307744119,-9.98016882708919
18.78,-5.17516236184818,-1.77724307744119,-9.97507570756694
18.7825,-5.17516236184818,-1.75686030621804,-9.97507570756694
18.785,-5.17516236184818,-1.77724307744119,-9.98016882708919
18.7875,-5.17516236184818,-1.77724307744119,-9.97507570756694
18.79,-5.17006790399497,-1.7721473846354,-9.97507570756694
18.7925,-5.17516236184818,-1.75176461341225,-9.97507570756694
18.795,-5.17516236184818,-1.77724307744119,-9.96998258804469
18.7975,-5.17516236184818,-1.77724307744119,-9.96998258804469
18.8,-5.17516236184818,-1.77724307744119,-9.97507570756694
18.8025,-5.17516236184818,-1.76195599902383,-9.96998258804469
18.805,-5.17516236184818,-1.77724307744119,-9.97507570756694
18.8075,-5.17516236184818,-1.7721473846354,-9.97507570756694
18.81,-5.17516236184818,-1.7721473846354,-9.96998258804469
18.8125,-5.17516236184818,-1.75176461341225,-9.96998258804469
18.815,-5.17516236184818,-1.7721473846354,-9.97507570756694
18.8175,-5.17516236184818,-1.78743446305277,-9.97507570756694
18.82,-5.17516236184818,-1.78233877024698,-9.97507570756694
18.8225,-5.17516236184818,-1.75686030621804,-9.98016882708919
18.825,-5.17516236184818,-1.77724307744119,-9.97507570756694
18.8275,-5.17516236184818,-1.77724307744119,-9.98016882708919
18.83,-5.17516236184818,-1.7721473846354,-9.98016882708919
18.8325,-5.17516236184818,-1.7313818421891,-9.97507570756694
18.835,-5.17516236184818,-1.77724307744119,-9.97507570756694
18.8375,-5.17516236184818,-1.78233877024698,-9.97507570756694
18.84,-5.17516236184818,-1.77724307744119,-9.98016882708919
18.8425,-5.17516236184818,-1.73647753499489,-9.97507570756694
18.845,-5.17516236184818,-1.7721473846354,-9.97507570756694
18.8475,-5.17516236184818,-1.7721473846354,-9.97507570756694
18.85,-5.17516236184818,-1.7721473846354,-9.96998258804469
18.8525,-5.17516236184818,-1.7313818421891,-9.97507570756694
18.855,-5.18025681970139,-1.7721473846354,-9.97507570756694
18.8575,-5.18025681970139,-1.78233877024698,-9.96998258804469
18.86,-5.17516236184818,-1.78233877024698,-9.97507570756694
18.8625,-5.17516236184818,-1.7313818421891,-9.97507570756694
18.865,-5.18025681970139,-1.77724307744119,-9.96998258804469
18.8675,-5.17516236184818,-1.7721473846354,-9.96998258804469
18.87,-5.18025681970139,-1.7721473846354,-9.96998258804469
18.8725,-5.18025681970139,-1.75686030621804,-9.96998258804469
18.875,-5.17516236184818,-1.78233877024698,-9.97507570756694
18.8775,-5.17516236184818,-1.78233877024698,-9.97507570756694
18.88,-5.18025681970139,-1.77724307744119,-9.97507570756694
18.8825,-5.17516236184818,-1.75686030621804,-9.97507570756694
18.885,-5.17516236184818,-1.7721473846354,-9.97507570756694
18.8875,-5.18025681970139,-1.7721473846354,-9.98016882708919
18.89,-5.17516236184818,-1.77724307744119,-9.97507570756694
18.8925,-5.17516236184818,-1.73647753499489,-9.98016882708919
18.895,-5.17516236184818,-1.78233877024698,-9.98016882708919
18.8975,-5.18025681970139,-1.78233877024698,-9.98016882708919
18.9,-5.18025681970139,-1.7721473846354,-9.98016882708919
18.9025,-5.18025681970139,-1.75176461341225,-9.97507570756694
18.905,-5.18025681970139,-1.7721473846354,-9.97507570756694
18.9075,-5.17516236184818,-1.7721473846354,-9.97507570756694
18.91,-5.18025681970139,-1.77724307744119,-9.97507570756694
18.9125,-5.18025681970139,-1.76195599902383,-9.96998258804469
18.915,-5.18025681970139,-1.77724307744119,-9.97507570756694
18.9175,-5.1853512775546,-1.78233877024698,-9.97507570756694
18.92,-5.18025681970139,-1.77724307744119,-9.96998258804469
18.9225,-5.18025681970139,-1.7721473846354,-9.96998258804469
18.925,-5.18025681970139,-1.7721473846354,-9.96998258804469
18.9275,-5.18025681970139,-1.77724307744119,-9.96998258804469
18.93,-5.1853512775546,-1.7721473846354,-9.96998258804469
18.9325,-5.1853512775546,-1.7721473846354,-9.97507570756694
18.935,-5.1853512775546,-1.78233877024698,-9.96998258804469
18.9375,-5.18025681970139,-1.77724307744119,-9.97507570756694
18.94,-5.1853512775546,-1.77724307744119,-9.97507570756694
18.9425,-5.1853512775546,-1.7721473846354,-9.97507570756694
18.945,-5.18025681970139,-1.7721473846354,-9.97507570756694
18.9475,-5.18025681970139,-1.7721473846354,-9.98016882708919
18.95,-5.1853512775546,-1.7721473846354,-9.97507570756694
18.9525,-5.18025681970139,-1.75686030621804,-9.97507570756694
18.955,-5.18025681970139,-1.77724307744119,-9.98016882708919
18.9575,-5.1853512775546,-1.77724307744119,-9.98016882708919
18.96,-5.18025681970139,-1.77724307744119,-9.97507570756694
18.9625,-5.18025681970139,-1.7721473846354,-9.97507570756694
18.965,-5.19044573540781,-1.7721473846354,-9.97507570756694
18.9675,-5.18025681970139,-1.77724307744119,-9.97507570756694
18.97,-5.1853512775546,-1.77724307744119,-9.97507570756694
18.9725,-5.19044573540781,-1.73647753499489,-9.96998258804469
18.975,-5.1853512775546,-1.78233877024698,-9.96998258804469
18.9775,-5.18025681970139,-1.77724307744119,-9.97507570756694
18.98,-5.1853512775546,-1.78233877024698,-9.97507570756694
18.9825,-5.1853512775546,-1.7313818421891,-9.96998258804469
18.985,-5.18025681970139,-1.7721473846354,-9.96998258804469
18.9875,-5.19044573540781,-1.77724307744119,-9.96998258804469
18.99,-5.1853512775546,-1.78233877024698,-9.96998258804469
18.9925,-5.19044573540781,-1.73647753499489,-9.96998258804469
18.995,-5.19044573540781,-1.77724307744119,-9.97507570756694
18.9975,-5.19044573540781,-1.77724307744119,-9.96998258804469
19,-5.19044573540781,-1.77724307744119,-9.97507570756694
19.0025,-5.19044573540781,-1.7313818421891,-9.97507570756694
19.005,-5.19044573540781,-1.78233877024698,-9.97507570756694
19.0075,-5.19044573540781,-1.77724307744119,-9.97507570756694
19.01,-5.19044573540781,-1.78233877024698,-9.98016882708919
19.0125,-5.19044573540781,-1.74157322780068,-9.98016882708919
19.015,-5.1853512775546,-1.78233877024698,-9.98016882708919
19.0175,-5.19044573540781,-1.7721473846354,-9.98016882708919
19.02,-5.19044573540781,-1.77724307744119,-9.97507570756694
19.0225,-5.1853512775546,-1.7313818421891,-9.98016882708919
19.025,-5.19044573540781,-1.77724307744119,-9.97507570756694
19.0275,-5.19044573540781,-1.78233877024698,-9.97507570756694
19.03,-5.1853512775546,-1.78233877024698,-9.97507570756694
19.0325,-5.19044573540781,-1.78233877024698,-9.97507570756694
19.035,-5.19044573540781,-1.77724307744119,-9.97507570756694
19.0375,-5.19044573540781,-1.7721473846354,-9.97507570756694
19.04,-5.19554019326102,-1.7721473846354,-9.97507570756694
19.0425,-5.19044573540781,-1.75176461341225,-9.96998258804469
19.045,-5.19044573540781,-1.77724307744119,-9.96998258804469
19.0475,-5.19554019326102,-1.78233877024698,-9.96998258804469
19.05,-5.19044573540781,-1.78233877024698,-9.97507570756694
19.0525,-5.19044573540781,-1.75686030621804,-9.97507570756694
19.055,-5.19044573540781,-1.7721473846354,-9.97507570756694
19.0575,-5.19044573540781,-1.77724307744119,-9.97507570756694
19.06,-5.19044573540781,-1.7721473846354,-9.96998258804469
19.0625,-5.19554019326102,-1.7313818421891,-9.97507570756694
19.065,-5.19554019326102,-1.78233877024698,-9.97507570756694
19.0675,-5.19044573540781,-1.78743446305277,-9.97507570756694
19.07,-5.19044573540781,-1.77724307744119,-9.97507570756694
19.0725,-5.19044573540781,-1.75686030621804,-9.97507570756694
19.075,-5.19044573540781,-1.77724307744119,-9.98016882708919
19.0775,-5.19044573540781,-1.7721473846354,-9.98016882708919
19.08,-5.19554019326102,-1.77724307744119,-9.97507570756694
19.0825,-5.19044573540781,-1.73647753499489,-9.97507570756694
19.085,-5.19044573540781,-1.78233877024698,-9.98016882708919
19.0875,-5.19554019326102,-1.78233877024698,-9.97507570756694
19.09,-5.19044573540781,-1.78233877024698,-9.97507570756694
19.0925,-5.19044573540781,-1.7721473846354,-9.98016882708919
19.095,-5.19554019326102,-1.7721473846354,-9.97507570756694
19.0975,-5.19044573540781,-1.7721473846354,-9.97507570756694
19.1,-5.19044573540781,-1.7721473846354,-9.97507570756694
19.1025,-5.19554019326102,-1.75686030621804,-9.97507570756694
19.105,-5.19044573540781,-1.78233877024698,-9.97507570756694
19.1075,-5.19044573540781,-1.77724307744119,-9.97507570756694
19.11,-5.19554019326102,-1.7721473846354,-9.97507570756694
19.1125,-5.19044573540781,-1.75176461341225,-9.97507570756694
19.115,-5.19044573540781,-1.7721473846354,-9.96998258804469
19.1175,-5.19554019326102,-1.7721473846354,-9.96998258804469
19.12,-5.19554019326102,-1.77724307744119,-9.96998258804469
19.1225,-5.19044573540781,-1.75686030621804,-9.96998258804469
19.125,-5.19554019326102,-1.77724307744119,-9.97507570756694
19.1275,-5.19044573540781,-1.77724307744119,-9.97507570756694
19.13,-5.19044573540781,-1.7721473846354,-9.97507570756694
19.1325,-5.19554019326102,-1.7313818421891,-9.97507570756694
19.135,-5.19044573540781,-1.7721473846354,-9.97507570756694
19.1375,-5.19044573540781,-1.7721473846354,-9.97507570756694
19.14,-5.19554019326102,-1.77724307744119,-9.97507570756694
19.1425,-5.19044573540781,-1.76705169182962,-9.97507570756694
19.145,-5.19044573540781,-1.74157322780068,-9.98016882708919
19.1475,-5.19044573540781,-1.7721473846354,-9.98016882708919
19.15,-5.19044573540781,-1.7721473846354,-9.98016882708919
19.1525,-5.19044573540781,-1.7721473846354,-9.98016882708919
19.155,-5.19044573540781,-1.74666892060646,-9.97507570756694
19.1575,-5.19044573540781,-1.7721473846354,-9.97507570756694
19.16,-5.19044573540781,-1.77724307744119,-9.97507570756694
19.1625,-5.19554019326102,-1.77724307744119,-9.97507570756694
19.165,-5.19044573540781,-1.7721473846354,-9.97507570756694
19.1675,-5.19044573540781,-1.76705169182962,-9.97507570756694
19.17,-5.19044573540781,-1.76705169182962,-9.97507570756694
19.1725,-5.19044573540781,-1.76705169182962,-9.97507570756694
19.175,-5.19044573540781,-1.74666892060646,-9.97507570756694
19.1775,-5.19554019326102,-1.7721473846354,-9.96998258804469
19.18,-5.19554019326102,-1.7721473846354,-9.96998258804469
19.1825,-5.19044573540781,-1.7721473846354,-9.97507570756694
19.185,-5.19044573540781,-1.74666892060646,-9.97507570756694
19.1875,-5.19554019326102,-1.7721473846354,-9.96998258804469
19.19,-5.19044573540781,-1.76705169182962,-9.96998258804469
19.1925,-5.19044573540781,-1.76705169182962,-9.97507570756694
19.195,-5.19554019326102,-1.72119045657752,-9.96998258804469
19.1975,-5.19044573540781,-1.7721473846354,-9.96998258804469
19.2,-5.19044573540781,-1.7721473846354,-9.97507570756694
19.2025,-5.19554019326102,-1.7721473846354,-9.97507570756694
19.205,-5.19044573540781,-1.72628614938331,-9.97507570756694
19.2075,-5.19044573540781,-1.76705169182962,-9.98016882708919
19.21,-5.19044573540781,-1.76705169182962,-9.97507570756694
19.2125,-5.19044573540781,-1.76705169182962,-9.97507570756694
19.215,-5.1853512775546,-1.76705169182962,-9.98016882708919
19.2175,-5.19044573540781,-1.7721473846354,-9.98016882708919
19.22,-5.19044573540781,-1.7721473846354,-9.98016882708919
19.2225,-5.1853512775546,-1.7721473846354,-9.98016882708919
19.225,-5.19044573540781,-1.72119045657752,-9.98016882708919
19.2275,-5.1853512775546,-1.76705169182962,-9.97507570756694
19.23,-5.19554019326102,-1.76705169182962,-9.97507570756694
19.2325,-5.19044573540781,-1.76195599902383,-9.97507570756694
19.235,-5.19044573540781,-1.74666892060646,-9.97507570756694
19.2375,-5.1853512775546,-1.76705169182962,-9.98016882708919
19.24,-5.19044573540781,-1.76705169182962,-9.97507570756694
19.2425,-5.19044573540781,-1.76705169182962,-9.97507570756694
19.245,-5.19044573540781,-1.72119045657752,-9.97507570756694
19.2475,-5.19044573540781,-1.76195599902383,-9.97507570756694
19.25,-5.19044573540781,-1.76195599902383,-9.96998258804469
19.2525,-5.19044573540781,-1.76195599902383,-9.97507570756694
19.255,-5.19044573540781,-1.74157322780068,-9.97507570756694
19.2575,-5.19044573540781,-1.76705169182962,-9.97507570756694
19.26,-5.19044573540781,-1.76705169182962,-9.97507570756694
19.2625,-5.19044573540781,-1.76705169182962,-9.97507570756694
19.265,-5.19044573540781,-1.76705169182962,-9.96998258804469
19.2675,-5.1853512775546,-1.76705169182962,-9.97507570756694
19.27,-5.19044573540781,-1.76195599902383,-9.96998258804469
19.2725,-5.19044573540781,-1.76195599902383,-9.96998258804469
19.275,-5.19044573540781,-1.74666892060646,-9.97507570756694
19.2775,-5.19044573540781,-1.76705169182962,-9.97507570756694
19.28,-5.19044573540781,-1.7721473846354,-9.97507570756694
19.2825,-5.19044573540781,-1.7721473846354,-9.98016882708919
19.285,-5.18025681970139,-1.74157322780068,-9.97507570756694
19.2875,-5.19044573540781,-1.76705169182962,-9.97507570756694
19.29,-5.18025681970139,-1.76705169182962,-9.97507570756694
19.2925,-5.1853512775546,-1.76195599902383,-9.98016882708919
19.295,-5.1853512775546,-1.74666892060646,-9.98016882708919
19.2975,-5.1853512775546,-1.7721473846354,-9.97507570756694
19.3,-5.1853512775546,-1.76705169182962,-9.98016882708919
19.3025,-5.1853512775546,-1.76705169182962,-9.98016882708919
19.305,-5.1853512775546,-1.76705169182962,-9.98016882708919
19.3075,-5.18025681970139,-1.76195599902383,-9.97507570756694
19.31,-5.19044573540781,-1.76195599902383,-9.97507570756694
19.3125,-5.1853512775546,-1.76705169182962,-9.96998258804469
19.315,-5.18025681970139,-1.74157322780068,-9.97507570756694
19.3175,-5.19044573540781,-1.76705169182962,-9.97507570756694
19.32,-5.1853512775546,-1.7721473846354,-9.96998258804469
19.3225,-5.1853512775546,-1.76705169182962,-9.97507570756694
19.325,-5.19044573540781,-1.74157322780068,-9.96998258804469
19.3275,-5.1853512775546,-1.76195599902383,-9.96998258804469
19.33,-5.1853512775546,-1.75686030621804,-9.96998258804469
19.3325,-5.19044573540781,-1.76195599902383,-9.97507570756694
19.335,-5.19044573540781,-1.76705169182962,-9.96998258804469
19.3375,-5.1853512775546,-1.7721473846354,-9.97507570756694
19.34,-5.19044573540781,-1.7721473846354,-9.97507570756694
19.3425,-5.19044573540781,-1.7721473846354,-9.97507570756694
19.345,-5.18025681970139,-1.76705169182962,-9.97507570756694
19.3475,-5.19044573540781,-1.76195599902383,-9.97507570756694
19.35,-5.19044573540781,-1.76705169182962,-9.96998258804469
19.3525,-5.1853512775546,-1.76705169182962,-9.97507570756694
19.355,-5.19044573540781,-1.74666892060646,-9.97507570756694
19.3575,-5.19044573540781,-1.7721473846354,-9.97507570756694
19.36,-5.1853512775546,-1.7721473846354,-9.98016882708919
19.3625,-5.19044573540781,-1.76705169182962,-9.98016882708919
19.365,-5.1853512775546,-1.76705169182962,-9.98016882708919
19.3675,-5.1853512775546,-1.76705169182962,-9.97507570756694
19.37,-5.1853512775546,-1.76195599902383,-9.98016882708919
19.3725,-5.19044573540781,-1.75686030621804,-9.97507570756694
19.375,-5.18025681970139,-1.74666892060646,-9.97507570756694
19.3775,-5.1853512775546,-1.76705169182962,-9.98016882708919
19.38,-5.1853512775546,-1.76705169182962,-9.97507570756694
19.3825,-5.18025681970139,-1.76195599902383,-9.97507570756694
19.385,-5.18025681970139,-1.71609476377173,-9.97507570756694
19.3875,-5.1853512775546,-1.75686030621804,-9.97507570756694
19.39,-5.1853512775546,-1.75686030621804,-9.97507570756694
19.3925,-5.18025681970139,-1.76195599902383,-9.97507570756694
19.395,-5.16497344614176,-1.71609476377173,-9.97507570756694
19.3975,-5.1853512775546,-1.76705169182962,-9.97507570756694
19.4,-5.18025681970139,-1.76705169182962,-9.97507570756694
19.4025,-5.1853512775546,-1.75686030621804,-9.97507570756694
19.405,-5.18025681970139,-1.71609476377173,-9.96998258804469
19.4075,-5.18025681970139,-1.75686030621804,-9.96998258804469
19.41,-5.1853512775546,-1.75686030621804,-9.96998258804469
19.4125,-5.1853512775546,-1.76195599902383,-9.96998258804469
19.415,-5.18025681970139,-1.76195599902383,-9.97507570756694
19.4175,-5.1853512775546,-1.76705169182962,-9.98016882708919
19.42,-5.18025681970139,-1.76195599902383,-9.97507570756694
19.4225,-5.18025681970139,-1.75686030621804,-9.97507570756694
19.425,-5.1853512775546,-1.75686030621804,-9.98016882708919
19.4275,-5.1853512775546,-1.75176461341225,-9.98016882708919
19.43,-5.18025681970139,-1.75176461341225,-9.98016882708919
19.4325,-5.1853512775546,-1.75176461341225,-9.98016882708919
19.435,-5.1853512775546,-1.74157322780068,-9.97507570756694
19.4375,-5.18025681970139,-1.76195599902383,-9.98016882708919
19.44,-5.18025681970139,-1.75686030621804,-9.98016882708919
19.4425,-5.1853512775546,-1.75686030621804,-9.97507570756694
19.445,-5.18025681970139,-1.72628614938331,-9.97507570756694
19.4475,-5.18025681970139,-1.75176461341225,-9.97507570756694
19.45,-5.1853512775546,-1.75176461341225,-9.97507570756694
19.4525,-5.18025681970139,-1.75686030621804,-9.96998258804469
19.455,-5.18025681970139,-1.71609476377173,-9.97507570756694
19.4575,-5.1853512775546,-1.76195599902383,-9.97507570756694
19.46,-5.18025681970139,-1.75686030621804,-9.97507570756694
19.4625,-5.18025681970139,-1.75176461341225,-9.96998258804469
19.465,-5.18025681970139,-1.70590337816015,-9.97507570756694
19.4675,-5.18025681970139,-1.75176461341225,-9.97507570756694
19.47,-5.18025681970139,-1.75176461341225,-9.96998258804469
19.4725,-5.1853512775546,-1.75686030621804,-9.97507570756694
19.475,-5.18025681970139,-1.74157322780068,-9.96998258804469
19.4775,-5.18025681970139,-1.76195599902383,-9.97507570756694
19.48,-5.1853512775546,-1.75686030621804,-9.97507570756694
19.4825,-5.1853512775546,-1.76195599902383,-9.97507570756694
19.485,-5.18025681970139,-1.7313818421891,-9.97507570756694
19.4875,-5.1853512775546,-1.75176461341225,-9.97507570756694
19.49,-5.1853512775546,-1.75686030621804,-9.98016882708919
19.4925,-5.18025681970139,-1.75686030621804,-9.97507570756694
19.495,-5.1853512775546,-1.73647753499489,-9.98016882708919
19.4975,-5.19044573540781,-1.75686030621804,-9.98016882708919
19.5,-5.18025681970139,-1.76195599902383,-9.98016882708919
19.5025,-5.18025681970139,-1.75686030621804,-9.98016882708919
19.505,-5.1853512775546,-1.71099907096594,-9.98016882708919
19.5075,-5.18025681970139,-1.75686030621804,-9.98016882708919
19.51,-5.18025681970139,-1.75686030621804,-9.97507570756694
19.5125,-5.19044573540781,-1.75686030621804,-9.98016882708919
19.515,-5.1853512775546,-1.71609476377173,-9.97507570756694
19.5175,-5.1853512775546,-1.76195599902383,-9.97507570756694
19.52,-5.1853512775546,-1.75686030621804,-9.97507570756694
19.5225,-5.1853512775546,-1.75686030621804,-9.97507570756694
19.525,-5.18025681970139,-1.7313818421891,-9.97507570756694
19.5275,-5.1853512775546,-1.75176461341225,-9.97507570756694
19.53,-5.1853512775546,-1.75686030621804,-9.98016882708919
19.5325,-5.1853512775546,-1.75686030621804,-9.94961010995569
19.535,-5.19044573540781,-1.72119045657752,-9.97507570756694
19.5375,-5.19044573540781,-1.76195599902383,-9.96998258804469
19.54,-5.1853512775546,-1.75686030621804,-9.96998258804469
19.5425,-5.1853512775546,-1.75686030621804,-9.96998258804469
19.545,-5.1853512775546,-1.71099907096594,-9.96998258804469
19.5475,-5.1853512775546,-1.75686030621804,-9.96998258804469
19.55,-5.19044573540781,-1.75176461341225,-9.96998258804469
19.5525,-5.19044573540781,-1.76195599902383,-9.97507570756694
19.555,-5.1853512775546,-1.74157322780068,-9.97507570756694
19.5575,-5.19044573540781,-1.75686030621804,-9.97507570756694
19.56,-5.19044573540781,-1.75686030621804,-9.97507570756694
19.5625,-5.1853512775546,-1.75686030621804,-9.97507570756694
19.565,-5.1853512775546,-1.75176461341225,-9.98016882708919
19.5675,-5.19044573540781,-1.75686030621804,-9.97507570756694
19.57,-5.19044573540781,-1.75686030621804,-9.97507570756694
19.5725,-5.19044573540781,-1.76705169182962,-9.97507570756694
19.575,-5.19554019326102,-1.73647753499489,-9.97507570756694
19.5775,-5.19044573540781,-1.76195599902383,-9.97507570756694
19.58,-5.19044573540781,-1.75686030621804,-9.97507570756694
19.5825,-5.19044573540781,-1.75686030621804,-9.97507570756694
19.585,-5.19044573540781,-1.71099907096594,-9.97507570756694
19.5875,-5.19044573540781,-1.75686030621804,-9.97507570756694
19.59,-5.19554019326102,-1.76195599902383,-9.97507570756694
19.5925,-5.19044573540781,-1.76705169182962,-9.96998258804469
19.595,-5.19044573540781,-1.71609476377173,-9.97507570756694
19.5975,-5.19554019326102,-1.75686030621804,-9.97507570756694
19.6,-5.19554019326102,-1.75686030621804,-9.96998258804469
19.6025,-5.19044573540781,-1.75176461341225,-9.96998258804469
19.605,-5.19554019326102,-1.71099907096594,-9.96998258804469
19.6075,-5.19554019326102,-1.76195599902383,-9.96998258804469
19.61,-5.19554019326102,-1.76195599902383,-9.96998258804469
19.6125,-5.20063465111423,-1.76195599902383,-9.97507570756694
19.615,-5.19554019326102,-1.72119045657752,-9.97507570756694
19.6175,-5.19044573540781,-1.75686030621804,-9.97507570756694
19.62,-5.20063465111423,-1.75686030621804,-9.96998258804469
19.6225,-5.20063465111423,-1.75686030621804,-9.97507570756694
19.625,-5.19554019326102,-1.71099907096594,-9.98016882708919
19.6275,-5.20063465111423,-1.76195599902383,-9.97507570756694
19.63,-5.20063465111423,-1.76705169182962,-9.97507570756694
19.6325,-5.19554019326102,-1.75686030621804,-9.98016882708919
19.635,-5.20063465111423,-1.74157322780068,-9.98016882708919
19.6375,-5.20572910896744,-1.76195599902383,-9.97507570756694
19.64,-5.20063465111423,-1.75686030621804,-9.97507570756694
19.6425,-5.20063465111423,-1.75686030621804,-9.97507570756694
19.645,-5.20572910896744,-1.73647753499489,-9.97507570756694
19.6475,-5.20063465111423,-1.76195599902383,-9.97507570756694
19.65,-5.20063465111423,-1.76195599902383,-9.97507570756694
19.6525,-5.20572910896744,-1.76195599902383,-9.97507570756694
19.655,-5.19554019326102,-1.74157322780068,-9.97507570756694
19.6575,-5.20063465111423,-1.75686030621804,-9.97507570756694
19.66,-5.20572910896744,-1.75686030621804,-9.97507570756694
19.6625,-5.20572910896744,-1.75686030621804,-9.96998258804469
19.665,-5.20572910896744,-1.75686030621804,-9.96998258804469
19.6675,-5.20572910896744,-1.76195599902383,-9.97507570756694
19.67,-5.20572910896744,-1.76705169182962,-9.96998258804469
19.6725,-5.20572910896744,-1.76195599902383,-9.97507570756694
19.675,-5.21082356682065,-1.71099907096594,-9.97507570756694
19.6775,-5.20063465111423,-1.76195599902383,-9.96998258804469
19.68,-5.21082356682065,-1.75686030621804,-9.96998258804469
19.6825,-5.20572910896744,-1.75686030621804,-9.96998258804469
19.685,-5.20572910896744,-1.76195599902383,-9.96998258804469
19.6875,-5.20572910896744,-1.76705169182962,-9.97507570756694
19.69,-5.20572910896744,-1.76195599902383,-9.97507570756694
19.6925,-5.21082356682065,-1.76195599902383,-9.97507570756694
19.695,-5.20572910896744,-1.71609476377173,-9.97507570756694
19.6975,-5.20572910896744,-1.75686030621804,-9.97507570756694
19.7,-5.21082356682065,-1.75686030621804,-9.97507570756694
19.7025,-5.20572910896744,-1.75686030621804,-9.97507570756694
19.705,-5.20572910896744,-1.71099907096594,-9.98016882708919
19.7075,-5.21082356682065,-1.76195599902383,-9.98016882708919
19.71,-5.20572910896744,-1.76195599902383,-9.97507570756694
19.7125,-5.20572910896744,-1.76195599902383,-9.98016882708919
19.715,-5.21082356682065,-1.7313818421891,-9.98016882708919
19.7175,-5.21082356682065,-1.76195599902383,-9.97507570756694
19.72,-5.20572910896744,-1.75176461341225,-9.97507570756694
19.7225,-5.21082356682065,-1.75686030621804,-9.97507570756694
19.725,-5.21082356682065,-1.74157322780068,-9.97507570756694
19.7275,-5.20572910896744,-1.76195599902383,-9.97507570756694
19.73,-5.21082356682065,-1.75686030621804,-9.97507570756694
19.7325,-5.20572910896744,-1.75686030621804,-9.97507570756694
19.735,-5.20572910896744,-1.71099907096594,-9.96998258804469
19.7375,-5.20572910896744,-1.75176461341225,-9.97507570756694
19.74,-5.20572910896744,-1.75176461341225,-9.96998258804469
19.7425,-5.21082356682065,-1.75686030621804,-9.96998258804469
19.745,-5.20572910896744,-1.71099907096594,-9.97507570756694
19.7475,-5.21082356682065,-1.75686030621804,-9.97507570756694
19.75,-5.20572910896744,-1.76195599902383,-9.97507570756694
19.7525,-5.20572910896744,-1.75686030621804,-9.97507570756694
19.755,-5.21082356682065,-1.70590337816015,-9.96998258804469
19.7575,-5.20572910896744,-1.75176461341225,-9.97507570756694
19.76,-5.20572910896744,-1.75176461341225,-9.97507570756694
19.7625,-5.20572910896744,-1.75176461341225,-9.96998258804469
19.765,-5.20572910896744,-1.75686030621804,-9.97507570756694
19.7675,-5.20572910896744,-1.75686030621804,-9.97507570756694
19.77,-5.21082356682065,-1.75176461341225,-9.98016882708919
19.7725,-5.21082356682065,-1.75176461341225,-9.97507570756694
19.775,-5.20572910896744,-1.72628614938331,-9.98016882708919
19.7775,-5.20572910896744,-1.74666892060646,-9.98016882708919
19.78,-5.20572910896744,-1.75176461341225,-9.97507570756694
19.7825,-5.20063465111423,-1.75176461341225,-9.97507570756694
19.785,-5.20572910896744,-1.72628614938331,-9.98016882708919
19.7875,-5.20572910896744,-1.75686030621804,-9.97507570756694
19.79,-5.20063465111423,-1.75176461341225,-9.97507570756694
19.7925,-5.20063465111423,-1.74157322780068,-9.97507570756694
19.795,-5.20572910896744,-1.74666892060646,-9.97507570756694
19.7975,-5.20063465111423,-1.74157322780068,-9.97507570756694
19.8,-5.20572910896744,-1.74666892060646,-9.97507570756694
19.8025,-5.21082356682065,-1.74666892060646,-9.97507570756694
19.805,-5.20572910896744,-1.75176461341225,-9.97507570756694
19.8075,-5.20572910896744,-1.74666892060646,-9.97507570756694
19.81,-5.20572910896744,-1.74666892060646,-9.97507570756694
19.8125,-5.20572910896744,-1.74666892060646,-9.97507570756694
19.815,-5.20063465111423,-1.71609476377173,-9.96998258804469
19.8175,-5.20572910896744,-1.74666892060646,-9.96998258804469
19.82,-5.20063465111423,-1.74666892060646,-9.96998258804469
19.8225,-5.20063465111423,-1.74666892060646,-9.96998258804469
19.825,-5.20572910896744,-1.74666892060646,-9.97507570756694
19.8275,-5.20572910896744,-1.74666892060646,-9.96998258804469
19.83,-5.20063465111423,-1.74666892060646,-9.97507570756694
19.8325,-5.20572910896744,-1.74157322780068,-9.97507570756694
19.835,-5.20063465111423,-1.72119045657752,-9.97507570756694
19.8375,-5.20063465111423,-1.74157322780068,-9.97507570756694
19.84,-5.20572910896744,-1.74666892060646,-9.97507570756694
19.8425,-5.20063465111423,-1.74666892060646,-9.97507570756694
19.845,-5.20063465111423,-1.70590337816015,-9.97507570756694
19.8475,-5.20063465111423,-1.74666892060646,-9.98016882708919
19.85,-5.20063465111423,-1.74666892060646,-9.97507570756694
19.8525,-5.20063465111423,-1.74666892060646,-9.97507570756694
19.855,-5.20063465111423,-1.71609476377173,-9.97507570756694
19.8575,-5.19554019326102,-1.74666892060646,-9.97507570756694
19.86,-5.20063465111423,-1.74666892060646,-9.97507570756694
19.8625,-5.20572910896744,-1.74666892060646,-9.98016882708919
19.865,-5.20063465111423,-1.70590337816015,-9.98016882708919
19.8675,-5.19554019326102,-1.74666892060646,-9.97507570756694
19.87,-5.20063465111423,-1.74666892060646,-9.98016882708919
19.8725,-5.20063465111423,-1.74666892060646,-9.98016882708919
19.875,-5.19554019326102,-1.71609476377173,-9.98016882708919
19.8775,-5.20063465111423,-1.74157322780068,-9.97507570756694
19.88,-5.20572910896744,-1.74666892060646,-9.97507570756694
19.8825,-5.19554019326102,-1.74666892060646,-9.98016882708919
19.885,-5.20063465111423,-1.72628614938331,-9.97507570756694
19.8875,-5.20063465111423,-1.74666892060646,-9.97507570756694
19.89,-5.19554019326102,-1.74666892060646,-9.97507570756694
19.8925,-5.19554019326102,-1.74157322780068,-9.97507570756694
19.895,-5.20063465111423,-1.74157322780068,-9.97507570756694
19.8975,-5.19554019326102,-1.74666892060646,-9.96998258804469
19.9,-5.19554019326102,-1.74157322780068,-9.97507570756694
19.9025,-5.19554019326102,-1.74666892060646,-9.97507570756694
19.905,-5.19554019326102,-1.74666892060646,-9.96998258804469
19.9075,-5.19554019326102,-1.74666892060646,-9.97507570756694
19.91,-5.20063465111423,-1.73647753499489,-9.96998258804469
19.9125,-5.19554019326102,-1.74157322780068,-9.96998258804469
19.915,-5.19554019326102,-1.71609476377173,-9.96998258804469
19.9175,-5.20063465111423,-1.74157322780068,-9.97507570756694
19.92,-5.19554019326102,-1.74666892060646,-9.97507570756694
19.9225,-5.19554019326102,-1.74666892060646,-9.96998258804469
19.925,-5.19554019326102,-1.70080768535437,-9.97507570756694
19.9275,-5.19554019326102,-1.74157322780068,-9.96998258804469
19.93,-5.19554019326102,-1.73647753499489,-9.97507570756694
19.9325,-5.19554019326102,-1.73647753499489,-9.97507570756694
19.935,-5.19554019326102,-1.69571199254858,-9.97507570756694
19.9375,-5.19044573540781,-1.74157322780068,-9.97507570756694
19.94,-5.19554019326102,-1.74157322780068,-9.97507570756694
19.9425,-5.19554019326102,-1.74666892060646,-9.98016882708919
19.945,-5.19044573540781,-1.70080768535437,-9.97507570756694
19.9475,-5.19554019326102,-1.73647753499489,-9.98016882708919
19.95,-5.19554019326102,-1.74157322780068,-9.98016882708919
19.9525,-5.19044573540781,-1.74157322780068,-9.97507570756694
19.955,-5.19554019326102,-1.69571199254858,-9.98016882708919
19.9575,-5.19554019326102,-1.74157322780068,-9.97507570756694
19.96,-5.19554019326102,-1.74157322780068,-9.98016882708919
19.9625,-5.19554019326102,-1.74157322780068,-9.98016882708919
19.965,-5.19554019326102,-1.69571199254858,-9.98016882708919
19.9675,-5.19044573540781,-1.73647753499489,-9.97507570756694
19.97,-5.19044573540781,-1.7313818421891,-9.97507570756694
19.9725,-5.19554019326102,-1.73647753499489,-9.97507570756694
19.975,-5.19554019326102,-1.71609476377173,-9.96998258804469
19.9775,-5.19554019326102,-1.73647753499489,-9.97507570756694
19.98,-5.19554019326102,-1.74157322780068,-9.97507570756694
19.9825,-5.19554019326102,-1.73647753499489,-9.96998258804469
19.985,-5.19044573540781,-1.71609476377173,-9.97507570756694
19.9875,-5.19554019326102,-1.73647753499489,-9.96998258804469
19.99,-5.19554019326102,-1.73647753499489,-9.96998258804469
19.9925,-5.19554019326102,-1.7313818421891,-9.97507570756694
19.995,-5.19554019326102,-1.69061629974279,-9.96998258804469
19.9975,-5.19554019326102,-1.74157322780068,-9.96998258804469
20,-5.19554019326102,-1.73647753499489,-9.97507570756694
20.0025,-5.19554019326102,-1.73647753499489,-9.97507570756694
20.005,-5.19554019326102,-1.71609476377173,-9.97507570756694
20.0075,-5.19044573540781,-1.7313818421891,-9.97507570756694
20.01,-5.19044573540781,-1.72628614938331,-9.97507570756694
20.0125,-5.19044573540781,-1.73647753499489,-9.97507570756694
20.015,-5.19554019326102,-1.69061629974279,-9.97507570756694
20.0175,-5.19554019326102,-1.74157322780068,-9.98016882708919
20.02,-5.19554019326102,-1.74157322780068,-9.97507570756694
20.0225,-5.19044573540781,-1.73647753499489,-9.97507570756694
20.025,-5.19554019326102,-1.69061629974279,-9.98016882708919
20.0275,-5.20063465111423,-1.7313818421891,-9.98016882708919
20.03,-5.19044573540781,-1.7313818421891,-9.98016882708919
20.0325,-5.19554019326102,-1.7313818421891,-9.97507570756694
20.035,-5.19554019326102,-1.71099907096594,-9.97507570756694
20.0375,-5.19044573540781,-1.74157322780068,-9.98016882708919
20.04,-5.19554019326102,-1.73647753499489,-9.97507570756694
20.0425,-5.19554019326102,-1.73647753499489,-9.97507570756694
20.045,-5.19554019326102,-1.70590337816015,-9.97507570756694
20.0475,-5.19554019326102,-1.7313818421891,-9.97507570756694
20.05,-5.19554019326102,-1.72628614938331,-9.96998258804469
20.0525,-5.19554019326102,-1.73647753499489,-9.96998258804469
20.055,-5.19554019326102,-1.71099907096594,-9.96998258804469
20.0575,-5.19554019326102,-1.73647753499489,-9.96998258804469
20.06,-5.19554019326102,-1.73647753499489,-9.97507570756694
20.0625,-5.19044573540781,-1.72628614938331,-9.97507570756694
20.065,-5.19554019326102,-1.69571199254858,-9.97507570756694
20.0675,-5.19554019326102,-1.72119045657752,-9.96998258804469
20.07,-5.19554019326102,-1.7313818421891,-9.97507570756694
20.0725,-5.19554019326102,-1.7313818421891,-9.97507570756694
20.075,-5.19554019326102,-1.73647753499489,-9.97507570756694
20.0775,-5.19044573540781,-1.69571199254858,-9.97507570756694
20.08,-5.19554019326102,-1.73647753499489,-9.97507570756694
20.0825,-5.19554019326102,-1.7313818421891,-9.97507570756694
20.085,-5.19554019326102,-1.7313818421891,-9.98016882708919
20.0875,-5.19554019326102,-1.685520606937,-9.98016882708919
20.09,-5.19554019326102,-1.7313818421891,-9.97507570756694
20.0925,-5.19554019326102,-1.73647753499489,-9.98016882708919
20.095,-5.20063465111423,-1.73647753499489,-9.98016882708919
20.0975,-5.19554019326102,-1.69571199254858,-9.97507570756694
20.1,-5.19554019326102,-1.73647753499489,-9.97507570756694
20.1025,-5.19554019326102,-1.73647753499489,-9.98016882708919
20.105,-5.19554019326102,-1.7313818421891,-9.97507570756694
20.1075,-5.19554019326102,-1.685520606937,-9.96998258804469
20.11,-5.19554019326102,-1.7313818421891,-9.97507570756694
20.1125,-5.19554019326102,-1.7313818421891,-9.96998258804469
20.115,-5.19554019326102,-1.74157322780068,-9.97507570756694
20.1175,-5.20063465111423,-1.69571199254858,-9.97507570756694
20.12,-5.20063465111423,-1.7313818421891,-9.96998258804469
20.1225,-5.20063465111423,-1.7313818421891,-9.97507570756694
20.125,-5.20063465111423,-1.72628614938331,-9.97507570756694
20.1275,-5.20063465111423,-1.70590337816015,-9.96998258804469
20.13,-5.20063465111423,-1.7313818421891,-9.96998258804469
20.1325,-5.20063465111423,-1.7313818421891,-9.97507570756694
20.135,-5.20572910896744,-1.73647753499489,-9.97507570756694
20.1375,-5.20063465111423,-1.71099907096594,-9.96998258804469
20.14,-5.20063465111423,-1.7313818421891,-9.97507570756694
20.1425,-5.20572910896744,-1.73647753499489,-9.97507570756694
20.145,-5.20063465111423,-1.7313818421891,-9.96998258804469
20.1475,-5.20063465111423,-1.7313818421891,-9.97507570756694
20.15,-5.20572910896744,-1.7313818421891,-9.97507570756694
20.1525,-5.20063465111423,-1.7313818421891,-9.97507570756694
20.155,-5.20063465111423,-1.73647753499489,-9.98016882708919
20.1575,-5.20572910896744,-1.7313818421891,-9.98016882708919
20.16,-5.20063465111423,-1.73647753499489,-9.98016882708919
20.1625,-5.20063465111423,-1.7313818421891,-9.98016882708919
20.165,-5.20572910896744,-1.72628614938331,-9.98016882708919
20.1675,-5.20572910896744,-1.71099907096594,-9.98016882708919
20.17,-5.20572910896744,-1.7313818421891,-9.97507570756694
20.1725,-5.20572910896744,-1.73647753499489,-9.97507570756694
20.175,-5.20572910896744,-1.73647753499489,-9.97507570756694
20.1775,-5.20572910896744,-1.73647753499489,-9.97507570756694
20.18,-5.20572910896744,-1.72628614938331,-9.97507570756694
20.1825,-5.20572910896744,-1.7313818421891,-9.97507570756694
20.185,-5.20572910896744,-1.72628614938331,-9.96998258804469
20.1875,-5.20572910896744,-1.70590337816015,-9.97507570756694
20.19,-5.21082356682065,-1.73647753499489,-9.96998258804469
20.1925,-5.20572910896744,-1.74157322780068,-9.97507570756694
20.195,-5.21082356682065,-1.73647753499489,-9.97507570756694
20.1975,-5.21082356682065,-1.69061629974279,-9.96998258804469
20.2,-5.20572910896744,-1.7313818421891,-9.96998258804469
20.2025,-5.20572910896744,-1.7313818421891,-9.96998258804469
20.205,-5.21082356682065,-1.7313818421891,-9.96998258804469
20.2075,-5.21082356682065,-1.71099907096594,-9.97507570756694
20.21,-5.21082356682065,-1.73647753499489,-9.97507570756694
20.2125,-5.21591802467386,-1.74157322780068,-9.97507570756694
20.215,-5.21082356682065,-1.73647753499489,-9.97507570756694
20.2175,-5.20572910896744,-1.69061629974279,-9.98016882708919
20.22,-5.21082356682065,-1.73647753499489,-9.97507570756694
20.2225,-5.21082356682065,-1.7313818421891,-9.97507570756694
20.225,-5.20572910896744,-1.7313818421891,-9.98016882708919
20.2275,-5.21082356682065,-1.69061629974279,-9.97507570756694
20.23,-5.21082356682065,-1.74157322780068,-9.98016882708919
20.2325,-5.21082356682065,-1.73647753499489,-9.98016882708919
20.235,-5.21082356682065,-1.73647753499489,-9.98016882708919
20.2375,-5.21082356682065,-1.71099907096594,-9.98016882708919
20.24,-5.21082356682065,-1.72628614938331,-9.97507570756694
20.2425,-5.21591802467386,-1.7313818421891,-9.98016882708919
20.245,-5.21082356682065,-1.73647753499489,-9.97507570756694
20.2475,-5.21082356682065,-1.71099907096594,-9.98016882708919
20.25,-5.21082356682065,-1.73647753499489,-9.97507570756694
20.2525,-5.21591802467386,-1.74157322780068,-9.97507570756694
20.255,-5.21082356682065,-1.7313818421891,-9.97507570756694
20.2575,-5.21591802467386,-1.685520606937,-9.97507570756694
20.26,-5.21591802467386,-1.72628614938331,-9.97507570756694
20.2625,-5.21591802467386,-1.7313818421891,-9.97507570756694
20.265,-5.22101248252707,-1.73647753499489,-9.97507570756694
20.2675,-5.21591802467386,-1.73647753499489,-9.97507570756694
20.27,-5.21591802467386,-1.7313818421891,-9.96998258804469
20.2725,-5.21591802467386,-1.7313818421891,-9.97507570756694
20.275,-5.21591802467386,-1.72628614938331,-9.97507570756694
20.2775,-5.21591802467386,-1.70590337816015,-9.96998258804469
20.28,-5.21591802467386,-1.7313818421891,-9.97507570756694
20.2825,-5.22101248252707,-1.74157322780068,-9.97507570756694
20.285,-5.21591802467386,-1.73647753499489,-9.96998258804469
20.2875,-5.21591802467386,-1.69061629974279,-9.97507570756694
20.29,-5.22101248252707,-1.74666892060646,-9.97507570756694
20.2925,-5.21591802467386,-1.7313818421891,-9.97507570756694
20.295,-5.22101248252707,-1.7313818421891,-9.97507570756694
20.2975,-5.22101248252707,-1.70590337816015,-9.97507570756694
20.3,-5.21591802467386,-1.7313818421891,-9.97507570756694
20.3025,-5.21591802467386,-1.7313818421891,-9.98016882708919
20.305,-5.22101248252707,-1.7313818421891,-9.98016882708919
20.3075,-5.21591802467386,-1.69061629974279,-9.98016882708919
20.31,-5.21591802467386,-1.72628614938331,-9.98016882708919
20.3125,-5.22101248252707,-1.72628614938331,-9.98016882708919
20.315,-5.22101248252707,-1.7313818421891,-9.97507570756694
20.3175,-5.22101248252707,-1.70590337816015,-9.98016882708919
20.32,-5.22101248252707,-1.7313818421891,-9.98016882708919
20.3225,-5.21591802467386,-1.73647753499489,-9.97507570756694
20.325,-5.22101248252707,-1.7313818421891,-9.98016882708919
20.3275,-5.22101248252707,-1.70590337816015,-9.97507570756694
20.33,-5.22101248252707,-1.72628614938331,-9.97507570756694
20.3325,-5.21591802467386,-1.72119045657752,-9.97507570756694
20.335,-5.22101248252707,-1.72119045657752,-9.97507570756694
20.3375,-5.22101248252707,-1.70590337816015,-9.96998258804469
20.34,-5.22101248252707,-1.7313818421891,-9.96998258804469
20.3425,-5.22101248252707,-1.72628614938331,-9.97507570756694
20.345,-5.22610694038028,-1.72628614938331,-9.97507570756694
20.3475,-5.22101248252707,-1.70590337816015,-9.97507570756694
20.35,-5.22101248252707,-1.72119045657752,-9.97507570756694
20.3525,-5.22101248252707,-1.72119045657752,-9.96998258804469
20.355,-5.22101248252707,-1.72628614938331,-9.96998258804469
20.3575,-5.22101248252707,-1.70080768535437,-9.97507570756694
20.36,-5.22610694038028,-1.72628614938331,-9.97507570756694
20.3625,-5.22101248252707,-1.72628614938331,-9.97507570756694
20.365,-5.22101248252707,-1.72628614938331,-9.97507570756694
20.3675,-5.22610694038028,-1.70080768535437,-9.97507570756694
20.37,-5.21591802467386,-1.72119045657752,-9.97507570756694
20.3725,-5.22101248252707,-1.71609476377173,-9.97507570756694
20.375,-5.22610694038028,-1.72628614938331,-9.97507570756694
20.3775,-5.22101248252707,-1.70590337816015,-9.97507570756694
20.38,-5.22101248252707,-1.72628614938331,-9.98016882708919
20.3825,-5.22101248252707,-1.72628614938331,-9.98016882708919
20.385,-5.22101248252707,-1.72628614938331,-9.98016882708919
20.3875,-5.21591802467386,-1.70080768535437,-9.98016882708919
20.39,-5.22101248252707,-1.71609476377173,-9.98016882708919
20.3925,-5.22101248252707,-1.71609476377173,-9.97507570756694
20.395,-5.21591802467386,-1.71609476377173,-9.98016882708919
20.3975,-5.22101248252707,-1.72119045657752,-9.98016882708919
20.4,-5.22101248252707,-1.72628614938331,-9.97507570756694
20.4025,-5.21591802467386,-1.72119045657752,-9.97507570756694
20.405,-5.22101248252707,-1.71609476377173,-9.97507570756694
20.4075,-5.22101248252707,-1.71609476377173,-9.97507570756694
20.41,-5.21591802467386,-1.71099907096594,-9.97507570756694
20.4125,-5.22101248252707,-1.71099907096594,-9.97507570756694
20.415,-5.22101248252707,-1.71609476377173,-9.97507570756694
20.4175,-5.22101248252707,-1.71609476377173,-9.96998258804469
20.42,-5.22610694038028,-1.72119045657752,-9.97507570756694
20.4225,-5.22101248252707,-1.71609476377173,-9.97507570756694
20.425,-5.22101248252707,-1.71609476377173,-9.96998258804469
20.4275,-5.21591802467386,-1.71609476377173,-9.97507570756694
20.43,-5.22101248252707,-1.71099907096594,-9.96998258804469
20.4325,-5.21591802467386,-1.71609476377173,-9.97507570756694
20.435,-5.21591802467386,-1.71099907096594,-9.97507570756694
20.4375,-5.21591802467386,-1.67532922132543,-9.97507570756694
20.44,-5.21591802467386,-1.71609476377173,-9.97507570756694
20.4425,-5.21591802467386,-1.71609476377173,-9.98016882708919
20.445,-5.21591802467386,-1.71609476377173,-9.97507570756694
20.4475,-5.21082356682065,-1.69571199254858,-9.93433075138894
20.45,-5.21082356682065,-1.71099907096594,-9.98016882708919
20.4525,-5.21591802467386,-1.71099907096594,-9.97507570756694
20.455,-5.21591802467386,-1.71099907096594,-9.97507570756694
20.4575,-5.21082356682065,-1.69571199254858,-9.97507570756694
20.46,-5.21591802467386,-1.71609476377173,-9.98016882708919
20.4625,-5.21591802467386,-1.71609476377173,-9.97507570756694
20.465,-5.21082356682065,-1.71099907096594,-9.98016882708919
20.4675,-5.21591802467386,-1.69061629974279,-9.98016882708919
20.47,-5.21591802467386,-1.71099907096594,-9.97507570756694
20.4725,-5.21082356682065,-1.71099907096594,-9.97507570756694
20.475,-5.21591802467386,-1.71609476377173,-9.97507570756694
20.4775,-5.21082356682065,-1.69571199254858,-9.97507570756694
20.48,-5.21082356682065,-1.71609476377173,-9.97507570756694
20.4825,-5.21591802467386,-1.71609476377173,-9.97507570756694
20.485,-5.21082356682065,-1.71609476377173,-9.96998258804469
20.4875,-5.21082356682065,-1.69061629974279,-9.96998258804469
20.49,-5.21591802467386,-1.70590337816015,-9.97507570756694
20.4925,-5.21591802467386,-1.70590337816015,-9.96998258804469
20.495,-5.21082356682065,-1.71099907096594,-9.96998258804469
20.4975,-5.21082356682065,-1.69061629974279,-9.97507570756694
20.5,-5.21591802467386,-1.71609476377173,-9.96998258804469
20.5025,-5.21082356682065,-1.71609476377173,-9.96998258804469
20.505,-5.21082356682065,-1.71099907096594,-9.97507570756694
20.5075,-5.21082356682065,-1.66513783571385,-9.96998258804469
20.51,-5.21082356682065,-1.70590337816015,-9.96998258804469
20.5125,-5.21082356682065,-1.71099907096594,-9.97507570756694
20.515,-5.21591802467386,-1.71099907096594,-9.97507570756694
20.5175,-5.21082356682065,-1.71609476377173,-9.97507570756694
20.52,-5.21082356682065,-1.71609476377173,-9.98016882708919
20.5225,-5.21082356682065,-1.71609476377173,-9.97507570756694
20.525,-5.21082356682065,-1.71609476377173,-9.98016882708919
20.5275,-5.21082356682065,-1.66513783571385,-9.98016882708919
20.53,-5.21082356682065,-1.70590337816015,-9.97507570756694
20.5325,-5.21082356682065,-1.71099907096594,-9.97507570756694
20.535,-5.20572910896744,-1.71609476377173,-9.98016882708919
20.5375,-5.21082356682065,-1.67023352851964,-9.98016882708919
20.54,-5.21082356682065,-1.71099907096594,-9.97507570756694
20.5425,-5.20572910896744,-1.71099907096594,-9.98016882708919
20.545,-5.21082356682065,-1.70080768535437,-9.98016882708919
20.5475,-5.21082356682065,-1.70590337816015,-9.97507570756694
20.55,-5.20572910896744,-1.70590337816015,-9.97507570756694
20.5525,-5.21082356682065,-1.70590337816015,-9.97507570756694
20.555,-5.21082356682065,-1.71099907096594,-9.97507570756694
20.5575,-5.21082356682065,-1.71099907096594,-9.97507570756694
20.56,-5.21082356682065,-1.71099907096594,-9.97507570756694
20.5625,-5.21082356682065,-1.71099907096594,-9.96998258804469
20.565,-5.21082356682065,-1.70590337816015,-9.97507570756694
20.5675,-5.21082356682065,-1.66004214290806,-9.96998258804469
20.57,-5.21591802467386,-1.70590337816015,-9.96998258804469
20.5725,-5.21082356682065,-1.71099907096594,-9.96998258804469
20.575,-5.21591802467386,-1.71099907096594,-9.97507570756694
20.5775,-5.21082356682065,-1.67023352851964,-9.96998258804469
20.58,-5.21082356682065,-1.71099907096594,-9.97507570756694
20.5825,-5.21591802467386,-1.71099907096594,-9.97507570756694
20.585,-5.21082356682065,-1.70590337816015,-9.97507570756694
20.5875,-5.21591802467386,-1.685520606937,-9.97507570756694
20.59,-5.21082356682065,-1.70590337816015,-9.97507570756694
20.5925,-5.21591802467386,-1.70590337816015,-9.96998258804469
20.595,-5.21082356682065,-1.71099907096594,-9.98016882708919
20.5975,-5.21082356682065,-1.69061629974279,-9.97507570756694
20.6,-5.21082356682065,-1.71099907096594,-9.98016882708919
20.6025,-5.21082356682065,-1.70590337816015,-9.98016882708919
20.605,-5.21082356682065,-1.70590337816015,-9.97507570756694
20.6075,-5.21082356682065,-1.66513783571385,-9.97507570756694
20.61,-5.21082356682065,-1.71099907096594,-9.97507570756694
20.6125,-5.21082356682065,-1.71099907096594,-9.98016882708919
20.615,-5.21591802467386,-1.71609476377173,-9.97507570756694
20.6175,-5.21082356682065,-1.67023352851964,-9.97507570756694
20.62,-5.21082356682065,-1.70590337816015,-9.97507570756694
20.6225,-5.21082356682065,-1.70590337816015,-9.97507570756694
20.625,-5.21082356682065,-1.70590337816015,-9.97507570756694
20.6275,-5.21082356682065,-1.65494645010227,-9.97507570756694
20.63,-5.21591802467386,-1.70590337816015,-9.97507570756694
20.6325,-5.21591802467386,-1.71099907096594,-9.96998258804469
20.635,-5.21082356682065,-1.70590337816015,-9.97507570756694
20.6375,-5.21591802467386,-1.66513783571385,-9.97507570756694
20.64,-5.21082356682065,-1.70590337816015,-9.96998258804469
20.6425,-5.21082356682065,-1.70590337816015,-9.97507570756694
20.645,-5.21591802467386,-1.70080768535437,-9.96998258804469
20.6475,-5.21591802467386,-1.68042491413121,-9.96998258804469
20.65,-5.21591802467386,-1.70590337816015,-9.97507570756694
20.6525,-5.21591802467386,-1.70590337816015,-9.97507570756694
20.655,-5.22101248252707,-1.71099907096594,-9.96998258804469
20.6575,-5.21591802467386,-1.66513783571385,-9.97507570756694
20.66,-5.21591802467386,-1.70590337816015,-9.97507570756694
20.6625,-5.21591802467386,-1.70590337816015,-9.96998258804469
20.665,-5.21082356682065,-1.70590337816015,-9.97507570756694
20.6675,-5.21591802467386,-1.68042491413121,-9.97507570756694
20.67,-5.21591802467386,-1.70590337816015,-9.97507570756694
20.6725,-5.21591802467386,-1.70590337816015,-9.97507570756694
20.675,-5.21082356682065,-1.71609476377173,-9.97507570756694
20.6775,-5.21591802467386,-1.71099907096594,-9.97507570756694
20.68,-5.21082356682065,-1.70590337816015,-9.97507570756694
20.6825,-5.21591802467386,-1.70080768535437,-9.98016882708919
20.685,-5.21591802467386,-1.70080768535437,-9.97507570756694
20.6875,-5.21591802467386,-1.66004214290806,-9.97507570756694
20.69,-5.21591802467386,-1.70590337816015,-9.97507570756694
20.6925,-5.22101248252707,-1.70590337816015,-9.97507570756694
20.695,-5.21591802467386,-1.70590337816015,-9.97507570756694
20.6975,-5.21591802467386,-1.685520606937,-9.97507570756694
20.7,-5.22101248252707,-1.70080768535437,-9.97507570756694
20.7025,-5.21591802467386,-1.70080768535437,-9.97507570756694
20.705,-5.21591802467386,-1.70080768535437,-9.97507570756694
20.7075,-5.22101248252707,-1.66004214290806,-9.97507570756694
20.71,-5.21591802467386,-1.70590337816015,-9.97507570756694
20.7125,-5.21591802467386,-1.70590337816015,-9.97507570756694
20.715,-5.22101248252707,-1.70590337816015,-9.96998258804469
20.7175,-5.21591802467386,-1.66513783571385,-9.97507570756694
20.72,-5.21591802467386,-1.70590337816015,-9.96998258804469
20.7225,-5.22101248252707,-1.70080768535437,-9.96998258804469
20.725,-5.22101248252707,-1.70080768535437,-9.96998258804469
20.7275,-5.22101248252707,-1.68042491413121,-9.96998258804469
20.73,-5.22610694038028,-1.70590337816015,-9.96998258804469
20.7325,-5.22101248252707,-1.70590337816015,-9.96998258804469
20.735,-5.22101248252707,-1.70590337816015,-9.97507570756694
20.7375,-5.22101248252707,-1.66004214290806,-9.97507570756694
20.74,-5.22101248252707,-1.70590337816015,-9.96998258804469
20.7425,-5.21591802467386,-1.70080768535437,-9.97507570756694
20.745,-5.22101248252707,-1.70080768535437,-9.97507570756694
20.7475,-5.22101248252707,-1.66004214290806,-9.97507570756694
20.75,-5.22101248252707,-1.70080768535437,-9.97507570756694
20.7525,-5.22101248252707,-1.70590337816015,-9.98016882708919
20.755,-5.22101248252707,-1.70590337816015,-9.98016882708919
20.7575,-5.22101248252707,-1.68042491413121,-9.98016882708919
20.76,-5.22101248252707,-1.70080768535437,-9.98016882708919
20.7625,-5.22101248252707,-1.70080768535437,-9.97507570756694
20.765,-5.22101248252707,-1.70080768535437,-9.97507570756694
20.7675,-5.22101248252707,-1.68042491413121,-9.98016882708919
20.77,-5.22610694038028,-1.70590337816015,-9.97507570756694
20.7725,-5.22101248252707,-1.70590337816015,-9.97507570756694
20.775,-5.22610694038028,-1.70590337816015,-9.97507570756694
20.7775,-5.22610694038028,-1.68042491413121,-9.97507570756694
20.78,-5.22101248252707,-1.70080768535437,-9.97507570756694
20.7825,-5.22101248252707,-1.69571199254858,-9.97507570756694
20.785,-5.2312013982335,-1.70080768535437,-9.96998258804469
20.7875,-5.22610694038028,-1.66004214290806,-9.96998258804469
20.79,-5.22610694038028,-1.70080768535437,-9.97507570756694
20.7925,-5.2312013982335,-1.70590337816015,-9.97507570756694
20.795,-5.22610694038028,-1.70590337816015,-9.96998258804469
20.7975,-5.22610694038028,-1.66004214290806,-9.97507570756694
20.8,-5.2312013982335,-1.70590337816015,-9.96998258804469
20.8025,-5.22610694038028,-1.69571199254858,-9.96998258804469
20.805,-5.2312013982335,-1.69571199254858,-9.96998258804469
20.8075,-5.2312013982335,-1.68042491413121,-9.97507570756694
20.81,-5.22610694038028,-1.70590337816015,-9.97507570756694
20.8125,-5.22610694038028,-1.70590337816015,-9.98016882708919
20.815,-5.2312013982335,-1.70590337816015,-9.97507570756694
20.8175,-5.22610694038028,-1.68042491413121,-9.98016882708919
20.82,-5.22610694038028,-1.70080768535437,-9.98016882708919
20.8225,-5.22610694038028,-1.70080768535437,-9.97507570756694
20.825,-5.22610694038028,-1.70080768535437,-9.97507570756694
20.8275,-5.2312013982335,-1.67532922132543,-9.98016882708919
20.83,-5.2312013982335,-1.70590337816015,-9.98016882708919
20.8325,-5.22610694038028,-1.70590337816015,-9.97507570756694
20.835,-5.2312013982335,-1.70590337816015,-9.98016882708919
20.8375,-5.2312013982335,-1.67532922132543,-9.97507570756694
20.84,-5.22610694038028,-1.68042491413121,-9.97507570756694
20.8425,-5.2312013982335,-1.69571199254858,-9.97507570756694
20.845,-5.2312013982335,-1.69571199254858,-9.96998258804469
20.8475,-5.2312013982335,-1.67532922132543,-9.97507570756694
20.85,-5.2312013982335,-1.70080768535437,-9.97507570756694
20.8525,-5.2312013982335,-1.70080768535437,-9.97507570756694
20.855,-5.22610694038028,-1.69571199254858,-9.97507570756694
20.8575,-5.2312013982335,-1.67532922132543,-9.97507570756694
20.86,-5.2312013982335,-1.70080768535437,-9.97507570756694
20.8625,-5.2312013982335,-1.69061629974279,-9.97507570756694
20.865,-5.2312013982335,-1.69571199254858,-9.96998258804469
20.8675,-5.2312013982335,-1.70080768535437,-9.96998258804469
20.87,-5.2312013982335,-1.70080768535437,-9.96998258804469
20.8725,-5.2312013982335,-1.70080768535437,-9.97507570756694
20.875,-5.2312013982335,-1.69571199254858,-9.97507570756694
20.8775,-5.2312013982335,-1.70080768535437,-9.97507570756694
20.88,-5.2312013982335,-1.69571199254858,-9.97507570756694
20.8825,-5.23629585608671,-1.69571199254858,-9.97507570756694
20.885,-5.2312013982335,-1.70080768535437,-9.97507570756694
20.8875,-5.2312013982335,-1.67532922132543,-9.98016882708919
20.89,-5.23629585608671,-1.70590337816015,-9.97507570756694
20.8925,-5.2312013982335,-1.70590337816015,-9.98016882708919
20.895,-5.2312013982335,-1.70080768535437,-9.98016882708919
20.8975,-5.2312013982335,-1.65494645010227,-9.98016882708919
20.9,-5.2312013982335,-1.69571199254858,-9.97507570756694
20.9025,-5.2312013982335,-1.69571199254858,-9.97507570756694
20.905,-5.23629585608671,-1.70080768535437,-9.97507570756694
20.9075,-5.2312013982335,-1.65494645010227,-9.97507570756694
20.91,-5.2312013982335,-1.70080768535437,-9.98016882708919
20.9125,-5.2312013982335,-1.69571199254858,-9.97507570756694
20.915,-5.2312013982335,-1.69571199254858,-9.97507570756694
20.9175,-5.2312013982335,-1.67023352851964,-9.97507570756694
20.92,-5.2312013982335,-1.69061629974279,-9.97507570756694
20.9225,-5.2312013982335,-1.69571199254858,-9.97507570756694
20.925,-5.2312013982335,-1.70080768535437,-9.97507570756694
20.9275,-5.2312013982335,-1.67532922132543,-9.97507570756694
20.93,-5.2312013982335,-1.70080768535437,-9.96998258804469
20.9325,-5.2312013982335,-1.69571199254858,-9.97507570756694
20.935,-5.2312013982335,-1.69571199254858,-9.97507570756694
20.9375,-5.2312013982335,-1.67023352851964,-9.96998258804469
20.94,-5.2312013982335,-1.69061629974279,-9.96998258804469
20.9425,-5.2312013982335,-1.69061629974279,-9.96998258804469
20.945,-5.2312013982335,-1.69571199254858,-9.96998258804469
20.9475,-5.2312013982335,-1.65494645010227,-9.97507570756694
20.95,-5.2312013982335,-1.70080768535437,-9.97507570756694
20.9525,-5.23629585608671,-1.70080768535437,-9.97507570756694
20.955,-5.2312013982335,-1.69571199254858,-9.97507570756694
20.9575,-5.2312013982335,-1.64985075729648,-9.97507570756694
20.96,-5.23629585608671,-1.69061629974279,-9.96998258804469
20.9625,-5.2312013982335,-1.69571199254858,-9.97507570756694
20.965,-5.2312013982335,-1.69061629974279,-9.97507570756694
20.9675,-5.2312013982335,-1.67532922132543,-9.98016882708919
20.97,-5.22610694038028,-1.69571199254858,-9.97507570756694
20.9725,-5.22610694038028,-1.69061629974279,-9.97507570756694
20.975,-5.2312013982335,-1.69061629974279,-9.98016882708919
20.9775,-5.22610694038028,-1.67023352851964,-9.97507570756694
20.98,-5.22610694038028,-1.685520606937,-9.98526194661144
20.9825,-5.2312013982335,-1.69061629974279,-9.97507570756694
20.985,-5.2312013982335,-1.69571199254858,-9.97507570756694
20.9875,-5.22610694038028,-1.64985075729648,-9.98016882708919
20.99,-5.2312013982335,-1.69571199254858,-9.98016882708919
20.9925,-5.2312013982335,-1.69571199254858,-9.97507570756694
20.995,-5.22610694038028,-1.69061629974279,-9.97507570756694
20.9975,-5.2312013982335,-1.69061629974279,-9.97507570756694
21,-5.2312013982335,-1.69061629974279,-9.97507570756694
21.0025,-5.22610694038028,-1.685520606937,-9.97507570756694
21.005,-5.2312013982335,-1.685520606937,-9.97507570756694
21.0075,-5.2312013982335,-1.69571199254858,-9.96998258804469
21.01,-5.22610694038028,-1.64985075729648,-9.97507570756694
21.0125,-5.2312013982335,-1.69061629974279,-9.97507570756694
21.015,-5.2312013982335,-1.69061629974279,-9.97507570756694
21.0175,-5.22101248252707,-1.69061629974279,-9.97507570756694
21.02,-5.2312013982335,-1.63965937168491,-9.96998258804469
21.0225,-5.2312013982335,-1.685520606937,-9.96998258804469
21.025,-5.22610694038028,-1.685520606937,-9.96998258804469
21.0275,-5.22610694038028,-1.685520606937,-9.97507570756694
21.03,-5.2312013982335,-1.6447550644907,-9.96998258804469
21.0325,-5.2312013982335,-1.69061629974279,-9.97507570756694
21.035,-5.22610694038028,-1.68042491413121,-9.97507570756694
21.0375,-5.2312013982335,-1.685520606937,-9.96998258804469
21.04,-5.22610694038028,-1.66513783571385,-9.96998258804469
21.0425,-5.2312013982335,-1.68042491413121,-9.97507570756694
21.045,-5.2312013982335,-1.685520606937,-9.97507570756694
21.0475,-5.22610694038028,-1.69061629974279,-9.97507570756694
21.05,-5.22610694038028,-1.67023352851964,-9.98016882708919
21.0525,-5.2312013982335,-1.69061629974279,-9.97507570756694
21.055,-5.22101248252707,-1.69061629974279,-9.97507570756694
21.0575,-5.22101248252707,-1.685520606937,-9.98016882708919
21.06,-5.22610694038028,-1.63965937168491,-9.98016882708919
21.0625,-5.22101248252707,-1.685520606937,-9.98016882708919
21.065,-5.22101248252707,-1.685520606937,-9.98016882708919
21.0675,-5.22610694038028,-1.685520606937,-9.97507570756694
21.07,-5.22101248252707,-1.6447550644907,-9.98016882708919
21.0725,-5.22101248252707,-1.685520606937,-9.97507570756694
21.075,-5.22610694038028,-1.685520606937,-9.98016882708919
21.0775,-5.22101248252707,-1.67532922132543,-9.97507570756694
21.08,-5.22101248252707,-1.63965937168491,-9.97507570756694
21.0825,-5.22610694038028,-1.68042491413121,-9.97507570756694
21.085,-5.22101248252707,-1.685520606937,-9.97507570756694
21.0875,-5.22101248252707,-1.685520606937,-9.97507570756694
21.09,-5.22610694038028,-1.63965937168491,-9.97507570756694
21.0925,-5.22610694038028,-1.685520606937,-9.96998258804469
21.095,-5.22101248252707,-1.68042491413121,-9.97507570756694
21.0975,-5.22101248252707,-1.68042491413121,-9.97507570756694
21.1,-5.22101248252707,-1.63456367887912,-9.96998258804469
21.1025,-5.22101248252707,-1.67532922132543,-9.96998258804469
21.105,-5.22610694038028,-1.68042491413121,-9.96998258804469
21.1075,-5.22610694038028,-1.685520606937,-9.96998258804469
21.11,-5.22101248252707,-1.6447550644907,-9.97507570756694
21.1125,-5.22101248252707,-1.68042491413121,-9.97507570756694
21.115,-5.22101248252707,-1.68042491413121,-9.96998258804469
21.1175,-5.22101248252707,-1.68042491413121,-9.97507570756694
21.12,-5.22101248252707,-1.63456367887912,-9.97507570756694
21.1225,-5.22610694038028,-1.67532922132543,-9.97507570756694
21.125,-5.22101248252707,-1.68042491413121,-9.97507570756694
21.1275,-5.22610694038028,-1.68042491413121,-9.97507570756694
21.13,-5.22610694038028,-1.63965937168491,-9.97507570756694
21.1325,-5.22101248252707,-1.685520606937,-9.97507570756694
21.135,-5.22101248252707,-1.685520606937,-9.98016882708919
21.1375,-5.22610694038028,-1.67532922132543,-9.98016882708919
21.14,-5.22101248252707,-1.62946798607333,-9.97507570756694
21.1425,-5.22101248252707,-1.67532922132543,-9.98016882708919
21.145,-5.22610694038028,-1.67532922132543,-9.97507570756694
21.1475,-5.22101248252707,-1.68042491413121,-9.98016882708919
21.15,-5.22101248252707,-1.66004214290806,-9.98016882708919
21.1525,-5.22101248252707,-1.67532922132543,-9.97507570756694
21.155,-5.22610694038028,-1.67532922132543,-9.97507570756694
21.1575,-5.22101248252707,-1.67023352851964,-9.97507570756694
21.16,-5.22610694038028,-1.67023352851964,-9.97507570756694
21.1625,-5.22610694038028,-1.67023352851964,-9.97507570756694
21.165,-5.22610694038028,-1.67532922132543,-9.97507570756694
21.1675,-5.2312013982335,-1.67532922132543,-9.97507570756694
21.17,-5.2312013982335,-1.67532922132543,-9.97507570756694
21.1725,-5.22610694038028,-1.67532922132543,-9.97507570756694
21.175,-5.2312013982335,-1.67023352851964,-9.97507570756694
21.1775,-5.22610694038028,-1.67023352851964,-9.97507570756694
21.18,-5.22610694038028,-1.62437229326754,-9.97507570756694
21.1825,-5.2312013982335,-1.67023352851964,-9.96998258804469
21.185,-5.22610694038028,-1.67532922132543,-9.96998258804469
21.1875,-5.2312013982335,-1.67532922132543,-9.96998258804469
21.19,-5.2312013982335,-1.63456367887912,-9.97507570756694
21.1925,-5.2312013982335,-1.67532922132543,-9.97507570756694
21.195,-5.2312013982335,-1.67023352851964,-9.96998258804469
21.1975,-5.2312013982335,-1.67532922132543,-9.97507570756694
21.2,-5.2312013982335,-1.64985075729648,-9.96998258804469
21.2025,-5.2312013982335,-1.67023352851964,-9.97507570756694
21.205,-5.2312013982335,-1.67023352851964,-9.97507570756694
21.2075,-5.23629585608671,-1.67532922132543,-9.97507570756694
21.21,-5.2312013982335,-1.66004214290806,-9.97507570756694
21.2125,-5.2312013982335,-1.67532922132543,-9.97507570756694
21.215,-5.2312013982335,-1.67023352851964,-9.97507570756694
21.2175,-5.2312013982335,-1.66513783571385,-9.97507570756694
21.22,-5.2312013982335,-1.6447550644907,-9.98016882708919
21.2225,-5.2312013982335,-1.67023352851964,-9.97507570756694
21.225,-5.2312013982335,-1.67532922132543,-9.98016882708919
21.2275,-5.2312013982335,-1.67532922132543,-9.98016882708919
21.23,-5.2312013982335,-1.62946798607333,-9.98016882708919
21.2325,-5.2312013982335,-1.67532922132543,-9.98016882708919
21.235,-5.2312013982335,-1.67023352851964,-9.98016882708919
21.2375,-5.23629585608671,-1.67023352851964,-9.97507570756694
21.24,-5.23629585608671,-1.6447550644907,-9.98016882708919
21.2425,-5.2312013982335,-1.66513783571385,-9.97507570756694
21.245,-5.23629585608671,-1.66513783571385,-9.97507570756694
21.2475,-5.23629585608671,-1.67023352851964,-9.97507570756694
21.25,-5.2312013982335,-1.64985075729648,-9.98016882708919
21.2525,-5.23629585608671,-1.66513783571385,-9.97507570756694
21.255,-5.23629585608671,-1.66513783571385,-9.97507570756694
21.2575,-5.2312013982335,-1.66513783571385,-9.97507570756694
21.26,-5.23629585608671,-1.61418090765596,-9.96998258804469
21.2625,-5.23629585608671,-1.66513783571385,-9.97507570756694
21.265,-5.23629585608671,-1.66513783571385,-9.96998258804469
21.2675,-5.24139031393992,-1.66513783571385,-9.97507570756694
21.27,-5.24139031393992,-1.6447550644907,-9.96998258804469
21.2725,-5.23629585608671,-1.66004214290806,-9.97507570756694
21.275,-5.24139031393992,-1.66004214290806,-9.97507570756694
21.2775,-5.24139031393992,-1.66004214290806,-9.96998258804469
21.28,-5.23629585608671,-1.63965937168491,-9.96998258804469
21.2825,-5.24139031393992,-1.66004214290806,-9.97507570756694
21.285,-5.24139031393992,-1.66513783571385,-9.96998258804469
21.2875,-5.23629585608671,-1.66513783571385,-9.97507570756694
21.29,-5.23629585608671,-1.62437229326754,-9.97507570756694
21.2925,-5.24139031393992,-1.66513783571385,-9.97507570756694
21.295,-5.23629585608671,-1.66513783571385,-9.97507570756694
21.2975,-5.24139031393992,-1.66513783571385,-9.98016882708919
21.3,-5.24139031393992,-1.66513783571385,-9.98016882708919
21.3025,-5.23629585608671,-1.66513783571385,-9.97507570756694
21.305,-5.23629585608671,-1.66513783571385,-9.98016882708919
21.3075,-5.24648477179313,-1.66513783571385,-9.97507570756694
21.31,-5.23629585608671,-1.62437229326754,-9.97507570756694
21.3125,-5.23629585608671,-1.66513783571385,-9.98016882708919
21.315,-5.24139031393992,-1.66004214290806,-9.98016882708919
21.3175,-5.23629585608671,-1.66513783571385,-9.98016882708919
21.32,-5.24139031393992,-1.66004214290806,-9.98016882708919
21.3225,-5.24139031393992,-1.66513783571385,-9.98016882708919
21.325,-5.24139031393992,-1.66513783571385,-9.97507570756694
21.3275,-5.24139031393992,-1.66513783571385,-9.97507570756694
21.33,-5.24648477179313,-1.6447550644907,-9.97507570756694
21.3325,-5.24139031393992,-1.66513783571385,-9.97507570756694
21.335,-5.24139031393992,-1.66004214290806,-9.98016882708919
21.3375,-5.24648477179313,-1.66004214290806,-9.97507570756694
21.34,-5.24648477179313,-1.63965937168491,-9.97507570756694
21.3425,-5.22610694038028,-1.66004214290806,-9.97507570756694
21.345,-5.24648477179313,-1.66513783571385,-9.97507570756694
21.3475,-5.24139031393992,-1.66513783571385,-9.97507570756694
21.35,-5.23629585608671,-1.6447550644907,-9.97507570756694
21.3525,-5.24139031393992,-1.66513783571385,-9.97507570756694
21.355,-5.24139031393992,-1.66513783571385,-9.97507570756694
21.3575,-5.24139031393992,-1.66513783571385,-9.96998258804469
21.36,-5.24648477179313,-1.61418090765596,-9.97507570756694
21.3625,-5.24648477179313,-1.66513783571385,-9.98526194661144
21.365,-5.24139031393992,-1.67023352851964,-9.97507570756694
21.3675,-5.24648477179313,-1.66513783571385,-9.98016882708919
21.37,-5.25157922964634,-1.62437229326754,-9.96998258804469
21.3725,-5.24648477179313,-1.67023352851964,-9.96998258804469
21.375,-5.24139031393992,-1.66004214290806,-9.97507570756694
21.3775,-5.24648477179313,-1.66513783571385,-9.96998258804469
21.38,-5.24648477179313,-1.6447550644907,-9.96998258804469
21.3825,-5.24648477179313,-1.67023352851964,-9.97507570756694
21.385,-5.24648477179313,-1.67023352851964,-9.97507570756694
21.3875,-5.24648477179313,-1.67023352851964,-9.97507570756694
21.39,-5.24139031393992,-1.6447550644907,-9.97507570756694
21.3925,-5.24648477179313,-1.66513783571385,-9.97507570756694
21.395,-5.24139031393992,-1.66513783571385,-9.97507570756694
21.3975,-5.24139031393992,-1.66004214290806,-9.97507570756694
21.4,-5.24648477179313,-1.6447550644907,-9.97507570756694
21.4025,-5.24648477179313,-1.67023352851964,-9.97507570756694
21.405,-5.24139031393992,-1.67023352851964,-9.97507570756694
21.4075,-5.24648477179313,-1.67023352851964,-9.98016882708919
21.41,-5.24648477179313,-1.62437229326754,-9.97507570756694
21.4125,-5.24139031393992,-1.66513783571385,-9.98016882708919
21.415,-5.24648477179313,-1.66513783571385,-9.98016882708919
21.4175,-5.24139031393992,-1.66004214290806,-9.97507570756694
21.42,-5.24139031393992,-1.62437229326754,-9.97507570756694
21.4225,-5.24648477179313,-1.67023352851964,-9.97507570756694
21.425,-5.25157922964634,-1.67023352851964,-9.97507570756694
21.4275,-5.24648477179313,-1.66513783571385,-9.97507570756694
21.43,-5.24139031393992,-1.6447550644907,-9.97507570756694
21.4325,-5.25157922964634,-1.66513783571385,-9.97507570756694
21.435,-5.25157922964634,-1.66513783571385,-9.97507570756694
21.4375,-5.24648477179313,-1.66513783571385,-9.97507570756694
21.44,-5.25157922964634,-1.66513783571385,-9.96998258804469
21.4425,-5.24648477179313,-1.67023352851964,-9.97507570756694
21.445,-5.24648477179313,-1.66513783571385,-9.97507570756694
21.4475,-5.25157922964634,-1.66513783571385,-9.97507570756694
21.45,-5.24648477179313,-1.6447550644907,-9.96998258804469
21.4525,-5.24648477179313,-1.66513783571385,-9.97507570756694
21.455,-5.25157922964634,-1.66513783571385,-9.96998258804469
21.4575,-5.24648477179313,-1.66513783571385,-9.96998258804469
21.46,-5.24648477179313,-1.62437229326754,-9.96998258804469
21.4625,-5.25157922964634,-1.67023352851964,-9.97507570756694
21.465,-5.24648477179313,-1.67023352851964,-9.97507570756694
21.4675,-5.24648477179313,-1.66513783571385,-9.97507570756694
21.47,-5.24648477179313,-1.61927660046175,-9.97507570756694
21.4725,-5.24648477179313,-1.66513783571385,-9.97507570756694
21.475,-5.24648477179313,-1.66513783571385,-9.96998258804469
21.4775,-5.24648477179313,-1.66513783571385,-9.97507570756694
21.48,-5.25157922964634,-1.62437229326754,-9.97507570756694
21.4825,-5.24648477179313,-1.67023352851964,-9.97507570756694
21.485,-5.25157922964634,-1.66513783571385,-9.98016882708919
21.4875,-5.24648477179313,-1.67023352851964,-9.97507570756694
21.49,-5.24648477179313,-1.66513783571385,-9.98016882708919
21.4925,-5.24648477179313,-1.66004214290806,-9.98016882708919
21.495,-5.24648477179313,-1.66004214290806,-9.97507570756694
21.4975,-5.24648477179313,-1.66513783571385,-9.97507570756694
21.5,-5.24648477179313,-1.62437229326754,-9.97507570756694
21.5025,-5.24648477179313,-1.67023352851964,-9.98016882708919
21.505,-5.24648477179313,-1.66513783571385,-9.98016882708919
21.5075,-5.24648477179313,-1.66004214290806,-9.98016882708919
21.51,-5.25157922964634,-1.63965937168491,-9.97507570756694
21.5125,-5.24648477179313,-1.66004214290806,-9.97507570756694
21.515,-5.24648477179313,-1.66004214290806,-9.97507570756694
21.5175,-5.25157922964634,-1.66513783571385,-9.97507570756694
21.52,-5.24648477179313,-1.62437229326754,-9.97507570756694
21.5225,-5.25157922964634,-1.66513783571385,-9.97507570756694
21.525,-5.25157922964634,-1.66004214290806,-9.97507570756694
21.5275,-5.24648477179313,-1.66004214290806,-9.96998258804469
21.53,-5.24648477179313,-1.61418090765596,-9.97507570756694
21.5325,-5.25157922964634,-1.66004214290806,-9.96998258804469
21.535,-5.24648477179313,-1.66004214290806,-9.96998258804469
21.5375,-5.24648477179313,-1.66513783571385,-9.96998258804469
21.54,-5.25157922964634,-1.6447550644907,-9.97507570756694
21.5425,-5.24648477179313,-1.66513783571385,-9.96998258804469
21.545,-5.24648477179313,-1.66513783571385,-9.96998258804469
21.5475,-5.25157922964634,-1.66004214290806,-9.97507570756694
21.55,-5.25157922964634,-1.63965937168491,-9.96998258804469
21.5525,-5.25157922964634,-1.66004214290806,-9.97507570756694
21.555,-5.25157922964634,-1.66004214290806,-9.97507570756694
21.5575,-5.25157922964634,-1.66513783571385,-9.96998258804469
21.56,-5.24648477179313,-1.66004214290806,-9.97507570756694
21.5625,-5.25157922964634,-1.66513783571385,-9.97507570756694
21.565,-5.25157922964634,-1.66513783571385,-9.97507570756694
21.5675,-5.24648477179313,-1.66004214290806,-9.97507570756694
21.57,-5.25157922964634,-1.63456367887912,-9.97507570756694
21.5725,-5.25157922964634,-1.66513783571385,-9.98016882708919
21.575,-5.24648477179313,-1.66513783571385,-9.98016882708919
21.5775,-5.25157922964634,-1.66004214290806,-9.98016882708919
21.58,-5.25157922964634,-1.63965937168491,-9.97507570756694
21.5825,-5.24648477179313,-1.66004214290806,-9.97507570756694
21.585,-5.24648477179313,-1.65494645010227,-9.98016882708919
21.5875,-5.25157922964634,-1.65494645010227,-9.97507570756694
21.59,-5.24648477179313,-1.61927660046175,-9.97507570756694
21.5925,-5.24648477179313,-1.66004214290806,-9.97507570756694
21.595,-5.25157922964634,-1.66004214290806,-9.97507570756694
21.5975,-5.24648477179313,-1.66004214290806,-9.97507570756694
21.6,-5.24648477179313,-1.65494645010227,-9.98016882708919
21.6025,-5.25157922964634,-1.64985075729648,-9.97507570756694
21.605,-5.24648477179313,-1.64985075729648,-9.97507570756694
21.6075,-5.24139031393992,-1.65494645010227,-9.97507570756694
21.61,-5.25157922964634,-1.64985075729648,-9.97507570756694
21.6125,-5.24648477179313,-1.65494645010227,-9.96998258804469
21.615,-5.24648477179313,-1.65494645010227,-9.97507570756694
21.6175,-5.24648477179313,-1.65494645010227,-9.96998258804469
21.62,-5.24648477179313,-1.62946798607333,-9.96998258804469
21.6225,-5.24648477179313,-1.64985075729648,-9.97507570756694
21.625,-5.24648477179313,-1.6447550644907,-9.97507570756694
21.6275,-5.25157922964634,-1.64985075729648,-9.96998258804469
21.63,-5.24648477179313,-1.64985075729648,-9.96998258804469
21.6325,-5.24648477179313,-1.64985075729648,-9.96998258804469
21.635,-5.25157922964634,-1.65494645010227,-9.96998258804469
21.6375,-5.24648477179313,-1.65494645010227,-9.97507570756694
21.64,-5.25157922964634,-1.60398952204439,-9.97507570756694
21.6425,-5.25157922964634,-1.6447550644907,-9.96998258804469
21.645,-5.24648477179313,-1.64985075729648,-9.96998258804469
21.6475,-5.25157922964634,-1.64985075729648,-9.97507570756694
21.65,-5.25157922964634,-1.62437229326754,-9.97507570756694
21.6525,-5.24648477179313,-1.64985075729648,-9.97507570756694
21.655,-5.24648477179313,-1.64985075729648,-9.97507570756694
21.6575,-5.25157922964634,-1.64985075729648,-9.97507570756694
21.66,-5.24648477179313,-1.60398952204439,-9.97507570756694
21.6625,-5.24648477179313,-1.6447550644907,-9.97507570756694
21.665,-5.24648477179313,-1.6447550644907,-9.97507570756694
21.6675,-5.24648477179313,-1.6447550644907,-9.97507570756694
21.67,-5.24648477179313,-1.62946798607333,-9.98016882708919
21.6725,-5.24648477179313,-1.64985075729648,-9.98016882708919
21.675,-5.24648477179313,-1.6447550644907,-9.97507570756694
21.6775,-5.24648477179313,-1.64985075729648,-9.98016882708919
21.68,-5.24648477179313,-1.5988938292386,-9.98016882708919
21.6825,-5.24648477179313,-1.6447550644907,-9.97507570756694
21.685,-5.24648477179313,-1.63965937168491,-9.97507570756694
21.6875,-5.24648477179313,-1.63965937168491,-9.98016882708919
21.69,-5.25157922964634,-1.62437229326754,-9.97507570756694
21.6925,-5.24648477179313,-1.6447550644907,-9.98016882708919
21.695,-5.24648477179313,-1.6447550644907,-9.98016882708919
21.6975,-5.24648477179313,-1.6447550644907,-9.97507570756694
21.7,-5.24648477179313,-1.63965937168491,-9.97507570756694
21.7025,-5.24648477179313,-1.63965937168491,-9.97507570756694
21.705,-5.25157922964634,-1.6447550644907,-9.97507570756694
21.7075,-5.24648477179313,-1.6447550644907,-9.96998258804469
21.71,-5.25157922964634,-1.61927660046175,-9.97507570756694
21.7125,-5.25157922964634,-1.63965937168491,-9.97507570756694
21.715,-5.24648477179313,-1.63965937168491,-9.97507570756694
21.7175,-5.24648477179313,-1.63456367887912,-9.97507570756694
21.72,-5.25157922964634,-1.59379813643281,-9.96998258804469
21.7225,-5.24648477179313,-1.63456367887912,-9.96998258804469
21.725,-5.25157922964634,-1.63965937168491,-9.97507570756694
21.7275,-5.25157922964634,-1.6447550644907,-9.96998258804469
21.73,-5.24648477179313,-1.5988938292386,-9.96998258804469
21.7325,-5.24648477179313,-1.63965937168491,-9.97507570756694
21.735,-5.25157922964634,-1.63965937168491,-9.97507570756694
21.7375,-5.24648477179313,-1.63965937168491,-9.96998258804469
21.74,-5.24648477179313,-1.59379813643281,-9.97507570756694
21.7425,-5.24648477179313,-1.63456367887912,-9.97507570756694
21.745,-5.24648477179313,-1.6447550644907,-9.96998258804469
21.7475,-5.24648477179313,-1.6447550644907,-9.97507570756694
21.75,-5.25157922964634,-1.60398952204439,-9.97507570756694
21.7525,-5.24648477179313,-1.6447550644907,-9.97507570756694
21.755,-5.24648477179313,-1.63965937168491,-9.97507570756694
21.7575,-5.25157922964634,-1.63456367887912,-9.97507570756694
21.76,-5.25157922964634,-1.59379813643281,-9.97507570756694
21.7625,-5.24139031393992,-1.63965937168491,-9.97507570756694
21.765,-5.24648477179313,-1.6447550644907,-9.97507570756694
21.7675,-5.24648477179313,-1.6447550644907,-9.97507570756694
21.77,-5.24648477179313,-1.6447550644907,-9.98016882708919
21.7725,-5.24648477179313,-1.63965937168491,-9.98016882708919
21.775,-5.24139031393992,-1.63456367887912,-9.97507570756694
21.7775,-5.24648477179313,-1.63456367887912,-9.98016882708919
21.78,-5.25157922964634,-1.63965937168491,-9.98016882708919
21.7825,-5.24648477179313,-1.63965937168491,-9.97507570756694
21.785,-5.24648477179313,-1.6447550644907,-9.98016882708919
21.7875,-5.24648477179313,-1.63456367887912,-9.98016882708919
21.79,-5.24648477179313,-1.61927660046175,-9.98016882708919
21.7925,-5.24139031393992,-1.63456367887912,-9.98016882708919
21.795,-5.24648477179313,-1.63456367887912,-9.98016882708919
21.7975,-5.24648477179313,-1.63456367887912,-9.97507570756694
21.8,-5.24139031393992,-1.58870244362702,-9.97507570756694
21.8025,-5.25157922964634,-1.62946798607333,-9.98016882708919
21.805,-5.25157922964634,-1.6447550644907,-9.97507570756694
21.8075,-5.24648477179313,-1.63965937168491,-9.98016882708919
21.81,-5.24648477179313,-1.61418090765596,-9.98016882708919
21.8125,-5.24648477179313,-1.63456367887912,-9.97507570756694
21.815,-5.24648477179313,-1.63456367887912,-9.97507570756694
21.8175,-5.25157922964634,-1.63456367887912,-9.97507570756694
21.82,-5.25157922964634,-1.61418090765596,-9.97507570756694
21.8225,-5.24648477179313,-1.63965937168491,-9.97507570756694
21.825,-5.25157922964634,-1.63456367887912,-9.97507570756694
21.8275,-5.25157922964634,-1.63456367887912,-9.97507570756694
21.83,-5.24648477179313,-1.61418090765596,-9.97507570756694
21.8325,-5.24648477179313,-1.62946798607333,-9.97507570756694
21.835,-5.25157922964634,-1.62946798607333,-9.97507570756694
21.8375,-5.24648477179313,-1.62946798607333,-9.96998258804469
21.84,-5.24648477179313,-1.58870244362702,-9.97507570756694
21.8425,-5.25157922964634,-1.63965937168491,-9.96998258804469
21.845,-5.25157922964634,-1.63965937168491,-9.96998258804469
21.8475,-5.24648477179313,-1.63456367887912,-9.97507570756694
21.85,-5.25667368749955,-1.58870244362702,-9.97507570756694
21.8525,-5.25157922964634,-1.63456367887912,-9.96998258804469
21.855,-5.25157922964634,-1.62946798607333,-9.96998258804469
21.8575,-5.25157922964634,-1.62946798607333,-9.96998258804469
21.86,-5.25157922964634,-1.59379813643281,-9.97507570756694
21.8625,-5.24648477179313,-1.63456367887912,-9.97507570756694
21.865,-5.25157922964634,-1.63456367887912,-9.97507570756694
21.8675,-5.25157922964634,-1.63456367887912,-9.97507570756694
21.87,-5.24648477179313,-1.60908521485018,-9.97507570756694
21.8725,-5.25157922964634,-1.62946798607333,-9.98016882708919
21.875,-5.25157922964634,-1.62946798607333,-9.97507570756694
21.8775,-5.24648477179313,-1.63456367887912,-9.98016882708919
21.88,-5.25157922964634,-1.59379813643281,-9.98016882708919
21.8825,-5.25157922964634,-1.63456367887912,-9.98016882708919
21.885,-5.24648477179313,-1.63456367887912,-9.98016882708919
21.8875,-5.25157922964634,-1.62946798607333,-9.98016882708919
21.89,-5.24648477179313,-1.58870244362702,-9.97507570756694
21.8925,-5.24648477179313,-1.62946798607333,-9.98016882708919
21.895,-5.25157922964634,-1.62946798607333,-9.98016882708919
21.8975,-5.25157922964634,-1.62946798607333,-9.98016882708919
21.9,-5.25157922964634,-1.61418090765596,-9.97507570756694
21.9025,-5.25157922964634,-1.63456367887912,-9.98016882708919
21.905,-5.25157922964634,-1.62946798607333,-9.97507570756694
21.9075,-5.25157922964634,-1.62946798607333,-9.97507570756694
21.91,-5.25157922964634,-1.60398952204439,-9.97507570756694
21.9125,-5.25157922964634,-1.62437229326754,-9.96998258804469
21.915,-5.25157922964634,-1.62437229326754,-9.97507570756694
21.9175,-5.25667368749955,-1.62437229326754,-9.97507570756694
21.92,-5.25157922964634,-1.62946798607333,-9.96998258804469
21.9225,-5.25157922964634,-1.62946798607333,-9.97507570756694
21.925,-5.25157922964634,-1.62437229326754,-9.97507570756694
21.9275,-5.25157922964634,-1.62946798607333,-9.96998258804469
21.93,-5.25667368749955,-1.60908521485018,-9.96998258804469
21.9325,-5.25667368749955,-1.58870244362702,-9.97507570756694
21.935,-5.25667368749955,-1.62946798607333,-9.96998258804469
21.9375,-5.25667368749955,-1.62437229326754,-9.97507570756694
21.94,-5.25667368749955,-1.62946798607333,-9.97507570756694
21.9425,-5.25667368749955,-1.60908521485018,-9.96998258804469
21.945,-5.25157922964634,-1.62946798607333,-9.96998258804469
21.9475,-5.25667368749955,-1.62437229326754,-9.97507570756694
21.95,-5.26176814535276,-1.62437229326754,-9.96998258804469
21.9525,-5.25667368749955,-1.58360675082123,-9.96998258804469
21.955,-5.26176814535276,-1.62946798607333,-9.96998258804469
21.9575,-5.26176814535276,-1.62946798607333,-9.97507570756694
21.96,-5.25667368749955,-1.63456367887912,-9.97507570756694
21.9625,-5.26176814535276,-1.62946798607333,-9.97507570756694
21.965,-5.25667368749955,-1.62946798607333,-9.97507570756694
21.9675,-5.25667368749955,-1.62437229326754,-9.97507570756694
21.97,-5.25667368749955,-1.62437229326754,-9.97507570756694
21.9725,-5.26176814535276,-1.58870244362702,-9.97507570756694
21.975,-5.25667368749955,-1.63456367887912,-9.97507570756694
21.9775,-5.26176814535276,-1.62946798607333,-9.98016882708919
21.98,-5.26176814535276,-1.63456367887912,-9.98016882708919
21.9825,-5.26176814535276,-1.58870244362702,-9.98016882708919
21.985,-5.26176814535276,-1.62946798607333,-9.98016882708919
21.9875,-5.26176814535276,-1.62946798607333,-9.98016882708919
21.99,-5.26176814535276,-1.62437229326754,-9.98016882708919
21.9925,-5.25667368749955,-1.58360675082123,-9.98016882708919
21.995,-5.26176814535276,-1.62946798607333,-9.97507570756694
21.9975,-5.25667368749955,-1.62946798607333,-9.97507570756694
22,-5.26176814535276,-1.62946798607333,-9.97507570756694
22.0025,-5.26176814535276,-1.58870244362702,-9.97507570756694
22.005,-5.26176814535276,-1.62437229326754,-9.97507570756694
22.0075,-5.26176814535276,-1.62437229326754,-9.97507570756694
22.01,-5.26686260320597,-1.62437229326754,-9.97507570756694
22.0125,-5.26176814535276,-1.60398952204439,-9.97507570756694
22.015,-5.26176814535276,-1.62437229326754,-9.97507570756694
22.0175,-5.26686260320597,-1.62946798607333,-9.97507570756694
22.02,-5.26176814535276,-1.62946798607333,-9.97507570756694
22.0225,-5.26176814535276,-1.62437229326754,-9.97507570756694
22.025,-5.26686260320597,-1.62437229326754,-9.96998258804469
22.0275,-5.26176814535276,-1.62437229326754,-9.97507570756694
22.03,-5.26176814535276,-1.62437229326754,-9.97507570756694
22.0325,-5.27195706105918,-1.58360675082123,-9.96998258804469
22.035,-5.26686260320597,-1.62946798607333,-9.96998258804469
22.0375,-5.26176814535276,-1.62437229326754,-9.97507570756694
22.04,-5.27195706105918,-1.62437229326754,-9.97507570756694
22.0425,-5.26686260320597,-1.58870244362702,-9.97507570756694
22.045,-5.26686260320597,-1.62437229326754,-9.97507570756694
22.0475,-5.27195706105918,-1.62437229326754,-9.97507570756694
22.05,-5.27195706105918,-1.62946798607333,-9.97507570756694
22.0525,-5.26686260320597,-1.58360675082123,-9.97507570756694
22.055,-5.26686260320597,-1.62437229326754,-9.97507570756694
22.0575,-5.26686260320597,-1.62946798607333,-9.97507570756694
22.06,-5.26686260320597,-1.62437229326754,-9.98016882708919
22.0625,-5.27195706105918,-1.5988938292386,-9.98016882708919
22.065,-5.26686260320597,-1.62437229326754,-9.97507570756694
22.0675,-5.26686260320597,-1.62437229326754,-9.98016882708919
22.07,-5.27195706105918,-1.62437229326754,-9.97507570756694
22.0725,-5.26686260320597,-1.58360675082123,-9.98016882708919
22.075,-5.26686260320597,-1.62437229326754,-9.98016882708919
22.0775,-5.27195706105918,-1.62437229326754,-9.98016882708919
22.08,-5.27195706105918,-1.62437229326754,-9.98016882708919
22.0825,-5.26686260320597,-1.5988938292386,-9.97507570756694
22.085,-5.26686260320597,-1.61418090765596,-9.98016882708919
22.0875,-5.27195706105918,-1.61927660046175,-9.98016882708919
22.09,-5.26686260320597,-1.62437229326754,-9.97507570756694
22.0925,-5.26686260320597,-1.60398952204439,-9.98016882708919
22.095,-5.27195706105918,-1.62437229326754,-9.97507570756694
22.0975,-5.26686260320597,-1.62437229326754,-9.97507570756694
22.1,-5.27195706105918,-1.61927660046175,-9.97507570756694
22.1025,-5.27195706105918,-1.57341536520966,-9.97507570756694
22.105,-5.27195706105918,-1.61418090765596,-9.97507570756694
22.1075,-5.26686260320597,-1.61418090765596,-9.97507570756694
22.11,-5.27195706105918,-1.61927660046175,-9.97507570756694
22.1125,-5.27195706105918,-1.61927660046175,-9.97507570756694
22.115,-5.27195706105918,-1.61927660046175,-9.97507570756694
22.1175,-5.27195706105918,-1.61927660046175,-9.97507570756694
22.12,-5.27195706105918,-1.61418090765596,-9.96998258804469
22.1225,-5.27195706105918,-1.56831967240387,-9.97507570756694
22.125,-5.27705151891239,-1.60908521485018,-9.96998258804469
22.1275,-5.27195706105918,-1.61927660046175,-9.96998258804469
22.13,-5.27195706105918,-1.61927660046175,-9.97507570756694
22.1325,-5.27705151891239,-1.59379813643281,-9.96998258804469
22.135,-5.27195706105918,-1.61927660046175,-9.96998258804469
22.1375,-5.27195706105918,-1.62437229326754,-9.97507570756694
22.14,-5.27705151891239,-1.61418090765596,-9.97507570756694
22.1425,-5.27195706105918,-1.59379813643281,-9.97507570756694
22.145,-5.27195706105918,-1.61418090765596,-9.97507570756694
22.1475,-5.27705151891239,-1.61927660046175,-9.97507570756694
22.15,-5.27195706105918,-1.62437229326754,-9.97507570756694
22.1525,-5.27195706105918,-1.5988938292386,-9.98016882708919
22.155,-5.27705151891239,-1.61927660046175,-9.98016882708919
22.1575,-5.27195706105918,-1.61927660046175,-9.98016882708919
22.16,-5.27195706105918,-1.61418090765596,-9.97507570756694
22.1625,-5.27705151891239,-1.57341536520966,-9.97507570756694
22.165,-5.27195706105918,-1.61927660046175,-9.98016882708919
22.1675,-5.27195706105918,-1.61418090765596,-9.98016882708919
22.17,-5.27705151891239,-1.61927660046175,-9.97507570756694
22.1725,-5.27195706105918,-1.58360675082123,-9.98016882708919
22.175,-5.27195706105918,-1.61927660046175,-9.98016882708919
22.1775,-5.27705151891239,-1.61418090765596,-9.98016882708919
22.18,-5.27195706105918,-1.61418090765596,-9.97507570756694
22.1825,-5.27195706105918,-1.58870244362702,-9.97507570756694
22.185,-5.27705151891239,-1.61418090765596,-9.97507570756694
22.1875,-5.27195706105918,-1.61927660046175,-9.97507570756694
22.19,-5.27195706105918,-1.61927660046175,-9.98016882708919
22.1925,-5.27195706105918,-1.56831967240387,-9.97507570756694
22.195,-5.27195706105918,-1.61927660046175,-9.97507570756694
22.1975,-5.27195706105918,-1.61418090765596,-9.97507570756694
22.2,-5.27705151891239,-1.61418090765596,-9.97507570756694
22.2025,-5.27195706105918,-1.58870244362702,-9.97507570756694
22.205,-5.27195706105918,-1.60908521485018,-9.97507570756694
22.2075,-5.27705151891239,-1.61418090765596,-9.97507570756694
22.21,-5.27195706105918,-1.61418090765596,-9.96998258804469
22.2125,-5.26686260320597,-1.59379813643281,-9.97507570756694
22.215,-5.27195706105918,-1.61418090765596,-9.97507570756694
22.2175,-5.27195706105918,-1.61418090765596,-9.96998258804469
22.22,-5.26686260320597,-1.60908521485018,-9.96998258804469
22.2225,-5.27195706105918,-1.58360675082123,-9.96998258804469
22.225,-5.27195706105918,-1.61418090765596,-9.96998258804469
22.2275,-5.27195706105918,-1.61418090765596,-9.96998258804469
22.23,-5.27195706105918,-1.61418090765596,-9.97507570756694
22.2325,-5.27195706105918,-1.57341536520966,-9.96998258804469
22.235,-5.27195706105918,-1.60908521485018,-9.97507570756694
22.2375,-5.27195706105918,-1.60908521485018,-9.97507570756694
22.24,-5.27195706105918,-1.60908521485018,-9.97507570756694
22.2425,-5.27195706105918,-1.56322397959808,-9.97507570756694
22.245,-5.27195706105918,-1.60398952204439,-9.97507570756694
22.2475,-5.27195706105918,-1.61418090765596,-9.97507570756694
22.25,-5.27195706105918,-1.61418090765596,-9.97507570756694
22.2525,-5.27705151891239,-1.56831967240387,-9.98016882708919
22.255,-5.27195706105918,-1.61927660046175,-9.97507570756694
22.2575,-5.27195706105918,-1.60908521485018,-9.98016882708919
22.26,-5.27195706105918,-1.60398952204439,-9.97507570756694
22.2625,-5.27195706105918,-1.60398952204439,-9.97507570756694
22.265,-5.26686260320597,-1.60908521485018,-9.98016882708919
22.2675,-5.27195706105918,-1.60908521485018,-9.98016882708919
22.27,-5.27195706105918,-1.61418090765596,-9.97507570756694
22.2725,-5.26686260320597,-1.58870244362702,-9.97507570756694
22.275,-5.26686260320597,-1.60908521485018,-9.98016882708919
22.2775,-5.26686260320597,-1.60398952204439,-9.98526194661144
22.28,-5.26686260320597,-1.5988938292386,-9.98016882708919
22.2825,-5.27195706105918,-1.57851105801545,-9.99035506613369
22.285,-5.27195706105918,-1.60398952204439,-9.97507570756694
22.2875,-5.26686260320597,-1.60908521485018,-9.97507570756694
22.29,-5.27195706105918,-1.60398952204439,-9.97507570756694
22.2925,-5.26686260320597,-1.60398952204439,-9.97507570756694
22.295,-5.26686260320597,-1.60398952204439,-9.97507570756694
22.2975,-5.27195706105918,-1.5988938292386,-9.97507570756694
22.3,-5.26686260320597,-1.5988938292386,-9.97507570756694
22.3025,-5.26686260320597,-1.5988938292386,-9.97507570756694
22.305,-5.26686260320597,-1.5988938292386,-9.97507570756694
22.3075,-5.27195706105918,-1.60908521485018,-9.97507570756694
22.31,-5.26686260320597,-1.60398952204439,-9.97507570756694
22.3125,-5.26686260320597,-1.57851105801545,-9.97507570756694
22.315,-5.26686260320597,-1.5988938292386,-9.97507570756694
22.3175,-5.26176814535276,-1.5988938292386,-9.96998258804469
22.32,-5.26686260320597,-1.59379813643281,-9.96998258804469
22.3225,-5.27195706105918,-1.5530325939865,-9.96998258804469
22.325,-5.26686260320597,-1.60398952204439,-9.96998258804469
22.3275,-5.26686260320597,-1.60398952204439,-9.97507570756694
22.33,-5.26686260320597,-1.60398952204439,-9.96998258804469
22.3325,-5.26176814535276,-1.57851105801545,-9.97507570756694
22.335,-5.26686260320597,-1.59379813643281,-9.97507570756694
22.3375,-5.26686260320597,-1.59379813643281,-9.96998258804469
22.34,-5.26686260320597,-1.59379813643281,-9.96998258804469
22.3425,-5.26686260320597,-1.57341536520966,-9.96998258804469
22.345,-5.27195706105918,-1.5988938292386,-9.97507570756694
22.3475,-5.26686260320597,-1.60398952204439,-9.96998258804469
22.35,-5.26686260320597,-1.5988938292386,-9.97507570756694
22.3525,-5.26686260320597,-1.5530325939865,-9.97507570756694
22.355,-5.26686260320597,-1.5988938292386,-9.97507570756694
22.3575,-5.26686260320597,-1.58870244362702,-9.97507570756694
22.36,-5.26686260320597,-1.58870244362702,-9.96998258804469
22.3625,-5.26176814535276,-1.57341536520966,-9.97507570756694
22.365,-5.27195706105918,-1.59379813643281,-9.97507570756694
22.3675,-5.26686260320597,-1.5988938292386,-9.97507570756694
22.37,-5.26686260320597,-1.5988938292386,-9.97507570756694
22.3725,-5.26686260320597,-1.5530325939865,-9.98016882708919
22.375,-5.27195706105918,-1.59379813643281,-9.97507570756694
22.3775,-5.26686260320597,-1.59379813643281,-9.98016882708919
22.38,-5.26686260320597,-1.59379813643281,-9.98016882708919
22.3825,-5.27195706105918,-1.54284120837493,-9.97507570756694
22.385,-5.26686260320597,-1.60398952204439,-9.97507570756694
22.3875,-5.26686260320597,-1.5988938292386,-9.98016882708919
22.39,-5.27195706105918,-1.59379813643281,-9.98016882708919
22.3925,-5.26686260320597,-1.57341536520966,-9.97507570756694
22.395,-5.26686260320597,-1.58870244362702,-9.97507570756694
22.3975,-5.27195706105918,-1.58870244362702,-9.97507570756694
22.4,-5.26686260320597,-1.58870244362702,-9.97507570756694
22.4025,-5.26686260320597,-1.56831967240387,-9.98016882708919
22.405,-5.27195706105918,-1.59379813643281,-9.97507570756694
22.4075,-5.26686260320597,-1.59379813643281,-9.97507570756694
22.41,-5.27195706105918,-1.58870244362702,-9.97507570756694
22.4125,-5.27195706105918,-1.58870244362702,-9.97507570756694
22.415,-5.27195706105918,-1.58870244362702,-9.97507570756694
22.4175,-5.27705151891239,-1.58360675082123,-9.97507570756694
22.42,-5.27195706105918,-1.58870244362702,-9.97507570756694
22.4225,-5.26686260320597,-1.58870244362702,-9.96998258804469
22.425,-5.26686260320597,-1.59379813643281,-9.97507570756694
22.4275,-5.27195706105918,-1.59379813643281,-9.97507570756694
22.43,-5.27195706105918,-1.59379813643281,-9.97507570756694
22.4325,-5.26686260320597,-1.57341536520966,-9.97507570756694
22.435,-5.27195706105918,-1.58870244362702,-9.97507570756694
22.4375,-5.27195706105918,-1.58870244362702,-9.96998258804469
22.44,-5.26686260320597,-1.58870244362702,-9.97507570756694
22.4425,-5.27195706105918,-1.57341536520966,-9.97507570756694
22.445,-5.27195706105918,-1.59379813643281,-9.96998258804469
22.4475,-5.26686260320597,-1.59379813643281,-9.96998258804469
22.45,-5.27195706105918,-1.58870244362702,-9.96998258804469
22.4525,-5.27195706105918,-1.59379813643281,-9.96998258804469
22.455,-5.27195706105918,-1.58870244362702,-9.96998258804469
22.4575,-5.27195706105918,-1.58870244362702,-9.96998258804469
22.46,-5.27195706105918,-1.58870244362702,-9.96998258804469
22.4625,-5.27195706105918,-1.57341536520966,-9.97507570756694
22.465,-5.27195706105918,-1.59379813643281,-9.97507570756694
22.4675,-5.27195706105918,-1.5988938292386,-9.97507570756694
22.47,-5.26686260320597,-1.59379813643281,-9.97507570756694
22.4725,-5.27195706105918,-1.56831967240387,-9.98016882708919
22.475,-5.27195706105918,-1.58870244362702,-9.97507570756694
22.4775,-5.26686260320597,-1.59379813643281,-9.97507570756694
22.48,-5.27195706105918,-1.59379813643281,-9.98016882708919
22.4825,-5.27195706105918,-1.57341536520966,-9.97507570756694
22.485,-5.26686260320597,-1.5988938292386,-9.98016882708919
22.4875,-5.26686260320597,-1.59379813643281,-9.98016882708919
22.49,-5.27195706105918,-1.59379813643281,-9.97507570756694
22.4925,-5.26686260320597,-1.59379813643281,-9.98016882708919
22.495,-5.26686260320597,-1.58870244362702,-9.98016882708919
22.4975,-5.27195706105918,-1.59379813643281,-9.97507570756694
22.5,-5.26686260320597,-1.59379813643281,-9.98016882708919
22.5025,-5.26686260320597,-1.57341536520966,-9.97507570756694
22.505,-5.27195706105918,-1.5988938292386,-9.97507570756694
22.5075,-5.26686260320597,-1.59379813643281,-9.97507570756694
22.51,-5.26686260320597,-1.58870244362702,-9.97507570756694
22.5125,-5.26686260320597,-1.54284120837493,-9.97507570756694
22.515,-5.26686260320597,-1.58870244362702,-9.96998258804469
22.5175,-5.26686260320597,-1.58870244362702,-9.97507570756694
22.52,-5.27195706105918,-1.5988938292386,-9.97507570756694
22.5225,-5.26686260320597,-1.5530325939865,-9.97507570756694
22.525,-5.27195706105918,-1.59379813643281,-9.97507570756694
22.5275,-5.27195706105918,-1.59379813643281,-9.96998258804469
22.53,-5.26686260320597,-1.59379813643281,-9.97507570756694
22.5325,-5.27195706105918,-1.54793690118071,-9.97507570756694
22.535,-5.27195706105918,-1.58870244362702,-9.96998258804469
22.5375,-5.27195706105918,-1.59379813643281,-9.96998258804469
22.54,-5.27195706105918,-1.5988938292386,-9.97507570756694
22.5425,-5.27195706105918,-1.57341536520966,-9.97507570756694
22.545,-5.26686260320597,-1.59379813643281,-9.96998258804469
22.5475,-5.26686260320597,-1.59379813643281,-9.97507570756694
22.55,-5.27195706105918,-1.58870244362702,-9.96998258804469
22.5525,-5.27195706105918,-1.58870244362702,-9.96998258804469
22.555,-5.26686260320597,-1.58870244362702,-9.97507570756694
22.5575,-5.27195706105918,-1.59379813643281,-9.97507570756694
22.56,-5.26686260320597,-1.5988938292386,-9.97507570756694
22.5625,-5.26686260320597,-1.57341536520966,-9.97507570756694
22.565,-5.27195706105918,-1.59379813643281,-9.97507570756694
22.5675,-5.27195706105918,-1.59379813643281,-9.97507570756694
22.57,-5.27195706105918,-1.59379813643281,-9.97507570756694
22.5725,-5.27195706105918,-1.56831967240387,-9.98016882708919
22.575,-5.26686260320597,-1.59379813643281,-9.97507570756694
22.5775,-5.26686260320597,-1.59379813643281,-9.97507570756694
22.58,-5.27195706105918,-1.5988938292386,-9.98016882708919
22.5825,-5.27195706105918,-1.5530325939865,-9.97507570756694
22.585,-5.27195706105918,-1.59379813643281,-9.98016882708919
22.5875,-5.27195706105918,-1.58870244362702,-9.98016882708919
22.59,-5.27195706105918,-1.58870244362702,-9.97507570756694
22.5925,-5.27195706105918,-1.56322397959808,-9.97507570756694
22.595,-5.27195706105918,-1.58360675082123,-9.97507570756694
22.5975,-5.27195706105918,-1.58870244362702,-9.97507570756694
22.6,-5.27195706105918,-1.59379813643281,-9.97507570756694
22.6025,-5.27195706105918,-1.54793690118071,-9.98016882708919
22.605,-5.27195706105918,-1.58870244362702,-9.97507570756694
22.6075,-5.27705151891239,-1.58870244362702,-9.97507570756694
22.61,-5.27195706105918,-1.58360675082123,-9.97507570756694
22.6125,-5.27705151891239,-1.53774551556914,-9.97507570756694
22.615,-5.27195706105918,-1.58360675082123,-9.96998258804469
22.6175,-5.27705151891239,-1.58360675082123,-9.97507570756694
22.62,-5.27705151891239,-1.58870244362702,-9.96998258804469
22.6225,-5.27705151891239,-1.54793690118071,-9.96998258804469
22.625,-5.27705151891239,-1.59379813643281,-9.97507570756694
22.6275,-5.27705151891239,-1.58360675082123,-9.96998258804469
22.63,-5.27195706105918,-1.58360675082123,-9.96998258804469
22.6325,-5.27195706105918,-1.53774551556914,-9.96998258804469
22.635,-5.27705151891239,-1.58360675082123,-9.97507570756694
22.6375,-5.27195706105918,-1.58870244362702,-9.96998258804469
22.64,-5.27705151891239,-1.58870244362702,-9.97507570756694
22.6425,-5.2821459767656,-1.54284120837493,-9.97507570756694
22.645,-5.27705151891239,-1.58870244362702,-9.96998258804469
22.6475,-5.27705151891239,-1.58360675082123,-9.97507570756694
22.65,-5.2821459767656,-1.58360675082123,-9.97507570756694
22.6525,-5.27705151891239,-1.54284120837493,-9.97507570756694
22.655,-5.27705151891239,-1.58360675082123,-9.97507570756694
22.6575,-5.2821459767656,-1.58870244362702,-9.97507570756694
22.66,-5.27705151891239,-1.58870244362702,-9.96998258804469
22.6625,-5.27705151891239,-1.56322397959808,-9.97507570756694
22.665,-5.2821459767656,-1.57851105801545,-9.97507570756694
22.6675,-5.2821459767656,-1.57851105801545,-9.97507570756694
22.67,-5.27705151891239,-1.57851105801545,-9.97507570756694
22.6725,-5.2821459767656,-1.55812828679229,-9.98016882708919
22.675,-5.2821459767656,-1.58360675082123,-9.97507570756694
22.6775,-5.27705151891239,-1.58360675082123,-9.97507570756694
22.68,-5.2821459767656,-1.58360675082123,-9.97507570756694
22.6825,-5.27705151891239,-1.56322397959808,-9.98016882708919
22.685,-5.27705151891239,-1.58360675082123,-9.97507570756694
22.6875,-5.27705151891239,-1.57851105801545,-9.98016882708919
22.69,-5.27705151891239,-1.57341536520966,-9.97507570756694
22.6925,-5.2821459767656,-1.57851105801545,-9.97507570756694
22.695,-5.2821459767656,-1.57851105801545,-9.98016882708919
22.6975,-5.2821459767656,-1.61927660046175,-9.97507570756694
22.7,-5.2821459767656,-1.58360675082123,-9.97507570756694
22.7025,-5.2821459767656,-1.5530325939865,-9.98016882708919
22.705,-5.2821459767656,-1.57851105801545,-9.97507570756694
22.7075,-5.2821459767656,-1.57341536520966,-9.97507570756694
22.71,-5.2821459767656,-1.57341536520966,-9.97507570756694
22.7125,-5.28724043461881,-1.55812828679229,-9.97507570756694
22.715,-5.28724043461881,-1.58360675082123,-9.96998258804469
22.7175,-5.28724043461881,-1.58360675082123,-9.97507570756694
22.72,-5.28724043461881,-1.57851105801545,-9.97507570756694
22.7225,-5.28724043461881,-1.53264982276335,-9.97507570756694
22.725,-5.28724043461881,-1.57341536520966,-9.97507570756694
22.7275,-5.28724043461881,-1.57341536520966,-9.96998258804469
22.73,-5.28724043461881,-1.57341536520966,-9.97507570756694
22.7325,-5.28724043461881,-1.57851105801545,-9.97507570756694
22.735,-5.29233489247202,-1.57851105801545,-9.96998258804469
22.7375,-5.28724043461881,-1.57851105801545,-9.96998258804469
22.74,-5.28724043461881,-1.57851105801545,-9.96998258804469
22.7425,-5.29233489247202,-1.53264982276335,-9.96998258804469
22.745,-5.28724043461881,-1.57851105801545,-9.96998258804469
22.7475,-5.28724043461881,-1.57341536520966,-9.97507570756694
22.75,-5.29233489247202,-1.57851105801545,-9.96998258804469
22.7525,-5.29233489247202,-1.58360675082123,-9.96998258804469
22.755,-5.28724043461881,-1.58360675082123,-9.97507570756694
22.7575,-5.29233489247202,-1.58360675082123,-9.97507570756694
22.76,-5.29233489247202,-1.57851105801545,-9.97507570756694
22.7625,-5.29233489247202,-1.53264982276335,-9.97507570756694
22.765,-5.29233489247202,-1.57851105801545,-9.97507570756694
22.7675,-5.29233489247202,-1.57341536520966,-9.97507570756694
22.77,-5.29233489247202,-1.57851105801545,-9.97507570756694
22.7725,-5.29233489247202,-1.55812828679229,-9.97507570756694
22.775,-5.29233489247202,-1.58360675082123,-9.97507570756694
22.7775,-5.28724043461881,-1.58360675082123,-9.98016882708919
22.78,-5.29233489247202,-1.57851105801545,-9.98016882708919
22.7825,-5.29742935032523,-1.5530325939865,-9.98016882708919
22.785,-5.29233489247202,-1.57851105801545,-9.98016882708919
22.7875,-5.29233489247202,-1.57341536520966,-9.98016882708919
22.79,-5.29233489247202,-1.57341536520966,-9.97507570756694
22.7925,-5.29233489247202,-1.57851105801545,-9.98016882708919
22.795,-5.29233489247202,-1.57851105801545,-9.98016882708919
22.7975,-5.29742935032523,-1.57851105801545,-9.98016882708919
22.8,-5.29233489247202,-1.57851105801545,-9.97507570756694
22.8025,-5.29233489247202,-1.57341536520966,-9.97507570756694
22.805,-5.29742935032523,-1.56831967240387,-9.97507570756694
22.8075,-5.29233489247202,-1.57341536520966,-9.97507570756694
22.81,-5.29233489247202,-1.57341536520966,-9.97507570756694
22.8125,-5.29233489247202,-1.53264982276335,-9.97507570756694
22.815,-5.29742935032523,-1.57851105801545,-9.97507570756694
22.8175,-5.29233489247202,-1.57341536520966,-9.97507570756694
22.82,-5.30252380817844,-1.57341536520966,-9.97507570756694
22.8225,-5.29742935032523,-1.5530325939865,-9.96998258804469
22.825,-5.29233489247202,-1.56831967240387,-9.97507570756694
22.8275,-5.29742935032523,-1.57341536520966,-9.96998258804469
22.83,-5.29742935032523,-1.57341536520966,-9.96998258804469
22.8325,-5.29742935032523,-1.5530325939865,-9.96998258804469
22.835,-5.29742935032523,-1.57851105801545,-9.97507570756694
22.8375,-5.29742935032523,-1.57341536520966,-9.96998258804469
22.84,-5.29233489247202,-1.57341536520966,-9.96998258804469
22.8425,-5.29742935032523,-1.56831967240387,-9.97507570756694
22.845,-5.29742935032523,-1.57341536520966,-9.96998258804469
22.8475,-5.29742935032523,-1.56831967240387,-9.97507570756694
22.85,-5.29742935032523,-1.57341536520966,-9.97507570756694
22.8525,-5.29742935032523,-1.55812828679229,-9.97507570756694
22.855,-5.29742935032523,-1.57341536520966,-9.97507570756694
22.8575,-5.29742935032523,-1.57341536520966,-9.98016882708919
22.86,-5.29742935032523,-1.57851105801545,-9.97507570756694
22.8625,-5.29233489247202,-1.57341536520966,-9.98016882708919
22.865,-5.29742935032523,-1.56831967240387,-9.98016882708919
22.8675,-5.29742935032523,-1.56831967240387,-9.97507570756694
22.87,-5.29233489247202,-1.57341536520966,-9.97507570756694
22.8725,-5.29742935032523,-1.57341536520966,-9.98016882708919
22.875,-5.29742935032523,-1.5530325939865,-9.98016882708919
22.8775,-5.29233489247202,-1.57851105801545,-9.98016882708919
22.88,-5.29233489247202,-1.57341536520966,-9.98016882708919
22.8825,-5.29742935032523,-1.56831967240387,-9.97507570756694
22.885,-5.29233489247202,-1.52245843715177,-9.97507570756694
22.8875,-5.29742935032523,-1.56831967240387,-9.98016882708919
22.89,-5.29742935032523,-1.56831967240387,-9.98016882708919
22.8925,-5.29742935032523,-1.57851105801545,-9.97507570756694
22.895,-5.29742935032523,-1.52755412995756,-9.98016882708919
22.8975,-5.29742935032523,-1.56831967240387,-9.97507570756694
22.9,-5.29742935032523,-1.57851105801545,-9.97507570756694
22.9025,-5.29742935032523,-1.56322397959808,-9.97507570756694
22.905,-5.29742935032523,-1.52245843715177,-9.97507570756694
22.9075,-5.29742935032523,-1.56831967240387,-9.96998258804469
22.91,-5.29742935032523,-1.56831967240387,-9.97507570756694
22.9125,-5.29742935032523,-1.56831967240387,-9.97507570756694
22.915,-5.29742935032523,-1.53264982276335,-9.96998258804469
22.9175,-5.29233489247202,-1.56831967240387,-9.97507570756694
22.92,-5.29742935032523,-1.56831967240387,-9.96998258804469
22.9225,-5.29742935032523,-1.57341536520966,-9.96998258804469
22.925,-5.29742935032523,-1.54284120837493,-9.96998258804469
22.9275,-5.29742935032523,-1.56322397959808,-9.96998258804469
22.93,-5.29742935032523,-1.56831967240387,-9.96998258804469
22.9325,-5.29742935032523,-1.56831967240387,-9.96998258804469
22.935,-5.29742935032523,-1.56831967240387,-9.97507570756694
22.9375,-5.29742935032523,-1.57341536520966,-9.97507570756694
22.94,-5.29742935032523,-1.56322397959808,-9.97507570756694
22.9425,-5.29742935032523,-1.56322397959808,-9.97507570756694
22.945,-5.29233489247202,-1.54284120837493,-9.97507570756694
22.9475,-5.29233489247202,-1.56322397959808,-9.97507570756694
22.95,-5.29742935032523,-1.56322397959808,-9.97507570756694
22.9525,-5.29233489247202,-1.56831967240387,-9.97507570756694
22.955,-5.29233489247202,-1.52245843715177,-9.98016882708919
22.9575,-5.29742935032523,-1.56322397959808,-9.98016882708919
22.96,-5.29233489247202,-1.56831967240387,-9.97507570756694
22.9625,-5.29233489247202,-1.56322397959808,-9.98016882708919
22.965,-5.29233489247202,-1.53774551556914,-9.98016882708919
22.9675,-5.29233489247202,-1.55812828679229,-9.98016882708919
22.97,-5.29233489247202,-1.55812828679229,-9.98016882708919
22.9725,-5.29742935032523,-1.56322397959808,-9.98016882708919
22.975,-5.29233489247202,-1.53774551556914,-9.97507570756694
22.9775,-5.29233489247202,-1.56322397959808,-9.98016882708919
22.98,-5.29233489247202,-1.55812828679229,-9.98016882708919
22.9825,-5.29233489247202,-1.55812828679229,-9.97507570756694
22.985,-5.29233489247202,-1.55812828679229,-9.97507570756694
22.9875,-5.29742935032523,-1.5530325939865,-9.97507570756694
22.99,-5.29233489247202,-1.5530325939865,-9.97507570756694
22.9925,-5.29233489247202,-1.55812828679229,-9.97507570756694
22.995,-5.29233489247202,-1.5530325939865,-9.97507570756694
22.9975,-5.29233489247202,-1.55812828679229,-9.97507570756694
23,-5.29233489247202,-1.55812828679229,-9.97507570756694
23.0025,-5.29233489247202,-1.5530325939865,-9.97507570756694
23.005,-5.29233489247202,-1.5530325939865,-9.96998258804469
23.0075,-5.29233489247202,-1.5530325939865,-9.97507570756694
23.01,-5.29233489247202,-1.5530325939865,-9.97507570756694
23.0125,-5.29233489247202,-1.55812828679229,-9.96998258804469
23.015,-5.29233489247202,-1.53774551556914,-9.97507570756694
23.0175,-5.29233489247202,-1.55812828679229,-9.97507570756694
23.02,-5.29233489247202,-1.56322397959808,-9.96998258804469
23.0225,-5.29233489247202,-1.5530325939865,-9.97507570756694
23.025,-5.29233489247202,-1.52755412995756,-9.97507570756694
23.0275,-5.29233489247202,-1.5530325939865,-9.96998258804469
23.03,-5.29233489247202,-1.55812828679229,-9.96998258804469
23.0325,-5.29233489247202,-1.5530325939865,-9.97507570756694
23.035,-5.29233489247202,-1.53774551556914,-9.97507570756694
23.0375,-5.28724043461881,-1.56322397959808,-9.97507570756694
23.04,-5.29233489247202,-1.5530325939865,-9.97507570756694
23.0425,-5.29233489247202,-1.55812828679229,-9.97507570756694
23.045,-5.28724043461881,-1.5122670515402,-9.97507570756694
23.0475,-5.28724043461881,-1.5530325939865,-9.97507570756694
23.05,-5.29233489247202,-1.5530325939865,-9.97507570756694
23.0525,-5.29233489247202,-1.55812828679229,-9.98016882708919
23.055,-5.28724043461881,-1.5122670515402,-9.98016882708919
23.0575,-5.29233489247202,-1.56322397959808,-9.98016882708919
23.06,-5.28724043461881,-1.56322397959808,-9.98016882708919
23.0625,-5.28724043461881,-1.5530325939865,-9.98016882708919
23.065,-5.29233489247202,-1.53264982276335,-9.98016882708919
23.0675,-5.28724043461881,-1.5530325939865,-9.98016882708919
23.07,-5.28724043461881,-1.5530325939865,-9.98016882708919
23.0725,-5.29742935032523,-1.5530325939865,-9.98016882708919
23.075,-5.28724043461881,-1.5122670515402,-9.97507570756694
23.0775,-5.28724043461881,-1.55812828679229,-9.98016882708919
23.08,-5.29233489247202,-1.5530325939865,-9.98016882708919
23.0825,-5.28724043461881,-1.5530325939865,-9.98016882708919
23.085,-5.28724043461881,-1.50717135873441,-9.97507570756694
23.0875,-5.29233489247202,-1.54793690118071,-9.97507570756694
23.09,-5.28724043461881,-1.5530325939865,-9.97507570756694
23.0925,-5.28724043461881,-1.54793690118071,-9.97507570756694
23.095,-5.29233489247202,-1.53264982276335,-9.97507570756694
23.0975,-5.29233489247202,-1.55812828679229,-9.97507570756694
23.1,-5.28724043461881,-1.5530325939865,-9.97507570756694
23.1025,-5.29233489247202,-1.5530325939865,-9.97507570756694
23.105,-5.28724043461881,-1.52755412995756,-9.96998258804469
23.1075,-5.28724043461881,-1.54793690118071,-9.97507570756694
23.11,-5.29233489247202,-1.54793690118071,-9.97507570756694
23.1125,-5.29233489247202,-1.5530325939865,-9.96998258804469
23.115,-5.28724043461881,-1.53264982276335,-9.97507570756694
23.1175,-5.29233489247202,-1.5530325939865,-9.97507570756694
23.12,-5.29233489247202,-1.5530325939865,-9.97507570756694
23.1225,-5.29233489247202,-1.54793690118071,-9.97507570756694
23.125,-5.29233489247202,-1.52755412995756,-9.97507570756694
23.1275,-5.29233489247202,-1.54793690118071,-9.97507570756694
23.13,-5.29233489247202,-1.54793690118071,-9.97507570756694
23.1325,-5.29233489247202,-1.5530325939865,-9.97507570756694
23.135,-5.29233489247202,-1.55812828679229,-9.97507570756694
23.1375,-5.29233489247202,-1.5530325939865,-9.98016882708919
23.14,-5.29233489247202,-1.5530325939865,-9.97507570756694
23.1425,-5.29233489247202,-1.54793690118071,-9.98016882708919
23.145,-5.29233489247202,-1.50717135873441,-9.97507570756694
23.1475,-5.29233489247202,-1.54284120837493,-9.98016882708919
23.15,-5.29233489247202,-1.54793690118071,-9.97507570756694
23.1525,-5.29233489247202,-1.5530325939865,-9.98016882708919
23.155,-5.29742935032523,-1.53264982276335,-9.98016882708919
23.1575,-5.29742935032523,-1.5530325939865,-9.98016882708919
23.16,-5.29233489247202,-1.5530325939865,-9.98016882708919
23.1625,-5.29233489247202,-1.54793690118071,-9.98016882708919
23.165,-5.29742935032523,-1.50207566592862,-9.97507570756694
23.1675,-5.29233489247202,-1.54284120837493,-9.97507570756694
23.17,-5.29233489247202,-1.54793690118071,-9.97507570756694
23.1725,-5.29742935032523,-1.54793690118071,-9.97507570756694
23.175,-5.29233489247202,-1.50717135873441,-9.97507570756694
23.1775,-5.29233489247202,-1.54793690118071,-9.98016882708919
23.18,-5.29742935032523,-1.54793690118071,-9.97507570756694
23.1825,-5.29233489247202,-1.54793690118071,-9.97507570756694
23.185,-5.29742935032523,-1.54284120837493,-9.97507570756694
23.1875,-5.29742935032523,-1.54284120837493,-9.96998258804469
23.19,-5.29742935032523,-1.54793690118071,-9.97507570756694
23.1925,-5.29742935032523,-1.54793690118071,-9.99544818565594
23.195,-5.30252380817844,-1.52755412995756,-9.97507570756694
23.1975,-5.29742935032523,-1.54793690118071,-9.98016882708919
23.2,-5.29742935032523,-1.54793690118071,-9.97507570756694
23.2025,-5.30252380817844,-1.54284120837493,-9.96998258804469
23.205,-5.29742935032523,-1.52245843715177,-9.96998258804469
23.2075,-5.29742935032523,-1.54284120837493,-9.96998258804469
23.21,-5.30252380817844,-1.54284120837493,-9.96998258804469
23.2125,-5.29742935032523,-1.54793690118071,-9.96998258804469
23.215,-5.29742935032523,-1.52755412995756,-9.96998258804469
23.2175,-5.30252380817844,-1.54793690118071,-9.97507570756694
23.22,-5.29742935032523,-1.54793690118071,-9.96998258804469
23.2225,-5.29742935032523,-1.54793690118071,-9.97507570756694
23.225,-5.30252380817844,-1.54284120837493,-9.97507570756694
23.2275,-5.30252380817844,-1.54284120837493,-9.96998258804469
23.23,-5.29742935032523,-1.54793690118071,-9.97507570756694
23.2325,-5.30252380817844,-1.54793690118071,-9.97507570756694
23.235,-5.30252380817844,-1.52755412995756,-9.97507570756694
23.2375,-5.29742935032523,-1.5530325939865,-9.97507570756694
23.24,-5.30252380817844,-1.54793690118071,-9.97507570756694
23.2425,-5.30252380817844,-1.54284120837493,-9.97507570756694
23.245,-5.29742935032523,-1.52245843715177,-9.97507570756694
23.2475,-5.30761826603165,-1.54284120837493,-9.98016882708919
23.25,-5.30252380817844,-1.54793690118071,-9.97507570756694
23.2525,-5.30252380817844,-1.54793690118071,-9.97507570756694
23.255,-5.30761826603165,-1.50717135873441,-9.98016882708919
23.2575,-5.30252380817844,-1.54793690118071,-9.98016882708919
23.26,-5.29742935032523,-1.54284120837493,-9.98016882708919
23.2625,-5.30252380817844,-1.54284120837493,-9.97507570756694
23.265,-5.30252380817844,-1.54284120837493,-9.97507570756694
23.2675,-5.30761826603165,-1.54284120837493,-9.98016882708919
23.27,-5.30761826603165,-1.54793690118071,-9.97507570756694
23.2725,-5.30761826603165,-1.5530325939865,-9.97507570756694
23.275,-5.30252380817844,-1.52755412995756,-9.97507570756694
23.2775,-5.30761826603165,-1.54284120837493,-9.97507570756694
23.28,-5.30761826603165,-1.54793690118071,-9.97507570756694
23.2825,-5.30252380817844,-1.54284120837493,-9.97507570756694
23.285,-5.30761826603165,-1.49697997312283,-9.97507570756694
23.2875,-5.31271272388487,-1.54284120837493,-9.97507570756694
23.29,-5.30761826603165,-1.54793690118071,-9.96998258804469
23.2925,-5.31271272388487,-1.54793690118071,-9.97507570756694
23.295,-5.30761826603165,-1.50717135873441,-9.96998258804469
23.2975,-5.30761826603165,-1.54793690118071,-9.97507570756694
23.3,-5.31271272388487,-1.54284120837493,-9.97507570756694
23.3025,-5.31271272388487,-1.54284120837493,-9.96998258804469
23.305,-5.31271272388487,-1.52245843715177,-9.96998258804469
23.3075,-5.31271272388487,-1.54284120837493,-9.96998258804469
23.31,-5.31271272388487,-1.54793690118071,-9.96998258804469
23.3125,-5.31271272388487,-1.54793690118071,-9.96998258804469
23.315,-5.31271272388487,-1.50207566592862,-9.97507570756694
23.3175,-5.31780718173808,-1.54284120837493,-9.97507570756694
23.32,-5.31271272388487,-1.54284120837493,-9.97507570756694
23.3225,-5.31271272388487,-1.54284120837493,-9.97507570756694
23.325,-5.31271272388487,-1.52245843715177,-9.96998258804469
23.3275,-5.31271272388487,-1.54284120837493,-9.97507570756694
23.33,-5.31271272388487,-1.54793690118071,-9.97507570756694
23.3325,-5.31780718173808,-1.54284120837493,-9.97507570756694
23.335,-5.31271272388487,-1.50207566592862,-9.97507570756694
23.3375,-5.31271272388487,-1.54793690118071,-9.98016882708919
23.34,-5.31271272388487,-1.54793690118071,-9.97507570756694
23.3425,-5.31271272388487,-1.54284120837493,-9.97507570756694
23.345,-5.31271272388487,-1.51736274434598,-9.98016882708919
23.3475,-5.31271272388487,-1.54284120837493,-9.98016882708919
23.35,-5.31271272388487,-1.54793690118071,-9.97507570756694
23.3525,-5.31271272388487,-1.54793690118071,-9.98526194661144
23.355,-5.31780718173808,-1.50207566592862,-9.97507570756694
23.3575,-5.31271272388487,-1.54284120837493,-9.97507570756694
23.36,-5.31271272388487,-1.54284120837493,-9.98016882708919
23.3625,-5.31271272388487,-1.54284120837493,-9.97507570756694
23.365,-5.31271272388487,-1.51736274434598,-9.97507570756694
23.3675,-5.31271272388487,-1.53774551556914,-9.97507570756694
23.37,-5.31780718173808,-1.54284120837493,-9.97507570756694
23.3725,-5.31271272388487,-1.54793690118071,-9.97507570756694
23.375,-5.31271272388487,-1.52245843715177,-9.97507570756694
23.3775,-5.31780718173808,-1.54284120837493,-9.97507570756694
23.38,-5.31271272388487,-1.53774551556914,-9.96998258804469
23.3825,-5.31271272388487,-1.53264982276335,-9.97507570756694
23.385,-5.31780718173808,-1.53264982276335,-9.97507570756694
23.3875,-5.31271272388487,-1.53774551556914,-9.96998258804469
23.39,-5.31271272388487,-1.54284120837493,-9.97507570756694
23.3925,-5.31780718173808,-1.54284120837493,-9.97507570756694
23.395,-5.31271272388487,-1.54284120837493,-9.96998258804469
23.3975,-5.31271272388487,-1.54284120837493,-9.97507570756694
23.4,-5.31780718173808,-1.53774551556914,-9.97507570756694
23.4025,-5.31780718173808,-1.53774551556914,-9.96998258804469
23.405,-5.31271272388487,-1.49188428031704,-9.97507570756694
23.4075,-5.31780718173808,-1.53774551556914,-9.96998258804469
23.41,-5.31271272388487,-1.54284120837493,-9.96998258804469
23.4125,-5.31271272388487,-1.54284120837493,-9.96998258804469
23.415,-5.31780718173808,-1.52245843715177,-9.96998258804469
23.4175,-5.31271272388487,-1.54284120837493,-9.97507570756694
23.42,-5.31271272388487,-1.53774551556914,-9.97507570756694
23.4225,-5.31271272388487,-1.53264982276335,-9.98016882708919
23.425,-5.31271272388487,-1.49188428031704,-9.97507570756694
23.4275,-5.31271272388487,-1.53264982276335,-9.97507570756694
23.43,-5.31780718173808,-1.53774551556914,-9.97507570756694
23.4325,-5.31780718173808,-1.54284120837493,-9.97507570756694
23.435,-5.31271272388487,-1.51736274434598,-9.98016882708919
23.4375,-5.31780718173808,-1.53774551556914,-9.98016882708919
23.44,-5.31271272388487,-1.53774551556914,-9.98016882708919
23.4425,-5.31271272388487,-1.53264982276335,-9.97507570756694
23.445,-5.31271272388487,-1.50207566592862,-9.98016882708919
23.4475,-5.31271272388487,-1.53264982276335,-9.97507570756694
23.45,-5.31271272388487,-1.53264982276335,-9.98016882708919
23.4525,-5.31271272388487,-1.53774551556914,-9.97507570756694
23.455,-5.31271272388487,-1.51736274434598,-9.97507570756694
23.4575,-5.31271272388487,-1.53774551556914,-9.98016882708919
23.46,-5.31271272388487,-1.53264982276335,-9.97507570756694
23.4625,-5.31271272388487,-1.52755412995756,-9.97507570756694
23.465,-5.31271272388487,-1.48678858751125,-9.97507570756694
23.4675,-5.31271272388487,-1.52755412995756,-9.97507570756694
23.47,-5.31271272388487,-1.53264982276335,-9.97507570756694
23.4725,-5.31271272388487,-1.53774551556914,-9.97507570756694
23.475,-5.31780718173808,-1.48678858751125,-9.97507570756694
23.4775,-5.31271272388487,-1.53264982276335,-9.97507570756694
23.48,-5.31271272388487,-1.53264982276335,-9.96998258804469
23.4825,-5.31271272388487,-1.52755412995756,-9.97507570756694
23.485,-5.31271272388487,-1.48169289470547,-9.96998258804469
23.4875,-5.31271272388487,-1.53264982276335,-9.97507570756694
23.49,-5.31271272388487,-1.52755412995756,-9.97507570756694
23.4925,-5.31780718173808,-1.53264982276335,-9.96998258804469
23.495,-5.31271272388487,-1.51736274434598,-9.96998258804469
23.4975,-5.31271272388487,-1.53264982276335,-9.97507570756694
23.5,-5.31780718173808,-1.53264982276335,-9.97507570756694
23.5025,-5.31271272388487,-1.53264982276335,-9.97507570756694
23.505,-5.31271272388487,-1.48678858751125,-9.97507570756694
23.5075,-5.31271272388487,-1.52755412995756,-9.96998258804469
23.51,-5.31271272388487,-1.53774551556914,-9.96998258804469
23.5125,-5.31271272388487,-1.53264982276335,-9.97507570756694
23.515,-5.31271272388487,-1.51736274434598,-9.97507570756694
23.5175,-5.30761826603165,-1.53774551556914,-9.97507570756694
23.52,-5.31271272388487,-1.53264982276335,-9.98016882708919
23.5225,-5.31271272388487,-1.53264982276335,-9.97507570756694
23.525,-5.30761826603165,-1.5122670515402,-9.97507570756694
23.5275,-5.30761826603165,-1.52755412995756,-9.98016882708919
23.53,-5.31271272388487,-1.53264982276335,-9.98016882708919
23.5325,-5.31271272388487,-1.53774551556914,-9.98016882708919
23.535,-5.30761826603165,-1.5122670515402,-9.98016882708919
23.5375,-5.31271272388487,-1.53774551556914,-9.98016882708919
23.54,-5.30761826603165,-1.53264982276335,-9.98016882708919
23.5425,-5.30761826603165,-1.53264982276335,-9.98016882708919
23.545,-5.31271272388487,-1.52755412995756,-9.98016882708919
23.5475,-5.30761826603165,-1.52755412995756,-9.97507570756694
23.55,-5.30761826603165,-1.53264982276335,-9.97507570756694
23.5525,-5.31271272388487,-1.52755412995756,-9.97507570756694
23.555,-5.31271272388487,-1.51736274434598,-9.97507570756694
23.5575,-5.30761826603165,-1.53264982276335,-9.97507570756694
23.56,-5.30761826603165,-1.53264982276335,-9.97507570756694
23.5625,-5.31271272388487,-1.53264982276335,-9.97507570756694
23.565,-5.30761826603165,-1.50717135873441,-9.97507570756694
23.5675,-5.30761826603165,-1.52755412995756,-9.97507570756694
23.57,-5.30761826603165,-1.53264982276335,-9.96998258804469
23.5725,-5.30761826603165,-1.53264982276335,-9.96998258804469
23.575,-5.30761826603165,-1.49188428031704,-9.97507570756694
23.5775,-5.31271272388487,-1.53774551556914,-9.96998258804469
23.58,-5.30761826603165,-1.53264982276335,-9.96998258804469
23.5825,-5.30761826603165,-1.52755412995756,-9.97507570756694
23.585,-5.31271272388487,-1.5122670515402,-9.96998258804469
23.5875,-5.30761826603165,-1.52755412995756,-9.96998258804469
23.59,-5.30761826603165,-1.52755412995756,-9.97507570756694
23.5925,-5.31271272388487,-1.53264982276335,-9.97507570756694
23.595,-5.30761826603165,-1.5122670515402,-9.97507570756694
23.5975,-5.30761826603165,-1.53774551556914,-9.97507570756694
23.6,-5.30761826603165,-1.53264982276335,-9.97507570756694
23.6025,-5.30252380817844,-1.52755412995756,-9.97507570756694
23.605,-5.30761826603165,-1.48169289470547,-9.97507570756694
23.6075,-5.31271272388487,-1.52755412995756,-9.97507570756694
23.61,-5.30761826603165,-1.53264982276335,-9.98016882708919
23.6125,-5.30252380817844,-1.53264982276335,-9.98016882708919
23.615,-5.30761826603165,-1.49188428031704,-9.98016882708919
23.6175,-5.30252380817844,-1.53264982276335,-9.98016882708919
23.62,-5.30761826603165,-1.53264982276335,-9.98016882708919
23.6225,-5.30761826603165,-1.53264982276335,-9.98016882708919
23.625,-5.30761826603165,-1.50717135873441,-9.97507570756694
23.6275,-5.30252380817844,-1.52755412995756,-9.98016882708919
23.63,-5.30761826603165,-1.52755412995756,-9.97507570756694
23.6325,-5.30252380817844,-1.53264982276335,-9.97507570756694
23.635,-5.30761826603165,-1.5122670515402,-9.98016882708919
23.6375,-5.30761826603165,-1.52755412995756,-9.98016882708919
23.64,-5.30761826603165,-1.52755412995756,-9.97507570756694
23.6425,-5.30252380817844,-1.52245843715177,-9.97507570756694
23.645,-5.30761826603165,-1.51736274434598,-9.97507570756694
23.6475,-5.30761826603165,-1.52245843715177,-9.97507570756694
23.65,-5.30761826603165,-1.52245843715177,-9.97507570756694
23.6525,-5.30761826603165,-1.52755412995756,-9.97507570756694
23.655,-5.30761826603165,-1.48169289470547,-9.97507570756694
23.6575,-5.30252380817844,-1.52755412995756,-9.97507570756694
23.66,-5.31271272388487,-1.52245843715177,-9.97507570756694
23.6625,-5.30761826603165,-1.52245843715177,-9.97507570756694
23.665,-5.30252380817844,-1.51736274434598,-9.97507570756694
23.6675,-5.30761826603165,-1.51736274434598,-9.96998258804469
23.67,-5.31271272388487,-1.52245843715177,-9.96998258804469
23.6725,-5.30761826603165,-1.52245843715177,-9.96998258804469
23.675,-5.30761826603165,-1.50207566592862,-9.96998258804469
23.6775,-5.31271272388487,-1.52245843715177,-9.96998258804469
23.68,-5.30761826603165,-1.52245843715177,-9.96998258804469
23.6825,-5.30761826603165,-1.51736274434598,-9.96998258804469
23.685,-5.31271272388487,-1.49188428031704,-9.96998258804469
23.6875,-5.30761826603165,-1.51736274434598,-9.96998258804469
23.69,-5.30252380817844,-1.51736274434598,-9.96998258804469
23.6925,-5.31271272388487,-1.52245843715177,-9.97507570756694
23.695,-5.30761826603165,-1.51736274434598,-9.97507570756694
23.6975,-5.30761826603165,-1.51736274434598,-9.97507570756694
23.7,-5.31271272388487,-1.51736274434598,-9.97507570756694
23.7025,-5.30252380817844,-1.51736274434598,-9.97507570756694
23.705,-5.30252380817844,-1.49188428031704,-9.97507570756694
23.7075,-5.31271272388487,-1.5122670515402,-9.98016882708919
23.71,-5.30761826603165,-1.52245843715177,-9.97507570756694
23.7125,-5.30761826603165,-1.52245843715177,-9.98016882708919
23.715,-5.31271272388487,-1.50207566592862,-9.98016882708919
23.7175,-5.30761826603165,-1.52755412995756,-9.97507570756694
23.72,-5.30252380817844,-1.51736274434598,-9.98016882708919
23.7225,-5.30761826603165,-1.51736274434598,-9.98016882708919
23.725,-5.30761826603165,-1.47659720189968,-9.97507570756694
23.7275,-5.30761826603165,-1.51736274434598,-9.98016882708919
23.73,-5.31271272388487,-1.51736274434598,-9.98016882708919
23.7325,-5.30761826603165,-1.51736274434598,-9.97507570756694
23.735,-5.30761826603165,-1.47150150909389,-9.98016882708919
23.7375,-5.31271272388487,-1.51736274434598,-9.97507570756694
23.74,-5.30761826603165,-1.52245843715177,-9.97507570756694
23.7425,-5.30761826603165,-1.5122670515402,-9.98016882708919
23.745,-5.31271272388487,-1.49188428031704,-9.97507570756694
23.7475,-5.30761826603165,-1.5122670515402,-9.97507570756694
23.75,-5.30761826603165,-1.51736274434598,-9.97507570756694
23.7525,-5.31271272388487,-1.5122670515402,-9.97507570756694
23.755,-5.31271272388487,-1.49697997312283,-9.96998258804469
23.7575,-5.31271272388487,-1.51736274434598,-9.97507570756694
23.76,-5.31271272388487,-1.5122670515402,-9.97507570756694
23.7625,-5.31271272388487,-1.5122670515402,-9.97507570756694
23.765,-5.31271272388487,-1.48678858751125,-9.96998258804469
23.7675,-5.31271272388487,-1.5122670515402,-9.96998258804469
23.77,-5.31780718173808,-1.51736274434598,-9.96998258804469
23.7725,-5.31271272388487,-1.51736274434598,-9.97507570756694
23.775,-5.31780718173808,-1.47150150909389,-9.96998258804469
23.7775,-5.31271272388487,-1.5122670515402,-9.97507570756694
23.78,-5.31271272388487,-1.50717135873441,-9.97507570756694
23.7825,-5.31271272388487,-1.5122670515402,-9.97507570756694
23.785,-5.31271272388487,-1.5122670515402,-9.96998258804469
23.7875,-5.31271272388487,-1.5122670515402,-9.97507570756694
23.79,-5.31780718173808,-1.50717135873441,-9.96998258804469
23.7925,-5.31271272388487,-1.51736274434598,-9.96998258804469
23.795,-5.31271272388487,-1.51736274434598,-9.97507570756694
23.7975,-5.31271272388487,-1.51736274434598,-9.97507570756694
23.8,-5.31271272388487,-1.5122670515402,-9.97507570756694
23.8025,-5.31271272388487,-1.50717135873441,-9.97507570756694
23.805,-5.31271272388487,-1.50717135873441,-9.97507570756694
23.8075,-5.31271272388487,-1.48678858751125,-9.96998258804469
23.81,-5.31271272388487,-1.50717135873441,-9.97507570756694
23.8125,-5.31780718173808,-1.5122670515402,-9.97507570756694
23.815,-5.31271272388487,-1.51736274434598,-9.97507570756694
23.8175,-5.31271272388487,-1.51736274434598,-9.97507570756694
23.82,-5.31780718173808,-1.5122670515402,-9.97507570756694
23.8225,-5.31780718173808,-1.5122670515402,-9.98016882708919
23.825,-5.31271272388487,-1.50717135873441,-9.97507570756694
23.8275,-5.31780718173808,-1.48678858751125,-9.98016882708919
23.83,-5.31780718173808,-1.5122670515402,-9.98016882708919
23.8325,-5.31271272388487,-1.5122670515402,-9.98016882708919
23.835,-5.31271272388487,-1.5122670515402,-9.98016882708919
23.8375,-5.31271272388487,-1.49188428031704,-9.98016882708919
23.84,-5.31271272388487,-1.5122670515402,-9.98016882708919
23.8425,-5.31780718173808,-1.50717135873441,-9.98016882708919
23.845,-5.31780718173808,-1.50717135873441,-9.97507570756694
23.8475,-5.31780718173808,-1.48678858751125,-9.98016882708919
23.85,-5.31780718173808,-1.50717135873441,-9.97507570756694
23.8525,-5.31780718173808,-1.5122670515402,-9.97507570756694
23.855,-5.31780718173808,-1.5122670515402,-9.97507570756694
23.8575,-5.31780718173808,-1.48678858751125,-9.98016882708919
23.86,-5.31780718173808,-1.5122670515402,-9.97507570756694
23.8625,-5.31780718173808,-1.50717135873441,-9.97507570756694
23.865,-5.31780718173808,-1.50207566592862,-9.97507570756694
23.8675,-5.32290163959129,-1.48169289470547,-9.96998258804469
23.87,-5.31780718173808,-1.50717135873441,-9.96998258804469
23.8725,-5.32290163959129,-1.5122670515402,-9.97507570756694
23.875,-5.3279960974445,-1.5122670515402,-9.97507570756694
23.8775,-5.32290163959129,-1.48678858751125,-9.97507570756694
23.88,-5.32290163959129,-1.50717135873441,-9.97507570756694
23.8825,-5.3279960974445,-1.50717135873441,-9.97507570756694
23.885,-5.31780718173808,-1.50717135873441,-9.96998258804469
23.8875,-5.31780718173808,-1.48169289470547,-9.96998258804469
23.89,-5.3279960974445,-1.50717135873441,-9.97507570756694
23.8925,-5.32290163959129,-1.5122670515402,-9.96998258804469
23.895,-5.32290163959129,-1.5122670515402,-9.97507570756694
23.8975,-5.32290163959129,-1.46131012348231,-9.97507570756694
23.9,-5.32290163959129,-1.5122670515402,-9.96998258804469
23.9025,-5.32290163959129,-1.50207566592862,-9.97507570756694
23.905,-5.3279960974445,-1.50207566592862,-9.96998258804469
23.9075,-5.32290163959129,-1.4664058162881,-9.97507570756694
23.91,-5.32290163959129,-1.50717135873441,-9.97507570756694
23.9125,-5.3279960974445,-1.5122670515402,-9.98016882708919
23.915,-5.32290163959129,-1.5122670515402,-9.97507570756694
23.9175,-5.31780718173808,-1.48678858751125,-9.98016882708919
23.92,-5.3279960974445,-1.50717135873441,-9.97507570756694
23.9225,-5.32290163959129,-1.50717135873441,-9.97507570756694
23.925,-5.32290163959129,-1.50717135873441,-9.98016882708919
23.9275,-5.3279960974445,-1.48169289470547,-9.98016882708919
23.93,-5.3279960974445,-1.5122670515402,-9.98016882708919
23.9325,-5.32290163959129,-1.5122670515402,-9.97507570756694
23.935,-5.3279960974445,-1.5122670515402,-9.98016882708919
23.9375,-5.32290163959129,-1.48678858751125,-9.97507570756694
23.94,-5.3279960974445,-1.50717135873441,-9.98016882708919
23.9425,-5.3279960974445,-1.50207566592862,-9.97507570756694
23.945,-5.3279960974445,-1.50717135873441,-9.97507570756694
23.9475,-5.32290163959129,-1.46131012348231,-9.97507570756694
23.95,-5.33309055529771,-1.50717135873441,-9.98016882708919
23.9525,-5.3279960974445,-1.5122670515402,-9.97507570756694
23.955,-5.3279960974445,-1.50717135873441,-9.97507570756694
23.9575,-5.33309055529771,-1.46131012348231,-9.97507570756694
23.96,-5.33309055529771,-1.50717135873441,-9.97507570756694
23.9625,-5.3279960974445,-1.50207566592862,-9.97507570756694
23.965,-5.33309055529771,-1.50207566592862,-9.97507570756694
23.9675,-5.33309055529771,-1.46131012348231,-9.96998258804469
23.97,-5.3279960974445,-1.50717135873441,-9.96998258804469
23.9725,-5.33309055529771,-1.5122670515402,-9.96998258804469
23.975,-5.3279960974445,-1.5122670515402,-9.96998258804469
23.9775,-5.3279960974445,-1.46131012348231,-9.96998258804469
23.98,-5.33818501315092,-1.50717135873441,-9.96998258804469
23.9825,-5.33309055529771,-1.50717135873441,-9.96998258804469
23.985,-5.33309055529771,-1.50717135873441,-9.96998258804469
23.9875,-5.33818501315092,-1.48169289470547,-9.97507570756694
23.99,-5.33818501315092,-1.5122670515402,-9.96998258804469
23.9925,-5.33309055529771,-1.5122670515402,-9.96998258804469
23.995,-5.33309055529771,-1.5122670515402,-9.97507570756694
23.9975,-5.33309055529771,-1.5122670515402,-9.96998258804469
24,-5.3279960974445,-1.50717135873441,-9.97507570756694
24.0025,-5.33309055529771,-1.50717135873441,-9.97507570756694
24.005,-5.33309055529771,-1.50717135873441,-9.97507570756694
24.0075,-5.33309055529771,-1.48169289470547,-9.97507570756694
24.01,-5.33309055529771,-1.5122670515402,-9.98016882708919
24.0125,-5.33818501315092,-1.5122670515402,-9.98016882708919
24.015,-5.33309055529771,-1.51736274434598,-9.98016882708919
24.0175,-5.33309055529771,-1.5122670515402,-9.98016882708919
24.02,-5.33818501315092,-1.50717135873441,-9.97507570756694
24.0225,-5.33309055529771,-1.50717135873441,-9.98016882708919
24.025,-5.33309055529771,-1.50207566592862,-9.98016882708919
24.0275,-5.33818501315092,-1.48169289470547,-9.98016882708919
24.03,-5.33309055529771,-1.5122670515402,-9.97507570756694
24.0325,-5.33309055529771,-1.5122670515402,-9.98016882708919
24.035,-5.33818501315092,-1.5122670515402,-9.98016882708919
24.0375,-5.33309055529771,-1.5122670515402,-9.97507570756694
24.04,-5.33309055529771,-1.50717135873441,-9.98016882708919
24.0425,-5.33818501315092,-1.50207566592862,-9.97507570756694
24.045,-5.33309055529771,-1.50717135873441,-9.97507570756694
24.0475,-5.33309055529771,-1.50717135873441,-9.97507570756694
24.05,-5.33818501315092,-1.50717135873441,-9.97507570756694
24.0525,-5.33818501315092,-1.5122670515402,-9.97507570756694
24.055,-5.33309055529771,-1.50717135873441,-9.98016882708919
24.0575,-5.33818501315092,-1.48169289470547,-9.97507570756694
24.06,-5.33309055529771,-1.50717135873441,-9.97507570756694
24.0625,-5.33309055529771,-1.50207566592862,-9.97507570756694
24.065,-5.33818501315092,-1.50207566592862,-9.97507570756694
24.0675,-5.33818501315092,-1.48169289470547,-9.96998258804469
24.07,-5.33818501315092,-1.50207566592862,-9.97507570756694
24.0725,-5.33818501315092,-1.50207566592862,-9.97507570756694
24.075,-5.33818501315092,-1.50717135873441,-9.97507570756694
24.0775,-5.33309055529771,-1.46131012348231,-9.97507570756694
24.08,-5.33818501315092,-1.50207566592862,-9.97507570756694
24.0825,-5.33309055529771,-1.50207566592862,-9.97507570756694
24.085,-5.33818501315092,-1.50207566592862,-9.96998258804469
24.0875,-5.34327947100413,-1.46131012348231,-9.96998258804469
24.09,-5.33309055529771,-1.50207566592862,-9.96998258804469
24.0925,-5.33309055529771,-1.5122670515402,-9.96998258804469
24.095,-5.33818501315092,-1.50717135873441,-9.97507570756694
24.0975,-5.33818501315092,-1.46131012348231,-9.97507570756694
24.1,-5.33309055529771,-1.50207566592862,-9.97507570756694
24.1025,-5.33309055529771,-1.50207566592862,-9.96998258804469
24.105,-5.33818501315092,-1.49697997312283,-9.97507570756694
24.1075,-5.33309055529771,-1.46131012348231,-9.97507570756694
24.11,-5.33818501315092,-1.50207566592862,-9.97507570756694
24.1125,-5.33818501315092,-1.50717135873441,-9.98016882708919
24.115,-5.33309055529771,-1.50717135873441,-9.97507570756694
24.1175,-5.33309055529771,-1.46131012348231,-9.97507570756694
24.12,-5.33818501315092,-1.50207566592862,-9.98016882708919
24.1225,-5.33309055529771,-1.50207566592862,-9.97507570756694
24.125,-5.33309055529771,-1.49697997312283,-9.98016882708919
24.1275,-5.33818501315092,-1.48169289470547,-9.97507570756694
24.13,-5.33309055529771,-1.50207566592862,-9.97507570756694
24.1325,-5.33309055529771,-1.50207566592862,-9.98016882708919
24.135,-5.33818501315092,-1.49697997312283,-9.97507570756694
24.1375,-5.3279960974445,-1.48169289470547,-9.98016882708919
24.14,-5.33309055529771,-1.49697997312283,-9.98016882708919
24.1425,-5.33309055529771,-1.49697997312283,-9.97507570756694
24.145,-5.3279960974445,-1.49697997312283,-9.97507570756694
24.1475,-5.33309055529771,-1.47150150909389,-9.97507570756694
24.15,-5.33309055529771,-1.50207566592862,-9.97507570756694
24.1525,-5.33309055529771,-1.50207566592862,-9.98016882708919
24.155,-5.33309055529771,-1.49697997312283,-9.97507570756694
24.1575,-5.33309055529771,-1.47659720189968,-9.97507570756694
24.16,-5.33309055529771,-1.49697997312283,-9.97507570756694
24.1625,-5.3279960974445,-1.49188428031704,-9.97507570756694
24.165,-5.33818501315092,-1.49697997312283,-9.97507570756694
24.1675,-5.33309055529771,-1.49697997312283,-9.96998258804469
24.17,-5.33309055529771,-1.50207566592862,-9.97507570756694
24.1725,-5.33309055529771,-1.50207566592862,-9.97507570756694
24.175,-5.33309055529771,-1.49697997312283,-9.96998258804469
24.1775,-5.3279960974445,-1.45111873787073,-9.97507570756694
24.18,-5.33309055529771,-1.49188428031704,-9.96998258804469
24.1825,-5.3279960974445,-1.49188428031704,-9.96998258804469
24.185,-5.3279960974445,-1.49188428031704,-9.96998258804469
24.1875,-5.33309055529771,-1.45111873787073,-9.96998258804469
24.19,-5.3279960974445,-1.50207566592862,-9.96998258804469
24.1925,-5.3279960974445,-1.49697997312283,-9.97507570756694
24.195,-5.3279960974445,-1.49697997312283,-9.97507570756694
24.1975,-5.3279960974445,-1.45111873787073,-9.97507570756694
24.2,-5.3279960974445,-1.49188428031704,-9.97507570756694
24.2025,-5.33309055529771,-1.49188428031704,-9.97507570756694
24.205,-5.3279960974445,-1.49188428031704,-9.96998258804469
24.2075,-5.3279960974445,-1.45111873787073,-9.97507570756694
24.21,-5.33309055529771,-1.49188428031704,-9.97507570756694
24.2125,-5.3279960974445,-1.49697997312283,-9.97507570756694
24.215,-5.3279960974445,-1.49697997312283,-9.97507570756694
24.2175,-5.33309055529771,-1.47150150909389,-9.97507570756694
24.22,-5.3279960974445,-1.49188428031704,-9.97507570756694
24.2225,-5.3279960974445,-1.48678858751125,-9.97507570756694
24.225,-5.33309055529771,-1.48678858751125,-9.98016882708919
24.2275,-5.3279960974445,-1.49188428031704,-9.97507570756694
24.23,-5.3279960974445,-1.50207566592862,-9.97507570756694
24.2325,-5.3279960974445,-1.49697997312283,-9.97507570756694
24.235,-5.3279960974445,-1.49188428031704,-9.98016882708919
24.2375,-5.32290163959129,-1.47150150909389,-9.97507570756694
24.24,-5.3279960974445,-1.48678858751125,-9.98016882708919
24.2425,-5.3279960974445,-1.48678858751125,-9.97507570756694
24.245,-5.32290163959129,-1.49188428031704,-9.97507570756694
24.2475,-5.3279960974445,-1.4664058162881,-9.98016882708919
24.25,-5.3279960974445,-1.49697997312283,-9.97507570756694
24.2525,-5.32290163959129,-1.49697997312283,-9.97507570756694
24.255,-5.3279960974445,-1.49188428031704,-9.98016882708919
24.2575,-5.32290163959129,-1.4664058162881,-9.98016882708919
24.26,-5.29742935032523,-1.49188428031704,-9.97507570756694
24.2625,-5.3279960974445,-1.48678858751125,-9.97507570756694
24.265,-5.3279960974445,-1.49188428031704,-9.97507570756694
24.2675,-5.3279960974445,-1.4664058162881,-9.97507570756694
24.27,-5.3279960974445,-1.49697997312283,-9.98016882708919
24.2725,-5.3279960974445,-1.49697997312283,-9.97507570756694
24.275,-5.3279960974445,-1.49697997312283,-9.97507570756694
24.2775,-5.3279960974445,-1.4664058162881,-9.97507570756694
24.28,-5.33309055529771,-1.49188428031704,-9.97507570756694
24.2825,-5.32290163959129,-1.48678858751125,-9.97507570756694
24.285,-5.3279960974445,-1.48678858751125,-9.97507570756694
24.2875,-5.3279960974445,-1.47150150909389,-9.97507570756694
24.29,-5.32290163959129,-1.49697997312283,-9.97507570756694
24.2925,-5.32290163959129,-1.49188428031704,-9.97507570756694
24.295,-5.3279960974445,-1.49188428031704,-9.97507570756694
24.2975,-5.3279960974445,-1.44602304506495,-9.96998258804469
24.3,-5.32290163959129,-1.48678858751125,-9.97507570756694
24.3025,-5.3279960974445,-1.48678858751125,-9.96998258804469
24.305,-5.32290163959129,-1.49188428031704,-9.96998258804469
24.3075,-5.32290163959129,-1.47150150909389,-9.96998258804469
24.31,-5.3279960974445,-1.49697997312283,-9.96998258804469
24.3125,-5.32290163959129,-1.49697997312283,-9.96998258804469
24.315,-5.32290163959129,-1.49697997312283,-9.97507570756694
24.3175,-5.3279960974445,-1.47150150909389,-9.96998258804469
24.32,-5.32290163959129,-1.49188428031704,-9.96998258804469
24.3225,-5.32290163959129,-1.48678858751125,-9.96998258804469
24.325,-5.3279960974445,-1.48678858751125,-9.97507570756694
24.3275,-5.3279960974445,-1.45111873787073,-9.96998258804469
24.33,-5.32290163959129,-1.49697997312283,-9.97507570756694
24.3325,-5.3279960974445,-1.49697997312283,-9.97507570756694
24.335,-5.3279960974445,-1.49697997312283,-9.96998258804469
24.3375,-5.32290163959129,-1.47150150909389,-9.96998258804469
24.34,-5.32290163959129,-1.48678858751125,-9.97507570756694
24.3425,-5.3279960974445,-1.48678858751125,-9.97507570756694
24.345,-5.32290163959129,-1.48678858751125,-9.96998258804469
24.3475,-5.3279960974445,-1.49188428031704,-9.97507570756694
24.35,-5.32290163959129,-1.49697997312283,-9.97507570756694
24.3525,-5.32290163959129,-1.49188428031704,-9.97507570756694
24.355,-5.32290163959129,-1.49188428031704,-9.97507570756694
24.3575,-5.32290163959129,-1.44602304506495,-9.97507570756694
24.36,-5.32290163959129,-1.48678858751125,-9.97507570756694
24.3625,-5.32290163959129,-1.48678858751125,-9.98016882708919
24.365,-5.3279960974445,-1.48678858751125,-9.97507570756694
24.3675,-5.32290163959129,-1.49188428031704,-9.97507570756694
24.37,-5.32290163959129,-1.49188428031704,-9.98016882708919
24.3725,-5.3279960974445,-1.48678858751125,-9.98016882708919
24.375,-5.32290163959129,-1.48678858751125,-9.97507570756694
24.3775,-5.32290163959129,-1.4664058162881,-9.98016882708919
24.38,-5.3279960974445,-1.48169289470547,-9.97507570756694
24.3825,-5.31271272388487,-1.48678858751125,-9.97507570756694
24.385,-5.3279960974445,-1.48169289470547,-9.97507570756694
24.3875,-5.3279960974445,-1.44602304506495,-9.97507570756694
24.39,-5.32290163959129,-1.49188428031704,-9.97507570756694
24.3925,-5.3279960974445,-1.48678858751125,-9.98016882708919
24.395,-5.3279960974445,-1.48678858751125,-9.97507570756694
24.3975,-5.3279960974445,-1.44092735225916,-9.97507570756694
24.4,-5.32290163959129,-1.48169289470547,-9.97507570756694
24.4025,-5.3279960974445,-1.48678858751125,-9.97507570756694
24.405,-5.3279960974445,-1.48169289470547,-9.97507570756694
24.4075,-5.3279960974445,-1.4664058162881,-9.97507570756694
24.41,-5.3279960974445,-1.48678858751125,-9.97507570756694
24.4125,-5.3279960974445,-1.49188428031704,-9.97507570756694
24.415,-5.32290163959129,-1.48678858751125,-9.97507570756694
24.4175,-5.3279960974445,-1.44092735225916,-9.96998258804469
24.42,-5.32290163959129,-1.48678858751125,-9.96998258804469
24.4225,-5.32290163959129,-1.48169289470547,-9.96998258804469
24.425,-5.3279960974445,-1.48169289470547,-9.97507570756694
24.4275,-5.3279960974445,-1.44602304506495,-9.96998258804469
24.43,-5.32290163959129,-1.49188428031704,-9.97507570756694
24.4325,-5.3279960974445,-1.49188428031704,-9.96998258804469
24.435,-5.3279960974445,-1.48678858751125,-9.96998258804469
24.4375,-5.32290163959129,-1.44602304506495,-9.97507570756694
24.44,-5.3279960974445,-1.48169289470547,-9.96998258804469
24.4425,-5.3279960974445,-1.48169289470547,-9.96998258804469
24.445,-5.3279960974445,-1.48169289470547,-9.96998258804469
24.4475,-5.33309055529771,-1.44602304506495,-9.96998258804469
24.45,-5.33309055529771,-1.48678858751125,-9.96998258804469
24.4525,-5.33309055529771,-1.48678858751125,-9.97507570756694
24.455,-5.33309055529771,-1.48678858751125,-9.97507570756694
24.4575,-5.3279960974445,-1.46131012348231,-9.97507570756694
24.46,-5.3279960974445,-1.48169289470547,-9.97507570756694
24.4625,-5.3279960974445,-1.48169289470547,-9.97507570756694
24.465,-5.3279960974445,-1.48169289470547,-9.96998258804469
24.4675,-5.3279960974445,-1.46131012348231,-9.97507570756694
24.47,-5.3279960974445,-1.48678858751125,-9.97507570756694
24.4725,-5.33309055529771,-1.49188428031704,-9.97507570756694
24.475,-5.3279960974445,-1.48678858751125,-9.97507570756694
24.4775,-5.33309055529771,-1.46131012348231,-9.98016882708919
24.48,-5.3279960974445,-1.48169289470547,-9.97507570756694
24.4825,-5.3279960974445,-1.48169289470547,-9.97507570756694
24.485,-5.3279960974445,-1.48169289470547,-9.98016882708919
24.4875,-5.33309055529771,-1.44602304506495,-9.98016882708919
24.49,-5.33309055529771,-1.48678858751125,-9.98016882708919
24.4925,-5.33309055529771,-1.48678858751125,-9.98016882708919
24.495,-5.33309055529771,-1.48678858751125,-9.97507570756694
24.4975,-5.3279960974445,-1.44602304506495,-9.98016882708919
24.5,-5.30761826603165,-1.48169289470547,-9.98016882708919
24.5025,-5.33309055529771,-1.48169289470547,-9.97507570756694
24.505,-5.3279960974445,-1.48169289470547,-9.98016882708919
24.5075,-5.33309055529771,-1.44602304506495,-9.97507570756694
24.51,-5.33309055529771,-1.49188428031704,-9.97507570756694
24.5125,-5.33309055529771,-1.48678858751125,-9.97507570756694
24.515,-5.33309055529771,-1.48678858751125,-9.98016882708919
24.5175,-5.33309055529771,-1.4664058162881,-9.97507570756694
24.52,-5.33309055529771,-1.48169289470547,-9.97507570756694
24.5225,-5.33818501315092,-1.48169289470547,-9.97507570756694
24.525,-5.33818501315092,-1.48169289470547,-9.97507570756694
24.5275,-5.33818501315092,-1.4664058162881,-9.97507570756694
24.53,-5.33309055529771,-1.48169289470547,-9.97507570756694
24.5325,-5.33818501315092,-1.48678858751125,-9.97507570756694
24.535,-5.33309055529771,-1.48678858751125,-9.97507570756694
24.5375,-5.33818501315092,-1.44092735225916,-9.97507570756694
24.54,-5.33818501315092,-1.48169289470547,-9.97507570756694
24.5425,-5.33818501315092,-1.48169289470547,-9.97507570756694
24.545,-5.33818501315092,-1.48169289470547,-9.97507570756694
24.5475,-5.33818501315092,-1.46131012348231,-9.96998258804469
24.55,-5.33818501315092,-1.48169289470547,-9.97507570756694
24.5525,-5.33818501315092,-1.48169289470547,-9.97507570756694
24.555,-5.33818501315092,-1.48169289470547,-9.97507570756694
24.5575,-5.33818501315092,-1.4664058162881,-9.97507570756694
24.56,-5.33818501315092,-1.48169289470547,-9.97507570756694
24.5625,-5.33818501315092,-1.48169289470547,-9.97507570756694
24.565,-5.33818501315092,-1.48169289470547,-9.97507570756694
24.5675,-5.34327947100413,-1.46131012348231,-9.97507570756694
24.57,-5.33818501315092,-1.48678858751125,-9.96998258804469
24.5725,-5.33818501315092,-1.48678858751125,-9.97507570756694
24.575,-5.33818501315092,-1.48169289470547,-9.97507570756694
24.5775,-5.33818501315092,-1.46131012348231,-9.96998258804469
24.58,-5.33818501315092,-1.48169289470547,-9.97507570756694
24.5825,-5.34327947100413,-1.47659720189968,-9.96998258804469
24.585,-5.34327947100413,-1.48169289470547,-9.96998258804469
24.5875,-5.34327947100413,-1.46131012348231,-9.96998258804469
24.59,-5.34837392885734,-1.48169289470547,-9.96998258804469
24.5925,-5.34327947100413,-1.49188428031704,-9.96998258804469
24.595,-5.34327947100413,-1.48169289470547,-9.96998258804469
24.5975,-5.34327947100413,-1.46131012348231,-9.97507570756694
24.6,-5.34327947100413,-1.48169289470547,-9.96998258804469
24.6025,-5.34327947100413,-1.48169289470547,-9.96998258804469
24.605,-5.34327947100413,-1.48169289470547,-9.97507570756694
24.6075,-5.34837392885734,-1.46131012348231,-9.96998258804469
24.61,-5.34327947100413,-1.48678858751125,-9.96998258804469
24.6125,-5.34837392885734,-1.48678858751125,-9.97507570756694
24.615,-5.34327947100413,-1.48678858751125,-9.96998258804469
24.6175,-5.34327947100413,-1.44092735225916,-9.97507570756694
24.62,-5.34327947100413,-1.48169289470547,-9.97507570756694
24.6225,-5.34327947100413,-1.48169289470547,-9.96998258804469
24.625,-5.34327947100413,-1.48169289470547,-9.97507570756694
24.6275,-5.34837392885734,-1.46131012348231,-9.96998258804469
24.63,-5.34837392885734,-1.48678858751125,-9.97507570756694
24.6325,-5.34327947100413,-1.49188428031704,-9.97507570756694
24.635,-5.34837392885734,-1.48678858751125,-9.97507570756694
24.6375,-5.34837392885734,-1.44092735225916,-9.98016882708919
24.64,-5.34327947100413,-1.48678858751125,-9.97507570756694
24.6425,-5.34837392885734,-1.48169289470547,-9.97507570756694
24.645,-5.34837392885734,-1.48169289470547,-9.97507570756694
24.6475,-5.34327947100413,-1.44092735225916,-9.98016882708919
24.65,-5.34837392885734,-1.48169289470547,-9.98016882708919
24.6525,-5.34837392885734,-1.48678858751125,-9.98016882708919
24.655,-5.34327947100413,-1.48169289470547,-9.98016882708919
24.6575,-5.34837392885734,-1.43583165945337,-9.98016882708919
24.66,-5.34837392885734,-1.48169289470547,-9.97507570756694
24.6625,-5.34837392885734,-1.48169289470547,-9.98016882708919
24.665,-5.34837392885734,-1.48169289470547,-9.97507570756694
24.6675,-5.34837392885734,-1.4664058162881,-9.97507570756694
24.67,-5.34327947100413,-1.48678858751125,-9.98016882708919
24.6725,-5.34837392885734,-1.48169289470547,-9.98016882708919
24.675,-5.34837392885734,-1.48169289470547,-9.98016882708919
24.6775,-5.34327947100413,-1.46131012348231,-9.97507570756694
24.68,-5.34837392885734,-1.47659720189968,-9.98016882708919
24.6825,-5.34837392885734,-1.47659720189968,-9.97507570756694
24.685,-5.34327947100413,-1.48169289470547,-9.97507570756694
24.6875,-5.34837392885734,-1.43073596664758,-9.97507570756694
24.69,-5.34837392885734,-1.48169289470547,-9.97507570756694
24.6925,-5.34837392885734,-1.48169289470547,-9.97507570756694
24.695,-5.34837392885734,-1.48169289470547,-9.97507570756694
24.6975,-5.35346838671055,-1.43583165945337,-9.97507570756694
24.7,-5.34837392885734,-1.47150150909389,-9.97507570756694
24.7025,-5.34837392885734,-1.47150150909389,-9.97507570756694
24.705,-5.34837392885734,-1.47659720189968,-9.96998258804469
24.7075,-5.34837392885734,-1.45621443067652,-9.97507570756694
24.71,-5.35346838671055,-1.47659720189968,-9.97507570756694
24.7125,-5.34837392885734,-1.48169289470547,-9.97507570756694
24.715,-5.34837392885734,-1.47659720189968,-9.97507570756694
24.7175,-5.34837392885734,-1.47659720189968,-9.97507570756694
24.72,-5.34837392885734,-1.47659720189968,-9.96998258804469
24.7225,-5.34837392885734,-1.47150150909389,-9.97507570756694
24.725,-5.35346838671055,-1.47659720189968,-9.97507570756694
24.7275,-5.34837392885734,-1.48169289470547,-9.96998258804469
24.73,-5.34837392885734,-1.48169289470547,-9.97507570756694
24.7325,-5.35346838671055,-1.47150150909389,-9.97507570756694
24.735,-5.34837392885734,-1.47150150909389,-9.97507570756694
24.7375,-5.34327947100413,-1.47150150909389,-9.97507570756694
24.74,-5.35346838671055,-1.44602304506495,-9.96998258804469
24.7425,-5.34837392885734,-1.47150150909389,-9.96998258804469
24.745,-5.34837392885734,-1.47150150909389,-9.96998258804469
24.7475,-5.35346838671055,-1.47659720189968,-9.96998258804469
24.75,-5.34837392885734,-1.43583165945337,-9.97507570756694
24.7525,-5.34837392885734,-1.47659720189968,-9.97507570756694
24.755,-5.34837392885734,-1.48169289470547,-9.97507570756694
24.7575,-5.34837392885734,-1.47659720189968,-9.96998258804469
24.76,-5.34327947100413,-1.43073596664758,-9.97507570756694
24.7625,-5.34837392885734,-1.47150150909389,-9.97507570756694
24.765,-5.34837392885734,-1.47659720189968,-9.97507570756694
24.7675,-5.34837392885734,-1.48169289470547,-9.97507570756694
24.77,-5.35346838671055,-1.45621443067652,-9.98016882708919
24.7725,-5.34327947100413,-1.47659720189968,-9.97507570756694
24.775,-5.34327947100413,-1.47659720189968,-9.97507570756694
24.7775,-5.34837392885734,-1.47150150909389,-9.98016882708919
24.78,-5.34327947100413,-1.45111873787073,-9.97507570756694
24.7825,-5.34327947100413,-1.47150150909389,-9.98016882708919
24.785,-5.34837392885734,-1.47150150909389,-9.98016882708919
24.7875,-5.34327947100413,-1.47659720189968,-9.98016882708919
24.79,-5.34327947100413,-1.45111873787073,-9.98016882708919
24.7925,-5.34837392885734,-1.47150150909389,-9.98016882708919
24.795,-5.34327947100413,-1.47150150909389,-9.97507570756694
24.7975,-5.34327947100413,-1.4664058162881,-9.98016882708919
24.8,-5.34837392885734,-1.44602304506495,-9.97507570756694
24.8025,-5.34327947100413,-1.47150150909389,-9.97507570756694
24.805,-5.34327947100413,-1.47150150909389,-9.97507570756694
24.8075,-5.34837392885734,-1.47659720189968,-9.98016882708919
24.81,-5.34327947100413,-1.45111873787073,-9.98016882708919
24.8125,-5.33818501315092,-1.47150150909389,-9.98016882708919
24.815,-5.34327947100413,-1.4664058162881,-9.97507570756694
24.8175,-5.34327947100413,-1.4664058162881,-9.97507570756694
24.82,-5.34327947100413,-1.420544581036,-9.97507570756694
24.8225,-5.34327947100413,-1.4664058162881,-9.97507570756694
24.825,-5.34327947100413,-1.47150150909389,-9.97507570756694
24.8275,-5.34327947100413,-1.4664058162881,-9.97507570756694
24.83,-5.34327947100413,-1.44602304506495,-9.97507570756694
24.8325,-5.34327947100413,-1.4664058162881,-9.97507570756694
24.835,-5.33818501315092,-1.46131012348231,-9.97507570756694
24.8375,-5.34327947100413,-1.46131012348231,-9.97507570756694
24.84,-5.34837392885734,-1.420544581036,-9.96998258804469
24.8425,-5.34327947100413,-1.4664058162881,-9.96998258804469
24.845,-5.34327947100413,-1.4664058162881,-9.97507570756694
24.8475,-5.34327947100413,-1.47150150909389,-9.96998258804469
24.85,-5.33818501315092,-1.42564027384179,-9.97507570756694
24.8525,-5.34327947100413,-1.4664058162881,-9.97507570756694
24.855,-5.34327947100413,-1.46131012348231,-9.96998258804469
24.8575,-5.34327947100413,-1.4664058162881,-9.96998258804469
24.86,-5.34327947100413,-1.420544581036,-9.97507570756694
24.8625,-5.34327947100413,-1.4664058162881,-9.96998258804469
24.865,-5.34327947100413,-1.47150150909389,-9.97507570756694
24.8675,-5.34327947100413,-1.4664058162881,-9.97507570756694
24.87,-5.34327947100413,-1.42564027384179,-9.96998258804469
24.8725,-5.33818501315092,-1.4664058162881,-9.96998258804469
24.875,-5.34327947100413,-1.46131012348231,-9.96998258804469
24.8775,-5.34327947100413,-1.4664058162881,-9.96998258804469
24.88,-5.33818501315092,-1.43073596664758,-9.97507570756694
24.8825,-5.34327947100413,-1.47150150909389,-9.97507570756694
24.885,-5.34327947100413,-1.47150150909389,-9.96998258804469
24.8875,-5.33818501315092,-1.47150150909389,-9.97507570756694
24.89,-5.34327947100413,-1.420544581036,-9.97507570756694
24.8925,-5.34327947100413,-1.4664058162881,-9.96998258804469
24.895,-5.33818501315092,-1.4664058162881,-9.97507570756694
24.8975,-5.34327947100413,-1.4664058162881,-9.96998258804469
24.9,-5.34327947100413,-1.42564027384179,-9.97507570756694
24.9025,-5.33818501315092,-1.47150150909389,-9.97507570756694
24.905,-5.33818501315092,-1.47150150909389,-9.98016882708919
24.9075,-5.33818501315092,-1.47150150909389,-9.97507570756694
24.91,-5.33818501315092,-1.42564027384179,-9.97507570756694
24.9125,-5.33818501315092,-1.4664058162881,-9.97507570756694
24.915,-5.34327947100413,-1.4664058162881,-9.97507570756694
24.9175,-5.33818501315092,-1.47150150909389,-9.98016882708919
24.92,-5.33818501315092,-1.42564027384179,-9.98016882708919
24.9225,-5.33818501315092,-1.47150150909389,-9.98016882708919
24.925,-5.33818501315092,-1.47150150909389,-9.98016882708919
24.9275,-5.33818501315092,-1.4664058162881,-9.98016882708919
24.93,-5.33818501315092,-1.44602304506495,-9.98016882708919
24.9325,-5.33818501315092,-1.4664058162881,-9.98016882708919
24.935,-5.33818501315092,-1.4664058162881,-9.98016882708919
24.9375,-5.33818501315092,-1.47150150909389,-9.98016882708919
24.94,-5.33818501315092,-1.45111873787073,-9.98016882708919
24.9425,-5.33818501315092,-1.47150150909389,-9.98016882708919
24.945,-5.33818501315092,-1.47150150909389,-9.97507570756694
24.9475,-5.33818501315092,-1.4664058162881,-9.98016882708919
24.95,-5.33818501315092,-1.46131012348231,-9.98016882708919
24.9525,-5.33818501315092,-1.46131012348231,-9.97507570756694
24.955,-5.33818501315092,-1.4664058162881,-9.97507570756694
24.9575,-5.33818501315092,-1.4664058162881,-9.97507570756694
24.96,-5.33818501315092,-1.45111873787073,-9.97507570756694
24.9625,-5.33818501315092,-1.47150150909389,-9.98016882708919
24.965,-5.33818501315092,-1.4664058162881,-9.97507570756694
24.9675,-5.33818501315092,-1.4664058162881,-9.97507570756694
24.97,-5.33309055529771,-1.44092735225916,-9.97507570756694
24.9725,-5.33818501315092,-1.46131012348231,-9.97507570756694
24.975,-5.33818501315092,-1.4664058162881,-9.97507570756694
24.9775,-5.33818501315092,-1.4664058162881,-9.97507570756694
24.98,-5.33818501315092,-1.44602304506495,-9.98016882708919
24.9825,-5.34327947100413,-1.47150150909389,-9.97507570756694
24.985,-5.33818501315092,-1.4664058162881,-9.97507570756694
24.9875,-5.33818501315092,-1.46131012348231,-9.97507570756694
24.99,-5.34327947100413,-1.46131012348231,-9.97507570756694
24.9925,-5.33818501315092,-1.46131012348231,-9.97507570756694
24.995,-5.33818501315092,-1.4664058162881,-9.97507570756694
24.9975,-5.3279960974445,-1.47150150909389,-9.96998258804469
25,-5.33818501315092,-1.42564027384179,-9.96998258804469
25.0025,-5.33818501315092,-1.4664058162881,-9.97507570756694
25.005,-5.33818501315092,-1.4664058162881,-9.96998258804469
25.0075,-5.33309055529771,-1.46131012348231,-9.96998258804469
25.01,-5.33818501315092,-1.420544581036,-9.97507570756694
25.0125,-5.34327947100413,-1.46131012348231,-9.96998258804469
25.015,-5.33818501315092,-1.47150150909389,-9.96998258804469
25.0175,-5.33818501315092,-1.47150150909389,-9.97507570756694
25.02,-5.33818501315092,-1.42564027384179,-9.97507570756694
25.0225,-5.33309055529771,-1.47659720189968,-9.96488946852244
25.025,-5.33818501315092,-1.4664058162881,-9.97507570756694
25.0275,-5.33818501315092,-1.46131012348231,-9.96998258804469
25.03,-5.33818501315092,-1.420544581036,-9.96998258804469
25.0325,-5.33818501315092,-1.4664058162881,-9.96998258804469
25.035,-5.33818501315092,-1.47150150909389,-9.97507570756694
25.0375,-5.33818501315092,-1.47659720189968,-9.96998258804469
25.04,-5.33818501315092,-1.45111873787073,-9.97507570756694
25.0425,-5.33818501315092,-1.47150150909389,-9.97507570756694
25.045,-5.33818501315092,-1.4664058162881,-9.97507570756694
25.0475,-5.33818501315092,-1.4664058162881,-9.97507570756694
25.05,-5.33818501315092,-1.44602304506495,-9.97507570756694
25.0525,-5.33818501315092,-1.47150150909389,-9.97507570756694
25.055,-5.34327947100413,-1.47150150909389,-9.97507570756694
25.0575,-5.34327947100413,-1.47659720189968,-9.98016882708919
25.06,-5.33818501315092,-1.43073596664758,-9.97507570756694
25.0625,-5.33818501315092,-1.47150150909389,-9.98016882708919
25.065,-5.33818501315092,-1.4664058162881,-9.98016882708919
25.0675,-5.33818501315092,-1.4664058162881,-9.97507570756694
25.07,-5.33818501315092,-1.4664058162881,-9.98016882708919
25.0725,-5.34327947100413,-1.47150150909389,-9.98016882708919
25.075,-5.33818501315092,-1.47659720189968,-9.98016882708919
25.0775,-5.33818501315092,-1.47150150909389,-9.98016882708919
25.08,-5.33818501315092,-1.44602304506495,-9.97507570756694
25.0825,-5.33818501315092,-1.4664058162881,-9.97507570756694
25.085,-5.34327947100413,-1.4664058162881,-9.98016882708919
25.0875,-5.34327947100413,-1.4664058162881,-9.97507570756694
25.09,-5.34327947100413,-1.44602304506495,-9.97507570756694
25.0925,-5.33818501315092,-1.47150150909389,-9.98016882708919
25.095,-5.34327947100413,-1.47150150909389,-9.97507570756694
25.0975,-5.33818501315092,-1.47150150909389,-9.97507570756694
25.1,-5.33818501315092,-1.42564027384179,-9.97507570756694
25.1025,-5.34327947100413,-1.4664058162881,-9.97507570756694
25.105,-5.34327947100413,-1.4664058162881,-9.97507570756694
25.1075,-5.34327947100413,-1.4664058162881,-9.97507570756694
25.11,-5.34327947100413,-1.44602304506495,-9.97507570756694
25.1125,-5.34327947100413,-1.47150150909389,-9.97507570756694
25.115,-5.34327947100413,-1.47150150909389,-9.97507570756694
25.1175,-5.34837392885734,-1.47150150909389,-9.97507570756694
25.12,-5.34327947100413,-1.44602304506495,-9.97507570756694
25.1225,-5.34327947100413,-1.4664058162881,-9.97507570756694
25.125,-5.34837392885734,-1.47150150909389,-9.96998258804469
25.1275,-5.33818501315092,-1.4664058162881,-9.96998258804469
25.13,-5.34327947100413,-1.44602304506495,-9.97507570756694
25.1325,-5.34837392885734,-1.47150150909389,-9.96998258804469
25.135,-5.34837392885734,-1.47150150909389,-9.96998258804469
25.1375,-5.34327947100413,-1.4664058162881,-9.97507570756694
25.14,-5.35346838671055,-1.42564027384179,-9.96998258804469
25.1425,-5.34837392885734,-1.46131012348231,-9.96998258804469
25.145,-5.34837392885734,-1.46131012348231,-9.96998258804469
25.1475,-5.34837392885734,-1.4664058162881,-9.96998258804469
25.15,-5.34837392885734,-1.44602304506495,-9.96998258804469
25.1525,-5.34327947100413,-1.47150150909389,-9.97507570756694
25.155,-5.35346838671055,-1.47150150909389,-9.97507570756694
25.1575,-5.34837392885734,-1.4664058162881,-9.97507570756694
25.16,-5.34837392885734,-1.42564027384179,-9.97507570756694
25.1625,-5.34837392885734,-1.46131012348231,-9.97507570756694
25.165,-5.34837392885734,-1.4664058162881,-9.96998258804469
25.1675,-5.35346838671055,-1.46131012348231,-9.97507570756694
25.17,-5.35346838671055,-1.420544581036,-9.96998258804469
25.1725,-5.35346838671055,-1.47150150909389,-9.96998258804469
25.175,-5.35346838671055,-1.47150150909389,-9.97507570756694
25.1775,-5.35346838671055,-1.47150150909389,-9.97507570756694
25.18,-5.34837392885734,-1.45111873787073,-9.97507570756694
25.1825,-5.34837392885734,-1.4664058162881,-9.96998258804469
25.185,-5.35346838671055,-1.46131012348231,-9.96488946852244
25.1875,-5.35346838671055,-1.4664058162881,-9.96998258804469
25.19,-5.35346838671055,-1.42564027384179,-9.97507570756694
25.1925,-5.35856284456376,-1.4664058162881,-9.96998258804469
25.195,-5.35346838671055,-1.47150150909389,-9.97507570756694
25.1975,-5.35346838671055,-1.4664058162881,-9.97507570756694
25.2,-5.35856284456376,-1.44602304506495,-9.97507570756694
25.2025,-5.34837392885734,-1.46131012348231,-9.97507570756694
25.205,-5.35346838671055,-1.46131012348231,-9.97507570756694
25.2075,-5.35346838671055,-1.4664058162881,-9.97507570756694
25.21,-5.35346838671055,-1.44602304506495,-9.97507570756694
25.2125,-5.35346838671055,-1.4664058162881,-9.98016882708919
25.215,-5.35856284456376,-1.4664058162881,-9.98016882708919
25.2175,-5.34837392885734,-1.4664058162881,-9.97507570756694
25.22,-5.34837392885734,-1.44602304506495,-9.98016882708919
25.2225,-5.35346838671055,-1.46131012348231,-9.98016882708919
25.225,-5.34837392885734,-1.46131012348231,-9.97507570756694
25.2275,-5.35346838671055,-1.46131012348231,-9.98016882708919
25.23,-5.35346838671055,-1.44092735225916,-9.97507570756694
25.2325,-5.35856284456376,-1.4664058162881,-9.98016882708919
25.235,-5.35346838671055,-1.4664058162881,-9.98016882708919
25.2375,-5.35856284456376,-1.46131012348231,-9.98016882708919
25.24,-5.35346838671055,-1.44092735225916,-9.97507570756694
25.2425,-5.35346838671055,-1.46131012348231,-9.98016882708919
25.245,-5.35856284456376,-1.46131012348231,-9.97507570756694
25.2475,-5.35346838671055,-1.46131012348231,-9.97507570756694
25.25,-5.35346838671055,-1.44602304506495,-9.97507570756694
25.2525,-5.35856284456376,-1.4664058162881,-9.97507570756694
25.255,-5.35346838671055,-1.47150150909389,-9.97507570756694
25.2575,-5.35346838671055,-1.4664058162881,-9.97507570756694
25.26,-5.35856284456376,-1.44602304506495,-9.97507570756694
25.2625,-5.35346838671055,-1.46131012348231,-9.97507570756694
25.265,-5.35856284456376,-1.46131012348231,-9.97507570756694
25.2675,-5.35856284456376,-1.4664058162881,-9.97507570756694
25.27,-5.35346838671055,-1.44092735225916,-9.97507570756694
25.2725,-5.35856284456376,-1.4664058162881,-9.97507570756694
25.275,-5.35856284456376,-1.4664058162881,-9.97507570756694
25.2775,-5.35346838671055,-1.4664058162881,-9.97507570756694
25.28,-5.35346838671055,-1.44602304506495,-9.97507570756694
25.2825,-5.35856284456376,-1.46131012348231,-9.96998258804469
25.285,-5.35346838671055,-1.46131012348231,-9.96998258804469
25.2875,-5.35346838671055,-1.46131012348231,-9.97507570756694
25.29,-5.35856284456376,-1.42564027384179,-9.96998258804469
25.2925,-5.35346838671055,-1.47150150909389,-9.97507570756694
25.295,-5.35346838671055,-1.4664058162881,-9.97507570756694
25.2975,-5.35856284456376,-1.47150150909389,-9.97507570756694
25.3,-5.35856284456376,-1.42564027384179,-9.96998258804469
25.3025,-5.35856284456376,-1.4664058162881,-9.97507570756694
25.305,-5.35856284456376,-1.4664058162881,-9.96998258804469
25.3075,-5.35856284456376,-1.4664058162881,-9.96998258804469
25.31,-5.35856284456376,-1.44602304506495,-9.97507570756694
25.3125,-5.35856284456376,-1.47150150909389,-9.96998258804469
25.315,-5.35856284456376,-1.47150150909389,-9.97507570756694
25.3175,-5.35346838671055,-1.47150150909389,-9.97507570756694
25.32,-5.35856284456376,-1.42564027384179,-9.96998258804469
25.3225,-5.35856284456376,-1.4664058162881,-9.97507570756694
25.325,-5.35856284456376,-1.46131012348231,-9.97507570756694
25.3275,-5.35856284456376,-1.4664058162881,-9.97507570756694
25.33,-5.35856284456376,-1.42564027384179,-9.97507570756694
25.3325,-5.35346838671055,-1.47150150909389,-9.97507570756694
25.335,-5.35346838671055,-1.47150150909389,-9.97507570756694
25.3375,-5.35346838671055,-1.4664058162881,-9.97507570756694
25.34,-5.35346838671055,-1.42564027384179,-9.98016882708919
25.3425,-5.35346838671055,-1.4664058162881,-9.97507570756694
25.345,-5.34837392885734,-1.4664058162881,-9.97507570756694
25.3475,-5.35346838671055,-1.4664058162881,-9.97507570756694
25.35,-5.35856284456376,-1.47150150909389,-9.98016882708919
25.3525,-5.35346838671055,-1.47150150909389,-9.97507570756694
25.355,-5.35346838671055,-1.4664058162881,-9.98016882708919
25.3575,-5.35346838671055,-1.4664058162881,-9.97507570756694
25.36,-5.35346838671055,-1.420544581036,-9.97507570756694
25.3625,-5.35346838671055,-1.46131012348231,-9.98016882708919
25.365,-5.35346838671055,-1.47150150909389,-9.97507570756694
25.3675,-5.35346838671055,-1.4664058162881,-9.98016882708919
25.37,-5.35346838671055,-1.44602304506495,-9.97507570756694
25.3725,-5.35346838671055,-1.4664058162881,-9.97507570756694
25.375,-5.35346838671055,-1.4664058162881,-9.98016882708919
25.3775,-5.35346838671055,-1.46131012348231,-9.97507570756694
25.38,-5.35856284456376,-1.44092735225916,-9.97507570756694
25.3825,-5.35346838671055,-1.46131012348231,-9.97507570756694
25.385,-5.35346838671055,-1.45621443067652,-9.97507570756694
25.3875,-5.35856284456376,-1.46131012348231,-9.97507570756694
25.39,-5.35346838671055,-1.42564027384179,-9.97507570756694
25.3925,-5.35346838671055,-1.4664058162881,-9.97507570756694
25.395,-5.35346838671055,-1.46131012348231,-9.97507570756694
25.3975,-5.35346838671055,-1.4664058162881,-9.97507570756694
25.4,-5.35346838671055,-1.43583165945337,-9.97507570756694
25.4025,-5.35856284456376,-1.45621443067652,-9.96998258804469
25.405,-5.35346838671055,-1.46131012348231,-9.97507570756694
25.4075,-5.35346838671055,-1.46131012348231,-9.97507570756694
25.41,-5.35856284456376,-1.44602304506495,-9.97507570756694
25.4125,-5.35346838671055,-1.46131012348231,-9.97507570756694
25.415,-5.35346838671055,-1.46131012348231,-9.97507570756694
25.4175,-5.35856284456376,-1.46131012348231,-9.97507570756694
25.42,-5.35346838671055,-1.44092735225916,-9.96998258804469
25.4225,-5.35346838671055,-1.45621443067652,-9.97507570756694
25.425,-5.35856284456376,-1.46131012348231,-9.96998258804469
25.4275,-5.35346838671055,-1.46131012348231,-9.96998258804469
25.43,-5.35856284456376,-1.420544581036,-9.97507570756694
25.4325,-5.35856284456376,-1.46131012348231,-9.97507570756694
25.435,-5.35346838671055,-1.46131012348231,-9.96998258804469
25.4375,-5.35346838671055,-1.45621443067652,-9.96998258804469
25.44,-5.35346838671055,-1.41544888823022,-9.97507570756694
25.4425,-5.35346838671055,-1.46131012348231,-9.96998258804469
25.445,-5.35346838671055,-1.46131012348231,-9.96998258804469
25.4475,-5.35856284456376,-1.46131012348231,-9.96998258804469
25.45,-5.35346838671055,-1.42564027384179,-9.96998258804469
25.4525,-5.35346838671055,-1.46131012348231,-9.97507570756694
25.455,-5.35856284456376,-1.46131012348231,-9.97507570756694
25.4575,-5.35346838671055,-1.46131012348231,-9.96998258804469
25.46,-5.35346838671055,-1.43583165945337,-9.97507570756694
25.4625,-5.35346838671055,-1.46131012348231,-9.96998258804469
25.465,-5.35346838671055,-1.46131012348231,-9.96998258804469
25.4675,-5.35346838671055,-1.46131012348231,-9.97507570756694
25.47,-5.35856284456376,-1.44602304506495,-9.97507570756694
25.4725,-5.35346838671055,-1.4664058162881,-9.97507570756694
25.475,-5.34837392885734,-1.46131012348231,-9.97507570756694
25.4775,-5.35346838671055,-1.46131012348231,-9.97507570756694
25.48,-5.34837392885734,-1.43583165945337,-9.97507570756694
25.4825,-5.35346838671055,-1.45621443067652,-9.96998258804469
25.485,-5.35346838671055,-1.49188428031704,-9.97507570756694
25.4875,-5.34837392885734,-1.47150150909389,-9.97507570756694
25.49,-5.34837392885734,-1.44092735225916,-9.98016882708919
25.4925,-5.35346838671055,-1.46131012348231,-9.97507570756694
25.495,-5.34837392885734,-1.46131012348231,-9.97507570756694
25.4975,-5.34837392885734,-1.45621443067652,-9.98016882708919
25.5,-5.35346838671055,-1.45621443067652,-9.98016882708919
25.5025,-5.34837392885734,-1.46131012348231,-9.98016882708919
25.505,-5.34837392885734,-1.46131012348231,-9.98016882708919
25.5075,-5.35346838671055,-1.4664058162881,-9.98016882708919
25.51,-5.34837392885734,-1.44602304506495,-9.98016882708919
25.5125,-5.34327947100413,-1.46131012348231,-9.98016882708919
25.515,-5.35346838671055,-1.46131012348231,-9.98016882708919
25.5175,-5.34837392885734,-1.46131012348231,-9.97507570756694
25.52,-5.34837392885734,-1.41544888823022,-9.98016882708919
25.5225,-5.35346838671055,-1.4664058162881,-9.98016882708919
25.525,-5.34327947100413,-1.46131012348231,-9.98016882708919
25.5275,-5.34327947100413,-1.4664058162881,-9.97507570756694
25.53,-5.34837392885734,-1.42564027384179,-9.98016882708919
25.5325,-5.34327947100413,-1.46131012348231,-9.97507570756694
25.535,-5.34837392885734,-1.46131012348231,-9.98016882708919
25.5375,-5.35346838671055,-1.46131012348231,-9.97507570756694
25.54,-5.34327947100413,-1.41035319542443,-9.97507570756694
25.5425,-5.34327947100413,-1.46131012348231,-9.97507570756694
25.545,-5.35346838671055,-1.46131012348231,-9.98016882708919
25.5475,-5.34837392885734,-1.4664058162881,-9.97507570756694
25.55,-5.34327947100413,-1.44092735225916,-9.97507570756694
25.5525,-5.34837392885734,-1.46131012348231,-9.97507570756694
25.555,-5.34327947100413,-1.46131012348231,-9.97507570756694
25.5575,-5.34327947100413,-1.45621443067652,-9.97507570756694
25.56,-5.34837392885734,-1.45621443067652,-9.97507570756694
25.5625,-5.34327947100413,-1.46131012348231,-9.96998258804469
25.565,-5.34327947100413,-1.46131012348231,-9.97507570756694
25.5675,-5.34837392885734,-1.46131012348231,-9.97507570756694
25.57,-5.34327947100413,-1.44092735225916,-9.96998258804469
25.5725,-5.34327947100413,-1.46131012348231,-9.97507570756694
25.575,-5.34837392885734,-1.45621443067652,-9.97507570756694
25.5775,-5.34327947100413,-1.45621443067652,-9.96998258804469
25.58,-5.34327947100413,-1.43583165945337,-9.96998258804469
25.5825,-5.34837392885734,-1.45621443067652,-9.96998258804469
25.585,-5.34327947100413,-1.46131012348231,-9.96998258804469
25.5875,-5.34327947100413,-1.46131012348231,-9.97507570756694
25.59,-5.34837392885734,-1.41544888823022,-9.97507570756694
25.5925,-5.34837392885734,-1.46131012348231,-9.96998258804469
25.595,-5.34327947100413,-1.45621443067652,-9.96998258804469
25.5975,-5.34837392885734,-1.45621443067652,-9.96998258804469
25.6,-5.34327947100413,-1.43583165945337,-9.96998258804469
25.6025,-5.34327947100413,-1.46131012348231,-9.97507570756694
25.605,-5.34837392885734,-1.46131012348231,-9.97507570756694
25.6075,-5.34327947100413,-1.46131012348231,-9.97507570756694
25.61,-5.34327947100413,-1.41544888823022,-9.97507570756694
25.6125,-5.34327947100413,-1.45621443067652,-9.97507570756694
25.615,-5.34837392885734,-1.45621443067652,-9.97507570756694
25.6175,-5.34327947100413,-1.45621443067652,-9.97507570756694
25.62,-5.34837392885734,-1.43073596664758,-9.97507570756694
25.6225,-5.34837392885734,-1.46131012348231,-9.97507570756694
25.625,-5.34837392885734,-1.46131012348231,-9.97507570756694
25.6275,-5.34837392885734,-1.46131012348231,-9.97507570756694
25.63,-5.34327947100413,-1.44092735225916,-9.97507570756694
25.6325,-5.34327947100413,-1.45621443067652,-9.98016882708919
25.635,-5.34327947100413,-1.46131012348231,-9.97507570756694
25.6375,-5.34327947100413,-1.45621443067652,-9.97507570756694
25.64,-5.34327947100413,-1.44092735225916,-9.98016882708919
25.6425,-5.34327947100413,-1.45111873787073,-9.98016882708919
25.645,-5.34327947100413,-1.46131012348231,-9.98016882708919
25.6475,-5.34327947100413,-1.46131012348231,-9.98016882708919
25.65,-5.34327947100413,-1.45621443067652,-9.97507570756694
25.6525,-5.34327947100413,-1.43583165945337,-9.98016882708919
25.655,-5.34327947100413,-1.45621443067652,-9.98016882708919
25.6575,-5.34327947100413,-1.45621443067652,-9.98016882708919
25.66,-5.34327947100413,-1.45621443067652,-9.97507570756694
25.6625,-5.34327947100413,-1.44092735225916,-9.97507570756694
25.665,-5.34837392885734,-1.46131012348231,-9.98016882708919
25.6675,-5.34837392885734,-1.46131012348231,-9.97507570756694
25.67,-5.34327947100413,-1.46131012348231,-9.98016882708919
25.6725,-5.34327947100413,-1.43073596664758,-9.97507570756694
25.675,-5.34327947100413,-1.45621443067652,-9.97507570756694
25.6775,-5.34327947100413,-1.45111873787073,-9.97507570756694
25.68,-5.34327947100413,-1.45621443067652,-9.97507570756694
25.6825,-5.34837392885734,-1.44092735225916,-9.97507570756694
25.685,-5.34327947100413,-1.46131012348231,-9.98016882708919
25.6875,-5.34837392885734,-1.46131012348231,-9.97507570756694
25.69,-5.34327947100413,-1.46131012348231,-9.97507570756694
25.6925,-5.34327947100413,-1.41544888823022,-9.97507570756694
25.695,-5.34837392885734,-1.45621443067652,-9.98016882708919
25.6975,-5.34327947100413,-1.46131012348231,-9.96998258804469
25.7,-5.34327947100413,-1.45621443067652,-9.97507570756694
25.7025,-5.34837392885734,-1.41544888823022,-9.97507570756694
25.705,-5.34327947100413,-1.46131012348231,-9.97507570756694
25.7075,-5.34837392885734,-1.46131012348231,-9.97507570756694
25.71,-5.35346838671055,-1.45621443067652,-9.97507570756694
25.7125,-5.34837392885734,-1.41544888823022,-9.97507570756694
25.715,-5.34837392885734,-1.45621443067652,-9.97507570756694
25.7175,-5.34837392885734,-1.45621443067652,-9.97507570756694
25.72,-5.34837392885734,-1.46131012348231,-9.96998258804469
25.7225,-5.34837392885734,-1.420544581036,-9.97507570756694
25.725,-5.34837392885734,-1.46131012348231,-9.97507570756694
25.7275,-5.35346838671055,-1.46131012348231,-9.97507570756694
25.73,-5.34837392885734,-1.46131012348231,-9.96998258804469
25.7325,-5.34837392885734,-1.45621443067652,-9.97507570756694
25.735,-5.34837392885734,-1.45621443067652,-9.97507570756694
25.7375,-5.34837392885734,-1.46131012348231,-9.96998258804469
25.74,-5.35346838671055,-1.45621443067652,-9.97507570756694
25.7425,-5.34837392885734,-1.44092735225916,-9.96998258804469
25.745,-5.34837392885734,-1.46131012348231,-9.97507570756694
25.7475,-5.35346838671055,-1.46131012348231,-9.97507570756694
25.75,-5.35346838671055,-1.46131012348231,-9.96998258804469
25.7525,-5.34837392885734,-1.44092735225916,-9.97507570756694
25.755,-5.35346838671055,-1.45621443067652,-9.96998258804469
25.7575,-5.35346838671055,-1.46131012348231,-9.97507570756694
25.76,-5.35346838671055,-1.46131012348231,-9.96998258804469
25.7625,-5.35346838671055,-1.46131012348231,-9.97507570756694
25.765,-5.35856284456376,-1.46131012348231,-9.97507570756694
25.7675,-5.35346838671055,-1.46131012348231,-9.97507570756694
25.77,-5.35346838671055,-1.46131012348231,-9.97507570756694
25.7725,-5.35856284456376,-1.41544888823022,-9.96998258804469
25.775,-5.35346838671055,-1.46131012348231,-9.96998258804469
25.7775,-5.35856284456376,-1.45621443067652,-9.97507570756694
25.78,-5.35856284456376,-1.46131012348231,-9.96998258804469
25.7825,-5.35346838671055,-1.44602304506495,-9.97507570756694
25.785,-5.35856284456376,-1.4664058162881,-9.97507570756694
25.7875,-5.35856284456376,-1.4664058162881,-9.97507570756694
25.79,-5.35346838671055,-1.46131012348231,-9.97507570756694
25.7925,-5.35346838671055,-1.44092735225916,-9.97507570756694
25.795,-5.35856284456376,-1.45621443067652,-9.96998258804469
25.7975,-5.35856284456376,-1.4664058162881,-9.97507570756694
25.8,-5.35856284456376,-1.46131012348231,-9.97507570756694
25.8025,-5.35856284456376,-1.42564027384179,-9.96998258804469
25.805,-5.35346838671055,-1.4664058162881,-9.97507570756694
25.8075,-5.35346838671055,-1.46131012348231,-9.97507570756694
25.81,-5.35856284456376,-1.46131012348231,-9.97507570756694
25.8125,-5.35346838671055,-1.46131012348231,-9.97507570756694
25.815,-5.35856284456376,-1.46131012348231,-9.97507570756694
25.8175,-5.36365730241697,-1.46131012348231,-9.97507570756694
25.82,-5.35856284456376,-1.46131012348231,-9.97507570756694
25.8225,-5.35856284456376,-1.420544581036,-9.97507570756694
25.825,-5.35856284456376,-1.46131012348231,-9.97507570756694
25.8275,-5.35856284456376,-1.46131012348231,-9.98016882708919
25.83,-5.35856284456376,-1.46131012348231,-9.98016882708919
25.8325,-5.35856284456376,-1.420544581036,-9.97507570756694
25.835,-5.35856284456376,-1.46131012348231,-9.98016882708919
25.8375,-5.36365730241697,-1.46131012348231,-9.98016882708919
25.84,-5.36365730241697,-1.4664058162881,-9.97507570756694
25.8425,-5.35856284456376,-1.42564027384179,-9.98016882708919
25.845,-5.36365730241697,-1.46131012348231,-9.98016882708919
25.8475,-5.35856284456376,-1.46131012348231,-9.98016882708919
25.85,-5.35856284456376,-1.46131012348231,-9.98016882708919
25.8525,-5.35856284456376,-1.41544888823022,-9.98016882708919
25.855,-5.36365730241697,-1.46131012348231,-9.97507570756694
25.8575,-5.35856284456376,-1.4664058162881,-9.98016882708919
25.86,-5.36365730241697,-1.4664058162881,-9.98016882708919
25.8625,-5.36365730241697,-1.44602304506495,-9.98016882708919
25.865,-5.35856284456376,-1.46131012348231,-9.98016882708919
25.8675,-5.35856284456376,-1.46131012348231,-9.98016882708919
25.87,-5.36875176027018,-1.46131012348231,-9.97507570756694
25.8725,-5.36365730241697,-1.41544888823022,-9.97507570756694
25.875,-5.36365730241697,-1.46131012348231,-9.98016882708919
25.8775,-5.36875176027018,-1.4664058162881,-9.97507570756694
25.88,-5.36365730241697,-1.47150150909389,-9.97507570756694
25.8825,-5.36365730241697,-1.44092735225916,-9.98016882708919
25.885,-5.36365730241697,-1.4664058162881,-9.97507570756694
25.8875,-5.36365730241697,-1.46131012348231,-9.97507570756694
25.89,-5.36365730241697,-1.46131012348231,-9.98016882708919
25.8925,-5.36875176027018,-1.41544888823022,-9.97507570756694
25.895,-5.36365730241697,-1.46131012348231,-9.97507570756694
25.8975,-5.36875176027018,-1.46131012348231,-9.97507570756694
25.9,-5.37384621812339,-1.4664058162881,-9.97507570756694
25.9025,-5.36365730241697,-1.44602304506495,-9.97507570756694
25.905,-5.36365730241697,-1.46131012348231,-9.97507570756694
25.9075,-5.36875176027018,-1.46131012348231,-9.97507570756694
25.91,-5.36365730241697,-1.46131012348231,-9.97507570756694
25.9125,-5.33818501315092,-1.43583165945337,-9.97507570756694
25.915,-5.36875176027018,-1.46131012348231,-9.96998258804469
25.9175,-5.36365730241697,-1.46131012348231,-9.97507570756694
25.92,-5.36875176027018,-1.46131012348231,-9.97507570756694
25.9225,-5.36875176027018,-1.4664058162881,-9.97507570756694
25.925,-5.35856284456376,-1.46131012348231,-9.97507570756694
25.9275,-5.36365730241697,-1.46131012348231,-9.97507570756694
25.93,-5.36365730241697,-1.46131012348231,-9.96998258804469
25.9325,-5.36365730241697,-1.43583165945337,-9.97507570756694
25.935,-5.36875176027018,-1.46131012348231,-9.97507570756694
25.9375,-5.36875176027018,-1.4664058162881,-9.96488946852244
25.94,-5.36365730241697,-1.4664058162881,-9.97507570756694
25.9425,-5.36875176027018,-1.420544581036,-9.97507570756694
25.945,-5.36365730241697,-1.46131012348231,-9.97507570756694
25.9475,-5.35856284456376,-1.46131012348231,-9.96998258804469
25.95,-5.36365730241697,-1.46131012348231,-9.97507570756694
25.9525,-5.36365730241697,-1.420544581036,-9.96998258804469
25.955,-5.36365730241697,-1.46131012348231,-9.97507570756694
25.9575,-5.36875176027018,-1.4664058162881,-9.97507570756694
25.96,-5.36365730241697,-1.4664058162881,-9.97507570756694
25.9625,-5.35856284456376,-1.420544581036,-9.97507570756694
25.965,-5.36365730241697,-1.46131012348231,-9.97507570756694
25.9675,-5.35856284456376,-1.46131012348231,-9.97507570756694
25.97,-5.35856284456376,-1.46131012348231,-9.97507570756694
25.9725,-5.36365730241697,-1.44092735225916,-9.97507570756694
25.975,-5.36365730241697,-1.4664058162881,-9.97507570756694
25.9775,-5.35856284456376,-1.4664058162881,-9.98016882708919
25.98,-5.36365730241697,-1.4664058162881,-9.97507570756694
25.9825,-5.35856284456376,-1.44602304506495,-9.98016882708919
25.985,-5.35856284456376,-1.46131012348231,-9.98016882708919
25.9875,-5.35856284456376,-1.46131012348231,-9.98016882708919
25.99,-5.35856284456376,-1.46131012348231,-9.97507570756694
25.9925,-5.35856284456376,-1.44092735225916,-9.98016882708919
25.995,-5.35856284456376,-1.4664058162881,-9.97507570756694
25.9975,-5.35856284456376,-1.4664058162881,-9.97507570756694
26,-5.35856284456376,-1.46131012348231,-9.98016882708919
26.0025,-5.35856284456376,-1.44092735225916,-9.98016882708919
26.005,-5.35346838671055,-1.46131012348231,-9.97507570756694
26.0075,-5.35346838671055,-1.46131012348231,-9.98016882708919
26.01,-5.35856284456376,-1.45111873787073,-9.97507570756694
26.0125,-5.35346838671055,-1.420544581036,-9.97507570756694
26.015,-5.35856284456376,-1.46131012348231,-9.97507570756694
26.0175,-5.35856284456376,-1.4664058162881,-9.98016882708919
26.02,-5.35346838671055,-1.4664058162881,-9.97507570756694
26.0225,-5.35346838671055,-1.41544888823022,-9.97507570756694
26.025,-5.35856284456376,-1.46131012348231,-9.97507570756694
26.0275,-5.35346838671055,-1.46131012348231,-9.97507570756694
26.03,-5.35346838671055,-1.46131012348231,-9.98016882708919
26.0325,-5.35856284456376,-1.420544581036,-9.97507570756694
26.035,-5.35346838671055,-1.47150150909389,-9.97507570756694
26.0375,-5.35346838671055,-1.4664058162881,-9.97507570756694
26.04,-5.35346838671055,-1.4664058162881,-9.97507570756694
26.0425,-5.35346838671055,-1.420544581036,-9.97507570756694
26.045,-5.35346838671055,-1.46131012348231,-9.97507570756694
26.0475,-5.35856284456376,-1.46131012348231,-9.97507570756694
26.05,-5.35346838671055,-1.46131012348231,-9.97507570756694
26.0525,-5.35346838671055,-1.420544581036,-9.97507570756694
26.055,-5.35346838671055,-1.4664058162881,-9.97507570756694
26.0575,-5.35346838671055,-1.4664058162881,-9.97507570756694
26.06,-5.35346838671055,-1.4664058162881,-9.97507570756694
26.0625,-5.35346838671055,-1.44092735225916,-9.96998258804469
26.065,-5.34837392885734,-1.46131012348231,-9.96998258804469
26.0675,-5.35346838671055,-1.46131012348231,-9.96998258804469
26.07,-5.35346838671055,-1.46131012348231,-9.96998258804469
26.0725,-5.35856284456376,-1.44092735225916,-9.97507570756694
26.075,-5.34837392885734,-1.46131012348231,-9.96998258804469
26.0775,-5.34837392885734,-1.4664058162881,-9.97507570756694
26.08,-5.34837392885734,-1.46131012348231,-9.96998258804469
26.0825,-5.34837392885734,-1.44092735225916,-9.97507570756694
26.085,-5.35346838671055,-1.46131012348231,-9.96998258804469
26.0875,-5.34837392885734,-1.46131012348231,-9.96998258804469
26.09,-5.35346838671055,-1.46131012348231,-9.96998258804469
26.0925,-5.34837392885734,-1.4664058162881,-9.96998258804469
26.095,-5.34837392885734,-1.4664058162881,-9.97507570756694
26.0975,-5.34837392885734,-1.4664058162881,-9.97507570756694
26.1,-5.34837392885734,-1.4664058162881,-9.96998258804469
26.1025,-5.34837392885734,-1.41544888823022,-9.97507570756694
26.105,-5.34327947100413,-1.45621443067652,-9.97507570756694
26.1075,-5.34327947100413,-1.45621443067652,-9.96998258804469
26.11,-5.34327947100413,-1.45621443067652,-9.97507570756694
26.1125,-5.34837392885734,-1.46131012348231,-9.97507570756694
26.115,-5.34327947100413,-1.4664058162881,-9.97507570756694
26.1175,-5.34327947100413,-1.46131012348231,-9.97507570756694
26.12,-5.34837392885734,-1.46131012348231,-9.97507570756694
26.1225,-5.34327947100413,-1.46131012348231,-9.96998258804469
26.125,-5.34327947100413,-1.45621443067652,-9.97507570756694
26.1275,-5.34837392885734,-1.46131012348231,-9.96998258804469
26.13,-5.34327947100413,-1.46131012348231,-9.97507570756694
26.1325,-5.34837392885734,-1.43583165945337,-9.97507570756694
26.135,-5.34837392885734,-1.4664058162881,-9.97507570756694
26.1375,-5.34327947100413,-1.46131012348231,-9.97507570756694
26.14,-5.34327947100413,-1.46131012348231,-9.98016882708919
26.1425,-5.34327947100413,-1.41544888823022,-9.97507570756694
26.145,-5.33818501315092,-1.45621443067652,-9.97507570756694
26.1475,-5.34327947100413,-1.46131012348231,-9.97507570756694
26.15,-5.34327947100413,-1.46131012348231,-9.97507570756694
26.1525,-5.33818501315092,-1.44092735225916,-9.98016882708919
26.155,-5.34327947100413,-1.46131012348231,-9.97507570756694
26.1575,-5.33818501315092,-1.46131012348231,-9.97507570756694
26.16,-5.33818501315092,-1.45621443067652,-9.98016882708919
26.1625,-5.34327947100413,-1.43583165945337,-9.98016882708919
26.165,-5.33818501315092,-1.45621443067652,-9.97507570756694
26.1675,-5.33818501315092,-1.45621443067652,-9.97507570756694
26.17,-5.34327947100413,-1.45621443067652,-9.97507570756694
26.1725,-5.34327947100413,-1.44092735225916,-9.98016882708919
26.175,-5.34327947100413,-1.46131012348231,-9.98016882708919
26.1775,-5.34327947100413,-1.46131012348231,-9.98016882708919
26.18,-5.34327947100413,-1.46131012348231,-9.97507570756694
26.1825,-5.33818501315092,-1.43073596664758,-9.98016882708919
26.185,-5.34327947100413,-1.45111873787073,-9.97507570756694
26.1875,-5.34327947100413,-1.45621443067652,-9.97507570756694
26.19,-5.34327947100413,-1.45621443067652,-9.98016882708919
26.1925,-5.34327947100413,-1.44092735225916,-9.97507570756694
26.195,-5.31780718173808,-1.46131012348231,-9.98016882708919
26.1975,-5.33818501315092,-1.45621443067652,-9.97507570756694
26.2,-5.34327947100413,-1.45621443067652,-9.97507570756694
26.2025,-5.33818501315092,-1.43073596664758,-9.97507570756694
26.205,-5.34327947100413,-1.45111873787073,-9.98016882708919
26.2075,-5.34327947100413,-1.45621443067652,-9.97507570756694
26.21,-5.33818501315092,-1.46131012348231,-9.97507570756694
26.2125,-5.34327947100413,-1.44092735225916,-9.97507570756694
26.215,-5.34327947100413,-1.46131012348231,-9.97507570756694
26.2175,-5.33818501315092,-1.46131012348231,-9.97507570756694
26.22,-5.34327947100413,-1.45621443067652,-9.98016882708919
26.2225,-5.34327947100413,-1.41035319542443,-9.97507570756694
26.225,-5.34327947100413,-1.45621443067652,-9.97507570756694
26.2275,-5.34327947100413,-1.46131012348231,-9.97507570756694
26.23,-5.34327947100413,-1.46131012348231,-9.97507570756694
26.2325,-5.34327947100413,-1.420544581036,-9.97507570756694
26.235,-5.34327947100413,-1.46131012348231,-9.97507570756694
26.2375,-5.34327947100413,-1.46131012348231,-9.97507570756694
26.24,-5.33818501315092,-1.45621443067652,-9.97507570756694
26.2425,-5.34327947100413,-1.41035319542443,-9.97507570756694
26.245,-5.34327947100413,-1.46131012348231,-9.96998258804469
26.2475,-5.34327947100413,-1.46131012348231,-9.96998258804469
26.25,-5.34327947100413,-1.46131012348231,-9.97507570756694
26.2525,-5.33818501315092,-1.44092735225916,-9.96998258804469
26.255,-5.34327947100413,-1.46131012348231,-9.97507570756694
26.2575,-5.34327947100413,-1.45621443067652,-9.96998258804469
26.26,-5.34837392885734,-1.45621443067652,-9.96998258804469
26.2625,-5.34327947100413,-1.45621443067652,-9.97507570756694
26.265,-5.34327947100413,-1.45621443067652,-9.96998258804469
26.2675,-5.34327947100413,-1.46131012348231,-9.96998258804469
26.27,-5.34327947100413,-1.46131012348231,-9.97507570756694
26.2725,-5.34837392885734,-1.420544581036,-9.97507570756694
26.275,-5.34327947100413,-1.46131012348231,-9.96998258804469
26.2775,-5.34327947100413,-1.45621443067652,-9.97507570756694
26.28,-5.34837392885734,-1.45621443067652,-9.96998258804469
26.2825,-5.34327947100413,-1.420544581036,-9.96998258804469
26.285,-5.34327947100413,-1.45621443067652,-9.97507570756694
26.2875,-5.34837392885734,-1.46131012348231,-9.96998258804469
26.29,-5.34327947100413,-1.4664058162881,-9.96998258804469
26.2925,-5.34837392885734,-1.420544581036,-9.97507570756694
26.295,-5.34837392885734,-1.46131012348231,-9.96998258804469
26.2975,-5.34837392885734,-1.46131012348231,-9.97507570756694
26.3,-5.34837392885734,-1.45621443067652,-9.97507570756694
26.3025,-5.35346838671055,-1.41544888823022,-9.96998258804469
26.305,-5.34837392885734,-1.46131012348231,-9.97507570756694
26.3075,-5.35346838671055,-1.46131012348231,-9.97507570756694
26.31,-5.35346838671055,-1.4664058162881,-9.97507570756694
26.3125,-5.34837392885734,-1.44602304506495,-9.96998258804469
26.315,-5.34837392885734,-1.46131012348231,-9.97507570756694
26.3175,-5.34837392885734,-1.46131012348231,-9.96998258804469
26.32,-5.34327947100413,-1.45621443067652,-9.97507570756694
26.3225,-5.35346838671055,-1.43583165945337,-9.96998258804469
26.325,-5.34837392885734,-1.46131012348231,-9.97507570756694
26.3275,-5.34327947100413,-1.46131012348231,-9.97507570756694
26.33,-5.35346838671055,-1.46131012348231,-9.98016882708919
26.3325,-5.35346838671055,-1.44602304506495,-9.97507570756694
26.335,-5.34327947100413,-1.4664058162881,-9.97507570756694
26.3375,-5.35346838671055,-1.46131012348231,-9.98016882708919
26.34,-5.34837392885734,-1.46131012348231,-9.97507570756694
26.3425,-5.34837392885734,-1.46131012348231,-9.97507570756694
26.345,-5.35346838671055,-1.46131012348231,-9.97507570756694
26.3475,-5.34837392885734,-1.46131012348231,-9.97507570756694
26.35,-5.35346838671055,-1.46131012348231,-9.98016882708919
26.3525,-5.35346838671055,-1.44602304506495,-9.98016882708919
26.355,-5.35346838671055,-1.4664058162881,-9.97507570756694
26.3575,-5.34837392885734,-1.46131012348231,-9.98016882708919
26.36,-5.35856284456376,-1.45621443067652,-9.97507570756694
26.3625,-5.35346838671055,-1.44092735225916,-9.97507570756694
26.365,-5.35346838671055,-1.46131012348231,-9.97507570756694
26.3675,-5.35856284456376,-1.46131012348231,-9.97507570756694
26.37,-5.35346838671055,-1.4664058162881,-9.98016882708919
26.3725,-5.35346838671055,-1.44602304506495,-9.98016882708919
26.375,-5.35346838671055,-1.46131012348231,-9.98016882708919
26.3775,-5.35346838671055,-1.46131012348231,-9.97507570756694
26.38,-5.35856284456376,-1.46131012348231,-9.98016882708919
26.3825,-5.36875176027018,-1.46131012348231,-9.97507570756694
26.385,-5.35346838671055,-1.46131012348231,-9.97507570756694
26.3875,-5.35346838671055,-1.4664058162881,-9.98016882708919
26.39,-5.35856284456376,-1.4664058162881,-9.98016882708919
26.3925,-5.35346838671055,-1.44602304506495,-9.98016882708919
26.395,-5.35346838671055,-1.4664058162881,-9.98016882708919
26.3975,-5.35856284456376,-1.46131012348231,-9.97507570756694
26.4,-5.35856284456376,-1.46131012348231,-9.97507570756694
26.4025,-5.35346838671055,-1.44092735225916,-9.98016882708919
26.405,-5.35856284456376,-1.46131012348231,-9.97507570756694
26.4075,-5.35346838671055,-1.4664058162881,-9.97507570756694
26.41,-5.35856284456376,-1.47150150909389,-9.98016882708919
26.4125,-5.35856284456376,-1.45621443067652,-9.97507570756694
26.415,-5.35856284456376,-1.47150150909389,-9.98016882708919
26.4175,-5.35856284456376,-1.46131012348231,-9.97507570756694
26.42,-5.35856284456376,-1.46131012348231,-9.97507570756694
26.4225,-5.35856284456376,-1.44092735225916,-9.97507570756694
26.425,-5.35856284456376,-1.4664058162881,-9.97507570756694
26.4275,-5.35856284456376,-1.4664058162881,-9.97507570756694
26.43,-5.35856284456376,-1.47150150909389,-9.97507570756694
26.4325,-5.35856284456376,-1.44602304506495,-9.97507570756694
26.435,-5.35856284456376,-1.47150150909389,-9.97507570756694
26.4375,-5.35346838671055,-1.4664058162881,-9.97507570756694
26.44,-5.36365730241697,-1.46131012348231,-9.97507570756694
26.4425,-5.35856284456376,-1.42564027384179,-9.96998258804469
26.445,-5.35856284456376,-1.4664058162881,-9.97507570756694
26.4475,-5.35856284456376,-1.47150150909389,-9.97507570756694
26.45,-5.35856284456376,-1.47659720189968,-9.97507570756694
26.4525,-5.35856284456376,-1.42564027384179,-9.97507570756694
26.455,-5.35856284456376,-1.4664058162881,-9.97507570756694
26.4575,-5.35856284456376,-1.4664058162881,-9.96998258804469
26.46,-5.35856284456376,-1.4664058162881,-9.97507570756694
26.4625,-5.35856284456376,-1.42564027384179,-9.97507570756694
26.465,-5.35856284456376,-1.47150150909389,-9.96998258804469
26.4675,-5.35856284456376,-1.47150150909389,-9.97507570756694
26.47,-5.36365730241697,-1.47659720189968,-9.97507570756694
26.4725,-5.35856284456376,-1.43073596664758,-9.96998258804469
26.475,-5.35856284456376,-1.47150150909389,-9.97507570756694
26.4775,-5.35856284456376,-1.47150150909389,-9.97507570756694
26.48,-5.35856284456376,-1.47150150909389,-9.96998258804469
26.4825,-5.35856284456376,-1.42564027384179,-9.97507570756694
26.485,-5.36365730241697,-1.47150150909389,-9.97507570756694
26.4875,-5.35856284456376,-1.48169289470547,-9.96998258804469
26.49,-5.36365730241697,-1.47659720189968,-9.97507570756694
26.4925,-5.36365730241697,-1.45111873787073,-9.97507570756694
26.495,-5.35856284456376,-1.47150150909389,-9.96998258804469
26.4975,-5.35856284456376,-1.47150150909389,-9.96998258804469
26.5,-5.35856284456376,-1.4664058162881,-9.97507570756694
26.5025,-5.35856284456376,-1.43073596664758,-9.96998258804469
26.505,-5.35856284456376,-1.47150150909389,-9.96998258804469
26.5075,-5.35856284456376,-1.48169289470547,-9.96998258804469
26.51,-5.35856284456376,-1.47659720189968,-9.96998258804469
26.5125,-5.35346838671055,-1.45111873787073,-9.97507570756694
26.515,-5.35856284456376,-1.4664058162881,-9.96998258804469
26.5175,-5.35856284456376,-1.47150150909389,-9.96998258804469
26.52,-5.35856284456376,-1.4664058162881,-9.96998258804469
26.5225,-5.35856284456376,-1.42564027384179,-9.96998258804469
26.525,-5.35856284456376,-1.47659720189968,-9.96998258804469
26.5275,-5.35346838671055,-1.47659720189968,-9.97507570756694
26.53,-5.35856284456376,-1.47659720189968,-9.97507570756694
26.5325,-5.35856284456376,-1.43073596664758,-9.97507570756694
26.535,-5.34837392885734,-1.47150150909389,-9.97507570756694
26.5375,-5.35856284456376,-1.47150150909389,-9.96998258804469
26.54,-5.35346838671055,-1.47150150909389,-9.96998258804469
26.5425,-5.35346838671055,-1.45111873787073,-9.97507570756694
26.545,-5.35856284456376,-1.47659720189968,-9.97507570756694
26.5475,-5.35346838671055,-1.47659720189968,-9.97507570756694
26.55,-5.35346838671055,-1.47659720189968,-9.97507570756694
26.5525,-5.35856284456376,-1.42564027384179,-9.97507570756694
26.555,-5.35346838671055,-1.4664058162881,-9.97507570756694
26.5575,-5.35346838671055,-1.4664058162881,-9.97507570756694
26.56,-5.35346838671055,-1.47150150909389,-9.97507570756694
26.5625,-5.35346838671055,-1.43073596664758,-9.97507570756694
26.565,-5.34837392885734,-1.47659720189968,-9.97507570756694
26.5675,-5.35346838671055,-1.47659720189968,-9.97507570756694
26.57,-5.34837392885734,-1.47659720189968,-9.97507570756694
26.5725,-5.35346838671055,-1.46131012348231,-9.97507570756694
26.575,-5.35346838671055,-1.46131012348231,-9.98016882708919
26.5775,-5.34837392885734,-1.47150150909389,-9.97507570756694
26.58,-5.35346838671055,-1.47150150909389,-9.98016882708919
26.5825,-5.35346838671055,-1.47150150909389,-9.97507570756694
26.585,-5.34837392885734,-1.45621443067652,-9.97507570756694
26.5875,-5.34837392885734,-1.47150150909389,-9.98016882708919
26.59,-5.35346838671055,-1.47150150909389,-9.98016882708919
26.5925,-5.34837392885734,-1.47150150909389,-9.97507570756694
26.595,-5.34837392885734,-1.42564027384179,-9.98016882708919
26.5975,-5.35346838671055,-1.4664058162881,-9.97507570756694
26.6,-5.35346838671055,-1.47150150909389,-9.98016882708919
26.6025,-5.35346838671055,-1.47150150909389,-9.98016882708919
26.605,-5.35346838671055,-1.43073596664758,-9.98016882708919
26.6075,-5.34327947100413,-1.47150150909389,-9.98016882708919
26.61,-5.34837392885734,-1.47150150909389,-9.98016882708919
26.6125,-5.34837392885734,-1.47150150909389,-9.98016882708919
26.615,-5.34327947100413,-1.420544581036,-9.98016882708919
26.6175,-5.34837392885734,-1.4664058162881,-9.98016882708919
26.62,-5.34837392885734,-1.4664058162881,-9.97507570756694
26.6225,-5.34837392885734,-1.47150150909389,-9.97507570756694
26.625,-5.34837392885734,-1.42564027384179,-9.98016882708919
26.6275,-5.34837392885734,-1.47150150909389,-9.97507570756694
26.63,-5.34327947100413,-1.4664058162881,-9.97507570756694
26.6325,-5.34327947100413,-1.46131012348231,-9.97507570756694
26.635,-5.34837392885734,-1.420544581036,-9.97507570756694
26.6375,-5.34837392885734,-1.4664058162881,-9.97507570756694
26.64,-5.34837392885734,-1.4664058162881,-9.97507570756694
26.6425,-5.34837392885734,-1.47150150909389,-9.97507570756694
26.645,-5.34837392885734,-1.42564027384179,-9.97507570756694
26.6475,-5.34837392885734,-1.46131012348231,-9.97507570756694
26.65,-5.34837392885734,-1.46131012348231,-9.97507570756694
26.6525,-5.34327947100413,-1.46131012348231,-9.97507570756694
26.655,-5.34837392885734,-1.44092735225916,-9.97507570756694
26.6575,-5.34837392885734,-1.46131012348231,-9.97507570756694
26.66,-5.34327947100413,-1.4664058162881,-9.97507570756694
26.6625,-5.34837392885734,-1.4664058162881,-9.97507570756694
26.665,-5.34837392885734,-1.46131012348231,-9.97507570756694
26.6675,-5.34327947100413,-1.46131012348231,-9.97507570756694
26.67,-5.34837392885734,-1.46131012348231,-9.97507570756694
26.6725,-5.34327947100413,-1.46131012348231,-9.97507570756694
26.675,-5.34327947100413,-1.43583165945337,-9.97507570756694
26.6775,-5.34837392885734,-1.46131012348231,-9.97507570756694
26.68,-5.34837392885734,-1.46131012348231,-9.96998258804469
26.6825,-5.34327947100413,-1.4664058162881,-9.97507570756694
26.685,-5.34327947100413,-1.420544581036,-9.97507570756694
26.6875,-5.34327947100413,-1.46131012348231,-9.97507570756694
26.69,-5.34327947100413,-1.46131012348231,-9.97507570756694
26.6925,-5.34327947100413,-1.45621443067652,-9.96998258804469
26.695,-5.34837392885734,-1.44092735225916,-9.96998258804469
26.6975,-5.34327947100413,-1.46131012348231,-9.96998258804469
26.7,-5.34837392885734,-1.46131012348231,-9.97507570756694
26.7025,-5.34837392885734,-1.4664058162881,-9.96998258804469
26.705,-5.34327947100413,-1.44092735225916,-9.97507570756694
26.7075,-5.34327947100413,-1.46131012348231,-9.97507570756694
26.71,-5.34327947100413,-1.46131012348231,-9.96998258804469
26.7125,-5.34327947100413,-1.46131012348231,-9.96998258804469
26.715,-5.34327947100413,-1.44092735225916,-9.96998258804469
26.7175,-5.34327947100413,-1.4664058162881,-9.96998258804469
26.72,-5.34327947100413,-1.4664058162881,-9.96998258804469
26.7225,-5.34327947100413,-1.46131012348231,-9.97507570756694
26.725,-5.34327947100413,-1.42564027384179,-9.96998258804469
26.7275,-5.34327947100413,-1.46131012348231,-9.97507570756694
26.73,-5.34327947100413,-1.46131012348231,-9.97507570756694
26.7325,-5.34327947100413,-1.46131012348231,-9.97507570756694
26.735,-5.34327947100413,-1.420544581036,-9.97507570756694
26.7375,-5.34327947100413,-1.46131012348231,-9.97507570756694
26.74,-5.34327947100413,-1.47150150909389,-9.97507570756694
26.7425,-5.34327947100413,-1.4664058162881,-9.98016882708919
26.745,-5.34327947100413,-1.44092735225916,-9.97507570756694
26.7475,-5.34327947100413,-1.46131012348231,-9.97507570756694
26.75,-5.33818501315092,-1.46131012348231,-9.97507570756694
26.7525,-5.34327947100413,-1.46131012348231,-9.98016882708919
26.755,-5.34327947100413,-1.44602304506495,-9.98016882708919
26.7575,-5.34327947100413,-1.4664058162881,-9.98016882708919
26.76,-5.34327947100413,-1.4664058162881,-9.98016882708919
26.7625,-5.34327947100413,-1.4664058162881,-9.98016882708919
26.765,-5.33818501315092,-1.420544581036,-9.98016882708919
26.7675,-5.34327947100413,-1.46131012348231,-9.98016882708919
26.77,-5.33818501315092,-1.46131012348231,-9.97507570756694
26.7725,-5.33818501315092,-1.46131012348231,-9.98016882708919
26.775,-5.34327947100413,-1.46131012348231,-9.98016882708919
26.7775,-5.34327947100413,-1.47150150909389,-9.98016882708919
26.78,-5.33818501315092,-1.4664058162881,-9.98016882708919
26.7825,-5.34327947100413,-1.4664058162881,-9.98016882708919
26.785,-5.34327947100413,-1.46131012348231,-9.97507570756694
26.7875,-5.33818501315092,-1.46131012348231,-9.98016882708919
26.79,-5.33818501315092,-1.45621443067652,-9.97507570756694
26.7925,-5.34327947100413,-1.46131012348231,-9.97507570756694
26.795,-5.33818501315092,-1.44092735225916,-9.97507570756694
26.7975,-5.34327947100413,-1.4664058162881,-9.97507570756694
26.8,-5.33818501315092,-1.4664058162881,-9.97507570756694
26.8025,-5.33818501315092,-1.46131012348231,-9.98016882708919
26.805,-5.33818501315092,-1.44092735225916,-9.97507570756694
26.8075,-5.33818501315092,-1.46131012348231,-9.97507570756694
26.81,-5.33818501315092,-1.46131012348231,-9.97507570756694
26.8125,-5.34327947100413,-1.46131012348231,-9.97507570756694
26.815,-5.34327947100413,-1.42564027384179,-9.97507570756694
26.8175,-5.33818501315092,-1.4664058162881,-9.97507570756694
26.82,-5.34327947100413,-1.4664058162881,-9.97507570756694
26.8225,-5.34327947100413,-1.4664058162881,-9.97507570756694
26.825,-5.34327947100413,-1.420544581036,-9.97507570756694
26.8275,-5.34327947100413,-1.46131012348231,-9.97507570756694
26.83,-5.34327947100413,-1.46131012348231,-9.96998258804469
26.8325,-5.33818501315092,-1.4664058162881,-9.96998258804469
26.835,-5.34327947100413,-1.42564027384179,-9.97507570756694
26.8375,-5.33818501315092,-1.47659720189968,-9.96998258804469
26.84,-5.33818501315092,-1.47150150909389,-9.97507570756694
26.8425,-5.34327947100413,-1.47150150909389,-9.97507570756694
26.845,-5.33818501315092,-1.44602304506495,-9.96998258804469
26.8475,-5.33818501315092,-1.4664058162881,-9.97507570756694
26.85,-5.34327947100413,-1.4664058162881,-9.96998258804469
26.8525,-5.33818501315092,-1.47150150909389,-9.98016882708919
26.855,-5.33818501315092,-1.43073596664758,-9.97507570756694
26.8575,-5.34327947100413,-1.47659720189968,-9.96998258804469
26.86,-5.34327947100413,-1.47659720189968,-9.96998258804469
26.8625,-5.33818501315092,-1.47150150909389,-9.97507570756694
26.865,-5.34327947100413,-1.47150150909389,-9.96998258804469
26.8675,-5.34327947100413,-1.47150150909389,-9.96998258804469
26.87,-5.34327947100413,-1.47150150909389,-9.97507570756694
26.8725,-5.34327947100413,-1.47150150909389,-9.97507570756694
26.875,-5.34327947100413,-1.43583165945337,-9.96998258804469
26.8775,-5.34327947100413,-1.47659720189968,-9.97507570756694
26.88,-5.34327947100413,-1.47659720189968,-9.96998258804469
26.8825,-5.33818501315092,-1.47150150909389,-9.97507570756694
26.885,-5.33818501315092,-1.45111873787073,-9.97507570756694
26.8875,-5.34327947100413,-1.47150150909389,-9.97507570756694
26.89,-5.34327947100413,-1.47659720189968,-9.97507570756694
26.8925,-5.34327947100413,-1.48169289470547,-9.97507570756694
26.895,-5.34327947100413,-1.43583165945337,-9.97507570756694
26.8975,-5.33818501315092,-1.47659720189968,-9.97507570756694
26.9,-5.34327947100413,-1.47659720189968,-9.98016882708919
26.9025,-5.34327947100413,-1.47659720189968,-9.97507570756694
26.905,-5.33818501315092,-1.43073596664758,-9.97507570756694
26.9075,-5.33818501315092,-1.47150150909389,-9.97507570756694
26.91,-5.34327947100413,-1.47659720189968,-9.97507570756694
26.9125,-5.33818501315092,-1.48169289470547,-9.97507570756694
26.915,-5.34327947100413,-1.43583165945337,-9.98016882708919
26.9175,-5.34327947100413,-1.47659720189968,-9.97507570756694
26.92,-5.33818501315092,-1.47659720189968,-9.97507570756694
26.9225,-5.34327947100413,-1.47150150909389,-9.98016882708919
26.925,-5.34327947100413,-1.45111873787073,-9.97507570756694
26.9275,-5.33818501315092,-1.47150150909389,-9.97507570756694
26.93,-5.34327947100413,-1.47150150909389,-9.97507570756694
26.9325,-5.34327947100413,-1.48169289470547,-9.97507570756694
26.935,-5.34327947100413,-1.46131012348231,-9.98016882708919
26.9375,-5.34327947100413,-1.47659720189968,-9.98016882708919
26.94,-5.34327947100413,-1.47659720189968,-9.97507570756694
26.9425,-5.34327947100413,-1.47659720189968,-9.97507570756694
26.945,-5.34327947100413,-1.45111873787073,-9.97507570756694
26.9475,-5.34327947100413,-1.48169289470547,-9.97507570756694
26.95,-5.34327947100413,-1.48169289470547,-9.97507570756694
26.9525,-5.34837392885734,-1.48169289470547,-9.97507570756694
26.955,-5.34327947100413,-1.46131012348231,-9.97507570756694
26.9575,-5.34327947100413,-1.47659720189968,-9.97507570756694
26.96,-5.34837392885734,-1.47659720189968,-9.97507570756694
26.9625,-5.34327947100413,-1.47659720189968,-9.97507570756694
26.965,-5.34327947100413,-1.45111873787073,-9.97507570756694
26.9675,-5.34327947100413,-1.47659720189968,-9.97507570756694
26.97,-5.34837392885734,-1.48169289470547,-9.96998258804469
26.9725,-5.34327947100413,-1.48169289470547,-9.97507570756694
26.975,-5.34837392885734,-1.43583165945337,-9.97507570756694
26.9775,-5.34327947100413,-1.47659720189968,-9.96998258804469
26.98,-5.34327947100413,-1.47150150909389,-9.97507570756694
26.9825,-5.34837392885734,-1.47659720189968,-9.96998258804469
26.985,-5.34327947100413,-1.43583165945337,-9.96998258804469
26.9875,-5.34837392885734,-1.48169289470547,-9.97507570756694
26.99,-5.34837392885734,-1.48169289470547,-9.96998258804469
26.9925,-5.34327947100413,-1.48169289470547,-9.96998258804469
26.995,-5.34327947100413,-1.46131012348231,-9.97507570756694
26.9975,-5.34837392885734,-1.48169289470547,-9.96998258804469
27,-5.34837392885734,-1.47659720189968,-9.97507570756694
27.0025,-5.34837392885734,-1.47659720189968,-9.96998258804469
27.005,-5.35346838671055,-1.46131012348231,-9.96998258804469
27.0075,-5.34837392885734,-1.48169289470547,-9.97507570756694
27.01,-5.34837392885734,-1.48678858751125,-9.97507570756694
27.0125,-5.35346838671055,-1.48678858751125,-9.97507570756694
27.015,-5.34837392885734,-1.46131012348231,-9.97507570756694
27.0175,-5.34327947100413,-1.48169289470547,-9.97507570756694
27.02,-5.34837392885734,-1.48169289470547,-9.97507570756694
27.0225,-5.34837392885734,-1.48169289470547,-9.97507570756694
27.025,-5.34837392885734,-1.46131012348231,-9.97507570756694
27.0275,-5.35346838671055,-1.48678858751125,-9.97507570756694
27.03,-5.34837392885734,-1.48678858751125,-9.97507570756694
27.0325,-5.34327947100413,-1.48169289470547,-9.98016882708919
27.035,-5.34837392885734,-1.44602304506495,-9.98016882708919
27.0375,-5.34327947100413,-1.48678858751125,-9.97507570756694
27.04,-5.34327947100413,-1.48169289470547,-9.98016882708919
27.0425,-5.35346838671055,-1.48169289470547,-9.98016882708919
27.045,-5.35346838671055,-1.44092735225916,-9.97507570756694
27.0475,-5.34327947100413,-1.48169289470547,-9.98016882708919
27.05,-5.35346838671055,-1.48678858751125,-9.98016882708919
27.0525,-5.34837392885734,-1.48678858751125,-9.98016882708919
27.055,-5.34837392885734,-1.44092735225916,-9.97507570756694
27.0575,-5.35346838671055,-1.48169289470547,-9.97507570756694
27.06,-5.34327947100413,-1.48169289470547,-9.97507570756694
27.0625,-5.34837392885734,-1.48169289470547,-9.97507570756694
27.065,-5.34837392885734,-1.46131012348231,-9.97507570756694
27.0675,-5.34837392885734,-1.48678858751125,-9.97507570756694
27.07,-5.34327947100413,-1.48678858751125,-9.97507570756694
27.0725,-5.34837392885734,-1.48678858751125,-9.97507570756694
27.075,-5.34837392885734,-1.48169289470547,-9.96998258804469
27.0775,-5.34327947100413,-1.48169289470547,-9.97507570756694
27.08,-5.34837392885734,-1.47659720189968,-9.97507570756694
27.0825,-5.34837392885734,-1.48678858751125,-9.97507570756694
27.085,-5.34837392885734,-1.48169289470547,-9.97507570756694
27.0875,-5.34837392885734,-1.48169289470547,-9.97507570756694
27.09,-5.34837392885734,-1.49188428031704,-9.96998258804469
27.0925,-5.34327947100413,-1.48678858751125,-9.97507570756694
27.095,-5.35346838671055,-1.46131012348231,-9.97507570756694
27.0975,-5.34837392885734,-1.48169289470547,-9.96998258804469
27.1,-5.35346838671055,-1.48169289470547,-9.97507570756694
27.1025,-5.35346838671055,-1.48678858751125,-9.97507570756694
27.105,-5.34837392885734,-1.48678858751125,-9.97507570756694
27.1075,-5.34837392885734,-1.48678858751125,-9.96998258804469
27.11,-5.35346838671055,-1.48678858751125,-9.97507570756694
27.1125,-5.34327947100413,-1.48678858751125,-9.96998258804469
27.115,-5.34837392885734,-1.44602304506495,-9.96998258804469
27.1175,-5.35346838671055,-1.48169289470547,-9.96998258804469
27.12,-5.34837392885734,-1.48169289470547,-9.96998258804469
27.1225,-5.34837392885734,-1.48678858751125,-9.96998258804469
27.125,-5.35346838671055,-1.44602304506495,-9.96998258804469
27.1275,-5.34837392885734,-1.49188428031704,-9.96998258804469
27.13,-5.34837392885734,-1.48678858751125,-9.97507570756694
27.1325,-5.35346838671055,-1.48169289470547,-9.96998258804469
27.135,-5.34837392885734,-1.44092735225916,-9.96998258804469
27.1375,-5.34837392885734,-1.47659720189968,-9.96998258804469
27.14,-5.35346838671055,-1.48169289470547,-9.96998258804469
27.1425,-5.34837392885734,-1.48678858751125,-9.96998258804469
27.145,-5.34327947100413,-1.44602304506495,-9.97507570756694
27.1475,-5.34837392885734,-1.48678858751125,-9.96998258804469
27.15,-5.34327947100413,-1.48678858751125,-9.96998258804469
27.1525,-5.34327947100413,-1.48169289470547,-9.97507570756694
27.155,-5.34837392885734,-1.44092735225916,-9.96998258804469
27.1575,-5.34327947100413,-1.48169289470547,-9.96998258804469
27.16,-5.34327947100413,-1.48169289470547,-9.97507570756694
27.1625,-5.34837392885734,-1.48678858751125,-9.97507570756694
27.165,-5.34327947100413,-1.4664058162881,-9.97507570756694
27.1675,-5.34327947100413,-1.48169289470547,-9.97507570756694
27.17,-5.34837392885734,-1.48169289470547,-9.97507570756694
27.1725,-5.34327947100413,-1.48678858751125,-9.97507570756694
27.175,-5.34327947100413,-1.43073596664758,-9.97507570756694
27.1775,-5.34837392885734,-1.48169289470547,-9.97507570756694
27.18,-5.34327947100413,-1.48169289470547,-9.97507570756694
27.1825,-5.34327947100413,-1.48169289470547,-9.98016882708919
27.185,-5.34327947100413,-1.48169289470547,-9.98016882708919
27.1875,-5.34327947100413,-1.48678858751125,-9.97507570756694
27.19,-5.34327947100413,-1.48169289470547,-9.98016882708919
27.1925,-5.34327947100413,-1.47659720189968,-9.97507570756694
27.195,-5.33818501315092,-1.45621443067652,-9.97507570756694
27.1975,-5.34327947100413,-1.48169289470547,-9.98016882708919
27.2,-5.34327947100413,-1.48169289470547,-9.98016882708919
27.2025,-5.34327947100413,-1.48678858751125,-9.98016882708919
27.205,-5.34327947100413,-1.46131012348231,-9.98016882708919
27.2075,-5.34327947100413,-1.48169289470547,-9.97507570756694
27.21,-5.33818501315092,-1.48169289470547,-9.97507570756694
27.2125,-5.33818501315092,-1.47659720189968,-9.97507570756694
27.215,-5.33818501315092,-1.43073596664758,-9.97507570756694
27.2175,-5.33818501315092,-1.48169289470547,-9.97507570756694
27.22,-5.34327947100413,-1.48169289470547,-9.98016882708919
27.2225,-5.34327947100413,-1.48678858751125,-9.97507570756694
27.225,-5.33818501315092,-1.46131012348231,-9.97507570756694
27.2275,-5.33818501315092,-1.48169289470547,-9.97507570756694
27.23,-5.33818501315092,-1.48169289470547,-9.97507570756694
27.2325,-5.33818501315092,-1.47659720189968,-9.97507570756694
27.235,-5.33818501315092,-1.43583165945337,-9.97507570756694
27.2375,-5.33818501315092,-1.48169289470547,-9.96998258804469
27.24,-5.33818501315092,-1.48678858751125,-9.97507570756694
27.2425,-5.33818501315092,-1.48169289470547,-9.97507570756694
27.245,-5.33818501315092,-1.4664058162881,-9.97507570756694
27.2475,-5.33818501315092,-1.48169289470547,-9.97507570756694
27.25,-5.33818501315092,-1.47150150909389,-9.97507570756694
27.2525,-5.33818501315092,-1.48169289470547,-9.96998258804469
27.255,-5.33818501315092,-1.48169289470547,-9.96998258804469
27.2575,-5.33818501315092,-1.48169289470547,-9.97507570756694
27.26,-5.33818501315092,-1.48678858751125,-9.96998258804469
27.2625,-5.33818501315092,-1.48678858751125,-9.97507570756694
27.265,-5.33818501315092,-1.43583165945337,-9.97507570756694
27.2675,-5.33818501315092,-1.48169289470547,-9.96998258804469
27.27,-5.33309055529771,-1.48169289470547,-9.96998258804469
27.2725,-5.33818501315092,-1.47659720189968,-9.96998258804469
27.275,-5.33818501315092,-1.44602304506495,-9.96998258804469
27.2775,-5.33309055529771,-1.48678858751125,-9.96998258804469
27.28,-5.33818501315092,-1.48678858751125,-9.97507570756694
27.2825,-5.33818501315092,-1.48678858751125,-9.96998258804469
27.285,-5.33309055529771,-1.4664058162881,-9.96998258804469
27.2875,-5.33818501315092,-1.48169289470547,-9.97507570756694
27.29,-5.33818501315092,-1.48169289470547,-9.96998258804469
27.2925,-5.33309055529771,-1.48678858751125,-9.97507570756694
27.295,-5.33818501315092,-1.48678858751125,-9.97507570756694
27.2975,-5.33309055529771,-1.49188428031704,-9.96998258804469
27.3,-5.33309055529771,-1.48678858751125,-9.97507570756694
27.3025,-5.33309055529771,-1.48678858751125,-9.97507570756694
27.305,-5.33309055529771,-1.44092735225916,-9.97507570756694
27.3075,-5.33309055529771,-1.48169289470547,-9.97507570756694
27.31,-5.33309055529771,-1.48678858751125,-9.97507570756694
27.3125,-5.33309055529771,-1.48678858751125,-9.97507570756694
27.315,-5.33309055529771,-1.44602304506495,-9.98016882708919
27.3175,-5.33309055529771,-1.48678858751125,-9.97507570756694
27.32,-5.33309055529771,-1.48678858751125,-9.98016882708919
27.3225,-5.3279960974445,-1.48678858751125,-9.98016882708919
27.325,-5.33309055529771,-1.46131012348231,-9.97507570756694
27.3275,-5.33309055529771,-1.48169289470547,-9.97507570756694
27.33,-5.3279960974445,-1.48169289470547,-9.98016882708919
27.3325,-5.33309055529771,-1.48678858751125,-9.98016882708919
27.335,-5.33309055529771,-1.44602304506495,-9.98016882708919
27.3375,-5.3279960974445,-1.49188428031704,-9.98016882708919
27.34,-5.33309055529771,-1.48678858751125,-9.98016882708919
27.3425,-5.3279960974445,-1.47659720189968,-9.97507570756694
27.345,-5.33309055529771,-1.46131012348231,-9.98016882708919
27.3475,-5.33309055529771,-1.48678858751125,-9.97507570756694
27.35,-5.33309055529771,-1.48678858751125,-9.97507570756694
27.3525,-5.3279960974445,-1.48678858751125,-9.97507570756694
27.355,-5.33309055529771,-1.44092735225916,-9.97507570756694
27.3575,-5.33309055529771,-1.48678858751125,-9.97507570756694
27.36,-5.33309055529771,-1.48169289470547,-9.97507570756694
27.3625,-5.33309055529771,-1.48169289470547,-9.97507570756694
27.365,-5.3279960974445,-1.43583165945337,-9.97507570756694
27.3675,-5.3279960974445,-1.48169289470547,-9.97507570756694
27.37,-5.33309055529771,-1.48169289470547,-9.97507570756694
27.3725,-5.33309055529771,-1.48678858751125,-9.97507570756694
27.375,-5.33309055529771,-1.46131012348231,-9.97507570756694
27.3775,-5.3279960974445,-1.48169289470547,-9.97507570756694
27.38,-5.33309055529771,-1.48169289470547,-9.96998258804469
27.3825,-5.33309055529771,-1.48169289470547,-9.97507570756694
27.385,-5.33309055529771,-1.46131012348231,-9.97507570756694
27.3875,-5.30252380817844,-1.48169289470547,-9.96998258804469
27.39,-5.33309055529771,-1.48169289470547,-9.97507570756694
27.3925,-5.33818501315092,-1.48678858751125,-9.97507570756694
27.395,-5.33309055529771,-1.48678858751125,-9.96998258804469
27.3975,-5.33309055529771,-1.48169289470547,-9.97507570756694
27.4,-5.33818501315092,-1.48169289470547,-9.96998258804469
27.4025,-5.3279960974445,-1.48169289470547,-9.96998258804469
27.405,-5.33309055529771,-1.48169289470547,-9.96998258804469
27.4075,-5.33309055529771,-1.48169289470547,-9.96998258804469
27.41,-5.33309055529771,-1.49188428031704,-9.96998258804469
27.4125,-5.33309055529771,-1.48678858751125,-9.96998258804469
27.415,-5.33818501315092,-1.44602304506495,-9.96998258804469
27.4175,-5.33309055529771,-1.48678858751125,-9.96998258804469
27.42,-5.33309055529771,-1.48169289470547,-9.96998258804469
27.4225,-5.33309055529771,-1.48169289470547,-9.96998258804469
27.425,-5.33309055529771,-1.46131012348231,-9.96998258804469
27.4275,-5.33309055529771,-1.48169289470547,-9.97507570756694
27.43,-5.33309055529771,-1.49697997312283,-9.97507570756694
27.4325,-5.33309055529771,-1.49697997312283,-9.97507570756694
27.435,-5.33309055529771,-1.45111873787073,-9.97507570756694
27.4375,-5.33309055529771,-1.48678858751125,-9.97507570756694
27.44,-5.33309055529771,-1.48678858751125,-9.97507570756694
27.4425,-5.33309055529771,-1.48678858751125,-9.97507570756694
27.445,-5.33818501315092,-1.44602304506495,-9.97507570756694
27.4475,-5.33309055529771,-1.49697997312283,-9.97507570756694
27.45,-5.33818501315092,-1.49697997312283,-9.97507570756694
27.4525,-5.33818501315092,-1.49697997312283,-9.98016882708919
27.455,-5.33309055529771,-1.47150150909389,-9.97507570756694
27.4575,-5.33309055529771,-1.48678858751125,-9.98016882708919
27.46,-5.33818501315092,-1.48678858751125,-9.97507570756694
27.4625,-5.33309055529771,-1.49188428031704,-9.97507570756694
27.465,-5.33309055529771,-1.44602304506495,-9.98016882708919
27.4675,-5.33818501315092,-1.49697997312283,-9.98016882708919
27.47,-5.33309055529771,-1.49697997312283,-9.98016882708919
27.4725,-5.33309055529771,-1.49188428031704,-9.98016882708919
27.475,-5.33818501315092,-1.47150150909389,-9.97507570756694
27.4775,-5.33309055529771,-1.48678858751125,-9.98016882708919
27.48,-5.33818501315092,-1.48678858751125,-9.98016882708919
27.4825,-5.33818501315092,-1.49188428031704,-9.98016882708919
27.485,-5.33309055529771,-1.47150150909389,-9.98016882708919
27.4875,-5.33818501315092,-1.49697997312283,-9.98016882708919
27.49,-5.33818501315092,-1.50207566592862,-9.97507570756694
27.4925,-5.33309055529771,-1.49697997312283,-9.98016882708919
27.495,-5.33309055529771,-1.47150150909389,-9.98016882708919
27.4975,-5.33309055529771,-1.48678858751125,-9.97507570756694
27.5,-5.33309055529771,-1.49188428031704,-9.97507570756694
27.5025,-5.33818501315092,-1.49188428031704,-9.98016882708919
27.505,-5.33818501315092,-1.49188428031704,-9.97507570756694
27.5075,-5.33309055529771,-1.47659720189968,-9.98016882708919
27.51,-5.33309055529771,-1.49697997312283,-9.98016882708919
27.5125,-5.33818501315092,-1.49697997312283,-9.97507570756694
27.515,-5.33309055529771,-1.49188428031704,-9.97507570756694
27.5175,-5.33818501315092,-1.44602304506495,-9.98016882708919
27.52,-5.33818501315092,-1.49697997312283,-9.97507570756694
27.5225,-5.33309055529771,-1.49188428031704,-9.97507570756694
27.525,-5.33818501315092,-1.49697997312283,-9.97507570756694
27.5275,-5.33309055529771,-1.47659720189968,-9.97507570756694
27.53,-5.33309055529771,-1.49697997312283,-9.97507570756694
27.5325,-5.33309055529771,-1.49188428031704,-9.97507570756694
27.535,-5.33818501315092,-1.49697997312283,-9.97507570756694
27.5375,-5.33309055529771,-1.4664058162881,-9.97507570756694
27.54,-5.33309055529771,-1.49188428031704,-9.97507570756694
27.5425,-5.34327947100413,-1.49697997312283,-9.97507570756694
27.545,-5.33309055529771,-1.50207566592862,-9.97507570756694
27.5475,-5.33818501315092,-1.47150150909389,-9.97507570756694
27.55,-5.33818501315092,-1.50207566592862,-9.96998258804469
27.5525,-5.33309055529771,-1.49697997312283,-9.97507570756694
27.555,-5.33818501315092,-1.49188428031704,-9.97507570756694
27.5575,-5.33818501315092,-1.47150150909389,-9.97507570756694
27.56,-5.33309055529771,-1.49697997312283,-9.96998258804469
27.5625,-5.33818501315092,-1.49697997312283,-9.97507570756694
27.565,-5.33818501315092,-1.50207566592862,-9.96998258804469
27.5675,-5.33309055529771,-1.48169289470547,-9.97507570756694
27.57,-5.33818501315092,-1.49697997312283,-9.97507570756694
27.5725,-5.33818501315092,-1.49697997312283,-9.97507570756694
27.575,-5.33818501315092,-1.49188428031704,-9.96998258804469
27.5775,-5.33309055529771,-1.47150150909389,-9.97507570756694
27.58,-5.33818501315092,-1.50207566592862,-9.96998258804469
27.5825,-5.33309055529771,-1.50207566592862,-9.97507570756694
27.585,-5.33309055529771,-1.50207566592862,-9.97507570756694
27.5875,-5.33309055529771,-1.48169289470547,-9.96998258804469
27.59,-5.33309055529771,-1.50207566592862,-9.96998258804469
27.5925,-5.33309055529771,-1.50207566592862,-9.96998258804469
27.595,-5.33818501315092,-1.49697997312283,-9.96998258804469
27.5975,-5.33309055529771,-1.48169289470547,-9.96998258804469
27.6,-5.33309055529771,-1.50207566592862,-9.97507570756694
27.6025,-5.33309055529771,-1.50717135873441,-9.96998258804469
27.605,-5.33309055529771,-1.49697997312283,-9.97507570756694
27.6075,-5.33309055529771,-1.50207566592862,-9.97507570756694
27.61,-5.33818501315092,-1.49697997312283,-9.97507570756694
27.6125,-5.33309055529771,-1.49697997312283,-9.97507570756694
27.615,-5.33309055529771,-1.49697997312283,-9.97507570756694
27.6175,-5.33309055529771,-1.45621443067652,-9.96998258804469
27.62,-5.33309055529771,-1.50207566592862,-9.97507570756694
27.6225,-5.33309055529771,-1.50207566592862,-9.97507570756694
27.625,-5.33309055529771,-1.50207566592862,-9.97507570756694
27.6275,-5.3279960974445,-1.48169289470547,-9.97507570756694
27.63,-5.33309055529771,-1.49697997312283,-9.97507570756694
27.6325,-5.33309055529771,-1.49697997312283,-9.97507570756694
27.635,-5.33309055529771,-1.49697997312283,-9.97507570756694
27.6375,-5.3279960974445,-1.48169289470547,-9.97507570756694
27.64,-5.33309055529771,-1.50207566592862,-9.97507570756694
27.6425,-5.3279960974445,-1.50207566592862,-9.97507570756694
27.645,-5.33309055529771,-1.50207566592862,-9.97507570756694
27.6475,-5.3279960974445,-1.50207566592862,-9.97507570756694
27.65,-5.3279960974445,-1.49697997312283,-9.98016882708919
27.6525,-5.33309055529771,-1.49697997312283,-9.98016882708919
27.655,-5.3279960974445,-1.50207566592862,-9.98016882708919
27.6575,-5.3279960974445,-1.45621443067652,-9.97507570756694
27.66,-5.33309055529771,-1.50207566592862,-9.98016882708919
27.6625,-5.33309055529771,-1.50207566592862,-9.98016882708919
27.665,-5.3279960974445,-1.50207566592862,-9.98016882708919
27.6675,-5.33309055529771,-1.48169289470547,-9.98016882708919
27.67,-5.33309055529771,-1.49697997312283,-9.97507570756694
27.6725,-5.3279960974445,-1.49697997312283,-9.98016882708919
27.675,-5.33309055529771,-1.49697997312283,-9.98016882708919
27.6775,-5.33309055529771,-1.46131012348231,-9.98016882708919
27.68,-5.3279960974445,-1.50207566592862,-9.98016882708919
27.6825,-5.33309055529771,-1.50207566592862,-9.98016882708919
27.685,-5.3279960974445,-1.50207566592862,-9.97507570756694
27.6875,-5.3279960974445,-1.48169289470547,-9.98016882708919
27.69,-5.33309055529771,-1.49697997312283,-9.98016882708919
27.6925,-5.3279960974445,-1.49697997312283,-9.97507570756694
27.695,-5.3279960974445,-1.49697997312283,-9.98016882708919
27.6975,-5.3279960974445,-1.45621443067652,-9.98016882708919
27.7,-5.3279960974445,-1.50717135873441,-9.97507570756694
27.7025,-5.3279960974445,-1.50207566592862,-9.98016882708919
27.705,-5.33309055529771,-1.50207566592862,-9.98016882708919
27.7075,-5.33309055529771,-1.47659720189968,-9.98016882708919
27.71,-5.3279960974445,-1.49697997312283,-9.97507570756694
27.7125,-5.33309055529771,-1.49697997312283,-9.98016882708919
27.715,-5.33309055529771,-1.50207566592862,-9.97507570756694
27.7175,-5.3279960974445,-1.48169289470547,-9.97507570756694
27.72,-5.33309055529771,-1.50207566592862,-9.97507570756694
27.7225,-5.3279960974445,-1.50717135873441,-9.98016882708919
27.725,-5.3279960974445,-1.50207566592862,-9.97507570756694
27.7275,-5.33309055529771,-1.45621443067652,-9.97507570756694
27.73,-5.3279960974445,-1.49697997312283,-9.96998258804469
27.7325,-5.3279960974445,-1.49697997312283,-9.97507570756694
27.735,-5.3279960974445,-1.50207566592862,-9.97507570756694
27.7375,-5.33818501315092,-1.48169289470547,-9.97507570756694
27.74,-5.35346838671055,-1.50207566592862,-9.97507570756694
27.7425,-5.33309055529771,-1.50207566592862,-9.97507570756694
27.745,-5.3279960974445,-1.50207566592862,-9.97507570756694
27.7475,-5.3279960974445,-1.47150150909389,-9.97507570756694
27.75,-5.33309055529771,-1.49697997312283,-9.96998258804469
27.7525,-5.3279960974445,-1.49697997312283,-9.97507570756694
27.755,-5.3279960974445,-1.50207566592862,-9.96998258804469
27.7575,-5.33309055529771,-1.47659720189968,-9.97507570756694
27.76,-5.3279960974445,-1.50207566592862,-9.97507570756694
27.7625,-5.3279960974445,-1.50717135873441,-9.97507570756694
27.765,-5.33309055529771,-1.50207566592862,-9.98016882708919
27.7675,-5.3279960974445,-1.47659720189968,-9.99544818565594
27.77,-5.3279960974445,-1.49697997312283,-9.97507570756694
27.7725,-5.33309055529771,-1.49697997312283,-9.97507570756694
27.775,-5.33309055529771,-1.50207566592862,-9.96998258804469
27.7775,-5.3279960974445,-1.47659720189968,-9.96998258804469
27.78,-5.33309055529771,-1.50207566592862,-9.97507570756694
27.7825,-5.33309055529771,-1.50717135873441,-9.96998258804469
27.785,-5.3279960974445,-1.50207566592862,-9.97507570756694
27.7875,-5.3279960974445,-1.48169289470547,-9.96998258804469
27.79,-5.3279960974445,-1.50207566592862,-9.96998258804469
27.7925,-5.3279960974445,-1.49697997312283,-9.96998258804469
27.795,-5.33309055529771,-1.50207566592862,-9.96998258804469
27.7975,-5.3279960974445,-1.46131012348231,-9.96998258804469
27.8,-5.3279960974445,-1.50717135873441,-9.96998258804469
27.8025,-5.33309055529771,-1.50717135873441,-9.97507570756694
27.805,-5.33309055529771,-1.50717135873441,-9.96998258804469
27.8075,-5.3279960974445,-1.46131012348231,-9.97507570756694
27.81,-5.33309055529771,-1.50207566592862,-9.97507570756694
27.8125,-5.33309055529771,-1.50207566592862,-9.96998258804469
27.815,-5.3279960974445,-1.50207566592862,-9.97507570756694
27.8175,-5.33309055529771,-1.48169289470547,-9.97507570756694
27.82,-5.33309055529771,-1.5122670515402,-9.97507570756694
27.8225,-5.3279960974445,-1.50717135873441,-9.97507570756694
27.825,-5.33309055529771,-1.50717135873441,-9.97507570756694
27.8275,-5.3279960974445,-1.48169289470547,-9.97507570756694
27.83,-5.32290163959129,-1.50207566592862,-9.97507570756694
27.8325,-5.33309055529771,-1.50207566592862,-9.97507570756694
27.835,-5.3279960974445,-1.50717135873441,-9.97507570756694
27.8375,-5.3279960974445,-1.4664058162881,-9.97507570756694
27.84,-5.33309055529771,-1.50717135873441,-9.98016882708919
27.8425,-5.3279960974445,-1.50717135873441,-9.97507570756694
27.845,-5.3279960974445,-1.50207566592862,-9.98016882708919
27.8475,-5.33309055529771,-1.46131012348231,-9.97507570756694
27.85,-5.3279960974445,-1.50207566592862,-9.97507570756694
27.8525,-5.3279960974445,-1.50207566592862,-9.97507570756694
27.855,-5.3279960974445,-1.50717135873441,-9.97507570756694
27.8575,-5.3279960974445,-1.4664058162881,-9.97507570756694
27.86,-5.3279960974445,-1.50717135873441,-9.98016882708919
27.8625,-5.33309055529771,-1.50717135873441,-9.98016882708919
27.865,-5.3279960974445,-1.50717135873441,-9.97507570756694
27.8675,-5.3279960974445,-1.46131012348231,-9.97507570756694
27.87,-5.33309055529771,-1.50207566592862,-9.97507570756694
27.8725,-5.3279960974445,-1.50207566592862,-9.97507570756694
27.875,-5.3279960974445,-1.50207566592862,-9.97507570756694
27.8775,-5.3279960974445,-1.48678858751125,-9.97507570756694
27.88,-5.3279960974445,-1.50717135873441,-9.97507570756694
27.8825,-5.3279960974445,-1.50717135873441,-9.97507570756694
27.885,-5.3279960974445,-1.50207566592862,-9.97507570756694
27.8875,-5.3279960974445,-1.47659720189968,-9.97507570756694
27.89,-5.3279960974445,-1.50207566592862,-9.96998258804469
27.8925,-5.33309055529771,-1.50207566592862,-9.97507570756694
27.895,-5.3279960974445,-1.50717135873441,-9.96998258804469
27.8975,-5.3279960974445,-1.48678858751125,-9.97507570756694
27.9,-5.33818501315092,-1.50717135873441,-9.97507570756694
27.9025,-5.33309055529771,-1.50717135873441,-9.96998258804469
27.905,-5.3279960974445,-1.50207566592862,-9.97507570756694
27.9075,-5.33309055529771,-1.48169289470547,-9.97507570756694
27.91,-5.3279960974445,-1.50207566592862,-9.96998258804469
27.9125,-5.32290163959129,-1.50207566592862,-9.96998258804469
27.915,-5.33309055529771,-1.50717135873441,-9.96998258804469
27.9175,-5.32290163959129,-1.50717135873441,-9.96998258804469
27.92,-5.3279960974445,-1.5122670515402,-9.96998258804469
27.9225,-5.3279960974445,-1.50207566592862,-9.97507570756694
27.925,-5.3279960974445,-1.50717135873441,-9.96998258804469
27.9275,-5.32290163959129,-1.50207566592862,-9.97507570756694
27.93,-5.3279960974445,-1.50717135873441,-9.96488946852244
27.9325,-5.3279960974445,-1.50717135873441,-9.97507570756694
27.935,-5.3279960974445,-1.5122670515402,-9.97507570756694
27.9375,-5.3279960974445,-1.48678858751125,-9.97507570756694
27.94,-5.3279960974445,-1.5122670515402,-9.96998258804469
27.9425,-5.32290163959129,-1.50717135873441,-9.97507570756694
27.945,-5.3279960974445,-1.50207566592862,-9.97507570756694
27.9475,-5.3279960974445,-1.46131012348231,-9.96998258804469
27.95,-5.31780718173808,-1.5122670515402,-9.97507570756694
27.9525,-5.3279960974445,-1.5122670515402,-9.97507570756694
27.955,-5.32290163959129,-1.51736274434598,-9.97507570756694
27.9575,-5.32290163959129,-1.47150150909389,-9.97507570756694
27.96,-5.32290163959129,-1.5122670515402,-9.97507570756694
27.9625,-5.32290163959129,-1.5122670515402,-9.97507570756694
27.965,-5.32290163959129,-1.50717135873441,-9.97507570756694
27.9675,-5.3279960974445,-1.4664058162881,-9.97507570756694
27.97,-5.31780718173808,-1.5122670515402,-9.97507570756694
27.9725,-5.32290163959129,-1.5122670515402,-9.97507570756694
27.975,-5.32290163959129,-1.51736274434598,-9.97507570756694
27.9775,-5.31780718173808,-1.49697997312283,-9.97507570756694
27.98,-5.31780718173808,-1.5122670515402,-9.98016882708919
27.9825,-5.32290163959129,-1.5122670515402,-9.97507570756694
27.985,-5.31780718173808,-1.5122670515402,-9.97507570756694
27.9875,-5.31780718173808,-1.4664058162881,-9.97507570756694
27.99,-5.32290163959129,-1.51736274434598,-9.97507570756694
27.9925,-5.31780718173808,-1.52245843715177,-9.97507570756694
27.995,-5.31780718173808,-1.5122670515402,-9.98016882708919
27.9975,-5.32290163959129,-1.49188428031704,-9.97507570756694
28,-5.31780718173808,-1.5122670515402,-9.97507570756694
28.0025,-5.31271272388487,-1.50717135873441,-9.98016882708919
28.005,-5.31780718173808,-1.5122670515402,-9.97507570756694
28.0075,-5.31271272388487,-1.47150150909389,-9.98016882708919
28.01,-5.31780718173808,-1.5122670515402,-9.98016882708919
28.0125,-5.31780718173808,-1.52245843715177,-9.97507570756694
28.015,-5.31271272388487,-1.51736274434598,-9.97507570756694
28.0175,-5.31780718173808,-1.49188428031704,-9.97507570756694
28.02,-5.31780718173808,-1.5122670515402,-9.97507570756694
28.0225,-5.31271272388487,-1.5122670515402,-9.97507570756694
28.025,-5.31780718173808,-1.50717135873441,-9.97507570756694
28.0275,-5.31780718173808,-1.49697997312283,-9.97507570756694
28.03,-5.31780718173808,-1.51736274434598,-9.97507570756694
28.0325,-5.31780718173808,-1.5122670515402,-9.98016882708919
28.035,-5.31780718173808,-1.5122670515402,-9.97507570756694
28.0375,-5.31271272388487,-1.49188428031704,-9.97507570756694
28.04,-5.31780718173808,-1.50717135873441,-9.97507570756694
28.0425,-5.31780718173808,-1.50717135873441,-9.97507570756694
28.045,-5.31271272388487,-1.5122670515402,-9.96998258804469
28.0475,-5.31780718173808,-1.49188428031704,-9.97507570756694
28.05,-5.32290163959129,-1.51736274434598,-9.97507570756694
28.0525,-5.31780718173808,-1.51736274434598,-9.97507570756694
28.055,-5.31780718173808,-1.5122670515402,-9.97507570756694
28.0575,-5.31780718173808,-1.49188428031704,-9.97507570756694
28.06,-5.31271272388487,-1.50717135873441,-9.97507570756694
28.0625,-5.31271272388487,-1.5122670515402,-9.97507570756694
28.065,-5.32290163959129,-1.52245843715177,-9.96998258804469
28.0675,-5.31780718173808,-1.50207566592862,-9.96998258804469
28.07,-5.31780718173808,-1.51736274434598,-9.97507570756694
28.0725,-5.31780718173808,-1.52245843715177,-9.97507570756694
28.075,-5.31271272388487,-1.5122670515402,-9.97507570756694
28.0775,-5.31780718173808,-1.5122670515402,-9.97507570756694
28.08,-5.31780718173808,-1.5122670515402,-9.96998258804469
28.0825,-5.31271272388487,-1.51736274434598,-9.97507570756694
28.085,-5.31780718173808,-1.5122670515402,-9.97507570756694
28.0875,-5.31780718173808,-1.50207566592862,-9.96998258804469
28.09,-5.31271272388487,-1.52245843715177,-9.96998258804469
28.0925,-5.31271272388487,-1.51736274434598,-9.97507570756694
28.095,-5.31780718173808,-1.5122670515402,-9.96998258804469
28.0975,-5.31271272388487,-1.49188428031704,-9.96998258804469
28.1,-5.31271272388487,-1.5122670515402,-9.96998258804469
28.1025,-5.31780718173808,-1.51736274434598,-9.96998258804469
28.105,-5.31780718173808,-1.52245843715177,-9.96998258804469
28.1075,-5.31271272388487,-1.50207566592862,-9.97507570756694
28.11,-5.31780718173808,-1.52245843715177,-9.96998258804469
28.1125,-5.31271272388487,-1.51736274434598,-9.97507570756694
28.115,-5.31780718173808,-1.51736274434598,-9.96998258804469
28.1175,-5.31780718173808,-1.49697997312283,-9.96998258804469
28.12,-5.31271272388487,-1.51736274434598,-9.96998258804469
28.1225,-5.31271272388487,-1.52245843715177,-9.97507570756694
28.125,-5.31271272388487,-1.52245843715177,-9.96998258804469
28.1275,-5.31271272388487,-1.50207566592862,-9.96998258804469
28.13,-5.31780718173808,-1.52245843715177,-9.97507570756694
28.1325,-5.31780718173808,-1.52245843715177,-9.96998258804469
28.135,-5.31271272388487,-1.52245843715177,-9.97507570756694
28.1375,-5.31780718173808,-1.47150150909389,-9.96998258804469
28.14,-5.31780718173808,-1.52755412995756,-9.96998258804469
28.1425,-5.31271272388487,-1.52755412995756,-9.96998258804469
28.145,-5.31271272388487,-1.52755412995756,-9.97507570756694
28.1475,-5.31271272388487,-1.48169289470547,-9.97507570756694
28.15,-5.31271272388487,-1.52245843715177,-9.96998258804469
28.1525,-5.31271272388487,-1.52245843715177,-9.97507570756694
28.155,-5.31271272388487,-1.52245843715177,-9.97507570756694
28.1575,-5.31271272388487,-1.50207566592862,-9.97507570756694
28.16,-5.31271272388487,-1.52245843715177,-9.97507570756694
28.1625,-5.31271272388487,-1.52755412995756,-9.97507570756694
28.165,-5.31271272388487,-1.52755412995756,-9.97507570756694
28.1675,-5.31271272388487,-1.50207566592862,-9.97507570756694
28.17,-5.31271272388487,-1.52245843715177,-9.97507570756694
28.1725,-5.31271272388487,-1.52245843715177,-9.98016882708919
28.175,-5.31271272388487,-1.51736274434598,-9.97507570756694
28.1775,-5.31271272388487,-1.48169289470547,-9.97507570756694
28.18,-5.30761826603165,-1.52755412995756,-9.98016882708919
28.1825,-5.31271272388487,-1.52755412995756,-9.98016882708919
28.185,-5.31271272388487,-1.52755412995756,-9.98016882708919
28.1875,-5.31271272388487,-1.48169289470547,-9.97507570756694
28.19,-5.31271272388487,-1.52245843715177,-9.98016882708919
28.1925,-5.31271272388487,-1.52245843715177,-9.97507570756694
28.195,-5.31271272388487,-1.52755412995756,-9.97507570756694
28.1975,-5.31271272388487,-1.50207566592862,-9.98016882708919
28.2,-5.31271272388487,-1.52755412995756,-9.97507570756694
28.2025,-5.31271272388487,-1.52755412995756,-9.98016882708919
28.205,-5.31271272388487,-1.52245843715177,-9.98016882708919
28.2075,-5.31271272388487,-1.50207566592862,-9.97507570756694
28.21,-5.30761826603165,-1.52245843715177,-9.97507570756694
28.2125,-5.31271272388487,-1.52245843715177,-9.97507570756694
28.215,-5.31271272388487,-1.52755412995756,-9.97507570756694
28.2175,-5.31271272388487,-1.52755412995756,-9.98016882708919
28.22,-5.31271272388487,-1.52755412995756,-9.97507570756694
28.2225,-5.31271272388487,-1.52755412995756,-9.97507570756694
28.225,-5.31271272388487,-1.52245843715177,-9.97507570756694
28.2275,-5.31271272388487,-1.47659720189968,-9.97507570756694
28.23,-5.31271272388487,-1.52245843715177,-9.97507570756694
28.2325,-5.30761826603165,-1.52245843715177,-9.97507570756694
28.235,-5.31271272388487,-1.52755412995756,-9.97507570756694
28.2375,-5.31271272388487,-1.48169289470547,-9.97507570756694
28.24,-5.31271272388487,-1.52755412995756,-9.97507570756694
28.2425,-5.31271272388487,-1.52755412995756,-9.97507570756694
28.245,-5.31271272388487,-1.52755412995756,-9.97507570756694
28.2475,-5.31271272388487,-1.50207566592862,-9.97507570756694
28.25,-5.31271272388487,-1.52245843715177,-9.97507570756694
28.2525,-5.31271272388487,-1.52755412995756,-9.97507570756694
28.255,-5.31271272388487,-1.52755412995756,-9.97507570756694
28.2575,-5.31780718173808,-1.48678858751125,-9.97507570756694
28.26,-5.31271272388487,-1.53264982276335,-9.97507570756694
28.2625,-5.31271272388487,-1.52755412995756,-9.97507570756694
28.265,-5.31271272388487,-1.52755412995756,-9.96998258804469
28.2675,-5.31271272388487,-1.50207566592862,-9.96998258804469
28.27,-5.31271272388487,-1.52755412995756,-9.96998258804469
28.2725,-5.31271272388487,-1.54793690118071,-9.96998258804469
28.275,-5.31271272388487,-1.53264982276335,-9.96998258804469
28.2775,-5.31271272388487,-1.53264982276335,-9.97507570756694
28.28,-5.31271272388487,-1.53264982276335,-9.97507570756694
28.2825,-5.30761826603165,-1.52755412995756,-9.97507570756694
28.285,-5.31271272388487,-1.52245843715177,-9.97507570756694
28.2875,-5.31780718173808,-1.48678858751125,-9.96998258804469
28.29,-5.31271272388487,-1.52755412995756,-9.97507570756694
28.2925,-5.31271272388487,-1.52755412995756,-9.97507570756694
28.295,-5.31780718173808,-1.53264982276335,-9.97507570756694
28.2975,-5.31271272388487,-1.5122670515402,-9.97507570756694
28.3,-5.31271272388487,-1.52755412995756,-9.97507570756694
28.3025,-5.31271272388487,-1.53264982276335,-9.96998258804469
28.305,-5.31271272388487,-1.52755412995756,-9.97507570756694
28.3075,-5.31780718173808,-1.50207566592862,-9.97507570756694
28.31,-5.31780718173808,-1.53774551556914,-9.96998258804469
28.3125,-5.31271272388487,-1.53264982276335,-9.97507570756694
28.315,-5.31780718173808,-1.53264982276335,-9.97507570756694
28.3175,-5.31780718173808,-1.49188428031704,-9.97507570756694
28.32,-5.31271272388487,-1.52755412995756,-9.96998258804469
28.3225,-5.31780718173808,-1.53264982276335,-9.97507570756694
28.325,-5.31780718173808,-1.52755412995756,-9.96998258804469
28.3275,-5.31271272388487,-1.48678858751125,-9.97507570756694
28.33,-5.31780718173808,-1.52755412995756,-9.97507570756694
28.3325,-5.31780718173808,-1.53774551556914,-9.96998258804469
28.335,-5.31780718173808,-1.53774551556914,-9.97507570756694
28.3375,-5.31780718173808,-1.53774551556914,-9.97507570756694
28.34,-5.31271272388487,-1.53774551556914,-9.96998258804469
28.3425,-5.31271272388487,-1.53264982276335,-9.96998258804469
28.345,-5.31780718173808,-1.52755412995756,-9.97507570756694
28.3475,-5.31780718173808,-1.5122670515402,-9.96998258804469
28.35,-5.31271272388487,-1.53264982276335,-9.97507570756694
28.3525,-5.31780718173808,-1.53264982276335,-9.97507570756694
28.355,-5.31780718173808,-1.53774551556914,-9.97507570756694
28.3575,-5.31271272388487,-1.49188428031704,-9.97507570756694
28.36,-5.31780718173808,-1.52755412995756,-9.97507570756694
28.3625,-5.31780718173808,-1.53264982276335,-9.97507570756694
28.365,-5.31271272388487,-1.52755412995756,-9.97507570756694
28.3675,-5.31780718173808,-1.48169289470547,-9.97507570756694
28.37,-5.31271272388487,-1.53264982276335,-9.97507570756694
28.3725,-5.31271272388487,-1.53774551556914,-9.97507570756694
28.375,-5.31780718173808,-1.53774551556914,-9.97507570756694
28.3775,-5.31780718173808,-1.49188428031704,-9.97507570756694
28.38,-5.31271272388487,-1.53264982276335,-9.97507570756694
28.3825,-5.31271272388487,-1.52755412995756,-9.98016882708919
28.385,-5.31271272388487,-1.53264982276335,-9.97507570756694
28.3875,-5.31271272388487,-1.48678858751125,-9.97507570756694
28.39,-5.31271272388487,-1.53264982276335,-9.98016882708919
28.3925,-5.31271272388487,-1.53774551556914,-9.97507570756694
28.395,-5.31271272388487,-1.53774551556914,-9.98016882708919
28.3975,-5.31271272388487,-1.49188428031704,-9.98016882708919
28.4,-5.31271272388487,-1.53774551556914,-9.98016882708919
28.4025,-5.31271272388487,-1.52755412995756,-9.98016882708919
28.405,-5.31271272388487,-1.52755412995756,-9.98016882708919
28.4075,-5.31271272388487,-1.48678858751125,-9.97507570756694
28.41,-5.31271272388487,-1.53774551556914,-9.98016882708919
28.4125,-5.31271272388487,-1.53774551556914,-9.98016882708919
28.415,-5.31271272388487,-1.53774551556914,-9.97507570756694
28.4175,-5.31271272388487,-1.5122670515402,-9.98016882708919
28.42,-5.31271272388487,-1.52755412995756,-9.98016882708919
28.4225,-5.31271272388487,-1.52755412995756,-9.97507570756694
28.425,-5.31271272388487,-1.52755412995756,-9.97507570756694
28.4275,-5.31271272388487,-1.50717135873441,-9.98016882708919
28.43,-5.31271272388487,-1.53264982276335,-9.97507570756694
28.4325,-5.30761826603165,-1.53774551556914,-9.98016882708919
28.435,-5.31271272388487,-1.52755412995756,-9.97507570756694
28.4375,-5.30761826603165,-1.53774551556914,-9.97507570756694
28.44,-5.30761826603165,-1.48678858751125,-9.97507570756694
28.4425,-5.31271272388487,-1.53264982276335,-9.98016882708919
28.445,-5.31271272388487,-1.53264982276335,-9.97507570756694
28.4475,-5.30761826603165,-1.53264982276335,-9.97507570756694
28.45,-5.31271272388487,-1.49188428031704,-9.97507570756694
28.4525,-5.31271272388487,-1.53774551556914,-9.97507570756694
28.455,-5.30761826603165,-1.53774551556914,-9.97507570756694
28.4575,-5.31271272388487,-1.53264982276335,-9.97507570756694
28.46,-5.31271272388487,-1.49188428031704,-9.97507570756694
28.4625,-5.30761826603165,-1.53264982276335,-9.96998258804469
28.465,-5.31271272388487,-1.53264982276335,-9.97507570756694
28.4675,-5.31271272388487,-1.53774551556914,-9.97507570756694
28.47,-5.30761826603165,-1.49697997312283,-9.96998258804469
28.4725,-5.31271272388487,-1.53774551556914,-9.97507570756694
28.475,-5.30761826603165,-1.54284120837493,-9.96998258804469
28.4775,-5.30252380817844,-1.53774551556914,-9.97507570756694
28.48,-5.30761826603165,-1.53264982276335,-9.97507570756694
28.4825,-5.30761826603165,-1.53264982276335,-9.96998258804469
28.485,-5.30761826603165,-1.53774551556914,-9.96998258804469
28.4875,-5.30761826603165,-1.53774551556914,-9.97507570756694
28.49,-5.30761826603165,-1.54284120837493,-9.97507570756694
28.4925,-5.30252380817844,-1.54284120837493,-9.97507570756694
28.495,-5.30761826603165,-1.54284120837493,-9.97507570756694
28.4975,-5.30761826603165,-1.54284120837493,-9.96998258804469
28.5,-5.30252380817844,-1.51736274434598,-9.96998258804469
28.5025,-5.30761826603165,-1.53264982276335,-9.97507570756694
28.505,-5.30252380817844,-1.54284120837493,-9.96998258804469
28.5075,-5.30252380817844,-1.54284120837493,-9.96998258804469
28.51,-5.30761826603165,-1.50207566592862,-9.97507570756694
28.5125,-5.30761826603165,-1.54793690118071,-9.97507570756694
28.515,-5.30252380817844,-1.54284120837493,-9.97507570756694
28.5175,-5.30252380817844,-1.54284120837493,-9.97507570756694
28.52,-5.30761826603165,-1.51736274434598,-9.96998258804469
28.5225,-5.29742935032523,-1.54284120837493,-9.97507570756694
28.525,-5.30761826603165,-1.54284120837493,-9.97507570756694
28.5275,-5.30252380817844,-1.54793690118071,-9.97507570756694
28.53,-5.30252380817844,-1.52755412995756,-9.97507570756694
28.5325,-5.30761826603165,-1.54793690118071,-9.97507570756694
28.535,-5.30761826603165,-1.54793690118071,-9.97507570756694
28.5375,-5.30252380817844,-1.54793690118071,-9.97507570756694
28.54,-5.30761826603165,-1.50207566592862,-9.97507570756694
28.5425,-5.30761826603165,-1.54284120837493,-9.97507570756694
28.545,-5.30252380817844,-1.54793690118071,-9.97507570756694
28.5475,-5.30761826603165,-1.54793690118071,-9.97507570756694
28.55,-5.30761826603165,-1.53264982276335,-9.97507570756694
28.5525,-5.30252380817844,-1.5530325939865,-9.98016882708919
28.555,-5.30761826603165,-1.54793690118071,-9.97507570756694
28.5575,-5.30761826603165,-1.5530325939865,-9.97507570756694
28.56,-5.30252380817844,-1.50207566592862,-9.97507570756694
28.5625,-5.30252380817844,-1.54793690118071,-9.98016882708919
28.565,-5.30761826603165,-1.5530325939865,-9.98016882708919
28.5675,-5.30252380817844,-1.54793690118071,-9.98016882708919
28.57,-5.30761826603165,-1.53264982276335,-9.98016882708919
28.5725,-5.30252380817844,-1.5530325939865,-9.98016882708919
28.575,-5.30252380817844,-1.54793690118071,-9.98016882708919
28.5775,-5.30252380817844,-1.54284120837493,-9.98016882708919
28.58,-5.30252380817844,-1.52755412995756,-9.97507570756694
28.5825,-5.29742935032523,-1.54793690118071,-9.98016882708919
28.585,-5.30252380817844,-1.5530325939865,-9.98016882708919
28.5875,-5.30761826603165,-1.5530325939865,-9.98016882708919
28.59,-5.29742935032523,-1.5122670515402,-9.98016882708919
28.5925,-5.30252380817844,-1.54793690118071,-9.98016882708919
28.595,-5.30252380817844,-1.54793690118071,-9.97507570756694
28.5975,-5.30252380817844,-1.54793690118071,-9.97507570756694
28.6,-5.30761826603165,-1.50207566592862,-9.98016882708919
28.6025,-5.30252380817844,-1.54793690118071,-9.97507570756694
28.605,-5.29742935032523,-1.5530325939865,-9.98016882708919
28.6075,-5.30252380817844,-1.5530325939865,-9.98016882708919
28.61,-5.30252380817844,-1.54793690118071,-9.97507570756694
28.6125,-5.29742935032523,-1.54793690118071,-9.97507570756694
28.615,-5.30252380817844,-1.54284120837493,-9.98016882708919
28.6175,-5.30252380817844,-1.54793690118071,-9.97507570756694
28.62,-5.30252380817844,-1.52755412995756,-9.97507570756694
28.6225,-5.30252380817844,-1.54793690118071,-9.97507570756694
28.625,-5.30252380817844,-1.5530325939865,-9.97507570756694
28.6275,-5.30252380817844,-1.5530325939865,-9.98016882708919
28.63,-5.30252380817844,-1.52755412995756,-9.98016882708919
28.6325,-5.30252380817844,-1.54793690118071,-9.97507570756694
28.635,-5.30252380817844,-1.54793690118071,-9.97507570756694
28.6375,-5.30252380817844,-1.54284120837493,-9.97507570756694
28.64,-5.30252380817844,-1.50717135873441,-9.96998258804469
28.6425,-5.30252380817844,-1.5530325939865,-9.97507570756694
28.645,-5.30252380817844,-1.5530325939865,-9.97507570756694
28.6475,-5.30252380817844,-1.5530325939865,-9.97507570756694
28.65,-5.29742935032523,-1.50207566592862,-9.96998258804469
28.6525,-5.30761826603165,-1.54793690118071,-9.97507570756694
28.655,-5.30252380817844,-1.54793690118071,-9.96998258804469
28.6575,-5.30252380817844,-1.54793690118071,-9.97507570756694
28.66,-5.30252380817844,-1.50207566592862,-9.97507570756694
28.6625,-5.30252380817844,-1.5530325939865,-9.96998258804469
28.665,-5.29742935032523,-1.5530325939865,-9.97507570756694
28.6675,-5.29742935032523,-1.54793690118071,-9.97507570756694
28.67,-5.29742935032523,-1.50717135873441,-9.97507570756694
28.6725,-5.29742935032523,-1.54793690118071,-9.96998258804469
28.675,-5.29742935032523,-1.54793690118071,-9.97507570756694
28.6775,-5.29742935032523,-1.5530325939865,-9.97507570756694
28.68,-5.29742935032523,-1.53264982276335,-9.97507570756694
28.6825,-5.30252380817844,-1.5530325939865,-9.95979634900019
28.685,-5.29742935032523,-1.55812828679229,-9.97507570756694
28.6875,-5.29742935032523,-1.5530325939865,-9.96998258804469
28.69,-5.30252380817844,-1.54793690118071,-9.96998258804469
28.6925,-5.29742935032523,-1.54793690118071,-9.96998258804469
28.695,-5.29742935032523,-1.55812828679229,-9.96998258804469
28.6975,-5.30252380817844,-1.5530325939865,-9.96998258804469
28.7,-5.30252380817844,-1.55812828679229,-9.96998258804469
28.7025,-5.29742935032523,-1.55812828679229,-9.97507570756694
28.705,-5.30252380817844,-1.5530325939865,-9.97507570756694
28.7075,-5.29742935032523,-1.5530325939865,-9.97507570756694
28.71,-5.29233489247202,-1.50717135873441,-9.96998258804469
28.7125,-5.29742935032523,-1.54793690118071,-9.97507570756694
28.715,-5.29742935032523,-1.5530325939865,-9.96998258804469
28.7175,-5.29233489247202,-1.55812828679229,-9.97507570756694
28.72,-5.29742935032523,-1.53264982276335,-9.97507570756694
28.7225,-5.29742935032523,-1.55812828679229,-9.97507570756694
28.725,-5.29233489247202,-1.5530325939865,-9.97507570756694
28.7275,-5.29742935032523,-1.5530325939865,-9.97507570756694
28.73,-5.29742935032523,-1.50717135873441,-9.97507570756694
28.7325,-5.29233489247202,-1.5530325939865,-9.97507570756694
28.735,-5.29742935032523,-1.5530325939865,-9.97507570756694
28.7375,-5.29742935032523,-1.55812828679229,-9.97507570756694
28.74,-5.29233489247202,-1.53774551556914,-9.98016882708919
28.7425,-5.29742935032523,-1.5530325939865,-9.98016882708919
28.745,-5.29233489247202,-1.55812828679229,-9.97507570756694
28.7475,-5.29233489247202,-1.54793690118071,-9.98016882708919
28.75,-5.29742935032523,-1.52755412995756,-9.98016882708919
28.7525,-5.29742935032523,-1.5530325939865,-9.97507570756694
28.755,-5.29233489247202,-1.5530325939865,-9.98016882708919
28.7575,-5.29742935032523,-1.56322397959808,-9.98016882708919
28.76,-5.29742935032523,-1.53264982276335,-9.97507570756694
28.7625,-5.29233489247202,-1.5530325939865,-9.97507570756694
28.765,-5.29742935032523,-1.54793690118071,-9.98016882708919
28.7675,-5.29742935032523,-1.54793690118071,-9.97507570756694
28.77,-5.29233489247202,-1.54793690118071,-9.97507570756694
28.7725,-5.29742935032523,-1.5530325939865,-9.97507570756694
28.775,-5.29742935032523,-1.55812828679229,-9.97507570756694
28.7775,-5.29233489247202,-1.5530325939865,-9.97507570756694
28.78,-5.29742935032523,-1.54793690118071,-9.97507570756694
28.7825,-5.29233489247202,-1.5530325939865,-9.97507570756694
28.785,-5.29233489247202,-1.54793690118071,-9.97507570756694
28.7875,-5.29742935032523,-1.54793690118071,-9.97507570756694
28.79,-5.29742935032523,-1.5530325939865,-9.96998258804469
28.7925,-5.29233489247202,-1.5530325939865,-9.97507570756694
28.795,-5.30252380817844,-1.55812828679229,-9.97507570756694
28.7975,-5.29742935032523,-1.5530325939865,-9.97507570756694
28.8,-5.29233489247202,-1.5530325939865,-9.97507570756694
28.8025,-5.29742935032523,-1.54793690118071,-9.96998258804469
28.805,-5.29233489247202,-1.54793690118071,-9.96998258804469
28.8075,-5.29742935032523,-1.54793690118071,-9.97507570756694
28.81,-5.29742935032523,-1.5530325939865,-9.96998258804469
28.8125,-5.29742935032523,-1.55812828679229,-9.97507570756694
28.815,-5.29233489247202,-1.5530325939865,-9.96998258804469
28.8175,-5.29742935032523,-1.5530325939865,-9.97507570756694
28.82,-5.29742935032523,-1.52755412995756,-9.96998258804469
28.8225,-5.29742935032523,-1.54793690118071,-9.96998258804469
28.825,-5.29742935032523,-1.5530325939865,-9.96998258804469
28.8275,-5.29742935032523,-1.55812828679229,-9.96998258804469
28.83,-5.29742935032523,-1.5122670515402,-9.96998258804469
28.8325,-5.29742935032523,-1.5530325939865,-9.96998258804469
28.835,-5.30252380817844,-1.55812828679229,-9.96998258804469
28.8375,-5.29742935032523,-1.5530325939865,-9.97507570756694
28.84,-5.30252380817844,-1.50717135873441,-9.97507570756694
28.8425,-5.29742935032523,-1.5530325939865,-9.96998258804469
28.845,-5.30252380817844,-1.54793690118071,-9.97507570756694
28.8475,-5.30252380817844,-1.55812828679229,-9.97507570756694
28.85,-5.29742935032523,-1.54284120837493,-9.97507570756694
28.8525,-5.29742935032523,-1.55812828679229,-9.97507570756694
28.855,-5.30252380817844,-1.56322397959808,-9.97507570756694
28.8575,-5.29742935032523,-1.55812828679229,-9.97507570756694
28.86,-5.29742935032523,-1.53264982276335,-9.97507570756694
28.8625,-5.30252380817844,-1.5530325939865,-9.97507570756694
28.865,-5.29742935032523,-1.55812828679229,-9.97507570756694
28.8675,-5.29742935032523,-1.55812828679229,-9.97507570756694
28.87,-5.30252380817844,-1.54284120837493,-9.98016882708919
28.8725,-5.29742935032523,-1.56322397959808,-9.97507570756694
28.875,-5.29233489247202,-1.55812828679229,-9.97507570756694
28.8775,-5.29742935032523,-1.55812828679229,-9.98016882708919
28.88,-5.29233489247202,-1.5122670515402,-9.97507570756694
28.8825,-5.29233489247202,-1.55812828679229,-9.97507570756694
28.885,-5.29742935032523,-1.56322397959808,-9.98016882708919
28.8875,-5.30252380817844,-1.56322397959808,-9.97507570756694
28.89,-5.29742935032523,-1.54284120837493,-9.98016882708919
28.8925,-5.30252380817844,-1.56322397959808,-9.98016882708919
28.895,-5.29742935032523,-1.55812828679229,-9.97507570756694
28.8975,-5.30252380817844,-1.55812828679229,-9.98016882708919
28.9,-5.30761826603165,-1.5122670515402,-9.97507570756694
28.9025,-5.30252380817844,-1.56322397959808,-9.97507570756694
28.905,-5.30252380817844,-1.56322397959808,-9.98016882708919
28.9075,-5.30252380817844,-1.56322397959808,-9.97507570756694
28.91,-5.30252380817844,-1.52245843715177,-9.97507570756694
28.9125,-5.30252380817844,-1.55812828679229,-9.97507570756694
28.915,-5.30252380817844,-1.55812828679229,-9.97507570756694
28.9175,-5.29742935032523,-1.56322397959808,-9.96998258804469
28.92,-5.30252380817844,-1.5122670515402,-9.97507570756694
28.9225,-5.30252380817844,-1.56322397959808,-9.97507570756694
28.925,-5.30252380817844,-1.56831967240387,-9.97507570756694
28.9275,-5.30252380817844,-1.56831967240387,-9.97507570756694
28.93,-5.30252380817844,-1.54284120837493,-9.97507570756694
28.9325,-5.30252380817844,-1.56322397959808,-9.97507570756694
28.935,-5.30252380817844,-1.56322397959808,-9.97507570756694
28.9375,-5.30252380817844,-1.56322397959808,-9.96998258804469
28.94,-5.30252380817844,-1.54284120837493,-9.96998258804469
28.9425,-5.30252380817844,-1.56831967240387,-9.96998258804469
28.945,-5.30761826603165,-1.56831967240387,-9.96998258804469
28.9475,-5.30252380817844,-1.56831967240387,-9.96998258804469
28.95,-5.30252380817844,-1.54284120837493,-9.97507570756694
28.9525,-5.30252380817844,-1.56831967240387,-9.97507570756694
28.955,-5.29742935032523,-1.56831967240387,-9.96998258804469
28.9575,-5.30252380817844,-1.56322397959808,-9.97507570756694
28.96,-5.30252380817844,-1.54793690118071,-9.96998258804469
28.9625,-5.30252380817844,-1.57851105801545,-9.96998258804469
28.965,-5.30252380817844,-1.57341536520966,-9.97507570756694
28.9675,-5.30761826603165,-1.56831967240387,-9.97507570756694
28.97,-5.29742935032523,-1.52755412995756,-9.96998258804469
28.9725,-5.30252380817844,-1.56322397959808,-9.96998258804469
28.975,-5.30761826603165,-1.56322397959808,-9.96998258804469
28.9775,-5.30252380817844,-1.56831967240387,-9.96998258804469
28.98,-5.30252380817844,-1.54793690118071,-9.96998258804469
28.9825,-5.30252380817844,-1.57851105801545,-9.97507570756694
28.985,-5.29742935032523,-1.57851105801545,-9.97507570756694
28.9875,-5.29742935032523,-1.57341536520966,-9.97507570756694
28.99,-5.30252380817844,-1.57341536520966,-9.96998258804469
28.9925,-5.29742935032523,-1.56831967240387,-9.96998258804469
28.995,-5.29742935032523,-1.57851105801545,-9.97507570756694
28.9975,-5.30252380817844,-1.56831967240387,-9.97507570756694
29,-5.29742935032523,-1.5530325939865,-9.97507570756694
29.0025,-5.29742935032523,-1.57341536520966,-9.97507570756694
29.005,-5.30252380817844,-1.57851105801545,-9.97507570756694
29.0075,-5.29742935032523,-1.57341536520966,-9.97507570756694
29.01,-5.29742935032523,-1.54793690118071,-9.98016882708919
29.0125,-5.30252380817844,-1.56831967240387,-9.97507570756694
29.015,-5.29742935032523,-1.57341536520966,-9.97507570756694
29.0175,-5.29742935032523,-1.57851105801545,-9.98016882708919
29.02,-5.30252380817844,-1.5530325939865,-9.97507570756694
29.0225,-5.29742935032523,-1.57851105801545,-9.98016882708919
29.025,-5.29233489247202,-1.57341536520966,-9.98016882708919
29.0275,-5.29742935032523,-1.56831967240387,-9.98016882708919
29.03,-5.29233489247202,-1.57341536520966,-9.97507570756694
29.0325,-5.29233489247202,-1.57341536520966,-9.98016882708919
29.035,-5.29742935032523,-1.57341536520966,-9.97507570756694
29.0375,-5.29742935032523,-1.57851105801545,-9.97507570756694
29.04,-5.29233489247202,-1.55812828679229,-9.98016882708919
29.0425,-5.29742935032523,-1.57851105801545,-9.98016882708919
29.045,-5.29233489247202,-1.57851105801545,-9.97507570756694
29.0475,-5.29233489247202,-1.57341536520966,-9.97507570756694
29.05,-5.29742935032523,-1.5530325939865,-9.97507570756694
29.0525,-5.29233489247202,-1.57341536520966,-9.97507570756694
29.055,-5.29233489247202,-1.57341536520966,-9.97507570756694
29.0575,-5.29742935032523,-1.57341536520966,-9.97507570756694
29.06,-5.29233489247202,-1.56322397959808,-9.97507570756694
29.0625,-5.29233489247202,-1.57851105801545,-9.98016882708919
29.065,-5.29742935032523,-1.57851105801545,-9.97507570756694
29.0675,-5.29233489247202,-1.57341536520966,-9.97507570756694
29.07,-5.29233489247202,-1.57341536520966,-9.97507570756694
29.0725,-5.29742935032523,-1.57341536520966,-9.97507570756694
29.075,-5.29233489247202,-1.57341536520966,-9.97507570756694
29.0775,-5.29233489247202,-1.57851105801545,-9.97507570756694
29.08,-5.29233489247202,-1.55812828679229,-9.97507570756694
29.0825,-5.29233489247202,-1.57851105801545,-9.97507570756694
29.085,-5.28724043461881,-1.57341536520966,-9.97507570756694
29.0875,-5.29742935032523,-1.57341536520966,-9.96998258804469
29.09,-5.29233489247202,-1.57341536520966,-9.96998258804469
29.0925,-5.29233489247202,-1.57341536520966,-9.97507570756694
29.095,-5.29233489247202,-1.57851105801545,-9.96998258804469
29.0975,-5.29742935032523,-1.57851105801545,-9.96998258804469
29.1,-5.29233489247202,-1.5530325939865,-9.97507570756694
29.1025,-5.29233489247202,-1.57851105801545,-9.96998258804469
29.105,-5.29233489247202,-1.57341536520966,-9.96998258804469
29.1075,-5.29233489247202,-1.56831967240387,-9.97507570756694
29.11,-5.29233489247202,-1.53264982276335,-9.97507570756694
29.1125,-5.28724043461881,-1.57851105801545,-9.97507570756694
29.115,-5.28724043461881,-1.57851105801545,-9.97507570756694
29.1175,-5.29233489247202,-1.57851105801545,-9.96998258804469
29.12,-5.28724043461881,-1.53264982276335,-9.96998258804469
29.1225,-5.28724043461881,-1.57341536520966,-9.96998258804469
29.125,-5.29233489247202,-1.57341536520966,-9.96998258804469
29.1275,-5.28724043461881,-1.57341536520966,-9.96998258804469
29.13,-5.28724043461881,-1.52755412995756,-9.96998258804469
29.1325,-5.29233489247202,-1.57851105801545,-9.97507570756694
29.135,-5.29233489247202,-1.57851105801545,-9.96998258804469
29.1375,-5.28724043461881,-1.57851105801545,-9.97507570756694
29.14,-5.29233489247202,-1.53264982276335,-9.96998258804469
29.1425,-5.28724043461881,-1.57851105801545,-9.96998258804469
29.145,-5.28724043461881,-1.56831967240387,-9.97507570756694
29.1475,-5.29233489247202,-1.57341536520966,-9.96998258804469
29.15,-5.28724043461881,-1.53264982276335,-9.96998258804469
29.1525,-5.29233489247202,-1.58360675082123,-9.97507570756694
29.155,-5.29233489247202,-1.58360675082123,-9.97507570756694
29.1575,-5.28724043461881,-1.58360675082123,-9.97507570756694
29.16,-5.28724043461881,-1.5530325939865,-9.97507570756694
29.1625,-5.29233489247202,-1.57341536520966,-9.97507570756694
29.165,-5.28724043461881,-1.57341536520966,-9.97507570756694
29.1675,-5.28724043461881,-1.56831967240387,-9.97507570756694
29.17,-5.29233489247202,-1.55812828679229,-9.97507570756694
29.1725,-5.29233489247202,-1.58360675082123,-9.97507570756694
29.175,-5.29233489247202,-1.57851105801545,-9.97507570756694
29.1775,-5.29233489247202,-1.57851105801545,-9.97507570756694
29.18,-5.28724043461881,-1.5530325939865,-9.97507570756694
29.1825,-5.28724043461881,-1.56831967240387,-9.98016882708919
29.185,-5.29233489247202,-1.57341536520966,-9.97507570756694
29.1875,-5.28724043461881,-1.57851105801545,-9.97507570756694
29.19,-5.28724043461881,-1.55812828679229,-9.98016882708919
29.1925,-5.29233489247202,-1.58360675082123,-9.98016882708919
29.195,-5.28724043461881,-1.57851105801545,-9.98016882708919
29.1975,-5.28724043461881,-1.57851105801545,-9.98016882708919
29.2,-5.28724043461881,-1.53774551556914,-9.98016882708919
29.2025,-5.28724043461881,-1.57341536520966,-9.98016882708919
29.205,-5.29233489247202,-1.57341536520966,-9.98016882708919
29.2075,-5.29233489247202,-1.57851105801545,-9.97507570756694
29.21,-5.28724043461881,-1.53264982276335,-9.98016882708919
29.2125,-5.28724043461881,-1.58360675082123,-9.98016882708919
29.215,-5.28724043461881,-1.57851105801545,-9.97507570756694
29.2175,-5.28724043461881,-1.57851105801545,-9.97507570756694
29.22,-5.29233489247202,-1.54793690118071,-9.97507570756694
29.2225,-5.28724043461881,-1.57341536520966,-9.97507570756694
29.225,-5.28724043461881,-1.58360675082123,-9.97507570756694
29.2275,-5.28724043461881,-1.57851105801545,-9.97507570756694
29.23,-5.28724043461881,-1.53774551556914,-9.97507570756694
29.2325,-5.2821459767656,-1.57851105801545,-9.97507570756694
29.235,-5.28724043461881,-1.57341536520966,-9.97507570756694
29.2375,-5.2821459767656,-1.57341536520966,-9.97507570756694
29.24,-5.28724043461881,-1.52755412995756,-9.97507570756694
29.2425,-5.28724043461881,-1.57341536520966,-9.96998258804469
29.245,-5.28724043461881,-1.58360675082123,-9.96998258804469
29.2475,-5.28724043461881,-1.58360675082123,-9.97507570756694
29.25,-5.28724043461881,-1.56322397959808,-9.97507570756694
29.2525,-5.28724043461881,-1.58360675082123,-9.96998258804469
29.255,-5.2821459767656,-1.57341536520966,-9.97507570756694
29.2575,-5.29233489247202,-1.57341536520966,-9.96998258804469
29.26,-5.28724043461881,-1.53774551556914,-9.96998258804469
29.2625,-5.28724043461881,-1.58360675082123,-9.96998258804469
29.265,-5.29233489247202,-1.58360675082123,-9.97507570756694
29.2675,-5.28724043461881,-1.58360675082123,-9.96998258804469
29.27,-5.2821459767656,-1.58360675082123,-9.97507570756694
29.2725,-5.28724043461881,-1.57851105801545,-9.97507570756694
29.275,-5.2821459767656,-1.57851105801545,-9.96998258804469
29.2775,-5.27705151891239,-1.57851105801545,-9.96998258804469
29.28,-5.28724043461881,-1.56322397959808,-9.97507570756694
29.2825,-5.2821459767656,-1.58870244362702,-9.96998258804469
29.285,-5.2821459767656,-1.58870244362702,-9.97507570756694
29.2875,-5.28724043461881,-1.58870244362702,-9.97507570756694
29.29,-5.2821459767656,-1.54284120837493,-9.97507570756694
29.2925,-5.2821459767656,-1.58360675082123,-9.97507570756694
29.295,-5.28724043461881,-1.58360675082123,-9.97507570756694
29.2975,-5.2821459767656,-1.58360675082123,-9.97507570756694
29.3,-5.2821459767656,-1.54284120837493,-9.97507570756694
29.3025,-5.28724043461881,-1.58870244362702,-9.97507570756694
29.305,-5.2821459767656,-1.58870244362702,-9.97507570756694
29.3075,-5.2821459767656,-1.58870244362702,-9.98016882708919
29.31,-5.28724043461881,-1.54284120837493,-9.97507570756694
29.3125,-5.27705151891239,-1.58360675082123,-9.97507570756694
29.315,-5.2821459767656,-1.58360675082123,-9.98016882708919
29.3175,-5.28724043461881,-1.58360675082123,-9.97507570756694
29.32,-5.2821459767656,-1.56831967240387,-9.97507570756694
29.3225,-5.27705151891239,-1.58870244362702,-9.98016882708919
29.325,-5.2821459767656,-1.58870244362702,-9.97507570756694
29.3275,-5.27705151891239,-1.58360675082123,-9.98016882708919
29.33,-5.27705151891239,-1.54284120837493,-9.98016882708919
29.3325,-5.2821459767656,-1.58360675082123,-9.97507570756694
29.335,-5.27705151891239,-1.58360675082123,-9.97507570756694
29.3375,-5.2821459767656,-1.58360675082123,-9.97507570756694
29.34,-5.2821459767656,-1.54793690118071,-9.98016882708919
29.3425,-5.27705151891239,-1.58870244362702,-9.98016882708919
29.345,-5.2821459767656,-1.58870244362702,-9.98016882708919
29.3475,-5.27705151891239,-1.58870244362702,-9.97507570756694
29.35,-5.27705151891239,-1.54284120837493,-9.98016882708919
29.3525,-5.2821459767656,-1.58360675082123,-9.98016882708919
29.355,-5.2821459767656,-1.58870244362702,-9.97507570756694
29.3575,-5.27705151891239,-1.58870244362702,-9.97507570756694
29.36,-5.2821459767656,-1.57341536520966,-9.97507570756694
29.3625,-5.2821459767656,-1.58360675082123,-9.97507570756694
29.365,-5.2821459767656,-1.58870244362702,-9.97507570756694
29.3675,-5.2821459767656,-1.58870244362702,-9.97507570756694
29.37,-5.2821459767656,-1.58360675082123,-9.97507570756694
29.3725,-5.27705151891239,-1.56322397959808,-9.97507570756694
29.375,-5.2821459767656,-1.58360675082123,-9.97507570756694
29.3775,-5.2821459767656,-1.58870244362702,-9.97507570756694
29.38,-5.27705151891239,-1.58870244362702,-9.97507570756694
29.3825,-5.2821459767656,-1.56831967240387,-9.97507570756694
29.385,-5.27705151891239,-1.59379813643281,-9.97507570756694
29.3875,-5.27705151891239,-1.58870244362702,-9.97507570756694
29.39,-5.27705151891239,-1.58870244362702,-9.97507570756694
29.3925,-5.27705151891239,-1.54793690118071,-9.96998258804469
29.395,-5.27705151891239,-1.58870244362702,-9.96998258804469
29.3975,-5.2821459767656,-1.58870244362702,-9.97507570756694
29.4,-5.27705151891239,-1.5988938292386,-9.96998258804469
29.4025,-5.27705151891239,-1.54793690118071,-9.97507570756694
29.405,-5.2821459767656,-1.58870244362702,-9.97507570756694
29.4075,-5.27705151891239,-1.59379813643281,-9.96998258804469
29.41,-5.27705151891239,-1.58870244362702,-9.96998258804469
29.4125,-5.2821459767656,-1.57341536520966,-9.96998258804469
29.415,-5.27705151891239,-1.5988938292386,-9.96998258804469
29.4175,-5.27705151891239,-1.5988938292386,-9.97507570756694
29.42,-5.2821459767656,-1.59379813643281,-9.97507570756694
29.4225,-5.27705151891239,-1.5530325939865,-9.97507570756694
29.425,-5.27195706105918,-1.58870244362702,-9.97507570756694
29.4275,-5.27705151891239,-1.58870244362702,-9.96998258804469
29.43,-5.27705151891239,-1.58870244362702,-9.96998258804469
29.4325,-5.27705151891239,-1.54284120837493,-9.97507570756694
29.435,-5.27705151891239,-1.60398952204439,-9.97507570756694
29.4375,-5.27195706105918,-1.60398952204439,-9.96998258804469
29.44,-5.27195706105918,-1.5988938292386,-9.97507570756694
29.4425,-5.27705151891239,-1.5530325939865,-9.97507570756694
29.445,-5.27705151891239,-1.59379813643281,-9.97507570756694
29.4475,-5.27705151891239,-1.59379813643281,-9.97507570756694
29.45,-5.27705151891239,-1.59379813643281,-9.96998258804469
29.4525,-5.27705151891239,-1.57851105801545,-9.97507570756694
29.455,-5.27705151891239,-1.60398952204439,-9.97507570756694
29.4575,-5.27705151891239,-1.60398952204439,-9.97507570756694
29.46,-5.27705151891239,-1.5988938292386,-9.97507570756694
29.4625,-5.27705151891239,-1.57341536520966,-9.98016882708919
29.465,-5.27705151891239,-1.5988938292386,-9.97507570756694
29.4675,-5.27705151891239,-1.5988938292386,-9.97507570756694
29.47,-5.27705151891239,-1.5988938292386,-9.97507570756694
29.4725,-5.27705151891239,-1.57851105801545,-9.97507570756694
29.475,-5.27195706105918,-1.60398952204439,-9.97507570756694
29.4775,-5.27705151891239,-1.5988938292386,-9.98016882708919
29.48,-5.27705151891239,-1.5988938292386,-9.97507570756694
29.4825,-5.27195706105918,-1.5988938292386,-9.97507570756694
29.485,-5.27705151891239,-1.59379813643281,-9.98016882708919
29.4875,-5.27705151891239,-1.5988938292386,-9.97507570756694
29.49,-5.27705151891239,-1.60908521485018,-9.97507570756694
29.4925,-5.27705151891239,-1.60398952204439,-9.98016882708919
29.495,-5.27705151891239,-1.60398952204439,-9.98016882708919
29.4975,-5.27195706105918,-1.60398952204439,-9.98016882708919
29.5,-5.27705151891239,-1.5988938292386,-9.98016882708919
29.5025,-5.27195706105918,-1.57851105801545,-9.97507570756694
29.505,-5.27195706105918,-1.5988938292386,-9.97507570756694
29.5075,-5.27705151891239,-1.60398952204439,-9.98016882708919
29.51,-5.27705151891239,-1.60908521485018,-9.97507570756694
29.5125,-5.27195706105918,-1.58870244362702,-9.98016882708919
29.515,-5.27705151891239,-1.60398952204439,-9.98016882708919
29.5175,-5.27705151891239,-1.60398952204439,-9.97507570756694
29.52,-5.27705151891239,-1.5988938292386,-9.97507570756694
29.5225,-5.2821459767656,-1.57851105801545,-9.97507570756694
29.525,-5.27705151891239,-1.60908521485018,-9.97507570756694
29.5275,-5.27705151891239,-1.60908521485018,-9.97507570756694
29.53,-5.27705151891239,-1.60908521485018,-9.97507570756694
29.5325,-5.27195706105918,-1.56831967240387,-9.97507570756694
29.535,-5.27195706105918,-1.60908521485018,-9.97507570756694
29.5375,-5.27705151891239,-1.60398952204439,-9.97507570756694
29.54,-5.27705151891239,-1.60908521485018,-9.97507570756694
29.5425,-5.27195706105918,-1.56322397959808,-9.97507570756694
29.545,-5.27705151891239,-1.60398952204439,-9.97507570756694
29.5475,-5.27705151891239,-1.60908521485018,-9.97507570756694
29.55,-5.27195706105918,-1.61418090765596,-9.97507570756694
29.5525,-5.27705151891239,-1.56322397959808,-9.97507570756694
29.555,-5.27705151891239,-1.61418090765596,-9.96998258804469
29.5575,-5.27195706105918,-1.60908521485018,-9.97507570756694
29.56,-5.27705151891239,-1.60908521485018,-9.97507570756694
29.5625,-5.27705151891239,-1.58870244362702,-9.96998258804469
29.565,-5.27705151891239,-1.60908521485018,-9.97507570756694
29.5675,-5.29233489247202,-1.61418090765596,-9.97507570756694
29.57,-5.2821459767656,-1.61927660046175,-9.96998258804469
29.5725,-5.2821459767656,-1.58870244362702,-9.97507570756694
29.575,-5.27705151891239,-1.61418090765596,-9.96998258804469
29.5775,-5.27705151891239,-1.61418090765596,-9.97507570756694
29.58,-5.27705151891239,-1.60908521485018,-9.97507570756694
29.5825,-5.2821459767656,-1.58870244362702,-9.96998258804469
29.585,-5.27705151891239,-1.61927660046175,-9.96998258804469
29.5875,-5.27705151891239,-1.61927660046175,-9.96998258804469
29.59,-5.27705151891239,-1.61927660046175,-9.96998258804469
29.5925,-5.27705151891239,-1.57341536520966,-9.96998258804469
29.595,-5.27705151891239,-1.61418090765596,-9.96998258804469
29.5975,-5.27705151891239,-1.61418090765596,-9.92923763186669
29.6,-5.27705151891239,-1.61418090765596,-9.97507570756694
29.6025,-5.27705151891239,-1.56831967240387,-9.97507570756694
29.605,-5.2821459767656,-1.61927660046175,-9.96998258804469
29.6075,-5.27705151891239,-1.61927660046175,-9.96998258804469
29.61,-5.27705151891239,-1.61927660046175,-9.97507570756694
29.6125,-5.2821459767656,-1.59379813643281,-9.97507570756694
29.615,-5.27705151891239,-1.61418090765596,-9.97507570756694
29.6175,-5.27705151891239,-1.60908521485018,-9.97507570756694
29.62,-5.27705151891239,-1.61418090765596,-9.97507570756694
29.6225,-5.27705151891239,-1.59379813643281,-9.96998258804469
29.625,-5.27705151891239,-1.61927660046175,-9.97507570756694
29.6275,-5.27705151891239,-1.62437229326754,-9.97507570756694
29.63,-5.27705151891239,-1.61927660046175,-9.97507570756694
29.6325,-5.27705151891239,-1.59379813643281,-9.97507570756694
29.635,-5.27705151891239,-1.61418090765596,-9.97507570756694
29.6375,-5.27705151891239,-1.61418090765596,-9.97507570756694
29.64,-5.27195706105918,-1.61418090765596,-9.97507570756694
29.6425,-5.27705151891239,-1.59379813643281,-9.97507570756694
29.645,-5.27705151891239,-1.61927660046175,-9.97507570756694
29.6475,-5.27705151891239,-1.61927660046175,-9.98016882708919
29.65,-5.27705151891239,-1.61927660046175,-9.97507570756694
29.6525,-5.27705151891239,-1.59379813643281,-9.97507570756694
29.655,-5.27705151891239,-1.60908521485018,-9.98016882708919
29.6575,-5.27705151891239,-1.61418090765596,-9.97507570756694
29.66,-5.27705151891239,-1.61418090765596,-9.97507570756694
29.6625,-5.27705151891239,-1.59379813643281,-9.97507570756694
29.665,-5.27705151891239,-1.61927660046175,-9.97507570756694
29.6675,-5.27705151891239,-1.61927660046175,-9.98016882708919
29.67,-5.27705151891239,-1.61418090765596,-9.98016882708919
29.6725,-5.27705151891239,-1.61418090765596,-9.97507570756694
29.675,-5.27705151891239,-1.60908521485018,-9.97507570756694
29.6775,-5.27705151891239,-1.60908521485018,-9.97507570756694
29.68,-5.27705151891239,-1.60908521485018,-9.97507570756694
29.6825,-5.27705151891239,-1.59379813643281,-9.97507570756694
29.685,-5.27705151891239,-1.61418090765596,-9.98016882708919
29.6875,-5.27705151891239,-1.61418090765596,-9.98016882708919
29.69,-5.27705151891239,-1.60908521485018,-9.97507570756694
29.6925,-5.27705151891239,-1.60908521485018,-9.97507570756694
29.695,-5.27195706105918,-1.60908521485018,-9.97507570756694
29.6975,-5.27195706105918,-1.60908521485018,-9.97507570756694
29.7,-5.27705151891239,-1.61418090765596,-9.97507570756694
29.7025,-5.27705151891239,-1.57341536520966,-9.97507570756694
29.705,-5.27705151891239,-1.61418090765596,-9.97507570756694
29.7075,-5.27705151891239,-1.61418090765596,-9.97507570756694
29.71,-5.27195706105918,-1.60908521485018,-9.97507570756694
29.7125,-5.27195706105918,-1.56322397959808,-9.97507570756694
29.715,-5.27705151891239,-1.60908521485018,-9.97507570756694
29.7175,-5.27705151891239,-1.61418090765596,-9.96998258804469
29.72,-5.27195706105918,-1.61418090765596,-9.97507570756694
29.7225,-5.27705151891239,-1.57851105801545,-9.96998258804469
29.725,-5.27705151891239,-1.61418090765596,-9.97507570756694
29.7275,-5.27195706105918,-1.60908521485018,-9.97507570756694
29.73,-5.27705151891239,-1.60908521485018,-9.97507570756694
29.7325,-5.27195706105918,-1.58870244362702,-9.96998258804469
29.735,-5.27195706105918,-1.60908521485018,-9.97507570756694
29.7375,-5.27705151891239,-1.60908521485018,-9.96998258804469
29.74,-5.27705151891239,-1.61418090765596,-9.96998258804469
29.7425,-5.27705151891239,-1.58870244362702,-9.97507570756694
29.745,-5.27705151891239,-1.61418090765596,-9.96998258804469
29.7475,-5.27705151891239,-1.61418090765596,-9.96998258804469
29.75,-5.27195706105918,-1.60908521485018,-9.97507570756694
29.7525,-5.27705151891239,-1.58870244362702,-9.96998258804469
29.755,-5.27195706105918,-1.60908521485018,-9.96998258804469
29.7575,-5.27195706105918,-1.61418090765596,-9.97507570756694
29.76,-5.27705151891239,-1.61927660046175,-9.97507570756694
29.7625,-5.27195706105918,-1.61418090765596,-9.96998258804469
29.765,-5.27195706105918,-1.61418090765596,-9.97507570756694
29.7675,-5.27705151891239,-1.60908521485018,-9.96998258804469
29.77,-5.27195706105918,-1.60908521485018,-9.96998258804469
29.7725,-5.27705151891239,-1.56322397959808,-9.96998258804469
29.775,-5.27705151891239,-1.61418090765596,-9.96998258804469
29.7775,-5.27195706105918,-1.61927660046175,-9.96998258804469
29.78,-5.27195706105918,-1.61927660046175,-9.97507570756694
29.7825,-5.27195706105918,-1.5988938292386,-9.96998258804469
29.785,-5.26686260320597,-1.61418090765596,-9.97507570756694
29.7875,-5.27195706105918,-1.61418090765596,-9.97507570756694
29.79,-5.27195706105918,-1.61418090765596,-9.96998258804469
29.7925,-5.27195706105918,-1.61418090765596,-9.97507570756694
29.795,-5.27195706105918,-1.61927660046175,-9.97507570756694
29.7975,-5.27195706105918,-1.62437229326754,-9.97507570756694
29.8,-5.26686260320597,-1.61927660046175,-9.97507570756694
29.8025,-5.27195706105918,-1.57341536520966,-9.97507570756694
29.805,-5.27195706105918,-1.61418090765596,-9.97507570756694
29.8075,-5.26686260320597,-1.61418090765596,-9.97507570756694
29.81,-5.27195706105918,-1.61418090765596,-9.97507570756694
29.8125,-5.27195706105918,-1.5988938292386,-9.97507570756694
29.815,-5.26686260320597,-1.61927660046175,-9.98016882708919
29.8175,-5.27195706105918,-1.62437229326754,-9.98016882708919
29.82,-5.26686260320597,-1.62437229326754,-9.97507570756694
29.8225,-5.26176814535276,-1.57341536520966,-9.98016882708919
29.825,-5.26686260320597,-1.61418090765596,-9.98016882708919
29.8275,-5.26686260320597,-1.61418090765596,-9.97507570756694
29.83,-5.26176814535276,-1.61927660046175,-9.98016882708919
29.8325,-5.27195706105918,-1.5988938292386,-9.98016882708919
29.835,-5.26686260320597,-1.62437229326754,-9.98016882708919
29.8375,-5.26686260320597,-1.62437229326754,-9.98016882708919
29.84,-5.26176814535276,-1.62437229326754,-9.98016882708919
29.8425,-5.26176814535276,-1.59379813643281,-9.97507570756694
29.845,-5.26176814535276,-1.61418090765596,-9.98016882708919
29.8475,-5.27195706105918,-1.61927660046175,-9.97507570756694
29.85,-5.26686260320597,-1.62437229326754,-9.97507570756694
29.8525,-5.26686260320597,-1.5988938292386,-9.97507570756694
29.855,-5.26176814535276,-1.62437229326754,-9.97507570756694
29.8575,-5.26176814535276,-1.62437229326754,-9.98016882708919
29.86,-5.26176814535276,-1.61927660046175,-9.97507570756694
29.8625,-5.26686260320597,-1.5988938292386,-9.97507570756694
29.865,-5.26176814535276,-1.61927660046175,-9.97507570756694
29.8675,-5.26176814535276,-1.61927660046175,-9.97507570756694
29.87,-5.26176814535276,-1.62437229326754,-9.97507570756694
29.8725,-5.26176814535276,-1.60398952204439,-9.97507570756694
29.875,-5.26176814535276,-1.62437229326754,-9.97507570756694
29.8775,-5.26686260320597,-1.62437229326754,-9.97507570756694
29.88,-5.26176814535276,-1.62437229326754,-9.97507570756694
29.8825,-5.26686260320597,-1.57341536520966,-9.97507570756694
29.885,-5.26176814535276,-1.61418090765596,-9.97507570756694
29.8875,-5.26176814535276,-1.61927660046175,-9.96998258804469
29.89,-5.26686260320597,-1.61927660046175,-9.97507570756694
29.8925,-5.26686260320597,-1.60908521485018,-9.97507570756694
29.895,-5.26176814535276,-1.62437229326754,-9.97507570756694
29.8975,-5.26176814535276,-1.62437229326754,-9.97507570756694
29.9,-5.26176814535276,-1.62437229326754,-9.96998258804469
29.9025,-5.26176814535276,-1.59379813643281,-9.97507570756694
29.905,-5.26176814535276,-1.61927660046175,-9.96998258804469
29.9075,-5.26176814535276,-1.62437229326754,-9.96998258804469
29.91,-5.26176814535276,-1.62437229326754,-9.97507570756694
29.9125,-5.26176814535276,-1.60398952204439,-9.97507570756694
29.915,-5.26176814535276,-1.62437229326754,-9.97507570756694
29.9175,-5.26176814535276,-1.62437229326754,-9.97507570756694
29.92,-5.26176814535276,-1.61927660046175,-9.96998258804469
29.9225,-5.26176814535276,-1.57851105801545,-9.96998258804469
29.925,-5.26176814535276,-1.62437229326754,-9.97507570756694
29.9275,-5.26686260320597,-1.62946798607333,-9.96998258804469
29.93,-5.26176814535276,-1.62946798607333,-9.96998258804469
29.9325,-5.26176814535276,-1.58360675082123,-9.96998258804469
29.935,-5.26176814535276,-1.62437229326754,-9.96998258804469
29.9375,-5.25667368749955,-1.62437229326754,-9.96998258804469
29.94,-5.26176814535276,-1.62437229326754,-9.97507570756694
29.9425,-5.26176814535276,-1.57851105801545,-9.97507570756694
29.945,-5.26176814535276,-1.62437229326754,-9.96998258804469
29.9475,-5.26176814535276,-1.62946798607333,-9.97507570756694
29.95,-5.26176814535276,-1.62946798607333,-9.96998258804469
29.9525,-5.25667368749955,-1.60908521485018,-9.97507570756694
29.955,-5.26176814535276,-1.62437229326754,-9.97507570756694
29.9575,-5.25667368749955,-1.62437229326754,-9.97507570756694
29.96,-5.25667368749955,-1.62437229326754,-9.96998258804469
29.9625,-5.26176814535276,-1.5988938292386,-9.96998258804469
29.965,-5.26176814535276,-1.62437229326754,-9.96998258804469
29.9675,-5.25667368749955,-1.62437229326754,-9.97507570756694
29.97,-5.26176814535276,-1.62437229326754,-9.97507570756694
29.9725,-5.25667368749955,-1.60908521485018,-9.96998258804469
29.975,-5.25667368749955,-1.62437229326754,-9.97507570756694
29.9775,-5.25667368749955,-1.62437229326754,-9.96998258804469
29.98,-5.25667368749955,-1.61927660046175,-9.96998258804469
29.9825,-5.25667368749955,-1.60398952204439,-9.96998258804469
29.985,-5.26176814535276,-1.62437229326754,-9.97507570756694
29.9875,-5.25667368749955,-1.62946798607333,-9.96998258804469
29.99,-5.25667368749955,-1.62946798607333,-9.97507570756694
29.9925,-5.25667368749955,-1.62437229326754,-9.97507570756694
29.995,-5.25667368749955,-1.62946798607333,-9.96998258804469
29.9975,-5.25667368749955,-1.62437229326754,-9.97507570756694
