time,V_ai0,V_ai1,V_ai2
0,-6.04631465474719,-2.15432434506954,-8.7578201417493
0.0025,-6.07178694401324,-2.10336741701165,-8.76291326127155
0.005,-6.07178694401324,-2.13903726665217,-8.80365821744954
0.0075,-6.09216477542609,-2.13394157384638,-8.7476339027048
0.01,-6.08197585971966,-2.06260187456535,-8.77819261983829
0.0125,-6.08707031757288,-2.06260187456535,-8.79347197840504
0.015,-6.09216477542609,-2.06769756737113,-8.79347197840504
0.0175,-6.09216477542609,-2.0829846457885,-8.80365821744954
0.02,-6.07178694401324,-2.06260187456535,-8.7374476636603
0.0225,-6.10235369113251,-2.06769756737113,-8.73235454413805
0.025,-6.10744814898572,-2.0829846457885,-8.7374476636603
0.0275,-6.11254260683893,-2.08808033859429,-8.74254078318255
0.03,-6.11763706469214,-2.10846310981744,-8.83421693458304
0.0325,-6.12782598039856,-2.11355880262323,-8.84440317362754
0.035,-6.13292043825177,-2.06769756737113,-8.85968253219429
0.0375,-6.13801489610498,-2.05750618175956,-8.83421693458304
0.04,-6.15329826966461,-2.05750618175956,-8.77819261983829
0.0425,-6.15839272751782,-1.99126217528431,-8.77819261983829
0.045,-6.17367610107746,-2.06769756737113,-8.77309950031604
0.0475,-6.17367610107746,-2.00145356089588,-8.77309950031604
0.05,-6.17877055893067,-2.01674063931325,-8.80365821744954
0.0525,-6.17877055893067,-2.10846310981744,-8.78837885888279
0.055,-6.17367610107746,-2.01674063931325,-8.89024124932778
0.0575,-6.17877055893067,-2.02183633211904,-8.75272702222705
0.06,-6.17877055893067,-2.02693202492483,-8.7476339027048
0.0625,-6.21443176390314,-2.04221910334219,-8.76800638079379
0.065,-6.18895947463709,-2.05241048895377,-8.80365821744954
0.0675,-6.1482038118114,-2.04221910334219,-8.80875133697179
0.07,-6.1482038118114,-2.08808033859429,-8.82403069553854
0.0725,-6.14310935395819,-2.17470711629269,-8.83421693458304
0.075,-6.13801489610498,-2.17980280909848,-8.85458941267204
0.0775,-6.18386501678388,-2.19508988751584,-8.78837885888279
0.08,-6.1482038118114,-2.13394157384638,-8.79347197840504
0.0825,-6.1482038118114,-2.18999419471005,-8.83421693458304
0.085,-6.14310935395819,-2.08808033859429,-8.85458941267204
0.0875,-6.11763706469214,-2.15432434506954,-8.81384445649404
0.09,-6.13801489610498,-2.13394157384638,-8.79347197840504
0.0925,-6.13292043825177,-2.05241048895377,-8.77819261983829
0.095,-6.12782598039856,-2.02693202492483,-8.83421693458304
0.0975,-6.12273152254535,-2.02183633211904,-8.78328573936054
0.1,-6.11763706469214,-2.06769756737113,-8.86986877123879
0.1025,-6.11254260683893,-2.03202771773061,-8.78328573936054
0.105,-6.11254260683893,-2.05750618175956,-8.77819261983829
0.1075,-6.10744814898572,-2.01674063931325,-8.81384445649404
0.11,-6.11254260683893,-2.04731479614798,-8.80365821744954
0.1125,-6.11254260683893,-2.01164494650746,-8.77819261983829
0.115,-6.11254260683893,-1.98616648247852,-8.79347197840504
0.1175,-6.11254260683893,-1.98616648247852,-8.81893757601629
0.12,-6.10744814898572,-1.99126217528431,-8.78837885888279
0.1225,-6.10744814898572,-2.00145356089588,-8.79856509792729
0.125,-6.12782598039856,-1.98616648247852,-8.77819261983829
0.1275,-6.12782598039856,-2.03202771773061,-8.77309950031604
0.13,-6.13292043825177,-2.02183633211904,-8.78837885888279
0.1325,-6.14310935395819,-2.03202771773061,-8.81384445649404
0.135,-6.1482038118114,-2.07279326017692,-8.76800638079379
0.1375,-6.1482038118114,-2.01674063931325,-8.7578201417493
0.14,-6.15329826966461,-2.02693202492483,-8.7476339027048
0.1425,-6.16348718537103,-2.02693202492483,-8.7476339027048
0.145,-6.20933730604993,-1.97597509686694,-8.75272702222705
0.1475,-6.1940539324903,-1.97087940406115,-8.7374476636603
0.15,-6.20424284819672,-1.98107078967273,-8.82403069553854
0.1525,-6.20933730604993,-1.99126217528431,-8.78837885888279
0.155,-6.21952622175635,-1.9963578680901,-8.91061372741678
0.1575,-6.22971513746277,-1.99126217528431,-8.78837885888279
0.16,-6.23480959531598,-1.98616648247852,-8.7476339027048
0.1625,-6.26537634243525,-2.01674063931325,-8.75272702222705
0.165,-6.25009296887561,-1.99126217528431,-8.7578201417493
0.1675,-6.25518742672882,-1.98107078967273,-8.76291326127155
0.17,-6.26537634243525,-1.99126217528431,-8.80875133697179
0.1725,-6.27556525814167,-1.98616648247852,-8.76291326127155
0.175,-6.27047080028846,-1.98616648247852,-8.77819261983829
0.1775,-6.27047080028846,-1.98616648247852,-8.77819261983829
0.18,-6.27556525814167,-2.02693202492483,-8.81384445649404
0.1825,-6.30103754740772,-2.07788895298271,-8.79856509792729
0.185,-6.29594308955451,-2.00654925370167,-8.72216830509355
0.1875,-6.3417932102334,-2.05241048895377,-8.7272614246158
0.19,-6.3417932102334,-2.06769756737113,-8.73235454413805
0.1925,-6.28575417384809,-2.06769756737113,-8.73235454413805
0.195,-6.28065971599488,-2.04221910334219,-8.7374476636603
0.1975,-6.25518742672882,-2.06260187456535,-8.75272702222705
0.2,-6.2449985110224,-2.23075973715636,-8.7476339027048
0.2025,-6.23480959531598,-2.04731479614798,-8.75272702222705
0.205,-6.22971513746277,-2.04221910334219,-8.7374476636603
0.2075,-6.23480959531598,-2.04731479614798,-8.7578201417493
0.21,-6.22462067960956,-2.05750618175956,-8.7476339027048
0.2125,-6.21952622175635,-2.05750618175956,-8.73235454413805
0.215,-6.21952622175635,-2.05750618175956,-8.7578201417493
0.2175,-6.20933730604993,-2.06260187456535,-8.76291326127155
0.22,-6.20933730604993,-2.06260187456535,-8.7578201417493
0.2225,-6.20424284819672,-2.11865449542902,-8.79347197840504
0.225,-6.1940539324903,-2.17470711629269,-8.76800638079379
0.2275,-6.18895947463709,-2.15942003787532,-8.83421693458304
0.23,-6.18895947463709,-2.14922865226375,-8.82912381506079
0.2325,-6.18386501678388,-2.17980280909848,-8.77309950031604
0.235,-6.17367610107746,-2.13903726665217,-8.79347197840504
0.2375,-6.19914839034351,-2.10336741701165,-8.78837885888279
0.24,-6.1482038118114,-2.20528127312742,-8.80365821744954
0.2425,-6.13801489610498,-2.13394157384638,-8.79347197840504
0.245,-6.13292043825177,-2.12884588104059,-8.79856509792729
0.2475,-6.12782598039856,-2.13394157384638,-8.80875133697179
0.25,-6.11763706469214,-2.31738651485477,-8.81384445649404
0.2525,-6.10744814898572,-2.14922865226375,-8.81893757601629
0.255,-6.0972592332793,-2.15942003787532,-8.89533436885003
0.2575,-6.08197585971966,-2.15432434506954,-8.83931005410529
0.26,-6.07688140186645,-2.14922865226375,-8.86477565171654
0.2625,-6.07178694401324,-2.12884588104059,-8.93098620550578
0.265,-6.05650357045361,-2.12884588104059,-8.94117244455028
0.2675,-6.06159802830682,-2.1237501882348,-8.81893757601629
0.27,-6.0514091126004,-2.13394157384638,-8.82403069553854
0.2725,-6.04631465474719,-2.14413295945796,-8.79347197840504
0.275,-6.04122019689398,-2.16451573068111,-8.7272614246158
0.2775,-6.03612573904077,-2.16451573068111,-8.7578201417493
0.28,-6.03103128118756,-2.15432434506954,-8.7578201417493
0.2825,-6.02593682333435,-2.17470711629269,-8.73235454413805
0.285,-6.02593682333435,-2.2562382011853,-8.71198206604905
0.2875,-6.04631465474719,-2.23075973715636,-8.7272614246158
0.29,-6.04631465474719,-2.25114250837952,-8.73235454413805
0.2925,-6.02084236548114,-2.22566404435057,-8.7374476636603
0.295,-6.02084236548114,-2.22056835154479,-8.7578201417493
0.2975,-6.02084236548114,-2.24604681557373,-8.76291326127155
0.3,-6.03612573904077,-2.23585542996215,-8.83421693458304
0.3025,-6.04122019689398,-2.28171666521425,-8.88005501028329
0.305,-6.04631465474719,-2.28171666521425,-8.7476339027048
0.3075,-6.0514091126004,-2.26642958679688,-8.81384445649404
0.31,-6.06159802830682,-2.22566404435057,-8.81893757601629
0.3125,-6.07178694401324,-2.27662097240846,-8.81384445649404
0.315,-6.10744814898572,-2.2562382011853,-8.80365821744954
0.3175,-6.10744814898572,-2.26133389399109,-8.81893757601629
0.32,-6.10235369113251,-2.28171666521425,-8.69160958796005
0.3225,-6.10235369113251,-2.10336741701165,-8.82403069553854
0.325,-6.10235369113251,-2.15432434506954,-8.76291326127155
0.3275,-6.10744814898572,-2.20018558032163,-8.7170751855713
0.33,-6.10744814898572,-2.09827172420586,-8.70179582700455
0.3325,-6.10744814898572,-2.11865449542902,-8.82912381506079
0.335,-6.11254260683893,-2.10846310981744,-8.83421693458304
0.3375,-6.11254260683893,-2.07788895298271,-8.6763302293933
0.34,-6.12273152254535,-2.0829846457885,-8.67123710987105
0.3425,-6.12782598039856,-2.09827172420586,-8.70179582700455
0.345,-6.13292043825177,-2.09317603140008,-8.7170751855713
0.3475,-6.13801489610498,-2.00145356089588,-8.7068889465268
0.35,-6.1482038118114,-2.02183633211904,-8.72216830509355
0.3525,-6.18386501678388,-2.06769756737113,-8.71198206604905
0.355,-6.18386501678388,-2.02693202492483,-8.7170751855713
0.3575,-6.23480959531598,-1.98616648247852,-8.78328573936054
0.36,-6.20933730604993,-1.97087940406115,-8.80365821744954
0.3625,-6.18895947463709,-1.96068801844958,-8.80365821744954
0.365,-6.19914839034351,-1.96068801844958,-8.7374476636603
0.3675,-6.20933730604993,-1.950496632838,-8.75272702222705
0.37,-6.21952622175635,-1.98107078967273,-8.77309950031604
0.3725,-6.22971513746277,-1.950496632838,-8.78328573936054
0.375,-6.2449985110224,-1.94540094003221,-8.81384445649404
0.3775,-6.27047080028846,-1.93520955442063,-8.79856509792729
0.38,-6.29594308955451,-1.92501816880906,-8.80365821744954
0.3825,-6.29594308955451,-1.94030524722642,-8.80365821744954
0.385,-6.27556525814167,-1.93520955442063,-8.79856509792729
0.3875,-6.28575417384809,-1.90973109039169,-8.77309950031604
0.39,-6.2908486317013,-1.90973109039169,-8.77819261983829
0.3925,-6.2908486317013,-1.91482678319748,-8.81384445649404
0.395,-6.32141537882056,-2.01164494650746,-8.81384445649404
0.3975,-6.27556525814167,-1.97597509686694,-8.72216830509355
0.4,-6.30103754740772,-1.94030524722642,-8.76291326127155
0.4025,-6.30103754740772,-1.950496632838,-8.7068889465268
0.405,-6.33669875238019,-1.96068801844958,-8.7272614246158
0.4075,-6.31632092096735,-1.950496632838,-8.78328573936054
0.41,-6.2908486317013,-1.95559232564379,-8.7170751855713
0.4125,-6.29594308955451,-1.96068801844958,-8.7170751855713
0.415,-6.2908486317013,-1.99126217528431,-8.72216830509355
0.4175,-6.2908486317013,-1.98616648247852,-8.7170751855713
0.42,-6.28575417384809,-1.96578371125536,-8.71198206604905
0.4225,-6.28065971599488,-2.01674063931325,-8.7170751855713
0.425,-6.28065971599488,-2.10336741701165,-8.70179582700455
0.4275,-6.28575417384809,-2.06260187456535,-8.6967027074823
0.43,-6.28065971599488,-2.08808033859429,-8.7068889465268
0.4325,-6.28575417384809,-2.09827172420586,-8.70179582700455
0.435,-6.28065971599488,-2.1696114234869,-8.7272614246158
0.4375,-6.28065971599488,-2.10846310981744,-8.7374476636603
0.44,-6.27556525814167,-2.09317603140008,-8.7374476636603
0.4425,-6.27556525814167,-2.05241048895377,-8.68142334891555
0.445,-6.27047080028846,-2.07788895298271,-8.6967027074823
0.4475,-6.27047080028846,-2.09827172420586,-8.69160958796005
0.45,-6.27047080028846,-2.10336741701165,-8.75272702222705
0.4525,-6.23990405316919,-2.06260187456535,-8.71198206604905
0.455,-6.23990405316919,-2.06260187456535,-8.7374476636603
0.4575,-6.23990405316919,-2.07279326017692,-8.7272614246158
0.46,-6.19914839034351,-2.0371234105364,-8.7374476636603
0.4625,-6.21443176390314,-2.06769756737113,-8.77819261983829
0.465,-6.17877055893067,-2.05750618175956,-8.73235454413805
0.4675,-6.16858164322425,-2.15942003787532,-8.78328573936054
0.47,-6.15839272751782,-2.12884588104059,-8.75272702222705
0.4725,-6.1482038118114,-2.11355880262323,-8.75272702222705
0.475,-6.13801489610498,-2.1237501882348,-8.7374476636603
0.4775,-6.12273152254535,-2.17980280909848,-8.64577151225981
0.48,-6.11254260683893,-2.17980280909848,-8.6763302293933
0.4825,-6.12782598039856,-2.17980280909848,-8.6661439903488
0.485,-6.12273152254535,-2.14922865226375,-8.6559577513043
0.4875,-6.11763706469214,-2.24095112276794,-8.6559577513043
0.49,-6.11254260683893,-2.20018558032163,-8.68142334891555
0.4925,-6.08707031757288,-2.20018558032163,-8.67123710987105
0.495,-6.10744814898572,-2.17980280909848,-8.70179582700455
0.4975,-6.10744814898572,-2.17980280909848,-8.76800638079379
0.5,-6.09216477542609,-2.19508988751584,-8.77309950031604
0.5025,-6.08707031757288,-2.19508988751584,-8.77309950031604
0.505,-6.08707031757288,-2.2562382011853,-8.6865164684378
0.5075,-6.12782598039856,-2.21037696593321,-8.71198206604905
0.51,-6.1482038118114,-2.17980280909848,-8.62030591464856
0.5125,-6.0972592332793,-2.17980280909848,-8.62539903417081
0.515,-6.12782598039856,-2.20018558032163,-8.62539903417081
0.5175,-6.17367610107746,-2.27152527960267,-8.62030591464856
0.52,-6.07178694401324,-2.215472658739,-8.62539903417081
0.5225,-6.12782598039856,-2.1696114234869,-8.61521279512631
0.525,-6.14310935395819,-2.1696114234869,-8.61521279512631
0.5275,-6.1482038118114,-2.19508988751584,-8.62539903417081
0.53,-6.10744814898572,-2.24604681557373,-8.62539903417081
0.5325,-6.12782598039856,-2.15432434506954,-8.62539903417081
0.535,-6.13292043825177,-2.17980280909848,-8.62539903417081
0.5375,-6.13801489610498,-2.20018558032163,-8.62539903417081
0.54,-6.14310935395819,-2.20528127312742,-8.59993343655956
0.5425,-6.14310935395819,-2.40401329255317,-8.64067839273756
0.545,-6.14310935395819,-2.39891759974738,-8.63558527321531
0.5475,-0.106176797903638,-2.17980280909848,-8.63558527321531
0.55,-0.0959878821972175,-2.42439606377632,-8.60502655608181
0.5525,-6.00555899192151,-2.41420467816475,-8.63049215369306
0.555,-6.00555899192151,-2.42949175658211,-8.63049215369306
0.5575,-6.00555899192151,-2.42439606377632,-8.62030591464856
0.56,-5.98008670265545,-2.42439606377632,-8.67123710987105
0.5625,-5.98008670265545,-0.0956644515310163,-8.65086463178205
0.565,-5.98008670265545,-2.40401329255317,-8.64577151225981
0.5675,-5.98518116050866,-2.39891759974738,-8.6763302293933
0.57,-5.98518116050866,-2.41930037097053,-8.69160958796005
0.5725,-5.98008670265545,-2.41930037097053,-8.70179582700455
0.575,-5.99537007621508,-2.48044868463999,-8.57446783894831
0.5775,-5.99537007621508,-2.5212142270863,-8.58465407799281
0.58,-6.0004645340683,-2.46516160622263,-8.58465407799281
0.5825,-6.01065344977472,-2.46006591341684,-8.57956095847056
0.585,-6.01574790762793,-2.46006591341684,-8.58465407799281
0.5875,-6.02593682333435,-2.4345874493879,-8.66105087082655
0.59,-6.06159802830682,-2.43968314219369,-8.61521279512631
0.5925,-6.06669248616003,-2.43968314219369,-8.58465407799281
0.595,-6.0514091126004,-2.4345874493879,-8.59484031703731
0.5975,-6.05650357045361,-2.40401329255317,-8.62030591464856
0.6,-6.04631465474719,-2.55688407672682,-8.62030591464856
0.6025,-6.06669248616003,-2.3479606716895,-8.7476339027048
0.605,-6.07688140186645,-2.33267359327213,-8.63049215369306
0.6075,-6.08197585971966,-2.34286497888371,-8.61011967560406
0.61,-6.08197585971966,-2.33776928607792,-8.57446783894831
0.6125,-6.08707031757288,-2.39382190694159,-8.56428159990381
0.615,-6.11763706469214,-2.31229082204898,-8.63049215369306
0.6175,-6.0972592332793,-2.26642958679688,-8.7068889465268
0.62,-6.10744814898572,-2.13903726665217,-8.61521279512631
0.6225,-6.11254260683893,-2.15432434506954,-8.71198206604905
0.625,-6.12782598039856,-2.1237501882348,-8.70179582700455
0.6275,-6.13292043825177,-2.13903726665217,-8.58974719751506
0.63,-6.13801489610498,-2.13394157384638,-8.54390912181481
0.6325,-6.14310935395819,-2.14413295945796,-8.57956095847056
0.635,-6.1482038118114,-2.11865449542902,-8.7068889465268
0.6375,-6.18386501678388,-2.14413295945796,-8.7170751855713
0.64,-6.1940539324903,-2.215472658739,-8.61011967560406
0.6425,-6.15839272751782,-2.14413295945796,-8.55918848038156
0.645,-6.16348718537103,-2.12884588104059,-8.55918848038156
0.6475,-6.1940539324903,-2.10846310981744,-8.56428159990381
0.65,-6.1940539324903,-2.0829846457885,-8.63049215369306
0.6525,-6.1940539324903,-2.04221910334219,-8.63558527321531
0.655,-6.19914839034351,-2.06769756737113,-8.6559577513043
0.6575,-6.20424284819672,-2.07279326017692,-8.6967027074823
0.66,-6.20933730604993,-2.0829846457885,-8.70179582700455
0.6625,-6.21952622175635,-2.09317603140008,-8.58974719751506
0.665,-6.21952622175635,-2.22056835154479,-8.63049215369306
0.6675,-6.22971513746277,-2.11355880262323,-8.63049215369306
0.67,-6.26028188458204,-2.23585542996215,-8.61011967560406
0.6725,-6.27047080028846,-2.16451573068111,-8.55409536085931
0.675,-6.28065971599488,-2.215472658739,-8.73235454413805
0.6775,-6.28575417384809,-2.18489850190427,-8.63049215369306
0.68,-6.29594308955451,-2.20018558032163,-8.6559577513043
0.6825,-6.30103754740772,-2.20018558032163,-8.6967027074823
0.685,-6.30103754740772,-2.18999419471005,-8.54390912181481
0.6875,-6.28065971599488,-2.19508988751584,-8.80365821744954
0.69,-6.29594308955451,-2.21037696593321,-8.61011967560406
0.6925,-6.33160429452698,-2.21037696593321,-8.65086463178205
0.695,-6.31632092096735,-2.22056835154479,-8.72216830509355
0.6975,-6.32650983667377,-2.22566404435057,-8.56428159990381
0.7,-6.3417932102334,-2.24095112276794,-8.59993343655956
0.7025,-6.35198212593983,-2.24095112276794,-8.58974719751506
0.705,-6.35707658379304,-2.31229082204898,-8.56428159990381
0.7075,-6.3876433309123,-2.55688407672682,-8.56937471942606
0.71,-6.37235995735267,-2.27152527960267,-8.56428159990381
0.7125,-6.36726549949946,-2.28171666521425,-8.59484031703731
0.715,-6.37235995735267,-2.29190805082582,-8.56937471942606
0.7175,-6.38254887305909,-2.29190805082582,-8.56428159990381
0.72,-6.37235995735267,-2.28681235802003,-8.57956095847056
0.7225,-6.37235995735267,-2.32757790046634,-8.58974719751506
0.725,-6.3417932102334,-2.31738651485477,-8.61521279512631
0.7275,-6.34688766808662,-2.31229082204898,-8.61521279512631
0.73,-6.34688766808662,-2.33267359327213,-8.60502655608181
0.7325,-6.35198212593983,-2.31738651485477,-8.61011967560406
0.735,-6.35707658379304,-2.28681235802003,-8.61011967560406
0.7375,-6.35198212593983,-2.33776928607792,-8.64067839273756
0.74,-6.35707658379304,-2.27662097240846,-8.61521279512631
0.7425,-6.35707658379304,-2.29700374363161,-8.61521279512631
0.745,-6.37745441520588,-2.29700374363161,-8.63049215369306
0.7475,-6.38254887305909,-2.28171666521425,-8.56937471942606
0.75,-6.4334934515912,-2.2562382011853,-8.56937471942606
0.7525,-6.36726549949946,-2.23075973715636,-8.59484031703731
0.755,-6.37235995735267,-2.26133389399109,-8.62539903417081
0.7575,-6.37235995735267,-2.27662097240846,-8.59484031703731
0.76,-6.36726549949946,-2.24095112276794,-8.57956095847056
0.7625,-6.3417932102334,-2.22566404435057,-8.57446783894831
0.765,-6.33160429452698,-2.20528127312742,-8.57956095847056
0.7675,-6.33669875238019,-2.20528127312742,-8.59484031703731
0.77,-6.33160429452698,-2.17470711629269,-8.63558527321531
0.7725,-6.34688766808662,-2.20528127312742,-8.62539903417081
0.775,-6.32141537882056,-2.23585542996215,-8.63049215369306
0.7775,-6.25009296887561,-2.14413295945796,-8.64577151225981
0.78,-6.25518742672882,-2.1696114234869,-8.65086463178205
0.7825,-6.25009296887561,-2.14413295945796,-8.64067839273756
0.785,-6.21443176390314,-2.17980280909848,-8.6661439903488
0.7875,-6.19914839034351,-2.15432434506954,-8.58974719751506
0.79,-6.19914839034351,-2.15432434506954,-8.66105087082655
0.7925,-6.19914839034351,-2.1237501882348,-8.69160958796005
0.795,-0.0959878821972175,-2.13903726665217,-8.61521279512631
0.7975,-0.0959878821972175,-2.20528127312742,-8.62539903417081
0.8,-0.0959878821972175,-2.15942003787532,-8.62030591464856
0.8025,-0.0908934243440065,-2.1696114234869,-8.55918848038156
0.805,-6.06669248616003,-2.17470711629269,-8.59484031703731
0.8075,-6.02593682333435,-2.18489850190427,-8.6865164684378
0.81,-6.03103128118756,-2.17470711629269,-8.68142334891555
0.8125,-6.02084236548114,-2.18489850190427,-8.59484031703731
0.815,-6.02084236548114,-2.20018558032163,-8.59484031703731
0.8175,-6.02084236548114,-2.20528127312742,-8.62539903417081
0.82,-0.0959878821972175,-2.215472658739,-8.63558527321531
0.8225,-0.0959878821972175,-2.22056835154479,-8.56937471942606
0.825,-0.0959878821972175,-2.24604681557373,-8.56428159990381
0.8275,-0.0959878821972175,-2.23585542996215,-8.59993343655956
0.83,-0.0959878821972175,-2.26133389399109,-8.62030591464856
0.8325,-5.87310308773803,-2.28171666521425,-8.59484031703731
0.835,-5.87310308773803,-2.28681235802003,-8.62539903417081
0.8375,-5.87310308773803,-2.23585542996215,-8.67123710987105
0.84,-0.0959878821972175,-2.28171666521425,-8.66105087082655
0.8425,-0.0908934243440065,-2.13394157384638,-8.67123710987105
0.845,-0.0908934243440065,-2.23075973715636,-8.72216830509355
0.8475,-5.82725296705913,-2.11355880262323,-8.63558527321531
0.85,-5.80178067779308,-2.1237501882348,-8.6763302293933
0.8525,-5.80178067779308,-2.09827172420586,-8.65086463178205
0.855,-5.80178067779308,-2.11355880262323,-8.7374476636603
0.8575,-5.80178067779308,-2.09317603140008,-8.67123710987105
0.86,-5.80178067779308,-2.10336741701165,-8.7578201417493
0.8625,-5.82725296705913,-2.09827172420586,-8.6967027074823
0.865,-5.82725296705913,-2.08808033859429,-8.70179582700455
0.8675,-5.82725296705913,-2.11355880262323,-8.7170751855713
0.87,-5.82725296705913,-2.16451573068111,-8.75272702222705
0.8725,-5.82725296705913,-2.17470711629269,-8.7170751855713
0.875,-5.84253634061877,-2.15942003787532,-8.77819261983829
0.8775,-5.85272525632519,-2.17980280909848,-8.72216830509355
0.88,-5.88329200344445,-2.12884588104059,-8.75272702222705
0.8825,-5.86800862988482,-2.17470711629269,-8.77309950031604
0.885,-5.87310308773803,-2.13394157384638,-8.77309950031604
0.8875,-5.88329200344445,-2.15432434506954,-8.74254078318255
0.89,-5.89348091915087,-2.17980280909848,-8.7374476636603
0.8925,-5.9087642927105,-2.21037696593321,-8.66105087082655
0.895,-5.94442549768298,-2.24604681557373,-8.7578201417493
0.8975,-5.92914212412335,-2.18999419471005,-8.7476339027048
0.9,-6.0004645340683,-2.23585542996215,-8.6967027074823
0.9025,-5.95970887124261,-2.18999419471005,-8.77309950031604
0.905,-5.96989778694903,-2.18999419471005,-8.82912381506079
0.9075,-5.98008670265545,-2.215472658739,-8.67123710987105
0.91,-5.99027561836187,-2.23075973715636,-8.79347197840504
0.9125,-6.0004645340683,-2.24095112276794,-8.77819261983829
0.915,-6.03103128118756,-2.30719512924319,-8.7374476636603
0.9175,-6.04631465474719,-2.28171666521425,-8.72216830509355
0.92,-6.0514091126004,-2.24604681557373,-8.74254078318255
0.9225,-6.06669248616003,-2.29700374363161,-8.78328573936054
0.925,-6.06669248616003,-2.30719512924319,-8.69160958796005
0.9275,-6.06669248616003,-2.32248220766055,-8.72216830509355
0.93,-6.07688140186645,-2.31229082204898,-8.6763302293933
0.9325,-6.08707031757288,-2.26642958679688,-8.88005501028329
0.935,-6.0972592332793,-2.27152527960267,-8.81384445649404
0.9375,-6.12782598039856,-2.31229082204898,-8.83421693458304
0.94,-6.11763706469214,-2.28171666521425,-8.84949629314979
0.9425,-6.15329826966461,-2.29190805082582,-8.75272702222705
0.945,-6.16348718537103,-2.35815205730107,-8.73235454413805
0.9475,-6.15839272751782,-2.27662097240846,-8.7272614246158
0.95,-6.17367610107746,-2.41420467816475,-8.7272614246158
0.9525,-6.17877055893067,-2.32248220766055,-8.78837885888279
0.955,-6.18895947463709,-2.39891759974738,-8.76800638079379
0.9575,-6.21443176390314,-2.37853482852423,-8.84949629314979
0.96,-6.1940539324903,-2.41420467816475,-8.78328573936054
0.9625,-6.20424284819672,-2.3887262141358,-8.84949629314979
0.965,-6.20933730604993,-2.36324775010686,-8.79347197840504
0.9675,-6.20933730604993,-2.37853482852423,-8.79856509792729
0.97,-6.23990405316919,-2.37343913571844,-8.80365821744954
0.9725,-6.21952622175635,-2.37343913571844,-8.87496189076104
0.975,-6.22971513746277,-2.48554437744578,-8.82403069553854
0.9775,-6.23480959531598,-2.54669269111524,-8.75272702222705
0.98,-6.23990405316919,-2.36324775010686,-8.81893757601629
0.9825,-6.23990405316919,-2.42439606377632,-8.7170751855713
0.985,-6.25009296887561,-2.42439606377632,-8.7476339027048
0.9875,-6.25009296887561,-2.41930037097053,-8.74254078318255
0.99,-6.25518742672882,-2.42439606377632,-8.7578201417493
0.9925,-6.26028188458204,-2.44477883499948,-8.90042748837228
0.995,-6.26537634243525,-2.48044868463999,-8.77819261983829
0.9975,-6.27047080028846,-2.47535299183421,-8.81384445649404
1,-6.27556525814167,-2.53650130550367,-8.81384445649404
1.0025,-6.28065971599488,-2.44477883499948,-8.80875133697179
1.005,-6.28065971599488,-2.55688407672682,-8.82403069553854
1.0075,-6.28065971599488,-2.56197976953261,-8.81384445649404
1.01,-6.2908486317013,-2.5670754623384,-8.81384445649404
1.0125,-6.2908486317013,-2.43968314219369,-8.86477565171654
1.015,-6.2908486317013,-2.40910898535896,-8.90042748837228
1.0175,-6.31632092096735,-2.39891759974738,-8.90042748837228
1.02,-6.31632092096735,-2.55688407672682,-8.79856509792729
1.0225,-6.30103754740772,-2.37853482852423,-8.80365821744954
1.025,-6.32650983667377,-2.37853482852423,-8.83421693458304
1.0275,-6.29594308955451,-2.54669269111524,-8.88005501028329
1.03,-6.2908486317013,-2.54669269111524,-8.92079996646128
1.0325,-6.2908486317013,-2.54669269111524,-8.85968253219429
1.035,-6.28065971599488,-0.0956644515310163,-8.84949629314979
1.0375,-6.28065971599488,-2.64860654723101,-8.88514812980553
1.04,-6.27556525814167,-2.59764961917313,-8.86477565171654
1.0425,-6.27047080028846,-2.58745823356155,-8.88005501028329
1.045,-6.26537634243525,-2.6078410047847,-8.89024124932778
1.0475,-6.26028188458204,-2.55688407672682,-8.77819261983829
1.05,-6.27556525814167,-2.54159699830946,-8.82403069553854
1.0525,-6.22971513746277,-2.55688407672682,-8.83931005410529
1.055,-6.22971513746277,-2.55178838392103,-8.88005501028329
1.0575,-6.21952622175635,-2.54669269111524,-8.91061372741678
1.06,-6.20933730604993,-2.53650130550367,-8.83931005410529
1.0625,-6.20424284819672,-2.53650130550367,-8.84440317362754
1.065,-6.19914839034351,-2.64860654723101,-8.83931005410529
1.0675,-6.21952622175635,-2.62312808320207,-8.86477565171654
1.07,-6.21443176390314,-2.53140561269788,-8.96154492263928
1.0725,-6.21443176390314,-2.50592714866894,-8.85458941267204
1.075,-6.21952622175635,-2.63331946881365,-8.84440317362754
1.0775,-0.0959878821972175,-2.51102284147473,-8.84440317362754
1.08,-0.0908934243440065,-2.53650130550367,-0.10461007344729
1.0825,-0.0908934243440065,-2.58236254075576,-0.0995169539250416
1.085,-0.0959878821972175,-2.56197976953261,-8.92589308598353
1.0875,-6.12782598039856,-2.5670754623384,-8.94117244455028
1.09,-6.12273152254535,-2.54159699830946,-8.87496189076104
1.0925,-6.12273152254535,-2.58236254075576,-8.88514812980553
1.095,-6.11763706469214,-2.56197976953261,-8.91061372741678
1.0975,-6.09216477542609,-2.54669269111524,-8.92079996646128
1.1,-6.09216477542609,-2.5212142270863,-8.92589308598353
1.1025,-6.11254260683893,-2.51102284147473,-8.94626556407253
1.105,-6.11254260683893,-2.50592714866894,-8.93607932502803
1.1075,-6.13801489610498,-2.50083145586315,-8.94117244455028
1.11,-6.11254260683893,-2.49064007025157,-8.82912381506079
1.1125,-6.09216477542609,-2.50592714866894,-8.89533436885003
1.115,-6.09216477542609,-2.49064007025157,-8.89533436885003
1.1175,-6.0972592332793,-2.43968314219369,-8.81893757601629
1.12,-6.0972592332793,-2.48554437744578,-8.81893757601629
1.1225,-6.10235369113251,-2.44987452780526,-9.00738299833952
1.125,-6.10235369113251,-2.47535299183421,-8.83421693458304
1.1275,-6.10744814898572,-2.44987452780526,-8.93607932502803
1.13,-6.11763706469214,-2.39382190694159,-8.94117244455028
1.1325,-6.11763706469214,-2.37343913571844,-8.91061372741678
1.135,-6.11763706469214,-2.36324775010686,-8.95135868359478
1.1375,-6.12273152254535,-2.3479606716895,-8.92589308598353
1.14,-6.12273152254535,-2.33776928607792,-8.95645180311703
1.1425,-6.12782598039856,-2.3020994364374,-8.96154492263928
1.145,-6.13292043825177,-2.32248220766055,-8.82912381506079
1.1475,-6.14310935395819,-2.33776928607792,-8.83421693458304
1.15,-6.1482038118114,-2.36834344291265,-8.90042748837228
1.1525,-6.15329826966461,-2.36834344291265,-8.89533436885003
1.155,-6.15839272751782,-2.20018558032163,-8.90552060789453
1.1575,-6.18895947463709,-2.18489850190427,-8.91061372741678
1.16,-6.17367610107746,-2.1696114234869,-8.93098620550578
1.1625,-6.17877055893067,-2.26133389399109,-8.88514812980553
1.165,-6.18895947463709,-2.15942003787532,-8.92589308598353
1.1675,-6.1940539324903,-2.16451573068111,-8.93607932502803
1.17,-6.22462067960956,-2.1696114234869,-8.88005501028329
1.1725,-6.22971513746277,-2.20018558032163,-8.86986877123879
1.175,-6.23990405316919,-2.17980280909848,-8.86477565171654
1.1775,-6.25009296887561,-2.23075973715636,-8.87496189076104
1.18,-6.25518742672882,-2.22566404435057,-8.88514812980553
1.1825,-6.31122646311414,-2.22566404435057,-8.92079996646128
1.185,-6.3417932102334,-2.23585542996215,-8.87496189076104
1.1875,-6.30103754740772,-2.27152527960267,-8.88514812980553
1.19,-6.31122646311414,-2.27152527960267,-8.88005501028329
1.1925,-6.29594308955451,-2.28171666521425,-8.94117244455028
1.195,-6.30613200526093,-2.31738651485477,-8.89024124932778
1.1975,-6.31632092096735,-2.31738651485477,-8.95645180311703
1.2,-6.31632092096735,-2.27152527960267,-8.90042748837228
1.2025,-6.31632092096735,-2.29190805082582,-8.91570684693903
1.205,-6.35198212593983,-2.23075973715636,-8.88514812980553
1.2075,-6.35198212593983,-2.27152527960267,-8.89533436885003
1.21,-6.35707658379304,-2.24604681557373,-9.04812795451752
1.2125,-6.36726549949946,-2.23585542996215,-8.86986877123879
1.215,-6.37235995735267,-2.20528127312742,-8.93098620550578
1.2175,-6.35707658379304,-2.19508988751584,-8.93607932502803
1.22,-6.35707658379304,-2.22566404435057,-8.93098620550578
1.2225,-6.36726549949946,-2.15942003787532,-8.96663804216153
1.225,-6.36726549949946,-2.17980280909848,-8.87496189076104
1.2275,-6.37745441520588,-2.14922865226375,-8.86986877123879
1.23,-6.37235995735267,-2.14413295945796,-8.86986877123879
1.2325,-6.36726549949946,-2.15432434506954,-8.94626556407253
1.235,-6.36217104164625,-2.13903726665217,-8.89533436885003
1.2375,-6.36217104164625,-2.13394157384638,-8.93098620550578
1.24,-6.35707658379304,-2.11355880262323,-8.84440317362754
1.2425,-6.3876433309123,-2.07788895298271,-8.83931005410529
1.245,-6.39273778876551,-2.12884588104059,-8.86986877123879
1.2475,-6.37235995735267,-2.05750618175956,-8.85458941267204
1.25,-6.40292670447193,-2.05241048895377,-8.85458941267204
1.2525,-6.41821007803156,-2.06769756737113,-8.85458941267204
1.255,-6.40292670447193,-2.0371234105364,-8.86477565171654
1.2575,-6.40802116232514,-2.03202771773061,-8.89024124932778
1.26,-6.41821007803156,-2.03202771773061,-8.89533436885003
1.2625,-6.41821007803156,-5.996476720634,-8.90042748837228
1.265,-6.39273778876551,-2.02693202492483,-8.94117244455028
1.2675,-6.39783224661872,-1.98616648247852,-8.88005501028329
1.27,-6.39273778876551,-2.00654925370167,-8.96663804216153
1.2725,-6.39783224661872,-1.9963578680901,-8.96663804216153
1.275,-6.39273778876551,-2.01164494650746,-8.86986877123879
1.2775,-6.39273778876551,-1.97597509686694,-8.88005501028329
1.28,-6.39273778876551,-1.97087940406115,-8.86986877123879
1.2825,-6.3876433309123,-1.96578371125536,-8.80875133697179
1.285,-6.40292670447193,-1.95559232564379,-8.82403069553854
1.2875,-6.40802116232514,-1.94540094003221,-8.85968253219429
1.29,-6.41821007803156,-1.94030524722642,-8.96663804216153
1.2925,-6.41821007803156,-1.91482678319748,-8.85458941267204
1.295,-6.41311562017835,-1.9046353975859,-8.99210363977278
1.2975,-6.40802116232514,-1.89953970478012,-8.85458941267204
1.3,-6.40802116232514,-1.89444401197433,-8.85968253219429
1.3025,-6.39783224661872,-1.88934831916854,-8.83421693458304
1.305,-6.39783224661872,-1.87915693355696,-8.79856509792729
1.3075,-6.3876433309123,-1.93011386161485,-8.87496189076104
1.31,-6.3876433309123,-1.89953970478012,-8.84949629314979
1.3125,-6.38254887305909,-1.90973109039169,-8.83931005410529
1.315,-6.37745441520588,-1.87915693355696,-8.84440317362754
1.3175,-6.37745441520588,-1.87406124075117,-8.87496189076104
1.32,-6.37745441520588,-1.88934831916854,-8.97682428120603
1.3225,-6.43858790944441,-1.89444401197433,-8.87496189076104
1.325,-6.41311562017835,-1.89953970478012,-8.89024124932778
1.3275,-6.41311562017835,-1.89953970478012,-8.89024124932778
1.33,-6.40802116232514,-1.89444401197433,-8.88005501028329
1.3325,-6.42839899373798,-1.89444401197433,-8.85968253219429
1.335,-6.40802116232514,-1.89444401197433,-8.90042748837228
1.3375,-6.40292670447193,-1.89953970478012,-8.88514812980553
1.34,-6.40802116232514,-1.95559232564379,-8.82912381506079
1.3425,-6.40802116232514,-1.90973109039169,-8.96154492263928
1.345,-6.40292670447193,-1.91482678319748,-8.95135868359478
1.3475,-6.40802116232514,-1.87915693355696,-8.94626556407253
1.35,-6.39783224661872,-1.87915693355696,-8.94117244455028
1.3525,-6.39783224661872,-1.9046353975859,-8.76800638079379
1.355,-6.39273778876551,-1.89444401197433,-8.93607932502803
1.3575,-6.39273778876551,-1.90973109039169,-8.93607932502803
1.36,-6.39273778876551,-1.94030524722642,-8.93607932502803
1.3625,-6.39273778876551,-2.02693202492483,-0.10970319296954
1.365,-6.36726549949946,-1.89444401197433,-0.0995169539250416
1.3675,-6.35707658379304,-1.97087940406115,-0.0995169539250416
1.37,-6.34688766808662,-1.92501816880906,-0.0995169539250416
1.3725,-6.31632092096735,-1.90973109039169,-0.0995169539250416
1.375,-6.31122646311414,-1.91992247600327,-0.0995169539250416
1.3775,-6.29594308955451,-1.950496632838,-0.0995169539250416
1.38,-6.2908486317013,-1.950496632838,-0.0995169539250416
1.3825,-6.2908486317013,-1.95559232564379,-8.78328573936054
1.385,-6.28065971599488,-1.950496632838,-8.79856509792729
1.3875,-6.27556525814167,-1.97087940406115,-8.79856509792729
1.39,-6.27047080028846,-1.96578371125536,-8.7272614246158
1.3925,-6.26028188458204,-1.950496632838,-8.84949629314979
1.395,-6.26028188458204,-1.94540094003221,-8.84440317362754
1.3975,-6.21952622175635,-1.94540094003221,-8.84440317362754
1.4,-6.20933730604993,-1.950496632838,-0.114796312491791
1.4025,-6.20424284819672,-1.98107078967273,-0.0995169539250416
1.405,-6.19914839034351,-1.9963578680901,-0.0995169539250416
1.4075,-6.15329826966461,-1.99126217528431,-8.7272614246158
1.41,-6.13292043825177,-1.99126217528431,-8.73235454413805
1.4125,-6.13292043825177,-2.03202771773061,-8.7272614246158
1.415,-6.11254260683893,-2.04221910334219,-8.73235454413805
1.4175,-6.10744814898572,-2.01674063931325,-0.114796312491791
1.42,-6.10235369113251,-2.06260187456535,-0.0995169539250416
1.4225,-6.0972592332793,-2.03202771773061,-8.80875133697179
1.425,-6.08707031757288,-2.10336741701165,-8.79347197840504
1.4275,-6.08197585971966,-2.06769756737113,-8.84949629314979
1.43,-6.07178694401324,-2.23075973715636,-8.83421693458304
1.4325,-6.06669248616003,-2.24604681557373,-8.81384445649404
1.435,-6.06159802830682,-2.11865449542902,-8.83931005410529
1.4375,-6.04631465474719,-2.15432434506954,-8.82403069553854
1.44,-6.04631465474719,-2.14922865226375,-8.85968253219429
1.4425,-6.06669248616003,-2.14922865226375,-8.83421693458304
1.445,-6.06159802830682,-2.15432434506954,-8.92589308598353
1.4475,-6.06669248616003,-2.16451573068111,-8.89533436885003
1.45,-0.101082340050429,-2.18999419471005,-8.90042748837228
1.4525,-6.02084236548114,-2.17470711629269,-8.94117244455028
1.455,-6.01574790762793,-2.25114250837952,-8.6967027074823
1.4575,-6.01574790762793,-2.20528127312742,-8.88005501028329
1.46,-6.03103128118756,-2.24604681557373,-8.7068889465268
1.4625,-6.03103128118756,-2.24604681557373,-8.71198206604905
1.465,-5.95970887124261,-2.2562382011853,-8.71198206604905
1.4675,-5.95970887124261,-2.26642958679688,-8.7272614246158
1.47,-5.95970887124261,-2.26642958679688,-9.01247611786177
1.4725,-5.95970887124261,-2.27152527960267,-8.7170751855713
1.475,-5.95970887124261,-2.27662097240846,-8.72216830509355
1.4775,-5.9546144133894,-2.27152527960267,-8.74254078318255
1.48,-5.95970887124261,-2.31229082204898,-8.88514812980553
1.4825,-5.96480332909582,-2.28681235802003,-8.79856509792729
1.485,-5.96989778694903,-2.27152527960267,-8.81384445649404
1.4875,-5.98008670265545,-2.25114250837952,-8.90552060789453
1.49,-6.01065344977472,-2.29700374363161,-8.82912381506079
1.4925,-6.01065344977472,-2.29700374363161,-8.95135868359478
1.495,-6.04122019689398,-2.29700374363161,-8.94117244455028
1.4975,-6.00555899192151,-2.29700374363161,-8.77309950031604
1.5,-6.00555899192151,-2.30719512924319,-8.80875133697179
1.5025,-6.01065344977472,-2.28171666521425,-9.03284859595077
1.505,-6.03103128118756,-2.29700374363161,-8.97682428120603
1.5075,-6.03103128118756,-2.29700374363161,-9.02775547642852
1.51,-6.01065344977472,-2.3020994364374,-8.85458941267204
1.5125,-6.01574790762793,-2.29700374363161,-8.85458941267204
1.515,-6.01065344977472,-2.29700374363161,-8.85968253219429
1.5175,-6.03612573904077,-2.27662097240846,-8.88514812980553
1.52,-6.03612573904077,-2.27152527960267,-8.86477565171654
1.5225,-6.02593682333435,-2.3020994364374,-8.7170751855713
1.525,-6.02593682333435,-2.29700374363161,-8.71198206604905
1.5275,-6.02593682333435,-2.31229082204898,-8.90042748837228
1.53,-6.0514091126004,-2.32248220766055,-8.72216830509355
1.5325,-6.02084236548114,-2.32248220766055,-8.72216830509355
1.535,-6.02084236548114,-2.32248220766055,-8.72216830509355
1.5375,-6.04631465474719,-2.31229082204898,-8.71198206604905
1.54,-6.02593682333435,-2.33776928607792,-8.7374476636603
1.5425,-6.03103128118756,-2.34286497888371,-8.77819261983829
1.545,-6.03612573904077,-2.3479606716895,-8.79347197840504
1.5475,-6.07178694401324,-2.35305636449528,-8.79856509792729
1.55,-6.03103128118756,-2.37853482852423,-8.79856509792729
1.5525,-6.03612573904077,-2.37853482852423,-8.82912381506079
1.555,-6.03103128118756,-2.39891759974738,-8.82403069553854
1.5575,-6.03103128118756,-2.40401329255317,-8.82912381506079
1.56,-6.03612573904077,-2.38363052133001,-8.82912381506079
1.5625,-6.03612573904077,-2.38363052133001,-8.79347197840504
1.565,-6.04631465474719,-2.39891759974738,-8.79347197840504
1.5675,-6.04631465474719,-2.39891759974738,-8.82912381506079
1.57,-6.04631465474719,-2.40401329255317,-8.82912381506079
1.5725,-6.11254260683893,-2.39891759974738,-8.82912381506079
1.575,-6.11254260683893,-2.48554437744578,-8.80365821744954
1.5775,-6.08197585971966,-2.41930037097053,-8.81384445649404
1.58,-6.09216477542609,-2.43968314219369,-8.82403069553854
1.5825,-6.0972592332793,-2.42439606377632,-8.82403069553854
1.585,-6.1482038118114,-2.43968314219369,-0.858391762740226
1.5875,-6.10744814898572,-2.42949175658211,-0.10461007344729
1.59,-6.13801489610498,-2.4345874493879,-0.0995169539250416
1.5925,-6.13292043825177,-2.47535299183421,-0.0995169539250416
1.595,-6.1482038118114,-2.40401329255317,-8.7272614246158
1.5975,-6.14310935395819,-2.39891759974738,-8.78837885888279
1.6,-6.14310935395819,-2.38363052133001,-8.81893757601629
1.6025,-6.13292043825177,-2.37343913571844,-8.99719675929503
1.605,-6.13801489610498,-2.35815205730107,-9.01247611786177
1.6075,-6.13292043825177,-2.35815205730107,-8.7272614246158
1.61,-6.14310935395819,-2.33776928607792,-8.72216830509355
1.6125,-6.23480959531598,-2.33267359327213,-8.73235454413805
1.615,-6.25009296887561,-2.32248220766055,-8.74254078318255
1.6175,-6.15329826966461,-2.31229082204898,-8.7476339027048
1.62,-6.13801489610498,-2.3020994364374,-8.7170751855713
1.6225,-6.13801489610498,-2.31738651485477,-8.73235454413805
1.625,-6.1482038118114,-2.28681235802003,-8.7374476636603
1.6275,-6.15329826966461,-2.28171666521425,-8.7068889465268
1.63,-6.15329826966461,-2.27662097240846,-8.7476339027048
1.6325,-6.18386501678388,-2.33776928607792,-8.72216830509355
1.635,-6.18895947463709,-2.26133389399109,-8.78837885888279
1.6375,-6.19914839034351,-2.23075973715636,-8.75272702222705
1.64,-6.20933730604993,-2.0829846457885,-8.85458941267204
1.6425,-6.20424284819672,-2.04731479614798,-8.68142334891555
1.645,-6.20424284819672,-2.04221910334219,-8.72216830509355
1.6475,-6.21443176390314,-2.04221910334219,-8.69160958796005
1.65,-6.21443176390314,-2.05241048895377,-8.67123710987105
1.6525,-6.1940539324903,-2.11355880262323,-8.68142334891555
1.655,-6.26537634243525,-2.01164494650746,-8.6763302293933
1.6575,-6.21952622175635,-2.00145356089588,-8.70179582700455
1.66,-6.21952622175635,-2.02693202492483,-8.66105087082655
1.6625,-6.22971513746277,-2.01674063931325,-8.7170751855713
1.665,-6.22971513746277,-2.02693202492483,-8.6661439903488
1.6675,-6.26028188458204,-2.0371234105364,-8.64577151225981
1.67,-6.28575417384809,-2.01164494650746,-8.64577151225981
1.6725,-6.26028188458204,-2.1237501882348,-8.68142334891555
1.675,-6.26028188458204,-2.02693202492483,-8.75272702222705
1.6775,-6.2449985110224,-2.09827172420586,-8.81384445649404
1.68,-6.27047080028846,-2.04731479614798,-8.66105087082655
1.6825,-6.25009296887561,-2.01674063931325,-8.86986877123879
1.685,-6.32141537882056,-2.05241048895377,-8.66105087082655
1.6875,-6.30103754740772,-2.10846310981744,-8.6967027074823
1.69,-6.28065971599488,-2.05241048895377,-8.7170751855713
1.6925,-6.31122646311414,-2.06260187456535,-8.7170751855713
1.695,-6.28575417384809,-2.05750618175956,-8.72216830509355
1.6975,-6.2908486317013,-2.02693202492483,-8.75272702222705
1.7,-6.29594308955451,-1.98616648247852,-8.6763302293933
1.7025,-6.29594308955451,-1.98616648247852,-8.6559577513043
1.705,-6.29594308955451,-2.05750618175956,-8.6865164684378
1.7075,-6.2908486317013,-2.01164494650746,-8.6763302293933
1.71,-6.30613200526093,-2.02183633211904,-8.68142334891555
1.7125,-6.30613200526093,-2.01674063931325,-8.79856509792729
1.715,-6.25518742672882,-1.9963578680901,-8.83421693458304
1.7175,-6.25518742672882,-1.98107078967273,-8.6865164684378
1.72,-6.27047080028846,-1.96068801844958,-8.69160958796005
1.7225,-6.2449985110224,-1.97087940406115,-8.66105087082655
1.725,-6.23990405316919,-1.950496632838,-8.6661439903488
1.7275,-6.23990405316919,-1.96578371125536,-8.6967027074823
1.73,-6.23480959531598,-1.95559232564379,-8.70179582700455
1.7325,-6.22971513746277,-1.95559232564379,-8.77309950031604
1.735,-6.22971513746277,-1.97597509686694,-8.7068889465268
1.7375,-6.22462067960956,-1.97087940406115,-8.6763302293933
1.74,-6.21952622175635,-1.99126217528431,-8.7068889465268
1.7425,-6.20933730604993,-2.0829846457885,-8.7374476636603
1.745,-6.19914839034351,-1.94540094003221,-8.74254078318255
1.7475,-6.21443176390314,-1.950496632838,-8.76291326127155
1.75,-6.20933730604993,-1.98107078967273,-8.77309950031604
1.7525,-6.18386501678388,-2.07788895298271,-8.80365821744954
1.755,-6.17367610107746,-2.07788895298271,-8.77309950031604
1.7575,-6.16858164322425,-2.0371234105364,-8.69160958796005
1.76,-6.15839272751782,-2.03202771773061,-8.87496189076104
1.7625,-6.1482038118114,-2.02693202492483,-8.6865164684378
1.765,-6.14310935395819,-2.04221910334219,-8.67123710987105
1.7675,-6.13292043825177,-2.04731479614798,-8.7068889465268
1.77,-6.12273152254535,-2.03202771773061,-8.69160958796005
1.7725,-6.11763706469214,-2.0371234105364,-8.6661439903488
1.775,-6.13292043825177,-2.02183633211904,-8.67123710987105
1.7775,-6.12782598039856,-2.11355880262323,-8.68142334891555
1.78,-6.12273152254535,-2.0371234105364,-8.69160958796005
1.7825,-6.11763706469214,-2.0371234105364,-8.6967027074823
1.785,-6.08707031757288,-2.01164494650746,-8.7476339027048
1.7875,-6.08197585971966,-2.01674063931325,-8.77819261983829
1.79,-6.08707031757288,-2.02693202492483,-8.6763302293933
1.7925,-6.07688140186645,-2.03202771773061,-8.69160958796005
1.795,-6.07688140186645,-2.00654925370167,-8.69160958796005
1.7975,-6.08197585971966,-2.02183633211904,-8.6763302293933
1.8,-6.07688140186645,-2.02693202492483,-8.69160958796005
1.8025,-6.07688140186645,-2.03202771773061,-8.70179582700455
1.805,-6.08197585971966,-2.07788895298271,-8.78328573936054
1.8075,-6.07688140186645,-2.07279326017692,-8.71198206604905
1.81,-6.08197585971966,-2.07279326017692,-8.7170751855713
1.8125,-6.09216477542609,-2.28681235802003,-8.83421693458304
1.815,-6.09216477542609,-2.02693202492483,-8.76800638079379
1.8175,-6.0972592332793,-2.01674063931325,-8.6967027074823
1.82,-6.08707031757288,-2.13394157384638,-8.73235454413805
1.8225,-6.08707031757288,-2.15432434506954,-8.7476339027048
1.825,-6.09216477542609,-2.05241048895377,-8.81384445649404
1.8275,-6.0972592332793,-2.06769756737113,-8.84949629314979
1.83,-6.10235369113251,-2.0829846457885,-8.77309950031604
1.8325,-6.10235369113251,-2.05750618175956,-8.77309950031604
1.835,-6.10744814898572,-2.05750618175956,-8.7068889465268
1.8375,-6.11254260683893,-2.02693202492483,-8.7170751855713
1.84,-6.11763706469214,-2.06769756737113,-8.90042748837228
1.8425,-6.12273152254535,-2.0829846457885,-8.71198206604905
1.845,-6.13292043825177,-2.09827172420586,-8.69160958796005
1.8475,-6.13801489610498,-2.16451573068111,-8.73235454413805
1.85,-6.14310935395819,-2.0829846457885,-8.7272614246158
1.8525,-6.14310935395819,-2.0829846457885,-8.73235454413805
1.855,-6.15329826966461,-2.11355880262323,-8.7476339027048
1.8575,-6.13292043825177,-2.11865449542902,-8.74254078318255
1.86,-6.16348718537103,-2.12884588104059,-8.78837885888279
1.8625,-6.16348718537103,-2.12884588104059,-8.76291326127155
1.865,-6.16858164322425,-2.16451573068111,-8.7272614246158
1.8675,-6.17367610107746,-2.18999419471005,-8.76800638079379
1.87,-6.1940539324903,-2.18999419471005,-8.77819261983829
1.8725,-6.20424284819672,-2.18999419471005,-8.79856509792729
1.875,-6.18386501678388,-2.27152527960267,-8.7374476636603
1.8775,-6.15839272751782,-2.26133389399109,-8.77309950031604
1.88,-6.1940539324903,-2.26642958679688,-8.75272702222705
1.8825,-6.1940539324903,-2.26642958679688,-8.79347197840504
1.885,-6.1940539324903,-2.28171666521425,-8.7476339027048
1.8875,-6.22462067960956,-2.28171666521425,-8.75272702222705
1.89,-6.22971513746277,-2.49064007025157,-8.81893757601629
1.8925,-6.22462067960956,-2.32757790046634,-8.89024124932778
1.895,-0.0908934243440065,-2.3887262141358,-8.76800638079379
1.8975,-0.0959878821972175,-2.41930037097053,-8.7476339027048
1.9,-0.0959878821972175,-2.39891759974738,-8.77819261983829
1.9025,-0.0959878821972175,-2.39382190694159,-8.92079996646128
1.905,-0.0908934243440065,-2.43968314219369,-8.93607932502803
1.9075,-6.17367610107746,-2.39382190694159,-8.71198206604905
1.91,-6.17877055893067,-2.42949175658211,-8.98191740072828
1.9125,-6.18386501678388,-2.46516160622263,-8.97173116168378
1.915,-6.18386501678388,-2.47025729902842,-8.84440317362754
1.9175,-6.20933730604993,-2.39891759974738,-8.7272614246158
1.92,-6.21443176390314,-2.47535299183421,-8.73235454413805
1.9225,-6.1940539324903,-2.42439606377632,-8.7170751855713
1.925,-6.19914839034351,-2.41420467816475,-8.69160958796005
1.9275,-6.19914839034351,-2.45497022061105,-8.73235454413805
1.93,-6.19914839034351,-2.44987452780526,-8.73235454413805
1.9325,-0.0959878821972175,-2.41930037097053,-8.75272702222705
1.935,-0.0959878821972175,-2.48044868463999,-8.68142334891555
1.9375,-0.0959878821972175,-2.42949175658211,-8.7068889465268
1.94,-6.18895947463709,-2.40910898535896,-8.74254078318255
1.9425,-6.18895947463709,-2.41930037097053,-8.73235454413805
1.945,-6.18895947463709,-2.41930037097053,-8.7374476636603
1.9475,-6.1940539324903,-2.4345874493879,-8.68142334891555
1.95,-6.19914839034351,-2.43968314219369,-8.6661439903488
1.9525,-6.20424284819672,-2.44987452780526,-8.6967027074823
1.955,-6.20933730604993,-2.51611853428051,-8.6661439903488
1.9575,-6.20933730604993,-2.46516160622263,-8.65086463178205
1.96,-6.21952622175635,-2.47535299183421,-8.65086463178205
1.9625,-6.22462067960956,-2.46006591341684,-8.67123710987105
1.965,-6.23480959531598,-2.48044868463999,-8.6559577513043
1.9675,-6.23990405316919,-2.47025729902842,-8.67123710987105
1.97,-6.25009296887561,-2.51102284147473,-8.67123710987105
1.9725,-6.26028188458204,-2.48044868463999,-8.7068889465268
1.975,-6.26028188458204,-2.48044868463999,-8.71198206604905
1.9775,-6.27047080028846,-2.49573576305736,-8.7170751855713
1.98,-6.27047080028846,-2.50083145586315,-8.7170751855713
1.9825,-6.28065971599488,-2.51102284147473,-8.62539903417081
1.985,-6.28065971599488,-2.48554437744578,-8.62539903417081
1.9875,-6.2908486317013,-2.46516160622263,-8.6661439903488
1.99,-6.2908486317013,-2.48044868463999,-8.63558527321531
1.9925,-6.30103754740772,-2.46006591341684,-8.6559577513043
1.995,-6.29594308955451,-2.50083145586315,-8.6661439903488
1.9975,-6.30613200526093,-2.50083145586315,-8.69160958796005
2,-6.30613200526093,-2.48554437744578,-8.6865164684378
2.0025,-6.31632092096735,-2.45497022061105,-8.6661439903488
2.005,-6.31632092096735,-2.48554437744578,-8.66105087082655
2.0075,-6.32650983667377,-2.41930037097053,-8.66105087082655
2.01,-6.33160429452698,-2.41420467816475,-8.6763302293933
2.0125,-6.33669875238019,-2.40401329255317,-8.68142334891555
2.015,-6.3417932102334,-2.40401329255317,-8.59993343655956
2.0175,-6.3417932102334,-2.39382190694159,-8.7272614246158
2.02,-6.34688766808662,-2.37343913571844,-8.68142334891555
2.0225,-6.35198212593983,-2.42949175658211,-8.57956095847056
2.025,-6.35198212593983,-2.34286497888371,-8.57956095847056
2.0275,-6.34688766808662,-2.32757790046634,-8.58465407799281
2.03,-6.34688766808662,-2.3887262141358,-8.68142334891555
2.0325,-6.36726549949946,-2.29700374363161,-8.7476339027048
2.035,-6.36726549949946,-2.30719512924319,-8.80875133697179
2.0375,-6.36726549949946,-2.28171666521425,-8.54900224133706
2.04,-6.36726549949946,-2.23585542996215,-8.61521279512631
2.0425,-0.0959878821972175,-2.26133389399109,-8.65086463178205
2.045,-0.0959878821972175,-2.21037696593321,-8.65086463178205
2.0475,-0.0959878821972175,-2.23075973715636,-8.58974719751506
2.05,-0.0908934243440065,-2.17980280909848,-8.62539903417081
2.0525,-6.32141537882056,-2.18489850190427,-8.58974719751506
2.055,-6.32141537882056,-2.15942003787532,-8.59484031703731
2.0575,-6.31632092096735,-2.14413295945796,-8.58974719751506
2.06,-6.31632092096735,-2.14922865226375,-8.58974719751506
2.0625,-6.30613200526093,-2.13903726665217,-8.59993343655956
2.065,-6.33160429452698,-2.1237501882348,-8.56428159990381
2.0675,-6.30613200526093,-2.08808033859429,-8.59484031703731
2.07,-6.2908486317013,-2.05750618175956,-8.66105087082655
2.0725,-6.2908486317013,-2.04731479614798,-8.6661439903488
2.075,-6.28575417384809,-2.08808033859429,-8.63558527321531
2.0775,-6.28065971599488,-2.01164494650746,-8.55918848038156
2.08,-6.27047080028846,-1.99126217528431,-8.66105087082655
2.0825,-6.27556525814167,-1.98616648247852,-8.65086463178205
2.085,-6.27047080028846,-1.97597509686694,-8.6865164684378
2.0875,-6.26537634243525,-1.97597509686694,-8.61011967560406
2.09,-6.26537634243525,-1.97087940406115,-8.76291326127155
2.0925,-6.26537634243525,-1.98107078967273,-8.59484031703731
2.095,-6.25518742672882,-2.00145356089588,-8.59993343655956
2.0975,-6.26028188458204,-1.89444401197433,-8.58974719751506
2.1,-6.25518742672882,-1.87915693355696,-0.10461007344729
2.1025,-6.25518742672882,-1.9046353975859,-8.60502655608181
2.105,-6.25009296887561,-1.85367846952802,-8.61011967560406
2.1075,-6.25009296887561,-1.87915693355696,-8.61011967560406
2.11,-6.25009296887561,-1.87915693355696,-8.61521279512631
2.1125,-6.25009296887561,-1.85877416233381,-8.54390912181481
2.115,-6.2449985110224,-1.88934831916854,-8.51844352420357
2.1175,-6.23990405316919,-1.91992247600327,-8.48788480707007
2.12,-6.2449985110224,-1.9046353975859,-8.48279168754782
2.1225,-6.2449985110224,-1.97087940406115,-8.53881600229256
2.125,-6.23990405316919,-1.88934831916854,-8.62030591464856
2.1275,-6.26537634243525,-1.9046353975859,-8.56937471942606
2.13,-6.2449985110224,-1.94540094003221,-8.55918848038156
2.1325,-6.26537634243525,-1.94030524722642,-8.59484031703731
2.135,-6.23480959531598,-1.95559232564379,-8.56937471942606
2.1375,-6.23480959531598,-1.99126217528431,-8.59993343655956
2.14,-6.23480959531598,-1.95559232564379,-8.56428159990381
2.1425,-6.23990405316919,-2.05241048895377,-8.49297792659232
2.145,-6.23990405316919,-2.02183633211904,-8.54900224133706
2.1475,-6.23990405316919,-2.02183633211904,-8.62030591464856
2.15,-6.23990405316919,-2.08808033859429,-8.63049215369306
2.1525,-6.23990405316919,-2.09317603140008,-8.54900224133706
2.155,-6.22971513746277,-2.09317603140008,-8.61521279512631
2.1575,-6.22971513746277,-2.0829846457885,-8.64577151225981
2.16,-6.22462067960956,-2.10846310981744,-8.54900224133706
2.1625,-6.21952622175635,-2.13394157384638,-8.55409536085931
2.165,-6.21443176390314,-2.19508988751584,-8.55918848038156
2.1675,-6.21443176390314,-2.24095112276794,-8.54900224133706
2.17,-6.20933730604993,-2.22566404435057,-8.55918848038156
2.1725,-6.20933730604993,-2.23075973715636,-8.59484031703731
2.175,-6.20424284819672,-2.24604681557373,-8.59484031703731
2.1775,-6.19914839034351,-2.25114250837952,-8.59484031703731
2.18,-6.21952622175635,-2.30719512924319,-8.59484031703731
2.1825,-6.21952622175635,-2.32248220766055,-8.42167425328083
2.185,-6.21952622175635,-2.34286497888371,-8.58974719751506
2.1875,-6.22462067960956,-2.37853482852423,-8.48788480707007
2.19,-6.19914839034351,-2.35305636449528,-8.61011967560406
2.1925,-6.19914839034351,-2.36834344291265,-8.51335040468132
2.195,-6.1940539324903,-2.37343913571844,-8.51844352420357
2.1975,-6.1940539324903,-2.40401329255317,-8.46751232898107
2.2,-6.1940539324903,-2.40910898535896,-8.43186049232532
2.2025,-6.1940539324903,-2.40910898535896,-8.40130177519183
2.205,-6.1940539324903,-2.40401329255317,-8.39620865566958
2.2075,-6.22462067960956,-2.4345874493879,-8.38092929710283
2.21,-6.17877055893067,-2.4345874493879,-8.38092929710283
2.2125,-6.18386501678388,-2.46006591341684,-8.58974719751506
2.215,-6.17877055893067,-2.47025729902842,-8.57956095847056
2.2175,-6.17367610107746,-2.47535299183421,-8.62539903417081
2.22,-6.17367610107746,-2.47535299183421,-8.63049215369306
2.2225,-6.17367610107746,-2.49064007025157,-8.40639489471408
2.225,-6.17367610107746,-2.50592714866894,-8.43695361184757
2.2275,-6.1940539324903,-2.49573576305736,-8.43186049232532
2.23,-6.16858164322425,-2.52630991989209,-8.61011967560406
2.2325,-6.16858164322425,-2.51611853428051,-8.51844352420357
2.235,-6.16858164322425,-2.54159699830946,-8.44204673136982
2.2375,-6.17367610107746,-2.5212142270863,-8.45223297041432
2.24,-6.17367610107746,-2.56197976953261,-8.43186049232532
2.2425,-6.17367610107746,-2.50083145586315,-8.45732608993657
2.245,-6.17877055893067,-2.50083145586315,-8.49297792659232
2.2475,-6.18386501678388,-2.50592714866894,-8.48788480707007
2.25,-6.18386501678388,-2.50592714866894,-8.46241920945882
2.2525,-6.17877055893067,-2.50592714866894,-8.49807104611457
2.255,-6.17367610107746,-2.46006591341684,-8.57956095847056
2.2575,-6.17367610107746,-2.48044868463999,-8.51844352420357
2.26,-6.16858164322425,-2.46516160622263,-8.49807104611457
2.2625,-6.17877055893067,-2.48554437744578,-8.54900224133706
2.265,-6.17877055893067,-2.47025729902842,-8.52353664372582
2.2675,-6.18386501678388,-2.47025729902842,-8.59993343655956
2.27,-6.18386501678388,-2.49573576305736,-8.50825728515907
2.2725,-6.18895947463709,-2.49064007025157,-8.52862976324807
2.275,-6.18895947463709,-2.46516160622263,-8.55918848038156
2.2775,-6.1940539324903,-2.51102284147473,-8.58465407799281
2.28,-6.1940539324903,-2.42949175658211,-8.56428159990381
2.2825,-6.20424284819672,-2.44987452780526,-8.56937471942606
2.285,-6.20933730604993,-2.48044868463999,-8.68142334891555
2.2875,-6.21443176390314,-2.48554437744578,-8.62030591464856
2.29,-6.21952622175635,-2.45497022061105,-8.65086463178205
2.2925,-6.21952622175635,-2.50592714866894,-8.41148801423633
2.295,-6.20933730604993,-2.57726684794997,-8.41148801423633
2.2975,-6.21443176390314,-2.48554437744578,-8.69160958796005
2.3,-6.20933730604993,-2.47025729902842,-8.43186049232532
2.3025,-6.21443176390314,-2.50592714866894,-8.43186049232532
2.305,-6.21952622175635,-2.54159699830946,-8.44713985089207
2.3075,-6.22462067960956,-2.47535299183421,-8.45223297041432
2.31,-6.22971513746277,-2.46006591341684,-8.44713985089207
2.3125,-6.22971513746277,-2.42949175658211,-8.51844352420357
2.315,-6.23480959531598,-2.42949175658211,-8.52862976324807
2.3175,-6.23990405316919,-2.42949175658211,-8.42167425328083
2.32,-6.25009296887561,-2.41420467816475,-8.41658113375857
2.3225,-6.25518742672882,-2.36834344291265,-8.43186049232532
2.325,-6.26537634243525,-2.30719512924319,-8.43695361184757
2.3275,-6.27047080028846,-2.39382190694159,-8.43186049232532
2.33,-6.27556525814167,-2.37853482852423,-8.58465407799281
2.3325,-6.27556525814167,-2.44987452780526,-8.49807104611457
2.335,-6.27556525814167,-2.22056835154479,-8.57956095847056
2.3375,-6.29594308955451,-2.215472658739,-8.57446783894831
2.34,-6.2908486317013,-2.34286497888371,-8.57956095847056
2.3425,-6.29594308955451,-2.35305636449528,-8.57956095847056
2.345,-6.32141537882056,-2.19508988751584,-8.51335040468132
2.3475,-6.32650983667377,-2.19508988751584,-8.59993343655956
2.35,-6.32650983667377,-2.15432434506954,-8.57446783894831
2.3525,-6.28065971599488,-2.17980280909848,-8.53372288277031
2.355,-6.28575417384809,-2.17980280909848,-8.56937471942606
2.3575,-6.28575417384809,-2.3479606716895,-8.59993343655956
2.36,-6.28065971599488,-2.23075973715636,-8.61521279512631
2.3625,-6.28065971599488,-2.23075973715636,-8.65086463178205
2.365,-6.28065971599488,-2.31738651485477,-8.56428159990381
2.3675,-6.27556525814167,-2.28171666521425,-8.60502655608181
2.37,-6.26537634243525,-2.30719512924319,-8.61011967560406
2.3725,-6.26028188458204,-2.27152527960267,-8.60502655608181
2.375,-6.27556525814167,-2.2562382011853,-8.55918848038156
2.3775,-6.26537634243525,-2.26642958679688,-8.53372288277031
2.38,-6.22971513746277,-2.27152527960267,-8.6967027074823
2.3825,-6.22462067960956,-2.25114250837952,-8.68142334891555
2.385,-6.21443176390314,-2.20018558032163,-8.69160958796005
2.3875,-6.20933730604993,-2.22056835154479,-8.43186049232532
2.39,-6.20424284819672,-2.13903726665217,-8.52353664372582
2.3925,-6.19914839034351,-2.14413295945796,-8.43186049232532
2.395,-6.19914839034351,-2.14413295945796,-8.7170751855713
2.3975,-6.1940539324903,-2.14413295945796,-8.63049215369306
2.4,-6.19914839034351,-2.13903726665217,-8.45223297041432
2.4025,-6.19914839034351,-0.100760144336805,-8.45223297041432
2.405,-6.19914839034351,-0.0956644515310163,-8.74254078318255
2.4075,-6.1940539324903,-0.0956644515310163,-8.76291326127155
2.41,-6.18895947463709,-2.01164494650746,-8.46241920945882
2.4125,-6.18386501678388,-2.01674063931325,-8.47769856802557
2.415,-6.17367610107746,-1.99126217528431,-8.51844352420357
2.4175,-6.17367610107746,-2.00145356089588,-8.49807104611457
2.42,-6.16348718537103,-1.9963578680901,-8.57956095847056
2.4225,-6.15329826966461,-1.99126217528431,-8.62030591464856
2.425,-6.1482038118114,-1.98616648247852,-8.63049215369306
2.4275,-6.16858164322425,-1.96578371125536,-8.58974719751506
2.43,-6.16348718537103,-1.98107078967273,-8.61011967560406
2.4325,-6.16348718537103,-1.99126217528431,-8.44204673136982
2.435,-6.12782598039856,-1.97087940406115,-8.55918848038156
2.4375,-6.12782598039856,-1.97597509686694,-8.46751232898107
2.44,-6.12273152254535,-1.96068801844958,-8.46751232898107
2.4425,-6.12273152254535,-2.01674063931325,-8.50316416563682
2.445,-6.11254260683893,-1.98616648247852,-8.51335040468132
2.4475,-6.11254260683893,-1.98107078967273,-8.50316416563682
2.45,-6.11254260683893,-1.98616648247852,-8.51335040468132
2.4525,-6.10235369113251,-1.98616648247852,-8.52353664372582
2.455,-6.10235369113251,-1.99126217528431,-8.48788480707007
2.4575,-6.0972592332793,-1.9963578680901,-8.48788480707007
2.46,-6.0972592332793,-2.02183633211904,-8.49807104611457
2.4625,-6.09216477542609,-2.02693202492483,-8.55918848038156
2.465,-6.09216477542609,-2.06260187456535,-8.53881600229256
2.4675,-6.09216477542609,-2.04731479614798,-8.66105087082655
2.47,-6.09216477542609,-2.09827172420586,-8.65086463178205
2.4725,-6.09216477542609,-2.04731479614798,-8.58465407799281
2.475,-6.08197585971966,-2.06260187456535,-8.58465407799281
2.4775,-6.07688140186645,-2.08808033859429,-8.49297792659232
2.48,-6.07688140186645,-2.10336741701165,-8.49297792659232
2.4825,-6.07178694401324,-2.11355880262323,-8.49807104611457
2.485,-6.07688140186645,-2.1237501882348,-8.51335040468132
2.4875,-6.07178694401324,-2.13394157384638,-8.51335040468132
2.49,-6.06669248616003,-2.16451573068111,-8.52862976324807
2.4925,-6.06669248616003,-2.15432434506954,-8.54900224133706
2.495,-6.07178694401324,-2.17470711629269,-8.54900224133706
2.4975,-6.06669248616003,-2.55178838392103,-8.59993343655956
2.5,-6.07178694401324,-2.49064007025157,-8.59484031703731
2.5025,-6.07178694401324,-2.53650130550367,-8.59484031703731
2.505,-6.07178694401324,-2.54159699830946,-8.59993343655956
2.5075,-6.07178694401324,-2.55178838392103,-8.59993343655956
2.51,-6.07688140186645,-2.51611853428051,-8.59484031703731
2.5125,-6.08197585971966,-2.54669269111524,-8.62030591464856
2.515,-6.08707031757288,-2.53650130550367,-8.59993343655956
2.5175,-6.09216477542609,-2.52630991989209,-8.59484031703731
2.52,-6.09216477542609,-2.57726684794997,-8.61521279512631
2.5225,-6.09216477542609,-2.51102284147473,-8.67123710987105
2.525,-6.09216477542609,-2.47025729902842,-8.63049215369306
2.5275,-6.06669248616003,-2.50592714866894,-8.63558527321531
2.53,-6.09216477542609,-2.44987452780526,-8.57446783894831
2.5325,-6.10235369113251,-2.5212142270863,-8.60502655608181
2.535,-6.0972592332793,-2.52630991989209,-8.7068889465268
2.5375,-6.0972592332793,-2.50592714866894,-8.71198206604905
2.54,-6.10744814898572,-2.39891759974738,-8.62030591464856
2.5425,-6.11254260683893,-2.39891759974738,-8.48788480707007
2.545,-6.11254260683893,-2.3887262141358,-8.52862976324807
2.5475,-6.11763706469214,-2.37853482852423,-8.53372288277031
2.55,-6.12273152254535,-2.35305636449528,-8.53881600229256
2.5525,-6.12273152254535,-2.33776928607792,-8.54390912181481
2.555,-6.12782598039856,-2.34286497888371,-8.53881600229256
2.5575,-6.12782598039856,-2.34286497888371,-8.54900224133706
2.56,-6.12782598039856,-2.33776928607792,-8.55409536085931
2.5625,-6.12782598039856,-2.33776928607792,-8.51844352420357
2.565,-6.13292043825177,-2.33776928607792,-8.54900224133706
2.5675,-6.15839272751782,-2.32757790046634,-8.55918848038156
2.57,-6.16858164322425,-2.36834344291265,-8.55918848038156
2.5725,-6.16858164322425,-2.37853482852423,-8.6967027074823
2.575,-6.17367610107746,-2.36834344291265,-8.54390912181481
2.5775,-6.15329826966461,-2.3479606716895,-8.53372288277031
2.58,-6.15329826966461,-2.35815205730107,-8.53372288277031
2.5825,-6.15839272751782,-2.35815205730107,-0.0995169539250416
2.585,-6.15839272751782,-2.36834344291265,-8.53881600229256
2.5875,-6.13292043825177,-2.34286497888371,-8.59484031703731
2.59,-6.15329826966461,-2.35815205730107,-8.63558527321531
2.5925,-6.15329826966461,-2.36834344291265,-8.67123710987105
2.595,-6.15329826966461,-2.35815205730107,-8.62539903417081
2.5975,-6.14310935395819,-2.36324775010686,-8.61521279512631
2.6,-6.13292043825177,-2.37853482852423,-8.65086463178205
2.6025,-6.13292043825177,-2.33267359327213,-8.64577151225981
2.605,-6.15329826966461,-2.32757790046634,-8.62030591464856
2.6075,-6.10235369113251,-2.33267359327213,-8.65086463178205
2.61,-6.0972592332793,-2.31229082204898,-8.55409536085931
2.6125,-6.09216477542609,-2.29190805082582,-8.59993343655956
2.615,-6.10235369113251,-2.28681235802003,-8.59484031703731
2.6175,-0.0959878821972175,-2.28681235802003,-8.48788480707007
2.62,-6.0514091126004,-2.27152527960267,-8.48279168754782
2.6225,-6.04631465474719,-2.27152527960267,-8.63049215369306
2.625,-6.04631465474719,-2.26133389399109,-8.51335040468132
2.6275,-6.04122019689398,-2.27662097240846,-8.51844352420357
2.63,-6.03612573904077,-2.27152527960267,-8.56428159990381
2.6325,-6.03612573904077,-2.26642958679688,-8.54390912181481
2.635,-6.03612573904077,-2.26133389399109,-8.57956095847056
2.6375,-6.03103128118756,-2.2562382011853,-8.62539903417081
2.64,-6.03612573904077,-2.25114250837952,-8.59484031703731
2.6425,-6.03103128118756,-2.2562382011853,-8.61521279512631
2.645,-6.02593682333435,-2.22566404435057,-8.57956095847056
2.6475,-6.03103128118756,-2.24604681557373,-8.62030591464856
2.65,-6.02593682333435,-2.23585542996215,-8.6661439903488
2.6525,-6.02593682333435,-2.24604681557373,-8.66105087082655
2.655,-6.02593682333435,-2.215472658739,-8.6967027074823
2.6575,-6.02593682333435,-2.3020994364374,-8.71198206604905
2.66,-6.02593682333435,-2.26133389399109,-8.7068889465268
2.6625,-6.02084236548114,-2.32248220766055,-8.74254078318255
2.665,-6.02084236548114,-2.27662097240846,-8.64067839273756
2.6675,-6.01065344977472,-2.29700374363161,-8.77309950031604
2.67,-6.01065344977472,-2.28681235802003,-8.61521279512631
2.6725,-6.00555899192151,-2.30719512924319,-8.61521279512631
2.675,-5.99537007621508,-2.44987452780526,-8.63049215369306
2.6775,-5.99027561836187,-2.31738651485477,-8.65086463178205
2.68,-5.99027561836187,-2.31738651485477,-8.52862976324807
2.6825,-5.99027561836187,-2.29190805082582,-8.57446783894831
2.685,-5.99027561836187,-2.32248220766055,-8.57446783894831
2.6875,-5.99027561836187,-2.27152527960267,-8.57956095847056
2.69,-5.98518116050866,-2.26133389399109,-8.58974719751506
2.6925,-5.99027561836187,-2.31738651485477,-8.59484031703731
2.695,-5.98518116050866,-2.29700374363161,-8.57956095847056
2.6975,-5.98518116050866,-2.29190805082582,-8.59993343655956
2.7,-5.98518116050866,-2.3020994364374,-8.63049215369306
2.7025,-5.98518116050866,-2.27662097240846,-8.64067839273756
2.705,-5.98008670265545,-2.27662097240846,-8.63558527321531
2.7075,-5.97499224480224,-2.24604681557373,-8.64067839273756
2.71,-5.97499224480224,-2.24095112276794,-8.63049215369306
2.7125,-5.96480332909582,-2.29190805082582,-8.68142334891555
2.715,-5.96480332909582,-2.21037696593321,-8.7170751855713
2.7175,-5.96480332909582,-2.19508988751584,-8.70179582700455
2.72,-5.95970887124261,-2.15942003787532,-8.6967027074823
2.7225,-5.95970887124261,-2.09827172420586,-8.6559577513043
2.725,-5.95970887124261,-2.13394157384638,-8.64067839273756
2.7275,-5.9546144133894,-2.09827172420586,-8.64577151225981
2.73,-5.95970887124261,-2.09827172420586,-8.63558527321531
2.7325,-5.96480332909582,-2.07788895298271,-8.63558527321531
2.735,-5.96989778694903,-2.13903726665217,-8.64067839273756
2.7375,-5.97499224480224,-2.15942003787532,-8.69160958796005
2.74,-5.98008670265545,-2.07279326017692,-8.55918848038156
2.7425,-5.98008670265545,-2.07279326017692,-8.56937471942606
2.745,-5.98008670265545,-2.05241048895377,-8.59993343655956
2.7475,-5.99027561836187,-2.07788895298271,-8.55918848038156
2.75,-5.98518116050866,-2.09827172420586,-8.57956095847056
2.7525,-6.01065344977472,-2.07279326017692,-8.57446783894831
2.755,-6.01065344977472,-2.05750618175956,-8.61011967560406
2.7575,-5.99027561836187,-2.06769756737113,-8.56937471942606
2.76,-6.02084236548114,-2.07788895298271,-8.57446783894831
2.7625,-6.01065344977472,-2.10336741701165,-8.61011967560406
2.765,-6.01065344977472,-2.10846310981744,-8.62539903417081
2.7675,-6.01574790762793,-2.14922865226375,-8.60502655608181
2.77,-6.02593682333435,-2.1237501882348,-8.64067839273756
2.7725,-6.03612573904077,-2.1237501882348,-8.68142334891555
2.775,-6.04122019689398,-2.13394157384638,-8.61011967560406
2.7775,-6.0514091126004,-2.13903726665217,-8.67123710987105
2.78,-6.0514091126004,-2.14922865226375,-8.71198206604905
2.7825,-6.06159802830682,-2.14922865226375,-8.59484031703731
2.785,-6.07178694401324,-2.17980280909848,-8.72216830509355
2.7875,-6.07178694401324,-2.18999419471005,-8.71198206604905
2.79,-6.08197585971966,-2.1237501882348,-8.63049215369306
2.7925,-6.08707031757288,-2.1237501882348,-8.61011967560406
2.795,-6.09216477542609,-2.13903726665217,-8.76800638079379
2.7975,-6.10235369113251,-2.13394157384638,-8.64067839273756
2.8,-6.13292043825177,-2.15432434506954,-8.64577151225981
2.8025,-6.15839272751782,-2.14922865226375,-8.64067839273756
2.805,-6.16348718537103,-2.12884588104059,-8.6661439903488
2.8075,-6.18895947463709,-2.09827172420586,-8.6763302293933
2.81,-6.1940539324903,-2.07279326017692,-8.6967027074823
2.8125,-6.16858164322425,-2.07279326017692,-8.77309950031604
2.815,-6.17877055893067,-2.0829846457885,-8.77819261983829
2.8175,-6.17877055893067,-2.08808033859429,-8.75272702222705
2.82,-6.18895947463709,-2.09317603140008,-8.7476339027048
2.8225,-6.1940539324903,-2.0829846457885,-8.79347197840504
2.825,-6.19914839034351,-2.16451573068111,-8.54900224133706
2.8275,-6.19914839034351,-2.1696114234869,-8.63049215369306
2.83,-6.20933730604993,-2.09317603140008,-8.53881600229256
2.8325,-6.20933730604993,-2.09317603140008,-8.55918848038156
2.835,-6.23480959531598,-2.08808033859429,-8.55918848038156
2.8375,-6.25009296887561,-2.06260187456535,-8.58974719751506
2.84,-6.25009296887561,-2.10846310981744,-8.57956095847056
2.8425,-6.21952622175635,-2.07788895298271,-8.61521279512631
2.845,-6.22462067960956,-2.12884588104059,-8.59484031703731
2.8475,-6.22971513746277,-2.09317603140008,-8.60502655608181
2.85,-6.22971513746277,-2.09827172420586,-8.64577151225981
2.8525,-6.23480959531598,-2.09827172420586,-8.63558527321531
2.855,-6.23480959531598,-2.10846310981744,-8.64067839273756
2.8575,-6.23990405316919,-2.11865449542902,-8.70179582700455
2.86,-6.23990405316919,-2.12884588104059,-8.66105087082655
2.8625,-6.23990405316919,-2.14922865226375,-8.65086463178205
2.865,-6.23990405316919,-2.15432434506954,-8.6865164684378
2.8675,-6.23990405316919,-2.31229082204898,-8.65086463178205
2.87,-6.23990405316919,-2.23075973715636,-8.72216830509355
2.8725,-6.23990405316919,-2.30719512924319,-8.79347197840504
2.875,-6.26028188458204,-2.20528127312742,-8.56937471942606
2.8775,-6.25518742672882,-2.215472658739,-8.58465407799281
2.88,-6.22971513746277,-2.23075973715636,-8.76291326127155
2.8825,-6.25009296887561,-2.22056835154479,-8.64067839273756
2.885,-6.25009296887561,-2.23585542996215,-8.76800638079379
2.8875,-6.2449985110224,-2.23075973715636,-8.83421693458304
2.89,-6.25009296887561,-2.27152527960267,-8.62539903417081
2.8925,-6.22462067960956,-2.28171666521425,-8.86986877123879
2.895,-6.25009296887561,-2.32248220766055,-8.7170751855713
2.8975,-6.22971513746277,-2.3020994364374,-8.63049215369306
2.9,-6.26028188458204,-2.31229082204898,-8.61521279512631
2.9025,-6.25009296887561,-2.3020994364374,-8.64577151225981
2.905,-6.2908486317013,-2.3020994364374,-8.7476339027048
2.9075,-6.26028188458204,-2.34286497888371,-8.76800638079379
2.91,-6.25009296887561,-2.33267359327213,-8.61011967560406
2.9125,-6.2449985110224,-2.33267359327213,-8.79347197840504
2.915,-6.23990405316919,-2.34286497888371,-8.65086463178205
2.9175,-6.22971513746277,-2.33776928607792,-8.6865164684378
2.92,-6.22971513746277,-2.33776928607792,-8.80875133697179
2.9225,-6.22462067960956,-2.35815205730107,-8.68142334891555
2.925,-6.21443176390314,-2.33776928607792,-8.6661439903488
2.9275,-6.21443176390314,-2.35815205730107,-8.67123710987105
2.93,-6.20933730604993,-2.36324775010686,-8.7170751855713
2.9325,-6.20424284819672,-2.33267359327213,-8.7272614246158
2.935,-6.19914839034351,-2.33267359327213,-8.56428159990381
2.9375,-6.1940539324903,-2.33776928607792,-8.61011967560406
2.94,-6.20933730604993,-2.33776928607792,-8.65086463178205
2.9425,-6.20424284819672,-2.34286497888371,-8.61521279512631
2.945,-6.19914839034351,-2.35305636449528,-8.63049215369306
2.9475,-6.18895947463709,-2.3479606716895,-8.64577151225981
2.95,-6.18895947463709,-2.35305636449528,-8.66105087082655
2.9525,-6.17367610107746,-2.33776928607792,-8.6763302293933
2.955,-6.21443176390314,-2.33776928607792,-8.69160958796005
2.9575,-6.20933730604993,-2.34286497888371,-8.69160958796005
2.96,-6.17877055893067,-2.31229082204898,-8.6967027074823
2.9625,-6.17367610107746,-2.32248220766055,-8.70179582700455
2.965,-6.17367610107746,-2.34286497888371,-8.68142334891555
2.9675,-6.16858164322425,-2.30719512924319,-8.6661439903488
2.97,-6.1482038118114,-2.29190805082582,-8.75272702222705
2.9725,-6.1482038118114,-2.31229082204898,-8.65086463178205
2.975,-6.16858164322425,-2.31738651485477,-8.6559577513043
2.9775,-6.15839272751782,-2.32248220766055,-8.67123710987105
2.98,-6.15839272751782,-2.32248220766055,-8.66105087082655
2.9825,-6.13292043825177,-2.33776928607792,-8.76800638079379
2.985,-6.12782598039856,-2.36834344291265,-8.52862976324807
2.9875,-6.12273152254535,-2.35305636449528,-8.51844352420357
2.99,-6.12273152254535,-2.33776928607792,-8.62539903417081
2.9925,-6.0972592332793,-2.34286497888371,-8.64067839273756
2.995,-6.0972592332793,-2.35305636449528,-8.66105087082655
2.9975,-6.0972592332793,-2.36324775010686,-8.54900224133706
3,-6.09216477542609,-2.37853482852423,-8.53372288277031
3.0025,-6.0972592332793,-2.39382190694159,-8.64067839273756
3.005,-6.0972592332793,-2.41420467816475,-8.59484031703731
3.0075,-6.0972592332793,-2.5212142270863,-8.52862976324807
3.01,-6.0972592332793,-2.48044868463999,-8.52353664372582
3.0125,-6.09216477542609,-2.46516160622263,-8.67123710987105
3.015,-6.09216477542609,-2.52630991989209,-8.57446783894831
3.0175,-6.09216477542609,-2.5212142270863,-8.52353664372582
3.02,-6.09216477542609,-2.54159699830946,-8.52862976324807
3.0225,-6.09216477542609,-2.53140561269788,-8.62539903417081
3.025,-6.11763706469214,-2.50083145586315,-8.63049215369306
3.0275,-6.12273152254535,-2.53650130550367,-8.55409536085931
3.03,-6.11763706469214,-2.51611853428051,-8.51844352420357
3.0325,-6.10235369113251,-2.48044868463999,-8.54390912181481
3.035,-6.11254260683893,-2.52630991989209,-8.54900224133706
3.0375,-6.11254260683893,-2.45497022061105,-8.56937471942606
3.04,-6.12273152254535,-2.37343913571844,-8.56937471942606
3.0425,-6.13292043825177,-2.37853482852423,-8.63049215369306
3.045,-6.13801489610498,-2.35305636449528,-8.61521279512631
3.0475,-6.1482038118114,-2.27152527960267,-8.57956095847056
3.05,-6.1482038118114,-2.22056835154479,-8.62030591464856
3.0525,-6.14310935395819,-2.28171666521425,-8.52862976324807
3.055,-6.15329826966461,-2.17980280909848,-8.61011967560406
3.0575,-6.17877055893067,-2.14922865226375,-8.56428159990381
3.06,-6.17367610107746,-2.09827172420586,-8.6763302293933
3.0625,-6.17367610107746,-2.13394157384638,-8.53881600229256
3.065,-0.0959878821972175,-2.05750618175956,-8.53881600229256
3.0675,-6.1940539324903,-2.15942003787532,-8.54900224133706
3.07,-6.20424284819672,-2.11865449542902,-8.54390912181481
3.0725,-6.23480959531598,-2.05241048895377,-8.55409536085931
3.075,-6.22462067960956,-2.05241048895377,-8.56937471942606
3.0775,-6.26537634243525,-2.10336741701165,-8.56428159990381
3.08,-6.27047080028846,-2.08808033859429,-8.67123710987105
3.0825,-6.27556525814167,-2.09827172420586,-8.56428159990381
3.085,-6.30103754740772,-2.1237501882348,-8.55918848038156
3.0875,-6.27556525814167,-2.1237501882348,-8.56428159990381
3.09,-6.28065971599488,-2.0829846457885,-8.57956095847056
3.0925,-6.28065971599488,-2.07279326017692,-8.55409536085931
3.095,-6.28575417384809,-2.09827172420586,-8.54390912181481
3.0975,-6.2908486317013,-2.07788895298271,-8.54900224133706
3.1,-6.32141537882056,-2.10336741701165,-8.53881600229256
3.1025,-6.32141537882056,-2.14413295945796,-8.51844352420357
3.105,-6.32141537882056,-2.07788895298271,-8.53372288277031
3.1075,-6.32141537882056,-2.05241048895377,-8.52862976324807
3.11,-6.32650983667377,-2.05750618175956,-8.55918848038156
3.1125,-6.33160429452698,-2.05241048895377,-8.56937471942606
3.115,-6.33669875238019,-2.05750618175956,-8.53881600229256
3.1175,-6.33669875238019,-2.05241048895377,-8.53372288277031
3.12,-6.3417932102334,-2.09317603140008,-8.52353664372582
3.1225,-6.34688766808662,-2.09827172420586,-8.54900224133706
3.125,-6.34688766808662,-2.10846310981744,-8.54900224133706
3.1275,-6.35198212593983,-2.08808033859429,-8.55918848038156
3.13,-6.43858790944441,-2.07788895298271,-8.55918848038156
3.1325,-6.41311562017835,-2.07788895298271,-8.55918848038156
3.135,-6.43858790944441,-2.07279326017692,-8.54900224133706
3.1375,-6.43858790944441,-2.07788895298271,-8.54900224133706
3.14,-6.43858790944441,-2.0829846457885,-8.64067839273756
3.1425,-6.41311562017835,-2.0829846457885,-8.61011967560406
3.145,-6.40802116232514,-2.06769756737113,-8.63558527321531
3.1475,-6.39273778876551,-2.05750618175956,-8.59993343655956
3.15,-6.38254887305909,-2.07279326017692,-8.62030591464856
3.1525,-6.40802116232514,-2.0829846457885,-8.50825728515907
3.155,-6.40802116232514,-2.05241048895377,-8.57446783894831
3.1575,-6.40292670447193,-2.03202771773061,-8.50825728515907
3.16,-6.39783224661872,-2.05750618175956,-8.44204673136982
3.1625,-6.39273778876551,-2.05750618175956,-8.43186049232532
3.165,-6.3876433309123,-2.06260187456535,-8.44204673136982
3.1675,-6.38254887305909,-2.06769756737113,-8.54900224133706
3.17,-6.38254887305909,-2.10336741701165,-8.43186049232532
3.1725,-6.37745441520588,-2.0829846457885,-8.46751232898107
3.175,-6.37745441520588,-2.14413295945796,-8.46751232898107
3.1775,-6.37745441520588,-2.1237501882348,-8.46751232898107
3.18,-6.37745441520588,-2.12884588104059,-8.48279168754782
3.1825,-6.37745441520588,-2.1237501882348,-8.45223297041432
3.185,-6.37745441520588,-2.1237501882348,-8.45223297041432
3.1875,-6.37235995735267,-2.13903726665217,-8.45732608993657
3.19,-6.37235995735267,-2.14413295945796,-8.45223297041432
3.1925,-6.36726549949946,-2.07279326017692,-0.10970319296954
3.195,-6.36217104164625,-2.06769756737113,-0.10461007344729
3.1975,-6.35707658379304,-2.00145356089588,-8.49297792659232
3.2,-6.38254887305909,-2.00654925370167,-8.48788480707007
3.2025,-6.37235995735267,-2.00145356089588,-8.56937471942606
3.205,-6.36217104164625,-1.99126217528431,-8.51844352420357
3.2075,-6.31632092096735,-1.98107078967273,-8.52353664372582
3.21,-6.33160429452698,-1.97087940406115,-8.56937471942606
3.2125,-6.31632092096735,-2.05750618175956,-8.47260544850332
3.215,-6.31122646311414,-2.07788895298271,-8.44204673136982
3.2175,-6.30103754740772,-1.950496632838,-8.45732608993657
3.22,-6.32141537882056,-1.950496632838,-8.46241920945882
3.2225,-6.32141537882056,-1.96578371125536,-8.48788480707007
3.225,-6.32141537882056,-1.98616648247852,-8.50825728515907
3.2275,-0.101082340050429,-1.99126217528431,-8.48279168754782
3.23,-0.0959878821972175,-2.39382190694159,-8.53881600229256
3.2325,-0.0959878821972175,-2.27662097240846,-8.42167425328083
3.235,-0.0959878821972175,-2.18999419471005,-8.49807104611457
3.2375,-6.27047080028846,-2.26642958679688,-8.43695361184757
3.24,-6.28065971599488,-2.26642958679688,-8.41658113375857
3.2425,-6.28065971599488,-2.14413295945796,-8.41658113375857
3.245,-6.27556525814167,-2.11355880262323,-8.41148801423633
3.2475,-0.101082340050429,-2.0829846457885,-8.42167425328083
3.25,-0.0959878821972175,-2.07788895298271,-0.114796312491791
3.2525,-6.22462067960956,-2.08808033859429,-8.45223297041432
3.255,-6.22462067960956,-2.10846310981744,-8.43186049232532
3.2575,-6.22462067960956,-2.05241048895377,-8.43186049232532
3.26,-6.22462067960956,-2.04731479614798,-8.45223297041432
3.2625,-6.22462067960956,-2.05241048895377,-8.46241920945882
3.265,-6.21952622175635,-2.05241048895377,-8.49297792659232
3.2675,-6.2449985110224,-2.04731479614798,-8.39111553614733
3.27,-6.23990405316919,-2.06769756737113,-8.39620865566958
3.2725,-6.23990405316919,-2.06769756737113,-8.40130177519183
3.275,-6.2449985110224,-2.06769756737113,-8.39111553614733
3.2775,-6.2449985110224,-2.07279326017692,-8.46751232898107
3.28,-6.23990405316919,-2.07279326017692,-8.44204673136982
3.2825,-6.23990405316919,-2.07788895298271,-8.54390912181481
3.285,-6.21443176390314,-2.1696114234869,-8.47260544850332
3.2875,-6.21443176390314,-2.19508988751584,-8.39111553614733
3.29,-6.21443176390314,-2.24095112276794,-8.36564993853608
3.2925,-6.21952622175635,-2.23075973715636,-8.37074305805833
3.295,-6.21952622175635,-2.2562382011853,-8.40130177519183
3.2975,-6.2449985110224,-2.24095112276794,-8.34527746044708
3.3,-6.26537634243525,-2.27152527960267,-8.37583617758058
3.3025,-6.23990405316919,-2.28171666521425,-8.41148801423633
3.305,-6.23480959531598,-2.28681235802003,-8.41148801423633
3.3075,-6.22971513746277,-2.28681235802003,-8.39111553614733
3.31,-6.22462067960956,-2.27662097240846,-8.66105087082655
3.3125,-6.22971513746277,-2.27152527960267,-8.44204673136982
3.315,-6.22971513746277,-2.26642958679688,-8.39111553614733
3.3175,-6.22971513746277,-2.29190805082582,-8.40130177519183
3.32,-6.22971513746277,-2.33776928607792,-8.41658113375857
3.3225,-6.22971513746277,-2.26642958679688,-8.43186049232532
3.325,-6.23990405316919,-2.26133389399109,-8.38602241662508
3.3275,-6.23990405316919,-2.26133389399109,-8.38092929710283
3.33,-6.2449985110224,-2.23585542996215,-8.41658113375857
3.3325,-6.2449985110224,-2.28681235802003,-8.42676737280307
3.335,-6.25518742672882,-2.36324775010686,-8.39620865566958
3.3375,-6.23480959531598,-2.31229082204898,-8.43695361184757
3.34,-6.22971513746277,-2.32248220766055,-8.37074305805833
3.3425,-6.26537634243525,-2.31229082204898,-8.39620865566958
3.345,-6.25518742672882,-2.30719512924319,-8.38092929710283
3.3475,-6.25009296887561,-2.33267359327213,-8.39620865566958
3.35,-6.25009296887561,-2.33776928607792,-8.38602241662508
3.3525,-6.2449985110224,-2.3479606716895,-8.38092929710283
3.355,-6.23990405316919,-2.3479606716895,-8.42676737280307
3.3575,-6.23990405316919,-2.36834344291265,-8.45223297041432
3.36,-6.23990405316919,-2.39891759974738,-8.41148801423633
3.3625,-6.23990405316919,-2.36324775010686,-8.35037057996933
3.365,-6.23990405316919,-2.35815205730107,-8.36564993853608
3.3675,-6.23480959531598,-2.41930037097053,-8.36564993853608
3.37,-6.23480959531598,-2.3479606716895,-8.51335040468132
3.3725,-6.23480959531598,-2.38363052133001,-8.35546369949158
3.375,-6.26028188458204,-2.36834344291265,-8.32999810188033
3.3775,-6.22462067960956,-2.33776928607792,-8.52353664372582
3.38,-6.21952622175635,-2.34286497888371,-8.37074305805833
3.3825,-6.21952622175635,-2.32757790046634,-8.39111553614733
3.385,-6.21443176390314,-2.3020994364374,-8.42167425328083
3.3875,-6.21443176390314,-2.30719512924319,-8.43695361184757
3.39,-6.21443176390314,-2.27662097240846,-8.39111553614733
3.3925,-6.20933730604993,-2.22056835154479,-8.39620865566958
3.395,-6.20933730604993,-2.20528127312742,-8.31981186283583
3.3975,-6.19914839034351,-2.26642958679688,-8.32490498235808
3.4,-6.19914839034351,-2.28681235802003,-8.43186049232532
3.4025,-6.20424284819672,-2.26133389399109,-8.33509122140258
3.405,-6.20424284819672,-2.27662097240846,-8.34018434092483
3.4075,-6.19914839034351,-2.24095112276794,-8.34018434092483
3.41,-6.20424284819672,-2.2562382011853,-8.34018434092483
3.4125,-6.22971513746277,-2.24095112276794,-8.34527746044708
3.415,-6.20933730604993,-2.17470711629269,-8.36564993853608
3.4175,-6.20933730604993,-2.21037696593321,-8.34018434092483
3.42,-6.18386501678388,-2.20018558032163,-8.35546369949158
3.4225,-6.18386501678388,-2.215472658739,-8.36564993853608
3.425,-6.18895947463709,-2.20528127312742,-8.37074305805833
3.4275,-6.20424284819672,-2.22566404435057,-8.40639489471408
3.43,-6.18895947463709,-2.13394157384638,-8.39111553614733
3.4325,-6.18895947463709,-2.15942003787532,-8.36564993853608
3.435,-6.1940539324903,-2.17470711629269,-8.40639489471408
3.4375,-6.20424284819672,-2.13903726665217,-8.44204673136982
3.44,-6.19914839034351,-2.06769756737113,-8.36564993853608
3.4425,-6.20424284819672,-2.09317603140008,-8.39620865566958
3.445,-6.20933730604993,-2.01674063931325,-8.48279168754782
3.4475,-6.21443176390314,-2.03202771773061,-8.46241920945882
3.45,-6.23990405316919,-2.04221910334219,-8.38602241662508
3.4525,-6.21952622175635,-1.98107078967273,-8.38602241662508
3.455,-6.2449985110224,-1.97597509686694,-8.38092929710283
3.4575,-6.21952622175635,-1.90973109039169,-0.10461007344729
3.46,-6.25518742672882,-1.91992247600327,-0.0995169539250416
3.4625,-6.22971513746277,-1.98107078967273,-8.44204673136982
3.465,-6.26028188458204,-1.82820000549908,-8.47260544850332
3.4675,-6.2449985110224,-1.83329569830487,-8.49807104611457
3.47,-6.25009296887561,-1.82820000549908,-8.51335040468132
3.4725,-6.26028188458204,-0.100760144336805,-8.42167425328083
3.475,-6.25009296887561,-0.0956644515310163,-8.43695361184757
3.4775,-6.26028188458204,-1.78743446305277,-8.42167425328083
3.48,-6.27047080028846,-1.97087940406115,-8.42167425328083
3.4825,-6.27047080028846,-1.80272154147014,-8.38602241662508
3.485,-6.27556525814167,-1.92501816880906,-8.43695361184757
3.4875,-6.27047080028846,-1.92501816880906,-8.42676737280307
3.49,-6.27556525814167,-1.93520955442063,-8.37074305805833
3.4925,-6.28065971599488,-1.89444401197433,-8.55409536085931
3.495,-6.28065971599488,-1.87915693355696,-8.44713985089207
3.4975,-6.28065971599488,-1.88934831916854,-8.48279168754782
3.5,-6.28065971599488,-1.90973109039169,-8.49807104611457
3.5025,-6.28065971599488,-1.87406124075117,-8.50825728515907
3.505,-0.0959878821972175,-1.85877416233381,-8.48788480707007
3.5075,-0.0959878821972175,-1.87406124075117,-8.50316416563682
3.51,-6.27047080028846,-1.87915693355696,-8.36055681901383
3.5125,-6.27047080028846,-1.87406124075117,-8.54900224133706
3.515,-6.26537634243525,-0.126238608365746,-8.53372288277031
3.5175,-6.27047080028846,-0.0956644515310163,-8.55918848038156
3.52,-6.26537634243525,-0.0956644515310163,-8.56937471942606
3.5225,-6.26028188458204,-0.0956644515310163,-8.33509122140258
3.525,-6.26537634243525,-0.0956644515310163,-8.36055681901383
3.5275,-6.26028188458204,-0.0956644515310163,-8.39111553614733
3.53,-0.0959878821972175,-0.0956644515310163,-8.40639489471408
3.5325,-6.25009296887561,-0.0956644515310163,-8.35037057996933
3.535,-6.27556525814167,-0.0956644515310163,-8.38092929710283
3.5375,-6.27047080028846,-0.0956644515310163,-8.36055681901383
3.54,-6.23480959531598,-0.0956644515310163,-8.38602241662508
3.5425,-6.23990405316919,-0.0905687587252277,-8.41658113375857
3.545,-6.23990405316919,-0.0956644515310163,-8.38092929710283
3.5475,-6.2449985110224,-2.14922865226375,-8.37583617758058
3.55,-6.27556525814167,-2.20018558032163,-8.40639489471408
3.5525,-6.28065971599488,-2.19508988751584,-8.53881600229256
3.555,-6.27047080028846,-2.17980280909848,-8.38092929710283
3.5575,-6.27047080028846,-2.20018558032163,-8.38602241662508
3.56,-6.25009296887561,-2.23075973715636,-8.54900224133706
3.5625,-6.25518742672882,-2.27152527960267,-8.39111553614733
3.565,-6.25518742672882,-2.26133389399109,-8.56937471942606
3.5675,-6.26028188458204,-2.33776928607792,-8.36564993853608
3.57,-6.26537634243525,-2.26642958679688,-8.36055681901383
3.5725,-6.27047080028846,-2.26642958679688,-8.34018434092483
3.575,-6.29594308955451,-2.30719512924319,-8.34018434092483
3.5775,-6.27556525814167,-2.31738651485477,-8.34018434092483
3.58,-6.28065971599488,-2.42439606377632,-8.33509122140258
3.5825,-6.30613200526093,-2.3887262141358,-8.38092929710283
3.585,-6.31122646311414,-2.40401329255317,-8.37074305805833
3.5875,-6.32141537882056,-2.41420467816475,-8.35546369949158
3.59,-6.31122646311414,-2.40401329255317,-8.36055681901383
3.5925,-6.3417932102334,-2.42439606377632,-8.35546369949158
3.595,-6.33669875238019,-2.4345874493879,-8.33509122140258
3.5975,-6.33669875238019,-2.50592714866894,-8.34527746044708
3.6,-6.35198212593983,-2.51102284147473,-8.33509122140258
3.6025,-6.36217104164625,-2.47535299183421,-8.34018434092483
3.605,-6.37235995735267,-2.45497022061105,-8.47260544850332
3.6075,-6.40292670447193,-2.48044868463999,-8.30962562379133
3.61,-6.3876433309123,-2.54159699830946,-8.30962562379133
3.6125,-6.39783224661872,-2.55688407672682,-8.31981186283583
3.615,-6.40802116232514,-2.56197976953261,-8.54390912181481
3.6175,-6.41821007803156,-2.56197976953261,-8.37583617758058
3.62,-6.42839899373798,-2.58236254075576,-8.36564993853608
3.6225,-6.43858790944441,-2.57726684794997,-8.55918848038156
3.625,-6.45387128300404,-2.59764961917313,-8.35546369949158
3.6275,-6.45896574085725,-2.59764961917313,-8.36055681901383
3.63,-6.46915465656367,-2.59764961917313,-8.37074305805833
3.6325,-6.47424911441688,-2.57217115514419,-8.45223297041432
3.635,-6.47934357227009,-2.55178838392103,-8.35546369949158
3.6375,-6.47934357227009,-2.55688407672682,-8.39620865566958
3.64,-6.4844380301233,-2.54159699830946,-8.37074305805833
3.6425,-6.47934357227009,-2.51611853428051,-8.42676737280307
3.645,-6.4844380301233,-2.53650130550367,-8.32490498235808
3.6475,-6.48953248797651,-2.53650130550367,-8.34018434092483
3.65,-6.48953248797651,-2.54159699830946,-8.38092929710283
3.6525,-6.4844380301233,-2.5670754623384,-8.38092929710283
3.655,-6.47934357227009,-2.56197976953261,-8.48279168754782
3.6575,-6.52519369294899,-2.48044868463999,-8.49297792659232
3.66,-6.48953248797651,-2.55178838392103,-8.49807104611457
3.6625,-6.4844380301233,-2.53140561269788,-8.26378754809109
3.665,-6.47934357227009,-2.51611853428051,-8.26378754809109
3.6675,-6.47424911441688,-2.53650130550367,-8.26378754809109
3.67,-6.49462694582972,-2.51102284147473,-8.51844352420357
3.6725,-6.47934357227009,-2.54159699830946,-8.25360130904659
3.675,-6.47934357227009,-2.48554437744578,-8.26888066761334
3.6775,-6.46406019871046,-2.49573576305736,-8.25869442856884
3.68,-6.45896574085725,-2.49573576305736,-8.26378754809109
3.6825,-6.45387128300404,-2.50083145586315,-8.26888066761334
3.685,-6.41311562017835,-2.52630991989209,-8.25869442856884
3.6875,-6.39783224661872,-2.52630991989209,-8.30962562379133
3.69,-6.39273778876551,-2.53140561269788,-8.27906690665784
3.6925,-6.38254887305909,-2.46006591341684,-8.25360130904659
3.695,-6.39273778876551,-2.48044868463999,-8.32490498235808
3.6975,-6.37745441520588,-2.50083145586315,-8.28416002618009
3.7,-6.35198212593983,-2.50083145586315,-8.28416002618009
3.7025,-6.36726549949946,-2.45497022061105,-8.27906690665784
3.705,-6.33669875238019,-2.46516160622263,-8.28416002618009
3.7075,-6.35198212593983,-2.40910898535896,-0.10461007344729
3.71,-6.32141537882056,-2.40910898535896,-8.34527746044708
3.7125,-6.30613200526093,-2.40910898535896,-8.36055681901383
3.715,-6.2908486317013,-2.48044868463999,-8.30962562379133
3.7175,-6.31122646311414,-2.42439606377632,-8.38092929710283
3.72,-6.30103754740772,-2.36324775010686,-8.39111553614733
3.7225,-6.29594308955451,-2.36834344291265,-8.20776323334634
3.725,-6.2908486317013,-2.33776928607792,-8.20267011382409
3.7275,-6.30103754740772,-2.37853482852423,-8.20267011382409
3.73,-6.27556525814167,-2.37853482852423,-8.20776323334634
3.7325,-6.2449985110224,-2.50592714866894,-0.10461007344729
3.735,-6.23480959531598,-2.46006591341684,-0.0995169539250416
3.7375,-6.23480959531598,-2.46006591341684,-0.0995169539250416
3.74,-6.23480959531598,-2.42949175658211,-0.0995169539250416
3.7425,-6.09216477542609,-2.42439606377632,-0.10461007344729
3.745,-6.08197585971966,-2.40401329255317,-0.0995169539250416
3.7475,-6.07688140186645,-2.38363052133001,-0.0995169539250416
3.75,-6.04631465474719,-2.41420467816475,-0.0995169539250416
3.7525,-6.03612573904077,-2.42949175658211,-0.0995169539250416
3.755,-6.0514091126004,-2.40910898535896,-0.0995169539250416
3.7575,-6.04631465474719,-2.42439606377632,-0.0995169539250416
3.76,-6.01065344977472,-2.42949175658211,-0.0995169539250416
3.7625,-6.02593682333435,-2.46516160622263,-0.0995169539250416
3.765,-6.02593682333435,-2.46516160622263,-0.0995169539250416
3.7675,-6.02084236548114,-2.47535299183421,-0.0995169539250416
3.77,-6.01065344977472,-2.48044868463999,-0.0995169539250416
3.7725,-6.00555899192151,-2.49573576305736,-0.0995169539250416
3.775,-6.00555899192151,-2.50592714866894,-0.0995169539250416
3.7775,-6.0004645340683,-2.52630991989209,-8.1721113966906
3.78,-5.99537007621508,-2.56197976953261,-8.31471874331358
3.7825,-5.99537007621508,-2.57217115514419,-8.31471874331358
3.785,-5.99537007621508,-2.55688407672682,-8.24341507000209
3.7875,-5.99537007621508,-2.55178838392103,-8.26378754809109
3.79,-5.99537007621508,-2.61293669759049,-8.17720451621285
3.7925,-6.04631465474719,-2.5670754623384,-8.22813571143534
3.795,-6.04631465474719,-2.59255392636734,-8.21794947239084
3.7975,-6.04631465474719,-2.60274531197892,-8.19757699430184
3.8,-0.0959878821972175,-2.57726684794997,-8.24341507000209
3.8025,-6.03103128118756,-2.55688407672682,-8.28416002618009
3.805,-6.01574790762793,-2.5670754623384,-8.33509122140258
3.8075,-6.02593682333435,-2.58236254075576,-8.35546369949158
3.81,-6.02593682333435,-2.57217115514419,-8.37583617758058
3.8125,-6.03612573904077,-2.57217115514419,-8.38602241662508
3.815,-6.03612573904077,-2.59764961917313,-8.41658113375857
3.8175,-6.04631465474719,-2.59764961917313,-8.34018434092483
3.82,-6.0514091126004,-2.57726684794997,-8.35037057996933
3.8225,-6.08707031757288,-2.5670754623384,-8.35037057996933
3.825,-6.08707031757288,-2.55688407672682,-8.41148801423633
3.8275,-6.06669248616003,-2.56197976953261,-8.40639489471408
3.83,-6.07178694401324,-2.57217115514419,-8.40639489471408
3.8325,-6.10235369113251,-2.54159699830946,-0.10461007344729
3.835,-6.08197585971966,-2.51611853428051,-8.46751232898107
3.8375,-6.08707031757288,-2.51102284147473,-8.46751232898107
3.84,-6.11254260683893,-2.51102284147473,-8.47769856802557
3.8425,-6.11763706469214,-2.50592714866894,-0.10461007344729
3.845,-6.11763706469214,-2.5212142270863,-0.10461007344729
3.8475,-6.0972592332793,-2.49573576305736,-0.0995169539250416
3.85,-6.10235369113251,-2.50592714866894,-0.0995169539250416
3.8525,-6.10744814898572,-2.47025729902842,-0.0995169539250416
3.855,-6.11763706469214,-2.46516160622263,-0.0995169539250416
3.8575,-6.12782598039856,-2.45497022061105,-0.0995169539250416
3.86,-6.12782598039856,-2.47535299183421,-0.0995169539250416
3.8625,-6.13292043825177,-2.44477883499948,-0.0995169539250416
3.865,-6.13801489610498,-2.46006591341684,-0.0995169539250416
3.8675,-6.14310935395819,-2.45497022061105,-0.0995169539250416
3.87,-6.14310935395819,-2.44987452780526,-0.0995169539250416
3.8725,-6.1482038118114,-2.44987452780526,-0.0995169539250416
3.875,-6.15839272751782,-2.41420467816475,-0.0995169539250416
3.8775,-6.16858164322425,-2.41420467816475,-8.36055681901383
3.88,-6.17877055893067,-2.41420467816475,-8.38602241662508
3.8825,-6.18386501678388,-2.38363052133001,-8.39620865566958
3.885,-6.18895947463709,-2.4345874493879,-8.40639489471408
3.8875,-6.18386501678388,-2.38363052133001,-8.43186049232532
3.89,-6.16348718537103,-2.40401329255317,-8.45223297041432
3.8925,-6.1940539324903,-2.37343913571844,-8.43186049232532
3.895,-6.1940539324903,-2.33776928607792,-8.48788480707007
3.8975,-6.19914839034351,-2.32757790046634,-8.49807104611457
3.9,-6.19914839034351,-2.33267359327213,-8.48788480707007
3.9025,-6.19914839034351,-2.33267359327213,-8.51335040468132
3.905,-6.20424284819672,-2.27662097240846,-8.59484031703731
3.9075,-6.20933730604993,-2.24604681557373,-8.59484031703731
3.91,-6.20424284819672,-2.25114250837952,-8.59484031703731
3.9125,-6.20933730604993,-2.24604681557373,-0.10461007344729
3.915,-6.20933730604993,-2.25114250837952,-0.10461007344729
3.9175,-6.20933730604993,-2.26133389399109,-8.37074305805833
3.92,-6.20424284819672,-2.24604681557373,-8.33509122140258
3.9225,-6.21443176390314,-2.25114250837952,-8.32490498235808
3.925,-6.21443176390314,-2.28171666521425,-8.7578201417493
3.9275,-6.21443176390314,-2.30719512924319,-8.76800638079379
3.93,-6.21952622175635,-2.28681235802003,-8.41658113375857
3.9325,-6.22462067960956,-2.31229082204898,-8.42167425328083
3.935,-6.22462067960956,-2.32248220766055,-8.43695361184757
3.9375,-6.22462067960956,-2.29700374363161,-8.44713985089207
3.94,-6.22971513746277,-2.31738651485477,-8.45223297041432
3.9425,-6.22462067960956,-2.34286497888371,-8.46751232898107
3.945,-6.21952622175635,-2.32757790046634,-8.48279168754782
3.9475,-6.21443176390314,-2.34286497888371,-8.46751232898107
3.95,-6.21443176390314,-2.3479606716895,-8.51844352420357
3.9525,-6.20933730604993,-2.34286497888371,-8.53372288277031
3.955,-6.20933730604993,-2.25114250837952,-8.54390912181481
3.9575,-6.19914839034351,-2.25114250837952,-8.53881600229256
3.96,-6.1940539324903,-2.26133389399109,-8.53372288277031
3.9625,-6.1940539324903,-2.20018558032163,-8.54390912181481
3.965,-6.18386501678388,-2.19508988751584,-8.59484031703731
3.9675,-6.17877055893067,-2.20018558032163,-8.58974719751506
3.97,-6.19914839034351,-2.14413295945796,-8.57446783894831
3.9725,-6.19914839034351,-2.13903726665217,-8.63049215369306
3.975,-6.19914839034351,-2.11355880262323,-8.51335040468132
3.9775,-6.21952622175635,-2.10336741701165,-8.51844352420357
3.98,-6.21952622175635,-2.1237501882348,-8.50825728515907
3.9825,-6.21952622175635,-2.11355880262323,-8.54900224133706
3.985,-6.17367610107746,-2.11355880262323,-8.52353664372582
3.9875,-6.16858164322425,-2.11355880262323,-8.56937471942606
3.99,-6.21443176390314,-2.10336741701165,-8.48788480707007
3.9925,-6.14310935395819,-2.11355880262323,-8.59484031703731
3.995,-6.13801489610498,-2.14413295945796,-8.61011967560406
3.9975,-6.13801489610498,-2.11355880262323,-8.59993343655956
4,-6.13801489610498,-1.59379813643281,-8.56937471942606
4.0025,-6.12782598039856,-1.60398952204439,-8.52862976324807
4.005,-6.12273152254535,-1.60908521485018,-8.54390912181481
4.0075,-6.12273152254535,-1.5988938292386,-8.51844352420357
4.01,-6.11763706469214,-0.0956644515310163,-8.55409536085931
4.0125,-6.11763706469214,-1.55812828679229,-8.54900224133706
4.015,-6.11254260683893,-1.5530325939865,-8.54900224133706
4.0175,-6.11254260683893,-1.57851105801545,-8.54900224133706
4.02,-6.10744814898572,-1.58360675082123,-8.68142334891555
4.0225,-6.10744814898572,-1.60908521485018,-8.6661439903488
4.025,-6.10744814898572,-1.61418090765596,-8.60502655608181
4.0275,-6.14310935395819,-1.60908521485018,-8.61521279512631
4.03,-6.1482038118114,-1.65494645010227,-8.63049215369306
4.0325,-6.07178694401324,-1.77724307744119,-8.62539903417081
4.035,-6.06669248616003,-1.66513783571385,-8.63558527321531
4.0375,-6.06159802830682,-1.66004214290806,-8.68142334891555
4.04,-6.05650357045361,-1.83329569830487,-8.6559577513043
4.0425,-6.04631465474719,-1.83329569830487,-8.7068889465268
4.045,-6.04122019689398,-1.84858277672223,-8.71198206604905
4.0475,-6.05650357045361,-1.88934831916854,-8.6661439903488
4.05,-6.05650357045361,-1.91992247600327,-8.6661439903488
4.0525,-6.02084236548114,-1.91482678319748,-8.70179582700455
4.055,-6.02084236548114,-2.1237501882348,-8.74254078318255
4.0575,-6.01574790762793,-2.20018558032163,-8.79856509792729
4.06,-0.101082340050429,-2.21037696593321,-8.73235454413805
4.0625,-0.0959878821972175,-2.20018558032163,-8.66105087082655
4.065,-6.0004645340683,-2.22566404435057,-8.82912381506079
4.0675,-5.96480332909582,-2.26133389399109,-8.90042748837228
4.07,-5.96989778694903,-2.29700374363161,-8.57446783894831
4.0725,-5.96480332909582,-2.3020994364374,-8.64577151225981
4.075,-5.96480332909582,-2.34286497888371,-8.79856509792729
4.0775,-5.96480332909582,-2.36834344291265,-8.62539903417081
4.08,-5.96989778694903,-2.3887262141358,-8.81893757601629
4.0825,-5.96480332909582,-2.37853482852423,-8.76291326127155
4.085,-5.96480332909582,-2.40401329255317,-8.69160958796005
4.0875,-5.96480332909582,-2.5670754623384,-8.71198206604905
4.09,-5.96480332909582,-2.53140561269788,-8.73235454413805
4.0925,-5.96480332909582,-2.58236254075576,-8.68142334891555
4.095,-5.96989778694903,-2.59255392636734,-8.6967027074823
4.0975,-5.96480332909582,-2.60274531197892,-8.71198206604905
4.1,-5.96989778694903,-2.58236254075576,-8.7170751855713
4.1025,-5.96989778694903,-2.59764961917313,-8.76291326127155
4.105,-5.96989778694903,-2.61803239039628,-8.78328573936054
4.1075,-5.98008670265545,-2.64351085442522,-8.73235454413805
4.11,-5.99027561836187,-2.66898931845417,-8.76800638079379
4.1125,-5.99027561836187,-2.63331946881365,-8.76800638079379
4.115,-6.0004645340683,-2.66898931845417,-8.85458941267204
4.1175,-6.00555899192151,-2.66389362564838,-8.80875133697179
4.12,-6.01574790762793,-2.65879793284259,-8.90042748837228
4.1225,-6.02084236548114,-2.62312808320207,-8.78837885888279
4.125,-6.02084236548114,-2.67408501125995,-8.89024124932778
4.1275,-6.02084236548114,-2.66898931845417,-8.7170751855713
4.13,-6.02593682333435,-2.66389362564838,-8.6865164684378
4.1325,-6.02593682333435,-2.66389362564838,-8.69160958796005
4.135,-6.02593682333435,-2.61293669759049,-8.68142334891555
4.1375,-6.02593682333435,-2.64351085442522,-8.6865164684378
4.14,-6.03103128118756,-2.59255392636734,-8.70179582700455
4.1425,-6.0514091126004,-2.56197976953261,-8.75272702222705
4.145,-6.03612573904077,-2.54669269111524,-8.7272614246158
4.1475,-6.04631465474719,-2.58745823356155,-8.7170751855713
4.15,-6.05650357045361,-2.53650130550367,-8.76291326127155
4.1525,-6.06669248616003,-2.57217115514419,-8.75272702222705
4.155,-6.07178694401324,-2.54669269111524,-8.79856509792729
4.1575,-6.06669248616003,-2.54159699830946,-8.80875133697179
4.16,-6.07178694401324,-2.50083145586315,-8.80875133697179
4.1625,-6.07688140186645,-2.48554437744578,-8.77309950031604
4.165,-6.07178694401324,-2.48554437744578,-8.81384445649404
4.1675,-6.07178694401324,-2.47535299183421,-8.80365821744954
4.17,-6.07688140186645,-2.56197976953261,-8.81384445649404
4.1725,-6.07178694401324,-2.5212142270863,-8.83931005410529
4.175,-6.07178694401324,-2.53650130550367,-8.83421693458304
4.1775,-6.07178694401324,-2.42439606377632,-8.87496189076104
4.18,-6.07178694401324,-2.43968314219369,-8.90552060789453
4.1825,-6.0972592332793,-2.42949175658211,-8.92079996646128
4.185,-6.10235369113251,-2.42439606377632,-8.90042748837228
4.1875,-6.0514091126004,-2.42439606377632,-8.91570684693903
4.19,-6.05650357045361,-2.3887262141358,-8.90042748837228
4.1925,-6.03612573904077,-2.3887262141358,-8.90042748837228
4.195,-6.03103128118756,-2.38363052133001,-8.70179582700455
4.1975,-6.05650357045361,-2.40910898535896,-9.02775547642852
4.2,-6.03612573904077,-2.42439606377632,-8.98701052025053
4.2025,-6.05650357045361,-2.35305636449528,-9.07868667165102
4.205,-6.05650357045361,-2.37853482852423,-8.66105087082655
4.2075,-6.08707031757288,-2.32248220766055,-8.66105087082655
4.21,-6.07178694401324,-2.32248220766055,-8.67123710987105
4.2125,-6.0514091126004,-2.28171666521425,-8.68142334891555
4.215,-6.06669248616003,-2.28681235802003,-8.67123710987105
4.2175,-6.06669248616003,-2.23585542996215,-8.72216830509355
4.22,-6.06669248616003,-2.24095112276794,-8.72216830509355
4.2225,-6.07178694401324,-2.22056835154479,-8.7170751855713
4.225,-6.0514091126004,-2.20528127312742,-0.12498255153629
4.2275,-6.07688140186645,-2.18489850190427,-0.10461007344729
4.23,-6.08707031757288,-2.10846310981744,-0.0995169539250416
4.2325,-6.07178694401324,-2.31229082204898,-0.0995169539250416
4.235,-6.07688140186645,-2.06769756737113,-0.0995169539250416
4.2375,-6.08707031757288,-2.08808033859429,-0.0995169539250416
4.24,-6.0972592332793,-2.27152527960267,-0.0995169539250416
4.2425,-6.10235369113251,-2.19508988751584,-8.75272702222705
4.245,-6.11254260683893,-2.05241048895377,-8.75272702222705
4.2475,-6.12273152254535,-2.15942003787532,-8.7476339027048
4.25,-6.13292043825177,-2.12884588104059,-8.76291326127155
4.2525,-6.15329826966461,-2.15942003787532,-8.79856509792729
4.255,-6.16858164322425,-2.15942003787532,-8.80365821744954
4.2575,-6.17367610107746,-2.20528127312742,-8.81893757601629
4.26,-6.17877055893067,-2.1237501882348,-8.77819261983829
4.2625,-6.18386501678388,-2.1237501882348,-8.78328573936054
4.265,-6.17877055893067,-2.11355880262323,-8.7374476636603
4.2675,-6.17877055893067,-2.10846310981744,-8.95135868359478
4.27,-6.17367610107746,-1.56831967240387,-8.94626556407253
4.2725,-6.17367610107746,-1.53774551556914,-8.77819261983829
4.275,-6.16858164322425,-1.55812828679229,-8.66105087082655
4.2775,-6.16348718537103,-1.54793690118071,-8.86986877123879
4.28,-6.15329826966461,-0.0956644515310163,-8.82912381506079
4.2825,-6.15329826966461,-0.0956644515310163,-8.92079996646128
4.285,-6.15329826966461,-0.0956644515310163,-8.91061372741678
4.2875,-6.1482038118114,-1.46131012348231,-8.75272702222705
4.29,-6.1482038118114,-1.44092735225916,-8.7476339027048
4.2925,-6.1482038118114,-1.43073596664758,-8.6967027074823
4.295,-6.1482038118114,-1.420544581036,-8.76291326127155
4.2975,-6.1482038118114,-1.41035319542443,-8.71198206604905
4.3,-6.15329826966461,-1.40525750261864,-8.6967027074823
4.3025,-6.1482038118114,-1.40525750261864,-8.7272614246158
4.305,-6.1482038118114,-1.40016180981285,-8.74254078318255
4.3075,-6.1482038118114,-1.38997042420127,-8.74254078318255
4.31,-6.1482038118114,-1.39506611700706,-8.83931005410529
4.3125,-6.13292043825177,-1.39506611700706,-8.82912381506079
4.315,-6.12782598039856,-1.41035319542443,-8.81893757601629
4.3175,-6.12782598039856,-1.41544888823022,-8.72216830509355
4.32,-6.11763706469214,-1.42564027384179,-8.73235454413805
4.3225,-6.10744814898572,-1.43073596664758,-8.73235454413805
4.325,-6.10235369113251,-1.52245843715177,-8.76800638079379
4.3275,-6.0972592332793,-1.47659720189968,-8.7068889465268
4.33,-6.10235369113251,-1.47150150909389,-8.77309950031604
4.3325,-6.0972592332793,-1.49697997312283,-8.78328573936054
4.335,-6.0972592332793,-1.54793690118071,-8.7374476636603
4.3375,-6.10235369113251,-1.60398952204439,-8.81384445649404
4.34,-6.0972592332793,-1.57851105801545,-8.68142334891555
4.3425,-6.0972592332793,-2.23075973715636,-8.69160958796005
4.345,-6.10744814898572,-1.67532922132543,-8.76800638079379
4.3475,-6.10744814898572,-2.19508988751584,-8.80365821744954
4.35,-6.10744814898572,-2.20018558032163,-8.76291326127155
4.3525,-6.11254260683893,-2.20018558032163,-8.67123710987105
4.355,-6.11763706469214,-2.20528127312742,-8.67123710987105
4.3575,-6.11763706469214,-2.07788895298271,-8.75272702222705
4.36,-6.12782598039856,-1.98616648247852,-8.7476339027048
4.3625,-6.13292043825177,-1.98616648247852,-8.73235454413805
4.365,-6.13801489610498,-2.1237501882348,-8.7476339027048
4.3675,-6.14310935395819,-2.09827172420586,-8.74254078318255
4.37,-6.1482038118114,-1.950496632838,-8.76291326127155
4.3725,-6.1482038118114,-1.950496632838,-8.77309950031604
4.375,-6.15329826966461,-2.09317603140008,-8.81893757601629
4.3775,-6.17877055893067,-2.15432434506954,-8.73235454413805
4.38,-6.18386501678388,-2.19508988751584,-8.76291326127155
4.3825,-6.16858164322425,-2.19508988751584,-8.72216830509355
4.385,-6.17367610107746,-2.19508988751584,-8.70179582700455
4.3875,-6.17367610107746,-2.12884588104059,-8.6763302293933
4.39,-6.15329826966461,-2.10846310981744,-8.7476339027048
4.3925,-6.15839272751782,-2.26642958679688,-8.7170751855713
4.395,-6.16348718537103,-2.34286497888371,-8.71198206604905
4.3975,-6.1940539324903,-2.33776928607792,-8.71198206604905
4.4,-6.19914839034351,-2.33776928607792,-8.67123710987105
4.4025,-6.18386501678388,-0.105855837142594,-8.6865164684378
4.405,-6.18895947463709,-2.27152527960267,-8.6865164684378
4.4075,-6.19914839034351,-2.33267359327213,-8.79856509792729
4.41,-6.19914839034351,-2.34286497888371,-8.78328573936054
4.4125,-6.20424284819672,-2.3887262141358,-8.75272702222705
4.415,-6.21443176390314,-2.39382190694159,-8.75272702222705
4.4175,-6.20933730604993,-2.39382190694159,-8.75272702222705
4.42,-6.21443176390314,-0.121142915559959,-8.84949629314979
4.4225,-6.21443176390314,-2.50592714866894,-8.84440317362754
4.425,-6.21952622175635,-2.51611853428051,-8.73235454413805
4.4275,-6.22462067960956,-2.41930037097053,-8.74254078318255
4.43,-6.22971513746277,-2.27152527960267,-8.77309950031604
4.4325,-6.23480959531598,-2.24095112276794,-8.82912381506079
4.435,-6.23990405316919,-2.2562382011853,-8.82912381506079
4.4375,-6.25009296887561,-2.27662097240846,-8.80875133697179
4.44,-6.26028188458204,-2.46006591341684,-8.65086463178205
4.4425,-6.26028188458204,-2.42439606377632,-8.6559577513043
4.445,-6.27047080028846,-2.41420467816475,-8.64577151225981
4.4475,-6.27556525814167,-2.41930037097053,-8.84440317362754
4.45,-6.28575417384809,-2.38363052133001,-8.61521279512631
4.4525,-6.27556525814167,-2.47025729902842,-8.63558527321531
4.455,-6.28065971599488,-2.37853482852423,-8.66105087082655
4.4575,-6.30613200526093,-2.3020994364374,-8.63558527321531
4.46,-6.2908486317013,-2.28681235802003,-8.63049215369306
4.4625,-6.2908486317013,-2.28681235802003,-8.63049215369306
4.465,-6.2908486317013,-2.26133389399109,-8.64067839273756
4.4675,-6.30103754740772,-2.17980280909848,-8.63558527321531
4.47,-6.30613200526093,-2.215472658739,-8.64067839273756
4.4725,-6.30103754740772,-2.11865449542902,-8.65086463178205
4.475,-6.30103754740772,-2.10846310981744,-8.64577151225981
4.4775,-6.30103754740772,-2.10846310981744,-8.65086463178205
4.48,-6.2908486317013,-0.875305450816644,-8.6661439903488
4.4825,-6.2908486317013,-0.0956644515310163,-8.6661439903488
4.485,-6.28575417384809,-0.0956644515310163,-8.6967027074823
4.4875,-6.27556525814167,-0.0956644515310163,-8.82912381506079
4.49,-6.26537634243525,-0.0956644515310163,-8.6661439903488
4.4925,-6.25518742672882,-0.0956644515310163,-8.6763302293933
4.495,-6.25518742672882,-1.7721473846354,-8.6865164684378
4.4975,-6.25518742672882,-1.81291292708171,-8.67123710987105
4.5,-6.20933730604993,-1.7313818421891,-8.67123710987105
4.5025,-6.1940539324903,-1.74157322780068,-8.67123710987105
4.505,-6.18895947463709,-1.75176461341225,-8.70179582700455
4.5075,-6.17877055893067,-1.74666892060646,-8.71198206604905
4.51,-6.16858164322425,-1.71099907096594,-8.61521279512631
4.5125,-6.15839272751782,-1.71099907096594,-8.6661439903488
4.515,-6.1482038118114,-1.75686030621804,-8.71198206604905
4.5175,-6.13292043825177,-1.71099907096594,-8.7272614246158
4.52,-6.11763706469214,-1.76705169182962,-8.78837885888279
4.5225,-6.11254260683893,-1.76705169182962,-8.84440317362754
4.525,-6.09216477542609,-1.79253015585856,-8.59484031703731
4.5275,-6.07688140186645,-1.76705169182962,-8.62030591464856
4.53,-6.06669248616003,-1.7721473846354,-8.61521279512631
4.5325,-6.05650357045361,-1.80781723427592,-8.64577151225981
4.535,-6.03612573904077,-1.85367846952802,-8.59993343655956
4.5375,-6.02593682333435,-1.87915693355696,-8.59993343655956
4.54,-6.04122019689398,-1.83839139111065,-8.58974719751506
4.5425,-6.00555899192151,-1.79762584866435,-8.59993343655956
4.545,-5.99537007621508,-1.81291292708171,-8.59484031703731
4.5475,-5.98518116050866,-1.76195599902383,-8.63049215369306
4.55,-5.94442549768298,-1.76705169182962,-8.63049215369306
4.5525,-5.92914212412335,-1.86896554794538,-8.63049215369306
4.555,-5.91385875056371,-1.87915693355696,-8.63558527321531
4.5575,-5.89857537700408,-1.88934831916854,-8.64067839273756
4.56,-5.88329200344445,-1.91992247600327,-8.64067839273756
4.5625,-5.87310308773803,-1.86896554794538,-8.64067839273756
4.565,-5.86291417203161,-1.8638698551396,-8.7170751855713
4.5675,-5.8578197141784,-1.8638698551396,-8.63049215369306
4.57,-5.84763079847198,-1.86896554794538,-8.69160958796005
4.5725,-5.83744188276556,-1.87915693355696,-8.67123710987105
4.575,-5.83234742491235,-1.88934831916854,-8.67123710987105
4.5775,-5.83234742491235,-1.89953970478012,-8.68142334891555
4.58,-5.82725296705913,-2.09827172420586,-8.57446783894831
4.5825,-5.82725296705913,-1.92501816880906,-8.65086463178205
4.585,-5.83234742491235,-2.03202771773061,-8.56937471942606
4.5875,-5.83234742491235,-1.9963578680901,-8.59993343655956
4.59,-5.83234742491235,-2.04221910334219,-8.56428159990381
4.5925,-5.83234742491235,-2.01164494650746,-8.56937471942606
4.595,-5.83234742491235,-2.03202771773061,-8.57446783894831
4.5975,-5.83744188276556,-2.06260187456535,-8.67123710987105
4.6,-5.83234742491235,-2.11865449542902,-8.58974719751506
4.6025,-5.83744188276556,-2.10846310981744,-8.60502655608181
4.605,-5.84253634061877,-2.08808033859429,-8.56937471942606
4.6075,-5.84763079847198,-2.09827172420586,-8.56937471942606
4.61,-5.84763079847198,-2.0829846457885,-8.63558527321531
4.6125,-5.84763079847198,-2.13394157384638,-8.63049215369306
4.615,-5.85272525632519,-2.15432434506954,-8.62539903417081
4.6175,-5.85272525632519,-2.16451573068111,-8.63049215369306
4.62,-5.8578197141784,-2.17470711629269,-8.62030591464856
4.6225,-5.86291417203161,-2.11865449542902,-8.58465407799281
4.625,-5.86291417203161,-2.1237501882348,-8.62539903417081
4.6275,-5.88329200344445,-2.19508988751584,-8.59993343655956
4.63,-5.88329200344445,-2.22056835154479,-8.59993343655956
4.6325,-5.89348091915087,-2.22566404435057,-8.61521279512631
4.635,-5.87819754559124,-2.21037696593321,-8.64067839273756
4.6375,-5.91385875056371,-2.22056835154479,-8.61521279512631
4.64,-5.92404766627014,-2.1696114234869,-8.59484031703731
4.6425,-5.93423658197656,-2.23585542996215,-8.61011967560406
4.645,-5.98518116050866,-2.24604681557373,-8.59993343655956
4.6475,-5.98518116050866,-2.2562382011853,-8.56937471942606
4.65,-5.99027561836187,-2.25114250837952,-8.56428159990381
4.6525,-6.0004645340683,-2.27152527960267,-8.55918848038156
4.655,-6.00555899192151,-2.28171666521425,-8.56428159990381
4.6575,-6.01065344977472,-2.29190805082582,-8.59993343655956
4.66,-6.02593682333435,-2.45497022061105,-8.57446783894831
4.6625,-6.03612573904077,-2.49064007025157,-8.54900224133706
4.665,-6.04122019689398,-2.49064007025157,-8.6559577513043
4.6675,-6.0514091126004,-2.49064007025157,-8.56428159990381
4.67,-6.03103128118756,-2.5212142270863,-8.53881600229256
4.6725,-6.03612573904077,-2.51611853428051,-8.58465407799281
4.675,-6.0514091126004,-2.52630991989209,-8.52862976324807
4.6775,-6.06159802830682,-2.50592714866894,-8.52353664372582
4.68,-6.07688140186645,-2.45497022061105,-8.59484031703731
4.6825,-6.09216477542609,-2.49573576305736,-8.51335040468132
4.685,-6.10744814898572,-2.47535299183421,-8.53372288277031
4.6875,-6.11763706469214,-2.46516160622263,-8.50825728515907
4.69,-6.12782598039856,-2.48044868463999,-8.49807104611457
4.6925,-6.14310935395819,-2.48044868463999,-8.51844352420357
4.695,-6.1482038118114,-2.44987452780526,-8.50316416563682
4.6975,-6.15839272751782,-2.4345874493879,-8.50316416563682
4.7,-6.16858164322425,-2.44987452780526,-8.55409536085931
4.7025,-6.17877055893067,-2.45497022061105,-8.56937471942606
4.705,-6.18895947463709,-2.40910898535896,-8.47769856802557
4.7075,-6.18386501678388,-2.42949175658211,-8.48788480707007
4.71,-6.18895947463709,-2.40910898535896,-8.47260544850332
4.7125,-6.18895947463709,-2.39382190694159,-8.46751232898107
4.715,-6.18895947463709,-2.40401329255317,-8.49297792659232
4.7175,-6.18895947463709,-2.37343913571844,-8.59484031703731
4.72,-6.18895947463709,-2.36324775010686,-8.57446783894831
4.7225,-6.18895947463709,-2.3479606716895,-8.55409536085931
4.725,-6.18386501678388,-2.33267359327213,-8.47260544850332
4.7275,-6.18895947463709,-2.31229082204898,-8.58465407799281
4.73,-6.18895947463709,-2.3020994364374,-8.46241920945882
4.7325,-6.17877055893067,-2.28681235802003,-8.46751232898107
4.735,-6.17877055893067,-2.3020994364374,-8.44204673136982
4.7375,-6.18386501678388,-2.29700374363161,-8.40639489471408
4.74,-6.18386501678388,-2.27152527960267,-8.40639489471408
4.7425,-6.18386501678388,-2.28681235802003,-8.45732608993657
4.745,-6.18895947463709,-2.28171666521425,-8.46241920945882
4.7475,-6.1940539324903,-2.26642958679688,-8.48788480707007
4.75,-6.1940539324903,-2.24604681557373,-8.47260544850332
4.7525,-6.23480959531598,-2.215472658739,-8.46751232898107
4.755,-6.21443176390314,-2.24095112276794,-8.47769856802557
4.7575,-6.21443176390314,-2.18489850190427,-8.48788480707007
4.76,-6.21952622175635,-2.17980280909848,-8.49297792659232
4.7625,-6.21443176390314,-2.17980280909848,-8.48279168754782
4.765,-6.21443176390314,-2.1696114234869,-8.47260544850332
4.7675,-6.21443176390314,-2.16451573068111,-8.52353664372582
4.77,-6.21443176390314,-2.14922865226375,-8.45223297041432
4.7725,-6.19914839034351,-2.10336741701165,-8.50825728515907
4.775,-6.20424284819672,-2.13903726665217,-8.46751232898107
4.7775,-6.19914839034351,-2.11865449542902,-8.49807104611457
4.78,-6.1940539324903,-2.01674063931325,-8.51844352420357
4.7825,-6.1940539324903,-1.85877416233381,-8.51844352420357
4.785,-6.1940539324903,-2.06769756737113,-8.42167425328083
4.7875,-6.18895947463709,-2.02693202492483,-8.50825728515907
4.79,-6.1940539324903,-2.01674063931325,-8.52862976324807
4.7925,-6.1940539324903,-1.78233877024698,-8.59993343655956
4.795,-6.19914839034351,-1.75176461341225,-8.59484031703731
4.7975,-6.19914839034351,-1.75176461341225,-8.50825728515907
4.8,-6.19914839034351,-1.70080768535437,-8.46751232898107
4.8025,-6.19914839034351,-1.685520606937,-8.47769856802557
4.805,-6.20424284819672,-1.65494645010227,-8.41148801423633
4.8075,-6.20933730604993,-1.63965937168491,-8.41148801423633
4.81,-6.20424284819672,-1.62437229326754,-8.45223297041432
4.8125,-6.19914839034351,-1.61927660046175,-8.52862976324807
4.815,-6.20424284819672,-1.60908521485018,-8.41658113375857
4.8175,-6.20933730604993,-1.57851105801545,-8.43186049232532
4.82,-6.20933730604993,-1.59379813643281,-8.46751232898107
4.8225,-6.21443176390314,-1.58870244362702,-8.44713985089207
4.825,-6.21443176390314,-1.58360675082123,-8.49297792659232
4.8275,-6.21443176390314,-1.58360675082123,-8.47260544850332
4.83,-6.21443176390314,-1.57851105801545,-8.47769856802557
4.8325,-6.21952622175635,-1.69571199254858,-8.46751232898107
4.835,-6.22462067960956,-1.685520606937,-8.49297792659232
4.8375,-6.22971513746277,-1.6447550644907,-8.42167425328083
4.84,-6.22971513746277,-1.6447550644907,-8.42167425328083
4.8425,-6.22971513746277,-1.64985075729648,-8.41658113375857
4.845,-6.23480959531598,-1.72119045657752,-8.40639489471408
4.8475,-6.22971513746277,-1.70590337816015,-8.51335040468132
4.85,-6.22971513746277,-1.685520606937,-8.41148801423633
4.8525,-6.23480959531598,-1.82310431269329,-8.40639489471408
4.855,-6.23480959531598,-1.70590337816015,-8.48279168754782
4.8575,-6.23480959531598,-1.71609476377173,-8.41148801423633
4.86,-6.23990405316919,-1.79762584866435,-8.43186049232532
4.8625,-6.23480959531598,-1.80272154147014,-8.49807104611457
4.865,-6.23990405316919,-1.85367846952802,-8.43186049232532
4.8675,-6.25009296887561,-1.81291292708171,-8.43186049232532
4.87,-6.25518742672882,-1.82820000549908,-8.43695361184757
4.8725,-6.25009296887561,-1.80781723427592,-8.45732608993657
4.875,-6.25518742672882,-1.80272154147014,-8.45732608993657
4.8775,-6.25518742672882,-1.72628614938331,-8.43186049232532
4.88,-6.25009296887561,-1.8180086198875,-8.45223297041432
4.8825,-6.2449985110224,-1.72628614938331,-8.42676737280307
4.885,-6.25009296887561,-1.74666892060646,-8.43186049232532
4.8875,-6.23990405316919,-1.76195599902383,-8.47769856802557
4.89,-6.27047080028846,-1.76705169182962,-8.47260544850332
4.8925,-6.23990405316919,-1.76705169182962,-8.47260544850332
4.895,-6.23480959531598,-1.82820000549908,-8.46241920945882
4.8975,-6.23990405316919,-1.84858277672223,-8.54390912181481
4.9,-6.23990405316919,-1.86896554794538,-8.46751232898107
4.9025,-6.23480959531598,-1.75176461341225,-8.54900224133706
4.905,-6.23480959531598,-1.76705169182962,-8.52862976324807
4.9075,-6.22462067960956,-1.7721473846354,-8.50316416563682
4.91,-6.21952622175635,-1.85877416233381,-8.51335040468132
4.9125,-6.20933730604993,-1.79253015585856,-8.54390912181481
4.915,-6.20424284819672,-1.80272154147014,-8.54900224133706
4.9175,-6.1940539324903,-1.7721473846354,-8.57446783894831
4.92,-6.20933730604993,-1.77724307744119,-8.57956095847056
4.9225,-6.19914839034351,-1.83839139111065,-8.57446783894831
4.925,-6.16858164322425,-1.86896554794538,-8.46751232898107
4.9275,-6.15839272751782,-1.8638698551396,-8.48788480707007
4.93,-6.1482038118114,-1.80781723427592,-8.46241920945882
4.9325,-6.13801489610498,-1.87915693355696,-8.47260544850332
4.935,-6.13292043825177,-1.88425262636275,-8.46751232898107
4.9375,-6.12782598039856,-1.8180086198875,-8.46751232898107
4.94,-6.14310935395819,-1.80272154147014,-8.47260544850332
4.9425,-6.09216477542609,-1.81291292708171,-8.47260544850332
4.945,-6.11763706469214,-1.81291292708171,-8.46751232898107
4.9475,-6.10744814898572,-1.9046353975859,-8.48279168754782
4.95,-6.06669248616003,-1.82310431269329,-8.48788480707007
4.9525,-6.06159802830682,-1.83329569830487,-8.45732608993657
4.955,-6.0514091126004,-1.86896554794538,-8.47260544850332
4.9575,-6.03612573904077,-1.87915693355696,-8.49807104611457
4.96,-6.03103128118756,-1.88934831916854,-8.44713985089207
4.9625,-6.02084236548114,-1.88425262636275,-8.48788480707007
4.965,-6.01574790762793,-1.95559232564379,-8.47769856802557
4.9675,-6.00555899192151,-1.95559232564379,-8.47260544850332
4.97,-5.99537007621508,-1.950496632838,-8.57956095847056
4.9725,-5.98518116050866,-1.950496632838,-8.47260544850332
4.975,-5.98008670265545,-1.97087940406115,-8.46751232898107
4.9775,-5.97499224480224,-1.93011386161485,-8.48788480707007
4.98,-5.96989778694903,-1.94540094003221,-8.46751232898107
4.9825,-5.96480332909582,-1.96578371125536,-8.46241920945882
4.985,-5.96480332909582,-1.95559232564379,-8.46751232898107
4.9875,-5.96480332909582,-1.98616648247852,-8.48279168754782
4.99,-5.95970887124261,-1.94540094003221,-8.48788480707007
4.9925,-5.95970887124261,-1.97087940406115,-8.48279168754782
4.995,-5.94951995553619,-2.05241048895377,-8.47260544850332
4.9975,-5.92404766627014,-1.950496632838,-8.47769856802557
5,-5.94442549768298,-1.98616648247852,-8.47260544850332
5.0025,-5.94442549768298,-1.99126217528431,-8.48788480707007
5.005,-5.94442549768298,-1.9963578680901,-8.54900224133706
5.0075,-5.93933103982977,-2.07788895298271,-8.52353664372582
5.01,-5.93933103982977,-2.02183633211904,-8.51335040468132
5.0125,-5.93423658197656,-2.02693202492483,-8.52353664372582
5.015,-5.93423658197656,-2.07788895298271,-8.52862976324807
5.0175,-5.93423658197656,-2.10336741701165,-8.54390912181481
5.02,-5.93933103982977,-2.09827172420586,-8.48788480707007
5.0225,-5.93933103982977,-2.10336741701165,-8.49297792659232
5.025,-5.94442549768298,-2.02693202492483,-8.50825728515907
5.0275,-5.96480332909582,-2.05750618175956,-8.50825728515907
5.03,-5.97499224480224,-2.11355880262323,-8.53372288277031
5.0325,-5.97499224480224,-2.11865449542902,-8.52862976324807
5.035,-5.96989778694903,-2.06260187456535,-8.52353664372582
5.0375,-5.96989778694903,-2.13394157384638,-8.51844352420357
5.04,-5.97499224480224,-2.14413295945796,-8.49807104611457
5.0425,-5.98008670265545,-2.14413295945796,-8.50316416563682
5.045,-5.98008670265545,-2.17470711629269,-8.50316416563682
5.0475,-5.98518116050866,-2.1696114234869,-8.54390912181481
5.05,-5.96989778694903,-2.17980280909848,-8.51844352420357
5.0525,-6.01065344977472,-2.24095112276794,-8.61521279512631
5.055,-6.01065344977472,-2.19508988751584,-8.6661439903488
5.0575,-6.01574790762793,-2.27662097240846,-8.53881600229256
5.06,-6.02084236548114,-2.29700374363161,-8.54390912181481
5.0625,-6.04631465474719,-2.3020994364374,-8.45732608993657
5.065,-6.03103128118756,-2.30719512924319,-8.6967027074823
5.0675,-6.01574790762793,-0.0956644515310163,-8.46751232898107
5.07,-6.04122019689398,-2.54159699830946,-8.42167425328083
5.0725,-6.04122019689398,-2.47535299183421,-8.45732608993657
5.075,-6.04631465474719,-2.50592714866894,-8.45223297041432
5.0775,-6.0514091126004,-2.45497022061105,-8.45223297041432
5.08,-6.06669248616003,-2.47025729902842,-8.46751232898107
5.0825,-6.06159802830682,-2.46516160622263,-8.50316416563682
5.085,-6.13292043825177,-2.48554437744578,-8.46241920945882
5.0875,-6.10744814898572,-2.47025729902842,-8.50316416563682
5.09,-6.10744814898572,-2.5212142270863,-8.50316416563682
5.0925,-6.10744814898572,-2.4345874493879,-8.51844352420357
5.095,-6.10744814898572,-2.50592714866894,-8.47769856802557
5.0975,-6.11254260683893,-2.46516160622263,-8.47769856802557
5.1,-6.08707031757288,-2.52630991989209,-8.47769856802557
5.1025,-6.08707031757288,-2.54159699830946,-8.49297792659232
5.105,-6.09216477542609,-2.50083145586315,-8.48279168754782
5.1075,-6.09216477542609,-2.49573576305736,-8.48279168754782
5.11,-6.15329826966461,-2.54159699830946,-8.49297792659232
5.1125,-6.08707031757288,-2.56197976953261,-8.56428159990381
5.115,-6.09216477542609,-2.58745823356155,-8.47769856802557
5.1175,-6.11763706469214,-2.54159699830946,-8.48788480707007
5.12,-6.12273152254535,-2.49573576305736,-8.51844352420357
5.1225,-6.08197585971966,-2.55688407672682,-8.49297792659232
5.125,-6.10744814898572,-2.48554437744578,-8.53372288277031
5.1275,-6.18386501678388,-2.54159699830946,-8.53372288277031
5.13,-6.18386501678388,-2.57217115514419,-8.48279168754782
5.1325,-6.07688140186645,-2.49064007025157,-8.48788480707007
5.135,-6.07688140186645,-2.48554437744578,-8.54900224133706
5.1375,-6.07688140186645,-2.43968314219369,-8.47260544850332
5.14,-6.07688140186645,-2.50592714866894,-8.50825728515907
5.1425,-6.07178694401324,-2.57217115514419,-8.59484031703731
5.145,-6.07688140186645,-2.50083145586315,-8.53881600229256
5.1475,-6.07178694401324,-2.47535299183421,-8.49807104611457
5.15,-6.07178694401324,-2.46516160622263,-8.50825728515907
5.1525,-6.07688140186645,-2.46006591341684,-8.59484031703731
5.155,-6.07688140186645,-2.34286497888371,-8.51335040468132
5.1575,-6.07178694401324,-2.41420467816475,-8.51844352420357
5.16,-6.07688140186645,-2.4345874493879,-8.52353664372582
5.1625,-6.06669248616003,-2.17470711629269,-8.56937471942606
5.165,-6.06669248616003,-2.26642958679688,-8.54900224133706
5.1675,-6.07178694401324,-2.27662097240846,-8.51335040468132
5.17,-6.06669248616003,-2.27662097240846,-8.52862976324807
5.1725,-6.04631465474719,-2.26642958679688,-8.48279168754782
5.175,-6.07178694401324,-2.10846310981744,-8.47769856802557
5.1775,-6.07178694401324,-2.20018558032163,-8.52862976324807
5.18,-6.06669248616003,-2.20018558032163,-8.53372288277031
5.1825,-6.0972592332793,-2.18489850190427,-8.55409536085931
5.185,-6.1482038118114,-2.23075973715636,-8.54390912181481
5.1875,-6.15329826966461,-2.10846310981744,-8.45223297041432
5.19,-6.06669248616003,-2.10336741701165,-8.52353664372582
5.1925,-6.07178694401324,-2.16451573068111,-8.55918848038156
5.195,-6.07178694401324,-2.13903726665217,-8.51844352420357
5.1975,-6.07688140186645,-2.15432434506954,-8.52353664372582
5.2,-6.05650357045361,-2.15942003787532,-8.50825728515907
5.2025,-6.05650357045361,-2.18999419471005,-8.44713985089207
5.205,-6.08707031757288,-2.14922865226375,-8.43186049232532
5.2075,-6.09216477542609,-2.14922865226375,-8.43186049232532
5.21,-6.09216477542609,-2.14922865226375,-8.56428159990381
5.2125,-6.07688140186645,-2.15942003787532,-8.56937471942606
5.215,-6.07688140186645,-2.16451573068111,-8.55409536085931
5.2175,-6.11254260683893,-2.13903726665217,-8.58974719751506
5.22,-6.11763706469214,-2.17980280909848,-8.58465407799281
5.2225,-6.13292043825177,-2.16451573068111,-8.58465407799281
5.225,-6.18386501678388,-2.16451573068111,-8.60502655608181
5.2275,-6.18895947463709,-2.16451573068111,-8.61011967560406
5.23,-6.15839272751782,-2.23075973715636,-8.65086463178205
5.2325,-6.17367610107746,-2.20528127312742,-8.66105087082655
5.235,-6.17877055893067,-2.17980280909848,-8.61521279512631
5.2375,-6.17877055893067,-2.12884588104059,-8.60502655608181
5.24,-6.17367610107746,-2.09827172420586,-8.46241920945882
5.2425,-6.17877055893067,-2.06769756737113,-8.46241920945882
5.245,-6.17877055893067,-2.07279326017692,-8.46241920945882
5.2475,-6.16348718537103,-2.12884588104059,-8.47260544850332
5.25,-6.16858164322425,-2.10336741701165,-8.47769856802557
5.2525,-6.17367610107746,-2.0829846457885,-8.47769856802557
5.255,-6.16858164322425,-2.07279326017692,-8.49297792659232
5.2575,-6.17367610107746,-2.09317603140008,-8.49297792659232
5.26,-6.20424284819672,-2.06769756737113,-8.47260544850332
5.2625,-6.20933730604993,-2.06260187456535,-8.51844352420357
5.265,-6.19914839034351,-2.06769756737113,-8.57446783894831
5.2675,-6.20424284819672,-2.05241048895377,-8.50825728515907
5.27,-6.20424284819672,-2.02183633211904,-8.54900224133706
5.2725,-6.20933730604993,-2.01164494650746,-8.57956095847056
5.275,-6.20933730604993,-1.9963578680901,-8.56937471942606
5.2775,-6.18895947463709,-1.99126217528431,-8.56937471942606
5.28,-6.1940539324903,-1.98616648247852,-8.57956095847056
5.2825,-6.19914839034351,-1.97597509686694,-8.51844352420357
5.285,-6.1940539324903,-2.00145356089588,-8.52862976324807
5.2875,-6.1940539324903,-1.98107078967273,-8.63049215369306
5.29,-6.1940539324903,-1.97597509686694,-8.53372288277031
5.2925,-6.1940539324903,-1.97597509686694,-8.54390912181481
5.295,-6.21443176390314,-1.97087940406115,-8.54900224133706
5.2975,-6.22462067960956,-0.100760144336805,-8.54900224133706
5.3,-6.25518742672882,-0.0956644515310163,-8.59484031703731
5.3025,-6.23480959531598,-0.0956644515310163,-8.59484031703731
5.305,-6.21443176390314,-2.05241048895377,-8.58974719751506
5.3075,-6.19914839034351,-2.04731479614798,-8.54900224133706
5.31,-6.20424284819672,-2.06260187456535,-8.58465407799281
5.3125,-6.20933730604993,-1.9963578680901,-8.57446783894831
5.315,-6.20933730604993,-2.01674063931325,-8.57446783894831
5.3175,-6.21443176390314,-1.99126217528431,-0.0995169539250416
5.32,-6.20933730604993,-1.950496632838,-0.0995169539250416
5.3225,-6.20933730604993,-1.98616648247852,-8.65086463178205
5.325,-6.20933730604993,-1.950496632838,-8.59484031703731
5.3275,-6.21952622175635,-1.950496632838,-8.65086463178205
5.33,-6.21952622175635,-1.93011386161485,-8.63049215369306
5.3325,-6.22462067960956,-1.93011386161485,-8.60502655608181
5.335,-6.22971513746277,-1.92501816880906,-8.61011967560406
5.3375,-6.22971513746277,-1.91482678319748,-8.61011967560406
5.34,-6.22971513746277,-1.91482678319748,-8.7068889465268
5.3425,-6.23480959531598,-1.90973109039169,-8.6967027074823
5.345,-6.23990405316919,-1.9046353975859,-8.63049215369306
5.3475,-6.23990405316919,-1.93520955442063,-8.61521279512631
5.35,-6.22971513746277,-1.91482678319748,-8.74254078318255
5.3525,-6.25518742672882,-1.91482678319748,-8.62030591464856
5.355,-6.26028188458204,-1.91992247600327,-8.64067839273756
5.3575,-6.26028188458204,-1.91482678319748,-8.64577151225981
5.36,-6.2908486317013,-1.91482678319748,-8.68142334891555
5.3625,-6.33669875238019,-1.91482678319748,-8.6967027074823
5.365,-6.23990405316919,-1.91992247600327,-8.68142334891555
5.3675,-6.2449985110224,-1.92501816880906,-8.6559577513043
5.37,-6.25009296887561,-1.94030524722642,-8.63049215369306
5.3725,-6.25009296887561,-1.94030524722642,-8.6559577513043
5.375,-6.25009296887561,-1.94540094003221,-8.64067839273756
5.3775,-6.25518742672882,-1.97597509686694,-8.65086463178205
5.38,-6.25518742672882,-1.99126217528431,-8.6661439903488
5.3825,-6.25009296887561,-1.97597509686694,-8.58465407799281
5.385,-6.25009296887561,-1.98616648247852,-8.58974719751506
5.3875,-6.25009296887561,-2.07279326017692,-8.62539903417081
5.39,-6.2449985110224,-2.03202771773061,-8.7578201417493
5.3925,-6.2449985110224,-2.04221910334219,-8.7578201417493
5.395,-6.2449985110224,-2.04731479614798,-8.6763302293933
5.3975,-6.2449985110224,-2.05241048895377,-8.61521279512631
5.4,-6.23990405316919,-2.05750618175956,-8.62030591464856
5.4025,-6.23480959531598,-2.05750618175956,-8.63049215369306
5.405,-6.23990405316919,-2.04221910334219,-8.6865164684378
5.4075,-6.23990405316919,-2.05241048895377,-8.63049215369306
5.41,-6.26537634243525,-2.06260187456535,-8.64577151225981
5.4125,-6.27047080028846,-2.07788895298271,-8.61011967560406
5.415,-6.27047080028846,-2.11355880262323,-8.64067839273756
5.4175,-6.34688766808662,-2.1237501882348,-8.65086463178205
5.42,-6.23990405316919,-2.12884588104059,-8.65086463178205
5.4225,-6.23990405316919,-2.13394157384638,-8.66105087082655
5.425,-6.23990405316919,-2.13903726665217,-8.6661439903488
5.4275,-6.25009296887561,-2.22056835154479,-8.71198206604905
5.43,-6.25009296887561,-2.2562382011853,-8.6661439903488
5.4325,-6.25009296887561,-2.28681235802003,-8.6865164684378
5.435,-6.25009296887561,-2.28681235802003,-8.7170751855713
5.4375,-6.25009296887561,-2.29700374363161,-8.7068889465268
5.44,-6.25009296887561,-2.28171666521425,-8.62030591464856
5.4425,-6.25518742672882,-2.3020994364374,-8.7068889465268
5.445,-6.25518742672882,-2.30719512924319,-8.74254078318255
5.4475,-6.25009296887561,-2.30719512924319,-8.76800638079379
5.45,-6.22971513746277,-2.31738651485477,-8.82403069553854
5.4525,-6.25518742672882,-2.3020994364374,-8.83931005410529
5.455,-6.25009296887561,-2.34286497888371,-8.80875133697179
5.4575,-6.2449985110224,-2.31738651485477,-8.82403069553854
5.46,-6.25009296887561,-2.32248220766055,-8.86986877123879
5.4625,-6.23990405316919,-2.32757790046634,-8.61011967560406
5.465,-6.23990405316919,-2.35305636449528,-8.61011967560406
5.4675,-6.23990405316919,-2.31229082204898,-8.61521279512631
5.47,-6.23480959531598,-2.35815205730107,-8.63049215369306
5.4725,-6.23480959531598,-2.33776928607792,-8.64067839273756
5.475,-6.23990405316919,-2.34286497888371,-8.64067839273756
5.4775,-6.23480959531598,-2.26642958679688,-8.6661439903488
5.48,-6.23990405316919,-2.26642958679688,-8.67123710987105
5.4825,-6.23990405316919,-2.28681235802003,-8.67123710987105
5.485,-6.23990405316919,-2.20018558032163,-8.69160958796005
5.4875,-6.23990405316919,-2.27662097240846,-8.7170751855713
5.49,-6.23990405316919,-2.0829846457885,-8.7170751855713
5.4925,-6.23990405316919,-2.0829846457885,-8.82403069553854
5.495,-6.23990405316919,-2.26642958679688,-8.6967027074823
5.4975,-6.23990405316919,-2.10336741701165,-8.78837885888279
5.5,-6.23480959531598,-2.06769756737113,-8.73235454413805
5.5025,-6.23990405316919,-2.0371234105364,-8.73235454413805
5.505,-6.22971513746277,-2.03202771773061,-8.7476339027048
5.5075,-6.22971513746277,-2.02693202492483,-8.7578201417493
5.51,-6.22971513746277,-2.04731479614798,-8.7578201417493
5.5125,-6.23480959531598,-2.05241048895377,-8.81384445649404
5.515,-6.22971513746277,-2.05241048895377,-8.77309950031604
5.5175,-6.23990405316919,-2.05750618175956,-8.75272702222705
5.52,-6.23990405316919,-2.06769756737113,-8.72216830509355
5.5225,-6.23990405316919,-2.09827172420586,-8.77309950031604
5.525,-6.23990405316919,-2.07788895298271,-8.82912381506079
5.5275,-6.2449985110224,-2.0829846457885,-8.85458941267204
5.53,-6.25009296887561,-2.0829846457885,-8.84440317362754
5.5325,-6.25009296887561,-2.07788895298271,-8.7272614246158
5.535,-6.25518742672882,-0.0956644515310163,-8.7272614246158
5.5375,-6.25009296887561,-0.0956644515310163,-8.71198206604905
5.54,-6.25009296887561,-0.0956644515310163,-8.7170751855713
5.5425,-6.25518742672882,-0.0956644515310163,-8.72216830509355
5.545,-6.25009296887561,-0.0956644515310163,-8.7374476636603
5.5475,-6.25518742672882,-0.0956644515310163,-8.73235454413805
5.55,-6.25518742672882,-2.31738651485477,-8.73235454413805
5.5525,-6.25518742672882,-2.32757790046634,-8.77309950031604
5.555,-6.22971513746277,-2.35815205730107,-8.77309950031604
5.5575,-6.25518742672882,-2.49064007025157,-8.71198206604905
5.56,-6.25518742672882,-2.50083145586315,-8.7476339027048
5.5625,-6.25518742672882,-2.35815205730107,-8.7578201417493
5.565,-6.25518742672882,-2.36834344291265,-8.7578201417493
5.5675,-6.25518742672882,-2.44987452780526,-8.7476339027048
5.57,-6.25009296887561,-2.44477883499948,-8.74254078318255
5.5725,-6.25518742672882,-2.42439606377632,-8.76800638079379
5.575,-6.25009296887561,-2.44987452780526,-8.80875133697179
5.5775,-6.25009296887561,-2.48554437744578,-8.81893757601629
5.58,-6.25009296887561,-2.46516160622263,-8.72216830509355
5.5825,-6.25009296887561,-2.50083145586315,-8.70179582700455
5.585,-6.23990405316919,-2.49573576305736,-8.7272614246158
5.5875,-6.23990405316919,-2.49573576305736,-8.86477565171654
5.59,-6.26028188458204,-2.49064007025157,-8.7068889465268
5.5925,-6.26537634243525,-2.49064007025157,-8.7068889465268
5.595,-6.22462067960956,-2.48554437744578,-8.82912381506079
5.5975,-6.21952622175635,-2.49064007025157,-8.67123710987105
5.6,-6.21443176390314,-2.50083145586315,-8.68142334891555
5.6025,-6.21952622175635,-2.54159699830946,-8.68142334891555
5.605,-6.20933730604993,-2.51102284147473,-8.69160958796005
5.6075,-6.20424284819672,-2.52630991989209,-8.69160958796005
5.61,-6.19914839034351,-2.50592714866894,-8.79856509792729
5.6125,-6.1940539324903,-2.51102284147473,-8.7272614246158
5.615,-6.1940539324903,-2.48044868463999,-8.7068889465268
5.6175,-6.18895947463709,-2.51611853428051,-8.7068889465268
5.62,-6.18386501678388,-2.48044868463999,-8.7170751855713
5.6225,-6.17877055893067,-2.47025729902842,-8.73235454413805
5.625,-6.17877055893067,-2.51102284147473,-8.7374476636603
5.6275,-6.17877055893067,-2.46516160622263,-8.75272702222705
5.63,-6.1940539324903,-2.46006591341684,-8.76291326127155
5.6325,-6.19914839034351,-2.49573576305736,-8.76800638079379
5.635,-6.17367610107746,-2.47025729902842,-8.78328573936054
5.6375,-6.17877055893067,-2.44477883499948,-8.76800638079379
5.64,-6.17367610107746,-2.41930037097053,-8.79856509792729
5.6425,-6.16858164322425,-2.42439606377632,-8.78328573936054
5.645,-6.16348718537103,-2.41930037097053,-8.77819261983829
5.6475,-6.15839272751782,-2.40401329255317,-8.80365821744954
5.65,-6.15839272751782,-2.39382190694159,-8.82912381506079
5.6525,-6.15329826966461,-2.38363052133001,-8.86986877123879
5.655,-6.15839272751782,-2.37853482852423,-8.78837885888279
5.6575,-6.15329826966461,-2.37853482852423,-8.78837885888279
5.66,-6.1482038118114,-2.3887262141358,-8.89533436885003
5.6625,-6.1482038118114,-2.35815205730107,-8.7476339027048
5.665,-6.1482038118114,-2.41420467816475,-8.72216830509355
5.6675,-6.1482038118114,-2.35305636449528,-8.72216830509355
5.67,-6.15329826966461,-2.35815205730107,-8.7476339027048
5.6725,-6.12273152254535,-2.32757790046634,-8.95135868359478
5.675,-6.1482038118114,-2.39382190694159,-8.72216830509355
5.6775,-6.1482038118114,-2.32248220766055,-8.72216830509355
5.68,-6.1482038118114,-2.31738651485477,-8.72216830509355
5.6825,-6.1482038118114,-2.28681235802003,-8.73235454413805
5.685,-6.1482038118114,-2.28171666521425,-8.7272614246158
5.6875,-6.15329826966461,-2.27662097240846,-8.7578201417493
5.69,-6.15329826966461,-2.26133389399109,-8.83421693458304
5.6925,-6.15839272751782,-2.25114250837952,-8.74254078318255
5.695,-6.15839272751782,-2.24095112276794,-8.75272702222705
5.6975,-6.15839272751782,-2.2562382011853,-8.7068889465268
5.7,-6.16858164322425,-2.24604681557373,-8.77819261983829
5.7025,-6.17367610107746,-2.27152527960267,-8.73235454413805
5.705,-6.17367610107746,-2.26133389399109,-8.7374476636603
5.7075,-6.18386501678388,-2.27152527960267,-8.73235454413805
5.71,-6.18895947463709,-2.27152527960267,-8.7374476636603
5.7125,-6.18895947463709,-2.22566404435057,-8.72216830509355
5.715,-6.1940539324903,-2.18999419471005,-8.69160958796005
5.7175,-6.1940539324903,-2.17980280909848,-8.6967027074823
5.72,-6.19914839034351,-2.18999419471005,-8.7068889465268
5.7225,-6.23990405316919,-2.15432434506954,-8.76800638079379
5.725,-6.23990405316919,-2.19508988751584,-8.80365821744954
5.7275,-6.23480959531598,-2.15432434506954,-8.81893757601629
5.73,-6.21952622175635,-2.15942003787532,-8.75272702222705
5.7325,-6.21443176390314,-2.1237501882348,-8.77309950031604
5.735,-6.21952622175635,-2.0829846457885,-8.78328573936054
5.7375,-6.21952622175635,-1.92501816880906,-8.77819261983829
5.74,-6.22971513746277,-2.07279326017692,-8.75272702222705
5.7425,-6.22971513746277,-2.07788895298271,-8.7374476636603
5.745,-6.23480959531598,-2.02693202492483,-8.85968253219429
5.7475,-6.23480959531598,-2.04731479614798,-8.7374476636603
5.75,-6.23480959531598,-2.05241048895377,-8.7476339027048
5.7525,-6.23990405316919,-2.01164494650746,-8.7272614246158
5.755,-6.2449985110224,-1.80781723427592,-8.73235454413805
5.7575,-6.25009296887561,-1.84858277672223,-8.7068889465268
5.76,-6.25518742672882,-1.95559232564379,-8.72216830509355
5.7625,-6.29594308955451,-1.99126217528431,-8.7578201417493
5.765,-6.25009296887561,-2.11865449542902,-8.73235454413805
5.7675,-6.26028188458204,-2.00654925370167,-8.72216830509355
5.77,-6.31122646311414,-2.02183633211904,-8.72216830509355
5.7725,-6.28065971599488,-2.05750618175956,-8.76800638079379
5.775,-6.31632092096735,-2.03202771773061,-8.74254078318255
5.7775,-6.28065971599488,-2.04731479614798,-8.7068889465268
5.78,-6.2908486317013,-2.09317603140008,-8.74254078318255
5.7825,-6.29594308955451,-2.18489850190427,-8.7476339027048
5.785,-6.30613200526093,-2.27152527960267,-8.7476339027048
5.7875,-6.33160429452698,-2.13394157384638,-8.73235454413805
5.79,-6.33669875238019,-2.15432434506954,-8.72216830509355
5.7925,-6.33669875238019,-2.20528127312742,-8.72216830509355
5.795,-6.32141537882056,-2.20528127312742,-8.7374476636603
5.7975,-6.32141537882056,-2.22056835154479,-8.74254078318255
5.8,-6.33669875238019,-2.24604681557373,-8.7374476636603
5.8025,-6.34688766808662,-2.28171666521425,-8.75272702222705
5.805,-6.35707658379304,-2.28171666521425,-8.7578201417493
5.8075,-6.3876433309123,-2.28171666521425,-8.7578201417493
5.81,-6.39273778876551,-2.35305636449528,-8.74254078318255
5.8125,-6.39273778876551,-2.32248220766055,-8.77819261983829
5.815,-6.39273778876551,-2.3020994364374,-8.7476339027048
5.8175,-6.39273778876551,-2.31738651485477,-8.7578201417493
5.82,-6.39273778876551,-2.38363052133001,-8.75272702222705
5.8225,-6.41311562017835,-2.33267359327213,-8.74254078318255
5.825,-6.3876433309123,-2.3479606716895,-8.83421693458304
5.8275,-6.39273778876551,-2.37853482852423,-8.76800638079379
5.83,-6.38254887305909,-2.42949175658211,-8.73235454413805
5.8325,-6.35707658379304,-2.37343913571844,-8.73235454413805
5.835,-6.35198212593983,-2.37343913571844,-8.7374476636603
5.8375,-6.37235995735267,-2.37853482852423,-8.73235454413805
5.84,-6.34688766808662,-2.3887262141358,-8.74254078318255
5.8425,-6.36726549949946,-2.39382190694159,-8.77309950031604
5.845,-6.37745441520588,-2.40401329255317,-8.76291326127155
5.8475,-6.37745441520588,-2.40910898535896,-8.77309950031604
5.85,-6.35198212593983,-2.40910898535896,-8.7476339027048
5.8525,-6.35707658379304,-2.40401329255317,-8.71198206604905
5.855,-6.35198212593983,-2.40401329255317,-8.7170751855713
5.8575,-6.35198212593983,-2.41420467816475,-8.7272614246158
5.86,-6.35198212593983,-2.41930037097053,-8.74254078318255
5.8625,-6.35707658379304,-2.41420467816475,-8.7068889465268
5.865,-6.35198212593983,-2.43968314219369,-8.7170751855713
5.8675,-6.35198212593983,-2.39891759974738,-8.7374476636603
5.87,-6.34688766808662,-2.39891759974738,-8.73235454413805
5.8725,-6.31632092096735,-2.3887262141358,-8.7374476636603
5.875,-6.40292670447193,-2.40910898535896,-8.76291326127155
5.8775,-6.32650983667377,-2.35815205730107,-8.7170751855713
5.88,-6.32141537882056,-2.39891759974738,-8.6967027074823
5.8825,-6.32141537882056,-2.35815205730107,-8.69160958796005
5.885,-6.32650983667377,-2.35305636449528,-8.71198206604905
5.8875,-6.32141537882056,-2.34286497888371,-8.6967027074823
5.89,-6.32650983667377,-2.33776928607792,-8.6967027074823
5.8925,-6.33160429452698,-2.32248220766055,-8.72216830509355
5.895,-6.32650983667377,-2.31738651485477,-8.7476339027048
5.8975,-6.32141537882056,-2.31229082204898,-8.67123710987105
5.9,-6.32650983667377,-2.3020994364374,-8.70179582700455
5.9025,-6.35198212593983,-2.30719512924319,-8.6763302293933
5.905,-6.35198212593983,-2.32248220766055,-8.6967027074823
5.9075,-6.34688766808662,-2.29700374363161,-8.70179582700455
5.91,-6.31122646311414,-2.31738651485477,-8.6763302293933
5.9125,-6.31122646311414,-2.32757790046634,-8.66105087082655
5.915,-6.29594308955451,-2.32757790046634,-8.63049215369306
5.9175,-6.28065971599488,-2.28681235802003,-8.67123710987105
5.92,-6.27556525814167,-2.28171666521425,-8.64067839273756
5.9225,-6.27047080028846,-2.26133389399109,-8.58974719751506
5.925,-6.25518742672882,-2.28171666521425,-8.61521279512631
5.9275,-6.2449985110224,-2.27662097240846,-8.57446783894831
5.93,-6.23990405316919,-2.27152527960267,-8.57956095847056
5.9325,-6.22971513746277,-2.24604681557373,-8.58465407799281
5.935,-6.25009296887561,-2.26133389399109,-8.58974719751506
5.9375,-6.23480959531598,-2.2562382011853,-8.61011967560406
5.94,-6.22971513746277,-2.3020994364374,-8.74254078318255
5.9425,-6.17877055893067,-1.93011386161485,-8.56937471942606
5.945,-6.1940539324903,-2.28171666521425,-8.7374476636603
5.9475,-6.18386501678388,-1.90973109039169,-8.55409536085931
5.95,-6.18895947463709,-1.86896554794538,-8.54900224133706
5.9525,-6.18386501678388,-1.92501816880906,-8.54390912181481
5.955,-6.18386501678388,-1.88425262636275,-8.57956095847056
5.9575,-6.0972592332793,-1.80781723427592,-8.57956095847056
5.96,-6.08707031757288,-1.79762584866435,-8.56937471942606
5.9625,-6.07688140186645,-1.76195599902383,-8.54900224133706
5.965,-6.06159802830682,-1.74666892060646,-8.58974719751506
5.9675,-6.07688140186645,-1.73647753499489,-8.55409536085931
5.97,-6.06159802830682,-1.74157322780068,-8.56428159990381
5.9725,-6.04631465474719,-1.70590337816015,-8.55409536085931
5.975,-6.03612573904077,-1.70080768535437,-8.51844352420357
5.9775,-6.03612573904077,-1.7313818421891,-8.55918848038156
5.98,-6.01574790762793,-1.7313818421891,-8.54900224133706
5.9825,-6.01065344977472,-1.71099907096594,-8.53372288277031
5.985,-5.99537007621508,-1.72119045657752,-8.55918848038156
5.9875,-6.04631465474719,-1.71609476377173,-8.58465407799281
5.99,-6.01574790762793,-1.70590337816015,-8.58465407799281
5.9925,-5.98518116050866,-1.70080768535437,-8.58974719751506
5.995,-5.98008670265545,-1.69571199254858,-8.6559577513043
5.9975,-5.93423658197656,-1.69061629974279,-8.55918848038156
6,-5.93423658197656,-0.0956644515310163,-8.55409536085931
6.0025,-5.92404766627014,-0.0956644515310163,-8.59484031703731
6.005,-5.9546144133894,-0.0956644515310163,-8.56937471942606
6.0075,-5.9546144133894,-0.0956644515310163,-8.57956095847056
6.01,-5.9546144133894,-0.0956644515310163,-8.61011967560406
6.0125,-5.92914212412335,-0.0956644515310163,-8.49297792659232
6.015,-5.92914212412335,-0.0956644515310163,-8.52353664372582
6.0175,-5.92404766627014,-0.0956644515310163,-8.54900224133706
6.02,-5.92404766627014,-0.0956644515310163,-8.53372288277031
6.0225,-5.95970887124261,-2.06769756737113,-8.50825728515907
6.025,-5.92914212412335,-2.0371234105364,-8.51335040468132
6.0275,-5.92404766627014,-2.02183633211904,-8.48279168754782
6.03,-5.96989778694903,-2.03202771773061,-8.50825728515907
6.0325,-5.93933103982977,-2.02693202492483,-8.6661439903488
6.035,-5.93933103982977,-1.99126217528431,-8.6559577513043
6.0375,-5.93933103982977,-2.04221910334219,-8.44204673136982
6.04,-5.9087642927105,-2.07279326017692,-8.46751232898107
6.0425,-5.97499224480224,-2.01674063931325,-8.48788480707007
6.045,-5.94442549768298,-2.05241048895377,-8.52353664372582
6.0475,-5.91895320841693,-2.06260187456535,-8.49807104611457
6.05,-5.92404766627014,-1.99126217528431,-8.46751232898107
6.0525,-5.91895320841693,-1.87406124075117,-8.47260544850332
6.055,-5.92404766627014,-1.99126217528431,-8.49297792659232
6.0575,-5.92404766627014,-1.89953970478012,-8.39620865566958
6.06,-5.92914212412335,-1.88425262636275,-8.44713985089207
6.0625,-5.93423658197656,-1.87406124075117,-8.57446783894831
6.065,-5.93423658197656,-1.88425262636275,-8.43186049232532
6.0675,-5.93933103982977,-1.9046353975859,-8.46241920945882
6.07,-5.93933103982977,-1.94030524722642,-8.45732608993657
6.0725,-5.94442549768298,-1.92501816880906,-8.45223297041432
6.075,-5.94951995553619,-1.950496632838,-8.45223297041432
6.0775,-5.9546144133894,-1.95559232564379,-8.45732608993657
6.08,-5.96480332909582,-1.97087940406115,-8.44713985089207
6.0825,-5.97499224480224,-2.00145356089588,-8.44204673136982
6.085,-5.98008670265545,-2.09827172420586,-8.45732608993657
6.0875,-5.99027561836187,-2.03202771773061,-8.51844352420357
6.09,-5.99537007621508,-2.07279326017692,-8.40639489471408
6.0925,-6.0004645340683,-1.87915693355696,-8.41658113375857
6.095,-6.01065344977472,-1.89953970478012,-8.41658113375857
6.0975,-6.01574790762793,-1.90973109039169,-8.43186049232532
6.1,-6.02593682333435,-1.93520955442063,-8.42676737280307
6.1025,-6.03103128118756,-1.87915693355696,-8.42676737280307
6.105,-6.04122019689398,-1.93011386161485,-8.45223297041432
6.1075,-6.04631465474719,-1.88425262636275,-8.47769856802557
6.11,-6.06159802830682,-1.87915693355696,-8.42167425328083
6.1125,-6.07688140186645,-1.92501816880906,-8.40130177519183
6.115,-6.08707031757288,-1.88934831916854,-8.40639489471408
6.1175,-6.09216477542609,-1.93011386161485,-8.43695361184757
6.12,-6.13801489610498,-1.94030524722642,-8.42676737280307
6.1225,-6.09216477542609,-1.950496632838,-8.40639489471408
6.125,-6.10235369113251,-1.97087940406115,-8.39620865566958
6.1275,-6.10744814898572,-1.97597509686694,-8.39111553614733
6.13,-6.10744814898572,-2.00654925370167,-8.39111553614733
6.1325,-6.11254260683893,-2.02183633211904,-8.39111553614733
6.135,-6.12273152254535,-2.04221910334219,-8.38092929710283
6.1375,-6.12782598039856,-2.07279326017692,-8.38092929710283
6.14,-6.11763706469214,-2.14922865226375,-8.37074305805833
6.1425,-6.12782598039856,-2.14413295945796,-8.36055681901383
6.145,-6.13292043825177,-2.10846310981744,-8.35546369949158
6.1475,-6.13292043825177,-2.10336741701165,-8.34018434092483
6.15,-6.13292043825177,-2.10846310981744,-8.36055681901383
6.1525,-6.18386501678388,-2.11355880262323,-8.35546369949158
6.155,-6.15329826966461,-2.14922865226375,-8.36564993853608
6.1575,-6.1482038118114,-2.15942003787532,-8.35546369949158
6.16,-6.15329826966461,-2.20018558032163,-8.38092929710283
6.1625,-6.15329826966461,-2.25114250837952,-8.39111553614733
6.165,-6.15839272751782,-2.36834344291265,-8.38602241662508
6.1675,-6.15839272751782,-2.18999419471005,-8.42676737280307
6.17,-6.15839272751782,-2.30719512924319,-8.39111553614733
6.1725,-6.16348718537103,-2.18999419471005,-8.34527746044708
6.175,-6.16858164322425,-2.20528127312742,-8.35546369949158
6.1775,-6.17367610107746,-2.23585542996215,-8.35546369949158
6.18,-6.16858164322425,-2.23585542996215,-8.35037057996933
6.1825,-6.17877055893067,-2.23585542996215,-8.36055681901383
6.185,-6.17367610107746,-0.0956644515310163,-8.34527746044708
6.1875,-6.17367610107746,-2.34286497888371,-8.37074305805833
6.19,-6.16858164322425,-2.34286497888371,-8.36564993853608
6.1925,-6.17367610107746,-2.33267359327213,-8.37583617758058
6.195,-6.16858164322425,-2.29700374363161,-8.41658113375857
6.1975,-6.17367610107746,-2.25114250837952,-8.34018434092483
6.2,-6.17367610107746,-2.28681235802003,-8.34527746044708
6.2025,-6.19914839034351,-2.28681235802003,-8.35037057996933
6.205,-6.17877055893067,-2.2562382011853,-8.34527746044708
6.2075,-6.19914839034351,-2.29700374363161,-8.39620865566958
6.21,-6.19914839034351,-2.31738651485477,-8.36055681901383
6.2125,-6.26537634243525,-2.28681235802003,-8.37074305805833
6.215,-6.21952622175635,-2.32757790046634,-8.32999810188033
6.2175,-6.19914839034351,-2.3020994364374,-8.36564993853608
6.22,-6.19914839034351,-2.28681235802003,-8.44204673136982
6.2225,-6.20424284819672,-2.29700374363161,-8.34527746044708
6.225,-6.20424284819672,-2.3020994364374,-8.34018434092483
6.2275,-6.20933730604993,-2.40910898535896,-8.32999810188033
6.23,-6.21443176390314,-2.40401329255317,-8.36055681901383
6.2325,-6.21952622175635,-2.47535299183421,-8.37074305805833
6.235,-6.22462067960956,-2.36324775010686,-8.33509122140258
6.2375,-6.22971513746277,-2.36324775010686,-8.33509122140258
6.24,-6.23480959531598,-2.36324775010686,-8.34018434092483
6.2425,-6.2449985110224,-2.35305636449528,-8.32999810188033
6.245,-6.25518742672882,-2.34286497888371,-8.32999810188033
6.2475,-6.26028188458204,-2.34286497888371,-8.33509122140258
6.25,-6.26537634243525,-2.32757790046634,-8.32490498235808
6.2525,-6.27047080028846,-2.29700374363161,-8.29943938474683
6.255,-6.27556525814167,-2.33267359327213,-8.30962562379133
6.2575,-6.28065971599488,-2.28681235802003,-8.36055681901383
6.26,-6.2908486317013,-2.27662097240846,-8.32490498235808
6.2625,-6.2908486317013,-2.26642958679688,-8.30453250426909
6.265,-6.2908486317013,-2.2562382011853,-8.34527746044708
6.2675,-6.30103754740772,-2.24604681557373,-8.28416002618009
6.27,-6.30613200526093,-2.24095112276794,-8.34527746044708
6.2725,-6.31122646311414,-2.43968314219369,-8.29434626522459
6.275,-6.31632092096735,-2.57217115514419,-8.29434626522459
6.2775,-6.32141537882056,-2.44987452780526,-8.29434626522459
6.28,-6.32141537882056,-2.27152527960267,-8.26888066761334
6.2825,-6.32141537882056,-2.40910898535896,-8.26378754809109
6.285,-6.32141537882056,-2.31229082204898,-8.26888066761334
6.2875,-6.32141537882056,-2.32757790046634,-8.26888066761334
6.29,-6.32141537882056,-2.31738651485477,-8.25869442856884
6.2925,-6.31632092096735,-2.29700374363161,-8.26378754809109
6.295,-6.31122646311414,-2.35305636449528,-8.27397378713559
6.2975,-6.28065971599488,-2.3020994364374,-8.29943938474683
6.3,-6.27047080028846,-2.24604681557373,-8.29943938474683
6.3025,-6.26537634243525,-2.23075973715636,-8.35546369949158
6.305,-6.26028188458204,-2.27662097240846,-8.35037057996933
6.3075,-6.28065971599488,-2.27662097240846,-8.32490498235808
6.31,-6.25009296887561,-2.1696114234869,-8.30962562379133
6.3125,-6.25009296887561,-2.17470711629269,-8.28416002618009
6.315,-6.25009296887561,-2.4345874493879,-8.31471874331358
6.3175,-6.2449985110224,-2.44477883499948,-8.32490498235808
6.32,-6.2449985110224,-2.09317603140008,-8.30453250426909
6.3225,-6.23480959531598,-2.09827172420586,-8.31981186283583
6.325,-6.25518742672882,-2.36324775010686,-8.39620865566958
6.3275,-6.23990405316919,-2.33267359327213,-8.35037057996933
6.33,-6.21952622175635,-1.97087940406115,-8.21285635286859
6.3325,-6.21443176390314,-1.95559232564379,-8.21794947239084
6.335,-6.19914839034351,-1.9046353975859,-8.26888066761334
6.3375,-6.1940539324903,-1.93520955442063,-8.30453250426909
6.34,-6.18895947463709,-1.94030524722642,-8.29434626522459
6.3425,-6.18895947463709,-1.91992247600327,-8.29434626522459
6.345,-6.18386501678388,-1.91992247600327,-8.23832195047984
6.3475,-6.17877055893067,-1.86896554794538,-8.24341507000209
6.35,-6.17367610107746,-1.87915693355696,-8.24341507000209
6.3525,-6.17367610107746,-1.8638698551396,-8.27397378713559
6.355,-6.17367610107746,-1.91992247600327,-8.26378754809109
6.3575,-6.17367610107746,-1.96578371125536,-8.36564993853608
6.36,-6.17367610107746,-1.89444401197433,-8.35546369949158
6.3625,-6.17367610107746,-1.89444401197433,-8.26378754809109
6.365,-6.17367610107746,-2.01674063931325,-8.23322883095759
6.3675,-6.16858164322425,-1.950496632838,-8.23832195047984
6.37,-6.16858164322425,-1.89444401197433,-8.24341507000209
6.3725,-6.16348718537103,-1.89444401197433,-8.28925314570234
6.375,-6.15839272751782,-1.9046353975859,-8.26378754809109
6.3775,-6.16348718537103,-1.91482678319748,-8.32490498235808
6.38,-6.15329826966461,-1.950496632838,-8.25360130904659
6.3825,-6.1482038118114,-2.00654925370167,-8.24341507000209
6.385,-6.16348718537103,-1.99126217528431,-8.21285635286859
6.3875,-6.13292043825177,-2.01674063931325,-8.26378754809109
6.39,-6.12782598039856,-2.02183633211904,-8.22304259191309
6.3925,-6.12782598039856,-2.00654925370167,-8.32999810188033
6.395,-6.11763706469214,-2.09317603140008,-8.22304259191309
6.3975,-6.12273152254535,-2.1237501882348,-8.22304259191309
6.4,-6.11763706469214,-2.13903726665217,-8.22304259191309
6.4025,-6.10744814898572,-2.13394157384638,-8.25869442856884
6.405,-6.11254260683893,-2.13903726665217,-8.17720451621285
6.4075,-6.10235369113251,-2.13903726665217,-8.20776323334634
6.41,-6.0972592332793,-2.23075973715636,-8.20776323334634
6.4125,-6.10235369113251,-2.26642958679688,-8.20776323334634
6.415,-6.0972592332793,-2.19508988751584,-8.21285635286859
6.4175,-6.09216477542609,-2.18489850190427,-8.22304259191309
6.42,-6.08707031757288,-2.28681235802003,-8.20267011382409
6.4225,-6.08707031757288,-2.16451573068111,-8.20776323334634
6.425,-6.07688140186645,-2.15942003787532,-8.21794947239084
6.4275,-6.07688140186645,-2.15942003787532,-8.21285635286859
6.43,-6.07178694401324,-2.215472658739,-8.22304259191309
6.4325,-6.07178694401324,-2.17470711629269,-8.22813571143534
6.435,-6.07178694401324,-2.20018558032163,-8.22813571143534
6.4375,-6.06669248616003,-2.35305636449528,-8.24341507000209
6.44,-6.06159802830682,-2.35305636449528,-8.22304259191309
6.4425,-6.06159802830682,-2.3479606716895,-8.30453250426909
6.445,-6.06159802830682,-0.0956644515310163,-8.20776323334634
6.4475,-6.0514091126004,-0.0956644515310163,-8.21794947239084
6.45,-6.08707031757288,-0.0956644515310163,-8.21794947239084
6.4525,-6.04631465474719,-0.0956644515310163,-8.21794947239084
6.455,-6.06669248616003,-0.100760144336805,-8.25869442856884
6.4575,-6.04122019689398,-0.0956644515310163,-8.24850818952434
6.46,-6.04631465474719,-0.0956644515310163,-8.22304259191309
6.4625,-6.08197585971966,-2.70975486090047,-8.23322883095759
6.465,-6.07688140186645,-2.70465916809469,-8.22813571143534
6.4675,-6.08707031757288,-2.70975486090047,-8.23322883095759
6.47,-6.06159802830682,-2.75561609615257,-8.25869442856884
6.4725,-6.06159802830682,-2.72504193931784,-8.22304259191309
6.475,-6.06159802830682,-2.6078410047847,-8.25360130904659
6.4775,-6.06159802830682,-2.7403290177352,-8.26888066761334
6.48,-6.04122019689398,-2.79128594579309,-8.24850818952434
6.4825,-6.04122019689398,-2.8320514882394,-8.24341507000209
6.485,-6.04122019689398,-2.72504193931784,-8.32490498235808
6.4875,-6.03612573904077,-2.80657302421045,-8.28925314570234
6.49,-6.04122019689398,-2.82186010262782,-8.26378754809109
6.4925,-6.04122019689398,-2.88300841629728,-8.23322883095759
6.495,-6.06159802830682,-2.84733856665676,-8.32490498235808
6.4975,-6.06669248616003,-2.94925242277253,-8.24850818952434
6.5,-6.07178694401324,-2.79128594579309,-8.28925314570234
6.5025,-6.0514091126004,-2.85752995226834,-8.36564993853608
6.505,-6.06669248616003,-2.84224287385097,-8.31471874331358
6.5075,-6.06669248616003,-2.82695579543361,-8.22813571143534
6.51,-6.07688140186645,-2.83714718104518,-8.36055681901383
6.5125,-6.08707031757288,-2.86772133787991,-8.36564993853608
6.515,-6.09216477542609,-2.84733856665676,-8.25360130904659
6.5175,-6.10235369113251,-2.82695579543361,-8.39620865566958
6.52,-6.10744814898572,-2.69446778248311,-8.18739075525735
6.5225,-6.11763706469214,-2.7861902529873,-8.1721113966906
6.525,-6.12782598039856,-2.81676440982203,-8.20776323334634
6.5275,-6.14310935395819,-2.76580748176415,-8.19248387477959
6.53,-6.15329826966461,-2.77090317456993,-8.19248387477959
6.5325,-6.16858164322425,-2.77090317456993,-8.29434626522459
6.535,-6.18386501678388,-0.0956644515310163,-8.21285635286859
6.5375,-6.19914839034351,-2.11865449542902,-8.21794947239084
6.54,-6.20933730604993,-2.10336741701165,-8.19757699430184
6.5425,-6.22462067960956,-2.09827172420586,-8.19757699430184
6.545,-6.23480959531598,-2.08808033859429,-8.19757699430184
6.5475,-6.2449985110224,-2.07788895298271,-8.26888066761334
6.55,-6.26028188458204,-2.20018558032163,-8.21285635286859
6.5525,-6.30613200526093,-2.04221910334219,-8.21794947239084
6.555,-6.28065971599488,-2.20018558032163,-8.22304259191309
6.5575,-6.2908486317013,-2.1696114234869,-8.23322883095759
6.56,-6.29594308955451,-2.21037696593321,-8.23322883095759
6.5625,-6.2908486317013,-2.15942003787532,-8.24341507000209
6.565,-6.29594308955451,-2.15432434506954,-8.24850818952434
6.5675,-6.30103754740772,-2.16451573068111,-8.29943938474683
6.57,-6.30103754740772,-2.16451573068111,-8.44204673136982
6.5725,-6.30613200526093,-2.14922865226375,-8.29434626522459
6.575,-6.30613200526093,-2.16451573068111,-8.29434626522459
6.5775,-6.30613200526093,-2.1696114234869,-8.37074305805833
6.58,-6.31122646311414,-2.22566404435057,-8.31471874331358
6.5825,-6.31632092096735,-2.16451573068111,-8.28416002618009
6.585,-6.31632092096735,-2.21037696593321,-8.37074305805833
6.5875,-6.32141537882056,-2.21037696593321,-8.30453250426909
6.59,-6.32650983667377,-2.22566404435057,-8.26888066761334
6.5925,-6.33160429452698,-2.23075973715636,-8.47260544850332
6.595,-6.33669875238019,-2.21037696593321,-8.32490498235808
6.5975,-6.34688766808662,-2.20528127312742,-8.41148801423633
6.6,-6.35707658379304,-2.215472658739,-8.43186049232532
6.6025,-6.35707658379304,-2.25114250837952,-8.46241920945882
6.605,-6.37235995735267,-2.23585542996215,-8.29434626522459
6.6075,-6.38254887305909,-2.25114250837952,-8.29943938474683
6.61,-6.3876433309123,-2.28171666521425,-8.51335040468132
6.6125,-6.39783224661872,-2.28681235802003,-8.30453250426909
6.615,-6.40292670447193,-2.26133389399109,-8.27906690665784
6.6175,-6.40292670447193,-2.27152527960267,-8.29434626522459
6.62,-6.41311562017835,-2.26642958679688,-8.31471874331358
6.6225,-6.41311562017835,-2.25114250837952,-8.31981186283583
6.625,-6.41821007803156,-2.25114250837952,-8.30453250426909
6.6275,-6.42330453588477,-2.2562382011853,-8.27397378713559
6.63,-6.4334934515912,-2.2562382011853,-8.30453250426909
6.6325,-6.43858790944441,-2.26642958679688,-8.28925314570234
6.635,-6.44368236729762,-2.2562382011853,-8.29434626522459
6.6375,-6.45387128300404,-2.26642958679688,-8.43186049232532
6.64,-6.45387128300404,-2.27152527960267,-8.42676737280307
6.6425,-6.46915465656367,-2.2562382011853,-8.33509122140258
6.645,-6.47424911441688,-2.27152527960267,-8.32490498235808
6.6475,-6.47934357227009,-2.27662097240846,-8.33509122140258
6.65,-6.47424911441688,-2.22566404435057,-8.35037057996933
6.6525,-6.49972140368293,-2.26642958679688,-8.32490498235808
6.655,-6.49972140368293,-2.23585542996215,-8.36055681901383
6.6575,-6.52519369294899,-2.17980280909848,-8.37074305805833
6.66,-6.4844380301233,-2.215472658739,-8.37074305805833
6.6625,-6.48953248797651,-2.24604681557373,-8.37583617758058
6.665,-6.46406019871046,-2.15432434506954,-8.36564993853608
6.6675,-6.45896574085725,-2.17470711629269,-8.39620865566958
6.67,-6.47934357227009,-2.09827172420586,-8.38602241662508
6.6725,-6.47424911441688,-2.09827172420586,-8.40130177519183
6.675,-6.46406019871046,-2.09317603140008,-8.40639489471408
6.6775,-6.45896574085725,-2.05750618175956,-8.38092929710283
6.68,-6.45387128300404,-2.04731479614798,-8.45223297041432
6.6825,-6.44877682515083,-2.14922865226375,-8.44204673136982
6.685,-6.44368236729762,-2.06769756737113,-8.44713985089207
6.6875,-6.43858790944441,-2.06769756737113,-8.45732608993657
6.69,-6.4334934515912,-2.08808033859429,-8.48788480707007
6.6925,-6.42839899373798,-2.05241048895377,-8.43186049232532
6.695,-6.43858790944441,-2.02693202492483,-8.44713985089207
6.6975,-6.40802116232514,-2.03202771773061,-8.58465407799281
6.7,-6.40292670447193,-2.02183633211904,-8.54900224133706
6.7025,-6.39273778876551,-2.04221910334219,-8.47769856802557
6.705,-6.37235995735267,-2.01674063931325,-8.51844352420357
6.7075,-6.36726549949946,-2.01164494650746,-8.51335040468132
6.71,-6.38254887305909,-2.03202771773061,-8.51335040468132
6.7125,-6.37235995735267,-2.0371234105364,-0.10970319296954
6.715,-6.31632092096735,-2.00654925370167,-0.0995169539250416
6.7175,-6.30613200526093,-2.02693202492483,-0.0995169539250416
6.72,-6.2908486317013,-2.10846310981744,-0.0995169539250416
6.7225,-6.28065971599488,-2.01164494650746,-0.0995169539250416
6.725,-6.27047080028846,-1.99126217528431,-8.39620865566958
6.7275,-6.25518742672882,-2.11355880262323,-8.38602241662508
6.73,-6.23990405316919,-2.06260187456535,-8.39620865566958
6.7325,-6.22971513746277,-2.02183633211904,-8.40130177519183
6.735,-6.21443176390314,-1.97087940406115,-8.39620865566958
6.7375,-6.19914839034351,-1.94540094003221,-8.40639489471408
6.74,-6.1940539324903,-1.93520955442063,-8.39111553614733
6.7425,-6.18386501678388,-2.01674063931325,-8.40639489471408
6.745,-6.16858164322425,-1.91482678319748,-8.48279168754782
6.7475,-6.16348718537103,-1.98107078967273,-8.40639489471408
6.75,-6.1482038118114,-1.88934831916854,-8.41148801423633
6.7525,-6.13801489610498,-1.9963578680901,-8.41658113375857
6.755,-6.12782598039856,-1.93520955442063,-8.58974719751506
6.7575,-6.11254260683893,-1.92501816880906,-8.57446783894831
6.76,-6.0972592332793,-1.98107078967273,-8.61521279512631
6.7625,-6.09216477542609,-1.93520955442063,-8.47260544850332
6.765,-6.08197585971966,-1.94030524722642,-8.46241920945882
6.7675,-6.07178694401324,-1.88934831916854,-8.46751232898107
6.77,-6.07178694401324,-1.92501816880906,-8.49807104611457
6.7725,-6.06669248616003,-1.9046353975859,-8.51335040468132
6.775,-6.06159802830682,-1.80781723427592,-8.53372288277031
6.7775,-6.06159802830682,-1.80272154147014,-8.54900224133706
6.78,-6.05650357045361,-1.98616648247852,-8.56937471942606
6.7825,-6.05650357045361,-1.98107078967273,-8.56428159990381
6.785,-6.05650357045361,-1.98616648247852,-8.59484031703731
6.7875,-6.0514091126004,-0.100760144336805,-8.61011967560406
6.79,-6.0514091126004,-0.0956644515310163,-8.62030591464856
6.7925,-6.0514091126004,-0.0956644515310163,-8.6967027074823
6.795,-6.0514091126004,-0.0956644515310163,-8.46751232898107
6.7975,-6.0514091126004,-2.09827172420586,-8.47769856802557
6.8,-6.06159802830682,-2.12884588104059,-8.64067839273756
6.8025,-6.06669248616003,-2.12884588104059,-8.50825728515907
6.805,-6.06669248616003,-2.06769756737113,-8.50316416563682
6.8075,-6.07178694401324,-2.05750618175956,-8.50825728515907
6.81,-6.08197585971966,-2.00145356089588,-8.53881600229256
6.8125,-6.08707031757288,-2.10336741701165,-8.56428159990381
6.815,-6.09216477542609,-1.96578371125536,-8.60502655608181
6.8175,-6.10235369113251,-2.02183633211904,-8.79856509792729
6.82,-6.10744814898572,-2.02183633211904,-8.56937471942606
6.8225,-6.11254260683893,-2.01164494650746,-8.57956095847056
6.825,-6.11763706469214,-2.04731479614798,-8.6865164684378
6.8275,-6.12273152254535,-2.06769756737113,-8.6763302293933
6.83,-6.12782598039856,-2.09827172420586,-8.6763302293933
6.8325,-6.13292043825177,-2.0829846457885,-8.61011967560406
6.835,-6.13292043825177,-2.09827172420586,-8.62030591464856
6.8375,-6.15839272751782,-2.09827172420586,-8.64067839273756
6.84,-6.17367610107746,-2.13394157384638,-8.65086463178205
6.8425,-6.17367610107746,-2.14413295945796,-8.63049215369306
6.845,-6.17877055893067,-2.17470711629269,-8.68142334891555
6.8475,-6.18895947463709,-2.20528127312742,-8.69160958796005
6.85,-6.1940539324903,-2.20018558032163,-8.53881600229256
6.8525,-6.19914839034351,-2.28171666521425,-8.54900224133706
6.855,-6.20933730604993,-2.24095112276794,-8.54900224133706
6.8575,-6.20933730604993,-2.21037696593321,-8.54900224133706
6.86,-6.21443176390314,-2.24604681557373,-8.56937471942606
6.8625,-6.22462067960956,-2.27662097240846,-8.56937471942606
6.865,-6.23480959531598,-2.30719512924319,-8.80875133697179
6.8675,-6.23480959531598,-2.27152527960267,-8.62539903417081
6.87,-6.23990405316919,-2.24604681557373,-8.63049215369306
6.8725,-6.2449985110224,-2.28171666521425,-8.63049215369306
6.875,-6.25009296887561,-2.28171666521425,-8.64577151225981
6.8775,-6.25518742672882,-2.34286497888371,-8.64577151225981
6.88,-6.28575417384809,-2.30719512924319,-8.6967027074823
6.8825,-6.29594308955451,-2.31738651485477,-8.7374476636603
6.885,-6.30103754740772,-2.33267359327213,-8.76291326127155
6.8875,-6.33669875238019,-2.33776928607792,-8.67123710987105
6.89,-6.33669875238019,-2.36834344291265,-8.7068889465268
6.8925,-6.30613200526093,-2.35815205730107,-8.67123710987105
6.895,-6.32650983667377,-2.39891759974738,-8.67123710987105
6.8975,-6.33160429452698,-2.3020994364374,-8.68142334891555
6.9,-6.39273778876551,-2.33267359327213,-8.72216830509355
6.9025,-6.35707658379304,-2.35815205730107,-8.76291326127155
6.905,-6.35707658379304,-2.35815205730107,-8.79856509792729
6.9075,-6.35707658379304,-2.35815205730107,-8.73235454413805
6.91,-6.36217104164625,-2.33267359327213,-8.81384445649404
6.9125,-6.36726549949946,-2.28681235802003,-8.75272702222705
6.915,-6.37235995735267,-2.24604681557373,-8.77309950031604
6.9175,-6.35198212593983,-2.1696114234869,-8.77309950031604
6.92,-6.36217104164625,-2.17980280909848,-8.75272702222705
6.9225,-6.39783224661872,-2.18999419471005,-8.69160958796005
6.925,-6.39783224661872,-2.20528127312742,-8.67123710987105
6.9275,-6.41821007803156,-2.18999419471005,-8.67123710987105
6.93,-6.41821007803156,-2.22566404435057,-8.7170751855713
6.9325,-6.41311562017835,-2.27152527960267,-8.69160958796005
6.935,-6.41311562017835,-2.22566404435057,-8.72216830509355
6.9375,-6.43858790944441,-2.23075973715636,-8.7374476636603
6.94,-6.44368236729762,-2.24095112276794,-8.72216830509355
6.9425,-6.42330453588477,-2.25114250837952,-8.7272614246158
6.945,-6.42330453588477,-2.2562382011853,-8.7374476636603
6.9475,-6.44877682515083,-2.23585542996215,-8.75272702222705
6.95,-6.44368236729762,-2.23075973715636,-8.7374476636603
6.9525,-6.37745441520588,-2.23585542996215,-8.7476339027048
6.955,-6.39783224661872,-2.26133389399109,-8.7272614246158
6.9575,-6.39783224661872,-2.28681235802003,-8.75272702222705
6.96,-6.39273778876551,-2.28171666521425,-8.7476339027048
6.9625,-6.3876433309123,-2.30719512924319,-8.7578201417493
6.965,-6.3876433309123,-2.53140561269788,-8.75272702222705
6.9675,-6.38254887305909,-2.53650130550367,-8.7170751855713
6.97,-6.39783224661872,-2.53140561269788,-8.72216830509355
6.9725,-6.43858790944441,-2.50083145586315,-8.77309950031604
6.975,-6.4334934515912,-2.53140561269788,-8.7374476636603
6.9775,-6.35707658379304,-2.49573576305736,-8.7578201417493
6.98,-6.35707658379304,-2.50592714866894,-8.7578201417493
6.9825,-6.35707658379304,-2.56197976953261,-8.7578201417493
6.985,-6.35198212593983,-2.58745823356155,-8.77819261983829
6.9875,-6.3417932102334,-2.54159699830946,-8.7578201417493
6.99,-6.37235995735267,-2.46006591341684,-8.7578201417493
6.9925,-6.32141537882056,-2.50592714866894,-8.77309950031604
6.995,-6.32650983667377,-2.48554437744578,-8.7374476636603
6.9975,-6.31632092096735,-2.48044868463999,-8.84440317362754
7,-6.33669875238019,-2.5212142270863,-8.78328573936054
7.0025,-6.33669875238019,-2.52630991989209,-8.76800638079379
7.005,-6.30103754740772,-2.49573576305736,-8.74254078318255
7.0075,-6.2908486317013,-2.50592714866894,-8.75272702222705
7.01,-6.2908486317013,-2.54669269111524,-8.79856509792729
7.0125,-6.30613200526093,-2.55688407672682,-8.80365821744954
7.015,-6.28065971599488,-2.53140561269788,-8.7578201417493
7.0175,-6.27556525814167,-2.53650130550367,-8.85458941267204
7.02,-6.27047080028846,-2.51611853428051,-8.86477565171654
7.0225,-6.27047080028846,-2.5212142270863,-8.78837885888279
7.025,-6.27047080028846,-2.5212142270863,-8.75272702222705
7.0275,-6.26028188458204,-2.51611853428051,-8.7578201417493
7.03,-6.25518742672882,-2.48554437744578,-8.78837885888279
7.0325,-6.25009296887561,-2.47535299183421,-8.77309950031604
7.035,-6.2449985110224,-2.50083145586315,-8.76291326127155
7.0375,-6.23990405316919,-2.49064007025157,-8.78837885888279
7.04,-6.22971513746277,-2.49064007025157,-8.76800638079379
7.0425,-6.21443176390314,-2.47535299183421,-8.7068889465268
7.045,-6.22971513746277,-2.48044868463999,-8.70179582700455
7.0475,-6.19914839034351,-2.46006591341684,-8.72216830509355
7.05,-6.18895947463709,-2.36324775010686,-8.72216830509355
7.0525,-6.18386501678388,-2.35305636449528,-8.83421693458304
7.055,-6.17367610107746,-2.37853482852423,-8.7068889465268
7.0575,-6.16858164322425,-2.3479606716895,-8.73235454413805
7.06,-6.16858164322425,-2.31229082204898,-8.70179582700455
7.0625,-6.16348718537103,-2.30719512924319,-8.73235454413805
7.065,-6.15839272751782,-2.32248220766055,-8.7476339027048
7.0675,-6.15839272751782,-2.31738651485477,-8.7578201417493
7.07,-6.15839272751782,-2.28681235802003,-8.75272702222705
7.0725,-6.15329826966461,-2.31738651485477,-8.76291326127155
7.075,-6.15329826966461,-2.31229082204898,-8.73235454413805
7.0775,-6.15329826966461,-2.33776928607792,-8.74254078318255
7.08,-6.1482038118114,-2.33776928607792,-8.7476339027048
7.0825,-6.1482038118114,-2.33776928607792,-8.7068889465268
7.085,-6.1482038118114,-2.30719512924319,-8.7374476636603
7.0875,-6.14310935395819,-2.3020994364374,-8.7476339027048
7.09,-6.14310935395819,-2.29700374363161,-8.7578201417493
7.0925,-6.16858164322425,-2.27662097240846,-8.63049215369306
7.095,-6.16858164322425,-2.29700374363161,-8.6865164684378
7.0975,-6.17367610107746,-2.26642958679688,-8.69160958796005
7.1,-6.17877055893067,-2.27152527960267,-8.68142334891555
7.1025,-6.17367610107746,-2.29700374363161,-8.82912381506079
7.105,-6.18386501678388,-2.37853482852423,-8.65086463178205
7.1075,-6.18895947463709,-2.33776928607792,-8.64067839273756
7.11,-6.16858164322425,-2.36834344291265,-8.6559577513043
7.1125,-6.17367610107746,-2.32757790046634,-8.6763302293933
7.115,-6.17877055893067,-2.31738651485477,-8.63049215369306
7.1175,-6.17877055893067,-2.33776928607792,-8.63049215369306
7.12,-6.17367610107746,-2.32757790046634,-8.67123710987105
7.1225,-6.17877055893067,-2.29700374363161,-8.62539903417081
7.125,-6.17877055893067,-2.23075973715636,-8.62539903417081
7.1275,-6.17367610107746,-2.3020994364374,-8.6661439903488
7.13,-6.17877055893067,-2.29700374363161,-8.64067839273756
7.1325,-6.17877055893067,-2.24604681557373,-8.64067839273756
7.135,-6.17367610107746,-2.13903726665217,-8.6967027074823
7.1375,-6.17367610107746,-2.13903726665217,-8.73235454413805
7.14,-6.17877055893067,-2.13903726665217,-8.6967027074823
7.1425,-6.17877055893067,-2.26642958679688,-8.7068889465268
7.145,-6.17367610107746,-2.10846310981744,-8.6763302293933
7.1475,-6.17367610107746,-1.98107078967273,-8.63049215369306
7.15,-6.19914839034351,-1.93520955442063,-8.64067839273756
7.1525,-6.16858164322425,-1.91992247600327,-8.61011967560406
7.155,-6.17367610107746,-1.9046353975859,-8.66105087082655
7.1575,-6.17367610107746,-1.91992247600327,-8.72216830509355
7.16,-6.17367610107746,-1.9046353975859,-8.65086463178205
7.1625,-6.18386501678388,-1.99126217528431,-8.71198206604905
7.165,-6.18386501678388,-1.89953970478012,-8.7170751855713
7.1675,-6.18895947463709,-1.91992247600327,-8.56937471942606
7.17,-6.18895947463709,-1.8638698551396,-8.59484031703731
7.1725,-6.1940539324903,-1.86896554794538,-8.59484031703731
7.175,-6.20424284819672,-1.87915693355696,-8.7476339027048
7.1775,-6.20933730604993,-1.8638698551396,-8.80365821744954
7.18,-6.21443176390314,-1.85877416233381,-8.63558527321531
7.1825,-6.21443176390314,-1.93011386161485,-8.64067839273756
7.185,-6.20933730604993,-1.84858277672223,-8.63558527321531
7.1875,-6.21443176390314,-1.84348708391644,-8.54390912181481
7.19,-6.21443176390314,-1.84858277672223,-8.54900224133706
7.1925,-6.21443176390314,-1.85367846952802,-8.54900224133706
7.195,-6.21952622175635,-1.83839139111065,-8.64577151225981
7.1975,-6.22462067960956,-1.83839139111065,-8.57446783894831
7.2,-6.25009296887561,-1.88934831916854,-8.57956095847056
7.2025,-6.25009296887561,-1.84348708391644,-8.52353664372582
7.205,-6.25518742672882,-1.83839139111065,-8.55918848038156
7.2075,-6.25009296887561,-1.84858277672223,-8.54390912181481
7.21,-6.27556525814167,-1.84858277672223,-8.58974719751506
7.2125,-6.26028188458204,-1.88425262636275,-8.56937471942606
7.215,-6.26028188458204,-2.02693202492483,-8.57956095847056
7.2175,-6.27047080028846,-2.05750618175956,-8.62539903417081
7.22,-6.27556525814167,-2.05241048895377,-8.46751232898107
7.2225,-6.27556525814167,-2.04221910334219,-8.48279168754782
7.225,-6.28575417384809,-1.98616648247852,-8.47769856802557
7.2275,-6.29594308955451,-2.00145356089588,-8.66105087082655
7.23,-6.29594308955451,-1.98616648247852,-8.47769856802557
7.2325,-6.30613200526093,-2.01164494650746,-8.50825728515907
7.235,-6.31632092096735,-2.00145356089588,-8.51335040468132
7.2375,-6.31632092096735,-2.00145356089588,-8.52862976324807
7.24,-6.31632092096735,-2.0371234105364,-8.51844352420357
7.2425,-6.32141537882056,-2.01164494650746,-8.68142334891555
7.245,-6.32141537882056,-1.98616648247852,-8.55409536085931
7.2475,-6.32650983667377,-1.99126217528431,-8.73235454413805
7.25,-6.32650983667377,-2.01674063931325,-8.58465407799281
7.2525,-6.31632092096735,-2.04731479614798,-8.55918848038156
7.255,-6.32141537882056,-1.98107078967273,-8.56428159990381
7.2575,-6.31632092096735,-1.9963578680901,-8.43695361184757
7.26,-6.31122646311414,-2.00145356089588,-8.44204673136982
7.2625,-6.33160429452698,-2.04731479614798,-8.41658113375857
7.265,-6.33160429452698,-2.00654925370167,-8.42676737280307
7.2675,-6.32141537882056,-2.00145356089588,-8.59484031703731
7.27,-6.32141537882056,-2.01674063931325,-8.42167425328083
7.2725,-6.29594308955451,-1.99126217528431,-8.38602241662508
7.275,-6.30613200526093,-1.99126217528431,-8.39111553614733
7.2775,-6.30613200526093,-2.00654925370167,-8.39620865566958
7.28,-6.31122646311414,-2.00654925370167,-0.10461007344729
7.2825,-6.31122646311414,-2.02693202492483,-0.0995169539250416
7.285,-6.31122646311414,-2.04731479614798,-0.0995169539250416
7.2875,-6.31122646311414,-1.9963578680901,-8.42676737280307
7.29,-6.31632092096735,-2.02183633211904,-8.39620865566958
7.2925,-6.31632092096735,-2.02693202492483,-8.44713985089207
7.295,-6.31632092096735,-2.02693202492483,-8.45223297041432
7.2975,-6.32141537882056,-2.02693202492483,-8.39111553614733
7.3,-6.34688766808662,-2.00654925370167,-8.40639489471408
7.3025,-6.33160429452698,-2.02183633211904,-8.41658113375857
7.305,-6.33160429452698,-2.01674063931325,-8.41658113375857
7.3075,-6.3417932102334,-2.01164494650746,-8.43186049232532
7.31,-6.35198212593983,-2.02693202492483,-8.44204673136982
7.3125,-6.35707658379304,-2.01674063931325,-8.46751232898107
7.315,-6.40292670447193,-2.02183633211904,-8.47769856802557
7.3175,-6.37745441520588,-2.01674063931325,-8.49297792659232
7.32,-6.3876433309123,-2.0371234105364,-8.46751232898107
7.3225,-6.38254887305909,-2.06769756737113,-8.51335040468132
7.325,-6.40292670447193,-2.05750618175956,-8.52862976324807
7.3275,-6.3876433309123,-2.01164494650746,-8.53372288277031
7.33,-6.39273778876551,-2.04731479614798,-8.51335040468132
7.3325,-6.36726549949946,-2.02183633211904,-8.55918848038156
7.335,-6.39273778876551,-1.91482678319748,-8.48279168754782
7.3375,-6.37235995735267,-1.90973109039169,-8.57956095847056
7.34,-6.37235995735267,-2.11355880262323,-8.59484031703731
7.3425,-6.37235995735267,-1.83839139111065,-8.47260544850332
7.345,-6.37745441520588,-1.79762584866435,-8.58974719751506
7.3475,-6.37745441520588,-1.79762584866435,-8.63049215369306
7.35,-6.38254887305909,-1.8638698551396,-8.61011967560406
7.3525,-6.39273778876551,-1.81291292708171,-8.60502655608181
7.355,-6.39273778876551,-1.81291292708171,-8.50825728515907
7.3575,-6.39783224661872,-1.67023352851964,-8.38092929710283
7.36,-6.40292670447193,-1.67532922132543,-8.35546369949158
7.3625,-6.39783224661872,-1.64985075729648,-8.35546369949158
7.365,-6.40292670447193,-1.75176461341225,-8.36055681901383
7.3675,-6.45896574085725,-1.83839139111065,-8.46751232898107
7.37,-6.41311562017835,-1.78743446305277,-8.40130177519183
7.3725,-6.40802116232514,-1.76705169182962,-8.41658113375857
7.375,-6.41311562017835,-1.76705169182962,-8.41148801423633
7.3775,-6.41311562017835,-1.77724307744119,-8.39620865566958
7.38,-6.41311562017835,-1.78743446305277,-8.46241920945882
7.3825,-6.40802116232514,-1.77724307744119,-8.40130177519183
7.385,-6.4334934515912,-1.83839139111065,-8.37583617758058
7.3875,-6.42839899373798,-1.82820000549908,-8.54900224133706
7.39,-6.39273778876551,-1.89953970478012,-8.6559577513043
7.3925,-6.39273778876551,-1.89444401197433,-8.38602241662508
7.395,-6.39273778876551,-1.93011386161485,-8.40639489471408
7.3975,-6.38254887305909,-1.94030524722642,-8.44204673136982
7.4,-6.38254887305909,-1.94030524722642,-8.41658113375857
7.4025,-6.37235995735267,-1.93520955442063,-8.45223297041432
7.405,-6.39273778876551,-0.0956644515310163,-8.43186049232532
7.4075,-6.37235995735267,-2.09827172420586,-8.37074305805833
7.41,-6.36726549949946,-2.22056835154479,-8.39111553614733
7.4125,-6.3417932102334,-2.22056835154479,-8.38602241662508
7.415,-6.33160429452698,-2.22056835154479,-8.39111553614733
7.4175,-6.33160429452698,-2.29700374363161,-8.40639489471408
7.42,-6.35198212593983,-2.29700374363161,-8.41658113375857
7.4225,-6.34688766808662,-2.0829846457885,-8.40639489471408
7.425,-6.33669875238019,-2.09317603140008,-8.43186049232532
7.4275,-6.31122646311414,-2.09827172420586,-8.61011967560406
7.43,-6.31122646311414,-2.08808033859429,-8.45732608993657
7.4325,-6.31632092096735,-2.09317603140008,-8.44204673136982
7.435,-6.31122646311414,-2.10336741701165,-8.46241920945882
7.4375,-6.30103754740772,-2.0829846457885,-8.46751232898107
7.44,-6.30103754740772,-2.11355880262323,-8.50316416563682
7.4425,-6.29594308955451,-2.11865449542902,-8.51844352420357
7.445,-6.29594308955451,-2.10336741701165,-8.48788480707007
7.4475,-6.29594308955451,-2.15432434506954,-8.42167425328083
7.45,-6.2908486317013,-2.13903726665217,-8.40639489471408
7.4525,-6.2908486317013,-2.16451573068111,-8.49807104611457
7.455,-6.32650983667377,-2.14922865226375,-8.47260544850332
7.4575,-6.29594308955451,-2.13394157384638,-8.47769856802557
7.46,-6.30103754740772,-2.15942003787532,-8.46751232898107
7.4625,-6.30103754740772,-2.13903726665217,-8.40130177519183
7.465,-6.30613200526093,-2.1696114234869,-8.45223297041432
7.4675,-6.30103754740772,-2.17980280909848,-8.45223297041432
7.47,-6.30103754740772,-2.15942003787532,-8.48279168754782
7.4725,-6.30103754740772,-2.20528127312742,-8.46751232898107
7.475,-6.30103754740772,-2.21037696593321,-8.46751232898107
7.4775,-6.30103754740772,-2.17980280909848,-8.46241920945882
7.48,-6.30613200526093,-2.21037696593321,-8.47769856802557
7.4825,-6.31122646311414,-2.18489850190427,-8.47769856802557
7.485,-6.31632092096735,-2.18489850190427,-8.46751232898107
7.4875,-6.32141537882056,-2.18489850190427,-8.54390912181481
7.49,-6.32141537882056,-2.18999419471005,-8.49807104611457
7.4925,-6.32650983667377,-2.19508988751584,-8.49297792659232
7.495,-6.33160429452698,-2.18999419471005,-8.52862976324807
7.4975,-6.37235995735267,-2.18489850190427,-8.48788480707007
7.5,-6.38254887305909,-2.18489850190427,-8.48279168754782
7.5025,-6.35707658379304,-2.18489850190427,-8.46751232898107
7.505,-6.36217104164625,-2.17980280909848,-8.51844352420357
7.5075,-6.37235995735267,-2.20528127312742,-8.45732608993657
7.51,-6.36726549949946,-2.20528127312742,-8.46241920945882
7.5125,-6.36726549949946,-2.20018558032163,-8.46751232898107
7.515,-6.37235995735267,-2.17980280909848,-8.46241920945882
7.5175,-6.37235995735267,-2.19508988751584,-8.48788480707007
7.52,-6.38254887305909,-2.18999419471005,-8.48788480707007
7.5225,-6.39273778876551,-2.20528127312742,-8.45223297041432
7.525,-6.39273778876551,-2.20528127312742,-8.57956095847056
7.5275,-6.39783224661872,-2.19508988751584,-8.55918848038156
7.53,-6.39783224661872,-2.18999419471005,-8.41148801423633
7.5325,-6.40292670447193,-2.15942003787532,-8.42167425328083
7.535,-6.39783224661872,-2.17470711629269,-8.39620865566958
7.5375,-6.39783224661872,-2.15942003787532,-8.48788480707007
7.54,-6.39783224661872,-2.15432434506954,-8.49807104611457
7.5425,-6.40292670447193,-2.13903726665217,-8.39620865566958
7.545,-6.40802116232514,-2.13394157384638,-8.39111553614733
7.5475,-6.40292670447193,-2.10336741701165,-8.39111553614733
7.55,-6.40292670447193,-2.1237501882348,-8.39620865566958
7.5525,-6.40292670447193,-2.11355880262323,-8.39620865566958
7.555,-6.40802116232514,-2.09827172420586,-8.40130177519183
7.5575,-6.40292670447193,-2.09827172420586,-8.43695361184757
7.56,-6.40802116232514,-2.14922865226375,-8.45732608993657
7.5625,-6.40802116232514,-2.15432434506954,-8.45732608993657
7.565,-6.40292670447193,-1.91482678319748,-8.51844352420357
7.5675,-6.40802116232514,-1.91992247600327,-8.55409536085931
7.57,-6.40802116232514,-1.92501816880906,-8.55409536085931
7.5725,-6.40802116232514,-2.05750618175956,-8.55409536085931
7.575,-6.40802116232514,-2.05750618175956,-8.50316416563682
7.5775,-6.40802116232514,-2.0371234105364,-8.47260544850332
7.58,-6.40802116232514,-2.04731479614798,-8.46751232898107
7.5825,-6.40292670447193,-2.00145356089588,-8.44713985089207
7.585,-6.39783224661872,-1.85877416233381,-8.43695361184757
7.5875,-6.39273778876551,-1.80781723427592,-8.48788480707007
7.59,-6.39273778876551,-1.79762584866435,-8.49297792659232
7.5925,-6.3876433309123,-1.7721473846354,-8.48788480707007
7.595,-6.37745441520588,-1.78233877024698,-8.58465407799281
7.5975,-6.37745441520588,-1.7721473846354,-8.25360130904659
7.6,-6.37235995735267,-1.90973109039169,-8.24850818952434
7.6025,-6.36726549949946,-1.85877416233381,-8.25360130904659
7.605,-6.38254887305909,-1.8638698551396,-8.26378754809109
7.6075,-6.36726549949946,-1.86896554794538,-8.25869442856884
7.61,-6.36217104164625,-1.89444401197433,-8.26378754809109
7.6125,-6.35707658379304,-1.87915693355696,-8.27397378713559
7.615,-6.35707658379304,-1.89953970478012,-8.26888066761334
7.6175,-6.35198212593983,-1.89444401197433,-8.27906690665784
7.62,-6.34688766808662,-1.92501816880906,-8.29434626522459
7.6225,-6.35198212593983,-1.91482678319748,-8.29434626522459
7.625,-6.34688766808662,-1.93520955442063,-8.30453250426909
7.6275,-6.3417932102334,-2.03202771773061,-8.31981186283583
7.63,-6.33669875238019,-2.01164494650746,-8.31981186283583
7.6325,-6.33160429452698,-2.02183633211904,-8.32999810188033
7.635,-6.32141537882056,-2.07788895298271,-8.34527746044708
7.6375,-6.31632092096735,-2.0829846457885,-8.35546369949158
7.64,-6.31122646311414,-2.04731479614798,-8.34018434092483
7.6425,-6.30613200526093,-2.05241048895377,-8.35546369949158
7.645,-6.30103754740772,-2.03202771773061,-8.36564993853608
7.6475,-6.30103754740772,-2.0371234105364,-8.40639489471408
7.65,-6.2908486317013,-2.07279326017692,-8.37074305805833
7.6525,-6.2908486317013,-2.11865449542902,-8.37074305805833
7.655,-6.27047080028846,-2.10846310981744,-8.40130177519183
7.6575,-6.25518742672882,-2.11355880262323,-8.41658113375857
7.66,-6.25518742672882,-2.11355880262323,-8.37074305805833
7.6625,-6.25009296887561,-2.09827172420586,-8.43186049232532
7.665,-6.23990405316919,-2.20018558032163,-8.45223297041432
7.6675,-6.23990405316919,-2.13394157384638,-8.25869442856884
7.67,-6.23480959531598,-2.0829846457885,-8.25869442856884
7.6725,-6.26028188458204,-2.09317603140008,-8.45223297041432
7.675,-6.26028188458204,-2.09317603140008,-8.29943938474683
7.6775,-6.23990405316919,-2.36834344291265,-8.26378754809109
7.68,-6.26028188458204,-2.32757790046634,-8.28416002618009
7.6825,-6.26537634243525,-2.28171666521425,-8.26888066761334
7.685,-6.28065971599488,-2.36834344291265,-8.26888066761334
7.6875,-6.27556525814167,-2.35815205730107,-8.27906690665784
7.69,-6.26028188458204,-2.35305636449528,-8.27906690665784
7.6925,-6.26537634243525,-2.3479606716895,-8.27397378713559
7.695,-6.23480959531598,-2.3479606716895,-8.28925314570234
7.6975,-6.23480959531598,-2.3479606716895,-8.32490498235808
7.7,-6.23480959531598,-2.33776928607792,-8.30453250426909
7.7025,-6.22971513746277,-2.33776928607792,-8.28925314570234
7.705,-6.23480959531598,-2.32757790046634,-8.28416002618009
7.7075,-6.23990405316919,-2.33776928607792,-8.28925314570234
7.71,-6.23990405316919,-2.3020994364374,-8.29943938474683
7.7125,-6.22971513746277,-2.28681235802003,-8.29943938474683
7.715,-6.22971513746277,-2.28171666521425,-8.35037057996933
7.7175,-6.22971513746277,-2.29190805082582,-8.34018434092483
7.72,-6.21952622175635,-2.26642958679688,-8.31471874331358
7.7225,-6.21443176390314,-2.26133389399109,-8.27906690665784
7.725,-6.20933730604993,-2.25114250837952,-8.31471874331358
7.7275,-6.20933730604993,-2.24604681557373,-8.31471874331358
7.73,-6.20424284819672,-2.27152527960267,-8.28416002618009
7.7325,-6.21952622175635,-2.24604681557373,-8.29434626522459
7.735,-6.21952622175635,-2.23585542996215,-8.35037057996933
7.7375,-6.21443176390314,-2.23075973715636,-8.34527746044708
7.74,-6.20933730604993,-2.28171666521425,-8.36564993853608
7.7425,-6.18386501678388,-2.28171666521425,-8.36564993853608
7.745,-6.18386501678388,-2.2562382011853,-8.31981186283583
7.7475,-6.18895947463709,-2.27662097240846,-8.40130177519183
7.75,-6.18386501678388,-2.21037696593321,-8.34527746044708
7.7525,-6.18895947463709,-2.29190805082582,-8.34527746044708
7.755,-6.17877055893067,-2.27152527960267,-8.38092929710283
7.7575,-6.17367610107746,-2.24604681557373,-8.49807104611457
7.76,-6.17367610107746,-2.18999419471005,-8.41148801423633
7.7625,-6.17367610107746,-2.215472658739,-8.42676737280307
7.765,-6.16858164322425,-2.24095112276794,-8.43695361184757
7.7675,-6.21952622175635,-2.215472658739,-8.43186049232532
7.77,-6.15329826966461,-2.20528127312742,-8.46751232898107
7.7725,-6.19914839034351,-2.25114250837952,-8.45223297041432
7.775,-6.15839272751782,-2.23075973715636,-8.47260544850332
7.7775,-6.15839272751782,-2.21037696593321,-8.46751232898107
7.78,-6.15329826966461,-2.26133389399109,-8.46751232898107
7.7825,-6.17877055893067,-2.2562382011853,-8.49297792659232
7.785,-6.17877055893067,-2.2562382011853,-8.52353664372582
7.7875,-6.1482038118114,-0.0956644515310163,-8.54390912181481
7.79,-6.11763706469214,-2.33776928607792,-8.54900224133706
7.7925,-6.09216477542609,-2.34286497888371,-8.53881600229256
7.795,-6.1482038118114,-2.3479606716895,-8.33509122140258
7.7975,-6.14310935395819,-2.32757790046634,-8.34018434092483
7.8,-6.09216477542609,-2.32757790046634,-8.34527746044708
7.8025,-6.08707031757288,-2.35815205730107,-8.37074305805833
7.805,-6.16348718537103,-2.35815205730107,-8.39620865566958
7.8075,-6.06159802830682,-2.43968314219369,-8.37074305805833
7.81,-6.05650357045361,-2.39891759974738,-8.40130177519183
7.8125,-6.04631465474719,-2.41930037097053,-8.57446783894831
7.815,-6.04631465474719,-2.44987452780526,-8.56937471942606
7.8175,-6.04122019689398,-2.40401329255317,-8.31981186283583
7.82,-6.04122019689398,-2.44477883499948,-8.32490498235808
7.8225,-6.03612573904077,-2.42439606377632,-8.35037057996933
7.825,-6.03103128118756,-2.46006591341684,-8.46241920945882
7.8275,-6.03103128118756,-2.49064007025157,-8.40639489471408
7.83,-6.03612573904077,-2.48554437744578,-8.44204673136982
7.8325,-6.03612573904077,-2.44477883499948,-8.43186049232532
7.835,-6.06159802830682,-2.45497022061105,-8.40639489471408
7.8375,-6.09216477542609,-2.44987452780526,-8.41148801423633
7.84,-6.06159802830682,-2.52630991989209,-8.43186049232532
7.8425,-6.06669248616003,-2.45497022061105,-8.44204673136982
7.845,-6.0514091126004,-2.42949175658211,-8.44713985089207
7.8475,-6.0514091126004,-2.42949175658211,-8.53372288277031
7.85,-6.0514091126004,-2.47535299183421,-8.48788480707007
7.8525,-6.05650357045361,-2.46516160622263,-8.48788480707007
7.855,-6.0514091126004,-2.46516160622263,-8.6559577513043
7.8575,-6.0514091126004,-2.45497022061105,-8.54390912181481
7.86,-6.05650357045361,-2.45497022061105,-8.54900224133706
7.8625,-6.05650357045361,-2.45497022061105,-8.56428159990381
7.865,-6.06159802830682,-2.54159699830946,-8.55409536085931
7.8675,-6.06159802830682,-2.43968314219369,-8.59484031703731
7.87,-6.06669248616003,-2.44987452780526,-8.61011967560406
7.8725,-6.07688140186645,-2.39382190694159,-8.39620865566958
7.875,-6.10744814898572,-2.48044868463999,-8.39620865566958
7.8775,-6.09216477542609,-2.37853482852423,-8.36564993853608
7.88,-6.12782598039856,-2.3887262141358,-8.40130177519183
7.8825,-6.13801489610498,-2.3479606716895,-8.6559577513043
7.885,-6.12782598039856,-2.35815205730107,-8.46751232898107
7.8875,-6.17877055893067,-2.31229082204898,-8.38092929710283
7.89,-6.16348718537103,-2.31229082204898,-8.40639489471408
7.8925,-6.17367610107746,-2.34286497888371,-8.39111553614733
7.895,-6.17877055893067,-2.26133389399109,-8.40639489471408
7.8975,-6.1940539324903,-2.29700374363161,-8.53881600229256
7.9,-6.19914839034351,-2.22566404435057,-8.48788480707007
7.9025,-6.20933730604993,-2.18999419471005,-8.53372288277031
7.905,-6.22971513746277,-2.24604681557373,-8.56428159990381
7.9075,-6.23990405316919,-2.14922865226375,-8.54900224133706
7.91,-6.25518742672882,-2.15942003787532,-8.55918848038156
7.9125,-6.26537634243525,-2.13394157384638,-8.52353664372582
7.915,-6.28065971599488,-2.1237501882348,-8.42167425328083
7.9175,-6.2908486317013,-2.05241048895377,-8.43695361184757
7.92,-6.30103754740772,-2.06769756737113,-8.48788480707007
7.9225,-6.31632092096735,-2.02693202492483,-8.51844352420357
7.925,-6.32650983667377,-2.02693202492483,-8.52862976324807
7.9275,-6.36217104164625,-2.00145356089588,-8.47260544850332
7.93,-6.36726549949946,-2.00145356089588,-8.42167425328083
7.9325,-6.35707658379304,-2.00145356089588,-8.42676737280307
7.935,-6.39273778876551,-1.99126217528431,-8.47769856802557
7.9375,-6.37745441520588,-1.98107078967273,-8.46751232898107
7.94,-6.41311562017835,-1.97087940406115,-8.42676737280307
7.9425,-6.39783224661872,-1.96068801844958,-8.48788480707007
7.945,-6.41821007803156,-1.99126217528431,-8.46241920945882
7.9475,-6.42330453588477,-1.9963578680901,-8.46751232898107
7.95,-6.4334934515912,-2.02693202492483,-8.39620865566958
7.9525,-6.44368236729762,-1.9963578680901,-8.49297792659232
7.955,-6.45387128300404,-2.0371234105364,-8.52353664372582
7.9575,-6.45896574085725,-2.02183633211904,-8.52862976324807
7.96,-6.46406019871046,-2.06769756737113,-8.51844352420357
7.9625,-6.46915465656367,-2.07788895298271,-8.46751232898107
7.965,-6.47424911441688,-2.09827172420586,-8.38602241662508
7.9675,-6.47934357227009,-2.07788895298271,-8.50825728515907
7.97,-6.4844380301233,-2.0829846457885,-8.54900224133706
7.9725,-6.4844380301233,-2.07279326017692,-8.47260544850332
7.975,-6.49462694582972,-2.06769756737113,-8.47260544850332
7.9775,-6.49462694582972,-2.06260187456535,-8.37583617758058
7.98,-6.49462694582972,-2.03202771773061,-8.46751232898107
7.9825,-6.49462694582972,-2.07788895298271,-8.41658113375857
7.985,-6.4844380301233,-2.0371234105364,-8.41148801423633
7.9875,-6.4844380301233,-2.04221910334219,-8.46751232898107
7.99,-6.4844380301233,-2.03202771773061,-8.51844352420357
7.9925,-6.47424911441688,-2.05241048895377,-8.55918848038156
7.995,-6.46915465656367,-2.05750618175956,-8.44713985089207
7.9975,-6.46406019871046,-2.05750618175956,-8.47260544850332
8,-6.46406019871046,-2.07279326017692,-8.48788480707007
8.0025,-6.46915465656367,-2.03202771773061,-8.49297792659232
8.005,-6.44877682515083,-2.08808033859429,-8.46751232898107
8.0075,-6.44368236729762,-1.98107078967273,-8.46751232898107
8.01,-6.43858790944441,-1.94030524722642,-8.55918848038156
8.0125,-6.43858790944441,-1.92501816880906,-8.53881600229256
8.015,-6.4334934515912,-1.91482678319748,-8.51335040468132
8.0175,-6.42839899373798,-1.9963578680901,-8.55409536085931
8.02,-6.41821007803156,-2.01674063931325,-8.56428159990381
8.0225,-6.41821007803156,-1.92501816880906,-8.47769856802557
8.025,-6.41311562017835,-1.93011386161485,-8.46751232898107
8.0275,-6.40292670447193,-2.0371234105364,-8.37074305805833
8.03,-6.40292670447193,-1.950496632838,-8.56428159990381
8.0325,-6.39783224661872,-1.98616648247852,-8.55409536085931
8.035,-6.3876433309123,-1.98107078967273,-8.62030591464856
8.0375,-6.38254887305909,-1.98616648247852,-8.61011967560406
8.04,-6.37235995735267,-1.9963578680901,-8.48279168754782
8.0425,-6.40802116232514,-1.98107078967273,-8.34018434092483
8.045,-6.40292670447193,-1.9046353975859,-8.34527746044708
8.0475,-6.36217104164625,-1.8638698551396,-8.34527746044708
8.05,-6.35198212593983,-1.8638698551396,-8.35037057996933
8.0525,-6.34688766808662,-1.82820000549908,-8.35037057996933
8.055,-6.33669875238019,-1.8180086198875,-8.37074305805833
8.0575,-6.33669875238019,-1.80781723427592,-8.35037057996933
8.06,-6.32650983667377,-1.79762584866435,-8.35037057996933
8.0625,-6.32141537882056,-1.82310431269329,-8.36055681901383
8.065,-6.31632092096735,-1.79253015585856,-8.43186049232532
8.0675,-6.28065971599488,-1.79762584866435,-8.42676737280307
8.07,-6.27047080028846,-1.79253015585856,-8.42676737280307
8.0725,-6.28575417384809,-1.84858277672223,-8.40639489471408
8.075,-6.23480959531598,-1.79253015585856,-8.38602241662508
8.0775,-6.25009296887561,-1.87406124075117,-8.40130177519183
8.08,-6.23990405316919,-1.87406124075117,-8.43186049232532
8.0825,-6.20933730604993,-1.88934831916854,-8.44713985089207
8.085,-6.19914839034351,-1.91482678319748,-8.51844352420357
8.0875,-6.18895947463709,-1.94540094003221,-8.47260544850332
8.09,-6.16858164322425,-1.94540094003221,-8.47260544850332
8.0925,-6.15839272751782,-1.98616648247852,-8.48788480707007
8.095,-6.1482038118114,-1.91482678319748,-8.43695361184757
8.0975,-6.13292043825177,-1.95559232564379,-8.49297792659232
8.1,-6.12273152254535,-1.97087940406115,-8.45223297041432
8.1025,-6.10744814898572,-1.96578371125536,-8.45732608993657
8.105,-6.10235369113251,-1.97087940406115,-8.45223297041432
8.1075,-6.08707031757288,-1.95559232564379,-8.59993343655956
8.11,-6.07688140186645,-1.950496632838,-8.48279168754782
8.1125,-6.06159802830682,-1.950496632838,-8.48788480707007
8.115,-6.0514091126004,-1.950496632838,-8.53881600229256
8.1175,-6.06159802830682,-1.97087940406115,-8.49807104611457
8.12,-6.0514091126004,-1.97087940406115,-8.43695361184757
8.1225,-6.03612573904077,-1.950496632838,-8.46751232898107
8.125,-6.02593682333435,-1.950496632838,-8.38602241662508
8.1275,-6.02084236548114,-1.96068801844958,-8.52353664372582
8.13,-6.01574790762793,-1.96068801844958,-8.42167425328083
8.1325,-6.01065344977472,-2.00654925370167,-8.42676737280307
8.135,-6.00555899192151,-2.01164494650746,-8.39620865566958
8.1375,-5.99537007621508,-2.01164494650746,-8.43695361184757
8.14,-5.99537007621508,-2.01164494650746,-8.44713985089207
8.1425,-5.99027561836187,-0.126238608365746,-8.44713985089207
8.145,-5.98518116050866,-1.05365469901924,-8.46751232898107
8.1475,-5.98008670265545,-2.01674063931325,-8.48788480707007
8.15,-5.99537007621508,-2.07788895298271,-8.46241920945882
8.1525,-5.95970887124261,-2.07788895298271,-8.47769856802557
8.155,-5.9546144133894,-2.10336741701165,-8.49807104611457
8.1575,-5.9546144133894,-2.09317603140008,-8.47260544850332
8.16,-5.9546144133894,-2.10846310981744,-8.53372288277031
8.1625,-5.95970887124261,-2.11865449542902,-8.53881600229256
8.165,-5.9546144133894,-2.11865449542902,-8.52862976324807
8.1675,-5.9546144133894,-2.13903726665217,-8.56937471942606
8.17,-5.9546144133894,-2.13903726665217,-8.55918848038156
8.1725,-5.9546144133894,-2.10846310981744,-8.56937471942606
8.175,-5.9546144133894,-2.08808033859429,-8.57956095847056
8.1775,-5.96480332909582,-2.11865449542902,-8.62030591464856
8.18,-5.96480332909582,-2.1237501882348,-8.50825728515907
8.1825,-5.96989778694903,-2.13394157384638,-8.50825728515907
8.185,-5.96989778694903,-2.13903726665217,-8.51335040468132
8.1875,-5.98008670265545,-2.13903726665217,-8.50825728515907
8.19,-5.99027561836187,-2.13394157384638,-8.48788480707007
8.1925,-5.99537007621508,-2.13394157384638,-8.52353664372582
8.195,-6.00555899192151,-2.13394157384638,-8.52862976324807
8.1975,-6.01574790762793,-2.15432434506954,-8.61011967560406
8.2,-6.05650357045361,-2.15432434506954,-8.52862976324807
8.2025,-6.07178694401324,-2.19508988751584,-8.50316416563682
8.205,-6.05650357045361,-2.15942003787532,-8.53372288277031
8.2075,-6.06159802830682,-2.15432434506954,-8.54900224133706
8.21,-6.06669248616003,-2.215472658739,-8.55409536085931
8.2125,-6.07688140186645,-2.17470711629269,-8.54900224133706
8.215,-6.08707031757288,-2.1237501882348,-8.56937471942606
8.2175,-6.0972592332793,-2.12884588104059,-8.58465407799281
8.22,-6.10744814898572,-2.1237501882348,-8.62539903417081
8.2225,-6.11254260683893,-2.18489850190427,-8.60502655608181
8.225,-6.12782598039856,-2.18489850190427,-8.62539903417081
8.2275,-6.13801489610498,-2.15432434506954,-8.61521279512631
8.23,-6.15329826966461,-2.15432434506954,-8.51844352420357
8.2325,-6.16348718537103,-2.15432434506954,-8.64067839273756
8.235,-6.17877055893067,-2.14922865226375,-8.57446783894831
8.2375,-6.18895947463709,-2.14922865226375,-8.58465407799281
8.24,-6.20424284819672,-2.15432434506954,-8.7068889465268
8.2425,-6.20933730604993,-2.17470711629269,-8.56428159990381
8.245,-6.23990405316919,-2.17980280909848,-8.60502655608181
8.2475,-6.23990405316919,-2.17980280909848,-8.58974719751506
8.25,-6.2449985110224,-2.17980280909848,-8.59993343655956
8.2525,-6.25518742672882,-2.215472658739,-8.61011967560406
8.255,-6.26028188458204,-2.19508988751584,-8.63049215369306
8.2575,-6.26028188458204,-2.20018558032163,-8.58465407799281
8.26,-6.33669875238019,-2.23075973715636,-8.58465407799281
8.2625,-6.33160429452698,-2.26642958679688,-8.68142334891555
8.265,-6.2908486317013,-2.23075973715636,-8.6763302293933
8.2675,-6.29594308955451,-2.23585542996215,-8.71198206604905
8.27,-6.28065971599488,-2.23585542996215,-8.53372288277031
8.2725,-6.2908486317013,-2.24095112276794,-8.59993343655956
8.275,-6.29594308955451,-2.23585542996215,-8.62539903417081
8.2775,-6.30103754740772,-2.24095112276794,-8.63558527321531
8.28,-6.30613200526093,-2.25114250837952,-8.63049215369306
8.2825,-6.31122646311414,-2.215472658739,-8.59993343655956
8.285,-6.31122646311414,-2.21037696593321,-8.58974719751506
8.2875,-6.31632092096735,-2.18489850190427,-8.55918848038156
8.29,-6.31632092096735,-2.20018558032163,-8.52353664372582
8.2925,-6.32141537882056,-2.20018558032163,-8.6559577513043
8.295,-6.34688766808662,-2.19508988751584,-8.60502655608181
8.2975,-6.35198212593983,-2.18999419471005,-8.51335040468132
8.3,-6.34688766808662,-2.18999419471005,-8.54900224133706
8.3025,-6.34688766808662,-2.18489850190427,-8.54900224133706
8.305,-6.34688766808662,-2.1696114234869,-8.67123710987105
8.3075,-6.34688766808662,-2.16451573068111,-8.63049215369306
8.31,-6.35198212593983,-2.16451573068111,-8.57446783894831
8.3125,-6.3417932102334,-2.16451573068111,-8.57446783894831
8.315,-6.33160429452698,-2.1696114234869,-8.57956095847056
8.3175,-6.33160429452698,-2.16451573068111,-8.58974719751506
8.32,-6.32141537882056,-2.15942003787532,-8.57956095847056
8.3225,-6.31632092096735,-2.15432434506954,-8.57446783894831
8.325,-6.33160429452698,-2.14413295945796,-8.67123710987105
8.3275,-6.29594308955451,-2.13394157384638,-8.61521279512631
8.33,-6.28575417384809,-2.13394157384638,-8.64577151225981
8.3325,-6.28065971599488,-2.12884588104059,-8.62539903417081
8.335,-6.27556525814167,-2.1237501882348,-8.67123710987105
8.3375,-6.27047080028846,-2.12884588104059,-8.63049215369306
8.34,-6.26028188458204,-2.1237501882348,-8.65086463178205
8.3425,-6.25518742672882,-2.1237501882348,-8.6559577513043
8.345,-6.25009296887561,-2.14922865226375,-8.6559577513043
8.3475,-6.23990405316919,-2.14922865226375,-8.65086463178205
8.35,-6.22971513746277,-2.11865449542902,-8.54900224133706
8.3525,-6.22971513746277,-2.13903726665217,-8.68142334891555
8.355,-6.21952622175635,-2.13394157384638,-8.70179582700455
8.3575,-6.20933730604993,-2.17470711629269,-8.6865164684378
8.36,-6.20933730604993,-2.17470711629269,-8.72216830509355
8.3625,-6.19914839034351,-2.17470711629269,-8.62030591464856
8.365,-6.1940539324903,-2.20528127312742,-8.65086463178205
8.3675,-6.18895947463709,-2.17470711629269,-8.76291326127155
8.37,-6.18895947463709,-2.14922865226375,-8.7170751855713
8.3725,-6.18895947463709,-2.14922865226375,-8.62030591464856
8.375,-6.18386501678388,-2.14922865226375,-8.61011967560406
8.3775,-6.18386501678388,-2.17980280909848,-8.56937471942606
8.38,-6.17877055893067,-2.14413295945796,-8.64577151225981
8.3825,-6.18386501678388,-2.13903726665217,-8.59484031703731
8.385,-6.18386501678388,-2.20528127312742,-8.61011967560406
8.3875,-6.17877055893067,-2.13394157384638,-8.62539903417081
8.39,-6.14310935395819,-2.13394157384638,-8.59993343655956
8.3925,-6.11763706469214,-2.15942003787532,-8.59484031703731
8.395,-6.12782598039856,-2.15942003787532,-8.61521279512631
8.3975,-6.0972592332793,-2.13394157384638,-8.6559577513043
8.4,-6.11254260683893,-2.12884588104059,-8.6865164684378
8.4025,-6.07688140186645,-2.15432434506954,-8.6967027074823
8.405,-6.10235369113251,-6.32260106020446,-8.71198206604905
8.4075,-6.05650357045361,-2.2562382011853,-8.68142334891555
8.41,-6.0514091126004,-2.27152527960267,-8.6661439903488
8.4125,-6.04631465474719,-2.2562382011853,-8.6967027074823
8.415,-6.07178694401324,-2.23585542996215,-8.67123710987105
8.4175,-6.06669248616003,-2.26133389399109,-8.68142334891555
8.42,-6.05650357045361,-2.24604681557373,-8.6967027074823
8.4225,-6.03103128118756,-2.18489850190427,-8.64067839273756
8.425,-6.02593682333435,-2.17980280909848,-8.65086463178205
8.4275,-6.02593682333435,-2.215472658739,-8.67123710987105
8.43,-6.02593682333435,-2.18489850190427,-8.6763302293933
8.4325,-6.02593682333435,-2.19508988751584,-8.68142334891555
8.435,-6.09216477542609,-2.19508988751584,-8.70179582700455
8.4375,-6.0514091126004,-2.17470711629269,-8.7170751855713
8.44,-6.02593682333435,-2.27152527960267,-8.78837885888279
8.4425,-6.05650357045361,-2.20528127312742,-8.6763302293933
8.445,-6.02084236548114,-2.13394157384638,-8.83421693458304
8.4475,-6.02593682333435,-2.20528127312742,-8.56937471942606
8.45,-6.03103128118756,-2.14413295945796,-8.76800638079379
8.4525,-6.03103128118756,-2.13394157384638,-8.7578201417493
8.455,-6.03612573904077,-2.13394157384638,-8.78837885888279
8.4575,-6.03612573904077,-2.12884588104059,-8.78328573936054
8.46,-6.03612573904077,-2.11355880262323,-8.87496189076104
8.4625,-6.03612573904077,-2.07788895298271,-8.61521279512631
8.465,-6.04122019689398,-2.09317603140008,-8.6661439903488
8.4675,-6.04631465474719,-2.07788895298271,-8.75272702222705
8.47,-6.0514091126004,-2.09317603140008,-8.61521279512631
8.4725,-6.0514091126004,-2.17470711629269,-8.6763302293933
8.475,-6.06159802830682,-2.16451573068111,-8.6661439903488
8.4775,-6.07178694401324,-2.00145356089588,-8.66105087082655
8.48,-6.07688140186645,-2.15942003787532,-8.64067839273756
8.4825,-6.09216477542609,-2.12884588104059,-8.75272702222705
8.485,-6.0972592332793,-2.14413295945796,-8.6661439903488
8.4875,-6.10744814898572,-2.42439606377632,-8.65086463178205
8.49,-6.11254260683893,-2.13394157384638,-8.70179582700455
8.4925,-6.12273152254535,-2.12884588104059,-8.7068889465268
8.495,-6.12782598039856,-2.49573576305736,-8.64067839273756
8.4975,-6.12782598039856,-2.40401329255317,-8.6865164684378
8.5,-6.13801489610498,-2.39382190694159,-8.7578201417493
8.5025,-6.13801489610498,-2.3020994364374,-8.79856509792729
8.505,-6.14310935395819,-2.20528127312742,-8.78837885888279
8.5075,-6.1482038118114,-2.28171666521425,-8.79347197840504
8.51,-6.15329826966461,-2.23585542996215,-8.68142334891555
8.5125,-6.15839272751782,-2.17470711629269,-8.69160958796005
8.515,-6.16858164322425,-2.20018558032163,-8.70179582700455
8.5175,-6.17877055893067,-2.1696114234869,-8.6763302293933
8.52,-6.18895947463709,-2.17470711629269,-8.7068889465268
8.5225,-6.19914839034351,-2.15432434506954,-8.7068889465268
8.525,-6.20933730604993,-2.13903726665217,-8.70179582700455
8.5275,-6.21952622175635,-2.11865449542902,-8.7374476636603
8.53,-6.22971513746277,-2.10846310981744,-8.74254078318255
8.5325,-6.23990405316919,-2.09317603140008,-8.7374476636603
8.535,-6.25009296887561,-2.1237501882348,-8.81384445649404
8.5375,-6.26028188458204,-2.05241048895377,-8.78837885888279
8.54,-6.26028188458204,-2.06769756737113,-8.6763302293933
8.5425,-6.27047080028846,-2.06769756737113,-8.68142334891555
8.545,-6.25009296887561,-2.06260187456535,-8.82403069553854
8.5475,-6.28065971599488,-2.00145356089588,-8.79347197840504
8.55,-6.2908486317013,-1.98616648247852,-8.91061372741678
8.5525,-6.29594308955451,-1.98616648247852,-8.82912381506079
8.555,-6.30613200526093,-1.97087940406115,-8.79347197840504
8.5575,-6.31122646311414,-1.96578371125536,-8.7476339027048
8.56,-6.31632092096735,-1.94540094003221,-8.81384445649404
8.5625,-6.33160429452698,-1.9046353975859,-8.7578201417493
8.565,-6.31632092096735,-1.91482678319748,-8.87496189076104
8.5675,-6.33669875238019,-1.9046353975859,-8.7068889465268
8.57,-6.34688766808662,-1.88934831916854,-8.7068889465268
8.5725,-6.34688766808662,-1.88934831916854,-8.7068889465268
8.575,-6.34688766808662,-1.88934831916854,-8.71198206604905
8.5775,-6.34688766808662,-1.88425262636275,-8.88005501028329
8.58,-6.35198212593983,-1.87406124075117,-8.88514812980553
8.5825,-6.35198212593983,-1.87406124075117,-8.7068889465268
8.585,-6.35707658379304,-1.88934831916854,-8.7476339027048
8.5875,-6.36217104164625,-1.8638698551396,-8.72216830509355
8.59,-6.37235995735267,-1.88934831916854,-8.73235454413805
8.5925,-6.37235995735267,-1.86896554794538,-8.6763302293933
8.595,-6.37745441520588,-1.88934831916854,-8.67123710987105
8.5975,-6.37745441520588,-1.8638698551396,-8.81893757601629
8.6,-6.37745441520588,-1.91482678319748,-8.7170751855713
8.6025,-6.37745441520588,-1.86896554794538,-8.72216830509355
8.605,-6.37235995735267,-1.84348708391644,-8.72216830509355
8.6075,-6.37235995735267,-1.83839139111065,-8.7374476636603
8.61,-6.37235995735267,-1.83839139111065,-8.7272614246158
8.6125,-6.36726549949946,-1.93520955442063,-8.7578201417493
8.615,-6.36726549949946,-1.87915693355696,-8.77309950031604
8.6175,-6.36217104164625,-1.8638698551396,-8.77819261983829
8.62,-6.36726549949946,-1.8638698551396,-8.77309950031604
8.6225,-6.37235995735267,-1.97597509686694,-8.78837885888279
8.625,-6.36726549949946,-1.99126217528431,-8.77819261983829
8.6275,-6.37235995735267,-1.99126217528431,-8.78328573936054
8.63,-6.37235995735267,-1.9963578680901,-8.79856509792729
8.6325,-6.37235995735267,-0.0956644515310163,-8.81384445649404
8.635,-6.37235995735267,-1.97087940406115,-8.81893757601629
8.6375,-6.37235995735267,-2.06260187456535,-8.83931005410529
8.64,-6.37235995735267,-2.01674063931325,-8.90042748837228
8.6425,-6.37235995735267,-1.97597509686694,-8.99719675929503
8.645,-6.37235995735267,-2.0371234105364,-8.99210363977278
8.6475,-6.36726549949946,-2.00145356089588,-8.81384445649404
8.65,-6.36217104164625,-2.03202771773061,-8.7170751855713
8.6525,-6.35707658379304,-2.05241048895377,-8.7170751855713
8.655,-6.3417932102334,-2.02183633211904,-8.73235454413805
8.6575,-6.33669875238019,-2.12884588104059,-9.02775547642852
8.66,-6.33160429452698,-2.14922865226375,-8.77819261983829
8.6625,-6.32141537882056,-2.19508988751584,-8.79347197840504
8.665,-6.31122646311414,-2.20018558032163,-8.7476339027048
8.6675,-6.30103754740772,-2.17470711629269,-8.7476339027048
8.67,-6.2908486317013,-2.23075973715636,-8.73235454413805
8.6725,-6.28065971599488,-2.29700374363161,-8.7476339027048
8.675,-6.27556525814167,-2.42439606377632,-8.75272702222705
8.6775,-6.26537634243525,-2.4345874493879,-8.78328573936054
8.68,-6.27556525814167,-2.4345874493879,-8.77309950031604
8.6825,-6.27556525814167,-2.42949175658211,-8.76800638079379
8.685,-6.26537634243525,-2.44477883499948,-8.77819261983829
8.6875,-6.25518742672882,-2.51611853428051,-8.79856509792729
8.69,-6.21952622175635,-2.47535299183421,-8.81893757601629
8.6925,-6.20933730604993,-2.43968314219369,-8.88005501028329
8.695,-6.19914839034351,-2.42439606377632,-8.78328573936054
8.6975,-6.1940539324903,-2.49573576305736,-8.79347197840504
8.7,-6.18386501678388,-2.57217115514419,-8.78328573936054
8.7025,-6.17367610107746,-2.6078410047847,-8.77309950031604
8.705,-6.16858164322425,-2.56197976953261,-8.80365821744954
8.7075,-6.16348718537103,-2.60274531197892,-8.95645180311703
8.71,-6.15839272751782,-2.58236254075576,-8.81893757601629
8.7125,-6.1482038118114,-2.63331946881365,-8.95135868359478
8.715,-6.1482038118114,-2.54159699830946,-8.90552060789453
8.7175,-6.16858164322425,-2.54159699830946,-8.81384445649404
8.72,-6.16858164322425,-2.51102284147473,-8.79856509792729
8.7225,-6.16858164322425,-2.57217115514419,-8.75272702222705
8.725,-6.13292043825177,-2.49573576305736,-8.78328573936054
8.7275,-6.12782598039856,-2.50083145586315,-8.77309950031604
8.73,-6.12273152254535,-2.50592714866894,-8.74254078318255
8.7325,-6.11763706469214,-2.48554437744578,-8.76800638079379
8.735,-6.11254260683893,-2.47535299183421,-8.78328573936054
8.7375,-6.11254260683893,-2.48044868463999,-9.03284859595077
8.74,-6.10744814898572,-2.44987452780526,-8.7272614246158
8.7425,-6.0972592332793,-2.43968314219369,-8.74254078318255
8.745,-6.09216477542609,-2.43968314219369,-8.76800638079379
8.7475,-6.11763706469214,-2.47535299183421,-8.7476339027048
8.75,-6.14310935395819,-2.41420467816475,-8.75272702222705
8.7525,-6.14310935395819,-2.44987452780526,-8.73235454413805
8.755,-6.05650357045361,-2.39382190694159,-8.7578201417493
8.7575,-6.07178694401324,-2.39891759974738,-8.79347197840504
8.76,-6.04631465474719,-2.3887262141358,-8.77819261983829
8.7625,-6.03612573904077,-2.40401329255317,-8.75272702222705
8.765,-6.05650357045361,-2.37343913571844,-8.78328573936054
8.7675,-6.02593682333435,-2.31738651485477,-8.76291326127155
8.77,-6.02593682333435,-2.34286497888371,-8.79347197840504
8.7725,-6.0514091126004,-2.29700374363161,-8.79856509792729
8.775,-6.04122019689398,-2.31229082204898,-8.78328573936054
8.7775,-6.04631465474719,-2.2562382011853,-8.80875133697179
8.78,-6.04122019689398,-2.28171666521425,-8.77309950031604
8.7825,-6.06669248616003,-2.24604681557373,-8.81384445649404
8.785,-6.06669248616003,-2.22566404435057,-8.78837885888279
8.7875,-6.03612573904077,-2.28171666521425,-8.81384445649404
8.79,-6.03612573904077,-2.215472658739,-8.85968253219429
8.7925,-6.03103128118756,-2.19508988751584,-8.76291326127155
8.795,-6.03612573904077,-2.21037696593321,-8.76291326127155
8.7975,-6.01065344977472,-2.215472658739,-8.76800638079379
8.8,-5.99027561836187,-2.17470711629269,-8.7170751855713
8.8025,-6.02084236548114,-2.15432434506954,-8.71198206604905
8.805,-6.02084236548114,-2.15942003787532,-8.6865164684378
8.8075,-6.07178694401324,-2.15432434506954,-8.69160958796005
8.81,-5.98518116050866,-2.11865449542902,-8.83931005410529
8.8125,-6.05650357045361,-2.13394157384638,-8.7374476636603
8.815,-5.94951995553619,-2.14922865226375,-8.80365821744954
8.8175,-5.9546144133894,-2.15942003787532,-8.7476339027048
8.82,-5.94951995553619,-2.1237501882348,-8.6967027074823
8.8225,-5.94951995553619,-2.09317603140008,-8.70179582700455
8.825,-5.94951995553619,-2.10846310981744,-8.7272614246158
8.8275,-5.94951995553619,-2.07788895298271,-8.7374476636603
8.83,-5.9546144133894,-2.11355880262323,-8.6763302293933
8.8325,-5.95970887124261,-2.05241048895377,-8.67123710987105
8.835,-5.9546144133894,-2.04221910334219,-8.6763302293933
8.8375,-5.95970887124261,-2.01674063931325,-8.68142334891555
8.84,-5.96480332909582,-2.01164494650746,-8.77309950031604
8.8425,-6.01574790762793,-2.01164494650746,-8.80365821744954
8.845,-6.02084236548114,-2.00654925370167,-8.65086463178205
8.8475,-6.02084236548114,-2.02693202492483,-8.64577151225981
8.85,-6.02593682333435,-2.02693202492483,-8.64067839273756
8.8525,-6.01574790762793,-2.02183633211904,-8.64577151225981
8.855,-6.0004645340683,-2.00654925370167,-8.69160958796005
8.8575,-6.00555899192151,-2.00654925370167,-8.6559577513043
8.86,-6.01065344977472,-2.00654925370167,-8.6763302293933
8.8625,-6.01574790762793,-2.01164494650746,-8.65086463178205
8.865,-6.02084236548114,-2.00145356089588,-8.62030591464856
8.8675,-6.02593682333435,-1.94540094003221,-8.6865164684378
8.87,-6.03103128118756,-1.93520955442063,-8.67123710987105
8.8725,-6.03103128118756,-1.93011386161485,-8.6865164684378
8.875,-6.03612573904077,-1.91992247600327,-8.64577151225981
8.8775,-6.03612573904077,-2.0371234105364,-8.61011967560406
8.88,-6.03612573904077,-1.97087940406115,-8.63049215369306
8.8825,-6.0514091126004,-1.93011386161485,-8.63049215369306
8.885,-6.02593682333435,-1.93011386161485,-8.67123710987105
8.8875,-6.09216477542609,-1.93011386161485,-8.61011967560406
8.89,-6.08707031757288,-1.90973109039169,-8.61521279512631
8.8925,-6.07688140186645,-1.9046353975859,-8.59484031703731
8.895,-6.08197585971966,-1.89953970478012,-8.61521279512631
8.8975,-6.08197585971966,-1.89953970478012,-8.60502655608181
8.9,-6.05650357045361,-1.89953970478012,-2.13167164330262
8.9025,-6.06159802830682,-1.91992247600327,-0.0995169539250416
8.905,-6.06669248616003,-1.92501816880906,-8.6661439903488
8.9075,-6.06669248616003,-2.02693202492483,-8.67123710987105
8.91,-6.06669248616003,-2.02183633211904,-8.62539903417081
8.9125,-6.07178694401324,-1.90973109039169,-8.62539903417081
8.915,-6.10235369113251,-1.91992247600327,-8.59993343655956
8.9175,-6.10744814898572,-1.97087940406115,-8.63049215369306
8.92,-6.13801489610498,-1.96578371125536,-8.62030591464856
8.9225,-6.15839272751782,-1.99126217528431,-8.62539903417081
8.925,-6.18386501678388,-2.04221910334219,-8.63558527321531
8.9275,-6.14310935395819,-1.96578371125536,-8.63558527321531
8.93,-6.11763706469214,-1.950496632838,-8.64067839273756
8.9325,-6.11763706469214,-1.97087940406115,-8.71198206604905
8.935,-6.11763706469214,-2.06260187456535,-8.6865164684378
8.9375,-6.12273152254535,-1.99126217528431,-8.55918848038156
8.94,-6.12782598039856,-1.98107078967273,-8.7068889465268
8.9425,-6.15329826966461,-1.98616648247852,-8.54900224133706
8.945,-6.18386501678388,-1.97087940406115,-8.57446783894831
8.9475,-6.12273152254535,-1.99126217528431,-8.61521279512631
8.95,-6.12782598039856,-2.07788895298271,-8.59484031703731
8.9525,-6.13292043825177,-2.0829846457885,-8.61521279512631
8.955,-6.19914839034351,-2.02693202492483,-8.59993343655956
8.9575,-6.17877055893067,-2.04221910334219,-8.59993343655956
8.96,-6.18386501678388,-2.08808033859429,-8.59993343655956
8.9625,-6.18386501678388,-2.14413295945796,-8.56428159990381
8.965,-6.18386501678388,-2.12884588104059,-8.78837885888279
8.9675,-6.18895947463709,-2.08808033859429,-8.52862976324807
8.97,-6.18895947463709,-2.13903726665217,-8.53372288277031
8.9725,-6.18386501678388,-2.0829846457885,-8.54900224133706
8.975,-6.18895947463709,-2.10336741701165,-8.54900224133706
8.9775,-6.18386501678388,-2.11355880262323,-8.47769856802557
8.98,-6.18386501678388,-2.09827172420586,-8.64067839273756
8.9825,-6.18386501678388,-2.15432434506954,-8.48788480707007
8.985,-6.15839272751782,-2.11865449542902,-8.48788480707007
8.9875,-6.15839272751782,-2.1696114234869,-8.50825728515907
8.99,-6.15839272751782,-2.15942003787532,-8.50825728515907
8.9925,-6.17877055893067,-2.17980280909848,-8.50825728515907
8.995,-6.1940539324903,-2.20528127312742,-8.54390912181481
8.9975,-6.17367610107746,-2.13394157384638,-8.53881600229256
9,-6.16858164322425,-2.14922865226375,-8.49297792659232
9.0025,-6.16858164322425,-2.18999419471005,-8.52862976324807
9.005,-6.16858164322425,-2.15942003787532,-8.55409536085931
9.0075,-6.16348718537103,-2.215472658739,-8.48279168754782
9.01,-6.15839272751782,-2.19508988751584,-8.52862976324807
9.0125,-6.15839272751782,-2.20018558032163,-8.55918848038156
9.015,-6.12782598039856,-2.27152527960267,-8.44713985089207
9.0175,-6.1482038118114,-2.23585542996215,-8.48788480707007
9.02,-6.1482038118114,-2.26642958679688,-8.45732608993657
9.0225,-6.14310935395819,-2.32757790046634,-8.44713985089207
9.025,-6.13801489610498,-2.31229082204898,-8.47769856802557
9.0275,-6.13801489610498,-2.31229082204898,-8.58974719751506
9.03,-6.12782598039856,-2.30719512924319,-8.48788480707007
9.0325,-6.12782598039856,-2.30719512924319,-8.46751232898107
9.035,-6.14310935395819,-2.33776928607792,-8.44713985089207
9.0375,-6.13801489610498,-2.34286497888371,-8.46751232898107
9.04,-6.15839272751782,-2.35815205730107,-8.47769856802557
9.0425,-6.11254260683893,-2.35815205730107,-8.43186049232532
9.045,-6.10744814898572,-2.35305636449528,-8.45732608993657
9.0475,-6.07688140186645,-0.100760144336805,-8.46751232898107
9.05,-6.09216477542609,-0.0956644515310163,-8.47260544850332
9.0525,-6.06669248616003,-0.0956644515310163,-8.44713985089207
9.055,-6.06159802830682,-2.79128594579309,-8.44713985089207
9.0575,-6.05650357045361,-2.81676440982203,-8.43186049232532
9.06,-6.0514091126004,-2.79638163859888,-8.40130177519183
9.0625,-6.04631465474719,-2.81676440982203,-8.49297792659232
9.065,-6.05650357045361,-2.82186010262782,-8.46751232898107
9.0675,-6.03103128118756,-2.79638163859888,-8.49297792659232
9.07,-6.02593682333435,-2.79128594579309,-8.43186049232532
9.0725,-6.02084236548114,-2.81166871701624,-8.46751232898107
9.075,-6.02084236548114,-2.79638163859888,-8.44713985089207
9.0775,-6.02084236548114,-2.78109456018151,-8.44204673136982
9.08,-6.01574790762793,-2.76580748176415,-8.46241920945882
9.0825,-6.01065344977472,-2.78109456018151,-8.51335040468132
9.085,-6.01065344977472,-2.75052040334678,-8.45223297041432
9.0875,-6.00555899192151,-2.76071178895836,-8.45223297041432
9.09,-5.99537007621508,-2.70465916809469,-8.44204673136982
9.0925,-6.01065344977472,-2.70975486090047,-8.51335040468132
9.095,-6.01065344977472,-2.6995634752889,-8.39111553614733
9.0975,-6.0004645340683,-2.68427639687153,-8.54390912181481
9.1,-6.01574790762793,-2.66898931845417,-8.57956095847056
9.1025,-5.96989778694903,-2.64860654723101,-8.39620865566958
9.105,-5.95970887124261,-2.61293669759049,-8.37583617758058
9.1075,-5.94951995553619,-2.63841516161944,-8.37074305805833
9.11,-5.94442549768298,-2.59764961917313,-8.36564993853608
9.1125,-5.93423658197656,-2.60274531197892,-8.35037057996933
9.115,-5.89857537700408,-2.51611853428051,-8.38092929710283
9.1175,-5.92404766627014,-2.56197976953261,-8.36055681901383
9.12,-5.91895320841693,-2.5212142270863,-8.39620865566958
9.1225,-5.9087642927105,-2.51611853428051,-8.39620865566958
9.125,-5.88329200344445,-2.37853482852423,-8.38602241662508
9.1275,-5.88329200344445,-2.35815205730107,-0.10461007344729
9.13,-5.90366983485729,-2.35815205730107,-8.38092929710283
9.1325,-5.90366983485729,-2.43968314219369,-8.40639489471408
9.135,-5.90366983485729,-2.26133389399109,-8.42167425328083
9.1375,-5.90366983485729,-2.32757790046634,-8.40639489471408
9.14,-5.89857537700408,-2.19508988751584,-8.41658113375857
9.1425,-5.90366983485729,-2.18999419471005,-8.42167425328083
9.145,-5.90366983485729,-2.01674063931325,-8.50316416563682
9.1475,-5.90366983485729,-1.9963578680901,-8.46751232898107
9.15,-5.9087642927105,-1.96578371125536,-8.39620865566958
9.1525,-5.88329200344445,-1.95559232564379,-8.43695361184757
9.155,-5.88329200344445,-1.94540094003221,-8.46241920945882
9.1575,-5.88838646129766,-1.93520955442063,-8.49807104611457
9.16,-5.88329200344445,-1.91992247600327,-8.51844352420357
9.1625,-5.88838646129766,-1.87915693355696,-8.51844352420357
9.165,-5.89348091915087,-1.8638698551396,-8.50825728515907
9.1675,-5.89857537700408,-1.87915693355696,-0.10461007344729
9.17,-5.90366983485729,-1.86896554794538,-8.34527746044708
9.1725,-5.9087642927105,-1.84348708391644,-8.33509122140258
9.175,-5.9087642927105,-1.84348708391644,-8.34527746044708
9.1775,-5.89857537700408,-1.83839139111065,-8.35037057996933
9.18,-5.9087642927105,-1.84858277672223,-8.28925314570234
9.1825,-5.91385875056371,-1.80781723427592,-8.29434626522459
9.185,-5.91385875056371,-1.83329569830487,-8.30962562379133
9.1875,-5.91895320841693,-1.85367846952802,-8.30962562379133
9.19,-5.92914212412335,-1.87915693355696,-8.31471874331358
9.1925,-5.93423658197656,-1.88425262636275,-8.32490498235808
9.195,-5.93933103982977,-1.69061629974279,-8.33509122140258
9.1975,-5.94442549768298,-1.69061629974279,-8.34527746044708
9.2,-5.9546144133894,-1.69061629974279,-8.35546369949158
9.2025,-5.95970887124261,-1.685520606937,-8.37074305805833
9.205,-5.96989778694903,-1.685520606937,-8.37583617758058
9.2075,-5.98008670265545,-1.69061629974279,-8.38602241662508
9.21,-5.98518116050866,-1.69061629974279,-8.42676737280307
9.2125,-5.99537007621508,-1.70080768535437,-8.40639489471408
9.215,-6.00555899192151,-1.71609476377173,-8.42676737280307
9.2175,-6.01065344977472,-1.72628614938331,-8.42167425328083
9.22,-6.02084236548114,-1.72628614938331,-8.45732608993657
9.2225,-6.03103128118756,-1.76705169182962,-8.44204673136982
9.225,-6.03612573904077,-1.74666892060646,-8.47769856802557
9.2275,-6.04631465474719,-1.7721473846354,-8.50825728515907
9.23,-6.05650357045361,-1.7721473846354,-8.46751232898107
9.2325,-6.06669248616003,-1.78743446305277,-8.55409536085931
9.235,-6.07688140186645,-1.79762584866435,-8.53372288277031
9.2375,-6.09216477542609,-1.78233877024698,-8.39111553614733
9.24,-6.0972592332793,-1.80781723427592,-8.39620865566958
9.2425,-6.10744814898572,-2.22566404435057,-8.59993343655956
9.245,-6.11763706469214,-2.19508988751584,-8.49807104611457
9.2475,-6.12273152254535,-2.16451573068111,-8.53881600229256
9.25,-6.13801489610498,-2.18489850190427,-8.54900224133706
9.2525,-6.1482038118114,-2.17980280909848,-8.40130177519183
9.255,-6.16348718537103,-2.24095112276794,-8.38602241662508
9.2575,-6.14310935395819,-2.19508988751584,-8.39111553614733
9.26,-6.18386501678388,-2.06769756737113,-8.41148801423633
9.2625,-6.1940539324903,-2.15432434506954,-8.40639489471408
9.265,-6.19914839034351,-2.14413295945796,-8.39620865566958
9.2675,-6.18895947463709,-2.11865449542902,-8.42676737280307
9.27,-6.21952622175635,-2.13903726665217,-8.40639489471408
9.2725,-6.22462067960956,-2.11355880262323,-8.42167425328083
9.275,-6.25518742672882,-2.11355880262323,-8.45732608993657
9.2775,-6.22462067960956,-2.15432434506954,-8.44713985089207
9.28,-6.25009296887561,-1.97087940406115,-8.47769856802557
9.2825,-6.25518742672882,-2.11865449542902,-8.40130177519183
9.285,-6.26028188458204,-2.05241048895377,-8.45732608993657
9.2875,-6.27047080028846,-1.91992247600327,-8.43695361184757
9.29,-6.27047080028846,-1.88934831916854,-8.45223297041432
9.2925,-6.25518742672882,-1.90973109039169,-8.39620865566958
9.295,-6.26028188458204,-1.94540094003221,-8.40639489471408
9.2975,-6.26537634243525,-1.88934831916854,-8.44713985089207
9.3,-6.27047080028846,-1.89953970478012,-8.44204673136982
9.3025,-6.30103754740772,-1.89444401197433,-8.44713985089207
9.305,-6.30613200526093,-1.86896554794538,-8.44204673136982
9.3075,-6.30613200526093,-1.85877416233381,-8.48788480707007
9.31,-6.31632092096735,-1.85367846952802,-8.43186049232532
9.3125,-6.31122646311414,-1.88425262636275,-8.47260544850332
9.315,-6.38254887305909,-1.84348708391644,-8.45223297041432
9.3175,-6.37235995735267,-1.80781723427592,-8.48788480707007
9.32,-6.36726549949946,-1.8180086198875,-8.49807104611457
9.3225,-6.36217104164625,-1.80781723427592,-8.48279168754782
9.325,-0.0959878821972175,-1.80781723427592,-8.50825728515907
9.3275,-6.33669875238019,-1.84348708391644,-8.57446783894831
9.33,-6.33669875238019,-1.87406124075117,-8.48788480707007
9.3325,-6.34688766808662,-1.88934831916854,-8.59484031703731
9.335,-6.3417932102334,-1.89444401197433,-8.59993343655956
9.3375,-6.34688766808662,-1.88934831916854,-8.50825728515907
9.34,-6.34688766808662,-0.0956644515310163,-8.63049215369306
9.3425,-6.35198212593983,-0.0956644515310163,-8.64577151225981
9.345,-6.34688766808662,-0.0956644515310163,-8.54900224133706
9.3475,-6.34688766808662,-0.0956644515310163,-8.50316416563682
9.35,-6.34688766808662,-2.09317603140008,-8.56428159990381
9.3525,-6.3417932102334,-2.11355880262323,-8.55918848038156
9.355,-6.3417932102334,-2.13394157384638,-8.6661439903488
9.3575,-0.0959878821972175,-2.13903726665217,-8.56937471942606
9.36,-0.0959878821972175,-2.15432434506954,-8.51335040468132
9.3625,-6.33160429452698,-2.15942003787532,-8.63049215369306
9.365,-6.33160429452698,-2.1696114234869,-8.63049215369306
9.3675,-6.32650983667377,-2.17980280909848,-8.61521279512631
9.37,-6.32650983667377,-2.18999419471005,-8.66105087082655
9.3725,-6.32650983667377,-2.22056835154479,-8.51335040468132
9.375,-6.32141537882056,-2.29190805082582,-8.52862976324807
9.3775,-6.31632092096735,-2.28171666521425,-8.50316416563682
9.38,-6.31122646311414,-2.29700374363161,-8.49297792659232
9.3825,-6.33669875238019,-2.23075973715636,-8.48788480707007
9.385,-6.33669875238019,-2.23585542996215,-0.10461007344729
9.3875,-6.33669875238019,-2.24095112276794,-0.10461007344729
9.39,-6.33669875238019,-2.25114250837952,-0.10461007344729
9.3925,-6.31122646311414,-2.25114250837952,-0.10461007344729
9.395,-6.30613200526093,-2.53650130550367,-0.0995169539250416
9.3975,-6.30613200526093,-2.50592714866894,-0.10461007344729
9.4,-6.30613200526093,-2.55688407672682,-8.54390912181481
9.4025,-6.29594308955451,-2.5212142270863,-8.59993343655956
9.405,-6.29594308955451,-2.51102284147473,-8.62539903417081
9.4075,-6.33669875238019,-2.50592714866894,-8.68142334891555
9.41,-6.30613200526093,-2.51102284147473,-8.57446783894831
9.4125,-6.30613200526093,-2.47025729902842,-8.54900224133706
9.415,-6.29594308955451,-2.46006591341684,-8.54900224133706
9.4175,-6.2908486317013,-2.42439606377632,-8.55409536085931
9.42,-6.28065971599488,-2.50592714866894,-0.10461007344729
9.4225,-6.28575417384809,-2.49573576305736,-8.71198206604905
9.425,-6.26537634243525,-2.47535299183421,-8.75272702222705
9.4275,-6.26537634243525,-2.4345874493879,-8.73235454413805
9.43,-6.26537634243525,-2.49064007025157,-8.62030591464856
9.4325,-6.25518742672882,-2.57217115514419,-8.61521279512631
9.435,-6.25518742672882,-2.54669269111524,-8.59484031703731
9.4375,-6.25009296887561,-2.5212142270863,-8.63558527321531
9.44,-6.2449985110224,-2.53140561269788,-8.62539903417081
9.4425,-6.23480959531598,-2.51102284147473,-8.70179582700455
9.445,-6.23480959531598,-2.51102284147473,-8.57956095847056
9.4475,-6.25009296887561,-2.51102284147473,-8.62539903417081
9.45,-6.2449985110224,-2.51611853428051,-8.61521279512631
9.4525,-6.19914839034351,-2.5212142270863,-8.76800638079379
9.455,-6.1940539324903,-2.57217115514419,-8.6559577513043
9.4575,-6.18895947463709,-2.5212142270863,-8.67123710987105
9.46,-6.17877055893067,-2.5212142270863,-8.76800638079379
9.4625,-6.17367610107746,-2.53140561269788,-8.67123710987105
9.465,-6.16858164322425,-2.52630991989209,-8.68142334891555
9.4675,-6.15839272751782,-2.5212142270863,-8.60502655608181
9.47,-6.1482038118114,-2.49064007025157,-8.58465407799281
9.4725,-6.13801489610498,-2.51611853428051,-8.59993343655956
9.475,-6.13292043825177,-2.54159699830946,-8.61011967560406
9.4775,-6.12782598039856,-2.51102284147473,-8.61011967560406
9.48,-6.11254260683893,-2.51611853428051,-8.61521279512631
9.4825,-6.10744814898572,-2.50083145586315,-8.7374476636603
9.485,-6.10235369113251,-2.48554437744578,-8.61011967560406
9.4875,-6.0972592332793,-2.48044868463999,-8.6559577513043
9.49,-6.09216477542609,-2.47535299183421,-8.70179582700455
9.4925,-6.08197585971966,-2.49064007025157,-8.6559577513043
9.495,-6.07688140186645,-2.49064007025157,-8.66105087082655
9.4975,-6.07178694401324,-2.48554437744578,-8.73235454413805
9.5,-6.06159802830682,-2.50083145586315,-8.55918848038156
9.5025,-6.06159802830682,-2.49573576305736,-8.69160958796005
9.505,-6.0514091126004,-2.4345874493879,-8.57956095847056
9.5075,-6.02593682333435,-2.42439606377632,-8.56937471942606
9.51,-6.04631465474719,-2.42439606377632,-8.62539903417081
9.5125,-6.04122019689398,-2.39891759974738,-8.58974719751506
9.515,-6.03612573904077,-2.39382190694159,-8.58465407799281
9.5175,-6.03103128118756,-2.39382190694159,-8.79856509792729
9.52,-6.02593682333435,-2.38363052133001,-8.66105087082655
9.5225,-6.02084236548114,-2.37853482852423,-8.63049215369306
9.525,-6.01574790762793,-2.36834344291265,-8.56937471942606
9.5275,-6.01065344977472,-2.36324775010686,-8.64067839273756
9.53,-6.00555899192151,-2.35815205730107,-8.63049215369306
9.5325,-6.00555899192151,-2.35815205730107,-8.58974719751506
9.535,-6.0004645340683,-2.35305636449528,-8.56937471942606
9.5375,-5.98518116050866,-2.35305636449528,-8.69160958796005
9.54,-5.97499224480224,-2.32248220766055,-8.59993343655956
9.5425,-5.96480332909582,-2.31229082204898,-8.66105087082655
9.545,-5.94951995553619,-2.29700374363161,-8.6661439903488
9.5475,-5.94951995553619,-2.27662097240846,-8.64067839273756
9.55,-5.94442549768298,-2.28681235802003,-8.6763302293933
9.5525,-5.93933103982977,-2.27662097240846,-8.6865164684378
9.555,-5.9546144133894,-2.26133389399109,-8.6967027074823
9.5575,-5.92914212412335,-2.26133389399109,-8.68142334891555
9.56,-5.92404766627014,-2.23075973715636,-8.6967027074823
9.5625,-5.92914212412335,-2.19508988751584,-8.6763302293933
9.565,-5.92914212412335,-2.17980280909848,-8.71198206604905
9.5675,-5.92914212412335,-2.17470711629269,-8.6967027074823
9.57,-5.92914212412335,-2.11355880262323,-8.73235454413805
9.5725,-5.93423658197656,-2.0829846457885,-8.6967027074823
9.575,-5.9546144133894,-2.09827172420586,-8.76291326127155
9.5775,-5.9546144133894,-2.09317603140008,-8.76291326127155
9.58,-5.92914212412335,-1.96068801844958,-8.77819261983829
9.5825,-5.91895320841693,-1.95559232564379,-8.7578201417493
9.585,-5.91895320841693,-2.05241048895377,-8.80365821744954
9.5875,-5.92404766627014,-1.83839139111065,-8.81384445649404
9.59,-5.92404766627014,-1.83839139111065,-8.82403069553854
9.5925,-5.91895320841693,-1.84348708391644,-8.82912381506079
9.595,-5.91385875056371,-0.0956644515310163,-8.53372288277031
9.5975,-5.93933103982977,-1.685520606937,-8.64577151225981
9.6,-5.99027561836187,-1.73647753499489,-8.6661439903488
9.6025,-5.94951995553619,-1.70080768535437,-8.57446783894831
9.605,-5.95970887124261,-1.69061629974279,-8.62539903417081
9.6075,-5.9546144133894,-1.72628614938331,-8.55918848038156
9.61,-5.96480332909582,-1.72628614938331,-8.61011967560406
9.6125,-5.94951995553619,-1.66513783571385,-8.59993343655956
9.615,-5.94442549768298,-1.76195599902383,-8.59484031703731
9.6175,-5.94442549768298,-1.70080768535437,-8.57956095847056
9.62,-5.94951995553619,-1.66004214290806,-8.57956095847056
9.6225,-5.94442549768298,-1.7721473846354,-8.58465407799281
9.625,-5.94442549768298,-1.67023352851964,-8.59484031703731
9.6275,-5.94442549768298,-1.69571199254858,-8.59993343655956
9.63,-5.94442549768298,-1.6447550644907,-8.70179582700455
9.6325,-5.94442549768298,-1.67532922132543,-8.59993343655956
9.635,-5.94951995553619,-1.685520606937,-8.58465407799281
9.6375,-5.94951995553619,-1.70590337816015,-8.65086463178205
9.64,-5.94951995553619,-1.70080768535437,-8.59993343655956
9.6425,-5.94951995553619,-1.70080768535437,-8.64067839273756
9.645,-5.95970887124261,-1.71099907096594,-8.62030591464856
9.6475,-5.95970887124261,-1.72628614938331,-8.56937471942606
9.65,-5.9546144133894,-1.74666892060646,-8.67123710987105
9.6525,-5.95970887124261,-1.7721473846354,-8.68142334891555
9.655,-5.95970887124261,-1.80781723427592,-8.69160958796005
9.6575,-5.96480332909582,-1.88425262636275,-8.58465407799281
9.66,-5.95970887124261,-1.89953970478012,-8.59484031703731
9.6625,-5.96480332909582,-1.87915693355696,-8.59993343655956
9.665,-5.96480332909582,-1.9963578680901,-8.62030591464856
9.6675,-5.97499224480224,-1.99126217528431,-8.62030591464856
9.67,-5.98518116050866,-2.0371234105364,-8.62030591464856
9.6725,-5.98518116050866,-2.04221910334219,-8.75272702222705
9.675,-5.99027561836187,-2.09317603140008,-8.6559577513043
9.6775,-5.99537007621508,-2.14922865226375,-8.66105087082655
9.68,-5.99537007621508,-2.17470711629269,-8.7578201417493
9.6825,-6.0004645340683,-2.24604681557373,-8.67123710987105
9.685,-6.00555899192151,-2.23585542996215,-8.71198206604905
9.6875,-6.00555899192151,-2.28171666521425,-8.77819261983829
9.69,-6.00555899192151,-2.31229082204898,-8.76800638079379
9.6925,-6.00555899192151,-2.31229082204898,-8.76800638079379
9.695,-6.00555899192151,-2.31229082204898,-8.76291326127155
9.6975,-6.0004645340683,-0.0956644515310163,-8.6865164684378
9.7,-5.99537007621508,-0.0956644515310163,-8.65086463178205
9.7025,-5.99027561836187,-2.51611853428051,-8.81384445649404
9.705,-5.98518116050866,-2.53140561269788,-8.81893757601629
9.7075,-5.98518116050866,-2.53140561269788,-8.79856509792729
9.71,-5.98518116050866,-2.57217115514419,-8.6967027074823
9.7125,-5.98518116050866,-2.53140561269788,-8.71198206604905
9.715,-5.98518116050866,-2.53650130550367,-8.71198206604905
9.7175,-5.98518116050866,-2.5212142270863,-8.77819261983829
9.72,-5.98518116050866,-2.59255392636734,-8.75272702222705
9.7225,-5.98518116050866,-2.57217115514419,-8.73235454413805
9.725,-5.99027561836187,-2.59255392636734,-8.7374476636603
9.7275,-5.99027561836187,-2.60274531197892,-8.7578201417493
9.73,-5.99027561836187,-2.6078410047847,-8.76291326127155
9.7325,-6.0004645340683,-2.6078410047847,-8.72216830509355
9.735,-5.99537007621508,-2.61293669759049,-8.79347197840504
9.7375,-6.00555899192151,-2.60274531197892,-8.77819261983829
9.74,-6.00555899192151,-2.6078410047847,-8.85458941267204
9.7425,-6.01065344977472,-2.63841516161944,-8.80365821744954
9.745,-6.01574790762793,-2.63841516161944,-8.84949629314979
9.7475,-6.02084236548114,-2.62312808320207,-8.85968253219429
9.75,-6.02593682333435,-2.60274531197892,-8.88005501028329
9.7525,-6.03103128118756,-2.61293669759049,-8.7476339027048
9.755,-6.04122019689398,-2.66898931845417,-8.78837885888279
9.7575,-6.04631465474719,-2.61293669759049,-8.75272702222705
9.76,-6.10744814898572,-2.61293669759049,-8.76800638079379
9.7625,-6.09216477542609,-2.61803239039628,-8.91061372741678
9.765,-6.11763706469214,-2.64351085442522,-8.91061372741678
9.7675,-6.0972592332793,-2.6537022400368,-8.78328573936054
9.77,-6.0972592332793,-2.63841516161944,-8.79856509792729
9.7725,-6.12273152254535,-2.63841516161944,-8.80875133697179
9.775,-6.12782598039856,-2.63331946881365,-8.81893757601629
9.7775,-6.13801489610498,-2.61803239039628,-8.84949629314979
9.78,-6.15329826966461,-2.60274531197892,-8.82403069553854
9.7825,-6.13801489610498,-2.58745823356155,-8.82912381506079
9.785,-6.14310935395819,-2.57217115514419,-8.77819261983829
9.7875,-6.15839272751782,-2.5670754623384,-8.84440317362754
9.79,-6.17367610107746,-2.6078410047847,-8.87496189076104
9.7925,-6.21443176390314,-2.59255392636734,-8.85458941267204
9.795,-6.21443176390314,-2.59255392636734,-8.78837885888279
9.7975,-6.1940539324903,-2.76071178895836,-8.86986877123879
9.8,-6.19914839034351,-2.57217115514419,-8.92079996646128
9.8025,-6.20933730604993,-2.55178838392103,-8.78837885888279
9.805,-6.21443176390314,-2.44987452780526,-8.78837885888279
9.8075,-6.21443176390314,-2.4345874493879,-8.85458941267204
9.81,-6.22462067960956,-2.42439606377632,-8.79856509792729
9.8125,-6.22462067960956,-2.40910898535896,-8.89533436885003
9.815,-6.22971513746277,-2.40401329255317,-8.90552060789453
9.8175,-6.23480959531598,-2.38363052133001,-8.90552060789453
9.82,-6.27047080028846,-2.61293669759049,-8.81384445649404
9.8225,-6.27047080028846,-2.62312808320207,-8.85458941267204
9.825,-6.28065971599488,-2.58236254075576,-8.85458941267204
9.8275,-6.2908486317013,-2.34286497888371,-8.88514812980553
9.83,-6.28575417384809,-2.38363052133001,-8.81893757601629
9.8325,-6.16858164322425,-2.37853482852423,-8.88005501028329
9.835,-0.0959878821972175,-2.32757790046634,-8.82912381506079
9.8375,-6.36217104164625,-2.31738651485477,-8.89533436885003
9.84,-6.33669875238019,-2.35305636449528,-8.87496189076104
9.8425,-6.2908486317013,-2.32757790046634,-8.86986877123879
9.845,-6.3417932102334,-2.23585542996215,-8.75272702222705
9.8475,-6.31632092096735,-2.23075973715636,-8.7272614246158
9.85,-6.33160429452698,-2.22566404435057,-8.77309950031604
9.8525,-6.33669875238019,-2.20528127312742,-8.77819261983829
9.855,-6.31122646311414,-2.18999419471005,-8.86986877123879
9.8575,-6.33669875238019,-2.16451573068111,-8.86477565171654
9.86,-6.33669875238019,-2.15942003787532,-8.88514812980553
9.8625,-6.33160429452698,-2.09827172420586,-8.76800638079379
9.865,-6.33160429452698,-2.09827172420586,-8.79347197840504
9.8675,-6.33160429452698,-2.09827172420586,-8.76800638079379
9.87,-6.31632092096735,-0.0956644515310163,-8.78328573936054
9.8725,-6.32141537882056,-1.98616648247852,-8.7578201417493
9.875,-6.31632092096735,-2.04731479614798,-8.76291326127155
9.8775,-6.30613200526093,-2.06769756737113,-8.81384445649404
9.88,-6.30103754740772,-2.07279326017692,-8.81384445649404
9.8825,-6.32141537882056,-2.0829846457885,-8.79856509792729
9.885,-6.3417932102334,-2.05241048895377,-8.81384445649404
9.8875,-6.29594308955451,-2.04221910334219,-8.81893757601629
9.89,-6.27047080028846,-2.03202771773061,-8.89024124932778
9.8925,-6.27047080028846,-2.00654925370167,-8.85458941267204
9.895,-6.28575417384809,-1.98107078967273,-8.82403069553854
9.8975,-6.28065971599488,-1.97597509686694,-8.82912381506079
9.9,-6.25518742672882,-2.01674063931325,-8.89533436885003
9.9025,-6.27556525814167,-1.9963578680901,-8.74254078318255
9.905,-6.25009296887561,-1.9963578680901,-8.7068889465268
9.9075,-6.25009296887561,-1.950496632838,-8.71198206604905
9.91,-6.23990405316919,-1.95559232564379,-8.74254078318255
9.9125,-6.26537634243525,-1.97597509686694,-8.71198206604905
9.915,-6.23480959531598,-2.04731479614798,-8.74254078318255
9.9175,-6.25518742672882,-1.96578371125536,-8.77819261983829
9.92,-6.22971513746277,-2.00145356089588,-8.76800638079379
9.9225,-6.21952622175635,-1.99126217528431,-8.7272614246158
9.925,-6.23480959531598,-1.98616648247852,-8.7170751855713
9.9275,-6.25518742672882,-2.00145356089588,-8.76800638079379
9.93,-6.25518742672882,-2.00145356089588,-8.84949629314979
9.9325,-6.25518742672882,-2.02693202492483,-8.73235454413805
9.935,-6.22462067960956,-1.96068801844958,-8.74254078318255
9.9375,-6.21952622175635,-1.93011386161485,-8.73235454413805
9.94,-6.21443176390314,-1.91992247600327,-8.7476339027048
9.9425,-6.20424284819672,-1.87915693355696,-8.7578201417493
9.945,-6.19914839034351,-1.86896554794538,-8.77819261983829
9.9475,-6.18895947463709,-1.88934831916854,-8.7578201417493
9.95,-6.18386501678388,-1.8638698551396,-8.76291326127155
9.9525,-6.17367610107746,-1.83839139111065,-8.7476339027048
9.955,-6.16348718537103,-1.81291292708171,-8.71198206604905
9.9575,-6.15329826966461,-1.83329569830487,-8.7170751855713
9.96,-6.1482038118114,-1.82310431269329,-8.76800638079379
9.9625,-6.1482038118114,-1.78743446305277,-8.72216830509355
9.965,-6.13801489610498,-1.7721473846354,-8.73235454413805
9.9675,-6.13292043825177,-1.76705169182962,-8.80365821744954
9.97,-6.13292043825177,-1.7721473846354,-8.79856509792729
9.9725,-6.10235369113251,-1.77724307744119,-8.75272702222705
9.975,-6.12273152254535,-1.7721473846354,-8.80875133697179
9.9775,-6.12273152254535,-1.76705169182962,-8.71198206604905
9.98,-6.11254260683893,-1.76195599902383,-8.82403069553854
9.9825,-6.0972592332793,-1.75686030621804,-8.7374476636603
9.985,-6.09216477542609,-1.75686030621804,-8.7068889465268
9.9875,-6.08707031757288,-1.7313818421891,-8.7170751855713
9.99,-6.08197585971966,-1.75176461341225,-8.73235454413805
9.9925,-6.08197585971966,-1.75176461341225,-8.72216830509355
9.995,-6.07688140186645,-1.75686030621804,-8.75272702222705
9.9975,-6.06669248616003,-0.110951529948382,-8.73235454413805
10,-6.06669248616003,-0.0956644515310163,-8.75272702222705
10.0025,-6.05650357045361,-0.0956644515310163,-8.76291326127155
10.005,-6.04631465474719,-1.83839139111065,-8.76800638079379
10.0075,-6.04122019689398,-1.83839139111065,-8.79347197840504
10.01,-6.06159802830682,-1.84348708391644,-8.7476339027048
10.0125,-6.02084236548114,-0.161908458006266,-8.73235454413805
10.015,-6.01065344977472,-2.20528127312742,-8.73235454413805
10.0175,-6.0004645340683,-2.19508988751584,-8.82403069553854
10.02,-5.99537007621508,-2.19508988751584,-8.78837885888279
10.0225,-5.99027561836187,-2.01164494650746,-8.71198206604905
10.025,-5.98518116050866,-2.03202771773061,-8.6763302293933
10.0275,-5.98008670265545,-2.01164494650746,-8.78837885888279
10.03,-5.97499224480224,-2.03202771773061,-8.78837885888279
10.0325,-5.97499224480224,-1.97087940406115,-8.77309950031604
10.035,-5.97499224480224,-2.02693202492483,-8.68142334891555
10.0375,-5.96989778694903,-1.96068801844958,-8.69160958796005
10.04,-5.96989778694903,-1.950496632838,-8.7170751855713
10.0425,-5.96480332909582,-1.94540094003221,-8.80875133697179
10.045,-5.9546144133894,-1.93520955442063,-8.77309950031604
10.0475,-5.95970887124261,-1.93520955442063,-8.6763302293933
10.05,-5.98008670265545,-1.94030524722642,-8.81384445649404
10.0525,-5.97499224480224,-1.94540094003221,-8.65086463178205
10.055,-5.92914212412335,-1.950496632838,-8.6661439903488
10.0575,-5.92914212412335,-2.05241048895377,-8.6661439903488
10.06,-5.9546144133894,-1.97597509686694,-8.91570684693903
10.0625,-5.93423658197656,-1.97087940406115,-8.6559577513043
10.065,-5.93933103982977,-1.96068801844958,-8.63049215369306
10.0675,-5.93933103982977,-2.03202771773061,-8.66105087082655
10.07,-5.96480332909582,-1.9963578680901,-8.78328573936054
10.0725,-5.92404766627014,-2.00145356089588,-8.66105087082655
10.075,-5.89857537700408,-2.00145356089588,-8.67123710987105
10.0775,-5.89348091915087,-1.98616648247852,-8.67123710987105
10.08,-5.91895320841693,-2.01164494650746,-8.81384445649404
10.0825,-5.91385875056371,-2.17470711629269,-8.7170751855713
10.085,-5.9087642927105,-2.05750618175956,-8.64577151225981
10.0875,-5.9087642927105,-2.04221910334219,-8.66105087082655
10.09,-5.9087642927105,-2.21037696593321,-8.67123710987105
10.0925,-5.9087642927105,-2.06260187456535,-8.68142334891555
10.095,-5.89857537700408,-2.10846310981744,-8.7068889465268
10.0975,-5.92404766627014,-2.10336741701165,-8.6865164684378
10.1,-5.9087642927105,-2.10846310981744,-8.6967027074823
10.1025,-5.92404766627014,-2.10846310981744,-8.6967027074823
10.105,-5.92914212412335,-2.03202771773061,-8.70179582700455
10.1075,-5.94442549768298,-2.00145356089588,-8.7170751855713
10.11,-5.95970887124261,-2.13394157384638,-8.71198206604905
10.1125,-5.96989778694903,-2.08808033859429,-8.74254078318255
10.115,-5.98518116050866,-1.99126217528431,-8.7272614246158
10.1175,-5.98518116050866,-1.98616648247852,-8.70179582700455
10.12,-5.99027561836187,-1.98107078967273,-8.7068889465268
10.1225,-6.01574790762793,-2.01164494650746,-8.72216830509355
10.125,-6.0004645340683,-2.06260187456535,-8.72216830509355
10.1275,-6.01574790762793,-2.06260187456535,-8.73235454413805
10.13,-6.02084236548114,-2.11355880262323,-8.7476339027048
10.1325,-6.02593682333435,-2.1237501882348,-8.75272702222705
10.135,-6.04122019689398,-2.15432434506954,-8.75272702222705
10.1375,-6.04631465474719,-2.18489850190427,-8.77309950031604
10.14,-6.06159802830682,-2.11355880262323,-8.77819261983829
10.1425,-6.07178694401324,-2.17470711629269,-8.77819261983829
10.145,-6.08197585971966,-2.17980280909848,-8.79856509792729
10.1475,-6.0972592332793,-2.17470711629269,-8.80365821744954
10.15,-6.10235369113251,-0.0956644515310163,-8.80365821744954
10.1525,-6.13292043825177,-2.2562382011853,-8.81384445649404
10.155,-6.11763706469214,-2.27152527960267,-8.82912381506079
10.1575,-6.34688766808662,-2.30719512924319,-8.77819261983829
10.16,-6.3417932102334,-2.36834344291265,-8.65086463178205
10.1625,-6.17367610107746,-2.35305636449528,-8.6559577513043
10.165,-6.18895947463709,-2.40910898535896,-8.76291326127155
10.1675,-6.19914839034351,-2.40401329255317,-8.76291326127155
10.17,-6.18895947463709,-2.44987452780526,-8.66105087082655
10.1725,-6.19914839034351,-2.46006591341684,-8.68142334891555
10.175,-6.23480959531598,-2.46006591341684,-8.69160958796005
10.1775,-6.22462067960956,-2.47025729902842,-8.68142334891555
10.18,-6.30103754740772,-2.48044868463999,-8.68142334891555
10.1825,-6.28065971599488,-2.53140561269788,-8.7170751855713
10.185,-6.2908486317013,-2.54159699830946,-8.64067839273756
10.1875,-6.30103754740772,-2.60274531197892,-8.67123710987105
10.19,-6.31122646311414,-2.63331946881365,-8.92079996646128
10.1925,-6.31122646311414,-2.58745823356155,-8.69160958796005
10.195,-6.32141537882056,-2.5670754623384,-8.69160958796005
10.1975,-6.33160429452698,-2.58745823356155,-8.6967027074823
10.2,-6.33669875238019,-2.58745823356155,-8.72216830509355
10.2025,-6.37745441520588,-2.5670754623384,-8.7272614246158
10.205,-6.35707658379304,-2.58745823356155,-8.72216830509355
10.2075,-6.36217104164625,-2.59255392636734,-8.70179582700455
10.21,-6.36726549949946,-2.61803239039628,-8.72216830509355
10.2125,-6.37235995735267,-2.59764961917313,-8.71198206604905
10.215,-6.37745441520588,-2.59764961917313,-8.71198206604905
10.2175,-6.35707658379304,-2.59764961917313,-8.71198206604905
10.22,-6.35707658379304,-2.64351085442522,-8.72216830509355
10.2225,-6.35707658379304,-2.6078410047847,-8.7272614246158
10.225,-6.35198212593983,-2.59255392636734,-8.7476339027048
10.2275,-6.34688766808662,-2.61293669759049,-8.7578201417493
10.23,-6.34688766808662,-2.6078410047847,-8.73235454413805
10.2325,-6.34688766808662,-2.61293669759049,-8.7578201417493
10.235,-6.3417932102334,-2.62822377600786,-8.79347197840504
10.2375,-6.3417932102334,-2.63331946881365,-8.79856509792729
10.24,-6.36217104164625,-2.62312808320207,-8.79347197840504
10.2425,-6.3417932102334,-2.60274531197892,-8.83421693458304
10.245,-6.35707658379304,-2.58236254075576,-8.85968253219429
10.2475,-6.38254887305909,-2.57726684794997,-8.87496189076104
10.25,-6.37235995735267,-2.55178838392103,-8.84949629314979
10.2525,-6.34688766808662,-2.54669269111524,-8.85968253219429
10.255,-6.34688766808662,-2.54159699830946,-8.65086463178205
10.2575,-6.33669875238019,-2.53650130550367,-8.6661439903488
10.26,-6.33160429452698,-2.5212142270863,-8.88514812980553
10.2625,-6.32141537882056,-2.5212142270863,-8.89533436885003
10.265,-6.31632092096735,-2.51611853428051,-8.94117244455028
10.2675,-6.30613200526093,-2.51611853428051,-8.7272614246158
10.27,-6.30103754740772,-2.51102284147473,-8.68142334891555
10.2725,-6.31632092096735,-2.50592714866894,-8.70179582700455
10.275,-6.26028188458204,-2.51611853428051,-8.7068889465268
10.2775,-6.25518742672882,-2.50083145586315,-8.7476339027048
10.28,-6.23990405316919,-2.48044868463999,-8.68142334891555
10.2825,-6.22971513746277,-2.46516160622263,-8.6865164684378
10.285,-6.21443176390314,-2.50592714866894,-8.71198206604905
10.2875,-6.19914839034351,-2.51102284147473,-8.78328573936054
10.29,-6.1940539324903,-2.44987452780526,-8.77819261983829
10.2925,-6.18386501678388,-2.47535299183421,-8.7272614246158
10.295,-6.16858164322425,-2.49064007025157,-8.7170751855713
10.2975,-6.15329826966461,-2.46006591341684,-8.7578201417493
10.3,-6.1482038118114,-2.40401329255317,-8.7578201417493
10.3025,-6.13292043825177,-2.39891759974738,-8.79856509792729
10.305,-6.12782598039856,-2.37853482852423,-8.77309950031604
10.3075,-6.11763706469214,-2.38363052133001,-8.77819261983829
10.31,-6.11254260683893,-2.38363052133001,-8.80875133697179
10.3125,-6.10235369113251,-2.39382190694159,-8.78837885888279
10.315,-6.09216477542609,-2.36834344291265,-8.78837885888279
10.3175,-6.08197585971966,-2.33776928607792,-8.82403069553854
10.32,-6.07688140186645,-2.32248220766055,-8.82912381506079
10.3225,-6.06669248616003,-2.32757790046634,-8.68142334891555
10.325,-6.06159802830682,-2.33267359327213,-8.68142334891555
10.3275,-6.0514091126004,-2.33267359327213,-8.86477565171654
10.33,-6.04122019689398,-2.29700374363161,-8.83421693458304
10.3325,-6.03103128118756,-2.28681235802003,-8.6661439903488
10.335,-6.02084236548114,-2.29700374363161,-8.83421693458304
10.3375,-6.01065344977472,-2.2562382011853,-8.6865164684378
10.34,-6.00555899192151,-2.23585542996215,-8.6763302293933
10.3425,-6.00555899192151,-2.22056835154479,-8.6763302293933
10.345,-6.0004645340683,-2.17980280909848,-8.85968253219429
10.3475,-5.99537007621508,-2.20528127312742,-8.69160958796005
10.35,-5.99027561836187,-2.17980280909848,-8.6763302293933
10.3525,-5.99027561836187,-2.13394157384638,-8.7068889465268
10.355,-5.99027561836187,-2.08808033859429,-8.6865164684378
10.3575,-5.98518116050866,-2.06769756737113,-8.75272702222705
10.36,-5.98518116050866,-2.06260187456535,-8.67123710987105
10.3625,-5.98008670265545,-2.01674063931325,-8.6763302293933
10.365,-5.97499224480224,-2.04221910334219,-8.68142334891555
10.3675,-5.96480332909582,-2.02693202492483,-8.6967027074823
10.37,-5.96480332909582,-1.96578371125536,-8.72216830509355
10.3725,-5.98518116050866,-1.98107078967273,-8.73235454413805
10.375,-5.93933103982977,-1.90973109039169,-8.71198206604905
10.3775,-5.92914212412335,-1.90973109039169,-8.7068889465268
10.38,-5.93423658197656,-1.91992247600327,-8.7374476636603
10.3825,-5.92914212412335,-1.90973109039169,-8.7170751855713
10.385,-5.92914212412335,-1.8180086198875,-8.71198206604905
10.3875,-5.92914212412335,-1.80272154147014,-8.76800638079379
10.39,-5.92914212412335,-1.9963578680901,-8.7578201417493
10.3925,-5.92914212412335,-1.79253015585856,-8.75272702222705
10.395,-5.92914212412335,-1.78233877024698,-8.7068889465268
10.3975,-5.92914212412335,-2.00145356089588,-8.6967027074823
10.4,-5.92914212412335,-1.92501816880906,-8.6865164684378
10.4025,-5.92914212412335,-1.72628614938331,-8.68142334891555
10.405,-5.91895320841693,-1.9046353975859,-8.79347197840504
10.4075,-5.91895320841693,-1.88934831916854,-8.70179582700455
10.41,-5.94442549768298,-1.88934831916854,-8.66105087082655
10.4125,-5.93933103982977,-1.90973109039169,-8.66105087082655
10.415,-5.93933103982977,-1.86896554794538,-8.66105087082655
10.4175,-5.94442549768298,-1.8638698551396,-8.6559577513043
10.42,-5.93933103982977,-1.8638698551396,-8.66105087082655
10.4225,-5.98518116050866,-1.84348708391644,-8.66105087082655
10.425,-5.95970887124261,-1.82310431269329,-8.6559577513043
10.4275,-5.93933103982977,-1.8638698551396,-8.6763302293933
10.43,-5.94442549768298,-1.72119045657752,-8.68142334891555
10.4325,-5.94951995553619,-1.7313818421891,-8.59484031703731
10.435,-5.95970887124261,-1.70590337816015,-8.59993343655956
10.4375,-5.95970887124261,-1.49697997312283,-8.61011967560406
10.44,-5.96480332909582,-1.67532922132543,-8.59993343655956
10.4425,-5.96480332909582,-1.66004214290806,-8.63049215369306
10.445,-5.96480332909582,-1.71609476377173,-8.63558527321531
10.4475,-5.96480332909582,-1.5530325939865,-8.62539903417081
10.45,-5.95970887124261,-1.58360675082123,-8.62030591464856
10.4525,-5.95970887124261,-1.58870244362702,-8.63558527321531
10.455,-5.96480332909582,-1.69061629974279,-8.6559577513043
10.4575,-5.96989778694903,-1.71609476377173,-8.62030591464856
10.46,-6.00555899192151,-1.7313818421891,-8.63049215369306
10.4625,-6.01065344977472,-1.71609476377173,-8.63049215369306
10.465,-5.99537007621508,-1.75176461341225,-8.63049215369306
10.4675,-6.00555899192151,-1.81291292708171,-8.64577151225981
10.47,-6.01065344977472,-1.82310431269329,-8.67123710987105
10.4725,-6.02593682333435,-1.83329569830487,-8.59484031703731
10.475,-6.03103128118756,-1.84858277672223,-8.63049215369306
10.4775,-6.03612573904077,-1.85877416233381,-8.6661439903488
10.48,-6.04631465474719,-1.94030524722642,-8.66105087082655
10.4825,-6.05650357045361,-1.94540094003221,-8.64577151225981
10.485,-6.06669248616003,-1.90973109039169,-8.51335040468132
10.4875,-6.07178694401324,-1.98107078967273,-8.61011967560406
10.49,-6.08197585971966,-2.00145356089588,-8.63558527321531
10.4925,-6.08707031757288,-1.9963578680901,-8.49297792659232
10.495,-6.09216477542609,-1.99126217528431,-8.48279168754782
10.4975,-6.0972592332793,-1.99126217528431,-8.48279168754782
10.5,-6.08197585971966,-2.05750618175956,-8.63049215369306
10.5025,-6.08707031757288,-2.05241048895377,-8.48279168754782
10.505,-6.09216477542609,-2.11865449542902,-8.50316416563682
10.5075,-6.0972592332793,-2.07788895298271,-8.48788480707007
10.51,-6.12273152254535,-2.13394157384638,-8.48788480707007
10.5125,-6.10235369113251,-2.11865449542902,-8.47769856802557
10.515,-6.10235369113251,-2.13394157384638,-8.50825728515907
10.5175,-6.13292043825177,-2.15942003787532,-8.54390912181481
10.52,-6.11254260683893,-2.18489850190427,-8.51335040468132
10.5225,-6.11763706469214,-2.18489850190427,-8.52353664372582
10.525,-6.12273152254535,-2.17980280909848,-8.50316416563682
10.5275,-6.12273152254535,-2.17980280909848,-8.55918848038156
10.53,-6.12782598039856,-2.36324775010686,-8.55409536085931
10.5325,-6.15329826966461,-2.215472658739,-8.55918848038156
10.535,-6.15839272751782,-2.20018558032163,-8.56937471942606
10.5375,-6.18386501678388,-2.25114250837952,-8.57956095847056
10.54,-6.12273152254535,-2.25114250837952,-8.54900224133706
10.5425,-6.13292043825177,-2.24604681557373,-8.54390912181481
10.545,-6.18386501678388,-0.0956644515310163,-8.57446783894831
10.5475,-6.13292043825177,-0.0956644515310163,-8.56937471942606
10.55,-6.15329826966461,-0.0956644515310163,-8.53881600229256
10.5525,-6.12782598039856,-2.31229082204898,-8.56937471942606
10.555,-6.13801489610498,-2.32757790046634,-8.63558527321531
10.5575,-6.14310935395819,-2.34286497888371,-8.55918848038156
10.56,-6.1482038118114,-2.34286497888371,-8.52862976324807
10.5625,-6.15329826966461,-2.56197976953261,-8.61011967560406
10.565,-6.15839272751782,-2.63841516161944,-8.58465407799281
10.5675,-6.16858164322425,-2.53140561269788,-8.61521279512631
10.57,-6.16858164322425,-2.58236254075576,-8.59993343655956
10.5725,-6.17877055893067,-2.55688407672682,-8.60502655608181
10.575,-6.18895947463709,-2.55688407672682,-8.61011967560406
10.5775,-6.19914839034351,-2.58236254075576,-8.45223297041432
10.58,-6.18386501678388,-2.58236254075576,-8.45223297041432
10.5825,-6.21952622175635,-2.63331946881365,-8.45223297041432
10.585,-6.22462067960956,-2.66389362564838,-8.46241920945882
10.5875,-6.22971513746277,-2.6537022400368,-8.47260544850332
10.59,-6.23480959531598,-2.64351085442522,-8.46751232898107
10.5925,-6.23990405316919,-2.68427639687153,-8.47769856802557
10.595,-6.2449985110224,-2.67918070406574,-8.54390912181481
10.5975,-6.25009296887561,-2.73523332492941,-8.47260544850332
10.6,-6.26028188458204,-2.73523332492941,-8.48788480707007
10.6025,-6.26537634243525,-2.74542471054099,-8.53881600229256
10.605,-6.27047080028846,-2.78109456018151,-8.54390912181481
10.6075,-6.28065971599488,-2.77090317456993,-8.49807104611457
10.61,-6.2908486317013,-2.80657302421045,-8.49297792659232
10.6125,-6.30613200526093,-2.81676440982203,-8.49807104611457
10.615,-6.31632092096735,-2.8320514882394,-8.48788480707007
10.6175,-6.31632092096735,-2.84733856665676,-8.48788480707007
10.62,-6.33160429452698,-2.90339118752043,-8.48788480707007
10.6225,-6.3417932102334,-2.86772133787991,-8.54390912181481
10.625,-6.35198212593983,-2.86772133787991,-8.55918848038156
10.6275,-6.35198212593983,-2.88300841629728,-8.55918848038156
10.63,-6.35707658379304,-2.87791272349149,-8.54390912181481
10.6325,-6.37235995735267,-2.87791272349149,-8.57446783894831
10.635,-6.37745441520588,-2.87791272349149,-8.51335040468132
10.6375,-6.3876433309123,-2.91358257313201,-8.56428159990381
10.64,-6.39783224661872,-2.91358257313201,-8.51844352420357
10.6425,-6.40292670447193,-2.91358257313201,-8.46751232898107
10.645,-6.41821007803156,-2.9186782659378,-8.48788480707007
10.6475,-6.42330453588477,-2.89319980190886,-8.48788480707007
10.65,-6.42839899373798,-2.85752995226834,-8.66105087082655
10.6525,-6.4334934515912,-2.85752995226834,-8.47260544850332
10.655,-6.43858790944441,-2.84224287385097,-8.46751232898107
10.6575,-6.44368236729762,-2.85752995226834,-8.46751232898107
10.66,-6.44368236729762,-2.84733856665676,-8.46751232898107
10.6625,-6.45387128300404,-2.8320514882394,-8.46751232898107
10.665,-6.45387128300404,-2.68937208967732,-8.47769856802557
10.6675,-6.45896574085725,-2.71994624651205,-8.48279168754782
10.67,-6.45896574085725,-2.62822377600786,-8.47769856802557
10.6725,-6.46406019871046,-2.61803239039628,-8.45732608993657
10.675,-6.46406019871046,-2.58745823356155,-8.48788480707007
10.6775,-6.46915465656367,-2.58745823356155,-8.47769856802557
10.68,-6.46915465656367,-2.5670754623384,-8.49807104611457
10.6825,-6.4844380301233,-2.54669269111524,-8.45223297041432
10.685,-6.46915465656367,-2.49064007025157,-8.48279168754782
10.6875,-6.47424911441688,-2.50083145586315,-8.50825728515907
10.69,-6.48953248797651,-2.49064007025157,-8.49807104611457
10.6925,-6.49462694582972,-2.3887262141358,-8.49807104611457
10.695,-6.52519369294899,-2.37853482852423,-8.51335040468132
10.6975,-6.52009923509578,-2.35815205730107,-8.51844352420357
10.7,-6.50481586153614,-2.30719512924319,-8.49807104611457
10.7025,-6.49972140368293,-2.32248220766055,-8.50825728515907
10.705,-6.50481586153614,-2.33267359327213,-8.53881600229256
10.7075,-6.49972140368293,-2.28681235802003,-8.51335040468132
10.71,-4.64024428726107,-2.27662097240846,-8.53372288277031
10.7125,-4.63514982940786,-2.18489850190427,-8.53372288277031
10.715,-4.63514982940786,-2.17980280909848,-8.53881600229256
10.7175,-6.50481586153614,-2.20528127312742,-8.52862976324807
10.72,-6.47934357227009,-2.1696114234869,-8.47769856802557
10.7225,-6.50481586153614,-2.17980280909848,-8.48788480707007
10.725,-6.4844380301233,-2.10846310981744,-8.48279168754782
10.7275,-6.47424911441688,-2.10846310981744,-8.46751232898107
10.73,-6.46915465656367,-2.07788895298271,-8.47769856802557
10.7325,-6.4844380301233,-2.07279326017692,-8.46751232898107
10.735,-6.47424911441688,-2.01164494650746,-8.50316416563682
10.7375,-6.47424911441688,-1.99126217528431,-8.48279168754782
10.74,-6.47934357227009,-1.95559232564379,-8.51335040468132
10.7425,-6.45896574085725,-1.99126217528431,-8.51335040468132
10.745,-6.42839899373798,-1.88934831916854,-8.50825728515907
10.7475,-6.39783224661872,-1.95559232564379,-8.48279168754782
10.75,-6.3876433309123,-1.85877416233381,-8.54390912181481
10.7525,-6.40292670447193,-1.81291292708171,-8.55918848038156
10.755,-6.41821007803156,-1.81291292708171,-8.55409536085931
10.7575,-6.36726549949946,-1.79253015585856,-8.55409536085931
10.76,-6.36217104164625,-1.85367846952802,-8.56937471942606
10.7625,-6.35198212593983,-1.78233877024698,-8.52353664372582
10.765,-6.33669875238019,-1.82820000549908,-8.52353664372582
10.7675,-6.33160429452698,-1.86896554794538,-8.60502655608181
10.77,-6.31632092096735,-2.15432434506954,-8.46241920945882
10.7725,-6.28065971599488,-1.72119045657752,-8.45732608993657
10.775,-6.27047080028846,-1.70590337816015,-8.47260544850332
10.7775,-6.28065971599488,-2.09317603140008,-8.48279168754782
10.78,-6.27047080028846,-1.70590337816015,-8.48279168754782
10.7825,-6.23480959531598,-1.7313818421891,-8.49297792659232
10.785,-6.21443176390314,-1.69061629974279,-8.50825728515907
10.7875,-6.20933730604993,-1.685520606937,-8.50825728515907
10.79,-6.19914839034351,-1.67532922132543,-8.51844352420357
10.7925,-6.18895947463709,-1.67023352851964,-8.53372288277031
10.795,-6.18386501678388,-1.66513783571385,-8.58974719751506
10.7975,-6.17367610107746,-1.67023352851964,-8.54390912181481
10.8,-6.15839272751782,-1.67532922132543,-8.52862976324807
10.8025,-6.1482038118114,-1.68042491413121,-8.53881600229256
10.805,-6.14310935395819,-1.685520606937,-8.51335040468132
10.8075,-6.13292043825177,-1.69061629974279,-8.55918848038156
10.81,-6.12782598039856,-1.66513783571385,-8.53372288277031
10.8125,-6.12273152254535,-1.69061629974279,-8.56937471942606
10.815,-6.11254260683893,-1.69061629974279,-8.57956095847056
10.8175,-6.10744814898572,-1.70080768535437,-8.58974719751506
10.82,-6.10235369113251,-1.71099907096594,-8.56428159990381
10.8225,-6.09216477542609,-1.72628614938331,-8.59993343655956
10.825,-6.08197585971966,-1.73647753499489,-8.57956095847056
10.8275,-6.08197585971966,-1.7313818421891,-8.54390912181481
10.83,-6.07178694401324,-1.7721473846354,-8.57446783894831
10.8325,-6.06669248616003,-1.7721473846354,-8.62030591464856
10.835,-6.06159802830682,-1.80272154147014,-8.55918848038156
10.8375,-6.0514091126004,-1.8180086198875,-8.51335040468132
10.84,-6.0514091126004,-1.85367846952802,-8.55918848038156
10.8425,-6.04631465474719,-1.85367846952802,-8.58465407799281
10.845,-6.04122019689398,-1.93520955442063,-8.53881600229256
10.8475,-6.03103128118756,-1.88934831916854,-8.52353664372582
10.85,-6.04631465474719,-1.5988938292386,-8.51844352420357
10.8525,-6.04122019689398,-1.58360675082123,-8.49807104611457
10.855,-6.03103128118756,-1.57851105801545,-8.51844352420357
10.8575,-6.03103128118756,-1.63456367887912,-8.63049215369306
10.86,-6.03103128118756,-1.56831967240387,-8.50316416563682
10.8625,-6.02593682333435,-1.56831967240387,-8.51844352420357
10.865,-6.02084236548114,-1.57851105801545,-8.57956095847056
10.8675,-5.99027561836187,-1.62946798607333,-8.51844352420357
10.87,-5.98008670265545,-1.59379813643281,-8.60502655608181
10.8725,-5.99537007621508,-1.61418090765596,-8.54900224133706
10.875,-5.98518116050866,-1.6447550644907,-8.51844352420357
10.8775,-5.96989778694903,-1.66513783571385,-8.51844352420357
10.88,-5.96480332909582,-1.66513783571385,-8.51844352420357
10.8825,-5.9546144133894,-1.67023352851964,-8.52353664372582
10.885,-5.94951995553619,-1.63965937168491,-8.52353664372582
10.8875,-5.94442549768298,-1.7721473846354,-8.51335040468132
10.89,-5.93933103982977,-1.62437229326754,-8.50825728515907
10.8925,-5.92914212412335,-1.67023352851964,-8.51335040468132
10.895,-5.92404766627014,-1.69061629974279,-8.55409536085931
10.8975,-5.91385875056371,-1.69571199254858,-8.54900224133706
10.9,-5.93933103982977,-1.7313818421891,-8.6865164684378
10.9025,-5.88838646129766,-1.76705169182962,-8.7068889465268
10.905,-5.90366983485729,-1.82820000549908,-8.56937471942606
10.9075,-5.89857537700408,-1.86896554794538,-8.54390912181481
10.91,-5.86291417203161,-1.9046353975859,-8.54900224133706
10.9125,-5.85272525632519,-1.91482678319748,-8.55918848038156
10.915,-5.84763079847198,-1.97087940406115,-8.55409536085931
10.9175,-5.83744188276556,-2.01164494650746,-8.61011967560406
10.92,-5.82725296705913,-2.11865449542902,-8.62030591464856
10.9225,-5.82725296705913,-2.12884588104059,-8.62539903417081
10.925,-5.81706405135271,-2.14922865226375,-8.64067839273756
10.9275,-5.81706405135271,-2.17470711629269,-8.70179582700455
10.93,-5.80687513564629,-2.20528127312742,-8.64067839273756
10.9325,-5.80178067779308,-2.2562382011853,-8.59484031703731
10.935,-5.79159176208666,-2.28681235802003,-8.64067839273756
10.9375,-5.78649730423345,-2.31229082204898,-8.64067839273756
10.94,-5.78649730423345,-2.31229082204898,-8.62030591464856
10.9425,-5.78140284638024,-0.192482614840996,-8.6661439903488
10.945,-5.77630838852703,-0.0956644515310163,-8.6763302293933
10.9475,-5.77121393067382,-0.0956644515310163,-8.68142334891555
10.95,-5.76611947282061,-0.0956644515310163,-8.62539903417081
10.9525,-5.79668621993987,-0.0956644515310163,-8.68142334891555
10.955,-5.77121393067382,-2.85243425946255,-8.7374476636603
10.9575,-5.77630838852703,-2.8728170306857,-8.7272614246158
10.96,-5.77630838852703,-2.90339118752043,-8.76291326127155
10.9625,-5.78140284638024,-2.90848688032622,-8.54900224133706
10.965,-5.78140284638024,-2.93396534435516,-8.7578201417493
10.9675,-5.78649730423345,-2.92886965154938,-8.7578201417493
10.97,-5.78649730423345,-2.92886965154938,-8.75272702222705
10.9725,-5.79159176208666,-2.85752995226834,-0.10461007344729
10.975,-5.80178067779308,-2.89829549471464,-8.52862976324807
10.9775,-5.80687513564629,-2.92377395874359,-8.65086463178205
10.98,-5.81706405135271,-2.96453950118989,-8.6865164684378
10.9825,-5.82725296705913,-2.89829549471464,-8.57446783894831
10.985,-5.86291417203161,-2.90848688032622,-8.6967027074823
10.9875,-5.87310308773803,-2.95944380838411,-8.56937471942606
10.99,-5.88329200344445,-2.92886965154938,-8.62030591464856
10.9925,-5.89857537700408,-3.00020935083041,-8.62539903417081
10.995,-5.88329200344445,-2.97982657960726,-8.63049215369306
10.9975,-5.89857537700408,-2.96963519399568,-8.64067839273756
11,-5.91385875056371,-3.03078350766514,-8.63558527321531
11.0025,-5.98008670265545,-3.02059212205357,-8.67123710987105
11.005,-5.99027561836187,-3.04607058608251,-8.6559577513043
11.0075,-6.00555899192151,-3.00020935083041,-8.6661439903488
11.01,-6.0004645340683,-2.96963519399568,-8.6763302293933
11.0125,-6.04122019689398,-2.96963519399568,-8.73235454413805
11.015,-6.03612573904077,-2.99001796521884,-8.58974719751506
11.0175,-6.05650357045361,-2.96963519399568,-8.70179582700455
11.02,-6.07688140186645,-3.03587920047093,-8.76800638079379
11.0225,-6.09216477542609,-2.97982657960726,-8.56428159990381
11.025,-6.10744814898572,-2.96453950118989,-8.55918848038156
11.0275,-6.12782598039856,-2.94925242277253,-8.55409536085931
11.03,-6.1482038118114,-2.91358257313201,-8.56428159990381
11.0325,-6.16858164322425,-2.91358257313201,-8.55409536085931
11.035,-6.1940539324903,-2.9186782659378,-8.54900224133706
11.0375,-6.20933730604993,-2.81166871701624,-8.56428159990381
11.04,-6.22971513746277,-2.78109456018151,-8.55918848038156
11.0425,-6.25009296887561,-2.75052040334678,-8.61011967560406
11.045,-6.26537634243525,-2.84733856665676,-8.62030591464856
11.0475,-6.28065971599488,-2.68427639687153,-8.62030591464856
11.05,-6.30103754740772,-2.64860654723101,-8.59484031703731
11.0525,-6.31122646311414,-2.74542471054099,-8.62539903417081
11.055,-6.32141537882056,-2.70465916809469,-8.63049215369306
11.0575,-6.33160429452698,-2.5212142270863,-8.63049215369306
11.06,-6.34688766808662,-2.62312808320207,-8.61011967560406
11.0625,-6.35707658379304,-2.4345874493879,-8.59993343655956
11.065,-6.37235995735267,-2.50592714866894,-8.6661439903488
11.0675,-6.37745441520588,-2.5212142270863,-8.64067839273756
11.07,-6.39273778876551,-2.39891759974738,-8.68142334891555
11.0725,-6.39783224661872,-2.39891759974738,-8.6763302293933
11.075,-6.41311562017835,-2.39382190694159,-8.64577151225981
11.0775,-6.41821007803156,-0.0956644515310163,-8.62539903417081
11.08,-6.42839899373798,-0.0956644515310163,-8.59993343655956
11.0825,-6.43858790944441,-0.0905687587252277,-8.57446783894831
11.085,-6.44877682515083,-0.0956644515310163,-8.61521279512631
11.0875,-6.47934357227009,-0.0956644515310163,-8.6763302293933
11.09,-6.46406019871046,-0.0956644515310163,-8.62030591464856
11.0925,-6.47424911441688,-0.0956644515310163,-8.74254078318255
11.095,-6.47934357227009,-0.0956644515310163,-8.6661439903488
11.0975,-6.4844380301233,-0.0956644515310163,-8.64067839273756
11.1,-6.52009923509578,-0.0956644515310163,-8.62539903417081
11.1025,-6.52519369294899,-0.0956644515310163,-8.63558527321531
11.105,-6.49462694582972,-0.0956644515310163,-8.72216830509355
11.1075,-6.49972140368293,-0.0956644515310163,-8.65086463178205
11.11,-6.49972140368293,-0.0956644515310163,-8.69160958796005
11.1125,-6.50991031938935,-0.0956644515310163,-8.6763302293933
11.115,-6.51500477724256,-0.0956644515310163,-8.69160958796005
11.1175,-6.52519369294899,-1.61927660046175,-8.49807104611457
11.12,-6.52519369294899,-1.61418090765596,-8.68142334891555
11.1225,-6.53538260865541,-1.56322397959808,-8.53372288277031
11.125,-6.55576044006825,-1.54793690118071,-8.76291326127155
11.1275,-6.55066598221504,-1.54284120837493,-8.47769856802557
11.13,-6.59651610289393,-1.48169289470547,-8.51335040468132
11.1325,-6.59651610289393,-1.49188428031704,-8.55918848038156
11.135,-6.54047706650862,-1.46131012348231,-8.73235454413805
11.1375,-6.54047706650862,-1.45621443067652,-8.57446783894831
11.14,-6.53538260865541,-1.45621443067652,-8.53881600229256
11.1425,-6.5302881508022,-1.44602304506495,-8.54900224133706
11.145,-6.57613827148109,-1.60398952204439,-8.54900224133706
11.1475,-6.56594935577467,-1.60398952204439,-8.65086463178205
11.15,-6.53538260865541,-1.60398952204439,-8.58465407799281
11.1525,-6.53538260865541,-1.57851105801545,-8.59484031703731
11.155,-6.52519369294899,-1.58360675082123,-8.61521279512631
11.1575,-6.52009923509578,-1.47659720189968,-8.63558527321531
11.16,-6.51500477724256,-1.48169289470547,-8.58465407799281
11.1625,-6.49972140368293,-1.60398952204439,-8.59993343655956
11.165,-6.48953248797651,-1.5988938292386,-8.6559577513043
11.1675,-6.4844380301233,-1.61927660046175,-8.58974719751506
11.17,-6.47424911441688,-1.60398952204439,-8.63049215369306
11.1725,-6.46406019871046,-1.6447550644907,-8.65086463178205
11.175,-6.46406019871046,-1.61927660046175,-8.65086463178205
11.1775,-6.46915465656367,-1.63456367887912,-8.55409536085931
11.18,-6.45896574085725,-1.63965937168491,-8.63049215369306
11.1825,-6.40292670447193,-1.68042491413121,-8.62030591464856
11.185,-6.49462694582972,-1.64985075729648,-8.61521279512631
11.1875,-6.45387128300404,-1.70590337816015,-8.59993343655956
11.19,-6.43858790944441,-1.64985075729648,-8.7374476636603
11.1925,-6.42839899373798,-1.66513783571385,-8.6559577513043
11.195,-6.3417932102334,-1.67532922132543,-8.64067839273756
11.1975,-6.32141537882056,-1.67532922132543,-8.65086463178205
11.2,-6.30103754740772,-1.68042491413121,-8.61521279512631
11.2025,-6.28065971599488,-1.69061629974279,-8.62030591464856
11.205,-6.26537634243525,-1.685520606937,-8.62539903417081
11.2075,-6.22971513746277,-1.90973109039169,-8.65086463178205
11.21,-6.23480959531598,-1.91482678319748,-8.69160958796005
11.2125,-6.1940539324903,-1.92501816880906,-8.66105087082655
11.215,-6.17367610107746,-1.91992247600327,-8.66105087082655
11.2175,-6.16348718537103,-1.950496632838,-8.6661439903488
11.22,-6.17367610107746,-1.96068801844958,-8.67123710987105
11.2225,-6.15839272751782,-1.950496632838,-8.70179582700455
11.225,-6.11763706469214,-1.94540094003221,-8.68142334891555
11.2275,-6.10744814898572,-1.95559232564379,-8.70179582700455
11.23,-6.09216477542609,-1.9963578680901,-8.76291326127155
11.2325,-6.08197585971966,-1.99126217528431,-8.77819261983829
11.235,-6.06669248616003,-1.97597509686694,-8.7374476636603
11.2375,-6.0514091126004,-2.01164494650746,-8.74254078318255
11.24,-6.04122019689398,-2.01674063931325,-8.73235454413805
11.2425,-6.03103128118756,-2.02693202492483,-8.73235454413805
11.245,-6.02084236548114,-2.02693202492483,-8.73235454413805
11.2475,-6.01574790762793,-2.03202771773061,-8.7068889465268
11.25,-6.00555899192151,-2.07279326017692,-8.78837885888279
11.2525,-6.0004645340683,-2.14413295945796,-8.6763302293933
11.255,-6.0004645340683,-2.0829846457885,-8.77819261983829
11.2575,-6.01574790762793,-2.13903726665217,-8.82403069553854
11.26,-5.99027561836187,-2.13394157384638,-8.86477565171654
11.2625,-5.99027561836187,-2.13394157384638,-8.84440317362754
11.265,-5.99027561836187,-2.19508988751584,-8.64577151225981
11.2675,-5.98518116050866,-2.31229082204898,-8.66105087082655
11.27,-5.98518116050866,-2.23585542996215,-8.6559577513043
11.2725,-5.99027561836187,-2.24604681557373,-8.6763302293933
11.275,-6.00555899192151,-2.23075973715636,-8.6865164684378
11.2775,-5.98518116050866,-2.23075973715636,-8.64577151225981
11.28,-5.98518116050866,-2.26133389399109,-8.65086463178205
11.2825,-5.98518116050866,-2.215472658739,-8.6559577513043
11.285,-5.98518116050866,-2.215472658739,-8.67123710987105
11.2875,-6.01065344977472,-2.21037696593321,-8.67123710987105
11.29,-6.01065344977472,-2.20528127312742,-8.66105087082655
11.2925,-6.01065344977472,-2.17980280909848,-8.69160958796005
11.295,-6.01574790762793,-2.19508988751584,-8.7170751855713
11.2975,-6.02084236548114,-2.18489850190427,-8.6967027074823
11.3,-6.02084236548114,-2.20018558032163,-8.7374476636603
11.3025,-6.02593682333435,-2.20018558032163,-8.7170751855713
11.305,-6.0004645340683,-2.14922865226375,-8.73235454413805
11.3075,-6.0004645340683,-2.15432434506954,-8.77309950031604
11.31,-6.00555899192151,-2.17980280909848,-8.75272702222705
11.3125,-6.0004645340683,-2.17980280909848,-8.7578201417493
11.315,-5.99537007621508,-2.18489850190427,-8.74254078318255
11.3175,-5.99537007621508,-2.17980280909848,-8.72216830509355
11.32,-5.99027561836187,-2.0829846457885,-8.68142334891555
11.3225,-5.99027561836187,-2.0829846457885,-8.80365821744954
11.325,-5.98008670265545,-2.1696114234869,-8.67123710987105
11.3275,-5.97499224480224,-2.24095112276794,-8.67123710987105
11.33,-5.96480332909582,-2.15942003787532,-8.7068889465268
11.3325,-5.95970887124261,-2.15942003787532,-8.7272614246158
11.335,-5.98008670265545,-2.16451573068111,-8.78328573936054
11.3375,-5.97499224480224,-2.16451573068111,-8.6967027074823
11.34,-5.97499224480224,-2.18999419471005,-8.81384445649404
11.3425,-5.97499224480224,-2.06769756737113,-8.80875133697179
11.345,-0.0959878821972175,-2.07279326017692,-8.72216830509355
11.3475,-0.0959878821972175,-2.07279326017692,-8.7272614246158
11.35,-0.0959878821972175,-2.07788895298271,-8.7068889465268
11.3525,-0.0959878821972175,-2.13394157384638,-8.70179582700455
11.355,-5.98518116050866,-2.13394157384638,-8.7578201417493
11.3575,-5.9546144133894,-2.1237501882348,-8.64067839273756
11.36,-5.95970887124261,-2.09317603140008,-8.72216830509355
11.3625,-5.95970887124261,-2.06769756737113,-8.67123710987105
11.365,-5.92914212412335,-2.11355880262323,-8.6763302293933
11.3675,-5.92914212412335,-2.09317603140008,-8.6763302293933
11.37,-5.9546144133894,-2.09827172420586,-8.65086463178205
11.3725,-5.90366983485729,-2.09317603140008,-8.69160958796005
11.375,-5.9087642927105,-2.11355880262323,-8.69160958796005
11.3775,-5.90366983485729,-2.11865449542902,-8.63558527321531
11.38,-5.89348091915087,-2.2562382011853,-8.64577151225981
11.3825,-5.88838646129766,-2.29700374363161,-8.64067839273756
11.385,-5.88838646129766,-2.27662097240846,-8.64067839273756
11.3875,-5.88329200344445,-2.26133389399109,-8.6559577513043
11.39,-5.88329200344445,-2.27662097240846,-8.6661439903488
11.3925,-5.88329200344445,-2.29190805082582,-8.64577151225981
11.395,-5.90366983485729,-2.19508988751584,-8.6865164684378
11.3975,-5.90366983485729,-2.19508988751584,-8.69160958796005
11.4,-5.87819754559124,-2.18999419471005,-8.64067839273756
11.4025,-5.87310308773803,-2.20018558032163,-8.6967027074823
11.405,-5.87310308773803,-2.20018558032163,-8.68142334891555
11.4075,-5.88329200344445,-2.17980280909848,-8.68142334891555
11.41,-5.9087642927105,-2.20528127312742,-8.63049215369306
11.4125,-5.9087642927105,-2.17980280909848,-8.55409536085931
11.415,-5.91385875056371,-2.15432434506954,-8.59993343655956
11.4175,-5.9546144133894,-2.14413295945796,-8.6967027074823
11.42,-5.93423658197656,-2.10336741701165,-8.58465407799281
11.4225,-5.91895320841693,-2.16451573068111,-8.73235454413805
11.425,-5.9087642927105,-2.10846310981744,-8.53881600229256
11.4275,-5.91385875056371,-2.17470711629269,-8.54900224133706
11.43,-5.92404766627014,-2.12884588104059,-8.54900224133706
11.4325,-5.92914212412335,-2.1237501882348,-8.6865164684378
11.435,-5.93933103982977,-2.14413295945796,-8.69160958796005
11.4375,-5.94442549768298,-2.11355880262323,-8.61521279512631
11.44,-5.9546144133894,-2.17980280909848,-8.61011967560406
11.4425,-5.95970887124261,-2.1237501882348,-8.62539903417081
11.445,-5.96989778694903,-2.11865449542902,-8.63049215369306
11.4475,-5.98008670265545,-2.1237501882348,-8.60502655608181
11.45,-5.98518116050866,-2.11865449542902,-8.60502655608181
11.4525,-6.0514091126004,-2.13394157384638,-8.61521279512631
11.455,-6.06159802830682,-2.0829846457885,-8.6865164684378
11.4575,-6.02084236548114,-2.09827172420586,-8.6661439903488
11.46,-6.02084236548114,-2.09317603140008,-8.67123710987105
11.4625,-6.02084236548114,-2.05241048895377,-8.6661439903488
11.465,-6.02593682333435,-2.07788895298271,-8.71198206604905
11.4675,-6.03103128118756,-2.14413295945796,-8.6559577513043
11.47,-6.04631465474719,-2.0829846457885,-8.69160958796005
11.4725,-6.05650357045361,-2.07788895298271,-8.6865164684378
11.475,-6.06669248616003,-2.01164494650746,-8.69160958796005
11.4775,-6.07178694401324,-2.00654925370167,-0.114796312491791
11.48,-6.08197585971966,-2.02183633211904,-0.0995169539250416
11.4825,-6.11254260683893,-1.99126217528431,-0.0995169539250416
11.485,-6.13801489610498,-1.98616648247852,-0.0995169539250416
11.4875,-6.11763706469214,-2.01674063931325,-8.50825728515907
11.49,-6.12273152254535,-1.99126217528431,-8.50316416563682
11.4925,-6.11763706469214,-2.01164494650746,-8.51335040468132
11.495,-6.11763706469214,-2.00654925370167,-8.51335040468132
11.4975,-6.12273152254535,-1.99126217528431,-8.51844352420357
11.5,-6.12273152254535,-1.97087940406115,-8.52862976324807
11.5025,-6.12273152254535,-1.99126217528431,-8.53881600229256
11.505,-6.12273152254535,-1.96578371125536,-8.63049215369306
11.5075,-6.12782598039856,-1.97087940406115,-8.63049215369306
11.51,-6.12782598039856,-1.97087940406115,-8.57956095847056
11.5125,-6.13801489610498,-1.99126217528431,-8.58465407799281
11.515,-6.16858164322425,-1.99126217528431,-8.67123710987105
11.5175,-6.17367610107746,-1.97597509686694,-8.60502655608181
11.52,-6.17877055893067,-1.9963578680901,-8.58465407799281
11.5225,-6.18895947463709,-2.0371234105364,-8.55918848038156
11.525,-6.16858164322425,-2.04221910334219,-8.59484031703731
11.5275,-6.17367610107746,-2.04731479614798,-8.58974719751506
11.53,-6.18895947463709,-2.06260187456535,-8.56937471942606
11.5325,-6.20933730604993,-2.05241048895377,-8.57446783894831
11.535,-6.18895947463709,-2.04731479614798,-8.58465407799281
11.5375,-6.1940539324903,-2.28171666521425,-8.57446783894831
11.54,-6.20424284819672,-2.34286497888371,-8.68142334891555
11.5425,-6.20933730604993,-2.29190805082582,-8.64067839273756
11.545,-6.23480959531598,-2.29700374363161,-8.64067839273756
11.5475,-6.23990405316919,-2.32757790046634,-8.62030591464856
11.55,-6.27047080028846,-2.31229082204898,-8.63558527321531
11.5525,-6.28065971599488,-2.31229082204898,-8.64577151225981
11.555,-6.31632092096735,-2.28171666521425,-8.71198206604905
11.5575,-6.30103754740772,-2.28681235802003,-8.78837885888279
11.56,-6.31632092096735,-2.24604681557373,-8.6661439903488
11.5625,-6.33669875238019,-2.27662097240846,-8.67123710987105
11.565,-6.3417932102334,-2.3887262141358,-8.6763302293933
11.5675,-6.35198212593983,-2.36324775010686,-8.59484031703731
11.57,-6.36726549949946,-2.37343913571844,-8.7068889465268
11.5725,-6.38254887305909,-2.36324775010686,-8.58974719751506
11.575,-6.38254887305909,-2.3887262141358,-8.6967027074823
11.5775,-6.39783224661872,-2.4345874493879,-8.60502655608181
11.58,-6.41311562017835,-2.35815205730107,-8.61521279512631
11.5825,-6.41821007803156,-2.35305636449528,-8.73235454413805
11.585,-6.4334934515912,-2.4345874493879,-8.65086463178205
11.5875,-6.44877682515083,-2.42949175658211,-8.60502655608181
11.59,-6.46406019871046,-2.46006591341684,-8.59484031703731
11.5925,-6.47424911441688,-2.40910898535896,-8.56428159990381
11.595,-6.4844380301233,-2.40910898535896,-8.58974719751506
11.5975,-6.49462694582972,-2.44987452780526,-8.7068889465268
11.6,-6.50481586153614,-2.44477883499948,-8.60502655608181
11.6025,-6.51500477724256,-2.44477883499948,-8.59993343655956
11.605,-6.5302881508022,-2.36324775010686,-8.52862976324807
11.6075,-6.53538260865541,-2.34286497888371,-8.61521279512631
11.61,-6.54047706650862,-2.41930037097053,-8.62030591464856
11.6125,-6.54557152436183,-2.45497022061105,-8.54900224133706
11.615,-6.55066598221504,-2.33267359327213,-8.55409536085931
11.6175,-6.55066598221504,-2.33267359327213,-8.55409536085931
11.62,-6.55576044006825,-2.28171666521425,-8.62539903417081
11.6225,-6.55066598221504,-2.27662097240846,-8.68142334891555
11.625,-6.55066598221504,-2.2562382011853,-8.67123710987105
11.6275,-6.55576044006825,-2.30719512924319,-8.67123710987105
11.63,-6.55066598221504,-2.31229082204898,-8.69160958796005
11.6325,-6.55066598221504,-2.31738651485477,-8.72216830509355
11.635,-6.52519369294899,-2.3020994364374,-8.65086463178205
11.6375,-6.54047706650862,-2.35305636449528,-8.72216830509355
11.64,-6.55576044006825,-2.30719512924319,-8.73235454413805
11.6425,-6.54557152436183,-2.35305636449528,-8.73235454413805
11.645,-6.53538260865541,-2.23075973715636,-8.7170751855713
11.6475,-6.5302881508022,-2.33776928607792,-8.6967027074823
11.65,-6.54557152436183,-2.35815205730107,-8.6967027074823
11.6525,-6.51500477724256,-2.26133389399109,-8.6661439903488
11.655,-6.49972140368293,-2.2562382011853,-8.6661439903488
11.6575,-6.49972140368293,-2.27152527960267,-8.6865164684378
11.66,-6.49972140368293,-2.31738651485477,-8.60502655608181
11.6625,-6.45896574085725,-2.24604681557373,-8.77819261983829
11.665,-6.4844380301233,-2.27152527960267,-8.62030591464856
11.6675,-6.48953248797651,-2.44477883499948,-8.65086463178205
11.67,-6.44877682515083,-2.29190805082582,-8.85458941267204
11.6725,-6.42839899373798,-2.46516160622263,-8.61011967560406
11.675,-6.44368236729762,-2.5212142270863,-8.6661439903488
11.6775,-6.47424911441688,-2.3020994364374,-8.6559577513043
11.68,-6.43858790944441,-2.31738651485477,-8.67123710987105
11.6825,-6.39273778876551,-2.24604681557373,-8.6661439903488
11.685,-6.35707658379304,-2.47025729902842,-8.6865164684378
11.6875,-6.3417932102334,-2.31229082204898,-8.6763302293933
11.69,-6.33160429452698,-2.32757790046634,-8.64577151225981
11.6925,-6.31632092096735,-2.18999419471005,-8.7170751855713
11.695,-6.30103754740772,-2.20528127312742,-8.69160958796005
11.6975,-6.2908486317013,-2.17980280909848,-8.6763302293933
11.7,-6.27556525814167,-2.39382190694159,-8.61011967560406
11.7025,-6.26028188458204,-2.16451573068111,-8.63558527321531
11.705,-6.2449985110224,-2.3887262141358,-8.6865164684378
11.7075,-6.22971513746277,-2.37343913571844,-8.69160958796005
11.71,-6.21443176390314,-2.36834344291265,-8.7272614246158
11.7125,-6.19914839034351,-2.28171666521425,-8.6559577513043
11.715,-6.20933730604993,-2.35815205730107,-8.77309950031604
11.7175,-6.18895947463709,-2.35305636449528,-8.7578201417493
11.72,-6.15839272751782,-2.3479606716895,-8.7578201417493
11.7225,-6.1940539324903,-2.3479606716895,-8.57446783894831
11.725,-6.11763706469214,-2.39382190694159,-8.60502655608181
11.7275,-6.10744814898572,-2.38363052133001,-8.51844352420357
11.73,-6.09216477542609,-2.3887262141358,-8.55409536085931
11.7325,-6.07178694401324,-2.23075973715636,-8.56428159990381
11.735,-6.05650357045361,-2.26133389399109,-8.59993343655956
11.7375,-6.02593682333435,-2.20018558032163,-8.63049215369306
11.74,-6.01065344977472,-2.20528127312742,-8.52862976324807
11.7425,-5.99027561836187,-2.14922865226375,-8.46751232898107
11.745,-5.97499224480224,-2.14922865226375,-8.69160958796005
11.7475,-5.95970887124261,-2.14413295945796,-8.68142334891555
11.75,-5.93933103982977,-2.13394157384638,-8.48788480707007
11.7525,-5.91895320841693,-2.15432434506954,-8.58465407799281
11.755,-5.90366983485729,-2.14413295945796,-8.71198206604905
11.7575,-5.88838646129766,-2.13394157384638,-8.72216830509355
11.76,-5.86800862988482,-2.15432434506954,-8.63558527321531
11.7625,-5.8578197141784,-2.18489850190427,-8.61521279512631
11.765,-5.89348091915087,-2.16451573068111,-8.77819261983829
11.7675,-5.86800862988482,-2.11865449542902,-8.72216830509355
11.77,-5.83744188276556,-2.1237501882348,-8.64067839273756
11.7725,-5.84763079847198,-2.16451573068111,-8.64577151225981
11.775,-5.81706405135271,-2.15942003787532,-8.64577151225981
11.7775,-5.83234742491235,-2.16451573068111,-8.62030591464856
11.78,-5.83234742491235,-2.1696114234869,-8.55918848038156
11.7825,-5.83234742491235,-2.17980280909848,-8.63049215369306
11.785,-5.80178067779308,-2.18489850190427,-8.54390912181481
11.7875,-5.81706405135271,-2.20018558032163,-8.54900224133706
11.79,-5.8119695934995,-2.36324775010686,-8.59484031703731
11.7925,-5.78649730423345,-2.31229082204898,-8.59484031703731
11.795,-5.78140284638024,-2.24095112276794,-8.63558527321531
11.7975,-5.78140284638024,-2.23585542996215,-8.58465407799281
11.8,-5.78140284638024,-2.22566404435057,-8.55409536085931
11.8025,-5.78649730423345,-2.23075973715636,-8.55918848038156
11.805,-5.78649730423345,-2.23075973715636,-8.61521279512631
11.8075,-5.79159176208666,-2.29700374363161,-8.54390912181481
11.81,-5.79159176208666,-2.21037696593321,-8.54390912181481
11.8125,-5.79668621993987,-2.18489850190427,-8.57956095847056
11.815,-5.79668621993987,-2.15432434506954,-8.63049215369306
11.8175,-5.80178067779308,-2.14922865226375,-8.56937471942606
11.82,-5.80687513564629,-2.14413295945796,-8.56937471942606
11.8225,-5.8119695934995,-2.12884588104059,-8.56428159990381
11.825,-5.81706405135271,-2.12884588104059,-8.57956095847056
11.8275,-5.82215850920592,-2.10846310981744,-8.57446783894831
11.83,-5.83234742491235,-2.09827172420586,-8.56428159990381
11.8325,-5.83744188276556,-2.10336741701165,-8.59993343655956
11.835,-5.84253634061877,-2.1237501882348,-8.64067839273756
11.8375,-5.8578197141784,-2.1237501882348,-8.55918848038156
11.84,-5.86800862988482,-2.10336741701165,-8.63049215369306
11.8425,-5.87310308773803,-2.09827172420586,-8.57956095847056
11.845,-5.88838646129766,-2.09827172420586,-8.66105087082655
11.8475,-5.89857537700408,-2.1237501882348,-8.6661439903488
11.85,-5.9087642927105,-2.1237501882348,-8.57956095847056
11.8525,-5.96480332909582,-2.09827172420586,-8.57956095847056
11.855,-5.97499224480224,-2.11355880262323,-8.57956095847056
11.8575,-5.98008670265545,-2.08808033859429,-8.55918848038156
11.86,-6.02593682333435,-2.07788895298271,-8.56428159990381
11.8625,-6.01065344977472,-2.08808033859429,-8.57446783894831
11.865,-6.01574790762793,-2.09827172420586,-8.58974719751506
11.8675,-6.02084236548114,-2.09317603140008,-8.43186049232532
11.87,-6.03103128118756,-2.08808033859429,-8.53372288277031
11.8725,-6.03612573904077,-2.0829846457885,-8.59484031703731
11.875,-6.06669248616003,-2.07788895298271,-8.48279168754782
11.8775,-6.0514091126004,-2.11355880262323,-8.52862976324807
11.88,-6.08707031757288,-2.07788895298271,-8.53372288277031
11.8825,-6.07178694401324,-2.11355880262323,-8.44713985089207
11.885,-6.08707031757288,-2.12884588104059,-8.44204673136982
11.8875,-6.09216477542609,-2.11355880262323,-8.44713985089207
11.89,-6.11254260683893,-2.10846310981744,-8.45223297041432
11.8925,-6.1482038118114,-2.13394157384638,-8.45223297041432
11.895,-6.13292043825177,-2.13394157384638,-8.57446783894831
11.8975,-6.16348718537103,-2.13394157384638,-8.46241920945882
11.9,-6.15839272751782,-2.12884588104059,-8.48279168754782
11.9025,-6.17367610107746,-2.14413295945796,-8.47260544850332
11.905,-6.18895947463709,-2.14413295945796,-8.46751232898107
11.9075,-6.19914839034351,-2.16451573068111,-8.50316416563682
11.91,-6.25518742672882,-2.39891759974738,-8.47769856802557
11.9125,-6.26537634243525,-2.39382190694159,-8.48788480707007
11.915,-6.27047080028846,-2.27662097240846,-8.49297792659232
11.9175,-6.30103754740772,-2.30719512924319,-8.53372288277031
11.92,-6.2908486317013,-2.37853482852423,-8.51335040468132
11.9225,-6.30613200526093,-2.34286497888371,-8.51844352420357
11.925,-6.31632092096735,-2.36834344291265,-8.55409536085931
11.9275,-6.35198212593983,-2.3479606716895,-8.54390912181481
11.93,-6.36726549949946,-2.44477883499948,-8.46241920945882
11.9325,-6.37235995735267,-2.44987452780526,-8.47769856802557
11.935,-6.37745441520588,-2.39891759974738,-8.48279168754782
11.9375,-6.40802116232514,-2.47025729902842,-8.46241920945882
11.94,-6.40802116232514,-2.40401329255317,-8.45223297041432
11.9425,-6.47424911441688,-2.35815205730107,-8.55409536085931
11.945,-6.42330453588477,-2.35815205730107,-8.45732608993657
11.9475,-6.4844380301233,-2.53140561269788,-8.42167425328083
11.95,-6.48953248797651,-2.4345874493879,-8.42167425328083
11.9525,-6.46406019871046,-2.68937208967732,-8.45732608993657
11.955,-6.46915465656367,-2.57217115514419,-8.42676737280307
11.9575,-6.47934357227009,-2.44987452780526,-8.44713985089207
11.96,-6.49972140368293,-2.71994624651205,-8.49297792659232
11.9625,-6.50481586153614,-2.71485055370626,-8.48788480707007
11.965,-6.4844380301233,-2.3887262141358,-8.44713985089207
11.9675,-6.49462694582972,-2.35305636449528,-8.45223297041432
11.97,-6.50481586153614,-2.37343913571844,-8.46241920945882
11.9725,-6.51500477724256,-2.34286497888371,-8.43695361184757
11.975,-6.52009923509578,-2.24604681557373,-8.44204673136982
11.9775,-6.52009923509578,-2.20018558032163,-8.48279168754782
11.98,-6.52519369294899,-2.19508988751584,-8.43186049232532
11.9825,-6.50991031938935,-2.19508988751584,-8.49807104611457
11.985,-6.53538260865541,-0.0956644515310163,-8.50316416563682
11.9875,-6.54557152436183,-0.0956644515310163,-8.52353664372582
11.99,-6.55066598221504,-0.0956644515310163,-8.44713985089207
11.9925,-6.57613827148109,-0.0956644515310163,-8.45732608993657
11.995,-6.57613827148109,-2.07279326017692,-8.48279168754782
11.9975,-6.53538260865541,-2.07788895298271,-8.47260544850332
12,-6.50481586153614,-2.00654925370167,-8.47260544850332
12.0025,-6.49462694582972,-2.05750618175956,-8.42676737280307
12.005,-6.38254887305909,-2.01164494650746,-8.41658113375857
12.0075,-6.38254887305909,-2.02693202492483,-8.42676737280307
12.01,-6.37745441520588,-1.98616648247852,-8.55409536085931
12.0125,-0.0959878821972175,-1.95559232564379,-8.53372288277031
12.015,-0.0959878821972175,-1.950496632838,-8.43186049232532
12.0175,-0.0908934243440065,-1.93520955442063,-8.43695361184757
12.02,-0.0959878821972175,-2.05241048895377,-8.41148801423633
12.0225,-0.0959878821972175,-2.04221910334219,-8.40639489471408
12.025,-0.0908934243440065,-2.00654925370167,-8.38092929710283
12.0275,-0.0908934243440065,-1.97597509686694,-8.39620865566958
12.03,-0.0959878821972175,-1.98616648247852,-8.44713985089207
12.0325,-0.0959878821972175,-2.15432434506954,-8.42167425328083
12.035,-0.0959878821972175,-2.14413295945796,-8.38092929710283
12.0375,-0.0908934243440065,-2.0829846457885,-8.46751232898107
12.04,-0.0959878821972175,-1.96068801844958,-8.46751232898107
12.0425,-0.0959878821972175,-2.02693202492483,-8.46751232898107
12.045,-6.17367610107746,-1.96068801844958,-0.10461007344729
12.0475,-6.18895947463709,-1.98107078967273,-0.0995169539250416
12.05,-6.22462067960956,-1.95559232564379,-8.37074305805833
12.0525,-6.14310935395819,-1.950496632838,-8.36564993853608
12.055,-6.15839272751782,-1.97597509686694,-8.35546369949158
12.0575,-6.15329826966461,-1.91992247600327,-8.34018434092483
12.06,-6.15329826966461,-1.90973109039169,-8.36055681901383
12.0625,-6.15839272751782,-1.87406124075117,-8.32490498235808
12.065,-6.16858164322425,-1.91992247600327,-8.32999810188033
12.0675,-6.17877055893067,-1.87915693355696,-8.39111553614733
12.07,-6.11763706469214,-1.87915693355696,-8.34018434092483
12.0725,-6.13292043825177,-1.84858277672223,-8.39111553614733
12.075,-6.0972592332793,-1.8638698551396,-8.37074305805833
12.0775,-6.09216477542609,-1.78233877024698,-8.31471874331358
12.08,-6.08707031757288,-1.78743446305277,-8.35546369949158
12.0825,-6.10235369113251,-1.78233877024698,-8.30453250426909
12.085,-6.13292043825177,-1.95559232564379,-8.29943938474683
12.0875,-6.07688140186645,-1.97087940406115,-8.30453250426909
12.09,-6.05650357045361,-1.950496632838,-8.34527746044708
12.0925,-6.0514091126004,-1.94030524722642,-8.38092929710283
12.095,-6.04631465474719,-1.9963578680901,-8.29434626522459
12.0975,-6.04122019689398,-1.9046353975859,-8.29943938474683
12.1,-6.03612573904077,-1.88934831916854,-8.28925314570234
12.1025,-6.03612573904077,-1.87915693355696,-8.28416002618009
12.105,-6.03103128118756,-1.99126217528431,-8.31471874331358
12.1075,-6.03103128118756,-1.87915693355696,-8.30453250426909
12.11,-6.03612573904077,-1.86896554794538,-8.30453250426909
12.1125,-6.03612573904077,-1.91482678319748,-8.33509122140258
12.115,-6.03612573904077,-1.8638698551396,-8.30962562379133
12.1175,-6.03612573904077,-1.82310431269329,-8.28925314570234
12.12,-6.03612573904077,-1.83329569830487,-8.26888066761334
12.1225,-6.04122019689398,-1.85367846952802,-8.26378754809109
12.125,-6.04631465474719,-1.78743446305277,-8.25869442856884
12.1275,-6.04631465474719,-1.79253015585856,-8.26378754809109
12.13,-6.0514091126004,-1.79762584866435,-8.29943938474683
12.1325,-6.06669248616003,-1.79762584866435,-8.23322883095759
12.135,-6.07178694401324,-1.92501816880906,-8.29434626522459
12.1375,-6.07178694401324,-1.76705169182962,-8.30962562379133
12.14,-6.07688140186645,-1.79762584866435,-8.20776323334634
12.1425,-6.08707031757288,-1.77724307744119,-8.23832195047984
12.145,-6.09216477542609,-1.7721473846354,-8.25360130904659
12.1475,-6.10744814898572,-1.82820000549908,-8.24850818952434
12.15,-6.11254260683893,-1.87406124075117,-8.22304259191309
12.1525,-6.12273152254535,-1.87406124075117,-8.24341507000209
12.155,-6.13801489610498,-1.76705169182962,-8.23832195047984
12.1575,-6.1482038118114,-1.84858277672223,-8.24341507000209
12.16,-6.15329826966461,-1.85367846952802,-8.27906690665784
12.1625,-6.17367610107746,-1.85367846952802,-8.25360130904659
12.165,-6.17877055893067,-1.77724307744119,-8.27397378713559
12.1675,-6.18386501678388,-1.87915693355696,-8.28416002618009
12.17,-6.1940539324903,-1.87915693355696,-8.27906690665784
12.1725,-6.20424284819672,-1.84858277672223,-0.10461007344729
12.175,-6.20933730604993,-1.89444401197433,-8.27906690665784
12.1775,-6.20933730604993,-1.87406124075117,-8.26378754809109
12.18,-6.21952622175635,-1.8638698551396,-8.28416002618009
12.1825,-6.21952622175635,-1.86896554794538,-8.29434626522459
12.185,-6.21952622175635,-1.88934831916854,-8.35546369949158
12.1875,-6.22462067960956,-1.86896554794538,-8.30453250426909
12.19,-6.22971513746277,-1.94030524722642,-8.31471874331358
12.1925,-6.22462067960956,-1.89444401197433,-8.32999810188033
12.195,-6.25009296887561,-1.91482678319748,-8.32490498235808
12.1975,-6.23480959531598,-1.91482678319748,-8.20776323334634
12.2,-6.23480959531598,-1.89953970478012,-8.21794947239084
12.2025,-6.2449985110224,-1.94030524722642,-8.21794947239084
12.205,-6.2449985110224,-1.91992247600327,-8.32999810188033
12.2075,-6.2449985110224,-1.93011386161485,-8.30962562379133
12.21,-6.25009296887561,-1.94030524722642,-8.37583617758058
12.2125,-6.26028188458204,-1.950496632838,-8.32490498235808
12.215,-6.25518742672882,-1.93520955442063,-8.36055681901383
12.2175,-6.25009296887561,-1.96068801844958,-8.36564993853608
12.22,-6.25009296887561,-1.94030524722642,-8.26888066761334
12.2225,-6.2449985110224,-1.97087940406115,-8.28925314570234
12.225,-6.23990405316919,-1.97597509686694,-8.34018434092483
12.2275,-6.23990405316919,-1.99126217528431,-8.33509122140258
12.23,-6.23990405316919,-2.00145356089588,-8.37074305805833
12.2325,-6.23990405316919,-1.98616648247852,-8.38092929710283
12.235,-6.2449985110224,-1.9963578680901,-8.37583617758058
12.2375,-6.23990405316919,-2.03202771773061,-8.33509122140258
12.24,-6.23990405316919,-2.03202771773061,-8.35037057996933
12.2425,-6.23990405316919,-2.02183633211904,-8.38602241662508
12.245,-6.23990405316919,-2.10336741701165,-8.33509122140258
12.2475,-6.23480959531598,-2.13394157384638,-8.30962562379133
12.25,-6.22971513746277,-2.05241048895377,-8.34527746044708
12.2525,-6.22971513746277,-2.14922865226375,-8.25360130904659
12.255,-6.21952622175635,-2.15432434506954,-8.36055681901383
12.2575,-6.21952622175635,-2.16451573068111,-8.47769856802557
12.26,-6.21952622175635,-2.12884588104059,-8.21794947239084
12.2625,-6.20933730604993,-2.13394157384638,-8.21285635286859
12.265,-6.20933730604993,-2.14413295945796,-8.33509122140258
12.2675,-6.20933730604993,-2.19508988751584,-8.24850818952434
12.27,-6.20424284819672,-2.27662097240846,-8.28416002618009
12.2725,-6.20424284819672,-2.28171666521425,-8.28416002618009
12.275,-6.19914839034351,-2.24095112276794,-8.27397378713559
12.2775,-6.1940539324903,-2.22566404435057,-8.28416002618009
12.28,-6.1940539324903,-2.23585542996215,-0.10970319296954
12.2825,-6.1940539324903,-2.24095112276794,-0.10461007344729
12.285,-6.18895947463709,-2.24604681557373,-0.0995169539250416
12.2875,-6.18895947463709,-2.28171666521425,-0.0995169539250416
12.29,-6.18895947463709,-2.30719512924319,-0.0995169539250416
12.2925,-6.18895947463709,-2.35815205730107,-0.0995169539250416
12.295,-6.18895947463709,-2.34286497888371,-8.29434626522459
12.2975,-6.18895947463709,-2.37853482852423,-8.38602241662508
12.3,-6.18895947463709,-2.39382190694159,-8.24341507000209
12.3025,-6.18895947463709,-2.3887262141358,-8.25360130904659
12.305,-6.1940539324903,-2.29700374363161,-8.29434626522459
12.3075,-6.19914839034351,-2.28681235802003,-8.40130177519183
12.31,-6.19914839034351,-2.31229082204898,-8.29943938474683
12.3125,-6.20424284819672,-2.31738651485477,-8.29943938474683
12.315,-6.21443176390314,-2.43968314219369,-8.35546369949158
12.3175,-6.21443176390314,-2.36324775010686,-8.37074305805833
12.32,-6.22462067960956,-2.4345874493879,-8.34018434092483
12.3225,-6.22462067960956,-2.40401329255317,-8.34527746044708
12.325,-6.22971513746277,-2.25114250837952,-8.37074305805833
12.3275,-6.23480959531598,-2.42439606377632,-8.36055681901383
12.33,-6.23990405316919,-2.3479606716895,-8.35037057996933
12.3325,-6.2449985110224,-2.29700374363161,-8.38602241662508
12.335,-6.25009296887561,-2.29700374363161,-8.42676737280307
12.3375,-6.25518742672882,-2.29700374363161,-8.43186049232532
12.34,-6.26537634243525,-2.29700374363161,-8.47769856802557
12.3425,-6.26537634243525,-2.32757790046634,-8.39620865566958
12.345,-6.27047080028846,-2.35305636449528,-8.41148801423633
12.3475,-6.27556525814167,-2.32757790046634,-8.41148801423633
12.35,-6.27556525814167,-2.31229082204898,-8.40130177519183
12.3525,-6.28065971599488,-2.31229082204898,-8.47769856802557
12.355,-6.28575417384809,-2.39891759974738,-8.42676737280307
12.3575,-6.27556525814167,-2.3479606716895,-8.46751232898107
12.36,-6.27556525814167,-2.3479606716895,-8.47769856802557
12.3625,-6.28575417384809,-2.34286497888371,-8.31471874331358
12.365,-6.28065971599488,-2.36834344291265,-8.34527746044708
12.3675,-6.28065971599488,-2.31738651485477,-8.52353664372582
12.37,-6.2908486317013,-2.31738651485477,-8.34527746044708
12.3725,-6.28575417384809,-2.31738651485477,-8.34018434092483
12.375,-6.2908486317013,-2.34286497888371,-8.52353664372582
12.3775,-6.2908486317013,-2.28171666521425,-8.25869442856884
12.38,-6.30103754740772,-2.31229082204898,-8.24341507000209
12.3825,-6.30103754740772,-2.27662097240846,-8.25360130904659
12.385,-6.31122646311414,-2.27662097240846,-8.24850818952434
12.3875,-6.31122646311414,-2.29700374363161,-8.25869442856884
12.39,-6.31122646311414,-2.3020994364374,-8.38602241662508
12.3925,-6.31122646311414,-2.27152527960267,-8.27397378713559
12.395,-6.31122646311414,-2.23585542996215,-8.28925314570234
12.3975,-6.30613200526093,-2.23075973715636,-8.30453250426909
12.4,-6.30103754740772,-2.19508988751584,-8.34527746044708
12.4025,-6.30103754740772,-2.24095112276794,-8.32490498235808
12.405,-6.29594308955451,-2.2562382011853,-8.29434626522459
12.4075,-6.2908486317013,-2.24604681557373,-8.30962562379133
12.41,-6.2908486317013,-2.22056835154479,-8.31471874331358
12.4125,-6.2908486317013,-2.17470711629269,-8.30453250426909
12.415,-6.2908486317013,-2.06769756737113,-8.35037057996933
12.4175,-6.2908486317013,-2.14413295945796,-8.32490498235808
12.42,-6.28575417384809,-2.10336741701165,-8.36055681901383
12.4225,-6.28575417384809,-2.13394157384638,-8.35546369949158
12.425,-6.28575417384809,-2.06769756737113,-8.41148801423633
12.4275,-6.2908486317013,-2.07788895298271,-8.42167425328083
12.43,-6.31122646311414,-2.0829846457885,-8.39620865566958
12.4325,-6.29594308955451,-2.09317603140008,-8.38602241662508
12.435,-6.29594308955451,-2.09827172420586,-8.38092929710283
12.4375,-6.29594308955451,-2.10846310981744,-8.48279168754782
12.44,-6.3417932102334,-2.13394157384638,-8.43695361184757
12.4425,-6.31122646311414,-2.14413295945796,-8.46751232898107
12.445,-6.30613200526093,-2.1237501882348,-8.46751232898107
12.4475,-6.27047080028846,-2.10846310981744,-8.27906690665784
12.45,-6.27047080028846,-2.13903726665217,-8.28416002618009
12.4525,-6.26537634243525,-2.14922865226375,-8.54900224133706
12.455,-6.31632092096735,-2.215472658739,-8.50825728515907
12.4575,-6.25518742672882,-2.22056835154479,-8.56937471942606
12.46,-6.25009296887561,-2.21037696593321,-8.58974719751506
12.4625,-6.2449985110224,-2.32757790046634,-8.26888066761334
12.465,-6.23990405316919,-2.46516160622263,-8.31471874331358
12.4675,-6.23480959531598,-2.39891759974738,-8.25869442856884
12.47,-6.22971513746277,-2.46006591341684,-8.26378754809109
12.4725,-6.22971513746277,-2.46006591341684,-8.25869442856884
12.475,-6.22971513746277,-2.47025729902842,-0.135168790580789
12.4775,-6.22971513746277,-2.49064007025157,-8.33509122140258
12.48,-6.22462067960956,-2.46516160622263,-8.35037057996933
12.4825,-6.22462067960956,-2.47025729902842,-8.36055681901383
12.485,-6.22462067960956,-2.47535299183421,-8.37583617758058
12.4875,-6.22462067960956,-2.47025729902842,-8.34018434092483
12.49,-6.21443176390314,-2.47535299183421,-8.41148801423633
12.4925,-6.20933730604993,-2.48044868463999,-8.31471874331358
12.495,-6.22971513746277,-2.53140561269788,-8.35546369949158
12.4975,-6.23480959531598,-2.47535299183421,-8.42167425328083
12.5,-6.21952622175635,-2.47535299183421,-8.37583617758058
12.5025,-6.21443176390314,-2.46516160622263,-8.36564993853608
12.505,-6.21952622175635,-2.41420467816475,-8.37074305805833
12.5075,-6.2449985110224,-2.42949175658211,-8.37583617758058
12.51,-6.26537634243525,-2.44987452780526,-8.42167425328083
12.5125,-6.26537634243525,-2.42949175658211,-8.37583617758058
12.515,-6.23990405316919,-2.39891759974738,-8.40639489471408
12.5175,-6.25009296887561,-2.40910898535896,-8.36055681901383
12.52,-6.23990405316919,-2.32757790046634,-8.35546369949158
12.5225,-6.28575417384809,-2.39382190694159,-8.35037057996933
12.525,-6.2908486317013,-2.32757790046634,-8.40130177519183
12.5275,-6.2908486317013,-2.10336741701165,-8.42676737280307
12.53,-6.29594308955451,-2.08808033859429,-8.42167425328083
12.5325,-6.29594308955451,-2.08808033859429,-8.45732608993657
12.535,-6.29594308955451,-2.21037696593321,-8.43186049232532
12.5375,-6.30103754740772,-2.23075973715636,-8.38602241662508
12.54,-6.31122646311414,-2.215472658739,-8.47769856802557
12.5425,-6.31122646311414,-2.20018558032163,-8.38092929710283
12.545,-6.31122646311414,-2.26133389399109,-8.38092929710283
12.5475,-6.31632092096735,-2.31229082204898,-8.53372288277031
12.55,-6.31632092096735,-2.17980280909848,-8.56937471942606
12.5525,-6.32141537882056,-2.31229082204898,-8.55409536085931
12.555,-6.33160429452698,-2.31738651485477,-8.38092929710283
12.5575,-6.33160429452698,-2.29190805082582,-8.47769856802557
12.56,-6.33669875238019,-2.31738651485477,-8.59484031703731
12.5625,-6.33669875238019,-2.37343913571844,-8.63049215369306
12.565,-6.33669875238019,-2.30719512924319,-8.53372288277031
12.5675,-6.3417932102334,-2.30719512924319,-8.43186049232532
12.57,-6.3417932102334,-2.35305636449528,-8.47260544850332
12.5725,-6.34688766808662,-2.37853482852423,-8.46751232898107
12.575,-6.35198212593983,-2.35815205730107,-8.47260544850332
12.5775,-6.35198212593983,-2.35815205730107,-8.46751232898107
12.58,-6.35707658379304,-2.36324775010686,-8.47769856802557
12.5825,-6.36217104164625,-2.35815205730107,-8.47260544850332
12.585,-6.35198212593983,-2.51611853428051,-8.49807104611457
12.5875,-6.35707658379304,-2.51611853428051,-8.47260544850332
12.59,-6.36217104164625,-2.67408501125995,-8.48788480707007
12.5925,-6.36217104164625,-2.66898931845417,-8.51335040468132
12.595,-6.37235995735267,-2.67408501125995,-8.51844352420357
12.5975,-6.36726549949946,-2.46516160622263,-8.51335040468132
12.6,-6.36726549949946,-2.46006591341684,-8.52353664372582
12.6025,-6.36217104164625,-2.48044868463999,-8.51844352420357
12.605,-6.35707658379304,-2.61293669759049,-8.53881600229256
12.6075,-6.38254887305909,-2.60274531197892,-8.54900224133706
12.61,-6.38254887305909,-2.54159699830946,-8.58465407799281
12.6125,-6.37745441520588,-2.46516160622263,-8.55409536085931
12.615,-6.38254887305909,-2.51102284147473,-8.53881600229256
12.6175,-6.3876433309123,-2.46006591341684,-8.53372288277031
12.62,-6.35707658379304,-2.4345874493879,-8.55918848038156
12.6225,-6.35707658379304,-2.44987452780526,-8.46751232898107
12.625,-6.35707658379304,-2.75052040334678,-8.46751232898107
12.6275,-6.35707658379304,-2.42439606377632,-8.45223297041432
12.63,-6.35707658379304,-2.4345874493879,-8.65086463178205
12.6325,-6.37745441520588,-2.51611853428051,-8.47769856802557
12.635,-6.37745441520588,-2.4345874493879,-8.56937471942606
12.6375,-6.35707658379304,-2.77090317456993,-8.48788480707007
12.64,-6.35707658379304,-2.39382190694159,-8.49297792659232
12.6425,-6.35707658379304,-2.35815205730107,-8.48788480707007
12.645,-6.35707658379304,-2.33776928607792,-8.40639489471408
12.6475,-6.35707658379304,-2.46006591341684,-8.43695361184757
12.65,-6.35707658379304,-2.43968314219369,-8.42676737280307
12.6525,-6.37745441520588,-2.43968314219369,-8.43695361184757
12.655,-6.33160429452698,-2.43968314219369,-8.45223297041432
12.6575,-6.33160429452698,-0.0956644515310163,-8.44713985089207
12.66,-6.33160429452698,-0.0956644515310163,-8.42167425328083
12.6625,-6.34688766808662,-0.0956644515310163,-8.54900224133706
12.665,-6.31122646311414,-0.0905687587252277,-8.50316416563682
12.6675,-6.30613200526093,-0.0956644515310163,-8.47769856802557
12.67,-6.29594308955451,-2.215472658739,-8.49297792659232
12.6725,-6.28575417384809,-2.13903726665217,-8.50316416563682
12.675,-6.28065971599488,-2.13903726665217,-8.50316416563682
12.6775,-6.27047080028846,-2.12884588104059,-8.59993343655956
12.68,-6.28575417384809,-2.11355880262323,-8.53372288277031
12.6825,-6.25518742672882,-2.07788895298271,-8.53881600229256
12.685,-6.23990405316919,-2.06769756737113,-8.53372288277031
12.6875,-6.22971513746277,-2.04221910334219,-8.54390912181481
12.69,-6.22971513746277,-2.05750618175956,-8.56937471942606
12.6925,-6.22462067960956,-2.02183633211904,-8.58465407799281
12.695,-6.21952622175635,-2.00145356089588,-8.62539903417081
12.6975,-6.21443176390314,-2.00145356089588,-8.59993343655956
12.7,-6.20933730604993,-2.00145356089588,-8.58465407799281
12.7025,-6.20933730604993,-1.97597509686694,-8.59484031703731
12.705,-6.20424284819672,-1.99126217528431,-8.65086463178205
12.7075,-6.20424284819672,-2.00145356089588,-8.61521279512631
12.71,-6.1940539324903,-1.950496632838,-8.6559577513043
12.7125,-6.1940539324903,-1.93520955442063,-8.63049215369306
12.715,-6.1940539324903,-1.93011386161485,-8.48788480707007
12.7175,-6.18895947463709,-1.89953970478012,-8.50316416563682
12.72,-6.18895947463709,-1.89444401197433,-8.50316416563682
12.7225,-6.18895947463709,-1.88934831916854,-8.49297792659232
12.725,-6.1940539324903,-1.88934831916854,-8.46751232898107
12.7275,-6.19914839034351,-1.88934831916854,-8.47260544850332
12.73,-6.19914839034351,-1.89444401197433,-8.61011967560406
12.7325,-6.19914839034351,-1.88425262636275,-8.54900224133706
12.735,-6.1940539324903,-1.87915693355696,-8.53881600229256
12.7375,-6.1940539324903,-1.9046353975859,-8.50825728515907
12.74,-6.19914839034351,-1.88934831916854,-8.52862976324807
12.7425,-6.19914839034351,-1.88934831916854,-8.54900224133706
12.745,-6.19914839034351,-1.91482678319748,-8.54900224133706
12.7475,-6.19914839034351,-1.88934831916854,-8.56937471942606
12.75,-6.19914839034351,-1.87915693355696,-8.59484031703731
12.7525,-6.19914839034351,-1.93520955442063,-8.59993343655956
12.755,-6.20424284819672,-1.84858277672223,-8.61521279512631
12.7575,-6.21443176390314,-1.8638698551396,-8.62539903417081
12.76,-6.23990405316919,-1.91482678319748,-8.59993343655956
12.7625,-6.2449985110224,-1.97087940406115,-8.61011967560406
12.765,-6.22462067960956,-1.97087940406115,-8.73235454413805
12.7675,-6.25009296887561,-1.92501816880906,-8.6661439903488
12.77,-6.25518742672882,-1.97087940406115,-8.67123710987105
12.7725,-6.25518742672882,-1.97597509686694,-8.6865164684378
12.775,-6.26537634243525,-1.96578371125536,-8.67123710987105
12.7775,-6.26028188458204,-1.97087940406115,-8.66105087082655
12.78,-6.23990405316919,-1.89953970478012,-8.6763302293933
12.7825,-6.23990405316919,-1.93520955442063,-8.63049215369306
12.785,-6.26537634243525,-1.93011386161485,-8.6865164684378
12.7875,-6.27047080028846,-1.9046353975859,-8.6865164684378
12.79,-6.2908486317013,-1.9046353975859,-8.75272702222705
12.7925,-6.26028188458204,-1.89953970478012,-8.75272702222705
12.795,-6.26537634243525,-1.9046353975859,-8.75272702222705
12.7975,-6.27047080028846,-1.94540094003221,-8.76800638079379
12.8,-6.26537634243525,-1.94030524722642,-8.66105087082655
12.8025,-6.26537634243525,-1.94030524722642,-8.69160958796005
12.805,-6.27047080028846,-1.950496632838,-8.6661439903488
12.8075,-6.26537634243525,-1.96068801844958,-8.73235454413805
12.81,-6.2908486317013,-1.96578371125536,-8.65086463178205
12.8125,-6.2908486317013,-2.06769756737113,-8.6661439903488
12.815,-6.28575417384809,-2.07279326017692,-8.68142334891555
12.8175,-6.28575417384809,-2.04731479614798,-8.51335040468132
12.82,-6.28065971599488,-2.02693202492483,-8.71198206604905
12.8225,-6.30613200526093,-2.0829846457885,-8.64067839273756
12.825,-6.31122646311414,-2.11355880262323,-8.75272702222705
12.8275,-6.30613200526093,-2.07279326017692,-8.7170751855713
12.83,-6.33669875238019,-2.11865449542902,-8.73235454413805
12.8325,-6.36217104164625,-2.11865449542902,-8.57446783894831
12.835,-6.33669875238019,-2.1237501882348,-8.7578201417493
12.8375,-6.33669875238019,-2.13394157384638,-8.79856509792729
12.84,-6.33669875238019,-2.14413295945796,-8.61521279512631
12.8425,-0.0959878821972175,-1.72628614938331,-8.61521279512631
12.845,-6.31632092096735,-1.71099907096594,-8.58974719751506
12.8475,-6.31122646311414,-1.70590337816015,-8.59993343655956
12.85,-6.3417932102334,-1.70080768535437,-8.61011967560406
12.8525,-6.33669875238019,-1.70590337816015,-8.68142334891555
12.855,-6.31122646311414,-1.69571199254858,-8.65086463178205
12.8575,-6.31632092096735,-1.72119045657752,-8.6559577513043
12.86,-6.32141537882056,-1.685520606937,-8.67123710987105
12.8625,-6.32141537882056,-1.685520606937,-8.6865164684378
12.865,-6.33160429452698,-1.685520606937,-8.64577151225981
12.8675,-6.33160429452698,-1.69061629974279,-8.69160958796005
12.87,-6.35707658379304,-1.69571199254858,-8.71198206604905
12.8725,-6.39273778876551,-1.69571199254858,-8.74254078318255
12.875,-6.36726549949946,-1.70080768535437,-8.64067839273756
12.8775,-6.36726549949946,-1.70590337816015,-8.65086463178205
12.88,-6.39783224661872,-1.71609476377173,-8.74254078318255
12.8825,-6.35707658379304,-1.7313818421891,-8.6661439903488
12.885,-6.37745441520588,-1.75176461341225,-8.68142334891555
12.8875,-6.35707658379304,-1.76705169182962,-8.6865164684378
12.89,-6.35707658379304,-1.76705169182962,-8.81384445649404
12.8925,-6.35707658379304,-2.04731479614798,-8.6661439903488
12.895,-6.30613200526093,-1.9046353975859,-8.72216830509355
12.8975,-6.30613200526093,-1.86896554794538,-8.68142334891555
12.9,-6.28065971599488,-2.00145356089588,-8.6865164684378
12.9025,-6.28065971599488,-1.93520955442063,-8.69160958796005
12.905,-6.28575417384809,-1.98616648247852,-8.78837885888279
12.9075,-6.28575417384809,-2.03202771773061,-8.71198206604905
12.91,-6.28065971599488,-2.01674063931325,-8.71198206604905
12.9125,-6.28575417384809,-2.01674063931325,-8.69160958796005
12.915,-6.28575417384809,-2.05750618175956,-8.67123710987105
12.9175,-6.31122646311414,-2.00654925370167,-8.7374476636603
12.92,-6.30613200526093,-2.01164494650746,-8.69160958796005
12.9225,-6.28575417384809,-2.01674063931325,-8.7068889465268
12.925,-6.34688766808662,-2.03202771773061,-8.71198206604905
12.9275,-6.27556525814167,-2.04221910334219,-8.7170751855713
12.93,-6.27556525814167,-2.04731479614798,-8.7578201417493
12.9325,-6.27556525814167,-2.04731479614798,-8.80365821744954
12.935,-6.27556525814167,-2.02693202492483,-8.72216830509355
12.9375,-6.27047080028846,-2.03202771773061,-8.7068889465268
12.94,-6.2908486317013,-2.0371234105364,-8.79347197840504
12.9425,-6.2908486317013,-2.04731479614798,-8.76291326127155
12.945,-6.2908486317013,-2.0829846457885,-8.79347197840504
12.9475,-6.27047080028846,-2.07788895298271,-8.80875133697179
12.95,-6.29594308955451,-2.09827172420586,-8.76800638079379
12.9525,-6.28065971599488,-2.11865449542902,-8.62539903417081
12.955,-6.28065971599488,-2.11865449542902,-8.67123710987105
12.9575,-6.28065971599488,-2.17470711629269,-8.67123710987105
12.96,-6.28065971599488,-2.20528127312742,-8.6763302293933
12.9625,-6.28065971599488,-2.17470711629269,-8.7068889465268
12.965,-6.31632092096735,-2.18489850190427,-8.7170751855713
12.9675,-6.31632092096735,-2.22056835154479,-8.67123710987105
12.97,-6.31632092096735,-2.215472658739,-8.7170751855713
12.9725,-6.29594308955451,-2.25114250837952,-8.72216830509355
12.975,-6.29594308955451,-2.2562382011853,-8.85458941267204
12.9775,-6.29594308955451,-2.29700374363161,-8.73235454413805
12.98,-6.30613200526093,-2.27152527960267,-8.71198206604905
12.9825,-6.31122646311414,-2.31229082204898,-8.71198206604905
12.985,-6.31632092096735,-2.33267359327213,-8.7272614246158
12.9875,-6.32141537882056,-2.35305636449528,-8.73235454413805
12.99,-6.32141537882056,-2.34286497888371,-8.7374476636603
12.9925,-6.31632092096735,-2.35815205730107,-8.7374476636603
12.995,-6.31632092096735,-2.39382190694159,-8.77819261983829
12.9975,-6.32141537882056,-2.37853482852423,-8.78837885888279
13,-6.32650983667377,-2.42949175658211,-8.79347197840504
13.0025,-6.32141537882056,-2.42439606377632,-8.83421693458304
13.005,-6.35198212593983,-2.48044868463999,-8.78837885888279
13.0075,-6.35707658379304,-2.43968314219369,-8.74254078318255
13.01,-6.3417932102334,-2.49573576305736,-8.81384445649404
13.0125,-6.36726549949946,-2.44987452780526,-8.84949629314979
13.015,-6.40292670447193,-2.44477883499948,-8.79347197840504
13.0175,-6.41311562017835,-2.50083145586315,-8.60502655608181
13.02,-6.41311562017835,-2.44477883499948,-8.64067839273756
13.0225,-6.42330453588477,-2.44477883499948,-8.6661439903488
13.025,-6.42330453588477,-2.42949175658211,-8.67123710987105
13.0275,-6.42839899373798,-2.4345874493879,-8.6559577513043
13.03,-6.45387128300404,-2.43968314219369,-8.63049215369306
13.0325,-6.42839899373798,-2.44987452780526,-8.64067839273756
13.035,-6.4334934515912,-2.42439606377632,-8.6865164684378
13.0375,-6.43858790944441,-2.42439606377632,-8.69160958796005
13.04,-6.41311562017835,-2.4345874493879,-8.67123710987105
13.0425,-6.40802116232514,-2.46516160622263,-8.69160958796005
13.045,-6.40802116232514,-2.47535299183421,-8.6967027074823
13.0475,-6.39783224661872,-2.48554437744578,-8.7272614246158
13.05,-6.3876433309123,-2.44477883499948,-8.72216830509355
13.0525,-6.3876433309123,-2.46006591341684,-8.73235454413805
13.055,-6.37745441520588,-2.44987452780526,-8.76800638079379
13.0575,-6.37235995735267,-2.46006591341684,-8.6661439903488
13.06,-6.37235995735267,-2.42949175658211,-8.63558527321531
13.0625,-6.3417932102334,-2.44477883499948,-8.64067839273756
13.065,-6.33669875238019,-2.49064007025157,-8.6559577513043
13.0675,-6.35707658379304,-2.44477883499948,-8.66105087082655
13.07,-6.33669875238019,-2.42439606377632,-8.6661439903488
13.0725,-6.33160429452698,-2.40910898535896,-8.68142334891555
13.075,-6.32141537882056,-2.42439606377632,-8.6865164684378
13.0775,-6.32141537882056,-2.37853482852423,-8.6865164684378
13.08,-6.32141537882056,-2.35815205730107,-8.73235454413805
13.0825,-6.3417932102334,-2.33776928607792,-8.6967027074823
13.085,-6.33669875238019,-2.32757790046634,-8.7272614246158
13.0875,-6.33669875238019,-2.31738651485477,-8.74254078318255
13.09,-6.33669875238019,-2.28681235802003,-8.6763302293933
13.0925,-6.39783224661872,-2.27152527960267,-8.67123710987105
13.095,-6.35198212593983,-2.26133389399109,-8.7578201417493
13.0975,-6.30613200526093,-2.24095112276794,-8.74254078318255
13.1,-6.30613200526093,-2.22566404435057,-8.7170751855713
13.1025,-6.32650983667377,-2.215472658739,-8.66105087082655
13.105,-6.32650983667377,-2.21037696593321,-8.67123710987105
13.1075,-6.33160429452698,-2.19508988751584,-8.6661439903488
13.11,-6.33160429452698,-2.32757790046634,-8.6763302293933
13.1125,-6.32650983667377,-2.17980280909848,-8.69160958796005
13.115,-6.32650983667377,-2.18999419471005,-8.70179582700455
13.1175,-0.101082340050429,-2.15432434506954,-8.6763302293933
13.12,-6.41821007803156,-2.11865449542902,-8.7170751855713
13.1225,-6.42839899373798,-2.22056835154479,-8.86477565171654
13.125,-6.43858790944441,-2.08808033859429,-8.69160958796005
13.1275,-6.46406019871046,-2.07788895298271,-8.73235454413805
13.13,-6.47424911441688,-2.06260187456535,-8.7476339027048
13.1325,-6.45387128300404,-2.04731479614798,-8.7170751855713
13.135,-6.45387128300404,-2.03202771773061,-8.7170751855713
13.1375,-6.45896574085725,-2.01674063931325,-8.75272702222705
13.14,-6.46915465656367,-1.97597509686694,-8.75272702222705
13.1425,-6.41821007803156,-1.96578371125536,-8.7068889465268
13.145,-6.41821007803156,-1.94540094003221,-8.7272614246158
13.1475,-6.41821007803156,-1.93011386161485,-8.72216830509355
13.15,-6.41821007803156,-1.94540094003221,-8.7578201417493
13.1525,-0.101082340050429,-1.94540094003221,-8.78328573936054
13.155,-6.36726549949946,-1.90973109039169,-8.76291326127155
13.1575,-6.39273778876551,-1.8638698551396,-8.7374476636603
13.16,-6.44368236729762,-2.00654925370167,-8.7578201417493
13.1625,-6.39783224661872,-1.88934831916854,-8.7476339027048
13.165,-6.40802116232514,-1.83329569830487,-8.63049215369306
13.1675,-6.41311562017835,-1.85877416233381,-8.64577151225981
13.17,-6.41821007803156,-1.82820000549908,-8.62030591464856
13.1725,-6.44368236729762,-1.80781723427592,-8.58465407799281
13.175,-6.46915465656367,-1.78233877024698,-8.62030591464856
13.1775,-6.35707658379304,-1.78233877024698,-8.66105087082655
13.18,-6.40292670447193,-1.75176461341225,-8.63558527321531
13.1825,-6.38254887305909,-1.69061629974279,-8.64067839273756
13.185,-6.3876433309123,-1.64985075729648,-8.6763302293933
13.1875,-6.39273778876551,-1.66513783571385,-8.73235454413805
13.19,-6.37235995735267,-1.62437229326754,-8.66105087082655
13.1925,-6.38254887305909,-1.66513783571385,-8.7272614246158
13.195,-6.41821007803156,-1.64985075729648,-8.73235454413805
13.1975,-6.40292670447193,-1.59379813643281,-8.7374476636603
13.2,-6.40292670447193,-1.64985075729648,-8.61521279512631
13.2025,-6.41311562017835,-1.60398952204439,-8.7476339027048
13.205,-6.42330453588477,-1.61927660046175,-8.61521279512631
13.2075,-6.42330453588477,-1.63456367887912,-8.62030591464856
13.21,-6.42839899373798,-1.6447550644907,-8.64577151225981
13.2125,-6.45387128300404,-1.65494645010227,-8.6763302293933
13.215,-6.45387128300404,-1.77724307744119,-8.7068889465268
13.2175,-6.47424911441688,-1.68042491413121,-8.71198206604905
13.22,-6.45387128300404,-1.7313818421891,-8.66105087082655
13.2225,-6.45387128300404,-1.71609476377173,-8.73235454413805
13.225,-6.45387128300404,-1.7721473846354,-8.7170751855713
13.2275,-6.46406019871046,-1.74666892060646,-8.62539903417081
13.23,-6.45896574085725,-1.78743446305277,-8.7374476636603
13.2325,-6.46915465656367,-1.79762584866435,-8.76291326127155
13.235,-6.46915465656367,-1.85367846952802,-8.79347197840504
13.2375,-6.45387128300404,-1.80272154147014,-8.65086463178205
13.24,-6.44877682515083,-1.83839139111065,-8.75272702222705
13.2425,-6.44877682515083,-1.87406124075117,-8.56937471942606
13.245,-6.44368236729762,-1.8638698551396,-8.54390912181481
13.2475,-6.44368236729762,-1.97597509686694,-8.59484031703731
13.25,-6.45896574085725,-1.93011386161485,-8.59993343655956
13.2525,-6.42839899373798,-1.90973109039169,-8.61011967560406
13.255,-6.44368236729762,-1.89444401197433,-8.62539903417081
13.2575,-6.42839899373798,-1.88934831916854,-8.58974719751506
13.26,-6.42839899373798,-1.86896554794538,-8.7272614246158
13.2625,-6.41821007803156,-1.90973109039169,-8.63558527321531
13.265,-6.41821007803156,-1.90973109039169,-8.62030591464856
13.2675,-6.41311562017835,-1.90973109039169,-8.62030591464856
13.27,-6.40292670447193,-0.0956644515310163,-8.63049215369306
13.2725,-6.42839899373798,-0.0905687587252277,-8.62539903417081
13.275,-6.40292670447193,-0.0956644515310163,-0.10970319296954
13.2775,-6.40292670447193,-0.0956644515310163,-8.58974719751506
13.28,-6.36217104164625,-0.0956644515310163,-8.71198206604905
13.2825,-6.3876433309123,-0.0956644515310163,-8.62030591464856
13.285,-6.37745441520588,-0.0956644515310163,-8.67123710987105
13.2875,-6.37235995735267,-0.0956644515310163,-8.66105087082655
13.29,-6.3417932102334,-1.89444401197433,-8.58974719751506
13.2925,-6.3417932102334,-1.91482678319748,-8.54390912181481
13.295,-6.33160429452698,-1.93520955442063,-8.58974719751506
13.2975,-6.32141537882056,-1.97087940406115,-8.6967027074823
13.3,-6.2908486317013,-1.95559232564379,-8.54900224133706
13.3025,-6.31122646311414,-1.97597509686694,-8.56937471942606
13.305,-6.29594308955451,-2.01674063931325,-8.57446783894831
13.3075,-6.2449985110224,-1.9963578680901,-8.56937471942606
13.31,-6.25518742672882,-2.05241048895377,-8.57956095847056
13.3125,-6.25009296887561,-2.09317603140008,-8.57446783894831
13.315,-6.25009296887561,-2.09317603140008,-8.57446783894831
13.3175,-6.15329826966461,-2.09317603140008,-8.62030591464856
13.32,-6.15329826966461,-0.0956644515310163,-8.57956095847056
13.3225,-6.15329826966461,-2.23075973715636,-8.58465407799281
13.325,-0.101082340050429,-2.23075973715636,-8.59484031703731
13.3275,-6.0972592332793,-2.29190805082582,-8.61011967560406
13.33,-6.09216477542609,-2.32248220766055,-8.58465407799281
13.3325,-6.07688140186645,-2.34286497888371,-8.58465407799281
13.335,-6.06669248616003,-2.35815205730107,-8.62539903417081
13.3375,-6.06159802830682,-2.2562382011853,-8.59993343655956
13.34,-6.02593682333435,-2.33776928607792,-8.68142334891555
13.3425,-6.03612573904077,-2.4345874493879,-8.7272614246158
13.345,-6.0004645340683,-2.43968314219369,-8.44204673136982
13.3475,-6.02084236548114,-2.36324775010686,-8.43695361184757
13.35,-6.01065344977472,-2.49064007025157,-8.44713985089207
13.3525,-6.00555899192151,-2.3887262141358,-8.44713985089207
13.355,-5.98518116050866,-2.54669269111524,-8.7374476636603
13.3575,-5.98518116050866,-2.5670754623384,-8.74254078318255
13.36,-5.98008670265545,-2.59764961917313,-8.46241920945882
13.3625,-5.98008670265545,-2.58745823356155,-8.48788480707007
13.365,-5.97499224480224,-2.62312808320207,-8.50316416563682
13.3675,-5.99537007621508,-2.70465916809469,-8.51335040468132
13.37,-5.99537007621508,-2.61293669759049,-8.53372288277031
13.3725,-5.99027561836187,-2.68427639687153,-8.51335040468132
13.375,-5.99027561836187,-2.73013763212363,-8.52353664372582
13.3775,-5.99537007621508,-2.69446778248311,-8.48788480707007
13.38,-5.99537007621508,-2.73523332492941,-8.51844352420357
13.3825,-5.97499224480224,-2.64860654723101,-8.50825728515907
13.385,-6.00555899192151,-2.71994624651205,-8.53372288277031
13.3875,-6.01065344977472,-2.76071178895836,-8.51844352420357
13.39,-6.01065344977472,-2.74542471054099,-8.52862976324807
13.3925,-6.01065344977472,-2.76071178895836,-8.58465407799281
13.395,-6.01574790762793,-2.79638163859888,-8.58465407799281
13.3975,-0.11636571361006,-2.49573576305736,-8.54390912181481
13.4,-0.0959878821972175,-2.46006591341684,-8.54390912181481
13.4025,-0.0959878821972175,-2.79638163859888,-8.54390912181481
13.405,-0.0959878821972175,-2.47025729902842,-8.55409536085931
13.4075,-0.0908934243440065,-2.77599886737572,-8.61521279512631
13.41,-0.0908934243440065,-2.76580748176415,-8.56937471942606
13.4125,-0.0857989664907954,-2.77090317456993,-8.60502655608181
13.415,-0.0908934243440065,-2.48044868463999,-8.54900224133706
13.4175,-0.0908934243440065,-2.49064007025157,-8.42676737280307
13.42,-0.0908934243440065,-2.50083145586315,-8.56428159990381
13.4225,-6.27047080028846,-2.50592714866894,-8.62539903417081
13.425,-6.25009296887561,-2.50592714866894,-8.57446783894831
13.4275,-6.29594308955451,-2.50083145586315,-8.61011967560406
13.43,-6.27047080028846,-2.57726684794997,-8.45223297041432
13.4325,-6.28065971599488,-2.55688407672682,-8.47260544850332
13.435,-6.28575417384809,-2.54159699830946,-8.52862976324807
13.4375,-6.2908486317013,-2.54669269111524,-8.53372288277031
13.44,-6.2908486317013,-2.54159699830946,-8.45223297041432
13.4425,-6.30103754740772,-2.54669269111524,-8.45223297041432
13.445,-6.30103754740772,-2.5212142270863,-8.46751232898107
13.4475,-6.33669875238019,-2.55688407672682,-8.46751232898107
13.45,-6.33669875238019,-2.54669269111524,-8.45223297041432
13.4525,-6.32141537882056,-2.52630991989209,-8.45223297041432
13.455,-6.32650983667377,-2.54159699830946,-8.45223297041432
13.4575,-6.33160429452698,-2.44987452780526,-8.47260544850332
13.46,-6.33669875238019,-2.5212142270863,-8.48788480707007
13.4625,-6.34688766808662,-2.63841516161944,-8.57956095847056
13.465,-6.34688766808662,-2.74542471054099,-8.43186049232532
13.4675,-6.34688766808662,-2.58236254075576,-8.47260544850332
13.47,-6.35198212593983,-2.51102284147473,-8.48788480707007
13.4725,-6.35707658379304,-2.57217115514419,-8.40639489471408
13.475,-6.36726549949946,-2.5212142270863,-8.49297792659232
13.4775,-6.36726549949946,-2.49064007025157,-8.41148801423633
13.48,-6.37235995735267,-2.44987452780526,-8.51335040468132
13.4825,-6.37235995735267,-2.42439606377632,-8.51335040468132
13.485,-6.37235995735267,-2.44477883499948,-8.52353664372582
13.4875,-6.37235995735267,-2.39382190694159,-8.40639489471408
13.49,-6.40292670447193,-2.37853482852423,-8.40130177519183
13.4925,-6.39783224661872,-2.38363052133001,-8.55409536085931
13.495,-6.39273778876551,-2.34286497888371,-8.36055681901383
13.4975,-6.3876433309123,-2.32248220766055,-8.38092929710283
13.5,-6.35707658379304,-2.41930037097053,-8.40639489471408
13.5025,-6.35707658379304,-2.4345874493879,-8.38602241662508
13.505,-6.35707658379304,-2.27152527960267,-8.37074305805833
13.5075,-6.35198212593983,-2.3020994364374,-8.46241920945882
13.51,-6.35198212593983,-2.20018558032163,-8.39620865566958
13.5125,-6.34688766808662,-2.16451573068111,-8.39620865566958
13.515,-6.3417932102334,-2.17470711629269,-8.40639489471408
13.5175,-6.33669875238019,-2.15432434506954,-8.39111553614733
13.52,-6.33160429452698,-2.33267359327213,-8.44204673136982
13.5225,-6.33160429452698,-2.30719512924319,-8.43186049232532
13.525,-6.36726549949946,-2.28681235802003,-8.43186049232532
13.5275,-6.33669875238019,-2.28681235802003,-8.43695361184757
13.53,-6.33669875238019,-2.28681235802003,-8.43695361184757
13.5325,-6.32650983667377,-2.3020994364374,-8.44713985089207
13.535,-6.32650983667377,-2.27152527960267,-8.41148801423633
13.5375,-6.32650983667377,-2.28171666521425,-8.45223297041432
13.54,-6.32141537882056,-2.26642958679688,-8.45732608993657
13.5425,-6.32650983667377,-2.27662097240846,-8.35037057996933
13.545,-6.32141537882056,-2.27152527960267,-8.35037057996933
13.5475,-6.32141537882056,-2.3020994364374,-8.35546369949158
13.55,-6.3417932102334,-2.25114250837952,-8.35037057996933
13.5525,-6.33669875238019,-2.2562382011853,-8.32999810188033
13.555,-6.30613200526093,-2.24095112276794,-8.32999810188033
13.5575,-6.30613200526093,-2.23585542996215,-8.32999810188033
13.56,-6.30103754740772,-2.20528127312742,-8.37583617758058
13.5625,-6.2908486317013,-2.23585542996215,-8.27397378713559
13.565,-6.28065971599488,-2.23585542996215,-8.30453250426909
13.5675,-6.27556525814167,-2.26642958679688,-8.29434626522459
13.57,-6.27047080028846,-2.21037696593321,-8.41658113375857
13.5725,-6.22971513746277,-2.20528127312742,-8.26888066761334
13.575,-6.22462067960956,-2.215472658739,-8.28925314570234
13.5775,-6.23990405316919,-2.21037696593321,-8.28925314570234
13.58,-6.23480959531598,-2.21037696593321,-8.32490498235808
13.5825,-6.22971513746277,-2.17470711629269,-8.27906690665784
13.585,-6.21952622175635,-2.17470711629269,-8.34527746044708
13.5875,-6.21443176390314,-2.17470711629269,-8.35037057996933
13.59,-6.20933730604993,-2.24095112276794,-8.30962562379133
13.5925,-6.20933730604993,-2.16451573068111,-8.27906690665784
13.595,-6.19914839034351,-2.1696114234869,-8.28925314570234
13.5975,-6.1940539324903,-2.16451573068111,-8.37074305805833
13.6,-6.1940539324903,-0.0956644515310163,-8.29434626522459
13.6025,-6.18895947463709,-2.1696114234869,-8.28925314570234
13.605,-6.18386501678388,-2.20528127312742,-8.28925314570234
13.6075,-6.18895947463709,-2.14922865226375,-8.28416002618009
13.61,-6.18895947463709,-2.32757790046634,-8.30962562379133
13.6125,-6.18895947463709,-2.34286497888371,-8.31981186283583
13.615,-6.1940539324903,-2.09827172420586,-8.27906690665784
13.6175,-6.18895947463709,-2.09317603140008,-8.28416002618009
13.62,-6.19914839034351,-2.10336741701165,-8.28925314570234
13.6225,-6.20424284819672,-2.09827172420586,-8.31471874331358
13.625,-6.20933730604993,-2.0371234105364,-8.29434626522459
13.6275,-6.21443176390314,-2.0829846457885,-8.36055681901383
13.63,-6.21952622175635,-2.09317603140008,-8.35037057996933
13.6325,-6.22462067960956,-1.98616648247852,-8.30453250426909
13.635,-6.22462067960956,-2.00654925370167,-8.33509122140258
13.6375,-6.22971513746277,-2.08808033859429,-8.30962562379133
13.64,-6.22971513746277,-2.08808033859429,-8.37074305805833
13.6425,-6.23480959531598,-2.07279326017692,-8.33509122140258
13.645,-6.23480959531598,-1.98616648247852,-8.34527746044708
13.6475,-6.2449985110224,-1.98107078967273,-8.18229763573509
13.65,-6.2449985110224,-1.98107078967273,-8.19248387477959
13.6525,-6.25518742672882,-1.98107078967273,-8.19248387477959
13.655,-6.26537634243525,-1.97087940406115,-8.29434626522459
13.6575,-6.26537634243525,-1.96578371125536,-8.19757699430184
13.66,-6.27047080028846,-1.97087940406115,-8.19757699430184
13.6625,-6.27556525814167,-2.01674063931325,-8.31471874331358
13.665,-6.28065971599488,-1.97087940406115,-8.23322883095759
13.6675,-6.28575417384809,-2.01674063931325,-8.24850818952434
13.67,-6.28575417384809,-1.96578371125536,-8.23832195047984
13.6725,-6.2908486317013,-1.96068801844958,-8.23322883095759
13.675,-6.2908486317013,-1.97597509686694,-8.27397378713559
13.6775,-6.29594308955451,-1.97087940406115,-8.26378754809109
13.68,-6.29594308955451,-1.93011386161485,-8.24341507000209
13.6825,-6.30103754740772,-1.950496632838,-8.29434626522459
13.685,-6.30613200526093,-1.94540094003221,-8.32999810188033
13.6875,-6.31632092096735,-1.91992247600327,-8.24850818952434
13.69,-6.31632092096735,-1.94030524722642,-8.28925314570234
13.6925,-6.29594308955451,-1.91482678319748,-8.32490498235808
13.695,-6.32650983667377,-1.82310431269329,-8.31981186283583
13.6975,-6.33160429452698,-1.88934831916854,-8.35037057996933
13.7,-6.33160429452698,-1.83329569830487,-8.29943938474683
13.7025,-6.3417932102334,-1.82820000549908,-8.26378754809109
13.705,-6.34688766808662,-1.83839139111065,-8.39620865566958
13.7075,-6.35198212593983,-1.7721473846354,-8.24850818952434
13.71,-6.35198212593983,-1.75686030621804,-8.24850818952434
13.7125,-6.37235995735267,-1.7721473846354,-8.24341507000209
13.715,-6.39273778876551,-1.7721473846354,-8.35037057996933
13.7175,-6.35198212593983,-1.7721473846354,-8.26378754809109
13.72,-6.33160429452698,-1.76195599902383,-8.36564993853608
13.7225,-6.33669875238019,-1.75176461341225,-8.43186049232532
13.725,-6.33669875238019,-1.74666892060646,-8.35037057996933
13.7275,-6.3417932102334,-1.77724307744119,-8.25869442856884
13.73,-6.3417932102334,-1.77724307744119,-8.46241920945882
13.7325,-6.34688766808662,-1.75176461341225,-8.44713985089207
13.735,-6.34688766808662,-1.7721473846354,-8.43695361184757
13.7375,-6.35198212593983,-1.7721473846354,-8.25869442856884
13.74,-6.35198212593983,-1.79762584866435,-8.36055681901383
13.7425,-6.35707658379304,-1.76195599902383,-8.39620865566958
13.745,-6.35707658379304,-1.76195599902383,-8.25360130904659
13.7475,-6.36217104164625,-1.81291292708171,-8.28925314570234
13.75,-6.35707658379304,-1.80781723427592,-8.27906690665784
13.7525,-6.33669875238019,-1.78233877024698,-8.50316416563682
13.755,-6.35707658379304,-1.75686030621804,-8.26888066761334
13.7575,-6.35707658379304,-1.74666892060646,-8.26378754809109
13.76,-6.37235995735267,-1.75176461341225,-8.25869442856884
13.7625,-6.35198212593983,-1.76705169182962,-8.24850818952434
13.765,-6.35707658379304,-1.78743446305277,-8.25360130904659
13.7675,-6.35707658379304,-1.7721473846354,-8.27906690665784
13.77,-6.35707658379304,-1.76195599902383,-8.28416002618009
13.7725,-6.35707658379304,-1.76195599902383,-8.29434626522459
13.775,-6.38254887305909,-1.76195599902383,-8.28925314570234
13.7775,-6.38254887305909,-1.76705169182962,-8.29943938474683
13.78,-6.37235995735267,-1.76705169182962,-8.30962562379133
13.7825,-6.25518742672882,-1.7721473846354,-8.29943938474683
13.785,-6.26028188458204,-1.86896554794538,-8.30453250426909
13.7875,-6.25518742672882,-1.79762584866435,-8.30962562379133
13.79,-0.0959878821972175,-1.79762584866435,-8.27906690665784
13.7925,-0.0908934243440065,-1.80781723427592,-8.28416002618009
13.795,-0.0959878821972175,-1.80781723427592,-8.31981186283583
13.7975,-0.0908934243440065,-1.81291292708171,-8.45732608993657
13.8,-0.0908934243440065,-1.82310431269329,-8.32999810188033
13.8025,-0.0908934243440065,-1.82820000549908,-8.31981186283583
13.805,-0.0908934243440065,-1.84858277672223,-8.34527746044708
13.8075,-0.0959878821972175,-1.9046353975859,-8.32490498235808
13.81,-0.0959878821972175,-1.91482678319748,-8.39111553614733
13.8125,-0.0959878821972175,-1.91482678319748,-8.39111553614733
13.815,-0.0908934243440065,-1.93011386161485,-8.47260544850332
13.8175,-0.0908934243440065,-2.08808033859429,-8.31471874331358
13.82,-0.0908934243440065,-1.98107078967273,-8.35037057996933
13.8225,-0.0908934243440065,-1.99126217528431,-8.31471874331358
13.825,-0.0908934243440065,-2.01164494650746,-8.35037057996933
13.8275,-0.0908934243440065,-2.0371234105364,-8.43695361184757
13.83,-0.0959878821972175,-2.01674063931325,-8.34527746044708
13.8325,-0.0908934243440065,-1.99126217528431,-8.32490498235808
13.835,-0.0908934243440065,-2.02693202492483,-8.29943938474683
13.8375,-0.0908934243440065,-2.03202771773061,-8.31471874331358
13.84,-0.0908934243440065,-2.1696114234869,-8.35546369949158
13.8425,-0.0908934243440065,-1.93011386161485,-8.36055681901383
13.845,-0.0908934243440065,-2.02693202492483,-8.28925314570234
13.8475,-0.0959878821972175,-1.94030524722642,-8.31471874331358
13.85,-0.0908934243440065,-1.950496632838,-8.31981186283583
13.8525,-0.0908934243440065,-1.93011386161485,-8.32999810188033
13.855,-0.0908934243440065,-1.94540094003221,-8.35546369949158
13.8575,-0.0908934243440065,-1.950496632838,-8.34018434092483
13.86,-0.0959878821972175,-1.96068801844958,-8.30453250426909
13.8625,-0.0959878821972175,-1.950496632838,-8.29943938474683
13.865,-0.0959878821972175,-1.99126217528431,-8.37583617758058
13.8675,-6.06669248616003,-2.05750618175956,-8.38092929710283
13.87,-6.07178694401324,-2.00654925370167,-8.30453250426909
13.8725,-6.07688140186645,-2.01674063931325,-8.28925314570234
13.875,-6.08707031757288,-2.03202771773061,-8.29434626522459
13.8775,-6.07178694401324,-2.01674063931325,-8.30962562379133
13.88,-6.08197585971966,-2.04731479614798,-8.32490498235808
13.8825,-6.09216477542609,-2.09317603140008,-8.32490498235808
13.885,-6.12273152254535,-2.10336741701165,-8.31471874331358
13.8875,-6.12782598039856,-2.11865449542902,-8.29943938474683
13.89,-6.12782598039856,-2.11355880262323,-8.34018434092483
13.8925,-6.1482038118114,-2.12884588104059,-8.36055681901383
13.895,-6.13801489610498,-2.14413295945796,-8.34527746044708
13.8975,-6.14310935395819,-2.16451573068111,-8.38602241662508
13.9,-6.15329826966461,-2.17470711629269,-8.38602241662508
13.9025,-6.15839272751782,-2.20018558032163,-8.37074305805833
13.905,-6.16858164322425,-2.22056835154479,-8.36564993853608
13.9075,-6.17877055893067,-2.26133389399109,-8.37074305805833
13.91,-6.18895947463709,-2.28171666521425,-8.38092929710283
13.9125,-6.21952622175635,-2.3020994364374,-8.42167425328083
13.915,-6.21952622175635,-2.29700374363161,-8.36055681901383
13.9175,-6.20933730604993,-2.29700374363161,-8.39620865566958
13.92,-6.22462067960956,-0.0956644515310163,-8.39111553614733
13.9225,-6.22971513746277,-0.0905687587252277,-8.31471874331358
13.925,-6.23990405316919,-0.0956644515310163,-8.28416002618009
13.9275,-6.25009296887561,-0.0956644515310163,-8.52862976324807
13.93,-6.25518742672882,-0.0956644515310163,-8.52862976324807
13.9325,-6.27047080028846,-0.0956644515310163,-8.34527746044708
13.935,-6.28065971599488,-0.0956644515310163,-8.29943938474683
13.9375,-6.28575417384809,-0.0956644515310163,-8.48788480707007
13.94,-6.29594308955451,-0.0956644515310163,-8.30453250426909
13.9425,-6.31122646311414,-0.0956644515310163,-8.30962562379133
13.945,-6.31632092096735,-0.0956644515310163,-8.30962562379133
13.9475,-6.32650983667377,-0.0956644515310163,-8.37074305805833
13.95,-6.33669875238019,-0.0905687587252277,-8.35037057996933
13.9525,-6.34688766808662,-0.0956644515310163,-8.37583617758058
13.955,-6.35707658379304,-2.88300841629728,-8.38602241662508
13.9575,-6.39273778876551,-2.89829549471464,-8.39620865566958
13.96,-6.39783224661872,-2.89319980190886,-8.27906690665784
13.9625,-6.40802116232514,-2.77599886737572,-8.39620865566958
13.965,-6.39273778876551,-2.76071178895836,-8.40639489471408
13.9675,-6.40292670447193,-2.79128594579309,-8.24341507000209
13.97,-6.40802116232514,-2.79128594579309,-8.48788480707007
13.9725,-6.41311562017835,-2.55178838392103,-8.25869442856884
13.975,-6.42839899373798,-2.52630991989209,-8.40639489471408
13.9775,-6.40292670447193,-2.49573576305736,-8.22304259191309
13.98,-6.39783224661872,-2.43968314219369,-8.21794947239084
13.9825,-6.40292670447193,-2.4345874493879,-8.22304259191309
13.985,-6.40292670447193,-2.43968314219369,-8.22304259191309
13.9875,-6.42330453588477,-2.44477883499948,-8.22304259191309
13.99,-6.42839899373798,-2.39891759974738,-8.22813571143534
13.9925,-6.42839899373798,-2.35305636449528,-8.23832195047984
13.995,-0.0959878821972175,-2.3479606716895,-8.22813571143534
13.9975,-0.0959878821972175,-2.32757790046634,-8.22813571143534
14,-0.0959878821972175,-2.32757790046634,-8.23832195047984
14.0025,-0.0959878821972175,-2.39382190694159,-8.23322883095759
14.005,-0.0959878821972175,-2.26133389399109,-8.23832195047984
14.0075,-6.36726549949946,-2.22566404435057,-8.24850818952434
14.01,-6.41821007803156,-2.215472658739,-8.26888066761334
14.0125,-6.42330453588477,-2.35815205730107,-8.30453250426909
14.015,-6.41821007803156,-2.20528127312742,-8.39111553614733
14.0175,-0.0959878821972175,-2.28171666521425,-8.39111553614733
14.02,-0.0959878821972175,-2.23075973715636,-8.36564993853608
14.0225,-0.0959878821972175,-2.18489850190427,-8.27397378713559
14.025,-0.0959878821972175,-2.18999419471005,-8.30453250426909
14.0275,-0.0908934243440065,-2.19508988751584,-8.30962562379133
14.03,-0.0959878821972175,-2.20018558032163,-8.31471874331358
14.0325,-6.33669875238019,-2.19508988751584,-8.29434626522459
14.035,-6.31632092096735,-2.24095112276794,-8.29434626522459
14.0375,-6.31122646311414,-2.19508988751584,-8.30962562379133
14.04,-6.31632092096735,-2.15942003787532,-8.39620865566958
14.0425,-6.31632092096735,-2.15432434506954,-8.40130177519183
14.045,-6.3417932102334,-2.17470711629269,-8.33509122140258
14.0475,-6.31632092096735,-2.18489850190427,-8.34527746044708
14.05,-6.3417932102334,-2.15432434506954,-8.47769856802557
14.0525,-6.34688766808662,-2.15432434506954,-8.32999810188033
14.055,-6.34688766808662,-2.14413295945796,-8.32490498235808
14.0575,-6.36726549949946,-2.16451573068111,-8.38092929710283
14.06,-6.34688766808662,-2.14922865226375,-8.35546369949158
14.0625,-6.31632092096735,-2.15432434506954,-8.37583617758058
14.065,-6.31632092096735,-2.22056835154479,-8.38092929710283
14.0675,-6.31632092096735,-2.28681235802003,-8.38092929710283
14.07,-6.31122646311414,-2.24095112276794,-8.36055681901383
14.0725,-6.30613200526093,-2.23075973715636,-8.39620865566958
14.075,-6.33160429452698,-2.22056835154479,-8.42676737280307
14.0775,-6.33160429452698,-2.20528127312742,-8.43695361184757
14.08,-6.35198212593983,-2.20018558032163,-8.47260544850332
14.0825,-6.34688766808662,-2.22566404435057,-8.45223297041432
14.085,-6.35707658379304,-2.20018558032163,-8.38092929710283
14.0875,-6.31122646311414,-2.23075973715636,-8.35546369949158
14.09,-6.31122646311414,-2.19508988751584,-8.32490498235808
14.0925,-6.27556525814167,-2.215472658739,-8.36055681901383
14.095,-6.2908486317013,-2.24095112276794,-8.37074305805833
14.0975,-6.28065971599488,-2.215472658739,-8.37074305805833
14.1,-6.27556525814167,-2.18489850190427,-8.40639489471408
14.1025,-6.27556525814167,-2.24095112276794,-8.46751232898107
14.105,-6.27556525814167,-2.23075973715636,-8.38092929710283
14.1075,-0.0959878821972175,-2.22056835154479,-8.41658113375857
14.11,-0.0959878821972175,-2.29700374363161,-8.43186049232532
14.1125,-0.0908934243440065,-2.215472658739,-8.41658113375857
14.115,-0.0959878821972175,-2.14413295945796,-8.44713985089207
14.1175,-0.0959878821972175,-2.26133389399109,-8.39620865566958
14.12,-6.16858164322425,-2.17470711629269,-8.39111553614733
14.1225,-6.16858164322425,-2.17470711629269,-8.39111553614733
14.125,-6.15839272751782,-2.17980280909848,-8.41148801423633
14.1275,-6.16858164322425,-2.15942003787532,-8.45223297041432
14.13,-6.15839272751782,-2.17980280909848,-8.40639489471408
14.1325,-6.15839272751782,-2.14413295945796,-8.41658113375857
14.135,-6.15329826966461,-2.20018558032163,-8.41658113375857
14.1375,-6.15839272751782,-2.14922865226375,-0.10970319296954
14.14,-6.15839272751782,-2.14922865226375,-8.55409536085931
14.1425,-6.15329826966461,-2.23585542996215,-8.56937471942606
14.145,-6.15839272751782,-2.09317603140008,-8.36564993853608
14.1475,-6.15839272751782,-2.09827172420586,-8.47260544850332
14.15,-6.15839272751782,-2.23585542996215,-8.51844352420357
14.1525,-6.15839272751782,-2.12884588104059,-8.55409536085931
14.155,-6.15839272751782,-2.11355880262323,-8.39111553614733
14.1575,-6.15839272751782,-2.14922865226375,-8.38092929710283
14.16,-6.18386501678388,-2.15942003787532,-8.54390912181481
14.1625,-6.18386501678388,-2.20528127312742,-8.56428159990381
14.165,-6.18386501678388,-2.17470711629269,-8.58465407799281
14.1675,-6.18895947463709,-2.20528127312742,-8.43695361184757
14.17,-6.18895947463709,-2.19508988751584,-8.53881600229256
14.1725,-6.1940539324903,-2.23075973715636,-8.54900224133706
14.175,-6.16348718537103,-2.2562382011853,-8.54390912181481
14.1775,-6.16348718537103,-2.25114250837952,-8.53881600229256
14.18,-6.16858164322425,-2.27662097240846,-8.54390912181481
14.1825,-6.16858164322425,-2.27662097240846,-0.10970319296954
14.185,-6.17877055893067,-2.28171666521425,-8.67123710987105
14.1875,-6.17877055893067,-2.27152527960267,-8.41658113375857
14.19,-6.17877055893067,-2.24095112276794,-8.43695361184757
14.1925,-6.17877055893067,-2.26642958679688,-8.46751232898107
14.195,-6.17877055893067,-2.30719512924319,-8.46751232898107
14.1975,-6.17877055893067,-2.30719512924319,-8.46751232898107
14.2,-6.17877055893067,-2.29700374363161,-8.46751232898107
14.2025,-6.17877055893067,-2.215472658739,-8.51335040468132
14.205,-6.18386501678388,-2.22056835154479,-8.52862976324807
14.2075,-6.18386501678388,-2.26133389399109,-8.42676737280307
14.21,-6.18895947463709,-2.21037696593321,-8.51335040468132
14.2125,-6.18895947463709,-2.215472658739,-8.46751232898107
14.215,-6.18386501678388,-2.24095112276794,-8.45223297041432
14.2175,-6.16858164322425,-2.23585542996215,-8.47769856802557
14.22,-6.18895947463709,-2.22566404435057,-8.48788480707007
14.2225,-6.1940539324903,-2.22566404435057,-8.58465407799281
14.225,-6.1940539324903,-2.24095112276794,-8.48279168754782
14.2275,-6.1940539324903,-2.23585542996215,-8.57956095847056
14.23,-6.1940539324903,-2.24095112276794,-8.45732608993657
14.2325,-6.1940539324903,-2.20528127312742,-8.55918848038156
14.235,-6.1940539324903,-2.20528127312742,-8.48279168754782
14.2375,-6.18895947463709,-2.20018558032163,-8.47769856802557
14.24,-6.27047080028846,-2.19508988751584,-8.50316416563682
14.2425,-6.25009296887561,-2.215472658739,-8.51335040468132
14.245,-6.22971513746277,-2.24095112276794,-8.55918848038156
14.2475,-6.23990405316919,-2.11355880262323,-8.53881600229256
14.25,-6.21443176390314,-2.0829846457885,-8.59993343655956
14.2525,-6.20933730604993,-2.07279326017692,-8.60502655608181
14.255,-6.20933730604993,-2.05750618175956,-8.52862976324807
14.2575,-6.21443176390314,-2.05241048895377,-8.53372288277031
14.26,-6.20933730604993,-2.04731479614798,-8.54390912181481
14.2625,-6.20933730604993,-2.04221910334219,-8.63049215369306
14.265,-6.21443176390314,-2.04221910334219,-8.57446783894831
14.2675,-6.21443176390314,-2.04731479614798,-8.56937471942606
14.27,-6.21443176390314,-2.07279326017692,-8.61521279512631
14.2725,-6.22462067960956,-2.06769756737113,-8.62539903417081
14.275,-6.21952622175635,-2.31229082204898,-8.57446783894831
14.2775,-6.22462067960956,-2.30719512924319,-8.58465407799281
14.28,-6.22971513746277,-2.23075973715636,-8.61521279512631
14.2825,-6.22971513746277,-2.31738651485477,-8.60502655608181
14.285,-6.22971513746277,-2.28171666521425,-8.64577151225981
14.2875,-6.22462067960956,-2.3020994364374,-8.62030591464856
14.29,-6.22462067960956,-2.26642958679688,-8.56428159990381
14.2925,-6.21952622175635,-2.26642958679688,-8.58465407799281
14.295,-6.21952622175635,-2.2562382011853,-8.58974719751506
14.2975,-6.21443176390314,-2.27662097240846,-8.59993343655956
14.3,-6.21443176390314,-2.27152527960267,-8.6967027074823
14.3025,-6.21443176390314,-2.26133389399109,-8.66105087082655
14.305,-6.20933730604993,-2.26133389399109,-8.57446783894831
14.3075,-6.22971513746277,-2.26133389399109,-8.59484031703731
14.31,-6.22971513746277,-2.23585542996215,-8.63049215369306
14.3125,-6.19914839034351,-2.20018558032163,-8.69160958796005
14.315,-6.1940539324903,-2.19508988751584,-8.59993343655956
14.3175,-6.19914839034351,-2.215472658739,-8.59993343655956
14.32,-6.19914839034351,-2.17980280909848,-8.63049215369306
14.3225,-6.19914839034351,-2.17980280909848,-8.7170751855713
14.325,-6.1940539324903,-2.13394157384638,-8.57446783894831
14.3275,-6.1940539324903,-2.14922865226375,-8.58465407799281
14.33,-6.18895947463709,-2.14413295945796,-8.60502655608181
14.3325,-6.18895947463709,-2.13394157384638,-8.61521279512631
14.335,-6.18386501678388,-2.09827172420586,-8.6661439903488
14.3375,-6.17877055893067,-2.09317603140008,-8.65086463178205
14.34,-6.17367610107746,-2.10846310981744,-8.65086463178205
14.3425,-6.17367610107746,-2.10846310981744,-8.71198206604905
14.345,-6.17367610107746,-2.09317603140008,-8.70179582700455
14.3475,-6.17367610107746,-2.14922865226375,-8.62030591464856
14.35,-6.17367610107746,-2.08808033859429,-8.65086463178205
14.3525,-6.16858164322425,-2.10336741701165,-8.7476339027048
14.355,-6.16858164322425,-2.09827172420586,-8.7068889465268
14.3575,-6.16858164322425,-2.09827172420586,-8.64067839273756
14.36,-6.16858164322425,-2.07279326017692,-8.73235454413805
14.3625,-6.16348718537103,-2.09827172420586,-8.7476339027048
14.365,-6.16858164322425,-2.09827172420586,-8.75272702222705
14.3675,-6.16858164322425,-2.05241048895377,-8.73235454413805
14.37,-6.16858164322425,-2.09827172420586,-8.6967027074823
14.3725,-6.16858164322425,-2.07279326017692,-8.69160958796005
14.375,-6.17877055893067,-2.07788895298271,-8.6967027074823
14.3775,-6.17367610107746,-2.07788895298271,-8.7068889465268
14.38,-6.17877055893067,-2.05750618175956,-8.7272614246158
14.3825,-6.18386501678388,-2.05750618175956,-8.72216830509355
14.385,-6.17877055893067,-2.0371234105364,-8.7374476636603
14.3875,-6.17877055893067,-2.0371234105364,-8.7578201417493
14.39,-6.17877055893067,-2.03202771773061,-8.7068889465268
14.3925,-6.17367610107746,-2.03202771773061,-8.77309950031604
14.395,-6.19914839034351,-2.07788895298271,-8.7578201417493
14.3975,-6.18895947463709,-2.02183633211904,-8.81893757601629
14.4,-6.17367610107746,-2.15942003787532,-8.73235454413805
14.4025,-6.17367610107746,-2.05750618175956,-8.74254078318255
14.405,-6.20424284819672,-2.05241048895377,-8.67123710987105
14.4075,-6.17367610107746,-2.02693202492483,-8.6763302293933
14.41,-6.17367610107746,-2.15432434506954,-8.77819261983829
14.4125,-6.19914839034351,-2.00654925370167,-8.72216830509355
14.415,-6.17877055893067,-2.01164494650746,-8.81384445649404
14.4175,-6.20933730604993,-2.02183633211904,-8.65086463178205
14.42,-6.20933730604993,-2.03202771773061,-8.65086463178205
14.4225,-6.25518742672882,-2.05241048895377,-8.65086463178205
14.425,-6.21952622175635,-2.08808033859429,-8.67123710987105
14.4275,-6.21443176390314,-2.09317603140008,-8.69160958796005
14.43,-6.20933730604993,-2.15942003787532,-8.77309950031604
14.4325,-6.20933730604993,-2.15432434506954,-8.77309950031604
14.435,-6.20424284819672,-2.15942003787532,-8.65086463178205
14.4375,-6.1940539324903,-2.29190805082582,-8.68142334891555
14.44,-6.1940539324903,-2.15942003787532,-8.76291326127155
14.4425,-6.1940539324903,-2.17470711629269,-8.6559577513043
14.445,-6.21443176390314,-2.32757790046634,-8.79347197840504
14.4475,-6.21443176390314,-2.30719512924319,-8.7068889465268
14.45,-6.18895947463709,-2.29700374363161,-8.7374476636603
14.4525,-6.18386501678388,-2.36834344291265,-8.67123710987105
14.455,-6.18386501678388,-2.28171666521425,-8.63049215369306
14.4575,-6.18386501678388,-2.28171666521425,-8.6661439903488
14.46,-6.18386501678388,-2.29700374363161,-8.6661439903488
14.4625,-6.19914839034351,-2.29700374363161,-8.7068889465268
14.465,-6.23990405316919,-2.31738651485477,-8.7374476636603
14.4675,-6.17877055893067,-2.35305636449528,-8.71198206604905
14.47,-6.16858164322425,-2.37343913571844,-8.74254078318255
14.4725,-6.18895947463709,-2.32248220766055,-8.76291326127155
14.475,-6.17367610107746,-2.31229082204898,-8.71198206604905
14.4775,-6.17367610107746,-2.3479606716895,-8.80365821744954
14.48,-6.17367610107746,-2.37343913571844,-8.76800638079379
14.4825,-6.14310935395819,-2.35815205730107,-8.67123710987105
14.485,-6.17367610107746,-2.3887262141358,-8.73235454413805
14.4875,-6.17367610107746,-2.34286497888371,-8.77309950031604
14.49,-6.12273152254535,-2.29700374363161,-8.73235454413805
14.4925,-6.0972592332793,-2.35305636449528,-8.7272614246158
14.495,-6.09216477542609,-2.33267359327213,-8.79347197840504
14.4975,-6.09216477542609,-2.3479606716895,-8.76800638079379
14.5,-6.08707031757288,-2.3479606716895,-8.6865164684378
14.5025,-6.07688140186645,-2.35305636449528,-8.7272614246158
14.505,-6.07688140186645,-2.37853482852423,-8.72216830509355
14.5075,-6.07178694401324,-2.37343913571844,-8.7170751855713
14.51,-6.07178694401324,-2.39891759974738,-8.7272614246158
14.5125,-6.07178694401324,-2.37343913571844,-8.7170751855713
14.515,-6.07688140186645,-2.39891759974738,-8.7170751855713
14.5175,-6.07688140186645,-2.37853482852423,-8.63049215369306
14.52,-6.07688140186645,-2.40401329255317,-8.65086463178205
14.5225,-6.08707031757288,-2.39891759974738,-8.6559577513043
14.525,-6.08707031757288,-2.39891759974738,-8.6661439903488
14.5275,-6.09216477542609,-2.39891759974738,-8.66105087082655
14.53,-6.09216477542609,-2.39891759974738,-8.6763302293933
14.5325,-6.10744814898572,-2.42949175658211,-8.6865164684378
14.535,-6.10744814898572,-2.42949175658211,-8.69160958796005
14.5375,-6.11254260683893,-2.4345874493879,-8.77819261983829
14.54,-6.12273152254535,-2.42439606377632,-8.79347197840504
14.5425,-6.10235369113251,-2.46006591341684,-8.77819261983829
14.545,-6.12782598039856,-2.40401329255317,-8.7578201417493
14.5475,-6.0972592332793,-2.39891759974738,-8.7476339027048
14.55,-6.0972592332793,-2.41420467816475,-8.7476339027048
14.5525,-6.10235369113251,-2.40910898535896,-8.77819261983829
14.555,-6.10744814898572,-2.41420467816475,-8.76800638079379
14.5575,-6.10744814898572,-2.46006591341684,-8.77819261983829
14.56,-6.11763706469214,-2.4345874493879,-8.75272702222705
14.5625,-6.11763706469214,-2.43968314219369,-8.73235454413805
14.565,-6.12273152254535,-2.41420467816475,-8.77309950031604
14.5675,-6.12273152254535,-2.4345874493879,-8.77309950031604
14.57,-6.13292043825177,-2.4345874493879,-8.66105087082655
14.5725,-6.13292043825177,-2.4345874493879,-8.81384445649404
14.575,-6.13801489610498,-2.42439606377632,-8.68142334891555
14.5775,-6.14310935395819,-2.4345874493879,-8.68142334891555
14.58,-6.1482038118114,-2.42949175658211,-8.69160958796005
14.5825,-6.15329826966461,-2.43968314219369,-8.7374476636603
14.585,-6.15329826966461,-2.41930037097053,-8.6763302293933
14.5875,-6.16858164322425,-2.3887262141358,-8.69160958796005
14.59,-6.17367610107746,-2.37853482852423,-8.6967027074823
14.5925,-6.18386501678388,-2.3887262141358,-8.7374476636603
14.595,-6.18386501678388,-2.3887262141358,-8.71198206604905
14.5975,-6.18895947463709,-2.3887262141358,-8.7068889465268
14.6,-6.17367610107746,-2.36834344291265,-8.7068889465268
14.6025,-6.17877055893067,-2.36834344291265,-8.77819261983829
14.605,-6.22971513746277,-2.36324775010686,-8.77819261983829
14.6075,-6.16348718537103,-2.33776928607792,-8.77819261983829
14.61,-6.15839272751782,-2.35815205730107,-8.79347197840504
14.6125,-6.15329826966461,-2.37853482852423,-8.76800638079379
14.615,-6.15329826966461,-2.37853482852423,-8.77309950031604
14.6175,-6.1482038118114,-2.36834344291265,-8.78837885888279
14.62,-6.14310935395819,-2.36324775010686,-8.76800638079379
14.6225,-6.1482038118114,-2.37343913571844,-8.84949629314979
14.625,-6.14310935395819,-2.36324775010686,-8.81384445649404
14.6275,-6.13801489610498,-2.32757790046634,-8.80365821744954
14.63,-6.14310935395819,-2.28681235802003,-8.81384445649404
14.6325,-6.13292043825177,-2.32757790046634,-8.79856509792729
14.635,-6.11763706469214,-2.2562382011853,-8.83931005410529
14.6375,-6.11763706469214,-2.26133389399109,-8.7374476636603
14.64,-6.11254260683893,-2.24604681557373,-8.68142334891555
14.6425,-6.10235369113251,-2.3020994364374,-8.72216830509355
14.645,-6.10235369113251,-2.23585542996215,-8.72216830509355
14.6475,-6.09216477542609,-2.21037696593321,-8.86477565171654
14.65,-6.09216477542609,-2.20018558032163,-8.64577151225981
14.6525,-6.08707031757288,-2.19508988751584,-8.71198206604905
14.655,-6.08707031757288,-2.18999419471005,-8.74254078318255
14.6575,-6.08197585971966,-2.18999419471005,-8.6865164684378
14.66,-6.07688140186645,-2.15432434506954,-8.6559577513043
14.6625,-6.07688140186645,-2.15432434506954,-8.6559577513043
14.665,-6.07688140186645,-2.18999419471005,-8.6661439903488
14.6675,-6.07178694401324,-2.17980280909848,-8.67123710987105
14.67,-6.0972592332793,-2.26642958679688,-8.77309950031604
14.6725,-6.09216477542609,-2.15432434506954,-8.72216830509355
14.675,-6.08197585971966,-2.19508988751584,-8.69160958796005
14.6775,-6.05650357045361,-2.14922865226375,-8.6967027074823
14.68,-6.05650357045361,-2.17980280909848,-8.77819261983829
14.6825,-6.0514091126004,-2.15432434506954,-8.69160958796005
14.685,-6.07178694401324,-2.15432434506954,-8.7170751855713
14.6875,-6.04631465474719,-2.15432434506954,-8.67123710987105
14.69,-6.09216477542609,-2.1696114234869,-8.6661439903488
14.6925,-6.09216477542609,-2.15432434506954,-8.7374476636603
14.695,-6.08707031757288,-2.16451573068111,-8.80365821744954
14.6975,-6.08707031757288,-2.19508988751584,-8.66105087082655
14.7,-6.06159802830682,-2.18489850190427,-8.66105087082655
14.7025,-6.07178694401324,-2.16451573068111,-8.6661439903488
14.705,-6.07178694401324,-2.18489850190427,-8.66105087082655
14.7075,-6.07688140186645,-2.17980280909848,-8.63049215369306
14.71,-6.07688140186645,-2.20018558032163,-8.63558527321531
14.7125,-6.07688140186645,-2.18999419471005,-8.67123710987105
14.715,-6.08707031757288,-2.20018558032163,-8.67123710987105
14.7175,-6.09216477542609,-2.18999419471005,-8.6763302293933
14.72,-6.09216477542609,-2.17980280909848,-8.6661439903488
14.7225,-6.0972592332793,-2.16451573068111,-8.7374476636603
14.725,-6.10235369113251,-2.24095112276794,-8.7374476636603
14.7275,-6.10744814898572,-2.22566404435057,-8.6865164684378
14.73,-6.0972592332793,-2.20528127312742,-8.68142334891555
14.7325,-6.12782598039856,-2.20018558032163,-8.68142334891555
14.735,-6.12782598039856,-2.23075973715636,-8.6967027074823
14.7375,-6.12782598039856,-2.17470711629269,-8.6865164684378
14.74,-6.09216477542609,-2.17470711629269,-8.69160958796005
14.7425,-6.09216477542609,-2.19508988751584,-8.7068889465268
14.745,-6.12782598039856,-2.17980280909848,-8.6763302293933
14.7475,-6.13292043825177,-2.19508988751584,-8.7068889465268
14.75,-6.10744814898572,-2.215472658739,-8.78837885888279
14.7525,-6.13801489610498,-2.215472658739,-8.67123710987105
14.755,-6.13801489610498,-2.21037696593321,-8.72216830509355
14.7575,-6.14310935395819,-2.19508988751584,-8.78328573936054
14.76,-6.1482038118114,-2.22566404435057,-8.63049215369306
14.7625,-6.1482038118114,-2.24095112276794,-8.63049215369306
14.765,-6.15839272751782,-2.20018558032163,-8.82403069553854
14.7675,-6.13801489610498,-2.20528127312742,-8.7476339027048
14.77,-6.1482038118114,-2.2562382011853,-8.7272614246158
14.7725,-6.15329826966461,-2.22056835154479,-8.79856509792729
14.775,-6.15329826966461,-2.20018558032163,-8.64067839273756
14.7775,-6.16348718537103,-2.24604681557373,-8.7068889465268
14.78,-6.17367610107746,-2.20018558032163,-8.65086463178205
14.7825,-6.20424284819672,-2.215472658739,-8.63049215369306
14.785,-6.16858164322425,-2.18999419471005,-8.63558527321531
14.7875,-6.16858164322425,-2.23075973715636,-8.64067839273756
14.79,-6.17367610107746,-2.31229082204898,-8.6559577513043
14.7925,-6.17877055893067,-2.24604681557373,-8.6763302293933
14.795,-6.17877055893067,-2.24095112276794,-8.64577151225981
14.7975,-6.18386501678388,-2.23585542996215,-8.6865164684378
14.8,-6.18895947463709,-2.29700374363161,-8.68142334891555
14.8025,-6.18895947463709,-2.17470711629269,-8.6763302293933
14.805,-6.18895947463709,-2.16451573068111,-8.63558527321531
14.8075,-6.18895947463709,-2.13394157384638,-8.63558527321531
14.81,-6.18895947463709,-2.14922865226375,-8.7068889465268
14.8125,-6.18895947463709,-2.13903726665217,-8.7170751855713
14.815,-6.1940539324903,-2.1237501882348,-8.75272702222705
14.8175,-6.1940539324903,-2.1237501882348,-8.7578201417493
14.82,-6.19914839034351,-2.12884588104059,-8.65086463178205
14.8225,-6.20424284819672,-0.100760144336805,-8.6559577513043
14.825,-6.20933730604993,-0.0956644515310163,-8.65086463178205
14.8275,-6.20933730604993,-2.0371234105364,-8.6661439903488
14.83,-6.21443176390314,-2.02693202492483,-8.6559577513043
14.8325,-6.22462067960956,-2.00145356089588,-8.64577151225981
14.835,-6.22462067960956,-2.00145356089588,-8.6559577513043
14.8375,-6.22462067960956,-2.02183633211904,-8.66105087082655
14.84,-6.23480959531598,-2.02183633211904,-8.66105087082655
14.8425,-6.23480959531598,-2.02693202492483,-8.55409536085931
14.845,-6.23480959531598,-0.0956644515310163,-8.55918848038156
14.8475,-6.23480959531598,-0.0956644515310163,-8.55409536085931
14.85,-6.23480959531598,-0.0956644515310163,-8.55409536085931
14.8525,-6.23990405316919,-1.99126217528431,-8.56937471942606
14.855,-6.23990405316919,-2.00145356089588,-8.56937471942606
14.8575,-6.23990405316919,-2.01164494650746,-8.7578201417493
14.86,-6.22971513746277,-2.01164494650746,-8.58974719751506
14.8625,-6.25518742672882,-2.11865449542902,-8.58974719751506
14.865,-6.21952622175635,-2.11865449542902,-8.59993343655956
14.8675,-6.21443176390314,-2.11865449542902,-8.54900224133706
14.87,-6.20933730604993,-2.06769756737113,-8.57446783894831
14.8725,-6.20933730604993,-2.11355880262323,-8.57956095847056
14.875,-6.1940539324903,-2.11865449542902,-8.61521279512631
14.8775,-6.20933730604993,-2.0829846457885,-8.58465407799281
14.88,-6.18386501678388,-2.08808033859429,-8.59484031703731
14.8825,-6.1940539324903,-2.09827172420586,-8.63558527321531
14.885,-6.1940539324903,-2.10336741701165,-8.63049215369306
14.8875,-6.20933730604993,-2.11865449542902,-8.61521279512631
14.89,-6.16348718537103,-2.15942003787532,-8.6763302293933
14.8925,-6.15839272751782,-2.18489850190427,-8.58974719751506
14.895,-6.15329826966461,-2.01164494650746,-8.61521279512631
14.8975,-6.13801489610498,-2.20018558032163,-8.62030591464856
14.9,-6.13292043825177,-2.03202771773061,-8.58465407799281
14.9025,-6.11763706469214,-1.9963578680901,-8.58465407799281
14.905,-6.10744814898572,-2.01674063931325,-8.6967027074823
14.9075,-6.09216477542609,-2.01674063931325,-8.57446783894831
14.91,-6.08707031757288,-1.98616648247852,-8.7068889465268
14.9125,-6.06669248616003,-1.99126217528431,-8.55918848038156
14.915,-6.0514091126004,-2.02183633211904,-8.71198206604905
14.9175,-6.04631465474719,-1.97597509686694,-8.53372288277031
14.92,-6.03103128118756,-1.9963578680901,-8.53881600229256
14.9225,-6.02084236548114,-1.99126217528431,-8.54900224133706
14.925,-6.01065344977472,-2.06260187456535,-8.56937471942606
14.9275,-6.00555899192151,-2.09317603140008,-8.53372288277031
14.93,-5.99027561836187,-2.07788895298271,-8.54390912181481
14.9325,-5.98518116050866,-2.09317603140008,-8.53881600229256
14.935,-5.96989778694903,-2.18999419471005,-8.54390912181481
14.9375,-5.96480332909582,-2.1237501882348,-8.54900224133706
14.94,-5.97499224480224,-2.13394157384638,-8.53881600229256
14.9425,-5.96480332909582,-2.14413295945796,-8.56428159990381
14.945,-5.98008670265545,-2.15942003787532,-8.57446783894831
14.9475,-5.90366983485729,-2.16451573068111,-8.56937471942606
14.95,-5.89857537700408,-2.17470711629269,-8.56937471942606
14.9525,-5.89348091915087,-2.24095112276794,-8.60502655608181
14.955,-5.88838646129766,-2.2562382011853,-8.52862976324807
14.9575,-5.9087642927105,-2.36834344291265,-8.57446783894831
14.96,-5.90366983485729,-2.36324775010686,-8.55918848038156
14.9625,-5.90366983485729,-2.39382190694159,-8.51335040468132
14.965,-5.87819754559124,-2.36834344291265,-8.50316416563682
14.9675,-5.8578197141784,-2.36324775010686,-8.54390912181481
14.97,-5.84763079847198,-2.37853482852423,-8.51335040468132
14.9725,-5.84763079847198,-2.39382190694159,-8.50316416563682
14.975,-5.86800862988482,-2.40910898535896,-8.53372288277031
14.9775,-5.87310308773803,-2.46006591341684,-8.59993343655956
14.98,-5.85272525632519,-2.44987452780526,-8.63049215369306
14.9825,-5.85272525632519,-2.44987452780526,-8.49807104611457
14.985,-5.85272525632519,-2.49064007025157,-8.51844352420357
14.9875,-5.83234742491235,-2.51102284147473,-8.51844352420357
14.99,-5.82215850920592,-2.55178838392103,-8.55409536085931
14.9925,-5.86800862988482,-2.51611853428051,-8.53372288277031
14.995,-5.84763079847198,-2.53140561269788,-8.67123710987105
14.9975,-5.8578197141784,-2.52630991989209,-8.49297792659232
15,-5.86800862988482,-2.50083145586315,-8.50825728515907
15.0025,-5.87310308773803,-2.54669269111524,-8.50316416563682
15.005,-5.88838646129766,-2.56197976953261,-8.50825728515907
15.0075,-5.89857537700408,-2.50083145586315,-8.51844352420357
15.01,-5.9087642927105,-2.49573576305736,-8.51335040468132
15.0125,-5.92404766627014,-2.59255392636734,-8.56937471942606
15.015,-5.92914212412335,-2.4345874493879,-8.54900224133706
15.0175,-5.93933103982977,-2.44477883499948,-8.54390912181481
15.02,-5.94951995553619,-2.54159699830946,-8.56937471942606
15.0225,-5.96480332909582,-2.41420467816475,-8.55409536085931
15.025,-5.97499224480224,-2.40401329255317,-8.55409536085931
15.0275,-5.99027561836187,-2.40910898535896,-8.55409536085931
15.03,-6.0004645340683,-2.39382190694159,-8.57446783894831
15.0325,-6.01574790762793,-2.39382190694159,-8.69160958796005
15.035,-6.03103128118756,-2.38363052133001,-8.59484031703731
15.0375,-6.04631465474719,-2.37853482852423,-8.61011967560406
15.04,-6.05650357045361,-2.36324775010686,-8.53881600229256
15.0425,-6.07178694401324,-2.35815205730107,-8.53372288277031
15.045,-6.08197585971966,-2.29700374363161,-8.56428159990381
15.0475,-6.10235369113251,-2.30719512924319,-8.53372288277031
15.05,-6.11254260683893,-2.29700374363161,-8.52862976324807
15.0525,-6.11763706469214,-2.28681235802003,-8.58465407799281
15.055,-6.12782598039856,-2.25114250837952,-8.52862976324807
15.0575,-6.13292043825177,-2.27152527960267,-8.52353664372582
15.06,-6.15839272751782,-2.26642958679688,-8.54900224133706
15.0625,-6.1482038118114,-2.2562382011853,-8.55409536085931
15.065,-6.15839272751782,-2.27662097240846,-8.54900224133706
15.0675,-6.16858164322425,-2.23075973715636,-8.54900224133706
15.07,-6.20933730604993,-2.20528127312742,-8.55918848038156
15.0725,-6.1940539324903,-2.23585542996215,-8.51335040468132
15.075,-6.20933730604993,-2.2562382011853,-8.59993343655956
15.0775,-6.22462067960956,-2.22056835154479,-8.54390912181481
15.08,-6.23480959531598,-2.21037696593321,-8.53881600229256
15.0825,-6.25009296887561,-2.20528127312742,-8.53372288277031
15.085,-6.26537634243525,-2.20528127312742,-8.54900224133706
15.0875,-6.27556525814167,-2.22566404435057,-8.53881600229256
15.09,-6.2908486317013,-2.19508988751584,-8.60502655608181
15.0925,-6.30103754740772,-2.19508988751584,-8.56428159990381
15.095,-6.31122646311414,-2.17980280909848,-8.50825728515907
15.0975,-6.31632092096735,-2.17470711629269,-8.53372288277031
15.1,-6.32141537882056,-2.1696114234869,-8.51844352420357
15.1025,-6.33160429452698,-2.1696114234869,-8.58465407799281
15.105,-6.3417932102334,-2.11865449542902,-8.55409536085931
15.1075,-6.37235995735267,-2.15942003787532,-8.56937471942606
15.11,-6.35707658379304,-2.06769756737113,-8.62539903417081
15.1125,-6.37235995735267,-2.13394157384638,-8.53881600229256
15.115,-6.38254887305909,-2.1237501882348,-8.56937471942606
15.1175,-6.3876433309123,-2.02693202492483,-8.54900224133706
15.12,-6.40802116232514,-1.98107078967273,-8.59993343655956
15.1225,-6.41821007803156,-1.97087940406115,-8.7068889465268
15.125,-6.4334934515912,-1.96068801844958,-8.65086463178205
15.1275,-6.44368236729762,-1.96578371125536,-8.59484031703731
15.13,-6.46406019871046,-1.93520955442063,-8.59993343655956
15.1325,-6.47424911441688,-1.950496632838,-8.53881600229256
15.135,-6.47934357227009,-1.94030524722642,-8.58465407799281
15.1375,-6.48953248797651,-1.91482678319748,-8.55409536085931
15.14,-6.49462694582972,-1.90973109039169,-8.58974719751506
15.1425,-6.52009923509578,-1.87915693355696,-8.49297792659232
15.145,-6.50481586153614,-1.89953970478012,-8.49807104611457
15.1475,-6.50991031938935,-1.89953970478012,-8.56937471942606
15.15,-6.51500477724256,-1.87915693355696,-8.52862976324807
15.1525,-6.52009923509578,-1.84348708391644,-8.53372288277031
15.155,-6.5302881508022,-1.8638698551396,-8.53372288277031
15.1575,-6.53538260865541,-1.84858277672223,-8.56937471942606
15.16,-6.55066598221504,-1.84348708391644,-8.49297792659232
15.1625,-6.55576044006825,-1.84348708391644,-8.49807104611457
15.165,-6.55576044006825,-1.8638698551396,-8.52862976324807
15.1675,-6.56594935577467,-1.85877416233381,-8.51844352420357
15.17,-6.56085489792146,-1.87406124075117,-8.51844352420357
15.1725,-6.55576044006825,-1.84858277672223,-8.52353664372582
15.175,-6.55066598221504,-1.83839139111065,-8.48788480707007
15.1775,-6.55066598221504,-1.85367846952802,-8.48788480707007
15.18,-6.54047706650862,-1.92501816880906,-8.50316416563682
15.1825,-6.53538260865541,-1.8638698551396,-8.49807104611457
15.185,-6.5302881508022,-1.84858277672223,-8.53881600229256
15.1875,-6.52009923509578,-1.87406124075117,-8.54900224133706
15.19,-6.51500477724256,-1.89444401197433,-8.54900224133706
15.1925,-6.50481586153614,-1.89444401197433,-8.54900224133706
15.195,-6.49462694582972,-1.9963578680901,-8.55918848038156
15.1975,-6.4844380301233,-1.97087940406115,-8.47769856802557
15.2,-6.49972140368293,-2.01674063931325,-8.49297792659232
15.2025,-6.45387128300404,-1.94030524722642,-8.46751232898107
15.205,-6.44368236729762,-1.96578371125536,-8.43695361184757
15.2075,-6.4334934515912,-1.97087940406115,-8.43186049232532
15.21,-6.41311562017835,-1.97597509686694,-8.59484031703731
15.2125,-6.42330453588477,-2.04221910334219,-8.61011967560406
15.215,-6.37745441520588,-1.96068801844958,-8.44713985089207
15.2175,-6.37235995735267,-2.03202771773061,-8.44713985089207
15.22,-6.40292670447193,-2.0371234105364,-8.45223297041432
15.2225,-6.32650983667377,-2.01674063931325,-8.42167425328083
15.225,-6.31632092096735,-2.03202771773061,-8.65086463178205
15.2275,-6.30103754740772,-2.06260187456535,-8.39620865566958
15.23,-6.28065971599488,-2.06260187456535,-8.42676737280307
15.2325,-6.2908486317013,-2.09317603140008,-8.45223297041432
15.235,-6.27047080028846,-2.09317603140008,-8.46241920945882
15.2375,-6.27047080028846,-2.05750618175956,-8.44204673136982
15.24,-6.25518742672882,-2.11865449542902,-8.47260544850332
15.2425,-6.1940539324903,-2.15942003787532,-8.43186049232532
15.245,-6.17367610107746,-2.28171666521425,-8.43695361184757
15.2475,-6.15839272751782,-2.23075973715636,-8.45732608993657
15.25,-6.13801489610498,-2.23585542996215,-8.46241920945882
15.2525,-6.11763706469214,-2.23585542996215,-8.46241920945882
15.255,-6.10744814898572,-2.23075973715636,-8.48279168754782
15.2575,-6.08707031757288,-2.23585542996215,-8.49807104611457
15.26,-6.07178694401324,-2.2562382011853,-8.50825728515907
15.2625,-6.08197585971966,-2.2562382011853,-8.43695361184757
15.265,-6.08197585971966,-2.01674063931325,-8.44204673136982
15.2675,-6.01574790762793,-2.01674063931325,-8.45223297041432
15.27,-6.00555899192151,-1.99126217528431,-8.44204673136982
15.2725,-5.99027561836187,-2.02183633211904,-8.45732608993657
15.275,-5.98008670265545,-2.02183633211904,-8.47260544850332
15.2775,-5.98518116050866,-2.0371234105364,-8.45732608993657
15.28,-5.96989778694903,-2.04731479614798,-8.45223297041432
15.2825,-5.94442549768298,-2.08808033859429,-8.46241920945882
15.285,-5.94442549768298,-2.06769756737113,-8.46751232898107
15.2875,-5.92914212412335,-2.09317603140008,-8.54900224133706
15.29,-5.94951995553619,-2.09827172420586,-8.45732608993657
15.2925,-5.94442549768298,-2.11865449542902,-8.48788480707007
15.295,-5.94442549768298,-2.14413295945796,-8.51844352420357
15.2975,-5.93933103982977,-2.13903726665217,-8.44204673136982
15.3,-5.88838646129766,-2.15432434506954,-8.47260544850332
15.3025,-5.90366983485729,-2.22566404435057,-8.46751232898107
15.305,-5.89857537700408,-2.13394157384638,-8.45223297041432
15.3075,-5.88838646129766,-2.16451573068111,-8.48279168754782
15.31,-5.88838646129766,-2.18999419471005,-8.48788480707007
15.3125,-5.89348091915087,-2.17470711629269,-8.44204673136982
15.315,-5.87819754559124,-2.215472658739,-8.53881600229256
15.3175,-5.86291417203161,-2.27662097240846,-8.51844352420357
15.32,-5.86291417203161,-2.28681235802003,-8.61011967560406
15.3225,-5.86291417203161,-2.32248220766055,-8.54900224133706
15.325,-5.8578197141784,-2.25114250837952,-8.52862976324807
15.3275,-5.86291417203161,-2.27662097240846,-8.53881600229256
15.33,-5.8578197141784,-2.27662097240846,-8.55409536085931
15.3325,-5.86291417203161,-2.27662097240846,-8.39620865566958
15.335,-5.86291417203161,-0.0956644515310163,-8.39111553614733
15.3375,-5.8578197141784,-0.0956644515310163,-8.38602241662508
15.34,-5.88329200344445,-2.37853482852423,-8.42167425328083
15.3425,-5.88329200344445,-2.40910898535896,-8.44713985089207
15.345,-5.85272525632519,-2.49064007025157,-8.40130177519183
15.3475,-5.85272525632519,-2.49573576305736,-8.45732608993657
15.35,-5.91895320841693,-2.41930037097053,-8.39111553614733
15.3525,-5.86800862988482,-2.42949175658211,-8.42676737280307
15.355,-5.87310308773803,-2.4345874493879,-8.47260544850332
15.3575,-5.87819754559124,-2.47535299183421,-8.44713985089207
15.36,-5.88838646129766,-2.5212142270863,-8.42167425328083
15.3625,-5.89348091915087,-2.5212142270863,-8.44204673136982
15.365,-5.90366983485729,-2.46516160622263,-8.42676737280307
15.3675,-5.89348091915087,-2.47535299183421,-8.45223297041432
15.37,-5.90366983485729,-2.49573576305736,-8.46751232898107
15.3725,-5.91385875056371,-2.5670754623384,-8.45223297041432
15.375,-5.93933103982977,-2.54669269111524,-8.45223297041432
15.3775,-5.94951995553619,-2.51611853428051,-8.48788480707007
15.38,-5.96480332909582,-2.54159699830946,-8.47260544850332
15.3825,-5.98518116050866,-2.56197976953261,-8.44713985089207
15.385,-5.99537007621508,-2.50083145586315,-8.42167425328083
15.3875,-6.01065344977472,-2.73013763212363,-8.43186049232532
15.39,-6.0514091126004,-2.72504193931784,-8.42676737280307
15.3925,-6.05650357045361,-2.72504193931784,-8.53372288277031
15.395,-6.04631465474719,-2.7403290177352,-8.52353664372582
15.3975,-6.05650357045361,-2.74542471054099,-8.49807104611457
15.4,-6.07178694401324,-2.73013763212363,-8.56937471942606
15.4025,-6.08707031757288,-2.62312808320207,-8.43695361184757
15.405,-6.0972592332793,-2.54159699830946,-8.41658113375857
15.4075,-6.11254260683893,-2.54159699830946,-8.41148801423633
15.41,-6.12782598039856,-2.54159699830946,-8.41658113375857
15.4125,-6.14310935395819,-2.57217115514419,-0.0995169539250416
15.415,-6.15839272751782,-2.56197976953261,-0.0995169539250416
15.4175,-6.16858164322425,-2.60274531197892,-8.64067839273756
15.42,-6.17877055893067,-2.41930037097053,-8.42167425328083
15.4225,-6.18895947463709,-2.58236254075576,-8.43186049232532
15.425,-6.19914839034351,-2.56197976953261,-8.43186049232532
15.4275,-6.23990405316919,-2.57217115514419,-8.43695361184757
15.43,-6.22462067960956,-2.57217115514419,-8.38092929710283
15.4325,-6.23990405316919,-2.57217115514419,-8.43186049232532
15.435,-6.25009296887561,-0.0956644515310163,-8.39111553614733
15.4375,-6.26028188458204,-0.0956644515310163,-8.39620865566958
15.44,-6.27047080028846,-0.0956644515310163,-8.47260544850332
15.4425,-6.27556525814167,-0.0956644515310163,-8.43695361184757
15.445,-6.28065971599488,-0.0956644515310163,-8.37583617758058
15.4475,-6.2908486317013,-2.44987452780526,-8.38092929710283
15.45,-6.30103754740772,-2.33267359327213,-8.39111553614733
15.4525,-6.31122646311414,-2.29700374363161,-8.43186049232532
15.455,-6.31632092096735,-2.33267359327213,-8.43186049232532
15.4575,-6.31122646311414,-2.30719512924319,-8.44204673136982
15.46,-6.33669875238019,-2.23585542996215,-8.43186049232532
15.4625,-6.3417932102334,-2.32757790046634,-8.43186049232532
15.465,-6.34688766808662,-2.18999419471005,-8.43186049232532
15.4675,-6.34688766808662,-2.20528127312742,-8.46751232898107
15.47,-6.35198212593983,-2.13394157384638,-8.41658113375857
15.4725,-6.34688766808662,-2.13903726665217,-8.42167425328083
15.475,-6.34688766808662,-2.14922865226375,-8.48788480707007
15.4775,-6.32650983667377,-2.10846310981744,-8.46751232898107
15.48,-6.32650983667377,-2.14413295945796,-8.44713985089207
15.4825,-6.3417932102334,-2.06260187456535,-8.46241920945882
15.485,-6.34688766808662,-2.05750618175956,-8.45732608993657
15.4875,-6.34688766808662,-2.04731479614798,-8.45223297041432
15.49,-6.34688766808662,-2.0371234105364,-8.47260544850332
15.4925,-6.34688766808662,-2.00145356089588,-8.48788480707007
15.495,-6.34688766808662,-2.01164494650746,-8.49297792659232
15.4975,-6.3417932102334,-2.00145356089588,-8.49297792659232
15.5,-6.33669875238019,-2.01164494650746,-8.54390912181481
15.5025,-6.33669875238019,-2.01164494650746,-8.51844352420357
15.505,-6.33160429452698,-1.96068801844958,-8.52353664372582
15.5075,-6.34688766808662,-1.95559232564379,-8.52862976324807
15.51,-6.29594308955451,-1.97087940406115,-8.52353664372582
15.5125,-6.27047080028846,-1.91482678319748,-8.54900224133706
15.515,-6.25518742672882,-1.92501816880906,-8.58465407799281
15.5175,-6.25009296887561,-1.8638698551396,-8.56937471942606
15.52,-6.23990405316919,-1.85877416233381,-8.57446783894831
15.5225,-6.25518742672882,-1.85877416233381,-8.53372288277031
15.525,-6.2449985110224,-1.9046353975859,-8.50825728515907
15.5275,-6.23990405316919,-1.88425262636275,-8.59993343655956
15.53,-6.20424284819672,-1.88425262636275,-8.58465407799281
15.5325,-6.21952622175635,-1.92501816880906,-8.61011967560406
15.535,-6.18895947463709,-1.91482678319748,-8.70179582700455
15.5375,-6.17877055893067,-1.86896554794538,-8.51844352420357
15.54,-6.17367610107746,-1.93011386161485,-8.42167425328083
15.5425,-6.16858164322425,-1.89953970478012,-8.41658113375857
15.545,-6.16348718537103,-1.90973109039169,-8.45223297041432
15.5475,-6.15329826966461,-1.9046353975859,-8.48788480707007
15.55,-6.1482038118114,-1.9046353975859,-8.48279168754782
15.5525,-6.14310935395819,-1.89953970478012,-8.43695361184757
15.555,-6.15839272751782,-1.94030524722642,-8.42167425328083
15.5575,-6.15839272751782,-1.88934831916854,-8.44713985089207
15.56,-6.14310935395819,-1.92501816880906,-8.43186049232532
15.5625,-6.13801489610498,-1.89953970478012,-8.45732608993657
15.565,-6.13292043825177,-1.89953970478012,-8.44713985089207
15.5675,-6.13292043825177,-1.9046353975859,-8.45223297041432
15.57,-6.10235369113251,-1.93520955442063,-8.46751232898107
15.5725,-6.12273152254535,-1.88934831916854,-8.47769856802557
15.575,-6.11763706469214,-1.8638698551396,-8.46241920945882
15.5775,-6.09216477542609,-1.86896554794538,-8.49807104611457
15.58,-6.10744814898572,-1.87915693355696,-8.51335040468132
15.5825,-6.15329826966461,-1.85877416233381,-8.52353664372582
15.585,-6.11763706469214,-1.90973109039169,-8.53372288277031
15.5875,-6.11763706469214,-1.89953970478012,-8.52353664372582
15.59,-6.12273152254535,-1.94030524722642,-8.52862976324807
15.5925,-6.12273152254535,-1.91992247600327,-8.53372288277031
15.595,-6.12273152254535,-1.91482678319748,-8.59993343655956
15.5975,-6.12782598039856,-1.87406124075117,-8.57446783894831
15.6,-6.12782598039856,-1.87406124075117,-8.61521279512631
15.6025,-6.14310935395819,-1.87406124075117,-8.63049215369306
15.605,-6.12782598039856,-1.87915693355696,-8.51844352420357
15.6075,-6.12782598039856,-1.87406124075117,-8.58465407799281
15.61,-6.12782598039856,-1.89444401197433,-8.60502655608181
15.6125,-6.13292043825177,-1.88934831916854,-8.63558527321531
15.615,-6.14310935395819,-1.97597509686694,-8.65086463178205
15.6175,-6.14310935395819,-1.91992247600327,-8.67123710987105
15.62,-6.1482038118114,-1.99126217528431,-8.56428159990381
15.6225,-6.15329826966461,-1.9963578680901,-8.56937471942606
15.625,-6.18386501678388,-1.98616648247852,-8.61011967560406
15.6275,-6.16858164322425,-2.05241048895377,-8.50825728515907
15.63,-6.17367610107746,-2.06260187456535,-8.50825728515907
15.6325,-6.17367610107746,-2.01674063931325,-8.48788480707007
15.635,-6.20424284819672,-2.04731479614798,-8.48788480707007
15.6375,-6.19914839034351,-2.03202771773061,-8.48788480707007
15.64,-6.16348718537103,-2.06769756737113,-8.48788480707007
15.6425,-6.16858164322425,-2.13394157384638,-8.49297792659232
15.645,-6.16858164322425,-2.15432434506954,-8.50316416563682
15.6475,-6.17367610107746,-2.19508988751584,-8.57446783894831
15.65,-6.16858164322425,-2.20528127312742,-8.58465407799281
15.6525,-6.16858164322425,-2.17980280909848,-8.58465407799281
15.655,-6.16858164322425,-2.22566404435057,-8.53372288277031
15.6575,-6.17367610107746,-2.24095112276794,-8.54900224133706
15.66,-6.17367610107746,-2.23585542996215,-8.57446783894831
15.6625,-6.20933730604993,-2.27662097240846,-8.55918848038156
15.665,-6.1940539324903,-2.27662097240846,-8.51844352420357
15.6675,-6.1940539324903,-2.32248220766055,-8.51844352420357
15.67,-6.1940539324903,-2.32757790046634,-8.6559577513043
15.6725,-6.1940539324903,-2.35815205730107,-8.53881600229256
15.675,-6.22462067960956,-2.35815205730107,-8.56937471942606
15.6775,-6.20424284819672,-2.37853482852423,-8.56428159990381
15.68,-6.20933730604993,-2.36324775010686,-8.55918848038156
15.6825,-6.20933730604993,-2.36834344291265,-8.62539903417081
15.685,-6.21952622175635,-2.36834344291265,-8.62030591464856
15.6875,-6.21443176390314,-2.35305636449528,-8.75272702222705
15.69,-6.18895947463709,-2.36834344291265,-8.60502655608181
15.6925,-6.21952622175635,-2.36834344291265,-8.76800638079379
15.695,-6.27047080028846,-2.34286497888371,-8.70179582700455
15.6975,-6.22462067960956,-2.36324775010686,-8.6763302293933
15.7,-6.31122646311414,-2.34286497888371,-8.68142334891555
15.7025,-6.31122646311414,-2.37853482852423,-8.6763302293933
15.705,-6.23990405316919,-2.37853482852423,-8.7476339027048
15.7075,-6.25009296887561,-2.35815205730107,-8.7374476636603
15.71,-6.22971513746277,-2.35815205730107,-8.76291326127155
15.7125,-6.22971513746277,-2.35815205730107,-8.85458941267204
15.715,-6.23480959531598,-2.37853482852423,-8.56937471942606
15.7175,-6.27047080028846,-2.39382190694159,-8.56937471942606
15.72,-6.27047080028846,-2.37853482852423,-8.56937471942606
15.7225,-6.25009296887561,-2.40401329255317,-0.10461007344729
15.725,-6.26028188458204,-2.4345874493879,-8.60502655608181
15.7275,-6.26537634243525,-2.35815205730107,-8.64577151225981
15.73,-6.27556525814167,-2.32248220766055,-8.64067839273756
15.7325,-6.28575417384809,-2.32248220766055,-8.64067839273756
15.735,-6.29594308955451,-2.30719512924319,-8.6661439903488
15.7375,-6.30613200526093,-2.3020994364374,-8.67123710987105
15.74,-6.32141537882056,-2.3020994364374,-8.71198206604905
15.7425,-6.33160429452698,-2.30719512924319,-8.82912381506079
15.745,-6.3417932102334,-2.30719512924319,-8.71198206604905
15.7475,-6.35707658379304,-2.30719512924319,-8.6865164684378
15.75,-6.36217104164625,-2.32248220766055,-8.61521279512631
15.7525,-6.37745441520588,-2.31229082204898,-8.68142334891555
15.755,-6.3876433309123,-2.31229082204898,-8.67123710987105
15.7575,-6.39273778876551,-2.32757790046634,-8.63558527321531
15.76,-6.42330453588477,-2.29700374363161,-8.6763302293933
15.7625,-6.43858790944441,-2.27662097240846,-8.7374476636603
15.765,-6.44368236729762,-2.29190805082582,-8.6967027074823
15.7675,-6.44368236729762,-2.28681235802003,-8.6865164684378
15.77,-6.46915465656367,-2.3020994364374,-8.7476339027048
15.7725,-6.47424911441688,-2.24604681557373,-8.61521279512631
15.775,-6.47424911441688,-2.22566404435057,-8.7068889465268
15.7775,-6.47934357227009,-2.22056835154479,-8.63049215369306
15.78,-4.56382741946291,-2.17980280909848,-8.62539903417081
15.7825,-6.48953248797651,-2.22056835154479,-8.76800638079379
15.785,-6.49462694582972,-2.22056835154479,-8.6763302293933
15.7875,-6.47424911441688,-2.20528127312742,-8.71198206604905
15.79,-6.49972140368293,-2.20018558032163,-8.68142334891555
15.7925,-6.50481586153614,-2.18489850190427,-8.66105087082655
15.795,-6.51500477724256,-2.15432434506954,-8.71198206604905
15.7975,-6.54047706650862,-2.13903726665217,-8.71198206604905
15.8,-6.49462694582972,-2.13394157384638,-8.6967027074823
15.8025,-6.47424911441688,-2.12884588104059,-8.6967027074823
15.805,-6.47424911441688,-2.09827172420586,-8.73235454413805
15.8075,-6.46915465656367,-2.13394157384638,-8.74254078318255
15.81,-6.46915465656367,-2.07279326017692,-8.7170751855713
15.8125,-6.46915465656367,-2.1237501882348,-8.7068889465268
15.815,-6.46406019871046,-2.11865449542902,-8.71198206604905
15.8175,-6.46406019871046,-2.02183633211904,-8.79856509792729
15.82,-6.45896574085725,-2.04221910334219,-8.76800638079379
15.8225,-6.45387128300404,-2.03202771773061,-8.80875133697179
15.825,-6.44368236729762,-2.08808033859429,-8.76800638079379
15.8275,-6.46915465656367,-1.98616648247852,-8.7068889465268
15.83,-6.43858790944441,-2.05750618175956,-8.81893757601629
15.8325,-6.45387128300404,-1.96068801844958,-8.84440317362754
15.835,-6.4334934515912,-1.950496632838,-8.88005501028329
15.8375,-6.41821007803156,-1.950496632838,-8.78837885888279
15.84,-6.41821007803156,-1.94030524722642,-8.6661439903488
15.8425,-6.40802116232514,-1.95559232564379,-8.79347197840504
15.845,-6.4334934515912,-1.97087940406115,-8.63049215369306
15.8475,-6.37745441520588,-1.92501816880906,-8.84949629314979
15.85,-6.36726549949946,-1.94540094003221,-8.81893757601629
15.8525,-6.35707658379304,-1.95559232564379,-8.66105087082655
15.855,-6.34688766808662,-1.96068801844958,-8.92079996646128
15.8575,-6.33160429452698,-1.91992247600327,-8.6865164684378
15.86,-6.32141537882056,-1.92501816880906,-8.6865164684378
15.8625,-6.31122646311414,-1.93011386161485,-8.69160958796005
15.865,-6.29594308955451,-2.05750618175956,-8.75272702222705
15.8675,-6.31632092096735,-1.95559232564379,-8.63558527321531
15.87,-6.30103754740772,-1.96068801844958,-8.64577151225981
15.8725,-6.2908486317013,-1.950496632838,-8.6661439903488
15.875,-6.2908486317013,-1.950496632838,-8.6661439903488
15.8775,-6.26028188458204,-1.95559232564379,-8.68142334891555
15.88,-6.25518742672882,-1.96068801844958,-8.6559577513043
15.8825,-6.25518742672882,-1.96578371125536,-8.6967027074823
15.885,-6.22971513746277,-1.97597509686694,-8.6967027074823
15.8875,-6.21952622175635,-1.95559232564379,-8.6763302293933
15.89,-6.23990405316919,-1.94030524722642,-8.78837885888279
15.8925,-6.23990405316919,-1.9046353975859,-8.67123710987105
15.895,-6.18386501678388,-1.94540094003221,-8.7068889465268
15.8975,-6.18386501678388,-1.93520955442063,-8.79856509792729
15.9,-6.17367610107746,-1.93520955442063,-8.69160958796005
15.9025,-6.16858164322425,-1.87406124075117,-8.72216830509355
15.905,-6.18386501678388,-1.86896554794538,-8.7272614246158
15.9075,-6.18386501678388,-1.85877416233381,-8.70179582700455
15.91,-6.13292043825177,-1.84858277672223,-8.73235454413805
15.9125,-6.12782598039856,-1.83839139111065,-8.7374476636603
15.915,-6.12273152254535,-1.81291292708171,-8.77309950031604
15.9175,-6.11254260683893,-1.84348708391644,-8.78837885888279
15.92,-6.11254260683893,-1.86896554794538,-8.71198206604905
15.9225,-6.10744814898572,-1.82820000549908,-8.74254078318255
15.925,-6.10235369113251,-1.84348708391644,-8.7578201417493
15.9275,-6.09216477542609,-1.84348708391644,-8.76291326127155
15.93,-6.09216477542609,-1.83839139111065,-8.79856509792729
15.9325,-6.08197585971966,-1.85367846952802,-8.81893757601629
15.935,-6.07688140186645,-1.87406124075117,-8.77819261983829
15.9375,-6.07178694401324,-1.7721473846354,-8.83421693458304
15.94,-6.06669248616003,-1.77724307744119,-8.76291326127155
15.9425,-6.06159802830682,-1.8638698551396,-8.79856509792729
15.945,-6.06159802830682,-1.76195599902383,-8.85458941267204
15.9475,-6.05650357045361,-1.76705169182962,-8.81384445649404
15.95,-6.06159802830682,-1.76195599902383,-8.79347197840504
15.9525,-6.06159802830682,-1.81291292708171,-8.76291326127155
15.955,-6.06159802830682,-1.79762584866435,-8.57956095847056
15.9575,-6.05650357045361,-1.79253015585856,-8.85968253219429
15.96,-6.05650357045361,-1.950496632838,-8.6559577513043
15.9625,-6.05650357045361,-1.93520955442063,-8.6559577513043
15.965,-6.08707031757288,-1.83329569830487,-8.93607932502803
15.9675,-6.06159802830682,-1.81291292708171,-8.81384445649404
15.97,-6.03612573904077,-1.98616648247852,-8.79347197840504
15.9725,-6.03103128118756,-2.00145356089588,-8.65086463178205
15.975,-6.00555899192151,-2.00654925370167,-8.59993343655956
15.9775,-6.02593682333435,-1.98107078967273,-8.78837885888279
15.98,-6.02593682333435,-2.00654925370167,-8.57446783894831
15.9825,-6.02593682333435,-1.98616648247852,-8.57956095847056
15.985,-6.04122019689398,-1.99126217528431,-8.61521279512631
15.9875,-6.02084236548114,-2.00654925370167,-8.63049215369306
15.99,-5.99537007621508,-2.01674063931325,-8.63558527321531
15.9925,-5.96480332909582,-1.97087940406115,-8.64067839273756
15.995,-5.98008670265545,-1.97597509686694,-8.6661439903488
15.9975,-5.96989778694903,-1.97087940406115,-8.67123710987105
16,-5.97499224480224,-0.0956644515310163,-8.64067839273756
16.0025,-5.96480332909582,-2.00654925370167,-8.65086463178205
16.005,-0.101082340050429,-2.06769756737113,-8.6559577513043
16.0075,-0.0959878821972175,-2.06769756737113,-8.6559577513043
16.01,-5.91895320841693,-2.36324775010686,-8.64577151225981
16.0125,-5.89348091915087,-2.35815205730107,-8.63049215369306
16.015,-5.89857537700408,-2.11355880262323,-8.71198206604905
16.0175,-5.89857537700408,-2.14413295945796,-8.66105087082655
16.02,-5.89857537700408,-2.13903726665217,-8.67123710987105
16.0225,-5.90366983485729,-2.18489850190427,-8.62539903417081
16.025,-5.92404766627014,-2.17980280909848,-8.75272702222705
16.0275,-5.92914212412335,-2.19508988751584,-8.75272702222705
16.03,-5.94442549768298,-2.20018558032163,-8.7374476636603
16.0325,-5.92914212412335,-2.22566404435057,-8.72216830509355
16.035,-5.92914212412335,-2.14922865226375,-8.6661439903488
16.0375,-5.93423658197656,-2.11355880262323,-8.63558527321531
16.04,-5.94442549768298,-2.09827172420586,-8.78837885888279
16.0425,-5.98008670265545,-2.19508988751584,-8.64577151225981
16.045,-5.99537007621508,-2.11355880262323,-8.80365821744954
16.0475,-5.98518116050866,-2.26133389399109,-8.84440317362754
16.05,-5.99537007621508,-2.01674063931325,-8.67123710987105
16.0525,-6.01574790762793,-2.02693202492483,-8.6763302293933
16.055,-6.03103128118756,-2.01674063931325,-8.7068889465268
16.0575,-6.04631465474719,-1.98616648247852,-8.7272614246158
16.06,-6.03612573904077,-2.02693202492483,-8.7272614246158
16.0625,-6.08197585971966,-1.9963578680901,-8.7068889465268
16.065,-6.11254260683893,-1.9963578680901,-8.63558527321531
16.0675,-6.09216477542609,-1.95559232564379,-8.65086463178205
16.07,-6.10744814898572,-1.96068801844958,-8.66105087082655
16.0725,-6.11254260683893,-2.15942003787532,-8.62030591464856
16.075,-6.12273152254535,-1.95559232564379,-8.65086463178205
16.0775,-6.10235369113251,-1.950496632838,-8.65086463178205
16.08,-6.10235369113251,-2.14413295945796,-8.79347197840504
16.0825,-6.10744814898572,-2.17980280909848,-8.63049215369306
16.085,-6.10744814898572,-1.97087940406115,-8.62030591464856
16.0875,-6.10744814898572,-2.11865449542902,-8.63049215369306
16.09,-6.11254260683893,-2.14413295945796,-8.63558527321531
16.0925,-6.11763706469214,-2.05241048895377,-8.63558527321531
16.095,-6.12273152254535,-2.11355880262323,-8.64067839273756
16.0975,-6.12782598039856,-1.99126217528431,-8.64577151225981
16.1,-6.13292043825177,-1.950496632838,-8.63558527321531
16.1025,-6.14310935395819,-1.93011386161485,-8.64577151225981
16.105,-6.15329826966461,-1.97597509686694,-8.63558527321531
16.1075,-6.16348718537103,-1.90973109039169,-8.64067839273756
16.11,-6.17877055893067,-1.90973109039169,-8.65086463178205
16.1125,-6.18386501678388,-1.9046353975859,-8.6559577513043
16.115,-6.1940539324903,-1.78233877024698,-8.68142334891555
16.1175,-6.20933730604993,-1.87915693355696,-8.6559577513043
16.12,-6.21952622175635,-1.91992247600327,-8.6661439903488
16.1225,-6.23480959531598,-1.82820000549908,-8.69160958796005
16.125,-6.2449985110224,-1.75686030621804,-8.66105087082655
16.1275,-6.25518742672882,-1.84858277672223,-8.6865164684378
16.13,-6.26537634243525,-1.87406124075117,-8.69160958796005
16.1325,-6.27047080028846,-1.74157322780068,-8.6865164684378
16.135,-6.31632092096735,-1.9046353975859,-8.7272614246158
16.1375,-6.34688766808662,-1.7313818421891,-8.73235454413805
16.14,-6.30103754740772,-1.7313818421891,-8.7068889465268
16.1425,-6.35198212593983,-1.9963578680901,-8.6865164684378
16.145,-6.31122646311414,-1.94030524722642,-8.69160958796005
16.1475,-6.31632092096735,-1.93011386161485,-8.6967027074823
16.15,-6.34688766808662,-1.95559232564379,-8.73235454413805
16.1525,-6.33669875238019,-1.96578371125536,-8.76291326127155
16.155,-6.32141537882056,-1.85367846952802,-8.70179582700455
16.1575,-6.33669875238019,-1.83839139111065,-8.77819261983829
16.16,-6.33669875238019,-1.82820000549908,-8.66105087082655
16.1625,-6.3417932102334,-1.82820000549908,-8.74254078318255
16.165,-6.3417932102334,-1.82820000549908,-8.6661439903488
16.1675,-6.33669875238019,-1.88425262636275,-8.79856509792729
16.17,-6.36217104164625,-1.84348708391644,-8.77819261983829
16.1725,-6.36217104164625,-1.85367846952802,-8.67123710987105
16.175,-6.31632092096735,-1.83329569830487,-8.69160958796005
16.1775,-6.31122646311414,-1.82820000549908,-8.69160958796005
16.18,-6.31122646311414,-1.85367846952802,-8.71198206604905
16.1825,-6.31122646311414,-1.8638698551396,-8.73235454413805
16.185,-6.31122646311414,-1.88934831916854,-8.73235454413805
16.1875,-6.31122646311414,-1.89444401197433,-8.72216830509355
16.19,-6.30613200526093,-1.89444401197433,-8.7272614246158
16.1925,-6.31122646311414,-0.0956644515310163,-8.7272614246158
16.195,-6.30613200526093,-0.0956644515310163,-8.7272614246158
16.1975,-6.30103754740772,-0.0956644515310163,-8.73235454413805
16.2,-6.30103754740772,-0.0956644515310163,-8.6967027074823
16.2025,-6.30103754740772,-0.0956644515310163,-8.83421693458304
16.205,-6.29594308955451,-2.0829846457885,-8.84440317362754
16.2075,-6.30103754740772,-2.2562382011853,-8.84440317362754
16.21,-6.30613200526093,-2.27662097240846,-8.82912381506079
16.2125,-6.30613200526093,-2.09827172420586,-8.83421693458304
16.215,-6.30103754740772,-2.12884588104059,-8.73235454413805
16.2175,-6.30613200526093,-2.18999419471005,-8.77309950031604
16.22,-6.31122646311414,-2.2562382011853,-8.77309950031604
16.2225,-6.31122646311414,-2.20528127312742,-8.76800638079379
16.225,-6.31122646311414,-2.14922865226375,-8.76291326127155
16.2275,-6.29594308955451,-2.26133389399109,-8.7578201417493
16.23,-6.29594308955451,-2.26133389399109,-8.77309950031604
16.2325,-6.30103754740772,-2.26133389399109,-8.71198206604905
16.235,-6.30613200526093,-2.25114250837952,-8.68142334891555
16.2375,-6.30103754740772,-2.2562382011853,-8.79347197840504
16.24,-6.31122646311414,-2.38363052133001,-8.79347197840504
16.2425,-6.33160429452698,-2.38363052133001,-8.77819261983829
16.245,-6.33160429452698,-2.22566404435057,-8.84440317362754
16.2475,-6.3417932102334,-2.21037696593321,-8.6967027074823
16.25,-6.32650983667377,-2.17980280909848,-8.6967027074823
16.2525,-6.33160429452698,-2.1696114234869,-8.71198206604905
16.255,-6.33160429452698,-2.17980280909848,-8.6865164684378
16.2575,-6.33669875238019,-2.17470711629269,-8.6967027074823
16.26,-6.3417932102334,-2.15432434506954,-8.7068889465268
16.2625,-6.34688766808662,-2.1696114234869,-8.6763302293933
16.265,-6.35198212593983,-2.11865449542902,-8.6967027074823
16.2675,-6.35707658379304,-2.15432434506954,-8.71198206604905
16.27,-6.36217104164625,-2.14922865226375,-8.73235454413805
16.2725,-6.36726549949946,-2.09317603140008,-8.71198206604905
16.275,-6.37235995735267,-2.07279326017692,-8.7272614246158
16.2775,-6.37235995735267,-2.05750618175956,-8.6967027074823
16.28,-6.37235995735267,-2.20018558032163,-8.75272702222705
16.2825,-6.36726549949946,-2.16451573068111,-8.6967027074823
16.285,-6.36726549949946,-2.0829846457885,-8.70179582700455
16.2875,-6.36217104164625,-2.05241048895377,-8.6967027074823
16.29,-6.35707658379304,-2.0829846457885,-8.7170751855713
16.2925,-6.34688766808662,-2.01674063931325,-8.73235454413805
16.295,-6.34688766808662,-1.98107078967273,-8.71198206604905
16.2975,-6.36217104164625,-1.97597509686694,-8.7170751855713
16.3,-6.35707658379304,-1.96578371125536,-8.73235454413805
16.3025,-6.35707658379304,-1.9046353975859,-8.73235454413805
16.305,-6.32650983667377,-1.89953970478012,-8.7170751855713
16.3075,-6.3417932102334,-1.88934831916854,-8.73235454413805
16.31,-6.31632092096735,-1.8638698551396,-8.7272614246158
16.3125,-6.33669875238019,-1.86896554794538,-8.7578201417493
16.315,-6.33669875238019,-1.87406124075117,-8.79347197840504
16.3175,-6.28575417384809,-1.88934831916854,-8.7272614246158
16.32,-6.35707658379304,-1.87406124075117,-8.71198206604905
16.3225,-6.35198212593983,-1.9046353975859,-8.75272702222705
16.325,-6.35198212593983,-1.91482678319748,-8.7476339027048
16.3275,-6.35198212593983,-1.91482678319748,-8.90042748837228
16.33,-6.35198212593983,-2.37343913571844,-8.69160958796005
16.3325,-6.35707658379304,-2.36834344291265,-8.69160958796005
16.335,-0.0908934243440065,-2.41930037097053,-8.69160958796005
16.3375,-0.0908934243440065,-2.42439606377632,-8.76291326127155
16.34,-0.0908934243440065,-2.39891759974738,-8.80875133697179
16.3425,-0.0959878821972175,-2.06260187456535,-8.89533436885003
16.345,-0.0959878821972175,-1.93520955442063,-8.81384445649404
16.3475,-0.0959878821972175,-1.91482678319748,-8.78328573936054
16.35,-6.18895947463709,-1.98107078967273,-8.72216830509355
16.3525,-6.18895947463709,-1.88425262636275,-8.7272614246158
16.355,-6.16348718537103,-1.88425262636275,-8.7170751855713
16.3575,-6.18895947463709,-1.85877416233381,-8.7476339027048
16.36,-6.18386501678388,-1.86896554794538,-8.7578201417493
16.3625,-6.17877055893067,-1.87915693355696,-8.6967027074823
16.365,-6.15329826966461,-1.86896554794538,-8.69160958796005
16.3675,-6.1482038118114,-1.83329569830487,-8.7476339027048
16.37,-6.14310935395819,-1.84348708391644,-8.79856509792729
16.3725,-6.1482038118114,-1.8638698551396,-8.7476339027048
16.375,-6.13801489610498,-1.83329569830487,-8.86986877123879
16.3775,-6.13801489610498,-1.83329569830487,-8.7476339027048
16.38,-6.13801489610498,-1.85367846952802,-8.71198206604905
16.3825,-6.13292043825177,-1.82820000549908,-8.74254078318255
16.385,-6.12782598039856,-1.82310431269329,-8.7476339027048
16.3875,-6.13292043825177,-1.84858277672223,-8.7170751855713
16.39,-6.13292043825177,-1.82310431269329,-8.7170751855713
16.3925,-6.13292043825177,-1.82820000549908,-8.79347197840504
16.395,-6.13801489610498,-1.82310431269329,-8.7578201417493
16.3975,-6.13801489610498,-1.83329569830487,-8.71198206604905
16.4,-6.13292043825177,-1.84858277672223,-8.7170751855713
16.4025,-6.1482038118114,-1.87406124075117,-8.7578201417493
16.405,-6.14310935395819,-1.87915693355696,-8.7578201417493
16.4075,-6.13801489610498,-1.88934831916854,-8.68142334891555
16.41,-6.18386501678388,-1.9046353975859,-8.67123710987105
16.4125,-6.1482038118114,-1.92501816880906,-8.6661439903488
16.415,-6.14310935395819,-1.94540094003221,-8.76800638079379
16.4175,-6.12273152254535,-1.93520955442063,-8.67123710987105
16.42,-6.09216477542609,-1.97087940406115,-8.6661439903488
16.4225,-6.11254260683893,-1.98616648247852,-8.6763302293933
16.425,-6.11254260683893,-2.00145356089588,-8.77819261983829
16.4275,-6.10235369113251,-2.00654925370167,-8.80875133697179
16.43,-6.0972592332793,-2.32248220766055,-8.70179582700455
16.4325,-6.09216477542609,-2.31738651485477,-8.6763302293933
16.435,-6.09216477542609,-2.3887262141358,-8.7272614246158
16.4375,-6.08707031757288,-2.22566404435057,-8.64067839273756
16.44,-6.08707031757288,-2.28681235802003,-8.6865164684378
16.4425,-6.08197585971966,-2.31738651485477,-8.61011967560406
16.445,-6.07178694401324,-2.31738651485477,-8.65086463178205
16.4475,-6.07178694401324,-2.09827172420586,-8.67123710987105
16.45,-6.06669248616003,-2.11355880262323,-8.7068889465268
16.4525,-6.06669248616003,-2.15432434506954,-8.82912381506079
16.455,-6.09216477542609,-2.05750618175956,-8.7068889465268
16.4575,-6.06669248616003,-2.09827172420586,-8.56937471942606
16.46,-6.06159802830682,-2.10846310981744,-8.60502655608181
16.4625,-6.06669248616003,-2.10846310981744,-8.78837885888279
16.465,-6.06669248616003,-1.9963578680901,-8.60502655608181
16.4675,-6.07178694401324,-1.98616648247852,-8.60502655608181
16.47,-6.06669248616003,-2.01674063931325,-8.82403069553854
16.4725,-6.06669248616003,-1.99126217528431,-8.60502655608181
16.475,-6.06669248616003,-2.01164494650746,-8.61011967560406
16.4775,-6.06669248616003,-2.01674063931325,-8.56428159990381
16.48,-6.07178694401324,-1.96578371125536,-8.55918848038156
16.4825,-6.06669248616003,-2.01674063931325,-8.55409536085931
16.485,-6.06159802830682,-2.02183633211904,-8.56428159990381
16.4875,-6.06669248616003,-2.01164494650746,-8.59484031703731
16.49,-6.06669248616003,-1.9963578680901,-8.58974719751506
16.4925,-6.08197585971966,-2.13394157384638,-8.59484031703731
16.495,-6.08707031757288,-2.0829846457885,-0.10461007344729
16.4975,-6.09216477542609,-2.06260187456535,-8.57446783894831
16.5,-6.0972592332793,-1.97597509686694,-8.61011967560406
16.5025,-6.10235369113251,-2.01164494650746,-8.64067839273756
16.505,-6.11254260683893,-2.00145356089588,-8.63558527321531
16.5075,-6.14310935395819,-2.01164494650746,-8.61521279512631
16.51,-6.07178694401324,-2.04221910334219,-8.64577151225981
16.5125,-6.10744814898572,-2.01164494650746,-8.61521279512631
16.515,-6.11254260683893,-1.9963578680901,-8.63049215369306
16.5175,-6.16348718537103,-1.9963578680901,-8.63049215369306
16.52,-6.15329826966461,-1.9963578680901,-8.68142334891555
16.5225,-6.15329826966461,-1.96068801844958,-8.63049215369306
16.525,-6.0972592332793,-1.95559232564379,-8.62030591464856
16.5275,-6.10744814898572,-1.94540094003221,-8.61011967560406
16.53,-6.10744814898572,-1.94030524722642,-8.6967027074823
16.5325,-6.11254260683893,-1.93520955442063,-8.59484031703731
16.535,-6.10235369113251,-1.93520955442063,-8.6967027074823
16.5375,-6.10235369113251,-1.97087940406115,-8.66105087082655
16.54,-6.10235369113251,-1.950496632838,-8.6661439903488
16.5425,-6.0972592332793,-1.95559232564379,-8.58974719751506
16.545,-6.09216477542609,-1.95559232564379,-8.58465407799281
16.5475,-6.08707031757288,-2.01164494650746,-8.65086463178205
16.55,-6.08197585971966,-2.01164494650746,-8.65086463178205
16.5525,-6.10235369113251,-1.99126217528431,-8.64067839273756
16.555,-6.0972592332793,-1.98616648247852,-0.10461007344729
16.5575,-6.0972592332793,-2.00145356089588,-8.63049215369306
16.56,-6.09216477542609,-1.9963578680901,-8.57446783894831
16.5625,-6.09216477542609,-1.98107078967273,-8.54390912181481
16.565,-6.09216477542609,-1.98107078967273,-8.54390912181481
16.5675,-6.06669248616003,-2.00145356089588,-8.58465407799281
16.57,-6.09216477542609,-1.99126217528431,-8.58974719751506
16.5725,-6.09216477542609,-1.98616648247852,-8.57446783894831
16.575,-6.0972592332793,-1.98616648247852,-8.56937471942606
16.5775,-6.0972592332793,-2.00145356089588,-8.57446783894831
16.58,-6.08707031757288,-2.0371234105364,-8.61011967560406
16.5825,-6.0972592332793,-1.9963578680901,-8.57956095847056
16.585,-6.0972592332793,-1.97597509686694,-8.54900224133706
16.5875,-6.0972592332793,-1.96578371125536,-8.55409536085931
16.59,-6.0972592332793,-1.96578371125536,-8.60502655608181
16.5925,-6.12273152254535,-1.95559232564379,-8.59993343655956
16.595,-6.12273152254535,-1.96578371125536,-8.59993343655956
16.5975,-6.12782598039856,-1.99126217528431,-8.57446783894831
16.6,-6.10744814898572,-1.950496632838,-8.57446783894831
16.6025,-6.12782598039856,-1.97087940406115,-8.58465407799281
16.605,-6.12782598039856,-1.950496632838,-8.58465407799281
16.6075,-6.12782598039856,-1.97597509686694,-8.61521279512631
16.61,-6.12782598039856,-1.93520955442063,-8.66105087082655
16.6125,-6.12782598039856,-1.93011386161485,-8.60502655608181
16.615,-6.13292043825177,-1.93520955442063,-8.59993343655956
16.6175,-6.12782598039856,-1.91992247600327,-8.58974719751506
16.62,-6.13292043825177,-1.94030524722642,-8.59993343655956
16.6225,-6.13801489610498,-1.95559232564379,-8.61521279512631
16.625,-6.13801489610498,-1.93520955442063,-8.63558527321531
16.6275,-6.14310935395819,-1.92501816880906,-8.62030591464856
16.63,-6.13801489610498,-1.92501816880906,-8.62030591464856
16.6325,-6.16858164322425,-1.950496632838,-8.63049215369306
16.635,-6.1940539324903,-1.950496632838,-8.56937471942606
16.6375,-6.16858164322425,-1.95559232564379,-8.58974719751506
16.64,-6.16858164322425,-1.98616648247852,-8.58465407799281
16.6425,-6.1940539324903,-2.00145356089588,-8.61521279512631
16.645,-6.22462067960956,-1.97597509686694,-8.60502655608181
16.6475,-6.1940539324903,-1.950496632838,-8.59484031703731
16.65,-6.22462067960956,-1.97597509686694,-8.6559577513043
16.6525,-6.17877055893067,-1.97087940406115,-8.59993343655956
16.655,-6.20933730604993,-2.02693202492483,-8.61011967560406
16.6575,-6.23480959531598,-2.07788895298271,-8.66105087082655
16.66,-6.23990405316919,-2.07788895298271,-8.63049215369306
16.6625,-6.1940539324903,-2.07788895298271,-8.63558527321531
16.665,-6.15329826966461,-2.09317603140008,-8.57446783894831
16.6675,-6.15329826966461,-2.08808033859429,-8.53881600229256
16.67,-6.15329826966461,-2.09827172420586,-8.53372288277031
16.6725,-0.0959878821972175,-2.11355880262323,-8.53881600229256
16.675,-0.0959878821972175,-2.11865449542902,-8.53372288277031
16.6775,-0.0959878821972175,-2.17470711629269,-8.56428159990381
16.68,-6.10235369113251,-2.15432434506954,-8.58465407799281
16.6825,-6.0972592332793,-2.13394157384638,-8.61521279512631
16.685,-6.09216477542609,-2.15942003787532,-8.55918848038156
16.6875,-6.06159802830682,-2.14413295945796,-8.57446783894831
16.69,-6.0514091126004,-2.13903726665217,-8.56937471942606
16.6925,-6.07688140186645,-2.18489850190427,-8.57956095847056
16.695,-6.07688140186645,-2.14413295945796,-8.59993343655956
16.6975,-6.07178694401324,-2.15942003787532,-8.61011967560406
16.7,-6.0972592332793,-2.18489850190427,-8.61521279512631
16.7025,-6.0972592332793,-2.18999419471005,-8.63558527321531
16.705,-6.0972592332793,-2.15942003787532,-8.62030591464856
16.7075,-6.04631465474719,-2.16451573068111,-8.64577151225981
16.71,-6.04631465474719,-2.17470711629269,-8.7068889465268
16.7125,-6.04631465474719,-2.18489850190427,-8.63558527321531
16.715,-6.02084236548114,-2.19508988751584,-8.66105087082655
16.7175,-6.06669248616003,-2.215472658739,-8.6559577513043
16.72,-6.03103128118756,-2.24095112276794,-8.57956095847056
16.7225,-6.00555899192151,-2.215472658739,-8.6661439903488
16.725,-6.0004645340683,-2.22566404435057,-8.70179582700455
16.7275,-6.0004645340683,-2.18489850190427,-8.7068889465268
16.73,-6.00555899192151,-2.20528127312742,-8.71198206604905
16.7325,-6.00555899192151,-2.22056835154479,-8.75272702222705
16.735,-6.00555899192151,-2.215472658739,-8.74254078318255
16.7375,-6.01065344977472,-2.215472658739,-8.7476339027048
16.74,-6.01065344977472,-2.23075973715636,-8.64067839273756
16.7425,-6.01574790762793,-2.23075973715636,-8.88514812980553
16.745,-6.02084236548114,-2.24095112276794,-8.63558527321531
16.7475,-6.02084236548114,-2.25114250837952,-8.63558527321531
16.75,-6.02593682333435,-2.26133389399109,-8.69160958796005
16.7525,-6.0514091126004,-2.27152527960267,-8.67123710987105
16.755,-6.02084236548114,-2.26133389399109,-8.6661439903488
16.7575,-6.02593682333435,-2.28681235802003,-8.68142334891555
16.76,-6.05650357045361,-2.29700374363161,-8.68142334891555
16.7625,-6.06669248616003,-2.3020994364374,-8.64067839273756
16.765,-6.07178694401324,-2.28171666521425,-8.6559577513043
16.7675,-6.08197585971966,-2.28171666521425,-8.67123710987105
16.77,-6.09216477542609,-2.28171666521425,-8.6763302293933
16.7725,-6.10235369113251,-2.30719512924319,-8.6967027074823
16.775,-6.09216477542609,-2.3020994364374,-8.7068889465268
16.7775,-6.10744814898572,-2.27662097240846,-8.69160958796005
16.78,-6.14310935395819,-2.29190805082582,-8.76291326127155
16.7825,-6.10744814898572,-2.28171666521425,-8.73235454413805
16.785,-6.16858164322425,-2.28171666521425,-8.75272702222705
16.7875,-6.17877055893067,-2.1696114234869,-8.75272702222705
16.79,-6.17877055893067,-2.15432434506954,-8.77309950031604
16.7925,-6.18895947463709,-2.13903726665217,-8.78837885888279
16.795,-6.19914839034351,-2.08808033859429,-8.82912381506079
16.7975,-6.20933730604993,-1.99126217528431,-8.7476339027048
16.8,-6.22462067960956,-1.97597509686694,-8.80875133697179
16.8025,-6.22971513746277,-1.97597509686694,-8.7374476636603
16.805,-6.23480959531598,-1.92501816880906,-8.80365821744954
16.8075,-6.22462067960956,-1.94540094003221,-8.7374476636603
16.81,-6.23480959531598,-1.93011386161485,-8.88005501028329
16.8125,-6.23990405316919,-1.91992247600327,-8.82912381506079
16.815,-6.23990405316919,-1.91992247600327,-8.82403069553854
16.8175,-6.23990405316919,-1.9046353975859,-8.77309950031604
16.82,-6.23480959531598,-1.85877416233381,-8.7272614246158
16.8225,-6.23990405316919,-1.84858277672223,-8.70179582700455
16.825,-6.2449985110224,-1.81291292708171,-8.79856509792729
16.8275,-6.25009296887561,-1.83329569830487,-8.73235454413805
16.83,-6.25518742672882,-1.83329569830487,-8.6967027074823
16.8325,-6.25518742672882,-1.81291292708171,-8.6967027074823
16.835,-6.25518742672882,-1.83329569830487,-8.7068889465268
16.8375,-6.28065971599488,-1.80272154147014,-8.78837885888279
16.84,-6.28575417384809,-1.80272154147014,-8.68142334891555
16.8425,-6.27047080028846,-1.76705169182962,-8.6967027074823
16.845,-6.2908486317013,-1.79762584866435,-8.6967027074823
16.8475,-6.29594308955451,-1.7721473846354,-8.6967027074823
16.85,-6.29594308955451,-1.79253015585856,-8.70179582700455
16.8525,-6.30613200526093,-1.72628614938331,-8.71198206604905
16.855,-6.30613200526093,-1.72119045657752,-8.73235454413805
16.8575,-6.27556525814167,-1.73647753499489,-8.85458941267204
16.86,-6.28065971599488,-1.75176461341225,-8.73235454413805
16.8625,-6.2908486317013,-1.70590337816015,-8.71198206604905
16.865,-6.2908486317013,-1.73647753499489,-8.7170751855713
16.8675,-6.2908486317013,-1.71099907096594,-8.75272702222705
16.87,-6.27047080028846,-1.70590337816015,-8.75272702222705
16.8725,-6.29594308955451,-1.70590337816015,-8.73235454413805
16.875,-6.31632092096735,-1.70590337816015,-8.74254078318255
16.8775,-6.27047080028846,-1.70590337816015,-8.7476339027048
16.88,-6.2908486317013,-1.78233877024698,-8.80365821744954
16.8825,-6.27047080028846,-1.74157322780068,-8.7476339027048
16.885,-6.27047080028846,-1.72119045657752,-8.7476339027048
16.8875,-6.2908486317013,-1.79762584866435,-8.7578201417493
16.89,-6.27556525814167,-1.74157322780068,-8.86986877123879
16.8925,-6.28065971599488,-1.71099907096594,-8.78328573936054
16.895,-6.23480959531598,-1.71609476377173,-8.7476339027048
16.8975,-6.22971513746277,-1.72119045657752,-8.79347197840504
16.9,-6.22971513746277,-1.69571199254858,-8.76800638079379
16.9025,-6.22971513746277,-1.72119045657752,-8.77309950031604
16.905,-6.21952622175635,-1.75176461341225,-8.81893757601629
16.9075,-6.21443176390314,-1.72628614938331,-8.78328573936054
16.91,-6.20933730604993,-1.7313818421891,-8.73235454413805
16.9125,-6.20424284819672,-1.75686030621804,-8.77309950031604
16.915,-6.19914839034351,-1.79253015585856,-8.81384445649404
16.9175,-6.1940539324903,-1.76195599902383,-8.7578201417493
16.92,-6.18895947463709,-1.76705169182962,-8.74254078318255
16.9225,-6.18895947463709,-1.76705169182962,-8.79856509792729
16.925,-6.17877055893067,-1.80781723427592,-8.80365821744954
16.9275,-6.17877055893067,-1.75686030621804,-8.81893757601629
16.93,-6.19914839034351,-1.79762584866435,-8.7374476636603
16.9325,-6.1940539324903,-1.79253015585856,-8.70179582700455
16.935,-6.1482038118114,-1.76195599902383,-8.71198206604905
16.9375,-6.1482038118114,-1.81291292708171,-8.82403069553854
16.94,-6.1482038118114,-1.8180086198875,-8.85458941267204
16.9425,-6.1482038118114,-1.80781723427592,-8.85968253219429
16.945,-6.15839272751782,-1.80272154147014,-8.75272702222705
16.9475,-6.13292043825177,-1.79762584866435,-8.75272702222705
16.95,-6.12782598039856,-1.79762584866435,-8.90042748837228
16.9525,-6.1482038118114,-1.79253015585856,-8.84440317362754
16.955,-6.1482038118114,-1.78743446305277,-8.79856509792729
16.9575,-6.17367610107746,-1.78743446305277,-8.78837885888279
16.96,-6.10744814898572,-1.79762584866435,-8.82912381506079
16.9625,-6.10235369113251,-1.81291292708171,-8.81384445649404
16.965,-6.0972592332793,-1.85367846952802,-8.84440317362754
16.9675,-6.0972592332793,-1.84348708391644,-8.96154492263928
16.97,-6.11763706469214,-1.88425262636275,-8.74254078318255
16.9725,-6.09216477542609,-1.8638698551396,-8.7170751855713
16.975,-6.08707031757288,-1.94540094003221,-8.7272614246158
16.9775,-6.08197585971966,-1.87406124075117,-8.74254078318255
16.98,-6.08707031757288,-1.91482678319748,-8.74254078318255
16.9825,-6.08707031757288,-1.92501816880906,-8.81893757601629
16.985,-6.08707031757288,-1.950496632838,-8.85968253219429
16.9875,-6.09216477542609,-1.94030524722642,-8.84440317362754
16.99,-6.0972592332793,-1.99126217528431,-8.78837885888279
16.9925,-6.0972592332793,-1.94540094003221,-8.83931005410529
16.995,-6.0972592332793,-2.05241048895377,-8.83931005410529
16.9975,-6.0972592332793,-2.03202771773061,-8.84440317362754
17,-6.0972592332793,-1.99126217528431,-8.83421693458304
17.0025,-6.11763706469214,-1.97597509686694,-8.74254078318255
17.005,-6.11254260683893,-1.93520955442063,-8.87496189076104
17.0075,-6.08707031757288,-1.9046353975859,-8.94626556407253
17.01,-6.08197585971966,-1.91482678319748,-8.76800638079379
17.0125,-6.08707031757288,-1.90973109039169,-8.75272702222705
17.015,-6.08197585971966,-1.96068801844958,-8.7578201417493
17.0175,-6.08707031757288,-1.950496632838,-8.7374476636603
17.02,-6.08707031757288,-1.96578371125536,-8.7374476636603
17.0225,-6.09216477542609,-1.97597509686694,-8.78837885888279
17.025,-6.0972592332793,-1.97087940406115,-8.79347197840504
17.0275,-6.10744814898572,-1.96578371125536,-8.82403069553854
17.03,-6.10744814898572,-1.97597509686694,-8.80365821744954
17.0325,-6.11254260683893,-1.99126217528431,-8.81384445649404
17.035,-6.13801489610498,-1.98616648247852,-8.81384445649404
17.0375,-6.10235369113251,-2.00654925370167,-8.82912381506079
17.04,-6.10744814898572,-2.05241048895377,-8.81384445649404
17.0425,-6.11763706469214,-2.07279326017692,-8.81384445649404
17.045,-6.11763706469214,-2.10336741701165,-8.81893757601629
17.0475,-6.12782598039856,-2.1237501882348,-8.83931005410529
17.05,-6.12782598039856,-2.13394157384638,-8.83931005410529
17.0525,-6.13801489610498,-2.13394157384638,-8.83421693458304
17.055,-6.1482038118114,-2.20018558032163,-8.82403069553854
17.0575,-6.17877055893067,-2.19508988751584,-8.7578201417493
17.06,-6.18895947463709,-2.23585542996215,-8.89024124932778
17.0625,-6.16858164322425,-2.27662097240846,-8.87496189076104
17.065,-6.17877055893067,-2.28171666521425,-8.88514812980553
17.0675,-6.18386501678388,-2.31229082204898,-8.67123710987105
17.07,-6.18895947463709,-2.31229082204898,-8.90042748837228
17.0725,-6.1940539324903,-2.3020994364374,-8.90042748837228
17.075,-6.1940539324903,-2.33776928607792,-8.63558527321531
17.0775,-6.19914839034351,-2.3479606716895,-8.6661439903488
17.08,-6.20424284819672,-2.36324775010686,-8.67123710987105
17.0825,-6.21443176390314,-2.37343913571844,-8.6661439903488
17.085,-6.22462067960956,-2.37343913571844,-8.67123710987105
17.0875,-6.25009296887561,-2.37853482852423,-8.68142334891555
17.09,-6.26537634243525,-2.41930037097053,-8.7068889465268
17.0925,-6.27047080028846,-2.44477883499948,-8.7476339027048
17.095,-6.27556525814167,-2.4345874493879,-8.70179582700455
17.0975,-6.27556525814167,-2.45497022061105,-8.70179582700455
17.1,-6.2908486317013,-2.47025729902842,-8.73235454413805
17.1025,-6.29594308955451,-2.47535299183421,-8.72216830509355
17.105,-6.29594308955451,-2.51611853428051,-8.76291326127155
17.1075,-6.33669875238019,-2.46006591341684,-8.7476339027048
17.11,-6.33160429452698,-2.47025729902842,-8.7272614246158
17.1125,-6.31632092096735,-2.49064007025157,-8.69160958796005
17.115,-6.34688766808662,-2.50083145586315,-8.78837885888279
17.1175,-6.36217104164625,-2.50592714866894,-8.79856509792729
17.12,-6.36217104164625,-2.51102284147473,-8.7476339027048
17.1225,-6.35198212593983,-2.50592714866894,-8.72216830509355
17.125,-6.36217104164625,-2.49573576305736,-8.74254078318255
17.1275,-6.36726549949946,-2.51611853428051,-8.6763302293933
17.13,-6.37235995735267,-2.52630991989209,-8.67123710987105
17.1325,-6.38254887305909,-2.51102284147473,-8.67123710987105
17.135,-6.39273778876551,-2.53140561269788,-8.81893757601629
17.1375,-6.40292670447193,-2.49573576305736,-8.81893757601629
17.14,-6.40292670447193,-2.54669269111524,-8.64577151225981
17.1425,-6.40292670447193,-2.49064007025157,-8.64067839273756
17.145,-6.41311562017835,-2.53140561269788,-8.64067839273756
17.1475,-6.39783224661872,-2.51102284147473,-8.68142334891555
17.15,-6.40292670447193,-2.46516160622263,-8.6559577513043
17.1525,-6.41311562017835,-2.45497022061105,-8.64577151225981
17.155,-6.41821007803156,-2.50083145586315,-8.6559577513043
17.1575,-6.42330453588477,-2.4345874493879,-8.69160958796005
17.16,-6.4334934515912,-2.39891759974738,-8.64577151225981
17.1625,-6.43858790944441,-2.39382190694159,-8.68142334891555
17.165,-6.43858790944441,-2.38363052133001,-8.6865164684378
17.1675,-6.44368236729762,-2.37343913571844,-8.65086463178205
17.17,-6.43858790944441,-2.36324775010686,-8.6559577513043
17.1725,-6.43858790944441,-2.35305636449528,-8.67123710987105
17.175,-6.46915465656367,-2.35305636449528,-8.70179582700455
17.1775,-6.46915465656367,-2.40401329255317,-8.67123710987105
17.18,-6.43858790944441,-2.32757790046634,-8.69160958796005
17.1825,-6.43858790944441,-2.40401329255317,-8.64067839273756
17.185,-6.46406019871046,-2.40401329255317,-8.72216830509355
17.1875,-6.4334934515912,-2.32757790046634,-8.76291326127155
17.19,-6.42839899373798,-2.27662097240846,-8.67123710987105
17.1925,-6.42330453588477,-2.21037696593321,-8.67123710987105
17.195,-6.42330453588477,-2.24604681557373,-8.73235454413805
17.1975,-6.41821007803156,-2.23075973715636,-8.6967027074823
17.2,-6.4334934515912,-2.15942003787532,-8.72216830509355
17.2025,-6.39783224661872,-2.14413295945796,-8.72216830509355
17.205,-6.3876433309123,-2.07788895298271,-8.6967027074823
17.2075,-6.38254887305909,-2.0829846457885,-8.80365821744954
17.21,-6.38254887305909,-2.08808033859429,-8.76800638079379
17.2125,-6.37235995735267,-2.04221910334219,-8.79347197840504
17.215,-6.37235995735267,-2.03202771773061,-8.79347197840504
17.2175,-6.36217104164625,-2.01674063931325,-8.79347197840504
17.22,-6.38254887305909,-2.03202771773061,-0.0995169539250416
17.2225,-6.38254887305909,-2.02693202492483,-0.0995169539250416
17.225,-6.35707658379304,-2.01674063931325,-8.71198206604905
17.2275,-6.35198212593983,-2.00654925370167,-8.7272614246158
17.23,-6.35198212593983,-2.00145356089588,-8.7170751855713
17.2325,-6.35707658379304,-1.9963578680901,-8.72216830509355
17.235,-6.33160429452698,-2.00654925370167,-8.71198206604905
17.2375,-6.33160429452698,-1.99126217528431,-8.76291326127155
17.24,-6.29594308955451,-2.02183633211904,-8.76291326127155
17.2425,-6.2908486317013,-2.01164494650746,-8.72216830509355
17.245,-6.28065971599488,-2.00145356089588,-8.69160958796005
17.2475,-6.27047080028846,-2.06260187456535,-8.6865164684378
17.25,-6.27047080028846,-2.0371234105364,-8.82403069553854
17.2525,-6.26537634243525,-2.0371234105364,-8.64577151225981
17.255,-6.26028188458204,-2.02693202492483,-8.7068889465268
17.2575,-6.25518742672882,-2.0371234105364,-8.76291326127155
17.26,-6.2449985110224,-2.02693202492483,-8.6559577513043
17.2625,-6.23990405316919,-2.04221910334219,-8.7374476636603
17.265,-6.21443176390314,-2.04731479614798,-8.76291326127155
17.2675,-6.20933730604993,-2.02183633211904,-8.76291326127155
17.27,-6.19914839034351,-2.04221910334219,-8.70179582700455
17.2725,-6.1940539324903,-2.07279326017692,-8.6763302293933
17.275,-6.18386501678388,-2.0829846457885,-8.71198206604905
17.2775,-6.17367610107746,-2.09827172420586,-8.6559577513043
17.28,-6.15839272751782,-2.1237501882348,-8.6967027074823
17.2825,-6.14310935395819,-2.15432434506954,-8.7068889465268
17.285,-6.13292043825177,-2.13394157384638,-8.69160958796005
17.2875,-6.12782598039856,-2.10846310981744,-8.6763302293933
17.29,-6.11254260683893,-2.10336741701165,-8.6967027074823
17.2925,-6.10744814898572,-2.10336741701165,-8.72216830509355
17.295,-6.0972592332793,-2.13903726665217,-8.7272614246158
17.2975,-6.09216477542609,-2.15432434506954,-8.7374476636603
17.3,-6.08707031757288,-2.16451573068111,-8.76291326127155
17.3025,-6.07688140186645,-2.17470711629269,-8.79856509792729
17.305,-6.07178694401324,-2.15942003787532,-8.7476339027048
17.3075,-6.06669248616003,-2.11355880262323,-8.7476339027048
17.31,-6.0514091126004,-2.10336741701165,-8.77309950031604
17.3125,-6.04122019689398,-2.10336741701165,-8.79347197840504
17.315,-6.03103128118756,-2.09317603140008,-8.77309950031604
17.3175,-6.02084236548114,-2.0829846457885,-8.80365821744954
17.32,-6.03612573904077,-2.07788895298271,-8.73235454413805
17.3225,-6.03103128118756,-2.06260187456535,-8.79347197840504
17.325,-6.02593682333435,-2.05241048895377,-8.6967027074823
17.3275,-6.0004645340683,-2.04221910334219,-8.6763302293933
17.33,-5.99027561836187,-2.03202771773061,-8.70179582700455
17.3325,-5.99537007621508,-2.02183633211904,-8.69160958796005
17.335,-5.99537007621508,-2.00145356089588,-8.67123710987105
17.3375,-5.99027561836187,-2.04731479614798,-8.81384445649404
17.34,-5.99027561836187,-2.04221910334219,-8.67123710987105
17.3425,-5.99027561836187,-2.02183633211904,-8.65086463178205
17.345,-5.96480332909582,-2.01674063931325,-8.70179582700455
17.3475,-5.96480332909582,-2.01164494650746,-8.74254078318255
17.35,-5.99027561836187,-2.01674063931325,-8.7374476636603
17.3525,-5.99537007621508,-2.01674063931325,-8.75272702222705
17.355,-6.00555899192151,-2.01674063931325,-8.6967027074823
17.3575,-5.98518116050866,-2.02693202492483,-8.65086463178205
17.36,-5.98518116050866,-2.03202771773061,-8.6661439903488
17.3625,-5.99027561836187,-2.02693202492483,-8.67123710987105
17.365,-6.0004645340683,-2.04221910334219,-8.74254078318255
17.3675,-5.99537007621508,-2.01674063931325,-8.6661439903488
17.37,-6.02593682333435,-2.01674063931325,-8.70179582700455
17.3725,-6.06669248616003,-2.02183633211904,-8.6967027074823
17.375,-6.04631465474719,-2.01674063931325,-8.6763302293933
17.3775,-6.03612573904077,-2.0371234105364,-8.65086463178205
17.38,-6.04631465474719,-2.03202771773061,-8.62539903417081
17.3825,-6.06669248616003,-2.03202771773061,-8.6967027074823
17.385,-6.06159802830682,-1.9963578680901,-8.7170751855713
17.3875,-6.06669248616003,-1.9963578680901,-8.7374476636603
17.39,-6.04122019689398,-2.01674063931325,-8.7272614246158
17.3925,-6.08707031757288,-2.01164494650746,-8.6865164684378
17.395,-6.06669248616003,-2.01674063931325,-8.68142334891555
17.3975,-6.06669248616003,-1.9963578680901,-8.61011967560406
17.4,-6.06669248616003,-2.01164494650746,-8.7374476636603
17.4025,-6.07178694401324,-2.06260187456535,-8.59993343655956
17.405,-6.09216477542609,-2.06260187456535,-8.56937471942606
17.4075,-6.12273152254535,-2.03202771773061,-8.56937471942606
17.41,-6.10744814898572,-2.03202771773061,-8.56428159990381
17.4125,-6.08707031757288,-2.01674063931325,-0.10461007344729
17.415,-6.09216477542609,-2.04221910334219,-8.54390912181481
17.4175,-6.09216477542609,-2.06769756737113,-8.53881600229256
17.42,-6.09216477542609,-2.05241048895377,-8.53372288277031
17.4225,-6.09216477542609,-2.07788895298271,-8.53372288277031
17.425,-6.08707031757288,-2.07279326017692,-8.52862976324807
17.4275,-6.08707031757288,-2.06769756737113,-8.54900224133706
17.43,-6.08707031757288,-0.105855837142594,-8.55409536085931
17.4325,-6.08707031757288,-0.0905687587252277,-8.56937471942606
17.435,-6.08707031757288,-0.0956644515310163,-8.56937471942606
17.4375,-6.08707031757288,-0.0956644515310163,-8.55409536085931
17.44,-6.08197585971966,-0.0956644515310163,-8.56428159990381
17.4425,-6.08707031757288,-0.0905687587252277,-8.56428159990381
17.445,-6.09216477542609,-0.0956644515310163,-8.62030591464856
17.4475,-6.09216477542609,-0.0956644515310163,-8.59993343655956
17.45,-6.0972592332793,-0.0905687587252277,-8.59993343655956
17.4525,-6.10235369113251,-0.0956644515310163,-8.57956095847056
17.455,-6.0972592332793,-0.0956644515310163,-8.59484031703731
17.4575,-6.10235369113251,-0.0956644515310163,-8.59484031703731
17.46,-6.10744814898572,-0.0956644515310163,-8.58974719751506
17.4625,-6.11254260683893,-0.0956644515310163,-8.60502655608181
17.465,-6.11254260683893,-0.0956644515310163,-8.64577151225981
17.4675,-6.11254260683893,-2.20528127312742,-8.63049215369306
17.47,-6.11254260683893,-2.20528127312742,-8.61521279512631
17.4725,-6.11763706469214,-2.17470711629269,-8.61521279512631
17.475,-6.11763706469214,-2.20018558032163,-8.48788480707007
17.4775,-6.11254260683893,-2.18489850190427,-8.49807104611457
17.48,-6.11254260683893,-2.17980280909848,-8.51844352420357
17.4825,-6.11254260683893,-2.18999419471005,-8.46241920945882
17.485,-6.10744814898572,-2.22566404435057,-8.47260544850332
17.4875,-6.10235369113251,-2.22566404435057,-8.49297792659232
17.49,-6.0972592332793,-2.17470711629269,-8.48788480707007
17.4925,-6.08707031757288,-2.18489850190427,-8.6661439903488
17.495,-6.10235369113251,-2.21037696593321,-8.50316416563682
17.4975,-6.10235369113251,-2.15942003787532,-8.48279168754782
17.5,-6.09216477542609,-2.15942003787532,-8.49807104611457
17.5025,-6.06669248616003,-2.18489850190427,-8.49807104611457
17.505,-6.06159802830682,-2.20528127312742,-8.46751232898107
17.5075,-6.0514091126004,-2.2562382011853,-8.47769856802557
17.51,-6.02593682333435,-2.20528127312742,-8.50825728515907
17.5125,-6.02084236548114,-2.18489850190427,-8.50825728515907
17.515,-6.01065344977472,-2.18999419471005,-8.51335040468132
17.5175,-6.00555899192151,-2.23075973715636,-8.50825728515907
17.52,-6.0004645340683,-2.18489850190427,-8.47769856802557
17.5225,-5.99537007621508,-2.18489850190427,-8.48788480707007
17.525,-5.98518116050866,-2.18999419471005,-8.48788480707007
17.5275,-5.97499224480224,-2.18999419471005,-8.54900224133706
17.53,-5.96480332909582,-2.18489850190427,-8.55409536085931
17.5325,-5.9546144133894,-2.17980280909848,-8.63049215369306
17.535,-5.9546144133894,-2.20018558032163,-8.53372288277031
17.5375,-5.94951995553619,-2.17980280909848,-8.50825728515907
17.54,-5.96480332909582,-2.17980280909848,-8.54390912181481
17.5425,-6.01574790762793,-2.23585542996215,-8.52353664372582
17.545,-5.92914212412335,-2.19508988751584,-8.52862976324807
17.5475,-5.92404766627014,-2.17470711629269,-8.54390912181481
17.55,-5.94442549768298,-2.23585542996215,-8.63558527321531
17.5525,-5.92914212412335,-2.09317603140008,-8.55409536085931
17.555,-5.92404766627014,-2.11355880262323,-8.50316416563682
17.5575,-5.92404766627014,-2.11355880262323,-8.58465407799281
17.56,-5.91895320841693,-2.13394157384638,-8.48279168754782
17.5625,-5.93933103982977,-2.11355880262323,-8.49297792659232
17.565,-5.91895320841693,-2.13394157384638,-8.53372288277031
17.5675,-5.92404766627014,-2.13903726665217,-8.52862976324807
17.57,-5.92404766627014,-2.05241048895377,-8.53372288277031
17.5725,-5.91895320841693,-2.11355880262323,-8.48788480707007
17.575,-5.94951995553619,-2.07279326017692,-8.45223297041432
17.5775,-5.91385875056371,-2.08808033859429,-8.45732608993657
17.58,-5.91895320841693,-2.07788895298271,-8.47769856802557
17.5825,-5.92404766627014,-2.03202771773061,-8.44713985089207
17.585,-5.90366983485729,-2.04221910334219,-8.47769856802557
17.5875,-5.89857537700408,-2.05750618175956,-8.48788480707007
17.59,-5.90366983485729,-2.04221910334219,-8.60502655608181
17.5925,-5.90366983485729,-1.99126217528431,-8.52862976324807
17.595,-5.93423658197656,-2.00145356089588,-8.54390912181481
17.5975,-5.93933103982977,-1.97597509686694,-8.48279168754782
17.6,-5.91895320841693,-1.98107078967273,-8.48788480707007
17.6025,-5.92404766627014,-2.00145356089588,-8.50316416563682
17.605,-5.93933103982977,-1.98107078967273,-8.53881600229256
17.6075,-5.96989778694903,-1.98616648247852,-8.54900224133706
17.61,-6.0004645340683,-1.99126217528431,-8.54900224133706
17.6125,-6.03103128118756,-1.96578371125536,-8.53881600229256
17.615,-5.95970887124261,-1.97087940406115,-8.54390912181481
17.6175,-5.96480332909582,-2.00145356089588,-8.55918848038156
17.62,-5.96480332909582,-2.01674063931325,-8.47260544850332
17.6225,-5.98008670265545,-2.02693202492483,-8.56937471942606
17.625,-5.99027561836187,-2.03202771773061,-8.56937471942606
17.6275,-5.97499224480224,-2.04221910334219,-8.59993343655956
17.63,-5.98518116050866,-2.05241048895377,-8.54900224133706
17.6325,-5.99027561836187,-2.05750618175956,-8.58974719751506
17.635,-6.0004645340683,-2.06769756737113,-8.48788480707007
17.6375,-6.01574790762793,-2.07788895298271,-8.57446783894831
17.64,-6.02593682333435,-2.0829846457885,-8.53372288277031
17.6425,-6.04122019689398,-2.15432434506954,-8.53881600229256
17.645,-6.0514091126004,-2.11865449542902,-8.53881600229256
17.6475,-6.06159802830682,-2.17980280909848,-8.53372288277031
17.65,-6.07178694401324,-2.15432434506954,-8.64577151225981
17.6525,-6.08707031757288,-2.19508988751584,-8.68142334891555
17.655,-6.09216477542609,-2.17470711629269,-8.6967027074823
17.6575,-6.0972592332793,-2.14413295945796,-8.55918848038156
17.66,-6.11254260683893,-2.17470711629269,-8.56428159990381
17.6625,-6.12273152254535,-2.16451573068111,-8.73235454413805
17.665,-6.12782598039856,-2.16451573068111,-8.7578201417493
17.6675,-6.13292043825177,-2.15942003787532,-8.54900224133706
17.67,-6.13801489610498,-2.14413295945796,-8.55918848038156
17.6725,-6.12273152254535,-2.1696114234869,-8.60502655608181
17.675,-6.13292043825177,-2.17470711629269,-8.58465407799281
17.6775,-6.14310935395819,-2.18999419471005,-8.58974719751506
17.68,-6.1482038118114,-2.20528127312742,-8.61011967560406
17.6825,-6.1482038118114,-2.19508988751584,-8.59484031703731
17.685,-6.15329826966461,-2.22566404435057,-8.59993343655956
17.6875,-6.15329826966461,-2.27152527960267,-8.65086463178205
17.69,-6.15329826966461,-2.24095112276794,-8.67123710987105
17.6925,-6.17367610107746,-2.24095112276794,-8.6967027074823
17.695,-6.17367610107746,-2.2562382011853,-8.6967027074823
17.6975,-6.13801489610498,-2.24095112276794,-8.68142334891555
17.7,-6.13801489610498,-2.24604681557373,-8.71198206604905
17.7025,-6.13292043825177,-2.27662097240846,-8.6763302293933
17.705,-6.12782598039856,-2.26642958679688,-8.6559577513043
17.7075,-6.12782598039856,-2.27152527960267,-8.67123710987105
17.71,-6.12273152254535,-2.25114250837952,-8.6763302293933
17.7125,-6.14310935395819,-2.26642958679688,-8.73235454413805
17.715,-6.14310935395819,-2.28171666521425,-8.73235454413805
17.7175,-6.1482038118114,-2.28171666521425,-8.6559577513043
17.72,-6.18895947463709,-2.28171666521425,-8.55918848038156
17.7225,-6.14310935395819,-2.27152527960267,-8.55409536085931
17.725,-6.1482038118114,-2.24604681557373,-8.70179582700455
17.7275,-6.09216477542609,-2.27152527960267,-8.68142334891555
17.73,-6.09216477542609,-2.29190805082582,-8.59993343655956
17.7325,-6.08707031757288,-2.25114250837952,-8.57956095847056
17.735,-6.10235369113251,-2.22056835154479,-8.59993343655956
17.7375,-6.0972592332793,-2.23585542996215,-8.63049215369306
17.74,-6.09216477542609,-2.215472658739,-8.61011967560406
17.7425,-6.09216477542609,-2.23585542996215,-8.63049215369306
17.745,-6.09216477542609,-2.215472658739,-8.6661439903488
17.7475,-0.0959878821972175,-2.22056835154479,-8.58974719751506
17.75,-0.0959878821972175,-2.22566404435057,-8.60502655608181
17.7525,-6.02593682333435,-2.19508988751584,-8.61521279512631
17.755,-6.02593682333435,-2.19508988751584,-8.61521279512631
17.7575,-6.02084236548114,-2.20018558032163,-8.61011967560406
17.76,-6.01065344977472,-2.19508988751584,-8.62030591464856
17.7625,-6.01065344977472,-2.215472658739,-8.62030591464856
17.765,-6.01065344977472,-2.18999419471005,-8.63558527321531
17.7675,-6.00555899192151,-2.16451573068111,-8.6763302293933
17.77,-6.00555899192151,-2.17980280909848,-8.68142334891555
17.7725,-6.00555899192151,-2.18999419471005,-8.69160958796005
17.775,-6.00555899192151,-2.19508988751584,-8.6865164684378
17.7775,-6.00555899192151,-2.18999419471005,-8.63049215369306
17.78,-6.00555899192151,-2.21037696593321,-8.64577151225981
17.7825,-6.00555899192151,-2.215472658739,-8.6559577513043
17.785,-6.01065344977472,-2.20528127312742,-8.68142334891555
17.7875,-6.01574790762793,-2.23585542996215,-8.6661439903488
17.79,-6.01574790762793,-2.24095112276794,-8.68142334891555
17.7925,-6.02593682333435,-2.24095112276794,-8.6865164684378
17.795,-6.03103128118756,-0.0956644515310163,-8.6967027074823
17.7975,-6.03103128118756,-0.0956644515310163,-8.7170751855713
17.8,-6.01574790762793,-0.0956644515310163,-8.72216830509355
17.8025,-6.02593682333435,-2.29700374363161,-8.73235454413805
17.805,-6.06159802830682,-2.30719512924319,-8.83931005410529
17.8075,-6.04631465474719,-2.32757790046634,-8.76291326127155
17.81,-6.04631465474719,-2.37343913571844,-8.82912381506079
17.8125,-6.04631465474719,-2.37853482852423,-8.77309950031604
17.815,-6.0514091126004,-2.37343913571844,-8.83421693458304
17.8175,-6.03103128118756,-0.0956644515310163,-8.81893757601629
17.82,-6.03103128118756,-2.76071178895836,-8.83931005410529
17.8225,-6.03103128118756,-2.75052040334678,-8.78837885888279
17.825,-6.04122019689398,-2.76580748176415,-8.82912381506079
17.8275,-6.04122019689398,-2.48554437744578,-8.66105087082655
17.83,-6.04122019689398,-2.48554437744578,-8.67123710987105
17.8325,-6.04631465474719,-2.46516160622263,-8.64067839273756
17.835,-6.0514091126004,-2.58236254075576,-8.64067839273756
17.8375,-6.06159802830682,-2.56197976953261,-8.64577151225981
17.84,-6.06669248616003,-2.5212142270863,-8.64577151225981
17.8425,-6.07178694401324,-2.52630991989209,-8.65086463178205
17.845,-6.07688140186645,-2.31738651485477,-8.66105087082655
17.8475,-6.09216477542609,-2.33267359327213,-8.66105087082655
17.85,-6.0972592332793,-2.32757790046634,-8.6661439903488
17.8525,-6.11254260683893,-2.32757790046634,-8.7068889465268
17.855,-6.12273152254535,-0.0956644515310163,-8.7068889465268
17.8575,-6.12273152254535,-2.29190805082582,-8.69160958796005
17.86,-6.12782598039856,-2.3479606716895,-8.76291326127155
17.8625,-6.13801489610498,-2.13394157384638,-8.72216830509355
17.865,-6.09216477542609,-2.10336741701165,-8.73235454413805
17.8675,-6.10235369113251,-2.09827172420586,-8.67123710987105
17.87,-6.10744814898572,-2.09317603140008,-8.7272614246158
17.8725,-6.11763706469214,-2.0829846457885,-8.73235454413805
17.875,-6.12273152254535,-2.07788895298271,-8.78328573936054
17.8775,-6.13292043825177,-2.05241048895377,-8.78837885888279
17.88,-6.14310935395819,-2.06769756737113,-8.80365821744954
17.8825,-6.1482038118114,-2.07279326017692,-8.79347197840504
17.885,-6.15329826966461,-2.0829846457885,-8.86986877123879
17.8875,-6.16348718537103,-2.11355880262323,-8.84949629314979
17.89,-6.16858164322425,-2.11865449542902,-8.82912381506079
17.8925,-6.17367610107746,-2.1237501882348,-8.81893757601629
17.895,-6.17877055893067,-2.16451573068111,-8.59993343655956
17.8975,-6.18386501678388,-2.07279326017692,-8.60502655608181
17.9,-6.18895947463709,-2.04731479614798,-8.88514812980553
17.9025,-6.1940539324903,-2.04221910334219,-8.85968253219429
17.905,-6.1940539324903,-2.04221910334219,-8.63049215369306
17.9075,-6.1940539324903,-2.0829846457885,-8.63558527321531
17.91,-6.1940539324903,-2.05750618175956,-8.64067839273756
17.9125,-6.1940539324903,-2.00145356089588,-8.6559577513043
17.915,-6.19914839034351,-2.0371234105364,-8.69160958796005
17.9175,-6.1940539324903,-2.04221910334219,-8.64577151225981
17.92,-6.1940539324903,-2.1696114234869,-9.01247611786177
17.9225,-6.1940539324903,-2.09317603140008,-8.69160958796005
17.925,-6.18895947463709,-2.05241048895377,-8.6967027074823
17.9275,-0.111271255756849,-2.07788895298271,-8.6865164684378
17.93,-0.0959878821972175,-1.94540094003221,-8.70179582700455
17.9325,-6.17367610107746,-1.93011386161485,-8.68142334891555
17.935,-6.15329826966461,-1.92501816880906,-8.7170751855713
17.9375,-6.17877055893067,-1.97597509686694,-8.73235454413805
17.94,-6.20933730604993,-1.95559232564379,-8.76800638079379
17.9425,-6.18386501678388,-1.97087940406115,-8.77309950031604
17.945,-6.13801489610498,-1.96578371125536,-8.7578201417493
17.9475,-6.13801489610498,-1.96578371125536,-8.79347197840504
17.95,-6.13292043825177,-2.19508988751584,-8.80875133697179
17.9525,-6.17367610107746,-2.19508988751584,-8.76800638079379
17.955,-6.1940539324903,-2.23075973715636,-8.80365821744954
17.9575,-6.16858164322425,-2.26133389399109,-8.78837885888279
17.96,-6.14310935395819,-2.23585542996215,-8.81384445649404
17.9625,-6.13801489610498,-2.29190805082582,-8.6967027074823
17.965,-6.13801489610498,-2.27662097240846,-8.69160958796005
17.9675,-6.13801489610498,-2.31229082204898,-8.70179582700455
17.97,-6.13801489610498,-2.3479606716895,-8.82912381506079
17.9725,-6.13292043825177,-2.32248220766055,-8.69160958796005
17.975,-6.15839272751782,-2.32757790046634,-8.6967027074823
17.9775,-6.16348718537103,-2.39382190694159,-8.81384445649404
17.98,-6.12273152254535,-2.39891759974738,-8.7068889465268
17.9825,-6.1482038118114,-2.36834344291265,-8.69160958796005
17.985,-6.1482038118114,-2.32757790046634,-8.66105087082655
17.9875,-6.1482038118114,-2.42439606377632,-8.66105087082655
17.99,-6.16858164322425,-2.43968314219369,-8.6661439903488
17.9925,-6.1940539324903,-2.45497022061105,-8.6661439903488
17.995,-6.21952622175635,-2.47025729902842,-8.67123710987105
17.9975,-6.11254260683893,-2.49064007025157,-8.68142334891555
18,-6.17877055893067,-2.5212142270863,-8.68142334891555
18.0025,-6.15839272751782,-2.55178838392103,-8.68142334891555
18.005,-6.12782598039856,-2.50592714866894,-8.76291326127155
18.0075,-6.12782598039856,-2.5670754623384,-8.76291326127155
18.01,-6.13292043825177,-2.60274531197892,-8.75272702222705
18.0125,-6.15839272751782,-2.54669269111524,-8.74254078318255
18.015,-6.17877055893067,-2.64351085442522,-8.85458941267204
18.0175,-6.19914839034351,-2.55688407672682,-8.7476339027048
18.02,-6.1940539324903,-2.62312808320207,-8.80365821744954
18.0225,-6.21952622175635,-2.58236254075576,-8.81893757601629
18.025,-6.13292043825177,-2.51102284147473,-8.81893757601629
18.0275,-6.15839272751782,-2.49064007025157,-8.81893757601629
18.03,-6.16858164322425,-2.51102284147473,-8.7272614246158
18.0325,-6.16858164322425,-2.51102284147473,-8.6865164684378
18.035,-6.17367610107746,-2.5212142270863,-8.76291326127155
18.0375,-6.17877055893067,-2.50083145586315,-8.76800638079379
18.04,-6.18386501678388,-2.53140561269788,-8.7068889465268
18.0425,-6.15839272751782,-2.49573576305736,-8.70179582700455
18.045,-6.18386501678388,-2.48044868463999,-8.7068889465268
18.0475,-6.1940539324903,-2.52630991989209,-8.72216830509355
18.05,-6.1940539324903,-2.55178838392103,-8.7476339027048
18.0525,-6.18895947463709,-2.48044868463999,-8.75272702222705
18.055,-6.1940539324903,-2.44477883499948,-8.70179582700455
18.0575,-6.18895947463709,-2.44477883499948,-8.75272702222705
18.06,-6.18895947463709,-2.49064007025157,-8.76291326127155
18.0625,-6.20933730604993,-2.46006591341684,-8.7170751855713
18.065,-6.18386501678388,-2.35815205730107,-8.7068889465268
18.0675,-6.17367610107746,-2.39891759974738,-8.72216830509355
18.07,-6.15329826966461,-2.46516160622263,-8.68142334891555
18.0725,-6.17367610107746,-2.32757790046634,-8.77819261983829
18.075,-6.1482038118114,-2.31738651485477,-8.7068889465268
18.0775,-6.1482038118114,-2.30719512924319,-8.73235454413805
18.08,-6.14310935395819,-2.27662097240846,-8.76800638079379
18.0825,-6.13292043825177,-2.23075973715636,-8.78837885888279
18.085,-6.12782598039856,-2.22056835154479,-8.79856509792729
18.0875,-6.11763706469214,-2.215472658739,-8.82912381506079
18.09,-6.10744814898572,-2.20528127312742,-8.74254078318255
18.0925,-6.10235369113251,-1.94540094003221,-8.73235454413805
18.095,-6.0972592332793,-1.950496632838,-8.7068889465268
18.0975,-6.08197585971966,-1.93011386161485,-8.7272614246158
18.1,-6.07688140186645,-1.950496632838,-8.73235454413805
18.1025,-6.09216477542609,-1.97087940406115,-8.6967027074823
18.105,-6.07688140186645,-1.98107078967273,-8.7068889465268
18.1075,-6.07178694401324,-1.98107078967273,-8.71198206604905
18.11,-6.04631465474719,-1.98616648247852,-8.74254078318255
18.1125,-6.03612573904077,-1.97597509686694,-8.7068889465268
18.115,-6.03103128118756,-2.01164494650746,-8.74254078318255
18.1175,-6.03103128118756,-2.00145356089588,-8.70179582700455
18.12,-6.04631465474719,-2.04221910334219,-8.71198206604905
18.1225,-6.02084236548114,-2.03202771773061,-8.72216830509355
18.125,-6.02084236548114,-2.05241048895377,-8.68142334891555
18.1275,-5.98518116050866,-2.13394157384638,-8.76291326127155
18.13,-6.06159802830682,-2.05241048895377,-8.74254078318255
18.1325,-5.96989778694903,-2.07279326017692,-8.7476339027048
18.135,-5.96480332909582,-2.09317603140008,-8.7272614246158
18.1375,-5.95970887124261,-2.09317603140008,-8.76800638079379
18.14,-5.95970887124261,-2.12884588104059,-8.76800638079379
18.1425,-5.9546144133894,-2.12884588104059,-8.79856509792729
18.145,-5.95970887124261,-2.23585542996215,-8.74254078318255
18.1475,-5.99027561836187,-2.20018558032163,-8.72216830509355
18.15,-6.01574790762793,-2.22056835154479,-8.6967027074823
18.1525,-6.03612573904077,-2.27152527960267,-8.81384445649404
18.155,-5.94951995553619,-2.26133389399109,-8.78837885888279
18.1575,-5.94442549768298,-2.28171666521425,-8.71198206604905
18.16,-5.92404766627014,-2.31738651485477,-8.69160958796005
18.1625,-5.93933103982977,-2.34286497888371,-8.81384445649404
18.165,-5.93933103982977,-2.35305636449528,-8.69160958796005
18.1675,-5.96480332909582,-2.34286497888371,-8.70179582700455
18.17,-5.99027561836187,-2.39891759974738,-8.76291326127155
18.1725,-5.96480332909582,-2.36834344291265,-8.72216830509355
18.175,-5.96480332909582,-2.39382190694159,-8.7578201417493
18.1775,-6.0004645340683,-2.42949175658211,-8.73235454413805
18.18,-5.98518116050866,-2.39891759974738,-8.76291326127155
18.1825,-5.99027561836187,-2.44987452780526,-8.75272702222705
18.185,-5.99027561836187,-2.45497022061105,-8.79347197840504
18.1875,-6.02084236548114,-2.4345874493879,-8.7068889465268
18.19,-5.99537007621508,-2.44477883499948,-8.74254078318255
18.1925,-5.99537007621508,-2.47535299183421,-8.78837885888279
18.195,-5.98518116050866,-2.48554437744578,-8.78837885888279
18.1975,-5.98518116050866,-2.47535299183421,-8.80365821744954
18.2,-5.98518116050866,-2.46006591341684,-8.79347197840504
18.2025,-5.99537007621508,-2.46516160622263,-8.67123710987105
18.205,-6.02084236548114,-2.43968314219369,-8.7068889465268
18.2075,-6.00555899192151,-2.42439606377632,-8.74254078318255
18.21,-6.01065344977472,-2.41930037097053,-8.71198206604905
18.2125,-6.04631465474719,-2.42949175658211,-8.75272702222705
18.215,-6.02593682333435,-2.39382190694159,-8.78837885888279
18.2175,-6.0514091126004,-2.40910898535896,-8.78328573936054
18.22,-6.03103128118756,-2.39382190694159,-8.72216830509355
18.2225,-6.06159802830682,-2.32248220766055,-8.76291326127155
18.225,-6.06669248616003,-2.24604681557373,-8.73235454413805
18.2275,-6.04631465474719,-2.47535299183421,-8.7272614246158
18.23,-6.0514091126004,-2.23585542996215,-8.78328573936054
18.2325,-6.08707031757288,-2.23075973715636,-8.79856509792729
18.235,-6.06669248616003,-2.18489850190427,-8.80365821744954
18.2375,-6.07688140186645,-2.12884588104059,-8.72216830509355
18.24,-6.08197585971966,-2.07279326017692,-8.79347197840504
18.2425,-6.09216477542609,-2.13394157384638,-8.7374476636603
18.245,-6.0972592332793,-2.11355880262323,-8.74254078318255
18.2475,-6.10235369113251,-2.15942003787532,-8.7272614246158
18.25,-6.10744814898572,-2.1237501882348,-8.69160958796005
18.2525,-6.11254260683893,-2.13394157384638,-8.69160958796005
18.255,-6.11254260683893,-2.10336741701165,-8.6865164684378
18.2575,-6.11254260683893,-2.10336741701165,-8.68142334891555
18.26,-6.10744814898572,-2.11355880262323,-8.68142334891555
18.2625,-6.10744814898572,-2.11355880262323,-8.80365821744954
18.265,-6.11254260683893,-2.13394157384638,-8.77819261983829
18.2675,-6.11254260683893,-2.12884588104059,-8.6967027074823
18.27,-6.11254260683893,-2.1237501882348,-8.80875133697179
18.2725,-6.11763706469214,-0.0956644515310163,-8.84440317362754
18.275,-6.09216477542609,-0.0956644515310163,-8.82403069553854
18.2775,-6.11254260683893,-0.0956644515310163,-8.6967027074823
18.28,-6.11254260683893,-0.0956644515310163,-8.69160958796005
18.2825,-6.10744814898572,-0.0956644515310163,-8.77309950031604
18.285,-6.10235369113251,-2.42439606377632,-8.7578201417493
18.2875,-6.0972592332793,-2.42439606377632,-8.7578201417493
18.29,-6.08707031757288,-2.42949175658211,-8.73235454413805
18.2925,-6.08197585971966,-0.100760144336805,-8.7272614246158
18.295,-6.07688140186645,-2.35815205730107,-8.7578201417493
18.2975,-6.07688140186645,-2.41930037097053,-8.76291326127155
18.3,-6.0972592332793,-2.37343913571844,-8.81384445649404
18.3025,-6.07688140186645,-2.3887262141358,-8.77309950031604
18.305,-6.07688140186645,-2.37853482852423,-8.78328573936054
18.3075,-6.0972592332793,-2.39382190694159,-8.79347197840504
18.31,-6.0972592332793,-2.40910898535896,-8.82403069553854
18.3125,-6.07178694401324,-2.41930037097053,-8.86477565171654
18.315,-6.06669248616003,-2.43968314219369,-8.78328573936054
18.3175,-6.03612573904077,-2.42949175658211,-8.77819261983829
18.32,-6.04122019689398,-2.40401329255317,-8.82912381506079
18.3225,-6.03103128118756,-2.44477883499948,-8.90042748837228
18.325,-6.02593682333435,-2.50592714866894,-8.86986877123879
18.3275,-6.02593682333435,-2.46516160622263,-8.7476339027048
18.33,-6.02084236548114,-2.47535299183421,-8.80875133697179
18.3325,-6.01065344977472,-2.47535299183421,-8.7170751855713
18.335,-6.03103128118756,-2.5212142270863,-8.6865164684378
18.3375,-6.03612573904077,-2.54669269111524,-8.75272702222705
18.34,-6.03103128118756,-2.53140561269788,-8.7578201417493
18.3425,-6.01574790762793,-2.54159699830946,-8.81384445649404
18.345,-6.01065344977472,-2.57217115514419,-8.92589308598353
18.3475,-5.98518116050866,-2.58745823356155,-8.93607932502803
18.35,-5.98518116050866,-2.57217115514419,-8.7476339027048
18.3525,-5.99027561836187,-2.60274531197892,-8.7476339027048
18.355,-5.99027561836187,-2.60274531197892,-8.7374476636603
18.3575,-5.99027561836187,-2.6078410047847,-8.76291326127155
18.36,-5.99027561836187,-2.61293669759049,-8.71198206604905
18.3625,-5.99537007621508,-2.62312808320207,-8.7272614246158
18.365,-6.0004645340683,-2.62312808320207,-8.73235454413805
18.3675,-6.01065344977472,-2.63331946881365,-8.76800638079379
18.37,-6.01065344977472,-2.63331946881365,-8.78837885888279
18.3725,-6.01574790762793,-2.63331946881365,-8.76291326127155
18.375,-6.02084236548114,-2.65879793284259,-8.77819261983829
18.3775,-6.02593682333435,-2.66389362564838,-8.79347197840504
18.38,-6.10235369113251,-2.62312808320207,-8.7272614246158
18.3825,-6.15329826966461,-2.61803239039628,-8.72216830509355
18.385,-6.13801489610498,-2.62312808320207,-8.77819261983829
18.3875,-6.02084236548114,-2.60274531197892,-8.77819261983829
18.39,-6.03103128118756,-2.59764961917313,-8.72216830509355
18.3925,-6.03612573904077,-2.5670754623384,-8.7578201417493
18.395,-6.03103128118756,-2.55688407672682,-8.76291326127155
18.3975,-6.03612573904077,-2.5670754623384,-8.75272702222705
18.4,-6.04631465474719,-2.5670754623384,-8.7170751855713
18.4025,-6.07178694401324,-2.48044868463999,-8.75272702222705
18.405,-6.07178694401324,-2.46006591341684,-8.80365821744954
18.4075,-6.08197585971966,-2.48044868463999,-8.81384445649404
18.41,-6.11254260683893,-2.53650130550367,-8.77819261983829
18.4125,-6.10744814898572,-2.52630991989209,-8.74254078318255
18.415,-6.11254260683893,-2.44477883499948,-8.7476339027048
18.4175,-6.11763706469214,-2.44477883499948,-8.7272614246158
18.42,-6.12273152254535,-2.52630991989209,-8.7578201417493
18.4225,-6.10235369113251,-2.48044868463999,-8.75272702222705
18.425,-6.11254260683893,-2.44477883499948,-8.73235454413805
18.4275,-6.11763706469214,-2.44477883499948,-8.76800638079379
18.43,-6.12782598039856,-2.41930037097053,-8.7374476636603
18.4325,-6.12782598039856,-2.43968314219369,-8.7170751855713
18.435,-6.13292043825177,-2.43968314219369,-8.75272702222705
18.4375,-6.13292043825177,-2.42949175658211,-8.7374476636603
18.44,-6.14310935395819,-2.40910898535896,-8.77819261983829
18.4425,-6.14310935395819,-2.41420467816475,-8.7068889465268
18.445,-6.1482038118114,-2.33776928607792,-8.79347197840504
18.4475,-6.15329826966461,-2.33776928607792,-8.79347197840504
18.45,-6.15839272751782,-2.35305636449528,-8.71198206604905
18.4525,-6.16348718537103,-2.3479606716895,-8.71198206604905
18.455,-6.1940539324903,-2.33776928607792,-8.7170751855713
18.4575,-6.1940539324903,-2.33776928607792,-8.70179582700455
18.46,-6.17367610107746,-2.31229082204898,-8.77819261983829
18.4625,-6.18386501678388,-2.28681235802003,-8.75272702222705
18.465,-6.1940539324903,-2.29190805082582,-8.76800638079379
18.4675,-6.17367610107746,-2.28681235802003,-8.81893757601629
18.47,-6.20424284819672,-2.28681235802003,-8.7170751855713
18.4725,-6.18386501678388,-2.29190805082582,-8.7068889465268
18.475,-6.18386501678388,-2.28171666521425,-8.71198206604905
18.4775,-6.1940539324903,-2.28171666521425,-8.70179582700455
18.48,-6.19914839034351,-2.28681235802003,-8.7170751855713
18.4825,-6.20933730604993,-2.29190805082582,-8.6967027074823
18.485,-6.21443176390314,-2.28171666521425,-8.73235454413805
18.4875,-6.22462067960956,-2.28171666521425,-8.6967027074823
18.49,-6.22971513746277,-2.31738651485477,-8.73235454413805
18.4925,-6.22971513746277,-2.3479606716895,-8.7374476636603
18.495,-6.23480959531598,-2.215472658739,-8.7374476636603
18.4975,-6.23990405316919,-2.21037696593321,-8.75272702222705
18.5,-6.25009296887561,-2.18999419471005,-8.7476339027048
18.5025,-6.25518742672882,-2.20018558032163,-8.75272702222705
18.505,-6.26537634243525,-2.18999419471005,-8.71198206604905
18.5075,-6.27047080028846,-2.1696114234869,-8.69160958796005
18.51,-6.28065971599488,-2.15432434506954,-8.72216830509355
18.5125,-6.28575417384809,-2.14413295945796,-8.76291326127155
18.515,-6.2908486317013,-2.13394157384638,-8.77309950031604
18.5175,-6.30103754740772,-2.1237501882348,-8.72216830509355
18.52,-6.30613200526093,-2.11355880262323,-8.72216830509355
18.5225,-6.31632092096735,-2.14413295945796,-8.73235454413805
18.525,-6.32141537882056,-2.16451573068111,-8.7068889465268
18.5275,-6.32141537882056,-2.13394157384638,-8.71198206604905
18.53,-6.33160429452698,-2.13394157384638,-8.72216830509355
18.5325,-6.3417932102334,-2.09317603140008,-8.7272614246158
18.535,-6.3417932102334,-2.09317603140008,-8.7068889465268
18.5375,-6.35198212593983,-2.08808033859429,-8.74254078318255
18.54,-6.33160429452698,-2.0829846457885,-8.7374476636603
18.5425,-6.33669875238019,-2.05750618175956,-8.72216830509355
18.545,-6.36217104164625,-2.07788895298271,-8.73235454413805
18.5475,-6.35198212593983,-2.07788895298271,-8.77819261983829
18.55,-6.35198212593983,-2.09827172420586,-8.6661439903488
18.5525,-6.34688766808662,-2.05750618175956,-8.76291326127155
18.555,-6.33669875238019,-2.05241048895377,-8.7578201417493
18.5575,-6.33160429452698,-2.06769756737113,-8.79856509792729
18.56,-6.32141537882056,-2.05750618175956,-8.79347197840504
18.5625,-6.32141537882056,-2.05241048895377,-8.7476339027048
18.565,-6.31632092096735,-2.05750618175956,-8.67123710987105
18.5675,-6.31122646311414,-2.06769756737113,-8.63049215369306
18.57,-6.30613200526093,-2.07788895298271,-8.82912381506079
18.5725,-6.30613200526093,-2.0829846457885,-8.71198206604905
18.575,-6.30103754740772,-2.0829846457885,-8.6763302293933
18.5775,-6.29594308955451,-2.10336741701165,-8.65086463178205
18.58,-6.30103754740772,-2.07788895298271,-8.6559577513043
18.5825,-6.29594308955451,-2.10336741701165,-8.6763302293933
18.585,-6.2908486317013,-2.13394157384638,-8.68142334891555
18.5875,-6.2908486317013,-2.12884588104059,-8.68142334891555
18.59,-6.28575417384809,-2.11355880262323,-8.6967027074823
18.5925,-6.27047080028846,-2.10846310981744,-8.63049215369306
18.595,-6.26537634243525,-2.13394157384638,-8.62030591464856
18.5975,-6.26028188458204,-2.11355880262323,-8.63049215369306
18.6,-6.25009296887561,-2.09317603140008,-8.66105087082655
18.6025,-6.25009296887561,-2.17980280909848,-8.61521279512631
18.605,-6.2449985110224,-2.18999419471005,-8.72216830509355
18.6075,-6.23480959531598,-2.15942003787532,-8.7068889465268
18.61,-6.23480959531598,-2.15432434506954,-8.6967027074823
18.6125,-6.22971513746277,-2.20528127312742,-8.7170751855713
18.615,-6.22971513746277,-2.20528127312742,-8.62030591464856
18.6175,-6.22462067960956,-2.22566404435057,-8.61011967560406
18.62,-6.21443176390314,-2.34286497888371,-8.63049215369306
18.6225,-6.20933730604993,-2.41420467816475,-8.64577151225981
18.625,-6.20424284819672,-2.39891759974738,-8.6559577513043
18.6275,-6.19914839034351,-2.37343913571844,-8.62539903417081
18.63,-6.1940539324903,-2.35305636449528,-8.64067839273756
18.6325,-6.16858164322425,-2.37343913571844,-8.63558527321531
18.635,-6.18895947463709,-2.36324775010686,-8.63049215369306
18.6375,-6.18386501678388,-2.38363052133001,-8.65086463178205
18.64,-6.17367610107746,-2.36834344291265,-8.62030591464856
18.6425,-6.17367610107746,-2.39891759974738,-8.62539903417081
18.645,-6.16858164322425,-2.39891759974738,-8.66105087082655
18.6475,-6.14310935395819,-2.39382190694159,-8.62030591464856
18.65,-6.13801489610498,-2.3887262141358,-8.61521279512631
18.6525,-6.13801489610498,-0.0956644515310163,-8.63049215369306
18.655,-6.13292043825177,-0.0956644515310163,-8.65086463178205
18.6575,-6.12782598039856,-0.0956644515310163,-8.62030591464856
18.66,-6.08707031757288,-0.0956644515310163,-8.69160958796005
18.6625,-6.10744814898572,-0.0956644515310163,-8.6967027074823
18.665,-6.07688140186645,-0.0956644515310163,-8.73235454413805
18.6675,-6.06669248616003,-0.0956644515310163,-8.72216830509355
18.67,-6.08707031757288,-2.01674063931325,-8.7578201417493
18.6725,-6.08197585971966,-2.13394157384638,-8.67123710987105
18.675,-6.0514091126004,-2.13903726665217,-8.57446783894831
18.6775,-6.06669248616003,-2.01164494650746,-8.57956095847056
18.68,-6.03612573904077,-1.98616648247852,-8.57956095847056
18.6825,-6.05650357045361,-2.13394157384638,-8.58974719751506
18.685,-5.98008670265545,-2.12884588104059,-8.59993343655956
18.6875,-5.94951995553619,-2.12884588104059,-8.59993343655956
18.69,-5.96480332909582,-0.0956644515310163,-8.58974719751506
18.6925,-5.93423658197656,-1.91992247600327,-8.62539903417081
18.695,-5.91895320841693,-1.90973109039169,-8.59484031703731
18.6975,-5.92404766627014,-1.9046353975859,-8.6967027074823
18.7,-5.91385875056371,-1.86896554794538,-8.6559577513043
18.7025,-5.91895320841693,-1.87915693355696,-8.68142334891555
18.705,-5.91895320841693,-1.85367846952802,-8.6559577513043
18.7075,-0.101082340050429,-1.87406124075117,-8.63049215369306
18.71,-0.0908934243440065,-1.8638698551396,-8.62539903417081
18.7125,-0.0908934243440065,-1.98107078967273,-8.67123710987105
18.715,-5.89857537700408,-2.02693202492483,-8.64577151225981
18.7175,-5.89348091915087,-1.950496632838,-8.64067839273756
18.72,-5.87310308773803,-1.9963578680901,-8.63049215369306
18.7225,-5.86291417203161,-2.06260187456535,-8.61011967560406
18.725,-5.86800862988482,-2.0371234105364,-8.56937471942606
18.7275,-5.86800862988482,-2.0371234105364,-8.6559577513043
18.73,-5.86291417203161,-2.04221910334219,-8.59484031703731
18.7325,-5.88838646129766,-0.0956644515310163,-8.59484031703731
18.735,-5.88329200344445,-0.0956644515310163,-8.59484031703731
18.7375,-5.87819754559124,-0.0956644515310163,-8.57446783894831
18.74,-5.87310308773803,-0.0956644515310163,-8.59993343655956
18.7425,-5.87310308773803,-0.0956644515310163,-8.60502655608181
18.745,-5.87310308773803,-0.0905687587252277,-8.58465407799281
18.7475,-5.87310308773803,-0.0956644515310163,-8.57446783894831
18.75,-5.87819754559124,-0.0956644515310163,-8.59993343655956
18.7525,-5.87310308773803,-2.31229082204898,-8.55409536085931
18.755,-5.87819754559124,-2.35305636449528,-8.55409536085931
18.7575,-5.87310308773803,-2.37853482852423,-8.54900224133706
18.76,-5.89348091915087,-2.3887262141358,-8.55409536085931
18.7625,-5.86800862988482,-2.41930037097053,-8.55409536085931
18.765,-5.86800862988482,-2.39891759974738,-8.54900224133706
18.7675,-5.89857537700408,-2.35815205730107,-8.55409536085931
18.77,-5.86800862988482,-2.38363052133001,-8.55918848038156
18.7725,-5.88329200344445,-2.37853482852423,-8.54900224133706
18.775,-5.87310308773803,-2.33776928607792,-8.55918848038156
18.7775,-5.87310308773803,-2.23585542996215,-8.55918848038156
18.78,-5.88329200344445,-2.24095112276794,-8.54390912181481
18.7825,-5.88329200344445,-2.05750618175956,-8.48788480707007
18.785,-5.88838646129766,-2.07279326017692,-8.56937471942606
18.7875,-5.89857537700408,-2.13903726665217,-8.50825728515907
18.79,-5.9087642927105,-2.14413295945796,-8.51335040468132
18.7925,-5.89348091915087,-2.14922865226375,-8.58465407799281
18.795,-5.90366983485729,-2.15432434506954,-8.55409536085931
18.7975,-5.92404766627014,-1.97087940406115,-8.48788480707007
18.8,-5.93423658197656,-2.07788895298271,-8.49807104611457
18.8025,-5.94951995553619,-1.96068801844958,-8.65086463178205
18.805,-5.96480332909582,-1.95559232564379,-8.49297792659232
18.8075,-5.98008670265545,-1.95559232564379,-8.52353664372582
18.81,-5.99027561836187,-1.950496632838,-8.48788480707007
18.8125,-6.04631465474719,-1.95559232564379,-8.48788480707007
18.815,-6.06159802830682,-2.00145356089588,-8.48788480707007
18.8175,-6.04631465474719,-2.02183633211904,-8.48788480707007
18.82,-6.04631465474719,-2.05241048895377,-8.48788480707007
18.8225,-6.08707031757288,-2.02693202492483,-8.49297792659232
18.825,-6.07178694401324,-1.99126217528431,-8.49297792659232
18.8275,-6.08707031757288,-2.00145356089588,-8.49297792659232
18.83,-6.0972592332793,-2.10336741701165,-8.50316416563682
18.8325,-6.10744814898572,-2.00145356089588,-8.54390912181481
18.835,-6.11763706469214,-2.01164494650746,-8.53881600229256
18.8375,-6.12273152254535,-2.00145356089588,-8.52862976324807
18.84,-6.12782598039856,-2.01164494650746,-8.52862976324807
18.8425,-6.14310935395819,-2.00654925370167,-8.51844352420357
18.845,-6.1482038118114,-2.00145356089588,-8.50825728515907
18.8475,-6.1482038118114,-1.9963578680901,-8.51335040468132
18.85,-6.15839272751782,-2.06260187456535,-8.50825728515907
18.8525,-6.18895947463709,-2.10336741701165,-8.51844352420357
18.855,-6.17367610107746,-2.11355880262323,-8.47769856802557
18.8575,-6.18895947463709,-2.09317603140008,-8.47769856802557
18.86,-6.18895947463709,-2.10336741701165,-8.47769856802557
18.8625,-6.1940539324903,-2.08808033859429,-8.48788480707007
18.865,-6.20933730604993,-2.09317603140008,-8.47769856802557
18.8675,-6.21952622175635,-2.11355880262323,-8.54900224133706
18.87,-6.22971513746277,-2.11865449542902,-8.51335040468132
18.8725,-6.23990405316919,-2.05750618175956,-8.48788480707007
18.875,-6.25009296887561,-2.01674063931325,-8.52353664372582
18.8775,-6.26537634243525,-2.01164494650746,-8.50825728515907
18.88,-6.29594308955451,-2.03202771773061,-8.48279168754782
18.8825,-6.30103754740772,-2.01164494650746,-8.51335040468132
18.885,-6.33160429452698,-2.01164494650746,-8.44713985089207
18.8875,-6.3417932102334,-2.03202771773061,-8.52862976324807
18.89,-6.3417932102334,-2.01164494650746,-8.53881600229256
18.8925,-6.33160429452698,-2.01674063931325,-8.52862976324807
18.895,-6.33160429452698,-2.01674063931325,-8.50825728515907
18.8975,-6.34688766808662,-2.01164494650746,-8.53881600229256
18.9,-6.35198212593983,-2.01674063931325,-8.52353664372582
18.9025,-6.35707658379304,-2.02183633211904,-8.47260544850332
18.905,-6.36217104164625,-2.02693202492483,-8.44713985089207
18.9075,-6.36726549949946,-2.04731479614798,-8.45732608993657
18.91,-6.37235995735267,-2.04221910334219,-8.48279168754782
18.9125,-6.38254887305909,-2.04731479614798,-8.43186049232532
18.915,-6.3876433309123,-2.0829846457885,-8.43695361184757
18.9175,-6.39783224661872,-2.11355880262323,-8.47260544850332
18.92,-6.40292670447193,-2.1237501882348,-8.47769856802557
18.9225,-6.40802116232514,-2.14922865226375,-8.48279168754782
18.925,-6.40802116232514,-2.18999419471005,-8.46751232898107
18.9275,-6.40802116232514,-2.2562382011853,-8.46751232898107
18.93,-6.41311562017835,-2.18999419471005,-8.47769856802557
18.9325,-6.41311562017835,-2.36324775010686,-8.50825728515907
18.935,-6.41311562017835,-2.15432434506954,-8.51844352420357
18.9375,-6.41821007803156,-2.15942003787532,-8.50825728515907
18.94,-6.41821007803156,-2.15942003787532,-8.53881600229256
18.9425,-6.42330453588477,-2.15942003787532,-8.61521279512631
18.945,-6.42330453588477,-2.33267359327213,-8.49297792659232
18.9475,-6.42330453588477,-2.32248220766055,-8.47260544850332
18.95,-6.44877682515083,-2.37343913571844,-8.46751232898107
18.9525,-6.44877682515083,-2.35815205730107,-8.44713985089207
18.955,-6.44368236729762,-2.35815205730107,-8.40639489471408
18.9575,-6.44368236729762,-2.38363052133001,-8.39620865566958
18.96,-6.44368236729762,-2.35305636449528,-8.40130177519183
18.9625,-6.44877682515083,-2.33267359327213,-8.47769856802557
18.965,-6.43858790944441,-2.35815205730107,-8.47769856802557
18.9675,-6.44368236729762,-2.35815205730107,-8.40130177519183
18.97,-6.44368236729762,-2.37343913571844,-8.44713985089207
18.9725,-6.43858790944441,-2.36834344291265,-8.44713985089207
18.975,-6.44368236729762,-2.37853482852423,-8.44713985089207
18.9775,-6.44877682515083,-2.34286497888371,-8.46751232898107
18.98,-6.44877682515083,-2.33267359327213,-8.44713985089207
18.9825,-6.44368236729762,-2.3479606716895,-8.42167425328083
18.985,-6.44877682515083,-2.33776928607792,-8.43695361184757
18.9875,-6.41821007803156,-2.3479606716895,-8.44713985089207
18.99,-6.44368236729762,-2.32248220766055,-8.45223297041432
18.9925,-6.43858790944441,-2.29700374363161,-8.44204673136982
18.995,-6.45387128300404,-2.29700374363161,-8.45223297041432
18.9975,-6.40292670447193,-2.3020994364374,-8.48788480707007
19,-6.42330453588477,-2.30719512924319,-8.50825728515907
19.0025,-6.45387128300404,-2.27662097240846,-8.46751232898107
19.005,-6.37745441520588,-2.27152527960267,-8.50316416563682
19.0075,-6.36726549949946,-2.26642958679688,-8.56428159990381
19.01,-6.33669875238019,-2.26642958679688,-8.49807104611457
19.0125,-6.35707658379304,-2.27152527960267,-8.49297792659232
19.015,-6.35198212593983,-2.37343913571844,-8.48788480707007
19.0175,-6.3417932102334,-2.28171666521425,-8.53881600229256
19.02,-6.32141537882056,-2.28681235802003,-8.54390912181481
19.0225,-6.33669875238019,-2.28681235802003,-8.55918848038156
19.025,-6.32650983667377,-2.28681235802003,-8.42167425328083
19.0275,-6.32650983667377,-2.30719512924319,-8.41148801423633
19.03,-6.32141537882056,-2.29700374363161,-8.43695361184757
19.0325,-6.31632092096735,-2.3020994364374,-8.59484031703731
19.035,-6.31632092096735,-2.33776928607792,-8.57446783894831
19.0375,-6.31122646311414,-2.31229082204898,-8.44204673136982
19.04,-6.33160429452698,-2.3020994364374,-8.45223297041432
19.0425,-6.35198212593983,-2.29700374363161,-8.42167425328083
19.045,-6.35198212593983,-2.27662097240846,-8.44713985089207
19.0475,-6.34688766808662,-2.27152527960267,-8.6967027074823
19.05,-6.31632092096735,-2.29700374363161,-8.44204673136982
19.0525,-6.3417932102334,-2.3020994364374,-8.44204673136982
19.055,-6.3417932102334,-2.3020994364374,-8.49297792659232
19.0575,-6.3417932102334,-2.29700374363161,-8.45732608993657
19.06,-6.31632092096735,-2.27152527960267,-8.46241920945882
19.0625,-6.31632092096735,-2.26133389399109,-8.74254078318255
19.065,-6.31632092096735,-2.23585542996215,-8.45223297041432
19.0675,-6.34688766808662,-2.18999419471005,-8.48788480707007
19.07,-6.30103754740772,-2.15942003787532,-8.49297792659232
19.0725,-6.33160429452698,-2.27662097240846,-8.50825728515907
19.075,-6.3417932102334,-2.28681235802003,-8.48788480707007
19.0775,-6.33669875238019,-2.24604681557373,-8.50316416563682
19.08,-6.3417932102334,-2.17470711629269,-8.51335040468132
19.0825,-6.34688766808662,-2.27662097240846,-8.55918848038156
19.085,-6.32141537882056,-2.10336741701165,-8.59993343655956
19.0875,-6.32141537882056,-2.10336741701165,-8.47769856802557
19.09,-6.32650983667377,-2.09827172420586,-8.58974719751506
19.0925,-6.33669875238019,-2.2562382011853,-8.68142334891555
19.095,-6.31122646311414,-2.09827172420586,-8.46751232898107
19.0975,-6.31632092096735,-2.09827172420586,-8.46751232898107
19.1,-6.26028188458204,-2.11355880262323,-8.46751232898107
19.1025,-6.22971513746277,-2.11865449542902,-8.59484031703731
19.105,-6.22971513746277,-2.10846310981744,-8.46241920945882
19.1075,-6.25009296887561,-2.08808033859429,-8.58974719751506
19.11,-6.21952622175635,-2.0829846457885,-8.6661439903488
19.1125,-6.21952622175635,-2.0829846457885,-8.66105087082655
19.115,-6.21443176390314,-2.13394157384638,-8.49807104611457
19.1175,-6.21443176390314,-2.16451573068111,-8.50825728515907
19.12,-6.20424284819672,-2.13394157384638,-8.47769856802557
19.1225,-6.20424284819672,-2.12884588104059,-8.45732608993657
19.125,-6.1940539324903,-2.13394157384638,-8.49807104611457
19.1275,-6.22462067960956,-0.0956644515310163,-8.51335040468132
19.13,-6.17367610107746,-0.0956644515310163,-8.53881600229256
19.1325,-6.16858164322425,-0.0956644515310163,-8.54390912181481
19.135,-6.15839272751782,-0.0956644515310163,-8.50825728515907
19.1375,-6.15839272751782,-0.0956644515310163,-8.50825728515907
19.14,-6.1482038118114,-0.0956644515310163,-8.50825728515907
19.1425,-6.16858164322425,-2.49573576305736,-8.54390912181481
19.145,-6.16858164322425,-2.42949175658211,-8.50825728515907
19.1475,-6.11763706469214,-2.40910898535896,-8.51335040468132
19.15,-6.11254260683893,-2.37853482852423,-8.51844352420357
19.1525,-6.10744814898572,-2.3479606716895,-8.47260544850332
19.155,-6.12782598039856,-2.35815205730107,-8.6559577513043
19.1575,-6.12273152254535,-2.33776928607792,-8.50825728515907
19.16,-6.11763706469214,-2.35815205730107,-8.50825728515907
19.1625,-6.08707031757288,-2.32248220766055,-8.51335040468132
19.165,-6.07688140186645,-2.34286497888371,-8.49297792659232
19.1675,-6.07688140186645,-2.39382190694159,-8.52353664372582
19.17,-6.06669248616003,-2.31229082204898,-8.52353664372582
19.1725,-6.05650357045361,-2.35815205730107,-8.53881600229256
19.175,-6.0514091126004,-2.31738651485477,-8.54390912181481
19.1775,-6.03612573904077,-2.32248220766055,-8.57446783894831
19.18,-6.02593682333435,-2.30719512924319,-8.53372288277031
19.1825,-6.02084236548114,-2.29190805082582,-8.63049215369306
19.185,-6.01574790762793,-2.26133389399109,-8.6661439903488
19.1875,-6.00555899192151,-2.23585542996215,-8.56428159990381
19.19,-6.00555899192151,-2.24604681557373,-8.57446783894831
19.1925,-6.00555899192151,-2.24095112276794,-8.63049215369306
19.195,-5.99537007621508,-2.215472658739,-8.53372288277031
19.1975,-6.04631465474719,-2.24095112276794,-8.50825728515907
19.2,-6.04631465474719,-2.26642958679688,-8.50316416563682
19.2025,-5.97499224480224,-2.29190805082582,-8.50825728515907
19.205,-5.96989778694903,-2.27662097240846,-8.56428159990381
19.2075,-5.96989778694903,-2.27662097240846,-8.59993343655956
19.21,-5.96989778694903,-2.3020994364374,-8.51844352420357
19.2125,-5.96480332909582,-2.32248220766055,-8.53881600229256
19.215,-5.96480332909582,-2.29700374363161,-8.55918848038156
19.2175,-5.96989778694903,-2.31738651485477,-8.54900224133706
19.22,-5.96989778694903,-2.31738651485477,-8.55409536085931
19.2225,-5.97499224480224,-2.33267359327213,-8.55409536085931
19.225,-5.96989778694903,-2.29700374363161,-8.56428159990381
19.2275,-5.96989778694903,-2.33776928607792,-8.56428159990381
19.23,-5.96989778694903,-2.26133389399109,-8.53372288277031
19.2325,-5.97499224480224,-2.26133389399109,-8.56937471942606
19.235,-5.97499224480224,-2.2562382011853,-8.57956095847056
19.2375,-5.98008670265545,-2.25114250837952,-8.56937471942606
19.24,-5.98518116050866,-2.27152527960267,-8.57446783894831
19.2425,-5.98518116050866,-2.28681235802003,-8.61521279512631
19.245,-5.99027561836187,-2.28171666521425,-8.61521279512631
19.2475,-5.99537007621508,-2.24095112276794,-8.69160958796005
19.25,-6.01065344977472,-2.23585542996215,-8.53372288277031
19.2525,-6.02084236548114,-2.24604681557373,-8.47260544850332
19.255,-6.02593682333435,-2.24095112276794,-8.51844352420357
19.2575,-6.03612573904077,-2.215472658739,-8.48788480707007
19.26,-6.01574790762793,-2.23075973715636,-8.49297792659232
19.2625,-6.0514091126004,-2.23075973715636,-8.64067839273756
19.265,-6.0514091126004,-2.20018558032163,-8.63049215369306
19.2675,-6.06159802830682,-2.19508988751584,-8.47769856802557
19.27,-6.06669248616003,-2.17470711629269,-8.46751232898107
19.2725,-6.06669248616003,-2.17980280909848,-8.47260544850332
19.275,-6.07178694401324,-2.15432434506954,-8.48279168754782
19.2775,-6.08197585971966,-2.17980280909848,-8.48279168754782
19.28,-6.08707031757288,-2.21037696593321,-8.48788480707007
19.2825,-6.0972592332793,-2.18489850190427,-8.50316416563682
19.285,-6.10235369113251,-2.17980280909848,-8.48788480707007
19.2875,-6.11254260683893,-2.20528127312742,-8.49297792659232
19.29,-6.11763706469214,-2.20528127312742,-8.56428159990381
19.2925,-6.12782598039856,-2.18999419471005,-8.55918848038156
19.295,-6.13292043825177,-2.19508988751584,-8.55918848038156
19.2975,-6.14310935395819,-2.23585542996215,-8.57446783894831
19.3,-6.17367610107746,-2.22566404435057,-8.60502655608181
19.3025,-6.17367610107746,-2.20018558032163,-8.61521279512631
19.305,-6.16348718537103,-2.215472658739,-8.56428159990381
19.3075,-6.18895947463709,-2.20528127312742,-8.56428159990381
19.31,-6.19914839034351,-2.20018558032163,-8.54390912181481
19.3125,-6.20933730604993,-2.22566404435057,-8.58465407799281
19.315,-6.22971513746277,-2.20018558032163,-8.59484031703731
19.3175,-6.23480959531598,-2.27662097240846,-8.59993343655956
19.32,-6.23990405316919,-2.20018558032163,-8.67123710987105
19.3225,-6.27047080028846,-2.29700374363161,-8.63049215369306
19.325,-6.26028188458204,-2.24604681557373,-8.64067839273756
19.3275,-6.27047080028846,-2.24604681557373,-8.63049215369306
19.33,-6.2908486317013,-2.25114250837952,-8.64067839273756
19.3325,-6.30103754740772,-2.25114250837952,-8.59993343655956
19.335,-6.2908486317013,-2.26133389399109,-8.6967027074823
19.3375,-6.33160429452698,-2.2562382011853,-8.65086463178205
19.34,-6.35198212593983,-2.26133389399109,-8.65086463178205
19.3425,-6.35198212593983,-2.27152527960267,-8.57446783894831
19.345,-6.40292670447193,-2.27662097240846,-8.58974719751506
19.3475,-6.35707658379304,-2.27662097240846,-8.61521279512631
19.35,-6.36217104164625,-2.23075973715636,-8.51844352420357
19.3525,-6.36726549949946,-2.26642958679688,-8.64577151225981
19.355,-6.38254887305909,-2.28171666521425,-8.46241920945882
19.3575,-6.38254887305909,-2.31738651485477,-8.46751232898107
19.36,-6.39273778876551,-2.27662097240846,-8.76291326127155
19.3625,-6.39783224661872,-2.26133389399109,-8.7578201417493
19.365,-6.40292670447193,-2.46516160622263,-8.59993343655956
19.3675,-6.41311562017835,-2.46006591341684,-8.61011967560406
19.37,-6.41821007803156,-2.42949175658211,-8.53881600229256
19.3725,-6.42839899373798,-2.37343913571844,-8.59993343655956
19.375,-6.42839899373798,-2.31738651485477,-8.53881600229256
19.3775,-6.43858790944441,-2.40401329255317,-8.54390912181481
19.38,-6.43858790944441,-2.33776928607792,-8.55409536085931
19.3825,-6.43858790944441,-2.35305636449528,-8.62539903417081
19.385,-6.43858790944441,-2.35815205730107,-8.62030591464856
19.3875,-6.44368236729762,-2.35305636449528,-8.65086463178205
19.39,-6.43858790944441,-2.26133389399109,-8.59484031703731
19.3925,-6.44368236729762,-2.32757790046634,-8.60502655608181
19.395,-6.44368236729762,-2.27662097240846,-8.60502655608181
19.3975,-6.44368236729762,-2.215472658739,-8.63049215369306
19.4,-6.43858790944441,-2.20528127312742,-8.64067839273756
19.4025,-6.44368236729762,-2.17470711629269,-8.59484031703731
19.405,-6.44877682515083,-2.17980280909848,-8.55918848038156
19.4075,-6.44368236729762,-2.17470711629269,-8.67123710987105
19.41,-6.44368236729762,-2.1696114234869,-8.6763302293933
19.4125,-6.44877682515083,-2.20528127312742,-8.50825728515907
19.415,-6.43858790944441,-2.215472658739,-8.69160958796005
19.4175,-6.43858790944441,-2.13394157384638,-8.50316416563682
19.42,-6.43858790944441,-2.11355880262323,-8.49807104611457
19.4225,-6.42839899373798,-2.07279326017692,-8.7374476636603
19.425,-6.42839899373798,-2.0371234105364,-8.66105087082655
19.4275,-6.42839899373798,-2.04221910334219,-8.54900224133706
19.43,-6.42330453588477,-2.02693202492483,-8.58974719751506
19.4325,-6.42330453588477,-1.98616648247852,-8.53372288277031
19.435,-6.42330453588477,-2.1696114234869,-8.52862976324807
19.4375,-6.41821007803156,-1.96578371125536,-8.51844352420357
19.44,-6.41821007803156,-2.07279326017692,-8.51335040468132
19.4425,-6.41821007803156,-1.93520955442063,-8.51335040468132
19.445,-6.41821007803156,-1.9046353975859,-8.58465407799281
19.4475,-6.41311562017835,-1.89444401197433,-8.58974719751506
19.45,-6.41821007803156,-1.88934831916854,-8.58465407799281
19.4525,-6.41311562017835,-1.85877416233381,-8.54900224133706
19.455,-6.40802116232514,-1.84858277672223,-8.62539903417081
19.4575,-6.40802116232514,-1.86896554794538,-8.56937471942606
19.46,-6.39273778876551,-1.85367846952802,-8.57956095847056
19.4625,-6.39273778876551,-1.87406124075117,-8.56428159990381
19.465,-6.3876433309123,-1.82820000549908,-8.58974719751506
19.4675,-6.38254887305909,-1.8180086198875,-8.59993343655956
19.47,-6.37745441520588,-1.83839139111065,-8.69160958796005
19.4725,-6.37235995735267,-1.8180086198875,-8.56937471942606
19.475,-6.36217104164625,-1.84348708391644,-8.57446783894831
19.4775,-6.33160429452698,-1.80781723427592,-8.65086463178205
19.48,-6.34688766808662,-1.79762584866435,-8.6661439903488
19.4825,-6.33160429452698,-1.78233877024698,-8.58974719751506
19.485,-6.33160429452698,-5.49709882566674,-8.68142334891555
19.4875,-6.29594308955451,-1.75686030621804,-8.68142334891555
19.49,-6.35198212593983,-1.77724307744119,-8.60502655608181
19.4925,-6.31122646311414,-1.78233877024698,-8.59993343655956
19.495,-6.2908486317013,-1.7721473846354,-8.48788480707007
19.4975,-6.26028188458204,-1.78233877024698,-8.48788480707007
19.5,-6.27047080028846,-1.76705169182962,-8.49807104611457
19.5025,-6.21952622175635,-1.76195599902383,-8.49297792659232
19.505,-6.20933730604993,-1.76195599902383,-8.46751232898107
19.5075,-6.1940539324903,-1.76705169182962,-8.48788480707007
19.51,-6.20424284819672,-1.76705169182962,-8.49297792659232
19.5125,-6.16858164322425,-1.7721473846354,-8.49807104611457
19.515,-6.18895947463709,-1.78743446305277,-8.51335040468132
19.5175,-6.15329826966461,-1.8180086198875,-8.52862976324807
19.52,-6.14310935395819,-1.85367846952802,-8.53372288277031
19.5225,-6.13801489610498,-1.85877416233381,-8.54900224133706
19.525,-6.12782598039856,-1.85367846952802,-8.56428159990381
19.5275,-6.11254260683893,-0.0905687587252277,-8.56937471942606
19.53,-6.10235369113251,-1.93011386161485,-8.55918848038156
19.5325,-6.08707031757288,-1.96068801844958,-8.57956095847056
19.535,-6.08197585971966,-1.96068801844958,-8.57956095847056
19.5375,-6.06669248616003,-2.03202771773061,-8.58465407799281
19.54,-6.05650357045361,-2.01674063931325,-8.59484031703731
19.5425,-6.0514091126004,-1.93011386161485,-8.60502655608181
19.545,-6.04631465474719,-1.97087940406115,-8.61521279512631
19.5475,-6.04122019689398,-2.16451573068111,-8.61521279512631
19.55,-6.03612573904077,-2.14413295945796,-8.63558527321531
19.5525,-6.03103128118756,-2.06260187456535,-8.54390912181481
19.555,-6.03103128118756,-2.05750618175956,-8.55918848038156
19.5575,-6.00555899192151,-2.07279326017692,-8.56937471942606
19.56,-5.99537007621508,-2.08808033859429,-8.54900224133706
19.5625,-5.98518116050866,-2.20528127312742,-8.53372288277031
19.565,-5.98008670265545,-2.11865449542902,-8.50825728515907
19.5675,-5.97499224480224,-2.27152527960267,-8.57446783894831
19.57,-5.98518116050866,-2.27152527960267,-8.57956095847056
19.5725,-5.95970887124261,-2.28681235802003,-8.6559577513043
19.575,-5.97499224480224,-2.30719512924319,-8.56428159990381
19.5775,-5.94951995553619,-2.24604681557373,-8.67123710987105
19.58,-5.96480332909582,-2.39382190694159,-8.68142334891555
19.5825,-5.94442549768298,-2.26133389399109,-8.6559577513043
19.585,-5.94442549768298,-2.28681235802003,-8.65086463178205
19.5875,-5.96989778694903,-2.32248220766055,-8.69160958796005
19.59,-6.02084236548114,-2.31738651485477,-8.67123710987105
19.5925,-6.02084236548114,-2.40401329255317,-8.69160958796005
19.595,-5.97499224480224,-2.46516160622263,-8.7068889465268
19.5975,-5.98518116050866,-2.39382190694159,-8.66105087082655
19.6,-6.06669248616003,-2.40401329255317,-8.55918848038156
19.6025,-6.06669248616003,-2.40910898535896,-8.67123710987105
19.605,-6.06669248616003,-2.42439606377632,-8.72216830509355
19.6075,-6.06669248616003,-2.49064007025157,-8.7374476636603
19.61,-6.04122019689398,-2.50083145586315,-8.61521279512631
19.6125,-6.07178694401324,-2.44987452780526,-8.59484031703731
19.615,-6.07178694401324,-2.46006591341684,-8.61011967560406
19.6175,-6.06159802830682,-2.46006591341684,-8.7170751855713
19.62,-6.06669248616003,-2.48554437744578,-8.64577151225981
19.6225,-6.07178694401324,-2.47535299183421,-8.63049215369306
19.625,-6.07688140186645,-2.48044868463999,-8.64067839273756
19.6275,-6.08707031757288,-2.48044868463999,-8.62539903417081
19.63,-6.08707031757288,-2.49064007025157,-8.63558527321531
19.6325,-6.10744814898572,-2.49573576305736,-8.65086463178205
19.635,-6.11254260683893,-2.49573576305736,-8.66105087082655
19.6375,-6.11254260683893,-2.49064007025157,-8.6763302293933
19.64,-6.11254260683893,-2.48554437744578,-8.6661439903488
19.6425,-6.12273152254535,-2.49573576305736,-8.64067839273756
19.645,-6.12782598039856,-2.50083145586315,-8.61011967560406
19.6475,-6.12782598039856,-2.5212142270863,-8.62539903417081
19.65,-6.13292043825177,-2.51611853428051,-8.65086463178205
19.6525,-6.15839272751782,-2.41930037097053,-8.63558527321531
19.655,-6.13801489610498,-2.49573576305736,-8.59993343655956
19.6575,-6.16348718537103,-2.41930037097053,-8.58974719751506
19.66,-6.16858164322425,-2.47535299183421,-8.7578201417493
19.6625,-6.17367610107746,-2.38363052133001,-8.63049215369306
19.665,-6.18386501678388,-2.40910898535896,-8.75272702222705
19.6675,-6.18895947463709,-2.40910898535896,-8.83931005410529
19.67,-6.21952622175635,-2.42949175658211,-8.61011967560406
19.6725,-6.22971513746277,-2.41930037097053,-8.60502655608181
19.675,-6.23480959531598,-2.41930037097053,-8.60502655608181
19.6775,-6.23990405316919,-2.40910898535896,-8.6865164684378
19.68,-6.27556525814167,-2.42949175658211,-8.66105087082655
19.6825,-6.29594308955451,-2.42949175658211,-8.66105087082655
19.685,-6.27556525814167,-2.39891759974738,-8.6661439903488
19.6875,-6.30613200526093,-2.40401329255317,-0.114796312491791
19.69,-6.31632092096735,-2.46006591341684,-8.81384445649404
19.6925,-6.32650983667377,-2.40401329255317,-8.6967027074823
19.695,-6.39273778876551,-2.38363052133001,-8.7068889465268
19.6975,-6.35198212593983,-2.40401329255317,-8.71198206604905
19.7,-6.3876433309123,-2.48044868463999,-8.7476339027048
19.7025,-6.39273778876551,-2.38363052133001,-8.63049215369306
19.705,-6.40292670447193,-2.38363052133001,-8.70179582700455
19.7075,-6.40802116232514,-2.42439606377632,-8.63558527321531
19.71,-6.41311562017835,-2.40401329255317,-8.6763302293933
19.7125,-6.42330453588477,-2.37853482852423,-8.7374476636603
19.715,-6.42839899373798,-2.4345874493879,-8.74254078318255
19.7175,-6.47424911441688,-2.32248220766055,-8.67123710987105
19.72,-6.43858790944441,-2.32248220766055,-8.67123710987105
19.7225,-6.47424911441688,-2.32248220766055,-8.68142334891555
19.725,-6.45387128300404,-0.0956644515310163,-8.75272702222705
19.7275,-6.49462694582972,-0.0956644515310163,-8.69160958796005
19.73,-6.49972140368293,-0.0956644515310163,-8.6967027074823
19.7325,-6.4844380301233,-0.100760144336805,-8.78837885888279
19.735,-6.49462694582972,-2.35815205730107,-8.70179582700455
19.7375,-6.50481586153614,-2.11355880262323,-8.71198206604905
19.74,-6.5302881508022,-2.13394157384638,-8.71198206604905
19.7425,-6.50991031938935,-2.10846310981744,-8.6967027074823
19.745,-6.51500477724256,-2.11865449542902,-8.7068889465268
19.7475,-6.5302881508022,-2.11355880262323,-8.7170751855713
19.75,-6.53538260865541,-2.08808033859429,-8.74254078318255
19.7525,-6.53538260865541,-2.08808033859429,-8.7272614246158
19.755,-6.53538260865541,-2.06769756737113,-8.71198206604905
19.7575,-6.54047706650862,-2.13903726665217,-8.7068889465268
19.76,-6.54047706650862,-2.0829846457885,-8.71198206604905
19.7625,-6.54557152436183,-2.09827172420586,-8.74254078318255
19.765,-6.55066598221504,-2.08808033859429,-8.73235454413805
19.7675,-6.55066598221504,-2.09827172420586,-8.73235454413805
19.77,-6.55066598221504,-2.10846310981744,-8.7374476636603
19.7725,-6.54557152436183,-2.10846310981744,-8.7578201417493
19.775,-6.54557152436183,-2.1237501882348,-8.73235454413805
19.7775,-6.54557152436183,-2.12884588104059,-8.74254078318255
19.78,-6.54047706650862,-2.18999419471005,-8.7476339027048
19.7825,-6.54047706650862,-2.17980280909848,-8.82912381506079
19.785,-6.53538260865541,-2.18489850190427,-8.73235454413805
19.7875,-6.5302881508022,-2.18489850190427,-8.76291326127155
19.79,-6.5302881508022,-2.1696114234869,-8.76291326127155
19.7925,-6.52519369294899,-2.1696114234869,-8.77819261983829
19.795,-6.52519369294899,-2.1237501882348,-8.7476339027048
19.7975,-6.52519369294899,-2.17980280909848,-8.80365821744954
19.8,-6.52519369294899,-2.18999419471005,-8.89024124932778
19.8025,-6.51500477724256,-2.215472658739,-8.88005501028329
19.805,-6.52009923509578,-2.20018558032163,-8.82912381506079
19.8075,-6.51500477724256,-2.20018558032163,-8.86986877123879
19.81,-6.50481586153614,-2.20018558032163,-8.7170751855713
19.8125,-6.49972140368293,-2.22566404435057,-8.77309950031604
19.815,-6.49972140368293,-2.215472658739,-8.7374476636603
19.8175,-6.49462694582972,-2.24095112276794,-8.80875133697179
19.82,-6.48953248797651,-2.3020994364374,-8.7578201417493
19.8225,-6.48953248797651,-2.28681235802003,-8.7272614246158
19.825,-6.4844380301233,-2.26642958679688,-8.76800638079379
19.8275,-6.4844380301233,-2.26642958679688,-8.72216830509355
19.83,-6.47424911441688,-2.27152527960267,-8.78328573936054
19.8325,-6.49462694582972,-2.28171666521425,-8.72216830509355
19.835,-6.48953248797651,-2.28171666521425,-8.84949629314979
19.8375,-6.47934357227009,-2.30719512924319,-8.83421693458304
19.84,-6.47934357227009,-2.28171666521425,-8.80365821744954
19.8425,-6.47934357227009,-2.31738651485477,-8.73235454413805
19.845,-6.46406019871046,-2.31229082204898,-8.76800638079379
19.8475,-6.44877682515083,-2.32757790046634,-8.7476339027048
19.85,-6.44368236729762,-2.29700374363161,-8.79347197840504
19.8525,-6.4334934515912,-2.28681235802003,-8.77309950031604
19.855,-6.4334934515912,-2.26133389399109,-8.82912381506079
19.8575,-6.42330453588477,-2.05241048895377,-8.82403069553854
19.86,-6.41821007803156,-2.05750618175956,-8.75272702222705
19.8625,-6.40292670447193,-2.01674063931325,-8.7272614246158
19.865,-6.39783224661872,-2.01674063931325,-8.69160958796005
19.8675,-6.37745441520588,-2.01674063931325,-8.73235454413805
19.87,-6.38254887305909,-1.99126217528431,-8.73235454413805
19.8725,-6.37235995735267,-2.04221910334219,-8.7272614246158
19.875,-6.39273778876551,-1.99126217528431,-8.74254078318255
19.8775,-6.37235995735267,-2.04221910334219,-8.75272702222705
19.88,-6.37235995735267,-1.97597509686694,-8.72216830509355
19.8825,-6.36217104164625,-1.97597509686694,-8.73235454413805
19.885,-6.43858790944441,-1.9963578680901,-8.7374476636603
19.8875,-6.34688766808662,-1.9963578680901,-8.76291326127155
19.89,-6.3417932102334,-2.04221910334219,-8.7170751855713
19.8925,-6.33669875238019,-1.98616648247852,-8.76291326127155
19.895,-6.33669875238019,-2.11355880262323,-8.7578201417493
19.8975,-6.40292670447193,-2.1696114234869,-8.70179582700455
19.9,-6.3417932102334,-2.12884588104059,-8.65086463178205
19.9025,-6.35198212593983,-2.18999419471005,-8.64067839273756
19.905,-6.35198212593983,-2.13903726665217,-8.6865164684378
19.9075,-6.39783224661872,-2.15432434506954,-8.64067839273756
19.91,-6.39783224661872,-2.215472658739,-8.63558527321531
19.9125,-6.37745441520588,-2.16451573068111,-8.66105087082655
19.915,-6.39273778876551,-2.20528127312742,-8.79347197840504
19.9175,-6.37235995735267,-2.15942003787532,-8.6865164684378
19.92,-6.37235995735267,-2.23075973715636,-8.63049215369306
19.9225,-6.36726549949946,-2.17470711629269,-8.63558527321531
19.925,-6.37235995735267,-2.09317603140008,-8.71198206604905
19.9275,-6.42839899373798,-2.13394157384638,-8.6967027074823
19.93,-6.35707658379304,-2.1237501882348,-8.59993343655956
19.9325,-6.36217104164625,-2.0829846457885,-8.63049215369306
19.935,-6.36217104164625,-2.11865449542902,-8.59484031703731
19.9375,-6.36217104164625,-2.09827172420586,-8.60502655608181
19.94,-6.39273778876551,-2.09317603140008,-8.57956095847056
19.9425,-6.37745441520588,-2.15432434506954,-8.60502655608181
19.945,-6.37745441520588,-2.02693202492483,-8.58465407799281
19.9475,-6.37745441520588,-2.02693202492483,-8.61011967560406
19.95,-6.37235995735267,-2.02183633211904,-8.58465407799281
19.9525,-6.37745441520588,-2.03202771773061,-8.59484031703731
19.955,-6.37235995735267,-1.9963578680901,-8.59993343655956
19.9575,-6.36217104164625,-1.98616648247852,-8.59484031703731
19.96,-6.38254887305909,-1.97087940406115,-8.59993343655956
19.9625,-6.37745441520588,-1.950496632838,-8.59484031703731
19.965,-6.37745441520588,-1.97087940406115,-8.62030591464856
19.9675,-6.37745441520588,-1.90973109039169,-8.60502655608181
19.97,-6.37235995735267,-1.87915693355696,-8.64067839273756
19.9725,-6.37235995735267,-1.86896554794538,-8.55918848038156
19.975,-6.37235995735267,-1.8638698551396,-8.53372288277031
19.9775,-6.37235995735267,-1.84858277672223,-8.56428159990381
19.98,-6.36217104164625,-1.8180086198875,-8.55918848038156
19.9825,-6.36217104164625,-1.83839139111065,-8.55918848038156
19.985,-6.36217104164625,-1.83839139111065,-8.59993343655956
19.9875,-6.35707658379304,-1.84348708391644,-8.52353664372582
19.99,-6.35707658379304,-1.84858277672223,-8.58974719751506
19.9925,-6.35198212593983,-1.85367846952802,-8.56937471942606
19.995,-6.34688766808662,-1.85367846952802,-8.56937471942606
19.9975,-6.34688766808662,-1.85367846952802,-8.52862976324807
20,-6.3417932102334,-1.8638698551396,-8.50825728515907
20.0025,-6.3417932102334,-1.84858277672223,-8.53372288277031
20.005,-6.33669875238019,-1.84858277672223,-8.47769856802557
20.0075,-6.33669875238019,-1.85367846952802,-8.48788480707007
20.01,-6.37235995735267,-1.84858277672223,-8.48788480707007
20.0125,-6.37235995735267,-1.84858277672223,-8.51844352420357
20.015,-6.37235995735267,-1.82820000549908,-8.54390912181481
20.0175,-0.0959878821972175,-1.87406124075117,-8.53881600229256
20.02,-0.0959878821972175,-1.84348708391644,-8.50316416563682
20.0225,-0.0959878821972175,-1.82310431269329,-8.50316416563682
20.025,-6.3417932102334,-1.82310431269329,-8.45223297041432
20.0275,-6.3417932102334,-1.85367846952802,-8.56937471942606
20.03,-6.33669875238019,-1.8638698551396,-8.44204673136982
20.0325,-6.33669875238019,-1.83329569830487,-8.44713985089207
20.035,-6.31632092096735,-1.83839139111065,-8.44204673136982
20.0375,-6.32141537882056,-1.86896554794538,-8.45732608993657
20.04,-6.32141537882056,-1.87406124075117,-8.43695361184757
20.0425,-6.32141537882056,-1.87915693355696,-8.46751232898107
20.045,-6.32141537882056,-1.88934831916854,-8.45223297041432
20.0475,-6.3417932102334,-1.89444401197433,-8.46241920945882
20.05,-6.31122646311414,-1.89444401197433,-8.48788480707007
20.0525,-6.32650983667377,-1.9046353975859,-8.50316416563682
20.055,-6.32650983667377,-1.90973109039169,-8.46751232898107
20.0575,-6.30103754740772,-1.91992247600327,-8.41658113375857
20.06,-6.2908486317013,-1.93520955442063,-8.42676737280307
20.0625,-6.2908486317013,-2.15432434506954,-8.45732608993657
20.065,-6.30613200526093,-2.14922865226375,-8.44713985089207
20.0675,-6.30103754740772,-2.14413295945796,-8.43695361184757
20.07,-6.2908486317013,-2.11865449542902,-8.44713985089207
20.0725,-6.27047080028846,-2.13903726665217,-8.43695361184757
20.075,-6.27047080028846,-2.16451573068111,-8.45223297041432
20.0775,-6.26537634243525,-2.15432434506954,-8.46751232898107
20.08,-6.26537634243525,-2.15432434506954,-8.45732608993657
20.0825,-6.2908486317013,-2.15942003787532,-8.46751232898107
20.085,-6.26028188458204,-2.16451573068111,-8.44713985089207
20.0875,-6.26028188458204,-2.15942003787532,-8.50825728515907
20.09,-6.28065971599488,-2.17980280909848,-8.45223297041432
20.0925,-6.26028188458204,-2.18999419471005,-8.45732608993657
20.095,-6.26537634243525,-2.19508988751584,-8.40130177519183
20.0975,-6.31122646311414,-2.20018558032163,-8.39620865566958
20.1,-6.29594308955451,-2.21037696593321,-8.55918848038156
20.1025,-6.2908486317013,-2.23585542996215,-8.38602241662508
20.105,-6.28575417384809,-2.28171666521425,-8.42167425328083
20.1075,-6.28065971599488,-2.29190805082582,-8.40130177519183
20.11,-6.33160429452698,-2.29700374363161,-8.38602241662508
20.1125,-6.27047080028846,-2.3479606716895,-8.46751232898107
20.115,-6.2449985110224,-2.33267359327213,-8.42167425328083
20.1175,-6.23990405316919,-2.27152527960267,-8.40639489471408
20.12,-6.22971513746277,-2.26133389399109,-8.37583617758058
20.1225,-6.21443176390314,-2.29190805082582,-8.43695361184757
20.125,-6.19914839034351,-2.28171666521425,-8.38602241662508
20.1275,-6.1940539324903,-2.28681235802003,-8.38602241662508
20.13,-6.15839272751782,-2.31738651485477,-8.40130177519183
20.1325,-6.1482038118114,-2.32248220766055,-8.42676737280307
20.135,-6.18895947463709,-2.31229082204898,-8.48279168754782
20.1375,-6.18386501678388,-2.31738651485477,-8.39111553614733
20.14,-6.1482038118114,-2.29700374363161,-8.38602241662508
20.1425,-6.13801489610498,-2.30719512924319,-8.38092929710283
20.145,-6.13801489610498,-2.26642958679688,-8.38092929710283
20.1475,-6.12782598039856,-2.28681235802003,-8.39620865566958
20.15,-6.12273152254535,-2.33776928607792,-8.42676737280307
20.1525,-6.11763706469214,-2.32248220766055,-8.40639489471408
20.155,-6.11254260683893,-2.3020994364374,-8.46751232898107
20.1575,-6.13801489610498,-2.2562382011853,-8.45223297041432
20.16,-6.12782598039856,-2.26642958679688,-8.38092929710283
20.1625,-6.12273152254535,-2.26642958679688,-8.38092929710283
20.165,-6.10744814898572,-2.27152527960267,-8.37583617758058
20.1675,-6.10235369113251,-2.31229082204898,-8.40639489471408
20.17,-6.0972592332793,-2.29700374363161,-8.34527746044708
20.1725,-6.06159802830682,-2.27662097240846,-8.33509122140258
20.175,-6.06159802830682,-2.31229082204898,-8.37074305805833
20.1775,-6.05650357045361,-6.55700292927073,-8.39620865566958
20.18,-6.0514091126004,-2.34286497888371,-8.34527746044708
20.1825,-6.0514091126004,-2.32757790046634,-8.34527746044708
20.185,-6.04631465474719,-2.32757790046634,-8.33509122140258
20.1875,-6.04631465474719,-2.33776928607792,-8.36564993853608
20.19,-6.04631465474719,-2.3479606716895,-8.39620865566958
20.1925,-6.07178694401324,-2.35815205730107,-8.38092929710283
20.195,-6.06669248616003,-2.37343913571844,-8.37074305805833
20.1975,-6.06159802830682,-2.37853482852423,-8.36564993853608
20.2,-6.0514091126004,-2.3887262141358,-8.37074305805833
20.2025,-6.0514091126004,-2.38363052133001,-8.37074305805833
20.205,-6.04631465474719,-2.36324775010686,-0.10461007344729
20.2075,-6.04631465474719,-2.37343913571844,-0.0995169539250416
20.21,-6.01574790762793,-2.37343913571844,-8.34527746044708
20.2125,-6.01574790762793,-2.38363052133001,-8.32999810188033
20.215,-6.04631465474719,-2.41930037097053,-8.38602241662508
20.2175,-6.04122019689398,-2.40910898535896,-8.36055681901383
20.22,-6.04122019689398,-2.39891759974738,-8.36564993853608
20.2225,-6.03612573904077,-2.40401329255317,-8.36564993853608
20.225,-6.01574790762793,-2.42439606377632,-8.37074305805833
20.2275,-6.01574790762793,-2.40401329255317,-8.36564993853608
20.23,-6.01574790762793,-2.40910898535896,-8.32490498235808
20.2325,-6.01574790762793,-2.41930037097053,-8.38602241662508
20.235,-6.02084236548114,-2.3887262141358,-8.34527746044708
20.2375,-6.01574790762793,-2.40910898535896,-8.30453250426909
20.24,-6.02084236548114,-2.34286497888371,-8.30962562379133
20.2425,-6.02593682333435,-2.37853482852423,-8.37074305805833
20.245,-6.02593682333435,-2.34286497888371,-8.39111553614733
20.2475,-6.03612573904077,-2.32248220766055,-8.33509122140258
20.25,-6.03612573904077,-2.32248220766055,-8.31471874331358
20.2525,-6.04631465474719,-2.37343913571844,-8.30962562379133
20.255,-6.0514091126004,-2.37343913571844,-8.27397378713559
20.2575,-6.0514091126004,-2.33267359327213,-8.27906690665784
20.26,-6.06159802830682,-2.32757790046634,-8.33509122140258
20.2625,-6.07178694401324,-2.29700374363161,-8.32490498235808
20.265,-6.06669248616003,-2.30719512924319,-8.32999810188033
20.2675,-6.07688140186645,-2.33776928607792,-0.10461007344729
20.27,-6.08707031757288,-2.32248220766055,-8.27397378713559
20.2725,-6.09216477542609,-2.35305636449528,-8.36055681901383
20.275,-6.0972592332793,-2.32757790046634,-8.28416002618009
20.2775,-6.10744814898572,-2.32757790046634,-8.30453250426909
20.28,-6.11254260683893,-2.32248220766055,-8.27906690665784
20.2825,-6.12273152254535,-2.35305636449528,-8.26888066761334
20.285,-6.15839272751782,-2.32757790046634,-8.25869442856884
20.2875,-6.1482038118114,-2.33776928607792,-8.36564993853608
20.29,-6.16858164322425,-2.39891759974738,-8.34018434092483
20.2925,-6.18386501678388,-2.37343913571844,-8.32999810188033
20.295,-6.1940539324903,-2.3887262141358,-8.27906690665784
20.2975,-6.19914839034351,-2.3887262141358,-8.31471874331358
20.3,-6.20933730604993,-2.39382190694159,-8.30453250426909
20.3025,-6.22462067960956,-2.37853482852423,-8.29943938474683
20.305,-6.22971513746277,-2.39891759974738,-8.31981186283583
20.3075,-6.27556525814167,-2.41420467816475,-8.31981186283583
20.31,-6.28065971599488,-2.41420467816475,-8.30962562379133
20.3125,-6.2908486317013,-2.41420467816475,-8.32490498235808
20.315,-6.2908486317013,-2.41930037097053,-8.35546369949158
20.3175,-6.30103754740772,-2.40910898535896,-8.39111553614733
20.32,-6.30613200526093,-2.41420467816475,-8.32999810188033
20.3225,-6.31122646311414,-2.44987452780526,-8.30453250426909
20.325,-6.36217104164625,-2.42949175658211,-8.30453250426909
20.3275,-6.32141537882056,-2.4345874493879,-8.30962562379133
20.33,-6.33669875238019,-2.43968314219369,-8.34018434092483
20.3325,-6.3417932102334,-2.43968314219369,-8.30962562379133
20.335,-6.33669875238019,-2.44477883499948,-8.27397378713559
20.3375,-6.36217104164625,-2.43968314219369,-8.27397378713559
20.34,-6.32650983667377,-2.46006591341684,-8.31981186283583
20.3425,-6.33160429452698,-2.51611853428051,-8.30962562379133
20.345,-6.33669875238019,-2.49573576305736,-8.34527746044708
20.3475,-6.3417932102334,-2.46516160622263,-8.28925314570234
20.35,-6.33669875238019,-2.5212142270863,-8.29434626522459
20.3525,-6.3417932102334,-2.46006591341684,-8.28416002618009
20.355,-6.34688766808662,-2.47025729902842,-8.29943938474683
20.3575,-6.35198212593983,-2.44987452780526,-8.32999810188033
20.36,-6.35198212593983,-2.4345874493879,-8.29434626522459
20.3625,-6.35707658379304,-2.47025729902842,-8.26888066761334
20.365,-6.36217104164625,-2.42949175658211,-8.26888066761334
20.3675,-6.36217104164625,-2.47025729902842,-8.35546369949158
20.37,-6.36726549949946,-2.39891759974738,-8.27906690665784
20.3725,-6.36726549949946,-2.38363052133001,-8.26888066761334
20.375,-6.36726549949946,-2.39382190694159,-8.24850818952434
20.3775,-6.37235995735267,-2.37853482852423,-8.30453250426909
20.38,-6.37235995735267,-2.33267359327213,-8.23322883095759
20.3825,-6.40292670447193,-2.32248220766055,-8.26378754809109
20.385,-6.37745441520588,-2.32757790046634,-8.28416002618009
20.3875,-6.38254887305909,-2.29190805082582,-8.36055681901383
20.39,-6.37745441520588,-2.29700374363161,-8.25869442856884
20.3925,-6.37745441520588,-2.27152527960267,-8.22813571143534
20.395,-6.38254887305909,-2.23075973715636,-8.22304259191309
20.3975,-6.40292670447193,-2.215472658739,-8.22813571143534
20.4,-6.36726549949946,-2.17980280909848,-8.20267011382409
20.4025,-6.37235995735267,-2.20528127312742,-8.26378754809109
20.405,-6.37235995735267,-2.20018558032163,-8.26888066761334
20.4075,-6.36726549949946,-2.03202771773061,-8.28416002618009
20.41,-6.39273778876551,-2.10336741701165,-8.26378754809109
20.4125,-6.3876433309123,-2.18999419471005,-8.29943938474683
20.415,-6.3417932102334,-2.06769756737113,-8.20776323334634
20.4175,-6.3417932102334,-2.11355880262323,-8.20267011382409
20.42,-6.33669875238019,-2.11865449542902,-8.21285635286859
20.4225,-6.33160429452698,-1.89444401197433,-8.35037057996933
20.425,-6.36217104164625,-1.88425262636275,-8.22813571143534
20.4275,-6.36217104164625,-1.87915693355696,-8.20776323334634
20.43,-6.33669875238019,-1.83329569830487,-8.24341507000209
20.4325,-6.3417932102334,-1.82820000549908,-8.19757699430184
20.435,-6.33669875238019,-1.78743446305277,-8.20267011382409
20.4375,-6.33669875238019,-1.75686030621804,-8.19757699430184
20.44,-6.33669875238019,-1.79762584866435,-8.23322883095759
20.4425,-6.39273778876551,-1.76705169182962,-8.40130177519183
20.445,-6.37235995735267,-1.79253015585856,-8.20267011382409
20.4475,-6.34688766808662,-1.78743446305277,-8.23322883095759
20.45,-6.28065971599488,-1.59379813643281,-8.23322883095759
20.4525,-6.28065971599488,-1.71609476377173,-8.22813571143534
20.455,-6.27556525814167,-1.74157322780068,-8.27906690665784
20.4575,-6.27556525814167,-1.74666892060646,-8.29943938474683
20.46,-6.28065971599488,-1.74666892060646,-8.22813571143534
20.4625,-6.28065971599488,-1.50207566592862,-8.22304259191309
20.465,-6.28065971599488,-1.57851105801545,-8.20267011382409
20.4675,-6.30103754740772,-1.58360675082123,-8.21285635286859
20.47,-6.29594308955451,-1.48678858751125,-8.20776323334634
20.4725,-6.29594308955451,-1.50717135873441,-8.19757699430184
20.475,-6.27047080028846,-1.50717135873441,-0.10461007344729
20.4775,-6.27047080028846,-1.5122670515402,-0.0995169539250416
20.48,-6.27047080028846,-0.0956644515310163,-0.0995169539250416
20.4825,-6.27556525814167,-1.53264982276335,-8.22304259191309
20.485,-6.27047080028846,-1.52755412995756,-8.23832195047984
20.4875,-6.27556525814167,-1.52245843715177,-8.28416002618009
20.49,-6.27556525814167,-0.0905687587252277,-8.30962562379133
20.4925,-6.28065971599488,-1.53774551556914,-8.20776323334634
20.495,-6.2908486317013,-1.5530325939865,-8.22813571143534
20.4975,-6.29594308955451,-1.62437229326754,-8.22813571143534
20.5,-6.30103754740772,-1.66513783571385,-8.23832195047984
20.5025,-6.30613200526093,-1.685520606937,-8.24341507000209
20.505,-6.30613200526093,-1.685520606937,-8.24341507000209
20.5075,-6.31632092096735,-1.685520606937,-8.25869442856884
20.51,-6.31632092096735,-0.0956644515310163,-8.26378754809109
20.5125,-6.32650983667377,-0.0956644515310163,-8.23322883095759
20.515,-6.33160429452698,-0.0905687587252277,-8.34018434092483
20.5175,-6.33669875238019,-0.0956644515310163,-8.21285635286859
20.52,-6.33669875238019,-0.0956644515310163,-8.20267011382409
20.5225,-6.3417932102334,-0.0956644515310163,-8.21794947239084
20.525,-6.34688766808662,-0.0956644515310163,-8.22813571143534
20.5275,-6.35707658379304,-0.0956644515310163,-8.21794947239084
20.53,-6.36217104164625,-1.97087940406115,-8.22813571143534
20.5325,-6.37235995735267,-2.07279326017692,-8.21794947239084
20.535,-6.37745441520588,-2.09827172420586,-8.21285635286859
20.5375,-6.3876433309123,-2.13394157384638,-8.21285635286859
20.54,-6.39273778876551,-2.07279326017692,-8.21794947239084
20.5425,-6.39273778876551,-2.07279326017692,-8.21285635286859
20.545,-6.39273778876551,-2.13903726665217,-8.21794947239084
20.5475,-6.41311562017835,-2.17980280909848,-8.22304259191309
20.55,-6.39273778876551,-2.16451573068111,-8.25360130904659
20.5525,-6.39783224661872,-2.17470711629269,-8.20776323334634
20.555,-6.41821007803156,-2.18489850190427,-8.22813571143534
20.5575,-6.39273778876551,-2.18999419471005,-8.25360130904659
20.56,-6.41311562017835,-2.20018558032163,-8.26378754809109
20.5625,-6.40802116232514,-2.215472658739,-8.24341507000209
20.565,-6.4334934515912,-2.22566404435057,-8.24341507000209
20.5675,-6.4334934515912,-2.26133389399109,-8.22813571143534
20.57,-6.42330453588477,-2.27662097240846,-8.22813571143534
20.5725,-6.42330453588477,-2.2562382011853,-8.24850818952434
20.575,-6.44877682515083,-2.26133389399109,-8.24341507000209
20.5775,-6.40292670447193,-2.29190805082582,-8.24850818952434
20.58,-6.39783224661872,-2.27662097240846,-8.26378754809109
20.5825,-6.40292670447193,-2.27662097240846,-8.26378754809109
20.585,-6.39783224661872,-2.28681235802003,-8.26888066761334
20.5875,-6.39273778876551,-2.29700374363161,-8.23322883095759
20.59,-6.39273778876551,-2.29190805082582,-8.27397378713559
20.5925,-6.3876433309123,-2.29190805082582,-8.24341507000209
20.595,-6.38254887305909,-2.29190805082582,-8.26888066761334
20.5975,-6.37235995735267,-2.28681235802003,-8.21794947239084
20.6,-6.36217104164625,-2.28171666521425,-8.21794947239084
20.6025,-6.37235995735267,-2.27662097240846,-8.21794947239084
20.605,-6.36726549949946,-2.29190805082582,-8.30453250426909
20.6075,-6.36217104164625,-2.29190805082582,-8.25360130904659
20.61,-6.35707658379304,-2.29190805082582,-8.22304259191309
20.6125,-6.37235995735267,-2.28171666521425,-8.22813571143534
20.615,-6.36726549949946,-2.26133389399109,-8.24850818952434
20.6175,-6.37745441520588,-2.2562382011853,-8.26378754809109
20.62,-6.32650983667377,-2.25114250837952,-8.26888066761334
20.6225,-6.32650983667377,-2.26133389399109,-8.26378754809109
20.625,-6.31632092096735,-2.2562382011853,-8.26888066761334
20.6275,-6.31632092096735,-2.2562382011853,-8.20776323334634
20.63,-6.2908486317013,-2.24604681557373,-8.22813571143534
20.6325,-6.31632092096735,-2.35815205730107,-8.23832195047984
20.635,-6.31122646311414,-2.29700374363161,-8.24341507000209
20.6375,-6.27047080028846,-2.32757790046634,-8.29943938474683
20.64,-6.26537634243525,-2.33776928607792,-8.29943938474683
20.6425,-6.26028188458204,-2.32757790046634,-8.32490498235808
20.645,-6.25518742672882,-2.29700374363161,-8.23832195047984
20.6475,-6.25009296887561,-2.31229082204898,-8.24341507000209
20.65,-6.21443176390314,-2.3020994364374,-8.25360130904659
20.6525,-6.21443176390314,-2.29190805082582,-8.25360130904659
20.655,-6.20933730604993,-2.26642958679688,-8.25869442856884
20.6575,-6.20424284819672,-2.28171666521425,-8.26378754809109
20.66,-6.19914839034351,-2.27662097240846,-8.25869442856884
20.6625,-6.20424284819672,-2.31229082204898,-0.119889432014039
20.665,-6.19914839034351,-2.29700374363161,-0.10461007344729
20.6675,-6.19914839034351,-2.32248220766055,-8.28925314570234
20.67,-6.19914839034351,-2.28681235802003,-8.26888066761334
20.6725,-6.19914839034351,-2.29700374363161,-8.36055681901383
20.675,-6.19914839034351,-2.3479606716895,-8.24341507000209
20.6775,-6.20424284819672,-2.29700374363161,-8.21285635286859
20.68,-6.20933730604993,-2.28681235802003,-8.24850818952434
20.6825,-6.21443176390314,-2.28681235802003,-8.25360130904659
20.685,-6.21952622175635,-2.27662097240846,-8.25869442856884
20.6875,-6.21952622175635,-2.27152527960267,-8.26888066761334
20.69,-6.1940539324903,-2.26133389399109,-8.30453250426909
20.6925,-6.21443176390314,-2.24604681557373,-8.24341507000209
20.695,-6.21443176390314,-2.22056835154479,-8.27906690665784
20.6975,-6.21952622175635,-2.29700374363161,-8.29434626522459
20.7,-6.1940539324903,-2.20528127312742,-8.28925314570234
20.7025,-6.19914839034351,-2.25114250837952,-8.28416002618009
20.705,-6.22462067960956,-2.18489850190427,-8.29434626522459
20.7075,-6.22971513746277,-2.22056835154479,-8.29434626522459
20.71,-6.22971513746277,-2.15432434506954,-8.27397378713559
20.7125,-6.25518742672882,-2.13903726665217,-8.32490498235808
20.715,-6.27047080028846,-2.1237501882348,-8.32490498235808
20.7175,-6.22971513746277,-2.1237501882348,-8.32999810188033
20.72,-6.23480959531598,-2.11865449542902,-8.28925314570234
20.7225,-6.2449985110224,-2.08808033859429,-8.30962562379133
20.725,-6.2449985110224,-2.0371234105364,-8.34018434092483
20.7275,-6.2449985110224,-2.07279326017692,-8.35546369949158
20.73,-6.25009296887561,-2.06260187456535,-8.34527746044708
20.7325,-6.25009296887561,-2.07279326017692,-8.28925314570234
20.735,-6.25009296887561,-2.1237501882348,-8.31981186283583
20.7375,-6.25518742672882,-1.99126217528431,-8.39111553614733
20.74,-6.25518742672882,-2.11865449542902,-8.31471874331358
20.7425,-6.25009296887561,-2.11865449542902,-8.29943938474683
20.745,-6.25518742672882,-2.12884588104059,-8.42167425328083
20.7475,-6.25518742672882,-1.9963578680901,-8.34018434092483
20.75,-6.26028188458204,-1.97597509686694,-8.33509122140258
20.7525,-6.27047080028846,-1.97597509686694,-8.31471874331358
20.755,-6.27047080028846,-1.97597509686694,-8.31471874331358
20.7575,-6.27556525814167,-1.97597509686694,-8.38602241662508
20.76,-6.28065971599488,-2.11355880262323,-8.39620865566958
20.7625,-6.2908486317013,-2.06260187456535,-8.38092929710283
20.765,-6.29594308955451,-2.12884588104059,-8.30962562379133
20.7675,-6.2908486317013,-1.78743446305277,-8.30962562379133
20.77,-6.2908486317013,-1.74666892060646,-8.31471874331358
20.7725,-6.2908486317013,-1.73647753499489,-8.30453250426909
20.775,-6.29594308955451,-1.7313818421891,-8.36055681901383
20.7775,-6.30103754740772,-1.71609476377173,-8.35546369949158
20.78,-6.30103754740772,-1.73647753499489,-8.36055681901383
20.7825,-6.30103754740772,-1.72628614938331,-8.38602241662508
20.785,-6.33669875238019,-1.72119045657752,-8.32999810188033
20.7875,-6.34688766808662,-1.72119045657752,-8.33509122140258
20.79,-6.33669875238019,-1.71609476377173,-8.35546369949158
20.7925,-6.36726549949946,-1.72628614938331,-8.34527746044708
20.795,-6.36217104164625,-1.75686030621804,-8.36564993853608
20.7975,-6.3417932102334,-1.91482678319748,-8.36564993853608
20.8,-6.34688766808662,-1.93520955442063,-8.35546369949158
20.8025,-6.37235995735267,-1.97597509686694,-8.34018434092483
20.805,-6.33669875238019,-1.93520955442063,-8.34527746044708
20.8075,-6.33160429452698,-1.8638698551396,-8.34018434092483
20.81,-6.33669875238019,-1.85877416233381,-8.37074305805833
20.8125,-6.33160429452698,-1.84858277672223,-8.52862976324807
20.815,-6.32650983667377,-1.81291292708171,-8.38602241662508
20.8175,-6.35198212593983,-1.80272154147014,-8.38602241662508
20.82,-6.34688766808662,-1.78743446305277,-8.39111553614733
20.8225,-6.35198212593983,-1.78233877024698,-8.41148801423633
20.825,-6.37235995735267,-1.7721473846354,-8.38602241662508
20.8275,-6.35198212593983,-1.7721473846354,-8.50825728515907
20.83,-6.30103754740772,-1.78233877024698,-8.39620865566958
20.8325,-6.33160429452698,-1.78233877024698,-8.53372288277031
20.835,-6.31122646311414,-1.75686030621804,-8.41658113375857
20.8375,-6.31122646311414,-1.75686030621804,-8.41148801423633
20.84,-6.31122646311414,-1.75176461341225,-8.39111553614733
20.8425,-6.31122646311414,-1.77724307744119,-8.40130177519183
20.845,-6.30613200526093,-1.78233877024698,-8.40130177519183
20.8475,-6.30613200526093,-1.78743446305277,-8.46241920945882
20.85,-6.30613200526093,-1.78743446305277,-8.47769856802557
20.8525,-6.30613200526093,-0.0956644515310163,-8.48788480707007
20.855,-6.30613200526093,-0.0956644515310163,-8.46751232898107
20.8575,-6.30613200526093,-0.0956644515310163,-8.40130177519183
20.86,-6.30613200526093,-0.0956644515310163,-8.43695361184757
20.8625,-6.31122646311414,-0.0905687587252277,-8.46751232898107
20.865,-6.31632092096735,-0.0956644515310163,-8.47769856802557
20.8675,-6.30613200526093,-2.30719512924319,-8.46751232898107
20.87,-6.30613200526093,-2.26642958679688,-8.46751232898107
20.8725,-6.31122646311414,-2.27662097240846,-8.38602241662508
20.875,-6.30613200526093,-2.28171666521425,-8.42167425328083
20.8775,-6.33160429452698,-2.31738651485477,-8.42167425328083
20.88,-6.31122646311414,-2.29190805082582,-8.41148801423633
20.8825,-6.30613200526093,-2.28171666521425,-8.35546369949158
20.885,-6.30103754740772,-2.28681235802003,-8.47260544850332
20.8875,-6.26537634243525,-2.26642958679688,-8.38092929710283
20.89,-6.28065971599488,-2.33776928607792,-8.45223297041432
20.8925,-6.25009296887561,-2.37343913571844,-8.48788480707007
20.895,-6.23990405316919,-2.32248220766055,-8.46751232898107
20.8975,-6.22971513746277,-2.29190805082582,-8.37583617758058
20.9,-6.23990405316919,-2.27662097240846,-8.38092929710283
20.9025,-6.21443176390314,-2.30719512924319,-8.43186049232532
20.905,-6.20933730604993,-2.27662097240846,-8.38092929710283
20.9075,-6.22462067960956,-2.28171666521425,-8.40639489471408
20.91,-6.22462067960956,-2.32248220766055,-8.39111553614733
20.9125,-6.22462067960956,-2.31229082204898,-8.42676737280307
20.915,-0.0959878821972175,-2.29700374363161,-8.39620865566958
20.9175,-0.0959878821972175,-2.3020994364374,-8.36564993853608
20.92,-6.18895947463709,-2.32757790046634,-8.32490498235808
20.9225,-6.15839272751782,-2.33776928607792,-8.32490498235808
20.925,-6.17367610107746,-2.34286497888371,-8.32999810188033
20.9275,-6.1482038118114,-2.35305636449528,-8.31471874331358
20.93,-6.16858164322425,-2.35815205730107,-8.34018434092483
20.9325,-6.16348718537103,-2.34286497888371,-8.34527746044708
20.935,-6.15839272751782,-2.32757790046634,-8.34527746044708
20.9375,-6.17367610107746,-2.33267359327213,-8.34527746044708
20.94,-6.1482038118114,-2.36834344291265,-8.31471874331358
20.9425,-6.13801489610498,-2.3887262141358,-8.32490498235808
20.945,-6.13801489610498,-2.37343913571844,-8.32490498235808
20.9475,-6.13292043825177,-2.38363052133001,-8.40639489471408
20.95,-6.12273152254535,-2.38363052133001,-8.40639489471408
20.9525,-6.11763706469214,-2.40401329255317,-8.34527746044708
20.955,-6.11254260683893,-2.39382190694159,-8.34018434092483
20.9575,-6.10744814898572,-2.40401329255317,-8.38092929710283
20.96,-6.10744814898572,-2.40401329255317,-8.39111553614733
20.9625,-6.10744814898572,-2.37853482852423,-8.38602241662508
20.965,-6.10235369113251,-2.38363052133001,-8.39620865566958
20.9675,-6.10235369113251,-2.44477883499948,-8.40130177519183
20.97,-6.10235369113251,-2.39891759974738,-8.41148801423633
20.9725,-6.10235369113251,-2.50083145586315,-8.51844352420357
20.975,-6.10235369113251,-2.41420467816475,-8.40639489471408
20.9775,-6.10235369113251,-2.3887262141358,-8.40130177519183
20.98,-6.10235369113251,-2.41420467816475,-8.40130177519183
20.9825,-6.10235369113251,-2.41930037097053,-8.42167425328083
20.985,-6.10235369113251,-2.42439606377632,-8.44204673136982
20.9875,-6.10235369113251,-2.42439606377632,-8.42676737280307
20.99,-6.10235369113251,-2.42949175658211,-8.44713985089207
20.9925,-6.10744814898572,-2.44987452780526,-8.48788480707007
20.995,-6.11254260683893,-2.39891759974738,-8.44713985089207
20.9975,-6.11763706469214,-2.44477883499948,-8.43186049232532
21,-6.12273152254535,-2.40910898535896,-8.45223297041432
21.0025,-6.12782598039856,-2.42439606377632,-8.43186049232532
21.005,-6.12782598039856,-2.40401329255317,-8.44204673136982
21.0075,-6.12782598039856,-2.39382190694159,-8.44713985089207
21.01,-6.13292043825177,-2.39382190694159,-8.44204673136982
21.0125,-6.12273152254535,-2.39382190694159,-8.44713985089207
21.015,-6.12782598039856,-2.34286497888371,-8.45732608993657
21.0175,-6.12782598039856,-2.3479606716895,-8.51844352420357
21.02,-6.12782598039856,-2.39891759974738,-8.47260544850332
21.0225,-6.12782598039856,-2.39382190694159,-8.45732608993657
21.025,-6.12782598039856,-2.3887262141358,-8.45732608993657
21.0275,-6.12782598039856,-2.37853482852423,-8.46241920945882
21.03,-6.12782598039856,-2.37343913571844,-8.44713985089207
21.0325,-6.12782598039856,-2.39382190694159,-8.39111553614733
21.035,-6.12782598039856,-2.35815205730107,-8.38092929710283
21.0375,-6.12782598039856,-2.35815205730107,-8.45732608993657
21.04,-6.12782598039856,-2.35305636449528,-8.46751232898107
21.0425,-6.1482038118114,-2.37343913571844,-8.44713985089207
21.045,-6.11763706469214,-2.36834344291265,-8.46241920945882
21.0475,-6.14310935395819,-2.35815205730107,-8.39111553614733
21.05,-6.11763706469214,-2.33776928607792,-8.39620865566958
21.0525,-6.11254260683893,-2.33776928607792,-8.41148801423633
21.055,-6.13801489610498,-2.32757790046634,-8.41658113375857
21.0575,-6.13801489610498,-2.33267359327213,-8.41658113375857
21.06,-6.11254260683893,-2.33776928607792,-8.42167425328083
21.0625,-6.13801489610498,-2.33267359327213,-8.50316416563682
21.065,-6.13801489610498,-2.32248220766055,-8.50316416563682
21.0675,-6.13292043825177,-2.35815205730107,-8.63049215369306
21.07,-6.18386501678388,-2.32757790046634,-8.44713985089207
21.0725,-6.15839272751782,-2.32757790046634,-8.51335040468132
21.075,-6.13801489610498,-2.32248220766055,-8.54390912181481
21.0775,-6.14310935395819,-2.35305636449528,-8.50825728515907
21.08,-6.1482038118114,-2.33267359327213,-8.51844352420357
21.0825,-6.15329826966461,-2.36834344291265,-8.54390912181481
21.085,-6.1482038118114,-2.3479606716895,-8.55409536085931
21.0875,-6.15329826966461,-2.33776928607792,-8.53372288277031
21.09,-6.22462067960956,-2.34286497888371,-8.57446783894831
21.0925,-6.1940539324903,-2.3479606716895,-8.58974719751506
21.095,-6.1940539324903,-2.33776928607792,-8.52862976324807
21.0975,-6.18386501678388,-2.33776928607792,-8.49297792659232
21.1,-6.18895947463709,-2.34286497888371,-8.48788480707007
21.1025,-6.21952622175635,-2.3887262141358,-8.47260544850332
21.105,-6.1940539324903,-2.37343913571844,-8.46751232898107
21.1075,-6.19914839034351,-2.36834344291265,-8.53881600229256
21.11,-6.20424284819672,-2.36324775010686,-8.46751232898107
21.1125,-6.21443176390314,-2.35815205730107,-8.45223297041432
21.115,-6.21443176390314,-2.34286497888371,-8.49297792659232
21.1175,-6.22462067960956,-2.34286497888371,-8.49807104611457
21.12,-6.22971513746277,-2.34286497888371,-8.52862976324807
21.1225,-6.25009296887561,-2.43968314219369,-8.51844352420357
21.125,-6.22462067960956,-2.3887262141358,-8.46751232898107
21.1275,-6.22971513746277,-2.40401329255317,-8.48788480707007
21.13,-6.22971513746277,-2.40910898535896,-8.53881600229256
21.1325,-6.22971513746277,-2.40401329255317,-8.46241920945882
21.135,-6.23990405316919,-2.32757790046634,-8.47769856802557
21.1375,-6.2449985110224,-2.35305636449528,-8.54390912181481
21.14,-6.25009296887561,-2.37853482852423,-8.46751232898107
21.1425,-6.25518742672882,-2.37853482852423,-8.47260544850332
21.145,-6.26537634243525,-2.36834344291265,-8.47769856802557
21.1475,-6.26537634243525,-2.36834344291265,-8.51335040468132
21.15,-6.27047080028846,-2.36324775010686,-8.50825728515907
21.1525,-6.27556525814167,-2.38363052133001,-8.56937471942606
21.155,-6.28575417384809,-2.38363052133001,-8.54900224133706
21.1575,-6.2908486317013,-2.3887262141358,-8.53372288277031
21.16,-6.2908486317013,-2.3887262141358,-8.48279168754782
21.1625,-6.30103754740772,-2.39891759974738,-8.46241920945882
21.165,-6.32650983667377,-2.39891759974738,-8.55918848038156
21.1675,-6.32141537882056,-2.35815205730107,-8.58465407799281
21.17,-6.34688766808662,-2.35815205730107,-8.53372288277031
21.1725,-6.35198212593983,-2.28171666521425,-8.52862976324807
21.175,-6.36217104164625,-2.2562382011853,-8.52353664372582
21.1775,-6.37235995735267,-2.23585542996215,-8.50825728515907
21.18,-6.40292670447193,-2.24095112276794,-8.52353664372582
21.1825,-6.37235995735267,-2.20018558032163,-8.49297792659232
21.185,-6.38254887305909,-2.19508988751584,-8.46751232898107
21.1875,-6.3876433309123,-1.950496632838,-8.62030591464856
21.19,-6.39273778876551,-2.15942003787532,-8.61521279512631
21.1925,-6.40292670447193,-2.15432434506954,-8.49807104611457
21.195,-6.40802116232514,-2.10846310981744,-8.41658113375857
21.1975,-6.41311562017835,-1.90973109039169,-8.51335040468132
21.2,-6.41311562017835,-1.9046353975859,-8.53372288277031
21.2025,-6.41311562017835,-1.9046353975859,-8.53372288277031
21.205,-6.40802116232514,-1.90973109039169,-8.51844352420357
21.2075,-6.40292670447193,-1.89444401197433,-8.52862976324807
21.21,-6.39273778876551,-1.89444401197433,-8.50316416563682
21.2125,-6.37745441520588,-1.89444401197433,-8.49297792659232
21.215,-6.37235995735267,-1.88934831916854,-8.46751232898107
21.2175,-6.36217104164625,-0.0956644515310163,-8.45732608993657
21.22,-6.34688766808662,-1.90973109039169,-8.46751232898107
21.2225,-6.33160429452698,-1.91482678319748,-8.43695361184757
21.225,-6.32141537882056,-1.89953970478012,-8.43695361184757
21.2275,-6.30613200526093,-1.90973109039169,-8.64577151225981
21.23,-6.28575417384809,-1.91482678319748,-8.55918848038156
21.2325,-6.27047080028846,-1.88934831916854,-8.55918848038156
21.235,-6.25009296887561,-1.95559232564379,-8.48279168754782
21.2375,-6.22971513746277,-1.95559232564379,-8.49807104611457
21.24,-6.23990405316919,-1.97597509686694,-8.64577151225981
21.2425,-6.21952622175635,-2.10846310981744,-8.64577151225981
21.245,-6.1940539324903,-2.09827172420586,-8.63558527321531
21.2475,-6.19914839034351,-2.1237501882348,-8.63049215369306
21.25,-6.14310935395819,-2.11355880262323,-8.65086463178205
21.2525,-6.1482038118114,-2.1696114234869,-8.58465407799281
21.255,-6.15329826966461,-2.18999419471005,-8.6865164684378
21.2575,-6.15329826966461,-2.3020994364374,-8.68142334891555
21.26,-0.0959878821972175,-2.16451573068111,-8.56937471942606
21.2625,-0.0959878821972175,-2.17980280909848,-8.58465407799281
21.265,-0.0908934243440065,-2.28171666521425,-8.61521279512631
21.2675,-0.0959878821972175,-2.22566404435057,-8.63049215369306
21.27,-0.0908934243440065,-2.24095112276794,-8.64067839273756
21.2725,-0.0959878821972175,-2.28681235802003,-8.58465407799281
21.275,-5.96480332909582,-2.24604681557373,-8.58465407799281
21.2775,-5.94951995553619,-2.29700374363161,-8.68142334891555
21.28,-5.93933103982977,-2.23585542996215,-8.7068889465268
21.2825,-5.92404766627014,-2.25114250837952,-8.7068889465268
21.285,-5.9087642927105,-2.26642958679688,-8.45732608993657
21.2875,-5.89857537700408,-2.3479606716895,-8.45223297041432
21.29,-5.88838646129766,-2.26133389399109,-8.42676737280307
21.2925,-5.87310308773803,-2.28681235802003,-8.43186049232532
21.295,-5.88838646129766,-2.25114250837952,-8.43695361184757
21.2975,-5.8578197141784,-2.26642958679688,-8.46751232898107
21.3,-5.84763079847198,-2.26133389399109,-8.46751232898107
21.3025,-5.86291417203161,-2.24095112276794,-8.41148801423633
21.305,-5.83744188276556,-2.24095112276794,-8.44204673136982
21.3075,-5.86291417203161,-2.2562382011853,-8.46241920945882
21.31,-5.83234742491235,-2.26133389399109,-8.43695361184757
21.3125,-5.83234742491235,-2.23075973715636,-8.48279168754782
21.315,-5.83234742491235,-2.23585542996215,-8.45223297041432
21.3175,-5.83234742491235,-2.26133389399109,-8.46241920945882
21.32,-5.83234742491235,-2.24604681557373,-8.51335040468132
21.3225,-5.83744188276556,-2.23585542996215,-8.50825728515907
21.325,-5.83234742491235,-2.25114250837952,-8.48788480707007
21.3275,-5.83234742491235,-2.25114250837952,-8.49297792659232
21.33,-5.84253634061877,-2.25114250837952,-8.49807104611457
21.3325,-5.83744188276556,-2.29700374363161,-8.54900224133706
21.335,-5.84253634061877,-2.26642958679688,-8.53372288277031
21.3375,-5.85272525632519,-2.24604681557373,-8.54900224133706
21.34,-5.85272525632519,-2.25114250837952,-8.70179582700455
21.3425,-5.85272525632519,-2.28171666521425,-8.59993343655956
21.345,-5.85272525632519,-2.28171666521425,-8.56937471942606
21.3475,-5.86291417203161,-2.31229082204898,-8.61011967560406
21.35,-5.86291417203161,-2.34286497888371,-8.61011967560406
21.3525,-5.86800862988482,-2.33267359327213,-8.63558527321531
21.355,-5.87310308773803,-2.33776928607792,-8.6559577513043
21.3575,-5.87819754559124,-2.32248220766055,-8.71198206604905
21.36,-5.88329200344445,-2.35815205730107,-8.6967027074823
21.3625,-5.88838646129766,-2.32248220766055,-8.7476339027048
21.365,-5.89857537700408,-2.32757790046634,-8.51844352420357
21.3675,-5.90366983485729,-2.36324775010686,-8.7374476636603
21.37,-5.9087642927105,-2.31229082204898,-8.56428159990381
21.3725,-5.91895320841693,-2.36834344291265,-8.79347197840504
21.375,-5.92914212412335,-2.30719512924319,-8.53372288277031
21.3775,-5.94442549768298,-2.33267359327213,-8.51335040468132
21.38,-5.9546144133894,-2.33776928607792,-8.56937471942606
21.3825,-5.96480332909582,-2.35305636449528,-8.56937471942606
21.385,-5.97499224480224,-2.33776928607792,-8.54390912181481
21.3875,-5.98518116050866,-2.34286497888371,-8.55918848038156
21.39,-5.99537007621508,-2.36834344291265,-8.55918848038156
21.3925,-6.00555899192151,-2.37343913571844,-8.59993343655956
21.395,-6.01574790762793,-2.37853482852423,-8.55918848038156
21.3975,-6.02593682333435,-2.39382190694159,-8.54390912181481
21.4,-6.03612573904077,-2.39891759974738,-8.54390912181481
21.4025,-6.0514091126004,-2.40401329255317,-8.57446783894831
21.405,-6.06159802830682,-2.48044868463999,-8.55918848038156
21.4075,-6.07688140186645,-2.3887262141358,-8.58465407799281
21.41,-6.08707031757288,-2.47535299183421,-8.59484031703731
21.4125,-6.0972592332793,-2.40910898535896,-8.61521279512631
21.415,-6.11763706469214,-2.41420467816475,-8.58974719751506
21.4175,-6.13801489610498,-2.50083145586315,-8.56428159990381
21.42,-6.1482038118114,-2.43968314219369,-8.57956095847056
21.4225,-6.1940539324903,-2.42439606377632,-8.60502655608181
21.425,-6.18895947463709,-2.46006591341684,-8.57956095847056
21.4275,-6.18895947463709,-2.5212142270863,-8.7272614246158
21.43,-6.1940539324903,-2.48554437744578,-8.62539903417081
21.4325,-6.20933730604993,-2.43968314219369,-8.63558527321531
21.435,-6.21443176390314,-2.48044868463999,-8.58465407799281
21.4375,-6.22462067960956,-2.48044868463999,-8.61521279512631
21.44,-6.23480959531598,-2.50083145586315,-8.61011967560406
21.4425,-6.25009296887561,-2.50592714866894,-8.69160958796005
21.445,-6.26028188458204,-2.50592714866894,-8.6967027074823
21.4475,-6.27047080028846,-2.48044868463999,-8.51844352420357
21.45,-6.28065971599488,-2.48044868463999,-8.51844352420357
21.4525,-6.2908486317013,-2.48044868463999,-8.63558527321531
21.455,-6.30103754740772,-2.46516160622263,-8.54900224133706
21.4575,-6.31122646311414,-2.46006591341684,-8.54900224133706
21.46,-6.31632092096735,-2.44987452780526,-8.54390912181481
21.4625,-6.32141537882056,-2.44477883499948,-8.54900224133706
21.465,-6.33160429452698,-2.40910898535896,-8.54900224133706
21.4675,-6.33669875238019,-2.44987452780526,-8.56428159990381
21.47,-6.33669875238019,-2.47535299183421,-8.56937471942606
21.4725,-6.34688766808662,-2.40910898535896,-8.56937471942606
21.475,-6.35198212593983,-2.40401329255317,-8.61011967560406
21.4775,-6.35198212593983,-2.40401329255317,-8.58974719751506
21.48,-6.35707658379304,-2.36834344291265,-8.58465407799281
21.4825,-6.36217104164625,-2.37853482852423,-8.58465407799281
21.485,-6.36217104164625,-2.33776928607792,-8.62030591464856
21.4875,-6.37235995735267,-2.3020994364374,-8.64067839273756
21.49,-6.36726549949946,-2.28681235802003,-8.59484031703731
21.4925,-6.36217104164625,-2.27662097240846,-8.61011967560406
21.495,-6.36217104164625,-2.23075973715636,-8.56937471942606
21.4975,-6.36217104164625,-2.23075973715636,-8.59993343655956
21.5,-6.36726549949946,-2.18999419471005,-8.63049215369306
21.5025,-6.36726549949946,-2.17980280909848,-8.63049215369306
21.505,-6.36726549949946,-2.3887262141358,-8.63558527321531
21.5075,-6.36217104164625,-2.17470711629269,-8.6661439903488
21.51,-6.35198212593983,-2.1696114234869,-8.59484031703731
21.5125,-6.37745441520588,-2.14922865226375,-8.56428159990381
21.515,-6.33160429452698,-2.16451573068111,-8.67123710987105
21.5175,-6.33160429452698,-2.20528127312742,-8.62539903417081
21.52,-6.32141537882056,-2.17980280909848,-8.54390912181481
21.5225,-6.32141537882056,-2.13903726665217,-8.55409536085931
21.525,-6.31122646311414,-2.15432434506954,-8.56428159990381
21.5275,-6.32141537882056,-2.1237501882348,-8.54900224133706
21.53,-6.31122646311414,-2.16451573068111,-8.54900224133706
21.5325,-6.28065971599488,-2.11355880262323,-8.67123710987105
21.535,-6.27556525814167,-2.12884588104059,-8.61521279512631
21.5375,-6.27556525814167,-2.09827172420586,-8.53372288277031
21.54,-6.26537634243525,-2.04731479614798,-8.59993343655956
21.5425,-6.25518742672882,-2.05241048895377,-8.54900224133706
21.545,-6.25518742672882,-2.05241048895377,-8.59484031703731
21.5475,-6.2449985110224,-2.09827172420586,-8.61011967560406
21.55,-6.2449985110224,-2.215472658739,-8.52862976324807
21.5525,-6.23480959531598,-2.0371234105364,-8.50825728515907
21.555,-6.22971513746277,-2.0371234105364,-8.54390912181481
21.5575,-6.22971513746277,-2.03202771773061,-8.64577151225981
21.56,-6.22462067960956,-2.05241048895377,-8.47260544850332
21.5625,-6.21443176390314,-2.02183633211904,-8.48279168754782
21.565,-6.20933730604993,-2.04221910334219,-8.57956095847056
21.5675,-6.20424284819672,-2.04731479614798,-8.50316416563682
21.57,-6.1940539324903,-2.14922865226375,-8.53881600229256
21.5725,-6.21443176390314,-2.03202771773061,-8.50825728515907
21.575,-6.20933730604993,-2.08808033859429,-8.48788480707007
21.5775,-6.20424284819672,-2.06260187456535,-8.57956095847056
21.58,-6.22971513746277,-2.14413295945796,-8.51335040468132
21.5825,-6.15839272751782,-2.15432434506954,-8.50825728515907
21.585,-6.15839272751782,-2.22056835154479,-8.54390912181481
21.5875,-6.15329826966461,-2.17980280909848,-8.56428159990381
21.59,-6.1482038118114,-2.15942003787532,-8.48788480707007
21.5925,-6.14310935395819,-2.18999419471005,-8.50316416563682
21.595,-6.13292043825177,-2.1696114234869,-8.50825728515907
21.5975,-6.12782598039856,-2.215472658739,-8.58974719751506
21.6,-6.12782598039856,-2.24604681557373,-8.51844352420357
21.6025,-6.12273152254535,-2.215472658739,-8.52862976324807
21.605,-6.12273152254535,-2.18489850190427,-8.52353664372582
21.6075,-6.11254260683893,-2.22566404435057,-8.61011967560406
21.61,-6.13801489610498,-2.20018558032163,-8.51335040468132
21.6125,-6.14310935395819,-2.22566404435057,-8.54390912181481
21.615,-6.10235369113251,-2.24604681557373,-8.55409536085931
21.6175,-6.0972592332793,-2.24095112276794,-8.55918848038156
21.62,-6.0972592332793,-2.24095112276794,-8.50825728515907
21.6225,-6.10235369113251,-2.25114250837952,-8.53881600229256
21.625,-6.0972592332793,-2.25114250837952,-8.57956095847056
21.6275,-6.0972592332793,-2.23075973715636,-8.54390912181481
21.63,-6.0972592332793,-2.25114250837952,-8.54900224133706
21.6325,-6.0972592332793,-2.23585542996215,-8.54390912181481
21.635,-6.09216477542609,-2.29190805082582,-8.56937471942606
21.6375,-6.0972592332793,-2.27662097240846,-8.52862976324807
21.64,-6.0972592332793,-2.28681235802003,-8.57446783894831
21.6425,-6.0972592332793,-2.27152527960267,-8.60502655608181
21.645,-6.12273152254535,-2.26642958679688,-8.59993343655956
21.6475,-6.11763706469214,-2.29190805082582,-8.55918848038156
21.65,-6.11763706469214,-2.28171666521425,-8.53372288277031
21.6525,-6.12273152254535,-2.26133389399109,-8.55918848038156
21.655,-6.10235369113251,-2.30719512924319,-8.56937471942606
21.6575,-6.10744814898572,-2.27662097240846,-8.56937471942606
21.66,-6.11254260683893,-2.28171666521425,-8.54900224133706
21.6625,-6.12273152254535,-2.28171666521425,-8.58974719751506
21.665,-6.12273152254535,-2.28171666521425,-8.50825728515907
21.6675,-6.12782598039856,-2.3020994364374,-8.50316416563682
21.67,-6.12782598039856,-2.28171666521425,-8.50825728515907
21.6725,-6.13292043825177,-2.27152527960267,-8.51335040468132
21.675,-6.13801489610498,-2.31738651485477,-8.50316416563682
21.6775,-6.13801489610498,-2.29700374363161,-8.51335040468132
21.68,-6.12782598039856,-2.3020994364374,-8.49807104611457
21.6825,-6.13292043825177,-2.32757790046634,-8.50316416563682
21.685,-6.13292043825177,-2.27152527960267,-8.51335040468132
21.6875,-6.13292043825177,-2.26642958679688,-8.52353664372582
21.69,-6.12782598039856,-2.26642958679688,-8.49297792659232
21.6925,-6.12782598039856,-2.27152527960267,-8.52862976324807
21.695,-6.12782598039856,-2.27152527960267,-8.53881600229256
21.6975,-6.12782598039856,-2.29700374363161,-8.61011967560406
21.7,-6.12273152254535,-2.28681235802003,-8.54900224133706
21.7025,-6.11763706469214,-2.28681235802003,-8.53881600229256
21.705,-6.11763706469214,-2.28171666521425,-8.53372288277031
21.7075,-6.11254260683893,-2.33267359327213,-8.53881600229256
21.71,-6.10744814898572,-2.31229082204898,-8.58974719751506
21.7125,-6.10235369113251,-2.28171666521425,-8.58465407799281
21.715,-6.10235369113251,-2.26133389399109,-8.55918848038156
21.7175,-6.0972592332793,-2.26642958679688,-8.57956095847056
21.72,-6.0972592332793,-2.26642958679688,-8.60502655608181
21.7225,-6.0972592332793,-2.27152527960267,-8.57956095847056
21.725,-6.0972592332793,-2.26133389399109,-8.56937471942606
21.7275,-6.09216477542609,-2.2562382011853,-8.59993343655956
21.73,-6.09216477542609,-2.26642958679688,-8.59993343655956
21.7325,-6.09216477542609,-2.27662097240846,-8.46751232898107
21.735,-6.0972592332793,-2.28171666521425,-8.46751232898107
21.7375,-6.0972592332793,-2.27662097240846,-8.49807104611457
21.74,-6.0972592332793,-2.27662097240846,-8.65086463178205
21.7425,-6.0972592332793,-2.28171666521425,-8.58974719751506
21.745,-6.10235369113251,-2.29700374363161,-8.53881600229256
21.7475,-6.10744814898572,-2.32248220766055,-8.56937471942606
21.75,-6.11763706469214,-2.27662097240846,-8.50825728515907
21.7525,-6.12273152254535,-2.28681235802003,-8.54900224133706
21.755,-6.12782598039856,-2.31229082204898,-8.55409536085931
21.7575,-6.13292043825177,-2.31738651485477,-8.55918848038156
21.76,-6.13801489610498,-2.32757790046634,-8.55409536085931
21.7625,-6.13292043825177,-2.33776928607792,-8.55918848038156
21.765,-6.13801489610498,-2.35305636449528,-8.56937471942606
21.7675,-6.13801489610498,-2.41930037097053,-8.56937471942606
21.77,-6.14310935395819,-2.36324775010686,-8.53372288277031
21.7725,-6.14310935395819,-2.37343913571844,-8.52862976324807
21.775,-6.1482038118114,-2.39382190694159,-8.52862976324807
21.7775,-6.15329826966461,-2.40401329255317,-8.54390912181481
21.78,-6.15329826966461,-2.44987452780526,-8.63049215369306
21.7825,-6.18895947463709,-2.41930037097053,-8.46751232898107
21.785,-6.19914839034351,-2.42439606377632,-8.48788480707007
21.7875,-6.21443176390314,-2.4345874493879,-8.52353664372582
21.79,-6.1940539324903,-2.42949175658211,-8.52862976324807
21.7925,-6.20424284819672,-2.4345874493879,-8.53881600229256
21.795,-6.20933730604993,-2.41420467816475,-8.55918848038156
21.7975,-6.21443176390314,-2.40910898535896,-8.56937471942606
21.8,-6.22462067960956,-2.42949175658211,-8.56937471942606
21.8025,-6.22971513746277,-2.42949175658211,-8.52862976324807
21.805,-6.22971513746277,-2.40910898535896,-8.53372288277031
21.8075,-6.23480959531598,-2.40910898535896,-8.53881600229256
21.81,-6.23480959531598,-2.45497022061105,-8.53881600229256
21.8125,-6.23990405316919,-2.46516160622263,-8.56428159990381
21.815,-6.25009296887561,-2.40401329255317,-8.59484031703731
21.8175,-6.25518742672882,-2.40910898535896,-8.6661439903488
21.82,-6.26028188458204,-2.41420467816475,-8.48788480707007
21.8225,-6.27047080028846,-2.40910898535896,-8.48788480707007
21.825,-6.27047080028846,-2.39891759974738,-8.60502655608181
21.8275,-6.28065971599488,-2.39382190694159,-8.60502655608181
21.83,-6.28065971599488,-2.41420467816475,-8.52862976324807
21.8325,-6.28575417384809,-2.42949175658211,-8.6967027074823
21.835,-6.28065971599488,-2.42949175658211,-8.64067839273756
21.8375,-6.28065971599488,-2.42949175658211,-8.58465407799281
21.84,-6.28575417384809,-0.0956644515310163,-8.59484031703731
21.8425,-6.2908486317013,-0.0956644515310163,-8.64067839273756
21.845,-6.2908486317013,-0.0956644515310163,-8.58465407799281
21.8475,-6.30103754740772,-0.0956644515310163,-8.56428159990381
21.85,-6.30103754740772,-0.0956644515310163,-8.58465407799281
21.8525,-6.30613200526093,-0.0956644515310163,-8.59484031703731
21.855,-6.31122646311414,-0.0956644515310163,-8.60502655608181
21.8575,-6.31122646311414,-0.0956644515310163,-8.62539903417081
21.86,-6.37745441520588,-0.0956644515310163,-8.59993343655956
21.8625,-6.36726549949946,-0.0956644515310163,-8.63558527321531
21.865,-6.3417932102334,-0.0956644515310163,-8.6559577513043
21.8675,-6.34688766808662,-2.34286497888371,-8.66105087082655
21.87,-6.35198212593983,-2.46006591341684,-8.68142334891555
21.8725,-6.34688766808662,-2.49573576305736,-8.6967027074823
21.875,-6.35198212593983,-2.48044868463999,-8.7068889465268
21.8775,-6.35707658379304,-2.50083145586315,-8.6865164684378
21.88,-6.36217104164625,-2.50592714866894,-8.67123710987105
21.8825,-6.36726549949946,-2.50083145586315,-8.68142334891555
21.885,-6.37745441520588,-2.51102284147473,-8.61011967560406
21.8875,-6.35707658379304,-2.50592714866894,-8.58974719751506
21.89,-6.37745441520588,-2.53140561269788,-8.59993343655956
21.8925,-6.39273778876551,-2.5670754623384,-8.59484031703731
21.895,-6.3876433309123,-2.58236254075576,-8.71198206604905
21.8975,-6.36217104164625,-2.6078410047847,-8.62030591464856
21.9,-6.39273778876551,-2.58745823356155,-8.58974719751506
21.9025,-6.39273778876551,-2.58745823356155,-8.59993343655956
21.905,-6.3876433309123,-2.59255392636734,-8.61011967560406
21.9075,-6.3876433309123,-2.59255392636734,-8.61011967560406
21.91,-6.38254887305909,-2.58745823356155,-8.6559577513043
21.9125,-6.37745441520588,-2.56197976953261,-8.64067839273756
21.915,-6.37745441520588,-2.57217115514419,-8.67123710987105
21.9175,-6.37235995735267,-2.58745823356155,-8.67123710987105
21.92,-6.36726549949946,-2.55688407672682,-8.63558527321531
21.9225,-6.37235995735267,-2.57726684794997,-8.61521279512631
21.925,-6.37235995735267,-2.55178838392103,-8.63558527321531
21.9275,-6.36726549949946,-2.5670754623384,-8.64067839273756
21.93,-6.37235995735267,-2.5670754623384,-8.6661439903488
21.9325,-6.36726549949946,-2.29700374363161,-8.7272614246158
21.935,-6.36726549949946,-2.3479606716895,-8.69160958796005
21.9375,-6.36726549949946,-2.18489850190427,-8.6865164684378
21.94,-6.36726549949946,-2.18999419471005,-8.6865164684378
21.9425,-6.36217104164625,-2.18489850190427,-8.69160958796005
21.945,-6.30103754740772,-2.16451573068111,-8.62539903417081
21.9475,-6.2908486317013,-2.10846310981744,-8.6559577513043
21.95,-6.31122646311414,-2.11865449542902,-8.59993343655956
21.9525,-6.30613200526093,-2.10846310981744,-8.61521279512631
21.955,-6.30103754740772,-2.12884588104059,-8.61521279512631
21.9575,-6.29594308955451,-2.07788895298271,-8.6763302293933
21.96,-6.27047080028846,-2.10846310981744,-8.64067839273756
21.9625,-6.26537634243525,-2.06260187456535,-8.63049215369306
21.965,-6.31122646311414,-2.09317603140008,-8.63049215369306
21.9675,-6.30613200526093,-2.09827172420586,-8.63049215369306
21.97,-6.22462067960956,-2.06769756737113,-8.59993343655956
21.9725,-6.21952622175635,-2.06769756737113,-8.65086463178205
21.975,-6.20424284819672,-2.13394157384638,-8.7374476636603
21.9775,-6.19914839034351,-2.15942003787532,-8.62030591464856
21.98,-6.1940539324903,-2.18489850190427,-8.64067839273756
21.9825,-6.18895947463709,-2.14413295945796,-8.63049215369306
21.985,-6.18386501678388,-2.13394157384638,-8.66105087082655
21.9875,-6.17877055893067,-2.13903726665217,-8.66105087082655
21.99,-6.17367610107746,-2.1696114234869,-8.65086463178205
21.9925,-6.16858164322425,-2.19508988751584,-8.63049215369306
21.995,-6.16348718537103,-2.23075973715636,-8.6763302293933
21.9975,-6.15839272751782,-2.26133389399109,-8.6763302293933
22,-6.15329826966461,-2.26642958679688,-8.56937471942606
22.0025,-6.15839272751782,-2.24604681557373,-8.56428159990381
22.005,-6.15329826966461,-2.22056835154479,-8.59993343655956
22.0075,-6.1482038118114,-2.28171666521425,-8.55409536085931
22.01,-6.1482038118114,-2.30719512924319,-8.57956095847056
22.0125,-6.14310935395819,-2.32248220766055,-8.63558527321531
22.015,-6.13801489610498,-2.30719512924319,-8.61521279512631
22.0175,-6.13801489610498,-2.29700374363161,-8.61011967560406
22.02,-6.13292043825177,-2.36324775010686,-8.61011967560406
22.0225,-6.12782598039856,-2.39382190694159,-8.61521279512631
22.025,-6.12782598039856,-2.31738651485477,-8.61521279512631
22.0275,-6.12273152254535,-2.33776928607792,-0.10461007344729
22.03,-6.11763706469214,-2.36324775010686,-8.58465407799281
22.0325,-6.11254260683893,-2.35815205730107,-8.55918848038156
22.035,-6.11254260683893,-2.35815205730107,-8.55409536085931
22.0375,-6.11254260683893,-2.36324775010686,-8.56937471942606
22.04,-6.11254260683893,-2.36834344291265,-8.57446783894831
22.0425,-6.11254260683893,-2.37853482852423,-8.50825728515907
22.045,-6.11254260683893,-2.40401329255317,-8.53881600229256
22.0475,-6.10235369113251,-2.40910898535896,-8.57446783894831
22.05,-6.10744814898572,-2.48554437744578,-8.48788480707007
22.0525,-6.10235369113251,-2.44477883499948,-8.48279168754782
22.055,-6.10235369113251,-2.37343913571844,-8.48788480707007
22.0575,-6.12782598039856,-2.36834344291265,-8.48279168754782
22.06,-6.12782598039856,-2.50083145586315,-8.47769856802557
22.0625,-6.09216477542609,-2.31738651485477,-8.47769856802557
22.065,-6.11763706469214,-2.29190805082582,-8.47260544850332
22.0675,-6.07178694401324,-2.44987452780526,-8.47260544850332
22.07,-6.08197585971966,-2.26133389399109,-8.47769856802557
22.0725,-6.06159802830682,-2.27662097240846,-8.47769856802557
22.075,-6.06669248616003,-2.27662097240846,-8.45223297041432
22.0775,-6.06669248616003,-2.3020994364374,-8.48788480707007
22.08,-6.07178694401324,-2.37853482852423,-8.48788480707007
22.0825,-6.07688140186645,-2.56197976953261,-8.50825728515907
22.085,-6.10235369113251,-2.26642958679688,-8.51335040468132
22.0875,-6.07688140186645,-2.46516160622263,-8.47769856802557
22.09,-6.11254260683893,-2.48044868463999,-8.44713985089207
22.0925,-6.09216477542609,-2.47535299183421,-8.54900224133706
22.095,-6.12782598039856,-2.44477883499948,-8.50316416563682
22.0975,-6.11254260683893,-2.43968314219369,-8.47769856802557
22.1,-6.12273152254535,-2.44477883499948,-8.54390912181481
22.1025,-6.15839272751782,-2.46006591341684,-8.57446783894831
22.105,-6.16858164322425,-2.4345874493879,-8.56428159990381
22.1075,-6.18386501678388,-2.46516160622263,-8.49297792659232
22.11,-6.18895947463709,-2.46516160622263,-8.52862976324807
22.1125,-6.18386501678388,-2.44477883499948,-8.47769856802557
22.115,-6.1940539324903,-2.46516160622263,-8.52862976324807
22.1175,-6.20933730604993,-2.41930037097053,-8.50825728515907
22.12,-6.22462067960956,-2.46006591341684,-8.46751232898107
22.1225,-6.22971513746277,-2.50592714866894,-8.50316416563682
22.125,-6.23990405316919,-2.52630991989209,-8.44713985089207
22.1275,-6.25518742672882,-2.5212142270863,-8.45732608993657
22.13,-6.26537634243525,-2.37343913571844,-8.48788480707007
22.1325,-6.27047080028846,-2.37343913571844,-8.43186049232532
22.135,-6.27556525814167,-2.36834344291265,-8.46751232898107
22.1375,-6.28575417384809,-2.36834344291265,-8.43695361184757
22.14,-6.2908486317013,-2.37853482852423,-8.44713985089207
22.1425,-6.29594308955451,-2.36834344291265,-8.47260544850332
22.145,-6.31122646311414,-2.37343913571844,-8.44204673136982
22.1475,-6.31122646311414,-2.43968314219369,-8.45732608993657
22.15,-6.31632092096735,-2.49064007025157,-8.48788480707007
22.1525,-6.32141537882056,-2.40910898535896,-8.46241920945882
22.155,-6.33160429452698,-2.49064007025157,-8.46751232898107
22.1575,-6.33669875238019,-2.43968314219369,-8.47260544850332
22.16,-6.34688766808662,-2.40401329255317,-8.47260544850332
22.1625,-6.35198212593983,-2.37853482852423,-8.48788480707007
22.165,-6.35707658379304,-2.3887262141358,-8.49807104611457
22.1675,-6.36726549949946,-2.37343913571844,-8.47260544850332
22.17,-6.37745441520588,-2.33776928607792,-8.48279168754782
22.1725,-6.3876433309123,-2.39891759974738,-8.52862976324807
22.175,-6.39783224661872,-2.39891759974738,-8.56937471942606
22.1775,-6.40802116232514,-2.35305636449528,-8.49297792659232
22.18,-6.43858790944441,-2.34286497888371,-8.51844352420357
22.1825,-6.46915465656367,-2.35815205730107,-8.48788480707007
22.185,-6.45387128300404,-2.32757790046634,-8.48788480707007
22.1875,-6.45896574085725,-2.33267359327213,-8.55918848038156
22.19,-6.46915465656367,-2.32248220766055,-8.55918848038156
22.1925,-6.4844380301233,-2.29190805082582,-8.50316416563682
22.195,-6.46915465656367,-2.29700374363161,-8.47769856802557
22.1975,-6.47424911441688,-2.37853482852423,-8.50825728515907
22.2,-6.47934357227009,-2.31229082204898,-8.49297792659232
22.2025,-6.50481586153614,-2.29700374363161,-8.50316416563682
22.205,-6.50991031938935,-2.27662097240846,-8.47769856802557
22.2075,-6.4844380301233,-2.24604681557373,-8.46751232898107
22.21,-6.49462694582972,-2.26133389399109,-8.47769856802557
22.2125,-6.48953248797651,-2.28171666521425,-8.49297792659232
22.215,-6.52519369294899,-2.28171666521425,-8.48788480707007
22.2175,-6.47424911441688,-2.26642958679688,-8.51844352420357
22.22,-6.49972140368293,-2.28681235802003,-8.50825728515907
22.2225,-6.49972140368293,-2.30719512924319,-8.53881600229256
22.225,-6.49462694582972,-2.28681235802003,-8.52353664372582
22.2275,-6.46915465656367,-2.29190805082582,-8.51335040468132
22.23,-6.48953248797651,-2.36834344291265,-8.48788480707007
22.2325,-6.48953248797651,-2.31738651485477,-8.53881600229256
22.235,-6.47934357227009,-2.32248220766055,-8.54390912181481
22.2375,-6.47424911441688,-2.28681235802003,-8.48788480707007
22.24,-6.49462694582972,-2.28171666521425,-8.47769856802557
22.2425,-6.46406019871046,-2.3020994364374,-8.51335040468132
22.245,-6.45387128300404,-2.29700374363161,-8.48788480707007
22.2475,-6.45387128300404,-2.35305636449528,-8.59484031703731
22.25,-6.45896574085725,-2.34286497888371,-8.46751232898107
22.2525,-6.45387128300404,-2.3020994364374,-8.50825728515907
22.255,-6.46915465656367,-2.30719512924319,-8.48788480707007
22.2575,-4.49759946737117,-2.31738651485477,-8.52353664372582
22.26,-4.47722163595833,-2.37343913571844,-8.68142334891555
22.2625,-4.48231609381154,-2.32248220766055,-8.6661439903488
22.265,-4.43137151527943,-2.27662097240846,-8.49297792659232
22.2675,-6.40292670447193,-2.24604681557373,-8.72216830509355
22.27,-6.40292670447193,-2.2562382011853,-8.65086463178205
22.2725,-6.3876433309123,-2.23075973715636,-8.49297792659232
22.275,-6.37235995735267,-2.20528127312742,-8.47769856802557
22.2775,-6.35707658379304,-2.14922865226375,-8.50825728515907
22.28,-6.35198212593983,-2.13903726665217,-8.50825728515907
22.2825,-6.33669875238019,-2.11865449542902,-8.52862976324807
22.285,-6.33160429452698,-2.11355880262323,-8.53372288277031
22.2875,-6.32141537882056,-2.09317603140008,-8.53881600229256
22.29,-6.31632092096735,-2.10846310981744,-8.54900224133706
22.2925,-6.30613200526093,-2.1237501882348,-8.55918848038156
22.295,-6.29594308955451,-2.08808033859429,-8.56428159990381
22.2975,-6.2908486317013,-2.13394157384638,-8.54900224133706
22.3,-6.28065971599488,-2.11355880262323,-8.61011967560406
22.3025,-6.27556525814167,-2.14413295945796,-8.64067839273756
22.305,-6.26028188458204,-2.13394157384638,-8.64577151225981
22.3075,-6.25009296887561,-2.14413295945796,-8.61521279512631
22.31,-6.23990405316919,-2.14413295945796,-8.57446783894831
22.3125,-6.22971513746277,-2.15942003787532,-8.61011967560406
22.315,-6.21952622175635,-2.14922865226375,-8.54900224133706
22.3175,-6.20933730604993,-2.17980280909848,-8.54900224133706
22.32,-6.19914839034351,-2.28681235802003,-8.52862976324807
22.3225,-6.18895947463709,-2.21037696593321,-8.53881600229256
22.325,-6.17877055893067,-2.17470711629269,-8.54390912181481
22.3275,-6.17367610107746,-2.22056835154479,-8.69160958796005
22.33,-6.16348718537103,-2.26133389399109,-8.56937471942606
22.3325,-6.15329826966461,-2.26133389399109,-8.75272702222705
22.335,-6.17877055893067,-2.26642958679688,-8.52353664372582
22.3375,-6.1940539324903,-2.30719512924319,-8.53372288277031
22.34,-6.12782598039856,-2.36324775010686,-8.53881600229256
22.3425,-6.12782598039856,-2.30719512924319,-8.62030591464856
22.345,-6.12273152254535,-2.35305636449528,-8.55918848038156
22.3475,-6.11763706469214,-2.36324775010686,-8.54390912181481
22.35,-6.13292043825177,-2.41420467816475,-8.57446783894831
22.3525,-6.13292043825177,-2.26642958679688,-8.64577151225981
22.355,-6.11763706469214,-2.35305636449528,-8.60502655608181
22.3575,-6.0972592332793,-2.34286497888371,-8.51844352420357
22.36,-6.09216477542609,-2.45497022061105,-8.57446783894831
22.3625,-6.11254260683893,-2.4345874493879,-8.61011967560406
22.365,-6.11254260683893,-2.37853482852423,-8.61011967560406
22.3675,-6.11763706469214,-2.40910898535896,-8.59484031703731
22.37,-6.11763706469214,-2.41420467816475,-8.60502655608181
22.3725,-6.11763706469214,-2.42949175658211,-8.59484031703731
22.375,-6.11254260683893,-2.51102284147473,-8.47769856802557
22.3775,-6.10744814898572,-2.45497022061105,-8.55918848038156
22.38,-6.09216477542609,-2.44477883499948,-8.58465407799281
22.3825,-6.08197585971966,-2.48044868463999,-8.63558527321531
22.385,-6.07688140186645,-2.46516160622263,-8.64577151225981
22.3875,-6.07688140186645,-2.47025729902842,-8.6763302293933
22.39,-6.06669248616003,-2.50083145586315,-8.46751232898107
22.3925,-6.05650357045361,-2.48044868463999,-8.47260544850332
22.395,-6.0514091126004,-2.48044868463999,-8.47769856802557
22.3975,-6.06669248616003,-2.53140561269788,-8.68142334891555
22.4,-6.05650357045361,-2.52630991989209,-8.47260544850332
22.4025,-6.03103128118756,-2.47535299183421,-8.48788480707007
22.405,-6.02593682333435,-2.44987452780526,-8.53881600229256
22.4075,-6.02593682333435,-2.46516160622263,-8.50316416563682
22.41,-6.02084236548114,-2.46516160622263,-8.49297792659232
22.4125,-6.02593682333435,-2.47535299183421,-8.48788480707007
22.415,-6.02593682333435,-2.46006591341684,-8.54900224133706
22.4175,-6.02593682333435,-2.46516160622263,-8.49807104611457
22.42,-6.03103128118756,-2.44987452780526,-8.48788480707007
22.4225,-6.03103128118756,-2.5212142270863,-8.48788480707007
22.425,-6.03103128118756,-2.51102284147473,-8.49297792659232
22.4275,-6.02084236548114,-2.44477883499948,-8.48788480707007
22.43,-6.05650357045361,-2.51102284147473,-8.48279168754782
22.4325,-6.06159802830682,-2.5212142270863,-8.49297792659232
22.435,-6.06669248616003,-2.52630991989209,-8.49297792659232
22.4375,-6.08197585971966,-2.54159699830946,-8.52353664372582
22.44,-6.08707031757288,-2.5212142270863,-8.54900224133706
22.4425,-6.08707031757288,-2.50083145586315,-8.52353664372582
22.445,-6.09216477542609,-2.54669269111524,-8.55409536085931
22.4475,-6.08707031757288,-2.53140561269788,-8.56428159990381
22.45,-6.09216477542609,-2.53140561269788,-8.58974719751506
22.4525,-6.11763706469214,-2.5670754623384,-8.48788480707007
22.455,-6.11763706469214,-2.59255392636734,-8.49807104611457
22.4575,-6.09216477542609,-2.55178838392103,-8.56428159990381
22.46,-6.11763706469214,-2.55178838392103,-8.58974719751506
22.4625,-6.0972592332793,-2.53140561269788,-8.58465407799281
22.465,-6.10235369113251,-2.5212142270863,-8.48788480707007
22.4675,-6.10744814898572,-2.5212142270863,-8.57956095847056
22.47,-6.11763706469214,-2.48044868463999,-8.48788480707007
22.4725,-6.11763706469214,-2.47535299183421,-8.55918848038156
22.475,-6.15329826966461,-2.46006591341684,-8.58974719751506
22.4775,-6.18386501678388,-2.44987452780526,-8.53881600229256
22.48,-6.18386501678388,-2.43968314219369,-8.61011967560406
22.4825,-6.16858164322425,-2.42439606377632,-8.57446783894831
22.485,-6.16858164322425,-2.49573576305736,-8.51844352420357
22.4875,-6.17877055893067,-2.48044868463999,-8.52862976324807
22.49,-6.17877055893067,-2.39382190694159,-8.57956095847056
22.4925,-6.17367610107746,-2.41930037097053,-8.52353664372582
22.495,-6.17367610107746,-2.42439606377632,-8.52862976324807
22.4975,-6.17367610107746,-2.41930037097053,-8.53372288277031
22.5,-6.17367610107746,-2.39382190694159,-8.51335040468132
22.5025,-6.16858164322425,-2.38363052133001,-8.52353664372582
22.505,-6.16858164322425,-2.38363052133001,-8.56937471942606
22.5075,-6.16348718537103,-2.36324775010686,-8.50825728515907
22.51,-6.18386501678388,-2.41930037097053,-8.52862976324807
22.5125,-6.18386501678388,-2.3479606716895,-8.46751232898107
22.515,-6.17877055893067,-2.37853482852423,-8.51844352420357
22.5175,-6.18386501678388,-2.35815205730107,-8.52353664372582
22.52,-6.18386501678388,-2.35305636449528,-8.50316416563682
22.5225,-6.18386501678388,-2.32757790046634,-8.47260544850332
22.525,-6.18386501678388,-2.32248220766055,-8.47260544850332
22.5275,-6.17877055893067,-2.31738651485477,-8.50316416563682
22.53,-6.17877055893067,-2.31738651485477,-8.52353664372582
22.5325,-6.17367610107746,-2.32248220766055,-8.53881600229256
22.535,-6.16858164322425,-2.32757790046634,-8.51844352420357
22.5375,-6.16858164322425,-2.31738651485477,-8.50825728515907
22.54,-6.16348718537103,-2.33776928607792,-8.51335040468132
22.5425,-6.16348718537103,-2.3020994364374,-8.51844352420357
22.545,-6.16858164322425,-2.29700374363161,-8.49807104611457
22.5475,-6.16858164322425,-2.29700374363161,-8.52353664372582
22.55,-6.16858164322425,-2.3020994364374,-8.56428159990381
22.5525,-6.16858164322425,-2.3020994364374,-8.53881600229256
22.555,-6.18386501678388,-2.30719512924319,-8.54900224133706
22.5575,-6.17877055893067,-2.48554437744578,-8.56428159990381
22.56,-6.18386501678388,-2.32248220766055,-8.56937471942606
22.5625,-6.17877055893067,-2.3479606716895,-8.59993343655956
22.565,-6.17877055893067,-2.52630991989209,-8.59484031703731
22.5675,-6.17367610107746,-2.32248220766055,-8.60502655608181
22.57,-6.17367610107746,-2.43968314219369,-8.55918848038156
22.5725,-6.16858164322425,-2.35815205730107,-8.52862976324807
22.575,-6.17877055893067,-2.36324775010686,-8.53372288277031
22.5775,-6.20424284819672,-2.29700374363161,-8.56428159990381
22.58,-6.16858164322425,-2.29190805082582,-8.54390912181481
22.5825,-6.16348718537103,-2.29700374363161,-8.58974719751506
22.585,-6.16858164322425,-2.27152527960267,-8.56428159990381
22.5875,-6.16858164322425,-2.29700374363161,-8.6967027074823
22.59,-6.16858164322425,-2.49573576305736,-8.56428159990381
22.5925,-6.1940539324903,-2.38363052133001,-8.54900224133706
22.595,-6.18895947463709,-2.38363052133001,-8.54900224133706
22.5975,-6.18895947463709,-2.3479606716895,-8.56937471942606
22.6,-6.1940539324903,-2.39891759974738,-8.57956095847056
22.6025,-6.18895947463709,-2.41930037097053,-8.59484031703731
22.605,-6.15839272751782,-2.29700374363161,-8.56937471942606
22.6075,-6.17877055893067,-2.63331946881365,-8.48788480707007
22.61,-6.17877055893067,-2.39891759974738,-8.48279168754782
22.6125,-6.17367610107746,-2.32757790046634,-8.49297792659232
22.615,-6.17877055893067,-2.38363052133001,-8.49297792659232
22.6175,-6.15329826966461,-2.3887262141358,-8.49807104611457
22.62,-6.1482038118114,-2.39382190694159,-8.50825728515907
22.6225,-6.14310935395819,-2.39891759974738,-8.51844352420357
22.625,-6.1482038118114,-2.41930037097053,-8.68142334891555
22.6275,-6.14310935395819,-2.6537022400368,-8.50825728515907
22.63,-6.14310935395819,-2.62312808320207,-8.51844352420357
22.6325,-6.1482038118114,-2.60274531197892,-8.51335040468132
22.635,-6.13801489610498,-2.58745823356155,-8.63049215369306
22.6375,-6.13801489610498,-2.67918070406574,-8.58974719751506
22.64,-6.13801489610498,-2.5670754623384,-8.53881600229256
22.6425,-6.13292043825177,-2.6078410047847,-8.54390912181481
22.645,-6.15839272751782,-2.68427639687153,-8.63049215369306
22.6475,-6.15839272751782,-2.58745823356155,-8.63049215369306
22.65,-6.15839272751782,-2.59764961917313,-8.59484031703731
22.6525,-6.15839272751782,-2.60274531197892,-8.63558527321531
22.655,-6.20424284819672,-2.60274531197892,-8.62030591464856
22.6575,-6.15839272751782,-2.60274531197892,-8.61011967560406
22.66,-6.15839272751782,-2.54159699830946,-8.61011967560406
22.6625,-6.16858164322425,-2.53140561269788,-8.64067839273756
22.665,-6.17367610107746,-2.1696114234869,-8.58465407799281
22.6675,-6.17877055893067,-2.15432434506954,-8.76291326127155
22.67,-6.18386501678388,-2.20018558032163,-8.65086463178205
22.6725,-6.18895947463709,-2.15432434506954,-8.6763302293933
22.675,-6.1940539324903,-2.15432434506954,-8.57446783894831
22.6775,-6.21443176390314,-2.17470711629269,-8.57446783894831
22.68,-6.19914839034351,-2.14413295945796,-8.56428159990381
22.6825,-6.22462067960956,-2.13903726665217,-8.56937471942606
22.685,-6.21952622175635,-2.19508988751584,-8.57446783894831
22.6875,-6.22462067960956,-2.15432434506954,-8.56937471942606
22.69,-0.0959878821972175,-2.11355880262323,-8.57956095847056
22.6925,-0.0908934243440065,-2.15942003787532,-8.58465407799281
22.695,-0.0908934243440065,-2.20528127312742,-8.58974719751506
22.6975,-6.29594308955451,-2.24095112276794,-8.61521279512631
22.7,-6.29594308955451,-2.20018558032163,-8.60502655608181
22.7025,-6.30103754740772,-2.19508988751584,-8.57446783894831
22.705,-6.32141537882056,-2.19508988751584,-8.61521279512631
22.7075,-6.30613200526093,-2.20528127312742,-8.58465407799281
22.71,-6.31122646311414,-2.21037696593321,-8.58465407799281
22.7125,-6.31122646311414,-2.24604681557373,-8.62030591464856
22.715,-6.31122646311414,-2.22056835154479,-8.56428159990381
22.7175,-6.31632092096735,-2.25114250837952,-8.55409536085931
22.72,-6.31632092096735,-2.25114250837952,-8.71198206604905
22.7225,-6.30613200526093,-2.27152527960267,-8.57956095847056
22.725,-6.33160429452698,-2.28681235802003,-8.58465407799281
22.7275,-6.35707658379304,-2.30719512924319,-8.60502655608181
22.73,-6.37745441520588,-2.30719512924319,-8.56937471942606
22.7325,-6.33160429452698,-2.31738651485477,-8.56937471942606
22.735,-6.33669875238019,-2.35305636449528,-8.56937471942606
22.7375,-6.31632092096735,-2.35305636449528,-8.57446783894831
22.74,-6.34688766808662,-2.33776928607792,-8.60502655608181
22.7425,-6.32650983667377,-2.35815205730107,-8.60502655608181
22.745,-6.33160429452698,-2.36834344291265,-8.68142334891555
22.7475,-6.33160429452698,-2.41930037097053,-8.6763302293933
22.75,-6.33669875238019,-2.46006591341684,-8.61011967560406
22.7525,-6.36217104164625,-2.46006591341684,-8.62539903417081
22.755,-6.35707658379304,-2.43968314219369,-8.63558527321531
22.7575,-6.33160429452698,-2.49573576305736,-8.63049215369306
22.76,-6.33160429452698,-2.49064007025157,-8.62539903417081
22.7625,-6.32650983667377,-2.49064007025157,-8.66105087082655
22.765,-6.33160429452698,-2.54669269111524,-8.6661439903488
22.7675,-6.33160429452698,-2.54669269111524,-8.64577151225981
22.77,-6.40292670447193,-2.55688407672682,-8.68142334891555
22.7725,-6.4334934515912,-0.100760144336805,-8.66105087082655
22.775,-6.36726549949946,-2.58236254075576,-8.61011967560406
22.7775,-6.36726549949946,-2.57217115514419,-8.61521279512631
22.78,-6.36217104164625,-2.62312808320207,-8.60502655608181
22.7825,-6.35707658379304,-2.72504193931784,-0.0995169539250416
22.785,-6.35707658379304,-2.73523332492941,-8.57446783894831
22.7875,-6.39783224661872,-2.7403290177352,-8.57446783894831
22.79,-6.39783224661872,-2.71485055370626,-8.61011967560406
22.7925,-6.39273778876551,-2.74542471054099,-8.59993343655956
22.795,-6.36726549949946,-2.7861902529873,-8.59993343655956
22.7975,-6.39273778876551,-2.77599886737572,-8.59993343655956
22.8,-6.39273778876551,-2.76580748176415,-8.58465407799281
22.8025,-6.39273778876551,-2.75561609615257,-8.62030591464856
22.805,-6.43858790944441,-2.88810410910307,-8.61011967560406
22.8075,-6.40802116232514,-2.88300841629728,-8.61521279512631
22.81,-6.40802116232514,-2.9186782659378,-0.10461007344729
22.8125,-6.37745441520588,-2.80147733140466,-8.59993343655956
22.815,-6.39273778876551,-2.78109456018151,-8.60502655608181
22.8175,-6.3876433309123,-2.82695579543361,-8.56937471942606
22.82,-6.3876433309123,-2.8320514882394,-8.6661439903488
22.8225,-6.37235995735267,-2.83714718104518,-8.64067839273756
22.825,-6.36726549949946,-2.83714718104518,-8.65086463178205
22.8275,-6.36217104164625,-0.0956644515310163,-8.56937471942606
22.83,-6.35707658379304,-0.0956644515310163,-8.58465407799281
22.8325,-6.35198212593983,-2.78109456018151,-8.76291326127155
22.835,-6.35198212593983,-2.78109456018151,-8.61011967560406
22.8375,-6.35198212593983,-2.81166871701624,-8.59484031703731
22.84,-6.35198212593983,-2.83714718104518,-8.56937471942606
22.8425,-6.34688766808662,-2.78109456018151,-8.55918848038156
22.845,-6.34688766808662,-2.85243425946255,-8.56937471942606
22.8475,-6.33669875238019,-2.7861902529873,-8.57956095847056
22.85,-6.35198212593983,-2.79128594579309,-8.56937471942606
22.8525,-6.3417932102334,-2.81676440982203,-8.56937471942606
22.855,-6.31122646311414,-2.81166871701624,-8.58465407799281
22.8575,-6.35198212593983,-2.77599886737572,-8.59484031703731
22.86,-6.30613200526093,-2.77599886737572,-8.59993343655956
22.8625,-6.29594308955451,-2.78109456018151,-8.62030591464856
22.865,-6.2908486317013,-2.73013763212363,-8.71198206604905
22.8675,-6.30103754740772,-2.72504193931784,-8.61521279512631
22.87,-6.31632092096735,-2.71485055370626,-8.6967027074823
22.8725,-6.31122646311414,-2.72504193931784,-8.83421693458304
22.875,-6.30613200526093,-2.71485055370626,-8.81384445649404
22.8775,-6.25009296887561,-2.68937208967732,-8.69160958796005
22.88,-6.30613200526093,-2.68427639687153,-8.66105087082655
22.8825,-6.27556525814167,-2.6537022400368,-8.63049215369306
22.885,-6.28575417384809,-2.63841516161944,-8.64577151225981
22.8875,-6.25009296887561,-2.59764961917313,-8.64577151225981
22.89,-6.23480959531598,-2.59255392636734,-8.61521279512631
22.8925,-6.22462067960956,-2.57217115514419,-8.6865164684378
22.895,-6.20933730604993,-2.55688407672682,-8.7272614246158
22.8975,-6.20933730604993,-2.56197976953261,-8.6661439903488
22.9,-6.17877055893067,-2.50592714866894,-8.6763302293933
22.9025,-6.16348718537103,-2.50592714866894,-8.68142334891555
22.905,-6.17877055893067,-2.15942003787532,-8.69160958796005
22.9075,-6.1940539324903,-2.15432434506954,-8.70179582700455
22.91,-6.15329826966461,-1.67023352851964,-8.7170751855713
22.9125,-6.1482038118114,-1.67023352851964,-8.71198206604905
22.915,-6.16858164322425,-1.67532922132543,-8.7476339027048
22.9175,-6.15329826966461,-0.0956644515310163,-8.75272702222705
22.92,-6.1482038118114,-0.0956644515310163,-8.75272702222705
22.9225,-6.13801489610498,-0.0956644515310163,-8.7170751855713
22.925,-6.10235369113251,-1.54793690118071,-8.7170751855713
22.9275,-6.09216477542609,-1.54284120837493,-8.7476339027048
22.93,-6.11254260683893,-1.48169289470547,-8.61011967560406
22.9325,-6.12273152254535,-1.49697997312283,-8.62030591464856
22.935,-6.07178694401324,-1.46131012348231,-8.62539903417081
22.9375,-6.06669248616003,-1.45621443067652,-8.61521279512631
22.94,-6.04631465474719,-1.45621443067652,-8.62539903417081
22.9425,-6.03103128118756,-1.45111873787073,-8.61011967560406
22.945,-6.02084236548114,-0.0956644515310163,-8.61521279512631
22.9475,-6.03612573904077,-1.66513783571385,-8.65086463178205
22.95,-6.02593682333435,-1.67023352851964,-8.6661439903488
22.9525,-5.99027561836187,-1.62437229326754,-8.61521279512631
22.955,-5.98008670265545,-1.63456367887912,-8.6559577513043
22.9575,-5.96989778694903,-1.63456367887912,-8.67123710987105
22.96,-5.9546144133894,-1.63456367887912,-8.66105087082655
22.9625,-5.94442549768298,-1.66004214290806,-8.72216830509355
22.965,-5.92914212412335,-1.67023352851964,-8.69160958796005
22.9675,-5.91895320841693,-1.67023352851964,-8.69160958796005
22.97,-5.9087642927105,-1.67532922132543,-8.6763302293933
22.9725,-5.92404766627014,-0.100760144336805,-8.7578201417493
22.975,-5.91385875056371,-0.0956644515310163,-8.72216830509355
22.9775,-5.90366983485729,-0.0956644515310163,-8.6865164684378
22.98,-5.89857537700408,-2.10846310981744,-8.72216830509355
22.9825,-5.91895320841693,-2.15432434506954,-8.71198206604905
22.985,-5.91895320841693,-2.16451573068111,-8.74254078318255
22.9875,-5.91385875056371,-2.13903726665217,-8.72216830509355
22.99,-5.88329200344445,-2.1237501882348,-8.75272702222705
22.9925,-5.88329200344445,-2.17980280909848,-8.76291326127155
22.995,-5.88329200344445,-2.19508988751584,-8.62030591464856
22.9975,-5.88329200344445,-2.17980280909848,-8.71198206604905
23,-5.87819754559124,-2.20018558032163,-8.7170751855713
23.0025,-5.87819754559124,-2.20528127312742,-8.64067839273756
23.005,-5.88329200344445,-2.26133389399109,-8.70179582700455
23.0075,-5.9087642927105,-2.215472658739,-8.73235454413805
23.01,-5.9087642927105,-2.22056835154479,-8.77309950031604
23.0125,-5.9087642927105,-2.23075973715636,-8.63049215369306
23.015,-5.9087642927105,-2.23075973715636,-8.65086463178205
23.0175,-5.91385875056371,-2.24095112276794,-8.7374476636603
23.02,-5.91895320841693,-2.25114250837952,-8.59484031703731
23.0225,-5.92914212412335,-2.23585542996215,-8.58465407799281
23.025,-5.94442549768298,-2.29190805082582,-8.58974719751506
23.0275,-5.94442549768298,-2.27152527960267,-8.56937471942606
23.03,-5.9546144133894,-2.27662097240846,-8.56937471942606
23.0325,-5.96480332909582,-2.31229082204898,-8.57446783894831
23.035,-5.96480332909582,-2.31229082204898,-8.58465407799281
23.0375,-5.98008670265545,-2.31738651485477,-8.57956095847056
23.04,-5.99027561836187,-2.3020994364374,-8.63049215369306
23.0425,-6.02084236548114,-2.32248220766055,-8.61011967560406
23.045,-6.03612573904077,-2.30719512924319,-8.60502655608181
23.0475,-6.04631465474719,-2.35815205730107,-8.61011967560406
23.05,-6.07688140186645,-2.40401329255317,-8.63558527321531
23.0525,-6.08707031757288,-2.31229082204898,-8.63558527321531
23.055,-6.08707031757288,-2.33776928607792,-8.64067839273756
23.0575,-6.09216477542609,-2.41420467816475,-8.65086463178205
23.06,-6.11254260683893,-2.37853482852423,-8.65086463178205
23.0625,-6.12273152254535,-2.33267359327213,-8.66105087082655
23.065,-6.12782598039856,-2.34286497888371,-8.7068889465268
23.0675,-6.12273152254535,-2.3479606716895,-8.67123710987105
23.07,-6.13292043825177,-2.36324775010686,-8.67123710987105
23.0725,-6.13292043825177,-2.36834344291265,-8.66105087082655
23.075,-6.14310935395819,-2.37853482852423,-8.63049215369306
23.0775,-6.15329826966461,-2.35815205730107,-8.7170751855713
23.08,-6.15839272751782,-2.36834344291265,-8.61521279512631
23.0825,-6.16348718537103,-2.45497022061105,-8.65086463178205
23.085,-6.17877055893067,-2.4345874493879,-8.61521279512631
23.0875,-6.17877055893067,-2.38363052133001,-8.63049215369306
23.09,-6.18895947463709,-2.40910898535896,-8.63558527321531
23.0925,-6.18895947463709,-2.4345874493879,-8.63049215369306
23.095,-6.18386501678388,-2.43968314219369,-8.64067839273756
23.0975,-6.17877055893067,-2.43968314219369,-8.64577151225981
23.1,-6.18386501678388,-2.46006591341684,-8.64067839273756
23.1025,-6.17367610107746,-2.44477883499948,-8.63049215369306
23.105,-6.16858164322425,-2.44987452780526,-8.69160958796005
23.1075,-6.17367610107746,-2.44477883499948,-8.64067839273756
23.11,-6.17367610107746,-2.45497022061105,-8.65086463178205
23.1125,-6.17367610107746,-2.46006591341684,-8.66105087082655
23.115,-6.17877055893067,-2.46516160622263,-8.6865164684378
23.1175,-6.17877055893067,-2.46516160622263,-8.7068889465268
23.12,-6.15839272751782,-2.50083145586315,-8.71198206604905
23.1225,-6.15839272751782,-2.49573576305736,-8.66105087082655
23.125,-6.18895947463709,-2.50083145586315,-8.70179582700455
23.1275,-6.18895947463709,-2.52630991989209,-8.6661439903488
23.13,-6.17877055893067,-2.48044868463999,-8.6967027074823
23.1325,-6.18386501678388,-2.51102284147473,-8.7068889465268
23.135,-6.18386501678388,-2.51102284147473,-8.72216830509355
23.1375,-6.18386501678388,-2.51102284147473,-8.7476339027048
23.14,-6.17877055893067,-2.51611853428051,-8.7068889465268
23.1425,-6.17877055893067,-2.54159699830946,-8.55918848038156
23.145,-6.25009296887561,-2.54669269111524,-8.55409536085931
23.1475,-6.14310935395819,-2.50592714866894,-8.73235454413805
23.15,-6.16348718537103,-2.55688407672682,-8.77309950031604
23.1525,-6.16348718537103,-2.49573576305736,-8.55918848038156
23.155,-6.16348718537103,-2.47535299183421,-8.55409536085931
23.1575,-6.16348718537103,-2.54669269111524,-8.55918848038156
23.16,-6.16858164322425,-2.46516160622263,-8.57446783894831
23.1625,-6.16858164322425,-2.56197976953261,-8.56937471942606
23.165,-6.1482038118114,-2.49573576305736,-8.55409536085931
23.1675,-6.15839272751782,-2.46006591341684,-8.55918848038156
23.17,-6.16348718537103,-2.49064007025157,-8.58465407799281
23.1725,-6.16858164322425,-2.51611853428051,-8.60502655608181
23.175,-6.1940539324903,-2.47025729902842,-8.61011967560406
23.1775,-6.20424284819672,-2.50592714866894,-8.61521279512631
23.18,-6.25009296887561,-2.53650130550367,-8.58974719751506
23.1825,-6.22971513746277,-2.53650130550367,-8.66105087082655
23.185,-6.26537634243525,-2.61803239039628,-8.58974719751506
23.1875,-6.22971513746277,-2.61803239039628,-8.64577151225981
23.19,-6.22971513746277,-2.58236254075576,-8.68142334891555
23.1925,-6.23990405316919,-2.67408501125995,-8.63049215369306
23.195,-6.23990405316919,-2.66898931845417,-8.6763302293933
23.1975,-6.23990405316919,-2.55178838392103,-8.59484031703731
23.2,-6.2449985110224,-2.61293669759049,-8.59484031703731
23.2025,-6.25009296887561,-2.61293669759049,-8.6967027074823
23.205,-6.25518742672882,-2.62312808320207,-8.6763302293933
23.2075,-6.26537634243525,-0.0956644515310163,-8.6967027074823
23.21,-6.26537634243525,-2.64860654723101,-8.61011967560406
23.2125,-6.26028188458204,-2.68427639687153,-8.64577151225981
23.215,-6.25518742672882,-2.73523332492941,-8.56937471942606
23.2175,-6.25518742672882,-2.7861902529873,-8.61521279512631
23.22,-6.27047080028846,-2.76580748176415,-8.59993343655956
23.2225,-6.27047080028846,-2.76071178895836,-8.59993343655956
23.225,-6.22462067960956,-2.71485055370626,-8.63558527321531
23.2275,-6.22462067960956,-2.70465916809469,-8.62030591464856
23.23,-6.22462067960956,-2.71485055370626,-8.65086463178205
23.2325,-6.20424284819672,-2.75561609615257,-8.65086463178205
23.235,-6.22462067960956,-2.72504193931784,-8.65086463178205
23.2375,-6.2449985110224,-2.72504193931784,-8.65086463178205
23.24,-6.23990405316919,-2.73523332492941,-8.62539903417081
23.2425,-6.21443176390314,-2.71485055370626,-8.61011967560406
23.245,-6.20933730604993,-2.71485055370626,-8.64067839273756
23.2475,-6.20933730604993,-2.71994624651205,-8.61521279512631
23.25,-6.20933730604993,-2.70975486090047,-8.62030591464856
23.2525,-6.19914839034351,-2.6995634752889,-8.79856509792729
23.255,-6.19914839034351,-2.64351085442522,-8.70179582700455
23.2575,-6.18895947463709,-2.62822377600786,-8.7374476636603
23.26,-6.22971513746277,-2.59764961917313,-8.61521279512631
23.2625,-6.22462067960956,-2.62822377600786,-8.61011967560406
23.265,-6.17877055893067,-2.51611853428051,-8.63049215369306
23.2675,-6.16858164322425,-2.54159699830946,-8.62539903417081
23.27,-6.15839272751782,-2.57217115514419,-8.61521279512631
23.2725,-6.15329826966461,-2.57217115514419,-8.58974719751506
23.275,-6.1482038118114,-2.43968314219369,-8.63049215369306
23.2775,-6.13801489610498,-2.49064007025157,-8.6559577513043
23.28,-6.12782598039856,-2.35305636449528,-8.65086463178205
23.2825,-6.11763706469214,-2.28681235802003,-8.62030591464856
23.285,-6.13801489610498,-2.29700374363161,-8.61011967560406
23.2875,-6.12782598039856,-2.29700374363161,-8.58974719751506
23.29,-6.11254260683893,-2.20528127312742,-8.67123710987105
23.2925,-6.07688140186645,-2.15942003787532,-8.64577151225981
23.295,-6.06669248616003,-2.14922865226375,-8.64577151225981
23.2975,-6.08197585971966,-2.07788895298271,-8.62539903417081
23.3,-6.07178694401324,-2.07279326017692,-8.63049215369306
23.3025,-6.06669248616003,-2.07788895298271,-8.63049215369306
23.305,-6.07688140186645,-1.98616648247852,-8.76291326127155
23.3075,-6.06669248616003,-1.98107078967273,-8.64067839273756
23.31,-6.03612573904077,-1.93520955442063,-8.64067839273756
23.3125,-6.02593682333435,-1.98107078967273,-8.66105087082655
23.315,-6.0004645340683,-1.85877416233381,-8.62539903417081
23.3175,-6.00555899192151,-1.85877416233381,-8.64577151225981
23.32,-6.03103128118756,-1.83839139111065,-8.61011967560406
23.3225,-6.02593682333435,-1.80781723427592,-8.65086463178205
23.325,-6.02593682333435,-1.82310431269329,-8.71198206604905
23.3275,-5.99537007621508,-1.60908521485018,-8.70179582700455
23.33,-5.94442549768298,-1.61927660046175,-8.77819261983829
23.3325,-5.94442549768298,-1.5988938292386,-8.58465407799281
23.335,-5.93933103982977,-1.59379813643281,-8.79856509792729
23.3375,-5.93933103982977,-1.56831967240387,-8.80365821744954
23.34,-5.95970887124261,-1.56831967240387,-8.64577151225981
23.3425,-5.95970887124261,-1.56831967240387,-8.7272614246158
23.345,-5.96480332909582,-1.57341536520966,-8.74254078318255
23.3475,-5.92914212412335,-1.57341536520966,-8.59993343655956
23.35,-5.92914212412335,-1.56831967240387,-8.59484031703731
23.3525,-5.92404766627014,-1.56322397959808,-8.58465407799281
23.355,-5.90366983485729,-0.0956644515310163,-8.58465407799281
23.3575,-5.90366983485729,-1.59379813643281,-8.69160958796005
23.36,-5.90366983485729,-1.60908521485018,-8.79856509792729
23.3625,-5.90366983485729,-1.61418090765596,-8.62539903417081
23.365,-5.93423658197656,-1.61418090765596,-8.59993343655956
23.3675,-5.94951995553619,-0.0956644515310163,-8.6763302293933
23.37,-5.92914212412335,-0.0956644515310163,-8.62539903417081
23.3725,-5.92914212412335,-0.0956644515310163,-8.62030591464856
23.375,-5.92404766627014,-0.0956644515310163,-8.62030591464856
23.3775,-5.91385875056371,-0.0956644515310163,-8.73235454413805
23.38,-5.91385875056371,-0.0956644515310163,-8.6967027074823
23.3825,-5.90366983485729,-0.0956644515310163,-8.61521279512631
23.385,-5.89857537700408,-0.0956644515310163,-8.61521279512631
23.3875,-5.89857537700408,-0.0956644515310163,-8.67123710987105
23.39,-5.89857537700408,-0.0956644515310163,-8.67123710987105
23.3925,-5.89348091915087,-0.0956644515310163,-8.67123710987105
23.395,-5.88838646129766,-0.0956644515310163,-8.63558527321531
23.3975,-5.9087642927105,-2.14413295945796,-8.64067839273756
23.4,-5.90366983485729,-2.17980280909848,-8.6559577513043
23.4025,-5.87819754559124,-2.19508988751584,-8.63049215369306
23.405,-5.88329200344445,-2.19508988751584,-8.63558527321531
23.4075,-5.88329200344445,-2.215472658739,-8.6763302293933
23.41,-5.88329200344445,-2.23585542996215,-8.6559577513043
23.4125,-5.87819754559124,-2.2562382011853,-8.63558527321531
23.415,-5.87310308773803,-2.24604681557373,-8.71198206604905
23.4175,-5.87310308773803,-2.24095112276794,-8.64067839273756
23.42,-5.86291417203161,-0.0854730659194392,-8.65086463178205
23.4225,-5.86291417203161,-2.21037696593321,-8.78328573936054
23.425,-5.86291417203161,-2.25114250837952,-8.70179582700455
23.4275,-5.86800862988482,-2.27152527960267,-8.6967027074823
23.43,-5.86800862988482,-2.27152527960267,-8.67123710987105
23.4325,-5.87310308773803,-2.27662097240846,-8.67123710987105
23.435,-5.87310308773803,-2.24604681557373,-8.6661439903488
23.4375,-5.87310308773803,-2.28681235802003,-8.6559577513043
23.44,-5.87819754559124,-2.27662097240846,-8.65086463178205
23.4425,-5.88838646129766,-2.31229082204898,-8.7068889465268
23.445,-5.88838646129766,-2.31738651485477,-8.63049215369306
23.4475,-5.88838646129766,-2.31738651485477,-8.65086463178205
23.45,-5.89348091915087,-0.0956644515310163,-8.80365821744954
23.4525,-5.89348091915087,-2.31738651485477,-8.63049215369306
23.455,-5.89857537700408,-2.33776928607792,-8.63049215369306
23.4575,-5.90366983485729,-2.34286497888371,-8.62030591464856
23.46,-5.91385875056371,-2.37853482852423,-8.62539903417081
23.4625,-5.91385875056371,-2.39382190694159,-8.62539903417081
23.465,-5.92914212412335,-2.40401329255317,-8.62539903417081
23.4675,-5.93423658197656,-2.46516160622263,-8.62539903417081
23.47,-5.94442549768298,-2.3887262141358,-8.77309950031604
23.4725,-5.94951995553619,-2.39891759974738,-8.62539903417081
23.475,-5.96480332909582,-2.42439606377632,-8.62030591464856
23.4775,-5.96989778694903,-2.43968314219369,-8.6967027074823
23.48,-5.98518116050866,-2.46006591341684,-8.67123710987105
23.4825,-6.0004645340683,-2.49064007025157,-8.65086463178205
23.485,-6.00555899192151,-2.49573576305736,-8.67123710987105
23.4875,-6.01574790762793,-2.49064007025157,-8.63558527321531
23.49,-6.02084236548114,-2.50592714866894,-8.66105087082655
23.4925,-6.00555899192151,-2.54159699830946,-8.6763302293933
23.495,-6.02593682333435,-2.54669269111524,-8.6763302293933
23.4975,-6.03612573904077,-2.55688407672682,-8.67123710987105
23.5,-6.04122019689398,-2.54669269111524,-8.77309950031604
23.5025,-6.06159802830682,-2.55178838392103,-8.66105087082655
23.505,-6.06159802830682,-2.56197976953261,-8.65086463178205
23.5075,-6.05650357045361,-2.57217115514419,-8.66105087082655
23.51,-6.10744814898572,-2.57726684794997,-8.6661439903488
23.5125,-6.11254260683893,-2.55688407672682,-8.6661439903488
23.515,-6.05650357045361,-2.58745823356155,-8.67123710987105
23.5175,-6.05650357045361,-2.62312808320207,-8.67123710987105
23.52,-6.0514091126004,-2.61803239039628,-8.62030591464856
23.5225,-6.0514091126004,-2.5670754623384,-8.68142334891555
23.525,-6.04631465474719,-2.56197976953261,-8.6865164684378
23.5275,-6.04631465474719,-2.55688407672682,-8.6763302293933
23.53,-6.04122019689398,-2.53140561269788,-8.6865164684378
23.5325,-6.03612573904077,-2.50083145586315,-8.67123710987105
23.535,-6.04122019689398,-2.48554437744578,-8.66105087082655
23.5375,-6.05650357045361,-2.46516160622263,-8.6559577513043
23.54,-6.06159802830682,-2.46516160622263,-8.63049215369306
23.5425,-6.06159802830682,-2.46006591341684,-8.62030591464856
23.545,-6.03612573904077,-2.47535299183421,-8.61521279512631
23.5475,-6.06669248616003,-2.49573576305736,-8.62539903417081
23.55,-6.04122019689398,-2.47025729902842,-8.64577151225981
23.5525,-6.04122019689398,-2.44477883499948,-8.61521279512631
23.555,-6.03612573904077,-2.43968314219369,-8.62539903417081
23.5575,-6.03612573904077,-2.4345874493879,-8.59484031703731
23.56,-6.04631465474719,-2.40910898535896,-8.77819261983829
23.5625,-6.06669248616003,-2.42949175658211,-8.76800638079379
23.565,-6.06669248616003,-2.39891759974738,-8.68142334891555
23.5675,-6.04631465474719,-2.39382190694159,-8.62539903417081
23.57,-6.06669248616003,-2.38363052133001,-8.64067839273756
23.5725,-6.06669248616003,-2.37343913571844,-8.60502655608181
23.575,-6.07688140186645,-2.39382190694159,-8.6559577513043
23.5775,-6.07178694401324,-2.38363052133001,-8.64067839273756
23.58,-6.0514091126004,-2.38363052133001,-8.61011967560406
23.5825,-6.0514091126004,-2.35815205730107,-8.58974719751506
23.585,-6.05650357045361,-2.37853482852423,-8.63049215369306
23.5875,-6.07688140186645,-2.3479606716895,-8.61011967560406
23.59,-6.08197585971966,-2.34286497888371,-8.7170751855713
23.5925,-6.11254260683893,-2.36324775010686,-8.67123710987105
23.595,-6.06159802830682,-2.35815205730107,-8.59484031703731
23.5975,-6.09216477542609,-2.33776928607792,-8.63049215369306
23.6,-6.0972592332793,-2.35815205730107,-8.62030591464856
23.6025,-6.0972592332793,-2.37853482852423,-8.58974719751506
23.605,-6.10744814898572,-2.40401329255317,-8.57446783894831
23.6075,-6.10744814898572,-2.42439606377632,-8.6559577513043
23.61,-6.13292043825177,-2.41930037097053,-8.57956095847056
23.6125,-6.13801489610498,-2.3887262141358,-8.57446783894831
23.615,-6.13801489610498,-2.38363052133001,-8.51335040468132
23.6175,-6.13801489610498,-2.40401329255317,-8.52353664372582
23.62,-6.13801489610498,-2.35815205730107,-8.51335040468132
23.6225,-6.13801489610498,-2.36834344291265,-8.74254078318255
23.625,-6.12782598039856,-2.37343913571844,-8.75272702222705
23.6275,-6.12782598039856,-2.36324775010686,-8.7578201417493
23.63,-6.12782598039856,-2.36834344291265,-8.53372288277031
23.6325,-6.12782598039856,-2.37853482852423,-8.58974719751506
23.635,-6.12782598039856,-2.39382190694159,-8.53881600229256
23.6375,-6.13292043825177,-2.3887262141358,-8.59484031703731
23.64,-6.13292043825177,-2.37343913571844,-8.50825728515907
23.6425,-6.15839272751782,-2.37343913571844,-8.54900224133706
23.645,-6.13801489610498,-2.3479606716895,-8.58465407799281
23.6475,-6.15329826966461,-2.34286497888371,-8.59993343655956
23.65,-6.15329826966461,-2.34286497888371,-8.54390912181481
23.6525,-6.2449985110224,-2.34286497888371,-8.57446783894831
23.655,-6.14310935395819,-2.33776928607792,-8.58974719751506
23.6575,-6.14310935395819,-2.33776928607792,-8.61521279512631
23.66,-6.1482038118114,-2.33776928607792,-8.50825728515907
23.6625,-6.16348718537103,-2.33776928607792,-8.61011967560406
23.665,-6.13292043825177,-2.35815205730107,-8.50825728515907
23.6675,-6.12273152254535,-2.33776928607792,-8.50825728515907
23.67,-6.11254260683893,-2.31738651485477,-8.55409536085931
23.6725,-6.10744814898572,-2.3020994364374,-8.66105087082655
23.675,-6.12782598039856,-2.31738651485477,-8.66105087082655
23.6775,-6.0972592332793,-2.29700374363161,-8.71198206604905
23.68,-6.11763706469214,-2.33267359327213,-8.69160958796005
23.6825,-6.11254260683893,-2.3020994364374,-8.6967027074823
23.685,-6.10235369113251,-2.28171666521425,-8.6865164684378
23.6875,-6.0972592332793,-2.24095112276794,-8.46751232898107
23.69,-6.0972592332793,-2.2562382011853,-8.72216830509355
23.6925,-6.09216477542609,-2.2562382011853,-8.72216830509355
23.695,-6.02593682333435,-2.27152527960267,-8.72216830509355
23.6975,-6.04631465474719,-2.23585542996215,-8.44204673136982
23.7,-6.03612573904077,-2.24604681557373,-8.65086463178205
23.7025,-6.07688140186645,-2.215472658739,-8.48788480707007
23.705,-6.02593682333435,-2.20018558032163,-8.48279168754782
23.7075,-6.03103128118756,-2.19508988751584,-8.51335040468132
23.71,-6.0004645340683,-2.23075973715636,-8.64577151225981
23.7125,-5.97499224480224,-2.19508988751584,-8.47769856802557
23.715,-5.99027561836187,-2.16451573068111,-8.48279168754782
23.7175,-5.94951995553619,-2.17470711629269,-8.49297792659232
23.72,-5.94442549768298,-2.1696114234869,-8.49297792659232
23.7225,-5.92914212412335,-2.16451573068111,-8.49297792659232
23.725,-5.91895320841693,-2.17980280909848,-8.55409536085931
23.7275,-5.9087642927105,-2.13903726665217,-8.59484031703731
23.73,-5.90366983485729,-2.1237501882348,-8.50825728515907
23.7325,-5.88838646129766,-2.11355880262323,-8.56428159990381
23.735,-5.88329200344445,-2.10846310981744,-8.52862976324807
23.7375,-5.90366983485729,-2.13394157384638,-8.50316416563682
23.74,-5.93933103982977,-2.10336741701165,-8.53372288277031
23.7425,-5.88329200344445,-2.10846310981744,-8.56428159990381
23.745,-5.87310308773803,-2.10336741701165,-8.49297792659232
23.7475,-5.86291417203161,-2.1237501882348,-8.58465407799281
23.75,-5.86291417203161,-2.20018558032163,-8.51335040468132
23.7525,-5.87819754559124,-2.11355880262323,-8.58465407799281
23.755,-5.89348091915087,-2.08808033859429,-8.46751232898107
23.7575,-5.86291417203161,-2.13903726665217,-8.54390912181481
23.76,-5.86291417203161,-2.08808033859429,-8.45223297041432
23.7625,-5.85272525632519,-2.09317603140008,-8.48788480707007
23.765,-5.85272525632519,-2.16451573068111,-8.51844352420357
23.7675,-5.85272525632519,-2.10846310981744,-8.50825728515907
23.77,-5.84763079847198,-2.08808033859429,-8.51335040468132
23.7725,-5.85272525632519,-2.04731479614798,-8.53372288277031
23.775,-5.8578197141784,-2.04731479614798,-8.53372288277031
23.7775,-5.88838646129766,-2.15942003787532,-8.50825728515907
23.78,-5.89348091915087,-2.06260187456535,-8.51335040468132
23.7825,-5.89348091915087,-2.09317603140008,-8.47260544850332
23.785,-5.89857537700408,-2.08808033859429,-8.47769856802557
23.7875,-5.87310308773803,-2.20018558032163,-8.48788480707007
23.79,-5.88329200344445,-2.1696114234869,-8.48788480707007
23.7925,-5.88838646129766,-2.21037696593321,-8.46751232898107
23.795,-5.86291417203161,-2.22056835154479,-8.50825728515907
23.7975,-5.84763079847198,-2.23585542996215,-8.47769856802557
23.8,-5.82725296705913,-2.24604681557373,-8.55409536085931
23.8025,-5.91385875056371,-2.23075973715636,-8.46241920945882
23.805,-5.89857537700408,-2.24604681557373,-8.52862976324807
23.8075,-5.8578197141784,-2.24095112276794,-8.47769856802557
23.81,-5.86800862988482,-2.24604681557373,-8.55918848038156
23.8125,-5.87819754559124,-2.24095112276794,-8.49297792659232
23.815,-5.88838646129766,-2.27662097240846,-8.46241920945882
23.8175,-5.91895320841693,-2.25114250837952,-8.53881600229256
23.82,-5.92404766627014,-2.24095112276794,-8.47769856802557
23.8225,-5.9546144133894,-2.22056835154479,-8.53372288277031
23.825,-5.9546144133894,-2.24095112276794,-8.58974719751506
23.8275,-5.93423658197656,-2.23075973715636,-8.52862976324807
23.83,-5.94442549768298,-2.01674063931325,-8.49807104611457
23.8325,-5.98008670265545,-1.97087940406115,-8.50825728515907
23.835,-5.99537007621508,-1.96578371125536,-8.50825728515907
23.8375,-5.98518116050866,-2.03202771773061,-8.48788480707007
23.84,-5.96989778694903,-1.96068801844958,-8.52353664372582
23.8425,-5.96480332909582,-1.94030524722642,-8.50316416563682
23.845,-5.9546144133894,-1.98616648247852,-8.53881600229256
23.8475,-5.96480332909582,-1.93520955442063,-8.56937471942606
23.85,-5.99537007621508,-1.93520955442063,-8.51335040468132
23.8525,-6.00555899192151,-1.94030524722642,-8.48279168754782
23.855,-5.98518116050866,-1.94540094003221,-8.48279168754782
23.8575,-5.99027561836187,-1.94540094003221,-8.52353664372582
23.86,-6.02084236548114,-1.96068801844958,-8.49807104611457
23.8625,-6.02593682333435,-1.94030524722642,-8.51335040468132
23.865,-6.04122019689398,-1.96068801844958,-8.58974719751506
23.8675,-6.0514091126004,-1.96068801844958,-8.50825728515907
23.87,-6.06159802830682,-1.950496632838,-8.54390912181481
23.8725,-6.06159802830682,-1.94030524722642,-8.42167425328083
23.875,-6.06669248616003,-1.94540094003221,-8.41658113375857
23.8775,-6.06669248616003,-1.94540094003221,-8.58465407799281
23.88,-6.07178694401324,-1.91992247600327,-8.44713985089207
23.8825,-6.07688140186645,-1.950496632838,-8.49807104611457
23.885,-6.11254260683893,-1.950496632838,-8.63049215369306
23.8875,-6.11763706469214,-1.93520955442063,-8.43186049232532
23.89,-6.12782598039856,-1.93520955442063,-8.43186049232532
23.8925,-6.10744814898572,-1.950496632838,-8.43186049232532
23.895,-6.08707031757288,-1.950496632838,-8.43695361184757
23.8975,-6.11763706469214,-1.96578371125536,-8.50825728515907
23.9,-6.12782598039856,-1.91992247600327,-8.50825728515907
23.9025,-6.13292043825177,-1.94030524722642,-8.51335040468132
23.905,-6.14310935395819,-1.93520955442063,-8.46241920945882
23.9075,-6.12782598039856,-1.95559232564379,-8.46241920945882
23.91,-6.12782598039856,-1.89953970478012,-8.47769856802557
23.9125,-6.12782598039856,-1.91482678319748,-8.49297792659232
23.915,-6.15329826966461,-1.9046353975859,-8.54900224133706
23.9175,-6.14310935395819,-1.9046353975859,-8.47769856802557
23.92,-6.1482038118114,-1.88934831916854,-8.46241920945882
23.9225,-6.15329826966461,-1.87915693355696,-8.48788480707007
23.925,-6.16348718537103,-1.90973109039169,-8.54900224133706
23.9275,-6.16348718537103,-1.87406124075117,-8.53881600229256
23.93,-6.16858164322425,-1.87406124075117,-8.54390912181481
23.9325,-6.16858164322425,-1.8638698551396,-8.48279168754782
23.935,-6.16858164322425,-1.85877416233381,-8.61011967560406
23.9375,-6.18895947463709,-1.85367846952802,-8.50316416563682
23.94,-6.16858164322425,-1.85367846952802,-8.52862976324807
23.9425,-6.16858164322425,-1.84858277672223,-8.59993343655956
23.945,-6.1940539324903,-1.84858277672223,-8.57446783894831
23.9475,-6.17877055893067,-1.84858277672223,-8.49807104611457
23.95,-6.17367610107746,-1.85367846952802,-8.59484031703731
23.9525,-6.16858164322425,-1.85367846952802,-8.60502655608181
23.955,-6.1940539324903,-1.85367846952802,-8.49297792659232
23.9575,-6.1482038118114,-1.85367846952802,-8.49297792659232
23.96,-6.1482038118114,-2.14922865226375,-8.47769856802557
23.9625,-6.14310935395819,-2.14922865226375,-8.54390912181481
23.965,-6.14310935395819,-2.15432434506954,-8.64067839273756
23.9675,-6.13801489610498,-2.17980280909848,-8.54900224133706
23.97,-6.16858164322425,-2.17980280909848,-8.41148801423633
23.9725,-6.14310935395819,-2.19508988751584,-8.42676737280307
23.975,-6.16858164322425,-2.17470711629269,-8.49297792659232
23.9775,-6.16348718537103,-2.20018558032163,-8.59993343655956
23.98,-6.13292043825177,-2.21037696593321,-8.62030591464856
23.9825,-6.12782598039856,-2.18999419471005,-8.62030591464856
23.985,-6.12782598039856,-2.20018558032163,-8.47769856802557
23.9875,-6.12273152254535,-2.20528127312742,-8.46751232898107
23.99,-6.11763706469214,-2.24095112276794,-8.50825728515907
23.9925,-6.11254260683893,-2.215472658739,-8.47769856802557
23.995,-6.11254260683893,-2.22056835154479,-8.48788480707007
23.9975,-6.10235369113251,-2.23075973715636,-8.50316416563682
24,-6.10235369113251,-2.23075973715636,-8.50316416563682
24.0025,-6.13292043825177,-2.24095112276794,-8.45732608993657
24.005,-6.10744814898572,-2.27662097240846,-8.52862976324807
24.0075,-6.10744814898572,-2.24604681557373,-8.52353664372582
24.01,-6.11254260683893,-2.28171666521425,-8.51844352420357
24.0125,-6.08707031757288,-2.29190805082582,-8.51335040468132
24.015,-6.07688140186645,-2.29700374363161,-8.51335040468132
24.0175,-6.07688140186645,-2.29700374363161,-8.47260544850332
24.02,-6.07178694401324,-2.34286497888371,-8.50316416563682
24.0225,-6.13292043825177,-2.32248220766055,-8.50316416563682
24.025,-6.08707031757288,-2.32757790046634,-8.48788480707007
24.0275,-6.08197585971966,-2.33776928607792,-8.55918848038156
24.03,-6.08707031757288,-2.37853482852423,-8.55918848038156
24.0325,-6.12273152254535,-2.35305636449528,-8.49807104611457
24.035,-6.07688140186645,-2.38363052133001,-8.50316416563682
24.0375,-6.07178694401324,-2.35815205730107,-8.48788480707007
24.04,-6.07178694401324,-2.35815205730107,-8.47769856802557
24.0425,-6.07178694401324,-2.40401329255317,-8.46241920945882
24.045,-6.07688140186645,-2.39382190694159,-8.46751232898107
24.0475,-6.07688140186645,-2.39891759974738,-8.53372288277031
24.05,-6.07688140186645,-2.40910898535896,-8.50825728515907
24.0525,-6.04631465474719,-2.36324775010686,-8.47769856802557
24.055,-6.04631465474719,-2.35305636449528,-8.46751232898107
24.0575,-6.07178694401324,-2.41420467816475,-8.47260544850332
24.06,-6.04631465474719,-2.37343913571844,-8.48788480707007
24.0625,-6.04631465474719,-2.34286497888371,-8.48788480707007
24.065,-6.0514091126004,-2.33776928607792,-8.48788480707007
24.0675,-6.0514091126004,-2.36834344291265,-8.50316416563682
24.07,-6.05650357045361,-2.36834344291265,-8.58465407799281
24.0725,-6.08197585971966,-2.37343913571844,-8.53881600229256
24.075,-6.08707031757288,-2.36834344291265,-8.60502655608181
24.0775,-6.09216477542609,-2.31738651485477,-8.48788480707007
24.08,-6.08707031757288,-2.31738651485477,-8.48788480707007
24.0825,-6.08707031757288,-2.34286497888371,-8.52353664372582
24.085,-6.08707031757288,-2.37853482852423,-8.52353664372582
24.0875,-6.09216477542609,-2.34286497888371,-8.51844352420357
24.09,-6.09216477542609,-2.34286497888371,-8.52862976324807
24.0925,-6.09216477542609,-2.36834344291265,-8.51335040468132
24.095,-6.11763706469214,-2.33267359327213,-8.50316416563682
24.0975,-6.11254260683893,-2.33776928607792,-8.50825728515907
24.1,-6.08707031757288,-2.33776928607792,-0.10970319296954
24.1025,-6.09216477542609,-2.32757790046634,-8.53881600229256
24.105,-6.08707031757288,-2.35815205730107,-8.52353664372582
24.1075,-6.11254260683893,-2.35815205730107,-8.55918848038156
24.11,-6.11254260683893,-2.55688407672682,-8.55918848038156
24.1125,-6.10744814898572,-2.34286497888371,-8.54390912181481
24.115,-6.10235369113251,-2.52630991989209,-8.55409536085931
24.1175,-6.11763706469214,-2.5212142270863,-8.58465407799281
24.12,-6.12273152254535,-2.5212142270863,-8.59484031703731
24.1225,-6.11763706469214,-2.36324775010686,-8.60502655608181
24.125,-6.11763706469214,-2.35815205730107,-8.58465407799281
24.1275,-6.11763706469214,-2.35815205730107,-8.51844352420357
24.13,-6.14310935395819,-2.5212142270863,-8.58974719751506
24.1325,-6.11763706469214,-2.52630991989209,-8.58974719751506
24.135,-6.12782598039856,-2.5670754623384,-8.49807104611457
24.1375,-6.12782598039856,-2.50592714866894,-8.52862976324807
24.14,-6.12782598039856,-2.51611853428051,-8.49297792659232
24.1425,-6.12782598039856,-2.31229082204898,-8.6661439903488
24.145,-6.11254260683893,-2.53140561269788,-8.48788480707007
24.1475,-6.12273152254535,-2.50083145586315,-8.71198206604905
24.15,-6.14310935395819,-2.24095112276794,-8.48279168754782
24.1525,-6.14310935395819,-2.23585542996215,-8.7374476636603
24.155,-6.13801489610498,-2.44987452780526,-8.58465407799281
24.1575,-6.13801489610498,-2.215472658739,-8.58465407799281
24.16,-6.11254260683893,-2.17470711629269,-8.55918848038156
24.1625,-6.11254260683893,-2.23585542996215,-8.53372288277031
24.165,-6.09216477542609,-2.0829846457885,-8.53372288277031
24.1675,-6.11254260683893,-2.10336741701165,-8.54900224133706
24.17,-6.11763706469214,-2.09827172420586,-8.55409536085931
24.1725,-6.11763706469214,-2.09827172420586,-8.57446783894831
24.175,-6.12782598039856,-2.0829846457885,-8.58465407799281
24.1775,-6.15839272751782,-2.17470711629269,-8.62539903417081
24.18,-6.10744814898572,-2.0371234105364,-8.61011967560406
24.1825,-6.10744814898572,-2.03202771773061,-8.61011967560406
24.185,-6.10744814898572,-2.02183633211904,-8.59484031703731
24.1875,-6.10744814898572,-2.00654925370167,-8.59993343655956
24.19,-6.15329826966461,-2.02183633211904,-8.61011967560406
24.1925,-6.08707031757288,-2.01164494650746,-8.63049215369306
24.195,-6.09216477542609,-2.00145356089588,-8.65086463178205
24.1975,-6.10235369113251,-2.02693202492483,-8.66105087082655
24.2,-6.10235369113251,-2.00654925370167,-8.6763302293933
24.2025,-6.0972592332793,-2.09827172420586,-8.67123710987105
24.205,-6.10235369113251,-2.13394157384638,-8.6865164684378
24.2075,-6.10235369113251,-2.14922865226375,-8.70179582700455
24.21,-6.0972592332793,-2.11865449542902,-8.69160958796005
24.2125,-6.0972592332793,-2.1237501882348,-8.6661439903488
24.215,-6.09216477542609,-2.18489850190427,-8.73235454413805
24.2175,-6.0972592332793,-2.18999419471005,-8.54900224133706
24.22,-6.0972592332793,-2.20018558032163,-8.54390912181481
24.2225,-6.10235369113251,-2.215472658739,-8.7068889465268
24.225,-6.0972592332793,-2.23075973715636,-8.80365821744954
24.2275,-6.10235369113251,-2.22566404435057,-8.51335040468132
24.23,-6.0972592332793,-2.22566404435057,-8.51844352420357
24.2325,-6.0972592332793,-0.0956644515310163,-8.55409536085931
24.235,-6.0972592332793,-2.31229082204898,-8.58974719751506
24.2375,-6.09216477542609,-2.33267359327213,-8.63049215369306
24.24,-6.09216477542609,-2.31229082204898,-8.57956095847056
24.2425,-6.08707031757288,-2.29700374363161,-8.57956095847056
24.245,-6.1482038118114,-2.47025729902842,-8.55918848038156
24.2475,-6.11254260683893,-2.3020994364374,-8.59993343655956
24.25,-6.08197585971966,-2.31229082204898,-8.59993343655956
24.2525,-6.0972592332793,-2.32757790046634,-8.63558527321531
24.255,-6.07688140186645,-2.35815205730107,-8.62539903417081
24.2575,-6.07688140186645,-2.37343913571844,-8.63049215369306
24.26,-6.07688140186645,-2.39382190694159,-8.50316416563682
24.2625,-6.07178694401324,-2.47025729902842,-8.50825728515907
24.265,-6.05650357045361,-2.4345874493879,-8.62539903417081
24.2675,-6.05650357045361,-2.46006591341684,-8.6559577513043
24.27,-6.0514091126004,-2.46006591341684,-8.49297792659232
24.2725,-6.03612573904077,-2.39891759974738,-8.52862976324807
24.275,-6.03612573904077,-2.40910898535896,-8.53372288277031
24.2775,-6.03612573904077,-2.4345874493879,-8.54900224133706
24.28,-6.03103128118756,-2.41420467816475,-8.55409536085931
24.2825,-6.02593682333435,-2.4345874493879,-8.56428159990381
24.285,-6.02084236548114,-2.43968314219369,-8.57956095847056
24.2875,-6.02084236548114,-2.44987452780526,-8.58465407799281
24.29,-6.01574790762793,-2.40401329255317,-8.58974719751506
24.2925,-6.01574790762793,-2.36324775010686,-8.60502655608181
24.295,-6.01574790762793,-2.38363052133001,-8.58465407799281
24.2975,-6.01574790762793,-2.36324775010686,-8.61521279512631
24.3,-6.01574790762793,-2.35815205730107,-8.63558527321531
24.3025,-6.02084236548114,-2.31738651485477,-8.63558527321531
24.305,-6.02593682333435,-2.31738651485477,-8.64577151225981
24.3075,-6.02084236548114,-2.40401329255317,-8.61011967560406
24.31,-6.02084236548114,-2.39382190694159,-8.65086463178205
24.3125,-6.02593682333435,-2.30719512924319,-8.63049215369306
24.315,-6.02593682333435,-2.27662097240846,-8.62030591464856
24.3175,-6.02593682333435,-2.24095112276794,-8.6865164684378
24.32,-6.03103128118756,-2.2562382011853,-8.58465407799281
24.3225,-6.03103128118756,-2.24604681557373,-8.58974719751506
24.325,-6.03103128118756,-2.22566404435057,-8.73235454413805
24.3275,-6.06669248616003,-2.23585542996215,-8.64577151225981
24.33,-6.06669248616003,-2.20528127312742,-8.69160958796005
24.3325,-6.07688140186645,-2.20018558032163,-8.67123710987105
24.335,-6.08197585971966,-2.215472658739,-8.76291326127155
24.3375,-6.09216477542609,-2.215472658739,-8.6661439903488
24.34,-6.09216477542609,-2.21037696593321,-8.68142334891555
24.3425,-6.0972592332793,-2.17470711629269,-8.63558527321531
24.345,-6.10235369113251,-2.20018558032163,-8.63558527321531
24.3475,-6.10744814898572,-2.18999419471005,-8.65086463178205
24.35,-6.11763706469214,-2.29190805082582,-8.65086463178205
24.3525,-6.12273152254535,-2.215472658739,-8.63049215369306
24.355,-6.12782598039856,-2.18489850190427,-8.61011967560406
24.3575,-6.13801489610498,-2.17980280909848,-8.61521279512631
24.36,-6.1482038118114,-2.15432434506954,-8.65086463178205
24.3625,-6.12782598039856,-2.27662097240846,-8.75272702222705
24.365,-6.16858164322425,-2.31229082204898,-8.7578201417493
24.3675,-6.17877055893067,-2.23585542996215,-8.61521279512631
24.37,-6.18895947463709,-2.2562382011853,-8.65086463178205
24.3725,-6.19914839034351,-2.20528127312742,-8.81384445649404
24.375,-6.20933730604993,-2.24604681557373,-8.63049215369306
24.3775,-6.21952622175635,-2.16451573068111,-8.7476339027048
24.38,-6.22462067960956,-2.26133389399109,-8.63049215369306
24.3825,-6.23480959531598,-2.2562382011853,-8.62539903417081
24.385,-6.23990405316919,-2.25114250837952,-8.63558527321531
24.3875,-6.25009296887561,-2.13903726665217,-8.64067839273756
24.39,-6.28575417384809,-2.11355880262323,-8.61521279512631
24.3925,-6.29594308955451,-2.11355880262323,-8.68142334891555
24.395,-6.30103754740772,-2.13394157384638,-8.80875133697179
24.3975,-6.31632092096735,-2.33776928607792,-8.69160958796005
24.4,-6.32650983667377,-2.26133389399109,-8.7068889465268
24.4025,-6.31632092096735,-2.32757790046634,-8.62539903417081
24.405,-6.32141537882056,-2.22056835154479,-8.62030591464856
24.4075,-6.33160429452698,-2.19508988751584,-8.60502655608181
24.41,-6.36217104164625,-2.21037696593321,-8.64067839273756
24.4125,-6.36217104164625,-2.23075973715636,-8.63049215369306
24.415,-6.36217104164625,-2.21037696593321,-8.63558527321531
24.4175,-6.35707658379304,-2.20018558032163,-8.65086463178205
24.42,-6.33669875238019,-2.21037696593321,-8.6559577513043
24.4225,-6.36217104164625,-2.18489850190427,-8.67123710987105
24.425,-6.36726549949946,-2.20528127312742,-8.7374476636603
24.4275,-6.37235995735267,-2.22056835154479,-8.7272614246158
24.43,-6.37745441520588,-2.13394157384638,-8.67123710987105
24.4325,-6.40292670447193,-2.13903726665217,-8.67123710987105
24.435,-6.40292670447193,-2.1237501882348,-8.70179582700455
24.4375,-6.39273778876551,-2.16451573068111,-8.66105087082655
24.44,-6.39273778876551,-2.09317603140008,-8.71198206604905
24.4425,-6.41821007803156,-2.07788895298271,-8.73235454413805
24.445,-6.35198212593983,-2.13903726665217,-8.72216830509355
24.4475,-6.34688766808662,-2.09827172420586,-8.7170751855713
24.45,-6.34688766808662,-1.97087940406115,-8.77819261983829
24.4525,-6.3417932102334,-1.96578371125536,-8.7374476636603
24.455,-6.33160429452698,-1.93520955442063,-8.73235454413805
24.4575,-6.32650983667377,-1.91992247600327,-8.76800638079379
24.46,-6.32650983667377,-1.9046353975859,-8.80365821744954
24.4625,-6.31632092096735,-1.91992247600327,-8.79347197840504
24.465,-6.31632092096735,-1.90973109039169,-8.77819261983829
24.4675,-6.31122646311414,-1.91482678319748,-8.7170751855713
24.47,-6.30613200526093,-1.91992247600327,-8.77309950031604
24.4725,-6.29594308955451,-1.91992247600327,-8.83931005410529
24.475,-6.29594308955451,-1.99126217528431,-8.83421693458304
24.4775,-6.31122646311414,-2.17470711629269,-8.69160958796005
24.48,-6.28575417384809,-2.13394157384638,-8.81893757601629
24.4825,-6.28065971599488,-2.1237501882348,-8.81384445649404
24.485,-6.28065971599488,-2.1696114234869,-8.6865164684378
24.4875,-6.26537634243525,-2.15942003787532,-8.69160958796005
24.49,-6.26028188458204,-2.14922865226375,-8.61521279512631
24.4925,-6.25009296887561,-2.17470711629269,-8.67123710987105
24.495,-6.23990405316919,-2.18999419471005,-8.64067839273756
24.4975,-6.23480959531598,-2.18489850190427,-8.64577151225981
24.5,-6.22971513746277,-2.20018558032163,-8.64067839273756
24.5025,-6.22462067960956,-2.20528127312742,-8.64067839273756
24.505,-6.21952622175635,-2.18999419471005,-8.77309950031604
24.5075,-6.23990405316919,-2.17470711629269,-8.69160958796005
24.51,-6.22971513746277,-2.17980280909848,-8.65086463178205
24.5125,-6.22462067960956,-2.20528127312742,-8.68142334891555
24.515,-6.21952622175635,-2.215472658739,-8.6967027074823
24.5175,-6.20933730604993,-2.22566404435057,-8.73235454413805
24.52,-6.20933730604993,-2.23075973715636,-8.7374476636603
24.5225,-6.18386501678388,-2.24095112276794,-8.6559577513043
24.525,-6.17367610107746,-2.2562382011853,-8.70179582700455
24.5275,-6.17367610107746,-2.2562382011853,-8.7374476636603
24.53,-6.18895947463709,-2.26133389399109,-8.76291326127155
24.5325,-6.16348718537103,-2.3020994364374,-8.74254078318255
24.535,-6.17877055893067,-2.30719512924319,-8.76291326127155
24.5375,-6.18386501678388,-2.30719512924319,-8.76291326127155
24.54,-6.13292043825177,-2.41420467816475,-8.65086463178205
24.5425,-6.13292043825177,-2.37853482852423,-8.64067839273756
24.545,-6.13292043825177,-2.38363052133001,-8.64067839273756
24.5475,-6.13292043825177,-2.39891759974738,-8.65086463178205
24.55,-6.10744814898572,-2.40401329255317,-8.63558527321531
24.5525,-6.10744814898572,-2.39891759974738,-8.6661439903488
24.555,-6.10744814898572,-2.39382190694159,-8.64577151225981
24.5575,-6.10235369113251,-2.37853482852423,-8.6967027074823
24.56,-6.10744814898572,-2.37853482852423,-8.6967027074823
24.5625,-6.11254260683893,-2.42439606377632,-8.7374476636603
24.565,-6.10744814898572,-2.4345874493879,-8.7068889465268
24.5675,-6.11254260683893,-2.38363052133001,-8.71198206604905
24.57,-6.11254260683893,-2.42949175658211,-8.7170751855713
24.5725,-6.12273152254535,-2.33267359327213,-8.7578201417493
24.575,-6.12782598039856,-2.46006591341684,-8.76291326127155
24.5775,-6.15329826966461,-2.37853482852423,-8.7170751855713
24.58,-6.14310935395819,-2.29700374363161,-8.73235454413805
24.5825,-6.1482038118114,-2.2562382011853,-8.79856509792729
24.585,-6.15839272751782,-2.26642958679688,-8.80875133697179
24.5875,-6.15839272751782,-2.28171666521425,-8.77819261983829
24.59,-6.15839272751782,-2.28681235802003,-8.61011967560406
24.5925,-6.18895947463709,-2.31738651485477,-8.64067839273756
24.595,-6.18895947463709,-2.29700374363161,-8.84440317362754
24.5975,-6.1940539324903,-2.31738651485477,-8.65086463178205
24.6,-6.20424284819672,-2.31229082204898,-8.64067839273756
24.6025,-6.20424284819672,-2.32757790046634,-8.65086463178205
24.605,-6.18386501678388,-2.28171666521425,-8.64067839273756
24.6075,-6.1940539324903,-2.32757790046634,-8.67123710987105
24.61,-6.1940539324903,-2.23585542996215,-8.67123710987105
24.6125,-6.19914839034351,-2.22056835154479,-8.6559577513043
24.615,-6.20933730604993,-2.23075973715636,-8.7170751855713
24.6175,-6.21952622175635,-2.17980280909848,-8.56937471942606
24.62,-6.22462067960956,-2.17470711629269,-8.57956095847056
24.6225,-6.25518742672882,-2.11865449542902,-8.57956095847056
24.625,-6.25518742672882,-2.13394157384638,-8.57446783894831
24.6275,-6.23480959531598,-2.09827172420586,-8.56428159990381
24.63,-6.23990405316919,-2.06260187456535,-8.72216830509355
24.6325,-6.2449985110224,-2.07279326017692,-8.72216830509355
24.635,-6.25518742672882,-2.09317603140008,-8.73235454413805
24.6375,-6.26028188458204,-2.07279326017692,-8.73235454413805
24.64,-6.27556525814167,-2.10846310981744,-0.10461007344729
24.6425,-6.28575417384809,-2.11355880262323,-8.55918848038156
24.645,-6.2908486317013,-2.02693202492483,-8.56937471942606
24.6475,-6.29594308955451,-2.02183633211904,-8.78837885888279
24.65,-6.30103754740772,-1.9963578680901,-8.64577151225981
24.6525,-6.30613200526093,-2.01674063931325,-8.59484031703731
24.655,-6.31122646311414,-2.07279326017692,-8.61521279512631
24.6575,-6.31122646311414,-2.02183633211904,-8.7170751855713
24.66,-6.31122646311414,-2.04221910334219,-8.64067839273756
24.6625,-6.3417932102334,-2.02183633211904,-8.64067839273756
24.665,-6.31122646311414,-2.01164494650746,-8.63049215369306
24.6675,-6.31122646311414,-2.04221910334219,-8.64067839273756
24.67,-6.31632092096735,-2.00145356089588,-8.58974719751506
24.6725,-6.31632092096735,-1.97597509686694,-8.56937471942606
24.675,-6.31632092096735,-2.00654925370167,-8.62539903417081
24.6775,-6.32650983667377,-2.11865449542902,-8.63049215369306
24.68,-6.32141537882056,-2.11865449542902,-8.64577151225981
24.6825,-6.32141537882056,-2.00145356089588,-8.66105087082655
24.685,-6.32650983667377,-1.98107078967273,-8.63558527321531
24.6875,-6.32650983667377,-2.11865449542902,-8.67123710987105
24.69,-6.32141537882056,-2.09827172420586,-8.59993343655956
24.6925,-6.32141537882056,-2.10336741701165,-8.62539903417081
24.695,-6.32141537882056,-2.10336741701165,-8.65086463178205
24.6975,-6.32141537882056,-2.0371234105364,-8.61521279512631
24.7,-6.31632092096735,-2.01164494650746,-8.64577151225981
24.7025,-6.31632092096735,-2.04731479614798,-8.6763302293933
24.705,-6.31122646311414,-2.03202771773061,-8.68142334891555
24.7075,-6.31122646311414,-2.02183633211904,-8.64067839273756
24.71,-6.31122646311414,-2.01674063931325,-8.63558527321531
24.7125,-6.30613200526093,-2.04221910334219,-8.64067839273756
24.715,-6.30103754740772,-2.03202771773061,-8.64067839273756
24.7175,-6.30103754740772,-2.05241048895377,-8.64577151225981
24.72,-6.30103754740772,-2.01164494650746,-8.6559577513043
24.7225,-6.29594308955451,-1.98616648247852,-8.63558527321531
24.725,-6.29594308955451,-1.99126217528431,-8.66105087082655
24.7275,-6.2908486317013,-1.9963578680901,-8.66105087082655
24.73,-6.2908486317013,-1.9963578680901,-8.6661439903488
24.7325,-6.31122646311414,-0.0956644515310163,-8.6559577513043
24.735,-6.28065971599488,-2.16451573068111,-8.67123710987105
24.7375,-6.30103754740772,-2.11355880262323,-8.6865164684378
24.74,-6.30613200526093,-2.13903726665217,-8.68142334891555
24.7425,-6.27556525814167,-2.11865449542902,-8.6559577513043
24.745,-6.27556525814167,-2.12884588104059,-8.62030591464856
24.7475,-6.27047080028846,-2.1237501882348,-8.64067839273756
24.75,-6.27556525814167,-2.12884588104059,-8.64067839273756
24.7525,-6.27047080028846,-2.15432434506954,-8.65086463178205
24.755,-6.27556525814167,-2.13903726665217,-8.68142334891555
24.7575,-6.27047080028846,-2.1237501882348,-8.61521279512631
24.76,-6.27047080028846,-2.12884588104059,-8.65086463178205
24.7625,-6.26537634243525,-2.13903726665217,-8.62030591464856
24.765,-6.27047080028846,-2.10846310981744,-8.61521279512631
24.7675,-6.27047080028846,-2.11355880262323,-8.64067839273756
24.77,-6.26537634243525,-2.12884588104059,-8.66105087082655
24.7725,-6.26028188458204,-2.15432434506954,-8.64067839273756
24.775,-6.26028188458204,-2.14922865226375,-8.65086463178205
24.7775,-6.26028188458204,-2.14413295945796,-8.65086463178205
24.78,-6.26028188458204,-2.14922865226375,-8.64577151225981
24.7825,-6.27047080028846,-2.15432434506954,-8.67123710987105
24.785,-6.27047080028846,-2.15942003787532,-8.69160958796005
24.7875,-6.27047080028846,-2.215472658739,-8.69160958796005
24.79,-6.27047080028846,-2.17470711629269,-8.66105087082655
24.7925,-6.26537634243525,-2.17980280909848,-8.67123710987105
24.795,-6.26537634243525,-2.18489850190427,-8.7068889465268
24.7975,-6.26028188458204,-2.19508988751584,-8.7170751855713
24.8,-6.26028188458204,-2.24095112276794,-8.6763302293933
24.8025,-6.26028188458204,-2.27662097240846,-8.6763302293933
24.805,-6.26028188458204,-2.30719512924319,-8.6763302293933
24.8075,-6.25518742672882,-2.28171666521425,-8.7170751855713
24.81,-6.25009296887561,-2.24095112276794,-8.66105087082655
24.8125,-6.25518742672882,-2.25114250837952,-8.70179582700455
24.815,-6.25009296887561,-2.26133389399109,-8.75272702222705
24.8175,-6.25009296887561,-2.26642958679688,-8.68142334891555
24.82,-6.25009296887561,-2.28171666521425,-8.68142334891555
24.8225,-6.23990405316919,-2.28681235802003,-8.7170751855713
24.825,-6.23990405316919,-2.29700374363161,-8.79856509792729
24.8275,-6.2449985110224,-2.33267359327213,-8.62539903417081
24.83,-6.22971513746277,-2.33776928607792,-8.65086463178205
24.8325,-6.25009296887561,-2.42439606377632,-8.64067839273756
24.835,-6.2449985110224,-2.42439606377632,-8.66105087082655
24.8375,-6.23990405316919,-2.42439606377632,-8.64577151225981
24.84,-6.21443176390314,-0.100760144336805,-8.62539903417081
24.8425,-6.20933730604993,-0.0956644515310163,-8.6559577513043
24.845,-6.19914839034351,-0.0956644515310163,-8.71198206604905
24.8475,-6.19914839034351,-0.0956644515310163,-8.65086463178205
24.85,-6.22462067960956,-0.0956644515310163,-8.65086463178205
24.8525,-6.21952622175635,-0.0956644515310163,-8.61521279512631
24.855,-6.18895947463709,-2.52630991989209,-8.62030591464856
24.8575,-6.1940539324903,-2.53140561269788,-8.61521279512631
24.86,-6.18895947463709,-2.55688407672682,-8.62539903417081
24.8625,-6.18386501678388,-2.55178838392103,-8.61521279512631
24.865,-6.17367610107746,-2.54669269111524,-8.71198206604905
24.8675,-6.18895947463709,-2.55688407672682,-8.61011967560406
24.87,-6.23480959531598,-2.55178838392103,-8.57446783894831
24.8725,-6.17367610107746,-2.55178838392103,-8.57446783894831
24.875,-6.15839272751782,-2.53650130550367,-8.57956095847056
24.8775,-6.15839272751782,-2.50592714866894,-8.61011967560406
24.88,-6.15839272751782,-2.70975486090047,-8.61011967560406
24.8825,-6.18895947463709,-2.73013763212363,-8.64577151225981
24.885,-6.16348718537103,-2.67408501125995,-8.59993343655956
24.8875,-6.18386501678388,-2.68427639687153,-8.62539903417081
24.89,-6.20933730604993,-2.51102284147473,-8.59993343655956
24.8925,-6.20933730604993,-2.82695579543361,-8.61521279512631
24.895,-6.20933730604993,-2.8320514882394,-8.58465407799281
24.8975,-6.1482038118114,-2.86772133787991,-8.58974719751506
24.9,-6.17877055893067,-2.5670754623384,-8.66105087082655
24.9025,-6.17877055893067,-2.56197976953261,-8.66105087082655
24.905,-6.17367610107746,-2.68427639687153,-8.54900224133706
24.9075,-0.0959878821972175,-2.65879793284259,-8.57956095847056
24.91,-0.0908934243440065,-2.64351085442522,-8.57446783894831
24.9125,-0.0908934243440065,-2.61803239039628,-8.61521279512631
24.915,-0.0908934243440065,-2.55688407672682,-8.60502655608181
24.9175,-6.20933730604993,-2.62312808320207,-8.55409536085931
24.92,-6.21443176390314,-2.53140561269788,-8.54390912181481
24.9225,-6.23480959531598,-2.57217115514419,-8.54900224133706
24.925,-6.20933730604993,-2.55688407672682,-8.54900224133706
24.9275,-6.21443176390314,-2.54159699830946,-8.54900224133706
24.93,-6.21443176390314,-2.58745823356155,-8.54900224133706
24.9325,-6.21443176390314,-2.58745823356155,-8.56937471942606
24.935,-6.20933730604993,-2.5670754623384,-8.54390912181481
24.9375,-6.25009296887561,-2.54669269111524,-8.51844352420357
24.94,-6.21443176390314,-2.5670754623384,-8.56937471942606
24.9425,-6.21443176390314,-2.62312808320207,-8.50316416563682
24.945,-6.20933730604993,-2.5670754623384,-8.50316416563682
24.9475,-6.20933730604993,-2.5670754623384,-8.53881600229256
24.95,-6.20424284819672,-2.57217115514419,-8.55409536085931
24.9525,-6.19914839034351,-2.5670754623384,-8.53881600229256
24.955,-6.18895947463709,-2.5670754623384,-8.57956095847056
24.9575,-6.17367610107746,-2.51102284147473,-8.55918848038156
24.96,-6.16858164322425,-2.64351085442522,-8.43695361184757
24.9625,-6.18386501678388,-2.55178838392103,-8.59993343655956
24.965,-6.17367610107746,-2.61293669759049,-8.55409536085931
24.9675,-6.16858164322425,-2.58745823356155,-8.46241920945882
24.97,-6.16858164322425,-2.46006591341684,-8.49807104611457
24.9725,-6.15839272751782,-2.44477883499948,-8.49297792659232
24.975,-6.15839272751782,-2.4345874493879,-8.48788480707007
24.9775,-6.11254260683893,-2.39891759974738,-0.10461007344729
24.98,-6.10744814898572,-2.35815205730107,-0.0995169539250416
24.9825,-6.10744814898572,-2.36324775010686,-0.0995169539250416
24.985,-6.0972592332793,-2.33776928607792,-8.44713985089207
24.9875,-6.08707031757288,-2.32757790046634,-8.46241920945882
24.99,-6.08707031757288,-2.31738651485477,-8.45732608993657
24.9925,-6.11254260683893,-2.31738651485477,-8.49297792659232
24.995,-6.10235369113251,-2.28681235802003,-8.52862976324807
24.9975,-6.07688140186645,-2.28171666521425,-8.44713985089207
25,-6.07178694401324,-2.29700374363161,-8.47260544850332
25.0025,-6.07178694401324,-2.27662097240846,-8.48788480707007
25.005,-6.07178694401324,-2.27152527960267,-8.49297792659232
25.0075,-6.0972592332793,-2.28681235802003,-8.54390912181481
25.01,-6.10235369113251,-2.33267359327213,-8.54900224133706
25.0125,-6.08197585971966,-2.15432434506954,-8.54900224133706
25.015,-6.11763706469214,-2.25114250837952,-8.54900224133706
25.0175,-6.11763706469214,-2.26133389399109,-8.45732608993657
25.02,-6.12782598039856,-2.24604681557373,-8.49297792659232
25.0225,-6.13292043825177,-2.18489850190427,-8.46751232898107
25.025,-6.12782598039856,-2.23075973715636,-8.52862976324807
25.0275,-6.15839272751782,-2.17980280909848,-8.53372288277031
25.03,-6.13801489610498,-2.15942003787532,-8.50316416563682
25.0325,-6.13801489610498,-2.15942003787532,-8.58465407799281
25.035,-6.1482038118114,-2.17470711629269,-8.49807104611457
25.0375,-6.15329826966461,-2.09827172420586,-8.62539903417081
25.04,-6.15839272751782,-2.09827172420586,-8.51844352420357
25.0425,-6.15839272751782,-2.0829846457885,-8.48279168754782
25.045,-6.16858164322425,-2.07788895298271,-8.49297792659232
25.0475,-6.17367610107746,-2.09317603140008,-8.46751232898107
25.05,-6.17367610107746,-2.10846310981744,-8.44713985089207
25.0525,-6.18386501678388,-2.04221910334219,-8.44713985089207
25.055,-6.1940539324903,-1.8638698551396,-8.43695361184757
25.0575,-6.19914839034351,-1.85877416233381,-8.43186049232532
25.06,-6.22971513746277,-1.87406124075117,-8.44204673136982
25.0625,-6.20933730604993,-1.8638698551396,-8.43186049232532
25.065,-6.21952622175635,-1.88934831916854,-8.46241920945882
25.0675,-6.22462067960956,-1.91482678319748,-8.46751232898107
25.07,-6.22971513746277,-1.90973109039169,-8.6967027074823
25.0725,-6.22971513746277,-1.83839139111065,-8.44713985089207
25.075,-6.25518742672882,-1.86896554794538,-8.46241920945882
25.0775,-6.23480959531598,-1.86896554794538,-8.43695361184757
25.08,-6.27047080028846,-1.88934831916854,-8.43695361184757
25.0825,-6.27047080028846,-1.88934831916854,-8.74254078318255
25.085,-6.27556525814167,-1.87915693355696,-8.45732608993657
25.0875,-6.2908486317013,-1.8638698551396,-8.45732608993657
25.09,-6.27556525814167,-1.87915693355696,-8.44713985089207
25.0925,-6.2908486317013,-1.91992247600327,-8.42676737280307
25.095,-6.29594308955451,-1.93011386161485,-8.42676737280307
25.0975,-6.27556525814167,-1.91482678319748,-8.43695361184757
25.1,-6.30103754740772,-1.91482678319748,-8.48788480707007
25.1025,-6.28575417384809,-1.950496632838,-8.42167425328083
25.105,-6.28575417384809,-2.02693202492483,-8.43695361184757
25.1075,-6.28575417384809,-1.98616648247852,-8.44204673136982
25.11,-6.28575417384809,-1.98107078967273,-8.44204673136982
25.1125,-6.28065971599488,-1.97597509686694,-8.46241920945882
25.115,-6.27556525814167,-1.97597509686694,-8.47260544850332
25.1175,-6.27556525814167,-2.00145356089588,-8.46751232898107
25.12,-6.27047080028846,-2.05241048895377,-8.46751232898107
25.1225,-6.26537634243525,-2.01164494650746,-8.46241920945882
25.125,-6.27047080028846,-2.03202771773061,-8.48279168754782
25.1275,-6.26537634243525,-1.97597509686694,-8.48788480707007
25.13,-6.25518742672882,-2.0371234105364,-8.50316416563682
25.1325,-6.25009296887561,-2.03202771773061,-8.54900224133706
25.135,-6.23990405316919,-1.96578371125536,-8.63049215369306
25.1375,-6.22971513746277,-1.96578371125536,-8.51335040468132
25.14,-6.22462067960956,-1.97087940406115,-8.47769856802557
25.1425,-6.25009296887561,-1.950496632838,-8.46241920945882
25.145,-6.23990405316919,-1.97597509686694,-8.43695361184757
25.1475,-6.22971513746277,-2.03202771773061,-8.40639489471408
25.15,-6.20424284819672,-1.97597509686694,-8.41148801423633
25.1525,-6.20424284819672,-2.02693202492483,-8.42676737280307
25.155,-6.22971513746277,-2.04731479614798,-8.41658113375857
25.1575,-6.20933730604993,-2.04731479614798,-8.54900224133706
25.16,-6.19914839034351,-1.9963578680901,-8.42167425328083
25.1625,-6.19914839034351,-2.11865449542902,-8.42676737280307
25.165,-6.19914839034351,-2.12884588104059,-8.42676737280307
25.1675,-6.20933730604993,-2.13394157384638,-8.44713985089207
25.17,-6.1940539324903,-1.9963578680901,-8.42676737280307
25.1725,-6.20424284819672,-1.9963578680901,-8.45732608993657
25.175,-6.19914839034351,-2.00145356089588,-8.47260544850332
25.1775,-6.1940539324903,-2.05241048895377,-8.51335040468132
25.18,-6.19914839034351,-2.03202771773061,-8.47260544850332
25.1825,-6.1940539324903,-2.02183633211904,-8.43695361184757
25.185,-6.1940539324903,-2.0371234105364,-8.52862976324807
25.1875,-6.1940539324903,-2.0829846457885,-8.51335040468132
25.19,-6.21443176390314,-2.04731479614798,-8.55918848038156
25.1925,-6.21443176390314,-2.07788895298271,-8.45223297041432
25.195,-6.23990405316919,-2.10336741701165,-8.50316416563682
25.1975,-6.21443176390314,-2.05241048895377,-8.57956095847056
25.2,-6.21443176390314,-2.04731479614798,-8.56937471942606
25.2025,-6.21443176390314,-2.04731479614798,-8.46751232898107
25.205,-6.25009296887561,-2.05241048895377,-8.46751232898107
25.2075,-6.20424284819672,-2.05241048895377,-8.47260544850332
25.21,-6.20933730604993,-2.06260187456535,-8.49297792659232
25.2125,-6.23480959531598,-2.05750618175956,-8.52862976324807
25.215,-6.23480959531598,-2.06260187456535,-8.54390912181481
25.2175,-6.23990405316919,-2.06769756737113,-8.52862976324807
25.22,-6.21952622175635,-2.06260187456535,-8.50825728515907
25.2225,-6.2449985110224,-2.05750618175956,-8.59484031703731
25.225,-6.2449985110224,-2.07788895298271,-8.55918848038156
25.2275,-6.25009296887561,-2.10336741701165,-8.53372288277031
25.23,-6.25518742672882,-2.1237501882348,-8.63558527321531
25.2325,-6.28065971599488,-2.10336741701165,-8.54900224133706
25.235,-6.2908486317013,-2.09827172420586,-8.54900224133706
25.2375,-6.27047080028846,-2.10846310981744,-8.56428159990381
25.24,-6.29594308955451,-2.09827172420586,-8.59993343655956
25.2425,-6.27556525814167,-2.09827172420586,-8.59484031703731
25.245,-6.28065971599488,-2.10336741701165,-8.57956095847056
25.2475,-6.28575417384809,-2.10846310981744,-8.55918848038156
25.25,-6.31632092096735,-2.26642958679688,-8.55409536085931
25.2525,-6.32141537882056,-2.28171666521425,-8.55918848038156
25.255,-6.30613200526093,-2.27152527960267,-8.60502655608181
25.2575,-6.31632092096735,-2.26642958679688,-8.57956095847056
25.26,-6.34688766808662,-2.32757790046634,-8.53881600229256
25.2625,-6.3417932102334,-2.28171666521425,-8.55409536085931
25.265,-6.34688766808662,-2.28171666521425,-8.54900224133706
25.2675,-6.31632092096735,-2.27662097240846,-8.54390912181481
25.27,-6.31632092096735,-2.28171666521425,-8.54900224133706
25.2725,-6.31632092096735,-2.2562382011853,-8.51844352420357
25.275,-6.31122646311414,-2.27152527960267,-8.54390912181481
25.2775,-6.30613200526093,-2.24604681557373,-8.54900224133706
25.28,-6.30613200526093,-2.28171666521425,-8.53881600229256
25.2825,-6.30613200526093,-2.26133389399109,-8.53881600229256
25.285,-6.33669875238019,-2.28171666521425,-8.54900224133706
25.2875,-6.31122646311414,-2.31738651485477,-8.54900224133706
25.29,-6.30613200526093,-2.28171666521425,-0.130075671058538
25.2925,-6.30613200526093,-2.28171666521425,-0.10461007344729
25.295,-6.30613200526093,-2.27662097240846,-0.0995169539250416
25.2975,-6.30613200526093,-2.2562382011853,-0.0995169539250416
25.3,-6.30613200526093,-2.2562382011853,-0.0995169539250416
25.3025,-6.30103754740772,-2.26133389399109,-8.58974719751506
25.305,-6.30103754740772,-2.26133389399109,-8.59484031703731
25.3075,-6.2908486317013,-2.2562382011853,-8.61011967560406
25.31,-6.27556525814167,-2.2562382011853,-8.61011967560406
25.3125,-6.27047080028846,-2.24604681557373,-8.66105087082655
25.315,-6.27047080028846,-2.24095112276794,-8.51335040468132
25.3175,-6.25518742672882,-2.23075973715636,-8.60502655608181
25.32,-6.25009296887561,-2.23075973715636,-8.59993343655956
25.3225,-6.2449985110224,-2.23585542996215,-8.65086463178205
25.325,-6.23990405316919,-2.21037696593321,-8.51844352420357
25.3275,-6.22462067960956,-2.20528127312742,-8.57956095847056
25.33,-6.20933730604993,-2.22056835154479,-8.55918848038156
25.3325,-6.20424284819672,-2.20528127312742,-8.55918848038156
25.335,-6.18895947463709,-2.19508988751584,-8.55918848038156
25.3375,-6.18386501678388,-2.17980280909848,-8.57446783894831
25.34,-6.17367610107746,-2.17470711629269,-8.55918848038156
25.3425,-6.16348718537103,-2.19508988751584,-8.54390912181481
25.345,-6.15329826966461,-2.17470711629269,-8.52353664372582
25.3475,-6.14310935395819,-2.12884588104059,-8.53372288277031
25.35,-6.13292043825177,-2.13903726665217,-8.61521279512631
25.3525,-6.12273152254535,-2.13394157384638,-8.54900224133706
25.355,-6.11254260683893,-2.11355880262323,-8.56937471942606
25.3575,-6.10235369113251,-2.10846310981744,-8.61011967560406
25.36,-6.0972592332793,-2.10336741701165,-8.62030591464856
25.3625,-6.09216477542609,-2.09827172420586,-8.56937471942606
25.365,-6.08707031757288,-2.09827172420586,-8.58465407799281
25.3675,-6.08197585971966,-2.10846310981744,-8.53881600229256
25.37,-6.07688140186645,-2.10336741701165,-8.63049215369306
25.3725,-6.06669248616003,-2.05750618175956,-8.55918848038156
25.375,-6.06159802830682,-2.05750618175956,-8.6763302293933
25.3775,-6.05650357045361,-2.0829846457885,-8.69160958796005
25.38,-6.04631465474719,-2.09827172420586,-8.54900224133706
25.3825,-6.04631465474719,-2.10336741701165,-8.7476339027048
25.385,-6.04631465474719,-2.02693202492483,-8.50316416563682
25.3875,-6.03612573904077,-2.02693202492483,-8.53372288277031
25.39,-6.03612573904077,-2.02183633211904,-8.58974719751506
25.3925,-6.03103128118756,-2.02693202492483,-8.58465407799281
25.395,-6.02593682333435,-2.02693202492483,-8.48788480707007
25.3975,-6.03612573904077,-2.10336741701165,-8.49297792659232
25.4,-6.03612573904077,-2.05241048895377,-8.60502655608181
25.4025,-6.04122019689398,-2.09827172420586,-8.61521279512631
25.405,-6.04122019689398,-2.09317603140008,-8.48788480707007
25.4075,-6.04631465474719,-2.3479606716895,-8.48279168754782
25.41,-6.0514091126004,-2.35815205730107,-8.47769856802557
25.4125,-6.05650357045361,-2.36834344291265,-8.51335040468132
25.415,-6.06159802830682,-2.42439606377632,-8.47260544850332
25.4175,-6.07178694401324,-2.36324775010686,-8.53881600229256
25.42,-6.08197585971966,-2.41420467816475,-8.59484031703731
25.4225,-6.09216477542609,-2.40401329255317,-8.49807104611457
25.425,-6.10235369113251,-2.37853482852423,-8.53372288277031
25.4275,-6.10744814898572,-2.41420467816475,-8.51844352420357
25.43,-6.11763706469214,-2.43968314219369,-8.48279168754782
25.4325,-6.14310935395819,-2.39891759974738,-8.48279168754782
25.435,-6.17877055893067,-2.45497022061105,-8.61011967560406
25.4375,-6.17367610107746,-2.3887262141358,-8.58465407799281
25.44,-6.18895947463709,-2.3887262141358,-8.54390912181481
25.4425,-6.18895947463709,-2.3887262141358,-8.51335040468132
25.445,-6.1940539324903,-2.36834344291265,-8.53372288277031
25.4475,-6.18386501678388,-2.3887262141358,-8.64067839273756
25.45,-6.18895947463709,-2.41420467816475,-8.47769856802557
25.4525,-6.21443176390314,-2.39382190694159,-8.48279168754782
25.455,-6.25009296887561,-2.41930037097053,-8.48279168754782
25.4575,-6.18386501678388,-2.41930037097053,-8.48788480707007
25.46,-6.18895947463709,-2.41420467816475,-8.51844352420357
25.4625,-6.18895947463709,-2.47025729902842,-8.44713985089207
25.465,-6.18386501678388,-2.47025729902842,-8.45223297041432
25.4675,-6.18895947463709,-2.44987452780526,-8.53372288277031
25.47,-6.1940539324903,-2.38363052133001,-8.50316416563682
25.4725,-6.21443176390314,-2.38363052133001,-8.50825728515907
25.475,-6.21443176390314,-2.39382190694159,-8.44713985089207
25.4775,-6.21952622175635,-2.3887262141358,-8.47769856802557
25.48,-6.22971513746277,-2.41930037097053,-8.43186049232532
25.4825,-6.22971513746277,-2.40910898535896,-8.40130177519183
25.485,-6.22971513746277,-2.3479606716895,-8.36564993853608
25.4875,-6.22462067960956,-2.3479606716895,-8.36564993853608
25.49,-6.22462067960956,-2.38363052133001,-8.37074305805833
25.4925,-6.22462067960956,-2.35305636449528,-8.36564993853608
25.495,-6.21952622175635,-2.31738651485477,-8.36564993853608
25.4975,-6.1940539324903,-2.34286497888371,-8.37074305805833
25.5,-6.1940539324903,-2.25114250837952,-8.39111553614733
25.5025,-6.1940539324903,-2.2562382011853,-8.39620865566958
25.505,-6.1940539324903,-2.30719512924319,-8.38092929710283
25.5075,-6.22971513746277,-2.27152527960267,-8.38602241662508
25.51,-6.20933730604993,-2.2562382011853,-8.38602241662508
25.5125,-6.19914839034351,-2.22566404435057,-8.44204673136982
25.515,-6.1940539324903,-2.13394157384638,-8.41148801423633
25.5175,-6.18895947463709,-2.09317603140008,-8.40130177519183
25.52,-6.21952622175635,-2.07279326017692,-8.44713985089207
25.5225,-6.18895947463709,-2.05241048895377,-8.42167425328083
25.525,-6.18386501678388,-2.01674063931325,-8.40130177519183
25.5275,-6.17877055893067,-2.02693202492483,-8.41148801423633
25.53,-6.16858164322425,-2.02183633211904,-8.38602241662508
25.5325,-6.13801489610498,-2.00654925370167,-8.40130177519183
25.535,-6.15329826966461,-1.97597509686694,-8.39111553614733
25.5375,-6.1482038118114,-1.96068801844958,-8.39111553614733
25.54,-6.1482038118114,-1.950496632838,-8.39111553614733
25.5425,-6.13801489610498,-1.93520955442063,-8.45223297041432
25.545,-6.13292043825177,-1.93520955442063,-8.34527746044708
25.5475,-6.12782598039856,-1.93011386161485,-8.37074305805833
25.55,-6.11763706469214,-1.93011386161485,-8.34527746044708
25.5525,-6.13801489610498,-1.950496632838,-8.38602241662508
25.555,-6.12782598039856,-1.94030524722642,-8.35546369949158
25.5575,-6.12782598039856,-1.94030524722642,-8.32999810188033
25.56,-6.19914839034351,-1.95559232564379,-8.34018434092483
25.5625,-6.17877055893067,-1.950496632838,-8.32999810188033
25.565,-6.18386501678388,-1.91482678319748,-8.32999810188033
25.5675,-6.13801489610498,-1.90973109039169,-8.33509122140258
25.57,-6.13801489610498,-2.07279326017692,-8.32490498235808
25.5725,-6.13801489610498,-2.03202771773061,-8.41658113375857
25.575,-6.14310935395819,-2.01674063931325,-8.50316416563682
25.5775,-6.1482038118114,-1.92501816880906,-8.35546369949158
25.58,-6.12273152254535,-2.05750618175956,-8.41658113375857
25.5825,-6.15329826966461,-1.98616648247852,-8.43695361184757
25.585,-6.10744814898572,-1.94030524722642,-8.37074305805833
25.5875,-6.10744814898572,-1.94030524722642,-8.39620865566958
25.59,-6.10744814898572,-1.99126217528431,-8.38092929710283
25.5925,-6.11254260683893,-1.96068801844958,-8.40639489471408
25.595,-6.11254260683893,-1.95559232564379,-8.27906690665784
25.5975,-6.13292043825177,-1.93520955442063,-8.27397378713559
25.6,-6.13801489610498,-1.97087940406115,-8.37074305805833
25.6025,-6.1482038118114,-1.950496632838,-8.40639489471408
25.605,-6.1482038118114,-1.87915693355696,-8.47769856802557
25.6075,-6.12782598039856,-1.78233877024698,-8.27397378713559
25.61,-6.13801489610498,-1.89444401197433,-8.24341507000209
25.6125,-6.18386501678388,-1.89444401197433,-8.24850818952434
25.615,-6.18386501678388,-1.88934831916854,-8.26888066761334
25.6175,-6.17367610107746,-1.74157322780068,-8.47769856802557
25.62,-6.16858164322425,-1.84348708391644,-8.26378754809109
25.6225,-6.17367610107746,-1.74666892060646,-8.25869442856884
25.625,-6.17367610107746,-1.80781723427592,-8.28416002618009
25.6275,-6.16348718537103,-1.87915693355696,-8.25360130904659
25.63,-6.16858164322425,-1.7721473846354,-8.25869442856884
25.6325,-6.18895947463709,-1.79253015585856,-8.30962562379133
25.635,-6.15839272751782,-1.83329569830487,-8.25360130904659
25.6375,-6.19914839034351,-1.8180086198875,-8.25360130904659
25.64,-6.17367610107746,-1.87915693355696,-8.30453250426909
25.6425,-6.16858164322425,-1.82310431269329,-8.28416002618009
25.645,-6.16858164322425,-1.91992247600327,-8.31471874331358
25.6475,-6.16858164322425,-1.85367846952802,-8.30962562379133
25.65,-6.16348718537103,-1.93011386161485,-8.30962562379133
25.6525,-6.15839272751782,-1.96578371125536,-8.30962562379133
25.655,-6.15329826966461,-1.96068801844958,-8.30962562379133
25.6575,-6.15329826966461,-1.96578371125536,-8.45223297041432
25.66,-6.15329826966461,-1.96068801844958,-8.31981186283583
25.6625,-6.17877055893067,-1.96578371125536,-8.28925314570234
25.665,-6.17877055893067,-0.0956644515310163,-8.32490498235808
25.6675,-6.19914839034351,-0.0956644515310163,-8.35037057996933
25.67,-6.14310935395819,-0.0956644515310163,-8.32999810188033
25.6725,-6.1482038118114,-0.0956644515310163,-8.42167425328083
25.675,-6.1482038118114,-2.17980280909848,-8.30962562379133
25.6775,-6.1482038118114,-2.40910898535896,-8.34527746044708
25.68,-6.15329826966461,-2.26133389399109,-8.32490498235808
25.6825,-6.16348718537103,-2.29700374363161,-8.36564993853608
25.685,-6.13801489610498,-2.26642958679688,-8.34018434092483
25.6875,-6.13801489610498,-2.31738651485477,-8.34018434092483
25.69,-6.14310935395819,-2.32757790046634,-8.34527746044708
25.6925,-6.16348718537103,-2.32248220766055,-8.31981186283583
25.695,-6.1482038118114,-2.36834344291265,-8.32490498235808
25.6975,-6.15329826966461,-2.40401329255317,-8.37583617758058
25.7,-6.12782598039856,-2.41420467816475,-8.41148801423633
25.7025,-6.16348718537103,-2.41930037097053,-8.40639489471408
25.705,-6.18895947463709,-2.37853482852423,-8.43186049232532
25.7075,-6.12782598039856,-2.42949175658211,-8.30962562379133
25.71,-6.11254260683893,-2.4345874493879,-8.38092929710283
25.7125,-6.11254260683893,-2.41420467816475,-8.32490498235808
25.715,-6.11763706469214,-2.35815205730107,-8.40639489471408
25.7175,-6.12782598039856,-2.47025729902842,-8.38092929710283
25.72,-6.12273152254535,-2.5212142270863,-8.29434626522459
25.7225,-6.15329826966461,-2.47025729902842,-8.30453250426909
25.725,-6.15839272751782,-2.47535299183421,-8.39111553614733
25.7275,-6.16858164322425,-2.54159699830946,-8.32490498235808
25.73,-6.17367610107746,-2.50592714866894,-8.34527746044708
25.7325,-6.18895947463709,-2.51102284147473,-8.32490498235808
25.735,-6.16858164322425,-2.54159699830946,-8.33509122140258
25.7375,-6.17367610107746,-2.53140561269788,-8.34527746044708
25.74,-6.18895947463709,-2.55688407672682,-8.39620865566958
25.7425,-6.1940539324903,-2.5212142270863,-8.44204673136982
25.745,-6.22971513746277,-2.54669269111524,-8.44713985089207
25.7475,-6.21952622175635,-2.49064007025157,-8.39620865566958
25.75,-6.20424284819672,-2.56197976953261,-8.44713985089207
25.7525,-6.20933730604993,-2.54159699830946,-8.48788480707007
25.755,-6.1940539324903,-2.5670754623384,-8.49807104611457
25.7575,-6.19914839034351,-2.48044868463999,-8.42676737280307
25.76,-6.20424284819672,-2.55688407672682,-8.47769856802557
25.7625,-6.20933730604993,-2.55178838392103,-8.39620865566958
25.765,-6.23480959531598,-2.57726684794997,-8.40639489471408
25.7675,-6.23990405316919,-2.55178838392103,-8.42676737280307
25.77,-6.2449985110224,-2.51611853428051,-8.43186049232532
25.7725,-6.25518742672882,-2.5212142270863,-8.41148801423633
25.775,-6.26028188458204,-2.5212142270863,-8.43695361184757
25.7775,-6.2908486317013,-2.53140561269788,-8.47260544850332
25.78,-6.29594308955451,-2.50592714866894,-8.45223297041432
25.7825,-6.28065971599488,-2.54669269111524,-8.49807104611457
25.785,-6.28575417384809,-2.49064007025157,-8.46751232898107
25.7875,-6.29594308955451,-2.52630991989209,-8.43695361184757
25.79,-6.31122646311414,-2.50592714866894,-8.51335040468132
25.7925,-6.31632092096735,-2.58745823356155,-8.54900224133706
25.795,-6.32141537882056,-2.54159699830946,-8.53881600229256
25.7975,-6.32650983667377,-2.51102284147473,-8.55918848038156
25.8,-6.33160429452698,-2.06260187456535,-8.34527746044708
25.8025,-6.3417932102334,-2.05750618175956,-8.52353664372582
25.805,-6.34688766808662,-2.46006591341684,-8.52862976324807
25.8075,-6.35198212593983,-2.09827172420586,-8.35037057996933
25.81,-6.33669875238019,-2.07788895298271,-8.35037057996933
25.8125,-6.33669875238019,-1.97597509686694,-8.35037057996933
25.815,-6.3417932102334,-1.93520955442063,-8.39111553614733
25.8175,-6.35198212593983,-2.47025729902842,-8.63049215369306
25.82,-6.37745441520588,-2.48044868463999,-8.59993343655956
25.8225,-6.42330453588477,-1.85367846952802,-8.60502655608181
25.825,-6.39783224661872,-1.83329569830487,-8.59993343655956
25.8275,-6.40292670447193,-1.81291292708171,-0.10461007344729
25.83,-6.42839899373798,-1.81291292708171,-8.52862976324807
25.8325,-6.40292670447193,-1.79762584866435,-8.54390912181481
25.835,-6.40292670447193,-1.80781723427592,-8.46241920945882
25.8375,-6.40802116232514,-1.79762584866435,-8.42676737280307
25.84,-6.43858790944441,-1.79253015585856,-8.42167425328083
25.8425,-6.42839899373798,-1.77724307744119,-8.42676737280307
25.845,-6.40292670447193,-1.76705169182962,-8.42676737280307
25.8475,-6.50991031938935,-1.75176461341225,-8.43186049232532
25.85,-6.51500477724256,-1.74157322780068,-8.42676737280307
25.8525,-6.43858790944441,-1.74157322780068,-8.51844352420357
25.855,-6.43858790944441,-1.73647753499489,-8.50316416563682
25.8575,-6.44368236729762,-1.73647753499489,-8.51844352420357
25.86,-6.44877682515083,-1.74157322780068,-8.57446783894831
25.8625,-6.45387128300404,-1.75176461341225,-8.56937471942606
25.865,-6.45896574085725,-1.7721473846354,-8.50825728515907
25.8675,-6.46406019871046,-1.75176461341225,-8.52353664372582
25.87,-6.46406019871046,-1.75176461341225,-8.54390912181481
25.8725,-6.46406019871046,-1.78233877024698,-8.55409536085931
25.875,-6.46406019871046,-1.78743446305277,-8.53881600229256
25.8775,-6.46915465656367,-1.79253015585856,-8.50825728515907
25.88,-6.47934357227009,-1.79762584866435,-8.51844352420357
25.8825,-6.4844380301233,-1.80272154147014,-8.52862976324807
25.885,-6.48953248797651,-1.79253015585856,-8.53372288277031
25.8875,-6.52519369294899,-1.78743446305277,-8.58974719751506
25.89,-6.50481586153614,-1.82310431269329,-8.54900224133706
25.8925,-6.50991031938935,-1.85367846952802,-8.54390912181481
25.895,-6.55066598221504,-1.82310431269329,-8.59993343655956
25.8975,-6.52519369294899,-1.85367846952802,-8.67123710987105
25.9,-6.52519369294899,-1.82820000549908,-8.6661439903488
25.9025,-6.52519369294899,-1.85877416233381,-8.63558527321531
25.905,-6.55576044006825,-1.85877416233381,-8.6661439903488
25.9075,-6.52519369294899,-1.86896554794538,-8.68142334891555
25.91,-6.53538260865541,-1.92501816880906,-8.40130177519183
25.9125,-6.54047706650862,-1.87406124075117,-8.40639489471408
25.915,-6.54557152436183,-1.97087940406115,-8.41658113375857
25.9175,-6.54557152436183,-1.88425262636275,-8.42167425328083
25.92,-6.55066598221504,-1.88934831916854,-8.6661439903488
25.9225,-6.54557152436183,-1.88934831916854,-8.59993343655956
25.925,-6.55066598221504,-1.94030524722642,-8.43695361184757
25.9275,-6.55066598221504,-1.9963578680901,-8.44204673136982
25.93,-6.54047706650862,-1.90973109039169,-8.45223297041432
25.9325,-6.5812327293343,-1.91992247600327,-8.7272614246158
25.935,-6.56594935577467,-1.99126217528431,-8.6763302293933
25.9375,-6.53538260865541,-1.97087940406115,-8.46241920945882
25.94,-6.53538260865541,-1.94540094003221,-8.59484031703731
25.9425,-6.52009923509578,-1.95559232564379,-8.58974719751506
25.945,-6.51500477724256,-1.98616648247852,-8.47260544850332
25.9475,-6.50991031938935,-1.95559232564379,-8.47769856802557
25.95,-6.50481586153614,-1.97087940406115,-8.45223297041432
25.9525,-6.49462694582972,-2.00145356089588,-8.48788480707007
25.955,-6.47934357227009,-2.00654925370167,-8.71198206604905
25.9575,-6.47934357227009,-2.02693202492483,-8.59484031703731
25.96,-6.46915465656367,-2.20528127312742,-8.59993343655956
25.9625,-6.4844380301233,-2.05750618175956,-8.53372288277031
25.965,-6.44368236729762,-2.05241048895377,-8.48788480707007
25.9675,-6.42839899373798,-2.04221910334219,-8.46241920945882
25.97,-6.40802116232514,-2.09317603140008,-8.50316416563682
25.9725,-6.39783224661872,-2.07788895298271,-8.46751232898107
25.975,-6.3876433309123,-2.09827172420586,-8.49297792659232
25.9775,-6.37235995735267,-2.11355880262323,-8.49807104611457
25.98,-6.35707658379304,-2.12884588104059,-8.51844352420357
25.9825,-6.37235995735267,-2.16451573068111,-8.52353664372582
25.985,-6.36217104164625,-2.215472658739,-8.53881600229256
25.9875,-6.33669875238019,-2.19508988751584,-8.78328573936054
25.99,-6.32650983667377,-2.26133389399109,-8.77819261983829
25.9925,-6.31632092096735,-2.27152527960267,-8.54390912181481
25.995,-6.33669875238019,-2.29700374363161,-8.51844352420357
25.9975,-6.33160429452698,-2.31738651485477,-8.51844352420357
26,-6.32141537882056,-2.34286497888371,-8.52862976324807
26.0025,-6.33669875238019,-2.36324775010686,-8.49297792659232
26.005,-6.30613200526093,-2.36324775010686,-8.49807104611457
26.0075,-6.27047080028846,-2.3887262141358,-8.51335040468132
26.01,-6.31122646311414,-2.43968314219369,-8.51335040468132
26.0125,-6.27556525814167,-2.48044868463999,-8.54900224133706
26.015,-6.2449985110224,-2.5212142270863,-8.53881600229256
26.0175,-6.21443176390314,-2.55178838392103,-8.57956095847056
26.02,-6.20933730604993,-2.57726684794997,-8.53372288277031
26.0225,-6.1940539324903,-2.54159699830946,-8.61521279512631
26.025,-6.20933730604993,-2.60274531197892,-8.53372288277031
26.0275,-6.20424284819672,-2.62312808320207,-8.53372288277031
26.03,-6.1940539324903,-2.62312808320207,-8.52862976324807
26.0325,-6.18386501678388,-2.61293669759049,-8.56428159990381
26.035,-6.21952622175635,-2.64351085442522,-8.55918848038156
26.0375,-6.15329826966461,-2.64860654723101,-8.61011967560406
26.04,-6.14310935395819,-2.6537022400368,-8.55918848038156
26.0425,-6.13292043825177,-2.63331946881365,-8.64577151225981
26.045,-6.0972592332793,-2.6537022400368,-8.59993343655956
26.0475,-6.10744814898572,-2.66389362564838,-8.69160958796005
26.05,-6.10235369113251,-2.63841516161944,-8.58465407799281
26.0525,-6.0972592332793,-2.67408501125995,-8.65086463178205
26.055,-6.08707031757288,-2.66898931845417,-8.63049215369306
26.0575,-6.08707031757288,-2.65879793284259,-8.66105087082655
26.06,-6.05650357045361,-2.6537022400368,-8.60502655608181
26.0625,-6.07688140186645,-2.62312808320207,-8.65086463178205
26.065,-6.0514091126004,-2.58745823356155,-8.67123710987105
26.0675,-6.06159802830682,-2.33776928607792,-8.65086463178205
26.07,-6.05650357045361,-2.33267359327213,-8.69160958796005
26.0725,-6.0514091126004,-2.56197976953261,-8.68142334891555
26.075,-6.0514091126004,-2.3479606716895,-8.69160958796005
26.0775,-6.0514091126004,-2.34286497888371,-8.71198206604905
26.08,-6.04631465474719,-2.37853482852423,-8.73235454413805
26.0825,-6.02593682333435,-2.30719512924319,-8.7068889465268
26.085,-6.04631465474719,-2.33776928607792,-8.71198206604905
26.0875,-6.04631465474719,-2.29700374363161,-8.71198206604905
26.09,-6.04631465474719,-2.32757790046634,-0.114796312491791
26.0925,-6.04631465474719,-2.29700374363161,-8.6967027074823
26.095,-6.06669248616003,-2.29700374363161,-8.73235454413805
26.0975,-6.06669248616003,-2.26642958679688,-8.55918848038156
26.1,-6.05650357045361,-2.27152527960267,-8.58465407799281
26.1025,-6.06159802830682,-2.29700374363161,-8.64067839273756
26.105,-6.06159802830682,-2.27662097240846,-8.61521279512631
26.1075,-6.06669248616003,-2.28171666521425,-8.63049215369306
26.11,-6.06669248616003,-2.30719512924319,-8.62539903417081
26.1125,-6.07688140186645,-2.31738651485477,-8.66105087082655
26.115,-6.07178694401324,-2.3479606716895,-8.65086463178205
26.1175,-6.07688140186645,-2.49064007025157,-8.6763302293933
26.12,-6.08197585971966,-2.43968314219369,-8.59993343655956
26.1225,-6.08197585971966,-2.46516160622263,-8.59993343655956
26.125,-6.10744814898572,-2.46006591341684,-8.69160958796005
26.1275,-6.10744814898572,-2.43968314219369,-8.6865164684378
26.13,-6.10744814898572,-2.43968314219369,-8.61011967560406
26.1325,-6.10744814898572,-2.46516160622263,-8.62539903417081
26.135,-6.10235369113251,-2.45497022061105,-8.6967027074823
26.1375,-6.10744814898572,-2.43968314219369,-8.64067839273756
26.14,-6.10235369113251,-2.46006591341684,-8.61521279512631
26.1425,-6.10235369113251,-2.40401329255317,-8.64067839273756
26.145,-6.10235369113251,-2.40401329255317,-8.69160958796005
26.1475,-6.10235369113251,-2.39891759974738,-8.64067839273756
26.15,-6.10235369113251,-2.31738651485477,-8.7170751855713
26.1525,-6.11254260683893,-2.40401329255317,-8.63049215369306
26.155,-6.11254260683893,-2.40401329255317,-8.63558527321531
26.1575,-6.11254260683893,-2.36834344291265,-8.63558527321531
26.16,-6.11763706469214,-2.40910898535896,-8.63049215369306
26.1625,-6.11763706469214,-2.35815205730107,-8.63558527321531
26.165,-6.12273152254535,-2.32757790046634,-8.64067839273756
26.1675,-6.12782598039856,-2.30719512924319,-8.6661439903488
26.17,-6.12273152254535,-2.27662097240846,-8.61521279512631
26.1725,-6.12273152254535,-2.26642958679688,-8.6559577513043
26.175,-6.12782598039856,-2.33776928607792,-8.59993343655956
26.1775,-6.12273152254535,-2.32757790046634,-8.63049215369306
26.18,-6.12273152254535,-2.3020994364374,-8.57956095847056
26.1825,-6.12273152254535,-2.29700374363161,-8.56937471942606
26.185,-6.12782598039856,-2.27662097240846,-8.67123710987105
26.1875,-6.12782598039856,-2.32248220766055,-8.67123710987105
26.19,-6.13292043825177,-2.28681235802003,-8.73235454413805
26.1925,-6.13292043825177,-2.28681235802003,-8.77819261983829
26.195,-6.13292043825177,-2.30719512924319,-8.77309950031604
26.1975,-6.13801489610498,-2.31738651485477,-8.69160958796005
26.2,-6.13801489610498,-2.29700374363161,-8.67123710987105
26.2025,-6.14310935395819,-2.29700374363161,-8.65086463178205
26.205,-6.14310935395819,-2.29700374363161,-8.7068889465268
26.2075,-6.14310935395819,-2.29700374363161,-8.51844352420357
26.21,-6.13801489610498,-2.29700374363161,-8.58974719751506
26.2125,-6.17367610107746,-2.29190805082582,-8.58974719751506
26.215,-6.17367610107746,-2.31229082204898,-8.66105087082655
26.2175,-6.16858164322425,-2.31738651485477,-8.50316416563682
26.22,-6.17367610107746,-2.31229082204898,-8.62030591464856
26.2225,-6.17877055893067,-2.27662097240846,-8.59484031703731
26.225,-6.17367610107746,-2.28171666521425,-8.63049215369306
26.2275,-6.17367610107746,-2.3020994364374,-8.49297792659232
26.23,-6.17367610107746,-2.27662097240846,-8.55918848038156
26.2325,-6.17877055893067,-2.28171666521425,-8.59484031703731
26.235,-6.15839272751782,-2.28171666521425,-8.57956095847056
26.2375,-6.15839272751782,-2.28171666521425,-8.56937471942606
26.24,-6.16348718537103,-2.28681235802003,-8.56428159990381
26.2425,-6.16858164322425,-2.29190805082582,-8.54390912181481
26.245,-6.16858164322425,-2.3020994364374,-8.54900224133706
26.2475,-6.15839272751782,-2.33267359327213,-8.55409536085931
26.25,-6.15329826966461,-2.31229082204898,-8.56428159990381
26.2525,-6.1940539324903,-2.31229082204898,-8.55409536085931
26.255,-6.1940539324903,-2.31229082204898,-8.56937471942606
26.2575,-6.12273152254535,-2.31738651485477,-8.48788480707007
26.26,-6.11763706469214,-2.36834344291265,-8.47769856802557
26.2625,-6.11254260683893,-2.37343913571844,-8.50825728515907
26.265,-6.0972592332793,-2.37853482852423,-8.59993343655956
26.2675,-6.10235369113251,-2.25114250837952,-8.50316416563682
26.27,-6.11763706469214,-2.23585542996215,-8.58974719751506
26.2725,-6.07688140186645,-2.24095112276794,-8.59484031703731
26.275,-6.07688140186645,-2.34286497888371,-8.63049215369306
26.2775,-6.07688140186645,-2.18999419471005,-8.52353664372582
26.28,-6.07178694401324,-2.18489850190427,-8.72216830509355
26.2825,-6.10235369113251,-2.39891759974738,-8.72216830509355
26.285,-6.08197585971966,-2.215472658739,-8.52862976324807
26.2875,-6.10235369113251,-2.18999419471005,-8.51335040468132
26.29,-6.12782598039856,-2.17470711629269,-8.51844352420357
26.2925,-6.06669248616003,-2.16451573068111,-8.50316416563682
26.295,-6.03612573904077,-2.13903726665217,-8.53372288277031
26.2975,-6.06159802830682,-2.1237501882348,-8.53372288277031
26.3,-6.03612573904077,-2.1237501882348,-8.56937471942606
26.3025,-6.04122019689398,-2.11355880262323,-8.59484031703731
26.305,-6.04122019689398,-2.11865449542902,-8.58465407799281
26.3075,-6.04122019689398,-2.10846310981744,-8.55918848038156
26.31,-6.04631465474719,-2.07788895298271,-8.56428159990381
26.3125,-6.04631465474719,-2.06769756737113,-8.56428159990381
26.315,-6.04631465474719,-2.07788895298271,-8.45732608993657
26.3175,-6.04631465474719,-2.09317603140008,-8.46241920945882
26.32,-6.04631465474719,-2.07788895298271,-8.43186049232532
26.3225,-6.04631465474719,-2.05750618175956,-8.51844352420357
26.325,-6.04631465474719,-2.10336741701165,-8.47769856802557
26.3275,-6.04631465474719,-2.0371234105364,-8.43695361184757
26.33,-6.06669248616003,-2.05750618175956,-8.43186049232532
26.3325,-6.0514091126004,-2.04221910334219,-8.54900224133706
26.335,-6.0514091126004,-2.00145356089588,-8.43695361184757
26.3375,-6.05650357045361,-2.0371234105364,-8.40639489471408
26.34,-6.06669248616003,-1.97597509686694,-8.49807104611457
26.3425,-6.07178694401324,-1.94030524722642,-8.57446783894831
26.345,-6.07688140186645,-2.06769756737113,-8.52862976324807
26.3475,-6.08197585971966,-1.99126217528431,-8.70179582700455
26.35,-6.10744814898572,-2.00654925370167,-8.54900224133706
26.3525,-6.0972592332793,-1.88934831916854,-8.54900224133706
26.355,-6.13292043825177,-1.94540094003221,-8.50825728515907
26.3575,-6.11254260683893,-1.94030524722642,-8.48788480707007
26.36,-6.11254260683893,-1.87915693355696,-8.48788480707007
26.3625,-6.11763706469214,-1.89444401197433,-8.48279168754782
26.365,-6.12273152254535,-1.97087940406115,-8.51844352420357
26.3675,-6.17367610107746,-1.94540094003221,-8.52353664372582
26.37,-6.17877055893067,-1.94030524722642,-8.52353664372582
26.3725,-6.18386501678388,-1.91482678319748,-8.55918848038156
26.375,-6.18895947463709,-1.9046353975859,-8.56937471942606
26.3775,-6.18895947463709,-1.96578371125536,-8.48788480707007
26.38,-6.1940539324903,-1.87406124075117,-8.49807104611457
26.3825,-6.19914839034351,-1.91992247600327,-8.50825728515907
26.385,-6.19914839034351,-1.9963578680901,-8.52862976324807
26.3875,-6.20424284819672,-1.89953970478012,-8.50825728515907
26.39,-6.21443176390314,-1.97087940406115,-8.51844352420357
26.3925,-6.21443176390314,-1.98107078967273,-8.61521279512631
26.395,-6.22971513746277,-1.95559232564379,-8.63558527321531
26.3975,-6.22971513746277,-2.0371234105364,-8.48788480707007
26.4,-6.22971513746277,-1.94540094003221,-8.49297792659232
26.4025,-6.22971513746277,-1.99126217528431,-8.49807104611457
26.405,-6.22971513746277,-1.98616648247852,-8.49807104611457
26.4075,-6.23990405316919,-1.98107078967273,-8.51844352420357
26.41,-6.23480959531598,-2.01674063931325,-8.51844352420357
26.4125,-6.23480959531598,-2.0371234105364,-8.48279168754782
26.415,-6.23990405316919,-2.03202771773061,-8.54900224133706
26.4175,-6.2449985110224,-2.09317603140008,-8.54390912181481
26.42,-6.25518742672882,-2.09827172420586,-8.54390912181481
26.4225,-6.25009296887561,-2.0829846457885,-8.54900224133706
26.425,-6.25518742672882,-2.27662097240846,-8.53372288277031
26.4275,-6.26537634243525,-2.31738651485477,-8.53881600229256
26.43,-6.26537634243525,-2.06769756737113,-8.54900224133706
26.4325,-6.27047080028846,-2.3479606716895,-8.57446783894831
26.435,-6.27047080028846,-2.09317603140008,-8.65086463178205
26.4375,-6.27047080028846,-2.09827172420586,-8.51844352420357
26.44,-6.27556525814167,-2.10846310981744,-8.52862976324807
26.4425,-6.27556525814167,-2.09827172420586,-8.6661439903488
26.445,-6.28065971599488,-2.11355880262323,-8.67123710987105
26.4475,-6.2908486317013,-2.16451573068111,-8.54900224133706
26.45,-6.2908486317013,-2.17470711629269,-8.52353664372582
26.4525,-6.2908486317013,-2.17980280909848,-8.52862976324807
26.455,-6.29594308955451,-2.17980280909848,-8.57446783894831
26.4575,-6.30103754740772,-2.17980280909848,-8.59993343655956
26.46,-6.30613200526093,-2.215472658739,-8.57446783894831
26.4625,-6.31122646311414,-2.215472658739,-8.55918848038156
26.465,-6.31122646311414,-2.23585542996215,-8.54900224133706
26.4675,-6.31122646311414,-2.23585542996215,-8.55409536085931
26.47,-6.31122646311414,-2.2562382011853,-8.61521279512631
26.4725,-6.31122646311414,-2.28681235802003,-8.52862976324807
26.475,-6.31122646311414,-2.28171666521425,-8.52862976324807
26.4775,-6.31632092096735,-2.28171666521425,-8.60502655608181
26.48,-6.31122646311414,-0.0956644515310163,-8.53372288277031
26.4825,-6.3417932102334,-2.39891759974738,-8.64067839273756
26.485,-6.36726549949946,-2.54159699830946,-8.6763302293933
26.4875,-6.31122646311414,-2.39891759974738,-8.6865164684378
26.49,-6.31632092096735,-2.4345874493879,-8.52862976324807
26.4925,-6.31632092096735,-2.42439606377632,-8.53372288277031
26.495,-6.31632092096735,-2.4345874493879,-8.53881600229256
26.4975,-6.31632092096735,-2.45497022061105,-8.55918848038156
26.5,-6.32141537882056,-2.58236254075576,-8.54390912181481
26.5025,-6.31632092096735,-2.48044868463999,-8.55409536085931
26.505,-6.32141537882056,-2.54159699830946,-8.58465407799281
26.5075,-6.32141537882056,-2.53650130550367,-8.56428159990381
26.51,-6.32141537882056,-2.50592714866894,-8.57956095847056
26.5125,-6.32141537882056,-2.53140561269788,-8.59993343655956
26.515,-6.32650983667377,-2.5670754623384,-8.6559577513043
26.5175,-6.32650983667377,-2.5670754623384,-8.55918848038156
26.52,-6.33160429452698,-2.56197976953261,-8.58974719751506
26.5225,-6.33669875238019,-2.57217115514419,-8.62539903417081
26.525,-6.33669875238019,-2.5670754623384,-8.77819261983829
26.5275,-6.3417932102334,-2.55178838392103,-8.64067839273756
26.53,-6.34688766808662,-2.6078410047847,-8.64577151225981
26.5325,-6.35198212593983,-2.57726684794997,-8.60502655608181
26.535,-6.35707658379304,-2.58236254075576,-8.57956095847056
26.5375,-6.35707658379304,-2.61293669759049,-8.57956095847056
26.54,-6.36217104164625,-2.5212142270863,-8.6661439903488
26.5425,-6.35707658379304,-2.5670754623384,-8.61521279512631
26.545,-6.35707658379304,-2.5212142270863,-8.58974719751506
26.5475,-6.35198212593983,-2.51611853428051,-8.60502655608181
26.55,-6.35198212593983,-2.51102284147473,-8.58465407799281
26.5525,-6.35198212593983,-2.51102284147473,-8.58974719751506
26.555,-6.35198212593983,-2.64351085442522,-8.60502655608181
26.5575,-6.35198212593983,-2.53140561269788,-8.61011967560406
26.56,-6.35198212593983,-2.52630991989209,-8.76800638079379
26.5625,-6.34688766808662,-2.57217115514419,-8.63049215369306
26.565,-6.3417932102334,-2.51611853428051,-8.64577151225981
26.5675,-6.33669875238019,-2.50592714866894,-8.65086463178205
26.57,-6.33160429452698,-2.51102284147473,-8.65086463178205
26.5725,-6.35198212593983,-2.51102284147473,-8.65086463178205
26.575,-6.30103754740772,-2.5212142270863,-8.59484031703731
26.5775,-6.29594308955451,-2.53140561269788,-8.6865164684378
26.58,-6.2908486317013,-2.54159699830946,-8.69160958796005
26.5825,-6.28065971599488,-2.58745823356155,-8.69160958796005
26.585,-6.27556525814167,-2.56197976953261,-8.7476339027048
26.5875,-6.26537634243525,-2.57217115514419,-8.58974719751506
26.59,-6.25518742672882,-2.57217115514419,-8.72216830509355
26.5925,-6.25009296887561,-2.79128594579309,-8.64067839273756
26.595,-6.23990405316919,-2.81676440982203,-8.65086463178205
26.5975,-6.22971513746277,-2.79638163859888,-8.59993343655956
26.6,-6.22462067960956,-2.70465916809469,-8.59993343655956
26.6025,-6.21443176390314,-2.76071178895836,-8.60502655608181
26.605,-6.20424284819672,-2.78109456018151,-8.62030591464856
26.6075,-6.19914839034351,-2.79638163859888,-8.64067839273756
26.61,-6.22462067960956,-2.72504193931784,-8.62539903417081
26.6125,-6.18386501678388,-2.75052040334678,-8.55918848038156
26.615,-6.17367610107746,-2.76071178895836,-8.61011967560406
26.6175,-6.16858164322425,-2.69446778248311,-8.61521279512631
26.62,-6.17877055893067,-2.70465916809469,-8.63558527321531
26.6225,-6.17367610107746,-2.67918070406574,-8.60502655608181
26.625,-6.13292043825177,-2.69446778248311,-8.63558527321531
26.6275,-6.12273152254535,-2.68937208967732,-8.64577151225981
26.63,-6.11254260683893,-2.67408501125995,-8.63558527321531
26.6325,-6.10744814898572,-2.74542471054099,-8.61521279512631
26.635,-6.12782598039856,-2.70975486090047,-8.63049215369306
26.6375,-6.12273152254535,-2.64351085442522,-8.6661439903488
26.64,-6.17367610107746,-2.62312808320207,-8.63558527321531
26.6425,-6.07688140186645,-2.59764961917313,-8.62539903417081
26.645,-6.07688140186645,-2.5670754623384,-8.63049215369306
26.6475,-6.07178694401324,-2.55688407672682,-8.6559577513043
26.65,-6.0514091126004,-2.54669269111524,-8.65086463178205
26.6525,-6.07688140186645,-2.51611853428051,-8.63049215369306
26.655,-6.0514091126004,-2.5212142270863,-8.6865164684378
26.6575,-6.0514091126004,-2.48044868463999,-8.62030591464856
26.66,-6.07178694401324,-2.4345874493879,-8.63049215369306
26.6625,-6.04631465474719,-2.3887262141358,-8.59993343655956
26.665,-6.04631465474719,-2.20018558032163,-8.57446783894831
26.6675,-6.04631465474719,-2.40910898535896,-8.57956095847056
26.67,-6.09216477542609,-2.17470711629269,-8.59993343655956
26.6725,-6.10744814898572,-2.13394157384638,-8.59993343655956
26.675,-6.10744814898572,-2.11355880262323,-8.61011967560406
26.6775,-6.08707031757288,-2.10336741701165,-0.10461007344729
26.68,-6.09216477542609,-2.05750618175956,-0.0995169539250416
26.6825,-6.10235369113251,-2.07788895298271,-0.0995169539250416
26.685,-6.11254260683893,-2.0371234105364,-0.0995169539250416
26.6875,-6.12782598039856,-2.09827172420586,-8.58974719751506
26.69,-6.13292043825177,-2.09827172420586,-8.56428159990381
26.6925,-6.14310935395819,-2.10846310981744,-8.56937471942606
26.695,-6.15329826966461,-2.00145356089588,-8.63558527321531
26.6975,-6.16348718537103,-2.00145356089588,-8.7068889465268
26.7,-6.1940539324903,-2.03202771773061,-8.62030591464856
26.7025,-6.18895947463709,-2.16451573068111,-8.62030591464856
26.705,-6.1940539324903,-2.19508988751584,-8.56428159990381
26.7075,-6.21443176390314,-2.2562382011853,-8.62539903417081
26.71,-6.22462067960956,-2.25114250837952,-8.57446783894831
26.7125,-6.23480959531598,-2.24095112276794,-8.57446783894831
26.715,-6.25009296887561,-2.23075973715636,-8.58974719751506
26.7175,-6.26028188458204,-2.22056835154479,-8.54390912181481
26.72,-6.26028188458204,-2.20528127312742,-8.56428159990381
26.7225,-6.26028188458204,-2.20018558032163,-8.63049215369306
26.725,-6.27047080028846,-2.19508988751584,-8.67123710987105
26.7275,-6.27556525814167,-2.20018558032163,-8.62539903417081
26.73,-6.27556525814167,-2.215472658739,-8.63049215369306
26.7325,-6.28065971599488,-2.24095112276794,-8.71198206604905
26.735,-6.28065971599488,-2.24604681557373,-8.68142334891555
26.7375,-6.28575417384809,-2.24604681557373,-8.53881600229256
26.74,-6.28575417384809,-2.26642958679688,-8.60502655608181
26.7425,-6.2908486317013,-2.26642958679688,-8.74254078318255
26.745,-6.2908486317013,-2.26642958679688,-8.55918848038156
26.7475,-6.29594308955451,-2.29190805082582,-8.7374476636603
26.75,-6.2908486317013,-2.27152527960267,-8.56428159990381
26.7525,-6.28575417384809,-2.23585542996215,-8.56428159990381
26.755,-6.28575417384809,-2.31738651485477,-8.61011967560406
26.7575,-6.27556525814167,-2.27662097240846,-8.62030591464856
26.76,-6.27047080028846,-2.25114250837952,-8.62539903417081
26.7625,-6.25518742672882,-2.26133389399109,-8.60502655608181
26.765,-6.2449985110224,-2.3020994364374,-8.64067839273756
26.7675,-6.23480959531598,-2.28681235802003,-8.64577151225981
26.77,-6.21952622175635,-2.28171666521425,-8.54900224133706
26.7725,-6.20424284819672,-2.2562382011853,-8.68142334891555
26.775,-6.21443176390314,-2.27152527960267,-8.6661439903488
26.7775,-6.21443176390314,-2.25114250837952,-8.53372288277031
26.78,-6.1482038118114,-2.24604681557373,-8.54900224133706
26.7825,-6.13292043825177,-2.215472658739,-8.74254078318255
26.785,-6.13292043825177,-2.20528127312742,-8.7578201417493
26.7875,-6.09216477542609,-2.18999419471005,-8.59484031703731
26.79,-6.08197585971966,-2.19508988751584,-8.58974719751506
26.7925,-6.06669248616003,-2.17980280909848,-8.61011967560406
26.795,-6.0514091126004,-2.20018558032163,-8.56428159990381
26.7975,-6.04122019689398,-2.19508988751584,-8.61011967560406
26.8,-6.02593682333435,-2.18999419471005,-8.63558527321531
26.8025,-6.02084236548114,-2.18999419471005,-8.57956095847056
26.805,-6.0004645340683,-2.16451573068111,-8.62030591464856
26.8075,-5.99537007621508,-2.13394157384638,-8.52862976324807
26.81,-5.98518116050866,-2.18999419471005,-8.52862976324807
26.8125,-5.96989778694903,-2.19508988751584,-8.62539903417081
26.815,-5.96480332909582,-2.1237501882348,-8.63049215369306
26.8175,-5.9546144133894,-2.77599886737572,-8.67123710987105
26.82,-5.94951995553619,-2.1696114234869,-8.6661439903488
26.8225,-5.94442549768298,-2.69446778248311,-8.64577151225981
26.825,-5.93423658197656,-2.71485055370626,-8.6559577513043
26.8275,-5.92914212412335,-2.70975486090047,-8.69160958796005
26.83,-5.94951995553619,-2.7403290177352,-8.56428159990381
26.8325,-5.92404766627014,-2.70465916809469,-8.55918848038156
26.835,-5.91385875056371,-2.70465916809469,-8.57956095847056
26.8375,-5.9087642927105,-2.54669269111524,-8.58465407799281
26.84,-5.9087642927105,-2.28171666521425,-8.55918848038156
26.8425,-5.86291417203161,-2.28171666521425,-8.67123710987105
26.845,-5.84763079847198,-2.29190805082582,-8.56428159990381
26.8475,-5.84253634061877,-2.24604681557373,-8.55918848038156
26.85,-5.83744188276556,-2.16451573068111,-8.56937471942606
26.8525,-5.84763079847198,-2.14922865226375,-8.57956095847056
26.855,-5.84763079847198,-2.13394157384638,-8.59993343655956
26.8575,-5.84253634061877,-2.1237501882348,-8.59993343655956
26.86,-5.83234742491235,-2.1237501882348,-8.59484031703731
26.8625,-5.83744188276556,-2.11865449542902,-8.58974719751506
26.865,-5.83234742491235,-2.11865449542902,-8.54390912181481
26.8675,-5.80687513564629,-2.11355880262323,-8.58465407799281
26.87,-5.82725296705913,-2.11865449542902,-8.61011967560406
26.8725,-5.80178067779308,-2.19508988751584,-8.55918848038156
26.875,-5.82725296705913,-2.20018558032163,-8.56428159990381
26.8775,-5.82725296705913,-2.20528127312742,-8.60502655608181
26.88,-5.82725296705913,-2.215472658739,-8.55409536085931
26.8825,-5.82725296705913,-2.215472658739,-8.56937471942606
26.885,-5.83744188276556,-2.27662097240846,-8.58465407799281
26.8875,-5.82215850920592,-2.35815205730107,-8.55409536085931
26.89,-5.85272525632519,-2.32248220766055,-8.53372288277031
26.8925,-5.8578197141784,-2.27152527960267,-8.54900224133706
26.895,-5.84763079847198,-2.31738651485477,-8.54900224133706
26.8975,-5.85272525632519,-2.31738651485477,-8.51844352420357
26.9,-5.88329200344445,-2.32248220766055,-8.51844352420357
26.9025,-5.88329200344445,-2.31738651485477,-8.50316416563682
26.905,-6.04631465474719,-2.33776928607792,-8.49807104611457
26.9075,-6.02593682333435,-2.33267359327213,-8.59993343655956
26.91,-6.0004645340683,-2.23585542996215,-8.6661439903488
26.9125,-6.02593682333435,-2.21037696593321,-8.48279168754782
26.915,-6.02593682333435,-2.23075973715636,-8.64577151225981
26.9175,-6.02593682333435,-2.23075973715636,-8.53372288277031
26.92,-6.02593682333435,-2.22056835154479,-8.65086463178205
26.9225,-5.99537007621508,-2.19508988751584,-8.54900224133706
26.925,-6.02084236548114,-2.215472658739,-8.50316416563682
26.9275,-6.0004645340683,-2.20018558032163,-8.49807104611457
26.93,-6.02593682333435,-2.17980280909848,-8.49807104611457
26.9325,-6.00555899192151,-2.20528127312742,-8.50825728515907
26.935,-6.01574790762793,-2.20528127312742,-8.6559577513043
26.9375,-6.02084236548114,-2.215472658739,-8.52862976324807
26.94,-6.02593682333435,-2.22056835154479,-8.56937471942606
26.9425,-6.03612573904077,-2.20018558032163,-8.51335040468132
26.945,-6.04122019689398,-2.21037696593321,-8.57446783894831
26.9475,-6.06669248616003,-2.18999419471005,-8.57956095847056
26.95,-6.07688140186645,-2.18489850190427,-8.55409536085931
26.9525,-6.05650357045361,-2.17980280909848,-8.51844352420357
26.955,-6.08707031757288,-2.16451573068111,-8.52862976324807
26.9575,-6.09216477542609,-2.17980280909848,-8.55918848038156
26.96,-6.10744814898572,-2.16451573068111,-8.52862976324807
26.9625,-6.11763706469214,-2.13394157384638,-8.57446783894831
26.965,-6.12782598039856,-2.13903726665217,-8.57956095847056
26.9675,-6.1482038118114,-2.13394157384638,-8.52862976324807
26.97,-6.15839272751782,-2.1237501882348,-8.53372288277031
26.9725,-6.16858164322425,-2.09827172420586,-8.51844352420357
26.975,-6.16858164322425,-2.11355880262323,-8.51844352420357
26.9775,-6.17877055893067,-2.0371234105364,-8.49807104611457
26.98,-6.17367610107746,-2.10846310981744,-8.52862976324807
26.9825,-6.23990405316919,-2.03202771773061,-8.61521279512631
26.985,-6.25518742672882,-2.00145356089588,-8.61521279512631
26.9875,-6.27047080028846,-2.00145356089588,-8.62539903417081
26.99,-6.27047080028846,-1.9963578680901,-0.114796312491791
26.9925,-6.28575417384809,-2.02693202492483,-8.47769856802557
26.995,-6.30613200526093,-1.96068801844958,-8.71198206604905
26.9975,-6.30103754740772,-1.98616648247852,-8.71198206604905
27,-6.33669875238019,-1.950496632838,-8.7068889465268
27.0025,-6.34688766808662,-1.950496632838,-0.114796312491791
27.005,-6.35707658379304,-1.96068801844958,-0.10461007344729
27.0075,-6.37235995735267,-1.96068801844958,-0.0995169539250416
27.01,-6.38254887305909,-1.93520955442063,-8.53372288277031
27.0125,-6.38254887305909,-1.950496632838,-8.52353664372582
27.015,-6.39273778876551,-1.950496632838,-8.54390912181481
27.0175,-6.39273778876551,-2.10846310981744,-8.53372288277031
27.02,-6.40292670447193,-1.97597509686694,-8.53372288277031
27.0225,-6.41311562017835,-1.950496632838,-8.52862976324807
27.025,-6.41821007803156,-1.98107078967273,-8.56428159990381
27.0275,-6.42330453588477,-1.98107078967273,-8.49807104611457
27.03,-6.43858790944441,-2.00654925370167,-8.49297792659232
27.0325,-6.43858790944441,-1.99126217528431,-8.55918848038156
27.035,-6.44877682515083,-2.00145356089588,-8.53372288277031
27.0375,-6.45387128300404,-2.00654925370167,-8.55918848038156
27.04,-6.45896574085725,-2.01164494650746,-8.61011967560406
27.0425,-6.46915465656367,-2.04221910334219,-8.61521279512631
27.045,-6.46915465656367,-2.04221910334219,-8.61011967560406
27.0475,-6.46915465656367,-2.05241048895377,-8.51844352420357
27.05,-6.47424911441688,-2.06260187456535,-8.50825728515907
27.0525,-6.47424911441688,-2.07279326017692,-8.53881600229256
27.055,-6.46915465656367,-2.0829846457885,-8.59993343655956
27.0575,-6.47424911441688,-2.0829846457885,-8.54900224133706
27.06,-6.47424911441688,-2.09827172420586,-8.61521279512631
27.0625,-6.47424911441688,-2.09317603140008,-8.61011967560406
27.065,-6.47934357227009,-2.09317603140008,-8.48788480707007
27.0675,-6.46915465656367,-0.0956644515310163,-8.52862976324807
27.07,-6.47424911441688,-2.1696114234869,-8.50825728515907
27.0725,-6.46915465656367,-2.18489850190427,-8.53881600229256
27.075,-6.46915465656367,-2.36324775010686,-8.52862976324807
27.0775,-6.46406019871046,-2.31738651485477,-8.55409536085931
27.08,-6.46406019871046,-2.37343913571844,-8.45732608993657
27.0825,-6.45387128300404,-2.41930037097053,-8.49297792659232
27.085,-6.45387128300404,-2.42439606377632,-8.48788480707007
27.0875,-6.45387128300404,-2.39891759974738,-8.50825728515907
27.09,-6.42839899373798,-2.42439606377632,-8.48279168754782
27.0925,-6.44368236729762,-2.39891759974738,-8.50825728515907
27.095,-6.43858790944441,-2.39382190694159,-8.50316416563682
27.0975,-6.4334934515912,-2.39382190694159,-8.51844352420357
27.1,-6.4334934515912,-0.0956644515310163,-8.52862976324807
27.1025,-6.4334934515912,-2.40910898535896,-8.48788480707007
27.105,-6.42839899373798,-2.43968314219369,-8.48788480707007
27.1075,-6.42330453588477,-2.49064007025157,-8.48279168754782
27.11,-6.39783224661872,-2.51102284147473,-8.47260544850332
27.1125,-6.3876433309123,-2.48554437744578,-8.47769856802557
27.115,-6.38254887305909,-2.48044868463999,-8.55409536085931
27.1175,-6.33160429452698,-2.45497022061105,-8.46751232898107
27.12,-6.33160429452698,-2.51611853428051,-8.47769856802557
27.1225,-6.30613200526093,-2.48554437744578,-8.48788480707007
27.125,-6.30613200526093,-2.49064007025157,-8.57446783894831
27.1275,-6.27556525814167,-2.50592714866894,-8.50316416563682
27.13,-6.27047080028846,-2.50592714866894,-8.51844352420357
27.1325,-6.27047080028846,-2.50083145586315,-8.51844352420357
27.135,-6.26537634243525,-2.40910898535896,-8.49807104611457
27.1375,-6.26537634243525,-2.41420467816475,-8.48788480707007
27.14,-6.26537634243525,-2.36834344291265,-8.52353664372582
27.1425,-6.26537634243525,-2.34286497888371,-8.51844352420357
27.145,-6.26028188458204,-2.34286497888371,-8.52353664372582
27.1475,-6.26537634243525,-2.31738651485477,-0.186099985803283
27.15,-6.26537634243525,-2.31229082204898,-8.38092929710283
27.1525,-6.26028188458204,-2.31229082204898,-8.46241920945882
27.155,-6.26537634243525,-2.31738651485477,-8.45732608993657
27.1575,-6.26028188458204,-2.29700374363161,-8.45223297041432
27.16,-6.27047080028846,-2.24095112276794,-0.181006866281034
27.1625,-6.27556525814167,-2.2562382011853,-0.0995169539250416
27.165,-6.28575417384809,-2.24095112276794,-0.0995169539250416
27.1675,-6.28575417384809,-2.22566404435057,-0.10461007344729
27.17,-6.29594308955451,-2.23585542996215,-2.66135607361657
27.1725,-6.30613200526093,-2.14922865226375,-8.48279168754782
27.175,-6.31122646311414,-2.19508988751584,-8.45223297041432
27.1775,-6.31122646311414,-2.1696114234869,-8.46241920945882
27.18,-6.31632092096735,-2.18999419471005,-8.45732608993657
27.1825,-6.31632092096735,-2.06260187456535,-0.761622491817484
27.185,-6.32141537882056,-2.09827172420586,-8.43695361184757
27.1875,-6.31632092096735,-2.16451573068111,-8.48279168754782
27.19,-6.31632092096735,-2.15432434506954,-8.45732608993657
27.1925,-6.32141537882056,-2.13394157384638,-8.42676737280307
27.195,-6.32650983667377,-2.16451573068111,-8.43186049232532
27.1975,-6.33160429452698,-2.08808033859429,-8.43186049232532
27.2,-6.33669875238019,-2.13394157384638,-8.43695361184757
27.2025,-6.33160429452698,-1.8180086198875,-8.45223297041432
27.205,-6.33669875238019,-1.79253015585856,-8.44713985089207
27.2075,-6.3417932102334,-1.80781723427592,-8.45223297041432
27.21,-6.3417932102334,-1.78233877024698,-8.53881600229256
27.2125,-6.3417932102334,-1.77724307744119,-8.46751232898107
27.215,-6.34688766808662,-1.77724307744119,-8.52353664372582
27.2175,-6.34688766808662,-1.82820000549908,-8.46751232898107
27.22,-6.37235995735267,-1.76195599902383,-8.53881600229256
27.2225,-6.34688766808662,-1.83329569830487,-8.48788480707007
27.225,-6.36726549949946,-1.81291292708171,-8.57956095847056
27.2275,-6.36217104164625,-1.77724307744119,-8.48788480707007
27.23,-6.36217104164625,-1.79762584866435,-8.53372288277031
27.2325,-6.35198212593983,-1.82820000549908,-8.55918848038156
27.235,-6.3417932102334,-1.82820000549908,-8.53881600229256
27.2375,-6.33669875238019,-1.85367846952802,-8.54390912181481
27.24,-6.33669875238019,-1.84348708391644,-8.6661439903488
27.2425,-6.33160429452698,-1.84858277672223,-8.63049215369306
27.245,-6.32650983667377,-1.84858277672223,-8.53372288277031
27.2475,-6.34688766808662,-1.85877416233381,-8.53372288277031
27.25,-6.3417932102334,-1.83329569830487,-8.61521279512631
27.2525,-6.3417932102334,-1.950496632838,-8.47769856802557
27.255,-6.33669875238019,-1.93520955442063,-8.47769856802557
27.2575,-6.33160429452698,-2.01164494650746,-8.47769856802557
27.26,-6.37235995735267,-1.9046353975859,-8.73235454413805
27.2625,-6.32650983667377,-2.02693202492483,-8.48788480707007
27.265,-6.29594308955451,-2.02183633211904,-8.49297792659232
27.2675,-6.2908486317013,-2.02183633211904,-8.48788480707007
27.27,-6.28575417384809,-0.0956644515310163,-0.0995169539250416
27.2725,-6.28575417384809,-0.0956644515310163,-0.0995169539250416
27.275,-6.33160429452698,-2.04731479614798,-0.0995169539250416
27.2775,-6.2908486317013,-2.1237501882348,-0.0995169539250416
27.28,-6.28575417384809,-2.18999419471005,-8.51335040468132
27.2825,-6.2908486317013,-2.16451573068111,-8.50316416563682
27.285,-6.2908486317013,-2.215472658739,-8.49297792659232
27.2875,-6.28575417384809,-2.20018558032163,-8.50316416563682
27.29,-6.28575417384809,-2.21037696593321,-8.51335040468132
27.2925,-6.28575417384809,-2.18999419471005,-8.49297792659232
27.295,-0.0959878821972175,-2.15942003787532,-8.49807104611457
27.2975,-0.0959878821972175,-2.15942003787532,-8.52353664372582
27.3,-0.0959878821972175,-2.215472658739,-8.54900224133706
27.3025,-0.0959878821972175,-2.15432434506954,-8.55409536085931
27.305,-6.25009296887561,-2.13903726665217,-8.50825728515907
27.3075,-6.25009296887561,-2.13903726665217,-8.49807104611457
27.31,-6.25009296887561,-2.13903726665217,-8.53372288277031
27.3125,-6.25009296887561,-2.11865449542902,-8.57956095847056
27.315,-6.25518742672882,-2.12884588104059,-8.53372288277031
27.3175,-6.26028188458204,-2.10846310981744,-8.59993343655956
27.32,-6.26028188458204,-2.13394157384638,-8.53372288277031
27.3225,-6.26028188458204,-2.08808033859429,-8.52862976324807
27.325,-6.26028188458204,-2.09317603140008,-8.52353664372582
27.3275,-6.26028188458204,-2.11865449542902,-8.53881600229256
27.33,-6.26028188458204,-2.1237501882348,-8.57446783894831
27.3325,-6.26028188458204,-2.14922865226375,-8.55409536085931
27.335,-6.26028188458204,-2.12884588104059,-8.54900224133706
27.3375,-6.28575417384809,-2.1237501882348,-8.54900224133706
27.34,-6.28575417384809,-2.13903726665217,-8.54900224133706
27.3425,-6.30613200526093,-2.0829846457885,-8.47260544850332
27.345,-6.2908486317013,-2.13903726665217,-8.56937471942606
27.3475,-6.2908486317013,-2.14413295945796,-8.52862976324807
27.35,-6.29594308955451,-2.11355880262323,-8.57446783894831
27.3525,-6.29594308955451,-2.0371234105364,-8.61521279512631
27.355,-6.30103754740772,-2.03202771773061,-8.50316416563682
27.3575,-6.28065971599488,-2.0371234105364,-8.53881600229256
27.36,-6.31632092096735,-2.07788895298271,-8.58974719751506
27.3625,-6.31122646311414,-2.06769756737113,-8.50825728515907
27.365,-6.31122646311414,-2.09317603140008,-8.51844352420357
27.3675,-6.33160429452698,-2.06769756737113,-8.53372288277031
27.37,-6.33160429452698,-2.07279326017692,-8.52353664372582
27.3725,-6.32650983667377,-2.0829846457885,-8.55409536085931
27.375,-6.30103754740772,-2.24095112276794,-8.56428159990381
27.3775,-6.30613200526093,-2.09317603140008,-8.56937471942606
27.38,-6.30613200526093,-2.25114250837952,-8.55409536085931
27.3825,-6.31122646311414,-2.27662097240846,-8.56937471942606
27.385,-6.32650983667377,-2.31738651485477,-8.56937471942606
27.3875,-6.32141537882056,-2.20528127312742,-8.51844352420357
27.39,-6.31122646311414,-2.21037696593321,-8.54900224133706
27.3925,-6.31122646311414,-2.32757790046634,-8.62030591464856
27.395,-6.28065971599488,-2.24095112276794,-8.54390912181481
27.3975,-6.27556525814167,-2.36834344291265,-8.54900224133706
27.4,-6.26537634243525,-2.31229082204898,-8.49807104611457
27.4025,-6.25009296887561,-2.31229082204898,-8.49807104611457
27.405,-6.23990405316919,-2.30719512924319,-8.50825728515907
27.4075,-6.25518742672882,-2.32248220766055,-8.56937471942606
27.41,-6.2449985110224,-2.31229082204898,-8.52353664372582
27.4125,-6.21952622175635,-2.33267359327213,-8.52862976324807
27.415,-6.1940539324903,-2.31738651485477,-8.53881600229256
27.4175,-6.18386501678388,-2.40401329255317,-8.53881600229256
27.42,-6.17877055893067,-2.39382190694159,-8.54900224133706
27.4225,-6.17367610107746,-2.45497022061105,-8.54390912181481
27.425,-6.16858164322425,-2.41420467816475,-8.54390912181481
27.4275,-6.16348718537103,-2.41930037097053,-8.50825728515907
27.43,-6.15329826966461,-2.44477883499948,-8.53881600229256
27.4325,-6.14310935395819,-2.44987452780526,-8.54390912181481
27.435,-6.15839272751782,-2.42949175658211,-8.54900224133706
27.4375,-6.1482038118114,-2.46516160622263,-8.53372288277031
27.44,-6.14310935395819,-2.47535299183421,-8.53372288277031
27.4425,-6.11254260683893,-2.49064007025157,-8.54900224133706
27.445,-6.10744814898572,-2.50083145586315,-8.52862976324807
27.4475,-6.11254260683893,-2.48044868463999,-8.52353664372582
27.45,-6.11254260683893,-2.50083145586315,-8.52862976324807
27.4525,-6.10744814898572,-2.50592714866894,-8.58974719751506
27.455,-6.11254260683893,-2.50083145586315,-8.50316416563682
27.4575,-6.11254260683893,-2.49064007025157,-8.52862976324807
27.46,-6.11254260683893,-2.51102284147473,-8.48788480707007
27.4625,-6.11254260683893,-2.5670754623384,-8.48279168754782
27.465,-6.09216477542609,-2.57726684794997,-8.47769856802557
27.4675,-6.09216477542609,-2.71485055370626,-8.48279168754782
27.47,-6.08197585971966,-2.67918070406574,-8.61521279512631
27.4725,-6.07688140186645,-2.41930037097053,-8.59993343655956
27.475,-6.0514091126004,-2.40910898535896,-8.48788480707007
27.4775,-6.0514091126004,-2.50592714866894,-8.48788480707007
27.48,-6.0514091126004,-2.41420467816475,-8.51844352420357
27.4825,-6.04122019689398,-2.58745823356155,-8.60502655608181
27.485,-6.04122019689398,-2.60274531197892,-8.48788480707007
27.4875,-6.03103128118756,-2.60274531197892,-8.48279168754782
27.49,-6.02084236548114,-2.29190805082582,-8.48788480707007
27.4925,-6.01574790762793,-2.56197976953261,-8.51844352420357
27.495,-6.01574790762793,-2.2562382011853,-8.47260544850332
27.4975,-6.01065344977472,-2.58745823356155,-8.45223297041432
27.5,-6.0004645340683,-2.58745823356155,-8.45223297041432
27.5025,-6.0004645340683,-2.6537022400368,-8.49807104611457
27.505,-5.99027561836187,-2.64351085442522,-8.54900224133706
27.5075,-5.98518116050866,-2.63841516161944,-8.55409536085931
27.51,-5.99027561836187,-2.56197976953261,-8.52353664372582
27.5125,-5.99027561836187,-2.32248220766055,-8.45223297041432
27.515,-5.98518116050866,-2.61293669759049,-8.46241920945882
27.5175,-5.98008670265545,-2.28681235802003,-8.45732608993657
27.52,-5.98008670265545,-2.3020994364374,-8.45223297041432
27.5225,-5.98008670265545,-2.29190805082582,-0.10461007344729
27.525,-5.98008670265545,-2.2562382011853,-0.0995169539250416
27.5275,-5.98008670265545,-2.25114250837952,-8.50825728515907
27.53,-5.98008670265545,-2.24604681557373,-8.48788480707007
27.5325,-5.97499224480224,-2.22056835154479,-8.48788480707007
27.535,-5.97499224480224,-2.26133389399109,-8.48279168754782
27.5375,-5.98008670265545,-2.17470711629269,-8.51844352420357
27.54,-5.98008670265545,-2.1696114234869,-8.51844352420357
27.5425,-5.98008670265545,-2.15432434506954,-8.50825728515907
27.545,-5.98518116050866,-2.14413295945796,-8.54900224133706
27.5475,-5.99027561836187,-2.13394157384638,-8.53881600229256
27.55,-5.99537007621508,-2.15432434506954,-8.54900224133706
27.5525,-6.0004645340683,-2.13903726665217,-8.55918848038156
27.555,-6.00555899192151,-2.13394157384638,-8.54390912181481
27.5575,-6.01065344977472,-2.14413295945796,-8.56937471942606
27.56,-6.01065344977472,-2.14922865226375,-8.42167425328083
27.5625,-6.01574790762793,-2.15942003787532,-8.42676737280307
27.565,-6.02084236548114,-2.15432434506954,-8.44204673136982
27.5675,-6.01574790762793,-2.16451573068111,-8.59993343655956
27.57,-6.01574790762793,-2.1696114234869,-8.50316416563682
27.5725,-6.01065344977472,-2.17980280909848,-8.50316416563682
27.575,-6.03612573904077,-2.17980280909848,-8.50316416563682
27.5775,-6.03103128118756,-2.23585542996215,-8.52862976324807
27.58,-6.01065344977472,-2.29700374363161,-8.50316416563682
27.5825,-6.01065344977472,-2.19508988751584,-8.50825728515907
27.585,-6.01065344977472,-2.27662097240846,-8.49297792659232
27.5875,-6.01574790762793,-2.28681235802003,-8.45732608993657
27.59,-6.0514091126004,-2.20528127312742,-8.48279168754782
27.5925,-6.04631465474719,-2.27662097240846,-8.44204673136982
27.595,-6.04631465474719,-2.17470711629269,-8.43695361184757
27.5975,-6.02593682333435,-2.15432434506954,-8.53881600229256
27.6,-6.02593682333435,-2.14922865226375,-8.55918848038156
27.6025,-6.02593682333435,-2.14413295945796,-8.58974719751506
27.605,-6.02593682333435,-0.0956644515310163,-8.58974719751506
27.6075,-6.02593682333435,-0.0956644515310163,-8.56937471942606
27.61,-6.03103128118756,-0.0905687587252277,-8.52862976324807
27.6125,-6.03612573904077,-0.0956644515310163,-8.61521279512631
27.615,-6.06159802830682,-0.0956644515310163,-8.61011967560406
27.6175,-6.06669248616003,-0.0956644515310163,-8.41148801423633
27.62,-6.07688140186645,-0.0956644515310163,-8.41148801423633
27.6225,-6.08197585971966,-1.85367846952802,-8.46241920945882
27.625,-6.09216477542609,-1.83329569830487,-8.46241920945882
27.6275,-6.10235369113251,-1.83839139111065,-8.43186049232532
27.63,-6.07688140186645,-1.96068801844958,-8.46751232898107
27.6325,-6.08197585971966,-1.79762584866435,-8.49297792659232
27.635,-6.08707031757288,-1.71609476377173,-8.46751232898107
27.6375,-6.08707031757288,-1.70590337816015,-8.50316416563682
27.64,-6.0972592332793,-1.85877416233381,-8.42676737280307
27.6425,-6.10744814898572,-1.70590337816015,-8.42676737280307
27.645,-6.11763706469214,-1.950496632838,-8.48788480707007
27.6475,-6.12273152254535,-1.97597509686694,-8.50316416563682
27.65,-6.13292043825177,-1.94540094003221,-8.43186049232532
27.6525,-6.14310935395819,-1.95559232564379,-8.52862976324807
27.655,-6.15329826966461,-1.93520955442063,-8.53372288277031
27.6575,-6.15839272751782,-1.8180086198875,-8.41658113375857
27.66,-6.18895947463709,-1.94030524722642,-8.41148801423633
27.6625,-6.1940539324903,-1.58870244362702,-8.48788480707007
27.665,-6.17367610107746,-1.76705169182962,-8.40130177519183
27.6675,-6.17877055893067,-1.77724307744119,-8.40130177519183
27.67,-6.17877055893067,-1.78233877024698,-8.40130177519183
27.6725,-6.17877055893067,-0.151717072394689,-8.39620865566958
27.675,-6.18386501678388,-0.0956644515310163,-8.36564993853608
27.6775,-6.18386501678388,-0.0956644515310163,-8.37074305805833
27.68,-6.18895947463709,-1.60908521485018,-8.38602241662508
27.6825,-6.1940539324903,-1.69061629974279,-8.38602241662508
27.685,-6.18895947463709,-1.72628614938331,-8.39111553614733
27.6875,-6.17367610107746,-1.71609476377173,-8.38602241662508
27.69,-6.1940539324903,-1.74157322780068,-8.38602241662508
27.6925,-6.1940539324903,-1.75176461341225,-8.38602241662508
27.695,-6.21443176390314,-1.75686030621804,-8.38602241662508
27.6975,-6.18895947463709,-1.76705169182962,-8.40130177519183
27.7,-6.18895947463709,-1.7721473846354,-8.42167425328083
27.7025,-6.18895947463709,-1.77724307744119,-8.39620865566958
27.705,-6.1940539324903,-1.82820000549908,-8.36564993853608
27.7075,-6.1940539324903,-1.85367846952802,-8.37074305805833
27.71,-6.1940539324903,-1.83839139111065,-8.37583617758058
27.7125,-6.20933730604993,-2.01164494650746,-8.34018434092483
27.715,-6.20933730604993,-1.92501816880906,-8.34527746044708
27.7175,-6.21952622175635,-1.88934831916854,-8.35546369949158
27.72,-6.22971513746277,-1.91482678319748,-8.32490498235808
27.7225,-6.2449985110224,-1.91992247600327,-8.35546369949158
27.725,-6.25518742672882,-1.94540094003221,-8.32999810188033
27.7275,-6.27047080028846,-1.950496632838,-8.31981186283583
27.73,-6.28065971599488,-1.95559232564379,-8.32490498235808
27.7325,-6.28575417384809,-1.94540094003221,-8.31981186283583
27.735,-6.29594308955451,-1.9963578680901,-8.34527746044708
27.7375,-6.31122646311414,-2.05241048895377,-8.43695361184757
27.74,-6.31122646311414,-2.03202771773061,-8.30453250426909
27.7425,-6.32141537882056,-2.04221910334219,-8.47260544850332
27.745,-6.31632092096735,-2.04731479614798,-8.30453250426909
27.7475,-6.32141537882056,-2.04221910334219,-8.30962562379133
27.75,-6.32141537882056,-2.02693202492483,-8.34527746044708
27.7525,-6.32650983667377,-2.05241048895377,-8.31471874331358
27.755,-6.32650983667377,-2.05241048895377,-8.32490498235808
27.7575,-6.32650983667377,-2.01674063931325,-8.32490498235808
27.76,-6.33669875238019,-2.0371234105364,-8.30962562379133
27.7625,-6.33160429452698,-2.12884588104059,-8.35546369949158
27.765,-6.33160429452698,-2.0829846457885,-8.30453250426909
27.7675,-6.33669875238019,-2.13394157384638,-8.31471874331358
27.77,-6.33160429452698,-1.9963578680901,-8.30453250426909
27.7725,-6.33160429452698,-2.04731479614798,-8.49297792659232
27.775,-6.33160429452698,-2.04731479614798,-8.45223297041432
27.7775,-6.35198212593983,-1.88934831916854,-8.35037057996933
27.78,-6.35198212593983,-1.88425262636275,-8.48788480707007
27.7825,-6.37235995735267,-1.85877416233381,-8.38092929710283
27.785,-6.30103754740772,-1.88425262636275,-8.41148801423633
27.7875,-6.32650983667377,-1.87406124075117,-8.38092929710283
27.79,-6.30613200526093,-1.86896554794538,-8.38092929710283
27.7925,-6.30613200526093,-1.87915693355696,-8.34527746044708
27.795,-6.30613200526093,-1.84858277672223,-8.37583617758058
27.7975,-6.31122646311414,-1.87915693355696,-8.37074305805833
27.8,-6.31122646311414,-1.94030524722642,-8.46751232898107
27.8025,-6.31122646311414,-1.93520955442063,-8.40639489471408
27.805,-6.31632092096735,-1.87915693355696,-8.38602241662508
27.8075,-6.31632092096735,-1.87406124075117,-8.38602241662508
27.81,-6.31632092096735,-1.87406124075117,-8.38602241662508
27.8125,-6.31632092096735,-1.87406124075117,-8.38602241662508
27.815,-6.34688766808662,-1.87915693355696,-8.46751232898107
27.8175,-6.3417932102334,-1.87406124075117,-8.40639489471408
27.82,-6.3417932102334,-1.87406124075117,-8.38602241662508
27.8225,-6.32141537882056,-1.87406124075117,-8.39111553614733
27.825,-6.31632092096735,-2.00654925370167,-8.32999810188033
27.8275,-6.31632092096735,-1.90973109039169,-8.32490498235808
27.83,-6.32141537882056,-1.96578371125536,-8.37074305805833
27.8325,-6.32141537882056,-1.93011386161485,-8.38092929710283
27.835,-6.32141537882056,-2.00654925370167,-8.33509122140258
27.8375,-6.31632092096735,-1.97087940406115,-8.34527746044708
27.84,-6.31122646311414,-1.98107078967273,-8.32999810188033
27.8425,-6.31122646311414,-1.97597509686694,-8.35037057996933
27.845,-6.30103754740772,-2.01164494650746,-8.35546369949158
27.8475,-6.2908486317013,-1.9963578680901,-8.37074305805833
27.85,-6.31122646311414,-2.26642958679688,-8.34527746044708
27.8525,-6.31122646311414,-2.02693202492483,-8.29943938474683
27.855,-6.31122646311414,-2.0371234105364,-8.31471874331358
27.8575,-6.28575417384809,-2.05241048895377,-8.38092929710283
27.86,-6.23480959531598,-2.03202771773061,-8.38092929710283
27.8625,-6.22971513746277,-2.05241048895377,-8.40639489471408
27.865,-6.22462067960956,-2.04221910334219,-8.40639489471408
27.8675,-6.22462067960956,-2.27152527960267,-8.41658113375857
27.87,-6.21443176390314,-2.27662097240846,-8.41148801423633
27.8725,-6.20933730604993,-2.20018558032163,-8.34018434092483
27.875,-6.22971513746277,-2.20018558032163,-8.36055681901383
27.8775,-6.21443176390314,-2.20528127312742,-8.48279168754782
27.88,-6.20424284819672,-2.20528127312742,-8.35546369949158
27.8825,-6.22462067960956,-2.23075973715636,-8.34527746044708
27.885,-6.21443176390314,-2.24095112276794,-8.36055681901383
27.8875,-6.15839272751782,-2.28681235802003,-8.37074305805833
27.89,-6.15329826966461,-2.27662097240846,-8.35546369949158
27.8925,-6.1482038118114,-2.27662097240846,-8.41658113375857
27.895,-6.13801489610498,-2.27152527960267,-8.38092929710283
27.8975,-6.13292043825177,-2.25114250837952,-8.40639489471408
27.9,-6.12782598039856,-2.29700374363161,-8.39111553614733
27.9025,-6.11254260683893,-2.27152527960267,-8.34527746044708
27.905,-6.11763706469214,-2.25114250837952,-8.33509122140258
27.9075,-6.10744814898572,-2.28681235802003,-8.33509122140258
27.91,-6.09216477542609,-2.31738651485477,-8.45223297041432
27.9125,-6.07178694401324,-2.32248220766055,-8.44204673136982
27.915,-6.06159802830682,-2.2562382011853,-8.41658113375857
27.9175,-6.04631465474719,-2.33267359327213,-8.32999810188033
27.92,-6.04122019689398,-2.36834344291265,-8.46241920945882
27.9225,-6.03612573904077,-2.35815205730107,-8.45223297041432
27.925,-6.03103128118756,-2.33776928607792,-8.32490498235808
27.9275,-6.02084236548114,-2.34286497888371,-8.32999810188033
27.93,-6.01574790762793,-2.34286497888371,-8.32490498235808
27.9325,-6.00555899192151,-0.0956644515310163,-8.49297792659232
27.935,-5.99537007621508,-2.10336741701165,-8.34527746044708
27.9375,-5.99537007621508,-2.11355880262323,-8.34527746044708
27.94,-5.99027561836187,-2.10846310981744,-8.35037057996933
27.9425,-5.99027561836187,-2.10846310981744,-8.35546369949158
27.945,-5.99027561836187,-2.10336741701165,-8.35037057996933
27.9475,-5.98518116050866,-2.11865449542902,-8.42676737280307
27.95,-5.98008670265545,-2.09827172420586,-8.43695361184757
27.9525,-5.98008670265545,-2.11865449542902,-8.43695361184757
27.955,-5.97499224480224,-2.11865449542902,-8.41148801423633
27.9575,-5.96989778694903,-2.11355880262323,-8.39620865566958
27.96,-5.97499224480224,-2.09317603140008,-8.39620865566958
27.9625,-5.97499224480224,-2.15942003787532,-8.38092929710283
27.965,-5.96989778694903,-2.15942003787532,-8.41658113375857
27.9675,-5.96480332909582,-2.39382190694159,-8.44204673136982
27.97,-5.96989778694903,-2.22566404435057,-8.42167425328083
27.9725,-5.96480332909582,-2.215472658739,-8.49297792659232
27.975,-5.96989778694903,-2.215472658739,-8.43695361184757
27.9775,-5.96989778694903,-0.0956644515310163,-8.37583617758058
27.98,-5.98008670265545,-0.0956644515310163,-8.38602241662508
27.9825,-5.97499224480224,-0.0956644515310163,-8.38602241662508
27.985,-5.98518116050866,-2.45497022061105,-8.38092929710283
27.9875,-5.98518116050866,-2.31738651485477,-8.39111553614733
27.99,-5.99027561836187,-2.34286497888371,-8.39620865566958
27.9925,-5.99027561836187,-2.36834344291265,-8.39620865566958
27.995,-5.98518116050866,-2.35815205730107,-8.40639489471408
27.9975,-5.98518116050866,-2.35815205730107,-8.39620865566958
28,-6.01065344977472,-2.29700374363161,-8.44204673136982
28.0025,-6.01065344977472,-2.35815205730107,-8.41148801423633
28.005,-6.00555899192151,-2.35815205730107,-8.43186049232532
28.0075,-5.99027561836187,-2.31229082204898,-8.46751232898107
28.01,-5.99027561836187,-2.31229082204898,-8.43186049232532
28.0125,-5.99027561836187,-2.27662097240846,-8.48788480707007
28.015,-5.99537007621508,-2.33267359327213,-8.42167425328083
28.0175,-6.0004645340683,-2.39382190694159,-8.44713985089207
28.02,-6.0004645340683,-2.31738651485477,-8.42167425328083
28.0225,-6.0004645340683,-2.39382190694159,-8.41658113375857
28.025,-6.0004645340683,-2.37853482852423,-8.48788480707007
28.0275,-5.99537007621508,-2.10336741701165,-8.54900224133706
28.03,-5.99537007621508,-2.10336741701165,-8.46751232898107
28.0325,-6.0004645340683,-2.06769756737113,-8.42676737280307
28.035,-6.0004645340683,-2.32248220766055,-8.44204673136982
28.0375,-6.00555899192151,-2.06769756737113,-8.44204673136982
28.04,-6.00555899192151,-2.07279326017692,-8.44713985089207
28.0425,-6.00555899192151,-2.03202771773061,-8.46241920945882
28.045,-6.01065344977472,-2.02183633211904,-8.46751232898107
28.0475,-6.01574790762793,-1.96068801844958,-8.47260544850332
28.05,-6.02084236548114,-1.97597509686694,-8.48788480707007
28.0525,-6.02084236548114,-1.9963578680901,-8.49297792659232
28.055,-6.02593682333435,-1.99126217528431,-8.51335040468132
28.0575,-6.02593682333435,-1.93011386161485,-8.48279168754782
28.06,-6.02593682333435,-1.87406124075117,-8.46241920945882
28.0625,-6.02593682333435,-1.94030524722642,-8.44713985089207
28.065,-6.02084236548114,-1.87406124075117,-8.46241920945882
28.0675,-6.02084236548114,-1.88934831916854,-8.54390912181481
28.07,-6.02593682333435,-1.9046353975859,-8.45732608993657
28.0725,-6.01574790762793,-1.86896554794538,-8.48788480707007
28.075,-6.01065344977472,-1.83839139111065,-8.44204673136982
28.0775,-6.01065344977472,-1.8638698551396,-8.46751232898107
28.08,-6.02084236548114,-1.96068801844958,-8.47769856802557
28.0825,-6.01574790762793,-2.25114250837952,-8.46751232898107
28.085,-6.02593682333435,-2.13394157384638,-8.45732608993657
28.0875,-6.02593682333435,-2.1237501882348,-8.49297792659232
28.09,-6.02084236548114,-2.13903726665217,-8.48788480707007
28.0925,-6.02593682333435,-2.10846310981744,-8.47260544850332
28.095,-6.02593682333435,-2.09827172420586,-8.46751232898107
28.0975,-6.02593682333435,-2.14413295945796,-8.54390912181481
28.1,-6.03103128118756,-2.11355880262323,-8.54900224133706
28.1025,-6.04122019689398,-2.13903726665217,-8.46241920945882
28.105,-6.01574790762793,-2.14922865226375,-8.47260544850332
28.1075,-6.04122019689398,-2.11865449542902,-8.46751232898107
28.11,-6.03612573904077,-2.11355880262323,-8.47260544850332
28.1125,-6.04122019689398,-2.11355880262323,-8.55918848038156
28.115,-6.04122019689398,-2.0829846457885,-8.56428159990381
28.1175,-6.04631465474719,-2.09827172420586,-8.48788480707007
28.12,-6.04122019689398,-2.01674063931325,-8.49807104611457
28.1225,-6.04122019689398,-2.10336741701165,-8.48788480707007
28.125,-6.04631465474719,-2.10846310981744,-8.53372288277031
28.1275,-6.03612573904077,-2.07279326017692,-8.49297792659232
28.13,-6.04122019689398,-1.9963578680901,-8.49807104611457
28.1325,-6.04122019689398,-1.97597509686694,-8.50825728515907
28.135,-6.03612573904077,-1.98107078967273,-8.51335040468132
28.1375,-6.03612573904077,-1.97087940406115,-8.51335040468132
28.14,-6.03612573904077,-2.03202771773061,-8.53372288277031
28.1425,-6.03612573904077,-1.97087940406115,-8.54900224133706
28.145,-6.03103128118756,-1.96578371125536,-8.56428159990381
28.1475,-6.03612573904077,-1.97087940406115,-8.53372288277031
28.15,-6.03612573904077,-1.950496632838,-8.44713985089207
28.1525,-6.03103128118756,-1.95559232564379,-8.45223297041432
28.155,-6.03103128118756,-1.96068801844958,-8.57956095847056
28.1575,-6.02593682333435,-1.99126217528431,-8.46241920945882
28.16,-6.02593682333435,-1.9963578680901,-8.54390912181481
28.1625,-6.02084236548114,-1.99126217528431,-8.53881600229256
28.165,-6.02084236548114,-1.87915693355696,-8.53372288277031
28.1675,-6.01574790762793,-2.00145356089588,-0.0995169539250416
28.17,-6.02593682333435,-1.85877416233381,-8.49807104611457
28.1725,-6.03103128118756,-1.87915693355696,-8.43186049232532
28.175,-6.03612573904077,-1.91482678319748,-8.47260544850332
28.1775,-6.04122019689398,-1.86896554794538,-8.45732608993657
28.18,-6.04631465474719,-2.16451573068111,-8.45732608993657
28.1825,-6.04631465474719,-1.93011386161485,-8.47260544850332
28.185,-6.04631465474719,-2.11355880262323,-8.47769856802557
28.1875,-6.0514091126004,-2.1237501882348,-8.47769856802557
28.19,-6.05650357045361,-2.11355880262323,-8.58465407799281
28.1925,-6.06159802830682,-2.10846310981744,-8.48788480707007
28.195,-6.06669248616003,-2.15432434506954,-8.43695361184757
28.1975,-6.06669248616003,-2.10846310981744,-8.50825728515907
28.2,-6.06669248616003,-2.11865449542902,-8.52353664372582
28.2025,-6.07688140186645,-2.10846310981744,-8.51844352420357
28.205,-6.08197585971966,-2.1237501882348,-8.53372288277031
28.2075,-6.11254260683893,-2.04731479614798,-8.54390912181481
28.21,-6.0972592332793,-2.09317603140008,-8.54900224133706
28.2125,-6.14310935395819,-2.11355880262323,-8.33509122140258
28.215,-6.14310935395819,-2.15432434506954,-8.34527746044708
28.2175,-6.16858164322425,-2.1237501882348,-8.34018434092483
28.22,-6.14310935395819,-2.09317603140008,-8.33509122140258
28.2225,-6.1482038118114,-2.09827172420586,-8.37074305805833
28.225,-6.1482038118114,-2.06260187456535,-8.42167425328083
28.2275,-6.1482038118114,-2.15432434506954,-8.61011967560406
28.23,-6.1482038118114,-2.11865449542902,-8.50316416563682
28.2325,-6.1482038118114,-2.13903726665217,-8.40639489471408
28.235,-6.15329826966461,-2.0829846457885,-8.40130177519183
28.2375,-6.15329826966461,-2.09827172420586,-8.40130177519183
28.24,-6.15329826966461,-2.13394157384638,-8.45223297041432
28.2425,-6.18386501678388,-2.07788895298271,-8.42676737280307
28.245,-6.18386501678388,-2.10846310981744,-8.42676737280307
28.2475,-6.15329826966461,-2.09827172420586,-8.46241920945882
28.25,-6.16348718537103,-2.06769756737113,-8.44713985089207
28.2525,-6.16858164322425,-2.09827172420586,-8.42676737280307
28.255,-6.16858164322425,-2.09317603140008,-8.52862976324807
28.2575,-6.16858164322425,-2.07788895298271,-8.41148801423633
28.26,-6.16858164322425,-2.06260187456535,-8.43695361184757
28.2625,-6.16858164322425,-2.05750618175956,-8.45223297041432
28.265,-6.18386501678388,-2.05241048895377,-8.47769856802557
28.2675,-6.18386501678388,-2.01674063931325,-8.47260544850332
28.27,-6.18386501678388,-2.07279326017692,-8.47769856802557
28.2725,-6.17877055893067,-2.09317603140008,-8.46751232898107
28.275,-6.18386501678388,-2.01674063931325,-8.44713985089207
28.2775,-6.18386501678388,-2.01674063931325,-8.48279168754782
28.28,-6.17877055893067,-1.99126217528431,-8.49297792659232
28.2825,-6.19914839034351,-1.96068801844958,-8.48788480707007
28.285,-6.17877055893067,-1.950496632838,-8.53881600229256
28.2875,-6.17877055893067,-1.97087940406115,-8.43186049232532
28.29,-6.19914839034351,-1.9963578680901,-8.46241920945882
28.2925,-6.19914839034351,-1.96068801844958,-8.41658113375857
28.295,-6.1482038118114,-1.9963578680901,-8.48279168754782
28.2975,-6.14310935395819,-1.99126217528431,-8.57446783894831
28.3,-6.1482038118114,-2.01674063931325,-8.29943938474683
28.3025,-6.10744814898572,-2.0371234105364,-8.41148801423633
28.305,-6.10744814898572,-2.01164494650746,-8.49297792659232
28.3075,-6.09216477542609,-2.00654925370167,-8.52353664372582
28.31,-6.09216477542609,-2.01674063931325,-8.32999810188033
28.3125,-6.08707031757288,-2.01164494650746,-8.38602241662508
28.315,-6.08197585971966,-2.00654925370167,-8.40639489471408
28.3175,-6.11254260683893,-2.03202771773061,-8.44713985089207
28.32,-6.06159802830682,-2.03202771773061,-8.39111553614733
28.3225,-6.08707031757288,-2.03202771773061,-8.41658113375857
28.325,-6.08197585971966,-2.03202771773061,-8.42167425328083
28.3275,-6.07688140186645,-0.100760144336805,-8.44204673136982
28.33,-6.07688140186645,-0.0956644515310163,-8.42167425328083
28.3325,-6.07688140186645,-0.0956644515310163,-8.45732608993657
28.335,-6.07688140186645,-0.0956644515310163,-8.46241920945882
28.3375,-0.0959878821972175,-0.0956644515310163,-8.40639489471408
28.34,-0.0908934243440065,-0.0956644515310163,-8.50825728515907
28.3425,-0.0908934243440065,-0.0956644515310163,-8.40130177519183
28.345,-6.01065344977472,-0.0956644515310163,-8.46751232898107
28.3475,-6.00555899192151,-0.0956644515310163,-8.48788480707007
28.35,-6.02084236548114,-0.0956644515310163,-8.44204673136982
28.3525,-6.01065344977472,-0.0956644515310163,-8.46751232898107
28.355,-6.01065344977472,-2.12884588104059,-8.47769856802557
28.3575,-6.00555899192151,-2.10846310981744,-8.57446783894831
28.36,-6.0004645340683,-2.06769756737113,-8.44713985089207
28.3625,-5.99537007621508,-2.07788895298271,-8.44204673136982
28.365,-5.96989778694903,-2.04221910334219,-8.47260544850332
28.3675,-5.96989778694903,-2.04731479614798,-8.47260544850332
28.37,-5.96989778694903,-2.03202771773061,-8.70179582700455
28.3725,-5.96989778694903,-2.02183633211904,-8.53881600229256
28.375,-5.99537007621508,-1.99126217528431,-8.51844352420357
28.3775,-6.0004645340683,-1.97597509686694,-8.47260544850332
28.38,-6.0004645340683,-1.96068801844958,-8.48788480707007
28.3825,-6.00555899192151,-1.93011386161485,-8.56428159990381
28.385,-6.01065344977472,-1.90973109039169,-8.53372288277031
28.3875,-6.03612573904077,-1.94540094003221,-8.55409536085931
28.39,-6.03612573904077,-1.8638698551396,-8.59484031703731
28.3925,-6.01574790762793,-1.85367846952802,-8.45223297041432
28.395,-6.02084236548114,-1.85367846952802,-8.45732608993657
28.3975,-6.01574790762793,-1.88425262636275,-8.44204673136982
28.4,-6.02593682333435,-1.86896554794538,-8.44713985089207
28.4025,-6.02593682333435,-1.83839139111065,-8.45223297041432
28.405,-6.03103128118756,-1.87915693355696,-8.46241920945882
28.4075,-6.03612573904077,-1.8180086198875,-8.56937471942606
28.41,-6.04122019689398,-1.83839139111065,-8.44713985089207
28.4125,-6.04631465474719,-1.84858277672223,-8.48788480707007
28.415,-6.0514091126004,-1.85877416233381,-8.45223297041432
28.4175,-6.06669248616003,-1.83839139111065,-8.50825728515907
28.42,-6.07178694401324,-1.87915693355696,-8.43186049232532
28.4225,-6.08197585971966,-1.85367846952802,-8.54900224133706
28.425,-6.09216477542609,-1.90973109039169,-8.48279168754782
28.4275,-6.09216477542609,-1.85367846952802,-8.49297792659232
28.43,-6.10744814898572,-1.85877416233381,-8.53372288277031
28.4325,-6.11254260683893,-1.87406124075117,-8.43695361184757
28.435,-6.11763706469214,-1.86896554794538,-8.43695361184757
28.4375,-6.14310935395819,-1.84348708391644,-8.44204673136982
28.44,-6.1482038118114,-1.83329569830487,-8.44713985089207
28.4425,-6.15839272751782,-1.84858277672223,-8.63558527321531
28.445,-6.15839272751782,-1.87406124075117,-8.64067839273756
28.4475,-6.15839272751782,-1.99126217528431,-8.46751232898107
28.45,-6.16348718537103,-1.97087940406115,-8.46751232898107
28.4525,-6.16348718537103,-1.97597509686694,-8.46241920945882
28.455,-6.16858164322425,-1.97087940406115,-8.43695361184757
28.4575,-6.16858164322425,-0.0956644515310163,-8.46241920945882
28.46,-6.16348718537103,-0.0956644515310163,-8.48788480707007
28.4625,-6.26028188458204,-0.0956644515310163,-8.48788480707007
28.465,-6.23990405316919,-0.0956644515310163,-8.51335040468132
28.4675,-6.23990405316919,-0.0956644515310163,-8.50825728515907
28.47,-6.25009296887561,-0.0956644515310163,-8.50825728515907
28.4725,-6.22971513746277,-0.0956644515310163,-8.50825728515907
28.475,-6.22971513746277,-2.2562382011853,-8.52353664372582
28.4775,-6.25518742672882,-2.24604681557373,-8.46751232898107
28.48,-6.25518742672882,-2.28171666521425,-8.47260544850332
28.4825,-6.26028188458204,-2.215472658739,-8.48279168754782
28.485,-6.2908486317013,-2.18489850190427,-8.48788480707007
28.4875,-6.25009296887561,-2.19508988751584,-8.47769856802557
28.49,-6.19914839034351,-2.23585542996215,-8.48279168754782
28.4925,-6.1940539324903,-2.22566404435057,-8.47769856802557
28.495,-6.1940539324903,-2.22566404435057,-8.46751232898107
28.4975,-6.2908486317013,-2.215472658739,-8.50825728515907
28.5,-6.18386501678388,-2.16451573068111,-8.46751232898107
28.5025,-6.20933730604993,-2.1696114234869,-8.46751232898107
28.505,-6.20933730604993,-2.1696114234869,-8.47769856802557
28.5075,-6.20424284819672,-2.14413295945796,-8.51844352420357
28.51,-6.20424284819672,-2.13394157384638,-8.44713985089207
28.5125,-6.17877055893067,-2.13394157384638,-8.48279168754782
28.515,-6.17877055893067,-2.15432434506954,-8.52353664372582
28.5175,-6.17877055893067,-2.15432434506954,-8.49807104611457
28.52,-6.18386501678388,-2.215472658739,-8.47260544850332
28.5225,-6.18386501678388,-2.1696114234869,-8.48279168754782
28.525,-6.18386501678388,-2.19508988751584,-8.50825728515907
28.5275,-6.22971513746277,-2.24095112276794,-8.51844352420357
28.53,-6.22462067960956,-2.25114250837952,-8.51844352420357
28.5325,-6.25009296887561,-2.17980280909848,-8.59993343655956
28.535,-6.20424284819672,-2.23585542996215,-8.50316416563682
28.5375,-6.20933730604993,-2.24604681557373,-8.46751232898107
28.54,-6.20933730604993,-2.24095112276794,-8.46751232898107
28.5425,-6.25518742672882,-2.23585542996215,-8.46751232898107
28.545,-6.22462067960956,-2.20528127312742,-8.46751232898107
28.5475,-6.25518742672882,-2.18999419471005,-0.10461007344729
28.55,-6.21443176390314,-2.27662097240846,-0.0995169539250416
28.5525,-6.20933730604993,-2.22566404435057,-8.52862976324807
28.555,-6.23990405316919,-2.15942003787532,-8.50825728515907
28.5575,-6.21443176390314,-2.20528127312742,-8.51335040468132
28.56,-6.18895947463709,-2.24095112276794,-8.52862976324807
28.5625,-6.17877055893067,-2.16451573068111,-8.48788480707007
28.565,-6.19914839034351,-2.15432434506954,-8.46751232898107
28.5675,-6.17877055893067,-2.15432434506954,-8.45732608993657
28.57,-6.19914839034351,-2.15432434506954,-8.43186049232532
28.5725,-6.16858164322425,-2.18999419471005,-8.52862976324807
28.575,-6.16858164322425,-2.1237501882348,-8.48279168754782
28.5775,-6.16858164322425,-2.13394157384638,-8.43186049232532
28.58,-6.16348718537103,-2.13903726665217,-8.63558527321531
28.5825,-6.13801489610498,-2.14413295945796,-8.42167425328083
28.585,-6.13292043825177,-2.13903726665217,-8.63558527321531
28.5875,-6.16858164322425,-2.13903726665217,-8.57446783894831
28.59,-6.14310935395819,-2.46516160622263,-8.57956095847056
28.5925,-6.17367610107746,-2.42949175658211,-8.62539903417081
28.595,-6.13801489610498,-2.40401329255317,-8.65086463178205
28.5975,-6.13801489610498,-2.40401329255317,-8.44713985089207
28.6,-6.13801489610498,-2.48554437744578,-8.45223297041432
28.6025,-6.16348718537103,-2.41420467816475,-8.57956095847056
28.605,-6.15839272751782,-2.43968314219369,-8.52862976324807
28.6075,-6.15329826966461,-2.43968314219369,-8.62030591464856
28.61,-6.12782598039856,-0.702051895419837,-8.43695361184757
28.6125,-6.13292043825177,-0.0956644515310163,-8.49807104611457
28.615,-6.12782598039856,-2.42949175658211,-8.45732608993657
28.6175,-6.12782598039856,-2.39891759974738,-8.46241920945882
28.62,-6.12782598039856,-2.40401329255317,-8.45223297041432
28.6225,-6.12273152254535,-2.40910898535896,-8.46751232898107
28.625,-6.12273152254535,-2.42439606377632,-8.47260544850332
28.6275,-6.15329826966461,-2.48044868463999,-8.45223297041432
28.63,-6.10235369113251,-2.4345874493879,-8.48279168754782
28.6325,-6.13292043825177,-2.42949175658211,-8.46751232898107
28.635,-6.13801489610498,-2.46006591341684,-8.46751232898107
28.6375,-6.13801489610498,-2.43968314219369,-8.48279168754782
28.64,-6.13801489610498,-2.42949175658211,-8.51844352420357
28.6425,-6.10744814898572,-2.50083145586315,-8.51844352420357
28.645,-6.10235369113251,-2.50083145586315,-8.51844352420357
28.6475,-6.09216477542609,-2.4345874493879,-8.52862976324807
28.65,-6.07178694401324,-2.43968314219369,-8.52353664372582
28.6525,-6.09216477542609,-2.39891759974738,-8.6559577513043
28.655,-6.08707031757288,-2.39382190694159,-8.48279168754782
28.6575,-6.08197585971966,-2.37343913571844,-8.47769856802557
28.66,-6.07688140186645,-2.3479606716895,-8.47260544850332
28.6625,-6.07688140186645,-2.38363052133001,-0.10970319296954
28.665,-6.07688140186645,-2.3887262141358,-0.0995169539250416
28.6675,-6.07178694401324,-2.37853482852423,-8.61011967560406
28.67,-6.06669248616003,-2.36834344291265,-8.46241920945882
28.6725,-6.06669248616003,-2.37853482852423,-8.46241920945882
28.675,-6.04122019689398,-2.32248220766055,-8.50316416563682
28.6775,-6.06159802830682,-2.33267359327213,-8.48788480707007
28.68,-6.03612573904077,-2.31738651485477,-8.49297792659232
28.6825,-6.06159802830682,-2.27152527960267,-8.49297792659232
28.685,-6.03612573904077,-2.24604681557373,-8.49807104611457
28.6875,-6.05650357045361,-2.26133389399109,-8.51335040468132
28.69,-6.05650357045361,-2.22056835154479,-8.46241920945882
28.6925,-6.06159802830682,-2.18999419471005,-8.46751232898107
28.695,-6.05650357045361,-2.18489850190427,-8.55409536085931
28.6975,-6.06159802830682,-2.17980280909848,-8.49807104611457
28.7,-6.06159802830682,-2.1696114234869,-8.49807104611457
28.7025,-6.06669248616003,-2.13903726665217,-8.52862976324807
28.705,-6.06669248616003,-2.09827172420586,-8.55409536085931
28.7075,-6.0972592332793,-2.09827172420586,-8.51844352420357
28.71,-6.15839272751782,-2.07788895298271,-8.63049215369306
28.7125,-6.06159802830682,-2.06769756737113,-8.52353664372582
28.715,-6.06669248616003,-2.05241048895377,-8.54900224133706
28.7175,-6.06159802830682,-2.04221910334219,-8.55409536085931
28.72,-6.09216477542609,-1.950496632838,-8.58465407799281
28.7225,-6.09216477542609,-1.94030524722642,-8.59484031703731
28.725,-6.09216477542609,-1.96578371125536,-8.65086463178205
28.7275,-6.10235369113251,-1.98616648247852,-8.6559577513043
28.73,-6.07688140186645,-1.93011386161485,-8.64577151225981
28.7325,-6.10235369113251,-1.96068801844958,-8.56937471942606
28.735,-6.10744814898572,-1.950496632838,-8.64067839273756
28.7375,-6.10744814898572,-1.950496632838,-8.54390912181481
28.74,-6.08197585971966,-1.91482678319748,-8.56428159990381
28.7425,-6.08197585971966,-2.22566404435057,-8.62030591464856
28.745,-6.08197585971966,-2.3020994364374,-8.56937471942606
28.7475,-6.08197585971966,-1.91992247600327,-8.57956095847056
28.75,-6.07688140186645,-2.26133389399109,-8.54390912181481
28.7525,-6.12782598039856,-2.06769756737113,-8.53881600229256
28.755,-6.12782598039856,-2.05241048895377,-8.77309950031604
28.7575,-6.12782598039856,-1.99126217528431,-8.54390912181481
28.76,-6.10744814898572,-1.9963578680901,-8.53881600229256
28.7625,-6.10235369113251,-2.01164494650746,-8.52862976324807
28.765,-6.16348718537103,-2.07279326017692,-8.55409536085931
28.7675,-6.15839272751782,-1.99126217528431,-8.54390912181481
28.77,-6.15839272751782,-2.01674063931325,-8.54390912181481
28.7725,-6.10235369113251,-1.98616648247852,-8.54900224133706
28.775,-6.08197585971966,-2.00145356089588,-8.58465407799281
28.7775,-6.07688140186645,-2.00145356089588,-8.61521279512631
28.78,-6.07688140186645,-2.00145356089588,-8.62539903417081
28.7825,-6.07688140186645,-0.0956644515310163,-8.57446783894831
28.785,-6.07178694401324,-1.98616648247852,-8.6763302293933
28.7875,-6.07178694401324,-1.99126217528431,-8.6559577513043
28.79,-6.07178694401324,-1.99126217528431,-8.63049215369306
28.7925,-6.07178694401324,-1.99126217528431,-8.64067839273756
28.795,-6.13801489610498,-2.02693202492483,-8.66105087082655
28.7975,-6.13292043825177,-2.01674063931325,-8.67123710987105
28.8,-6.13801489610498,-2.15432434506954,-8.59993343655956
28.8025,-6.11254260683893,-2.0371234105364,-8.67123710987105
28.805,-6.09216477542609,-2.04731479614798,-8.59993343655956
28.8075,-6.0972592332793,-2.06260187456535,-8.57956095847056
28.81,-6.10235369113251,-2.14922865226375,-8.64067839273756
28.8125,-6.10235369113251,-2.11355880262323,-8.59484031703731
28.815,-6.12782598039856,-2.17980280909848,-8.61011967560406
28.8175,-6.15329826966461,-2.18999419471005,-8.59484031703731
28.82,-6.17877055893067,-2.15432434506954,-8.63049215369306
28.8225,-6.14310935395819,-2.20528127312742,-8.56937471942606
28.825,-6.13292043825177,-2.27662097240846,-8.59993343655956
28.8275,-6.14310935395819,-2.21037696593321,-8.59993343655956
28.83,-6.16348718537103,-2.22566404435057,-8.62030591464856
28.8325,-6.16348718537103,-2.29700374363161,-8.63049215369306
28.835,-6.13801489610498,-2.25114250837952,-8.63049215369306
28.8375,-6.14310935395819,-2.2562382011853,-8.7170751855713
28.84,-6.14310935395819,-2.26133389399109,-8.65086463178205
28.8425,-6.1482038118114,-2.29700374363161,-8.63049215369306
28.845,-6.15329826966461,-2.27662097240846,-8.6661439903488
28.8475,-6.15839272751782,-2.2562382011853,-8.67123710987105
28.85,-6.16858164322425,-2.29190805082582,-8.64577151225981
28.8525,-6.17367610107746,-2.3020994364374,-8.77819261983829
28.855,-6.17877055893067,-2.36324775010686,-8.67123710987105
28.8575,-6.18386501678388,-2.32757790046634,-8.64577151225981
28.86,-6.22462067960956,-2.32757790046634,-8.68142334891555
28.8625,-6.1940539324903,-2.30719512924319,-8.68142334891555
28.865,-6.20424284819672,-2.31229082204898,-8.65086463178205
28.8675,-6.19914839034351,-2.34286497888371,-8.70179582700455
28.87,-6.20424284819672,-2.3479606716895,-8.6865164684378
28.8725,-6.20933730604993,-2.37343913571844,-8.6865164684378
28.875,-6.20933730604993,-2.35305636449528,-8.6967027074823
28.8775,-6.20933730604993,-2.3479606716895,-8.71198206604905
28.88,-6.21443176390314,-2.31738651485477,-8.7476339027048
28.8825,-6.23990405316919,-2.35815205730107,-8.7068889465268
28.885,-6.2449985110224,-2.33267359327213,-8.76291326127155
28.8875,-6.2449985110224,-2.32248220766055,-8.6967027074823
28.89,-6.26537634243525,-2.33267359327213,-8.70179582700455
28.8925,-6.27047080028846,-2.32757790046634,-8.77309950031604
28.895,-6.27047080028846,-2.31738651485477,-8.7476339027048
28.8975,-6.27047080028846,-2.31229082204898,-8.71198206604905
28.9,-6.25009296887561,-2.33267359327213,-8.72216830509355
28.9025,-6.27556525814167,-2.3020994364374,-8.72216830509355
28.905,-6.28575417384809,-2.31738651485477,-8.77309950031604
28.9075,-6.28065971599488,-2.27152527960267,-8.81384445649404
28.91,-6.30613200526093,-2.24095112276794,-8.7272614246158
28.9125,-6.28065971599488,-2.26642958679688,-8.7374476636603
28.915,-6.28065971599488,-2.2562382011853,-8.83931005410529
28.9175,-6.28575417384809,-2.22056835154479,-8.76800638079379
28.92,-6.29594308955451,-2.215472658739,-8.76800638079379
28.9225,-6.29594308955451,-2.21037696593321,-8.77309950031604
28.925,-6.30103754740772,-2.17980280909848,-8.82403069553854
28.9275,-6.36726549949946,-2.17980280909848,-8.79856509792729
28.93,-6.36217104164625,-2.17980280909848,-8.7578201417493
28.9325,-6.34688766808662,-2.19508988751584,-8.6763302293933
28.935,-6.34688766808662,-2.19508988751584,-8.82912381506079
28.9375,-6.34688766808662,-2.15942003787532,-8.79347197840504
28.94,-6.3417932102334,-2.14922865226375,-8.78837885888279
28.9425,-6.34688766808662,-2.11865449542902,-8.81384445649404
28.945,-6.3417932102334,-2.1237501882348,-8.65086463178205
28.9475,-6.3417932102334,-2.13903726665217,-8.64067839273756
28.95,-6.34688766808662,-2.10336741701165,-8.6661439903488
28.9525,-6.34688766808662,-2.08808033859429,-8.6559577513043
28.955,-6.35198212593983,-2.10336741701165,-8.65086463178205
28.9575,-6.34688766808662,-2.07788895298271,-8.7170751855713
28.96,-6.34688766808662,-2.07279326017692,-8.72216830509355
28.9625,-6.34688766808662,-2.06769756737113,-8.7170751855713
28.965,-6.3417932102334,-2.06769756737113,-0.160634388192037
28.9675,-6.33160429452698,-2.05750618175956,-8.68142334891555
28.97,-6.32141537882056,-2.05750618175956,-8.68142334891555
28.9725,-6.31632092096735,-2.04221910334219,-8.6967027074823
28.975,-6.30613200526093,-2.05750618175956,-8.64577151225981
28.9775,-6.30103754740772,-2.07279326017692,-8.7068889465268
28.98,-6.2908486317013,-2.04731479614798,-8.6559577513043
28.9825,-6.2908486317013,-2.04221910334219,-8.6967027074823
28.985,-6.2908486317013,-2.04221910334219,-8.6967027074823
28.9875,-6.2908486317013,-2.03202771773061,-8.6763302293933
28.99,-6.28065971599488,-2.06769756737113,-8.66105087082655
28.9925,-6.27047080028846,-2.0371234105364,-8.6661439903488
28.995,-6.2908486317013,-2.02693202492483,-8.78328573936054
28.9975,-6.2908486317013,-2.01164494650746,-8.83931005410529
29,-6.28065971599488,-2.01164494650746,-8.77309950031604
29.0025,-6.25518742672882,-2.01674063931325,-8.6763302293933
29.005,-6.25518742672882,-2.01674063931325,-8.73235454413805
29.0075,-6.26537634243525,-2.12884588104059,-8.73235454413805
29.01,-6.26028188458204,-2.10336741701165,-8.7272614246158
29.0125,-6.26537634243525,-2.01164494650746,-8.6967027074823
29.015,-6.25009296887561,-2.01674063931325,-8.75272702222705
29.0175,-6.2449985110224,-2.1696114234869,-8.77819261983829
29.02,-6.23990405316919,-2.03202771773061,-8.81893757601629
29.0225,-6.23480959531598,-2.04221910334219,-8.76291326127155
29.025,-6.22971513746277,-2.07279326017692,-8.6763302293933
29.0275,-6.22462067960956,-2.07279326017692,-8.61521279512631
29.03,-6.22462067960956,-2.05241048895377,-8.67123710987105
29.0325,-6.22462067960956,-2.13394157384638,-8.64577151225981
29.035,-6.21952622175635,-2.08808033859429,-8.71198206604905
29.0375,-6.20933730604993,-2.11865449542902,-8.64577151225981
29.04,-6.19914839034351,-2.10846310981744,-8.63049215369306
29.0425,-6.18895947463709,-2.13394157384638,-8.63049215369306
29.045,-6.18386501678388,-2.14413295945796,-8.63558527321531
29.0475,-6.17367610107746,-2.31738651485477,-8.58974719751506
29.05,-6.17367610107746,-2.17470711629269,-8.57956095847056
29.0525,-6.16348718537103,-2.16451573068111,-8.56937471942606
29.055,-6.17877055893067,-2.15432434506954,-8.58465407799281
29.0575,-6.17877055893067,-2.16451573068111,-8.59993343655956
29.06,-6.17367610107746,-2.20018558032163,-8.63558527321531
29.0625,-6.16858164322425,-2.23075973715636,-8.6865164684378
29.065,-6.16858164322425,-2.19508988751584,-8.73235454413805
29.0675,-6.18895947463709,-2.20528127312742,-8.68142334891555
29.07,-6.18386501678388,-2.20018558032163,-8.54900224133706
29.0725,-6.16348718537103,-2.21037696593321,-8.57446783894831
29.075,-6.18386501678388,-2.21037696593321,-8.61011967560406
29.0775,-6.18386501678388,-2.19508988751584,-8.60502655608181
29.08,-6.15329826966461,-2.23075973715636,-8.57446783894831
29.0825,-6.08197585971966,-2.35305636449528,-8.58465407799281
29.085,-6.07178694401324,-2.21037696593321,-8.58465407799281
29.0875,-6.06669248616003,-2.21037696593321,-8.58465407799281
29.09,-6.06159802830682,-2.22566404435057,-8.59484031703731
29.0925,-6.05650357045361,-2.215472658739,-8.6661439903488
29.095,-6.07688140186645,-2.215472658739,-8.54900224133706
29.0975,-6.04631465474719,-2.22056835154479,-8.58974719751506
29.1,-6.04631465474719,-2.27662097240846,-8.62030591464856
29.1025,-6.04631465474719,-2.23585542996215,-8.59484031703731
29.105,-6.06669248616003,-2.28681235802003,-8.63558527321531
29.1075,-6.06159802830682,-2.28171666521425,-8.64067839273756
29.11,-6.01065344977472,-2.23075973715636,-8.71198206604905
29.1125,-6.03103128118756,-2.27662097240846,-8.55918848038156
29.115,-6.04122019689398,-2.24095112276794,-8.53372288277031
29.1175,-6.01574790762793,-2.25114250837952,-8.77309950031604
29.12,-6.01574790762793,-2.29700374363161,-8.78328573936054
29.1225,-5.99027561836187,-2.27152527960267,-8.58974719751506
29.125,-5.98518116050866,-2.22566404435057,-8.65086463178205
29.1275,-5.99537007621508,-2.23075973715636,-8.62030591464856
29.13,-6.0004645340683,-2.23075973715636,-8.55409536085931
29.1325,-6.0004645340683,-2.23075973715636,-8.57956095847056
29.135,-6.0004645340683,-2.215472658739,-8.58974719751506
29.1375,-6.00555899192151,-2.22056835154479,-8.77309950031604
29.14,-5.98008670265545,-2.23075973715636,-8.56937471942606
29.1425,-5.98008670265545,-2.2562382011853,-8.54390912181481
29.145,-5.98518116050866,-2.28681235802003,-8.54390912181481
29.1475,-5.99027561836187,-2.26642958679688,-8.52862976324807
29.15,-5.99537007621508,-2.27152527960267,-8.53372288277031
29.1525,-6.0004645340683,-2.28171666521425,-8.53372288277031
29.155,-6.00555899192151,-2.26642958679688,-8.59484031703731
29.1575,-6.01065344977472,-2.27152527960267,-8.53881600229256
29.16,-6.05650357045361,-2.27662097240846,-8.54390912181481
29.1625,-6.07688140186645,-2.3020994364374,-8.64067839273756
29.165,-6.0514091126004,-2.28681235802003,-8.58974719751506
29.1675,-6.0514091126004,-2.26642958679688,-8.63049215369306
29.17,-6.08707031757288,-2.29190805082582,-8.55409536085931
29.1725,-6.09216477542609,-2.27662097240846,-8.64067839273756
29.175,-6.07178694401324,-2.24095112276794,-8.65086463178205
29.1775,-6.07688140186645,-2.22566404435057,-8.43695361184757
29.18,-6.07688140186645,-2.21037696593321,-8.46751232898107
29.1825,-6.07688140186645,-2.19508988751584,-8.47769856802557
29.185,-6.07688140186645,-2.17980280909848,-8.47769856802557
29.1875,-6.08197585971966,-2.17980280909848,-8.64067839273756
29.19,-6.04631465474719,-2.23585542996215,-8.46241920945882
29.1925,-6.02593682333435,-2.14413295945796,-8.46751232898107
29.195,-6.02593682333435,-2.22566404435057,-8.59993343655956
29.1975,-6.08707031757288,-2.15432434506954,-8.58974719751506
29.2,-6.06669248616003,-2.11355880262323,-8.46751232898107
29.2025,-6.09216477542609,-2.07788895298271,-8.46241920945882
29.205,-6.07688140186645,-2.05750618175956,-8.46751232898107
29.2075,-6.08707031757288,-1.89444401197433,-8.46751232898107
29.21,-6.09216477542609,-1.89444401197433,-8.49297792659232
29.2125,-6.0972592332793,-2.03202771773061,-8.48279168754782
29.215,-6.13292043825177,-1.88934831916854,-8.47769856802557
29.2175,-6.13801489610498,-1.950496632838,-8.47769856802557
29.22,-6.09216477542609,-1.87406124075117,-8.50825728515907
29.2225,-6.16858164322425,-1.89444401197433,-8.46241920945882
29.225,-6.11254260683893,-1.89444401197433,-8.47769856802557
29.2275,-6.12273152254535,-1.85367846952802,-8.50825728515907
29.23,-6.12782598039856,-1.7721473846354,-8.50825728515907
29.2325,-6.13292043825177,-1.82820000549908,-8.46751232898107
29.235,-6.21443176390314,-1.7721473846354,-8.56428159990381
29.2375,-6.1940539324903,-1.8180086198875,-8.49807104611457
29.24,-6.20424284819672,-1.65494645010227,-8.51844352420357
29.2425,-6.18386501678388,-1.63965937168491,-8.50316416563682
29.245,-6.18895947463709,-1.6447550644907,-8.47769856802557
29.2475,-6.17367610107746,-1.6447550644907,-8.48279168754782
29.25,-6.20933730604993,-1.6447550644907,-8.46751232898107
29.2525,-6.21952622175635,-1.63456367887912,-8.46751232898107
29.255,-6.27556525814167,-1.62946798607333,-8.49297792659232
29.2575,-6.33160429452698,-1.61418090765596,-8.52862976324807
29.26,-6.29594308955451,-1.60908521485018,-8.50825728515907
29.2625,-6.28065971599488,-1.61927660046175,-8.50316416563682
29.265,-6.26537634243525,-1.64985075729648,-8.50825728515907
29.2675,-6.29594308955451,-1.66004214290806,-8.52862976324807
29.27,-6.30613200526093,-1.68042491413121,-8.49297792659232
29.2725,-6.31122646311414,-1.70080768535437,-8.53372288277031
29.275,-6.28575417384809,-1.69061629974279,-8.52862976324807
29.2775,-6.33160429452698,-1.70080768535437,-8.52862976324807
29.28,-6.31122646311414,-1.74157322780068,-8.52862976324807
29.2825,-6.3417932102334,-1.75176461341225,-8.45223297041432
29.285,-6.34688766808662,-1.74666892060646,-8.52862976324807
29.2875,-6.33669875238019,-0.0956644515310163,-8.53881600229256
29.29,-6.33669875238019,-1.82820000549908,-8.51844352420357
29.2925,-6.33160429452698,-1.87915693355696,-8.56937471942606
29.295,-6.33669875238019,-1.87915693355696,-8.55409536085931
29.2975,-6.3417932102334,-1.89953970478012,-8.55918848038156
29.3,-6.34688766808662,-1.93011386161485,-8.48788480707007
29.3025,-6.32141537882056,-2.04221910334219,-8.49297792659232
29.305,-6.32141537882056,-2.00654925370167,-8.50316416563682
29.3075,-6.33160429452698,-1.97597509686694,-8.50316416563682
29.31,-6.33669875238019,-2.00654925370167,-8.52862976324807
29.3125,-6.33669875238019,-2.06260187456535,-8.59484031703731
29.315,-6.3417932102334,-2.07279326017692,-8.51335040468132
29.3175,-6.37235995735267,-2.05750618175956,-8.55409536085931
29.32,-6.37235995735267,-2.09827172420586,-8.51335040468132
29.3225,-6.37745441520588,-2.11355880262323,-8.54390912181481
29.325,-6.38254887305909,-2.15432434506954,-8.53881600229256
29.3275,-6.38254887305909,-2.16451573068111,-8.51335040468132
29.33,-6.38254887305909,-2.18489850190427,-8.49807104611457
29.3325,-6.38254887305909,-2.17470711629269,-8.50316416563682
29.335,-6.37235995735267,-2.18999419471005,-8.49297792659232
29.3375,-6.37745441520588,-2.20528127312742,-8.54900224133706
29.34,-6.3876433309123,-2.24095112276794,-8.54900224133706
29.3425,-6.38254887305909,-2.32248220766055,-8.52862976324807
29.345,-6.38254887305909,-2.31229082204898,-8.52353664372582
29.3475,-6.38254887305909,-2.32757790046634,-8.51844352420357
29.35,-6.38254887305909,-2.40401329255317,-8.52862976324807
29.3525,-6.3876433309123,-2.32757790046634,-0.10461007344729
29.355,-6.39273778876551,-2.34286497888371,-8.53372288277031
29.3575,-6.3876433309123,-2.33776928607792,-8.51335040468132
29.36,-6.38254887305909,-2.36834344291265,-8.50825728515907
29.3625,-6.37745441520588,-2.35815205730107,-8.54900224133706
29.365,-6.39783224661872,-2.36324775010686,-8.53372288277031
29.3675,-6.39273778876551,-2.36324775010686,-8.50825728515907
29.37,-6.36726549949946,-2.3887262141358,-8.50316416563682
29.3725,-6.36217104164625,-2.4345874493879,-8.51335040468132
29.375,-6.36217104164625,-2.41420467816475,-8.51844352420357
29.3775,-6.41311562017835,-2.42439606377632,-8.51844352420357
29.38,-6.36217104164625,-2.40910898535896,-8.53881600229256
29.3825,-6.35707658379304,-2.44477883499948,-8.51335040468132
29.385,-6.35198212593983,-2.42439606377632,-8.54900224133706
29.3875,-6.3417932102334,-2.39382190694159,-8.55918848038156
29.39,-6.33669875238019,-2.39382190694159,-8.54390912181481
29.3925,-6.32650983667377,-2.48554437744578,-8.62539903417081
29.395,-6.31632092096735,-2.49064007025157,-8.59484031703731
29.3975,-6.30613200526093,-2.37853482852423,-8.52862976324807
29.4,-6.28575417384809,-2.39891759974738,-8.52353664372582
29.4025,-6.27047080028846,-2.47535299183421,-8.56937471942606
29.405,-6.26537634243525,-2.37853482852423,-8.54390912181481
29.4075,-6.25518742672882,-2.37853482852423,-8.58974719751506
29.41,-6.23990405316919,-2.45497022061105,-8.52862976324807
29.4125,-6.22971513746277,-2.36324775010686,-8.52862976324807
29.415,-6.25518742672882,-2.35815205730107,-8.52862976324807
29.4175,-6.2449985110224,-2.3479606716895,-8.58974719751506
29.42,-6.23990405316919,-2.32757790046634,-8.52353664372582
29.4225,-6.18386501678388,-2.31229082204898,-8.50825728515907
29.425,-6.1482038118114,-2.30719512924319,-8.51335040468132
29.4275,-6.15839272751782,-2.36834344291265,-8.51844352420357
29.43,-6.1482038118114,-2.26642958679688,-8.51335040468132
29.4325,-6.13801489610498,-2.26642958679688,-8.52353664372582
29.435,-6.12782598039856,-2.2562382011853,-8.52862976324807
29.4375,-6.09216477542609,-2.25114250837952,-8.51844352420357
29.44,-6.08197585971966,-2.24095112276794,-8.53372288277031
29.4425,-6.0972592332793,-2.22566404435057,-8.53881600229256
29.445,-6.11763706469214,-2.215472658739,-8.55918848038156
29.4475,-6.06669248616003,-2.215472658739,-8.56937471942606
29.45,-6.03612573904077,-2.23585542996215,-8.57446783894831
29.4525,-6.0514091126004,-2.20528127312742,-8.54900224133706
29.455,-6.04122019689398,-2.23585542996215,-8.53372288277031
29.4575,-6.03612573904077,-2.20528127312742,-8.55918848038156
29.46,-6.03103128118756,-2.15942003787532,-8.55918848038156
29.4625,-6.02593682333435,-2.17470711629269,-8.57446783894831
29.465,-5.99027561836187,-2.215472658739,-8.56937471942606
29.4675,-5.98008670265545,-2.18999419471005,-8.53372288277031
29.47,-5.96989778694903,-2.215472658739,-8.64577151225981
29.4725,-5.98518116050866,-2.18489850190427,-8.62030591464856
29.475,-5.97499224480224,-2.24095112276794,-8.53881600229256
29.4775,-5.96989778694903,-2.21037696593321,-8.58974719751506
29.48,-5.95970887124261,-2.1696114234869,-8.58974719751506
29.4825,-5.9546144133894,-2.21037696593321,-8.63049215369306
29.485,-5.94951995553619,-2.18489850190427,-8.52353664372582
29.4875,-5.93423658197656,-2.18489850190427,-8.58974719751506
29.49,-5.93933103982977,-2.17980280909848,-8.49297792659232
29.4925,-5.92404766627014,-2.18489850190427,-8.61011967560406
29.495,-5.92404766627014,-2.21037696593321,-8.58465407799281
29.4975,-5.91895320841693,-2.18489850190427,-8.6967027074823
29.5,-6.03612573904077,-2.18999419471005,-8.64067839273756
29.5025,-6.0514091126004,-2.16451573068111,-8.56937471942606
29.505,-5.94442549768298,-2.1696114234869,-8.56937471942606
29.5075,-5.93933103982977,-2.20018558032163,-8.66105087082655
29.51,-6.02084236548114,-2.17470711629269,-8.50825728515907
29.5125,-6.01065344977472,-2.14413295945796,-8.59484031703731
29.515,-5.9087642927105,-2.22056835154479,-8.52353664372582
29.5175,-5.91385875056371,-2.14413295945796,-8.61011967560406
29.52,-5.91385875056371,-2.18999419471005,-8.59993343655956
29.5225,-5.92404766627014,-2.23075973715636,-8.62030591464856
29.525,-5.92914212412335,-2.20018558032163,-8.51844352420357
29.5275,-5.9546144133894,-2.23585542996215,-8.58974719751506
29.53,-5.9546144133894,-2.23585542996215,-8.59993343655956
29.5325,-6.08197585971966,-2.19508988751584,-8.65086463178205
29.535,-5.97499224480224,-2.17470711629269,-8.62539903417081
29.5375,-5.99537007621508,-2.17980280909848,-8.61011967560406
29.54,-6.02084236548114,-2.17470711629269,-8.59993343655956
29.5425,-5.99537007621508,-2.24604681557373,-8.62539903417081
29.545,-5.99537007621508,-2.24604681557373,-8.54900224133706
29.5475,-5.97499224480224,-2.17470711629269,-8.54390912181481
29.55,-5.98008670265545,-2.15432434506954,-8.53372288277031
29.5525,-5.98008670265545,-2.17470711629269,-8.54900224133706
29.555,-6.01574790762793,-2.17470711629269,-8.59993343655956
29.5575,-6.02593682333435,-2.20528127312742,-8.52353664372582
29.56,-6.0004645340683,-2.23585542996215,-8.53372288277031
29.5625,-6.01065344977472,-2.23075973715636,-8.52353664372582
29.565,-6.08197585971966,-2.23585542996215,-8.48788480707007
29.5675,-6.10744814898572,-2.17470711629269,-8.54900224133706
29.57,-6.10744814898572,-2.17980280909848,-8.54390912181481
29.5725,-6.11763706469214,-2.18489850190427,-8.56937471942606
29.575,-6.12273152254535,-2.21037696593321,-8.53881600229256
29.5775,-6.12782598039856,-2.20528127312742,-8.53372288277031
29.58,-6.13292043825177,-2.2562382011853,-8.62539903417081
29.5825,-6.11254260683893,-2.25114250837952,-8.56428159990381
29.585,-6.1482038118114,-2.32757790046634,-8.56428159990381
29.5875,-6.15329826966461,-2.31738651485477,-8.51844352420357
29.59,-6.13801489610498,-2.31738651485477,-8.52862976324807
29.5925,-6.1482038118114,-2.37853482852423,-8.52862976324807
29.595,-6.19914839034351,-2.39891759974738,-8.52862976324807
29.5975,-6.20933730604993,-2.32757790046634,-8.53881600229256
29.6,-6.23990405316919,-2.39382190694159,-8.53372288277031
29.6025,-6.21952622175635,-2.37853482852423,-8.51844352420357
29.605,-6.22971513746277,-2.25114250837952,-8.52862976324807
29.6075,-6.26537634243525,-2.23585542996215,-8.54900224133706
29.61,-6.27047080028846,-2.2562382011853,-8.57446783894831
29.6125,-6.27556525814167,-2.40910898535896,-8.46751232898107
29.615,-6.28065971599488,-2.19508988751584,-8.48788480707007
29.6175,-6.29594308955451,-2.20528127312742,-8.48279168754782
29.62,-6.32650983667377,-2.15942003787532,-8.48788480707007
29.6225,-6.32141537882056,-2.12884588104059,-8.50316416563682
29.625,-6.31122646311414,-2.11865449542902,-8.67123710987105
29.6275,-6.3417932102334,-2.19508988751584,-8.64067839273756
29.63,-6.34688766808662,-2.19508988751584,-8.56937471942606
29.6325,-6.35707658379304,-2.10336741701165,-8.52862976324807
29.635,-6.36217104164625,-2.09317603140008,-8.47769856802557
29.6375,-6.37235995735267,-2.15432434506954,-8.56937471942606
29.64,-6.35707658379304,-2.11865449542902,-8.46751232898107
29.6425,-6.35707658379304,-2.09827172420586,-8.45223297041432
29.645,-6.4334934515912,-2.09317603140008,-8.64577151225981
29.6475,-6.41311562017835,-2.0829846457885,-8.55409536085931
29.65,-6.41311562017835,-2.05750618175956,-8.53881600229256
29.6525,-6.41821007803156,-2.0829846457885,-8.50825728515907
29.655,-6.39783224661872,-2.04221910334219,-8.57956095847056
29.6575,-6.42839899373798,-2.08808033859429,-8.48788480707007
29.66,-6.42839899373798,-1.74666892060646,-8.45223297041432
29.6625,-6.4334934515912,-1.74157322780068,-8.42676737280307
29.665,-6.45387128300404,-1.74666892060646,-8.57446783894831
29.6675,-6.4334934515912,-1.74157322780068,-8.45732608993657
29.67,-6.4334934515912,-1.76705169182962,-8.49297792659232
29.6725,-6.4334934515912,-1.74157322780068,-8.52862976324807
29.675,-6.42839899373798,-1.75686030621804,-8.47769856802557
29.6775,-6.47934357227009,-1.7313818421891,-8.49807104611457
29.68,-6.41821007803156,-1.74666892060646,-8.55918848038156
29.6825,-6.41821007803156,-1.75176461341225,-8.50316416563682
29.685,-6.41311562017835,-1.78233877024698,-8.48279168754782
29.6875,-6.44368236729762,-1.80781723427592,-8.46751232898107
29.69,-6.44877682515083,-1.82310431269329,-8.54390912181481
29.6925,-6.47424911441688,-1.80272154147014,-8.47769856802557
29.695,-6.36726549949946,-1.80781723427592,-8.52862976324807
29.6975,-6.3876433309123,-1.8180086198875,-8.50825728515907
29.7,-6.41311562017835,-1.83329569830487,-8.50825728515907
29.7025,-6.4334934515912,-1.87406124075117,-8.41658113375857
29.705,-6.29594308955451,-1.87915693355696,-8.46751232898107
29.7075,-6.31632092096735,-1.92501816880906,-8.48279168754782
29.71,-6.27047080028846,-1.88934831916854,-8.46241920945882
29.7125,-6.25518742672882,-1.97597509686694,-8.46751232898107
29.715,-6.25009296887561,-1.92501816880906,-8.46751232898107
29.7175,-6.22971513746277,-1.96578371125536,-8.42676737280307
29.72,-6.21443176390314,-1.98107078967273,-8.44713985089207
29.7225,-6.22462067960956,-1.98616648247852,-8.43695361184757
29.725,-6.20424284819672,-1.9963578680901,-8.45223297041432
29.7275,-6.11254260683893,-2.00654925370167,-8.50825728515907
29.73,-6.10744814898572,-2.00145356089588,-8.40639489471408
29.7325,-6.11254260683893,-2.01674063931325,-8.38602241662508
29.735,-6.10744814898572,-2.03202771773061,-8.38092929710283
29.7375,-6.06159802830682,-2.05241048895377,-8.36564993853608
29.74,-6.06159802830682,-2.06769756737113,-8.36564993853608
29.7425,-6.04122019689398,-2.07788895298271,-8.39111553614733
29.745,-6.0004645340683,-2.08808033859429,-8.42167425328083
29.7475,-5.98518116050866,-2.10336741701165,-8.49297792659232
29.75,-5.96989778694903,-2.11355880262323,-8.38602241662508
29.7525,-5.95970887124261,-2.13394157384638,-8.38602241662508
29.755,-5.94442549768298,-2.15942003787532,-8.41658113375857
29.7575,-5.93423658197656,-2.15432434506954,-8.41658113375857
29.76,-5.92404766627014,-2.15432434506954,-8.37074305805833
29.7625,-5.9087642927105,-2.16451573068111,-8.39111553614733
29.765,-5.89857537700408,-2.17470711629269,-8.39620865566958
29.7675,-5.88329200344445,-2.18999419471005,-8.40130177519183
29.77,-5.86800862988482,-2.20018558032163,-8.40639489471408
29.7725,-5.86291417203161,-2.215472658739,-8.38092929710283
29.775,-5.85272525632519,-2.22566404435057,-8.37074305805833
29.7775,-5.84253634061877,-2.26133389399109,-8.44713985089207
29.78,-5.83234742491235,-2.29700374363161,-8.47769856802557
29.7825,-5.84763079847198,-2.27662097240846,-8.46241920945882
29.785,-5.84253634061877,-2.28171666521425,-8.48788480707007
29.7875,-5.83744188276556,-2.27152527960267,-8.51335040468132
29.79,-5.80687513564629,-2.28171666521425,-8.39111553614733
29.7925,-5.80178067779308,-2.26642958679688,-8.47260544850332
29.795,-5.80178067779308,-2.27152527960267,-8.38602241662508
29.7975,-5.80687513564629,-2.28681235802003,-8.45732608993657
29.8,-5.7610250149674,-2.29190805082582,-8.46241920945882
29.8025,-5.75593055711419,-2.28681235802003,-8.46751232898107
29.805,-5.75593055711419,-2.31229082204898,-8.45223297041432
29.8075,-5.75083609926098,-2.31738651485477,-8.48279168754782
29.81,-5.72026935214171,-2.31738651485477,-8.49297792659232
29.8125,-5.72026935214171,-2.29190805082582,-8.52353664372582
29.815,-5.72026935214171,-2.28681235802003,-8.51844352420357
29.8175,-5.72026935214171,-2.30719512924319,-8.40639489471408
29.82,-5.72026935214171,-2.31229082204898,-8.37074305805833
29.8225,-5.74064718355455,-2.33267359327213,-8.37074305805833
29.825,-5.72026935214171,-2.29700374363161,-8.46751232898107
29.8275,-5.72026935214171,-2.29190805082582,-8.48788480707007
29.83,-5.74574164140777,-2.27152527960267,-8.40639489471408
29.8325,-5.72536380999492,-2.31229082204898,-8.41658113375857
29.835,-5.73555272570134,-2.29700374363161,-8.42167425328083
29.8375,-5.74064718355455,-2.28171666521425,-8.39111553614733
29.84,-5.75083609926098,-2.71485055370626,-8.40130177519183
29.8425,-5.7610250149674,-2.29190805082582,-8.41148801423633
29.845,-5.77121393067382,-2.29190805082582,-8.43695361184757
29.8475,-5.78140284638024,-2.51611853428051,-8.44204673136982
29.85,-5.79159176208666,-2.50592714866894,-8.43186049232532
29.8525,-5.80178067779308,-2.50592714866894,-8.41658113375857
29.855,-5.80178067779308,-2.55178838392103,-8.42676737280307
29.8575,-5.83234742491235,-2.46516160622263,-8.40639489471408
29.86,-5.84253634061877,-2.58236254075576,-8.40130177519183
29.8625,-5.85272525632519,-2.58236254075576,-8.40639489471408
29.865,-5.86291417203161,-2.58745823356155,-8.39111553614733
29.8675,-5.86800862988482,-2.67918070406574,-8.42167425328083
29.87,-5.88329200344445,-2.53650130550367,-8.42676737280307
29.8725,-5.87310308773803,-2.54669269111524,-8.43186049232532
29.875,-5.88838646129766,-2.78109456018151,-8.42676737280307
29.8775,-5.90366983485729,-2.66898931845417,-8.42676737280307
29.88,-5.93933103982977,-2.5212142270863,-8.43695361184757
29.8825,-5.94442549768298,-2.6078410047847,-8.43186049232532
29.885,-5.95970887124261,-2.52630991989209,-8.51335040468132
29.8875,-5.97499224480224,-2.56197976953261,-8.45223297041432
29.89,-5.99027561836187,-2.54159699830946,-8.41658113375857
29.8925,-6.00555899192151,-2.54669269111524,-8.42167425328083
29.895,-6.02084236548114,-2.52630991989209,-8.45732608993657
29.8975,-6.04122019689398,-2.54669269111524,-8.52353664372582
29.9,-6.04122019689398,-2.54159699830946,-8.51844352420357
29.9025,-6.05650357045361,-2.44987452780526,-8.47260544850332
29.905,-6.07178694401324,-2.44477883499948,-8.47260544850332
29.9075,-6.08707031757288,-2.49573576305736,-8.56428159990381
29.91,-6.11254260683893,-2.44477883499948,-8.51335040468132
29.9125,-6.12782598039856,-2.51102284147473,-8.49297792659232
29.915,-6.14310935395819,-2.44477883499948,-8.49297792659232
29.9175,-6.15839272751782,-2.34286497888371,-8.51335040468132
29.92,-6.18895947463709,-2.32248220766055,-8.51335040468132
29.9225,-6.18895947463709,-2.32757790046634,-8.55409536085931
29.925,-6.20424284819672,-2.4345874493879,-8.55918848038156
29.9275,-6.21443176390314,-2.41930037097053,-8.55409536085931
29.93,-6.22462067960956,-2.4345874493879,-8.56937471942606
29.9325,-6.23480959531598,-2.32248220766055,-8.56937471942606
29.935,-6.23990405316919,-2.42439606377632,-8.61011967560406
29.9375,-6.22971513746277,-2.28681235802003,-8.60502655608181
29.94,-6.26028188458204,-2.27152527960267,-8.46751232898107
29.9425,-6.26537634243525,-2.43968314219369,-8.45732608993657
29.945,-6.28065971599488,-2.46006591341684,-8.45223297041432
29.9475,-6.2908486317013,-2.40910898535896,-8.55409536085931
29.95,-6.29594308955451,-2.41930037097053,-8.47769856802557
29.9525,-6.31122646311414,-2.26642958679688,-8.44713985089207
29.955,-6.3417932102334,-2.27662097240846,-8.45223297041432
29.9575,-6.35198212593983,-2.37853482852423,-8.45732608993657
29.96,-6.33669875238019,-2.42949175658211,-8.44713985089207
29.9625,-6.3417932102334,-2.43968314219369,-8.45732608993657
29.965,-6.35198212593983,-2.43968314219369,-8.46241920945882
29.9675,-6.33669875238019,-2.4345874493879,-8.50316416563682
29.97,-6.35198212593983,-2.44987452780526,-8.54900224133706
29.9725,-6.35707658379304,-2.44987452780526,-8.53372288277031
29.975,-6.36726549949946,-2.42439606377632,-8.48788480707007
29.9775,-6.37745441520588,-2.42949175658211,-8.51335040468132
29.98,-6.39273778876551,-2.42439606377632,-8.51335040468132
29.9825,-6.39783224661872,-2.47025729902842,-8.51844352420357
29.985,-6.41311562017835,-2.43968314219369,-8.51335040468132
29.9875,-6.42330453588477,-2.44477883499948,-8.50825728515907
29.99,-6.42839899373798,-2.44477883499948,-8.51844352420357
29.9925,-6.43858790944441,-2.43968314219369,-8.51335040468132
29.995,-6.44877682515083,-2.42949175658211,-8.50316416563682
29.9975,-6.45387128300404,-2.74542471054099,-8.51335040468132
