time,V_ai0,V_ai1,V_ai2
0,-0.0908934243440065,-6.32769675301025,-5.71213466744406
0.0025,-6.64236622357283,-6.33788813862182,-5.70704154792181
0.005,-6.64236622357283,-6.30221828898131,-5.74269338457756
0.0075,-6.82576670628841,-6.32260106020446,-5.70194842839956
0.01,-6.80029441702236,-6.31750536739867,-5.70194842839956
0.0125,-6.80029441702236,-6.31240967459288,-5.69685530887731
0.015,-6.93275032120583,-6.31240967459288,-5.69685530887731
0.0175,-6.93275032120583,-6.31750536739867,-5.74269338457756
0.02,-6.93275032120583,-6.3480795242334,-5.72741402601081
0.0225,-0.101082340050429,-6.35317521703919,-5.71722778696631
0.025,-0.0959878821972175,-6.35827090984498,-5.70194842839956
0.0275,-0.0959878821972175,-6.35317521703919,-5.69685530887731
0.03,-0.0908934243440065,-6.34298383142761,-5.67648283078831
0.0325,-0.0959878821972175,-6.33788813862182,-5.67648283078831
0.035,-0.0959878821972175,-6.32769675301025,-5.68157595031056
0.0375,-0.0959878821972175,-6.32769675301025,-5.77325210171105
0.04,-0.0908934243440065,-6.34298383142761,-5.70194842839956
0.0425,-0.0959878821972175,-6.32260106020446,-5.71213466744406
0.045,-0.0959878821972175,-6.33788813862182,-5.66120347222156
0.0475,-0.0959878821972175,-6.33788813862182,-5.67138971126606
0.05,-0.0959878821972175,-6.34298383142761,-5.66629659174381
0.0525,-0.0959878821972175,-6.3480795242334,-5.67138971126606
0.055,-0.0959878821972175,-6.36336660265077,-5.66629659174381
0.0575,-0.0959878821972175,-6.33279244581604,-5.66629659174381
0.06,-0.0959878821972175,-6.33279244581604,-5.67648283078831
0.0625,-0.0908934243440065,-6.37355798826234,-5.65611035269931
0.065,-0.0959878821972175,-6.3480795242334,-5.66120347222156
0.0675,-0.0908934243440065,-6.33788813862182,-5.69685530887731
0.07,-0.0959878821972175,-6.33788813862182,-5.69685530887731
0.0725,-0.0908934243440065,-6.33788813862182,-5.71213466744406
0.075,-0.0959878821972175,-6.34298383142761,-5.66629659174381
0.0775,-0.0908934243440065,-6.35827090984498,-5.67648283078831
0.08,-0.0908934243440065,-6.36336660265077,-5.70704154792181
0.0825,-0.0908934243440065,-6.34298383142761,-5.68666906983281
0.085,-0.0908934243440065,-6.37355798826234,-5.68157595031056
0.0875,-0.0908934243440065,-6.3939407594855,-5.73760026505531
0.09,-0.0908934243440065,-6.38374937387392,-5.67138971126606
0.0925,-0.0908934243440065,-6.36846229545656,-5.66629659174381
0.095,-0.0908934243440065,-6.33788813862182,-5.67138971126606
0.0975,-0.0908934243440065,-6.3480795242334,-5.67138971126606
0.1,-0.0908934243440065,-6.36846229545656,-5.65101723317706
0.1025,-0.0908934243440065,-6.35317521703919,-5.69176218935506
0.105,-0.0959878821972175,-6.32769675301025,-5.68666906983281
0.1075,-0.0908934243440065,-6.32260106020446,-5.69685530887731
0.11,-0.0857989664907954,-6.32260106020446,-5.66629659174381
0.1125,-0.0908934243440065,-6.35317521703919,-5.67648283078831
0.115,-0.0908934243440065,-6.32769675301025,-5.67648283078831
0.1175,-0.0908934243440065,-6.32769675301025,-5.67648283078831
0.12,-0.0959878821972175,-6.33279244581604,-5.69176218935506
0.1225,-0.0959878821972175,-6.33788813862182,-5.65611035269931
0.125,-0.0959878821972175,-6.3480795242334,-5.65611035269931
0.1275,-0.0959878821972175,-6.33788813862182,-5.66629659174381
0.13,-0.0959878821972175,-6.33788813862182,-5.65101723317706
0.1325,-0.0959878821972175,-6.33788813862182,-5.66629659174381
0.135,-0.0959878821972175,-6.33788813862182,-5.69176218935506
0.1375,-0.0908934243440065,-6.3480795242334,-5.71722778696631
0.14,-0.0908934243440065,-6.33788813862182,-5.68157595031056
0.1425,-0.0959878821972175,-6.33788813862182,-5.68666906983281
0.145,-0.0959878821972175,-6.34298383142761,-5.63573787461031
0.1475,-0.0908934243440065,-6.3480795242334,-5.65101723317706
0.15,-0.0908934243440065,-6.3480795242334,-5.71213466744406
0.1525,-0.0908934243440065,-6.35317521703919,-5.64083099413256
0.155,-0.0959878821972175,-6.35827090984498,-5.61536539652132
0.1575,-6.78501104346273,-6.35827090984498,-5.64083099413256
0.16,-6.46915465656367,-6.40922783790286,-5.63573787461031
0.1625,-6.79010550131594,-6.37355798826234,-5.65611035269931
0.165,-6.80538887487557,-6.36336660265077,-5.61536539652132
0.1675,-6.88180574267373,-6.3480795242334,-5.62555163556582
0.17,-6.88690020052694,-6.35317521703919,-5.62555163556582
0.1725,-6.88180574267373,-6.33788813862182,-5.62045851604357
0.175,-0.11636571361006,-6.34298383142761,-5.63064475508807
0.1775,-0.0908934243440065,-6.32260106020446,-5.62555163556582
0.18,-0.0857989664907954,-6.31750536739867,-5.63573787461031
0.1825,-6.77991658560952,-6.33279244581604,-5.64083099413256
0.185,-6.77991658560952,-6.35317521703919,-5.63573787461031
0.1875,-6.63217730786641,-6.3480795242334,-5.61536539652132
0.19,-6.64746068142604,-6.35317521703919,-5.60517915747682
0.1925,-6.64236622357283,-6.34298383142761,-5.61027227699907
0.195,-6.52009923509578,-6.39903645229129,-5.67648283078831
0.1975,-6.50991031938935,-6.35827090984498,-5.62555163556582
0.2,-6.40802116232514,-6.37865368106813,-5.65101723317706
0.2025,-6.39273778876551,-6.36336660265077,-5.64083099413256
0.205,-6.40292670447193,-6.36336660265077,-5.61536539652132
0.2075,-0.121460171463271,-6.35317521703919,-5.63573787461031
0.21,-0.0959878821972175,-6.37355798826234,-5.63064475508807
0.2125,-0.0959878821972175,-6.3480795242334,-5.60008603795457
0.215,-0.0959878821972175,-6.35827090984498,-5.62555163556582
0.2175,-0.0908934243440065,-6.32260106020446,-5.62555163556582
0.22,-0.0908934243440065,-6.32260106020446,-5.61536539652132
0.2225,-0.0908934243440065,-6.34298383142761,-5.62555163556582
0.225,-0.0959878821972175,-6.3480795242334,-5.62045851604357
0.2275,-0.0908934243440065,-6.34298383142761,-5.65101723317706
0.23,-0.0908934243440065,-6.36846229545656,-5.63064475508807
0.2325,-0.0908934243440065,-6.3480795242334,-5.60517915747682
0.235,-0.0908934243440065,-6.35827090984498,-5.61536539652132
0.2375,-0.0908934243440065,-6.36336660265077,-5.61536539652132
0.24,-0.0908934243440065,-6.37355798826234,-5.61536539652132
0.2425,-0.0908934243440065,-6.33788813862182,-5.61536539652132
0.245,-0.0908934243440065,-6.37355798826234,-5.70194842839956
0.2475,-0.0908934243440065,-6.36336660265077,-5.61536539652132
0.25,-0.0959878821972175,-6.33788813862182,-5.64083099413256
0.2525,-0.0959878821972175,-6.35827090984498,-5.61536539652132
0.255,-0.0959878821972175,-6.35317521703919,-5.62045851604357
0.2575,-0.101082340050429,-6.3480795242334,-5.62045851604357
0.26,-0.0959878821972175,-6.35317521703919,-5.61536539652132
0.2625,-0.0908934243440065,-6.35317521703919,-5.63064475508807
0.265,-0.0908934243440065,-6.35317521703919,-5.63573787461031
0.2675,-0.0908934243440065,-6.35317521703919,-5.64083099413256
0.27,-0.0908934243440065,-6.32769675301025,-5.64083099413256
0.2725,-0.0908934243440065,-6.32769675301025,-5.65101723317706
0.275,-0.0908934243440065,-6.40413214509707,-5.64592411365481
0.2775,-0.0908934243440065,-6.34298383142761,-5.65611035269931
0.28,-0.0959878821972175,-6.33788813862182,-5.66629659174381
0.2825,-0.0908934243440065,-6.37865368106813,-5.67138971126606
0.285,-0.0908934243440065,-6.35317521703919,-5.66120347222156
0.2875,-0.0857989664907954,-6.37865368106813,-5.65611035269931
0.29,-0.0908934243440065,-6.36846229545656,-5.72232090648856
0.2925,-0.0908934243440065,-6.37355798826234,-5.70194842839956
0.295,-0.0908934243440065,-6.32260106020446,-5.69685530887731
0.2975,-0.0959878821972175,-6.36336660265077,-5.68157595031056
0.3,-0.0908934243440065,-6.35827090984498,-5.68666906983281
0.3025,-0.0908934243440065,-6.37355798826234,-5.67648283078831
0.305,-0.0908934243440065,-6.37865368106813,-5.70704154792181
0.3075,-0.0959878821972175,-6.35827090984498,-5.71213466744406
0.31,-0.0908934243440065,-6.35317521703919,-5.72232090648856
0.3125,-0.0959878821972175,-6.3480795242334,-5.70194842839956
0.315,-0.0908934243440065,-6.36336660265077,-5.75287962362205
0.3175,-0.0959878821972175,-6.33788813862182,-5.74778650409981
0.32,-0.0908934243440065,-6.33788813862182,-5.73250714553306
0.3225,-0.0959878821972175,-6.35827090984498,-5.72741402601081
0.325,-0.0908934243440065,-6.36336660265077,-5.70194842839956
0.3275,-0.0959878821972175,-6.36846229545656,-5.70704154792181
0.33,-0.0959878821972175,-6.36336660265077,-5.73250714553306
0.3325,-0.0959878821972175,-6.3480795242334,-5.74269338457756
0.335,-0.0959878821972175,-6.38884506667971,-5.73760026505531
0.3375,-0.0908934243440065,-6.35827090984498,-5.74269338457756
0.34,-0.0908934243440065,-6.35317521703919,-5.74778650409981
0.3425,-0.0908934243440065,-6.34298383142761,-5.71722778696631
0.345,-0.0908934243440065,-6.36336660265077,-5.72232090648856
0.3475,-0.0959878821972175,-6.36336660265077,-5.7579727431443
0.35,-0.0908934243440065,-6.36846229545656,-5.7885314602778
0.3525,-0.0959878821972175,-6.36846229545656,-5.80381081884455
0.355,-0.0959878821972175,-6.37355798826234,-5.74778650409981
0.3575,-0.0908934243440065,-6.37355798826234,-5.7579727431443
0.36,-0.0959878821972175,-6.38884506667971,-5.7579727431443
0.3625,-7.24351225025168,-6.37355798826234,-5.7681589821888
0.365,-7.33521249160947,-6.37355798826234,-5.76306586266655
0.3675,-7.26898453951773,-6.36336660265077,-5.73760026505531
0.37,-7.21294550313242,-6.36336660265077,-5.77325210171105
0.3725,-7.20275658742599,-6.38884506667971,-5.77325210171105
0.375,-7.21294550313242,-6.36336660265077,-5.79362457980005
0.3775,-0.0959878821972175,-6.35827090984498,-5.7681589821888
0.38,-0.0908934243440065,-6.3480795242334,-5.77325210171105
0.3825,-0.0959878821972175,-6.37355798826234,-5.78343834075555
0.385,-0.0908934243440065,-6.33279244581604,-5.7783452212333
0.3875,-0.0959878821972175,-6.31750536739867,-5.78343834075555
0.39,-0.0959878821972175,-6.41941922351444,-5.7885314602778
0.3925,-0.0959878821972175,-6.3939407594855,-5.79362457980005
0.395,-0.0908934243440065,-6.38374937387392,-5.7987176993223
0.3975,-0.0857989664907954,-6.4347063019318,-5.7987176993223
0.4,-0.0908934243440065,-6.40922783790286,-5.81399705788905
0.4025,-0.0908934243440065,-6.37865368106813,-5.8394626555003
0.405,-0.0857989664907954,-6.3939407594855,-5.82418329693355
0.4075,-0.0908934243440065,-6.34298383142761,-5.82418329693355
0.41,-0.0959878821972175,-6.37355798826234,-5.82418329693355
0.4125,-0.0857989664907954,-6.36846229545656,-5.8292764164558
0.415,-0.0908934243440065,-6.36336660265077,-5.8190901774113
0.4175,-0.0908934243440065,-6.35317521703919,-5.8598351335893
0.42,-0.0908934243440065,-6.36336660265077,-5.85474201406705
0.4225,-0.0908934243440065,-6.33788813862182,-5.8598351335893
0.425,-0.0959878821972175,-6.35317521703919,-5.87002137263379
0.4275,-0.0908934243440065,-6.35317521703919,-5.84455577502255
0.43,-0.0908934243440065,-6.35317521703919,-5.82418329693355
0.4325,-0.0908934243440065,-6.33279244581604,-5.84455577502255
0.435,-0.0959878821972175,-6.35827090984498,-5.8496488945448
0.4375,-0.0908934243440065,-6.37355798826234,-5.85474201406705
0.44,-7.46257393793974,-6.35317521703919,-5.8190901774113
0.4425,-7.46257393793974,-6.3480795242334,-5.8292764164558
0.445,-7.37087369658194,-6.36846229545656,-5.8190901774113
0.4475,-7.52370743217826,-6.33788813862182,-5.81399705788905
0.45,-7.51861297432505,-6.33788813862182,-5.8190901774113
0.4525,-7.39125152799479,-6.35827090984498,-5.8394626555003
0.455,-7.39125152799479,-6.3480795242334,-5.82418329693355
0.4575,-7.47785731149937,-6.35827090984498,-5.82418329693355
0.46,-7.396345985848,-6.32769675301025,-5.8496488945448
0.4625,-7.35559032302231,-6.35827090984498,-5.82418329693355
0.465,-7.35559032302231,-6.33788813862182,-5.8190901774113
0.4675,-7.35559032302231,-6.35317521703919,-5.8292764164558
0.47,-0.0959878821972175,-6.33788813862182,-5.8190901774113
0.4725,-0.0908934243440065,-6.35827090984498,-5.82418329693355
0.475,-0.0908934243440065,-6.37355798826234,-5.82418329693355
0.4775,-0.0908934243440065,-6.3480795242334,-5.82418329693355
0.48,-0.0908934243440065,-6.31750536739867,-5.8292764164558
0.4825,-0.0959878821972175,-6.33279244581604,-5.8190901774113
0.485,-0.0908934243440065,-6.33279244581604,-5.82418329693355
0.4875,-0.0959878821972175,-6.33279244581604,-5.82418329693355
0.49,-0.0908934243440065,-6.32769675301025,-5.82418329693355
0.4925,-0.0908934243440065,-6.3480795242334,-5.82418329693355
0.495,-0.0908934243440065,-6.32769675301025,-5.87002137263379
0.4975,-0.0959878821972175,-6.40413214509707,-5.85474201406705
0.5,-0.0959878821972175,-6.37865368106813,-5.84455577502255
0.5025,-0.0959878821972175,-6.37355798826234,-5.84455577502255
0.505,-0.0908934243440065,-6.38374937387392,-5.84455577502255
0.5075,-0.0959878821972175,-6.37355798826234,-5.82418329693355
0.51,-0.0959878821972175,-6.36336660265077,-5.8292764164558
0.5125,-0.0908934243440065,-6.38374937387392,-5.79362457980005
0.515,-0.0908934243440065,-6.35827090984498,-5.7987176993223
0.5175,-0.0908934243440065,-6.36336660265077,-5.7885314602778
0.52,-0.0908934243440065,-6.36336660265077,-5.7885314602778
0.5225,-0.0959878821972175,-6.36846229545656,-5.7885314602778
0.525,-0.0908934243440065,-6.35317521703919,-5.7783452212333
0.5275,-0.0959878821972175,-6.34298383142761,-5.78343834075555
0.53,-0.0908934243440065,-6.31240967459288,-5.77325210171105
0.5325,-0.0959878821972175,-6.32769675301025,-5.7681589821888
0.535,-0.0908934243440065,-6.32769675301025,-5.7681589821888
0.5375,-0.0959878821972175,-6.31750536739867,-5.7579727431443
0.54,-0.0908934243440065,-6.31240967459288,-5.7987176993223
0.5425,-0.0908934243440065,-6.30221828898131,-5.74778650409981
0.545,-0.0908934243440065,-6.32769675301025,-5.74778650409981
0.5475,-0.0908934243440065,-6.35827090984498,-5.7579727431443
0.55,-0.0908934243440065,-6.33788813862182,-5.7783452212333
0.5525,-0.0908934243440065,-6.34298383142761,-5.75287962362205
0.555,-0.0959878821972175,-6.33788813862182,-5.73250714553306
0.5575,-0.0959878821972175,-6.33788813862182,-5.75287962362205
0.56,-0.0908934243440065,-6.40413214509707,-5.74778650409981
0.5625,-0.0959878821972175,-6.38374937387392,-5.7783452212333
0.565,-0.0908934243440065,-6.36336660265077,-5.78343834075555
0.5675,-0.0959878821972175,-6.38374937387392,-5.7885314602778
0.57,-0.0908934243440065,-6.38884506667971,-5.7579727431443
0.5725,-0.0908934243440065,-6.38374937387392,-5.74778650409981
0.575,-0.0959878821972175,-6.3939407594855,-5.73760026505531
0.5775,-0.0959878821972175,-6.33279244581604,-5.73760026505531
0.58,-0.0959878821972175,-6.35317521703919,-5.72232090648856
0.5825,-0.0908934243440065,-6.35317521703919,-5.72741402601081
0.585,-0.0959878821972175,-6.34298383142761,-5.72232090648856
0.5875,-0.0908934243440065,-6.33279244581604,-5.71722778696631
0.59,-0.101082340050429,-6.33788813862182,-5.85474201406705
0.5925,-0.0908934243440065,-6.33788813862182,-5.70704154792181
0.595,-0.0908934243440065,-6.34298383142761,-5.70704154792181
0.5975,-0.0908934243440065,-6.35317521703919,-5.69685530887731
0.6,-0.0908934243440065,-6.33279244581604,-5.69685530887731
0.6025,-0.0908934243440065,-6.37355798826234,-5.72741402601081
0.605,-6.76463321204988,-6.37355798826234,-5.73250714553306
0.6075,-6.76463321204988,-6.37865368106813,-5.70704154792181
0.61,-6.76972766990309,-6.35827090984498,-5.69176218935506
0.6125,-6.79519995916915,-6.36336660265077,-5.74269338457756
0.615,-6.79519995916915,-6.38374937387392,-5.67648283078831
0.6175,-6.79010550131594,-6.36336660265077,-5.66629659174381
0.62,-0.0959878821972175,-6.36336660265077,-5.66629659174381
0.6225,-0.0959878821972175,-6.37355798826234,-5.68666906983281
0.625,-6.60670501860036,-6.37355798826234,-5.68157595031056
0.6275,-6.60161056074715,-6.36846229545656,-5.66120347222156
0.63,-6.60670501860036,-6.36336660265077,-5.64592411365481
0.6325,-0.0959878821972175,-6.36846229545656,-5.66120347222156
0.635,-0.0959878821972175,-6.36336660265077,-5.65101723317706
0.6375,-0.0908934243440065,-6.35317521703919,-5.65611035269931
0.64,-0.0908934243440065,-6.3480795242334,-5.64592411365481
0.6425,-0.0857989664907954,-6.35827090984498,-5.67648283078831
0.645,-0.0908934243440065,-6.35827090984498,-5.68157595031056
0.6475,-0.0908934243440065,-6.32260106020446,-5.67138971126606
0.65,-0.0959878821972175,-6.32769675301025,-5.67648283078831
0.6525,-0.0908934243440065,-6.31750536739867,-5.66629659174381
0.655,-0.0959878821972175,-6.33788813862182,-5.63064475508807
0.6575,-0.0908934243440065,-6.33279244581604,-5.64592411365481
0.66,-0.0959878821972175,-6.33279244581604,-5.63573787461031
0.6625,-0.0908934243440065,-6.32260106020446,-5.66120347222156
0.665,-0.0959878821972175,-6.32260106020446,-5.66120347222156
0.6675,-0.0908934243440065,-6.32260106020446,-5.66120347222156
0.67,-0.0959878821972175,-6.32260106020446,-5.64083099413256
0.6725,-0.0908934243440065,-6.36336660265077,-5.63573787461031
0.675,-0.0908934243440065,-6.33279244581604,-5.64083099413256
0.6775,-0.0908934243440065,-6.32260106020446,-5.65611035269931
0.68,-0.0959878821972175,-6.31750536739867,-5.65101723317706
0.6825,-0.0959878821972175,-6.3480795242334,-5.65101723317706
0.685,-0.0908934243440065,-6.32260106020446,-5.64083099413256
0.6875,-0.0908934243440065,-6.3480795242334,-5.63064475508807
0.69,-0.0959878821972175,-6.36846229545656,-5.62555163556582
0.6925,-0.0908934243440065,-6.3939407594855,-5.60517915747682
0.695,-0.0959878821972175,-6.33788813862182,-5.62555163556582
0.6975,-5.76611947282061,-6.35827090984498,-5.62045851604357
0.7,-5.71008043643529,-6.35317521703919,-5.62045851604357
0.7025,-5.7151748942885,-6.3480795242334,-5.62555163556582
0.705,-5.70498597858208,-6.31240967459288,-5.63064475508807
0.7075,-0.0959878821972175,-6.32769675301025,-5.60008603795457
0.71,-5.71008043643529,-6.33788813862182,-5.60008603795457
0.7125,-5.7610250149674,-6.36336660265077,-5.60517915747682
0.715,-5.79668621993987,-6.35827090984498,-5.60008603795457
0.7175,-5.86291417203161,-6.29712259617552,-5.62045851604357
0.72,-5.8578197141784,-6.33279244581604,-5.61536539652132
0.7225,-6.12782598039856,-6.37865368106813,-5.62045851604357
0.725,-6.12273152254535,-6.35827090984498,-5.62555163556582
0.7275,-6.12273152254535,-6.3480795242334,-5.61536539652132
0.73,-0.0908934243440065,-6.37865368106813,-5.60008603795457
0.7325,-0.0959878821972175,-6.40922783790286,-5.58989979891007
0.735,-0.0959878821972175,-6.39903645229129,-5.65101723317706
0.7375,-0.0908934243440065,-6.35317521703919,-5.57462044034332
0.74,-0.0959878821972175,-6.3480795242334,-5.58989979891007
0.7425,-0.0908934243440065,-6.36846229545656,-5.58989979891007
0.745,-0.0908934243440065,-6.36336660265077,-5.57971355986557
0.7475,-0.0908934243440065,-6.33788813862182,-5.58480667938782
0.75,-0.0908934243440065,-6.35827090984498,-5.57971355986557
0.7525,-0.0959878821972175,-6.36336660265077,-5.56952732082107
0.755,-0.0908934243440065,-6.31240967459288,-5.57462044034332
0.7575,-0.0959878821972175,-6.31750536739867,-5.56443420129882
0.76,-0.0908934243440065,-6.33279244581604,-5.56952732082107
0.7625,-0.0908934243440065,-6.31750536739867,-5.58480667938782
0.765,-0.106176797903638,-6.31750536739867,-5.59499291843232
0.7675,-0.0908934243440065,-6.31750536739867,-5.60008603795457
0.77,-0.0908934243440065,-6.35317521703919,-5.60008603795457
0.7725,-0.0908934243440065,-6.3480795242334,-5.55424796225432
0.775,-6.11763706469214,-6.33279244581604,-5.57971355986557
0.7775,-6.11254260683893,-6.36336660265077,-5.58480667938782
0.78,-6.11254260683893,-6.36336660265077,-5.56952732082107
0.7825,-0.0959878821972175,-6.33788813862182,-5.56443420129882
0.785,-6.49462694582972,-6.31750536739867,-5.56952732082107
0.7875,-6.49462694582972,-6.35317521703919,-5.55934108177657
0.79,-6.43858790944441,-6.34298383142761,-5.57971355986557
0.7925,-6.4334934515912,-6.36336660265077,-5.57462044034332
0.795,-6.06159802830682,-6.3480795242334,-5.53387548416532
0.7975,-6.05650357045361,-6.35317521703919,-5.56443420129882
0.8,-6.25009296887561,-6.35317521703919,-5.54915484273207
0.8025,-6.2449985110224,-6.32769675301025,-5.55424796225432
0.805,-6.25009296887561,-6.33279244581604,-5.54915484273207
0.8075,-0.0857989664907954,-6.33788813862182,-5.54406172320982
0.81,-6.00555899192151,-6.37355798826234,-5.59499291843232
0.8125,-6.01065344977472,-6.35317521703919,-5.55934108177657
0.815,-6.08197585971966,-6.40922783790286,-5.56443420129882
0.8175,-6.07178694401324,-6.35827090984498,-5.52878236464307
0.82,-6.06159802830682,-6.37355798826234,-5.58989979891007
0.8225,-6.06669248616003,-6.3939407594855,-5.55424796225432
0.825,-0.0959878821972175,-6.33788813862182,-5.55424796225432
0.8275,-0.101082340050429,-6.33788813862182,-5.55934108177657
0.83,-0.0908934243440065,-6.32769675301025,-5.55424796225432
0.8325,-0.0959878821972175,-6.32769675301025,-5.54915484273207
0.835,-0.0908934243440065,-6.33279244581604,-5.54915484273207
0.8375,-0.0908934243440065,-6.33279244581604,-5.54915484273207
0.84,-0.0908934243440065,-6.31750536739867,-5.57971355986557
0.8425,-0.0959878821972175,-6.33279244581604,-5.62045851604357
0.845,-5.91895320841693,-6.31750536739867,-5.55424796225432
0.8475,-5.9546144133894,-6.31750536739867,-5.63573787461031
0.85,-5.95970887124261,-6.31240967459288,-5.53896860368757
0.8525,-5.9546144133894,-6.32260106020446,-5.54406172320982
0.855,-0.0959878821972175,-6.30221828898131,-5.53387548416532
0.8575,-0.0959878821972175,-6.38374937387392,-5.57462044034332
0.86,-0.0908934243440065,-6.35827090984498,-5.57971355986557
0.8625,-0.0959878821972175,-6.37355798826234,-5.54406172320982
0.865,-0.0908934243440065,-6.29712259617552,-5.53387548416532
0.8675,-0.0959878821972175,-6.33788813862182,-5.55934108177657
0.87,-0.0959878821972175,-6.35827090984498,-5.57462044034332
0.8725,-0.0908934243440065,-6.3480795242334,-5.54915484273207
0.875,-0.0959878821972175,-6.37355798826234,-5.58480667938782
0.8775,-0.0908934243440065,-6.34298383142761,-5.58989979891007
0.88,-0.0959878821972175,-6.3480795242334,-5.55424796225432
0.8825,-0.0908934243440065,-6.37355798826234,-5.56443420129882
0.885,-5.31271272388487,-6.34298383142761,-5.57971355986557
0.8875,-5.30761826603165,-6.45508907315496,-5.56952732082107
0.89,-5.31271272388487,-6.35317521703919,-5.56952732082107
0.8925,-0.0959878821972175,-6.31240967459288,-5.53896860368757
0.895,-0.0959878821972175,-6.38884506667971,-5.55424796225432
0.8975,-0.0959878821972175,-6.38374937387392,-5.57462044034332
0.9,-0.0959878821972175,-6.33279244581604,-5.56443420129882
0.9025,-0.0959878821972175,-6.33279244581604,-5.56952732082107
0.905,-0.0959878821972175,-6.32260106020446,-5.57462044034332
0.9075,-0.0908934243440065,-6.32260106020446,-5.58480667938782
0.91,-0.0959878821972175,-6.33279244581604,-5.57462044034332
0.9125,-0.0908934243440065,-6.35317521703919,-5.64592411365481
0.915,-0.0959878821972175,-6.35827090984498,-5.57462044034332
0.9175,-0.0908934243440065,-6.31240967459288,-5.58480667938782
0.92,-0.0959878821972175,-6.33279244581604,-5.60008603795457
0.9225,-0.0959878821972175,-6.35317521703919,-5.60008603795457
0.925,-0.0959878821972175,-6.35317521703919,-5.61536539652132
0.9275,-0.0908934243440065,-6.35317521703919,-5.59499291843232
0.93,-0.0959878821972175,-6.34298383142761,-5.60008603795457
0.9325,-0.0908934243440065,-6.3480795242334,-5.63573787461031
0.935,-0.0959878821972175,-6.36846229545656,-5.64083099413256
0.9375,-0.0908934243440065,-6.36846229545656,-5.63573787461031
0.94,-0.0908934243440065,-6.37865368106813,-5.66629659174381
0.9425,-6.23990405316919,-6.36846229545656,-5.65611035269931
0.945,-6.23990405316919,-6.36336660265077,-5.67138971126606
0.9475,-6.2449985110224,-6.34298383142761,-5.60517915747682
0.95,-0.0959878821972175,-6.31750536739867,-5.72741402601081
0.9525,-0.0959878821972175,-6.3480795242334,-5.73250714553306
0.955,-0.0959878821972175,-6.32260106020446,-5.66629659174381
0.9575,-0.0959878821972175,-6.32769675301025,-5.68157595031056
0.96,-0.0959878821972175,-6.32260106020446,-5.7681589821888
0.9625,-0.0959878821972175,-6.3480795242334,-5.79362457980005
0.965,-0.0908934243440065,-6.35317521703919,-5.69176218935506
0.9675,-0.0908934243440065,-6.33788813862182,-5.73250714553306
0.97,-0.0908934243440065,-6.36336660265077,-5.63064475508807
0.9725,-0.0959878821972175,-6.36336660265077,-5.69176218935506
0.975,-0.0959878821972175,-6.35827090984498,-5.61536539652132
0.9775,-0.0959878821972175,-6.37355798826234,-5.73250714553306
0.98,-0.0908934243440065,-6.37355798826234,-5.74778650409981
0.9825,-0.0908934243440065,-6.36846229545656,-5.63064475508807
0.985,-6.0972592332793,-6.36336660265077,-5.77325210171105
0.9875,-6.0972592332793,-6.35827090984498,-5.7885314602778
0.99,-6.09216477542609,-6.38884506667971,-5.69176218935506
0.9925,-0.101082340050429,-6.35317521703919,-5.78343834075555
0.995,-0.0959878821972175,-6.35827090984498,-5.7783452212333
0.9975,-0.0959878821972175,-6.3480795242334,-5.8394626555003
1,-0.0959878821972175,-6.35317521703919,-5.85474201406705
1.0025,-6.07178694401324,-6.33279244581604,-5.66120347222156
1.005,-6.06159802830682,-6.32769675301025,-5.67648283078831
1.0075,-5.98518116050866,-6.33788813862182,-5.67648283078831
1.01,-5.97499224480224,-6.31750536739867,-5.66629659174381
1.0125,-5.96989778694903,-6.3939407594855,-5.8496488945448
1.015,-5.96989778694903,-6.32769675301025,-5.8292764164558
1.0175,-0.101082340050429,-6.34298383142761,-5.7681589821888
1.02,-0.0908934243440065,-6.39903645229129,-5.73760026505531
1.0225,-0.0959878821972175,-6.33788813862182,-5.75287962362205
1.025,-0.0908934243440065,-6.38374937387392,-5.73760026505531
1.0275,-0.0959878821972175,-6.34298383142761,-5.74778650409981
1.03,-0.0908934243440065,-6.33788813862182,-5.8190901774113
1.0325,-0.0908934243440065,-6.32260106020446,-5.8190901774113
1.035,-0.0908934243440065,-6.35317521703919,-5.73760026505531
1.0375,-0.0908934243440065,-6.41432353070865,-5.74778650409981
1.04,-0.0908934243440065,-6.3480795242334,-5.72741402601081
1.0425,-0.0908934243440065,-6.37355798826234,-5.73760026505531
1.045,-0.0908934243440065,-6.37355798826234,-5.7987176993223
1.0475,-0.0959878821972175,-6.36846229545656,-5.8394626555003
1.05,-0.0908934243440065,-6.36846229545656,-5.8190901774113
1.0525,-0.0908934243440065,-6.39903645229129,-5.84455577502255
1.055,-0.0908934243440065,-6.35317521703919,-5.83436953597805
1.0575,-0.0908934243440065,-6.35317521703919,-5.8292764164558
1.06,-0.0908934243440065,-6.35827090984498,-5.78343834075555
1.0625,-0.0857989664907954,-6.38374937387392,-5.76306586266655
1.065,-0.0908934243440065,-6.38884506667971,-5.79362457980005
1.0675,-0.0908934243440065,-6.35317521703919,-5.90058008976729
1.07,-0.0908934243440065,-6.3480795242334,-5.81399705788905
1.0725,-0.0959878821972175,-6.36336660265077,-5.80381081884455
1.075,-0.0908934243440065,-6.33279244581604,-5.80381081884455
1.0775,-0.0908934243440065,-6.30221828898131,-5.84455577502255
1.08,-0.0908934243440065,-6.33279244581604,-5.82418329693355
1.0825,-0.0959878821972175,-6.35827090984498,-5.8496488945448
1.085,-0.0908934243440065,-6.3480795242334,-5.82418329693355
1.0875,-0.0908934243440065,-6.3480795242334,-5.8292764164558
1.09,-0.0908934243440065,-6.35827090984498,-5.83436953597805
1.0925,-0.0908934243440065,-6.36336660265077,-5.80381081884455
1.095,-0.0908934243440065,-6.36336660265077,-5.85474201406705
1.0975,-0.0908934243440065,-6.36846229545656,-5.8394626555003
1.1,-0.0959878821972175,-6.35317521703919,-5.8598351335893
1.1025,-0.0908934243440065,-6.35317521703919,-5.84455577502255
1.105,-0.0959878821972175,-6.33279244581604,-5.8394626555003
1.1075,-0.0908934243440065,-6.33279244581604,-5.84455577502255
1.11,-0.0908934243440065,-6.35317521703919,-5.8496488945448
1.1125,-0.0959878821972175,-6.36336660265077,-5.84455577502255
1.115,-0.0908934243440065,-6.33279244581604,-5.8598351335893
1.1175,-0.0908934243440065,-6.35827090984498,-5.87002137263379
1.12,-0.0959878821972175,-6.32769675301025,-5.8598351335893
1.1225,-0.0959878821972175,-6.33279244581604,-5.8598351335893
1.125,-0.0807045086375862,-6.36336660265077,-5.8598351335893
1.1275,-0.0908934243440065,-6.37865368106813,-5.85474201406705
1.13,-0.0959878821972175,-6.36846229545656,-5.90567320928954
1.1325,-0.0908934243440065,-6.38374937387392,-5.88530073120054
1.135,-0.0908934243440065,-6.36846229545656,-5.89039385072279
1.1375,-0.0959878821972175,-6.35827090984498,-5.91076632881179
1.14,-0.0857989664907954,-6.35827090984498,-5.89548697024504
1.1425,-0.0908934243440065,-6.37355798826234,-5.89548697024504
1.145,-0.0908934243440065,-6.34298383142761,-5.88020761167829
1.1475,-0.0959878821972175,-6.34298383142761,-5.92604568737854
1.15,-0.0908934243440065,-6.32769675301025,-5.92604568737854
1.1525,-0.0959878821972175,-6.33279244581604,-5.88530073120054
1.155,-0.0908934243440065,-6.32260106020446,-5.88020761167829
1.1575,-0.0908934243440065,-6.3480795242334,-5.93113880690079
1.16,-0.0908934243440065,-6.35827090984498,-5.90058008976729
1.1625,-0.0908934243440065,-6.37865368106813,-5.90058008976729
1.165,-0.0908934243440065,-6.38374937387392,-5.87002137263379
1.1675,-0.0908934243440065,-6.35827090984498,-5.87002137263379
1.17,-0.0908934243440065,-6.37355798826234,-5.88020761167829
1.1725,-0.0908934243440065,-6.41432353070865,-5.90567320928954
1.175,-0.0908934243440065,-6.38884506667971,-5.94132504594529
1.1775,-0.0908934243440065,-6.41432353070865,-5.89039385072279
1.18,-0.0908934243440065,-6.3939407594855,-5.88530073120054
1.1825,-0.0908934243440065,-6.40922783790286,-5.88530073120054
1.185,-0.0908934243440065,-6.37355798826234,-5.88020761167829
1.1875,-0.0908934243440065,-6.35827090984498,-5.8598351335893
1.19,-0.0908934243440065,-6.32769675301025,-5.89039385072279
1.1925,-0.0908934243440065,-6.34298383142761,-5.88020761167829
1.195,-0.0908934243440065,-6.37355798826234,-5.85474201406705
1.1975,-0.0908934243440065,-6.34298383142761,-5.84455577502255
1.2,-0.0959878821972175,-6.34298383142761,-5.88020761167829
1.2025,-0.0959878821972175,-6.32769675301025,-5.89548697024504
1.205,-0.0959878821972175,-6.3480795242334,-5.88530073120054
1.2075,-0.0908934243440065,-6.33788813862182,-5.89039385072279
1.21,-0.0857989664907954,-6.31750536739867,-5.90567320928954
1.2125,-0.0959878821972175,-6.33279244581604,-5.93113880690079
1.215,-0.0908934243440065,-6.38374937387392,-5.89039385072279
1.2175,-0.0959878821972175,-6.33788813862182,-5.8598351335893
1.22,-0.0908934243440065,-6.35827090984498,-5.8598351335893
1.2225,-0.0908934243440065,-6.33788813862182,-5.86492825311154
1.225,-0.0908934243440065,-6.34298383142761,-5.93113880690079
1.2275,-6.66783851283888,-6.33788813862182,-5.88020761167829
1.23,-6.92765586335262,-6.3480795242334,-5.95151128498979
1.2325,-6.61689393430678,-6.37355798826234,-5.88020761167829
1.235,-6.6270828500132,-6.36846229545656,-5.87002137263379
1.2375,-6.61689393430678,-6.35827090984498,-5.87002137263379
1.24,-6.63217730786641,-6.3480795242334,-5.92604568737854
1.2425,-6.47424911441688,-6.33788813862182,-5.95151128498979
1.245,-6.47934357227009,-6.37355798826234,-5.95660440451204
1.2475,-6.47424911441688,-6.36336660265077,-5.88020761167829
1.25,-6.66274405498567,-6.35827090984498,-5.91076632881179
1.2525,-6.45387128300404,-6.4347063019318,-5.86492825311154
1.255,-6.45387128300404,-6.37355798826234,-5.8598351335893
1.2575,-6.45387128300404,-6.36846229545656,-5.85474201406705
1.26,-6.34688766808662,-6.35827090984498,-5.95660440451204
1.2625,-5.70498597858208,-6.35827090984498,-5.98716312164553
1.265,-5.71008043643529,-6.36846229545656,-5.92604568737854
1.2675,-5.69989152072887,-6.39903645229129,-5.86492825311154
1.27,-0.0959878821972175,-6.41941922351444,-5.83436953597805
1.2725,-0.0908934243440065,-6.36336660265077,-5.8292764164558
1.275,-0.0959878821972175,-6.35827090984498,-5.95151128498979
1.2775,-0.0959878821972175,-6.37355798826234,-5.94641816546754
1.28,-0.0857989664907954,-6.36846229545656,-5.8496488945448
1.2825,-0.0908934243440065,-6.33788813862182,-5.91076632881179
1.285,-0.0908934243440065,-6.30731398178709,-6.02281495830128
1.2875,-0.0908934243440065,-6.32260106020446,-5.8292764164558
1.29,-0.0959878821972175,-6.31240967459288,-5.81399705788905
1.2925,-0.0908934243440065,-6.31240967459288,-5.84455577502255
1.295,-0.0908934243440065,-6.30731398178709,-6.00244248021228
1.2975,-0.0908934243440065,-6.31240967459288,-5.91076632881179
1.3,-0.0959878821972175,-6.31240967459288,-5.8496488945448
1.3025,-0.0959878821972175,-6.30731398178709,-6.02281495830128
1.305,-0.0959878821972175,-6.31240967459288,-5.7885314602778
1.3075,-0.0908934243440065,-6.33279244581604,-5.7681589821888
1.31,-0.0908934243440065,-6.33279244581604,-5.8598351335893
1.3125,-0.0908934243440065,-6.33788813862182,-5.93113880690079
1.315,-0.0908934243440065,-6.33788813862182,-5.8190901774113
1.3175,-0.0908934243440065,-6.33279244581604,-5.87002137263379
1.32,-0.0908934243440065,-6.34298383142761,-5.88020761167829
1.3225,-6.88180574267373,-6.33788813862182,-5.88530073120054
1.325,-6.75953875419667,-6.33279244581604,-5.74778650409981
1.3275,-6.75444429634346,-6.33279244581604,-5.77325210171105
1.33,-6.75444429634346,-6.32769675301025,-5.92095256785629
1.3325,-0.0959878821972175,-6.32260106020446,-5.75287962362205
1.335,-0.0959878821972175,-6.32260106020446,-6.01262871925678
1.3375,-0.0908934243440065,-6.33788813862182,-5.87002137263379
1.34,-0.0908934243440065,-6.37355798826234,-5.86492825311154
1.3425,-0.0908934243440065,-6.35317521703919,-5.85474201406705
1.345,-0.0908934243440065,-6.37355798826234,-5.93623192642304
1.3475,-0.0908934243440065,-6.38374937387392,-5.7681589821888
1.35,-0.101082340050429,-6.38374937387392,-5.7579727431443
1.3525,-0.0908934243440065,-6.36336660265077,-5.76306586266655
1.355,-0.0959878821972175,-6.35827090984498,-5.7783452212333
1.3575,-0.0908934243440065,-6.35317521703919,-5.8292764164558
1.36,-0.0959878821972175,-6.36336660265077,-5.8089039383668
1.3625,-0.0959878821972175,-6.33788813862182,-5.82418329693355
1.365,-0.0959878821972175,-6.33279244581604,-5.8292764164558
1.3675,-0.0959878821972175,-6.37865368106813,-5.8190901774113
1.37,-0.0908934243440065,-6.33279244581604,-5.8089039383668
1.3725,-0.0908934243440065,-6.34298383142761,-5.8089039383668
1.375,-0.0959878821972175,-6.3480795242334,-5.8292764164558
1.3775,-0.0908934243440065,-6.35317521703919,-5.82418329693355
1.38,-0.0908934243440065,-6.34298383142761,-5.78343834075555
1.3825,-0.0908934243440065,-6.34298383142761,-5.75287962362205
1.385,-0.0908934243440065,-6.36846229545656,-5.74778650409981
1.3875,-0.0959878821972175,-6.37355798826234,-5.74269338457756
1.39,-0.0857989664907954,-6.33788813862182,-5.74778650409981
1.3925,-0.0908934243440065,-6.35827090984498,-5.78343834075555
1.395,-0.0908934243440065,-6.33788813862182,-5.75287962362205
1.3975,-0.0959878821972175,-6.35317521703919,-5.73760026505531
1.4,-0.0908934243440065,-6.32769675301025,-5.73760026505531
1.4025,-0.0959878821972175,-6.33279244581604,-5.71213466744406
1.405,-0.0908934243440065,-6.32260106020446,-5.72232090648856
1.4075,-0.0959878821972175,-6.33788813862182,-5.72741402601081
1.41,-0.0908934243440065,-6.33788813862182,-5.71722778696631
1.4125,-0.0908934243440065,-6.34298383142761,-5.71722778696631
1.415,-0.0908934243440065,-6.34298383142761,-5.71722778696631
1.4175,-0.0908934243440065,-6.31750536739867,-6.00244248021228
1.42,-0.0908934243440065,-6.31750536739867,-5.8598351335893
1.4225,-0.0908934243440065,-6.31750536739867,-5.72232090648856
1.425,-0.0959878821972175,-6.3480795242334,-5.72741402601081
1.4275,-0.0959878821972175,-6.31750536739867,-5.74269338457756
1.43,-0.0959878821972175,-6.31240967459288,-5.78343834075555
1.4325,-0.0959878821972175,-6.33788813862182,-5.7579727431443
1.435,-6.59651610289393,-6.33279244581604,-5.73760026505531
1.4375,-6.44368236729762,-6.33279244581604,-5.74778650409981
1.44,-6.44877682515083,-6.33279244581604,-5.70194842839956
1.4425,-6.15329826966461,-6.33279244581604,-5.72232090648856
1.445,-6.15839272751782,-6.37865368106813,-5.72741402601081
1.4475,-6.15329826966461,-6.35317521703919,-5.72741402601081
1.45,-0.0908934243440065,-6.37865368106813,-5.73250714553306
1.4525,-0.0959878821972175,-6.35317521703919,-5.68157595031056
1.455,-0.0959878821972175,-6.35317521703919,-5.70704154792181
1.4575,-0.0908934243440065,-6.34298383142761,-5.71213466744406
1.46,-0.0959878821972175,-6.33279244581604,-5.73250714553306
1.4625,-0.0959878821972175,-6.32769675301025,-5.67138971126606
1.465,-0.0908934243440065,-6.3480795242334,-5.66120347222156
1.4675,-0.0908934243440065,-6.31750536739867,-5.66629659174381
1.47,-0.0908934243440065,-6.34298383142761,-5.66120347222156
1.4725,-0.0908934243440065,-6.33788813862182,-5.72232090648856
1.475,-0.0908934243440065,-6.33788813862182,-5.70704154792181
1.4775,-0.0959878821972175,-6.33279244581604,-5.69685530887731
1.48,-0.0959878821972175,-6.3480795242334,-5.69685530887731
1.4825,-0.0908934243440065,-6.31750536739867,-5.70194842839956
1.485,-0.0959878821972175,-6.31240967459288,-5.67648283078831
1.4875,-0.0959878821972175,-6.34298383142761,-5.66120347222156
1.49,-6.57613827148109,-6.3480795242334,-5.66629659174381
1.4925,-6.26537634243525,-6.36336660265077,-5.66629659174381
1.495,-6.33669875238019,-6.35827090984498,-5.65611035269931
1.4975,-6.33160429452698,-6.34298383142761,-5.65611035269931
1.5,-6.33669875238019,-6.35317521703919,-5.65611035269931
1.5025,-0.0959878821972175,-6.34298383142761,-5.65101723317706
1.505,-6.35198212593983,-6.35317521703919,-5.69685530887731
1.5075,-6.35198212593983,-6.3480795242334,-5.68666906983281
1.51,-6.35198212593983,-6.3480795242334,-5.68157595031056
1.5125,-0.0959878821972175,-6.38884506667971,-5.70194842839956
1.515,-0.0959878821972175,-6.33279244581604,-5.66629659174381
1.5175,-0.0959878821972175,-6.33279244581604,-5.67138971126606
1.52,-0.0959878821972175,-6.32769675301025,-5.65611035269931
1.5225,-0.0908934243440065,-6.35317521703919,-5.69176218935506
1.525,-6.67293297069209,-6.3480795242334,-5.65611035269931
1.5275,-6.71368863351778,-6.37355798826234,-5.65101723317706
1.53,-6.69331080210494,-6.3939407594855,-5.67648283078831
1.5325,-6.69331080210494,-6.36846229545656,-5.66629659174381
1.535,-6.67293297069209,-6.38374937387392,-5.71722778696631
1.5375,-6.85123899555446,-6.38884506667971,-5.68157595031056
1.54,-6.84105007984804,-6.38884506667971,-5.67648283078831
1.5425,-6.84614453770125,-6.38374937387392,-5.67648283078831
1.545,-6.84105007984804,-6.36336660265077,-5.66120347222156
1.5475,-6.84614453770125,-6.37355798826234,-5.66120347222156
1.55,-6.84614453770125,-6.37865368106813,-5.65101723317706
1.5525,-0.0959878821972175,-6.37865368106813,-5.62555163556582
1.555,-0.0908934243440065,-6.38374937387392,-5.62555163556582
1.5575,-0.0908934243440065,-6.35827090984498,-5.61536539652132
1.56,-0.0908934243440065,-6.35317521703919,-5.65101723317706
1.5625,-0.0959878821972175,-6.3480795242334,-5.62555163556582
1.565,-0.0959878821972175,-6.34298383142761,-5.63064475508807
1.5675,-0.0908934243440065,-6.33788813862182,-5.62045851604357
1.57,-0.0959878821972175,-6.32260106020446,-5.61536539652132
1.5725,-0.0959878821972175,-6.32260106020446,-5.62045851604357
1.575,-0.0908934243440065,-6.31750536739867,-5.61536539652132
1.5775,-0.0959878821972175,-6.31750536739867,-5.62045851604357
1.58,-6.11254260683893,-6.31240967459288,-5.63573787461031
1.5825,-6.11254260683893,-6.31750536739867,-5.63064475508807
1.585,-5.99537007621508,-6.34298383142761,-5.64083099413256
1.5875,-5.99537007621508,-6.34298383142761,-5.63064475508807
1.59,-6.25518742672882,-6.35317521703919,-5.66629659174381
1.5925,-6.25009296887561,-6.33788813862182,-5.62555163556582
1.595,-6.25518742672882,-6.36336660265077,-5.63573787461031
1.5975,-6.25518742672882,-6.40922783790286,-5.65101723317706
1.6,-0.0959878821972175,-6.36846229545656,-5.64083099413256
1.6025,-0.0959878821972175,-6.36846229545656,-5.63573787461031
1.605,-0.0908934243440065,-6.36336660265077,-5.65611035269931
1.6075,-0.0959878821972175,-6.38374937387392,-5.63573787461031
1.61,-0.0908934243440065,-6.35827090984498,-5.64083099413256
1.6125,-0.0959878821972175,-6.37355798826234,-5.67138971126606
1.615,-0.0959878821972175,-6.37355798826234,-5.63573787461031
1.6175,-0.0959878821972175,-6.33788813862182,-5.61536539652132
1.62,-5.67951368931603,-6.32769675301025,-5.62045851604357
1.6225,-5.66932477360961,-6.32260106020446,-5.61536539652132
1.625,-5.6642303157564,-6.32260106020446,-5.61027227699907
1.6275,-5.6642303157564,-6.31750536739867,-5.61536539652132
1.63,-5.6642303157564,-6.27673982495236,-5.57971355986557
1.6325,-0.0959878821972175,-6.31750536739867,-5.61027227699907
1.635,-0.0959878821972175,-6.31750536739867,-5.61536539652132
1.6375,-0.0908934243440065,-6.31240967459288,-5.61027227699907
1.64,-0.0908934243440065,-6.31240967459288,-5.62045851604357
1.6425,-0.0959878821972175,-6.30221828898131,-5.61027227699907
1.645,-5.30761826603165,-6.32769675301025,-5.61536539652132
1.6475,-5.30252380817844,-6.36336660265077,-5.61536539652132
1.65,-5.34327947100413,-6.3480795242334,-5.61027227699907
1.6525,-5.33818501315092,-6.32769675301025,-5.62045851604357
1.655,-5.36365730241697,-6.34298383142761,-5.64083099413256
1.6575,-5.3279960974445,-6.33788813862182,-5.64592411365481
1.66,-5.33818501315092,-6.39903645229129,-5.61536539652132
1.6625,-5.33309055529771,-6.35317521703919,-5.64592411365481
1.665,-5.33818501315092,-6.38374937387392,-5.64592411365481
1.6675,-5.36875176027018,-6.36336660265077,-5.64083099413256
1.67,-5.36875176027018,-6.40922783790286,-5.61536539652132
1.6725,-5.32290163959129,-6.38374937387392,-5.62045851604357
1.675,-5.3279960974445,-6.40922783790286,-5.62045851604357
1.6775,-5.32290163959129,-6.38374937387392,-5.62555163556582
1.68,-0.0959878821972175,-6.36846229545656,-5.63064475508807
1.6825,-0.0959878821972175,-6.36846229545656,-5.64083099413256
1.685,-0.0959878821972175,-6.35827090984498,-5.63573787461031
1.6875,-0.0959878821972175,-6.38884506667971,-5.64592411365481
1.69,-0.0959878821972175,-6.3480795242334,-5.67648283078831
1.6925,-0.101082340050429,-6.35827090984498,-5.65101723317706
1.695,-0.0908934243440065,-6.35827090984498,-5.66120347222156
1.6975,-0.0908934243440065,-6.32260106020446,-5.66120347222156
1.7,-0.0959878821972175,-6.33788813862182,-5.62555163556582
1.7025,-0.0908934243440065,-6.35827090984498,-5.63064475508807
1.705,-0.0959878821972175,-6.35317521703919,-5.63064475508807
1.7075,-0.0908934243440065,-6.34298383142761,-5.64592411365481
1.71,-0.0959878821972175,-6.35317521703919,-5.63573787461031
1.7125,-0.0959878821972175,-6.34298383142761,-5.68666906983281
1.715,-0.0959878821972175,-6.37355798826234,-5.71722778696631
1.7175,-0.0908934243440065,-6.32769675301025,-5.67138971126606
1.72,-0.0908934243440065,-6.3480795242334,-5.67138971126606
1.7225,-0.0908934243440065,-6.36846229545656,-5.67138971126606
1.725,-0.0908934243440065,-6.35317521703919,-5.68157595031056
1.7275,-0.0959878821972175,-6.3480795242334,-5.67138971126606
1.73,-0.0908934243440065,-6.38884506667971,-5.70194842839956
1.7325,-0.0908934243440065,-6.38374937387392,-5.68157595031056
1.735,-0.0908934243440065,-6.38884506667971,-5.67648283078831
1.7375,-0.0908934243440065,-6.36846229545656,-5.68666906983281
1.74,-0.0908934243440065,-6.37355798826234,-5.67648283078831
1.7425,-0.0908934243440065,-6.34298383142761,-5.68157595031056
1.745,-0.0908934243440065,-6.34298383142761,-5.67648283078831
1.7475,-0.0908934243440065,-6.32769675301025,-5.72232090648856
1.75,-0.0908934243440065,-6.32769675301025,-5.73760026505531
1.7525,-0.0908934243440065,-6.32260106020446,-5.71213466744406
1.755,-0.0908934243440065,-6.32260106020446,-5.72232090648856
1.7575,-0.0959878821972175,-6.32260106020446,-5.72232090648856
1.76,-0.0908934243440065,-6.32260106020446,-5.75287962362205
1.7625,-0.0959878821972175,-6.32260106020446,-5.73760026505531
1.765,-0.0959878821972175,-6.31240967459288,-5.68666906983281
1.7675,-0.0908934243440065,-6.37355798826234,-5.70194842839956
1.77,-0.0908934243440065,-6.32260106020446,-5.73760026505531
1.7725,-0.0908934243440065,-6.33788813862182,-5.74778650409981
1.775,-0.0908934243440065,-6.36336660265077,-5.7885314602778
1.7775,-0.0908934243440065,-6.35317521703919,-5.72232090648856
1.78,-0.0908934243440065,-6.36336660265077,-5.71213466744406
1.7825,-0.0959878821972175,-6.36336660265077,-5.70704154792181
1.785,-0.0908934243440065,-6.36846229545656,-5.72232090648856
1.7875,-0.0959878821972175,-6.35827090984498,-5.75287962362205
1.79,-0.0908934243440065,-6.3480795242334,-5.8089039383668
1.7925,-0.0959878821972175,-6.35827090984498,-5.73760026505531
1.795,-0.0908934243440065,-6.36336660265077,-5.73760026505531
1.7975,-0.0959878821972175,-6.33279244581604,-5.79362457980005
1.8,-0.0908934243440065,-6.28183551775815,-5.8292764164558
1.8025,-0.0908934243440065,-6.32769675301025,-5.7987176993223
1.805,-0.0908934243440065,-6.34298383142761,-5.78343834075555
1.8075,-0.0908934243440065,-6.31240967459288,-5.7579727431443
1.81,-0.0908934243440065,-6.32260106020446,-5.73760026505531
1.8125,-0.0959878821972175,-6.33788813862182,-5.80381081884455
1.815,-0.0908934243440065,-6.31750536739867,-5.90567320928954
1.8175,-0.0908934243440065,-6.33788813862182,-5.76306586266655
1.82,-0.0908934243440065,-6.36846229545656,-5.82418329693355
1.8225,-0.0959878821972175,-6.35317521703919,-5.7783452212333
1.825,-0.0959878821972175,-6.33788813862182,-5.78343834075555
1.8275,-0.0959878821972175,-6.34298383142761,-5.8292764164558
1.83,-0.0959878821972175,-6.35317521703919,-5.81399705788905
1.8325,-0.0959878821972175,-6.37865368106813,-5.7681589821888
1.835,-0.0959878821972175,-6.40413214509707,-5.81399705788905
1.8375,-0.0959878821972175,-6.37355798826234,-5.8190901774113
1.84,-0.0959878821972175,-6.37865368106813,-5.8598351335893
1.8425,-0.0908934243440065,-6.36846229545656,-5.8292764164558
1.845,-0.0959878821972175,-6.34298383142761,-5.74269338457756
1.8475,-6.56085489792146,-6.33788813862182,-5.7579727431443
1.85,-6.61689393430678,-6.33279244581604,-5.74778650409981
1.8525,-6.59651610289393,-6.35317521703919,-5.71213466744406
1.855,-6.60161056074715,-6.32260106020446,-5.73760026505531
1.8575,-6.41311562017835,-6.31750536739867,-5.78343834075555
1.86,-6.41821007803156,-6.31750536739867,-5.79362457980005
1.8625,-6.44368236729762,-6.33279244581604,-5.7987176993223
1.865,-6.41311562017835,-6.31240967459288,-5.8190901774113
1.8675,-6.12782598039856,-6.30731398178709,-5.8190901774113
1.87,-6.53538260865541,-6.31750536739867,-5.85474201406705
1.8725,-6.62198839215999,-6.31240967459288,-5.76306586266655
1.875,-6.6270828500132,-6.33279244581604,-5.7681589821888
1.8775,-6.62198839215999,-6.35827090984498,-5.80381081884455
1.88,-6.53538260865541,-6.32260106020446,-5.83436953597805
1.8825,-6.53538260865541,-6.33279244581604,-5.7681589821888
1.885,-6.53538260865541,-6.35317521703919,-5.82418329693355
1.8875,-0.101082340050429,-6.36336660265077,-5.8598351335893
1.89,-0.101082340050429,-6.34298383142761,-5.87002137263379
1.8925,-0.0959878821972175,-6.33788813862182,-5.84455577502255
1.895,-0.0959878821972175,-6.35317521703919,-5.8394626555003
1.8975,-0.0959878821972175,-6.31750536739867,-5.7987176993223
1.9,-6.02084236548114,-6.33279244581604,-5.7783452212333
1.9025,-5.92404766627014,-6.32260106020446,-5.79362457980005
1.905,-5.92914212412335,-6.33788813862182,-5.7987176993223
1.9075,-5.96989778694903,-6.35317521703919,-5.8190901774113
1.91,-5.73555272570134,-6.31750536739867,-5.81399705788905
1.9125,-5.72536380999492,-6.35827090984498,-5.82418329693355
1.915,-5.77121393067382,-6.37865368106813,-5.83436953597805
1.9175,-5.63366356863713,-6.33279244581604,-5.8190901774113
1.92,-5.6183801950775,-6.36336660265077,-5.80381081884455
1.9225,-5.6642303157564,-6.33279244581604,-5.82418329693355
1.925,-5.57253007439861,-6.30731398178709,-5.86492825311154
1.9275,-5.50120766445366,-6.30731398178709,-5.8292764164558
1.93,-5.41969633880229,-6.30221828898131,-5.86492825311154
1.9325,-5.41460188094908,-6.30221828898131,-5.8292764164558
1.935,-5.41969633880229,-6.35317521703919,-5.8496488945448
1.9375,-0.101082340050429,-6.33788813862182,-5.8292764164558
1.94,-0.0959878821972175,-6.30731398178709,-5.81399705788905
1.9425,-0.0959878821972175,-6.30221828898131,-5.81399705788905
1.945,-0.0908934243440065,-6.3480795242334,-5.8394626555003
1.9475,-0.0908934243440065,-6.34298383142761,-5.8598351335893
1.95,-0.0908934243440065,-6.37355798826234,-5.8394626555003
1.9525,-0.0908934243440065,-6.36846229545656,-5.8598351335893
1.955,-0.0908934243440065,-6.34298383142761,-5.89548697024504
1.9575,-0.0959878821972175,-6.40413214509707,-5.8292764164558
1.96,-0.0908934243440065,-6.36336660265077,-5.86492825311154
1.9625,-0.0908934243440065,-6.35317521703919,-5.83436953597805
1.965,-0.0857989664907954,-6.35317521703919,-5.79362457980005
1.9675,-0.0908934243440065,-6.3480795242334,-5.88020761167829
1.97,-0.0959878821972175,-6.37355798826234,-5.82418329693355
1.9725,-0.0908934243440065,-6.33279244581604,-5.8292764164558
1.975,-0.0908934243440065,-6.35317521703919,-5.82418329693355
1.9775,-0.0959878821972175,-6.35317521703919,-5.81399705788905
1.98,-0.0908934243440065,-6.3480795242334,-5.8190901774113
1.9825,-0.0959878821972175,-6.32260106020446,-5.7783452212333
1.985,-0.0908934243440065,-6.34298383142761,-5.8394626555003
1.9875,-0.0908934243440065,-6.3480795242334,-5.86492825311154
1.99,-0.0959878821972175,-6.34298383142761,-5.8394626555003
1.9925,-0.0908934243440065,-6.33279244581604,-5.84455577502255
1.995,-0.0857989664907954,-6.31750536739867,-5.80381081884455
1.9975,-0.0908934243440065,-6.37355798826234,-5.8394626555003
2,-0.0908934243440065,-6.33788813862182,-5.83436953597805
2.0025,-0.0908934243440065,-6.3480795242334,-5.8394626555003
2.005,-0.0908934243440065,-6.33788813862182,-5.87002137263379
2.0075,-0.0908934243440065,-6.30221828898131,-5.82418329693355
2.01,-0.0959878821972175,-6.35317521703919,-5.83436953597805
2.0125,-0.0908934243440065,-6.33279244581604,-5.8292764164558
2.015,-0.0959878821972175,-6.33788813862182,-5.8292764164558
2.0175,-0.0908934243440065,-6.3480795242334,-5.80381081884455
2.02,-0.0908934243440065,-6.32260106020446,-5.82418329693355
2.0225,-0.0908934243440065,-6.32260106020446,-5.83436953597805
2.025,-0.0959878821972175,-6.35317521703919,-5.82418329693355
2.0275,-0.0908934243440065,-6.31240967459288,-5.83436953597805
2.03,-0.0959878821972175,-6.34298383142761,-5.8292764164558
2.0325,-0.0959878821972175,-6.33279244581604,-5.8292764164558
2.035,-0.0908934243440065,-6.33788813862182,-5.81399705788905
2.0375,-0.0959878821972175,-6.35317521703919,-5.8292764164558
2.04,-0.0908934243440065,-6.32260106020446,-5.79362457980005
2.0425,-0.0908934243440065,-6.35827090984498,-5.78343834075555
2.045,-6.81048333272878,-6.3480795242334,-5.82418329693355
2.0475,-6.73406646493062,-6.3480795242334,-5.78343834075555
2.05,-6.73916092278383,-6.42451491632023,-5.80381081884455
2.0525,-6.74934983849025,-6.32769675301025,-5.84455577502255
2.055,-6.74425538063704,-6.33788813862182,-5.81399705788905
2.0575,-6.74425538063704,-6.33279244581604,-5.8394626555003
2.06,-6.73916092278383,-6.30731398178709,-5.81399705788905
2.0625,-0.157121376435745,-6.38884506667971,-5.80381081884455
2.065,-0.0959878821972175,-6.3480795242334,-5.7885314602778
2.0675,-0.0908934243440065,-6.33279244581604,-5.80381081884455
2.07,-0.0857989664907954,-6.35317521703919,-5.8496488945448
2.0725,-0.0908934243440065,-6.35317521703919,-5.8496488945448
2.075,-0.0908934243440065,-6.37355798826234,-5.8598351335893
2.0775,-0.0959878821972175,-6.3939407594855,-5.83436953597805
2.08,-0.0908934243440065,-6.35317521703919,-5.8598351335893
2.0825,-0.0959878821972175,-6.37355798826234,-5.8598351335893
2.085,-0.0908934243440065,-6.35827090984498,-5.7885314602778
2.0875,-0.0959878821972175,-6.30731398178709,-5.80381081884455
2.09,-0.0908934243440065,-6.30731398178709,-5.82418329693355
2.0925,-0.0908934243440065,-6.32769675301025,-5.7783452212333
2.095,-0.101082340050429,-6.33279244581604,-5.8089039383668
2.0975,-0.0908934243440065,-6.32260106020446,-5.8394626555003
2.1,-4.98666742127939,-6.31750536739867,-5.8089039383668
2.1025,-5.62856911078392,-6.33279244581604,-5.8089039383668
2.105,-5.62856911078392,-6.32260106020446,-5.8496488945448
2.1075,-5.62347465293071,-6.34298383142761,-5.73760026505531
2.11,-1.20148523634392,-6.32260106020446,-5.78343834075555
2.1125,-0.0959878821972175,-6.32769675301025,-5.78343834075555
2.115,-0.0908934243440065,-6.3480795242334,-5.80381081884455
2.1175,-0.0959878821972175,-6.31750536739867,-5.7987176993223
2.12,-5.38403513382981,-6.35827090984498,-5.74269338457756
2.1225,-5.36875176027018,-6.3480795242334,-5.71722778696631
2.125,-5.34327947100413,-6.35827090984498,-5.72741402601081
2.1275,-5.34327947100413,-6.33788813862182,-5.73760026505531
2.13,-5.33309055529771,-6.35317521703919,-5.73250714553306
2.1325,-5.92404766627014,-6.36846229545656,-5.72741402601081
2.135,-5.91385875056371,-6.29202690336973,-5.76306586266655
2.1375,-5.9087642927105,-6.33279244581604,-5.82418329693355
2.14,-5.25157922964634,-6.32769675301025,-5.70704154792181
2.1425,-5.25157922964634,-6.33279244581604,-5.8089039383668
2.145,-5.96989778694903,-6.35317521703919,-5.70704154792181
2.1475,-6.02084236548114,-6.32769675301025,-5.71722778696631
2.15,-6.01065344977472,-6.35317521703919,-5.73250714553306
2.1525,-6.04631465474719,-6.32260106020446,-5.70194842839956
2.155,-6.03612573904077,-6.32260106020446,-5.72741402601081
2.1575,-6.04122019689398,-6.3480795242334,-5.76306586266655
2.16,-0.0959878821972175,-6.31750536739867,-5.67138971126606
2.1625,-0.0908934243440065,-6.32260106020446,-5.66629659174381
2.165,-0.101082340050429,-6.35317521703919,-5.63064475508807
2.1675,-0.0908934243440065,-6.37355798826234,-5.58480667938782
2.17,-0.0857989664907954,-6.34298383142761,-5.71722778696631
2.1725,-0.0908934243440065,-6.35827090984498,-5.7579727431443
2.175,-0.0908934243440065,-6.3480795242334,-5.7987176993223
2.1775,-0.0908934243440065,-6.37865368106813,-5.68157595031056
2.18,-0.0908934243440065,-6.35317521703919,-5.68666906983281
2.1825,-5.78649730423345,-6.36846229545656,-5.55424796225432
2.185,-5.78140284638024,-6.35317521703919,-5.54915484273207
2.1875,-5.79668621993987,-6.33279244581604,-5.7579727431443
2.19,-5.82215850920592,-6.32260106020446,-5.66120347222156
2.1925,-5.60819127937108,-6.35827090984498,-5.66629659174381
2.195,-5.59800236366466,-6.38884506667971,-5.67648283078831
2.1975,-5.83234742491235,-6.36336660265077,-5.67648283078831
2.2,-5.84253634061877,-6.35827090984498,-5.70194842839956
2.2025,-5.81706405135271,-6.33788813862182,-5.69685530887731
2.205,-5.80687513564629,-6.35827090984498,-5.70194842839956
2.2075,-5.80687513564629,-6.3480795242334,-5.69685530887731
2.21,-5.84763079847198,-6.36336660265077,-5.82418329693355
2.2125,-5.91385875056371,-6.37865368106813,-5.52368924512082
2.215,-5.85272525632519,-6.36336660265077,-5.51859612559857
2.2175,-5.92404766627014,-6.36846229545656,-5.49822364750958
2.22,-5.92914212412335,-6.39903645229129,-5.50840988655408
2.2225,-6.06669248616003,-6.38374937387392,-5.82418329693355
2.225,-6.06669248616003,-6.36846229545656,-5.8190901774113
2.2275,-6.06159802830682,-6.36336660265077,-5.78343834075555
2.23,-6.0514091126004,-6.34298383142761,-5.7579727431443
2.2325,-6.05650357045361,-6.35317521703919,-5.77325210171105
2.235,-6.07688140186645,-6.35317521703919,-5.7579727431443
2.2375,-6.07688140186645,-6.35317521703919,-5.7783452212333
2.24,-6.18386501678388,-6.34298383142761,-5.80381081884455
2.2425,-6.26028188458204,-6.32260106020446,-5.78343834075555
2.245,-6.26028188458204,-6.32769675301025,-5.7987176993223
2.2475,-6.26028188458204,-6.33279244581604,-5.67648283078831
2.25,-0.0959878821972175,-6.32769675301025,-5.7885314602778
2.2525,-0.0959878821972175,-6.35317521703919,-5.8190901774113
2.255,-0.0959878821972175,-6.35317521703919,-5.79362457980005
2.2575,-0.0959878821972175,-6.35317521703919,-5.7681589821888
2.26,-0.0908934243440065,-6.39903645229129,-5.7783452212333
2.2625,-0.0908934243440065,-6.36336660265077,-5.7987176993223
2.265,-0.0908934243440065,-6.3939407594855,-5.70194842839956
2.2675,-0.0908934243440065,-6.36846229545656,-5.68157595031056
2.27,-0.0959878821972175,-6.35827090984498,-5.74778650409981
2.2725,-0.0959878821972175,-6.3480795242334,-5.74269338457756
2.275,-0.0908934243440065,-6.33788813862182,-5.71722778696631
2.2775,-0.0908934243440065,-6.34298383142761,-5.72741402601081
2.28,-0.0908934243440065,-6.32260106020446,-5.69176218935506
2.2825,-0.0959878821972175,-6.31750536739867,-5.71722778696631
2.285,-0.0908934243440065,-6.35317521703919,-5.77325210171105
2.2875,-0.0908934243440065,-6.32769675301025,-5.70194842839956
2.29,-0.0908934243440065,-6.31750536739867,-5.74778650409981
2.2925,-0.0959878821972175,-6.35317521703919,-5.7681589821888
2.295,-0.0908934243440065,-6.35317521703919,-5.77325210171105
2.2975,-0.0908934243440065,-6.37865368106813,-5.76306586266655
2.3,-0.0908934243440065,-6.38884506667971,-5.76306586266655
2.3025,-0.0959878821972175,-6.37865368106813,-5.71722778696631
2.305,-6.73916092278383,-6.36336660265077,-5.73760026505531
2.3075,-6.73916092278383,-6.36336660265077,-5.73760026505531
2.31,-6.73406646493062,-6.39903645229129,-5.73250714553306
2.3125,-0.0959878821972175,-6.37355798826234,-5.71722778696631
2.315,-6.76972766990309,-6.33279244581604,-5.7987176993223
2.3175,-6.77482212775631,-6.35317521703919,-5.7579727431443
2.32,-6.76972766990309,-6.35827090984498,-5.73760026505531
2.3225,-0.0959878821972175,-6.35827090984498,-5.69685530887731
2.325,-0.0959878821972175,-6.33279244581604,-5.72741402601081
2.3275,-0.0959878821972175,-6.32769675301025,-5.72741402601081
2.33,-0.0908934243440065,-6.32260106020446,-5.71722778696631
2.3325,-0.0959878821972175,-6.32260106020446,-5.7783452212333
2.335,-0.0959878821972175,-6.32260106020446,-5.70704154792181
2.3375,-0.0959878821972175,-6.3480795242334,-5.71213466744406
2.34,-0.0959878821972175,-6.32260106020446,-5.70704154792181
2.3425,-0.0959878821972175,-6.33279244581604,-5.68157595031056
2.345,-0.0908934243440065,-6.33788813862182,-5.73760026505531
2.3475,-0.0908934243440065,-6.33788813862182,-5.70194842839956
2.35,-0.0857989664907954,-6.31240967459288,-5.71722778696631
2.3525,-0.0908934243440065,-6.29712259617552,-5.70704154792181
2.355,-6.45896574085725,-6.32769675301025,-5.71213466744406
2.3575,-6.45896574085725,-6.32260106020446,-5.68157595031056
2.36,-6.3876433309123,-6.31750536739867,-5.68157595031056
2.3625,-6.3876433309123,-6.33279244581604,-5.71213466744406
2.365,-6.44368236729762,-6.31750536739867,-5.70194842839956
2.3675,-6.43858790944441,-6.35317521703919,-5.70194842839956
2.37,-6.37235995735267,-6.35827090984498,-5.69685530887731
2.3725,-6.1482038118114,-6.36336660265077,-5.69176218935506
2.375,-6.12782598039856,-6.36336660265077,-5.72232090648856
2.3775,-6.13292043825177,-6.38884506667971,-5.70194842839956
2.38,-6.12782598039856,-6.3939407594855,-5.68666906983281
2.3825,-0.0959878821972175,-6.37865368106813,-5.67648283078831
2.385,-0.0908934243440065,-6.3939407594855,-5.68157595031056
2.3875,-0.0959878821972175,-6.39903645229129,-5.70704154792181
2.39,-0.0908934243440065,-6.39903645229129,-5.69176218935506
2.3925,-0.0908934243440065,-6.38884506667971,-5.74269338457756
2.395,-0.0908934243440065,-6.39903645229129,-5.77325210171105
2.3975,-0.0959878821972175,-6.3939407594855,-5.8089039383668
2.4,-0.0857989664907954,-6.37865368106813,-5.70194842839956
2.4025,-0.0908934243440065,-6.36336660265077,-5.69685530887731
2.405,-0.0959878821972175,-6.35317521703919,-5.68157595031056
2.4075,-0.0959878821972175,-6.34298383142761,-5.69685530887731
2.41,-0.0908934243440065,-6.35827090984498,-5.73250714553306
2.4125,-0.0908934243440065,-6.33279244581604,-5.72232090648856
2.415,-0.0959878821972175,-6.33279244581604,-5.69685530887731
2.4175,-0.0908934243440065,-6.32769675301025,-5.70704154792181
2.42,-0.0908934243440065,-6.31240967459288,-5.69685530887731
2.4225,-0.0959878821972175,-6.31750536739867,-5.70704154792181
2.425,-0.0959878821972175,-6.32260106020446,-5.70704154792181
2.4275,-0.0959878821972175,-6.32260106020446,-5.71213466744406
2.43,-0.0959878821972175,-6.33279244581604,-5.71722778696631
2.4325,-6.60670501860036,-6.35317521703919,-5.71213466744406
2.435,-7.04992285182968,-6.32769675301025,-5.71722778696631
2.4375,-7.04992285182968,-6.36336660265077,-5.70704154792181
2.44,-7.04992285182968,-6.33279244581604,-5.70704154792181
2.4425,-0.0959878821972175,-6.32769675301025,-5.70704154792181
2.445,-0.0959878821972175,-6.35317521703919,-5.69685530887731
2.4475,-0.0908934243440065,-6.35827090984498,-5.73250714553306
2.45,-0.0908934243440065,-6.33788813862182,-5.72232090648856
2.4525,-6.72897200707741,-6.36336660265077,-5.73760026505531
2.455,-6.73406646493062,-6.34298383142761,-5.73250714553306
2.4575,-6.73916092278383,-6.3480795242334,-5.73760026505531
2.46,-6.78501104346273,-6.3939407594855,-5.71213466744406
2.4625,-6.80029441702236,-6.3480795242334,-5.70194842839956
2.465,-6.79010550131594,-6.35317521703919,-5.70194842839956
2.4675,-6.80538887487557,-6.32769675301025,-5.70194842839956
2.47,-6.72897200707741,-6.32260106020446,-5.70194842839956
2.4725,-6.69331080210494,-6.32260106020446,-5.70704154792181
2.475,-6.67293297069209,-6.31240967459288,-5.70194842839956
2.4775,-6.63217730786641,-6.31750536739867,-5.71213466744406
2.48,-6.56594935577467,-6.36336660265077,-5.70704154792181
2.4825,-6.56085489792146,-6.32769675301025,-5.74269338457756
2.485,-6.56594935577467,-6.32769675301025,-5.71722778696631
2.4875,-0.0908934243440065,-6.36336660265077,-5.70704154792181
2.49,-0.0908934243440065,-6.31240967459288,-5.71722778696631
2.4925,-0.0908934243440065,-6.33279244581604,-5.7885314602778
2.495,-0.0908934243440065,-6.36336660265077,-5.73250714553306
2.4975,-0.0908934243440065,-6.33788813862182,-5.72741402601081
2.5,-0.0959878821972175,-6.3480795242334,-5.71213466744406
2.5025,-0.0959878821972175,-6.35317521703919,-5.71722778696631
2.505,-0.0908934243440065,-6.35317521703919,-5.71722778696631
2.5075,-0.0807045086375862,-6.38374937387392,-5.72741402601081
2.51,-0.0908934243440065,-6.37865368106813,-5.72232090648856
2.5125,-0.0908934243440065,-6.37865368106813,-5.72741402601081
2.515,-0.0959878821972175,-6.36846229545656,-5.81399705788905
2.5175,-5.72536380999492,-6.35827090984498,-5.73760026505531
2.52,-5.75083609926098,-6.40413214509707,-5.74269338457756
2.5225,-5.77121393067382,-6.33279244581604,-5.71213466744406
2.525,-5.79159176208666,-6.33279244581604,-5.74778650409981
2.5275,-5.9546144133894,-6.32260106020446,-5.75287962362205
2.53,-5.84763079847198,-6.31750536739867,-5.8089039383668
2.5325,-5.86291417203161,-6.31240967459288,-5.74269338457756
2.535,-5.89348091915087,-6.30731398178709,-5.73760026505531
2.5375,-5.91895320841693,-6.30731398178709,-5.74269338457756
2.54,-5.90366983485729,-6.33788813862182,-5.73760026505531
2.5425,-5.91385875056371,-6.34298383142761,-5.7783452212333
2.545,-6.02593682333435,-6.32260106020446,-5.74269338457756
2.5475,-5.91895320841693,-6.33279244581604,-5.76306586266655
2.55,-6.06159802830682,-6.33279244581604,-5.76306586266655
2.5525,-5.86291417203161,-6.35317521703919,-5.77325210171105
2.555,-5.86291417203161,-6.35317521703919,-5.74269338457756
2.5575,-6.09216477542609,-6.35317521703919,-5.80381081884455
2.56,-6.0972592332793,-6.3480795242334,-5.74778650409981
2.5625,-6.09216477542609,-6.37865368106813,-5.74269338457756
2.565,-0.0959878821972175,-6.37355798826234,-5.78343834075555
2.5675,-0.0959878821972175,-6.37865368106813,-5.7885314602778
2.57,-0.0959878821972175,-6.37865368106813,-5.74269338457756
2.5725,-0.0959878821972175,-6.3480795242334,-5.71722778696631
2.575,-0.0908934243440065,-6.37865368106813,-5.71722778696631
2.5775,-0.0908934243440065,-6.36336660265077,-5.73760026505531
2.58,-0.0908934243440065,-6.35827090984498,-5.74778650409981
2.5825,-0.0908934243440065,-6.35827090984498,-5.72741402601081
2.585,-0.0959878821972175,-6.32769675301025,-5.72741402601081
2.5875,-0.0959878821972175,-6.35827090984498,-5.70194842839956
2.59,-0.0959878821972175,-6.35317521703919,-5.70194842839956
2.5925,-0.0857989664907954,-6.35317521703919,-5.70704154792181
2.595,-0.0959878821972175,-6.3480795242334,-5.72741402601081
2.5975,-0.0908934243440065,-6.35317521703919,-5.77325210171105
2.6,-0.0908934243440065,-6.35827090984498,-5.76306586266655
2.6025,-0.0908934243440065,-6.38374937387392,-5.73250714553306
2.605,-0.101082340050429,-6.34298383142761,-5.73760026505531
2.6075,-0.0908934243440065,-6.33279244581604,-5.73760026505531
2.61,-6.0514091126004,-6.35827090984498,-5.74778650409981
2.6125,-6.05650357045361,-6.33279244581604,-5.74778650409981
2.615,-6.05650357045361,-6.33279244581604,-5.74778650409981
2.6175,-6.05650357045361,-6.35317521703919,-5.74778650409981
2.62,-6.0972592332793,-6.3480795242334,-5.71213466744406
2.6225,-6.08197585971966,-6.33279244581604,-5.72232090648856
2.625,-6.08197585971966,-6.32769675301025,-5.73250714553306
2.6275,-5.95970887124261,-6.33788813862182,-5.73760026505531
2.63,-5.96480332909582,-6.32769675301025,-5.76306586266655
2.6325,-5.94951995553619,-6.31750536739867,-5.7681589821888
2.635,-0.0959878821972175,-6.32769675301025,-5.76306586266655
2.6375,-0.0959878821972175,-6.31750536739867,-5.7579727431443
2.64,-0.0959878821972175,-6.32769675301025,-5.7579727431443
2.6425,-0.0857989664907954,-6.34298383142761,-5.75287962362205
2.645,-0.0959878821972175,-6.35317521703919,-5.73760026505531
2.6475,-0.0908934243440065,-6.33279244581604,-5.74778650409981
2.65,-0.0959878821972175,-6.33788813862182,-5.74269338457756
2.6525,-0.0908934243440065,-6.34298383142761,-5.73760026505531
2.655,-0.0908934243440065,-6.33279244581604,-5.76306586266655
2.6575,-0.0908934243440065,-6.35317521703919,-5.7579727431443
2.66,-6.71878309137099,-6.3480795242334,-5.71722778696631
2.6625,-6.77482212775631,-6.33279244581604,-5.71213466744406
2.665,-6.76463321204988,-6.33279244581604,-5.71722778696631
2.6675,-6.76972766990309,-6.33279244581604,-5.74269338457756
2.67,-6.41311562017835,-6.31750536739867,-5.73250714553306
2.6725,-6.86142791126089,-6.30731398178709,-5.72741402601081
2.675,-6.47934357227009,-6.32260106020446,-5.73250714553306
2.6775,-6.47934357227009,-6.31750536739867,-5.73760026505531
2.68,-6.42839899373798,-6.32260106020446,-5.72741402601081
2.6825,-6.46915465656367,-6.31750536739867,-5.71722778696631
2.685,-6.46915465656367,-6.35317521703919,-5.71213466744406
2.6875,-6.46915465656367,-6.36336660265077,-5.71213466744406
2.69,-6.92256140549941,-6.36846229545656,-5.72232090648856
2.6925,-6.92256140549941,-6.38884506667971,-5.74269338457756
2.695,-6.92256140549941,-6.3480795242334,-5.71722778696631
2.6975,-0.0959878821972175,-6.32260106020446,-5.71722778696631
2.7,-0.0959878821972175,-6.38374937387392,-5.71722778696631
2.7025,-0.0908934243440065,-6.35317521703919,-5.73250714553306
2.705,-0.0959878821972175,-6.34298383142761,-5.72232090648856
2.7075,-0.0959878821972175,-6.33279244581604,-5.70704154792181
2.71,-0.0908934243440065,-6.33788813862182,-5.69685530887731
2.7125,-0.0959878821972175,-6.33279244581604,-5.70704154792181
2.715,-0.0908934243440065,-6.34298383142761,-5.68666906983281
2.7175,-0.0908934243440065,-6.3480795242334,-5.68666906983281
2.72,-0.0959878821972175,-6.3480795242334,-5.72232090648856
2.7225,-0.0908934243440065,-6.34298383142761,-5.73760026505531
2.725,-0.0959878821972175,-6.33279244581604,-5.72232090648856
2.7275,-0.0908934243440065,-6.33279244581604,-5.71722778696631
2.73,-0.0959878821972175,-6.31750536739867,-5.69685530887731
2.7325,-0.0959878821972175,-6.35317521703919,-5.69685530887731
2.735,-0.0959878821972175,-6.3480795242334,-5.69176218935506
2.7375,-0.0959878821972175,-6.35317521703919,-5.70194842839956
2.74,-0.0959878821972175,-6.35317521703919,-5.69685530887731
2.7425,-0.0959878821972175,-6.3480795242334,-5.70704154792181
2.745,-5.62856911078392,-6.33788813862182,-5.70704154792181
2.7475,-5.63875802649034,-6.37865368106813,-5.70704154792181
2.75,-5.62347465293071,-6.3480795242334,-5.8496488945448
2.7525,-5.62856911078392,-6.34298383142761,-5.72741402601081
2.755,-5.60309682151787,-6.3480795242334,-5.73760026505531
2.7575,-5.60819127937108,-6.35317521703919,-5.73760026505531
2.76,-5.64385248434355,-6.35827090984498,-5.76306586266655
2.7625,-5.64385248434355,-6.35317521703919,-5.7579727431443
2.765,-5.65404140004997,-6.35317521703919,-5.74269338457756
2.7675,-5.68460814716924,-6.35317521703919,-5.76306586266655
2.77,-5.67951368931603,-6.38374937387392,-5.7579727431443
2.7725,-5.63875802649034,-6.37865368106813,-5.74778650409981
2.775,-5.67951368931603,-6.35317521703919,-5.77325210171105
2.7775,-5.71008043643529,-6.34298383142761,-5.77325210171105
2.78,-5.71008043643529,-6.34298383142761,-5.78343834075555
2.7825,-5.75083609926098,-6.33788813862182,-5.7681589821888
2.785,-5.66932477360961,-6.33788813862182,-5.77325210171105
2.7875,-5.69479706287566,-6.35317521703919,-5.7885314602778
2.79,-5.70498597858208,-6.33788813862182,-5.7885314602778
2.7925,-5.74064718355455,-6.33279244581604,-5.7783452212333
2.795,-5.7610250149674,-6.33788813862182,-5.7681589821888
2.7975,-5.76611947282061,-6.38884506667971,-5.77325210171105
2.8,-5.75593055711419,-6.35827090984498,-5.7681589821888
2.8025,-0.101082340050429,-6.38884506667971,-5.8089039383668
2.805,-0.0959878821972175,-6.36846229545656,-5.7885314602778
2.8075,-0.0959878821972175,-6.38374937387392,-5.78343834075555
2.81,-0.0908934243440065,-6.3939407594855,-5.79362457980005
2.8125,-0.0908934243440065,-6.35827090984498,-5.7681589821888
2.815,-0.0959878821972175,-6.35827090984498,-5.7783452212333
2.8175,-0.0959878821972175,-6.37355798826234,-5.78343834075555
2.82,-0.0959878821972175,-6.36336660265077,-5.7987176993223
2.8225,-0.0908934243440065,-6.3480795242334,-5.80381081884455
2.825,-0.0959878821972175,-6.35827090984498,-5.82418329693355
2.8275,-0.0908934243440065,-6.36336660265077,-5.7681589821888
2.83,-0.0959878821972175,-6.33788813862182,-5.7987176993223
2.8325,-0.0908934243440065,-6.35827090984498,-5.79362457980005
2.835,-0.0908934243440065,-6.33279244581604,-5.80381081884455
2.8375,-0.0908934243440065,-6.32769675301025,-5.79362457980005
2.84,-6.40802116232514,-6.32260106020446,-5.7987176993223
2.8425,-6.4334934515912,-6.32260106020446,-5.7987176993223
2.845,-6.47424911441688,-6.31240967459288,-5.7987176993223
2.8475,-6.47934357227009,-6.3480795242334,-5.80381081884455
2.85,-6.53538260865541,-6.33788813862182,-5.7987176993223
2.8525,-6.79010550131594,-6.3480795242334,-5.79362457980005
2.855,-6.77991658560952,-6.33279244581604,-5.79362457980005
2.8575,-6.78501104346273,-6.35317521703919,-5.7987176993223
2.86,-0.106176797903638,-6.36846229545656,-5.7987176993223
2.8625,-6.65255513927925,-6.3480795242334,-5.76306586266655
2.865,-6.89708911623336,-6.36336660265077,-5.7783452212333
2.8675,-6.73916092278383,-6.36336660265077,-5.7681589821888
2.87,-6.80538887487557,-6.3939407594855,-5.77325210171105
2.8725,-6.94293923691225,-6.33788813862182,-5.77325210171105
2.875,-6.92765586335262,-6.32260106020446,-5.77325210171105
2.8775,-6.93275032120583,-6.34298383142761,-5.8292764164558
2.88,-6.9174669476462,-6.33279244581604,-5.78343834075555
2.8825,-6.83595562199483,-6.35827090984498,-5.84455577502255
2.885,-6.90727803193978,-6.37355798826234,-5.7885314602778
2.8875,-6.87161682696731,-6.35317521703919,-5.78343834075555
2.89,-6.8206722484352,-6.3939407594855,-5.80381081884455
2.8925,-6.8665223691141,-6.35827090984498,-5.7987176993223
2.895,-6.83086116414162,-6.36846229545656,-5.8089039383668
2.8975,-6.78501104346273,-6.36336660265077,-5.7987176993223
2.9,-6.77482212775631,-6.38374937387392,-5.7987176993223
2.9025,-6.6780274285453,-6.38884506667971,-5.8292764164558
2.905,-6.80029441702236,-6.35317521703919,-5.8190901774113
2.9075,-6.58632718718751,-6.37865368106813,-5.82418329693355
2.91,-6.74425538063704,-6.3480795242334,-5.7783452212333
2.9125,-6.44877682515083,-6.3480795242334,-5.7885314602778
2.915,-6.55066598221504,-6.36336660265077,-5.7783452212333
2.9175,-6.54557152436183,-6.36336660265077,-5.82418329693355
2.92,-6.55066598221504,-6.35827090984498,-5.78343834075555
2.9225,-6.3876433309123,-6.35317521703919,-5.7783452212333
2.925,-6.36217104164625,-6.33279244581604,-5.7885314602778
2.9275,-6.36726549949946,-6.32769675301025,-5.78343834075555
2.93,-6.34688766808662,-6.32769675301025,-5.82418329693355
2.9325,-5.96480332909582,-6.35827090984498,-5.7987176993223
2.935,-5.96480332909582,-6.37355798826234,-5.8190901774113
2.9375,-6.08707031757288,-6.37355798826234,-5.8292764164558
2.94,-6.08707031757288,-6.3480795242334,-5.7681589821888
2.9425,-5.99027561836187,-6.33279244581604,-5.78343834075555
2.945,-5.67441923146282,-6.35827090984498,-5.7783452212333
2.9475,-5.67441923146282,-6.33279244581604,-5.78343834075555
2.95,-5.66932477360961,-6.32769675301025,-5.81399705788905
2.9525,-0.11636571361006,-6.31240967459288,-5.78343834075555
2.955,-0.0959878821972175,-6.35827090984498,-5.76306586266655
2.9575,-0.0959878821972175,-6.34298383142761,-5.7783452212333
2.96,-5.41460188094908,-6.32260106020446,-5.78343834075555
2.9625,-5.41460188094908,-6.30731398178709,-5.8190901774113
2.965,-5.41460188094908,-6.33279244581604,-5.78343834075555
2.9675,-0.152026918582534,-6.32769675301025,-5.7885314602778
2.97,-0.0959878821972175,-6.35317521703919,-5.78343834075555
2.9725,-0.0908934243440065,-6.32260106020446,-5.79362457980005
2.975,-5.21591802467386,-6.32260106020446,-5.78343834075555
2.9775,-5.21591802467386,-6.3480795242334,-5.7579727431443
2.98,-5.21591802467386,-6.3480795242334,-5.74778650409981
2.9825,-5.72536380999492,-6.36336660265077,-5.74269338457756
2.985,-5.75593055711419,-6.33788813862182,-5.77325210171105
2.9875,-5.76611947282061,-6.35827090984498,-5.7579727431443
2.99,-5.7610250149674,-6.36336660265077,-5.7579727431443
2.9925,-0.19787703926143,-6.42961060912602,-5.7579727431443
2.995,-0.0959878821972175,-6.38884506667971,-5.75287962362205
2.9975,-0.0908934243440065,-6.36846229545656,-5.73250714553306
3,-0.0959878821972175,-6.40413214509707,-5.74778650409981
3.0025,-0.0908934243440065,-6.37355798826234,-5.77325210171105
3.005,-0.0908934243440065,-6.38884506667971,-5.73760026505531
3.0075,-0.0908934243440065,-6.36846229545656,-5.73760026505531
3.01,-0.0959878821972175,-6.36336660265077,-5.74269338457756
3.0125,-0.0908934243440065,-6.40413214509707,-5.73250714553306
3.015,-0.0908934243440065,-6.3480795242334,-5.7681589821888
3.0175,-0.0959878821972175,-6.40413214509707,-5.75287962362205
3.02,-0.0908934243440065,-6.35317521703919,-5.74269338457756
3.0225,-0.0908934243440065,-6.33788813862182,-5.74269338457756
3.025,-0.0908934243440065,-6.32769675301025,-5.73760026505531
3.0275,-0.0959878821972175,-6.36336660265077,-5.73760026505531
3.03,-0.0908934243440065,-6.33279244581604,-5.7579727431443
3.0325,-0.0959878821972175,-6.38884506667971,-5.7783452212333
3.035,-0.0908934243440065,-6.33788813862182,-5.7987176993223
3.0375,-0.0908934243440065,-6.34298383142761,-5.78343834075555
3.04,-0.0857989664907954,-6.33788813862182,-5.7783452212333
3.0425,-0.0908934243440065,-6.36336660265077,-5.7579727431443
3.045,-0.0857989664907954,-6.36336660265077,-5.73760026505531
3.0475,-0.0959878821972175,-6.37355798826234,-5.7579727431443
3.05,-5.47064091733439,-6.35317521703919,-5.74269338457756
3.0525,-5.47064091733439,-6.35317521703919,-5.73760026505531
3.055,-5.54705778513255,-6.35317521703919,-5.70194842839956
3.0575,-5.54705778513255,-6.3480795242334,-5.7579727431443
3.06,-5.73045826784813,-6.37865368106813,-5.71722778696631
3.0625,-5.72536380999492,-6.35827090984498,-5.71213466744406
3.065,-5.68460814716924,-6.34298383142761,-5.71213466744406
3.0675,-5.73045826784813,-6.3480795242334,-5.72741402601081
3.07,-5.73555272570134,-6.37355798826234,-5.73760026505531
3.0725,-5.79159176208666,-6.35317521703919,-5.72741402601081
3.075,-5.79159176208666,-6.33788813862182,-5.72741402601081
3.0775,-5.79159176208666,-6.36846229545656,-5.71722778696631
3.08,-5.79159176208666,-6.37355798826234,-5.72232090648856
3.0825,-0.0959878821972175,-6.32260106020446,-5.73760026505531
3.085,-0.0959878821972175,-6.33279244581604,-5.72232090648856
3.0875,-0.0959878821972175,-6.33788813862182,-5.74269338457756
3.09,-6.1482038118114,-6.33788813862182,-5.70704154792181
3.0925,-6.03103128118756,-6.33788813862182,-5.71213466744406
3.095,-5.98008670265545,-6.33788813862182,-5.71213466744406
3.0975,-6.07688140186645,-6.33279244581604,-5.70704154792181
3.1,-6.08197585971966,-6.33279244581604,-5.71722778696631
3.1025,-6.08707031757288,-6.32260106020446,-5.73760026505531
3.105,-0.0908934243440065,-6.34298383142761,-5.73760026505531
3.1075,-0.0908934243440065,-6.34298383142761,-5.75287962362205
3.11,-0.0908934243440065,-6.32260106020446,-5.70704154792181
3.1125,-6.21952622175635,-6.34298383142761,-5.71722778696631
3.115,-6.22971513746277,-6.33788813862182,-5.73760026505531
3.1175,-6.21952622175635,-6.32260106020446,-5.72232090648856
3.12,-6.25518742672882,-6.33788813862182,-5.71722778696631
3.1225,-6.1940539324903,-6.37355798826234,-5.71722778696631
3.125,-6.19914839034351,-6.34298383142761,-5.72232090648856
3.1275,-6.19914839034351,-6.31240967459288,-5.7579727431443
3.13,-6.19914839034351,-6.31240967459288,-5.70704154792181
3.1325,-0.0959878821972175,-6.33279244581604,-5.71722778696631
3.135,-0.0908934243440065,-6.33279244581604,-5.72232090648856
3.1375,-0.0959878821972175,-6.31750536739867,-5.69176218935506
3.14,-0.0908934243440065,-6.31750536739867,-5.69685530887731
3.1425,-0.0908934243440065,-6.31750536739867,-5.72232090648856
3.145,-0.0908934243440065,-6.33788813862182,-5.74269338457756
3.1475,-0.0908934243440065,-6.36846229545656,-5.74778650409981
3.15,-0.0959878821972175,-6.33788813862182,-5.70704154792181
3.1525,-0.0908934243440065,-6.3480795242334,-5.73760026505531
3.155,-0.0959878821972175,-6.34298383142761,-5.76306586266655
3.1575,-0.0908934243440065,-6.33788813862182,-5.73250714553306
3.16,-0.0959878821972175,-6.38884506667971,-5.73250714553306
3.1625,-0.0908934243440065,-6.35317521703919,-5.8089039383668
3.165,-0.0908934243440065,-6.3480795242334,-5.74778650409981
3.1675,-0.0908934243440065,-6.34298383142761,-5.77325210171105
3.17,-0.0908934243440065,-6.33788813862182,-5.7783452212333
3.1725,-0.0908934243440065,-6.35827090984498,-5.74269338457756
3.175,-0.0807045086375862,-6.35317521703919,-5.73760026505531
3.1775,-0.0908934243440065,-6.35827090984498,-5.74778650409981
3.18,-0.0908934243440065,-6.3480795242334,-5.74778650409981
3.1825,-0.0908934243440065,-6.35827090984498,-5.74778650409981
3.185,-0.0959878821972175,-6.35317521703919,-5.7987176993223
3.1875,-0.0908934243440065,-6.37355798826234,-5.74269338457756
3.19,-0.0908934243440065,-6.34298383142761,-5.79362457980005
3.1925,-0.0908934243440065,-6.32769675301025,-5.75287962362205
3.195,-0.0908934243440065,-6.35317521703919,-5.76306586266655
3.1975,-0.0908934243440065,-6.37355798826234,-5.7579727431443
3.2,-0.0908934243440065,-6.36846229545656,-5.76306586266655
3.2025,-0.0959878821972175,-6.36846229545656,-5.74269338457756
3.205,-0.0908934243440065,-6.33279244581604,-5.74778650409981
3.2075,-0.0959878821972175,-6.33788813862182,-5.80381081884455
3.21,-0.0908934243440065,-6.32260106020446,-5.78343834075555
3.2125,-0.0959878821972175,-6.36336660265077,-5.76306586266655
3.215,-0.0908934243440065,-6.35827090984498,-5.7885314602778
3.2175,-0.0908934243440065,-6.37355798826234,-5.7885314602778
3.22,-0.0959878821972175,-6.35317521703919,-5.79362457980005
3.2225,-0.0908934243440065,-6.3480795242334,-5.79362457980005
3.225,-0.0908934243440065,-6.38374937387392,-5.80381081884455
3.2275,-0.0908934243440065,-6.35317521703919,-5.7681589821888
3.23,-0.0908934243440065,-6.37355798826234,-5.77325210171105
3.2325,-0.0908934243440065,-6.37355798826234,-5.77325210171105
3.235,-0.0908934243440065,-6.39903645229129,-5.77325210171105
3.2375,-0.0959878821972175,-6.34298383142761,-5.7783452212333
3.24,-0.0908934243440065,-6.37355798826234,-5.7681589821888
3.2425,-0.0959878821972175,-6.36846229545656,-5.7783452212333
3.245,-0.0908934243440065,-6.38374937387392,-5.8190901774113
3.2475,-0.0908934243440065,-6.37355798826234,-5.8190901774113
3.25,-0.0908934243440065,-6.33788813862182,-5.7783452212333
3.2525,-0.0959878821972175,-6.35317521703919,-5.77325210171105
3.255,-0.0959878821972175,-6.35827090984498,-5.78343834075555
3.2575,-0.0959878821972175,-6.37865368106813,-5.80381081884455
3.26,-0.0959878821972175,-6.38374937387392,-5.8292764164558
3.2625,-0.0908934243440065,-6.36846229545656,-5.80381081884455
3.265,-0.0908934243440065,-6.41432353070865,-5.79362457980005
3.2675,-6.09216477542609,-6.35317521703919,-5.80381081884455
3.27,-6.12273152254535,-6.34298383142761,-5.82418329693355
3.2725,-6.07178694401324,-6.35317521703919,-5.82418329693355
3.275,-6.40292670447193,-6.35317521703919,-5.87511449215604
3.2775,-6.28065971599488,-6.3480795242334,-5.8394626555003
3.28,-6.11763706469214,-6.35827090984498,-5.84455577502255
3.2825,-6.2908486317013,-6.3939407594855,-5.83436953597805
3.285,-6.12782598039856,-6.34298383142761,-5.82418329693355
3.2875,-6.12782598039856,-6.37355798826234,-5.8190901774113
3.29,-6.34688766808662,-6.35827090984498,-5.8190901774113
3.2925,-6.46915465656367,-6.36336660265077,-5.82418329693355
3.295,-6.16858164322425,-6.35317521703919,-5.8598351335893
3.2975,-6.15839272751782,-6.30731398178709,-5.84455577502255
3.3,-6.16348718537103,-6.3480795242334,-5.84455577502255
3.3025,-6.08707031757288,-6.33788813862182,-5.84455577502255
3.305,-6.10235369113251,-6.34298383142761,-5.8089039383668
3.3075,-6.08197585971966,-6.33279244581604,-5.80381081884455
3.31,-0.0959878821972175,-6.3480795242334,-5.8394626555003
3.3125,-0.0959878821972175,-6.36336660265077,-5.83436953597805
3.315,-0.0908934243440065,-6.35827090984498,-5.84455577502255
3.3175,-0.0959878821972175,-6.3480795242334,-5.8394626555003
3.32,-6.20933730604993,-6.35827090984498,-5.8190901774113
3.3225,-6.22462067960956,-6.35827090984498,-5.82418329693355
3.325,-6.22971513746277,-6.33279244581604,-5.8190901774113
3.3275,-6.21952622175635,-6.36336660265077,-5.8292764164558
3.33,-0.0959878821972175,-6.35827090984498,-5.82418329693355
3.3325,-0.0959878821972175,-6.31240967459288,-5.8292764164558
3.335,-0.0959878821972175,-6.33788813862182,-5.8292764164558
3.3375,-0.0959878821972175,-6.33279244581604,-5.80381081884455
3.34,-0.0908934243440065,-6.30221828898131,-5.8394626555003
3.3425,-0.0959878821972175,-6.32769675301025,-5.8394626555003
3.345,-0.0908934243440065,-6.33279244581604,-5.84455577502255
3.3475,-0.0959878821972175,-6.32260106020446,-5.8496488945448
3.35,-0.0908934243440065,-6.32769675301025,-5.87002137263379
3.3525,-0.0959878821972175,-6.36336660265077,-5.8598351335893
3.355,-6.35198212593983,-6.37355798826234,-5.8292764164558
3.3575,-6.36726549949946,-6.35317521703919,-5.8598351335893
3.36,-6.39273778876551,-6.33279244581604,-5.86492825311154
3.3625,-6.42839899373798,-6.34298383142761,-5.86492825311154
3.365,-6.33160429452698,-6.36336660265077,-5.84455577502255
3.3675,-6.32650983667377,-6.38374937387392,-5.8394626555003
3.37,-6.33160429452698,-6.36846229545656,-5.84455577502255
3.3725,-0.0959878821972175,-6.38884506667971,-5.84455577502255
3.375,-0.0959878821972175,-6.37865368106813,-5.84455577502255
3.3775,-0.0959878821972175,-6.37355798826234,-5.8496488945448
3.38,-0.0908934243440065,-6.37865368106813,-5.8598351335893
3.3825,-0.0857989664907954,-6.34298383142761,-5.89548697024504
3.385,-0.0959878821972175,-6.3480795242334,-5.8598351335893
3.3875,-0.0908934243440065,-6.37355798826234,-5.87002137263379
3.39,-0.0908934243440065,-6.37865368106813,-5.84455577502255
3.3925,-0.0908934243440065,-6.37355798826234,-5.89039385072279
3.395,-0.0908934243440065,-6.38884506667971,-5.89039385072279
3.3975,-0.0908934243440065,-6.38884506667971,-5.8598351335893
3.4,-0.0959878821972175,-6.3480795242334,-5.8598351335893
3.4025,-0.0959878821972175,-6.33788813862182,-5.8598351335893
3.405,-0.0908934243440065,-6.33788813862182,-5.85474201406705
3.4075,-0.0908934243440065,-6.33279244581604,-5.8598351335893
3.41,-0.0908934243440065,-6.32769675301025,-5.85474201406705
3.4125,-0.0908934243440065,-6.34298383142761,-5.8598351335893
3.415,-0.0908934243440065,-6.36846229545656,-5.8496488945448
3.4175,-0.0959878821972175,-6.37355798826234,-5.8292764164558
3.42,-0.0959878821972175,-6.3480795242334,-5.8292764164558
3.4225,-0.0959878821972175,-6.4347063019318,-5.82418329693355
3.425,-0.0908934243440065,-6.37355798826234,-5.8394626555003
3.4275,-0.0908934243440065,-6.34298383142761,-5.85474201406705
3.43,-0.0908934243440065,-6.32260106020446,-5.83436953597805
3.4325,-0.0959878821972175,-6.32769675301025,-5.8292764164558
3.435,-0.0908934243440065,-6.35317521703919,-5.8292764164558
3.4375,-0.0908934243440065,-6.36336660265077,-5.83436953597805
3.44,-0.0908934243440065,-6.37355798826234,-5.8292764164558
3.4425,-0.0959878821972175,-6.38884506667971,-5.8394626555003
3.445,-0.0908934243440065,-6.33788813862182,-5.8598351335893
3.4475,-0.0959878821972175,-6.34298383142761,-5.86492825311154
3.45,-0.0908934243440065,-6.44489768754338,-5.8496488945448
3.4525,-0.0959878821972175,-6.34298383142761,-5.84455577502255
3.455,-0.0908934243440065,-6.34298383142761,-5.8598351335893
3.4575,-0.0959878821972175,-6.37865368106813,-5.8496488945448
3.46,-0.0908934243440065,-6.35827090984498,-5.8089039383668
3.4625,-0.0959878821972175,-6.36846229545656,-5.8598351335893
3.465,-0.0908934243440065,-6.36336660265077,-5.83436953597805
3.4675,-0.0908934243440065,-6.36336660265077,-5.86492825311154
3.47,-0.0908934243440065,-6.37355798826234,-5.83436953597805
3.4725,-0.0959878821972175,-6.37355798826234,-5.8394626555003
3.475,-0.0908934243440065,-6.40922783790286,-5.8292764164558
3.4775,-0.0908934243440065,-6.38374937387392,-5.86492825311154
3.48,-0.0908934243440065,-6.38374937387392,-5.8394626555003
3.4825,-0.0908934243440065,-6.38374937387392,-5.83436953597805
3.485,-0.0908934243440065,-6.40922783790286,-5.8394626555003
3.4875,-0.0908934243440065,-6.38374937387392,-5.83436953597805
3.49,-0.0908934243440065,-6.38374937387392,-5.83436953597805
3.4925,-0.0908934243440065,-6.38374937387392,-5.83436953597805
3.495,-0.0908934243440065,-6.37355798826234,-5.8496488945448
3.4975,-0.0908934243440065,-6.3939407594855,-5.8598351335893
3.5,-0.0908934243440065,-6.3939407594855,-5.84455577502255
3.5025,-0.0908934243440065,-6.36336660265077,-5.8292764164558
3.505,-0.0908934243440065,-6.36336660265077,-5.84455577502255
3.5075,-0.0908934243440065,-6.40922783790286,-5.89039385072279
3.51,-0.0908934243440065,-6.33788813862182,-5.7987176993223
3.5125,-0.0959878821972175,-6.35827090984498,-5.79362457980005
3.515,-0.0908934243440065,-6.3480795242334,-5.7987176993223
3.5175,-0.0959878821972175,-6.35317521703919,-5.7885314602778
3.52,-0.0959878821972175,-6.3480795242334,-5.82418329693355
3.5225,-0.0908934243440065,-6.32260106020446,-5.88530073120054
3.525,-0.0908934243440065,-6.3480795242334,-5.7987176993223
3.5275,-0.0908934243440065,-6.36846229545656,-5.7987176993223
3.53,-0.0908934243440065,-6.33788813862182,-5.7885314602778
3.5325,-0.0908934243440065,-6.36846229545656,-5.8190901774113
3.535,-0.0908934243440065,-6.34298383142761,-5.77325210171105
3.5375,-0.0908934243440065,-6.3480795242334,-5.76306586266655
3.54,-0.0908934243440065,-6.36846229545656,-5.7987176993223
3.5425,-0.0959878821972175,-6.36336660265077,-5.8190901774113
3.545,-0.0959878821972175,-6.33788813862182,-5.79362457980005
3.5475,-0.0959878821972175,-6.34298383142761,-5.7783452212333
3.55,-5.98518116050866,-6.3480795242334,-5.78343834075555
3.5525,-5.99027561836187,-6.36846229545656,-5.80381081884455
3.555,-5.99027561836187,-6.38374937387392,-5.7681589821888
3.5575,-0.0959878821972175,-6.37355798826234,-5.7783452212333
3.56,-0.0908934243440065,-6.37355798826234,-5.7681589821888
3.5625,-0.0959878821972175,-6.35317521703919,-5.8190901774113
3.565,-0.0908934243440065,-6.37355798826234,-5.8089039383668
3.5675,-0.0908934243440065,-6.3480795242334,-5.80381081884455
3.57,-0.0908934243440065,-6.34298383142761,-5.7579727431443
3.5725,-0.0908934243440065,-6.34298383142761,-5.7681589821888
3.575,-0.0908934243440065,-6.35317521703919,-5.7783452212333
3.5775,-0.0959878821972175,-6.35317521703919,-5.76306586266655
3.58,-0.0959878821972175,-6.36846229545656,-5.73250714553306
3.5825,-6.18895947463709,-6.36336660265077,-5.70704154792181
3.585,-6.17367610107746,-6.35317521703919,-5.72232090648856
3.5875,-6.56085489792146,-6.35827090984498,-5.7579727431443
3.59,-6.2449985110224,-6.40922783790286,-5.72232090648856
3.5925,-6.2449985110224,-6.33788813862182,-5.71722778696631
3.595,-6.63217730786641,-6.35317521703919,-5.8190901774113
3.5975,-6.5812327293343,-6.32260106020446,-5.74269338457756
3.6,-6.32141537882056,-6.32260106020446,-5.74269338457756
3.6025,-6.32141537882056,-6.32260106020446,-5.7783452212333
3.605,-6.39273778876551,-6.33279244581604,-5.7579727431443
3.6075,-6.39783224661872,-6.32260106020446,-5.74269338457756
3.61,-6.47934357227009,-6.37865368106813,-5.74269338457756
3.6125,-6.44877682515083,-6.36336660265077,-5.73760026505531
3.615,-6.47934357227009,-6.37865368106813,-5.70194842839956
3.6175,-6.63727176571962,-6.36336660265077,-5.73250714553306
3.62,-6.6780274285453,-6.38374937387392,-5.69685530887731
3.6225,-6.54557152436183,-6.37355798826234,-5.69176218935506
3.625,-6.55066598221504,-6.34298383142761,-5.68666906983281
3.6275,-6.54557152436183,-6.38884506667971,-5.68157595031056
3.63,-6.60161056074715,-6.35317521703919,-5.78343834075555
3.6325,-6.60161056074715,-6.37865368106813,-5.7681589821888
3.635,-6.60161056074715,-6.38884506667971,-5.71722778696631
3.6375,-6.60161056074715,-6.36336660265077,-5.71213466744406
3.64,-6.60161056074715,-6.37865368106813,-5.7579727431443
3.6425,-6.56594935577467,-6.37355798826234,-5.68157595031056
3.645,-6.56594935577467,-6.37865368106813,-5.69685530887731
3.6475,-6.56594935577467,-6.37865368106813,-5.74778650409981
3.65,-0.0959878821972175,-6.34298383142761,-5.74269338457756
3.6525,-0.0959878821972175,-6.35317521703919,-5.69176218935506
3.655,-0.0959878821972175,-6.38374937387392,-5.68157595031056
3.6575,-0.0959878821972175,-6.35827090984498,-5.71213466744406
3.66,-0.0959878821972175,-6.33279244581604,-5.71213466744406
3.6625,-0.0959878821972175,-6.34298383142761,-5.70704154792181
3.665,-0.0908934243440065,-6.34298383142761,-5.71722778696631
3.6675,-0.0959878821972175,-6.33279244581604,-5.73760026505531
3.67,-0.0959878821972175,-6.33788813862182,-5.73760026505531
3.6725,-0.0959878821972175,-6.33279244581604,-5.72232090648856
3.675,-0.0908934243440065,-6.32769675301025,-5.73760026505531
3.6775,-0.0908934243440065,-6.32260106020446,-5.74778650409981
3.68,-6.66274405498567,-6.31750536739867,-5.70704154792181
3.6825,-6.65764959713246,-6.36336660265077,-5.71213466744406
3.685,-6.66274405498567,-6.36336660265077,-5.73250714553306
3.6875,-0.101082340050429,-6.32260106020446,-5.70704154792181
3.69,-6.78501104346273,-6.3480795242334,-5.71722778696631
3.6925,-6.77991658560952,-6.33788813862182,-5.70194842839956
3.695,-6.6780274285453,-6.35827090984498,-5.71722778696631
3.6975,-6.6780274285453,-6.3480795242334,-5.71722778696631
3.7,-6.6780274285453,-6.36846229545656,-5.68666906983281
3.7025,-0.101082340050429,-6.35827090984498,-5.69685530887731
3.705,-0.0959878821972175,-6.37355798826234,-5.70704154792181
3.7075,-0.0908934243440065,-6.3480795242334,-5.71722778696631
3.71,-0.0959878821972175,-6.33788813862182,-5.70704154792181
3.7125,-0.0908934243440065,-6.32260106020446,-5.69176218935506
3.715,-0.0959878821972175,-6.33279244581604,-5.69176218935506
3.7175,-0.0959878821972175,-6.32769675301025,-5.69176218935506
3.72,-0.0908934243440065,-6.33279244581604,-5.69685530887731
3.7225,-0.0959878821972175,-6.32260106020446,-5.69176218935506
3.725,-0.101082340050429,-6.32769675301025,-5.72741402601081
3.7275,-0.0959878821972175,-6.32260106020446,-5.71722778696631
3.73,-0.0908934243440065,-6.32260106020446,-5.71722778696631
3.7325,-0.0908934243440065,-6.32769675301025,-5.70704154792181
3.735,-0.0959878821972175,-6.32769675301025,-5.70194842839956
3.7375,-0.0959878821972175,-6.32769675301025,-5.70704154792181
3.74,-0.0959878821972175,-6.33788813862182,-5.69685530887731
3.7425,-0.0959878821972175,-6.3480795242334,-5.70194842839956
3.745,-0.0908934243440065,-6.3480795242334,-5.73760026505531
3.7475,-7.0142616468572,-6.3480795242334,-5.73250714553306
3.75,-7.00407273115078,-6.3480795242334,-5.71213466744406
3.7525,-7.00407273115078,-6.3480795242334,-5.70704154792181
3.755,-6.99897827329757,-6.3480795242334,-5.73760026505531
3.7575,-0.101082340050429,-6.35317521703919,-5.72741402601081
3.76,-0.0959878821972175,-6.34298383142761,-5.73760026505531
3.7625,-0.0959878821972175,-6.3480795242334,-5.71213466744406
3.765,-6.33160429452698,-6.33279244581604,-5.71722778696631
3.7675,-6.76463321204988,-6.3480795242334,-5.72232090648856
3.77,-6.30613200526093,-6.33788813862182,-5.71722778696631
3.7725,-6.31122646311414,-6.31750536739867,-5.72741402601081
3.775,-6.30613200526093,-6.31240967459288,-5.72741402601081
3.7775,-0.0959878821972175,-6.33279244581604,-5.73760026505531
3.78,-0.0908934243440065,-6.33279244581604,-5.74778650409981
3.7825,-0.0908934243440065,-6.33788813862182,-5.70704154792181
3.785,-0.0908934243440065,-6.33788813862182,-5.71722778696631
3.7875,-0.0959878821972175,-6.3480795242334,-5.70194842839956
3.79,-0.0908934243440065,-6.37355798826234,-5.70194842839956
3.7925,-0.0959878821972175,-6.35827090984498,-5.70704154792181
3.795,-6.16348718537103,-6.35317521703919,-5.68157595031056
3.7975,-6.15839272751782,-6.35317521703919,-5.74269338457756
3.8,-6.15329826966461,-6.33788813862182,-5.71722778696631
3.8025,-0.106176797903638,-6.34298383142761,-5.7987176993223
3.805,-0.0908934243440065,-6.33788813862182,-5.75287962362205
3.8075,-6.16858164322425,-6.33788813862182,-5.71722778696631
3.81,-6.1940539324903,-6.33788813862182,-5.71722778696631
3.8125,-6.19914839034351,-6.33788813862182,-5.71213466744406
3.815,-6.27047080028846,-6.35317521703919,-5.72232090648856
3.8175,-6.27047080028846,-6.30731398178709,-5.69176218935506
3.82,-6.27047080028846,-6.32769675301025,-5.74778650409981
3.8225,-0.11636571361006,-6.3480795242334,-5.71722778696631
3.825,-6.3417932102334,-6.33788813862182,-5.71722778696631
3.8275,-6.3876433309123,-6.33279244581604,-5.72741402601081
3.83,-6.39273778876551,-6.33279244581604,-5.72741402601081
3.8325,-6.36217104164625,-6.33279244581604,-5.72741402601081
3.835,-6.39273778876551,-6.33279244581604,-5.72741402601081
3.8375,-6.39783224661872,-6.33279244581604,-5.72232090648856
3.84,-6.39783224661872,-6.34298383142761,-5.73760026505531
3.8425,-0.11636571361006,-6.3480795242334,-5.73250714553306
3.845,-0.0959878821972175,-6.35317521703919,-5.7681589821888
3.8475,-0.0959878821972175,-6.35827090984498,-5.76306586266655
3.85,-5.83744188276556,-6.35827090984498,-5.72741402601081
3.8525,-5.83744188276556,-6.35827090984498,-5.73250714553306
3.855,-5.83234742491235,-6.35317521703919,-5.73250714553306
3.8575,-0.11636571361006,-6.36336660265077,-5.73250714553306
3.86,-0.0908934243440065,-6.35827090984498,-5.7579727431443
3.8625,-0.0959878821972175,-6.35827090984498,-5.7579727431443
3.865,-0.0959878821972175,-6.30221828898131,-5.77325210171105
3.8675,-0.0959878821972175,-6.35317521703919,-5.71722778696631
3.87,-0.0908934243440065,-6.37355798826234,-5.7579727431443
3.8725,-0.0959878821972175,-6.36846229545656,-5.75287962362205
3.875,-0.0908934243440065,-6.33788813862182,-5.7681589821888
3.8775,-0.0908934243440065,-6.3480795242334,-5.7681589821888
3.88,-0.0959878821972175,-6.3480795242334,-5.77325210171105
3.8825,-0.0908934243440065,-6.37355798826234,-5.79362457980005
3.885,-0.0908934243440065,-6.38374937387392,-5.76306586266655
3.8875,-0.0908934243440065,-6.38374937387392,-5.77325210171105
3.89,-0.0908934243440065,-6.37865368106813,-5.7783452212333
3.8925,-0.0908934243440065,-6.35827090984498,-5.78343834075555
3.895,-0.0959878821972175,-6.35317521703919,-5.7987176993223
3.8975,-0.0959878821972175,-6.35827090984498,-5.82418329693355
3.9,-0.0959878821972175,-6.35317521703919,-5.7885314602778
3.9025,-0.0959878821972175,-6.33788813862182,-5.79362457980005
3.905,-0.0908934243440065,-6.33788813862182,-5.80381081884455
3.9075,-0.0908934243440065,-6.32260106020446,-5.7783452212333
3.91,-0.0908934243440065,-6.31750536739867,-5.77325210171105
3.9125,-0.0959878821972175,-6.29712259617552,-5.8089039383668
3.915,-0.0908934243440065,-6.29202690336973,-5.80381081884455
3.9175,-0.0959878821972175,-6.32769675301025,-5.79362457980005
3.92,-0.0959878821972175,-6.31750536739867,-5.7987176993223
3.9225,-0.0908934243440065,-6.32769675301025,-5.79362457980005
3.925,-0.0959878821972175,-6.35827090984498,-5.80381081884455
3.9275,-0.0908934243440065,-6.33279244581604,-5.80381081884455
3.93,-0.0959878821972175,-6.35317521703919,-5.81399705788905
3.9325,-0.0908934243440065,-6.35317521703919,-5.82418329693355
3.935,-0.0908934243440065,-6.31750536739867,-5.7987176993223
3.9375,-0.0908934243440065,-6.31240967459288,-5.81399705788905
3.94,-0.0908934243440065,-6.30221828898131,-5.80381081884455
3.9425,-0.0908934243440065,-6.30221828898131,-5.79362457980005
3.945,-0.0959878821972175,-6.30731398178709,-5.7885314602778
3.9475,-0.0959878821972175,-6.30731398178709,-5.82418329693355
3.95,-0.0959878821972175,-6.33279244581604,-5.83436953597805
3.9525,-0.0908934243440065,-6.33279244581604,-5.8598351335893
3.955,-0.0959878821972175,-6.32260106020446,-5.85474201406705
3.9575,-0.0908934243440065,-6.32769675301025,-5.8292764164558
3.96,-6.6780274285453,-6.33788813862182,-5.8598351335893
3.9625,-6.68312188639851,-6.33788813862182,-5.8190901774113
3.965,-6.6780274285453,-6.33788813862182,-5.8394626555003
3.9675,-0.0908934243440065,-6.34298383142761,-5.85474201406705
3.97,-0.0959878821972175,-6.35317521703919,-5.84455577502255
3.9725,-0.0908934243440065,-6.35317521703919,-5.8292764164558
3.975,-0.0908934243440065,-6.37355798826234,-5.82418329693355
3.9775,-0.0908934243440065,-6.37355798826234,-5.82418329693355
3.98,-0.0908934243440065,-6.37355798826234,-5.84455577502255
3.9825,-0.0959878821972175,-6.37865368106813,-5.8089039383668
3.985,-6.63727176571962,-6.3480795242334,-5.8394626555003
3.9875,-6.63727176571962,-6.36336660265077,-5.83436953597805
3.99,-6.63217730786641,-6.35827090984498,-5.8292764164558
3.9925,-6.64236622357283,-6.35317521703919,-5.85474201406705
3.995,-0.0959878821972175,-6.34298383142761,-5.81399705788905
3.9975,-0.0908934243440065,-6.34298383142761,-5.82418329693355
4,-0.0959878821972175,-6.31750536739867,-5.82418329693355
4.0025,-0.0908934243440065,-6.36336660265077,-5.7987176993223
4.005,-0.0908934243440065,-6.37355798826234,-5.7783452212333
4.0075,-0.0959878821972175,-6.3480795242334,-5.76306586266655
4.01,-0.0908934243440065,-6.32769675301025,-5.7987176993223
4.0125,-0.0908934243440065,-6.33788813862182,-5.7885314602778
4.015,-0.0908934243440065,-6.34298383142761,-5.7885314602778
4.0175,-0.0959878821972175,-6.33788813862182,-5.78343834075555
4.02,-0.0908934243440065,-6.33788813862182,-5.7885314602778
4.0225,-5.38403513382981,-6.35317521703919,-5.79362457980005
4.025,-5.37384621812339,-6.35317521703919,-5.7885314602778
4.0275,-5.3789406759766,-6.36336660265077,-5.7885314602778
4.03,-0.0959878821972175,-6.36846229545656,-5.7885314602778
4.0325,-0.0959878821972175,-6.34298383142761,-5.7885314602778
4.035,-5.42988525450871,-6.34298383142761,-5.77325210171105
4.0375,-5.44516862806834,-6.35317521703919,-5.7681589821888
4.04,-5.45535754377476,-6.35827090984498,-5.7783452212333
4.0425,-5.52667995371971,-6.33279244581604,-5.7681589821888
4.045,-5.4757353751876,-6.35827090984498,-5.80381081884455
4.0475,-5.46554645948118,-6.35827090984498,-5.7783452212333
4.05,-5.41969633880229,-6.35317521703919,-5.77325210171105
4.0525,-5.41460188094908,-6.3480795242334,-5.7783452212333
4.055,-5.41460188094908,-6.33788813862182,-5.77325210171105
4.0575,-5.39931850738945,-6.33279244581604,-5.7783452212333
4.06,-5.1853512775546,-6.32769675301025,-5.7681589821888
4.0625,-5.17006790399497,-6.32769675301025,-5.7681589821888
4.065,-5.1395011568757,-6.31750536739867,-5.7783452212333
4.0675,-5.14459561472892,-6.31750536739867,-5.80381081884455
4.07,-5.1395011568757,-6.31750536739867,-5.8089039383668
4.0725,-0.0959878821972175,-6.31750536739867,-5.7987176993223
4.075,-0.0959878821972175,-6.31240967459288,-5.8089039383668
4.0775,-0.0959878821972175,-6.34298383142761,-5.81399705788905
4.08,-0.0908934243440065,-6.33788813862182,-5.7783452212333
4.0825,-0.0959878821972175,-6.35827090984498,-5.78343834075555
4.085,-0.0959878821972175,-6.37355798826234,-5.78343834075555
4.0875,-0.0908934243440065,-6.37355798826234,-5.82418329693355
4.09,-0.0959878821972175,-6.36336660265077,-5.7987176993223
4.0925,-0.0959878821972175,-6.34298383142761,-5.7987176993223
4.095,-0.0908934243440065,-6.31750536739867,-5.78343834075555
4.0975,-0.0908934243440065,-6.35317521703919,-5.7987176993223
4.1,-0.0908934243440065,-6.32769675301025,-5.7987176993223
4.1025,-0.0959878821972175,-6.3480795242334,-5.79362457980005
4.105,-0.0908934243440065,-6.34298383142761,-5.8190901774113
4.1075,-0.0959878821972175,-6.34298383142761,-5.8190901774113
4.11,-0.0807045086375862,-6.33788813862182,-5.78343834075555
4.1125,-0.0908934243440065,-6.3480795242334,-5.7885314602778
4.115,-0.0908934243440065,-6.3480795242334,-5.7885314602778
4.1175,-0.0959878821972175,-6.35317521703919,-5.7885314602778
4.12,-0.0908934243440065,-6.3480795242334,-5.7885314602778
4.1225,-0.0959878821972175,-6.32260106020446,-5.7681589821888
4.125,-0.0908934243440065,-6.33788813862182,-5.8292764164558
4.1275,-0.0959878821972175,-6.33279244581604,-5.80381081884455
4.13,-0.0908934243440065,-6.32260106020446,-5.7783452212333
4.1325,-0.0908934243440065,-6.31240967459288,-5.77325210171105
4.135,-0.0908934243440065,-6.30731398178709,-5.71722778696631
4.1375,-0.0857989664907954,-6.31240967459288,-5.72741402601081
4.14,-0.0908934243440065,-6.30731398178709,-5.76306586266655
4.1425,-0.0908934243440065,-6.31750536739867,-5.7681589821888
4.145,-0.0908934243440065,-6.31750536739867,-5.76306586266655
4.1475,-0.0908934243440065,-6.31750536739867,-5.7681589821888
4.15,-0.0908934243440065,-6.31750536739867,-5.77325210171105
4.1525,-0.0908934243440065,-6.31240967459288,-5.7579727431443
4.155,-0.0908934243440065,-6.32260106020446,-5.7579727431443
4.1575,-0.0959878821972175,-6.3480795242334,-5.78343834075555
4.16,-5.72536380999492,-6.35827090984498,-5.76306586266655
4.1625,-5.72536380999492,-6.36846229545656,-5.76306586266655
4.165,-5.77630838852703,-6.36336660265077,-5.7579727431443
4.1675,-5.77121393067382,-6.35827090984498,-5.76306586266655
4.17,-5.77630838852703,-6.35827090984498,-5.7579727431443
4.1725,-5.77121393067382,-6.35827090984498,-5.76306586266655
4.175,-0.0959878821972175,-6.35317521703919,-5.7987176993223
4.1775,-0.0959878821972175,-6.30731398178709,-5.7885314602778
4.18,-0.0908934243440065,-6.36336660265077,-5.7579727431443
4.1825,-0.0908934243440065,-6.35317521703919,-5.7579727431443
4.185,-0.0908934243440065,-6.36336660265077,-5.75287962362205
4.1875,-0.0908934243440065,-6.35827090984498,-5.74269338457756
4.19,-0.0908934243440065,-6.42961060912602,-5.71722778696631
4.1925,-0.0959878821972175,-6.37355798826234,-5.74269338457756
4.195,-0.0908934243440065,-6.37865368106813,-5.73760026505531
4.1975,-0.0959878821972175,-6.37865368106813,-5.73760026505531
4.2,-0.0959878821972175,-6.33279244581604,-5.72741402601081
4.2025,-0.0908934243440065,-6.37865368106813,-5.76306586266655
4.205,-0.0959878821972175,-6.38884506667971,-5.74778650409981
4.2075,-6.11254260683893,-6.37355798826234,-5.74269338457756
4.21,-6.15329826966461,-6.3480795242334,-5.74778650409981
4.2125,-6.1482038118114,-6.36336660265077,-5.74269338457756
4.215,-6.14310935395819,-6.35317521703919,-5.75287962362205
4.2175,-0.0959878821972175,-6.37355798826234,-5.74778650409981
4.22,-0.0908934243440065,-6.37865368106813,-5.72741402601081
4.2225,-0.0959878821972175,-6.37355798826234,-5.74778650409981
4.225,-0.0908934243440065,-6.37355798826234,-5.74269338457756
4.2275,-0.0908934243440065,-6.36336660265077,-5.72232090648856
4.23,-0.0908934243440065,-6.35827090984498,-5.73760026505531
4.2325,-0.0908934243440065,-6.35827090984498,-5.77325210171105
4.235,-0.0908934243440065,-6.35827090984498,-5.7885314602778
4.2375,-0.0908934243440065,-6.35317521703919,-5.71213466744406
4.24,-0.0959878821972175,-6.35827090984498,-5.76306586266655
4.2425,-0.0908934243440065,-6.35317521703919,-5.76306586266655
4.245,-0.0908934243440065,-6.3939407594855,-5.79362457980005
4.2475,-0.0908934243440065,-6.37355798826234,-5.75287962362205
4.25,-0.0908934243440065,-6.34298383142761,-5.75287962362205
4.2525,-0.0908934243440065,-6.33279244581604,-5.7579727431443
4.255,-0.0959878821972175,-6.32260106020446,-5.75287962362205
4.2575,-0.0908934243440065,-6.32769675301025,-5.79362457980005
4.26,-0.0908934243440065,-6.34298383142761,-5.72741402601081
4.2625,-0.0908934243440065,-6.3480795242334,-5.73250714553306
4.265,-0.0908934243440065,-6.34298383142761,-5.72741402601081
4.2675,-0.0959878821972175,-6.3480795242334,-5.72232090648856
4.27,-0.0908934243440065,-6.32260106020446,-5.72741402601081
4.2725,-0.0908934243440065,-6.34298383142761,-5.71722778696631
4.275,-6.5812327293343,-6.36336660265077,-5.72741402601081
4.2775,-6.58632718718751,-6.35827090984498,-5.68666906983281
4.28,-6.5812327293343,-6.33279244581604,-5.71722778696631
4.2825,-6.58632718718751,-6.33279244581604,-5.68666906983281
4.285,-6.56594935577467,-6.32260106020446,-5.70704154792181
4.2875,-0.0959878821972175,-6.32769675301025,-5.73760026505531
4.29,-0.0908934243440065,-6.32769675301025,-5.70194842839956
4.2925,-0.0959878821972175,-6.33279244581604,-5.68157595031056
4.295,-0.0908934243440065,-6.33279244581604,-5.69685530887731
4.2975,-0.0959878821972175,-6.33788813862182,-5.69685530887731
4.3,-0.0908934243440065,-6.35317521703919,-5.72232090648856
4.3025,-0.101082340050429,-6.32260106020446,-5.68666906983281
4.305,-0.0959878821972175,-6.31750536739867,-5.69685530887731
4.3075,-0.0908934243440065,-6.31240967459288,-5.68157595031056
4.31,-6.31122646311414,-6.31240967459288,-5.70704154792181
4.3125,-6.4334934515912,-6.33788813862182,-5.70194842839956
4.315,-6.43858790944441,-6.33279244581604,-5.67648283078831
4.3175,-6.66274405498567,-6.37865368106813,-5.69685530887731
4.32,-6.66274405498567,-6.36336660265077,-5.71213466744406
4.3225,-6.66274405498567,-6.38374937387392,-5.68666906983281
4.325,-0.0959878821972175,-6.35317521703919,-5.70704154792181
4.3275,-0.0908934243440065,-6.36336660265077,-5.66120347222156
4.33,-0.0908934243440065,-6.35827090984498,-5.67138971126606
4.3325,-0.0857989664907954,-6.35317521703919,-5.69685530887731
4.335,-0.0908934243440065,-6.34298383142761,-5.67648283078831
4.3375,-0.0908934243440065,-6.35827090984498,-5.66120347222156
4.34,-0.0908934243440065,-6.35827090984498,-5.66629659174381
4.3425,-0.0908934243440065,-6.37865368106813,-5.66629659174381
4.345,-0.0908934243440065,-6.38884506667971,-5.66629659174381
4.3475,-0.0908934243440065,-6.36846229545656,-5.71722778696631
4.35,-0.0959878821972175,-6.37865368106813,-5.71213466744406
4.3525,-6.19914839034351,-6.35827090984498,-5.66629659174381
4.355,-6.20933730604993,-6.3480795242334,-5.63573787461031
4.3575,-6.27047080028846,-6.36336660265077,-5.66629659174381
4.36,-6.15839272751782,-6.34298383142761,-5.69685530887731
4.3625,-6.10235369113251,-6.32769675301025,-5.68157595031056
4.365,-6.10235369113251,-6.33279244581604,-5.66120347222156
4.3675,-6.04631465474719,-6.35827090984498,-5.65611035269931
4.37,-6.10235369113251,-6.35317521703919,-5.66629659174381
4.3725,-6.06669248616003,-6.34298383142761,-5.66629659174381
4.375,-6.08707031757288,-6.3480795242334,-5.70194842839956
4.3775,-6.08707031757288,-6.37355798826234,-5.70704154792181
4.38,-6.08707031757288,-6.3480795242334,-5.70194842839956
4.3825,-6.03612573904077,-6.37865368106813,-5.73250714553306
4.385,-6.04122019689398,-6.35317521703919,-5.69685530887731
4.3875,-6.07688140186645,-6.36336660265077,-5.69685530887731
4.39,-5.80687513564629,-6.36336660265077,-5.70704154792181
4.3925,-5.80178067779308,-6.37865368106813,-5.70194842839956
4.395,-6.31122646311414,-6.34298383142761,-5.71213466744406
4.3975,-6.31632092096735,-6.35827090984498,-5.70194842839956
4.4,-6.31122646311414,-6.35317521703919,-5.69176218935506
4.4025,-0.0908934243440065,-6.35317521703919,-5.69685530887731
4.405,-0.0908934243440065,-6.35317521703919,-5.69685530887731
4.4075,-0.0959878821972175,-6.35317521703919,-5.69685530887731
4.41,-0.0959878821972175,-6.36336660265077,-5.71722778696631
4.4125,-0.0959878821972175,-6.35317521703919,-5.73250714553306
4.415,-0.0959878821972175,-6.36846229545656,-5.72741402601081
4.4175,-0.0959878821972175,-6.37355798826234,-5.73250714553306
4.42,-0.0959878821972175,-6.37865368106813,-5.74269338457756
4.4225,-0.0959878821972175,-6.33788813862182,-5.70194842839956
4.425,-0.0908934243440065,-6.35317521703919,-5.71213466744406
4.4275,-0.0959878821972175,-6.36336660265077,-5.70704154792181
4.43,-0.0908934243440065,-6.34298383142761,-5.71213466744406
4.4325,-5.55215224298576,-6.33788813862182,-5.71722778696631
4.435,-5.52667995371971,-6.32769675301025,-5.71213466744406
4.4375,-5.52667995371971,-6.31750536739867,-5.72232090648856
4.44,-5.53686886942613,-6.31750536739867,-5.72232090648856
4.4425,-5.53686886942613,-6.31750536739867,-5.72741402601081
4.445,-5.54196332727934,-6.31240967459288,-5.73760026505531
4.4475,-0.0959878821972175,-6.32769675301025,-5.70704154792181
4.45,-0.0959878821972175,-6.33279244581604,-5.74778650409981
4.4525,-0.0959878821972175,-6.32260106020446,-5.74269338457756
4.455,-0.0908934243440065,-6.33279244581604,-5.75287962362205
4.4575,-0.0908934243440065,-6.35317521703919,-5.74778650409981
4.46,-0.0959878821972175,-6.35317521703919,-5.7783452212333
4.4625,-0.0857989664907954,-6.33279244581604,-5.82418329693355
4.465,-0.0908934243440065,-6.36336660265077,-5.73760026505531
4.4675,-0.0959878821972175,-6.36336660265077,-5.74778650409981
4.47,-0.0908934243440065,-6.32260106020446,-5.80381081884455
4.4725,-0.0908934243440065,-6.33279244581604,-5.8394626555003
4.475,-0.0908934243440065,-6.3480795242334,-5.73760026505531
4.4775,-0.0908934243440065,-6.35827090984498,-5.73760026505531
4.48,-0.0959878821972175,-6.35317521703919,-5.74269338457756
4.4825,-0.0908934243440065,-6.3480795242334,-5.73250714553306
4.485,-0.0959878821972175,-6.34298383142761,-5.73250714553306
4.4875,-0.0908934243440065,-6.33788813862182,-5.73250714553306
4.49,-0.0959878821972175,-6.36336660265077,-5.73250714553306
4.4925,-0.0908934243440065,-6.3480795242334,-5.74269338457756
4.495,-0.0959878821972175,-6.37355798826234,-5.73760026505531
4.4975,-0.0908934243440065,-6.3480795242334,-5.74778650409981
4.5,-0.0908934243440065,-6.36846229545656,-5.71722778696631
4.5025,-0.0908934243440065,-6.3480795242334,-5.72232090648856
4.505,-0.0908934243440065,-6.3480795242334,-5.7579727431443
4.5075,-0.0959878821972175,-6.33788813862182,-5.7579727431443
4.51,-0.0959878821972175,-6.33788813862182,-5.73250714553306
4.5125,-0.0908934243440065,-6.34298383142761,-5.7579727431443
4.515,-0.0908934243440065,-6.3480795242334,-5.81399705788905
4.5175,-0.0908934243440065,-6.35317521703919,-5.7579727431443
4.52,-0.0959878821972175,-6.34298383142761,-5.73250714553306
4.5225,-0.0908934243440065,-6.33788813862182,-5.74269338457756
4.525,-0.0908934243440065,-6.32260106020446,-5.76306586266655
4.5275,-0.0908934243440065,-6.31750536739867,-5.77325210171105
4.53,-0.0959878821972175,-6.31240967459288,-5.8190901774113
4.5325,-0.0857989664907954,-6.31240967459288,-5.7987176993223
4.535,-0.0908934243440065,-6.30731398178709,-5.7987176993223
4.5375,-0.0908934243440065,-6.33788813862182,-5.7987176993223
4.54,-0.0908934243440065,-6.33788813862182,-5.8089039383668
4.5425,-0.0908934243440065,-6.32260106020446,-5.80381081884455
4.545,-0.0908934243440065,-6.31750536739867,-5.8190901774113
4.5475,-0.0959878821972175,-6.34298383142761,-5.7885314602778
4.55,-0.0908934243440065,-6.33788813862182,-5.8598351335893
4.5525,-0.0908934243440065,-6.33788813862182,-5.86492825311154
4.555,-0.0908934243440065,-6.33788813862182,-5.83436953597805
4.5575,-0.0908934243440065,-6.32769675301025,-5.8190901774113
4.56,-0.0959878821972175,-6.33788813862182,-5.7885314602778
4.5625,-0.0959878821972175,-6.35827090984498,-5.7987176993223
4.565,-0.0908934243440065,-6.35317521703919,-5.8089039383668
4.5675,-0.0959878821972175,-6.35317521703919,-5.8089039383668
4.57,-0.0908934243440065,-6.3480795242334,-5.8292764164558
4.5725,-0.0908934243440065,-6.35827090984498,-5.79362457980005
4.575,-0.0908934243440065,-6.35317521703919,-5.80381081884455
4.5775,-0.0959878821972175,-6.3480795242334,-5.82418329693355
4.58,-7.14671755104068,-6.35827090984498,-5.82418329693355
4.5825,-7.09577297250857,-6.35827090984498,-5.83436953597805
4.585,-7.09577297250857,-6.32769675301025,-5.88020761167829
4.5875,-7.09577297250857,-6.32260106020446,-5.8598351335893
4.59,-0.0959878821972175,-6.35317521703919,-5.8598351335893
4.5925,-0.0908934243440065,-6.35827090984498,-5.8598351335893
4.595,-0.0857989664907954,-6.34298383142761,-5.90058008976729
4.5975,-0.0959878821972175,-6.33279244581604,-5.85474201406705
4.6,-0.0908934243440065,-6.33279244581604,-5.86492825311154
4.6025,-0.0908934243440065,-6.32260106020446,-5.8598351335893
4.605,-0.0908934243440065,-6.32260106020446,-5.86492825311154
4.6075,-7.31992911804984,-6.3480795242334,-5.8598351335893
4.61,-7.42691273296726,-6.34298383142761,-5.8598351335893
4.6125,-7.38106261228837,-6.31750536739867,-5.87002137263379
4.615,-7.38106261228837,-6.33788813862182,-5.87002137263379
4.6175,-7.38106261228837,-6.34298383142761,-5.87511449215604
4.62,-0.101082340050429,-6.35317521703919,-5.87002137263379
4.6225,-0.0959878821972175,-6.35317521703919,-5.87511449215604
4.625,-0.0908934243440065,-6.3480795242334,-5.85474201406705
4.6275,-0.0959878821972175,-6.34298383142761,-5.86492825311154
4.63,-0.0959878821972175,-6.35317521703919,-5.87511449215604
4.6325,-0.0959878821972175,-6.34298383142761,-5.86492825311154
4.635,-0.0959878821972175,-6.33279244581604,-5.87002137263379
4.6375,-0.0959878821972175,-6.35827090984498,-5.87002137263379
4.64,-0.0959878821972175,-6.37355798826234,-5.86492825311154
4.6425,-0.0959878821972175,-6.36336660265077,-5.87002137263379
4.645,-0.0908934243440065,-6.36336660265077,-5.83436953597805
4.6475,-0.0908934243440065,-6.34298383142761,-5.87002137263379
4.65,-0.0959878821972175,-6.33788813862182,-5.8598351335893
4.6525,-0.0908934243440065,-6.37355798826234,-5.86492825311154
4.655,-0.0908934243440065,-6.37355798826234,-5.83436953597805
4.6575,-0.0908934243440065,-6.35317521703919,-5.8598351335893
4.66,-0.0908934243440065,-6.35317521703919,-5.86492825311154
4.6625,-0.0857989664907954,-6.33788813862182,-5.8598351335893
4.665,-0.0959878821972175,-6.37865368106813,-5.8598351335893
4.6675,-0.0959878821972175,-6.33788813862182,-5.8598351335893
4.67,-0.0857989664907954,-6.32769675301025,-5.8496488945448
4.6725,-0.0908934243440065,-6.37355798826234,-5.8598351335893
4.675,-0.0908934243440065,-6.35317521703919,-5.8496488945448
4.6775,-0.0908934243440065,-6.30731398178709,-5.88020761167829
4.68,-6.46406019871046,-6.36336660265077,-5.87511449215604
4.6825,-6.46915465656367,-6.31240967459288,-5.84455577502255
4.685,-6.4334934515912,-6.32769675301025,-5.8496488945448
4.6875,-6.44877682515083,-6.33788813862182,-5.87002137263379
4.69,-6.50481586153614,-6.35317521703919,-5.85474201406705
4.6925,-6.63727176571962,-6.37355798826234,-5.8292764164558
4.695,-6.41821007803156,-6.37355798826234,-5.82418329693355
4.6975,-6.4844380301233,-6.35317521703919,-5.8292764164558
4.7,-6.44368236729762,-6.35317521703919,-5.8190901774113
4.7025,-6.43858790944441,-6.34298383142761,-5.8598351335893
4.705,-6.43858790944441,-6.33788813862182,-5.8496488945448
4.7075,-6.36217104164625,-6.36336660265077,-5.8598351335893
4.71,-6.35707658379304,-6.36846229545656,-5.89039385072279
4.7125,-6.3417932102334,-6.33279244581604,-5.90058008976729
4.715,-6.31122646311414,-6.34298383142761,-5.89548697024504
4.7175,-6.34688766808662,-6.33788813862182,-5.88020761167829
4.72,-6.08707031757288,-6.36336660265077,-5.8598351335893
4.7225,-6.09216477542609,-6.33279244581604,-5.83436953597805
4.725,-6.08707031757288,-6.33788813862182,-5.8292764164558
4.7275,-0.106176797903638,-6.35827090984498,-5.83436953597805
4.73,-0.0959878821972175,-6.35317521703919,-5.7885314602778
4.7325,-5.72026935214171,-6.32769675301025,-5.7885314602778
4.735,-5.72536380999492,-6.3480795242334,-5.7885314602778
4.7375,-5.72026935214171,-6.33279244581604,-5.80381081884455
4.74,-0.111271255756849,-6.3480795242334,-5.80381081884455
4.7425,-0.0959878821972175,-6.36336660265077,-5.85474201406705
4.745,-0.0908934243440065,-6.3480795242334,-5.90567320928954
4.7475,-0.0908934243440065,-6.35827090984498,-5.83436953597805
4.75,-0.0908934243440065,-6.35317521703919,-5.8292764164558
4.7525,-0.0908934243440065,-6.35317521703919,-5.8292764164558
4.755,-0.0908934243440065,-6.3480795242334,-5.7885314602778
4.7575,-0.0857989664907954,-6.35317521703919,-5.8292764164558
4.76,-0.0959878821972175,-6.33279244581604,-5.81399705788905
4.7625,-0.0908934243440065,-6.33279244581604,-5.78343834075555
4.765,-0.0908934243440065,-6.37355798826234,-5.77325210171105
4.7675,-0.0908934243440065,-6.38374937387392,-5.79362457980005
4.77,-0.0959878821972175,-6.36336660265077,-5.7987176993223
4.7725,-0.0959878821972175,-6.35317521703919,-5.81399705788905
4.775,-0.0959878821972175,-6.35317521703919,-5.78343834075555
4.7775,-0.0908934243440065,-6.3939407594855,-5.7783452212333
4.78,-0.0908934243440065,-6.35827090984498,-5.77325210171105
4.7825,-0.0908934243440065,-6.32260106020446,-5.8292764164558
4.785,-6.33160429452698,-6.33788813862182,-5.8190901774113
4.7875,-6.36217104164625,-6.34298383142761,-5.8190901774113
4.79,-6.3876433309123,-6.33788813862182,-5.77325210171105
4.7925,-6.4334934515912,-6.35827090984498,-5.77325210171105
4.795,-6.42330453588477,-6.33279244581604,-5.74778650409981
4.7975,-6.42839899373798,-6.34298383142761,-5.73760026505531
4.8,-0.146932460729323,-6.32769675301025,-5.89548697024504
4.8025,-0.0908934243440065,-6.36336660265077,-5.8598351335893
4.805,-0.0908934243440065,-6.3480795242334,-5.74269338457756
4.8075,-0.0908934243440065,-6.3480795242334,-5.73760026505531
4.81,-0.0908934243440065,-6.34298383142761,-5.73760026505531
4.8125,-0.0908934243440065,-6.3480795242334,-5.73760026505531
4.815,-0.0908934243440065,-6.33279244581604,-5.73250714553306
4.8175,-0.0959878821972175,-6.39903645229129,-5.73760026505531
4.82,-0.0908934243440065,-6.35827090984498,-5.76306586266655
4.8225,-0.0908934243440065,-6.37865368106813,-5.80381081884455
4.825,-0.0908934243440065,-6.3480795242334,-5.7783452212333
4.8275,-0.0908934243440065,-6.35827090984498,-5.73760026505531
4.83,-0.0908934243440065,-6.36846229545656,-5.74778650409981
4.8325,-0.0908934243440065,-6.36336660265077,-5.73760026505531
4.835,-0.0908934243440065,-6.35827090984498,-5.7885314602778
4.8375,-0.0908934243440065,-6.35827090984498,-5.74778650409981
4.84,-0.0908934243440065,-6.35317521703919,-5.74778650409981
4.8425,-0.0959878821972175,-6.35827090984498,-5.74778650409981
4.845,-0.0908934243440065,-6.35317521703919,-5.78343834075555
4.8475,-0.0908934243440065,-6.3480795242334,-5.7579727431443
4.85,-0.0959878821972175,-6.33788813862182,-5.75287962362205
4.8525,-0.0959878821972175,-6.33788813862182,-5.74778650409981
4.855,-0.0908934243440065,-6.33279244581604,-5.75287962362205
4.8575,-0.0959878821972175,-6.32260106020446,-5.8089039383668
4.86,-0.0908934243440065,-6.35317521703919,-5.7681589821888
4.8625,-0.0857989664907954,-6.38884506667971,-5.7579727431443
4.865,-0.0959878821972175,-6.3480795242334,-5.7579727431443
4.8675,-0.0908934243440065,-6.33279244581604,-5.73760026505531
4.87,-0.0959878821972175,-6.37865368106813,-5.72741402601081
4.8725,-0.0908934243440065,-6.36336660265077,-5.73760026505531
4.875,-0.106176797903638,-6.32769675301025,-5.71722778696631
4.8775,-0.0959878821972175,-6.34298383142761,-5.76306586266655
4.88,-0.0908934243440065,-6.34298383142761,-5.74778650409981
4.8825,-0.0908934243440065,-6.33279244581604,-5.76306586266655
4.885,-0.0908934243440065,-6.30731398178709,-5.73250714553306
4.8875,-0.0959878821972175,-6.32769675301025,-5.74778650409981
4.89,-0.0908934243440065,-6.32769675301025,-5.73250714553306
4.8925,-0.0908934243440065,-6.33788813862182,-5.70194842839956
4.895,-0.0959878821972175,-6.36336660265077,-5.72232090648856
4.8975,-0.0908934243440065,-6.33788813862182,-5.73250714553306
4.9,-0.0959878821972175,-6.3480795242334,-5.70704154792181
4.9025,-0.0908934243440065,-6.33788813862182,-5.69685530887731
4.905,-0.0959878821972175,-6.31750536739867,-5.67648283078831
4.9075,-0.0908934243440065,-6.33788813862182,-5.68157595031056
4.91,-0.0908934243440065,-6.31240967459288,-5.67648283078831
4.9125,-0.0908934243440065,-6.33788813862182,-5.77325210171105
4.915,-0.0908934243440065,-6.31750536739867,-5.71722778696631
4.9175,-0.0908934243440065,-6.33788813862182,-5.68157595031056
4.92,-0.0959878821972175,-6.35317521703919,-5.68666906983281
4.9225,-0.0908934243440065,-6.33788813862182,-5.67648283078831
4.925,-0.0908934243440065,-6.34298383142761,-5.70704154792181
4.9275,-0.0908934243440065,-6.34298383142761,-5.70704154792181
4.93,-0.0908934243440065,-6.32260106020446,-5.70194842839956
4.9325,-0.0959878821972175,-6.32769675301025,-5.71213466744406
4.935,-0.0959878821972175,-6.3480795242334,-5.70194842839956
4.9375,-0.0908934243440065,-6.32260106020446,-5.67648283078831
4.94,-0.0908934243440065,-6.34298383142761,-5.67648283078831
4.9425,-0.0908934243440065,-6.3480795242334,-5.65611035269931
4.945,-0.0908934243440065,-6.35317521703919,-5.68666906983281
4.9475,-0.0908934243440065,-6.35317521703919,-5.68666906983281
4.95,-0.0908934243440065,-6.36846229545656,-5.66629659174381
4.9525,-0.0959878821972175,-6.35827090984498,-5.65611035269931
4.955,-0.0959878821972175,-6.35827090984498,-5.69176218935506
4.9575,-0.0959878821972175,-6.35827090984498,-5.66120347222156
4.96,-0.0908934243440065,-6.35827090984498,-5.66120347222156
4.9625,-0.0908934243440065,-6.36336660265077,-5.69685530887731
4.965,-0.0908934243440065,-6.35827090984498,-5.63573787461031
4.9675,-0.0959878821972175,-6.38884506667971,-5.61536539652132
4.97,-0.0908934243440065,-6.36336660265077,-5.64083099413256
4.9725,-0.0959878821972175,-6.36336660265077,-5.66120347222156
4.975,-0.0908934243440065,-6.35317521703919,-5.66629659174381
4.9775,-0.0908934243440065,-6.3480795242334,-5.65611035269931
4.98,-0.0908934243440065,-6.33788813862182,-5.69685530887731
4.9825,-0.0908934243440065,-6.33788813862182,-5.61536539652132
4.985,-0.0959878821972175,-6.33279244581604,-5.65101723317706
4.9875,-0.101082340050429,-6.37865368106813,-5.65101723317706
4.99,-0.0908934243440065,-6.37865368106813,-5.70704154792181
4.9925,-0.0908934243440065,-6.35827090984498,-5.66120347222156
4.995,-0.0908934243440065,-6.34298383142761,-5.65101723317706
4.9975,-0.0959878821972175,-6.34298383142761,-5.66120347222156
5,-0.0908934243440065,-6.34298383142761,-5.65611035269931
5.0025,-0.0908934243440065,-6.40413214509707,-5.66120347222156
5.005,-0.0908934243440065,-6.37355798826234,-5.66629659174381
5.0075,-0.0908934243440065,-6.31240967459288,-5.65611035269931
5.01,-0.0908934243440065,-6.34298383142761,-5.66629659174381
5.0125,-0.0908934243440065,-6.34298383142761,-5.66629659174381
5.015,-0.0959878821972175,-6.33788813862182,-5.68666906983281
5.0175,-0.0908934243440065,-6.33279244581604,-5.69685530887731
5.02,-0.0959878821972175,-6.35317521703919,-5.69685530887731
5.0225,-0.0959878821972175,-6.35317521703919,-5.68666906983281
5.025,-0.0959878821972175,-6.35317521703919,-5.68666906983281
5.0275,-0.0908934243440065,-6.35827090984498,-5.67138971126606
5.03,-0.0959878821972175,-6.33279244581604,-5.70194842839956
5.0325,-0.0908934243440065,-6.3480795242334,-5.69685530887731
5.035,-0.0908934243440065,-6.37355798826234,-5.68157595031056
5.0375,-0.0959878821972175,-6.35827090984498,-5.67648283078831
5.04,-0.0959878821972175,-6.36336660265077,-5.68666906983281
5.0425,-0.0857989664907954,-6.35827090984498,-5.69176218935506
5.045,-4.95100621630691,-6.36336660265077,-5.69176218935506
5.0475,-5.01213971054544,-6.36336660265077,-5.70194842839956
5.05,-5.01213971054544,-6.36846229545656,-5.67138971126606
5.0525,-5.02232862625186,-6.37355798826234,-5.78343834075555
5.055,-5.03761199981149,-6.35317521703919,-5.69685530887731
5.0575,-5.07327320478397,-6.33788813862182,-5.67648283078831
5.06,-5.0885565783436,-6.35827090984498,-5.70194842839956
5.0625,-5.02742308410507,-6.39903645229129,-5.70704154792181
5.065,-5.06817874693076,-6.35317521703919,-5.68666906983281
5.0675,-5.10383995190323,-6.33279244581604,-5.68157595031056
5.07,-5.14459561472892,-6.33279244581604,-5.69685530887731
5.0725,-5.09874549405002,-6.33279244581604,-5.69685530887731
5.075,-5.14969007258213,-6.35317521703919,-5.72232090648856
5.0775,-5.14459561472892,-6.33279244581604,-5.71213466744406
5.08,-5.14459561472892,-6.33279244581604,-5.67648283078831
5.0825,-0.0959878821972175,-6.31240967459288,-5.72232090648856
5.085,-0.0959878821972175,-6.35317521703919,-5.72232090648856
5.0875,-0.0908934243440065,-6.35317521703919,-5.73760026505531
5.09,-0.0959878821972175,-6.33279244581604,-5.71213466744406
5.0925,-0.0908934243440065,-6.35827090984498,-5.66629659174381
5.095,-0.0959878821972175,-6.41432353070865,-5.68157595031056
5.0975,-0.0908934243440065,-6.38884506667971,-5.68157595031056
5.1,-0.0908934243440065,-6.33788813862182,-5.72232090648856
5.1025,-0.0908934243440065,-6.37355798826234,-5.69685530887731
5.105,-0.0959878821972175,-6.37355798826234,-5.69176218935506
5.1075,-0.0857989664907954,-6.36336660265077,-5.69685530887731
5.11,-0.0959878821972175,-6.36336660265077,-5.70194842839956
5.1125,-0.0908934243440065,-6.38374937387392,-5.71722778696631
5.115,-0.0908934243440065,-6.35317521703919,-5.74269338457756
5.1175,-0.0908934243440065,-6.35827090984498,-5.73250714553306
5.12,-0.0959878821972175,-6.37865368106813,-5.7885314602778
5.1225,-0.0959878821972175,-6.38884506667971,-5.73760026505531
5.125,-0.0959878821972175,-6.3939407594855,-5.7579727431443
5.1275,-0.0959878821972175,-6.36336660265077,-5.70194842839956
5.13,-0.0908934243440065,-6.33788813862182,-5.77325210171105
5.1325,-0.0959878821972175,-6.33788813862182,-5.7783452212333
5.135,-0.0908934243440065,-6.38884506667971,-5.7885314602778
5.1375,-0.0959878821972175,-6.32769675301025,-5.79362457980005
5.14,-0.0908934243440065,-6.3480795242334,-5.80381081884455
5.1425,-0.0959878821972175,-6.36336660265077,-5.8190901774113
5.145,-0.0908934243440065,-6.35827090984498,-5.71722778696631
5.1475,-0.0959878821972175,-6.36846229545656,-5.8089039383668
5.15,-0.0908934243440065,-6.36336660265077,-5.84455577502255
5.1525,-0.0908934243440065,-6.3480795242334,-5.84455577502255
5.155,-0.0908934243440065,-6.35827090984498,-5.7885314602778
5.1575,-0.0959878821972175,-6.35827090984498,-5.86492825311154
5.16,-0.0959878821972175,-6.35827090984498,-5.88020761167829
5.1625,-0.0959878821972175,-6.33788813862182,-5.90058008976729
5.165,-0.0908934243440065,-6.36336660265077,-5.88530073120054
5.1675,-0.0908934243440065,-6.3480795242334,-5.92095256785629
5.17,-0.0908934243440065,-6.35317521703919,-5.90058008976729
5.1725,-0.0959878821972175,-6.36336660265077,-5.94132504594529
5.175,-0.0908934243440065,-6.36336660265077,-5.91585944833404
5.1775,-0.0959878821972175,-6.35317521703919,-5.90058008976729
5.18,-0.0908934243440065,-6.3480795242334,-5.73760026505531
5.1825,-6.72897200707741,-6.35317521703919,-5.74778650409981
5.185,-6.69840525995815,-6.35317521703919,-5.91076632881179
5.1875,-6.69840525995815,-6.37355798826234,-5.88530073120054
5.19,-6.69840525995815,-6.36846229545656,-5.87511449215604
5.1925,-0.0959878821972175,-6.35317521703919,-5.90567320928954
5.195,-6.91237248979299,-6.36846229545656,-5.91585944833404
5.1975,-6.88180574267373,-6.35827090984498,-5.90058008976729
5.2,-6.90727803193978,-6.34298383142761,-5.8496488945448
5.2025,-6.90218357408657,-6.3480795242334,-5.94641816546754
5.205,-6.95822261047189,-6.35827090984498,-5.88020761167829
5.2075,-6.90218357408657,-6.33788813862182,-5.92604568737854
5.21,-6.91237248979299,-6.33279244581604,-5.89039385072279
5.2125,-6.98369489973794,-6.33279244581604,-5.87002137263379
5.215,-7.07030068324252,-6.33788813862182,-5.8496488945448
5.2175,-7.06520622538931,-6.33279244581604,-5.89548697024504
5.22,-7.07030068324252,-6.3480795242334,-5.91076632881179
5.2225,-0.0959878821972175,-6.34298383142761,-5.87002137263379
5.225,-0.0959878821972175,-6.35317521703919,-5.8598351335893
5.2275,-0.0908934243440065,-6.35317521703919,-5.90058008976729
5.23,-0.0908934243440065,-6.37865368106813,-5.94132504594529
5.2325,-0.0908934243440065,-6.37355798826234,-5.95660440451204
5.235,-0.0908934243440065,-6.37355798826234,-5.90058008976729
5.2375,-0.0908934243440065,-6.37865368106813,-5.89548697024504
5.24,-0.0908934243440065,-6.35827090984498,-5.90567320928954
5.2425,-0.0908934243440065,-6.38884506667971,-5.92095256785629
5.245,-0.0959878821972175,-6.37865368106813,-5.93113880690079
5.2475,-0.0959878821972175,-6.37355798826234,-5.94132504594529
5.25,-0.0959878821972175,-6.35317521703919,-5.92604568737854
5.2525,-0.0959878821972175,-6.36336660265077,-5.96169752403429
5.255,-0.0959878821972175,-6.35317521703919,-5.92095256785629
5.2575,-0.0857989664907954,-6.35317521703919,-5.96169752403429
5.26,-0.0908934243440065,-6.33279244581604,-5.93113880690079
5.2625,-0.0908934243440065,-6.32260106020446,-5.95151128498979
5.265,-0.0959878821972175,-6.31750536739867,-5.95151128498979
5.2675,-7.04482839397647,-6.31240967459288,-5.93623192642304
5.27,-6.99897827329757,-6.34298383142761,-5.96679064355654
5.2725,-7.00407273115078,-6.29202690336973,-5.97697688260104
5.275,-6.99897827329757,-6.31750536739867,-5.99225624116778
5.2775,-0.0959878821972175,-6.31240967459288,-5.96169752403429
5.28,-0.0959878821972175,-6.33788813862182,-5.92604568737854
5.2825,-0.0908934243440065,-6.35827090984498,-5.94132504594529
5.285,-0.0908934243440065,-6.35317521703919,-5.95151128498979
5.2875,-0.0959878821972175,-6.31750536739867,-5.92604568737854
5.29,-0.0908934243440065,-6.32260106020446,-5.92604568737854
5.2925,-0.0908934243440065,-6.35827090984498,-5.93623192642304
5.295,-0.0959878821972175,-6.33279244581604,-5.96169752403429
5.2975,-0.0908934243440065,-6.33788813862182,-5.99225624116778
5.3,-0.0908934243440065,-6.3939407594855,-5.96169752403429
5.3025,-0.0959878821972175,-6.3480795242334,-5.96679064355654
5.305,-6.3876433309123,-6.34298383142761,-5.97697688260104
5.3075,-6.49972140368293,-6.3939407594855,-5.97188376307879
5.31,-6.66783851283888,-6.36846229545656,-5.98207000212328
5.3125,-6.67293297069209,-6.33788813862182,-5.97188376307879
5.315,-6.66783851283888,-6.33279244581604,-5.98207000212328
5.3175,-0.0959878821972175,-6.33788813862182,-5.98207000212328
5.32,-6.32141537882056,-6.31750536739867,-5.98207000212328
5.3225,-6.32650983667377,-6.34298383142761,-6.01262871925678
5.325,-6.32141537882056,-6.33788813862182,-6.00244248021228
5.3275,-0.0959878821972175,-6.34298383142761,-5.96679064355654
5.33,-0.0959878821972175,-6.3480795242334,-5.93623192642304
5.3325,-0.0959878821972175,-6.33279244581604,-6.01262871925678
5.335,-0.0959878821972175,-6.31240967459288,-6.02281495830128
5.3375,-0.0959878821972175,-6.30731398178709,-5.94132504594529
5.34,-0.0908934243440065,-6.33788813862182,-5.97697688260104
5.3425,-0.0959878821972175,-6.32260106020446,-5.99225624116778
5.345,-0.0908934243440065,-6.33788813862182,-6.01772183877903
5.3475,-0.101082340050429,-6.32260106020446,-5.96169752403429
5.35,-0.0908934243440065,-6.32769675301025,-5.95151128498979
5.3525,-0.0959878821972175,-6.35317521703919,-5.94641816546754
5.355,-0.0959878821972175,-6.32769675301025,-6.02281495830128
5.3575,-0.0959878821972175,-6.33788813862182,-5.99734936069003
5.36,-0.0908934243440065,-6.33279244581604,-5.96169752403429
5.3625,-0.0908934243440065,-6.34298383142761,-5.99225624116778
5.365,-0.0908934243440065,-6.33788813862182,-5.98716312164553
5.3675,-6.20933730604993,-6.33279244581604,-6.00753559973453
5.37,-6.20933730604993,-6.33788813862182,-5.96679064355654
5.3725,-6.10235369113251,-6.33279244581604,-5.98207000212328
5.375,-6.10235369113251,-6.33788813862182,-5.98716312164553
5.3775,-6.0972592332793,-6.33279244581604,-5.98716312164553
5.38,-6.10235369113251,-6.33788813862182,-5.98716312164553
5.3825,-6.0972592332793,-6.35827090984498,-5.96169752403429
5.385,-0.0959878821972175,-6.33788813862182,-5.95660440451204
5.3875,-0.0908934243440065,-6.33279244581604,-5.96169752403429
5.39,-0.0959878821972175,-6.32260106020446,-6.02281495830128
5.3925,-0.0959878821972175,-6.31750536739867,-6.05337367543478
5.395,-5.95970887124261,-6.31750536739867,-5.98207000212328
5.3975,-5.9546144133894,-6.31240967459288,-6.00753559973453
5.4,-5.83234742491235,-6.31750536739867,-5.98207000212328
5.4025,-5.83234742491235,-6.33788813862182,-6.00244248021228
5.405,-5.86291417203161,-6.32260106020446,-5.97697688260104
5.4075,-5.86291417203161,-6.3480795242334,-6.00244248021228
5.41,-5.51649103801329,-6.33279244581604,-5.88530073120054
5.4125,-5.52667995371971,-6.35827090984498,-5.99734936069003
5.415,-5.53177441157292,-6.35827090984498,-5.95660440451204
5.4175,-5.52667995371971,-6.35317521703919,-5.96169752403429
5.42,-0.101082340050429,-6.35317521703919,-5.94132504594529
5.4225,-0.0959878821972175,-6.35827090984498,-5.91076632881179
5.425,-0.0959878821972175,-6.36336660265077,-5.94132504594529
5.4275,-0.0908934243440065,-6.33788813862182,-5.95660440451204
5.43,-0.0959878821972175,-6.31750536739867,-5.99225624116778
5.4325,-0.0908934243440065,-6.33279244581604,-5.89548697024504
5.435,-0.0959878821972175,-6.33279244581604,-5.92604568737854
5.4375,-0.0908934243440065,-6.33788813862182,-5.8598351335893
5.44,-0.0959878821972175,-6.33788813862182,-5.90058008976729
5.4425,-0.0959878821972175,-6.3480795242334,-5.99734936069003
5.445,-0.0959878821972175,-6.3480795242334,-5.90058008976729
5.4475,-0.0959878821972175,-6.37865368106813,-5.90058008976729
5.45,-0.0908934243440065,-6.34298383142761,-5.8089039383668
5.4525,-0.0959878821972175,-6.33279244581604,-5.85474201406705
5.455,-5.70498597858208,-6.32769675301025,-5.8292764164558
5.4575,-5.73555272570134,-6.32260106020446,-5.95660440451204
5.46,-5.74064718355455,-6.32260106020446,-5.84455577502255
5.4625,-5.77121393067382,-6.32260106020446,-5.78343834075555
5.465,-5.76611947282061,-6.32260106020446,-5.78343834075555
5.4675,-5.77121393067382,-6.32260106020446,-5.77325210171105
5.47,-0.0959878821972175,-6.32260106020446,-5.76306586266655
5.4725,-0.0959878821972175,-6.32260106020446,-5.7681589821888
5.475,-0.0908934243440065,-6.31750536739867,-5.8598351335893
5.4775,-0.0959878821972175,-6.33788813862182,-5.88530073120054
5.48,-0.0959878821972175,-6.32260106020446,-5.7885314602778
5.4825,-0.0959878821972175,-6.29202690336973,-5.90058008976729
5.485,-5.86291417203161,-6.29202690336973,-5.87511449215604
5.4875,-5.87819754559124,-6.31240967459288,-5.92095256785629
5.49,-5.87819754559124,-6.32260106020446,-5.7885314602778
5.4925,-5.86291417203161,-6.32769675301025,-5.91076632881179
5.495,-5.81706405135271,-6.29712259617552,-5.89039385072279
5.4975,-5.81706405135271,-6.32769675301025,-5.7885314602778
5.5,-5.80687513564629,-6.33788813862182,-5.8190901774113
5.5025,-5.80178067779308,-6.33279244581604,-5.78343834075555
5.505,-5.80687513564629,-6.32260106020446,-5.7987176993223
5.5075,-5.78649730423345,-6.30731398178709,-5.7681589821888
5.51,-5.78649730423345,-6.30731398178709,-5.73760026505531
5.5125,-5.76611947282061,-6.31240967459288,-5.72741402601081
5.515,-6.19914839034351,-6.3480795242334,-5.78343834075555
5.5175,-5.7610250149674,-6.32769675301025,-5.74269338457756
5.52,-5.75593055711419,-6.32769675301025,-5.73760026505531
5.5225,-5.75593055711419,-6.35317521703919,-5.74778650409981
5.525,-6.31632092096735,-6.3480795242334,-5.71722778696631
5.5275,-6.39783224661872,-6.38884506667971,-5.83436953597805
5.53,-6.37745441520588,-6.34298383142761,-5.71213466744406
5.5325,-6.37235995735267,-6.3480795242334,-5.70704154792181
5.535,-6.37235995735267,-6.32260106020446,-5.72232090648856
5.5375,-0.101082340050429,-6.35317521703919,-5.74778650409981
5.54,-0.0959878821972175,-6.32260106020446,-5.70704154792181
5.5425,-0.0959878821972175,-6.33788813862182,-5.67138971126606
5.545,-0.0908934243440065,-6.33788813862182,-5.70704154792181
5.5475,-0.0908934243440065,-6.34298383142761,-5.71722778696631
5.55,-0.0908934243440065,-6.35317521703919,-5.71722778696631
5.5525,-0.0959878821972175,-6.37865368106813,-5.70194842839956
5.555,-0.0959878821972175,-6.35827090984498,-5.72741402601081
5.5575,-0.0959878821972175,-6.35317521703919,-5.68666906983281
5.56,-0.0959878821972175,-6.32260106020446,-5.65611035269931
5.5625,-0.0959878821972175,-6.3480795242334,-5.68666906983281
5.565,-0.0959878821972175,-6.33788813862182,-5.69176218935506
5.5675,-0.0908934243440065,-6.34298383142761,-5.67138971126606
5.57,-0.0959878821972175,-6.34298383142761,-5.66120347222156
5.5725,-0.0959878821972175,-6.33788813862182,-5.66120347222156
5.575,-0.0959878821972175,-6.34298383142761,-5.66120347222156
5.5775,-0.0959878821972175,-6.34298383142761,-5.69176218935506
5.58,-0.0908934243440065,-6.35317521703919,-5.70194842839956
5.5825,-0.0908934243440065,-6.35317521703919,-5.63573787461031
5.585,-0.0908934243440065,-6.34298383142761,-5.66629659174381
5.5875,-0.0908934243440065,-6.36846229545656,-5.69176218935506
5.59,-0.0959878821972175,-6.36846229545656,-5.63573787461031
5.5925,-0.0908934243440065,-6.36846229545656,-5.64592411365481
5.595,-0.0908934243440065,-6.32260106020446,-5.61027227699907
5.5975,-0.0959878821972175,-6.35827090984498,-5.64592411365481
5.6,-0.0908934243440065,-6.35317521703919,-5.63573787461031
5.6025,-0.0959878821972175,-6.36846229545656,-5.66629659174381
5.605,-0.0908934243440065,-6.34298383142761,-5.66629659174381
5.6075,-0.0908934243440065,-6.35317521703919,-5.66120347222156
5.61,-5.97499224480224,-6.31750536739867,-5.66629659174381
5.6125,-5.96480332909582,-6.31750536739867,-5.70704154792181
5.615,-5.96989778694903,-6.31750536739867,-5.71213466744406
5.6175,-6.0972592332793,-6.33788813862182,-5.71213466744406
5.62,-6.09216477542609,-6.32260106020446,-0.10461007344729
5.6225,-6.0972592332793,-6.33788813862182,-5.60517915747682
5.625,-6.0972592332793,-6.33279244581604,-5.59499291843232
5.6275,-6.09216477542609,-6.32769675301025,-5.76306586266655
5.63,-0.106176797903638,-6.3480795242334,-5.65611035269931
5.6325,-0.0908934243440065,-6.33279244581604,-5.63064475508807
5.635,-0.0959878821972175,-6.34298383142761,-5.7681589821888
5.6375,-0.0908934243440065,-6.35317521703919,-5.77325210171105
5.64,-0.0959878821972175,-6.33279244581604,-5.61536539652132
5.6425,-0.0908934243440065,-6.33279244581604,-5.61536539652132
5.645,-0.0908934243440065,-6.35827090984498,-5.62045851604357
5.6475,-0.0908934243440065,-6.37865368106813,-5.62045851604357
5.65,-0.0959878821972175,-6.37355798826234,-5.62555163556582
5.6525,-0.0908934243440065,-6.34298383142761,-5.62555163556582
5.655,-0.0959878821972175,-6.36336660265077,-5.62045851604357
5.6575,-0.0908934243440065,-6.34298383142761,-5.60517915747682
5.66,-0.0959878821972175,-6.33788813862182,-5.73760026505531
5.6625,-0.0908934243440065,-6.34298383142761,-5.68157595031056
5.665,-6.71878309137099,-6.3480795242334,-5.69176218935506
5.6675,-6.71878309137099,-6.35317521703919,-5.67138971126606
5.67,-6.71878309137099,-6.35827090984498,-5.65611035269931
5.6725,-0.121460171463271,-6.35827090984498,-5.66120347222156
5.675,-6.51500477724256,-6.35317521703919,-5.68157595031056
5.6775,-6.52009923509578,-6.34298383142761,-5.67138971126606
5.68,-6.43858790944441,-6.34298383142761,-5.68157595031056
5.6825,-6.43858790944441,-6.35317521703919,-5.64592411365481
5.685,-6.43858790944441,-6.37355798826234,-5.64592411365481
5.6875,-6.42330453588477,-6.36846229545656,-5.64083099413256
5.69,-6.41821007803156,-6.32769675301025,-5.64083099413256
5.6925,-6.42839899373798,-6.33279244581604,-5.64592411365481
5.695,-0.136743545022902,-6.33788813862182,-5.67138971126606
5.6975,-0.0959878821972175,-6.35317521703919,-5.67648283078831
5.7,-0.0908934243440065,-6.35317521703919,-5.69176218935506
5.7025,-0.0959878821972175,-6.35827090984498,-5.65101723317706
5.705,-0.0908934243440065,-6.33788813862182,-5.65101723317706
5.7075,-0.0959878821972175,-6.33279244581604,-5.63064475508807
5.71,-0.0908934243440065,-6.35317521703919,-5.67138971126606
5.7125,-0.0908934243440065,-6.35827090984498,-5.66120347222156
5.715,-0.0908934243440065,-6.36336660265077,-5.68157595031056
5.7175,-0.0908934243440065,-6.36846229545656,-5.64592411365481
5.72,-0.0908934243440065,-6.36336660265077,-5.65611035269931
5.7225,-0.0908934243440065,-6.35317521703919,-5.66120347222156
5.725,-0.0908934243440065,-6.36336660265077,-5.69685530887731
5.7275,-0.0959878821972175,-6.33279244581604,-5.67648283078831
5.73,-0.0908934243440065,-6.34298383142761,-5.66120347222156
5.7325,-0.0959878821972175,-6.33279244581604,-5.66629659174381
5.735,-0.0959878821972175,-6.33279244581604,-5.68666906983281
5.7375,-0.0959878821972175,-6.32260106020446,-5.73760026505531
5.74,-0.0908934243440065,-6.34298383142761,-5.69176218935506
5.7425,-0.0908934243440065,-6.3939407594855,-5.65611035269931
5.745,-0.0908934243440065,-6.35317521703919,-5.68666906983281
5.7475,-0.0908934243440065,-6.35317521703919,-5.72232090648856
5.75,-0.0959878821972175,-6.33788813862182,-5.69685530887731
5.7525,-0.0908934243440065,-6.33788813862182,-5.68157595031056
5.755,-0.0959878821972175,-6.3480795242334,-5.69685530887731
5.7575,-0.0908934243440065,-6.3480795242334,-5.66120347222156
5.76,-0.0959878821972175,-6.33788813862182,-5.68157595031056
5.7625,-0.0908934243440065,-6.34298383142761,-5.69176218935506
5.765,-0.0959878821972175,-6.32260106020446,-5.69176218935506
5.7675,-0.0959878821972175,-6.32769675301025,-5.66120347222156
5.77,-0.0959878821972175,-6.31750536739867,-5.67648283078831
5.7725,-0.0908934243440065,-6.33788813862182,-5.64592411365481
5.775,-0.0959878821972175,-6.38884506667971,-5.65101723317706
5.7775,-0.0908934243440065,-6.32260106020446,-5.65101723317706
5.78,-0.0959878821972175,-6.40413214509707,-5.65101723317706
5.7825,-0.0857989664907954,-6.33788813862182,-5.65611035269931
5.785,-0.0908934243440065,-6.3480795242334,-5.65101723317706
5.7875,-0.0908934243440065,-6.35317521703919,-5.65611035269931
5.79,-0.0959878821972175,-6.3480795242334,-5.65101723317706
5.7925,-0.0908934243440065,-6.34298383142761,-5.73760026505531
5.795,-0.0959878821972175,-6.33788813862182,-5.73760026505531
5.7975,-0.0959878821972175,-6.33279244581604,-5.70194842839956
5.8,-0.0908934243440065,-6.36336660265077,-5.67138971126606
5.8025,-0.0908934243440065,-6.35827090984498,-5.66629659174381
5.805,-0.0908934243440065,-6.38374937387392,-5.68157595031056
5.8075,-0.0857989664907954,-6.34298383142761,-5.67648283078831
5.81,-0.0908934243440065,-6.42961060912602,-5.67138971126606
5.8125,-0.0908934243440065,-6.36846229545656,-5.67138971126606
5.815,-0.0908934243440065,-6.37355798826234,-5.66629659174381
5.8175,-0.0908934243440065,-6.36846229545656,-5.69176218935506
5.82,-0.0908934243440065,-6.36336660265077,-5.69685530887731
5.8225,-0.0908934243440065,-6.36336660265077,-5.69685530887731
5.825,-0.0908934243440065,-6.35827090984498,-5.69685530887731
5.8275,-0.0908934243440065,-6.3480795242334,-5.68157595031056
5.83,-0.0908934243440065,-6.34298383142761,-5.71213466744406
5.8325,-0.0959878821972175,-6.34298383142761,-5.68157595031056
5.835,-0.0908934243440065,-6.34298383142761,-5.71213466744406
5.8375,-0.0908934243440065,-6.33788813862182,-5.72232090648856
5.84,-0.0908934243440065,-6.32769675301025,-5.70194842839956
5.8425,-0.0959878821972175,-6.34298383142761,-5.71213466744406
5.845,-0.0857989664907954,-6.33788813862182,-5.73760026505531
5.8475,-0.0959878821972175,-6.33788813862182,-5.72741402601081
5.85,-0.0908934243440065,-6.33279244581604,-5.73250714553306
5.8525,-0.0908934243440065,-6.32769675301025,-5.69176218935506
5.855,-0.0959878821972175,-6.32769675301025,-5.70194842839956
5.8575,-0.0908934243440065,-6.32769675301025,-5.70194842839956
5.86,-0.0908934243440065,-6.33788813862182,-5.71722778696631
5.8625,-0.0959878821972175,-6.33788813862182,-5.69176218935506
5.865,-0.0959878821972175,-6.34298383142761,-5.72741402601081
5.8675,-0.0908934243440065,-6.36846229545656,-5.73760026505531
5.87,-0.0857989664907954,-6.38374937387392,-5.73760026505531
5.8725,-0.0908934243440065,-6.35827090984498,-5.74778650409981
5.875,-0.0908934243440065,-6.36336660265077,-5.74269338457756
5.8775,-0.0908934243440065,-6.37355798826234,-5.7579727431443
5.88,-0.0959878821972175,-6.34298383142761,-5.78343834075555
5.8825,-0.0908934243440065,-6.40413214509707,-5.73760026505531
5.885,-0.0908934243440065,-6.39903645229129,-5.72232090648856
5.8875,-0.0908934243440065,-6.37355798826234,-5.72232090648856
5.89,-0.0908934243440065,-6.37355798826234,-5.73760026505531
5.8925,-0.0908934243440065,-6.34298383142761,-5.7579727431443
5.895,-0.0959878821972175,-6.33788813862182,-5.7987176993223
5.8975,-0.0908934243440065,-6.36336660265077,-5.77325210171105
5.9,-0.0908934243440065,-6.38884506667971,-5.72232090648856
5.9025,-0.0959878821972175,-6.35827090984498,-5.73760026505531
5.905,-0.0908934243440065,-6.35317521703919,-5.70704154792181
5.9075,-0.0908934243440065,-6.40922783790286,-5.71722778696631
5.91,-0.0908934243440065,-6.40922783790286,-5.74778650409981
5.9125,-0.0959878821972175,-6.41432353070865,-5.74778650409981
5.915,-0.101082340050429,-6.37865368106813,-5.73250714553306
5.9175,-0.0959878821972175,-6.37355798826234,-5.71722778696631
5.92,-0.0908934243440065,-6.38884506667971,-5.7579727431443
5.9225,-0.0908934243440065,-6.36336660265077,-5.73250714553306
5.925,-0.0908934243440065,-6.36336660265077,-5.7681589821888
5.9275,-0.0908934243440065,-6.35317521703919,-5.74269338457756
5.93,-0.0908934243440065,-6.33279244581604,-5.74778650409981
5.9325,-0.0959878821972175,-6.35827090984498,-5.73250714553306
5.935,-0.0908934243440065,-6.3480795242334,-5.72741402601081
5.9375,-0.0908934243440065,-6.32769675301025,-5.74778650409981
5.94,-6.72897200707741,-6.32260106020446,-5.7783452212333
5.9425,-6.71878309137099,-6.33788813862182,-5.81399705788905
5.945,-6.7238775492242,-6.33788813862182,-5.7681589821888
5.9475,-0.0908934243440065,-6.33788813862182,-5.7987176993223
5.95,-0.0908934243440065,-6.33788813862182,-5.74269338457756
5.9525,-0.0908934243440065,-6.31750536739867,-5.71722778696631
5.955,-0.0908934243440065,-6.35317521703919,-5.71722778696631
5.9575,-0.0908934243440065,-6.33279244581604,-5.73760026505531
5.96,-0.0959878821972175,-6.33279244581604,-5.73250714553306
5.9625,-0.0959878821972175,-6.33788813862182,-5.74778650409981
5.965,-6.27047080028846,-6.33788813862182,-5.83436953597805
5.9675,-6.26537634243525,-6.34298383142761,-5.73760026505531
5.97,-6.30613200526093,-6.34298383142761,-5.7885314602778
5.9725,-6.30613200526093,-6.36336660265077,-5.71722778696631
5.975,-6.36726549949946,-6.35317521703919,-5.75287962362205
5.9775,-6.31122646311414,-6.38884506667971,-5.75287962362205
5.98,-6.60670501860036,-6.36846229545656,-5.73760026505531
5.9825,-6.60670501860036,-6.35317521703919,-5.73250714553306
5.985,-6.3417932102334,-6.35827090984498,-5.71722778696631
5.9875,-6.35707658379304,-6.3480795242334,-5.7579727431443
5.99,-6.50991031938935,-6.35317521703919,-5.78343834075555
5.9925,-6.42839899373798,-6.35827090984498,-5.72232090648856
5.995,-6.5812327293343,-6.33788813862182,-5.73760026505531
5.9975,-6.57613827148109,-6.33788813862182,-5.74269338457756
6,-6.54557152436183,-6.3480795242334,-5.73760026505531
6.0025,-6.59651610289393,-6.3480795242334,-5.71213466744406
6.005,-6.59651610289393,-6.35317521703919,-5.76306586266655
6.0075,-6.76463321204988,-6.36336660265077,-5.73250714553306
6.01,-6.74425538063704,-6.35317521703919,-5.71213466744406
6.0125,-6.73916092278383,-6.36336660265077,-5.78343834075555
6.015,-6.32141537882056,-6.36846229545656,-5.73760026505531
6.0175,-6.32141537882056,-6.35317521703919,-5.73760026505531
6.02,-6.53538260865541,-6.3480795242334,-5.73760026505531
6.0225,-6.5302881508022,-6.37355798826234,-5.74269338457756
6.025,-6.70859417566457,-6.32260106020446,-5.7987176993223
6.0275,-6.70349971781136,-6.32260106020446,-5.75287962362205
6.03,-6.70859417566457,-6.32260106020446,-5.72232090648856
6.0325,-6.7238775492242,-6.32260106020446,-5.7579727431443
6.035,-6.72897200707741,-6.35317521703919,-5.76306586266655
6.0375,-6.64236622357283,-6.33788813862182,-5.78343834075555
6.04,-6.04631465474719,-6.31750536739867,-5.7579727431443
6.0425,-6.04631465474719,-6.34298383142761,-5.75287962362205
6.045,-6.04631465474719,-6.34298383142761,-5.73250714553306
6.0475,-0.0959878821972175,-6.33788813862182,-5.7885314602778
6.05,-0.0959878821972175,-6.32769675301025,-5.73760026505531
6.0525,-0.0908934243440065,-6.3480795242334,-5.74778650409981
6.055,-0.0959878821972175,-6.35827090984498,-5.74269338457756
6.0575,-0.0908934243440065,-6.35827090984498,-5.78343834075555
6.06,-0.0959878821972175,-6.33788813862182,-5.73760026505531
6.0625,-0.0908934243440065,-6.37355798826234,-5.7987176993223
6.065,-0.0908934243440065,-6.38884506667971,-5.78343834075555
6.0675,-0.0908934243440065,-6.35317521703919,-5.72741402601081
6.07,-0.0959878821972175,-6.37355798826234,-5.7681589821888
6.0725,-0.0908934243440065,-6.41941922351444,-5.7885314602778
6.075,-0.0959878821972175,-6.37865368106813,-5.78343834075555
6.0775,-0.0908934243440065,-6.35317521703919,-5.75287962362205
6.08,-0.0908934243440065,-6.37355798826234,-5.66629659174381
6.0825,-0.0908934243440065,-6.38374937387392,-5.75287962362205
6.085,-0.0908934243440065,-6.35827090984498,-5.7579727431443
6.0875,-0.0959878821972175,-6.37865368106813,-5.76306586266655
6.09,-0.0908934243440065,-6.33788813862182,-5.7579727431443
6.0925,-0.0908934243440065,-6.33788813862182,-5.72741402601081
6.095,-0.0908934243440065,-6.33279244581604,-5.72741402601081
6.0975,-0.0959878821972175,-6.32260106020446,-5.74778650409981
6.1,-6.23480959531598,-6.31240967459288,-5.76306586266655
6.1025,-6.30613200526093,-6.31240967459288,-5.7579727431443
6.105,-6.29594308955451,-6.31750536739867,-5.7681589821888
6.1075,-6.30103754740772,-6.35827090984498,-5.7681589821888
6.11,-0.101082340050429,-6.32260106020446,-5.7681589821888
6.1125,-0.0959878821972175,-6.33788813862182,-5.7579727431443
6.115,-6.41821007803156,-6.33788813862182,-5.7579727431443
6.1175,-6.41821007803156,-6.35317521703919,-5.7579727431443
6.12,-6.41821007803156,-6.33279244581604,-5.78343834075555
6.1225,-0.0959878821972175,-6.31240967459288,-5.7579727431443
6.125,-0.0959878821972175,-6.33279244581604,-5.58480667938782
6.1275,-0.0959878821972175,-6.3480795242334,-5.78343834075555
6.13,-0.0959878821972175,-6.3939407594855,-5.58480667938782
6.1325,-0.0959878821972175,-6.36336660265077,-5.75287962362205
6.135,-0.0908934243440065,-6.37865368106813,-5.58480667938782
6.1375,-0.0908934243440065,-6.36846229545656,-5.78343834075555
6.14,-0.0908934243440065,-6.33788813862182,-5.7885314602778
6.1425,-0.0959878821972175,-6.35317521703919,-5.7579727431443
6.145,-0.0959878821972175,-6.3480795242334,-5.61536539652132
6.1475,-0.0908934243440065,-6.35317521703919,-5.62045851604357
6.15,-0.0908934243440065,-6.3939407594855,-5.61536539652132
6.1525,-0.0959878821972175,-6.38884506667971,-5.55424796225432
6.155,-0.0908934243440065,-6.37865368106813,-5.61536539652132
6.1575,-0.0959878821972175,-6.3480795242334,-5.7783452212333
6.16,-0.0908934243440065,-6.36846229545656,-5.76306586266655
6.1625,-0.0959878821972175,-6.40413214509707,-5.57971355986557
6.165,-0.0908934243440065,-6.35317521703919,-5.80381081884455
6.1675,-0.0908934243440065,-6.32260106020446,-5.7681589821888
6.17,-0.0857989664907954,-6.31750536739867,-5.7987176993223
6.1725,-0.0959878821972175,-6.35827090984498,-5.7987176993223
6.175,-0.0908934243440065,-6.35827090984498,-5.79362457980005
6.1775,-0.0908934243440065,-6.35827090984498,-5.8089039383668
6.18,-0.0857989664907954,-6.33788813862182,-5.80381081884455
6.1825,-0.0908934243440065,-6.32260106020446,-5.78343834075555
6.185,-0.0908934243440065,-6.33279244581604,-5.78343834075555
6.1875,-0.0908934243440065,-6.37865368106813,-5.7783452212333
6.19,-0.0908934243440065,-6.30731398178709,-5.7885314602778
6.1925,-0.0908934243440065,-6.32260106020446,-5.78343834075555
6.195,-0.0908934243440065,-6.30221828898131,-5.7885314602778
6.1975,-0.0908934243440065,-6.30221828898131,-5.78343834075555
6.2,-0.0959878821972175,-6.33279244581604,-5.81399705788905
6.2025,-6.08707031757288,-6.33788813862182,-5.81399705788905
6.205,-6.07688140186645,-6.36846229545656,-5.8089039383668
6.2075,-6.13292043825177,-6.33788813862182,-5.81399705788905
6.21,-6.12782598039856,-6.36336660265077,-5.7681589821888
6.2125,-6.23480959531598,-6.33279244581604,-5.7987176993223
6.215,-6.23480959531598,-6.35317521703919,-5.7885314602778
6.2175,-6.11763706469214,-6.35317521703919,-5.7579727431443
6.22,-6.12782598039856,-6.35317521703919,-5.7885314602778
6.2225,-6.13801489610498,-6.33279244581604,-5.7783452212333
6.225,-6.16858164322425,-6.3480795242334,-5.7681589821888
6.2275,-6.2908486317013,-6.34298383142761,-5.7681589821888
6.23,-6.22971513746277,-6.37355798826234,-5.7681589821888
6.2325,-6.2449985110224,-6.3480795242334,-5.7681589821888
6.235,-6.25009296887561,-6.37355798826234,-5.7579727431443
6.2375,-6.31122646311414,-6.37355798826234,-5.7681589821888
6.24,-6.22462067960956,-6.35827090984498,-5.75287962362205
6.2425,-6.26537634243525,-6.37355798826234,-5.78343834075555
6.245,-6.34688766808662,-6.35317521703919,-5.74778650409981
6.2475,-6.36217104164625,-6.38374937387392,-5.7579727431443
6.25,-6.34688766808662,-6.36336660265077,-5.78343834075555
6.2525,-6.34688766808662,-6.33279244581604,-5.7783452212333
6.255,-6.3417932102334,-6.35317521703919,-5.70704154792181
6.2575,-0.0959878821972175,-6.36336660265077,-5.7681589821888
6.26,-0.0959878821972175,-6.33788813862182,-5.77325210171105
6.2625,-6.45387128300404,-6.34298383142761,-5.74778650409981
6.265,-6.44877682515083,-6.33788813862182,-5.8089039383668
6.2675,-6.44877682515083,-6.33788813862182,-5.7885314602778
6.27,-0.0959878821972175,-6.32769675301025,-5.74778650409981
6.2725,-0.0908934243440065,-6.31750536739867,-5.75287962362205
6.275,-0.0908934243440065,-6.3480795242334,-5.72741402601081
6.2775,-0.0959878821972175,-6.33788813862182,-5.72741402601081
6.28,-0.0959878821972175,-6.34298383142761,-5.76306586266655
6.2825,-0.0908934243440065,-6.35827090984498,-5.7579727431443
6.285,-0.0857989664907954,-6.33788813862182,-5.79362457980005
6.2875,-0.0908934243440065,-6.35827090984498,-5.73250714553306
6.29,-0.0908934243440065,-6.35827090984498,-5.78343834075555
6.2925,-0.0959878821972175,-6.33788813862182,-5.70194842839956
6.295,-0.0908934243440065,-6.35317521703919,-5.72741402601081
6.2975,-0.0908934243440065,-6.33788813862182,-5.7987176993223
6.3,-0.0908934243440065,-6.32769675301025,-5.75287962362205
6.3025,-0.0908934243440065,-6.33279244581604,-5.76306586266655
6.305,-0.0959878821972175,-6.32769675301025,-5.7579727431443
6.3075,-0.0959878821972175,-6.32769675301025,-5.73760026505531
6.31,-0.0959878821972175,-6.33788813862182,-5.76306586266655
6.3125,-0.0959878821972175,-6.33788813862182,-5.7579727431443
6.315,-0.0908934243440065,-6.35317521703919,-5.73760026505531
6.3175,-0.101082340050429,-6.35317521703919,-5.72741402601081
6.32,-0.0908934243440065,-6.35827090984498,-5.73250714553306
6.3225,-0.0908934243440065,-6.35317521703919,-5.8089039383668
6.325,-0.0908934243440065,-6.35827090984498,-5.77325210171105
6.3275,-0.0908934243440065,-6.35827090984498,-5.75287962362205
6.33,-0.0908934243440065,-6.3480795242334,-5.7783452212333
6.3325,-0.0959878821972175,-6.3480795242334,-5.80381081884455
6.335,-6.53538260865541,-6.32769675301025,-5.7783452212333
6.3375,-6.53538260865541,-6.35317521703919,-5.7783452212333
6.34,-6.53538260865541,-6.35317521703919,-5.75287962362205
6.3425,-0.101082340050429,-6.34298383142761,-5.78343834075555
6.345,-0.0959878821972175,-6.37355798826234,-5.7987176993223
6.3475,-0.0959878821972175,-6.3480795242334,-5.74778650409981
6.35,-0.0959878821972175,-6.32769675301025,-5.7579727431443
6.3525,-0.0959878821972175,-6.33788813862182,-5.74778650409981
6.355,-0.0959878821972175,-6.35827090984498,-5.72232090648856
6.3575,-0.0908934243440065,-6.31750536739867,-5.76306586266655
6.36,-0.0908934243440065,-6.3480795242334,-5.72232090648856
6.3625,-0.0959878821972175,-6.36336660265077,-5.72232090648856
6.365,-0.0908934243440065,-6.35317521703919,-5.73760026505531
6.3675,-0.0959878821972175,-6.35317521703919,-5.76306586266655
6.37,-0.0959878821972175,-6.3939407594855,-5.74269338457756
6.3725,-0.0959878821972175,-6.36846229545656,-5.74269338457756
6.375,-0.0908934243440065,-6.3939407594855,-5.75287962362205
6.3775,-0.0959878821972175,-6.37355798826234,-5.83436953597805
6.38,-0.0908934243440065,-6.34298383142761,-5.81399705788905
6.3825,-0.0908934243440065,-6.35827090984498,-5.73760026505531
6.385,-0.0959878821972175,-6.35317521703919,-5.73760026505531
6.3875,-6.30103754740772,-6.3480795242334,-5.7783452212333
6.39,-6.30103754740772,-6.33788813862182,-5.70704154792181
6.3925,-6.2908486317013,-6.41432353070865,-5.73760026505531
6.395,-0.0959878821972175,-6.36846229545656,-5.7987176993223
6.3975,-0.0959878821972175,-6.3480795242334,-5.8598351335893
6.4,-0.0959878821972175,-6.35317521703919,-5.8089039383668
6.4025,-0.0959878821972175,-6.35317521703919,-5.75287962362205
6.405,-0.0959878821972175,-6.33279244581604,-5.7579727431443
6.4075,-0.0908934243440065,-6.35317521703919,-5.7579727431443
6.41,-0.0959878821972175,-6.32769675301025,-5.76306586266655
6.4125,-0.0908934243440065,-6.33788813862182,-5.73760026505531
6.415,-0.0959878821972175,-6.35317521703919,-5.73760026505531
6.4175,-0.0908934243440065,-6.35827090984498,-5.73760026505531
6.42,-0.0959878821972175,-6.39903645229129,-5.73250714553306
6.4225,-6.09216477542609,-6.38374937387392,-5.82418329693355
6.425,-6.09216477542609,-6.37865368106813,-5.7885314602778
6.4275,-6.17367610107746,-6.33279244581604,-5.82418329693355
6.43,-6.16858164322425,-6.33279244581604,-5.79362457980005
6.4325,-6.17367610107746,-6.32769675301025,-5.87511449215604
6.435,-6.17367610107746,-6.33279244581604,-5.7885314602778
6.4375,-6.17877055893067,-6.30221828898131,-5.76306586266655
6.44,-0.101082340050429,-6.32769675301025,-5.81399705788905
6.4425,-0.0959878821972175,-6.33279244581604,-5.81399705788905
6.445,-0.0959878821972175,-6.33788813862182,-5.81399705788905
6.4475,-0.0908934243440065,-6.30731398178709,-5.79362457980005
6.45,-0.0959878821972175,-6.33279244581604,-5.78343834075555
6.4525,-0.0908934243440065,-6.34298383142761,-5.77325210171105
6.455,-0.0959878821972175,-6.35317521703919,-5.7681589821888
6.4575,-0.0959878821972175,-6.35317521703919,-5.80381081884455
6.46,-0.0959878821972175,-6.33279244581604,-5.8292764164558
6.4625,-0.0959878821972175,-6.38374937387392,-5.77325210171105
6.465,-0.0908934243440065,-6.37865368106813,-5.78343834075555
6.4675,-0.0959878821972175,-6.33279244581604,-5.78343834075555
6.47,-0.0908934243440065,-6.3480795242334,-5.82418329693355
6.4725,-0.0959878821972175,-6.36846229545656,-5.81399705788905
6.475,-0.0959878821972175,-6.35317521703919,-5.78343834075555
6.4775,-0.0959878821972175,-6.35827090984498,-5.7783452212333
6.48,-0.0959878821972175,-6.36336660265077,-5.78343834075555
6.4825,-0.0908934243440065,-6.35827090984498,-5.7885314602778
6.485,-0.0908934243440065,-6.35827090984498,-5.78343834075555
6.4875,-0.0908934243440065,-6.42451491632023,-5.7885314602778
6.49,-0.0908934243440065,-6.37355798826234,-5.7885314602778
6.4925,-0.0959878821972175,-6.38884506667971,-5.7885314602778
6.495,-0.0908934243440065,-6.37865368106813,-5.7885314602778
6.4975,-0.0908934243440065,-6.38374937387392,-5.7783452212333
6.5,-0.0908934243440065,-6.37355798826234,-5.79362457980005
6.5025,-0.0908934243440065,-6.37355798826234,-5.82418329693355
6.505,-0.0908934243440065,-6.37355798826234,-5.82418329693355
6.5075,-0.0959878821972175,-6.38884506667971,-5.82418329693355
6.51,-0.0908934243440065,-6.33788813862182,-5.79362457980005
6.5125,-0.0908934243440065,-6.35317521703919,-5.7987176993223
6.515,-0.0908934243440065,-6.37355798826234,-5.77325210171105
6.5175,-0.0959878821972175,-6.37355798826234,-5.7885314602778
6.52,-0.0908934243440065,-6.36846229545656,-5.78343834075555
6.5225,-0.0908934243440065,-6.37355798826234,-5.7885314602778
6.525,-0.0908934243440065,-6.3480795242334,-5.82418329693355
6.5275,-0.0959878821972175,-6.37355798826234,-5.84455577502255
6.53,-0.0857989664907954,-6.38374937387392,-5.8292764164558
6.5325,-0.0959878821972175,-6.38884506667971,-5.82418329693355
6.535,-0.0908934243440065,-6.37355798826234,-5.8496488945448
6.5375,-0.0908934243440065,-6.37865368106813,-5.82418329693355
6.54,-0.0959878821972175,-6.40413214509707,-5.82418329693355
6.5425,-0.0908934243440065,-6.39903645229129,-5.7987176993223
6.545,-0.0908934243440065,-6.37355798826234,-5.80381081884455
6.5475,-0.0908934243440065,-6.38374937387392,-5.81399705788905
6.55,-0.0908934243440065,-6.3939407594855,-5.82418329693355
6.5525,-0.0959878821972175,-6.36336660265077,-5.80381081884455
6.555,-0.0908934243440065,-6.37355798826234,-5.80381081884455
6.5575,-0.0908934243440065,-6.35827090984498,-5.80381081884455
6.56,-0.0959878821972175,-6.3480795242334,-5.81399705788905
6.5625,-0.0908934243440065,-6.35827090984498,-5.81399705788905
6.565,-0.0959878821972175,-6.38884506667971,-5.84455577502255
6.5675,-0.0959878821972175,-6.36846229545656,-5.84455577502255
6.57,-0.0908934243440065,-6.36336660265077,-5.8190901774113
6.5725,-0.0959878821972175,-6.35827090984498,-5.8292764164558
6.575,-0.0908934243440065,-6.35827090984498,-5.8394626555003
6.5775,-0.0908934243440065,-6.35827090984498,-5.8496488945448
6.58,-0.0959878821972175,-6.33788813862182,-5.8089039383668
6.5825,-0.0959878821972175,-6.34298383142761,-5.87002137263379
6.585,-0.0959878821972175,-6.40413214509707,-5.86492825311154
6.5875,-7.0142616468572,-6.3480795242334,-5.8292764164558
6.59,-7.0142616468572,-6.36846229545656,-5.83436953597805
6.5925,-6.9633170683251,-6.33788813862182,-5.8292764164558
6.595,-6.5302881508022,-6.33788813862182,-5.83436953597805
6.5975,-6.53538260865541,-6.3480795242334,-5.82418329693355
6.6,-6.53538260865541,-6.3480795242334,-5.8292764164558
6.6025,-6.60161056074715,-6.34298383142761,-5.83436953597805
6.605,-6.63727176571962,-6.33279244581604,-5.8394626555003
6.6075,-6.6270828500132,-6.35827090984498,-5.7987176993223
6.61,-6.6270828500132,-6.37355798826234,-5.78343834075555
6.6125,-6.62198839215999,-6.33788813862182,-5.8190901774113
6.615,-6.62198839215999,-6.33788813862182,-5.87002137263379
6.6175,-6.6270828500132,-6.33279244581604,-5.7987176993223
6.62,-0.131649087169691,-6.32769675301025,-5.80381081884455
6.6225,-0.0857989664907954,-6.35317521703919,-5.79362457980005
6.625,-0.0959878821972175,-6.3480795242334,-5.7987176993223
6.6275,-0.0908934243440065,-6.33788813862182,-5.79362457980005
6.63,-0.0908934243440065,-6.35827090984498,-5.8190901774113
6.6325,-0.0908934243440065,-6.35317521703919,-5.7987176993223
6.635,-0.0908934243440065,-6.35317521703919,-5.79362457980005
6.6375,-0.0908934243440065,-6.3939407594855,-5.7987176993223
6.64,-0.0908934243440065,-6.33788813862182,-5.7987176993223
6.6425,-0.0908934243440065,-6.36336660265077,-5.8292764164558
6.645,-0.0908934243440065,-6.35827090984498,-5.83436953597805
6.6475,-0.0959878821972175,-6.35317521703919,-5.83436953597805
6.65,-0.0908934243440065,-6.36336660265077,-5.87002137263379
6.6525,-0.0908934243440065,-6.37355798826234,-5.78343834075555
6.655,-0.0959878821972175,-6.34298383142761,-5.8089039383668
6.6575,-0.0908934243440065,-6.33279244581604,-5.80381081884455
6.66,-0.0908934243440065,-6.32769675301025,-5.8089039383668
6.6625,-0.0959878821972175,-6.35317521703919,-5.79362457980005
6.665,-0.0959878821972175,-6.31750536739867,-5.7885314602778
6.6675,-0.0908934243440065,-6.3480795242334,-5.84455577502255
6.67,-0.0908934243440065,-6.30731398178709,-5.7987176993223
6.6725,-0.0908934243440065,-6.31750536739867,-5.80381081884455
6.675,-0.0908934243440065,-6.3480795242334,-5.7987176993223
6.6775,-0.0959878821972175,-6.37865368106813,-5.82418329693355
6.68,-0.0908934243440065,-6.36336660265077,-5.8292764164558
6.6825,-0.0908934243440065,-6.36846229545656,-5.8292764164558
6.685,-0.0908934243440065,-6.35317521703919,-5.8292764164558
6.6875,-0.0959878821972175,-6.3480795242334,-5.82418329693355
6.69,-0.0959878821972175,-6.37355798826234,-5.7987176993223
6.6925,-0.0908934243440065,-6.37355798826234,-5.79362457980005
6.695,-0.0959878821972175,-6.39903645229129,-5.7885314602778
6.6975,-0.0908934243440065,-6.35827090984498,-5.7987176993223
6.7,-0.0959878821972175,-6.38374937387392,-5.78343834075555
6.7025,-0.0908934243440065,-6.38884506667971,-5.7987176993223
6.705,-6.00555899192151,-6.35827090984498,-5.7987176993223
6.7075,-6.3876433309123,-6.31240967459288,-5.82418329693355
6.71,-6.39273778876551,-6.35317521703919,-5.82418329693355
6.7125,-6.17367610107746,-6.33788813862182,-5.82418329693355
6.715,-6.17367610107746,-6.34298383142761,-5.82418329693355
6.7175,-6.17877055893067,-6.33279244581604,-5.8190901774113
6.72,-0.0959878821972175,-6.33279244581604,-5.7987176993223
6.7225,-0.0908934243440065,-6.3480795242334,-5.8292764164558
6.725,-0.0959878821972175,-6.35317521703919,-5.7987176993223
6.7275,-0.0908934243440065,-6.36336660265077,-5.80381081884455
6.73,-0.0857989664907954,-6.36846229545656,-5.79362457980005
6.7325,-0.0908934243440065,-6.35317521703919,-5.88020761167829
6.735,-0.0908934243440065,-6.36336660265077,-5.7987176993223
6.7375,-0.0908934243440065,-6.35827090984498,-5.7987176993223
6.74,-0.0959878821972175,-6.3939407594855,-5.79362457980005
6.7425,-0.0908934243440065,-6.37355798826234,-5.8190901774113
6.745,-0.0908934243440065,-6.38884506667971,-5.82418329693355
6.7475,-0.0908934243440065,-6.36336660265077,-5.81399705788905
6.75,-0.0908934243440065,-6.36336660265077,-5.85474201406705
6.7525,-5.69989152072887,-6.36336660265077,-5.82418329693355
6.755,-5.68460814716924,-6.36336660265077,-5.8190901774113
6.7575,-5.67441923146282,-6.35827090984498,-5.79362457980005
6.76,-5.86291417203161,-6.35317521703919,-5.8089039383668
6.7625,-5.86291417203161,-6.35317521703919,-5.8190901774113
6.765,-5.6183801950775,-6.36336660265077,-5.81399705788905
6.7675,-5.6183801950775,-6.35827090984498,-5.7987176993223
6.77,-5.6183801950775,-6.34298383142761,-5.7885314602778
6.7725,-0.0959878821972175,-6.32260106020446,-5.7885314602778
6.775,-0.0908934243440065,-6.30221828898131,-5.80381081884455
6.7775,-0.0908934243440065,-6.31750536739867,-5.7885314602778
6.78,-0.0908934243440065,-6.31750536739867,-5.8089039383668
6.7825,-0.0908934243440065,-6.31750536739867,-5.83436953597805
6.785,-0.0908934243440065,-6.33279244581604,-5.8394626555003
6.7875,-0.0959878821972175,-6.32769675301025,-5.8292764164558
6.79,-0.0908934243440065,-6.30221828898131,-5.83436953597805
6.7925,-0.0959878821972175,-6.30221828898131,-5.83436953597805
6.795,-0.0959878821972175,-6.29202690336973,-5.8292764164558
6.7975,-0.0908934243440065,-6.29712259617552,-5.83436953597805
6.8,-0.0908934243440065,-6.31750536739867,-5.8292764164558
6.8025,-0.0959878821972175,-6.32769675301025,-5.89039385072279
6.805,-0.0908934243440065,-6.35317521703919,-5.8598351335893
6.8075,-0.0959878821972175,-6.3480795242334,-5.8292764164558
6.81,-0.0959878821972175,-6.34298383142761,-5.83436953597805
6.8125,-0.0857989664907954,-6.34298383142761,-5.82418329693355
6.815,-0.101082340050429,-6.31240967459288,-5.8089039383668
6.8175,-0.0908934243440065,-6.33279244581604,-5.80381081884455
6.82,-0.0908934243440065,-6.34298383142761,-5.80381081884455
6.8225,-0.0908934243440065,-6.35317521703919,-5.82418329693355
6.825,-0.0908934243440065,-6.30731398178709,-5.7885314602778
6.8275,-0.0959878821972175,-6.31240967459288,-5.8190901774113
6.83,-0.0908934243440065,-6.30221828898131,-5.78343834075555
6.8325,-0.0908934243440065,-6.30731398178709,-5.8089039383668
6.835,-0.0908934243440065,-6.29712259617552,-5.78343834075555
6.8375,-0.0908934243440065,-6.32260106020446,-5.8292764164558
6.84,-0.0908934243440065,-6.33279244581604,-5.8089039383668
6.8425,-0.0908934243440065,-6.33788813862182,-5.7987176993223
6.845,-0.0959878821972175,-6.35317521703919,-5.7987176993223
6.8475,-0.0908934243440065,-6.36336660265077,-5.7885314602778
6.85,-0.0908934243440065,-6.36846229545656,-5.7885314602778
6.8525,-0.0908934243440065,-6.35317521703919,-5.7885314602778
6.855,-0.0908934243440065,-6.37355798826234,-5.77325210171105
6.8575,-0.0908934243440065,-6.3480795242334,-5.8089039383668
6.86,-0.0908934243440065,-6.3939407594855,-5.80381081884455
6.8625,-0.0908934243440065,-6.36336660265077,-5.7885314602778
6.865,-0.0857989664907954,-6.35317521703919,-5.81399705788905
6.8675,-0.0908934243440065,-6.34298383142761,-5.8089039383668
6.87,-0.0959878821972175,-6.36336660265077,-5.83436953597805
6.8725,-0.0908934243440065,-6.33279244581604,-5.7783452212333
6.875,-0.0857989664907954,-6.32260106020446,-5.7579727431443
6.8775,-0.0908934243440065,-6.3480795242334,-5.74778650409981
6.88,-0.0908934243440065,-6.33788813862182,-5.7885314602778
6.8825,-0.0908934243440065,-6.33279244581604,-5.75287962362205
6.885,-0.0908934243440065,-6.33788813862182,-5.75287962362205
6.8875,-0.0908934243440065,-6.3480795242334,-5.7783452212333
6.89,-0.0908934243440065,-6.33788813862182,-5.7987176993223
6.8925,-0.0908934243440065,-6.33788813862182,-5.7681589821888
6.895,-0.0857989664907954,-6.30731398178709,-5.76306586266655
6.8975,-0.0908934243440065,-6.31750536739867,-5.79362457980005
6.9,-0.0908934243440065,-6.32260106020446,-5.77325210171105
6.9025,-5.95970887124261,-6.31750536739867,-5.73250714553306
6.905,-5.95970887124261,-6.31240967459288,-5.74269338457756
6.9075,-5.95970887124261,-6.31240967459288,-5.73760026505531
6.91,-0.0959878821972175,-6.33279244581604,-5.75287962362205
6.9125,-5.36875176027018,-6.33788813862182,-5.74269338457756
6.915,-5.6183801950775,-6.33279244581604,-5.73250714553306
6.9175,-5.61328573722429,-6.35317521703919,-5.7579727431443
6.92,-5.15987898828855,-6.35827090984498,-5.7783452212333
6.9225,-5.12931224116928,-6.36336660265077,-5.74778650409981
6.925,-5.12931224116928,-6.35827090984498,-5.71722778696631
6.9275,-4.97647850557297,-6.35317521703919,-5.7885314602778
6.93,-4.92553392704086,-6.37355798826234,-5.7885314602778
6.9325,-4.92553392704086,-6.3939407594855,-5.7579727431443
6.935,-4.85930597494912,-6.42961060912602,-5.74269338457756
6.9375,-4.80836139641702,-6.37865368106813,-5.73760026505531
6.94,-4.7523223600317,-6.34298383142761,-5.74269338457756
6.9425,-4.68609440793996,-6.33788813862182,-5.74269338457756
6.945,-4.68609440793996,-6.33279244581604,-5.71722778696631
6.9475,-4.68609440793996,-6.32769675301025,-5.74778650409981
6.95,-4.69628332364638,-6.32260106020446,-5.71722778696631
6.9525,-4.44156043098585,-6.31750536739867,-5.73250714553306
6.955,-4.4160881417198,-6.30731398178709,-5.73250714553306
6.9575,-4.4160881417198,-6.31750536739867,-5.73760026505531
6.96,-4.33967127392164,-6.31750536739867,-5.76306586266655
6.9625,-4.32438790036201,-6.31240967459288,-5.80381081884455
6.965,-4.28872669538954,-6.33788813862182,-5.72232090648856
6.9675,-4.25306549041706,-6.32260106020446,-5.70704154792181
6.97,-4.24287657471064,-6.32260106020446,-5.70194842839956
6.9725,-4.24287657471064,-6.33788813862182,-5.69685530887731
6.975,-4.19702645403174,-6.32260106020446,-5.73760026505531
6.9775,-4.15627079120606,-6.33279244581604,-5.71722778696631
6.98,-4.15627079120606,-6.35317521703919,-5.72232090648856
6.9825,-4.15117633335285,-6.3480795242334,-5.72741402601081
6.985,-0.0908934243440065,-6.35317521703919,-5.72232090648856
6.9875,-0.0959878821972175,-6.36336660265077,-5.72741402601081
6.99,-0.0908934243440065,-6.37355798826234,-5.70194842839956
6.9925,-0.0959878821972175,-6.35317521703919,-5.71213466744406
6.995,-0.0908934243440065,-6.35827090984498,-5.74778650409981
6.9975,-0.0959878821972175,-6.35317521703919,-5.7579727431443
7,-0.0908934243440065,-6.36336660265077,-5.76306586266655
7.0025,-0.0959878821972175,-6.36336660265077,-5.7579727431443
7.005,-0.0908934243440065,-6.35827090984498,-5.72232090648856
7.0075,-0.0908934243440065,-6.35317521703919,-5.71722778696631
7.01,-0.0908934243440065,-6.35317521703919,-5.73760026505531
7.0125,-0.0908934243440065,-6.33788813862182,-5.74269338457756
7.015,-4.06457054984827,-6.33788813862182,-5.76306586266655
7.0175,-4.05947609199506,-6.33279244581604,-5.7987176993223
7.02,-4.06457054984827,-6.33279244581604,-5.73760026505531
7.0225,-0.0959878821972175,-6.36336660265077,-5.73250714553306
7.025,-0.0959878821972175,-6.36846229545656,-5.69176218935506
7.0275,-0.0959878821972175,-6.37355798826234,-5.71213466744406
7.03,-0.0959878821972175,-6.35317521703919,-5.73250714553306
7.0325,-0.101082340050429,-6.3480795242334,-5.72232090648856
7.035,-0.0908934243440065,-6.37355798826234,-5.70704154792181
7.0375,-0.0959878821972175,-6.36336660265077,-5.70704154792181
7.04,-0.0959878821972175,-6.35827090984498,-5.70704154792181
7.0425,-0.0908934243440065,-6.35317521703919,-5.71722778696631
7.045,-0.0959878821972175,-6.3480795242334,-5.68666906983281
7.0475,-0.0959878821972175,-6.36846229545656,-5.69685530887731
7.05,-4.14608187549964,-6.36846229545656,-5.73250714553306
7.0525,-4.14098741764643,-6.39903645229129,-5.70194842839956
7.055,-4.15117633335285,-6.35827090984498,-5.74778650409981
7.0575,-0.0857989664907954,-6.29712259617552,-5.70194842839956
7.06,-0.0908934243440065,-6.34298383142761,-5.70704154792181
7.0625,-0.0959878821972175,-6.36336660265077,-5.70704154792181
7.065,-0.0959878821972175,-6.35827090984498,-5.74269338457756
7.0675,-0.0959878821972175,-6.33279244581604,-5.69176218935506
7.07,-0.0908934243440065,-6.33788813862182,-5.69176218935506
7.0725,-0.0959878821972175,-6.33279244581604,-5.69176218935506
7.075,-0.0959878821972175,-6.34298383142761,-5.65101723317706
7.0775,-0.0857989664907954,-6.3480795242334,-5.68666906983281
7.08,-0.0908934243440065,-6.37865368106813,-5.67138971126606
7.0825,-0.0908934243440065,-6.35827090984498,-5.67648283078831
7.085,-0.0959878821972175,-6.37355798826234,-5.70194842839956
7.0875,-0.0908934243440065,-6.37865368106813,-5.65611035269931
7.09,-0.0908934243440065,-6.3480795242334,-5.66120347222156
7.0925,-0.0908934243440065,-6.33788813862182,-5.68666906983281
7.095,-0.0959878821972175,-6.35827090984498,-5.66629659174381
7.0975,-0.0908934243440065,-6.3480795242334,-5.66629659174381
7.1,-0.0908934243440065,-6.33279244581604,-5.66629659174381
7.1025,-0.0908934243440065,-6.31750536739867,-5.67648283078831
7.105,-0.0908934243440065,-6.32769675301025,-5.67648283078831
7.1075,-0.0908934243440065,-6.32769675301025,-5.66629659174381
7.11,-0.0908934243440065,-6.33279244581604,-5.69176218935506
7.1125,-0.0908934243440065,-6.33788813862182,-5.69685530887731
7.115,-0.0959878821972175,-6.32769675301025,-5.70194842839956
7.1175,-0.0908934243440065,-6.35317521703919,-5.69685530887731
7.12,-0.0908934243440065,-6.37865368106813,-5.70194842839956
7.1225,-0.0959878821972175,-6.37865368106813,-5.69176218935506
7.125,-0.0908934243440065,-6.34298383142761,-5.70704154792181
7.1275,-0.0908934243440065,-6.35827090984498,-5.69685530887731
7.13,-0.0908934243440065,-6.37355798826234,-5.68157595031056
7.1325,-0.0908934243440065,-6.38884506667971,-5.68666906983281
7.135,-0.0959878821972175,-6.37865368106813,-5.71722778696631
7.1375,-0.0959878821972175,-6.35827090984498,-5.70194842839956
7.14,-0.0908934243440065,-6.33279244581604,-5.77325210171105
7.1425,-0.0959878821972175,-6.35317521703919,-5.68666906983281
7.145,-0.0959878821972175,-6.35317521703919,-5.71722778696631
7.1475,-0.0908934243440065,-6.33279244581604,-5.71213466744406
7.15,-0.0908934243440065,-6.33279244581604,-5.72232090648856
7.1525,-0.0908934243440065,-6.36846229545656,-5.71213466744406
7.155,-0.0908934243440065,-6.36846229545656,-5.71722778696631
7.1575,-0.0959878821972175,-6.3480795242334,-5.70194842839956
7.16,-0.0959878821972175,-6.3480795242334,-5.70704154792181
7.1625,-0.0908934243440065,-6.34298383142761,-5.73760026505531
7.165,-0.0908934243440065,-6.36336660265077,-5.71722778696631
7.1675,-0.0908934243440065,-6.3939407594855,-5.72232090648856
7.17,-0.0908934243440065,-6.32260106020446,-5.74269338457756
7.1725,-0.0908934243440065,-6.3480795242334,-5.71213466744406
7.175,-0.0908934243440065,-6.32769675301025,-5.71213466744406
7.1775,-0.0908934243440065,-6.32769675301025,-5.70704154792181
7.18,-0.0908934243440065,-6.33788813862182,-5.73250714553306
7.1825,-0.0908934243440065,-6.33788813862182,-5.74778650409981
7.185,-0.0908934243440065,-6.33788813862182,-5.73250714553306
7.1875,-0.0908934243440065,-6.36336660265077,-5.72741402601081
7.19,-0.0959878821972175,-6.34298383142761,-5.73250714553306
7.1925,-0.0908934243440065,-6.34298383142761,-5.73760026505531
7.195,-0.0959878821972175,-6.33788813862182,-5.70194842839956
7.1975,-0.0908934243440065,-6.3480795242334,-5.71722778696631
7.2,-0.0908934243440065,-6.32769675301025,-5.70194842839956
7.2025,-0.0959878821972175,-6.3480795242334,-5.75287962362205
7.205,-0.0959878821972175,-6.3480795242334,-5.71722778696631
7.2075,-0.0959878821972175,-6.33279244581604,-5.71722778696631
7.21,-0.0959878821972175,-6.34298383142761,-5.73250714553306
7.2125,-0.0908934243440065,-6.30731398178709,-5.72741402601081
7.215,-0.0959878821972175,-6.32769675301025,-5.73250714553306
7.2175,-0.0908934243440065,-6.32260106020446,-5.73760026505531
7.22,-0.0959878821972175,-6.32260106020446,-5.73760026505531
7.2225,-0.0959878821972175,-6.32260106020446,-5.74778650409981
7.225,-0.0959878821972175,-6.33279244581604,-5.73250714553306
7.2275,-0.0908934243440065,-6.33279244581604,-5.74269338457756
7.23,-0.0959878821972175,-6.33788813862182,-5.71722778696631
7.2325,-0.0908934243440065,-6.33788813862182,-5.71722778696631
7.235,-0.0908934243440065,-6.34298383142761,-5.72741402601081
7.2375,-0.0959878821972175,-6.33788813862182,-5.74778650409981
7.24,-0.0959878821972175,-6.33788813862182,-5.71722778696631
7.2425,-0.0959878821972175,-6.34298383142761,-5.71213466744406
7.245,-0.0959878821972175,-6.33788813862182,-5.71722778696631
7.2475,-0.0959878821972175,-6.34298383142761,-5.71722778696631
7.25,-0.0908934243440065,-6.33788813862182,-5.71722778696631
7.2525,-0.0908934243440065,-6.34298383142761,-5.75287962362205
7.255,-0.0857989664907954,-6.36336660265077,-5.78343834075555
7.2575,-0.0959878821972175,-6.33788813862182,-5.74778650409981
7.26,-0.0908934243440065,-6.32260106020446,-5.75287962362205
7.2625,-0.0908934243440065,-6.35827090984498,-5.7579727431443
7.265,-0.0959878821972175,-6.3480795242334,-5.7579727431443
7.2675,-0.0908934243440065,-6.3480795242334,-5.74778650409981
7.27,-0.0908934243440065,-6.35827090984498,-5.7579727431443
7.2725,-0.0908934243440065,-6.33788813862182,-5.72741402601081
7.275,-0.0908934243440065,-6.33279244581604,-5.76306586266655
7.2775,-0.0959878821972175,-6.36336660265077,-5.7681589821888
7.28,-0.0959878821972175,-6.35827090984498,-5.7579727431443
7.2825,-0.0959878821972175,-6.36336660265077,-5.76306586266655
7.285,-6.66274405498567,-6.33279244581604,-5.76306586266655
7.2875,-6.84614453770125,-6.33279244581604,-5.7987176993223
7.29,-6.85123899555446,-6.32769675301025,-5.7987176993223
7.2925,-6.84614453770125,-6.32260106020446,-5.74269338457756
7.295,-0.0959878821972175,-6.3480795242334,-5.77325210171105
7.2975,-0.0959878821972175,-6.33788813862182,-5.76306586266655
7.3,-0.0959878821972175,-6.34298383142761,-5.8190901774113
7.3025,-0.0959878821972175,-6.32260106020446,-5.7579727431443
7.305,-7.28426791307736,-6.33279244581604,-5.79362457980005
7.3075,-7.19256767171957,-6.33279244581604,-5.7885314602778
7.31,-7.31483466019663,-6.35827090984498,-5.7885314602778
7.3125,-7.22822887669205,-6.36336660265077,-5.7681589821888
7.315,-7.24860670810489,-6.34298383142761,-5.7579727431443
7.3175,-7.24351225025168,-6.37355798826234,-5.7681589821888
7.32,-7.24351225025168,-6.35317521703919,-5.77325210171105
7.3225,-0.101082340050429,-6.35317521703919,-5.73760026505531
7.325,-0.0908934243440065,-6.35827090984498,-5.74778650409981
7.3275,-0.0959878821972175,-6.35827090984498,-5.74778650409981
7.33,-0.0959878821972175,-6.35827090984498,-5.7579727431443
7.3325,-0.0908934243440065,-6.3480795242334,-5.7579727431443
7.335,-0.0959878821972175,-6.3480795242334,-5.7579727431443
7.3375,-0.0908934243440065,-6.34298383142761,-5.76306586266655
7.34,-0.0959878821972175,-6.33279244581604,-5.7579727431443
7.3425,-0.0959878821972175,-6.33788813862182,-5.7579727431443
7.345,-0.0908934243440065,-6.36846229545656,-5.74269338457756
7.3475,-0.0959878821972175,-6.33279244581604,-5.74778650409981
7.35,-0.0959878821972175,-6.33788813862182,-5.74778650409981
7.3525,-0.0959878821972175,-6.33788813862182,-5.7783452212333
7.355,-0.0959878821972175,-6.3480795242334,-5.7579727431443
7.3575,-6.8206722484352,-6.33788813862182,-5.7579727431443
7.36,-6.8206722484352,-6.3480795242334,-5.7987176993223
7.3625,-6.81557779058199,-6.34298383142761,-5.79362457980005
7.365,-0.101082340050429,-6.3480795242334,-5.7885314602778
7.3675,-0.0959878821972175,-6.3480795242334,-5.7885314602778
7.37,-0.0959878821972175,-6.3480795242334,-5.7579727431443
7.3725,-0.0959878821972175,-6.37355798826234,-5.7987176993223
7.375,-0.0908934243440065,-6.37355798826234,-5.78343834075555
7.3775,-0.0959878821972175,-6.37865368106813,-5.7681589821888
7.38,-0.0959878821972175,-6.36846229545656,-5.73760026505531
7.3825,-0.0959878821972175,-6.37355798826234,-5.7783452212333
7.385,-0.0959878821972175,-6.35827090984498,-5.7783452212333
7.3875,-0.0959878821972175,-6.3480795242334,-5.7783452212333
7.39,-0.0908934243440065,-6.34298383142761,-5.7783452212333
7.3925,-0.0908934243440065,-6.33279244581604,-5.7885314602778
7.395,-0.0959878821972175,-6.31750536739867,-5.78343834075555
7.3975,-0.0857989664907954,-6.32260106020446,-5.78343834075555
7.4,-0.0959878821972175,-6.31750536739867,-5.7987176993223
7.4025,-0.0908934243440065,-6.33279244581604,-5.76306586266655
7.405,-0.0959878821972175,-6.35317521703919,-5.7579727431443
7.4075,-0.0908934243440065,-6.36846229545656,-5.79362457980005
7.41,-0.0908934243440065,-6.34298383142761,-5.77325210171105
7.4125,-0.0908934243440065,-6.32260106020446,-5.74269338457756
7.415,-0.0908934243440065,-6.33788813862182,-5.74269338457756
7.4175,-0.0908934243440065,-6.36846229545656,-5.73760026505531
7.42,-0.0959878821972175,-6.35827090984498,-5.73760026505531
7.4225,-0.0959878821972175,-6.36846229545656,-5.74269338457756
7.425,-5.91385875056371,-6.37355798826234,-5.77325210171105
7.4275,-5.91895320841693,-6.35827090984498,-5.81399705788905
7.43,-5.86800862988482,-6.33279244581604,-5.73760026505531
7.4325,-5.84763079847198,-6.36846229545656,-5.74778650409981
7.435,-5.84763079847198,-6.35317521703919,-5.73760026505531
7.4375,-5.84253634061877,-6.32260106020446,-5.74269338457756
7.44,-5.86291417203161,-6.33788813862182,-5.7579727431443
7.4425,-5.93933103982977,-6.33279244581604,-5.74778650409981
7.445,-5.89857537700408,-6.33279244581604,-5.74778650409981
7.4475,-5.88329200344445,-6.32769675301025,-5.73760026505531
7.45,-5.89348091915087,-6.33788813862182,-5.76306586266655
7.4525,-5.89348091915087,-6.32769675301025,-5.72741402601081
7.455,-5.90366983485729,-6.33788813862182,-5.73250714553306
7.4575,-5.88838646129766,-6.32260106020446,-5.63573787461031
7.46,-5.88329200344445,-6.32260106020446,-5.72741402601081
7.4625,-5.88329200344445,-6.31750536739867,-5.73760026505531
7.465,-0.106176797903638,-6.32260106020446,-5.72741402601081
7.4675,-0.0908934243440065,-6.32260106020446,-5.70704154792181
7.47,-0.0959878821972175,-6.32260106020446,-5.72232090648856
7.4725,-0.0908934243440065,-6.33788813862182,-5.72741402601081
7.475,-0.0959878821972175,-6.33788813862182,-5.72741402601081
7.4775,-0.0959878821972175,-6.33788813862182,-5.71722778696631
7.48,-0.0908934243440065,-6.3480795242334,-5.73250714553306
7.4825,-0.0908934243440065,-6.34298383142761,-5.72741402601081
7.485,-0.0908934243440065,-6.3480795242334,-5.74269338457756
7.4875,-0.0959878821972175,-6.35317521703919,-5.73760026505531
7.49,-0.0959878821972175,-6.35317521703919,-5.73250714553306
7.4925,-0.0959878821972175,-6.37865368106813,-5.76306586266655
7.495,-0.0908934243440065,-6.37865368106813,-5.7885314602778
7.4975,-0.0908934243440065,-6.35827090984498,-5.7885314602778
7.5,-0.0908934243440065,-6.36336660265077,-5.8089039383668
7.5025,-0.0908934243440065,-6.37355798826234,-5.77325210171105
7.505,-0.0857989664907954,-6.37355798826234,-5.7783452212333
7.5075,-0.0908934243440065,-6.37355798826234,-5.7681589821888
7.51,-0.0908934243440065,-6.37355798826234,-5.7783452212333
7.5125,-0.0959878821972175,-6.37355798826234,-5.77325210171105
7.515,-0.0908934243440065,-6.35317521703919,-5.7987176993223
7.5175,-0.0908934243440065,-6.35827090984498,-5.7681589821888
7.52,-0.0908934243440065,-6.35317521703919,-5.7579727431443
7.5225,-0.0908934243440065,-6.3480795242334,-5.7579727431443
7.525,-0.0908934243440065,-6.34298383142761,-5.74778650409981
7.5275,-0.0908934243440065,-6.33788813862182,-5.75287962362205
7.53,-0.0908934243440065,-6.33279244581604,-5.74269338457756
7.5325,-0.0908934243440065,-6.32769675301025,-5.74269338457756
7.535,-0.0908934243440065,-6.32769675301025,-5.76306586266655
7.5375,-0.0959878821972175,-6.32769675301025,-5.75287962362205
7.54,-0.0908934243440065,-6.33279244581604,-5.7579727431443
7.5425,-0.0908934243440065,-6.32769675301025,-5.74778650409981
7.545,-0.101082340050429,-6.33279244581604,-5.74269338457756
7.5475,-0.0908934243440065,-6.33788813862182,-5.73760026505531
7.55,-0.0908934243440065,-6.33279244581604,-5.73250714553306
7.5525,-0.0908934243440065,-6.33279244581604,-5.74269338457756
7.555,-0.0908934243440065,-6.33279244581604,-5.72741402601081
7.5575,-0.0857989664907954,-6.32769675301025,-5.80381081884455
7.56,-0.0908934243440065,-6.33279244581604,-5.76306586266655
7.5625,-0.0959878821972175,-6.33279244581604,-5.7885314602778
7.565,-0.0908934243440065,-6.35317521703919,-5.76306586266655
7.5675,-0.0908934243440065,-6.3480795242334,-5.82418329693355
7.57,-0.0908934243440065,-6.35827090984498,-5.80381081884455
7.5725,-0.0908934243440065,-6.36336660265077,-5.77325210171105
7.575,-0.0959878821972175,-6.36846229545656,-5.77325210171105
7.5775,-0.0908934243440065,-6.37355798826234,-5.7783452212333
7.58,-0.0959878821972175,-6.35827090984498,-5.77325210171105
7.5825,-0.0908934243440065,-6.33788813862182,-5.7681589821888
7.585,-0.0908934243440065,-6.33279244581604,-5.76306586266655
7.5875,-0.0908934243440065,-6.33279244581604,-5.7783452212333
7.59,-0.0908934243440065,-6.33279244581604,-5.77325210171105
7.5925,-0.0959878821972175,-6.3480795242334,-5.77325210171105
7.595,-0.0959878821972175,-6.3480795242334,-5.78343834075555
7.5975,-0.0959878821972175,-6.37355798826234,-5.7783452212333
7.6,-0.0908934243440065,-6.37865368106813,-5.79362457980005
7.6025,-0.0908934243440065,-6.36846229545656,-5.7885314602778
7.605,-0.0908934243440065,-6.35827090984498,-5.7987176993223
7.6075,-0.0908934243440065,-6.39903645229129,-5.7987176993223
7.61,-0.0908934243440065,-6.40922783790286,-5.79362457980005
7.6125,-0.0908934243440065,-6.38884506667971,-5.7987176993223
7.615,-0.0908934243440065,-6.37865368106813,-5.7987176993223
7.6175,-0.0908934243440065,-6.37355798826234,-5.81399705788905
7.62,-0.0908934243440065,-6.36336660265077,-5.82418329693355
7.6225,-0.0959878821972175,-6.35317521703919,-5.85474201406705
7.625,-0.0908934243440065,-6.34298383142761,-5.8089039383668
7.6275,-0.0959878821972175,-6.33279244581604,-5.7885314602778
7.63,-0.0908934243440065,-6.35317521703919,-5.80381081884455
7.6325,-0.0908934243440065,-6.35317521703919,-5.8190901774113
7.635,-0.0908934243440065,-6.32260106020446,-5.8190901774113
7.6375,-0.0908934243440065,-6.36336660265077,-5.78343834075555
7.64,-0.0959878821972175,-6.3480795242334,-5.7783452212333
7.6425,-0.0908934243440065,-6.33279244581604,-5.8089039383668
7.645,-0.0908934243440065,-6.33788813862182,-5.7987176993223
7.6475,-0.0908934243440065,-6.33788813862182,-5.80381081884455
7.65,-0.0908934243440065,-6.34298383142761,-5.7987176993223
7.6525,-0.0959878821972175,-6.33788813862182,-5.81399705788905
7.655,-0.0959878821972175,-6.3480795242334,-5.82418329693355
7.6575,-0.0959878821972175,-6.34298383142761,-5.8089039383668
7.66,-0.0908934243440065,-6.35317521703919,-5.79362457980005
7.6625,-0.0908934243440065,-6.36846229545656,-5.78343834075555
7.665,-0.0908934243440065,-6.35827090984498,-5.8190901774113
7.6675,-0.0959878821972175,-6.35827090984498,-5.8190901774113
7.67,-0.0908934243440065,-6.35827090984498,-5.82418329693355
7.6725,-0.0908934243440065,-6.35317521703919,-5.85474201406705
7.675,-0.0857989664907954,-6.34298383142761,-5.82418329693355
7.6775,-0.0908934243440065,-6.36336660265077,-5.8292764164558
7.68,-0.0959878821972175,-6.36336660265077,-5.82418329693355
7.6825,-0.0959878821972175,-6.36336660265077,-5.79362457980005
7.685,-0.0959878821972175,-6.3480795242334,-5.7987176993223
7.6875,-0.0959878821972175,-6.35317521703919,-5.7987176993223
7.69,-0.0908934243440065,-6.35317521703919,-5.83436953597805
7.6925,-0.0908934243440065,-6.35317521703919,-5.8394626555003
7.695,-0.0908934243440065,-6.3480795242334,-5.8089039383668
7.6975,-0.0959878821972175,-6.3480795242334,-5.8089039383668
7.7,-0.0959878821972175,-6.32260106020446,-5.7987176993223
7.7025,-0.0908934243440065,-6.32260106020446,-5.77325210171105
7.705,-0.0908934243440065,-6.3480795242334,-5.77325210171105
7.7075,-0.0908934243440065,-6.32260106020446,-5.7783452212333
7.71,-0.0908934243440065,-6.35317521703919,-5.7681589821888
7.7125,-0.0908934243440065,-6.33279244581604,-5.76306586266655
7.715,-6.33669875238019,-6.33279244581604,-5.7987176993223
7.7175,-6.33669875238019,-6.33788813862182,-5.76306586266655
7.72,-6.1482038118114,-6.34298383142761,-5.7579727431443
7.7225,-6.11763706469214,-6.38884506667971,-5.7579727431443
7.725,-6.12273152254535,-6.34298383142761,-5.74269338457756
7.7275,-6.0972592332793,-6.36336660265077,-5.74778650409981
7.73,-5.89348091915087,-6.35827090984498,-5.73760026505531
7.7325,-5.88838646129766,-6.33788813862182,-5.74778650409981
7.735,-5.9546144133894,-6.35827090984498,-5.74269338457756
7.7375,-5.83234742491235,-6.35827090984498,-5.77325210171105
7.74,-5.82725296705913,-6.35317521703919,-5.74778650409981
7.7425,-5.78140284638024,-6.3480795242334,-5.7681589821888
7.745,-5.78649730423345,-6.36336660265077,-5.77325210171105
7.7475,-5.76611947282061,-6.36336660265077,-5.73250714553306
7.75,-5.8578197141784,-6.35827090984498,-5.72741402601081
7.7525,-5.72026935214171,-6.35317521703919,-5.73250714553306
7.755,-5.76611947282061,-6.35317521703919,-5.72741402601081
7.7575,-5.7610250149674,-6.33788813862182,-5.76306586266655
7.76,-5.7610250149674,-6.38884506667971,-5.72232090648856
7.7625,-5.7610250149674,-6.3939407594855,-5.74778650409981
7.765,-5.88329200344445,-6.36336660265077,-5.75287962362205
7.7675,-5.83234742491235,-6.35827090984498,-5.71722778696631
7.77,-5.76611947282061,-6.35317521703919,-5.72232090648856
7.7725,-5.77121393067382,-6.34298383142761,-5.70704154792181
7.775,-5.76611947282061,-6.33788813862182,-5.74269338457756
7.7775,-0.0959878821972175,-6.34298383142761,-5.74778650409981
7.78,-0.0959878821972175,-6.32260106020446,-5.72232090648856
7.7825,-0.0959878821972175,-6.32260106020446,-5.72741402601081
7.785,-0.0959878821972175,-6.32769675301025,-5.71722778696631
7.7875,-0.0908934243440065,-6.33788813862182,-5.72741402601081
7.79,-0.0908934243440065,-6.33788813862182,-5.73760026505531
7.7925,-0.0959878821972175,-6.32260106020446,-5.70704154792181
7.795,-0.0908934243440065,-6.32769675301025,-5.70194842839956
7.7975,-0.0857989664907954,-6.33788813862182,-5.70704154792181
7.8,-0.0959878821972175,-6.39903645229129,-5.71213466744406
7.8025,-0.0908934243440065,-6.37865368106813,-5.70704154792181
7.805,-0.0908934243440065,-6.37865368106813,-5.70704154792181
7.8075,-0.0908934243440065,-6.37355798826234,-5.73760026505531
7.81,-0.0908934243440065,-6.35827090984498,-5.72741402601081
7.8125,-0.0857989664907954,-6.35827090984498,-5.72741402601081
7.815,-0.0959878821972175,-6.37865368106813,-5.69176218935506
7.8175,-0.0908934243440065,-6.3480795242334,-5.70194842839956
7.82,-0.0959878821972175,-6.34298383142761,-5.69176218935506
7.8225,-0.0908934243440065,-6.33279244581604,-5.69685530887731
7.825,-0.0908934243440065,-6.35317521703919,-5.69176218935506
7.8275,-0.0908934243440065,-6.37355798826234,-5.68157595031056
7.83,-0.0908934243440065,-6.35317521703919,-5.70194842839956
7.8325,-0.0908934243440065,-6.3480795242334,-5.68666906983281
7.835,-0.0959878821972175,-6.33279244581604,-5.74778650409981
7.8375,-0.0908934243440065,-6.33279244581604,-5.67648283078831
7.84,-0.0908934243440065,-6.33279244581604,-5.67138971126606
7.8425,-0.0908934243440065,-6.34298383142761,-5.66629659174381
7.845,-0.0908934243440065,-6.35317521703919,-5.67648283078831
7.8475,-0.0908934243440065,-6.31750536739867,-5.67648283078831
7.85,-0.0959878821972175,-6.31240967459288,-5.64083099413256
7.8525,-0.0959878821972175,-6.33279244581604,-5.67648283078831
7.855,-0.0959878821972175,-6.32769675301025,-5.67138971126606
7.8575,-0.0908934243440065,-6.4347063019318,-5.65611035269931
7.86,-0.0959878821972175,-6.41941922351444,-5.66629659174381
7.8625,-0.0959878821972175,-6.41432353070865,-5.66120347222156
7.865,-0.0908934243440065,-6.35317521703919,-5.66629659174381
7.8675,-0.0959878821972175,-6.3939407594855,-5.65611035269931
7.87,-0.0857989664907954,-6.38374937387392,-5.68157595031056
7.8725,-6.21952622175635,-6.38374937387392,-5.65611035269931
7.875,-6.21443176390314,-6.37355798826234,-5.63064475508807
7.8775,-6.27047080028846,-6.37355798826234,-5.66120347222156
7.88,-6.29594308955451,-6.37355798826234,-5.64592411365481
7.8825,-6.30103754740772,-6.37865368106813,-5.64592411365481
7.885,-6.36726549949946,-6.37865368106813,-5.63573787461031
7.8875,-6.39783224661872,-6.37865368106813,-5.63573787461031
7.89,-6.42839899373798,-6.37355798826234,-5.64083099413256
7.8925,-6.78501104346273,-6.37355798826234,-5.63573787461031
7.895,-6.49972140368293,-6.38884506667971,-5.64083099413256
7.8975,-6.50481586153614,-6.38884506667971,-5.65611035269931
7.9,-6.51500477724256,-6.3480795242334,-5.63573787461031
7.9025,-6.52009923509578,-6.34298383142761,-5.66629659174381
7.905,-6.51500477724256,-6.33279244581604,-5.63573787461031
7.9075,-0.0959878821972175,-6.33279244581604,-5.65611035269931
7.91,-0.0959878821972175,-6.32769675301025,-5.65101723317706
7.9125,-0.0959878821972175,-6.35827090984498,-5.62555163556582
7.915,-0.0959878821972175,-6.37355798826234,-5.65611035269931
7.9175,-0.0959878821972175,-6.36846229545656,-5.65611035269931
7.92,-0.0908934243440065,-6.3480795242334,-5.63573787461031
7.9225,-0.0959878821972175,-6.36336660265077,-5.63064475508807
7.925,-0.0959878821972175,-6.36336660265077,-5.66629659174381
7.9275,-0.0908934243440065,-6.31750536739867,-5.65611035269931
7.93,-0.0959878821972175,-6.3480795242334,-5.63573787461031
7.9325,-0.0959878821972175,-6.35317521703919,-5.66629659174381
7.935,-0.0908934243440065,-6.33279244581604,-5.63573787461031
7.9375,-0.0908934243440065,-6.29202690336973,-5.65611035269931
7.94,-0.0908934243440065,-6.33279244581604,-5.64592411365481
7.9425,-0.0959878821972175,-6.33279244581604,-5.62555163556582
7.945,-0.0908934243440065,-6.33788813862182,-5.64083099413256
7.9475,-0.0959878821972175,-6.31750536739867,-5.64083099413256
7.95,-0.0908934243440065,-6.34298383142761,-5.65101723317706
7.9525,-0.0908934243440065,-6.33788813862182,-5.62045851604357
7.955,-0.0857989664907954,-6.33788813862182,-5.63064475508807
7.9575,-0.0959878821972175,-6.33279244581604,-5.65101723317706
7.96,-0.0908934243440065,-6.33279244581604,-5.63573787461031
7.9625,-0.0959878821972175,-6.33279244581604,-5.63573787461031
7.965,-0.0908934243440065,-6.32769675301025,-5.67648283078831
7.9675,-0.0959878821972175,-6.32769675301025,-5.66120347222156
7.97,-0.0908934243440065,-6.35827090984498,-5.65101723317706
7.9725,-0.0908934243440065,-6.33279244581604,-5.66629659174381
7.975,-0.0908934243440065,-6.35827090984498,-5.63064475508807
7.9775,-0.0959878821972175,-6.39903645229129,-5.66120347222156
7.98,-0.0908934243440065,-6.37865368106813,-5.66629659174381
7.9825,-0.0959878821972175,-6.36336660265077,-5.66629659174381
7.985,-0.0959878821972175,-6.35827090984498,-5.71722778696631
7.9875,-0.0908934243440065,-6.32260106020446,-5.65611035269931
7.99,-0.0959878821972175,-6.33788813862182,-5.63064475508807
7.9925,-0.0908934243440065,-6.32769675301025,-5.65611035269931
7.995,-0.0959878821972175,-6.32769675301025,-5.66629659174381
7.9975,-0.0908934243440065,-6.32260106020446,-5.68157595031056
8,-0.101082340050429,-6.31750536739867,-5.65611035269931
8.0025,-0.0908934243440065,-6.33279244581604,-5.66629659174381
8.005,-0.0908934243440065,-6.33788813862182,-5.69176218935506
8.0075,-0.0908934243440065,-6.33788813862182,-5.69685530887731
8.01,-0.0908934243440065,-6.3480795242334,-5.66629659174381
8.0125,-6.65764959713246,-6.35317521703919,-5.67138971126606
8.015,-6.65255513927925,-6.35317521703919,-5.66629659174381
8.0175,-6.57104381362788,-6.3480795242334,-5.63573787461031
8.02,-6.55066598221504,-6.35317521703919,-5.67138971126606
8.0225,-6.55576044006825,-6.35317521703919,-5.67648283078831
8.025,-0.0959878821972175,-6.34298383142761,-5.65611035269931
8.0275,-0.0959878821972175,-6.34298383142761,-5.66629659174381
8.03,-0.0959878821972175,-6.33788813862182,-5.67138971126606
8.0325,-0.0908934243440065,-6.33788813862182,-5.68157595031056
8.035,-0.0959878821972175,-6.36336660265077,-5.63573787461031
8.0375,-0.0959878821972175,-6.36336660265077,-5.64083099413256
8.04,-0.0959878821972175,-6.33788813862182,-5.67648283078831
8.0425,-0.0908934243440065,-6.33279244581604,-5.78343834075555
8.045,-0.0908934243440065,-6.33279244581604,-5.77325210171105
8.0475,-0.0959878821972175,-6.33788813862182,-5.68157595031056
8.05,-6.32650983667377,-6.33788813862182,-5.66629659174381
8.0525,-6.32650983667377,-6.33279244581604,-5.68666906983281
8.055,-6.25009296887561,-6.33279244581604,-5.69685530887731
8.0575,-6.25009296887561,-6.36336660265077,-5.70704154792181
8.06,-6.28065971599488,-6.33788813862182,-5.70194842839956
8.0625,-6.25009296887561,-6.3480795242334,-5.69685530887731
8.065,-6.10235369113251,-6.35317521703919,-5.69685530887731
8.0675,-6.42839899373798,-6.36336660265077,-5.71213466744406
8.07,-6.17367610107746,-6.36846229545656,-5.68666906983281
8.0725,-6.21952622175635,-6.38884506667971,-5.71213466744406
8.075,-6.21443176390314,-6.37355798826234,-5.71213466744406
8.0775,-6.22971513746277,-6.37865368106813,-5.70704154792181
8.08,-0.0959878821972175,-6.35317521703919,-5.69176218935506
8.0825,-0.0959878821972175,-6.36336660265077,-5.67648283078831
8.085,-6.20933730604993,-6.37355798826234,-5.77325210171105
8.0875,-6.21443176390314,-6.36846229545656,-5.7783452212333
8.09,-6.20933730604993,-6.36846229545656,-5.71722778696631
8.0925,-6.36217104164625,-6.38884506667971,-5.72741402601081
8.095,-6.36217104164625,-6.38374937387392,-5.72232090648856
8.0975,-6.19914839034351,-6.36846229545656,-5.72232090648856
8.1,-6.19914839034351,-6.36336660265077,-5.69685530887731
8.1025,-6.26537634243525,-6.35827090984498,-5.72232090648856
8.105,-6.07178694401324,-6.36336660265077,-5.70704154792181
8.1075,-6.03612573904077,-6.35317521703919,-5.70704154792181
8.11,-6.08707031757288,-6.35317521703919,-5.73760026505531
8.1125,-6.06669248616003,-6.3480795242334,-5.71213466744406
8.115,-6.06669248616003,-6.32260106020446,-5.72232090648856
8.1175,-5.96989778694903,-6.31750536739867,-5.77325210171105
8.12,-5.96480332909582,-6.31240967459288,-5.75287962362205
8.1225,-5.96989778694903,-6.31750536739867,-5.7579727431443
8.125,-0.0959878821972175,-6.33788813862182,-5.72741402601081
8.1275,-0.0959878821972175,-6.3480795242334,-5.76306586266655
8.13,-0.0908934243440065,-6.33788813862182,-5.7885314602778
8.1325,-0.0959878821972175,-6.37355798826234,-5.7783452212333
8.135,-0.0908934243440065,-6.35317521703919,-5.78343834075555
8.1375,-0.0908934243440065,-6.33279244581604,-5.7885314602778
8.14,-0.0908934243440065,-6.32769675301025,-5.7579727431443
8.1425,-0.0959878821972175,-6.33788813862182,-5.74269338457756
8.145,-0.0908934243440065,-6.36336660265077,-5.8394626555003
8.1475,-0.0908934243440065,-6.35317521703919,-5.78343834075555
8.15,-0.0959878821972175,-6.35827090984498,-5.84455577502255
8.1525,-0.0959878821972175,-6.35827090984498,-5.78343834075555
8.155,-0.0908934243440065,-6.35827090984498,-5.7885314602778
8.1575,-0.0959878821972175,-6.36846229545656,-5.8190901774113
8.16,-0.0908934243440065,-6.32260106020446,-5.78343834075555
8.1625,-0.0908934243440065,-6.35317521703919,-5.7987176993223
8.165,-0.0959878821972175,-6.31750536739867,-5.79362457980005
8.1675,-0.0908934243440065,-6.31750536739867,-5.7987176993223
8.17,-0.0908934243440065,-6.35317521703919,-5.79362457980005
8.1725,-0.0908934243440065,-6.32769675301025,-5.79362457980005
8.175,-0.0908934243440065,-6.35827090984498,-5.8292764164558
8.1775,-5.73555272570134,-6.33279244581604,-5.81399705788905
8.18,-5.75083609926098,-6.37355798826234,-5.84455577502255
8.1825,-5.74574164140777,-6.36336660265077,-5.8394626555003
8.185,-5.74064718355455,-6.37865368106813,-5.7987176993223
8.1875,-5.74064718355455,-6.37865368106813,-5.80381081884455
8.19,-0.0959878821972175,-6.35317521703919,-5.81399705788905
8.1925,-0.0908934243440065,-6.35317521703919,-5.8190901774113
8.195,-0.0959878821972175,-6.35317521703919,-5.8089039383668
8.1975,-0.0908934243440065,-6.35317521703919,-5.7885314602778
8.2,-0.0959878821972175,-6.35317521703919,-5.8190901774113
8.2025,-0.0908934243440065,-6.3480795242334,-5.79362457980005
8.205,-0.0959878821972175,-6.35317521703919,-5.80381081884455
8.2075,-0.0959878821972175,-6.35317521703919,-5.79362457980005
8.21,-0.0959878821972175,-6.35827090984498,-5.7987176993223
8.2125,-0.0908934243440065,-6.35827090984498,-5.80381081884455
8.215,-0.0959878821972175,-6.41941922351444,-5.80381081884455
8.2175,-0.0959878821972175,-6.35827090984498,-5.82418329693355
8.22,-5.79668621993987,-6.36336660265077,-5.81399705788905
8.2225,-5.79159176208666,-6.35317521703919,-5.89548697024504
8.225,-5.79668621993987,-6.35317521703919,-5.8394626555003
8.2275,-0.0959878821972175,-6.36846229545656,-5.81399705788905
8.23,-5.80687513564629,-6.3939407594855,-5.84455577502255
8.2325,-5.8119695934995,-6.32260106020446,-5.8394626555003
8.235,-5.81706405135271,-6.32260106020446,-5.87002137263379
8.2375,-0.0959878821972175,-6.33788813862182,-5.7885314602778
8.24,-5.89857537700408,-6.33788813862182,-5.8190901774113
8.2425,-5.91895320841693,-6.33788813862182,-5.90058008976729
8.245,-5.91895320841693,-6.32260106020446,-5.86492825311154
8.2475,-5.96480332909582,-6.31750536739867,-5.8190901774113
8.25,-5.96989778694903,-6.33788813862182,-5.80381081884455
8.2525,-5.96480332909582,-6.36336660265077,-5.8598351335893
8.255,-0.101082340050429,-6.33788813862182,-5.8190901774113
8.2575,-0.0959878821972175,-6.34298383142761,-5.8496488945448
8.26,-0.0908934243440065,-6.35317521703919,-5.8496488945448
8.2625,-0.0908934243440065,-6.35827090984498,-5.86492825311154
8.265,-0.0959878821972175,-6.37355798826234,-5.8394626555003
8.2675,-0.0908934243440065,-6.39903645229129,-5.8292764164558
8.27,-0.0959878821972175,-6.37865368106813,-5.8598351335893
8.2725,-6.00555899192151,-6.36336660265077,-5.86492825311154
8.275,-6.0004645340683,-6.37865368106813,-5.83436953597805
8.2775,-6.0004645340683,-6.37355798826234,-5.8190901774113
8.28,-0.0959878821972175,-6.33788813862182,-5.80381081884455
8.2825,-0.0959878821972175,-6.33279244581604,-5.8394626555003
8.285,-0.0959878821972175,-6.33279244581604,-5.8292764164558
8.2875,-0.0908934243440065,-6.35317521703919,-5.81399705788905
8.29,-0.0908934243440065,-6.33279244581604,-5.81399705788905
8.2925,-0.0959878821972175,-6.33788813862182,-5.81399705788905
8.295,-0.0959878821972175,-6.34298383142761,-5.81399705788905
8.2975,-0.0908934243440065,-6.3480795242334,-5.80381081884455
8.3,-0.0959878821972175,-6.37355798826234,-5.80381081884455
8.3025,-0.0857989664907954,-6.3480795242334,-5.7885314602778
8.305,-0.0959878821972175,-6.35827090984498,-5.7579727431443
8.3075,-0.0908934243440065,-6.35827090984498,-5.7579727431443
8.31,-0.0959878821972175,-6.35317521703919,-5.7579727431443
8.3125,-0.0908934243440065,-6.33279244581604,-5.76306586266655
8.315,-0.0908934243440065,-6.3480795242334,-5.7783452212333
8.3175,-0.0908934243440065,-6.35317521703919,-5.78343834075555
8.32,-0.0908934243440065,-6.3480795242334,-5.7885314602778
8.3225,-0.0959878821972175,-6.34298383142761,-5.78343834075555
8.325,-0.0908934243440065,-6.34298383142761,-5.78343834075555
8.3275,-0.0959878821972175,-6.3480795242334,-5.78343834075555
8.33,-0.0908934243440065,-6.37355798826234,-5.7885314602778
8.3325,-0.0908934243440065,-6.35827090984498,-5.75287962362205
8.335,-0.0908934243440065,-6.35827090984498,-5.80381081884455
8.3375,-0.0908934243440065,-6.35827090984498,-5.8089039383668
8.34,-0.0959878821972175,-6.35317521703919,-5.7681589821888
8.3425,-0.0908934243440065,-6.3480795242334,-5.80381081884455
8.345,-0.0908934243440065,-6.33788813862182,-5.80381081884455
8.3475,-0.0959878821972175,-6.34298383142761,-5.7987176993223
8.35,-0.0908934243440065,-6.33279244581604,-5.7885314602778
8.3525,-0.0959878821972175,-6.33279244581604,-5.7783452212333
8.355,-0.0908934243440065,-6.33788813862182,-5.80381081884455
8.3575,-0.0959878821972175,-6.33788813862182,-5.79362457980005
8.36,-0.0908934243440065,-6.34298383142761,-5.7783452212333
8.3625,-0.0959878821972175,-6.35317521703919,-5.7681589821888
8.365,-0.0908934243440065,-6.35317521703919,-5.7681589821888
8.3675,-0.0908934243440065,-6.35317521703919,-5.87511449215604
8.37,-0.0908934243440065,-6.37355798826234,-5.74778650409981
8.3725,-0.0908934243440065,-6.35317521703919,-5.8089039383668
8.375,-0.0857989664907954,-6.35827090984498,-5.8292764164558
8.3775,-6.22971513746277,-6.36846229545656,-5.75287962362205
8.38,-6.22462067960956,-6.36336660265077,-5.75287962362205
8.3825,-6.32141537882056,-6.35827090984498,-5.72741402601081
8.385,-6.32650983667377,-6.35827090984498,-5.7681589821888
8.3875,-6.32141537882056,-6.35317521703919,-5.7987176993223
8.39,-0.111271255756849,-6.3480795242334,-5.80381081884455
8.3925,-0.0959878821972175,-6.33788813862182,-5.7579727431443
8.395,-0.0908934243440065,-6.32769675301025,-5.82418329693355
8.3975,-6.33160429452698,-6.32769675301025,-5.77325210171105
8.4,-6.33160429452698,-6.31240967459288,-5.75287962362205
8.4025,-6.3417932102334,-6.34298383142761,-5.76306586266655
8.405,-6.31632092096735,-6.33788813862182,-5.76306586266655
8.4075,-6.31122646311414,-6.32769675301025,-5.7579727431443
8.41,-6.31632092096735,-6.35317521703919,-5.74778650409981
8.4125,-0.111271255756849,-6.33788813862182,-5.74778650409981
8.415,-0.0959878821972175,-6.33788813862182,-5.7579727431443
8.4175,-0.0908934243440065,-6.3480795242334,-5.7783452212333
8.42,-0.0807045086375862,-6.35317521703919,-5.7885314602778
8.4225,-0.0959878821972175,-6.3480795242334,-5.7783452212333
8.425,-0.0959878821972175,-6.3480795242334,-5.75287962362205
8.4275,-0.0959878821972175,-6.34298383142761,-5.75287962362205
8.43,-0.0908934243440065,-6.3480795242334,-5.7783452212333
8.4325,-0.0959878821972175,-6.35317521703919,-5.7885314602778
8.435,-0.0908934243440065,-6.35827090984498,-5.8292764164558
8.4375,-0.0908934243440065,-6.36336660265077,-5.78343834075555
8.44,-0.0908934243440065,-6.36846229545656,-5.78343834075555
8.4425,-0.0908934243440065,-6.36846229545656,-5.78343834075555
8.445,-0.0908934243440065,-6.36846229545656,-5.76306586266655
8.4475,-0.0908934243440065,-6.35827090984498,-5.78343834075555
8.45,-0.0959878821972175,-6.35827090984498,-5.7987176993223
8.4525,-0.0908934243440065,-6.34298383142761,-5.7987176993223
8.455,-0.0908934243440065,-6.35317521703919,-5.82418329693355
8.4575,-0.0908934243440065,-6.3480795242334,-5.80381081884455
8.46,-0.0908934243440065,-6.36846229545656,-5.7987176993223
8.4625,-0.0908934243440065,-6.34298383142761,-5.8190901774113
8.465,-0.0959878821972175,-6.33788813862182,-5.8089039383668
8.4675,-0.0908934243440065,-6.35317521703919,-5.8496488945448
8.47,-0.0959878821972175,-6.3480795242334,-5.7987176993223
8.4725,-0.0908934243440065,-6.3480795242334,-5.76306586266655
8.475,-0.0959878821972175,-6.35317521703919,-5.8190901774113
8.4775,-6.58632718718751,-6.35317521703919,-5.81399705788905
8.48,-6.41311562017835,-6.3480795242334,-5.81399705788905
8.4825,-6.41311562017835,-6.3480795242334,-5.78343834075555
8.485,-6.41311562017835,-6.35317521703919,-5.78343834075555
8.4875,-6.76972766990309,-6.3480795242334,-5.8190901774113
8.49,-6.76972766990309,-6.3480795242334,-5.7783452212333
8.4925,-6.76463321204988,-6.3480795242334,-5.8394626555003
8.495,-1.60904186460076,-6.37355798826234,-5.82418329693355
8.4975,-0.0959878821972175,-6.37355798826234,-5.8190901774113
8.5,-0.0959878821972175,-6.35317521703919,-5.81399705788905
8.5025,-0.0959878821972175,-6.35827090984498,-5.8089039383668
8.505,-2.93869536428873,-6.35827090984498,-5.84455577502255
8.5075,-6.31632092096735,-6.31240967459288,-5.8190901774113
8.51,-6.1940539324903,-6.37355798826234,-5.82418329693355
8.5125,-6.18895947463709,-6.33788813862182,-5.7987176993223
8.515,-6.29594308955451,-6.36336660265077,-5.78343834075555
8.5175,-6.59142164504072,-6.37355798826234,-5.79362457980005
8.52,-6.54047706650862,-6.38884506667971,-5.78343834075555
8.5225,-6.29594308955451,-6.36846229545656,-5.79362457980005
8.525,-6.30613200526093,-6.35827090984498,-5.78343834075555
8.5275,-6.30613200526093,-6.35827090984498,-5.79362457980005
8.53,-0.0959878821972175,-6.3939407594855,-5.7885314602778
8.5325,-0.0959878821972175,-6.37355798826234,-5.7987176993223
8.535,-0.0908934243440065,-6.37865368106813,-5.8292764164558
8.5375,-0.0959878821972175,-6.36846229545656,-5.7987176993223
8.54,-0.0959878821972175,-6.38884506667971,-5.80381081884455
8.5425,-0.0908934243440065,-6.38884506667971,-5.80381081884455
8.545,-0.0908934243440065,-6.34298383142761,-5.8292764164558
8.5475,-0.0908934243440065,-6.37865368106813,-5.79362457980005
8.55,-0.0959878821972175,-6.37865368106813,-5.7885314602778
8.5525,-0.0908934243440065,-6.39903645229129,-5.7783452212333
8.555,-0.0959878821972175,-6.37355798826234,-5.7681589821888
8.5575,-6.28065971599488,-6.37865368106813,-5.7783452212333
8.56,-6.31122646311414,-6.37355798826234,-5.7783452212333
8.5625,-6.31632092096735,-6.36846229545656,-5.7783452212333
8.565,-6.41311562017835,-6.36336660265077,-5.7885314602778
8.5675,-6.46406019871046,-6.35317521703919,-5.7885314602778
8.57,-6.45387128300404,-6.3480795242334,-5.8190901774113
8.5725,-6.16348718537103,-6.33788813862182,-5.7885314602778
8.575,-6.15329826966461,-6.33279244581604,-5.7783452212333
8.5775,-6.15329826966461,-6.34298383142761,-5.7885314602778
8.58,-0.0959878821972175,-6.36846229545656,-5.78343834075555
8.5825,-0.0908934243440065,-6.37355798826234,-5.79362457980005
8.585,-0.0959878821972175,-6.38374937387392,-5.7987176993223
8.5875,-0.0908934243440065,-6.35827090984498,-5.7987176993223
8.59,-0.0908934243440065,-6.35827090984498,-5.7987176993223
8.5925,-0.0908934243440065,-6.37865368106813,-5.7885314602778
8.595,-0.0908934243440065,-6.40413214509707,-5.7987176993223
8.5975,-0.0908934243440065,-6.40413214509707,-5.78343834075555
8.6,-0.0959878821972175,-6.40922783790286,-5.79362457980005
8.6025,-0.0959878821972175,-6.37355798826234,-5.7579727431443
8.605,-6.5812327293343,-6.40922783790286,-5.78343834075555
8.6075,-6.7238775492242,-6.38884506667971,-5.82418329693355
8.61,-6.71878309137099,-6.38374937387392,-5.79362457980005
8.6125,-6.7238775492242,-6.38884506667971,-5.79362457980005
8.615,-0.0959878821972175,-6.37355798826234,-5.78343834075555
8.6175,-0.0959878821972175,-6.37355798826234,-5.75287962362205
8.62,-0.0908934243440065,-6.36336660265077,-5.78343834075555
8.6225,-0.0959878821972175,-6.35827090984498,-5.80381081884455
8.625,-0.0959878821972175,-6.37865368106813,-5.8394626555003
8.6275,-0.0959878821972175,-6.35317521703919,-5.74778650409981
8.63,-0.0908934243440065,-6.30221828898131,-5.75287962362205
8.6325,-0.0959878821972175,-6.34298383142761,-5.75287962362205
8.635,-0.0908934243440065,-6.33788813862182,-5.74778650409981
8.6375,-0.0959878821972175,-6.34298383142761,-5.74778650409981
8.64,-0.0908934243440065,-6.34298383142761,-5.73760026505531
8.6425,-0.0959878821972175,-6.33788813862182,-5.73760026505531
8.645,-0.0908934243440065,-6.33279244581604,-5.78343834075555
8.6475,-0.0959878821972175,-6.33788813862182,-5.78343834075555
8.65,-0.0959878821972175,-6.33788813862182,-5.70704154792181
8.6525,-7.30974020234342,-6.33279244581604,-5.70194842839956
8.655,-7.30974020234342,-6.33279244581604,-5.73760026505531
8.6575,-7.18747321386636,-6.33788813862182,-5.72232090648856
8.66,-7.09577297250857,-6.3480795242334,-5.72741402601081
8.6625,-6.82576670628841,-6.39903645229129,-5.71722778696631
8.665,-6.92256140549941,-6.3939407594855,-5.71722778696631
8.6675,-7.08558405680215,-6.3939407594855,-5.73250714553306
8.67,-6.90727803193978,-6.38884506667971,-5.72232090648856
8.6725,-6.92765586335262,-6.41432353070865,-5.72741402601081
8.675,-6.88180574267373,-6.40413214509707,-5.7681589821888
8.6775,-6.74425538063704,-6.40922783790286,-5.71213466744406
8.68,-6.73916092278383,-6.40413214509707,-5.69176218935506
8.6825,-6.76463321204988,-6.39903645229129,-5.68666906983281
8.685,-6.75953875419667,-6.37865368106813,-5.72741402601081
8.6875,-6.75444429634346,-6.37355798826234,-5.7885314602778
8.69,-6.53538260865541,-6.37355798826234,-5.7579727431443
8.6925,-6.54047706650862,-6.36846229545656,-5.68666906983281
8.695,-6.53538260865541,-6.36336660265077,-5.68666906983281
8.6975,-0.0959878821972175,-6.37355798826234,-5.71213466744406
8.7,-0.0959878821972175,-6.3939407594855,-5.70194842839956
8.7025,-0.0959878821972175,-6.37865368106813,-5.71213466744406
8.705,-0.0959878821972175,-6.3939407594855,-5.68157595031056
8.7075,-0.0959878821972175,-6.39903645229129,-5.68666906983281
8.71,-5.27705151891239,-6.35827090984498,-5.68666906983281
8.7125,-5.2312013982335,-6.38374937387392,-5.67648283078831
8.715,-5.2312013982335,-6.37355798826234,-5.68157595031056
8.7175,-5.17516236184818,-6.37355798826234,-5.66629659174381
8.72,-5.16497344614176,-6.3480795242334,-5.69176218935506
8.7225,-5.11912332546286,-6.3480795242334,-5.65611035269931
8.725,-5.11402886760965,-6.3480795242334,-5.65101723317706
8.7275,-5.06817874693076,-6.35317521703919,-5.68157595031056
8.73,-5.03761199981149,-6.35827090984498,-5.67648283078831
8.7325,-5.02742308410507,-6.36336660265077,-5.66120347222156
8.735,-5.02232862625186,-6.37355798826234,-5.65611035269931
8.7375,-5.05289537337112,-6.38374937387392,-5.67138971126606
8.74,-4.98157296342618,-6.37355798826234,-5.67138971126606
8.7425,-4.97138404771975,-6.36336660265077,-5.66629659174381
8.745,-4.95100621630691,-6.36336660265077,-5.64592411365481
8.7475,-4.9459117584537,-6.35317521703919,-5.63064475508807
8.75,-4.93062838489407,-6.35827090984498,-5.63573787461031
8.7525,-4.93062838489407,-6.35317521703919,-5.63573787461031
8.755,-4.93062838489407,-6.35317521703919,-5.63573787461031
8.7575,-4.93062838489407,-6.35317521703919,-5.64083099413256
8.76,-4.93062838489407,-6.35317521703919,-5.63573787461031
8.7625,-4.92043946918765,-6.3480795242334,-5.66629659174381
8.765,-4.98666742127939,-6.3480795242334,-5.67138971126606
8.7675,-4.97647850557297,-6.35827090984498,-5.64592411365481
8.77,-4.9459117584537,-6.35317521703919,-5.64083099413256
8.7725,-4.95100621630691,-6.3939407594855,-5.63573787461031
8.775,-4.95100621630691,-6.38884506667971,-5.63573787461031
8.7775,-5.05798983122434,-6.38884506667971,-5.66120347222156
8.78,-5.05798983122434,-6.38374937387392,-5.63573787461031
8.7825,-5.00704525269223,-6.37355798826234,-5.63064475508807
8.785,-5.00195079483902,-6.36846229545656,-5.63064475508807
8.7875,-5.01723416839865,-6.33788813862182,-5.66629659174381
8.79,-5.03761199981149,-6.35317521703919,-5.63573787461031
8.7925,-5.02742308410507,-6.32769675301025,-5.64083099413256
8.795,-5.06817874693076,-6.32260106020446,-5.65611035269931
8.7975,-5.06308428907755,-6.33279244581604,-5.69685530887731
8.8,-5.10383995190323,-6.33279244581604,-5.69176218935506
8.8025,-5.12931224116928,-6.30731398178709,-5.68666906983281
8.805,-5.17006790399497,-6.32769675301025,-5.69685530887731
8.8075,-5.16497344614176,-6.33279244581604,-5.65101723317706
8.81,-5.16497344614176,-6.35827090984498,-5.66120347222156
8.8125,-0.0959878821972175,-6.3480795242334,-5.69176218935506
8.815,-0.0908934243440065,-6.33279244581604,-5.66629659174381
8.8175,-0.0908934243440065,-6.41941922351444,-5.67648283078831
8.82,-0.0908934243440065,-6.40413214509707,-5.64592411365481
8.8225,-0.0908934243440065,-6.39903645229129,-5.69176218935506
8.825,-5.46045200162797,-6.43980199473759,-5.65611035269931
8.8275,-5.56234115869218,-6.43980199473759,-5.66629659174381
8.83,-5.56234115869218,-6.3939407594855,-5.66120347222156
8.8325,-5.65404140004997,-6.38884506667971,-5.66120347222156
8.835,-5.63366356863713,-6.38374937387392,-5.64083099413256
8.8375,-5.68460814716924,-6.40413214509707,-5.66120347222156
8.84,-5.73045826784813,-6.37355798826234,-5.66629659174381
8.8425,-5.73045826784813,-6.37355798826234,-5.64592411365481
8.845,-5.76611947282061,-6.35827090984498,-5.64592411365481
8.8475,-5.80178067779308,-6.31750536739867,-5.64592411365481
8.85,-5.80687513564629,-6.35827090984498,-5.66629659174381
8.8525,-5.90366983485729,-6.36336660265077,-5.65101723317706
8.855,-5.78649730423345,-6.35317521703919,-5.64083099413256
8.8575,-5.86291417203161,-6.30731398178709,-5.67648283078831
8.86,-5.86291417203161,-6.35317521703919,-5.68157595031056
8.8625,-5.93423658197656,-6.34298383142761,-5.66120347222156
8.865,-5.91895320841693,-6.3480795242334,-5.66629659174381
8.8675,-6.03612573904077,-6.33788813862182,-5.66120347222156
8.87,-5.88838646129766,-6.3480795242334,-5.67138971126606
8.8725,-5.88329200344445,-6.3480795242334,-5.68666906983281
8.875,-6.07178694401324,-6.33788813862182,-5.68666906983281
8.8775,-6.07178694401324,-6.35827090984498,-5.69685530887731
8.88,-6.07178694401324,-6.35827090984498,-5.69685530887731
8.8825,-0.0959878821972175,-6.35827090984498,-5.71213466744406
8.885,-0.0959878821972175,-6.37865368106813,-5.70704154792181
8.8875,-0.0959878821972175,-6.38374937387392,-5.72232090648856
8.89,-0.0959878821972175,-6.37865368106813,-5.72232090648856
8.8925,-0.0807045086375862,-6.35317521703919,-5.73760026505531
8.895,-0.0908934243440065,-6.35317521703919,-5.71213466744406
8.8975,-0.0908934243440065,-6.36846229545656,-5.68666906983281
8.9,-0.0959878821972175,-6.36336660265077,-5.75287962362205
8.9025,-0.0908934243440065,-6.37865368106813,-5.70704154792181
8.905,-0.0908934243440065,-6.36336660265077,-5.71213466744406
8.9075,-0.0857989664907954,-6.33788813862182,-5.72232090648856
8.91,-0.0857989664907954,-6.35827090984498,-5.70194842839956
8.9125,-0.0908934243440065,-6.35317521703919,-5.71722778696631
8.915,-0.0959878821972175,-6.38374937387392,-5.74269338457756
8.9175,-0.0908934243440065,-6.35317521703919,-5.72741402601081
8.92,-0.0959878821972175,-6.3480795242334,-5.73250714553306
8.9225,-0.0908934243440065,-6.3480795242334,-5.67138971126606
8.925,-0.0908934243440065,-6.34298383142761,-5.8190901774113
8.9275,-0.0908934243440065,-6.3480795242334,-5.84455577502255
8.93,-0.0908934243440065,-6.37355798826234,-5.72232090648856
8.9325,-0.0959878821972175,-6.35827090984498,-5.74778650409981
8.935,-0.0908934243440065,-6.36336660265077,-5.74778650409981
8.9375,-0.0959878821972175,-6.37865368106813,-5.8190901774113
8.94,-0.0908934243440065,-6.37865368106813,-5.8190901774113
8.9425,-0.0908934243440065,-6.38374937387392,-5.74269338457756
8.945,-0.0908934243440065,-6.38374937387392,-5.70704154792181
8.9475,-0.0959878821972175,-6.38374937387392,-5.72741402601081
8.95,-0.0908934243440065,-6.40413214509707,-5.72741402601081
8.9525,-0.0959878821972175,-6.39903645229129,-5.71722778696631
8.955,-0.0908934243440065,-6.3939407594855,-5.73250714553306
8.9575,-0.0959878821972175,-6.3939407594855,-5.72232090648856
8.96,-0.0959878821972175,-6.41941922351444,-5.73250714553306
8.9625,-5.65404140004997,-6.3939407594855,-5.73250714553306
8.965,-5.77121393067382,-6.37355798826234,-5.73250714553306
8.9675,-5.67951368931603,-6.35317521703919,-5.73760026505531
8.97,-5.68970260502245,-6.37865368106813,-5.72741402601081
8.9725,-5.74064718355455,-6.35827090984498,-5.73760026505531
8.975,-5.79159176208666,-6.35317521703919,-5.73760026505531
8.9775,-5.84763079847198,-6.3480795242334,-5.74269338457756
8.98,-5.87819754559124,-6.33788813862182,-5.71722778696631
8.9825,-5.89857537700408,-6.34298383142761,-5.74269338457756
8.985,-5.89857537700408,-6.36336660265077,-5.74269338457756
8.9875,-5.93423658197656,-6.33788813862182,-5.76306586266655
8.99,-5.93933103982977,-6.33279244581604,-5.7783452212333
8.9925,-5.91895320841693,-6.33279244581604,-5.78343834075555
8.995,-5.94951995553619,-6.32769675301025,-5.73760026505531
8.9975,-5.94442549768298,-6.33279244581604,-5.77325210171105
9,-5.98518116050866,-6.3480795242334,-5.77325210171105
9.0025,-5.97499224480224,-6.37355798826234,-5.7783452212333
9.005,-6.04631465474719,-6.3480795242334,-5.7885314602778
9.0075,-5.97499224480224,-6.35827090984498,-5.7885314602778
9.01,-6.06159802830682,-6.36336660265077,-5.7681589821888
9.0125,-6.06669248616003,-6.3939407594855,-5.7579727431443
9.015,-6.04631465474719,-6.38884506667971,-5.77325210171105
9.0175,-6.06669248616003,-6.37355798826234,-5.7885314602778
9.02,-6.06669248616003,-6.40922783790286,-5.80381081884455
9.0225,-6.06159802830682,-6.35317521703919,-5.80381081884455
9.025,-0.0959878821972175,-6.33788813862182,-5.77325210171105
9.0275,-6.0004645340683,-6.33788813862182,-5.7987176993223
9.03,-5.98518116050866,-6.33279244581604,-5.7579727431443
9.0325,-5.98518116050866,-6.33279244581604,-5.7579727431443
9.035,-6.0004645340683,-6.36336660265077,-5.7885314602778
9.0375,-6.0004645340683,-6.35827090984498,-5.7783452212333
9.04,-6.00555899192151,-6.40413214509707,-5.7579727431443
9.0425,-5.97499224480224,-6.37355798826234,-5.7681589821888
9.045,-5.98008670265545,-6.37355798826234,-5.77325210171105
9.0475,-6.0514091126004,-6.37355798826234,-5.76306586266655
9.05,-6.03103128118756,-6.38884506667971,-5.77325210171105
9.0525,-6.03612573904077,-6.38884506667971,-5.73760026505531
9.055,-6.11254260683893,-6.36846229545656,-5.7681589821888
9.0575,-6.11254260683893,-6.40922783790286,-5.8089039383668
9.06,-6.01574790762793,-6.37355798826234,-5.76306586266655
9.0625,-6.19914839034351,-6.37355798826234,-5.74269338457756
9.065,-6.21443176390314,-6.36336660265077,-5.74269338457756
9.0675,-6.21443176390314,-6.37355798826234,-5.7681589821888
9.07,-6.21443176390314,-6.33788813862182,-5.8190901774113
9.0725,-0.0959878821972175,-6.33279244581604,-5.74778650409981
9.075,-6.03612573904077,-6.35317521703919,-5.7579727431443
9.0775,-6.02593682333435,-6.34298383142761,-5.72741402601081
9.08,-6.06669248616003,-6.36336660265077,-5.72741402601081
9.0825,-6.04122019689398,-6.32769675301025,-5.73250714553306
9.085,-6.07688140186645,-6.33788813862182,-5.75287962362205
9.0875,-6.06669248616003,-6.33279244581604,-5.73760026505531
9.09,-6.07178694401324,-6.33279244581604,-5.7885314602778
9.0925,-0.101082340050429,-6.31750536739867,-5.72741402601081
9.095,-0.0959878821972175,-6.33788813862182,-5.72232090648856
9.0975,-0.0959878821972175,-6.37355798826234,-5.77325210171105
9.1,-0.0908934243440065,-6.35317521703919,-5.72232090648856
9.1025,-0.0959878821972175,-6.37355798826234,-5.69685530887731
9.105,-0.0959878821972175,-6.35827090984498,-5.73250714553306
9.1075,-0.0959878821972175,-6.34298383142761,-5.76306586266655
9.11,-0.0959878821972175,-6.36846229545656,-5.8089039383668
9.1125,-0.0959878821972175,-6.33788813862182,-5.81399705788905
9.115,-0.0908934243440065,-6.35827090984498,-5.7579727431443
9.1175,-6.53538260865541,-6.33279244581604,-5.7681589821888
9.12,-6.53538260865541,-6.3480795242334,-5.72741402601081
9.1225,-6.61179947645357,-6.3480795242334,-5.78343834075555
9.125,-6.83086116414162,-6.43980199473759,-5.73250714553306
9.1275,-6.63727176571962,-6.35827090984498,-5.73250714553306
9.13,-6.64236622357283,-6.35317521703919,-5.71722778696631
9.1325,-6.68312188639851,-6.37355798826234,-5.73760026505531
9.135,-6.68312188639851,-6.37355798826234,-5.74778650409981
9.1375,-6.71368863351778,-6.37355798826234,-5.71722778696631
9.14,-6.71368863351778,-6.38374937387392,-5.70194842839956
9.1425,-6.77991658560952,-6.38884506667971,-5.70194842839956
9.145,-6.77991658560952,-6.37355798826234,-5.7681589821888
9.1475,-6.74425538063704,-6.38374937387392,-5.72232090648856
9.15,-6.81048333272878,-6.41432353070865,-5.73250714553306
9.1525,-5.63366356863713,-6.38884506667971,-5.70194842839956
9.155,-5.64385248434355,-6.38374937387392,-5.71213466744406
9.1575,-5.65913585790318,-6.39903645229129,-5.70194842839956
9.16,-5.6642303157564,-6.39903645229129,-5.70704154792181
9.1625,-5.6642303157564,-6.3939407594855,-5.75287962362205
9.165,-5.6642303157564,-6.39903645229129,-5.73760026505531
9.1675,-0.101082340050429,-6.38374937387392,-5.77325210171105
9.17,-0.0959878821972175,-6.37865368106813,-5.71722778696631
9.1725,-0.0959878821972175,-6.3480795242334,-5.72232090648856
9.175,-0.0959878821972175,-6.34298383142761,-5.71722778696631
9.1775,-0.0959878821972175,-6.35827090984498,-5.72232090648856
9.18,-0.0959878821972175,-6.33788813862182,-5.71722778696631
9.1825,-0.0959878821972175,-6.36846229545656,-5.72232090648856
9.185,-0.0908934243440065,-6.37355798826234,-5.72741402601081
9.1875,-0.0959878821972175,-6.37355798826234,-5.72232090648856
9.19,-0.0908934243440065,-6.38374937387392,-5.73760026505531
9.1925,-0.0959878821972175,-6.37355798826234,-5.70194842839956
9.195,-0.0908934243440065,-6.40922783790286,-5.73760026505531
9.1975,-0.0959878821972175,-6.44489768754338,-5.73760026505531
9.2,-0.0959878821972175,-6.37355798826234,-5.70704154792181
9.2025,-0.0908934243440065,-6.41432353070865,-5.74269338457756
9.205,-0.0959878821972175,-6.41432353070865,-5.73760026505531
9.2075,-0.0908934243440065,-6.40922783790286,-5.73760026505531
9.21,-0.0959878821972175,-6.38374937387392,-5.70194842839956
9.2125,-0.0959878821972175,-6.38374937387392,-5.70194842839956
9.215,-0.0959878821972175,-6.3939407594855,-5.70704154792181
9.2175,-0.0959878821972175,-6.38884506667971,-5.70194842839956
9.22,-0.0959878821972175,-6.3939407594855,-5.71213466744406
9.2225,-0.0857989664907954,-6.40413214509707,-5.70704154792181
9.225,-0.0959878821972175,-6.38374937387392,-5.71213466744406
9.2275,-0.0857989664907954,-6.37355798826234,-5.71213466744406
9.23,-0.0908934243440065,-6.37355798826234,-5.70704154792181
9.2325,-0.0959878821972175,-6.37355798826234,-5.74778650409981
9.235,-0.0959878821972175,-6.36846229545656,-5.69176218935506
9.2375,-0.0908934243440065,-6.36336660265077,-5.70704154792181
9.24,-0.0959878821972175,-6.36336660265077,-5.70194842839956
9.2425,-0.0959878821972175,-6.37865368106813,-5.69685530887731
9.245,-0.0857989664907954,-6.36336660265077,-5.70194842839956
9.2475,-0.0908934243440065,-6.38884506667971,-5.69685530887731
9.25,-0.0908934243440065,-6.3480795242334,-5.69685530887731
9.2525,-0.0959878821972175,-6.36846229545656,-5.69176218935506
9.255,-0.0908934243440065,-6.35317521703919,-5.72232090648856
9.2575,-0.0959878821972175,-6.3480795242334,-5.72741402601081
9.26,-0.0908934243440065,-6.34298383142761,-5.68666906983281
9.2625,-0.0908934243440065,-6.35317521703919,-5.69176218935506
9.265,-0.0908934243440065,-6.37355798826234,-5.71213466744406
9.2675,-0.0959878821972175,-6.37355798826234,-5.71213466744406
9.27,-0.0908934243440065,-6.34298383142761,-5.74778650409981
9.2725,-0.0908934243440065,-6.33788813862182,-5.67648283078831
9.275,-0.0908934243440065,-6.36846229545656,-5.68666906983281
9.2775,-0.0959878821972175,-6.3939407594855,-5.67648283078831
9.28,-0.0959878821972175,-6.34298383142761,-5.66120347222156
9.2825,-0.0959878821972175,-6.34298383142761,-5.67648283078831
9.285,-0.0857989664907954,-6.36336660265077,-5.65611035269931
9.2875,-0.0959878821972175,-6.36846229545656,-5.67648283078831
9.29,-0.0908934243440065,-6.36336660265077,-5.69176218935506
9.2925,-0.0959878821972175,-6.3480795242334,-5.69685530887731
9.295,-0.0908934243440065,-6.3480795242334,-5.67138971126606
9.2975,-0.0908934243440065,-6.37865368106813,-5.67138971126606
9.3,-0.0908934243440065,-6.37865368106813,-5.67648283078831
9.3025,-0.0908934243440065,-6.37865368106813,-5.74778650409981
9.305,-0.0959878821972175,-6.37355798826234,-5.70194842839956
9.3075,-6.09216477542609,-6.36336660265077,-5.66629659174381
9.31,-5.61328573722429,-6.39903645229129,-5.67648283078831
9.3125,-5.57762453225182,-6.3939407594855,-5.70194842839956
9.315,-6.04631465474719,-6.36336660265077,-5.67648283078831
9.3175,-6.03103128118756,-6.35827090984498,-5.68666906983281
9.32,-6.03612573904077,-6.35827090984498,-5.71722778696631
9.3225,-6.02593682333435,-6.35827090984498,-5.69685530887731
9.325,-6.04631465474719,-6.34298383142761,-5.64083099413256
9.3275,-5.7610250149674,-6.3480795242334,-5.69685530887731
9.33,-6.06669248616003,-6.33279244581604,-5.72232090648856
9.3325,-5.91385875056371,-6.38374937387392,-5.68666906983281
9.335,-6.0514091126004,-6.37865368106813,-5.69176218935506
9.3375,-6.05650357045361,-6.37355798826234,-5.68666906983281
9.34,-6.02084236548114,-6.36336660265077,-5.69685530887731
9.3425,-5.9546144133894,-6.36336660265077,-5.69685530887731
9.345,-5.54705778513255,-6.37355798826234,-5.73760026505531
9.3475,-5.87819754559124,-6.35827090984498,-5.7885314602778
9.35,-5.87310308773803,-6.35827090984498,-5.72232090648856
9.3525,-5.87819754559124,-6.35827090984498,-5.70194842839956
9.355,-5.87310308773803,-6.34298383142761,-5.70704154792181
9.3575,-5.87819754559124,-6.3480795242334,-5.68666906983281
9.36,-0.141838002876112,-6.32260106020446,-5.71722778696631
9.3625,-5.23629585608671,-6.32769675301025,-5.71213466744406
9.365,-5.26176814535276,-6.34298383142761,-5.75287962362205
9.3675,-5.26176814535276,-6.34298383142761,-5.70194842839956
9.37,-5.30252380817844,-6.36846229545656,-5.71213466744406
9.3725,-5.36875176027018,-6.34298383142761,-5.65611035269931
9.375,-5.29233489247202,-6.35827090984498,-5.68666906983281
9.3775,-5.29233489247202,-6.33279244581604,-5.69685530887731
9.38,-5.29233489247202,-6.33279244581604,-5.69176218935506
9.3825,-5.29742935032523,-6.33279244581604,-5.66629659174381
9.385,-0.162215834288954,-6.32260106020446,-5.71722778696631
9.3875,-0.0959878821972175,-6.32260106020446,-5.69176218935506
9.39,-0.0908934243440065,-6.3480795242334,-5.69685530887731
9.3925,-5.28724043461881,-6.34298383142761,-5.69685530887731
9.395,-5.26176814535276,-6.33279244581604,-5.70704154792181
9.3975,-5.19044573540781,-6.34298383142761,-5.70194842839956
9.4,-5.1853512775546,-6.3939407594855,-5.74269338457756
9.4025,-5.31780718173808,-6.3939407594855,-5.70704154792181
9.405,-5.42988525450871,-6.38884506667971,-5.74778650409981
9.4075,-5.24139031393992,-6.39903645229129,-5.71213466744406
9.41,-5.3789406759766,-6.38884506667971,-5.71213466744406
9.4125,-5.3789406759766,-6.38884506667971,-5.70704154792181
9.415,-5.2312013982335,-6.35317521703919,-5.70704154792181
9.4175,-5.34327947100413,-6.35827090984498,-5.73250714553306
9.42,-5.36875176027018,-6.35317521703919,-5.71722778696631
9.4225,-5.3279960974445,-6.3480795242334,-5.73760026505531
9.425,-5.31780718173808,-6.41432353070865,-5.74269338457756
9.4275,-5.32290163959129,-6.37355798826234,-5.73760026505531
9.43,-0.0959878821972175,-6.37355798826234,-5.69685530887731
9.4325,-0.0959878821972175,-6.37355798826234,-5.71722778696631
9.435,-0.0959878821972175,-6.35827090984498,-5.72232090648856
9.4375,-0.0959878821972175,-6.36846229545656,-5.76306586266655
9.44,-0.0908934243440065,-6.35317521703919,-5.73760026505531
9.4425,-0.0908934243440065,-6.37865368106813,-5.71722778696631
9.445,-0.0908934243440065,-6.3480795242334,-5.70704154792181
9.4475,-0.0959878821972175,-6.3480795242334,-5.70704154792181
9.45,-0.0959878821972175,-6.33279244581604,-5.74269338457756
9.4525,-0.0908934243440065,-6.35827090984498,-5.73760026505531
9.455,-0.0908934243440065,-6.45508907315496,-5.77325210171105
9.4575,-0.0908934243440065,-6.35827090984498,-5.71213466744406
9.46,-0.0959878821972175,-6.40413214509707,-5.74778650409981
9.4625,-0.0959878821972175,-6.41432353070865,-5.74778650409981
9.465,-0.0908934243440065,-6.38374937387392,-5.70704154792181
9.4675,-0.0908934243440065,-6.37865368106813,-5.74778650409981
9.47,-0.0908934243440065,-6.38884506667971,-5.71722778696631
9.4725,-0.0908934243440065,-6.38374937387392,-5.7987176993223
9.475,-0.0908934243440065,-6.36846229545656,-5.70194842839956
9.4775,-0.0908934243440065,-6.34298383142761,-5.76306586266655
9.48,-6.18386501678388,-6.34298383142761,-5.69176218935506
9.4825,-6.18386501678388,-6.3480795242334,-5.71213466744406
9.485,-6.38254887305909,-6.35827090984498,-5.72232090648856
9.4875,-6.34688766808662,-6.36846229545656,-5.70194842839956
9.49,-6.34688766808662,-6.36846229545656,-5.71722778696631
9.4925,-6.41821007803156,-6.35317521703919,-5.72232090648856
9.495,-6.47424911441688,-6.35317521703919,-5.71722778696631
9.4975,-6.55576044006825,-6.36336660265077,-5.7579727431443
9.5,-6.56085489792146,-6.36336660265077,-5.71213466744406
9.5025,-6.55576044006825,-6.36336660265077,-5.72232090648856
9.505,-0.0908934243440065,-6.35827090984498,-5.71213466744406
9.5075,-0.0959878821972175,-6.35317521703919,-5.71213466744406
9.51,-0.0908934243440065,-6.35827090984498,-5.72232090648856
9.5125,-6.71878309137099,-6.3480795242334,-5.71213466744406
9.515,-6.70859417566457,-6.35827090984498,-5.72232090648856
9.5175,-6.71368863351778,-6.33788813862182,-5.72232090648856
9.52,-6.70349971781136,-6.36336660265077,-5.75287962362205
9.5225,-0.0959878821972175,-6.35827090984498,-5.69176218935506
9.525,-6.87671128482052,-6.33788813862182,-5.71722778696631
9.5275,-6.89199465838015,-6.34298383142761,-5.81399705788905
9.53,-6.89199465838015,-6.33788813862182,-5.7885314602778
9.5325,-6.89199465838015,-6.33788813862182,-5.73760026505531
9.535,-0.0908934243440065,-6.35827090984498,-5.71722778696631
9.5375,-0.0959878821972175,-6.33788813862182,-5.71722778696631
9.54,-0.0959878821972175,-6.33788813862182,-5.7579727431443
9.5425,-0.0959878821972175,-6.35827090984498,-5.72741402601081
9.545,-0.0959878821972175,-6.35827090984498,-5.70194842839956
9.5475,-6.6780274285453,-6.36336660265077,-5.69685530887731
9.55,-6.76463321204988,-6.3480795242334,-5.72741402601081
9.5525,-6.88180574267373,-6.37865368106813,-5.72232090648856
9.555,-6.93784477905904,-6.37865368106813,-5.70704154792181
9.5575,-6.93275032120583,-6.41941922351444,-5.71722778696631
9.56,-6.66274405498567,-6.38884506667971,-5.71213466744406
9.5625,-6.94293923691225,-6.38374937387392,-5.74778650409981
9.565,-6.70859417566457,-6.38374937387392,-5.72741402601081
9.5675,-6.71368863351778,-6.37355798826234,-5.75287962362205
9.57,-6.70349971781136,-6.38884506667971,-5.73250714553306
9.5725,-7.10596188821499,-6.38374937387392,-5.74778650409981
9.575,-7.09577297250857,-6.37865368106813,-5.73760026505531
9.5775,-6.99897827329757,-6.38884506667971,-5.7885314602778
9.58,-6.90727803193978,-6.36846229545656,-5.73250714553306
9.5825,-6.73916092278383,-6.40413214509707,-5.7681589821888
9.585,-6.9633170683251,-6.38374937387392,-5.76306586266655
9.5875,-5.96989778694903,-6.35827090984498,-5.74778650409981
9.59,-5.96480332909582,-6.33788813862182,-5.75287962362205
9.5925,-5.96480332909582,-6.35317521703919,-5.7885314602778
9.595,-0.0959878821972175,-6.35827090984498,-5.7783452212333
9.5975,-0.0959878821972175,-6.35827090984498,-5.8394626555003
9.6,-0.0908934243440065,-6.34298383142761,-5.78343834075555
9.6025,-0.0908934243440065,-6.33279244581604,-5.75287962362205
9.605,-0.0959878821972175,-6.33788813862182,-5.7579727431443
9.6075,-0.0959878821972175,-6.34298383142761,-5.74778650409981
9.61,-0.0908934243440065,-6.33788813862182,-5.74269338457756
9.6125,-0.0959878821972175,-6.34298383142761,-5.76306586266655
9.615,-0.0908934243440065,-6.35317521703919,-5.7579727431443
9.6175,-0.0959878821972175,-6.33788813862182,-5.76306586266655
9.62,-0.0908934243440065,-6.35827090984498,-5.73250714553306
9.6225,-0.0908934243440065,-6.38374937387392,-5.73760026505531
9.625,-0.0857989664907954,-6.38374937387392,-5.73760026505531
9.6275,-0.0908934243440065,-6.36336660265077,-5.73250714553306
9.63,-0.0959878821972175,-6.37865368106813,-5.75287962362205
9.6325,-0.0959878821972175,-6.37355798826234,-5.77325210171105
9.635,-0.0959878821972175,-6.36846229545656,-5.74778650409981
9.6375,-0.0959878821972175,-6.33788813862182,-5.75287962362205
9.64,-0.0908934243440065,-6.33279244581604,-5.7579727431443
9.6425,-0.0959878821972175,-6.33279244581604,-5.74778650409981
9.645,-0.0908934243440065,-6.32260106020446,-5.75287962362205
9.6475,-0.0959878821972175,-6.35317521703919,-5.73760026505531
9.65,-0.0908934243440065,-6.35317521703919,-5.73760026505531
9.6525,-0.0959878821972175,-6.37355798826234,-5.7681589821888
9.655,-0.0908934243440065,-6.36846229545656,-5.77325210171105
9.6575,-0.0959878821972175,-6.35827090984498,-5.7681589821888
9.66,-0.0908934243440065,-6.36336660265077,-5.7579727431443
9.6625,-0.0908934243440065,-6.3480795242334,-5.74778650409981
9.665,-0.0908934243440065,-6.35827090984498,-5.74778650409981
9.6675,-0.0908934243440065,-6.35827090984498,-5.74778650409981
9.67,-0.0908934243440065,-6.36336660265077,-5.74778650409981
9.6725,-0.0908934243440065,-6.36846229545656,-5.74778650409981
9.675,-0.0908934243440065,-6.3480795242334,-5.77325210171105
9.6775,-0.0959878821972175,-6.37865368106813,-5.7579727431443
9.68,-0.0908934243440065,-6.37355798826234,-5.8190901774113
9.6825,-0.0908934243440065,-6.35827090984498,-5.77325210171105
9.685,-0.0908934243440065,-6.35317521703919,-5.7783452212333
9.6875,-0.0908934243440065,-6.35317521703919,-5.7783452212333
9.69,-0.0908934243440065,-6.35317521703919,-5.7987176993223
9.6925,-0.0908934243440065,-6.37865368106813,-5.76306586266655
9.695,-0.0908934243440065,-6.37865368106813,-5.79362457980005
9.6975,-0.0959878821972175,-6.32260106020446,-5.7579727431443
9.7,-0.0959878821972175,-6.32260106020446,-5.7579727431443
9.7025,-0.0908934243440065,-6.34298383142761,-5.74778650409981
9.705,-0.0908934243440065,-6.3480795242334,-5.77325210171105
9.7075,-0.0959878821972175,-6.3480795242334,-5.79362457980005
9.71,-0.0908934243440065,-6.33279244581604,-5.75287962362205
9.7125,-0.0959878821972175,-6.35827090984498,-5.75287962362205
9.715,-0.0908934243440065,-6.35827090984498,-5.76306586266655
9.7175,-5.94442549768298,-6.3480795242334,-5.74778650409981
9.72,-5.86800862988482,-6.35317521703919,-5.7579727431443
9.7225,-5.86800862988482,-6.33788813862182,-5.78343834075555
9.725,-5.87819754559124,-6.33279244581604,-5.76306586266655
9.7275,-0.0959878821972175,-6.3480795242334,-5.73760026505531
9.73,-6.00555899192151,-6.32260106020446,-5.7579727431443
9.7325,-5.84763079847198,-6.35317521703919,-5.77325210171105
9.735,-5.85272525632519,-6.35317521703919,-5.7783452212333
9.7375,-5.91385875056371,-6.37355798826234,-5.74778650409981
9.74,-5.92914212412335,-6.3480795242334,-5.7885314602778
9.7425,-5.92914212412335,-6.37355798826234,-5.7681589821888
9.745,-0.0959878821972175,-6.37865368106813,-5.77325210171105
9.7475,-0.0959878821972175,-6.39903645229129,-5.72232090648856
9.75,-0.0959878821972175,-6.37355798826234,-5.76306586266655
9.7525,-0.0959878821972175,-6.36336660265077,-5.7885314602778
9.755,-0.0908934243440065,-6.36336660265077,-5.7681589821888
9.7575,-6.03612573904077,-6.36336660265077,-5.7987176993223
9.76,-6.03103128118756,-6.36336660265077,-5.76306586266655
9.7625,-5.94951995553619,-6.36336660265077,-5.7681589821888
9.765,-6.04631465474719,-6.38884506667971,-5.76306586266655
9.7675,-6.0514091126004,-6.38374937387392,-5.75287962362205
9.77,-6.0514091126004,-6.3480795242334,-5.75287962362205
9.7725,-6.02593682333435,-6.36846229545656,-5.74778650409981
9.775,-6.02593682333435,-6.36336660265077,-5.80381081884455
9.7775,-5.99027561836187,-6.35827090984498,-5.7783452212333
9.78,-6.04122019689398,-6.35317521703919,-5.7885314602778
9.7825,-6.04122019689398,-6.33788813862182,-5.78343834075555
9.785,-6.03612573904077,-6.3480795242334,-5.79362457980005
9.7875,-0.0959878821972175,-6.35827090984498,-5.73250714553306
9.79,-0.0959878821972175,-6.38374937387392,-5.75287962362205
9.7925,-0.0908934243440065,-6.36846229545656,-5.7681589821888
9.795,-0.0959878821972175,-6.3480795242334,-5.73250714553306
9.7975,-6.06669248616003,-6.37865368106813,-5.74269338457756
9.8,-6.07178694401324,-6.33279244581604,-5.74269338457756
9.8025,-6.04631465474719,-6.3480795242334,-5.75287962362205
9.805,-6.0004645340683,-6.34298383142761,-5.74778650409981
9.8075,-6.0004645340683,-6.3480795242334,-5.73760026505531
9.81,-6.0004645340683,-6.34298383142761,-5.79362457980005
9.8125,-0.0959878821972175,-6.3480795242334,-5.77325210171105
9.815,-0.0959878821972175,-6.3939407594855,-5.75287962362205
9.8175,-6.29594308955451,-6.39903645229129,-5.78343834075555
9.82,-6.12782598039856,-6.3939407594855,-5.79362457980005
9.8225,-6.12273152254535,-6.38884506667971,-5.7987176993223
9.825,-6.12782598039856,-6.38374937387392,-5.8089039383668
9.8275,-0.0959878821972175,-6.38884506667971,-5.78343834075555
9.83,-6.30103754740772,-6.40413214509707,-5.78343834075555
9.8325,-6.18386501678388,-6.43980199473759,-5.7783452212333
9.835,-6.18386501678388,-6.36846229545656,-5.78343834075555
9.8375,-6.30613200526093,-6.36336660265077,-5.7783452212333
9.84,-6.30613200526093,-6.37865368106813,-5.78343834075555
9.8425,-6.30613200526093,-6.36846229545656,-5.77325210171105
9.845,-6.28575417384809,-6.35827090984498,-5.74778650409981
9.8475,-6.29594308955451,-6.35827090984498,-5.78343834075555
9.85,-5.68460814716924,-6.3480795242334,-5.78343834075555
9.8525,-5.68460814716924,-6.34298383142761,-5.7681589821888
9.855,-6.34688766808662,-6.34298383142761,-5.7681589821888
9.8575,-5.7610250149674,-6.34298383142761,-5.77325210171105
9.86,-5.7610250149674,-6.33788813862182,-5.77325210171105
9.8625,-5.7610250149674,-6.34298383142761,-5.7579727431443
9.865,-0.0959878821972175,-6.33788813862182,-5.77325210171105
9.8675,-0.0959878821972175,-6.33788813862182,-5.7579727431443
9.87,-0.0908934243440065,-6.35827090984498,-5.79362457980005
9.8725,-0.0908934243440065,-6.35317521703919,-5.76306586266655
9.875,-0.0959878821972175,-6.31750536739867,-5.7681589821888
9.8775,-5.89857537700408,-6.31240967459288,-5.7681589821888
9.88,-6.69331080210494,-6.32769675301025,-5.7987176993223
9.8825,-6.6780274285453,-6.32769675301025,-5.7783452212333
9.885,-6.21443176390314,-6.32260106020446,-5.80381081884455
9.8875,-6.21952622175635,-6.40413214509707,-5.8089039383668
9.89,-6.42839899373798,-6.35827090984498,-5.78343834075555
9.8925,-6.4334934515912,-6.35827090984498,-5.78343834075555
9.895,-6.42330453588477,-6.35317521703919,-5.74778650409981
9.8975,-0.0959878821972175,-6.36846229545656,-5.76306586266655
9.9,-0.0959878821972175,-6.36336660265077,-5.8292764164558
9.9025,-0.0959878821972175,-6.38884506667971,-5.74778650409981
9.905,-0.0959878821972175,-6.37355798826234,-5.75287962362205
9.9075,-0.0908934243440065,-6.36846229545656,-5.7579727431443
9.91,-0.0959878821972175,-6.37865368106813,-5.7579727431443
9.9125,-0.0959878821972175,-6.35827090984498,-5.7681589821888
9.915,-0.0959878821972175,-6.35317521703919,-5.76306586266655
9.9175,-0.0959878821972175,-6.35827090984498,-5.74778650409981
9.92,-0.0959878821972175,-6.38374937387392,-5.74778650409981
9.9225,-0.0959878821972175,-6.36336660265077,-5.77325210171105
9.925,-0.101082340050429,-6.36336660265077,-5.7885314602778
9.9275,-0.0959878821972175,-6.35317521703919,-5.78343834075555
9.93,-0.0959878821972175,-6.35827090984498,-5.77325210171105
9.9325,-0.0959878821972175,-6.37355798826234,-5.7681589821888
9.935,-0.0959878821972175,-6.38374937387392,-5.83436953597805
9.9375,-0.0908934243440065,-6.35317521703919,-5.77325210171105
9.94,-0.0959878821972175,-6.35317521703919,-5.8292764164558
9.9425,-0.0959878821972175,-6.37355798826234,-5.69176218935506
9.945,-0.0908934243440065,-6.36336660265077,-5.7783452212333
9.9475,-0.0908934243440065,-6.36846229545656,-5.81399705788905
9.95,-0.0959878821972175,-6.37355798826234,-5.74778650409981
9.9525,-0.0959878821972175,-6.35317521703919,-5.69685530887731
9.955,-0.0959878821972175,-6.38374937387392,-5.78343834075555
9.9575,-0.0959878821972175,-6.37355798826234,-5.7783452212333
9.96,-0.0908934243440065,-6.3939407594855,-5.7987176993223
9.9625,-0.0959878821972175,-6.43980199473759,-5.79362457980005
9.965,-0.0959878821972175,-6.38374937387392,-5.7987176993223
9.9675,-0.0908934243440065,-6.37865368106813,-5.77325210171105
9.97,-0.0959878821972175,-6.37865368106813,-5.65611035269931
9.9725,-0.0959878821972175,-6.38884506667971,-5.69176218935506
9.975,-0.0959878821972175,-6.36336660265077,-5.76306586266655
9.9775,-0.0908934243440065,-6.37865368106813,-5.81399705788905
9.98,-0.0959878821972175,-6.37355798826234,-5.82418329693355
9.9825,-0.0959878821972175,-6.37355798826234,-5.8496488945448
9.985,-0.0908934243440065,-6.36336660265077,-5.74269338457756
9.9875,-0.0959878821972175,-6.37865368106813,-5.74269338457756
9.99,-0.0908934243440065,-6.3480795242334,-5.78343834075555
9.9925,-0.0959878821972175,-6.35827090984498,-5.88020761167829
9.995,-0.0959878821972175,-6.35827090984498,-5.7987176993223
9.9975,-0.0959878821972175,-6.36336660265077,-5.7987176993223
