time,V_ai0,V_ai1,V_ai2
0,-3.68758066871069,-0.0956644515310163,-4.21475752790269
0.0025,-3.66720283729784,-0.0956644515310163,-4.24531624503618
0.005,-3.66210837944463,-0.0905687587252277,-4.23003688646944
0.0075,-3.69776958441711,-0.0956644515310163,-4.27078184264743
0.01,-3.65191946373821,-0.0956644515310163,-4.23513000599169
0.0125,-3.66210837944463,-0.0956644515310163,-4.23513000599169
0.015,-3.646825005885,-0.0956644515310163,-4.27078184264743
0.0175,-3.68758066871069,-0.0956644515310163,-4.25550248408068
0.02,-3.63154163232537,-0.0956644515310163,-9.97507570756694
0.0225,-3.63663609017858,-0.0905687587252277,-4.24531624503618
0.025,-3.63663609017858,-0.0956644515310163,-4.27587496216968
0.0275,-3.63663609017858,-0.0956644515310163,-4.30134055978093
0.03,-3.63663609017858,-0.0956644515310163,-4.23513000599169
0.0325,-3.66210837944463,-0.0956644515310163,-4.24022312551393
0.035,-3.66210837944463,-0.0956644515310163,-4.23003688646944
0.0375,-3.66720283729784,-0.0854730659194392,-4.20966440838044
0.04,-3.66210837944463,-0.0956644515310163,-4.23003688646944
0.0425,-3.62644717447216,-0.0956644515310163,-4.23003688646944
0.045,-3.62135271661895,-0.0956644515310163,-4.23003688646944
0.0475,-3.63154163232537,-0.0956644515310163,-4.22494376694719
0.05,-3.62135271661895,-0.0956644515310163,-4.23003688646944
0.0525,-3.62135271661895,-0.0956644515310163,-4.27078184264743
0.055,-3.62135271661895,-0.0956644515310163,-4.25040936455843
0.0575,-3.62644717447216,-0.0956644515310163,-4.23513000599169
0.06,-3.61625825876574,-0.0905687587252277,-4.23513000599169
0.0625,-3.61625825876574,-0.0956644515310163,-4.23513000599169
0.065,-3.59078596949968,-0.0956644515310163,-4.23003688646944
0.0675,-3.61625825876574,-0.0956644515310163,-4.24022312551393
0.07,-3.61116380091253,-0.0956644515310163,-4.23003688646944
0.0725,-3.61625825876574,-0.0956644515310163,-4.22494376694719
0.075,-3.61116380091253,-0.0956644515310163,-4.25550248408068
0.0775,-3.61625825876574,-0.0956644515310163,-4.27078184264743
0.08,-3.64173054803179,-0.0956644515310163,-4.25550248408068
0.0825,-3.64173054803179,-0.0956644515310163,-4.24022312551393
0.085,-3.60606934305932,-0.0956644515310163,-4.31152679882543
0.0875,-3.61116380091253,-0.0905687587252277,-4.30643367930318
0.09,-3.61625825876574,-0.0956644515310163,-4.24022312551393
0.0925,-3.61625825876574,-0.0956644515310163,-4.24022312551393
0.095,-3.62135271661895,-0.0956644515310163,-4.29624744025868
0.0975,-3.62135271661895,-0.0956644515310163,-4.27078184264743
0.1,-3.62135271661895,-0.0905687587252277,-4.25040936455843
0.1025,-3.62644717447216,-0.0956644515310163,-4.24531624503618
0.105,-3.63154163232537,-0.0956644515310163,-4.25550248408068
0.1075,-3.64173054803179,-0.0956644515310163,-4.24022312551393
0.11,-3.63663609017858,-0.0956644515310163,-4.28096808169193
0.1125,-3.63154163232537,-0.0956644515310163,-4.24022312551393
0.115,-3.63663609017858,-0.0956644515310163,-4.25040936455843
0.1175,-3.63663609017858,-0.0905687587252277,-4.23003688646944
0.12,-3.646825005885,-0.0956644515310163,-4.25040936455843
0.1225,-3.63663609017858,-0.0956644515310163,-4.23003688646944
0.125,-3.64173054803179,-0.0956644515310163,-4.24531624503618
0.1275,-3.63663609017858,-0.0956644515310163,-4.25040936455843
0.13,-3.63663609017858,-0.0956644515310163,-4.23513000599169
0.1325,-3.62644717447216,-0.0956644515310163,-4.23513000599169
0.135,-3.63663609017858,-0.0956644515310163,-4.23513000599169
0.1375,-3.63154163232537,-0.0956644515310163,-4.22494376694719
0.14,-3.64173054803179,-0.0956644515310163,-4.25550248408068
0.1425,-3.63154163232537,-0.0956644515310163,-4.25040936455843
0.145,-3.63154163232537,-0.0956644515310163,-4.25040936455843
0.1475,-3.62644717447216,-0.0956644515310163,-4.24022312551393
0.15,-3.63154163232537,-0.0956644515310163,-4.23513000599169
0.1525,-3.62644717447216,-0.0956644515310163,-4.20966440838044
0.155,-3.63663609017858,-0.0956644515310163,-4.23003688646944
0.1575,-3.62135271661895,-0.0956644515310163,-4.23513000599169
0.16,-3.62135271661895,-0.0956644515310163,-4.25040936455843
0.1625,-3.62135271661895,-0.0956644515310163,-4.22494376694719
0.165,-3.62135271661895,-0.0905687587252277,-4.21985064742494
0.1675,-3.61625825876574,-0.0956644515310163,-4.21475752790269
0.17,-3.61625825876574,-0.0956644515310163,-4.21985064742494
0.1725,-3.61625825876574,-0.0956644515310163,-4.20966440838044
0.175,-3.61625825876574,-0.0956644515310163,-4.20966440838044
0.1775,-3.61625825876574,-0.0956644515310163,-4.19947816933594
0.18,-3.61625825876574,-0.0956644515310163,-4.19947816933594
0.1825,-3.63154163232537,-0.0956644515310163,-4.19947816933594
0.185,-3.62135271661895,-0.0956644515310163,-4.19438504981369
0.1875,-3.61625825876574,-0.0956644515310163,-4.20457128885819
0.19,-3.62135271661895,-0.0956644515310163,-4.19947816933594
0.1925,-3.62135271661895,-0.0956644515310163,-4.19947816933594
0.195,-3.62135271661895,-0.0956644515310163,-4.19947816933594
0.1975,-3.62644717447216,-0.0956644515310163,-4.19947816933594
0.2,-3.62644717447216,-0.0956644515310163,-4.20457128885819
0.2025,-3.63154163232537,-0.0956644515310163,-4.19947816933594
0.205,-3.63154163232537,-0.0956644515310163,-4.19947816933594
0.2075,-3.63154163232537,-0.0956644515310163,-4.19947816933594
0.21,-3.63663609017858,-0.0956644515310163,-4.19438504981369
0.2125,-3.63663609017858,-0.0956644515310163,-4.17910569124694
0.215,-3.64173054803179,-0.0956644515310163,-4.19438504981369
0.2175,-3.646825005885,-0.0956644515310163,-4.20457128885819
0.22,-3.64173054803179,-0.0956644515310163,-4.19438504981369
0.2225,-3.65701392159142,-0.0956644515310163,-4.19438504981369
0.225,-3.67739175300426,-0.0956644515310163,-4.19438504981369
0.2275,-3.66210837944463,-0.0956644515310163,-4.19438504981369
0.23,-3.65191946373821,-0.0956644515310163,-4.19947816933594
0.2325,-3.66210837944463,-0.0956644515310163,-4.18929193029144
0.235,-3.66210837944463,-0.0956644515310163,-4.19947816933594
0.2375,-3.67229729515105,-0.0956644515310163,-4.18929193029144
0.24,-3.67229729515105,-0.0956644515310163,-4.18929193029144
0.2425,-3.68248621085748,-0.0956644515310163,-4.18929193029144
0.245,-3.67739175300426,-0.0956644515310163,-4.18929193029144
0.2475,-3.68758066871069,-0.0956644515310163,-4.19438504981369
0.25,-3.68758066871069,-0.0956644515310163,-4.18419881076919
0.2525,-3.70286404227032,-0.0956644515310163,-4.18419881076919
0.255,-3.69776958441711,-0.0956644515310163,-4.18419881076919
0.2575,-3.70286404227032,-0.0956644515310163,-4.18419881076919
0.26,-3.69776958441711,-0.0956644515310163,-4.18419881076919
0.2625,-3.72324187368316,-0.0956644515310163,-4.17910569124694
0.265,-3.71814741582995,-0.0956644515310163,-4.18929193029144
0.2675,-3.72833633153637,-0.0956644515310163,-4.17910569124694
0.27,-3.75380862080242,-0.0956644515310163,-4.21475752790269
0.2725,-3.74871416294921,-0.0956644515310163,-4.18929193029144
0.275,-3.75890307865563,-0.0956644515310163,-4.18929193029144
0.2775,-3.74871416294921,-0.0956644515310163,-4.19947816933594
0.28,-3.74871416294921,-0.0956644515310163,-4.19438504981369
0.2825,-3.75380862080242,-0.0956644515310163,-4.19947816933594
0.285,-3.75890307865563,-0.0956644515310163,-4.20457128885819
0.2875,-3.76399753650884,-0.0905687587252277,-4.19947816933594
0.29,-3.76909199436206,-0.0956644515310163,-4.21475752790269
0.2925,-3.76909199436206,-0.0905687587252277,-4.20966440838044
0.295,-3.76909199436206,-0.0956644515310163,-4.19438504981369
0.2975,-3.76909199436206,-0.0956644515310163,-4.21475752790269
0.3,-3.77418645221527,-0.0956644515310163,-4.21475752790269
0.3025,-3.76909199436206,-0.0956644515310163,-4.21985064742494
0.305,-3.77418645221527,-0.0956644515310163,-4.21475752790269
0.3075,-3.76909199436206,-0.0956644515310163,-4.23003688646944
0.31,-3.77928091006848,-0.0956644515310163,-4.22494376694719
0.3125,-3.77418645221527,-0.0956644515310163,-4.22494376694719
0.315,-3.77928091006848,-0.0956644515310163,-4.19947816933594
0.3175,-3.77928091006848,-0.0956644515310163,-4.22494376694719
0.32,-3.77928091006848,-0.0956644515310163,-4.20966440838044
0.3225,-3.77418645221527,-0.0956644515310163,-4.20457128885819
0.325,-3.77928091006848,-0.0956644515310163,-4.20966440838044
0.3275,-3.77928091006848,-0.0956644515310163,-4.23003688646944
0.33,-3.77928091006848,-0.0956644515310163,-4.22494376694719
0.3325,-3.76909199436206,-0.0956644515310163,-4.23513000599169
0.335,-3.77418645221527,-0.0956644515310163,-4.19947816933594
0.3375,-3.76399753650884,-0.0956644515310163,-4.23513000599169
0.34,-3.76909199436206,-0.0956644515310163,-4.23003688646944
0.3425,-3.75890307865563,-0.0956644515310163,-4.23003688646944
0.345,-3.75890307865563,-0.0956644515310163,-4.20457128885819
0.3475,-3.75890307865563,-0.0905687587252277,-4.19947816933594
0.35,-3.75380862080242,-0.0956644515310163,-4.20966440838044
0.3525,-3.743619705096,-0.0956644515310163,-4.23003688646944
0.355,-3.743619705096,-0.0956644515310163,-4.20966440838044
0.3575,-3.73343078938958,-0.0956644515310163,-4.20966440838044
0.36,-3.73343078938958,-0.0956644515310163,-4.20966440838044
0.3625,-3.72324187368316,-0.0956644515310163,-4.21475752790269
0.365,-3.71305295797674,-0.0956644515310163,-4.20966440838044
0.3675,-3.70286404227032,-0.0905687587252277,-4.21475752790269
0.37,-3.69776958441711,-0.0956644515310163,-4.20966440838044
0.3725,-3.70795850012353,-0.0956644515310163,-4.21475752790269
0.375,-3.68248621085748,-0.0956644515310163,-4.21475752790269
0.3775,-3.67739175300426,-0.0956644515310163,-4.20966440838044
0.38,-3.67229729515105,-0.0956644515310163,-4.21985064742494
0.3825,-3.67229729515105,-0.0956644515310163,-4.21475752790269
0.385,-3.66720283729784,-0.0956644515310163,-4.21985064742494
0.3875,-3.66210837944463,-0.0956644515310163,-4.19947816933594
0.39,-3.65191946373821,-0.0956644515310163,-4.19438504981369
0.3925,-3.646825005885,-0.0956644515310163,-4.19947816933594
0.395,-3.646825005885,-0.0956644515310163,-4.19438504981369
0.3975,-3.64173054803179,-0.0956644515310163,-4.20457128885819
0.4,-3.63663609017858,-0.0956644515310163,-4.18929193029144
0.4025,-3.63154163232537,-0.0956644515310163,-4.19947816933594
0.405,-3.62644717447216,-0.100760144336805,-4.22494376694719
0.4075,-3.62644717447216,-0.0956644515310163,-4.19438504981369
0.41,-3.62135271661895,-0.0956644515310163,-4.22494376694719
0.4125,-3.61625825876574,-0.0905687587252277,-4.24531624503618
0.415,-3.60606934305932,-0.0956644515310163,-4.19947816933594
0.4175,-3.60097488520611,-0.0956644515310163,-4.19947816933594
0.42,-3.59078596949968,-0.0956644515310163,-4.19947816933594
0.4225,-3.59078596949968,-0.0956644515310163,-4.20966440838044
0.425,-3.58059705379326,-0.0956644515310163,-4.19947816933594
0.4275,-3.58059705379326,-0.0956644515310163,-4.20966440838044
0.43,-3.57040813808684,-0.0956644515310163,-4.20457128885819
0.4325,-3.57550259594005,-0.0956644515310163,-4.19947816933594
0.435,-3.56021922238042,-0.0956644515310163,-4.20457128885819
0.4375,-3.55512476452721,-0.0803773731136506,-4.19438504981369
0.44,-3.54493584882079,-0.0956644515310163,-4.20966440838044
0.4425,-3.54493584882079,-0.0956644515310163,-4.19438504981369
0.445,-3.56021922238042,-0.0956644515310163,-4.19947816933594
0.4475,-3.55512476452721,-0.0956644515310163,-4.19947816933594
0.45,-3.53474693311437,-0.0956644515310163,-4.19947816933594
0.4525,-3.50927464384831,-0.0956644515310163,-4.20457128885819
0.455,-3.52455801740795,-0.0956644515310163,-4.19947816933594
0.4575,-3.48889681243547,-0.0956644515310163,-4.23003688646944
0.46,-3.48380235458226,-0.0956644515310163,-4.23003688646944
0.4625,-3.45833006531621,-0.0956644515310163,-4.22494376694719
0.465,-3.47870789672905,-0.0956644515310163,-4.23003688646944
0.4675,-3.47870789672905,-0.0956644515310163,-4.21985064742494
0.47,-3.47361343887584,-0.0956644515310163,-4.23003688646944
0.4725,-3.453235607463,-0.0956644515310163,-4.18929193029144
0.475,-3.42776331819694,-0.0956644515310163,-4.21985064742494
0.4775,-3.42266886034373,-0.0956644515310163,-4.24022312551393
0.48,-3.42776331819694,-0.0956644515310163,-4.20966440838044
0.4825,-3.40229102893089,-0.0956644515310163,-4.21475752790269
0.485,-3.42266886034373,-0.0956644515310163,-4.20966440838044
0.4875,-3.42266886034373,-0.0956644515310163,-4.20457128885819
0.49,-3.42266886034373,-0.0956644515310163,-4.25040936455843
0.4925,-3.39719657107768,-0.0956644515310163,-4.21475752790269
0.495,-3.39719657107768,-0.0956644515310163,-4.21985064742494
0.4975,-3.40229102893089,-0.0956644515310163,-4.20457128885819
0.5,-3.39719657107768,-0.0956644515310163,-4.21475752790269
0.5025,-3.40229102893089,-0.0956644515310163,-4.17401257172469
0.505,-3.4073854867841,-0.0956644515310163,-4.17401257172469
0.5075,-3.39719657107768,-0.0956644515310163,-4.19947816933594
0.51,-3.4073854867841,-0.0956644515310163,-4.19438504981369
0.5125,-3.40229102893089,-0.0956644515310163,-4.17401257172469
0.515,-3.41247994463731,-0.0956644515310163,-4.18419881076919
0.5175,-3.41757440249052,-0.0956644515310163,-4.19438504981369
0.52,-3.41757440249052,-0.0956644515310163,-4.18419881076919
0.5225,-3.42266886034373,-0.0956644515310163,-4.17910569124694
0.525,-3.43285777605016,-0.0905687587252277,-4.18929193029144
0.5275,-3.43795223390337,-0.0956644515310163,-4.17401257172469
0.53,-3.44814114960979,-0.0956644515310163,-4.20966440838044
0.5325,-3.453235607463,-0.0956644515310163,-4.19947816933594
0.535,-3.46851898102263,-0.0956644515310163,-4.19947816933594
0.5375,-3.46851898102263,-0.0956644515310163,-4.16891945220244
0.54,-3.48380235458226,-0.0956644515310163,-4.15873321315794
0.5425,-3.48380235458226,-0.0905687587252277,-4.19438504981369
0.545,-3.51946355955474,-0.0956644515310163,-4.18929193029144
0.5475,-3.52455801740795,-0.0905687587252277,-4.16891945220244
0.55,-3.50927464384831,-0.0956644515310163,-4.16891945220244
0.5525,-3.51946355955474,-0.0956644515310163,-4.16891945220244
0.555,-3.55512476452721,-0.0956644515310163,-4.17401257172469
0.5575,-3.56021922238042,-0.0956644515310163,-4.16891945220244
0.56,-3.58059705379326,-0.0956644515310163,-4.17910569124694
0.5625,-3.56021922238042,-0.0956644515310163,-4.17910569124694
0.565,-3.58059705379326,-0.0956644515310163,-4.17401257172469
0.5675,-3.60606934305932,-0.0956644515310163,-4.18929193029144
0.57,-3.61116380091253,-0.0956644515310163,-4.17910569124694
0.5725,-3.59078596949968,-0.0956644515310163,-4.18929193029144
0.575,-3.61625825876574,-0.0956644515310163,-4.18419881076919
0.5775,-3.62135271661895,-0.0956644515310163,-4.19947816933594
0.58,-3.62135271661895,-0.0956644515310163,-4.19947816933594
0.5825,-3.63154163232537,-0.0905687587252277,-4.19947816933594
0.585,-3.60097488520611,-0.0956644515310163,-4.20457128885819
0.5875,-3.58059705379326,-0.0956644515310163,-4.19438504981369
0.59,-3.60097488520611,-0.0956644515310163,-4.20457128885819
0.5925,-3.57550259594005,-0.0956644515310163,-4.20457128885819
0.595,-3.57040813808684,-0.0956644515310163,-4.20457128885819
0.5975,-3.550030306674,-0.0956644515310163,-4.21475752790269
0.6,-3.54493584882079,-0.0956644515310163,-4.20966440838044
0.6025,-3.52455801740795,-0.0956644515310163,-4.18929193029144
0.605,-3.51946355955474,-0.0956644515310163,-4.18419881076919
0.6075,-3.42776331819694,-0.0956644515310163,-4.20966440838044
0.61,-3.44304669175658,-0.0956644515310163,-4.21475752790269
0.6125,-3.52455801740795,-0.0956644515310163,-4.20457128885819
0.615,-3.51946355955474,-0.0956644515310163,-4.20966440838044
0.6175,-3.52455801740795,-0.0956644515310163,-4.23003688646944
0.62,-3.42266886034373,-0.0956644515310163,-4.23513000599169
0.6225,-3.453235607463,-0.0956644515310163,-4.20457128885819
0.625,-3.42776331819694,-0.0956644515310163,-4.20966440838044
0.6275,-3.45833006531621,-0.0956644515310163,-4.20966440838044
0.63,-3.453235607463,-0.0905687587252277,-4.23513000599169
0.6325,-3.46342452316942,-0.0956644515310163,-4.24022312551393
0.635,-3.44814114960979,-0.0956644515310163,-4.17910569124694
0.6375,-3.48380235458226,-0.0956644515310163,-4.23003688646944
0.64,-3.46342452316942,-0.0956644515310163,-4.23003688646944
0.6425,-3.46851898102263,-0.0956644515310163,-4.21475752790269
0.645,-3.47870789672905,-0.0956644515310163,-4.23003688646944
0.6475,-3.48889681243547,-0.0905687587252277,-4.21475752790269
0.65,-3.49399127028868,-0.0956644515310163,-4.21475752790269
0.6525,-3.49908572814189,-0.0956644515310163,-4.23003688646944
0.655,-3.50927464384831,-0.0956644515310163,-4.20457128885819
0.6575,-3.5041801859951,-0.0956644515310163,-4.20457128885819
0.66,-3.52965247526116,-0.0956644515310163,-4.19947816933594
0.6625,-3.52965247526116,-0.0854730659194392,-4.20457128885819
0.665,-3.57040813808684,-0.0956644515310163,-4.19947816933594
0.6675,-3.550030306674,-0.0956644515310163,-4.19947816933594
0.67,-3.53984139096758,-0.0956644515310163,-4.20966440838044
0.6725,-3.53984139096758,-0.0956644515310163,-4.19438504981369
0.675,-3.550030306674,-0.0956644515310163,-4.20966440838044
0.6775,-3.56531368023363,-0.0956644515310163,-4.19947816933594
0.68,-3.56531368023363,-0.0956644515310163,-4.19947816933594
0.6825,-3.58059705379326,-0.0956644515310163,-4.20457128885819
0.685,-3.57040813808684,-0.0956644515310163,-4.19947816933594
0.6875,-3.57550259594005,-0.0956644515310163,-4.20966440838044
0.69,-3.58059705379326,-0.0956644515310163,-4.22494376694719
0.6925,-3.60606934305932,-0.0956644515310163,-4.23513000599169
0.695,-3.62644717447216,-0.0956644515310163,-4.19947816933594
0.6975,-3.59078596949968,-0.0956644515310163,-4.19438504981369
0.7,-3.60097488520611,-0.0956644515310163,-4.19947816933594
0.7025,-3.61116380091253,-0.0956644515310163,-4.19438504981369
0.705,-3.60097488520611,-0.0956644515310163,-4.19438504981369
0.7075,-3.62644717447216,-0.0956644515310163,-4.18929193029144
0.71,-3.65191946373821,-0.0956644515310163,-4.17910569124694
0.7125,-3.65701392159142,-0.0956644515310163,-4.18419881076919
0.715,-3.65701392159142,-0.0956644515310163,-4.17401257172469
0.7175,-3.67229729515105,-0.0956644515310163,-4.18929193029144
0.72,-3.71814741582995,-0.0956644515310163,-4.17401257172469
0.7225,-3.71814741582995,-0.0956644515310163,-4.18419881076919
0.725,-3.72324187368316,-0.0956644515310163,-4.17910569124694
0.7275,-3.75380862080242,-0.0956644515310163,-4.17401257172469
0.73,-3.743619705096,-0.0956644515310163,-4.21475752790269
0.7325,-3.76399753650884,-0.0956644515310163,-4.19947816933594
0.735,-3.77418645221527,-0.0956644515310163,-4.20457128885819
0.7375,-3.78437536792169,-0.0956644515310163,-4.19947816933594
0.74,-3.80475319933453,-0.0956644515310163,-4.19947816933594
0.7425,-3.840414404307,-0.0905687587252277,-4.19947816933594
0.745,-3.85060332001342,-0.0956644515310163,-4.19438504981369
0.7475,-3.86588669357306,-0.0956644515310163,-4.20457128885819
0.75,-3.85060332001342,-0.0956644515310163,-4.19438504981369
0.7525,-3.87607560927948,-0.0956644515310163,-4.19947816933594
0.755,-3.88117006713269,-0.0956644515310163,-4.19947816933594
0.7575,-3.89645344069232,-0.0956644515310163,-4.19438504981369
0.76,-3.93720910351801,-0.0905687587252277,-4.19947816933594
0.7625,-3.92702018781158,-0.0956644515310163,-4.19947816933594
0.765,-3.92702018781158,-0.0956644515310163,-4.20457128885819
0.7675,-3.92702018781158,-0.0956644515310163,-4.20457128885819
0.77,-3.92702018781158,-0.0956644515310163,-4.19947816933594
0.7725,-3.94739801922443,-0.0905687587252277,-4.21475752790269
0.775,-3.94739801922443,-0.0956644515310163,-4.20966440838044
0.7775,-3.95758693493085,-0.0956644515310163,-4.21475752790269
0.78,-3.95758693493085,-0.0956644515310163,-4.21475752790269
0.7825,-3.97287030849048,-0.0956644515310163,-4.21475752790269
0.785,-3.97796476634369,-0.0956644515310163,-4.22494376694719
0.7875,-3.99324813990332,-0.0956644515310163,-4.21475752790269
0.79,-4.01872042916937,-0.0956644515310163,-4.23003688646944
0.7925,-4.00853151346295,-0.100760144336805,-4.21475752790269
0.795,-4.0289093448758,-0.0956644515310163,-4.22494376694719
0.7975,-4.03909826058222,-0.0956644515310163,-4.21985064742494
0.8,-4.04928717628864,-0.0905687587252277,-4.24022312551393
0.8025,-4.06457054984827,-0.0956644515310163,-4.27078184264743
0.805,-4.07475946555469,-0.0956644515310163,-4.26059560360293
0.8075,-4.08494838126111,-0.0956644515310163,-4.27078184264743
0.81,-4.09513729696753,-0.0956644515310163,-4.23003688646944
0.8125,-4.14098741764643,-0.0956644515310163,-4.23513000599169
0.815,-4.11551512838038,-0.0956644515310163,-4.24022312551393
0.8175,-4.14608187549964,-0.0956644515310163,-4.23003688646944
0.82,-4.1257040440868,-0.0956644515310163,-4.21475752790269
0.8225,-4.15627079120606,-0.0956644515310163,-4.19947816933594
0.825,-4.21740428544459,-0.0956644515310163,-4.29115432073643
0.8275,-4.19702645403174,-0.0956644515310163,-4.24531624503618
0.83,-4.1766486226189,-0.0956644515310163,-4.23513000599169
0.8325,-4.20721536973817,-0.0956644515310163,-4.24531624503618
0.835,-4.18174308047211,-0.0956644515310163,-4.23513000599169
0.8375,-4.17155416476569,-0.0956644515310163,-4.24531624503618
0.84,-4.18683753832532,-0.0956644515310163,-4.21475752790269
0.8425,-4.18174308047211,-0.0956644515310163,-4.24022312551393
0.845,-4.21740428544459,-0.0956644515310163,-4.25040936455843
0.8475,-4.21230982759138,-0.0956644515310163,-4.24022312551393
0.85,-4.13589295979322,-0.0956644515310163,-4.25040936455843
0.8525,-4.14098741764643,-0.0956644515310163,-4.24531624503618
0.855,-4.11551512838038,-0.0956644515310163,-4.25040936455843
0.8575,-4.10023175482074,-0.0956644515310163,-4.25550248408068
0.86,-4.10023175482074,-0.0956644515310163,-4.24531624503618
0.8625,-4.09004283911432,-0.0956644515310163,-4.23003688646944
0.865,-4.09513729696753,-0.0956644515310163,-4.24531624503618
0.8675,-4.08494838126111,-0.0956644515310163,-9.97507570756694
0.87,-4.0798539234079,-0.0956644515310163,-4.23003688646944
0.8725,-4.07475946555469,-0.0956644515310163,-4.28606120121418
0.875,-4.06966500770148,-0.0956644515310163,-4.28606120121418
0.8775,-4.05438163414185,-0.0956644515310163,-4.28096808169193
0.88,-4.04419271843543,-0.0956644515310163,-4.25550248408068
0.8825,-4.03909826058222,-0.0956644515310163,-4.25550248408068
0.885,-4.0289093448758,-0.0905687587252277,-4.25550248408068
0.8875,-4.02381488702258,-0.0956644515310163,-4.26059560360293
0.89,-4.01362597131616,-0.0956644515310163,-4.23003688646944
0.8925,-4.00853151346295,-0.0956644515310163,-4.23513000599169
0.895,-3.99324813990332,-0.0956644515310163,-4.25040936455843
0.8975,-3.98815368205011,-0.0956644515310163,-4.26059560360293
0.9,-3.9830592241969,-0.0956644515310163,-4.25550248408068
0.9025,-3.97796476634369,-0.0905687587252277,-4.25040936455843
0.905,-3.95758693493085,-0.0905687587252277,-4.25550248408068
0.9075,-3.95249247707764,-0.0956644515310163,-4.24531624503618
0.91,-3.93211464566479,-0.0956644515310163,-4.25040936455843
0.9125,-3.92702018781158,-0.0956644515310163,-4.24531624503618
0.915,-3.93211464566479,-0.0905687587252277,-4.24531624503618
0.9175,-3.92702018781158,-0.0956644515310163,-4.24531624503618
0.92,-3.90664235639874,-0.0956644515310163,-4.24022312551393
0.9225,-3.87607560927948,-0.0956644515310163,-4.24531624503618
0.925,-3.85569777786664,-0.0956644515310163,-4.23513000599169
0.9275,-3.86588669357306,-0.0956644515310163,-4.23003688646944
0.93,-3.82003657289416,-0.0956644515310163,-4.23003688646944
0.9325,-3.80984765718774,-0.0956644515310163,-4.24531624503618
0.935,-3.82003657289416,-0.0956644515310163,-4.25550248408068
0.9375,-3.80984765718774,-0.0956644515310163,-4.25040936455843
0.94,-3.79456428362811,-0.0956644515310163,-4.23003688646944
0.9425,-3.743619705096,-0.0956644515310163,-4.21985064742494
0.945,-3.73852524724279,-0.0956644515310163,-4.21985064742494
0.9475,-3.66720283729784,-0.0956644515310163,-4.22494376694719
0.95,-3.66720283729784,-0.0956644515310163,-4.21985064742494
0.9525,-3.65191946373821,-0.0956644515310163,-4.22494376694719
0.955,-3.64173054803179,-0.0956644515310163,-4.21985064742494
0.9575,-3.65191946373821,-0.0956644515310163,-4.21985064742494
0.96,-3.64173054803179,-0.0956644515310163,-4.21985064742494
0.9625,-3.63154163232537,-0.0956644515310163,-4.20966440838044
0.965,-3.59078596949968,-0.0956644515310163,-4.21475752790269
0.9675,-3.57040813808684,-0.0956644515310163,-4.22494376694719
0.97,-3.56531368023363,-0.0956644515310163,-4.22494376694719
0.9725,-3.55512476452721,-0.0956644515310163,-4.21985064742494
0.975,-3.550030306674,-0.0956644515310163,-4.21475752790269
0.9775,-3.52965247526116,-0.0956644515310163,-4.21985064742494
0.98,-3.52455801740795,-0.0956644515310163,-4.21475752790269
0.9825,-3.50927464384831,-0.0956644515310163,-4.21985064742494
0.985,-3.50927464384831,-0.0905687587252277,-4.21475752790269
0.9875,-3.49399127028868,-0.0956644515310163,-4.21475752790269
0.99,-3.48380235458226,-0.0956644515310163,-4.21475752790269
0.9925,-3.46851898102263,-0.0956644515310163,-4.20457128885819
0.995,-3.49399127028868,-0.0956644515310163,-4.23513000599169
0.9975,-3.453235607463,-0.0854730659194392,-4.17910569124694
1,-3.453235607463,-0.0956644515310163,-4.18419881076919
1.0025,-3.41757440249052,-0.0956644515310163,-4.18419881076919
1.005,-3.43285777605016,-0.0956644515310163,-4.17401257172469
1.0075,-3.44814114960979,-0.0956644515310163,-4.18929193029144
1.01,-3.43795223390337,-0.0956644515310163,-4.16891945220244
1.0125,-3.40229102893089,-0.0956644515310163,-4.20457128885819
1.015,-3.39210211322447,-0.0956644515310163,-4.19947816933594
1.0175,-3.38700765537126,-0.0956644515310163,-4.19947816933594
1.02,-3.38191319751805,-0.0956644515310163,-4.19947816933594
1.0225,-3.38191319751805,-0.0956644515310163,-4.19438504981369
1.025,-3.37172428181163,-0.0956644515310163,-4.20457128885819
1.0275,-3.37172428181163,-0.0956644515310163,-4.19438504981369
1.03,-3.33606307683915,-0.0905687587252277,-4.17401257172469
1.0325,-3.36153536610521,-0.0956644515310163,-4.16891945220244
1.035,-3.35134645039879,-0.0956644515310163,-4.16891945220244
1.0375,-3.35134645039879,-0.0956644515310163,-4.17401257172469
1.04,-3.34115753469236,-0.0956644515310163,-4.16382633268019
1.0425,-3.34115753469236,-0.0956644515310163,-4.16891945220244
1.045,-3.33606307683915,-0.100760144336805,-4.16382633268019
1.0475,-3.36662982395842,-0.0956644515310163,-4.18929193029144
1.05,-3.33606307683915,-0.0956644515310163,-4.16891945220244
1.0525,-3.33606307683915,-0.0956644515310163,-4.15364009363569
1.055,-3.31568524542631,-0.0956644515310163,-4.16891945220244
1.0575,-3.33606307683915,-0.0956644515310163,-4.17910569124694
1.06,-3.33606307683915,-0.0956644515310163,-4.18419881076919
1.0625,-3.34115753469236,-0.0956644515310163,-4.17910569124694
1.065,-3.34625199254558,-0.0956644515310163,-4.15364009363569
1.0675,-3.37681873966484,-0.0956644515310163,-4.15873321315794
1.07,-3.38191319751805,-0.0956644515310163,-4.15364009363569
1.0725,-3.36662982395842,-0.0956644515310163,-4.15873321315794
1.075,-3.37681873966484,-0.0956644515310163,-4.15873321315794
1.0775,-3.38700765537126,-0.0956644515310163,-4.17910569124694
1.08,-3.38700765537126,-0.0956644515310163,-4.17910569124694
1.0825,-3.40229102893089,-0.0956644515310163,-4.19438504981369
1.085,-3.44304669175658,-0.0956644515310163,-4.20457128885819
1.0875,-3.453235607463,-0.0956644515310163,-4.19438504981369
1.09,-3.43795223390337,-0.0956644515310163,-4.16891945220244
1.0925,-3.44304669175658,-0.0956644515310163,-4.16891945220244
1.095,-3.46342452316942,-0.0956644515310163,-4.16891945220244
1.0975,-3.46342452316942,-0.0956644515310163,-4.17401257172469
1.1,-3.47870789672905,-0.0956644515310163,-4.16891945220244
1.1025,-3.48380235458226,-0.0956644515310163,-4.17910569124694
1.105,-3.49908572814189,-0.0956644515310163,-4.18419881076919
1.1075,-3.50927464384831,-0.0956644515310163,-4.18419881076919
1.11,-3.52455801740795,-0.0956644515310163,-4.18929193029144
1.1125,-3.53474693311437,-0.0956644515310163,-4.17910569124694
1.115,-3.54493584882079,-0.0956644515310163,-4.18929193029144
1.1175,-3.550030306674,-0.0956644515310163,-4.18929193029144
1.12,-3.57040813808684,-0.0956644515310163,-4.19438504981369
1.1225,-3.57550259594005,-0.0956644515310163,-4.19947816933594
1.125,-3.59078596949968,-0.0956644515310163,-4.18929193029144
1.1275,-3.60097488520611,-0.0956644515310163,-4.19438504981369
1.13,-3.62135271661895,-0.0956644515310163,-4.18419881076919
1.1325,-3.62644717447216,-0.0956644515310163,-4.26059560360293
1.135,-3.64173054803179,-0.0956644515310163,-4.23003688646944
1.1375,-3.65191946373821,-0.0956644515310163,-4.19947816933594
1.14,-3.68758066871069,-0.0956644515310163,-4.19947816933594
1.1425,-3.69776958441711,-0.0956644515310163,-4.19438504981369
1.145,-3.70286404227032,-0.0956644515310163,-4.19438504981369
1.1475,-3.743619705096,-0.0956644515310163,-4.21475752790269
1.15,-3.74871416294921,-0.0956644515310163,-4.26059560360293
1.1525,-3.74871416294921,-0.0956644515310163,-4.21475752790269
1.155,-0.0959878821972175,-0.100760144336805,-4.20966440838044
1.1575,-0.0908934243440065,-0.0956644515310163,-4.19438504981369
1.16,-0.0959878821972175,-0.0956644515310163,-4.18419881076919
1.1625,-3.81494211504095,-0.0956644515310163,-4.16891945220244
1.165,-3.81494211504095,-0.0956644515310163,-4.18929193029144
1.1675,-3.80475319933453,-0.0956644515310163,-4.18929193029144
1.17,-3.80475319933453,-0.0956644515310163,-4.19947816933594
1.1725,-3.82003657289416,-0.0956644515310163,-4.18929193029144
1.175,-3.82003657289416,-0.0956644515310163,-4.19438504981369
1.1775,-3.83022548860058,-0.0956644515310163,-4.18929193029144
1.18,-3.85569777786664,-0.0956644515310163,-4.19438504981369
1.1825,-3.86588669357306,-0.0956644515310163,-4.18929193029144
1.185,-3.84550886216021,-0.0956644515310163,-4.18419881076919
1.1875,-3.85569777786664,-0.0956644515310163,-4.19438504981369
1.19,-3.85569777786664,-0.0956644515310163,-4.19438504981369
1.1925,-3.86588669357306,-0.0956644515310163,-4.16891945220244
1.195,-3.86588669357306,-0.0956644515310163,-4.19438504981369
1.1975,-3.87607560927948,-0.0956644515310163,-4.18929193029144
1.2,-3.91173681425195,-0.0905687587252277,-4.19947816933594
1.2025,-3.90664235639874,-0.0956644515310163,-4.21475752790269
1.205,-3.93211464566479,-0.0956644515310163,-4.18419881076919
1.2075,-3.93211464566479,-0.0956644515310163,-4.16891945220244
1.21,-3.97796476634369,-0.0956644515310163,-4.19947816933594
1.2125,-3.92702018781158,-0.0956644515310163,-4.20457128885819
1.215,-3.94230356137122,-0.0956644515310163,-4.20457128885819
1.2175,-3.91173681425195,-0.0956644515310163,-4.21475752790269
1.22,-3.91683127210516,-0.0956644515310163,-4.23513000599169
1.2225,-3.94230356137122,-0.0956644515310163,-4.19947816933594
1.225,-3.94739801922443,-0.0956644515310163,-4.21985064742494
1.2275,-3.94230356137122,-0.0956644515310163,-4.22494376694719
1.23,-3.94739801922443,-0.0956644515310163,-4.23003688646944
1.2325,-3.95758693493085,-0.0956644515310163,-4.19947816933594
1.235,-3.96268139278406,-0.0956644515310163,-4.18419881076919
1.2375,-3.93211464566479,-0.0956644515310163,-4.20457128885819
1.24,-3.97287030849048,-0.0956644515310163,-4.25040936455843
1.2425,-3.95249247707764,-0.0956644515310163,-4.22494376694719
1.245,-3.97796476634369,-0.0956644515310163,-4.19438504981369
1.2475,-3.96777585063727,-0.0905687587252277,-4.20457128885819
1.25,-3.93720910351801,-0.0956644515310163,-4.19438504981369
1.2525,-3.92702018781158,-0.0956644515310163,-4.20966440838044
1.255,-3.92702018781158,-0.0956644515310163,-4.19947816933594
1.2575,-3.94739801922443,-0.0956644515310163,-4.19947816933594
1.26,-3.91683127210516,-0.0956644515310163,-4.20457128885819
1.2625,-3.89135898283911,-0.0956644515310163,-4.20457128885819
1.265,-3.88117006713269,-0.0956644515310163,-4.20966440838044
1.2675,-3.90154789854553,-0.0905687587252277,-4.24531624503618
1.27,-3.89135898283911,-0.0956644515310163,-4.22494376694719
1.2725,-3.88117006713269,-0.100760144336805,-4.25040936455843
1.275,-3.90154789854553,-0.0956644515310163,-4.21985064742494
1.2775,-3.86079223571985,-0.0956644515310163,-4.23003688646944
1.28,-3.84550886216021,-0.0956644515310163,-4.18929193029144
1.2825,-3.83531994645379,-0.0956644515310163,-4.19947816933594
1.285,-3.83022548860058,-0.0956644515310163,-4.23003688646944
1.2875,-3.79965874148132,-0.0956644515310163,-4.20966440838044
1.29,-3.78437536792169,-0.0956644515310163,-4.20966440838044
1.2925,-3.77928091006848,-0.0956644515310163,-4.20457128885819
1.295,-3.76909199436206,-0.0956644515310163,-4.21475752790269
1.2975,-3.76399753650884,-0.0854730659194392,-4.20966440838044
1.3,-3.75380862080242,-0.0956644515310163,-4.24531624503618
1.3025,-3.743619705096,-0.0956644515310163,-4.27078184264743
1.305,-3.72833633153637,-0.0956644515310163,-4.19947816933594
1.3075,-3.72324187368316,-0.0956644515310163,-4.20966440838044
1.31,-3.70795850012353,-0.0956644515310163,-4.20457128885819
1.3125,-3.70286404227032,-0.0956644515310163,-4.21475752790269
1.315,-3.68248621085748,-0.0956644515310163,-4.21475752790269
1.3175,-3.68248621085748,-0.0956644515310163,-4.21985064742494
1.32,-3.66210837944463,-0.0956644515310163,-4.21985064742494
1.3225,-3.65191946373821,-0.0956644515310163,-4.21985064742494
1.325,-3.63154163232537,-0.0956644515310163,-4.23513000599169
1.3275,-3.62644717447216,-0.0956644515310163,-4.23003688646944
1.33,-3.60606934305932,-0.0956644515310163,-4.24022312551393
1.3325,-3.60097488520611,-0.0956644515310163,-4.24022312551393
1.335,-3.58569151164647,-0.0956644515310163,-4.23513000599169
1.3375,-3.60097488520611,-0.0956644515310163,-4.24022312551393
1.34,-3.56531368023363,-0.0956644515310163,-4.24531624503618
1.3425,-3.550030306674,-0.0956644515310163,-4.25040936455843
1.345,-3.53984139096758,-0.0956644515310163,-4.24531624503618
1.3475,-3.52965247526116,-0.0956644515310163,-4.25040936455843
1.35,-3.52455801740795,-0.0956644515310163,-4.25550248408068
1.3525,-3.53984139096758,-0.0956644515310163,-4.24531624503618
1.355,-3.52965247526116,-0.0905687587252277,-4.25550248408068
1.3575,-3.51946355955474,-0.0956644515310163,-4.24022312551393
1.36,-3.46342452316942,-0.0956644515310163,-4.25040936455843
1.3625,-3.453235607463,-0.0956644515310163,-4.21985064742494
1.365,-3.44814114960979,-0.0956644515310163,-4.24531624503618
1.3675,-3.43795223390337,-0.0956644515310163,-4.25040936455843
1.37,-3.41247994463731,-0.0956644515310163,-4.25040936455843
1.3725,-3.39719657107768,-0.0956644515310163,-4.28096808169193
1.375,-3.39719657107768,-0.0956644515310163,-4.24531624503618
1.3775,-3.38700765537126,-0.0956644515310163,-4.24022312551393
1.38,-3.38700765537126,-0.0956644515310163,-4.24531624503618
1.3825,-3.38700765537126,-0.0956644515310163,-4.24022312551393
1.385,-3.37172428181163,-0.0956644515310163,-4.24022312551393
1.3875,-3.37681873966484,-0.0956644515310163,-4.23513000599169
1.39,-3.37681873966484,-0.0956644515310163,-4.23513000599169
1.3925,-3.37172428181163,-0.0956644515310163,-4.23513000599169
1.395,-3.41247994463731,-0.0956644515310163,-4.23003688646944
1.3975,-3.39210211322447,-0.0956644515310163,-4.24022312551393
1.4,-3.41757440249052,-0.0956644515310163,-4.23513000599169
1.4025,-3.42266886034373,-0.0956644515310163,-4.24531624503618
1.405,-3.42266886034373,-0.0956644515310163,-4.23513000599169
1.4075,-3.43285777605016,-0.0905687587252277,-4.23513000599169
1.41,-3.42266886034373,-0.0956644515310163,-4.23513000599169
1.4125,-3.46342452316942,-0.0956644515310163,-4.23003688646944
1.415,-3.46851898102263,-0.0905687587252277,-4.23513000599169
1.4175,-3.45833006531621,-0.0956644515310163,-4.23003688646944
1.42,-3.45833006531621,-0.0956644515310163,-4.23003688646944
1.4225,-3.45833006531621,-0.0956644515310163,-4.23003688646944
1.425,-0.101082340050429,-0.0956644515310163,-4.26059560360293
1.4275,-0.0959878821972175,-0.0956644515310163,-4.21475752790269
1.43,-0.0959878821972175,-0.0956644515310163,-4.26059560360293
1.4325,-0.0959878821972175,-0.0956644515310163,-4.26059560360293
1.435,-0.0908934243440065,-0.0956644515310163,-4.25550248408068
1.4375,-0.0959878821972175,-0.0956644515310163,-4.25040936455843
1.44,-0.0908934243440065,-0.0956644515310163,-4.25550248408068
1.4425,-0.0959878821972175,-0.0956644515310163,-4.21985064742494
1.445,-0.0959878821972175,-0.0905687587252277,-4.22494376694719
1.4475,-0.0959878821972175,-0.0956644515310163,-4.21475752790269
1.45,-0.0908934243440065,-0.0956644515310163,-4.21475752790269
1.4525,-0.0959878821972175,-0.100760144336805,-4.21475752790269
1.455,-0.0908934243440065,-0.0956644515310163,-4.20457128885819
1.4575,-0.0959878821972175,-0.0956644515310163,-4.21475752790269
1.46,-0.0959878821972175,-0.0956644515310163,-4.20457128885819
1.4625,-0.0908934243440065,-0.0956644515310163,-4.20966440838044
1.465,-0.0959878821972175,-0.0905687587252277,-4.17910569124694
1.4675,-0.0959878821972175,-0.0956644515310163,-4.25040936455843
1.47,-3.8862645249859,-0.0956644515310163,-4.22494376694719
1.4725,-3.94739801922443,-0.0956644515310163,-4.21475752790269
1.475,-3.94739801922443,-0.0956644515310163,-4.16382633268019
1.4775,-3.97796476634369,-0.0956644515310163,-4.17910569124694
1.48,-3.94739801922443,-0.0905687587252277,-4.17910569124694
1.4825,-3.97796476634369,-0.0956644515310163,-4.25040936455843
1.485,-3.94739801922443,-0.0956644515310163,-4.20966440838044
1.4875,-3.97796476634369,-0.100760144336805,-4.20966440838044
1.49,-3.99834259775653,-0.0956644515310163,-4.19947816933594
1.4925,-3.97796476634369,-0.0956644515310163,-4.19947816933594
1.495,-3.97287030849048,-0.0956644515310163,-4.19438504981369
1.4975,-3.97796476634369,-0.0956644515310163,-4.15873321315794
1.5,-3.94739801922443,-0.0956644515310163,-4.16891945220244
1.5025,-4.03400380272901,-0.0956644515310163,-4.15364009363569
1.505,-3.99324813990332,-0.0956644515310163,-4.28096808169193
1.5075,-3.97796476634369,-0.0956644515310163,-4.15873321315794
1.51,-4.0289093448758,-0.0956644515310163,-4.15364009363569
1.5125,-4.0289093448758,-0.0956644515310163,-4.15873321315794
1.515,-4.0289093448758,-0.0905687587252277,-4.17910569124694
1.5175,-0.0959878821972175,-0.0956644515310163,-4.17910569124694
1.52,-0.0959878821972175,-0.0956644515310163,-4.25550248408068
1.5225,-0.0959878821972175,-0.0956644515310163,-4.21475752790269
1.525,-0.0908934243440065,-0.0956644515310163,-4.15873321315794
1.5275,-0.0959878821972175,-0.0956644515310163,-4.14854697411344
1.53,-0.0908934243440065,-0.0956644515310163,-4.15364009363569
1.5325,-0.0959878821972175,-0.0956644515310163,-4.16891945220244
1.535,-0.0959878821972175,-0.0956644515310163,-4.19438504981369
1.5375,-0.0857989664907954,-0.0956644515310163,-4.18419881076919
1.54,-0.0959878821972175,-0.0956644515310163,-4.14854697411344
1.5425,-0.0857989664907954,-0.0956644515310163,-4.23003688646944
1.545,-0.0959878821972175,-0.0956644515310163,-4.18929193029144
1.5475,-3.77928091006848,-0.0956644515310163,-4.16891945220244
1.55,-3.76909199436206,-0.0905687587252277,-4.21475752790269
1.5525,-3.743619705096,-0.0956644515310163,-4.21475752790269
1.555,-3.77928091006848,-0.0956644515310163,-4.21475752790269
1.5575,-3.77418645221527,-0.0956644515310163,-4.20966440838044
1.56,-3.75890307865563,-0.0956644515310163,-4.18929193029144
1.5625,-3.75890307865563,-0.0956644515310163,-4.17910569124694
1.565,-3.72324187368316,-0.0956644515310163,-4.17401257172469
1.5675,-3.72324187368316,-0.0956644515310163,-4.17401257172469
1.57,-3.71305295797674,-0.0956644515310163,-4.16891945220244
1.5725,-3.73852524724279,-0.0956644515310163,-4.17910569124694
1.575,-3.72833633153637,-0.0956644515310163,-4.16891945220244
1.5775,-3.70286404227032,-0.0956644515310163,-4.16891945220244
1.58,-3.69776958441711,-0.0956644515310163,-4.19438504981369
1.5825,-3.69776958441711,-0.0905687587252277,-4.19947816933594
1.585,-3.68758066871069,-0.0956644515310163,-4.20966440838044
1.5875,-3.68758066871069,-0.0956644515310163,-4.18929193029144
1.59,-3.70795850012353,-0.0956644515310163,-4.21475752790269
1.5925,-3.66720283729784,-0.0956644515310163,-4.18929193029144
1.595,-3.66720283729784,-0.0956644515310163,-4.20457128885819
1.5975,-3.65701392159142,-0.0956644515310163,-4.24022312551393
1.6,-3.66210837944463,-0.0956644515310163,-4.18419881076919
1.6025,-3.65191946373821,-0.0956644515310163,-4.19438504981369
1.605,-3.646825005885,-0.0905687587252277,-4.16382633268019
1.6075,-3.64173054803179,-0.0956644515310163,-4.18419881076919
1.61,-3.64173054803179,-0.0956644515310163,-4.15364009363569
1.6125,-3.63663609017858,-0.0956644515310163,-4.16891945220244
1.615,-3.63663609017858,-0.0956644515310163,-4.16891945220244
1.6175,-3.63154163232537,-0.0956644515310163,-4.15873321315794
1.62,-3.63663609017858,-0.0956644515310163,-4.16891945220244
1.6225,-3.62644717447216,-0.0956644515310163,-4.14854697411344
1.625,-3.63154163232537,-0.0956644515310163,-4.17401257172469
1.6275,-3.62644717447216,-0.0956644515310163,-4.18419881076919
1.63,-3.63663609017858,-0.0956644515310163,-4.17401257172469
1.6325,-3.62644717447216,-0.0956644515310163,-4.16891945220244
1.635,-3.63154163232537,-0.0956644515310163,-4.19947816933594
1.6375,-3.62135271661895,-0.0956644515310163,-4.20966440838044
1.64,-3.646825005885,-0.0956644515310163,-4.19947816933594
1.6425,-3.59588042735289,-0.0956644515310163,-4.19438504981369
1.645,-3.59588042735289,-0.0956644515310163,-4.17910569124694
1.6475,-3.58569151164647,-0.0956644515310163,-4.17401257172469
1.65,-3.59078596949968,-0.0956644515310163,-4.17910569124694
1.6525,-3.58059705379326,-0.0956644515310163,-4.18929193029144
1.655,-3.58059705379326,-0.0956644515310163,-4.17910569124694
1.6575,-3.60097488520611,-0.0956644515310163,-4.19438504981369
1.66,-3.56021922238042,-0.0956644515310163,-4.18419881076919
1.6625,-3.58059705379326,-0.0956644515310163,-4.19438504981369
1.665,-3.57040813808684,-0.0956644515310163,-4.19438504981369
1.6675,-3.57550259594005,-0.0956644515310163,-4.19438504981369
1.67,-3.56531368023363,-0.0956644515310163,-4.20457128885819
1.6725,-3.56531368023363,-0.0956644515310163,-4.19947816933594
1.675,-3.57550259594005,-0.0956644515310163,-4.21475752790269
1.6775,-3.57550259594005,-0.0956644515310163,-4.20966440838044
1.68,-3.53984139096758,-0.0956644515310163,-4.21475752790269
1.6825,-3.53474693311437,-0.0956644515310163,-4.21985064742494
1.685,-3.52965247526116,-0.0956644515310163,-4.21475752790269
1.6875,-3.52455801740795,-0.0956644515310163,-4.23003688646944
1.69,-3.53474693311437,-0.0956644515310163,-4.19947816933594
1.6925,-3.53984139096758,-0.0956644515310163,-4.20966440838044
1.695,-3.53474693311437,-0.0956644515310163,-4.21475752790269
1.6975,-0.101082340050429,-0.0956644515310163,-4.20966440838044
1.7,-0.0959878821972175,-0.0956644515310163,-4.21985064742494
1.7025,-3.5041801859951,-0.0956644515310163,-4.25040936455843
1.705,-3.51946355955474,-0.0956644515310163,-4.23513000599169
1.7075,-3.51946355955474,-0.0956644515310163,-4.29115432073643
1.71,-3.56021922238042,-0.0956644515310163,-4.29115432073643
1.7125,-3.48380235458226,-0.0956644515310163,-4.25040936455843
1.715,-3.51946355955474,-0.0905687587252277,-4.24531624503618
1.7175,-3.48889681243547,-0.0956644515310163,-4.25040936455843
1.72,-3.52965247526116,-0.0956644515310163,-4.25040936455843
1.7225,-3.49908572814189,-0.0956644515310163,-4.25040936455843
1.725,-3.49399127028868,-0.0956644515310163,-4.26059560360293
1.7275,-3.48380235458226,-0.0956644515310163,-4.23003688646944
1.73,-3.48889681243547,-0.0956644515310163,-4.24531624503618
1.7325,-3.47870789672905,-0.0956644515310163,-4.21475752790269
1.735,-3.47870789672905,-0.0956644515310163,-4.25040936455843
1.7375,-3.46851898102263,-0.0956644515310163,-4.28096808169193
1.74,-3.49908572814189,-0.0956644515310163,-4.27587496216968
1.7425,-3.46851898102263,-0.0956644515310163,-4.31152679882543
1.745,-3.49908572814189,-0.0956644515310163,-4.25550248408068
1.7475,-3.49399127028868,-0.0956644515310163,-4.27078184264743
1.75,-3.46851898102263,-0.0956644515310163,-4.27078184264743
1.7525,-3.46342452316942,-0.0956644515310163,-4.27078184264743
1.755,-3.51946355955474,-0.0956644515310163,-4.28096808169193
1.7575,-3.48380235458226,-0.0956644515310163,-4.27587496216968
1.76,-3.48380235458226,-0.0956644515310163,-4.28606120121418
1.7625,-3.48380235458226,-0.0956644515310163,-4.25550248408068
1.765,-3.49908572814189,-0.0956644515310163,-4.26059560360293
1.7675,-3.49908572814189,-0.0956644515310163,-4.27078184264743
1.77,-3.50927464384831,-0.0956644515310163,-4.29624744025868
1.7725,-3.50927464384831,-0.0956644515310163,-4.28096808169193
1.775,-3.51946355955474,-0.0956644515310163,-4.27587496216968
1.7775,-3.51946355955474,-0.0956644515310163,-4.28606120121418
1.78,-3.52965247526116,-0.0956644515310163,-4.28606120121418
1.7825,-3.53474693311437,-0.0956644515310163,-4.26059560360293
1.785,-3.54493584882079,-0.0956644515310163,-4.30134055978093
1.7875,-3.550030306674,-0.0956644515310163,-4.27078184264743
1.79,-3.56021922238042,-0.0956644515310163,-4.27078184264743
1.7925,-3.57040813808684,-0.0956644515310163,-4.27587496216968
1.795,-3.60097488520611,-0.100760144336805,-4.27587496216968
1.7975,-3.60606934305932,-0.0956644515310163,-4.28606120121418
1.8,-3.58569151164647,-0.0956644515310163,-4.28096808169193
1.8025,-3.59588042735289,-0.0905687587252277,-4.29115432073643
1.805,-3.60097488520611,-0.0956644515310163,-4.28606120121418
1.8075,-3.63663609017858,-0.0956644515310163,-4.31661991834768
1.81,-3.62135271661895,-0.0956644515310163,-4.32171303786993
1.8125,-3.66210837944463,-0.0956644515310163,-4.36245799404792
1.815,-3.63663609017858,-0.0956644515310163,-4.34208551595893
1.8175,-3.67229729515105,-0.0956644515310163,-4.33699239643668
1.82,-3.69776958441711,-0.0956644515310163,-4.33699239643668
1.8225,-3.67739175300426,-0.0956644515310163,-4.31661991834768
1.825,-3.68248621085748,-0.0956644515310163,-4.33699239643668
1.8275,-3.6926751265639,-0.0956644515310163,-4.31152679882543
1.83,-3.6926751265639,-0.0956644515310163,-4.30134055978093
1.8325,-3.70286404227032,-0.0956644515310163,-4.30643367930318
1.835,-3.70795850012353,-0.0854730659194392,-4.31152679882543
1.8375,-3.72324187368316,-0.0956644515310163,-4.31152679882543
1.84,-3.75890307865563,-0.0956644515310163,-4.32171303786993
1.8425,-3.77418645221527,-0.0956644515310163,-4.28606120121418
1.845,-3.77418645221527,-0.0956644515310163,-4.29624744025868
1.8475,-3.7894698257749,-0.0956644515310163,-4.31661991834768
1.85,-3.79456428362811,-0.0956644515310163,-4.32171303786993
1.8525,-3.79456428362811,-0.0956644515310163,-4.32680615739218
1.855,-3.77418645221527,-0.0956644515310163,-4.32171303786993
1.8575,-3.78437536792169,-0.0956644515310163,-4.33189927691443
1.86,-3.79456428362811,-0.0956644515310163,-4.32171303786993
1.8625,-3.80984765718774,-0.0956644515310163,-4.32171303786993
1.865,-3.82003657289416,-0.0956644515310163,-4.32171303786993
1.8675,-3.83022548860058,-0.0956644515310163,-4.31661991834768
1.87,-3.83531994645379,-0.0956644515310163,-4.32171303786993
1.8725,-3.82513103074737,-0.0956644515310163,-4.31152679882543
1.875,-3.90154789854553,-0.0956644515310163,-4.31661991834768
1.8775,-3.8862645249859,-0.0956644515310163,-4.30643367930318
1.88,-3.8862645249859,-0.0956644515310163,-4.30643367930318
1.8825,-3.8862645249859,-0.0956644515310163,-4.30643367930318
1.885,-3.91683127210516,-0.0956644515310163,-4.29624744025868
1.8875,-3.89135898283911,-0.0956644515310163,-4.33189927691443
1.89,-3.89135898283911,-0.0905687587252277,-4.32171303786993
1.8925,-3.89645344069232,-0.0956644515310163,-4.31661991834768
1.895,-3.90154789854553,-0.0956644515310163,-4.31661991834768
1.8975,-3.90664235639874,-0.0905687587252277,-4.29115432073643
1.9,-3.91173681425195,-0.0956644515310163,-4.28606120121418
1.9025,-3.90664235639874,-0.0956644515310163,-4.28096808169193
1.905,-3.91683127210516,-0.0956644515310163,-4.28096808169193
1.9075,-3.91173681425195,-0.0956644515310163,-4.27587496216968
1.91,-3.91683127210516,-0.0956644515310163,-4.29115432073643
1.9125,-3.91173681425195,-0.0956644515310163,-4.29624744025868
1.915,-3.89645344069232,-0.0956644515310163,-4.28606120121418
1.9175,-3.91683127210516,-0.0956644515310163,-4.31661991834768
1.92,-3.92192572995837,-0.0956644515310163,-4.30643367930318
1.9225,-3.91683127210516,-0.0956644515310163,-4.31152679882543
1.925,-3.93720910351801,-0.0956644515310163,-4.30643367930318
1.9275,-3.92702018781158,-0.0905687587252277,-4.29624744025868
1.93,-3.92192572995837,-0.0956644515310163,-4.30134055978093
1.9325,-3.93211464566479,-0.0956644515310163,-4.29624744025868
1.935,-3.92702018781158,-0.0956644515310163,-4.29624744025868
1.9375,-3.92702018781158,-0.0956644515310163,-4.27078184264743
1.94,-3.92192572995837,-0.0956644515310163,-4.32680615739218
1.9425,-3.92192572995837,-0.0956644515310163,-4.30643367930318
1.945,-3.91683127210516,-0.0905687587252277,-4.27078184264743
1.9475,-3.90154789854553,-0.0956644515310163,-4.27587496216968
1.95,-3.89135898283911,-0.0956644515310163,-4.27078184264743
1.9525,-3.89135898283911,-0.0905687587252277,-4.27078184264743
1.955,-3.88117006713269,-0.0956644515310163,-4.27587496216968
1.9575,-3.88117006713269,-0.0956644515310163,-4.26568872312518
1.96,-3.89645344069232,-0.0956644515310163,-4.29115432073643
1.9625,-3.92192572995837,-0.0956644515310163,-4.28096808169193
1.965,-3.93720910351801,-0.0956644515310163,-4.33189927691443
1.9675,-3.91683127210516,-0.0956644515310163,-4.29624744025868
1.97,-3.90664235639874,-0.0956644515310163,-4.26059560360293
1.9725,-3.89645344069232,-0.0905687587252277,-4.26568872312518
1.975,-3.85569777786664,-0.0956644515310163,-4.25040936455843
1.9775,-3.89135898283911,-0.0956644515310163,-4.25040936455843
1.98,-3.85569777786664,-0.0956644515310163,-4.27587496216968
1.9825,-3.88117006713269,-0.0956644515310163,-4.25040936455843
1.985,-3.87098115142627,-0.0956644515310163,-4.28606120121418
1.9875,-3.87607560927948,-0.0956644515310163,-4.27587496216968
1.99,-3.75380862080242,-0.0956644515310163,-4.25550248408068
1.9925,-3.75380862080242,-0.0956644515310163,-4.24022312551393
1.995,-3.743619705096,-0.0905687587252277,-4.24022312551393
1.9975,-3.73343078938958,-0.0956644515310163,-4.26059560360293
2,-3.73343078938958,-0.0905687587252277,-4.25040936455843
2.0025,-3.72324187368316,-0.0956644515310163,-4.25550248408068
2.005,-3.70795850012353,-0.0956644515310163,-4.25040936455843
2.0075,-3.71305295797674,-0.0956644515310163,-4.23003688646944
2.01,-3.70286404227032,-0.0956644515310163,-4.23513000599169
2.0125,-3.71305295797674,-0.0956644515310163,-4.19947816933594
2.015,-3.70795850012353,-0.0956644515310163,-4.20966440838044
2.0175,-3.70286404227032,-0.0956644515310163,-4.19438504981369
2.02,-3.70795850012353,-0.0956644515310163,-4.19947816933594
2.0225,-3.70795850012353,-0.0956644515310163,-4.19947816933594
2.025,-3.70286404227032,-0.0956644515310163,-4.22494376694719
2.0275,-3.69776958441711,-0.0956644515310163,-4.19438504981369
2.03,-3.70286404227032,-0.0956644515310163,-4.21475752790269
2.0325,-3.69776958441711,-0.0956644515310163,-4.26568872312518
2.035,-3.70286404227032,-0.0905687587252277,-4.23003688646944
2.0375,-3.71814741582995,-0.0956644515310163,-4.23003688646944
2.04,-3.71814741582995,-0.0956644515310163,-4.25040936455843
2.0425,-3.69776958441711,-0.0956644515310163,-4.22494376694719
2.045,-3.70286404227032,-0.0956644515310163,-4.25550248408068
2.0475,-3.69776958441711,-0.0956644515310163,-4.24531624503618
2.05,-3.70795850012353,-0.0956644515310163,-4.24531624503618
2.0525,-3.70286404227032,-0.0956644515310163,-4.25040936455843
2.055,-3.70795850012353,-0.0956644515310163,-4.24022312551393
2.0575,-3.70286404227032,-0.0956644515310163,-0.0995169539250416
2.06,-3.70795850012353,-0.0956644515310163,-4.21985064742494
2.0625,-3.70795850012353,-0.0956644515310163,-4.22494376694719
2.065,-3.70795850012353,-0.0956644515310163,-4.21985064742494
2.0675,-3.70795850012353,-0.0956644515310163,-4.21475752790269
2.07,-3.72324187368316,-0.0956644515310163,-4.21475752790269
2.0725,-3.71305295797674,-0.0956644515310163,-4.20966440838044
2.075,-3.71305295797674,-0.0956644515310163,-4.20966440838044
2.0775,-3.71814741582995,-0.0956644515310163,-4.20966440838044
2.08,-3.71814741582995,-0.0956644515310163,-4.20457128885819
2.0825,-3.72324187368316,-0.0956644515310163,-4.20966440838044
2.085,-3.74871416294921,-0.0956644515310163,-4.19947816933594
2.0875,-3.71814741582995,-0.0956644515310163,-4.24022312551393
2.09,-3.70795850012353,-0.0956644515310163,-4.27587496216968
2.0925,-3.72324187368316,-0.0956644515310163,-4.25040936455843
2.095,-3.72324187368316,-0.0956644515310163,-4.24022312551393
2.0975,-3.73343078938958,-0.0956644515310163,-4.23513000599169
2.1,-3.72833633153637,-0.0956644515310163,-4.24022312551393
2.1025,-3.73852524724279,-0.0956644515310163,-4.23513000599169
2.105,-3.73343078938958,-0.0956644515310163,-4.24022312551393
2.1075,-3.73852524724279,-0.0956644515310163,-4.24022312551393
2.11,-3.743619705096,-0.0956644515310163,-4.24022312551393
2.1125,-3.743619705096,-0.0956644515310163,-4.25040936455843
2.115,-3.743619705096,-0.0956644515310163,-4.24531624503618
2.1175,-3.74871416294921,-0.0956644515310163,-4.25040936455843
2.12,-3.74871416294921,-0.0956644515310163,-4.25040936455843
2.1225,-3.72833633153637,-0.0956644515310163,-4.25040936455843
2.125,-3.72833633153637,-0.0956644515310163,-4.25550248408068
2.1275,-3.75890307865563,-0.0956644515310163,-4.23003688646944
2.13,-3.75380862080242,-0.0956644515310163,-4.24531624503618
2.1325,-3.75890307865563,-0.0956644515310163,-4.24022312551393
2.135,-3.75890307865563,-0.0956644515310163,-4.24531624503618
2.1375,-3.75890307865563,-0.100760144336805,-4.24022312551393
2.14,-3.75380862080242,-0.0956644515310163,-4.24022312551393
2.1425,-3.75380862080242,-0.0956644515310163,-4.25040936455843
2.145,-0.0959878821972175,-0.0956644515310163,-4.24531624503618
2.1475,-3.70795850012353,-0.0956644515310163,-4.25550248408068
2.15,-3.71305295797674,-0.0956644515310163,-4.23003688646944
2.1525,-3.71305295797674,-0.100760144336805,-4.23003688646944
2.155,-3.71305295797674,-0.0956644515310163,-4.26568872312518
2.1575,-3.70795850012353,-0.0956644515310163,-4.26568872312518
2.16,-3.72324187368316,-0.0956644515310163,-4.24531624503618
2.1625,-3.71305295797674,-0.0956644515310163,-4.27078184264743
2.165,-3.71814741582995,-0.0956644515310163,-4.27587496216968
2.1675,-3.68758066871069,-0.0956644515310163,-4.28096808169193
2.17,-3.71814741582995,-0.0956644515310163,-4.27587496216968
2.1725,-3.70795850012353,-0.0956644515310163,-4.29115432073643
2.175,-3.71305295797674,-0.0956644515310163,-4.27587496216968
2.1775,-3.70795850012353,-0.0956644515310163,-4.29115432073643
2.18,-3.70795850012353,-0.0956644515310163,-4.23003688646944
2.1825,-3.70286404227032,-0.0905687587252277,-4.26059560360293
2.185,-3.69776958441711,-0.0956644515310163,-4.27078184264743
2.1875,-3.69776958441711,-0.0956644515310163,-4.29115432073643
2.19,-3.69776958441711,-0.0956644515310163,-4.27078184264743
2.1925,-3.69776958441711,-0.0956644515310163,-4.30134055978093
2.195,-3.69776958441711,-0.0956644515310163,-4.32680615739218
2.1975,-3.69776958441711,-0.0956644515310163,-4.33189927691443
2.2,-3.69776958441711,-0.0956644515310163,-4.30643367930318
2.2025,-3.6926751265639,-0.0956644515310163,-4.29624744025868
2.205,-3.69776958441711,-0.0905687587252277,-4.28606120121418
2.2075,-3.69776958441711,-0.0956644515310163,-4.33189927691443
2.21,-3.66720283729784,-0.0905687587252277,-4.32171303786993
2.2125,-3.66210837944463,-0.0956644515310163,-4.30134055978093
2.215,-3.66210837944463,-0.0956644515310163,-4.30134055978093
2.2175,-3.66210837944463,-0.0956644515310163,-4.30134055978093
2.22,-3.65701392159142,-0.0956644515310163,-4.31152679882543
2.2225,-3.66210837944463,-0.0956644515310163,-4.30643367930318
2.225,-3.65701392159142,-0.0956644515310163,-4.31152679882543
2.2275,-3.65701392159142,-0.0956644515310163,-4.31152679882543
2.23,-3.65701392159142,-0.100760144336805,-4.30643367930318
2.2325,-3.65191946373821,-0.0956644515310163,-4.29115432073643
2.235,-3.646825005885,-0.0956644515310163,-4.28096808169193
2.2375,-3.65191946373821,-0.0956644515310163,-4.31661991834768
2.24,-3.64173054803179,-0.0956644515310163,-4.31661991834768
2.2425,-3.65191946373821,-0.0956644515310163,-4.29115432073643
2.245,-3.646825005885,-0.0956644515310163,-4.32171303786993
2.2475,-3.646825005885,-0.0956644515310163,-4.31152679882543
2.25,-3.65191946373821,-0.0956644515310163,-4.32171303786993
2.2525,-3.66210837944463,-0.0956644515310163,-4.31152679882543
2.255,-3.65701392159142,-0.0956644515310163,-4.31152679882543
2.2575,-3.66210837944463,-0.0956644515310163,-4.31152679882543
2.26,-3.66210837944463,-0.0956644515310163,-4.32680615739218
2.2625,-3.66210837944463,-0.0956644515310163,-4.33189927691443
2.265,-3.65701392159142,-0.0956644515310163,-4.27078184264743
2.2675,-3.66210837944463,-0.0956644515310163,-4.33699239643668
2.27,-3.68248621085748,-0.0956644515310163,-4.33189927691443
2.2725,-3.646825005885,-0.0956644515310163,-4.33189927691443
2.275,-3.64173054803179,-0.0956644515310163,-4.31152679882543
2.2775,-3.64173054803179,-0.0956644515310163,-4.30134055978093
2.28,-3.63663609017858,-0.0956644515310163,-4.28096808169193
2.2825,-3.63154163232537,-0.0905687587252277,-4.30134055978093
2.285,-3.62644717447216,-0.0956644515310163,-4.30643367930318
2.2875,-3.62135271661895,-0.0956644515310163,-4.30134055978093
2.29,-3.62135271661895,-0.0956644515310163,-4.29624744025868
2.2925,-3.61625825876574,-0.0956644515310163,-4.33189927691443
2.295,-3.62135271661895,-0.0956644515310163,-4.32171303786993
2.2975,-3.61625825876574,-0.0956644515310163,-4.31661991834768
2.3,-3.61116380091253,-0.0956644515310163,-4.26059560360293
2.3025,-3.60606934305932,-0.0956644515310163,-4.31152679882543
2.305,-3.60097488520611,-0.0956644515310163,-4.31661991834768
2.3075,-3.60097488520611,-0.0956644515310163,-4.30643367930318
2.31,-3.60097488520611,-0.0956644515310163,-4.28096808169193
2.3125,-3.59078596949968,-0.0956644515310163,-4.27078184264743
2.315,-3.57040813808684,-0.0956644515310163,-4.31152679882543
2.3175,-3.58569151164647,-0.0956644515310163,-4.29624744025868
2.32,-3.59078596949968,-0.0956644515310163,-4.25550248408068
2.3225,-3.57550259594005,-0.0956644515310163,-4.27078184264743
2.325,-3.57040813808684,-0.0956644515310163,-4.31152679882543
2.3275,-3.56021922238042,-0.0905687587252277,-4.31152679882543
2.33,-3.56531368023363,-0.0956644515310163,-4.31152679882543
2.3325,-3.55512476452721,-0.0956644515310163,-4.30643367930318
2.335,-3.55512476452721,-0.0956644515310163,-4.30643367930318
2.3375,-3.550030306674,-0.0956644515310163,-4.29624744025868
2.34,-3.550030306674,-0.0956644515310163,-4.30134055978093
2.3425,-3.54493584882079,-0.0956644515310163,-4.29115432073643
2.345,-3.54493584882079,-0.0956644515310163,-4.25550248408068
2.3475,-3.53984139096758,-0.0956644515310163,-4.26059560360293
2.35,-3.53984139096758,-0.0956644515310163,-4.25040936455843
2.3525,-3.53474693311437,-0.0956644515310163,-4.30134055978093
2.355,-3.51436910170153,-0.0956644515310163,-4.26059560360293
2.3575,-3.51436910170153,-0.0956644515310163,-4.29115432073643
2.36,-3.50927464384831,-0.0956644515310163,-4.26059560360293
2.3625,-3.50927464384831,-0.0956644515310163,-4.25040936455843
2.365,-3.50927464384831,-0.0956644515310163,-4.29624744025868
2.3675,-3.52965247526116,-0.0956644515310163,-4.26059560360293
2.37,-3.49908572814189,-0.0956644515310163,-4.25550248408068
2.3725,-3.5041801859951,-0.0956644515310163,-4.28096808169193
2.375,-3.49908572814189,-0.0956644515310163,-4.24022312551393
2.3775,-3.5041801859951,-0.0956644515310163,-4.27078184264743
2.38,-3.5041801859951,-0.0956644515310163,-4.28606120121418
2.3825,-3.5041801859951,-0.0956644515310163,-4.28606120121418
2.385,-3.49908572814189,-0.0956644515310163,-4.30134055978093
2.3875,-3.5041801859951,-0.0956644515310163,-4.29624744025868
2.39,-3.49908572814189,-0.100760144336805,-4.29115432073643
2.3925,-3.5041801859951,-0.0956644515310163,-4.28096808169193
2.395,-3.49908572814189,-0.0905687587252277,-4.28096808169193
2.3975,-3.50927464384831,-0.0956644515310163,-4.27078184264743
2.4,-3.50927464384831,-0.0956644515310163,-4.24531624503618
2.4025,-3.51946355955474,-0.0956644515310163,-4.23003688646944
2.405,-3.51436910170153,-0.0956644515310163,-4.23003688646944
2.4075,-3.51946355955474,-0.0956644515310163,-4.22494376694719
2.41,-3.51436910170153,-0.0956644515310163,-4.21475752790269
2.4125,-3.51946355955474,-0.0956644515310163,-4.21475752790269
2.415,-3.51946355955474,-0.0956644515310163,-4.23003688646944
2.4175,-3.53474693311437,-0.0956644515310163,-4.22494376694719
2.42,-3.52455801740795,-0.0956644515310163,-4.23003688646944
2.4225,-3.52965247526116,-0.0956644515310163,-4.21985064742494
2.425,-3.52455801740795,-0.0956644515310163,-4.23003688646944
2.4275,-3.51946355955474,-0.0956644515310163,-4.25040936455843
2.43,-3.51946355955474,-0.0956644515310163,-4.25040936455843
2.4325,-3.51946355955474,-0.0905687587252277,-4.24022312551393
2.435,-3.48889681243547,-0.0956644515310163,-4.24022312551393
2.4375,-3.5041801859951,-0.0956644515310163,-4.24022312551393
2.44,-3.50927464384831,-0.0956644515310163,-4.22494376694719
2.4425,-3.49908572814189,-0.0956644515310163,-4.23003688646944
2.445,-3.49908572814189,-0.0905687587252277,-4.21475752790269
2.4475,-3.49399127028868,-0.0956644515310163,-4.26568872312518
2.45,-3.46851898102263,-0.0956644515310163,-4.23003688646944
2.4525,-3.45833006531621,-0.0956644515310163,-4.21985064742494
2.455,-3.46851898102263,-0.0956644515310163,-4.22494376694719
2.4575,-3.45833006531621,-0.0956644515310163,-4.18929193029144
2.46,-3.47361343887584,-0.0956644515310163,-4.19438504981369
2.4625,-3.46342452316942,-0.0956644515310163,-4.23513000599169
2.465,-3.46851898102263,-0.0956644515310163,-4.22494376694719
2.4675,-3.46342452316942,-0.0956644515310163,-4.20966440838044
2.47,-3.47870789672905,-0.0854730659194392,-4.19438504981369
2.4725,-3.48380235458226,-0.0956644515310163,-4.20457128885819
2.475,-3.48380235458226,-0.0956644515310163,-4.23003688646944
2.4775,-3.48380235458226,-0.0956644515310163,-4.22494376694719
2.48,-3.49399127028868,-0.0956644515310163,-4.20966440838044
2.4825,-3.49908572814189,-0.0956644515310163,-4.20457128885819
2.485,-3.5041801859951,-0.0956644515310163,-4.21475752790269
2.4875,-3.5041801859951,-0.0956644515310163,-4.18419881076919
2.49,-3.50927464384831,-0.0956644515310163,-4.17401257172469
2.4925,-3.50927464384831,-0.0956644515310163,-4.18929193029144
2.495,-3.51946355955474,-0.0956644515310163,-4.17910569124694
2.4975,-3.51946355955474,-0.0956644515310163,-4.19438504981369
2.5,-3.52965247526116,-0.0956644515310163,-4.18419881076919
2.5025,-3.53474693311437,-0.0956644515310163,-4.18929193029144
2.505,-3.54493584882079,-0.0956644515310163,-4.23513000599169
2.5075,-3.54493584882079,-0.0956644515310163,-4.19947816933594
2.51,-3.550030306674,-0.0905687587252277,-4.20457128885819
2.5125,-3.56021922238042,-0.0956644515310163,-4.20457128885819
2.515,-3.56531368023363,-0.0956644515310163,-4.20457128885819
2.5175,-3.58059705379326,-0.0956644515310163,-4.18419881076919
2.52,-3.58569151164647,-0.0956644515310163,-4.20457128885819
2.5225,-3.58569151164647,-0.0956644515310163,-4.21985064742494
2.525,-3.63663609017858,-0.0956644515310163,-4.20966440838044
2.5275,-3.646825005885,-0.0905687587252277,-4.19438504981369
2.53,-3.65701392159142,-0.0956644515310163,-4.18929193029144
2.5325,-3.67229729515105,-0.0956644515310163,-4.21475752790269
2.535,-3.646825005885,-0.0956644515310163,-4.19438504981369
2.5375,-3.66210837944463,-0.0956644515310163,-4.21475752790269
2.54,-3.66720283729784,-0.0956644515310163,-4.19947816933594
2.5425,-3.67739175300426,-0.0956644515310163,-4.21985064742494
2.545,-3.68758066871069,-0.0905687587252277,-4.21985064742494
2.5475,-3.69776958441711,-0.0956644515310163,-4.22494376694719
2.55,-3.69776958441711,-0.0956644515310163,-4.24022312551393
2.5525,-3.70795850012353,-0.0956644515310163,-4.24531624503618
2.555,-3.74871416294921,-0.0956644515310163,-4.21475752790269
2.5575,-3.76399753650884,-0.0956644515310163,-4.21985064742494
2.56,-3.76399753650884,-0.0956644515310163,-4.21475752790269
2.5625,-3.75890307865563,-0.0956644515310163,-4.18929193029144
2.565,-3.77928091006848,-0.0956644515310163,-4.19947816933594
2.5675,-3.77418645221527,-0.0956644515310163,-4.21985064742494
2.57,-3.77928091006848,-0.0956644515310163,-4.23003688646944
2.5725,-3.79456428362811,-0.0956644515310163,-4.19438504981369
2.575,-3.79965874148132,-0.0956644515310163,-4.19438504981369
2.5775,-3.80984765718774,-0.0956644515310163,-4.19438504981369
2.58,-3.82513103074737,-0.0956644515310163,-4.18929193029144
2.5825,-3.840414404307,-0.0956644515310163,-4.19947816933594
2.585,-3.85060332001342,-0.0956644515310163,-4.19438504981369
2.5875,-3.86588669357306,-0.0956644515310163,-4.18929193029144
2.59,-3.87098115142627,-0.0956644515310163,-4.19438504981369
2.5925,-3.8862645249859,-0.0956644515310163,-4.18419881076919
2.595,-3.90664235639874,-0.0956644515310163,-4.19438504981369
2.5975,-3.91173681425195,-0.0956644515310163,-4.18419881076919
2.6,-3.93211464566479,-0.0956644515310163,-4.18929193029144
2.6025,-3.92702018781158,-0.0956644515310163,-4.18419881076919
2.605,-3.92702018781158,-0.0956644515310163,-4.20966440838044
2.6075,-3.93720910351801,-0.0956644515310163,-4.20966440838044
2.61,-3.94739801922443,-0.0956644515310163,-4.20457128885819
2.6125,-3.97287030849048,-0.0956644515310163,-4.17910569124694
2.615,-3.95758693493085,-0.0956644515310163,-4.17401257172469
2.6175,-3.96777585063727,-0.0956644515310163,-4.17401257172469
2.62,-3.97796476634369,-0.0956644515310163,-4.20457128885819
2.6225,-3.9830592241969,-0.0956644515310163,-4.19947816933594
2.625,-3.99324813990332,-0.0854730659194392,-4.20966440838044
2.6275,-3.99834259775653,-0.0956644515310163,-4.19947816933594
2.63,-3.99834259775653,-0.0956644515310163,-4.23003688646944
2.6325,-3.99834259775653,-0.0956644515310163,-4.23003688646944
2.635,-4.0289093448758,-0.0956644515310163,-4.19947816933594
2.6375,-4.01362597131616,-0.0956644515310163,-4.20457128885819
2.64,-3.95758693493085,-0.0956644515310163,-4.19438504981369
2.6425,-3.94230356137122,-0.0956644515310163,-4.20457128885819
2.645,-4.03400380272901,-0.0905687587252277,-4.20457128885819
2.6475,-3.93720910351801,-0.0956644515310163,-4.20966440838044
2.65,-4.03400380272901,-0.0956644515310163,-4.21475752790269
2.6525,-4.05438163414185,-0.0956644515310163,-4.21475752790269
2.655,-4.05438163414185,-0.0956644515310163,-4.25550248408068
2.6575,-3.92702018781158,-0.100760144336805,-4.20966440838044
2.66,-3.92702018781158,-0.0956644515310163,-4.19947816933594
2.6625,-3.92702018781158,-0.0905687587252277,-4.20966440838044
2.665,-3.92192572995837,-0.0956644515310163,-4.20966440838044
2.6675,-3.92192572995837,-0.0956644515310163,-4.18929193029144
2.67,-3.89645344069232,-0.0956644515310163,-4.18419881076919
2.6725,-3.89645344069232,-0.0956644515310163,-4.22494376694719
2.675,-3.89645344069232,-0.0956644515310163,-4.21475752790269
2.6775,-3.90664235639874,-0.0905687587252277,-4.16891945220244
2.68,-3.89645344069232,-0.0956644515310163,-4.19438504981369
2.6825,-3.89645344069232,-0.0956644515310163,-4.19438504981369
2.685,-3.89135898283911,-0.0956644515310163,-4.19947816933594
2.6875,-3.89135898283911,-0.0956644515310163,-4.19438504981369
2.69,-3.89135898283911,-0.0956644515310163,-4.19947816933594
2.6925,-3.89645344069232,-0.0956644515310163,-4.19947816933594
2.695,-3.92192572995837,-0.0956644515310163,-4.22494376694719
2.6975,-3.92702018781158,-0.0956644515310163,-4.23003688646944
2.7,-3.91683127210516,-0.0956644515310163,-4.25040936455843
2.7025,-3.92702018781158,-0.0956644515310163,-4.25550248408068
2.705,-3.92192572995837,-0.0956644515310163,-4.25040936455843
2.7075,-3.89135898283911,-0.0956644515310163,-4.25040936455843
2.71,-3.91683127210516,-0.0956644515310163,-4.25550248408068
2.7125,-3.90154789854553,-0.0956644515310163,-4.24022312551393
2.715,-3.89135898283911,-0.0956644515310163,-4.25040936455843
2.7175,-3.90664235639874,-0.0956644515310163,-4.21475752790269
2.72,-3.91173681425195,-0.0956644515310163,-4.22494376694719
2.7225,-3.92192572995837,-0.0956644515310163,-4.22494376694719
2.725,-3.94739801922443,-0.0956644515310163,-4.21985064742494
2.7275,-3.94230356137122,-0.0905687587252277,-4.23003688646944
2.73,-3.94739801922443,-0.0956644515310163,-4.22494376694719
2.7325,-3.94739801922443,-0.0956644515310163,-4.22494376694719
2.735,-3.94230356137122,-0.0956644515310163,-4.23003688646944
2.7375,-3.95249247707764,-0.0956644515310163,-4.22494376694719
2.74,-3.94739801922443,-0.0956644515310163,-4.23003688646944
2.7425,-3.97796476634369,-0.0956644515310163,-4.21985064742494
2.745,-3.93211464566479,-0.0956644515310163,-4.23003688646944
2.7475,-3.95758693493085,-0.0956644515310163,-4.19947816933594
2.75,-3.96777585063727,-0.0956644515310163,-4.23003688646944
2.7525,-3.96268139278406,-0.0956644515310163,-4.23003688646944
2.755,-3.93211464566479,-0.0905687587252277,-4.22494376694719
2.7575,-3.91173681425195,-0.0956644515310163,-4.23003688646944
2.76,-3.91173681425195,-0.0956644515310163,-4.23003688646944
2.7625,-3.91173681425195,-0.0956644515310163,-4.23003688646944
2.765,-3.92192572995837,-0.0956644515310163,-4.23513000599169
2.7675,-3.91683127210516,-0.0956644515310163,-4.23003688646944
2.77,-3.93720910351801,-0.0956644515310163,-4.23513000599169
2.7725,-3.93211464566479,-0.0905687587252277,-4.23003688646944
2.775,-3.92192572995837,-0.0956644515310163,-4.23513000599169
2.7775,-3.88117006713269,-0.0956644515310163,-4.27587496216968
2.78,-3.86588669357306,-0.0956644515310163,-4.27078184264743
2.7825,-3.87098115142627,-0.0956644515310163,-4.23003688646944
2.785,-3.87607560927948,-0.0956644515310163,-4.24531624503618
2.7875,-3.82003657289416,-0.0956644515310163,-4.25040936455843
2.79,-3.82003657289416,-0.0956644515310163,-4.24531624503618
2.7925,-3.80475319933453,-0.0956644515310163,-4.21985064742494
2.795,-3.78437536792169,-0.0956644515310163,-4.21985064742494
2.7975,-3.77928091006848,-0.0956644515310163,-4.21985064742494
2.8,-3.77418645221527,-0.0956644515310163,-4.24531624503618
2.8025,-3.77928091006848,-0.0956644515310163,-4.24022312551393
2.805,-3.75380862080242,-0.0956644515310163,-4.25550248408068
2.8075,-3.76399753650884,-0.0956644515310163,-4.28606120121418
2.81,-3.72833633153637,-0.0956644515310163,-4.25550248408068
2.8125,-3.71814741582995,-0.0956644515310163,-4.26059560360293
2.815,-3.70795850012353,-0.0956644515310163,-4.24531624503618
2.8175,-3.70286404227032,-0.0956644515310163,-4.23003688646944
2.82,-3.70286404227032,-0.0956644515310163,-4.25040936455843
2.8225,-3.70286404227032,-0.0956644515310163,-4.27078184264743
2.825,-3.66720283729784,-0.0956644515310163,-4.28096808169193
2.8275,-3.66210837944463,-0.0956644515310163,-4.24531624503618
2.83,-3.64173054803179,-0.0956644515310163,-4.27078184264743
2.8325,-3.63154163232537,-0.0956644515310163,-4.27078184264743
2.835,-3.62135271661895,-0.0956644515310163,-4.26059560360293
2.8375,-3.61625825876574,-0.0956644515310163,-4.26568872312518
2.84,-3.60097488520611,-0.0956644515310163,-4.25040936455843
2.8425,-3.59078596949968,-0.0956644515310163,-4.22494376694719
2.845,-3.58059705379326,-0.0956644515310163,-4.24531624503618
2.8475,-3.58569151164647,-0.0956644515310163,-4.24022312551393
2.85,-3.56021922238042,-0.0905687587252277,-4.25040936455843
2.8525,-3.55512476452721,-0.0956644515310163,-4.20457128885819
2.855,-3.550030306674,-0.0956644515310163,-4.24022312551393
2.8575,-3.54493584882079,-0.0956644515310163,-4.23003688646944
2.86,-3.52965247526116,-0.0956644515310163,-4.28096808169193
2.8625,-3.51946355955474,-0.0956644515310163,-4.22494376694719
2.865,-3.50927464384831,-0.0956644515310163,-4.24531624503618
2.8675,-3.5041801859951,-0.0956644515310163,-4.25040936455843
2.87,-3.49399127028868,-0.0956644515310163,-4.24022312551393
2.8725,-3.49399127028868,-0.0956644515310163,-4.21475752790269
2.875,-3.48380235458226,-0.0956644515310163,-4.24022312551393
2.8775,-3.48380235458226,-0.0956644515310163,-4.20966440838044
2.88,-3.44304669175658,-0.0956644515310163,-4.22494376694719
2.8825,-3.45833006531621,-0.0956644515310163,-4.21475752790269
2.885,-3.45833006531621,-0.0956644515310163,-4.21985064742494
2.8875,-3.453235607463,-0.0905687587252277,-4.24531624503618
2.89,-3.44304669175658,-0.0956644515310163,-4.24022312551393
2.8925,-3.43795223390337,-0.0956644515310163,-4.30643367930318
2.895,-3.43285777605016,-0.0905687587252277,-4.27587496216968
2.8975,-3.42776331819694,-0.0956644515310163,-4.25550248408068
2.9,-3.42776331819694,-0.0956644515310163,-4.22494376694719
2.9025,-3.41757440249052,-0.0956644515310163,-4.23003688646944
2.905,-3.41757440249052,-0.0956644515310163,-4.23513000599169
2.9075,-3.41247994463731,-0.0956644515310163,-4.22494376694719
2.91,-3.41247994463731,-0.0956644515310163,-4.23513000599169
2.9125,-3.4073854867841,-0.0956644515310163,-4.23003688646944
2.915,-3.41247994463731,-0.0956644515310163,-4.23003688646944
2.9175,-3.41247994463731,-0.0956644515310163,-4.23003688646944
2.92,-3.41757440249052,-0.0956644515310163,-4.22494376694719
2.9225,-3.41757440249052,-0.0956644515310163,-4.23513000599169
2.925,-3.42266886034373,-0.0956644515310163,-4.23513000599169
2.9275,-3.42266886034373,-0.0956644515310163,-4.24531624503618
2.93,-3.43285777605016,-0.0956644515310163,-4.23513000599169
2.9325,-3.43285777605016,-0.0956644515310163,-4.23513000599169
2.935,-3.44814114960979,-0.0956644515310163,-4.23513000599169
2.9375,-3.453235607463,-0.0956644515310163,-4.23003688646944
2.94,-3.45833006531621,-0.0956644515310163,-4.23513000599169
2.9425,-3.46342452316942,-0.0956644515310163,-4.22494376694719
2.945,-3.46851898102263,-0.0956644515310163,-4.23003688646944
2.9475,-3.48380235458226,-0.0956644515310163,-4.26059560360293
2.95,-3.49908572814189,-0.0956644515310163,-4.24531624503618
2.9525,-3.49908572814189,-0.0956644515310163,-4.23003688646944
2.955,-3.50927464384831,-0.0956644515310163,-4.21475752790269
2.9575,-3.49399127028868,-0.0956644515310163,-4.23003688646944
2.96,-3.49908572814189,-0.0956644515310163,-4.22494376694719
2.9625,-3.5041801859951,-0.0956644515310163,-4.23003688646944
2.965,-3.5041801859951,-0.0956644515310163,-4.23003688646944
2.9675,-3.50927464384831,-0.0956644515310163,-4.22494376694719
2.97,-3.50927464384831,-0.0956644515310163,-4.23003688646944
2.9725,-3.50927464384831,-0.0956644515310163,-4.23003688646944
2.975,-3.51436910170153,-0.0956644515310163,-4.23003688646944
2.9775,-3.52455801740795,-0.0956644515310163,-4.23513000599169
2.98,-3.51946355955474,-0.0956644515310163,-4.23003688646944
2.9825,-3.52965247526116,-0.0956644515310163,-4.24022312551393
2.985,-3.52455801740795,-0.0956644515310163,-4.23513000599169
2.9875,-3.52965247526116,-0.0956644515310163,-4.18929193029144
2.99,-3.52965247526116,-0.0956644515310163,-4.18929193029144
2.9925,-3.53984139096758,-0.0956644515310163,-4.24022312551393
2.995,-3.53984139096758,-0.0956644515310163,-4.25040936455843
2.9975,-3.54493584882079,-0.0956644515310163,-4.24531624503618
3,-3.54493584882079,-0.0905687587252277,-4.25550248408068
3.0025,-3.56021922238042,-0.0956644515310163,-4.25040936455843
3.005,-3.55512476452721,-0.0956644515310163,-4.25550248408068
3.0075,-3.56531368023363,-0.0956644515310163,-4.20966440838044
3.01,-3.56531368023363,-0.0956644515310163,-4.26059560360293
3.0125,-3.57040813808684,-0.0956644515310163,-4.29115432073643
3.015,-3.58059705379326,-0.0956644515310163,-4.28096808169193
3.0175,-3.58569151164647,-0.0956644515310163,-4.28096808169193
3.02,-3.60606934305932,-0.0956644515310163,-0.0995169539250416
3.0225,-3.62135271661895,-0.0956644515310163,-0.0995169539250416
3.025,-3.57550259594005,-0.0956644515310163,-4.28096808169193
3.0275,-3.57040813808684,-0.0956644515310163,-4.15364009363569
3.03,-3.56531368023363,-0.0956644515310163,-4.17910569124694
3.0325,-3.54493584882079,-0.0956644515310163,-4.23003688646944
3.035,-3.54493584882079,-0.0956644515310163,-4.14345385459119
3.0375,-3.54493584882079,-0.0956644515310163,-4.23003688646944
3.04,-3.54493584882079,-0.0956644515310163,-4.19947816933594
3.0425,-3.54493584882079,-0.0956644515310163,-4.23003688646944
3.045,-3.53984139096758,-0.0956644515310163,-4.23003688646944
3.0475,-3.550030306674,-0.0905687587252277,-4.21985064742494
3.05,-3.55512476452721,-0.0956644515310163,-4.20457128885819
3.0525,-3.55512476452721,-0.0956644515310163,-4.19438504981369
3.055,-3.56021922238042,-0.0956644515310163,-4.23003688646944
3.0575,-3.56021922238042,-0.0956644515310163,-4.22494376694719
3.06,-3.56531368023363,-0.0956644515310163,-4.12817449602444
3.0625,-3.56021922238042,-0.0956644515310163,-4.13326761554669
3.065,-3.56531368023363,-0.0956644515310163,-4.15364009363569
3.0675,-3.56531368023363,-0.0956644515310163,-4.18929193029144
3.07,-3.57550259594005,-0.0956644515310163,-4.18419881076919
3.0725,-3.57550259594005,-0.0956644515310163,-4.21475752790269
3.075,-3.58569151164647,-0.0956644515310163,-4.21985064742494
3.0775,-3.58569151164647,-0.0956644515310163,-4.20966440838044
3.08,-3.62135271661895,-0.0956644515310163,-4.15873321315794
3.0825,-3.60097488520611,-0.0956644515310163,-4.12308137650219
3.085,-3.62135271661895,-0.0956644515310163,-4.21985064742494
3.0875,-3.62135271661895,-0.0956644515310163,-4.12308137650219
3.09,-3.63663609017858,-0.0956644515310163,-4.1128951374577
3.0925,-3.64173054803179,-0.0956644515310163,-4.17401257172469
3.095,-3.65701392159142,-0.0956644515310163,-4.15873321315794
3.0975,-3.66720283729784,-0.0905687587252277,-4.13836073506894
3.1,-3.68248621085748,-0.0905687587252277,-4.12817449602444
3.1025,-3.69776958441711,-0.0956644515310163,-4.12817449602444
3.105,-3.76909199436206,-0.0956644515310163,-4.19947816933594
3.1075,-3.78437536792169,-0.0956644515310163,-4.0925226593687
3.11,-3.77928091006848,-0.0956644515310163,-4.25040936455843
3.1125,-3.78437536792169,-0.0956644515310163,-4.23003688646944
3.115,-0.0959878821972175,-0.0956644515310163,-4.13326761554669
3.1175,-0.0959878821972175,-0.0956644515310163,-4.1128951374577
3.12,-0.0959878821972175,-0.0905687587252277,-4.1027088984132
3.1225,-0.0959878821972175,-0.0956644515310163,-4.26568872312518
3.125,-3.80984765718774,-0.0956644515310163,-4.23003688646944
3.1275,-3.82513103074737,-0.0905687587252277,-4.26059560360293
3.13,-3.83022548860058,-0.0956644515310163,-4.22494376694719
3.1325,-3.87098115142627,-0.0905687587252277,-4.21985064742494
3.135,-3.86588669357306,-0.0956644515310163,-4.23003688646944
3.1375,-3.8862645249859,-0.0956644515310163,-4.06705706175745
3.14,-3.88117006713269,-0.0956644515310163,-4.23003688646944
3.1425,-3.89135898283911,-0.0956644515310163,-4.06705706175745
3.145,-3.89645344069232,-0.0956644515310163,-4.17910569124694
3.1475,-3.90664235639874,-0.0905687587252277,-4.17910569124694
3.15,-3.91173681425195,-0.0956644515310163,-4.06705706175745
3.1525,-3.91173681425195,-0.0956644515310163,-4.1027088984132
3.155,-3.91683127210516,-0.0956644515310163,-4.19947816933594
3.1575,-3.92702018781158,-0.0956644515310163,-4.21985064742494
3.16,-3.92192572995837,-0.0956644515310163,-4.21985064742494
3.1625,-3.92702018781158,-0.0956644515310163,-4.23513000599169
3.165,-3.93211464566479,-0.0956644515310163,-4.24531624503618
3.1675,-3.92192572995837,-0.0956644515310163,-4.20966440838044
3.17,-3.92192572995837,-0.0956644515310163,-4.18929193029144
3.1725,-3.91683127210516,-0.0956644515310163,-4.20966440838044
3.175,-3.91683127210516,-0.0956644515310163,-4.23003688646944
3.1775,-3.91173681425195,-0.0956644515310163,-4.26059560360293
3.18,-3.90664235639874,-0.0905687587252277,-4.24531624503618
3.1825,-3.90154789854553,-0.0956644515310163,-4.25040936455843
3.185,-3.90664235639874,-0.0956644515310163,-4.18929193029144
3.1875,-3.90154789854553,-0.0956644515310163,-4.24022312551393
3.19,-3.91173681425195,-0.0956644515310163,-4.24022312551393
3.1925,-3.90664235639874,-0.0956644515310163,-4.22494376694719
3.195,-3.90664235639874,-0.0956644515310163,-4.05687082271295
3.1975,-3.90154789854553,-0.0956644515310163,-4.19438504981369
3.2,-3.89645344069232,-0.0956644515310163,-4.21985064742494
3.2025,-3.89135898283911,-0.0956644515310163,-4.04668458366845
3.205,-3.89135898283911,-0.0905687587252277,-4.17401257172469
3.2075,-3.89645344069232,-0.0956644515310163,-4.0517777031907
3.21,-3.90154789854553,-0.0905687587252277,-4.19438504981369
3.2125,-3.89645344069232,-0.0956644515310163,-4.0517777031907
3.215,-3.90154789854553,-0.0956644515310163,-4.17401257172469
3.2175,-3.90154789854553,-0.0956644515310163,-4.02631210557945
3.22,-3.90664235639874,-0.0956644515310163,-4.20966440838044
3.2225,-3.90664235639874,-0.0956644515310163,-4.25040936455843
3.225,-3.91173681425195,-0.0956644515310163,-4.25040936455843
3.2275,-3.93211464566479,-0.0905687587252277,-4.24022312551393
3.23,-3.94739801922443,-0.0956644515310163,-4.23513000599169
3.2325,-3.92192572995837,-0.0956644515310163,-4.20966440838044
3.235,-3.95249247707764,-0.0956644515310163,-4.19947816933594
3.2375,-3.93211464566479,-0.0956644515310163,-4.20966440838044
3.24,-3.93720910351801,-0.0956644515310163,-4.19438504981369
3.2425,-3.93720910351801,-0.0956644515310163,-4.19438504981369
3.245,-3.94230356137122,-0.0956644515310163,-4.20966440838044
3.2475,-3.94739801922443,-0.0956644515310163,-4.20457128885819
3.25,-3.94230356137122,-0.0956644515310163,-4.20457128885819
3.2525,-3.94230356137122,-0.0956644515310163,-4.16891945220244
3.255,-3.93720910351801,-0.0956644515310163,-4.16891945220244
3.2575,-3.90664235639874,-0.0956644515310163,-4.19438504981369
3.26,-3.91173681425195,-0.0956644515310163,-4.18419881076919
3.2625,-3.91683127210516,-0.0956644515310163,-4.18929193029144
3.265,-3.90664235639874,-0.0956644515310163,-4.17910569124694
3.2675,-3.92192572995837,-0.0956644515310163,-4.21475752790269
3.27,-3.89135898283911,-0.0956644515310163,-4.20966440838044
3.2725,-3.89135898283911,-0.0956644515310163,-4.20966440838044
3.275,-3.8862645249859,-0.0956644515310163,-4.20966440838044
3.2775,-3.89135898283911,-0.0956644515310163,-4.19947816933594
3.28,-3.88117006713269,-0.0956644515310163,-4.20966440838044
3.2825,-3.8862645249859,-0.0956644515310163,-4.20457128885819
3.285,-3.87607560927948,-0.0956644515310163,-4.20457128885819
3.2875,-3.87607560927948,-0.0956644515310163,-4.20457128885819
3.29,-3.87098115142627,-0.0956644515310163,-4.19947816933594
3.2925,-3.87098115142627,-0.0956644515310163,-4.17910569124694
3.295,-3.86079223571985,-0.0956644515310163,-4.19438504981369
3.2975,-3.87098115142627,-0.0956644515310163,-4.20457128885819
3.3,-3.85569777786664,-0.0956644515310163,-4.19947816933594
3.3025,-3.83022548860058,-0.0956644515310163,-4.16891945220244
3.305,-3.84550886216021,-0.0956644515310163,-4.16891945220244
3.3075,-3.840414404307,-0.0956644515310163,-4.16382633268019
3.31,-3.83531994645379,-0.0905687587252277,-4.17401257172469
3.3125,-3.75380862080242,-0.0956644515310163,-4.13836073506894
3.315,-3.75380862080242,-0.0956644515310163,-4.17401257172469
3.3175,-3.72324187368316,-0.0956644515310163,-4.17401257172469
3.32,-3.70795850012353,-0.0956644515310163,-4.17401257172469
3.3225,-3.6926751265639,-0.0956644515310163,-4.15364009363569
3.325,-3.67739175300426,-0.0956644515310163,-4.17910569124694
3.3275,-3.66210837944463,-0.0956644515310163,-4.18419881076919
3.33,-3.65191946373821,-0.0956644515310163,-4.20966440838044
3.3325,-3.63663609017858,-0.0956644515310163,-4.13326761554669
3.335,-3.62135271661895,-0.0956644515310163,-4.19438504981369
3.3375,-3.59588042735289,-0.0956644515310163,-4.18419881076919
3.34,-3.61116380091253,-0.0956644515310163,-4.19438504981369
3.3425,-3.60606934305932,-0.0956644515310163,-4.15873321315794
3.345,-3.60097488520611,-0.0956644515310163,-4.19438504981369
3.3475,-3.59588042735289,-0.0956644515310163,-4.19438504981369
3.35,-3.550030306674,-0.0956644515310163,-4.18929193029144
3.3525,-3.50927464384831,-0.0956644515310163,-4.17401257172469
3.355,-3.50927464384831,-0.0905687587252277,-4.16382633268019
3.3575,-3.48889681243547,-0.0956644515310163,-4.19947816933594
3.36,-3.48889681243547,-0.0956644515310163,-4.19947816933594
3.3625,-3.47870789672905,-0.0854730659194392,-4.16891945220244
3.365,-3.47361343887584,-0.0956644515310163,-4.18419881076919
3.3675,-3.46342452316942,-0.0956644515310163,-4.20457128885819
3.37,-3.44814114960979,-0.0956644515310163,-4.20966440838044
3.3725,-3.44814114960979,-0.0956644515310163,-4.20457128885819
3.375,-3.44814114960979,-0.0956644515310163,-4.19947816933594
3.3775,-3.44304669175658,-0.0956644515310163,-4.20966440838044
3.38,-3.44814114960979,-0.0956644515310163,-4.19438504981369
3.3825,-3.44814114960979,-0.0905687587252277,-4.20966440838044
3.385,-3.44304669175658,-0.0956644515310163,-4.19947816933594
3.3875,-3.44814114960979,-0.0956644515310163,-4.20457128885819
3.39,-3.44814114960979,-0.0956644515310163,-4.20966440838044
3.3925,-3.45833006531621,-0.0905687587252277,-4.20457128885819
3.395,-3.45833006531621,-0.0956644515310163,-4.21475752790269
3.3975,-3.46851898102263,-0.0956644515310163,-4.20966440838044
3.4,-3.47361343887584,-0.0956644515310163,-4.20966440838044
3.4025,-3.47870789672905,-0.0905687587252277,-4.20966440838044
3.405,-3.48380235458226,-0.0956644515310163,-4.19947816933594
3.4075,-3.48889681243547,-0.0956644515310163,-4.20966440838044
3.41,-3.5041801859951,-0.0956644515310163,-4.19947816933594
3.4125,-3.51436910170153,-0.0956644515310163,-4.20966440838044
3.415,-3.51436910170153,-0.0956644515310163,-4.20457128885819
3.4175,-3.52455801740795,-0.0956644515310163,-4.19947816933594
3.42,-3.50927464384831,-0.0956644515310163,-4.20966440838044
3.4225,-3.52965247526116,-0.0956644515310163,-4.16891945220244
3.425,-3.52965247526116,-0.0956644515310163,-4.20457128885819
3.4275,-3.53984139096758,-0.0956644515310163,-4.22494376694719
3.43,-3.57040813808684,-0.0956644515310163,-4.23003688646944
3.4325,-3.56021922238042,-0.0956644515310163,-4.23003688646944
3.435,-3.56531368023363,-0.0956644515310163,-4.20966440838044
3.4375,-3.60097488520611,-0.0956644515310163,-4.22494376694719
3.44,-3.60097488520611,-0.0956644515310163,-4.21475752790269
3.4425,-3.63154163232537,-0.0956644515310163,-4.18929193029144
3.445,-3.60606934305932,-0.0956644515310163,-4.22494376694719
3.4475,-3.66720283729784,-0.100760144336805,-4.21985064742494
3.45,-3.66720283729784,-0.0956644515310163,-4.23513000599169
3.4525,-3.68248621085748,-0.0956644515310163,-4.23003688646944
3.455,-3.6926751265639,-0.0905687587252277,-4.23513000599169
3.4575,-3.70795850012353,-0.0956644515310163,-4.23513000599169
3.46,-3.68248621085748,-0.0956644515310163,-4.23513000599169
3.4625,-3.71305295797674,-0.0956644515310163,-4.24531624503618
3.465,-3.72833633153637,-0.0956644515310163,-4.24022312551393
3.4675,-3.743619705096,-0.0956644515310163,-4.24531624503618
3.47,-3.75380862080242,-0.0956644515310163,-4.25040936455843
3.4725,-3.76399753650884,-0.0956644515310163,-4.24531624503618
3.475,-3.81494211504095,-0.0956644515310163,-4.25550248408068
3.4775,-3.80475319933453,-0.0956644515310163,-4.25040936455843
3.48,-3.81494211504095,-0.0956644515310163,-4.26059560360293
3.4825,-3.82513103074737,-0.0956644515310163,-4.23513000599169
3.485,-3.84550886216021,-0.0956644515310163,-4.21475752790269
3.4875,-3.84550886216021,-0.0956644515310163,-4.21985064742494
3.49,-3.87607560927948,-0.0956644515310163,-4.24531624503618
3.4925,-3.88117006713269,-0.0956644515310163,-4.28096808169193
3.495,-3.89645344069232,-0.0956644515310163,-4.25040936455843
3.4975,-3.90154789854553,-0.0956644515310163,-4.23003688646944
3.5,-3.91683127210516,-0.0956644515310163,-4.28606120121418
3.5025,-3.92192572995837,-0.0956644515310163,-4.28096808169193
3.505,-3.93211464566479,-0.0956644515310163,-4.04668458366845
3.5075,-3.94230356137122,-0.0956644515310163,-4.03649834462395
3.51,-3.99834259775653,-0.0956644515310163,-4.03649834462395
3.5125,-4.00853151346295,-0.0956644515310163,-0.10461007344729
3.515,-4.00853151346295,-0.0956644515310163,-4.27078184264743
3.5175,-4.00853151346295,-0.0905687587252277,-4.31152679882543
3.52,-4.01872042916937,-0.0956644515310163,-4.0110327470127
3.5225,-3.99324813990332,-0.0956644515310163,-4.0212189860572
3.525,-4.00343705560974,-0.0956644515310163,-4.0212189860572
3.5275,-4.00853151346295,-0.0956644515310163,-4.01612586653495
3.53,-4.03400380272901,-0.0956644515310163,-4.02631210557945
3.5325,-4.05438163414185,-0.0956644515310163,-4.0212189860572
3.535,-4.03909826058222,-0.0956644515310163,-4.02631210557945
3.5375,-4.01362597131616,-0.0956644515310163,-4.30134055978093
3.54,-4.01362597131616,-0.0956644515310163,-4.0212189860572
3.5425,-4.01362597131616,-0.0956644515310163,-4.31152679882543
3.545,-4.03909826058222,-0.0956644515310163,-4.24022312551393
3.5475,-4.04419271843543,-0.0956644515310163,-4.28606120121418
3.55,-4.02381488702258,-0.0956644515310163,-4.02631210557945
3.5525,-4.02381488702258,-0.100760144336805,-4.31152679882543
3.555,-4.01872042916937,-0.0956644515310163,-4.03649834462395
3.5575,-4.01362597131616,-0.0905687587252277,-4.0314052251017
3.56,-4.00343705560974,-0.0956644515310163,-4.0415914641462
3.5625,-3.99834259775653,-0.0956644515310163,-4.0110327470127
3.565,-3.98815368205011,-0.0956644515310163,-4.03649834462395
3.5675,-3.9830592241969,-0.0956644515310163,-4.0212189860572
3.57,-3.97796476634369,-0.0956644515310163,-4.0314052251017
3.5725,-3.97287030849048,-0.0956644515310163,-4.04668458366845
3.575,-3.96777585063727,-0.0905687587252277,-4.01612586653495
3.5775,-3.96268139278406,-0.0956644515310163,-4.04668458366845
3.58,-3.92192572995837,-0.0956644515310163,-4.0517777031907
3.5825,-3.91683127210516,-0.0956644515310163,-4.04668458366845
3.585,-3.93211464566479,-0.0956644515310163,-4.30643367930318
3.5875,-3.92702018781158,-0.0956644515310163,-4.29624744025868
3.59,-3.90664235639874,-0.0956644515310163,-4.29115432073643
3.5925,-3.89135898283911,-0.0956644515310163,-4.12817449602444
3.595,-3.87098115142627,-0.0956644515310163,-4.25550248408068
3.5975,-3.86079223571985,-0.0956644515310163,-4.13326761554669
3.6,-3.87607560927948,-0.0956644515310163,-4.13836073506894
3.6025,-3.86588669357306,-0.0956644515310163,-4.29115432073643
3.605,-3.85569777786664,-0.0956644515310163,-4.13836073506894
3.6075,-3.79965874148132,-0.0956644515310163,-4.12817449602444
3.61,-3.77928091006848,-0.0956644515310163,-4.13836073506894
3.6125,-3.77418645221527,-0.0956644515310163,-4.15364009363569
3.615,-3.73852524724279,-0.0956644515310163,-4.15873321315794
3.6175,-3.74871416294921,-0.0956644515310163,-4.17910569124694
3.62,-3.71814741582995,-0.0956644515310163,-4.31152679882543
3.6225,-3.72833633153637,-0.0956644515310163,-4.17401257172469
3.625,-3.69776958441711,-0.0905687587252277,-4.14345385459119
3.6275,-3.6926751265639,-0.0956644515310163,-4.13836073506894
3.63,-3.68758066871069,-0.0956644515310163,-4.11798825697995
3.6325,-3.65701392159142,-0.0956644515310163,-4.13326761554669
3.635,-3.646825005885,-0.0956644515310163,-4.03649834462395
3.6375,-3.63663609017858,-0.0956644515310163,-4.0517777031907
3.64,-3.64173054803179,-0.0956644515310163,-4.0517777031907
3.6425,-3.62644717447216,-0.0956644515310163,-4.10780201793545
3.645,-3.63154163232537,-0.0956644515310163,-4.01612586653495
3.6475,-3.62135271661895,-0.0956644515310163,-4.02631210557945
3.65,-3.62135271661895,-0.0956644515310163,-4.0415914641462
3.6525,-3.61625825876574,-0.0956644515310163,-4.12308137650219
3.655,-3.61625825876574,-0.0956644515310163,-4.0110327470127
3.6575,-3.61116380091253,-0.0905687587252277,-4.0212189860572
3.66,-3.61116380091253,-0.0956644515310163,-4.02631210557945
3.6625,-3.61116380091253,-0.0956644515310163,-4.02631210557945
3.665,-3.61625825876574,-0.0956644515310163,-3.99575338844596
3.6675,-3.61116380091253,-0.0956644515310163,-4.0212189860572
3.67,-3.61625825876574,-0.0956644515310163,-4.09761577889095
3.6725,-3.60606934305932,-0.0905687587252277,-4.12817449602444
3.675,-3.62135271661895,-0.0905687587252277,-4.11798825697995
3.6775,-3.60097488520611,-0.0956644515310163,-4.02631210557945
3.68,-3.61625825876574,-0.0956644515310163,-4.02631210557945
3.6825,-3.61625825876574,-0.0956644515310163,-4.11798825697995
3.685,-3.61625825876574,-0.0956644515310163,-4.12817449602444
3.6875,-3.62135271661895,-0.0956644515310163,-4.08742953984645
3.69,-3.63154163232537,-0.0956644515310163,-4.09761577889095
3.6925,-3.63154163232537,-0.0956644515310163,-4.32171303786993
3.695,-3.64173054803179,-0.0956644515310163,-4.04668458366845
3.6975,-3.63663609017858,-0.0956644515310163,-4.34208551595893
3.7,-3.646825005885,-0.0956644515310163,-4.33189927691443
3.7025,-3.65191946373821,-0.0956644515310163,-4.30134055978093
3.705,-3.65701392159142,-0.0905687587252277,-4.08742953984645
3.7075,-3.66210837944463,-0.0956644515310163,-4.0721501812797
3.71,-3.66210837944463,-0.0956644515310163,-4.08742953984645
3.7125,-3.66720283729784,-0.0905687587252277,-4.10780201793545
3.715,-3.66210837944463,-0.0956644515310163,-4.10780201793545
3.7175,-3.68248621085748,-0.0956644515310163,-4.10780201793545
3.72,-3.68248621085748,-0.0956644515310163,-4.09761577889095
3.7225,-3.68758066871069,-0.0905687587252277,-0.206472463892283
3.725,-3.71305295797674,-0.0956644515310163,-2.19788219709186
3.7275,-3.67229729515105,-0.0956644515310163,-4.18419881076919
3.73,-3.66720283729784,-0.0956644515310163,-4.30134055978093
3.7325,-3.66210837944463,-0.0956644515310163,-4.0721501812797
3.735,-3.65701392159142,-0.0956644515310163,-4.35736487452567
3.7375,-3.6926751265639,-0.0956644515310163,-4.0212189860572
3.74,-3.68248621085748,-0.0956644515310163,-4.0212189860572
3.7425,-3.71305295797674,-0.0956644515310163,-3.98556714940146
3.745,-3.67739175300426,-0.0956644515310163,-3.98556714940146
3.7475,-3.69776958441711,-0.0956644515310163,-4.0110327470127
3.75,-3.6926751265639,-0.0956644515310163,-4.0212189860572
3.7525,-3.68758066871069,-0.0956644515310163,-4.31661991834768
3.755,-3.68758066871069,-0.0956644515310163,-4.0212189860572
3.7575,-3.68758066871069,-0.0956644515310163,-4.01612586653495
3.76,-3.68248621085748,-0.0956644515310163,-3.97538091035696
3.7625,-3.68758066871069,-0.0956644515310163,-3.93463595417896
3.765,-3.67229729515105,-0.0956644515310163,-3.94482219322346
3.7675,-3.70286404227032,-0.0956644515310163,-3.95500843226796
3.77,-3.66720283729784,-0.0956644515310163,-3.96010155179021
3.7725,-3.67739175300426,-0.0956644515310163,-3.96010155179021
3.775,-3.67229729515105,-0.0956644515310163,-3.94991531274571
3.7775,-3.67229729515105,-0.0956644515310163,-3.96010155179021
3.78,-3.66210837944463,-0.0956644515310163,-3.95500843226796
3.7825,-3.66210837944463,-0.0956644515310163,-3.90407723704546
3.785,-3.64173054803179,-0.0956644515310163,-3.95500843226796
3.7875,-3.66210837944463,-0.0905687587252277,-3.94482219322346
3.79,-3.66210837944463,-0.0956644515310163,-3.93463595417896
3.7925,-3.66210837944463,-0.0956644515310163,-3.92954283465671
3.795,-3.63663609017858,-0.0956644515310163,-3.98556714940146
3.7975,-3.63154163232537,-0.0956644515310163,-4.24531624503618
3.8,-3.60606934305932,-0.0956644515310163,-3.97028779083471
3.8025,-3.59078596949968,-0.0956644515310163,-3.98047402987921
3.805,-3.59588042735289,-0.0905687587252277,-4.28096808169193
3.8075,-3.58569151164647,-0.0956644515310163,-3.98556714940146
3.81,-3.55512476452721,-0.0956644515310163,-3.97538091035696
3.8125,-3.54493584882079,-0.0956644515310163,-3.97538091035696
3.815,-3.53984139096758,-0.0956644515310163,-3.93972907370121
3.8175,-3.53984139096758,-0.0956644515310163,-3.92954283465671
3.82,-3.53984139096758,-0.0956644515310163,-3.92954283465671
3.8225,-3.550030306674,-0.0905687587252277,-3.92954283465671
3.825,-3.54493584882079,-0.0956644515310163,-3.92444971513446
3.8275,-0.0959878821972175,-0.0956644515310163,-3.92954283465671
3.83,-0.0959878821972175,-0.0956644515310163,-3.89389099800096
3.8325,-0.0908934243440065,-0.0956644515310163,-3.92444971513446
3.835,-0.0959878821972175,-0.0956644515310163,-3.91935659561221
3.8375,-0.0908934243440065,-0.0956644515310163,-3.88879787847871
3.84,-0.0908934243440065,-0.0905687587252277,-3.92444971513446
3.8425,-0.0908934243440065,-0.0956644515310163,-3.90917035656771
3.845,-0.0908934243440065,-0.0956644515310163,-3.91426347608996
3.8475,-3.43795223390337,-0.0956644515310163,-3.90407723704546
3.85,-3.42776331819694,-0.0956644515310163,-3.89898411752321
3.8525,-3.42776331819694,-0.0956644515310163,-3.90407723704546
3.855,-3.42776331819694,-0.0956644515310163,-4.22494376694719
3.8575,-3.42776331819694,-0.0956644515310163,-3.95500843226796
3.86,-3.42266886034373,-0.0956644515310163,-3.87351851991197
3.8625,-3.41757440249052,-0.0956644515310163,-3.87861163943422
3.865,-3.41247994463731,-0.0956644515310163,-3.87861163943422
3.8675,-3.4073854867841,-0.0956644515310163,-4.22494376694719
3.87,-3.41247994463731,-0.0905687587252277,-3.97028779083471
3.8725,-3.41247994463731,-0.0956644515310163,-3.96010155179021
3.875,-3.41757440249052,-0.0905687587252277,-3.97028779083471
3.8775,-3.41247994463731,-0.0956644515310163,-3.94482219322346
3.88,-3.41757440249052,-0.0956644515310163,-3.91426347608996
3.8825,-3.41757440249052,-0.0956644515310163,-3.92444971513446
3.885,-3.42266886034373,-0.0905687587252277,-3.97028779083471
3.8875,-3.43795223390337,-0.0905687587252277,-3.94482219322346
3.89,-3.42776331819694,-0.0956644515310163,-3.94991531274571
3.8925,-3.42776331819694,-0.0956644515310163,-3.94991531274571
3.895,-3.41757440249052,-0.0956644515310163,-3.96010155179021
3.8975,-3.41247994463731,-0.0956644515310163,-3.94991531274571
3.9,-3.43795223390337,-0.0956644515310163,-3.98047402987921
3.9025,-3.41247994463731,-0.0956644515310163,-3.98556714940146
3.905,-3.41757440249052,-0.0956644515310163,-4.15364009363569
3.9075,-3.4073854867841,-0.0956644515310163,-3.92954283465671
3.91,-3.41757440249052,-0.0956644515310163,-3.91426347608996
3.9125,-3.39719657107768,-0.0956644515310163,-3.92444971513446
3.915,-3.43285777605016,-0.0956644515310163,-4.13836073506894
3.9175,-3.42266886034373,-0.0956644515310163,-4.13326761554669
3.92,-3.40229102893089,-0.0956644515310163,-4.16382633268019
3.9225,-3.38191319751805,-0.0956644515310163,-4.15873321315794
3.925,-3.37681873966484,-0.0956644515310163,-4.15873321315794
3.9275,-3.38191319751805,-0.0956644515310163,-4.15364009363569
3.93,-3.38191319751805,-0.0956644515310163,-4.14854697411344
3.9325,-3.38191319751805,-0.0956644515310163,-4.14854697411344
3.935,-3.38700765537126,-0.0905687587252277,-4.13836073506894
3.9375,-3.38191319751805,-0.0956644515310163,-4.20457128885819
3.94,-3.41757440249052,-0.0956644515310163,-4.18929193029144
3.9425,-3.42776331819694,-0.0956644515310163,-4.18929193029144
3.945,-3.42266886034373,-0.0956644515310163,-4.16891945220244
3.9475,-3.44814114960979,-0.0956644515310163,-4.16382633268019
3.95,-3.42266886034373,-0.0956644515310163,-4.16891945220244
3.9525,-3.43795223390337,-0.0905687587252277,-4.18419881076919
3.955,-3.44304669175658,-0.0956644515310163,-4.17910569124694
3.9575,-3.453235607463,-0.0956644515310163,-4.17401257172469
3.96,-3.453235607463,-0.0956644515310163,-4.17401257172469
3.9625,-3.46342452316942,-0.0956644515310163,-4.15873321315794
3.965,-3.46851898102263,-0.0956644515310163,-4.15364009363569
3.9675,-3.47870789672905,-0.0956644515310163,-4.15873321315794
3.97,-3.48380235458226,-0.0905687587252277,-4.15873321315794
3.9725,-3.51946355955474,-0.0956644515310163,-4.15873321315794
3.975,-3.48889681243547,-0.0956644515310163,-4.17401257172469
3.9775,-3.50927464384831,-0.0956644515310163,-4.19438504981369
3.98,-3.5041801859951,-0.0956644515310163,-4.20966440838044
3.9825,-3.51436910170153,-0.0956644515310163,-4.19947816933594
3.985,-3.51436910170153,-0.0956644515310163,-4.19947816933594
3.9875,-3.5041801859951,-0.0956644515310163,-4.17401257172469
3.99,-3.5041801859951,-0.0956644515310163,-4.17910569124694
3.9925,-3.50927464384831,-0.0956644515310163,-4.18929193029144
3.995,-3.50927464384831,-0.0956644515310163,-4.18419881076919
3.9975,-3.50927464384831,-0.0956644515310163,-4.18929193029144
4,-3.50927464384831,-0.0905687587252277,-4.19438504981369
4.0025,-3.51436910170153,-0.0905687587252277,-4.19438504981369
4.005,-3.51436910170153,-0.0956644515310163,-4.17401257172469
4.0075,-3.51946355955474,-0.0956644515310163,-4.16891945220244
4.01,-3.51436910170153,-0.0956644515310163,-4.17910569124694
4.0125,-3.51436910170153,-0.0956644515310163,-4.20457128885819
4.015,-3.53474693311437,-0.0905687587252277,-4.17910569124694
4.0175,-3.5041801859951,-0.0905687587252277,-4.18419881076919
4.02,-3.51436910170153,-0.0956644515310163,-4.23513000599169
4.0225,-3.51436910170153,-0.0956644515310163,-4.21985064742494
4.025,-3.52455801740795,-0.0956644515310163,-4.16891945220244
4.0275,-3.52455801740795,-0.0956644515310163,-4.19438504981369
4.03,-3.52455801740795,-0.0956644515310163,-4.19947816933594
4.0325,-3.52455801740795,-0.0956644515310163,-4.19438504981369
4.035,-3.53474693311437,-0.0905687587252277,-4.17910569124694
4.0375,-3.53984139096758,-0.0956644515310163,-4.16891945220244
4.04,-3.54493584882079,-0.0956644515310163,-4.20457128885819
4.0425,-3.54493584882079,-0.0956644515310163,-4.20966440838044
4.045,-3.55512476452721,-0.0956644515310163,-4.17401257172469
4.0475,-3.550030306674,-0.100760144336805,-4.21475752790269
4.05,-3.56531368023363,-0.0956644515310163,-4.20457128885819
4.0525,-3.56531368023363,-0.0905687587252277,-4.21475752790269
4.055,-3.57550259594005,-0.0956644515310163,-4.18419881076919
4.0575,-3.57550259594005,-0.0956644515310163,-4.18419881076919
4.06,-3.58059705379326,-0.0956644515310163,-4.21985064742494
4.0625,-3.58569151164647,-0.0956644515310163,-4.21475752790269
4.065,-3.63663609017858,-0.0956644515310163,-4.19438504981369
4.0675,-3.63663609017858,-0.0905687587252277,-4.21985064742494
4.07,-3.62135271661895,-0.0956644515310163,-4.21985064742494
4.0725,-3.62644717447216,-0.0956644515310163,-4.23003688646944
4.075,-3.62644717447216,-0.0956644515310163,-4.21985064742494
4.0775,-3.63154163232537,-0.0956644515310163,-4.26059560360293
4.08,-3.64173054803179,-0.0956644515310163,-4.25550248408068
4.0825,-3.646825005885,-0.0905687587252277,-4.26059560360293
4.085,-3.646825005885,-0.0956644515310163,-4.21475752790269
4.0875,-3.67229729515105,-0.0956644515310163,-4.20966440838044
4.09,-3.66720283729784,-0.0956644515310163,-4.27078184264743
4.0925,-3.67739175300426,-0.0956644515310163,-4.29115432073643
4.095,-3.64173054803179,-0.0956644515310163,-4.26059560360293
4.0975,-3.67739175300426,-0.0956644515310163,-4.27078184264743
4.1,-3.65191946373821,-0.0905687587252277,-4.23003688646944
4.1025,-3.67739175300426,-0.0956644515310163,-4.24022312551393
4.105,-3.67229729515105,-0.0956644515310163,-4.20966440838044
4.1075,-3.67739175300426,-0.0956644515310163,-4.27078184264743
4.11,-3.66720283729784,-0.0956644515310163,-4.26568872312518
4.1125,-3.65191946373821,-0.0956644515310163,-4.26059560360293
4.115,-3.66720283729784,-0.0956644515310163,-4.26568872312518
4.1175,-3.67229729515105,-0.0956644515310163,-4.25550248408068
4.12,-3.646825005885,-0.0956644515310163,-4.26568872312518
4.1225,-3.67229729515105,-0.0956644515310163,-4.25550248408068
4.125,-3.67229729515105,-0.0956644515310163,-4.25040936455843
4.1275,-3.67229729515105,-0.0956644515310163,-4.25550248408068
4.13,-3.66720283729784,-0.0956644515310163,-4.24531624503618
4.1325,-3.67229729515105,-0.0956644515310163,-4.25040936455843
4.135,-3.67229729515105,-0.0905687587252277,-4.24022312551393
4.1375,-3.67739175300426,-0.0956644515310163,-4.24022312551393
4.14,-3.67229729515105,-0.0956644515310163,-4.25040936455843
4.1425,-3.72833633153637,-0.0956644515310163,-4.23513000599169
4.145,-3.65701392159142,-0.0956644515310163,-4.24531624503618
4.1475,-3.66720283729784,-0.0956644515310163,-4.26059560360293
4.15,-3.66720283729784,-0.0956644515310163,-4.26568872312518
4.1525,-3.67229729515105,-0.0956644515310163,-4.26059560360293
4.155,-3.67229729515105,-0.0956644515310163,-4.23003688646944
4.1575,-3.66720283729784,-0.0956644515310163,-4.23003688646944
4.16,-3.67229729515105,-0.0956644515310163,-4.22494376694719
4.1625,-3.67229729515105,-0.0956644515310163,-4.22494376694719
4.165,-3.67229729515105,-0.0956644515310163,-4.22494376694719
4.1675,-3.67229729515105,-0.0956644515310163,-4.21475752790269
4.17,-3.67229729515105,-0.0956644515310163,-4.22494376694719
4.1725,-3.67229729515105,-0.0956644515310163,-4.21475752790269
4.175,-3.67229729515105,-0.0956644515310163,-4.22494376694719
4.1775,-3.67229729515105,-0.0956644515310163,-4.21985064742494
4.18,-3.67739175300426,-0.0956644515310163,-4.21985064742494
4.1825,-3.66720283729784,-0.0956644515310163,-4.24022312551393
4.185,-3.67229729515105,-0.0956644515310163,-4.26059560360293
4.1875,-3.66210837944463,-0.0956644515310163,-4.29624744025868
4.19,-3.66720283729784,-0.0956644515310163,-4.28096808169193
4.1925,-3.66210837944463,-0.0905687587252277,-4.26568872312518
4.195,-3.65701392159142,-0.0956644515310163,-4.26568872312518
4.1975,-3.65191946373821,-0.0956644515310163,-4.26059560360293
4.2,-3.65191946373821,-0.0905687587252277,-4.26568872312518
4.2025,-3.646825005885,-0.0956644515310163,-4.23003688646944
4.205,-3.646825005885,-0.0956644515310163,-4.23513000599169
4.2075,-3.64173054803179,-0.0956644515310163,-4.23513000599169
4.21,-3.64173054803179,-0.0956644515310163,-4.23003688646944
4.2125,-3.64173054803179,-0.0905687587252277,-4.24022312551393
4.215,-3.63663609017858,-0.0956644515310163,-4.23003688646944
4.2175,-3.646825005885,-0.0956644515310163,-4.24022312551393
4.22,-3.65191946373821,-0.0956644515310163,-4.23003688646944
4.2225,-3.65701392159142,-0.0956644515310163,-4.23003688646944
4.225,-3.64173054803179,-0.0956644515310163,-4.22494376694719
4.2275,-3.646825005885,-0.0956644515310163,-4.21985064742494
4.23,-3.63154163232537,-0.0905687587252277,-4.25040936455843
4.2325,-3.64173054803179,-0.0956644515310163,-4.24531624503618
4.235,-3.62644717447216,-0.0956644515310163,-4.25040936455843
4.2375,-3.62644717447216,-0.0956644515310163,-4.27078184264743
4.24,-3.62135271661895,-0.0956644515310163,-4.26568872312518
4.2425,-3.62135271661895,-0.0956644515310163,-4.27078184264743
4.245,-3.61116380091253,-0.0956644515310163,-4.26568872312518
4.2475,-3.61625825876574,-0.0956644515310163,-4.27587496216968
4.25,-3.60606934305932,-0.0956644515310163,-4.27078184264743
4.2525,-3.60606934305932,-0.0956644515310163,-4.26059560360293
4.255,-3.60097488520611,-0.0956644515310163,-4.24531624503618
4.2575,-3.59588042735289,-0.0956644515310163,-4.23003688646944
4.26,-3.59078596949968,-0.0956644515310163,-4.24531624503618
4.2625,-3.59078596949968,-0.0956644515310163,-4.29115432073643
4.265,-3.58569151164647,-0.0956644515310163,-4.25550248408068
4.2675,-3.62135271661895,-0.0956644515310163,-4.25550248408068
4.27,-3.59588042735289,-0.0956644515310163,-4.25040936455843
4.2725,-3.61625825876574,-0.100760144336805,-4.28096808169193
4.275,-3.62135271661895,-0.0956644515310163,-4.24531624503618
4.2775,-3.61625825876574,-0.0956644515310163,-4.25040936455843
4.28,-3.59078596949968,-0.0956644515310163,-4.24531624503618
4.2825,-3.61625825876574,-0.0956644515310163,-4.24022312551393
4.285,-3.646825005885,-0.0956644515310163,-4.25040936455843
4.2875,-3.64173054803179,-0.0956644515310163,-4.29624744025868
4.29,-3.61625825876574,-0.0956644515310163,-4.27587496216968
4.2925,-3.61625825876574,-0.0854730659194392,-4.26568872312518
4.295,-3.62135271661895,-0.0956644515310163,-4.24531624503618
4.2975,-3.62135271661895,-0.0956644515310163,-4.29624744025868
4.3,-9.45960141639829,-0.0956644515310163,-4.25550248408068
4.3025,-3.61625825876574,-0.0956644515310163,-4.24022312551393
4.305,-3.62644717447216,-0.0956644515310163,-4.23513000599169
4.3075,-3.62644717447216,-0.0956644515310163,-4.25040936455843
4.31,-3.63154163232537,-0.0956644515310163,-4.24022312551393
4.3125,-3.63154163232537,-0.0956644515310163,-4.23513000599169
4.315,-3.63663609017858,-0.0956644515310163,-4.23513000599169
4.3175,-3.64173054803179,-0.0956644515310163,-4.23003688646944
4.32,-3.66720283729784,-0.0956644515310163,-4.20457128885819
4.3225,-3.64173054803179,-0.0956644515310163,-4.25040936455843
4.325,-3.67229729515105,-0.0956644515310163,-4.24022312551393
4.3275,-3.67739175300426,-0.0956644515310163,-4.24531624503618
4.33,-3.66210837944463,-0.0905687587252277,-4.23003688646944
4.3325,-3.66210837944463,-0.0956644515310163,-4.23003688646944
4.335,-3.68758066871069,-0.0905687587252277,-4.21475752790269
4.3375,-3.67229729515105,-0.0956644515310163,-4.21985064742494
4.34,-3.67739175300426,-0.0956644515310163,-4.21475752790269
4.3425,-3.68758066871069,-0.0956644515310163,-4.22494376694719
4.345,-3.68758066871069,-0.0956644515310163,-4.20457128885819
4.3475,-3.70286404227032,-0.0905687587252277,-4.22494376694719
4.35,-3.70795850012353,-0.100760144336805,-4.22494376694719
4.3525,-3.71814741582995,-0.0956644515310163,-4.22494376694719
4.355,-3.72324187368316,-0.0956644515310163,-4.22494376694719
4.3575,-3.73343078938958,-0.0956644515310163,-4.23003688646944
4.36,-3.73852524724279,-0.0905687587252277,-4.22494376694719
4.3625,-3.75890307865563,-0.0956644515310163,-4.23003688646944
4.365,-3.75380862080242,-0.0956644515310163,-4.22494376694719
4.3675,-3.76399753650884,-0.0956644515310163,-4.19947816933594
4.37,-3.77418645221527,-0.0956644515310163,-4.20966440838044
4.3725,-3.78437536792169,-0.0956644515310163,-4.21985064742494
4.375,-3.7894698257749,-0.0956644515310163,-4.25550248408068
4.3775,-3.80984765718774,-0.0956644515310163,-4.19438504981369
4.38,-3.81494211504095,-0.0956644515310163,-4.22494376694719
4.3825,-3.83022548860058,-0.0956644515310163,-4.23003688646944
4.385,-3.81494211504095,-0.0956644515310163,-4.23003688646944
4.3875,-3.84550886216021,-0.0956644515310163,-4.23513000599169
4.39,-3.85569777786664,-0.0956644515310163,-4.23003688646944
4.3925,-3.86588669357306,-0.0956644515310163,-4.23513000599169
4.395,-3.85060332001342,-0.0956644515310163,-4.24022312551393
4.3975,-3.8862645249859,-0.0956644515310163,-4.20457128885819
4.4,-3.89645344069232,-0.0956644515310163,-4.21475752790269
4.4025,-3.90154789854553,-0.0956644515310163,-4.23003688646944
4.405,-3.90664235639874,-0.0956644515310163,-4.23513000599169
4.4075,-3.90664235639874,-0.0956644515310163,-4.23003688646944
4.41,-3.92702018781158,-0.0956644515310163,-4.23003688646944
4.4125,-3.92702018781158,-0.0956644515310163,-4.23003688646944
4.415,-3.94739801922443,-0.0956644515310163,-4.21985064742494
4.4175,-3.94230356137122,-0.0956644515310163,-4.20457128885819
4.42,-3.95758693493085,-0.0956644515310163,-4.21985064742494
4.4225,-3.95758693493085,-0.0956644515310163,-4.23003688646944
4.425,-3.96777585063727,-0.0956644515310163,-4.21985064742494
4.4275,-3.99324813990332,-0.0956644515310163,-4.21475752790269
4.43,-3.97287030849048,-0.0905687587252277,-4.21985064742494
4.4325,-3.9830592241969,-0.0905687587252277,-4.21475752790269
4.435,-3.9830592241969,-0.0956644515310163,-4.21985064742494
4.4375,-3.99834259775653,-0.0956644515310163,-4.21475752790269
4.44,-4.00343705560974,-0.0956644515310163,-4.20966440838044
4.4425,-3.99834259775653,-0.0956644515310163,-4.21475752790269
4.445,-4.00853151346295,-0.0956644515310163,-4.19947816933594
4.4475,-4.00853151346295,-0.0956644515310163,-4.21475752790269
4.45,-4.01362597131616,-0.0956644515310163,-4.20457128885819
4.4525,-4.02381488702258,-0.0956644515310163,-4.20966440838044
4.455,-4.02381488702258,-0.0956644515310163,-4.20457128885819
4.4575,-4.02381488702258,-0.0956644515310163,-4.20457128885819
4.46,-4.01872042916937,-0.0956644515310163,-4.20457128885819
4.4625,-4.01872042916937,-0.0956644515310163,-4.19947816933594
4.465,-4.01872042916937,-0.0956644515310163,-4.20457128885819
4.4675,-4.02381488702258,-0.0956644515310163,-4.19947816933594
4.47,-4.04419271843543,-0.0956644515310163,-4.19947816933594
4.4725,-4.02381488702258,-0.0956644515310163,-4.19947816933594
4.475,-3.99324813990332,-0.0905687587252277,-4.19438504981369
4.4775,-4.02381488702258,-0.0956644515310163,-4.19947816933594
4.48,-3.98815368205011,-0.0956644515310163,-4.19438504981369
4.4825,-3.98815368205011,-0.0956644515310163,-4.24022312551393
4.485,-3.97796476634369,-0.0956644515310163,-4.16891945220244
4.4875,-3.98815368205011,-0.0956644515310163,-4.20966440838044
4.49,-3.97287030849048,-0.0905687587252277,-4.18419881076919
4.4925,-3.97287030849048,-0.0956644515310163,-4.17401257172469
4.495,-3.96268139278406,-0.0956644515310163,-4.20966440838044
4.4975,-3.95758693493085,-0.0956644515310163,-4.20966440838044
4.5,-3.95249247707764,-0.0956644515310163,-4.20457128885819
4.5025,-3.94230356137122,-0.0956644515310163,-4.20966440838044
4.505,-3.94739801922443,-0.0956644515310163,-4.20457128885819
4.5075,-3.95249247707764,-0.0956644515310163,-4.20966440838044
4.51,-3.90664235639874,-0.0956644515310163,-4.20457128885819
4.5125,-3.89645344069232,-0.0956644515310163,-4.20966440838044
4.515,-3.91173681425195,-0.0956644515310163,-4.20966440838044
4.5175,-3.90154789854553,-0.0956644515310163,-4.20457128885819
4.52,-3.87098115142627,-0.0956644515310163,-4.21475752790269
4.5225,-3.8862645249859,-0.0956644515310163,-4.17910569124694
4.525,-3.88117006713269,-0.0956644515310163,-4.18929193029144
4.5275,-3.840414404307,-0.0956644515310163,-4.18419881076919
4.53,-3.84550886216021,-0.0956644515310163,-4.18419881076919
4.5325,-3.82003657289416,-0.0956644515310163,-4.19438504981369
4.535,-3.82003657289416,-0.0854730659194392,-4.19438504981369
4.5375,-3.80984765718774,-0.0956644515310163,-4.19947816933594
4.54,-3.80475319933453,-0.0956644515310163,-4.19438504981369
4.5425,-3.7894698257749,-0.0956644515310163,-4.16891945220244
4.545,-3.78437536792169,-0.0956644515310163,-4.17401257172469
4.5475,-3.77418645221527,-0.0956644515310163,-4.17401257172469
4.55,-3.76399753650884,-0.0956644515310163,-4.20457128885819
4.5525,-3.75380862080242,-0.0956644515310163,-4.16891945220244
4.555,-3.743619705096,-0.0905687587252277,-4.19947816933594
4.5575,-3.73852524724279,-0.0956644515310163,-4.20457128885819
4.56,-3.72833633153637,-0.0956644515310163,-4.19947816933594
4.5625,-3.71814741582995,-0.0956644515310163,-4.20966440838044
4.565,-3.70795850012353,-0.0956644515310163,-4.19947816933594
4.5675,-3.69776958441711,-0.0956644515310163,-4.20457128885819
4.57,-3.71305295797674,-0.0956644515310163,-4.19947816933594
4.5725,-3.68758066871069,-0.0956644515310163,-4.16891945220244
4.575,-3.67739175300426,-0.0956644515310163,-4.20457128885819
4.5775,-3.67739175300426,-0.0956644515310163,-4.16891945220244
4.58,-3.66210837944463,-0.0956644515310163,-4.20457128885819
4.5825,-3.68248621085748,-0.0956644515310163,-4.09761577889095
4.585,-3.68248621085748,-0.0956644515310163,-4.17401257172469
4.5875,-3.66210837944463,-0.0956644515310163,-4.17401257172469
4.59,-3.67229729515105,-0.0956644515310163,-4.18929193029144
4.5925,-3.66720283729784,-0.0956644515310163,-4.16891945220244
4.595,-0.167310292142165,-0.0956644515310163,-4.16382633268019
4.5975,-0.0959878821972175,-0.0956644515310163,-4.18929193029144
4.6,-0.0908934243440065,-0.0956644515310163,-4.18929193029144
4.6025,-0.0908934243440065,-0.0956644515310163,-4.17910569124694
4.605,-0.0959878821972175,-0.0956644515310163,-4.18419881076919
4.6075,-3.49908572814189,-0.0905687587252277,-4.17910569124694
4.61,-3.56531368023363,-0.0956644515310163,-4.17910569124694
4.6125,-3.56021922238042,-0.0956644515310163,-4.17910569124694
4.615,-3.56531368023363,-0.0956644515310163,-4.17401257172469
4.6175,-0.483166679041222,-0.0956644515310163,-4.17910569124694
4.62,-0.0959878821972175,-0.0956644515310163,-4.16891945220244
4.6225,-0.590150293958645,-0.0956644515310163,-4.07724330080195
4.625,-3.56021922238042,-0.0905687587252277,-4.06705706175745
4.6275,-3.52965247526116,-0.0956644515310163,-4.17910569124694
4.63,-3.52455801740795,-0.0956644515310163,-4.18419881076919
4.6325,-3.52455801740795,-0.0956644515310163,-4.14854697411344
4.635,-3.51436910170153,-0.0956644515310163,-4.17401257172469
4.6375,-3.51946355955474,-0.0956644515310163,-4.17401257172469
4.64,-3.50927464384831,-0.0956644515310163,-4.17910569124694
4.6425,-3.5041801859951,-0.0956644515310163,-4.17401257172469
4.645,-3.50927464384831,-0.0956644515310163,-4.14345385459119
4.6475,-3.5041801859951,-0.0956644515310163,-4.15873321315794
4.65,-3.49908572814189,-0.0956644515310163,-4.19947816933594
4.6525,-3.5041801859951,-0.0956644515310163,-4.18929193029144
4.655,-3.48889681243547,-0.0956644515310163,-4.18929193029144
4.6575,-3.49399127028868,-0.0956644515310163,-4.20966440838044
4.66,-3.48380235458226,-0.0956644515310163,-4.24022312551393
4.6625,-3.48380235458226,-0.0956644515310163,-4.19438504981369
4.665,-3.47870789672905,-0.0956644515310163,-4.13836073506894
4.6675,-3.47870789672905,-0.0956644515310163,-4.13326761554669
4.67,-3.47870789672905,-0.0956644515310163,-4.15364009363569
4.6725,-3.47870789672905,-0.0956644515310163,-4.16382633268019
4.675,-3.47870789672905,-0.0956644515310163,-4.20966440838044
4.6775,-3.47870789672905,-0.0956644515310163,-4.17910569124694
4.68,-3.47870789672905,-0.0956644515310163,-4.16891945220244
4.6825,-3.47361343887584,-0.0956644515310163,-4.02631210557945
4.685,-3.47361343887584,-0.0956644515310163,-4.0619639422352
4.6875,-3.47870789672905,-0.0956644515310163,-4.15364009363569
4.69,-3.49908572814189,-0.0956644515310163,-4.18929193029144
4.6925,-3.49399127028868,-0.0956644515310163,-4.14345385459119
4.695,-3.47361343887584,-0.0956644515310163,-4.14345385459119
4.6975,-3.47870789672905,-0.0956644515310163,-4.16891945220244
4.7,-3.51436910170153,-0.0956644515310163,-4.15873321315794
4.7025,-3.50927464384831,-0.0956644515310163,-4.15364009363569
4.705,-3.49908572814189,-0.0956644515310163,-4.15364009363569
4.7075,-3.5041801859951,-0.0956644515310163,-4.05687082271295
4.71,-3.51946355955474,-0.0956644515310163,-4.14345385459119
4.7125,-3.51946355955474,-0.0956644515310163,-4.16891945220244
4.715,-3.53474693311437,-0.0956644515310163,-4.14345385459119
4.7175,-3.54493584882079,-0.0956644515310163,-4.13836073506894
4.72,-3.550030306674,-0.0905687587252277,-4.16891945220244
4.7225,-3.58569151164647,-0.0956644515310163,-4.16382633268019
4.725,-3.60097488520611,-0.0956644515310163,-4.13836073506894
4.7275,-3.57550259594005,-0.0956644515310163,-4.14345385459119
4.73,-3.58059705379326,-0.0956644515310163,-4.15873321315794
4.7325,-3.63154163232537,-0.0956644515310163,-4.15364009363569
4.735,-3.61625825876574,-0.0956644515310163,-4.06705706175745
4.7375,-3.63154163232537,-0.0956644515310163,-4.12817449602444
4.74,-3.63663609017858,-0.100760144336805,-4.12308137650219
4.7425,-3.65701392159142,-0.0956644515310163,-4.12308137650219
4.745,-3.65701392159142,-0.0956644515310163,-4.19438504981369
4.7475,-3.66720283729784,-0.0956644515310163,-4.16382633268019
4.75,-3.66720283729784,-0.0956644515310163,-4.14345385459119
4.7525,-3.68248621085748,-0.0956644515310163,-4.14345385459119
4.755,-3.68248621085748,-0.0956644515310163,-4.14345385459119
4.7575,-3.6926751265639,-0.0956644515310163,-4.15364009363569
4.76,-3.6926751265639,-0.0956644515310163,-4.14854697411344
4.7625,-3.70286404227032,-0.0956644515310163,-4.18929193029144
4.765,-3.69776958441711,-0.0905687587252277,-4.15873321315794
4.7675,-3.70286404227032,-0.0956644515310163,-4.13326761554669
4.77,-3.70286404227032,-0.0956644515310163,-4.15873321315794
4.7725,-3.70795850012353,-0.0854730659194392,-4.15364009363569
4.775,-3.72324187368316,-0.0956644515310163,-4.17910569124694
4.7775,-3.743619705096,-0.0956644515310163,-4.13836073506894
4.78,-3.72324187368316,-0.0956644515310163,-4.17910569124694
4.7825,-3.72833633153637,-0.0956644515310163,-4.16891945220244
4.785,-3.73343078938958,-0.0956644515310163,-4.17401257172469
4.7875,-3.743619705096,-0.0956644515310163,-4.17401257172469
4.79,-3.74871416294921,-0.0956644515310163,-4.14854697411344
4.7925,-3.74871416294921,-0.0956644515310163,-4.15364009363569
4.795,-3.77418645221527,-0.0956644515310163,-4.14854697411344
4.7975,-3.75380862080242,-0.0956644515310163,-4.14854697411344
4.8,-3.80475319933453,-0.0905687587252277,-4.14854697411344
4.8025,-3.77928091006848,-0.0956644515310163,-4.13836073506894
4.805,-3.78437536792169,-0.0956644515310163,-4.16891945220244
4.8075,-3.82003657289416,-0.0956644515310163,-4.13326761554669
4.81,-3.76909199436206,-0.0956644515310163,-4.13836073506894
4.8125,-3.79456428362811,-0.0956644515310163,-4.13836073506894
4.815,-3.76399753650884,-0.0956644515310163,-4.13326761554669
4.8175,-3.78437536792169,-0.0956644515310163,-4.13836073506894
4.82,-3.72324187368316,-0.0956644515310163,-4.12817449602444
4.8225,-3.78437536792169,-0.0956644515310163,-4.15873321315794
4.825,-3.70795850012353,-0.0956644515310163,-4.15873321315794
4.8275,-3.72833633153637,-0.0956644515310163,-4.15873321315794
4.83,-3.72833633153637,-0.0956644515310163,-4.16382633268019
4.8325,-3.71814741582995,-0.0956644515310163,-4.15873321315794
4.835,-3.71305295797674,-0.0956644515310163,-4.15873321315794
4.8375,-3.71305295797674,-0.0956644515310163,-4.15364009363569
4.84,-3.70795850012353,-0.0956644515310163,-4.15873321315794
4.8425,-3.70795850012353,-0.0956644515310163,-4.15873321315794
4.845,-3.70795850012353,-0.0956644515310163,-4.15364009363569
4.8475,-3.73343078938958,-0.0956644515310163,-4.15873321315794
4.85,-3.72833633153637,-0.0956644515310163,-4.15364009363569
4.8525,-3.68758066871069,-0.100760144336805,-4.15873321315794
4.855,-3.68248621085748,-0.0956644515310163,-4.15364009363569
4.8575,-3.66210837944463,-0.0956644515310163,-4.12308137650219
4.86,-3.65701392159142,-0.0956644515310163,-4.12817449602444
4.8625,-3.66210837944463,-0.0956644515310163,-4.11798825697995
4.865,-3.67739175300426,-0.0905687587252277,-4.15364009363569
4.8675,-3.68248621085748,-0.0956644515310163,-4.11798825697995
4.87,-3.67229729515105,-0.0956644515310163,-4.12308137650219
4.8725,-3.646825005885,-0.0956644515310163,-4.12308137650219
4.875,-3.646825005885,-0.0956644515310163,-4.14854697411344
4.8775,-3.646825005885,-0.0956644515310163,-4.11798825697995
4.88,-3.64173054803179,-0.0956644515310163,-4.1128951374577
4.8825,-3.646825005885,-0.0956644515310163,-4.14345385459119
4.885,-3.66210837944463,-0.0956644515310163,-4.13836073506894
4.8875,-3.66720283729784,-0.0956644515310163,-4.13836073506894
4.89,-3.66720283729784,-0.0956644515310163,-4.14345385459119
4.8925,-3.66210837944463,-0.0956644515310163,-4.13326761554669
4.895,-3.66210837944463,-0.0956644515310163,-4.17401257172469
4.8975,-3.64173054803179,-0.0956644515310163,-4.16891945220244
4.9,-3.646825005885,-0.0956644515310163,-4.16891945220244
4.9025,-3.646825005885,-0.0956644515310163,-4.17401257172469
4.905,-3.646825005885,-0.0956644515310163,-4.13836073506894
4.9075,-3.64173054803179,-0.0956644515310163,-4.14854697411344
4.91,-3.646825005885,-0.0956644515310163,-4.14345385459119
4.9125,-3.64173054803179,-0.0956644515310163,-4.15364009363569
4.915,-3.646825005885,-0.0956644515310163,-4.14854697411344
4.9175,-3.64173054803179,-0.0854730659194392,-4.15364009363569
4.92,-3.64173054803179,-0.0956644515310163,-4.15364009363569
4.9225,-3.63154163232537,-0.0956644515310163,-4.17401257172469
4.925,-3.63663609017858,-0.0956644515310163,-4.17910569124694
4.9275,-3.63663609017858,-0.0956644515310163,-4.16891945220244
4.93,-3.64173054803179,-0.0956644515310163,-4.17910569124694
4.9325,-3.64173054803179,-0.0956644515310163,-4.17910569124694
4.935,-3.63154163232537,-0.0956644515310163,-4.16891945220244
4.9375,-3.66210837944463,-0.0956644515310163,-4.21475752790269
4.94,-3.66720283729784,-0.0956644515310163,-4.17910569124694
4.9425,-3.66720283729784,-0.0956644515310163,-4.18419881076919
4.945,-3.64173054803179,-0.0956644515310163,-4.17910569124694
4.9475,-3.62135271661895,-0.0956644515310163,-4.15364009363569
4.95,-3.61625825876574,-0.0956644515310163,-4.15873321315794
4.9525,-3.646825005885,-0.100760144336805,-4.15364009363569
4.955,-3.63663609017858,-0.0956644515310163,-4.16382633268019
4.9575,-3.61116380091253,-0.0905687587252277,-4.15873321315794
4.96,-3.60606934305932,-0.0956644515310163,-4.15873321315794
4.9625,-3.60606934305932,-0.0956644515310163,-4.15873321315794
4.965,-3.63154163232537,-0.0956644515310163,-4.15364009363569
4.9675,-3.63154163232537,-0.0956644515310163,-4.20457128885819
4.97,-3.58569151164647,-0.0956644515310163,-4.17401257172469
4.9725,-3.59588042735289,-0.0956644515310163,-4.14854697411344
4.975,-3.58569151164647,-0.0956644515310163,-4.14345385459119
4.9775,-3.59078596949968,-0.0956644515310163,-4.16382633268019
4.98,-3.58059705379326,-0.0956644515310163,-4.16891945220244
4.9825,-3.58569151164647,-0.0956644515310163,-4.15364009363569
4.985,-3.57550259594005,-0.0956644515310163,-4.17910569124694
4.9875,-3.58059705379326,-0.0956644515310163,-4.16891945220244
4.99,-3.57550259594005,-0.0956644515310163,-4.16891945220244
4.9925,-3.60097488520611,-0.0956644515310163,-4.20457128885819
4.995,-3.57550259594005,-0.0956644515310163,-4.14854697411344
4.9975,-3.57040813808684,-0.0905687587252277,-4.18419881076919
5,-3.57550259594005,-0.0956644515310163,-4.18419881076919
5.0025,-3.57040813808684,-0.0956644515310163,-4.15873321315794
5.005,-3.57040813808684,-0.0956644515310163,-4.16382633268019
5.0075,-3.57040813808684,-0.0956644515310163,-4.15364009363569
5.01,-3.57040813808684,-0.0905687587252277,-4.15873321315794
5.0125,-0.0959878821972175,-0.0956644515310163,-4.14345385459119
5.015,-0.0857989664907954,-0.0956644515310163,-4.15364009363569
5.0175,-0.0959878821972175,-0.0956644515310163,-4.17910569124694
5.02,-3.59078596949968,-0.0956644515310163,-4.14854697411344
5.0225,-3.56021922238042,-0.0956644515310163,-4.14854697411344
5.025,-3.57550259594005,-0.0956644515310163,-4.14854697411344
5.0275,-3.57040813808684,-0.0956644515310163,-4.15364009363569
5.03,-3.58059705379326,-0.0956644515310163,-4.14854697411344
5.0325,-3.57550259594005,-0.0956644515310163,-4.15873321315794
5.035,-3.59078596949968,-0.0956644515310163,-4.15364009363569
5.0375,-3.59078596949968,-0.0956644515310163,-4.15873321315794
5.04,-3.59078596949968,-0.0956644515310163,-4.15873321315794
5.0425,-0.0908934243440065,-0.0956644515310163,-4.17401257172469
5.045,-0.0959878821972175,-0.0956644515310163,-4.15364009363569
5.0475,-0.0959878821972175,-0.0956644515310163,-4.15364009363569
5.05,-3.58569151164647,-0.0956644515310163,-4.15364009363569
5.0525,-3.59078596949968,-0.0956644515310163,-4.18929193029144
5.055,-3.60097488520611,-0.0956644515310163,-4.17910569124694
5.0575,-3.60097488520611,-0.0956644515310163,-4.18929193029144
5.06,-3.60097488520611,-0.0956644515310163,-4.18419881076919
5.0625,-3.60097488520611,-0.0956644515310163,-4.15364009363569
5.065,-3.60097488520611,-0.0905687587252277,-4.16891945220244
5.0675,-3.61116380091253,-0.0956644515310163,-4.18929193029144
5.07,-3.63154163232537,-0.0956644515310163,-4.17401257172469
5.0725,-3.63154163232537,-0.0956644515310163,-4.16891945220244
5.075,-3.646825005885,-0.0956644515310163,-4.17401257172469
5.0775,-3.62135271661895,-0.0956644515310163,-4.16891945220244
5.08,-3.62135271661895,-0.0956644515310163,-4.16891945220244
5.0825,-3.61625825876574,-0.0854730659194392,-4.17401257172469
5.085,-3.62135271661895,-0.0956644515310163,-4.16891945220244
5.0875,-3.61625825876574,-0.0956644515310163,-4.18419881076919
5.09,-3.64173054803179,-0.0956644515310163,-4.17910569124694
5.0925,-3.60606934305932,-0.0956644515310163,-4.17401257172469
5.095,-3.60097488520611,-0.0956644515310163,-4.17910569124694
5.0975,-3.60097488520611,-0.0905687587252277,-4.16891945220244
5.1,-3.60097488520611,-0.0956644515310163,-4.17910569124694
5.1025,-3.58569151164647,-0.0956644515310163,-4.16891945220244
5.105,-3.59078596949968,-0.0956644515310163,-4.20457128885819
5.1075,-3.58569151164647,-0.0956644515310163,-4.20966440838044
5.11,-3.58569151164647,-0.0956644515310163,-4.17401257172469
5.1125,-3.59078596949968,-0.0956644515310163,-4.16891945220244
5.115,-3.57040813808684,-0.0956644515310163,-4.15364009363569
5.1175,-3.58569151164647,-0.0956644515310163,-4.16891945220244
5.12,-3.58059705379326,-0.0956644515310163,-4.16891945220244
5.1225,-3.54493584882079,-0.0956644515310163,-4.13836073506894
5.125,-3.54493584882079,-0.0956644515310163,-4.16891945220244
5.1275,-3.54493584882079,-0.0956644515310163,-4.16382633268019
5.13,-3.54493584882079,-0.0956644515310163,-4.16382633268019
5.1325,-3.56531368023363,-0.0956644515310163,-4.16382633268019
5.135,-3.54493584882079,-0.0854730659194392,-4.15873321315794
5.1375,-3.52965247526116,-0.0956644515310163,-4.16891945220244
5.14,-3.52455801740795,-0.0905687587252277,-4.15873321315794
5.1425,-3.51946355955474,-0.0956644515310163,-4.16891945220244
5.145,-3.51946355955474,-0.0956644515310163,-4.16382633268019
5.1475,-3.51946355955474,-0.0956644515310163,-4.16891945220244
5.15,-3.51436910170153,-0.0956644515310163,-4.16891945220244
5.1525,-3.51946355955474,-0.0956644515310163,-4.16891945220244
5.155,-3.51436910170153,-0.0905687587252277,-4.17910569124694
5.1575,-3.51946355955474,-0.0956644515310163,-4.17401257172469
5.16,-3.51946355955474,-0.0956644515310163,-4.17401257172469
5.1625,-3.52455801740795,-0.0956644515310163,-4.17401257172469
5.165,-3.52455801740795,-0.0956644515310163,-4.17401257172469
5.1675,-3.51946355955474,-0.0956644515310163,-4.19438504981369
5.17,-3.51946355955474,-0.0956644515310163,-4.18929193029144
5.1725,-3.52965247526116,-0.0956644515310163,-4.19438504981369
5.175,-3.52455801740795,-0.0956644515310163,-4.18929193029144
5.1775,-3.53474693311437,-0.0956644515310163,-4.18419881076919
5.18,-3.52965247526116,-0.0905687587252277,-4.19438504981369
5.1825,-3.54493584882079,-0.0905687587252277,-4.18419881076919
5.185,-3.54493584882079,-0.0956644515310163,-4.19438504981369
5.1875,-3.54493584882079,-0.0956644515310163,-4.18929193029144
5.19,-3.54493584882079,-0.0956644515310163,-4.18929193029144
5.1925,-3.58569151164647,-0.0956644515310163,-4.18929193029144
5.195,-3.56021922238042,-0.0956644515310163,-4.18419881076919
5.1975,-3.56021922238042,-0.0956644515310163,-4.21475752790269
5.2,-3.54493584882079,-0.0905687587252277,-4.18419881076919
5.2025,-3.54493584882079,-0.0956644515310163,-4.18419881076919
5.205,-3.54493584882079,-0.0956644515310163,-4.18929193029144
5.2075,-3.550030306674,-0.0956644515310163,-4.17401257172469
5.21,-3.53984139096758,-0.0956644515310163,-4.18929193029144
5.2125,-3.57040813808684,-0.0956644515310163,-4.17401257172469
5.215,-3.57040813808684,-0.0956644515310163,-4.18419881076919
5.2175,-3.550030306674,-0.0956644515310163,-4.17910569124694
5.22,-3.550030306674,-0.0956644515310163,-4.15364009363569
5.2225,-3.54493584882079,-0.0956644515310163,-4.15873321315794
5.225,-3.54493584882079,-0.0956644515310163,-4.17910569124694
5.2275,-3.54493584882079,-0.0956644515310163,-4.18929193029144
5.23,-3.54493584882079,-0.0956644515310163,-4.15364009363569
5.2325,-3.53474693311437,-0.0956644515310163,-4.15873321315794
5.235,-3.53984139096758,-0.0956644515310163,-4.18929193029144
5.2375,-3.57040813808684,-0.0956644515310163,-4.18419881076919
5.24,-3.52965247526116,-0.0956644515310163,-4.18929193029144
5.2425,-3.550030306674,-0.0956644515310163,-4.18419881076919
5.245,-3.56531368023363,-0.0956644515310163,-4.17910569124694
5.2475,-3.52455801740795,-0.0905687587252277,-4.18929193029144
5.25,-3.53474693311437,-0.0956644515310163,-4.17910569124694
5.2525,-3.52965247526116,-0.0956644515310163,-4.18419881076919
5.255,-3.53474693311437,-0.0956644515310163,-4.17401257172469
5.2575,-3.53474693311437,-0.0956644515310163,-4.19438504981369
5.26,-3.53474693311437,-0.0956644515310163,-4.18929193029144
5.2625,-3.56021922238042,-0.0956644515310163,-4.18929193029144
5.265,-3.56021922238042,-0.0956644515310163,-4.19438504981369
5.2675,-3.53984139096758,-0.0905687587252277,-4.15873321315794
5.27,-3.54493584882079,-0.0956644515310163,-4.19438504981369
5.2725,-3.54493584882079,-0.0956644515310163,-4.19438504981369
5.275,-3.55512476452721,-0.0956644515310163,-4.18929193029144
5.2775,-3.550030306674,-0.0956644515310163,-4.19947816933594
5.28,-3.56531368023363,-0.0956644515310163,-4.18419881076919
5.2825,-3.57040813808684,-0.0956644515310163,-4.19947816933594
5.285,-3.57550259594005,-0.0956644515310163,-4.21985064742494
5.2875,-3.58059705379326,-0.0956644515310163,-4.22494376694719
5.29,-3.58569151164647,-0.0956644515310163,-4.22494376694719
5.2925,-3.58059705379326,-0.0956644515310163,-4.21475752790269
5.295,-3.57040813808684,-0.0956644515310163,-4.26059560360293
5.2975,-3.57550259594005,-0.0905687587252277,-4.23003688646944
5.3,-3.57040813808684,-0.0956644515310163,-4.23003688646944
5.3025,-3.60097488520611,-0.0956644515310163,-4.23003688646944
5.305,-3.59588042735289,-0.0956644515310163,-4.19947816933594
5.3075,-3.57550259594005,-0.0956644515310163,-4.19947816933594
5.31,-3.57040813808684,-0.0956644515310163,-4.19438504981369
5.3125,-3.55512476452721,-0.0956644515310163,-4.19438504981369
5.315,-3.550030306674,-0.0956644515310163,-4.19947816933594
5.3175,-3.56531368023363,-0.0956644515310163,-4.18929193029144
5.32,-3.55512476452721,-0.0956644515310163,-4.19947816933594
5.3225,-3.58569151164647,-0.0956644515310163,-4.18929193029144
5.325,-3.54493584882079,-0.0956644515310163,-4.19947816933594
5.3275,-3.54493584882079,-0.0956644515310163,-4.18419881076919
5.33,-3.57550259594005,-0.0956644515310163,-4.18929193029144
5.3325,-3.57550259594005,-0.100760144336805,-4.18929193029144
5.335,-3.58569151164647,-0.0956644515310163,-4.18419881076919
5.3375,-3.58569151164647,-0.0956644515310163,-4.19438504981369
5.34,-3.56531368023363,-0.0956644515310163,-4.18419881076919
5.3425,-3.56531368023363,-0.0905687587252277,-4.17910569124694
5.345,-3.57040813808684,-0.0956644515310163,-4.17910569124694
5.3475,-3.57040813808684,-0.0956644515310163,-4.17401257172469
5.35,-3.60097488520611,-0.0956644515310163,-4.18419881076919
5.3525,-3.60606934305932,-0.0956644515310163,-4.17401257172469
5.355,-3.61625825876574,-0.0956644515310163,-4.17401257172469
5.3575,-3.63154163232537,-0.0956644515310163,-4.17401257172469
5.36,-3.59078596949968,-0.0905687587252277,-4.18929193029144
5.3625,-3.59078596949968,-0.0956644515310163,-4.17401257172469
5.365,-3.60097488520611,-0.0905687587252277,-4.15873321315794
5.3675,-3.62135271661895,-0.0956644515310163,-4.16382633268019
5.37,-3.60097488520611,-0.0956644515310163,-4.15364009363569
5.3725,-3.63154163232537,-0.0956644515310163,-4.15364009363569
5.375,-3.60606934305932,-0.0956644515310163,-4.15364009363569
5.3775,-3.62135271661895,-0.0905687587252277,-4.14854697411344
5.38,-3.62135271661895,-0.0956644515310163,-4.15364009363569
5.3825,-3.63154163232537,-0.0956644515310163,-4.15364009363569
5.385,-3.64173054803179,-0.0956644515310163,-4.15364009363569
5.3875,-3.646825005885,-0.0956644515310163,-4.15873321315794
5.39,-3.65701392159142,-0.0956644515310163,-4.14854697411344
5.3925,-3.65701392159142,-0.0956644515310163,-4.15364009363569
5.395,-3.70286404227032,-0.0956644515310163,-4.14854697411344
5.3975,-3.70795850012353,-0.0956644515310163,-4.15364009363569
5.4,-3.69776958441711,-0.0956644515310163,-4.16382633268019
5.4025,-3.71305295797674,-0.0956644515310163,-4.15364009363569
5.405,-3.70795850012353,-0.0956644515310163,-4.15873321315794
5.4075,-3.72324187368316,-0.0956644515310163,-4.14854697411344
5.41,-3.72324187368316,-0.0956644515310163,-4.13326761554669
5.4125,-3.75380862080242,-0.0956644515310163,-4.15364009363569
5.415,-3.76399753650884,-0.0956644515310163,-4.15364009363569
5.4175,-3.76909199436206,-0.0956644515310163,-4.15873321315794
5.42,-3.76909199436206,-0.0956644515310163,-4.12308137650219
5.4225,-3.76909199436206,-0.0956644515310163,-4.13326761554669
5.425,-3.82003657289416,-0.0956644515310163,-4.12817449602444
5.4275,-3.82513103074737,-0.0956644515310163,-4.12308137650219
5.43,-3.83022548860058,-0.0956644515310163,-4.0823364203242
5.4325,-3.81494211504095,-0.0956644515310163,-4.06705706175745
5.435,-3.83022548860058,-0.0956644515310163,-4.13326761554669
5.4375,-3.83531994645379,-0.0956644515310163,-4.12817449602444
5.44,-3.89135898283911,-0.0956644515310163,-4.0721501812797
5.4425,-3.8862645249859,-0.0956644515310163,-4.10780201793545
5.445,-3.8862645249859,-0.0956644515310163,-4.15364009363569
5.4475,-3.88117006713269,-0.0956644515310163,-4.15873321315794
5.45,-3.88117006713269,-0.0956644515310163,-4.15364009363569
5.4525,-3.87098115142627,-0.0956644515310163,-4.16382633268019
5.455,-3.87098115142627,-0.0956644515310163,-4.15873321315794
5.4575,-3.86079223571985,-0.0956644515310163,-4.15364009363569
5.46,-3.86588669357306,-0.0956644515310163,-4.15873321315794
5.4625,-3.85569777786664,-0.0956644515310163,-4.15873321315794
5.465,-3.86079223571985,-0.0956644515310163,-4.16382633268019
5.4675,-3.85060332001342,-0.0956644515310163,-4.19438504981369
5.47,-3.85060332001342,-0.0956644515310163,-4.18419881076919
5.4725,-3.84550886216021,-0.0956644515310163,-4.16891945220244
5.475,-3.85569777786664,-0.0956644515310163,-4.10780201793545
5.4775,-3.84550886216021,-0.0956644515310163,-4.14345385459119
5.48,-3.89135898283911,-0.0956644515310163,-4.14345385459119
5.4825,-3.86079223571985,-0.0956644515310163,-4.13836073506894
5.485,-3.84550886216021,-0.0956644515310163,-4.11798825697995
5.4875,-3.84550886216021,-0.0956644515310163,-4.13836073506894
5.49,-3.84550886216021,-0.0956644515310163,-4.14345385459119
5.4925,-3.84550886216021,-0.0956644515310163,-4.14345385459119
5.495,-3.88117006713269,-0.0956644515310163,-4.13326761554669
5.4975,-3.87607560927948,-0.100760144336805,-4.21475752790269
5.5,-3.85060332001342,-0.0956644515310163,-4.17401257172469
5.5025,-3.82513103074737,-0.0956644515310163,-4.18419881076919
5.505,-3.82003657289416,-0.0956644515310163,-4.17401257172469
5.5075,-3.82513103074737,-0.0956644515310163,-4.17401257172469
5.51,-3.85569777786664,-0.0905687587252277,-4.17401257172469
5.5125,-3.83022548860058,-0.0956644515310163,-4.15873321315794
5.515,-3.82003657289416,-0.0956644515310163,-4.17401257172469
5.5175,-3.81494211504095,-0.0956644515310163,-4.16382633268019
5.52,-3.79456428362811,-0.0956644515310163,-4.16891945220244
5.5225,-3.80475319933453,-0.0956644515310163,-4.14345385459119
5.525,-3.78437536792169,-0.0956644515310163,-4.13836073506894
5.5275,-3.78437536792169,-0.0956644515310163,-4.14345385459119
5.53,-3.77418645221527,-0.0956644515310163,-4.13836073506894
5.5325,-3.76909199436206,-0.0956644515310163,-4.1128951374577
5.535,-3.75380862080242,-0.0956644515310163,-4.16891945220244
5.5375,-3.76399753650884,-0.0956644515310163,-4.18929193029144
5.54,-3.75380862080242,-0.0956644515310163,-4.19947816933594
5.5425,-3.75380862080242,-0.0956644515310163,-4.16382633268019
5.545,-3.74871416294921,-0.0956644515310163,-4.15873321315794
5.5475,-3.743619705096,-0.0956644515310163,-4.15873321315794
5.55,-3.73343078938958,-0.0854730659194392,-4.15364009363569
5.5525,-3.73852524724279,-0.0956644515310163,-4.15873321315794
5.555,-3.73852524724279,-0.0956644515310163,-4.13836073506894
5.5575,-3.72833633153637,-0.0905687587252277,-4.14345385459119
5.56,-3.72833633153637,-0.0956644515310163,-4.16382633268019
5.5625,-3.72324187368316,-0.0956644515310163,-4.15364009363569
5.565,-3.71814741582995,-0.0956644515310163,-4.16891945220244
5.5675,-3.70795850012353,-0.0956644515310163,-4.16382633268019
5.57,-3.71305295797674,-0.0956644515310163,-4.16891945220244
5.5725,-3.70795850012353,-0.0956644515310163,-4.16891945220244
5.575,-3.71814741582995,-0.0905687587252277,-4.17401257172469
5.5775,-3.70795850012353,-0.0956644515310163,-4.17910569124694
5.58,-3.70795850012353,-0.0956644515310163,-4.16891945220244
5.5825,-3.69776958441711,-0.0956644515310163,-4.17401257172469
5.585,-3.6926751265639,-0.0956644515310163,-4.16891945220244
5.5875,-3.68248621085748,-0.0956644515310163,-4.17401257172469
5.59,-3.68758066871069,-0.0956644515310163,-4.18419881076919
5.5925,-3.67739175300426,-0.0956644515310163,-4.15364009363569
5.595,-3.67229729515105,-0.0956644515310163,-4.15873321315794
5.5975,-3.66720283729784,-0.0956644515310163,-4.18419881076919
5.6,-3.66720283729784,-0.0956644515310163,-4.17910569124694
5.6025,-3.65701392159142,-0.0956644515310163,-4.18929193029144
5.605,-3.65701392159142,-0.0956644515310163,-4.17910569124694
5.6075,-3.65191946373821,-0.0956644515310163,-4.19438504981369
5.61,-3.65191946373821,-0.0956644515310163,-4.18419881076919
5.6125,-3.64173054803179,-0.0956644515310163,-4.19438504981369
5.615,-3.646825005885,-0.0956644515310163,-4.19438504981369
5.6175,-3.63154163232537,-0.0956644515310163,-4.19438504981369
5.62,-3.62644717447216,-0.0905687587252277,-4.20457128885819
5.6225,-3.63154163232537,-0.0956644515310163,-4.19947816933594
5.625,-3.62644717447216,-0.0956644515310163,-4.24022312551393
5.6275,-3.63154163232537,-0.0956644515310163,-4.18929193029144
5.63,-3.62135271661895,-0.0956644515310163,-4.21475752790269
5.6325,-3.62135271661895,-0.0956644515310163,-4.22494376694719
5.635,-3.63663609017858,-0.0956644515310163,-4.21985064742494
5.6375,-3.61116380091253,-0.0956644515310163,-4.24531624503618
5.64,-3.62644717447216,-0.0956644515310163,-4.23513000599169
5.6425,-3.60606934305932,-0.0956644515310163,-4.18419881076919
5.645,-3.59078596949968,-0.0956644515310163,-4.21985064742494
5.6475,-3.59588042735289,-0.0956644515310163,-4.23003688646944
5.65,-3.58569151164647,-0.0956644515310163,-4.23513000599169
5.6525,-3.59078596949968,-0.0956644515310163,-4.22494376694719
5.655,-3.58569151164647,-0.0956644515310163,-4.20457128885819
5.6575,-3.58569151164647,-0.0956644515310163,-4.23003688646944
5.66,-3.58059705379326,-0.0956644515310163,-4.23003688646944
5.6625,-3.58059705379326,-0.0956644515310163,-4.23003688646944
5.665,-3.57550259594005,-0.0956644515310163,-4.22494376694719
5.6675,-3.58059705379326,-0.0956644515310163,-4.21475752790269
5.67,-3.57040813808684,-0.0956644515310163,-4.21985064742494
5.6725,-3.57550259594005,-0.0956644515310163,-4.20966440838044
5.675,-3.57040813808684,-0.0956644515310163,-4.22494376694719
5.6775,-3.56531368023363,-0.0956644515310163,-4.23513000599169
5.68,-3.56021922238042,-0.0956644515310163,-4.25040936455843
5.6825,-3.56021922238042,-0.0956644515310163,-4.24022312551393
5.685,-3.56531368023363,-0.0905687587252277,-4.24022312551393
5.6875,-3.61116380091253,-0.0956644515310163,-4.28096808169193
5.69,-3.57040813808684,-0.0956644515310163,-4.22494376694719
5.6925,-3.56531368023363,-0.0956644515310163,-4.23003688646944
5.695,-3.57040813808684,-0.0956644515310163,-4.22494376694719
5.6975,-3.53984139096758,-0.0956644515310163,-4.21985064742494
5.7,-3.53984139096758,-0.0956644515310163,-4.22494376694719
5.7025,-3.53984139096758,-0.0905687587252277,-4.21475752790269
5.705,-3.56531368023363,-0.0956644515310163,-4.22494376694719
5.7075,-3.56021922238042,-0.0956644515310163,-4.21985064742494
5.71,-3.58059705379326,-0.0956644515310163,-4.21475752790269
5.7125,-3.51946355955474,-0.0905687587252277,-4.22494376694719
5.715,-3.53474693311437,-0.0956644515310163,-4.21475752790269
5.7175,-3.52965247526116,-0.0956644515310163,-4.19438504981369
5.72,-3.52965247526116,-0.0956644515310163,-4.21475752790269
5.7225,-3.54493584882079,-0.0956644515310163,-4.21985064742494
5.725,-3.59588042735289,-0.0956644515310163,-4.22494376694719
5.7275,-3.5041801859951,-0.0956644515310163,-4.21475752790269
5.73,-3.5041801859951,-0.0956644515310163,-4.21985064742494
5.7325,-3.5041801859951,-0.0956644515310163,-4.21985064742494
5.735,-3.49908572814189,-0.0956644515310163,-4.25040936455843
5.7375,-3.49908572814189,-0.0956644515310163,-4.19947816933594
5.74,-3.49908572814189,-0.0956644515310163,-4.24531624503618
5.7425,-3.5041801859951,-0.0956644515310163,-4.25040936455843
5.745,-3.49908572814189,-0.0956644515310163,-4.24022312551393
5.7475,-3.49908572814189,-0.100760144336805,-4.22494376694719
5.75,-3.49399127028868,-0.0956644515310163,-4.19438504981369
5.7525,-3.49399127028868,-0.0905687587252277,-4.19438504981369
5.755,-3.48889681243547,-0.0956644515310163,-4.19947816933594
5.7575,-3.48889681243547,-0.0956644515310163,-4.19438504981369
5.76,-3.48380235458226,-0.0956644515310163,-4.19438504981369
5.7625,-3.48889681243547,-0.0956644515310163,-4.18929193029144
5.765,-3.48380235458226,-0.0956644515310163,-4.20966440838044
5.7675,-3.48889681243547,-0.0905687587252277,-4.18419881076919
5.77,-3.48380235458226,-0.0956644515310163,-4.20457128885819
5.7725,-3.48380235458226,-0.0956644515310163,-4.20457128885819
5.775,-3.48380235458226,-0.0956644515310163,-4.17401257172469
5.7775,-3.48889681243547,-0.0956644515310163,-4.19438504981369
5.78,-3.47870789672905,-0.0956644515310163,-4.19947816933594
5.7825,-3.48380235458226,-0.0956644515310163,-4.16382633268019
5.785,-3.47870789672905,-0.0905687587252277,-4.22494376694719
5.7875,-3.47870789672905,-0.0956644515310163,-4.20966440838044
5.79,-3.47361343887584,-0.0956644515310163,-4.20966440838044
5.7925,-3.46342452316942,-0.0956644515310163,-4.20966440838044
5.795,-3.46342452316942,-0.0956644515310163,-4.19947816933594
5.7975,-3.46342452316942,-0.0956644515310163,-4.20966440838044
5.8,-3.46342452316942,-0.0956644515310163,-4.19947816933594
5.8025,-3.46342452316942,-0.0956644515310163,-4.19438504981369
5.805,-3.49399127028868,-0.0956644515310163,-4.19438504981369
5.8075,-3.48889681243547,-0.0956644515310163,-4.18419881076919
5.81,-3.49399127028868,-0.0956644515310163,-4.19438504981369
5.8125,-3.48889681243547,-0.0956644515310163,-4.18419881076919
5.815,-3.5041801859951,-0.0956644515310163,-4.18419881076919
5.8175,-3.48380235458226,-0.0956644515310163,-4.18419881076919
5.82,-3.49399127028868,-0.0956644515310163,-4.17910569124694
5.8225,-3.48889681243547,-0.0956644515310163,-4.18929193029144
5.825,-3.49908572814189,-0.0956644515310163,-4.17401257172469
5.8275,-3.51436910170153,-0.0956644515310163,-4.17401257172469
5.83,-3.50927464384831,-0.0956644515310163,-4.17401257172469
5.8325,-3.51436910170153,-0.0956644515310163,-4.16891945220244
5.835,-3.47870789672905,-0.0956644515310163,-4.16891945220244
5.8375,-3.47870789672905,-0.0956644515310163,-4.16382633268019
5.84,-3.48889681243547,-0.0956644515310163,-4.18929193029144
5.8425,-3.48889681243547,-0.0956644515310163,-4.18419881076919
5.845,-3.5041801859951,-0.0956644515310163,-4.14854697411344
5.8475,-3.49908572814189,-0.0956644515310163,-4.18419881076919
5.85,-3.5041801859951,-0.0956644515310163,-4.19438504981369
5.8525,-3.5041801859951,-0.0956644515310163,-4.20457128885819
5.855,-3.51436910170153,-0.0956644515310163,-4.16891945220244
5.8575,-3.54493584882079,-0.0956644515310163,-4.16382633268019
5.86,-3.550030306674,-0.0905687587252277,-4.16382633268019
5.8625,-3.51436910170153,-0.0905687587252277,-4.15364009363569
5.865,-3.52455801740795,-0.0956644515310163,-4.16382633268019
5.8675,-3.53474693311437,-0.0956644515310163,-4.15364009363569
5.87,-3.53984139096758,-0.0956644515310163,-4.15873321315794
5.8725,-3.550030306674,-0.0956644515310163,-4.15873321315794
5.875,-3.55512476452721,-0.0956644515310163,-4.14854697411344
5.8775,-3.56531368023363,-0.0956644515310163,-4.15873321315794
5.88,-3.58059705379326,-0.0956644515310163,-4.14854697411344
5.8825,-3.58569151164647,-0.0956644515310163,-4.14854697411344
5.885,-3.59078596949968,-0.0956644515310163,-4.14345385459119
5.8875,-3.61116380091253,-0.0956644515310163,-4.13836073506894
5.89,-3.61625825876574,-0.0956644515310163,-4.14345385459119
5.8925,-3.63663609017858,-0.0956644515310163,-4.15364009363569
5.895,-3.64173054803179,-0.0956644515310163,-4.13326761554669
5.8975,-3.65701392159142,-0.0956644515310163,-4.17910569124694
5.9,-3.66720283729784,-0.0956644515310163,-4.14345385459119
5.9025,-3.67739175300426,-0.0956644515310163,-4.14854697411344
5.905,-3.68758066871069,-0.0956644515310163,-4.13836073506894
5.9075,-3.70795850012353,-0.0956644515310163,-4.13836073506894
5.91,-3.68758066871069,-0.0956644515310163,-4.10780201793545
5.9125,-3.70286404227032,-0.0956644515310163,-4.13326761554669
5.915,-3.70795850012353,-0.0956644515310163,-4.13836073506894
5.9175,-3.743619705096,-0.0956644515310163,-4.16382633268019
5.92,-3.72324187368316,-0.0956644515310163,-4.12308137650219
5.9225,-3.72833633153637,-0.0956644515310163,-4.10780201793545
5.925,-3.743619705096,-0.0956644515310163,-4.1128951374577
5.9275,-3.743619705096,-0.0956644515310163,-4.1128951374577
5.93,-3.75890307865563,-0.0956644515310163,-4.10780201793545
5.9325,-3.75890307865563,-0.0956644515310163,-4.1128951374577
5.935,-3.76909199436206,-0.0956644515310163,-4.10780201793545
5.9375,-3.77928091006848,-0.0956644515310163,-4.10780201793545
5.94,-3.7894698257749,-0.0956644515310163,-4.11798825697995
5.9425,-3.77418645221527,-0.0956644515310163,-4.1128951374577
5.945,-3.80475319933453,-0.0956644515310163,-4.11798825697995
5.9475,-3.80475319933453,-0.0956644515310163,-4.10780201793545
5.95,-3.87098115142627,-0.0956644515310163,-4.11798825697995
5.9525,-3.82513103074737,-0.0956644515310163,-4.11798825697995
5.955,-3.83531994645379,-0.0905687587252277,-4.10780201793545
5.9575,-3.81494211504095,-0.0956644515310163,-4.11798825697995
5.96,-3.83531994645379,-0.0956644515310163,-4.1128951374577
5.9625,-3.83531994645379,-0.0956644515310163,-4.12308137650219
5.965,-3.84550886216021,-0.0956644515310163,-4.11798825697995
5.9675,-3.84550886216021,-0.0956644515310163,-4.11798825697995
5.97,-3.85569777786664,-0.0956644515310163,-4.15364009363569
5.9725,-3.85569777786664,-0.0956644515310163,-4.11798825697995
5.975,-3.86079223571985,-0.0956644515310163,-4.12817449602444
5.9775,-3.86588669357306,-0.0956644515310163,-4.12817449602444
5.98,-3.86588669357306,-0.0956644515310163,-4.12817449602444
5.9825,-3.840414404307,-0.0956644515310163,-4.13326761554669
5.985,-3.85060332001342,-0.0956644515310163,-4.12308137650219
5.9875,-3.84550886216021,-0.0956644515310163,-4.13326761554669
5.99,-3.84550886216021,-0.0905687587252277,-4.11798825697995
5.9925,-3.840414404307,-0.0956644515310163,-4.12817449602444
5.995,-3.83531994645379,-0.0956644515310163,-4.12308137650219
5.9975,-3.83022548860058,-0.0956644515310163,-4.12308137650219
6,-3.82513103074737,-0.0956644515310163,-4.12817449602444
6.0025,-3.82513103074737,-0.0956644515310163,-4.11798825697995
6.005,-3.81494211504095,-0.0956644515310163,-4.1027088984132
6.0075,-3.83531994645379,-0.0956644515310163,-4.09761577889095
6.01,-3.83022548860058,-0.0956644515310163,-4.09761577889095
6.0125,-3.82513103074737,-0.0905687587252277,-4.1128951374577
6.015,-3.84550886216021,-0.0956644515310163,-4.10780201793545
6.0175,-3.80475319933453,-0.0956644515310163,-4.08742953984645
6.02,-3.76909199436206,-0.0956644515310163,-4.10780201793545
6.0225,-3.77928091006848,-0.0956644515310163,-4.1128951374577
6.025,-3.76399753650884,-0.0956644515310163,-4.1128951374577
6.0275,-3.77418645221527,-0.0956644515310163,-4.10780201793545
6.03,-0.0908934243440065,-0.0956644515310163,-4.11798825697995
6.0325,-0.0959878821972175,-0.0956644515310163,-4.1128951374577
6.035,-0.0959878821972175,-0.0956644515310163,-4.11798825697995
6.0375,-0.0959878821972175,-0.0956644515310163,-4.1128951374577
6.04,-0.0908934243440065,-0.0956644515310163,-4.1128951374577
6.0425,-0.0857989664907954,-0.0956644515310163,-4.11798825697995
6.045,-0.0908934243440065,-0.0956644515310163,-4.10780201793545
6.0475,-0.0959878821972175,-0.0956644515310163,-4.11798825697995
6.05,-0.0959878821972175,-0.100760144336805,-4.1128951374577
6.0525,-0.0908934243440065,-0.0956644515310163,-4.11798825697995
6.055,-0.0959878821972175,-0.0905687587252277,-4.11798825697995
6.0575,-0.0908934243440065,-0.0905687587252277,-4.08742953984645
6.06,-0.0959878821972175,-0.0956644515310163,-4.12308137650219
6.0625,-0.0908934243440065,-0.0956644515310163,-4.11798825697995
6.065,-0.0908934243440065,-0.0956644515310163,-4.12308137650219
6.0675,-0.0908934243440065,-0.0956644515310163,-4.08742953984645
6.07,-0.0908934243440065,-0.0956644515310163,-4.1128951374577
6.0725,-0.0959878821972175,-0.0956644515310163,-4.1128951374577
6.075,-0.0959878821972175,-0.0956644515310163,-4.10780201793545
6.0775,-0.0908934243440065,-0.0956644515310163,-4.08742953984645
6.08,-0.0908934243440065,-0.0956644515310163,-4.10780201793545
6.0825,-3.50927464384831,-0.0956644515310163,-4.1027088984132
6.085,-3.52455801740795,-0.0956644515310163,-4.11798825697995
6.0875,-3.52455801740795,-0.0956644515310163,-4.1027088984132
6.09,-3.48380235458226,-0.0956644515310163,-4.11798825697995
6.0925,-3.53474693311437,-0.0956644515310163,-4.10780201793545
6.095,-3.53474693311437,-0.0956644515310163,-4.10780201793545
6.0975,-3.45833006531621,-0.0956644515310163,-4.10780201793545
6.1,-3.46342452316942,-0.0956644515310163,-4.10780201793545
6.1025,-3.47870789672905,-0.0956644515310163,-4.1128951374577
6.105,-3.47870789672905,-0.0956644515310163,-4.1128951374577
6.1075,-3.42266886034373,-0.0956644515310163,-4.11798825697995
6.11,-3.43285777605016,-0.0956644515310163,-4.11798825697995
6.1125,-3.42776331819694,-0.0956644515310163,-4.11798825697995
6.115,-3.42776331819694,-0.0956644515310163,-4.12817449602444
6.1175,-3.42776331819694,-0.0956644515310163,-4.12817449602444
6.12,-3.42266886034373,-0.0956644515310163,-4.13326761554669
6.1225,-3.44304669175658,-0.0956644515310163,-4.15364009363569
6.125,-3.44814114960979,-0.0956644515310163,-4.15364009363569
6.1275,-3.44814114960979,-0.0956644515310163,-4.1027088984132
6.13,-3.4073854867841,-0.0956644515310163,-4.09761577889095
6.1325,-3.42776331819694,-0.0956644515310163,-4.13326761554669
6.135,-3.41247994463731,-0.0956644515310163,-4.12817449602444
6.1375,-3.4073854867841,-0.0956644515310163,-4.13326761554669
6.14,-3.41757440249052,-0.0956644515310163,-4.12308137650219
6.1425,-3.41757440249052,-0.0956644515310163,-4.12308137650219
6.145,-3.41757440249052,-0.0956644515310163,-4.12817449602444
6.1475,-3.42266886034373,-0.0956644515310163,-4.12308137650219
6.15,-3.43285777605016,-0.100760144336805,-4.12817449602444
6.1525,-3.43795223390337,-0.0956644515310163,-4.12817449602444
6.155,-3.43795223390337,-0.0956644515310163,-4.11798825697995
6.1575,-3.453235607463,-0.0956644515310163,-4.1027088984132
6.16,-3.453235607463,-0.0956644515310163,-4.0925226593687
6.1625,-3.46851898102263,-0.0956644515310163,-4.1027088984132
6.165,-3.46851898102263,-0.0956644515310163,-4.12308137650219
6.1675,-3.48380235458226,-0.0956644515310163,-4.09761577889095
6.17,-3.48380235458226,-0.0956644515310163,-4.1027088984132
6.1725,-3.5041801859951,-0.0956644515310163,-4.0925226593687
6.175,-3.50927464384831,-0.0956644515310163,-4.10780201793545
6.1775,-3.51946355955474,-0.0956644515310163,-4.09761577889095
6.18,-3.52455801740795,-0.0956644515310163,-4.10780201793545
6.1825,-3.53984139096758,-0.0956644515310163,-4.1027088984132
6.185,-3.54493584882079,-0.0956644515310163,-4.09761577889095
6.1875,-3.57040813808684,-0.0956644515310163,-4.0517777031907
6.19,-3.57040813808684,-0.0956644515310163,-4.09761577889095
6.1925,-3.58059705379326,-0.0956644515310163,-4.10780201793545
6.195,-3.58569151164647,-0.0956644515310163,-4.13326761554669
6.1975,-3.59588042735289,-0.0956644515310163,-4.1027088984132
6.2,-3.60097488520611,-0.0905687587252277,-4.13836073506894
6.2025,-3.62135271661895,-0.0905687587252277,-4.12817449602444
6.205,-3.62644717447216,-0.0956644515310163,-4.13836073506894
6.2075,-3.64173054803179,-0.0956644515310163,-4.12817449602444
6.21,-3.64173054803179,-0.0956644515310163,-4.14345385459119
6.2125,-3.646825005885,-0.0956644515310163,-4.13326761554669
6.215,-3.646825005885,-0.0956644515310163,-4.13836073506894
6.2175,-3.65701392159142,-0.0956644515310163,-4.14854697411344
6.22,-3.66210837944463,-0.0956644515310163,-4.14345385459119
6.2225,-3.66720283729784,-0.0956644515310163,-4.15364009363569
6.225,-3.67739175300426,-0.100760144336805,-4.15364009363569
6.2275,-3.67739175300426,-0.0956644515310163,-4.15364009363569
6.23,-3.71305295797674,-0.0956644515310163,-4.18419881076919
6.2325,-3.71305295797674,-0.0956644515310163,-4.14854697411344
6.235,-3.69776958441711,-0.0905687587252277,-4.15873321315794
6.2375,-3.68758066871069,-0.0854730659194392,-4.15364009363569
6.24,-3.69776958441711,-0.0956644515310163,-4.14854697411344
6.2425,-3.68758066871069,-0.0956644515310163,-4.20966440838044
6.245,-3.69776958441711,-0.0956644515310163,-4.19947816933594
6.2475,-3.71814741582995,-0.0956644515310163,-4.18419881076919
6.25,-3.72833633153637,-0.0905687587252277,-4.17910569124694
6.2525,-3.72324187368316,-0.0956644515310163,-4.18929193029144
6.255,-3.68758066871069,-0.0956644515310163,-4.18929193029144
6.2575,-3.70286404227032,-0.0956644515310163,-4.18929193029144
6.26,-3.6926751265639,-0.0956644515310163,-4.19947816933594
6.2625,-3.6926751265639,-0.0956644515310163,-4.18929193029144
6.265,-3.69776958441711,-0.0956644515310163,-4.19438504981369
6.2675,-3.69776958441711,-0.0956644515310163,-4.19438504981369
6.27,-3.69776958441711,-0.0956644515310163,-4.19438504981369
6.2725,-3.6926751265639,-0.0956644515310163,-4.20457128885819
6.275,-3.6926751265639,-0.0956644515310163,-4.19438504981369
6.2775,-3.6926751265639,-0.0956644515310163,-4.17910569124694
6.28,-3.68248621085748,-0.0956644515310163,-4.19438504981369
6.2825,-3.68248621085748,-0.0956644515310163,-4.19438504981369
6.285,-3.67229729515105,-0.0956644515310163,-4.19947816933594
6.2875,-3.67739175300426,-0.0956644515310163,-4.19438504981369
6.29,-3.69776958441711,-0.0956644515310163,-4.16891945220244
6.2925,-3.70286404227032,-0.0956644515310163,-4.18929193029144
6.295,-3.67229729515105,-0.0956644515310163,-4.18929193029144
6.2975,-3.66720283729784,-0.0956644515310163,-4.18419881076919
6.3,-3.66210837944463,-0.0956644515310163,-4.21475752790269
6.3025,-3.66210837944463,-0.0956644515310163,-4.18929193029144
6.305,-3.65701392159142,-0.0956644515310163,-4.17401257172469
6.3075,-3.66210837944463,-0.100760144336805,-4.17401257172469
6.31,-3.65191946373821,-0.0956644515310163,-4.16891945220244
6.3125,-3.65191946373821,-0.0905687587252277,-4.16891945220244
6.315,-3.64173054803179,-0.0956644515310163,-4.21475752790269
6.3175,-3.646825005885,-0.0956644515310163,-4.16382633268019
6.32,-3.64173054803179,-0.0956644515310163,-4.16891945220244
6.3225,-3.63154163232537,-0.0956644515310163,-4.17910569124694
6.325,-3.63154163232537,-0.0956644515310163,-4.17910569124694
6.3275,-3.62644717447216,-0.0956644515310163,-4.19947816933594
6.33,-3.63154163232537,-0.0956644515310163,-4.16891945220244
6.3325,-3.62135271661895,-0.0956644515310163,-4.14345385459119
6.335,-3.63154163232537,-0.0956644515310163,-4.13326761554669
6.3375,-3.62644717447216,-0.0956644515310163,-4.13836073506894
6.34,-3.62644717447216,-0.0956644515310163,-4.13326761554669
6.3425,-3.62644717447216,-0.0956644515310163,-4.12817449602444
6.345,-3.62644717447216,-0.0956644515310163,-4.13836073506894
6.3475,-3.62135271661895,-0.0956644515310163,-4.12817449602444
6.35,-3.63154163232537,-0.0956644515310163,-4.13326761554669
6.3525,-3.62644717447216,-0.0956644515310163,-4.12817449602444
6.355,-3.63154163232537,-0.0956644515310163,-4.13326761554669
6.3575,-3.62644717447216,-0.0956644515310163,-4.13326761554669
6.36,-3.63663609017858,-0.0956644515310163,-4.12817449602444
6.3625,-3.63154163232537,-0.0956644515310163,-4.13326761554669
6.365,-3.63154163232537,-0.0956644515310163,-4.12817449602444
6.3675,-3.63663609017858,-0.0956644515310163,-4.13326761554669
6.37,-3.66720283729784,-0.0956644515310163,-4.13326761554669
6.3725,-3.646825005885,-0.0956644515310163,-4.1027088984132
6.375,-3.62644717447216,-0.0956644515310163,-4.13326761554669
6.3775,-3.63154163232537,-0.0956644515310163,-4.12817449602444
6.38,-3.63154163232537,-0.0956644515310163,-4.12817449602444
6.3825,-3.63154163232537,-0.0956644515310163,-4.1027088984132
6.385,-3.64173054803179,-0.0956644515310163,-4.0925226593687
6.3875,-3.63154163232537,-0.0956644515310163,-4.13326761554669
6.39,-3.64173054803179,-0.0956644515310163,-4.11798825697995
6.3925,-3.646825005885,-0.0905687587252277,-4.1027088984132
6.395,-3.646825005885,-0.0956644515310163,-4.11798825697995
6.3975,-3.65191946373821,-0.0905687587252277,-4.11798825697995
6.4,-3.646825005885,-0.0956644515310163,-4.11798825697995
6.4025,-3.65701392159142,-0.0956644515310163,-4.08742953984645
6.405,-3.65191946373821,-0.0956644515310163,-4.11798825697995
6.4075,-3.65701392159142,-0.0956644515310163,-4.10780201793545
6.41,-3.66210837944463,-0.0905687587252277,-4.10780201793545
6.4125,-3.66210837944463,-0.0956644515310163,-4.1027088984132
6.415,-3.66210837944463,-0.0956644515310163,-4.1027088984132
6.4175,-3.66210837944463,-0.0956644515310163,-4.1027088984132
6.42,-3.66210837944463,-0.100760144336805,-4.0925226593687
6.4225,-3.66210837944463,-0.0956644515310163,-4.0925226593687
6.425,-3.65701392159142,-0.0956644515310163,-4.08742953984645
6.4275,-3.65701392159142,-0.0956644515310163,-4.0823364203242
6.43,-3.646825005885,-0.0956644515310163,-4.0925226593687
6.4325,-3.64173054803179,-0.0956644515310163,-4.08742953984645
6.435,-3.62135271661895,-0.0956644515310163,-4.0925226593687
6.4375,-3.62644717447216,-0.0956644515310163,-4.08742953984645
6.44,-3.62135271661895,-0.0956644515310163,-4.08742953984645
6.4425,-3.61625825876574,-0.0956644515310163,-4.08742953984645
6.445,-3.61625825876574,-0.0956644515310163,-4.08742953984645
6.4475,-3.61116380091253,-0.0956644515310163,-4.09761577889095
6.45,-3.61116380091253,-0.0956644515310163,-4.09761577889095
6.4525,-3.60097488520611,-0.0956644515310163,-4.09761577889095
6.455,-3.60097488520611,-0.0956644515310163,-4.1027088984132
6.4575,-3.59078596949968,-0.0956644515310163,-4.0925226593687
6.46,-3.59078596949968,-0.0956644515310163,-4.07724330080195
6.4625,-3.58569151164647,-0.0956644515310163,-4.0925226593687
6.465,-3.60606934305932,-0.0956644515310163,-4.1027088984132
6.4675,-3.56021922238042,-0.0956644515310163,-4.09761577889095
6.47,-3.56021922238042,-0.0956644515310163,-4.0925226593687
6.4725,-3.53984139096758,-0.0854730659194392,-4.09761577889095
6.475,-3.53984139096758,-0.0956644515310163,-4.08742953984645
6.4775,-3.52965247526116,-0.0956644515310163,-4.1027088984132
6.48,-3.52965247526116,-0.0956644515310163,-4.08742953984645
6.4825,-3.52455801740795,-0.0956644515310163,-4.08742953984645
6.485,-3.51946355955474,-0.0956644515310163,-4.0925226593687
6.4875,-3.49399127028868,-0.0956644515310163,-4.08742953984645
6.49,-3.46851898102263,-0.0956644515310163,-4.0925226593687
6.4925,-3.46851898102263,-0.0854730659194392,-4.08742953984645
6.495,-3.46342452316942,-0.0956644515310163,-4.0925226593687
6.4975,-3.45833006531621,-0.0956644515310163,-4.09761577889095
6.5,-3.45833006531621,-0.0956644515310163,-4.0925226593687
6.5025,-3.45833006531621,-0.0956644515310163,-4.1027088984132
6.505,-3.48380235458226,-0.100760144336805,-4.0925226593687
6.5075,-3.46342452316942,-0.0956644515310163,-4.1027088984132
6.51,-3.43795223390337,-0.0905687587252277,-4.1027088984132
6.5125,-3.47361343887584,-0.0956644515310163,-4.1027088984132
6.515,-3.49399127028868,-0.0956644515310163,-4.10780201793545
6.5175,-3.46851898102263,-0.0956644515310163,-4.1027088984132
6.52,-3.46342452316942,-0.0956644515310163,-4.10780201793545
6.5225,-3.46851898102263,-0.0956644515310163,-4.10780201793545
6.525,-3.46851898102263,-0.0956644515310163,-4.1027088984132
6.5275,-3.46851898102263,-0.0956644515310163,-4.1128951374577
6.53,-3.47870789672905,-0.0956644515310163,-4.10780201793545
6.5325,-3.47870789672905,-0.0956644515310163,-4.11798825697995
6.535,-3.47870789672905,-0.0956644515310163,-4.10780201793545
6.5375,-3.48380235458226,-0.0956644515310163,-4.1128951374577
6.54,-3.48889681243547,-0.0956644515310163,-4.1128951374577
6.5425,-3.5041801859951,-0.0905687587252277,-4.11798825697995
6.545,-3.5041801859951,-0.0956644515310163,-4.13326761554669
6.5475,-3.5041801859951,-0.0956644515310163,-4.12308137650219
6.55,-3.51946355955474,-0.0956644515310163,-4.1027088984132
6.5525,-3.52965247526116,-0.0956644515310163,-4.12817449602444
6.555,-3.53474693311437,-0.0905687587252277,-4.12308137650219
6.5575,-3.53984139096758,-0.0956644515310163,-4.15873321315794
6.56,-3.550030306674,-0.0956644515310163,-4.15364009363569
6.5625,-3.58059705379326,-0.0956644515310163,-4.1128951374577
6.565,-3.58059705379326,-0.0956644515310163,-4.1128951374577
6.5675,-3.58569151164647,-0.0956644515310163,-4.10780201793545
6.57,-3.57040813808684,-0.0956644515310163,-4.1128951374577
6.5725,-3.58059705379326,-0.0956644515310163,-4.10780201793545
6.575,-3.59078596949968,-0.0956644515310163,-4.11798825697995
6.5775,-3.59078596949968,-0.100760144336805,-4.1128951374577
6.58,-3.60097488520611,-0.0956644515310163,-4.1128951374577
6.5825,-3.60097488520611,-0.0956644515310163,-4.12308137650219
6.585,-3.61116380091253,-0.0956644515310163,-4.1128951374577
6.5875,-3.61116380091253,-0.0956644515310163,-4.12308137650219
6.59,-3.62135271661895,-0.0956644515310163,-4.08742953984645
6.5925,-3.61625825876574,-0.0956644515310163,-4.09761577889095
6.595,-3.62135271661895,-0.0956644515310163,-4.12308137650219
6.5975,-3.62135271661895,-0.0956644515310163,-4.12308137650219
6.6,-3.63154163232537,-0.0956644515310163,-4.1027088984132
6.6025,-3.62135271661895,-0.0956644515310163,-4.09761577889095
6.605,-3.63154163232537,-0.0956644515310163,-4.12817449602444
6.6075,-3.63663609017858,-0.0956644515310163,-4.12817449602444
6.61,-3.646825005885,-0.0956644515310163,-4.09761577889095
6.6125,-3.646825005885,-0.0956644515310163,-4.1027088984132
6.615,-3.65191946373821,-0.0956644515310163,-4.12817449602444
6.6175,-3.65701392159142,-0.0956644515310163,-4.13836073506894
6.62,-3.69776958441711,-0.0956644515310163,-4.12817449602444
6.6225,-3.70286404227032,-0.0956644515310163,-4.13326761554669
6.625,-3.68248621085748,-0.0905687587252277,-4.13326761554669
6.6275,-3.6926751265639,-0.0956644515310163,-4.13326761554669
6.63,-3.6926751265639,-0.0956644515310163,-4.14345385459119
6.6325,-3.70286404227032,-0.0956644515310163,-4.13326761554669
6.635,-3.68248621085748,-0.0956644515310163,-4.14345385459119
6.6375,-3.71305295797674,-0.0956644515310163,-4.14345385459119
6.64,-3.71305295797674,-0.0956644515310163,-4.10780201793545
6.6425,-3.71305295797674,-0.0956644515310163,-4.12308137650219
6.645,-3.70795850012353,-0.0956644515310163,-4.14345385459119
6.6475,-3.71305295797674,-0.0956644515310163,-4.11798825697995
6.65,-3.70795850012353,-0.0956644515310163,-4.11798825697995
6.6525,-3.71305295797674,-0.0956644515310163,-4.1128951374577
6.655,-3.71814741582995,-0.0956644515310163,-4.14854697411344
6.6575,-3.71814741582995,-0.0956644515310163,-4.13326761554669
6.66,-3.71305295797674,-0.0956644515310163,-4.14854697411344
6.6625,-3.70795850012353,-0.0956644515310163,-4.13326761554669
6.665,-3.70795850012353,-0.0956644515310163,-4.13326761554669
6.6675,-3.70795850012353,-0.0956644515310163,-4.13836073506894
6.67,-3.71305295797674,-0.0956644515310163,-4.13326761554669
6.6725,-3.71305295797674,-0.0956644515310163,-4.13836073506894
6.675,-3.71814741582995,-0.0956644515310163,-4.13326761554669
6.6775,-3.72324187368316,-0.0956644515310163,-4.13326761554669
6.68,-3.72324187368316,-0.0956644515310163,-4.13326761554669
6.6825,-3.71305295797674,-0.0905687587252277,-4.18929193029144
6.685,-3.73343078938958,-0.0956644515310163,-4.15364009363569
6.6875,-3.73343078938958,-0.0956644515310163,-4.12308137650219
6.69,-3.73852524724279,-0.0956644515310163,-4.12817449602444
6.6925,-3.743619705096,-0.0956644515310163,-4.17401257172469
6.695,-3.74871416294921,-0.0956644515310163,-4.13326761554669
6.6975,-3.74871416294921,-0.0956644515310163,-4.1128951374577
6.7,-3.75380862080242,-0.0956644515310163,-4.1027088984132
6.7025,-3.75380862080242,-0.0956644515310163,-4.10780201793545
6.705,-3.76399753650884,-0.0956644515310163,-4.12817449602444
6.7075,-3.75890307865563,-0.0956644515310163,-4.1027088984132
6.71,-3.76909199436206,-0.0956644515310163,-4.13326761554669
6.7125,-3.77418645221527,-0.0956644515310163,-4.16382633268019
6.715,-3.77418645221527,-0.0956644515310163,-4.16891945220244
6.7175,-3.77418645221527,-0.0854730659194392,-4.13836073506894
6.72,-3.77928091006848,-0.0956644515310163,-4.11798825697995
6.7225,-3.77928091006848,-0.0905687587252277,-4.12817449602444
6.725,-3.77928091006848,-0.0956644515310163,-4.11798825697995
6.7275,-3.7894698257749,-0.0956644515310163,-4.12817449602444
6.73,-3.77418645221527,-0.0803773731136506,-4.12308137650219
6.7325,-3.77928091006848,-0.0956644515310163,-4.12817449602444
6.735,-3.77928091006848,-0.0956644515310163,-4.12817449602444
6.7375,-3.78437536792169,-0.0956644515310163,-4.12308137650219
6.74,-3.78437536792169,-0.0956644515310163,-4.13326761554669
6.7425,-3.7894698257749,-0.0956644515310163,-4.12817449602444
6.745,-3.79456428362811,-0.0956644515310163,-4.12817449602444
6.7475,-3.79965874148132,-0.0905687587252277,-4.13326761554669
6.75,-3.79965874148132,-0.0956644515310163,-4.12817449602444
6.7525,-3.80984765718774,-0.0956644515310163,-4.13836073506894
6.755,-3.83531994645379,-0.100760144336805,-4.12817449602444
6.7575,-3.84550886216021,-0.0956644515310163,-4.13836073506894
6.76,-9.89263033392119,-0.0956644515310163,-4.13836073506894
6.7625,-3.83531994645379,-0.0956644515310163,-4.13326761554669
6.765,-3.83022548860058,-0.0956644515310163,-4.13836073506894
6.7675,-3.840414404307,-0.0956644515310163,-4.12817449602444
6.77,-3.83022548860058,-0.0956644515310163,-4.13326761554669
6.7725,-3.81494211504095,-0.0956644515310163,-4.13326761554669
6.775,-3.80475319933453,-0.0956644515310163,-4.13326761554669
6.7775,-3.80475319933453,-0.0956644515310163,-4.13326761554669
6.78,-3.83022548860058,-0.0956644515310163,-4.13326761554669
6.7825,-3.82513103074737,-0.0956644515310163,-4.13836073506894
6.785,-3.82513103074737,-0.0956644515310163,-4.14345385459119
6.7875,-3.80984765718774,-0.0956644515310163,-4.1128951374577
6.79,-3.81494211504095,-0.0956644515310163,-4.14854697411344
6.7925,-3.84550886216021,-0.0956644515310163,-4.14345385459119
6.795,-3.82003657289416,-0.0956644515310163,-4.15364009363569
6.7975,-3.7894698257749,-0.0956644515310163,-4.14854697411344
6.8,-3.79456428362811,-0.0956644515310163,-4.15364009363569
6.8025,-3.78437536792169,-0.0956644515310163,-4.15873321315794
6.805,-3.78437536792169,-0.0956644515310163,-4.15364009363569
6.8075,-3.77418645221527,-0.0956644515310163,-4.16382633268019
6.81,-3.79456428362811,-0.0956644515310163,-4.14854697411344
6.8125,-3.77928091006848,-0.0956644515310163,-4.14854697411344
6.815,-3.76399753650884,-0.0905687587252277,-4.14854697411344
6.8175,-3.75380862080242,-0.0905687587252277,-4.1128951374577
6.82,-3.75380862080242,-0.0956644515310163,-4.14854697411344
6.8225,-3.75380862080242,-0.0956644515310163,-4.13836073506894
6.825,-3.75380862080242,-0.0956644515310163,-4.13836073506894
6.8275,-3.75380862080242,-0.0956644515310163,-4.1128951374577
6.83,-3.75890307865563,-0.0956644515310163,-4.13326761554669
6.8325,-3.74871416294921,-0.0956644515310163,-4.14345385459119
6.835,-3.75890307865563,-0.0956644515310163,-4.13326761554669
6.8375,-3.74871416294921,-0.0956644515310163,-4.1128951374577
6.84,-3.743619705096,-0.0956644515310163,-4.13326761554669
6.8425,-3.75380862080242,-0.0956644515310163,-4.13836073506894
6.845,-3.75890307865563,-0.0956644515310163,-4.13836073506894
6.8475,-3.75380862080242,-0.0956644515310163,-4.10780201793545
6.85,-3.73852524724279,-0.0956644515310163,-4.1128951374577
6.8525,-3.70795850012353,-0.0956644515310163,-4.13326761554669
6.855,-3.70286404227032,-0.0905687587252277,-4.13326761554669
6.8575,-3.69776958441711,-0.0956644515310163,-4.13836073506894
6.86,-3.69776958441711,-0.0956644515310163,-4.12817449602444
6.8625,-3.68758066871069,-0.0956644515310163,-4.16891945220244
6.865,-3.67739175300426,-0.0956644515310163,-4.15364009363569
6.8675,-3.67739175300426,-0.0956644515310163,-4.12817449602444
6.87,-3.646825005885,-0.0956644515310163,-4.12308137650219
6.8725,-3.65701392159142,-0.0956644515310163,-4.11798825697995
6.875,-3.66210837944463,-0.0956644515310163,-4.14345385459119
6.8775,-3.68248621085748,-0.0956644515310163,-4.16382633268019
6.88,-3.69776958441711,-0.100760144336805,-4.16382633268019
6.8825,-3.64173054803179,-0.0956644515310163,-4.16382633268019
6.885,-3.64173054803179,-0.0956644515310163,-4.13326761554669
6.8875,-3.66720283729784,-0.0905687587252277,-4.14345385459119
6.89,-3.55512476452721,-0.0956644515310163,-4.12817449602444
6.8925,-3.54493584882079,-0.100760144336805,-4.14854697411344
6.895,-3.56021922238042,-0.0956644515310163,-4.14345385459119
6.8975,-3.58569151164647,-0.0956644515310163,-4.13836073506894
6.9,-3.56021922238042,-0.0956644515310163,-4.14345385459119
6.9025,-3.52965247526116,-0.0956644515310163,-4.14345385459119
6.905,-3.51436910170153,-0.0905687587252277,-4.12308137650219
6.9075,-3.51946355955474,-0.0956644515310163,-4.1128951374577
6.91,-3.50927464384831,-0.0956644515310163,-4.1128951374577
6.9125,-3.51436910170153,-0.0956644515310163,-4.11798825697995
6.915,-3.50927464384831,-0.0956644515310163,-4.13326761554669
6.9175,-3.48380235458226,-0.0956644515310163,-4.14345385459119
6.92,-3.5041801859951,-0.0956644515310163,-4.10780201793545
6.9225,-3.48380235458226,-0.0956644515310163,-4.10780201793545
6.925,-3.5041801859951,-0.0956644515310163,-4.10780201793545
6.9275,-3.53474693311437,-0.0956644515310163,-4.09761577889095
6.93,-3.52965247526116,-0.0905687587252277,-4.10780201793545
6.9325,-3.51436910170153,-0.0956644515310163,-4.0925226593687
6.935,-3.50927464384831,-0.0956644515310163,-4.1027088984132
6.9375,-3.51436910170153,-0.0956644515310163,-4.0925226593687
6.94,-3.52455801740795,-0.0956644515310163,-4.08742953984645
6.9425,-3.52455801740795,-0.0956644515310163,-4.09761577889095
6.945,-3.52455801740795,-0.0956644515310163,-4.0925226593687
6.9475,-3.53474693311437,-0.0956644515310163,-4.12817449602444
6.95,-3.53474693311437,-0.0956644515310163,-4.12308137650219
6.9525,-3.53984139096758,-0.0956644515310163,-9.96998258804469
6.955,-3.53474693311437,-0.0956644515310163,-4.13326761554669
6.9575,-3.53474693311437,-0.0956644515310163,-4.09761577889095
6.96,-3.52965247526116,-0.0956644515310163,-4.13836073506894
6.9625,-3.52455801740795,-0.0956644515310163,-4.12817449602444
6.965,-3.56021922238042,-0.0956644515310163,-4.09761577889095
6.9675,-3.55512476452721,-0.0956644515310163,-4.09761577889095
6.97,-3.53474693311437,-0.0956644515310163,-4.09761577889095
6.9725,-3.53474693311437,-0.0956644515310163,-4.1027088984132
6.975,-3.53984139096758,-0.0956644515310163,-4.09761577889095
6.9775,-3.54493584882079,-0.0956644515310163,-4.1027088984132
6.98,-3.57040813808684,-0.0956644515310163,-4.10780201793545
6.9825,-3.57550259594005,-0.0956644515310163,-4.1027088984132
6.985,-3.58059705379326,-0.0956644515310163,-4.1128951374577
6.9875,-3.59078596949968,-0.0956644515310163,-4.10780201793545
6.99,-3.59588042735289,-0.0956644515310163,-4.11798825697995
6.9925,-3.60097488520611,-0.0956644515310163,-4.11798825697995
6.995,-3.61625825876574,-0.0956644515310163,-4.11798825697995
6.9975,-3.61625825876574,-0.0956644515310163,-4.12817449602444
7,-3.62644717447216,-0.0956644515310163,-4.11798825697995
7.0025,-3.62644717447216,-0.0956644515310163,-4.12817449602444
7.005,-3.64173054803179,-0.0956644515310163,-4.12817449602444
7.0075,-3.646825005885,-0.0956644515310163,-4.13326761554669
7.01,-3.65701392159142,-0.0956644515310163,-4.13836073506894
7.0125,-3.65701392159142,-0.0956644515310163,-4.13326761554669
7.015,-3.68248621085748,-0.0956644515310163,-4.14345385459119
7.0175,-3.68248621085748,-0.0956644515310163,-4.13836073506894
7.02,-3.68758066871069,-0.0956644515310163,-4.14345385459119
7.0225,-3.68758066871069,-0.0956644515310163,-4.14854697411344
7.025,-3.6926751265639,-0.0956644515310163,-4.14345385459119
7.0275,-3.68758066871069,-0.0956644515310163,-4.14854697411344
7.03,-3.69776958441711,-0.0956644515310163,-4.13836073506894
7.0325,-3.68758066871069,-0.0956644515310163,-4.14854697411344
7.035,-3.68248621085748,-0.0956644515310163,-4.13836073506894
7.0375,-3.68758066871069,-0.0956644515310163,-4.14345385459119
7.04,-3.68758066871069,-0.0956644515310163,-4.17401257172469
7.0425,-3.6926751265639,-0.0956644515310163,-4.16891945220244
7.045,-3.68248621085748,-0.0956644515310163,-4.15364009363569
7.0475,-3.68758066871069,-0.0956644515310163,-4.11798825697995
7.05,-3.71305295797674,-0.0956644515310163,-4.14854697411344
7.0525,-3.70795850012353,-0.0956644515310163,-4.14854697411344
7.055,-3.70286404227032,-0.0956644515310163,-4.14854697411344
7.0575,-3.65191946373821,-0.0956644515310163,-4.15873321315794
7.06,-3.66210837944463,-0.0956644515310163,-4.18419881076919
7.0625,-3.62644717447216,-0.0956644515310163,-4.15364009363569
7.065,-3.63154163232537,-0.0956644515310163,-4.14345385459119
7.0675,-3.63663609017858,-0.0956644515310163,-4.13836073506894
7.07,-3.63154163232537,-0.0956644515310163,-4.12817449602444
7.0725,-3.66210837944463,-0.0956644515310163,-4.11798825697995
7.075,-3.65701392159142,-0.0956644515310163,-4.15873321315794
7.0775,-3.66210837944463,-0.0956644515310163,-4.12817449602444
7.08,-3.66720283729784,-0.0956644515310163,-4.1027088984132
7.0825,-3.52455801740795,-0.0956644515310163,-4.13326761554669
7.085,-3.52965247526116,-0.0956644515310163,-4.13326761554669
7.0875,-3.51946355955474,-0.0956644515310163,-4.14854697411344
7.09,-3.52455801740795,-0.0956644515310163,-4.14854697411344
7.0925,-3.51436910170153,-0.0905687587252277,-4.15364009363569
7.095,-3.54493584882079,-0.0956644515310163,-4.12817449602444
7.0975,-3.56531368023363,-0.0956644515310163,-4.12817449602444
7.1,-3.56531368023363,-0.0956644515310163,-4.15873321315794
7.1025,-3.51436910170153,-0.0956644515310163,-4.15873321315794
7.105,-3.51946355955474,-0.0956644515310163,-4.13836073506894
7.1075,-3.51436910170153,-0.0956644515310163,-4.13836073506894
7.11,-3.51946355955474,-0.0956644515310163,-4.16382633268019
7.1125,-3.51946355955474,-0.0956644515310163,-4.17910569124694
7.115,-3.53474693311437,-0.0956644515310163,-4.16891945220244
7.1175,-3.53474693311437,-0.0956644515310163,-4.17401257172469
7.12,-3.53984139096758,-0.0956644515310163,-4.14345385459119
7.1225,-3.56021922238042,-0.0956644515310163,-4.17401257172469
7.125,-3.56021922238042,-0.0956644515310163,-4.17910569124694
7.1275,-3.53984139096758,-0.0956644515310163,-4.18419881076919
7.13,-3.54493584882079,-0.0956644515310163,-4.19438504981369
7.1325,-3.54493584882079,-0.0956644515310163,-4.18419881076919
7.135,-3.54493584882079,-0.0956644515310163,-4.18929193029144
7.1375,-3.56531368023363,-0.0956644515310163,-4.18929193029144
7.14,-3.56021922238042,-0.0956644515310163,-4.20457128885819
7.1425,-3.50927464384831,-0.0956644515310163,-4.18929193029144
7.145,-3.50927464384831,-0.0956644515310163,-4.16891945220244
7.1475,-3.51436910170153,-0.0956644515310163,-4.17401257172469
7.15,-3.51436910170153,-0.0956644515310163,-4.14854697411344
7.1525,-3.49399127028868,-0.0956644515310163,-4.19438504981369
7.155,-3.48380235458226,-0.0956644515310163,-4.19438504981369
7.1575,-3.49908572814189,-0.0956644515310163,-4.18929193029144
7.16,-3.49908572814189,-0.0956644515310163,-4.19438504981369
7.1625,-3.5041801859951,-0.0956644515310163,-4.18419881076919
7.165,-3.50927464384831,-0.0956644515310163,-4.18929193029144
7.1675,-3.453235607463,-0.0956644515310163,-4.18929193029144
7.17,-3.453235607463,-0.0956644515310163,-4.15873321315794
7.1725,-3.45833006531621,-0.0956644515310163,-4.16382633268019
7.175,-3.45833006531621,-0.0956644515310163,-4.15873321315794
7.1775,-3.46851898102263,-0.0905687587252277,-4.15873321315794
7.18,-3.47361343887584,-0.0956644515310163,-4.16891945220244
7.1825,-3.5041801859951,-0.0956644515310163,-4.15873321315794
7.185,-3.5041801859951,-0.0956644515310163,-4.17910569124694
7.1875,-3.550030306674,-0.0956644515310163,-4.19947816933594
7.19,-3.51946355955474,-0.0956644515310163,-4.20457128885819
7.1925,-3.52965247526116,-0.0956644515310163,-4.19947816933594
7.195,-3.54493584882079,-0.0956644515310163,-4.19438504981369
7.1975,-3.550030306674,-0.0956644515310163,-4.23003688646944
7.2,-3.56021922238042,-0.0956644515310163,-4.18929193029144
7.2025,-3.57040813808684,-0.0956644515310163,-4.18929193029144
7.205,-3.60606934305932,-0.0956644515310163,-4.18929193029144
7.2075,-3.61625825876574,-0.0956644515310163,-4.18419881076919
7.21,-3.62135271661895,-0.0956644515310163,-4.19438504981369
7.2125,-3.61625825876574,-0.0956644515310163,-4.18419881076919
7.215,-0.101082340050429,-0.0956644515310163,-4.21985064742494
7.2175,-0.0959878821972175,-0.0905687587252277,-4.21475752790269
7.22,-0.0959878821972175,-0.0956644515310163,-4.20966440838044
7.2225,-0.0959878821972175,-0.0905687587252277,-4.21475752790269
7.225,-0.0959878821972175,-0.0956644515310163,-4.20966440838044
7.2275,-0.0908934243440065,-0.0956644515310163,-4.18929193029144
7.23,-0.0959878821972175,-0.0956644515310163,-4.21475752790269
7.2325,-0.0959878821972175,-0.0956644515310163,-4.18929193029144
7.235,-3.82003657289416,-0.0956644515310163,-4.18419881076919
7.2375,-3.83531994645379,-0.0956644515310163,-4.17910569124694
7.24,-3.86079223571985,-0.0956644515310163,-4.18929193029144
7.2425,-3.87098115142627,-0.0956644515310163,-4.22494376694719
7.245,-3.87607560927948,-0.0956644515310163,-4.23003688646944
7.2475,-3.89135898283911,-0.0956644515310163,-4.19947816933594
7.25,-3.89645344069232,-0.0956644515310163,-4.18929193029144
7.2525,-3.90154789854553,-0.0956644515310163,-4.19438504981369
7.255,-3.89135898283911,-0.0956644515310163,-4.18419881076919
7.2575,-3.89645344069232,-0.0956644515310163,-4.18929193029144
7.26,-3.8862645249859,-0.0956644515310163,-4.17910569124694
7.2625,-3.89135898283911,-0.0956644515310163,-4.17910569124694
7.265,-3.87098115142627,-0.0956644515310163,-4.17401257172469
7.2675,-3.8862645249859,-0.0956644515310163,-4.16891945220244
7.27,-3.8862645249859,-0.0956644515310163,-4.17910569124694
7.2725,-3.86079223571985,-0.0956644515310163,-4.20457128885819
7.275,-3.87098115142627,-0.0956644515310163,-4.18929193029144
7.2775,-3.840414404307,-0.0956644515310163,-4.18419881076919
7.28,-3.85060332001342,-0.0956644515310163,-4.18929193029144
7.2825,-3.81494211504095,-0.0956644515310163,-4.18929193029144
7.285,-3.80475319933453,-0.0956644515310163,-4.19438504981369
7.2875,-3.79965874148132,-0.0956644515310163,-4.17401257172469
7.29,-3.81494211504095,-0.0956644515310163,-4.17401257172469
7.2925,-3.80984765718774,-0.0956644515310163,-4.16891945220244
7.295,-3.743619705096,-0.0956644515310163,-4.17401257172469
7.2975,-3.73343078938958,-0.0956644515310163,-4.16382633268019
7.3,-3.73343078938958,-0.0956644515310163,-4.17401257172469
7.3025,-3.72324187368316,-0.0956644515310163,-4.13836073506894
7.305,-3.74871416294921,-0.0956644515310163,-4.13836073506894
7.3075,-3.71305295797674,-0.0956644515310163,-4.14345385459119
7.31,-3.67229729515105,-0.0956644515310163,-4.15873321315794
7.3125,-3.67739175300426,-0.0905687587252277,-4.13836073506894
7.315,-3.70286404227032,-0.0956644515310163,-4.14854697411344
7.3175,-3.69776958441711,-0.0956644515310163,-4.15364009363569
7.32,-3.66720283729784,-0.0956644515310163,-4.15364009363569
7.3225,-3.61625825876574,-0.0956644515310163,-4.12308137650219
7.325,-3.61116380091253,-0.0956644515310163,-4.12817449602444
7.3275,-3.60606934305932,-0.0956644515310163,-4.11798825697995
7.33,-3.60606934305932,-0.0956644515310163,-4.14854697411344
7.3325,-3.60606934305932,-0.0956644515310163,-4.11798825697995
7.335,-3.60606934305932,-0.0956644515310163,-4.1128951374577
7.3375,-3.51946355955474,-0.0956644515310163,-4.14854697411344
7.34,-3.51436910170153,-0.0956644515310163,-4.13326761554669
7.3425,-3.50927464384831,-0.0956644515310163,-4.13836073506894
7.345,-3.5041801859951,-0.0956644515310163,-4.13326761554669
7.3475,-3.47870789672905,-0.0956644515310163,-4.13326761554669
7.35,-3.46851898102263,-0.0956644515310163,-4.13326761554669
7.3525,-3.49908572814189,-0.0956644515310163,-4.12817449602444
7.355,-3.46342452316942,-0.0956644515310163,-4.15873321315794
7.3575,-3.46851898102263,-0.0956644515310163,-4.14854697411344
7.36,-3.45833006531621,-0.0956644515310163,-4.15364009363569
7.3625,-3.47361343887584,-0.0956644515310163,-4.14854697411344
7.365,-3.49399127028868,-0.0956644515310163,-4.14345385459119
7.3675,-3.48889681243547,-0.0956644515310163,-4.15364009363569
7.37,-3.48380235458226,-0.0956644515310163,-4.12308137650219
7.3725,-3.49399127028868,-0.0956644515310163,-4.12817449602444
7.375,-3.51436910170153,-0.0956644515310163,-4.12308137650219
7.3775,-3.51946355955474,-0.0956644515310163,-4.12817449602444
7.38,-3.54493584882079,-0.0956644515310163,-4.15873321315794
7.3825,-3.53474693311437,-0.0956644515310163,-4.12817449602444
7.385,-3.56021922238042,-0.0956644515310163,-4.13326761554669
7.3875,-3.57550259594005,-0.0956644515310163,-4.12308137650219
7.39,-3.58569151164647,-0.0956644515310163,-4.12817449602444
7.3925,-3.56531368023363,-0.0956644515310163,-4.12308137650219
7.395,-3.58059705379326,-0.0956644515310163,-4.11798825697995
7.3975,-3.58569151164647,-0.0956644515310163,-4.15364009363569
7.4,-3.59588042735289,-0.0956644515310163,-4.14854697411344
7.4025,-3.60097488520611,-0.0956644515310163,-4.17910569124694
7.405,-3.61116380091253,-0.0956644515310163,-4.14854697411344
7.4075,-3.61625825876574,-0.0956644515310163,-4.14345385459119
7.41,-3.62644717447216,-0.0854730659194392,-4.15364009363569
7.4125,-3.62644717447216,-0.0956644515310163,-4.14345385459119
7.415,-3.64173054803179,-0.0956644515310163,-4.14854697411344
7.4175,-3.64173054803179,-0.0956644515310163,-4.13836073506894
7.42,-3.65191946373821,-0.0956644515310163,-4.14345385459119
7.4225,-3.65191946373821,-0.0956644515310163,-4.13836073506894
7.425,-3.66210837944463,-0.0956644515310163,-4.12817449602444
7.4275,-3.66210837944463,-0.0956644515310163,-4.13326761554669
7.43,-3.67229729515105,-0.0956644515310163,-4.11798825697995
7.4325,-3.66720283729784,-0.0956644515310163,-4.11798825697995
7.435,-3.67739175300426,-0.0956644515310163,-4.11798825697995
7.4375,-3.67229729515105,-0.0956644515310163,-4.13836073506894
7.44,-3.67229729515105,-0.0956644515310163,-4.14345385459119
7.4425,-3.67229729515105,-0.0956644515310163,-4.15364009363569
7.445,-3.67739175300426,-0.0956644515310163,-4.15873321315794
7.4475,-3.70795850012353,-0.0905687587252277,-4.12817449602444
7.45,-3.71305295797674,-0.0956644515310163,-4.12308137650219
7.4525,-3.72324187368316,-0.0956644515310163,-4.13326761554669
7.455,-3.72324187368316,-0.0956644515310163,-4.13326761554669
7.4575,-3.70286404227032,-0.0956644515310163,-4.13836073506894
7.46,-3.73343078938958,-0.100760144336805,-4.12817449602444
7.4625,-3.73852524724279,-0.0956644515310163,-4.13326761554669
7.465,-3.71814741582995,-0.0956644515310163,-4.12817449602444
7.4675,-3.75890307865563,-0.100760144336805,-4.12308137650219
7.47,-3.75380862080242,-0.0956644515310163,-4.12817449602444
7.4725,-3.75380862080242,-0.0956644515310163,-4.11798825697995
7.475,-3.77928091006848,-0.0956644515310163,-4.11798825697995
7.4775,-3.75890307865563,-0.0956644515310163,-4.11798825697995
7.48,-3.76399753650884,-0.0956644515310163,-4.10780201793545
7.4825,-3.76909199436206,-0.0956644515310163,-4.1128951374577
7.485,-3.743619705096,-0.0854730659194392,-4.1027088984132
7.4875,-3.71814741582995,-0.0956644515310163,-4.10780201793545
7.49,-3.71305295797674,-0.0956644515310163,-4.09761577889095
7.4925,-3.70286404227032,-0.0956644515310163,-4.09761577889095
7.495,-3.70795850012353,-0.0956644515310163,-4.0925226593687
7.4975,-3.70795850012353,-0.0956644515310163,-4.08742953984645
7.5,-3.70795850012353,-0.0956644515310163,-4.0925226593687
7.5025,-3.70286404227032,-0.0956644515310163,-4.13836073506894
7.505,-3.6926751265639,-0.0956644515310163,-4.10780201793545
7.5075,-3.6926751265639,-0.0905687587252277,-4.1027088984132
7.51,-3.68758066871069,-0.0905687587252277,-4.1027088984132
7.5125,-3.70795850012353,-0.0905687587252277,-4.10780201793545
7.515,-3.67229729515105,-0.0956644515310163,-4.1027088984132
7.5175,-3.68248621085748,-0.0956644515310163,-4.10780201793545
7.52,-3.66210837944463,-0.0956644515310163,-4.10780201793545
7.5225,-3.70795850012353,-0.100760144336805,-4.1027088984132
7.525,-3.6926751265639,-0.0956644515310163,-4.1128951374577
7.5275,-3.66210837944463,-0.0956644515310163,-4.1027088984132
7.53,-3.63154163232537,-0.0956644515310163,-4.1128951374577
7.5325,-3.60606934305932,-0.0956644515310163,-4.1027088984132
7.535,-3.62135271661895,-0.0956644515310163,-4.15364009363569
7.5375,-3.61625825876574,-0.0956644515310163,-4.11798825697995
7.54,-3.61116380091253,-0.0905687587252277,-4.08742953984645
7.5425,-3.61116380091253,-0.0956644515310163,-4.0925226593687
7.545,-0.0959878821972175,-0.0956644515310163,-4.08742953984645
7.5475,-0.0959878821972175,-0.0956644515310163,-4.12308137650219
7.55,-0.0908934243440065,-0.0956644515310163,-4.09761577889095
7.5525,-0.0959878821972175,-0.0956644515310163,-4.0925226593687
7.555,-3.42266886034373,-0.0956644515310163,-4.12308137650219
7.5575,-3.41757440249052,-0.0956644515310163,-4.11798825697995
7.56,-3.41247994463731,-0.0956644515310163,-4.0925226593687
7.5625,-3.43285777605016,-0.0956644515310163,-4.09761577889095
7.565,-3.42776331819694,-0.0956644515310163,-4.0925226593687
7.5675,-3.46342452316942,-0.0956644515310163,-4.1027088984132
7.57,-3.40229102893089,-0.0956644515310163,-4.0925226593687
7.5725,-3.39719657107768,-0.0956644515310163,-4.10780201793545
7.575,-3.39719657107768,-0.0956644515310163,-4.09761577889095
7.5775,-3.42266886034373,-0.0956644515310163,-4.1027088984132
7.58,-3.356440908252,-0.0956644515310163,-4.10780201793545
7.5825,-3.38191319751805,-0.0956644515310163,-4.10780201793545
7.585,-3.37172428181163,-0.0956644515310163,-4.11798825697995
7.5875,-3.37172428181163,-0.0956644515310163,-4.0823364203242
7.59,-3.36662982395842,-0.0905687587252277,-4.1128951374577
7.5925,-3.36662982395842,-0.0956644515310163,-4.11798825697995
7.595,-3.37172428181163,-0.0956644515310163,-4.11798825697995
7.5975,-3.356440908252,-0.0956644515310163,-4.0721501812797
7.6,-3.34625199254558,-0.0956644515310163,-4.09761577889095
7.6025,-3.356440908252,-0.0956644515310163,-4.10780201793545
7.605,-3.356440908252,-0.0956644515310163,-4.12817449602444
7.6075,-3.36662982395842,-0.0956644515310163,-4.1027088984132
7.61,-3.356440908252,-0.0956644515310163,-4.16382633268019
7.6125,-3.36662982395842,-0.0956644515310163,-4.15873321315794
7.615,-3.36153536610521,-0.0956644515310163,-9.97507570756694
7.6175,-3.36662982395842,-0.0905687587252277,-4.12308137650219
7.62,-3.37172428181163,-0.0956644515310163,-4.12308137650219
7.6225,-3.38191319751805,-0.0956644515310163,-4.12308137650219
7.625,-3.38191319751805,-0.0956644515310163,-4.12308137650219
7.6275,-3.36153536610521,-0.0905687587252277,-4.12817449602444
7.63,-3.38700765537126,-0.0956644515310163,-4.12817449602444
7.6325,-3.38700765537126,-0.0956644515310163,-4.12817449602444
7.635,-3.39719657107768,-0.0956644515310163,-4.13326761554669
7.6375,-3.40229102893089,-0.100760144336805,-4.12817449602444
7.64,-3.39719657107768,-0.0956644515310163,-4.13836073506894
7.6425,-3.40229102893089,-0.0956644515310163,-4.13326761554669
7.645,-3.40229102893089,-0.0956644515310163,-4.14345385459119
7.6475,-3.4073854867841,-0.0956644515310163,-4.13836073506894
7.65,-3.41757440249052,-0.0956644515310163,-4.14345385459119
7.6525,-3.41757440249052,-0.0956644515310163,-4.14854697411344
7.655,-3.41757440249052,-0.0956644515310163,-4.16891945220244
7.6575,-3.42776331819694,-0.0956644515310163,-4.15873321315794
7.66,-3.44304669175658,-0.0956644515310163,-4.15873321315794
7.6625,-3.43795223390337,-0.0956644515310163,-4.15873321315794
7.665,-3.453235607463,-0.100760144336805,-4.16891945220244
7.6675,-3.45833006531621,-0.0956644515310163,-4.15873321315794
7.67,-3.46851898102263,-0.0956644515310163,-4.14345385459119
7.6725,-3.46851898102263,-0.0956644515310163,-4.15873321315794
7.675,-3.48889681243547,-0.0956644515310163,-4.18929193029144
7.6775,-3.48380235458226,-0.0854730659194392,-4.19947816933594
7.68,-3.52965247526116,-0.0956644515310163,-4.16891945220244
7.6825,-3.53474693311437,-0.0956644515310163,-4.17910569124694
7.685,-3.52965247526116,-0.0956644515310163,-4.16891945220244
7.6875,-3.52965247526116,-0.0956644515310163,-4.17401257172469
7.69,-3.52455801740795,-0.0956644515310163,-4.16891945220244
7.6925,-0.0908934243440065,-0.0956644515310163,-4.17401257172469
7.695,-0.0959878821972175,-0.0956644515310163,-4.17910569124694
7.6975,-0.0908934243440065,-0.0956644515310163,-4.17401257172469
7.7,-0.0959878821972175,-0.0956644515310163,-4.17910569124694
7.7025,-0.101082340050429,-0.0956644515310163,-4.17401257172469
7.705,-0.0959878821972175,-0.0956644515310163,-4.17910569124694
7.7075,-0.0959878821972175,-0.0956644515310163,-4.17910569124694
7.71,-3.65191946373821,-0.0905687587252277,-4.17401257172469
7.7125,-3.66210837944463,-0.0956644515310163,-4.20966440838044
7.715,-3.68758066871069,-0.0956644515310163,-4.20457128885819
7.7175,-3.69776958441711,-0.0956644515310163,-4.18929193029144
7.72,-3.69776958441711,-0.0905687587252277,-4.22494376694719
7.7225,-3.70286404227032,-0.0905687587252277,-4.18929193029144
7.725,-3.70286404227032,-0.0956644515310163,-4.19947816933594
7.7275,-3.70795850012353,-0.0956644515310163,-4.18929193029144
7.73,-3.70795850012353,-0.0956644515310163,-4.19438504981369
7.7325,-3.73343078938958,-0.0956644515310163,-4.19438504981369
7.735,-3.743619705096,-0.0956644515310163,-4.19438504981369
7.7375,-3.71305295797674,-0.0956644515310163,-4.19947816933594
7.74,-3.79965874148132,-0.0905687587252277,-4.19438504981369
7.7425,-3.79456428362811,-0.0956644515310163,-4.19947816933594
7.745,-3.71814741582995,-0.0956644515310163,-4.19947816933594
7.7475,-3.70795850012353,-0.0956644515310163,-4.19438504981369
7.75,-3.70286404227032,-0.0956644515310163,-4.20966440838044
7.7525,-3.72833633153637,-0.0956644515310163,-4.24531624503618
7.755,-3.74871416294921,-0.0956644515310163,-4.16891945220244
7.7575,-3.73852524724279,-0.0956644515310163,-4.19947816933594
7.76,-3.72324187368316,-0.0956644515310163,-4.19947816933594
7.7625,-3.72324187368316,-0.0956644515310163,-4.20966440838044
7.765,-3.76399753650884,-0.0956644515310163,-4.19947816933594
7.7675,-3.75380862080242,-0.0956644515310163,-4.20966440838044
7.77,-3.76399753650884,-0.0956644515310163,-4.19947816933594
7.7725,-3.76399753650884,-0.0956644515310163,-9.97507570756694
7.775,-3.77928091006848,-0.0956644515310163,-4.21985064742494
7.7775,-3.79456428362811,-0.0956644515310163,-4.21475752790269
7.78,-3.79965874148132,-0.0956644515310163,-4.18929193029144
7.7825,-3.77418645221527,-0.0956644515310163,-4.17910569124694
7.785,-3.75890307865563,-0.0956644515310163,-4.17910569124694
7.7875,-3.78437536792169,-0.0956644515310163,-4.16891945220244
7.79,-3.78437536792169,-0.0905687587252277,-4.15873321315794
7.7925,-3.77928091006848,-0.0956644515310163,-4.18929193029144
7.795,-3.77928091006848,-0.0956644515310163,-4.17910569124694
7.7975,-3.77928091006848,-0.0956644515310163,-4.21475752790269
7.8,-3.77418645221527,-0.0956644515310163,-4.20457128885819
7.8025,-3.75890307865563,-0.0956644515310163,-4.24531624503618
7.805,-3.75380862080242,-0.0956644515310163,-4.18929193029144
7.8075,-3.79456428362811,-0.0956644515310163,-4.21475752790269
7.81,-3.79456428362811,-0.0956644515310163,-4.21985064742494
7.8125,-3.79965874148132,-0.0956644515310163,-4.21475752790269
7.815,-3.81494211504095,-0.0956644515310163,-4.20966440838044
7.8175,-3.76399753650884,-0.0956644515310163,-4.16891945220244
7.82,-3.76399753650884,-0.0956644515310163,-4.16382633268019
7.8225,-3.74871416294921,-0.0956644515310163,-4.20457128885819
7.825,-3.75380862080242,-0.0956644515310163,-4.17401257172469
7.8275,-3.76399753650884,-0.0956644515310163,-4.17401257172469
7.83,-3.75380862080242,-0.0956644515310163,-4.12308137650219
7.8325,-3.75380862080242,-0.0956644515310163,-4.1128951374577
7.835,-3.743619705096,-0.0956644515310163,-4.12308137650219
7.8375,-3.76909199436206,-0.0956644515310163,-4.26059560360293
7.84,-3.73852524724279,-0.0956644515310163,-4.23003688646944
7.8425,-3.73852524724279,-0.100760144336805,-4.25550248408068
7.845,-3.72833633153637,-0.0956644515310163,-4.22494376694719
7.8475,-3.69776958441711,-0.0956644515310163,-4.30134055978093
7.85,-3.6926751265639,-0.0956644515310163,-4.20457128885819
7.8525,-3.68248621085748,-0.0956644515310163,-4.19947816933594
7.855,-3.67739175300426,-0.0956644515310163,-4.21985064742494
7.8575,-3.66210837944463,-0.0956644515310163,-4.21475752790269
7.86,-3.65701392159142,-0.0956644515310163,-4.18929193029144
7.8625,-3.646825005885,-0.0956644515310163,-4.17401257172469
7.865,-3.63663609017858,-0.0956644515310163,-4.16382633268019
7.8675,-3.62135271661895,-0.0956644515310163,-4.17910569124694
7.87,-3.62644717447216,-0.0956644515310163,-4.14854697411344
7.8725,-3.62135271661895,-0.0956644515310163,-4.14854697411344
7.875,-3.59588042735289,-0.0956644515310163,-4.14345385459119
7.8775,-3.58569151164647,-0.0956644515310163,-4.14854697411344
7.88,-3.58569151164647,-0.0956644515310163,-4.13326761554669
7.8825,-3.59078596949968,-0.0956644515310163,-4.16382633268019
7.885,-3.57550259594005,-0.0905687587252277,-4.15873321315794
7.8875,-3.59078596949968,-0.0956644515310163,-4.15364009363569
7.89,-3.57040813808684,-0.0956644515310163,-4.15873321315794
7.8925,-3.56531368023363,-0.0956644515310163,-4.14854697411344
7.895,-3.56531368023363,-0.0956644515310163,-4.14854697411344
7.8975,-3.56021922238042,-0.0956644515310163,-4.14854697411344
7.9,-3.56531368023363,-0.0956644515310163,-4.13836073506894
7.9025,-3.56021922238042,-0.0854730659194392,-4.14854697411344
7.905,-3.56531368023363,-0.0956644515310163,-4.13836073506894
7.9075,-3.57550259594005,-0.0956644515310163,-4.15364009363569
7.91,-3.54493584882079,-0.0956644515310163,-4.14345385459119
7.9125,-3.550030306674,-0.0956644515310163,-4.14345385459119
7.915,-3.54493584882079,-0.0956644515310163,-4.14345385459119
7.9175,-3.550030306674,-0.0956644515310163,-4.13326761554669
7.92,-3.550030306674,-0.0956644515310163,-4.13836073506894
7.9225,-3.56021922238042,-0.0956644515310163,-4.13326761554669
7.925,-3.55512476452721,-0.0956644515310163,-4.12817449602444
7.9275,-3.550030306674,-0.100760144336805,-4.13326761554669
7.93,-3.550030306674,-0.0956644515310163,-4.14345385459119
7.9325,-3.55512476452721,-0.0956644515310163,-4.15364009363569
7.935,-3.55512476452721,-0.0956644515310163,-4.13326761554669
7.9375,-3.56021922238042,-0.0956644515310163,-4.14345385459119
7.94,-3.57550259594005,-0.0956644515310163,-4.22494376694719
7.9425,-3.58059705379326,-0.0956644515310163,-4.19438504981369
7.945,-3.56531368023363,-0.0956644515310163,-4.19947816933594
7.9475,-3.550030306674,-0.0956644515310163,-4.18419881076919
7.95,-3.56531368023363,-0.0956644515310163,-4.18929193029144
7.9525,-3.57040813808684,-0.0956644515310163,-4.14854697411344
7.955,-3.61116380091253,-0.0956644515310163,-4.14854697411344
7.9575,-3.59078596949968,-0.0956644515310163,-4.15364009363569
7.96,-3.57550259594005,-0.0956644515310163,-4.13836073506894
7.9625,-3.56021922238042,-0.0956644515310163,-4.14345385459119
7.965,-3.56021922238042,-0.0956644515310163,-4.13326761554669
7.9675,-3.56531368023363,-0.0956644515310163,-4.12817449602444
7.97,-3.56021922238042,-0.0956644515310163,-4.13326761554669
7.9725,-3.58569151164647,-0.0956644515310163,-4.11798825697995
7.975,-3.63154163232537,-0.0956644515310163,-4.12308137650219
7.9775,-3.57550259594005,-0.0956644515310163,-4.10780201793545
7.98,-3.61116380091253,-0.0956644515310163,-4.14345385459119
7.9825,-3.61625825876574,-0.0956644515310163,-4.13326761554669
7.985,-3.646825005885,-0.0956644515310163,-4.12817449602444
7.9875,-3.68248621085748,-0.100760144336805,-4.12817449602444
7.99,-3.63663609017858,-0.0905687587252277,-4.11798825697995
7.9925,-3.63663609017858,-0.0956644515310163,-4.14854697411344
7.995,-3.646825005885,-0.0956644515310163,-4.13836073506894
7.9975,-3.65191946373821,-0.0956644515310163,-4.13326761554669
8,-3.66210837944463,-0.0956644515310163,-4.13326761554669
8.0025,-3.67229729515105,-0.0956644515310163,-4.12817449602444
8.005,-3.68248621085748,-0.0956644515310163,-4.10780201793545
8.0075,-3.68758066871069,-0.0956644515310163,-4.0925226593687
8.01,-3.69776958441711,-0.0956644515310163,-4.12817449602444
8.0125,-3.70286404227032,-0.0956644515310163,-4.12308137650219
8.015,-3.70795850012353,-0.0956644515310163,-4.1128951374577
8.0175,-3.70286404227032,-0.0956644515310163,-4.11798825697995
8.02,-3.70795850012353,-0.0905687587252277,-4.10780201793545
8.0225,-3.72324187368316,-0.0956644515310163,-4.11798825697995
8.025,-3.70286404227032,-0.0956644515310163,-4.1027088984132
8.0275,-3.70286404227032,-0.0854730659194392,-4.1027088984132
8.03,-3.70286404227032,-0.0956644515310163,-4.10780201793545
8.0325,-3.70795850012353,-0.0956644515310163,-4.1027088984132
8.035,-3.70286404227032,-0.0956644515310163,-4.10780201793545
8.0375,-3.70795850012353,-0.0956644515310163,-4.09761577889095
8.04,-3.70795850012353,-0.0956644515310163,-4.1027088984132
8.0425,-3.70795850012353,-0.0956644515310163,-4.1027088984132
8.045,-3.70286404227032,-0.0956644515310163,-4.09761577889095
8.0475,-3.70286404227032,-0.0956644515310163,-4.13326761554669
8.05,-3.70286404227032,-0.0956644515310163,-4.12817449602444
8.0525,-3.70286404227032,-0.0956644515310163,-4.13326761554669
8.055,-3.69776958441711,-0.0956644515310163,-4.18929193029144
8.0575,-3.70286404227032,-0.0956644515310163,-4.14854697411344
8.06,-3.68758066871069,-0.0956644515310163,-4.15364009363569
8.0625,-3.68758066871069,-0.0956644515310163,-4.14854697411344
8.065,-3.67739175300426,-0.0956644515310163,-4.15364009363569
8.0675,-3.68248621085748,-0.0905687587252277,-4.14854697411344
8.07,-3.66720283729784,-0.0956644515310163,-4.17401257172469
8.0725,-3.66210837944463,-0.0956644515310163,-9.97507570756694
8.075,-3.66210837944463,-0.0956644515310163,-4.19438504981369
8.0775,-3.66210837944463,-0.0956644515310163,-4.16891945220244
8.08,-3.65191946373821,-0.0956644515310163,-4.16382633268019
8.0825,-3.62644717447216,-0.0956644515310163,-4.10780201793545
8.085,-3.63663609017858,-0.0956644515310163,-4.13326761554669
8.0875,-3.64173054803179,-0.0956644515310163,-4.12308137650219
8.09,-3.63663609017858,-0.0905687587252277,-4.12817449602444
8.0925,-3.66210837944463,-0.0956644515310163,-4.11798825697995
8.095,-3.65701392159142,-0.0956644515310163,-4.12817449602444
8.0975,-3.646825005885,-0.0956644515310163,-4.1128951374577
8.1,-3.646825005885,-0.0956644515310163,-4.1128951374577
8.1025,-3.68248621085748,-0.0956644515310163,-4.08742953984645
8.105,-3.64173054803179,-0.0956644515310163,-4.10780201793545
8.1075,-3.63154163232537,-0.0956644515310163,-4.1128951374577
8.11,-3.63663609017858,-0.0956644515310163,-4.1027088984132
8.1125,-3.66210837944463,-0.0956644515310163,-4.10780201793545
8.115,-3.66210837944463,-0.0956644515310163,-4.10780201793545
8.1175,-3.62644717447216,-0.0956644515310163,-4.1027088984132
8.12,-3.63154163232537,-0.0956644515310163,-4.10780201793545
8.1225,-3.63663609017858,-0.0956644515310163,-4.1027088984132
8.125,-3.63663609017858,-0.0956644515310163,-4.14345385459119
8.1275,-3.63663609017858,-0.0956644515310163,-4.14345385459119
8.13,-3.63663609017858,-0.0956644515310163,-4.11798825697995
8.1325,-3.64173054803179,-0.0956644515310163,-4.15364009363569
8.135,-3.68248621085748,-0.0956644515310163,-4.13836073506894
8.1375,-3.68248621085748,-0.0956644515310163,-4.14854697411344
8.14,-3.68248621085748,-0.0956644515310163,-4.14345385459119
8.1425,-3.66210837944463,-0.0956644515310163,-4.14854697411344
8.145,-3.68248621085748,-0.0956644515310163,-4.14345385459119
8.1475,-3.65191946373821,-0.0956644515310163,-4.16891945220244
8.15,-3.62135271661895,-0.0956644515310163,-4.17401257172469
8.1525,-3.62135271661895,-0.0956644515310163,-4.16891945220244
8.155,-3.61116380091253,-0.0956644515310163,-4.13326761554669
8.1575,-3.65701392159142,-0.100760144336805,-4.13326761554669
8.16,-3.68758066871069,-0.0956644515310163,-4.12817449602444
8.1625,-3.67739175300426,-0.0956644515310163,-4.13326761554669
8.165,-3.646825005885,-0.0956644515310163,-4.12308137650219
8.1675,-3.62135271661895,-0.0956644515310163,-4.13326761554669
8.17,-3.61625825876574,-0.0956644515310163,-4.12308137650219
8.1725,-3.62644717447216,-0.0956644515310163,-4.12308137650219
8.175,-3.64173054803179,-0.0956644515310163,-4.13326761554669
8.1775,-3.63154163232537,-0.100760144336805,-4.12308137650219
8.18,-3.64173054803179,-0.0956644515310163,-4.13326761554669
8.1825,-3.62135271661895,-0.0956644515310163,-4.09761577889095
8.185,-3.65701392159142,-0.0956644515310163,-4.12817449602444
8.1875,-3.65701392159142,-0.0956644515310163,-4.12817449602444
8.19,-3.61116380091253,-0.0956644515310163,-4.12308137650219
8.1925,-3.63154163232537,-0.0956644515310163,-4.1027088984132
8.195,-3.63154163232537,-0.0956644515310163,-4.12308137650219
8.1975,-3.60097488520611,-0.0956644515310163,-4.12308137650219
8.2,-3.60097488520611,-0.0956644515310163,-4.12308137650219
8.2025,-3.60097488520611,-0.0956644515310163,-4.11798825697995
8.205,-3.59588042735289,-0.0956644515310163,-4.12817449602444
8.2075,-3.59588042735289,-0.0956644515310163,-4.11798825697995
8.21,-3.59588042735289,-0.0956644515310163,-4.12817449602444
8.2125,-3.59078596949968,-0.0956644515310163,-4.11798825697995
8.215,-3.59078596949968,-0.0956644515310163,-4.12308137650219
8.2175,-3.59078596949968,-0.0956644515310163,-4.12817449602444
8.22,-3.61116380091253,-0.0956644515310163,-4.12308137650219
8.2225,-3.61625825876574,-0.0956644515310163,-4.13326761554669
8.225,-3.61116380091253,-0.0956644515310163,-4.15364009363569
8.2275,-3.60606934305932,-0.0956644515310163,-4.15364009363569
8.23,-3.56531368023363,-0.0956644515310163,-4.15873321315794
8.2325,-3.56531368023363,-0.0956644515310163,-4.15364009363569
8.235,-3.59588042735289,-0.0956644515310163,-4.15873321315794
8.2375,-3.60097488520611,-0.0956644515310163,-4.15364009363569
8.24,-3.61625825876574,-0.0956644515310163,-4.15364009363569
8.2425,-3.60097488520611,-0.0956644515310163,-4.16382633268019
8.245,-3.58059705379326,-0.0956644515310163,-4.15873321315794
8.2475,-3.57550259594005,-0.0956644515310163,-4.16382633268019
8.25,-3.57550259594005,-0.0956644515310163,-4.15364009363569
8.2525,-3.56021922238042,-0.0956644515310163,-4.15873321315794
8.255,-3.56531368023363,-0.0956644515310163,-4.15364009363569
8.2575,-3.57550259594005,-0.0956644515310163,-4.15364009363569
8.26,-3.57040813808684,-0.0956644515310163,-4.18929193029144
8.2625,-3.58059705379326,-0.0956644515310163,-4.17910569124694
8.265,-3.57550259594005,-0.0956644515310163,-4.14345385459119
8.2675,-3.61116380091253,-0.0956644515310163,-4.13836073506894
8.27,-3.61625825876574,-0.0956644515310163,-4.13836073506894
8.2725,-3.63154163232537,-0.0956644515310163,-4.14345385459119
8.275,-3.62644717447216,-0.0956644515310163,-4.13326761554669
8.2775,-3.65701392159142,-0.0956644515310163,-4.14345385459119
8.28,-3.65191946373821,-0.0956644515310163,-4.14345385459119
8.2825,-3.646825005885,-0.0956644515310163,-4.14854697411344
8.285,-3.646825005885,-0.0956644515310163,-4.15364009363569
8.2875,-3.66210837944463,-0.0956644515310163,-4.11798825697995
8.29,-3.66210837944463,-0.0956644515310163,-4.15364009363569
8.2925,-3.67739175300426,-0.0956644515310163,-4.14345385459119
8.295,-3.68248621085748,-0.0956644515310163,-4.15364009363569
8.2975,-3.68758066871069,-0.0956644515310163,-4.14854697411344
8.3,-3.6926751265639,-0.0956644515310163,-4.14854697411344
8.3025,-3.70286404227032,-0.0956644515310163,-4.15364009363569
8.305,-3.69776958441711,-0.0905687587252277,-4.14854697411344
8.3075,-3.70795850012353,-0.0956644515310163,-4.15873321315794
8.31,-3.71305295797674,-0.0956644515310163,-4.1027088984132
8.3125,-3.73852524724279,-0.0956644515310163,-4.14854697411344
8.315,-3.73852524724279,-0.0956644515310163,-4.14854697411344
8.3175,-3.75380862080242,-0.0956644515310163,-4.14854697411344
8.32,-3.76399753650884,-0.0905687587252277,-4.15873321315794
8.3225,-3.74871416294921,-0.0956644515310163,-4.14345385459119
8.325,-3.82003657289416,-0.0956644515310163,-4.14854697411344
8.3275,-3.79965874148132,-0.0956644515310163,-4.14854697411344
8.33,-3.78437536792169,-0.0905687587252277,-4.14345385459119
8.3325,-3.78437536792169,-0.0956644515310163,-4.15364009363569
8.335,-3.79965874148132,-0.0956644515310163,-4.13836073506894
8.3375,-3.79965874148132,-0.0956644515310163,-4.14854697411344
8.34,-3.840414404307,-0.0956644515310163,-4.15364009363569
8.3425,-3.80984765718774,-0.0956644515310163,-4.14854697411344
8.345,-3.80984765718774,-0.0956644515310163,-4.15364009363569
8.3475,-3.80984765718774,-0.0956644515310163,-4.0925226593687
8.35,-3.82003657289416,-0.0956644515310163,-4.15364009363569
8.3525,-3.82003657289416,-0.0905687587252277,-4.15364009363569
8.355,-3.82513103074737,-0.0956644515310163,-4.15364009363569
8.3575,-3.82513103074737,-0.0956644515310163,-4.10780201793545
8.36,-3.82003657289416,-0.0956644515310163,-4.12308137650219
8.3625,-3.82513103074737,-0.0956644515310163,-4.16382633268019
8.365,-3.83022548860058,-0.0956644515310163,-4.15364009363569
8.3675,-3.86079223571985,-0.0956644515310163,-4.13326761554669
8.37,-3.85569777786664,-0.0956644515310163,-4.16891945220244
8.3725,-3.85569777786664,-0.0905687587252277,-4.18929193029144
8.375,-3.84550886216021,-0.0956644515310163,-4.21985064742494
8.3775,-3.85060332001342,-0.0956644515310163,-4.18929193029144
8.38,-3.84550886216021,-0.0956644515310163,-4.19438504981369
8.3825,-3.84550886216021,-0.0956644515310163,-4.16382633268019
8.385,-3.840414404307,-0.0956644515310163,-4.16382633268019
8.3875,-3.83531994645379,-0.0956644515310163,-4.16891945220244
8.39,-3.85569777786664,-0.0956644515310163,-4.19947816933594
8.3925,-3.83022548860058,-0.0956644515310163,-4.20966440838044
8.395,-3.81494211504095,-0.0956644515310163,-4.17401257172469
8.3975,-3.82003657289416,-0.0956644515310163,-4.14854697411344
8.4,-3.81494211504095,-0.0956644515310163,-4.17910569124694
8.4025,-3.78437536792169,-0.0956644515310163,-4.19438504981369
8.405,-3.77928091006848,-0.0956644515310163,-4.21475752790269
8.4075,-3.80475319933453,-0.0956644515310163,-4.20457128885819
8.41,-3.80984765718774,-0.0956644515310163,-4.16891945220244
8.4125,-3.75380862080242,-0.0956644515310163,-4.16382633268019
8.415,-3.75890307865563,-0.0956644515310163,-4.16382633268019
8.4175,-3.72833633153637,-0.0956644515310163,-4.16891945220244
8.42,-3.80984765718774,-0.0905687587252277,-4.15873321315794
8.4225,-3.73343078938958,-0.0956644515310163,-4.15873321315794
8.425,-3.73343078938958,-0.0956644515310163,-4.15364009363569
8.4275,-3.72833633153637,-0.0956644515310163,-4.17910569124694
8.43,-3.72833633153637,-0.0956644515310163,-4.15873321315794
8.4325,-3.72324187368316,-0.0956644515310163,-4.14854697411344
8.435,-3.72324187368316,-0.0956644515310163,-4.17401257172469
8.4375,-3.743619705096,-0.0956644515310163,-4.16891945220244
8.44,-3.70795850012353,-0.0956644515310163,-4.14854697411344
8.4425,-3.71305295797674,-0.0956644515310163,-4.22494376694719
8.445,-3.71305295797674,-0.0956644515310163,-4.18419881076919
8.4475,-3.70795850012353,-0.0956644515310163,-4.18929193029144
8.45,-3.73343078938958,-0.0956644515310163,-4.17401257172469
8.4525,-3.70795850012353,-0.0956644515310163,-4.18419881076919
8.455,-3.70795850012353,-0.0956644515310163,-4.17401257172469
8.4575,-3.70286404227032,-0.0956644515310163,-4.19947816933594
8.46,-3.68248621085748,-0.0956644515310163,-4.17401257172469
8.4625,-3.6926751265639,-0.0956644515310163,-4.23513000599169
8.465,-3.68248621085748,-0.0956644515310163,-4.18929193029144
8.4675,-3.67739175300426,-0.0956644515310163,-4.19438504981369
8.47,-3.66720283729784,-0.0956644515310163,-4.18929193029144
8.4725,-3.66210837944463,-0.0956644515310163,-4.19438504981369
8.475,-3.66210837944463,-0.0956644515310163,-4.18419881076919
8.4775,-3.65701392159142,-0.0905687587252277,-4.19438504981369
8.48,-3.64173054803179,-0.0956644515310163,-4.15873321315794
8.4825,-3.646825005885,-0.0956644515310163,-4.17401257172469
8.485,-3.63663609017858,-0.0956644515310163,-4.17401257172469
8.4875,-3.64173054803179,-0.0956644515310163,-4.16891945220244
8.49,-3.63154163232537,-0.0956644515310163,-4.18419881076919
8.4925,-3.63663609017858,-0.0956644515310163,-4.17401257172469
8.495,-3.62644717447216,-0.0956644515310163,-4.15364009363569
8.4975,-3.63154163232537,-0.0956644515310163,-4.17910569124694
8.5,-3.63154163232537,-0.0956644515310163,-4.17401257172469
8.5025,-3.62644717447216,-0.0956644515310163,-4.19438504981369
8.505,-3.63154163232537,-0.0956644515310163,-4.16382633268019
8.5075,-3.63154163232537,-0.0956644515310163,-4.16382633268019
8.51,-3.63154163232537,-0.0956644515310163,-4.1128951374577
8.5125,-3.63663609017858,-0.0956644515310163,-4.15873321315794
8.515,-3.64173054803179,-0.0956644515310163,-4.16891945220244
8.5175,-3.646825005885,-0.0956644515310163,-4.15364009363569
8.52,-3.65191946373821,-0.0956644515310163,-4.15873321315794
8.5225,-3.65701392159142,-0.0956644515310163,-4.15364009363569
8.525,-3.65701392159142,-0.0956644515310163,-4.15873321315794
8.5275,-3.65191946373821,-0.0956644515310163,-4.16382633268019
8.53,-3.66210837944463,-0.0956644515310163,-4.15364009363569
8.5325,-3.65701392159142,-0.0905687587252277,-4.16382633268019
8.535,-3.66210837944463,-0.0956644515310163,-4.15364009363569
8.5375,-3.65701392159142,-0.0956644515310163,-4.15873321315794
8.54,-3.66210837944463,-0.0956644515310163,-4.15364009363569
8.5425,-3.65701392159142,-0.0956644515310163,-4.15364009363569
8.545,-3.66210837944463,-0.0956644515310163,-4.15364009363569
8.5475,-3.66210837944463,-0.0956644515310163,-4.19947816933594
8.55,-3.66210837944463,-0.0956644515310163,-4.17401257172469
8.5525,-3.66210837944463,-0.0956644515310163,-4.16891945220244
8.555,-3.65701392159142,-0.0956644515310163,-4.16382633268019
8.5575,-3.65701392159142,-0.0956644515310163,-4.17401257172469
8.56,-3.65191946373821,-0.0956644515310163,-4.13326761554669
8.5625,-3.65191946373821,-0.0956644515310163,-4.17401257172469
8.565,-3.646825005885,-0.0956644515310163,-4.16382633268019
8.5675,-3.646825005885,-0.0956644515310163,-4.16382633268019
8.57,-3.63663609017858,-0.0956644515310163,-4.15873321315794
8.5725,-3.64173054803179,-0.0956644515310163,-4.15873321315794
8.575,-3.62644717447216,-0.0956644515310163,-4.15873321315794
8.5775,-3.646825005885,-0.0956644515310163,-4.15364009363569
8.58,-3.63663609017858,-0.0956644515310163,-4.16382633268019
8.5825,-3.64173054803179,-0.0956644515310163,-4.16382633268019
8.585,-3.62135271661895,-0.0956644515310163,-4.15873321315794
8.5875,-0.0959878821972175,-0.0956644515310163,-4.16382633268019
8.59,-0.0908934243440065,-0.0956644515310163,-4.15364009363569
8.5925,-0.0959878821972175,-0.0956644515310163,-4.12817449602444
8.595,-3.58569151164647,-0.0956644515310163,-4.12817449602444
8.5975,-3.58059705379326,-0.0956644515310163,-4.15364009363569
8.6,-3.68248621085748,-0.0956644515310163,-4.15873321315794
8.6025,-3.58059705379326,-0.0956644515310163,-4.14854697411344
8.605,-3.57550259594005,-0.0956644515310163,-4.15873321315794
8.6075,-3.57040813808684,-0.0956644515310163,-4.14854697411344
8.61,-3.57040813808684,-0.0956644515310163,-4.14854697411344
8.6125,-3.53984139096758,-0.0956644515310163,-4.15364009363569
8.615,-3.54493584882079,-0.0956644515310163,-4.15364009363569
8.6175,-3.53984139096758,-0.0956644515310163,-4.16382633268019
8.62,-3.54493584882079,-0.0956644515310163,-4.15873321315794
8.6225,-3.53474693311437,-0.0956644515310163,-4.15873321315794
8.625,-3.550030306674,-0.0956644515310163,-4.16382633268019
8.6275,-3.54493584882079,-0.100760144336805,-4.15873321315794
8.63,-3.54493584882079,-0.0956644515310163,-4.16382633268019
8.6325,-3.53984139096758,-0.0905687587252277,-4.17910569124694
8.635,-3.54493584882079,-0.0956644515310163,-4.18419881076919
8.6375,-3.54493584882079,-0.0956644515310163,-4.18929193029144
8.64,-3.55512476452721,-0.0956644515310163,-4.17910569124694
8.6425,-3.550030306674,-0.0956644515310163,-4.18929193029144
8.645,-3.56021922238042,-0.0956644515310163,-4.15364009363569
8.6475,-3.56021922238042,-0.0956644515310163,-4.16382633268019
8.65,-3.56531368023363,-0.0956644515310163,-4.15873321315794
8.6525,-3.56531368023363,-0.0956644515310163,-4.16382633268019
8.655,-3.56531368023363,-0.0956644515310163,-4.16891945220244
8.6575,-3.56531368023363,-0.0956644515310163,-4.15873321315794
8.66,-3.56021922238042,-0.0956644515310163,-4.16382633268019
8.6625,-3.56531368023363,-0.0956644515310163,-4.15873321315794
8.665,-3.54493584882079,-0.0905687587252277,-4.15873321315794
8.6675,-3.56021922238042,-0.0905687587252277,-4.16382633268019
8.67,-3.55512476452721,-0.0956644515310163,-4.15364009363569
8.6725,-3.55512476452721,-0.0956644515310163,-4.16382633268019
8.675,-3.54493584882079,-0.0956644515310163,-4.15364009363569
8.6775,-3.550030306674,-0.0956644515310163,-4.15364009363569
8.68,-3.53984139096758,-0.0956644515310163,-4.15873321315794
8.6825,-3.54493584882079,-0.0956644515310163,-4.15364009363569
8.685,-3.53984139096758,-0.0956644515310163,-4.16382633268019
8.6875,-3.53474693311437,-0.0956644515310163,-4.15364009363569
8.69,-3.53474693311437,-0.0956644515310163,-4.16382633268019
8.6925,-3.550030306674,-0.0956644515310163,-4.15873321315794
8.695,-3.54493584882079,-0.0854730659194392,-4.15873321315794
8.6975,-3.53984139096758,-0.0905687587252277,-4.16382633268019
8.7,-3.53474693311437,-0.0956644515310163,-4.15873321315794
8.7025,-3.52965247526116,-0.0956644515310163,-4.16382633268019
8.705,-3.53984139096758,-0.0956644515310163,-4.13326761554669
8.7075,-0.0908934243440065,-0.0956644515310163,-4.13326761554669
8.71,-0.0959878821972175,-0.0956644515310163,-4.16382633268019
8.7125,-3.50927464384831,-0.0956644515310163,-4.15873321315794
8.715,-3.51946355955474,-0.0956644515310163,-4.16891945220244
8.7175,-3.51436910170153,-0.0956644515310163,-4.16382633268019
8.72,-3.52455801740795,-0.0956644515310163,-4.20457128885819
8.7225,-3.52455801740795,-0.0956644515310163,-4.20457128885819
8.725,-3.53474693311437,-0.0956644515310163,-4.17401257172469
8.7275,-3.53984139096758,-0.0905687587252277,-4.18419881076919
8.73,-3.54493584882079,-0.0956644515310163,-4.17401257172469
8.7325,-3.55512476452721,-0.0905687587252277,-4.18419881076919
8.735,-3.56531368023363,-0.0956644515310163,-4.15364009363569
8.7375,-3.58059705379326,-0.0956644515310163,-4.15364009363569
8.74,-3.58059705379326,-0.0956644515310163,-4.18419881076919
8.7425,-3.59078596949968,-0.0956644515310163,-4.17910569124694
8.745,-3.60097488520611,-0.0956644515310163,-4.18929193029144
8.7475,-3.61116380091253,-0.0956644515310163,-4.18419881076919
8.75,-3.61625825876574,-0.0905687587252277,-4.17910569124694
8.7525,-3.62135271661895,-0.100760144336805,-4.18419881076919
8.755,-3.63154163232537,-0.0956644515310163,-4.17910569124694
8.7575,-3.63663609017858,-0.0956644515310163,-4.18929193029144
8.76,-3.646825005885,-0.0956644515310163,-4.17910569124694
8.7625,-3.65701392159142,-0.0905687587252277,-4.18929193029144
8.765,-3.66210837944463,-0.0956644515310163,-4.16891945220244
8.7675,-3.69776958441711,-0.0905687587252277,-4.18929193029144
8.77,-3.67739175300426,-0.0956644515310163,-4.19947816933594
8.7725,-3.68758066871069,-0.0956644515310163,-4.19438504981369
8.775,-3.6926751265639,-0.0956644515310163,-4.19947816933594
8.7775,-3.73343078938958,-0.0956644515310163,-4.19947816933594
8.78,-3.73852524724279,-0.0956644515310163,-4.19947816933594
8.7825,-3.75380862080242,-0.0956644515310163,-4.20966440838044
8.785,-3.75380862080242,-0.0956644515310163,-4.17401257172469
8.7875,-3.76399753650884,-0.0956644515310163,-4.20966440838044
8.79,-3.76399753650884,-0.0956644515310163,-4.21475752790269
8.7925,-3.76909199436206,-0.0956644515310163,-4.23513000599169
8.795,-3.76399753650884,-0.0956644515310163,-4.25040936455843
8.7975,-3.743619705096,-0.0956644515310163,-4.21475752790269
8.8,-3.79456428362811,-0.0956644515310163,-4.22494376694719
8.8025,-3.76399753650884,-0.0956644515310163,-4.22494376694719
8.805,-3.76909199436206,-0.0956644515310163,-4.22494376694719
8.8075,-3.75890307865563,-0.0956644515310163,-4.23003688646944
8.81,-3.78437536792169,-0.0956644515310163,-4.23003688646944
8.8125,-3.76399753650884,-0.0956644515310163,-4.20457128885819
8.815,-3.76909199436206,-0.0905687587252277,-4.21475752790269
8.8175,-3.73852524724279,-0.0956644515310163,-4.20966440838044
8.82,-3.73343078938958,-0.0956644515310163,-4.22494376694719
8.8225,-3.72833633153637,-0.0956644515310163,-4.21475752790269
8.825,-3.73343078938958,-0.0956644515310163,-4.21985064742494
8.8275,-3.71814741582995,-0.0956644515310163,-4.19438504981369
8.83,-3.72833633153637,-0.0956644515310163,-4.21985064742494
8.8325,-3.71814741582995,-0.0956644515310163,-4.23003688646944
8.835,-3.72324187368316,-0.0956644515310163,-4.22494376694719
8.8375,-0.0959878821972175,-0.0905687587252277,-4.20966440838044
8.84,-0.0959878821972175,-0.0956644515310163,-4.23003688646944
8.8425,-0.0908934243440065,-0.0956644515310163,-4.23003688646944
8.845,-0.0959878821972175,-0.0956644515310163,-4.23513000599169
8.8475,-0.0908934243440065,-0.0956644515310163,-4.23003688646944
8.85,-0.0908934243440065,-0.100760144336805,-4.24022312551393
8.8525,-3.68248621085748,-0.0956644515310163,-4.23513000599169
8.855,-3.68248621085748,-0.0956644515310163,-4.23513000599169
8.8575,-3.67739175300426,-0.0956644515310163,-4.24022312551393
8.86,-3.66210837944463,-0.0956644515310163,-4.23513000599169
8.8625,-3.66210837944463,-0.0956644515310163,-4.24022312551393
8.865,-3.64173054803179,-0.0956644515310163,-4.24022312551393
8.8675,-3.64173054803179,-0.0956644515310163,-4.21475752790269
8.87,-3.60097488520611,-0.0956644515310163,-4.25040936455843
8.8725,-3.62644717447216,-0.0956644515310163,-4.23513000599169
8.875,-3.60606934305932,-0.0956644515310163,-4.25040936455843
8.8775,-3.60606934305932,-0.0956644515310163,-4.20966440838044
8.88,-3.59588042735289,-0.0956644515310163,-4.24022312551393
8.8825,-3.58569151164647,-0.0956644515310163,-4.24022312551393
8.885,-3.58059705379326,-0.0956644515310163,-4.24022312551393
8.8875,-3.59078596949968,-0.0956644515310163,-4.21985064742494
8.89,-3.56531368023363,-0.0956644515310163,-4.24022312551393
8.8925,-3.53474693311437,-0.0956644515310163,-4.24022312551393
8.895,-3.51946355955474,-0.0956644515310163,-4.24022312551393
8.8975,-3.50927464384831,-0.0956644515310163,-4.23513000599169
8.9,-3.54493584882079,-0.0956644515310163,-4.25040936455843
8.9025,-3.53984139096758,-0.0956644515310163,-4.23513000599169
8.905,-3.53474693311437,-0.0956644515310163,-4.24531624503618
8.9075,-3.51946355955474,-0.0956644515310163,-4.24022312551393
8.91,-3.51946355955474,-0.0905687587252277,-4.23003688646944
8.9125,-3.51436910170153,-0.0956644515310163,-4.24022312551393
8.915,-3.51946355955474,-0.0956644515310163,-4.23513000599169
8.9175,-3.41247994463731,-0.0956644515310163,-4.24022312551393
8.92,-3.4073854867841,-0.0956644515310163,-4.24022312551393
8.9225,-3.43285777605016,-0.0956644515310163,-4.23513000599169
8.925,-3.43285777605016,-0.0956644515310163,-4.24022312551393
8.9275,-3.42776331819694,-0.0956644515310163,-4.23003688646944
8.93,-3.43795223390337,-0.0956644515310163,-4.23513000599169
8.9325,-0.101082340050429,-0.0956644515310163,-4.23513000599169
8.935,-0.0959878821972175,-0.0956644515310163,-4.22494376694719
8.9375,-0.0908934243440065,-0.0956644515310163,-4.23003688646944
8.94,-0.0959878821972175,-0.0956644515310163,-4.21475752790269
8.9425,-3.38191319751805,-0.0956644515310163,-4.22494376694719
8.945,-3.37681873966484,-0.0956644515310163,-4.21475752790269
8.9475,-3.37172428181163,-0.0956644515310163,-4.20966440838044
8.95,-3.37172428181163,-0.0956644515310163,-4.18929193029144
8.9525,-3.38191319751805,-0.0956644515310163,-4.20966440838044
8.955,-3.37681873966484,-0.0956644515310163,-4.20966440838044
8.9575,-3.38191319751805,-0.0956644515310163,-4.20457128885819
8.96,-3.37681873966484,-0.0956644515310163,-4.19947816933594
8.9625,-3.38700765537126,-0.0956644515310163,-4.19947816933594
8.965,-3.38700765537126,-0.0956644515310163,-4.19438504981369
8.9675,-3.453235607463,-0.0956644515310163,-4.19438504981369
8.97,-3.44814114960979,-0.0956644515310163,-4.18929193029144
8.9725,-3.453235607463,-0.0956644515310163,-4.18419881076919
8.975,-3.45833006531621,-0.0956644515310163,-4.19438504981369
8.9775,-3.45833006531621,-0.0956644515310163,-4.17910569124694
8.98,-3.45833006531621,-0.0956644515310163,-4.18929193029144
8.9825,-0.101082340050429,-0.0956644515310163,-4.18929193029144
8.985,-3.5041801859951,-0.0956644515310163,-4.18419881076919
8.9875,-3.47870789672905,-0.0956644515310163,-4.18419881076919
8.99,-3.51946355955474,-0.0956644515310163,-4.17401257172469
8.9925,-3.48889681243547,-0.0956644515310163,-4.18419881076919
8.995,-3.49908572814189,-0.105855837142594,-4.17910569124694
8.9975,-3.46851898102263,-0.0956644515310163,-4.17910569124694
9,-3.49908572814189,-0.0956644515310163,-4.17910569124694
9.0025,-0.101082340050429,-0.0956644515310163,-4.16891945220244
9.005,-3.56021922238042,-0.0956644515310163,-4.16891945220244
9.0075,-3.60606934305932,-0.0956644515310163,-4.18419881076919
9.01,-3.550030306674,-0.0956644515310163,-4.18419881076919
9.0125,-3.56021922238042,-0.0956644515310163,-4.15364009363569
9.015,-3.57040813808684,-0.0956644515310163,-4.14345385459119
9.0175,-3.550030306674,-0.0956644515310163,-4.18419881076919
9.02,-3.58059705379326,-0.0956644515310163,-4.16891945220244
9.0225,-3.61116380091253,-0.0956644515310163,-4.14854697411344
9.025,-3.59078596949968,-0.0956644515310163,-4.14345385459119
9.0275,-3.59588042735289,-0.0956644515310163,-4.13836073506894
9.03,-3.60097488520611,-0.0956644515310163,-4.14345385459119
9.0325,-3.61116380091253,-0.0956644515310163,-4.13326761554669
9.035,-3.61625825876574,-0.0956644515310163,-4.13836073506894
9.0375,-3.65191946373821,-0.0956644515310163,-4.13326761554669
9.04,-3.65701392159142,-0.0956644515310163,-4.12817449602444
9.0425,-3.66720283729784,-0.0956644515310163,-4.13326761554669
9.045,-3.67229729515105,-0.0956644515310163,-4.12817449602444
9.0475,-3.6926751265639,-0.0956644515310163,-4.13326761554669
9.05,-3.69776958441711,-0.0956644515310163,-4.12817449602444
9.0525,-3.70795850012353,-0.0956644515310163,-4.12308137650219
9.055,-3.70795850012353,-0.0956644515310163,-4.1027088984132
9.0575,-3.76909199436206,-0.0956644515310163,-4.0925226593687
9.06,-3.70795850012353,-0.0956644515310163,-4.07724330080195
9.0625,-3.743619705096,-0.0956644515310163,-4.12817449602444
9.065,-3.76909199436206,-0.0956644515310163,-4.0925226593687
9.0675,-3.840414404307,-0.0956644515310163,-4.09761577889095
9.07,-3.77418645221527,-0.0956644515310163,-4.11798825697995
9.0725,-3.83022548860058,-0.0956644515310163,-4.12308137650219
9.075,-3.83531994645379,-0.0956644515310163,-4.11798825697995
9.0775,-3.82003657289416,-0.0956644515310163,-4.1128951374577
9.08,-3.82513103074737,-0.0956644515310163,-4.1128951374577
9.0825,-3.82513103074737,-0.0956644515310163,-4.1027088984132
9.085,-3.82513103074737,-0.0956644515310163,-4.1128951374577
9.0875,-3.82513103074737,-0.0956644515310163,-4.07724330080195
9.09,-3.83531994645379,-0.0956644515310163,-4.10780201793545
9.0925,-3.83531994645379,-0.0956644515310163,-4.10780201793545
9.095,-3.84550886216021,-0.0956644515310163,-4.06705706175745
9.0975,-3.84550886216021,-0.0956644515310163,-4.06705706175745
9.1,-3.85060332001342,-0.0905687587252277,-4.08742953984645
9.1025,-3.85060332001342,-0.0956644515310163,-4.0925226593687
9.105,-3.86079223571985,-0.0956644515310163,-4.0619639422352
9.1075,-3.89135898283911,-0.0803773731136506,-4.0823364203242
9.11,-3.89645344069232,-0.0956644515310163,-4.08742953984645
9.1125,-3.90154789854553,-0.0956644515310163,-4.0823364203242
9.115,-3.88117006713269,-0.0956644515310163,-4.08742953984645
9.1175,-3.87607560927948,-0.0956644515310163,-4.0823364203242
9.12,-3.8862645249859,-0.0905687587252277,-4.07724330080195
9.1225,-3.8862645249859,-0.0956644515310163,-4.08742953984645
9.125,-3.89645344069232,-0.0956644515310163,-4.0721501812797
9.1275,-3.89135898283911,-0.0956644515310163,-4.0823364203242
9.13,-3.89645344069232,-0.0956644515310163,-4.07724330080195
9.1325,-3.91173681425195,-0.0956644515310163,-4.1027088984132
9.135,-3.91173681425195,-0.0956644515310163,-4.07724330080195
9.1375,-3.91173681425195,-0.0956644515310163,-4.07724330080195
9.14,-3.91683127210516,-0.0956644515310163,-4.0823364203242
9.1425,-3.91683127210516,-0.0956644515310163,-4.0823364203242
9.145,-3.92192572995837,-0.0956644515310163,-4.07724330080195
9.1475,-3.92192572995837,-0.0956644515310163,-4.0925226593687
9.15,-3.92702018781158,-0.0956644515310163,-4.08742953984645
9.1525,-3.92702018781158,-0.0956644515310163,-4.09761577889095
9.155,-3.91173681425195,-0.0956644515310163,-4.09761577889095
9.1575,-3.90154789854553,-0.0956644515310163,-4.09761577889095
9.16,-3.91683127210516,-0.0956644515310163,-4.1027088984132
9.1625,-3.92702018781158,-0.0956644515310163,-4.1027088984132
9.165,-3.92192572995837,-0.0956644515310163,-4.0823364203242
9.1675,-3.87607560927948,-0.0956644515310163,-4.07724330080195
9.17,-3.87098115142627,-0.0956644515310163,-4.07724330080195
9.1725,-3.92702018781158,-0.0956644515310163,-4.0823364203242
9.175,-3.92192572995837,-0.0956644515310163,-4.1027088984132
9.1775,-4.07475946555469,-0.0956644515310163,-4.0823364203242
9.18,-3.92702018781158,-0.0905687587252277,-4.10780201793545
9.1825,-3.8862645249859,-0.0956644515310163,-4.10780201793545
9.185,-3.87607560927948,-0.0956644515310163,-4.10780201793545
9.1875,-3.85060332001342,-0.100760144336805,-4.1027088984132
9.19,-3.86588669357306,-0.0956644515310163,-4.08742953984645
9.1925,-3.87098115142627,-0.0956644515310163,-4.07724330080195
9.195,-3.86079223571985,-0.0905687587252277,-4.07724330080195
9.1975,-3.83531994645379,-0.0956644515310163,-4.0517777031907
9.2,-3.83022548860058,-0.0956644515310163,-4.0721501812797
9.2025,-3.83531994645379,-0.0956644515310163,-4.10780201793545
9.205,-3.83022548860058,-0.0956644515310163,-4.1027088984132
9.2075,-3.83022548860058,-0.0956644515310163,-4.07724330080195
9.21,-3.83022548860058,-0.0956644515310163,-4.07724330080195
9.2125,-3.85569777786664,-0.0956644515310163,-4.06705706175745
9.215,-3.85569777786664,-0.0956644515310163,-4.07724330080195
9.2175,-3.86079223571985,-0.0956644515310163,-4.06705706175745
9.22,-3.83531994645379,-0.0905687587252277,-4.06705706175745
9.2225,-3.83022548860058,-0.0956644515310163,-4.06705706175745
9.225,-3.83531994645379,-0.0956644515310163,-4.0619639422352
9.2275,-3.80984765718774,-0.0956644515310163,-4.06705706175745
9.23,-3.82003657289416,-0.0956644515310163,-4.0314052251017
9.2325,-3.81494211504095,-0.0956644515310163,-4.0619639422352
9.235,-3.81494211504095,-0.0956644515310163,-4.05687082271295
9.2375,-3.80984765718774,-0.0956644515310163,-4.07724330080195
9.24,-3.81494211504095,-0.0956644515310163,-4.05687082271295
9.2425,-3.81494211504095,-0.0956644515310163,-4.02631210557945
9.245,-3.82003657289416,-0.0854730659194392,-4.0314052251017
9.2475,-3.82003657289416,-0.0905687587252277,-4.05687082271295
9.25,-3.85569777786664,-0.0956644515310163,-4.05687082271295
9.2525,-3.84550886216021,-0.0956644515310163,-4.06705706175745
9.255,-3.85060332001342,-0.0956644515310163,-4.0619639422352
9.2575,-3.81494211504095,-0.0956644515310163,-4.0925226593687
9.26,-3.85060332001342,-0.0956644515310163,-4.05687082271295
9.2625,-3.85060332001342,-0.0956644515310163,-4.02631210557945
9.265,-3.86079223571985,-0.0956644515310163,-4.0314052251017
9.2675,-3.76909199436206,-0.0956644515310163,-4.02631210557945
9.27,-3.743619705096,-0.0956644515310163,-4.0314052251017
9.2725,-3.743619705096,-0.0956644515310163,-4.02631210557945
9.275,-3.78437536792169,-0.0905687587252277,-4.02631210557945
9.2775,-3.76399753650884,-0.0956644515310163,-4.03649834462395
9.28,-3.71814741582995,-0.0956644515310163,-4.02631210557945
9.2825,-3.70286404227032,-0.0956644515310163,-4.0415914641462
9.285,-3.70286404227032,-0.0956644515310163,-4.0314052251017
9.2875,-3.70286404227032,-0.0905687587252277,-4.06705706175745
9.29,-0.106176797903638,-0.0956644515310163,-4.14854697411344
9.2925,-0.0908934243440065,-0.0956644515310163,-4.0823364203242
9.295,-0.0959878821972175,-0.0956644515310163,-4.0925226593687
9.2975,-0.0959878821972175,-0.0956644515310163,-4.0823364203242
9.3,-0.0959878821972175,-0.0956644515310163,-4.0925226593687
9.3025,-0.0908934243440065,-0.0956644515310163,-4.1128951374577
9.305,-0.0908934243440065,-0.0956644515310163,-4.1128951374577
9.3075,-0.0908934243440065,-0.0956644515310163,-4.11798825697995
9.31,-0.0857989664907954,-0.0956644515310163,-4.1027088984132
9.3125,-0.0959878821972175,-0.0905687587252277,-4.1128951374577
9.315,-0.0908934243440065,-0.0956644515310163,-4.07724330080195
9.3175,-0.0959878821972175,-0.0956644515310163,-4.1027088984132
9.32,-0.0908934243440065,-0.0956644515310163,-4.0517777031907
9.3225,-0.0959878821972175,-0.0956644515310163,-4.12817449602444
9.325,-0.0908934243440065,-0.0956644515310163,-4.1027088984132
9.3275,-0.0908934243440065,-0.0905687587252277,-4.12817449602444
9.33,-0.0959878821972175,-0.0956644515310163,-4.1128951374577
9.3325,-0.0959878821972175,-0.0956644515310163,-4.11798825697995
9.335,-3.57040813808684,-0.0956644515310163,-4.10780201793545
9.3375,-3.57550259594005,-0.0956644515310163,-4.08742953984645
9.34,-3.550030306674,-0.0956644515310163,-4.0823364203242
9.3425,-3.55512476452721,-0.0956644515310163,-4.08742953984645
9.345,-3.54493584882079,-0.0956644515310163,-4.08742953984645
9.3475,-3.55512476452721,-0.0956644515310163,-4.08742953984645
9.35,-3.57550259594005,-0.0956644515310163,-4.1027088984132
9.3525,-3.58059705379326,-0.0956644515310163,-4.09761577889095
9.355,-3.55512476452721,-0.0956644515310163,-4.1027088984132
9.3575,-3.58569151164647,-0.0956644515310163,-4.1027088984132
9.36,-3.58059705379326,-0.0956644515310163,-4.09761577889095
9.3625,-3.56531368023363,-0.0956644515310163,-4.10780201793545
9.365,-3.58569151164647,-0.0956644515310163,-4.10780201793545
9.3675,-3.57550259594005,-0.0956644515310163,-4.10780201793545
9.37,-3.57550259594005,-0.0956644515310163,-4.05687082271295
9.3725,-3.58569151164647,-0.0956644515310163,-4.10780201793545
9.375,-3.58569151164647,-0.0905687587252277,-4.12308137650219
9.3775,-3.59078596949968,-0.0956644515310163,-4.10780201793545
9.38,-3.59078596949968,-0.0956644515310163,-4.11798825697995
9.3825,-3.58569151164647,-0.0956644515310163,-4.14854697411344
9.385,-3.59078596949968,-0.0956644515310163,-4.1027088984132
9.3875,-3.59078596949968,-0.0854730659194392,-4.1128951374577
9.39,-3.60097488520611,-0.0956644515310163,-4.10780201793545
9.3925,-3.59588042735289,-0.0956644515310163,-4.13326761554669
9.395,-3.63663609017858,-0.0956644515310163,-4.11798825697995
9.3975,-3.60606934305932,-0.0956644515310163,-4.1128951374577
9.4,-3.67229729515105,-0.0956644515310163,-4.15364009363569
9.4025,-3.68248621085748,-0.0956644515310163,-4.14345385459119
9.405,-3.67229729515105,-0.0956644515310163,-4.12817449602444
9.4075,-3.65191946373821,-0.0956644515310163,-4.12817449602444
9.41,-3.65701392159142,-0.0956644515310163,-4.15873321315794
9.4125,-3.66210837944463,-0.0956644515310163,-4.16891945220244
9.415,-3.67229729515105,-0.0956644515310163,-4.13836073506894
9.4175,-3.66720283729784,-0.0905687587252277,-4.17401257172469
9.42,-3.67739175300426,-0.0956644515310163,-4.16891945220244
9.4225,-3.68248621085748,-0.0956644515310163,-4.17401257172469
9.425,-3.6926751265639,-0.0905687587252277,-4.15364009363569
9.4275,-3.69776958441711,-0.0956644515310163,-4.14345385459119
9.43,-3.71814741582995,-0.0956644515310163,-4.15873321315794
9.4325,-3.72833633153637,-0.0956644515310163,-4.15364009363569
9.435,-3.70795850012353,-0.0956644515310163,-4.13836073506894
9.4375,-3.70286404227032,-0.0956644515310163,-4.14345385459119
9.44,-3.71305295797674,-0.0956644515310163,-4.13836073506894
9.4425,-3.73343078938958,-0.0956644515310163,-4.17401257172469
9.445,-3.743619705096,-0.0956644515310163,-4.11798825697995
9.4475,-3.743619705096,-0.0956644515310163,-4.18419881076919
9.45,-3.74871416294921,-0.0956644515310163,-4.18419881076919
9.4525,-3.74871416294921,-0.0956644515310163,-4.17910569124694
9.455,-3.75380862080242,-0.0956644515310163,-4.19438504981369
9.4575,-3.75380862080242,-0.0956644515310163,-4.18929193029144
9.46,-3.75890307865563,-0.0956644515310163,-4.19438504981369
9.4625,-3.75890307865563,-0.0905687587252277,-4.19947816933594
9.465,-3.76399753650884,-0.0956644515310163,-4.19438504981369
9.4675,-3.75890307865563,-0.0956644515310163,-4.20966440838044
9.47,-3.77418645221527,-0.0956644515310163,-4.19947816933594
9.4725,-3.75380862080242,-0.0956644515310163,-4.24022312551393
9.475,-3.743619705096,-0.0956644515310163,-4.20966440838044
9.4775,-3.74871416294921,-0.0956644515310163,-4.21475752790269
9.48,-3.74871416294921,-0.0956644515310163,-4.21985064742494
9.4825,-3.743619705096,-0.0956644515310163,-4.21475752790269
9.485,-3.74871416294921,-0.0956644515310163,-4.19947816933594
9.4875,-3.74871416294921,-0.0956644515310163,-4.19947816933594
9.49,-3.74871416294921,-0.0956644515310163,-4.20457128885819
9.4925,-3.74871416294921,-0.0956644515310163,-4.21475752790269
9.495,-3.74871416294921,-0.0956644515310163,-4.19947816933594
9.4975,-3.74871416294921,-0.0956644515310163,-4.21985064742494
9.5,-3.73852524724279,-0.0956644515310163,-4.20966440838044
9.5025,-3.743619705096,-0.0956644515310163,-4.21985064742494
9.505,-3.72833633153637,-0.0956644515310163,-4.21985064742494
9.5075,-3.74871416294921,-0.0956644515310163,-4.21985064742494
9.51,-3.73852524724279,-0.0956644515310163,-4.23003688646944
9.5125,-3.73852524724279,-0.0905687587252277,-4.22494376694719
9.515,-3.72324187368316,-0.0956644515310163,-4.23003688646944
9.5175,-3.72833633153637,-0.0956644515310163,-4.23003688646944
9.52,-3.71305295797674,-0.0956644515310163,-4.23003688646944
9.5225,-3.70795850012353,-0.0956644515310163,-4.26568872312518
9.525,-3.70286404227032,-0.0956644515310163,-4.23003688646944
9.5275,-3.70286404227032,-0.0956644515310163,-4.20966440838044
9.53,-3.6926751265639,-0.0956644515310163,-4.20966440838044
9.5325,-3.68758066871069,-0.0905687587252277,-4.21475752790269
9.535,-3.70286404227032,-0.0956644515310163,-4.21985064742494
9.5375,-3.68758066871069,-0.0956644515310163,-4.18419881076919
9.54,-3.67739175300426,-0.0956644515310163,-4.19438504981369
9.5425,-3.69776958441711,-0.0956644515310163,-4.18419881076919
9.545,-3.69776958441711,-0.0956644515310163,-4.21985064742494
9.5475,-3.69776958441711,-0.0956644515310163,-4.17910569124694
9.55,-3.69776958441711,-0.0956644515310163,-4.17910569124694
9.5525,-3.6926751265639,-0.0956644515310163,-4.21475752790269
9.555,-3.69776958441711,-0.0956644515310163,-4.20966440838044
9.5575,-3.68248621085748,-0.100760144336805,-4.24531624503618
9.56,-3.6926751265639,-0.0956644515310163,-4.23513000599169
9.5625,-3.6926751265639,-0.0956644515310163,-4.20457128885819
9.565,-3.66210837944463,-0.0956644515310163,-4.17910569124694
9.5675,-3.68758066871069,-0.0905687587252277,-4.16891945220244
9.57,-3.68248621085748,-0.0956644515310163,-4.20457128885819
9.5725,-3.68758066871069,-0.0956644515310163,-4.19438504981369
9.575,-3.68248621085748,-0.0956644515310163,-4.16382633268019
9.5775,-3.67739175300426,-0.0956644515310163,-4.19438504981369
9.58,-3.68248621085748,-0.0956644515310163,-4.17910569124694
9.5825,-3.67739175300426,-0.0956644515310163,-4.18929193029144
9.585,-3.67739175300426,-0.0956644515310163,-4.17910569124694
9.5875,-3.66720283729784,-0.0956644515310163,-4.18419881076919
9.59,-3.66720283729784,-0.0956644515310163,-4.17401257172469
9.5925,-3.66210837944463,-0.0956644515310163,-4.17401257172469
9.595,-3.66210837944463,-0.100760144336805,-4.17401257172469
9.5975,-3.66210837944463,-0.0956644515310163,-4.16382633268019
9.6,-3.66210837944463,-0.0956644515310163,-4.16891945220244
9.6025,-3.66210837944463,-0.0956644515310163,-4.16382633268019
9.605,-3.66210837944463,-0.0956644515310163,-4.15364009363569
9.6075,-3.66210837944463,-0.0956644515310163,-4.15873321315794
9.61,-3.66210837944463,-0.0956644515310163,-4.14345385459119
9.6125,-3.68248621085748,-0.0956644515310163,-4.14854697411344
9.615,-3.70795850012353,-0.0905687587252277,-4.13326761554669
9.6175,-3.70795850012353,-0.0956644515310163,-4.15873321315794
9.62,-3.68248621085748,-0.0905687587252277,-4.15364009363569
9.6225,-3.68248621085748,-0.0956644515310163,-4.16382633268019
9.625,-3.67739175300426,-0.0956644515310163,-4.13836073506894
9.6275,-3.68248621085748,-0.0956644515310163,-4.12817449602444
9.63,-3.68248621085748,-0.0956644515310163,-4.1027088984132
9.6325,-3.6926751265639,-0.0956644515310163,-4.12308137650219
9.635,-3.70286404227032,-0.0956644515310163,-4.11798825697995
9.6375,-3.67229729515105,-0.0956644515310163,-4.12308137650219
9.64,-3.66720283729784,-0.0956644515310163,-4.05687082271295
9.6425,-3.67229729515105,-0.0956644515310163,-4.11798825697995
9.645,-3.67229729515105,-0.0956644515310163,-4.10780201793545
9.6475,-3.67229729515105,-0.0956644515310163,-4.10780201793545
9.65,-3.66210837944463,-0.0956644515310163,-4.1128951374577
9.6525,-3.646825005885,-0.0956644515310163,-4.09761577889095
9.655,-3.65191946373821,-0.0956644515310163,-4.10780201793545
9.6575,-3.65191946373821,-0.0956644515310163,-4.09761577889095
9.66,-3.65191946373821,-0.0956644515310163,-4.07724330080195
9.6625,-3.68248621085748,-0.0956644515310163,-4.1027088984132
9.665,-3.67229729515105,-0.0956644515310163,-4.10780201793545
9.6675,-3.63663609017858,-0.0956644515310163,-4.1128951374577
9.67,-3.65191946373821,-0.0956644515310163,-4.1128951374577
9.6725,-3.646825005885,-0.0956644515310163,-4.1128951374577
9.675,-3.63663609017858,-0.0956644515310163,-4.1128951374577
9.6775,-3.63154163232537,-0.0956644515310163,-4.10780201793545
9.68,-3.646825005885,-0.0956644515310163,-4.12308137650219
9.6825,-3.64173054803179,-0.0956644515310163,-4.1128951374577
9.685,-3.60606934305932,-0.0956644515310163,-4.12817449602444
9.6875,-3.60097488520611,-0.0956644515310163,-4.12308137650219
9.69,-3.59588042735289,-0.0956644515310163,-4.12308137650219
9.6925,-3.58569151164647,-0.0956644515310163,-4.13326761554669
9.695,-3.59078596949968,-0.0956644515310163,-4.12817449602444
9.6975,-3.58569151164647,-0.0956644515310163,-4.13326761554669
9.7,-3.58059705379326,-0.0905687587252277,-4.12817449602444
9.7025,-3.55512476452721,-0.0956644515310163,-4.12817449602444
9.705,-3.57040813808684,-0.0956644515310163,-4.13326761554669
9.7075,-3.56531368023363,-0.0956644515310163,-4.12817449602444
9.71,-3.56531368023363,-0.0956644515310163,-4.0823364203242
9.7125,-3.55512476452721,-0.0956644515310163,-4.07724330080195
9.715,-3.55512476452721,-0.0956644515310163,-4.14345385459119
9.7175,-3.54493584882079,-0.0956644515310163,-4.13326761554669
9.72,-3.550030306674,-0.0956644515310163,-4.13326761554669
9.7225,-3.53984139096758,-0.0956644515310163,-4.16891945220244
9.725,-3.53984139096758,-0.0956644515310163,-4.18929193029144
9.7275,-3.52965247526116,-0.0956644515310163,-4.16891945220244
9.73,-3.53474693311437,-0.0956644515310163,-4.12817449602444
9.7325,-3.51946355955474,-0.0956644515310163,-4.13326761554669
9.735,-3.51946355955474,-0.0956644515310163,-4.13836073506894
9.7375,-3.51946355955474,-0.0956644515310163,-4.13326761554669
9.74,-3.49399127028868,-0.0956644515310163,-4.15364009363569
9.7425,-3.50927464384831,-0.0956644515310163,-4.14854697411344
9.745,-3.51436910170153,-0.0956644515310163,-4.12817449602444
9.7475,-3.5041801859951,-0.0956644515310163,-4.13326761554669
9.75,-3.50927464384831,-0.0956644515310163,-4.15873321315794
9.7525,-3.5041801859951,-0.0956644515310163,-4.16891945220244
9.755,-3.50927464384831,-0.0956644515310163,-4.16382633268019
9.7575,-3.5041801859951,-0.0956644515310163,-4.17401257172469
9.76,-3.50927464384831,-0.0905687587252277,-4.14854697411344
9.7625,-3.550030306674,-0.0956644515310163,-4.17401257172469
9.765,-3.47361343887584,-0.0956644515310163,-4.18419881076919
9.7675,-3.47870789672905,-0.0956644515310163,-4.20966440838044
9.77,-3.47870789672905,-0.0956644515310163,-4.18929193029144
9.7725,-3.47870789672905,-0.0956644515310163,-4.16382633268019
9.775,-3.48380235458226,-0.0956644515310163,-4.16382633268019
9.7775,-3.47870789672905,-0.0956644515310163,-4.17401257172469
9.78,-3.46851898102263,-0.0905687587252277,-4.16382633268019
9.7825,-3.47870789672905,-0.0956644515310163,-4.17401257172469
9.785,-3.46851898102263,-0.0956644515310163,-4.13836073506894
9.7875,-3.48380235458226,-0.0905687587252277,-4.16891945220244
9.79,-3.47870789672905,-0.0956644515310163,-4.17910569124694
9.7925,-3.48380235458226,-0.0956644515310163,-4.17401257172469
9.795,-3.48380235458226,-0.0905687587252277,-4.18419881076919
9.7975,-3.49399127028868,-0.0956644515310163,-4.17910569124694
9.8,-3.49399127028868,-0.0956644515310163,-4.18419881076919
9.8025,-3.5041801859951,-0.0905687587252277,-4.18929193029144
9.805,-3.5041801859951,-0.0956644515310163,-4.18929193029144
9.8075,-3.50927464384831,-0.0956644515310163,-4.19438504981369
9.81,-3.50927464384831,-0.0956644515310163,-4.19438504981369
9.8125,-3.51946355955474,-0.100760144336805,-4.20457128885819
9.815,-3.51946355955474,-0.0956644515310163,-4.19947816933594
9.8175,-3.51946355955474,-0.0956644515310163,-4.19947816933594
9.82,-3.52455801740795,-0.0956644515310163,-4.20966440838044
9.8225,-3.54493584882079,-0.0956644515310163,-4.19947816933594
9.825,-3.54493584882079,-0.0956644515310163,-4.15873321315794
9.8275,-3.55512476452721,-0.0956644515310163,-4.15364009363569
9.83,-3.56021922238042,-0.0956644515310163,-4.21475752790269
9.8325,-3.57550259594005,-0.0956644515310163,-4.21475752790269
9.835,-3.58059705379326,-0.0956644515310163,-4.21475752790269
9.8375,-3.60097488520611,-0.0956644515310163,-4.25040936455843
9.84,-3.59588042735289,-0.0956644515310163,-4.27587496216968
9.8425,-3.60606934305932,-0.0956644515310163,-4.20966440838044
9.845,-3.61625825876574,-0.0956644515310163,-4.21475752790269
9.8475,-3.62644717447216,-0.0956644515310163,-4.20966440838044
9.85,-3.63154163232537,-0.0905687587252277,-4.25040936455843
9.8525,-3.646825005885,-0.0956644515310163,-4.21475752790269
9.855,-3.65701392159142,-0.0956644515310163,-4.25040936455843
9.8575,-3.66210837944463,-0.0956644515310163,-4.25550248408068
9.86,-3.68248621085748,-0.0956644515310163,-4.23513000599169
9.8625,-3.68758066871069,-0.0956644515310163,-4.24531624503618
9.865,-3.69776958441711,-0.0956644515310163,-4.24022312551393
9.8675,-3.70286404227032,-0.0956644515310163,-4.21985064742494
9.87,-3.70795850012353,-0.0956644515310163,-4.25040936455843
9.8725,-3.71814741582995,-0.0956644515310163,-4.24531624503618
9.875,-3.72324187368316,-0.0956644515310163,-4.25550248408068
9.8775,-3.72833633153637,-0.0956644515310163,-4.25040936455843
9.88,-3.73343078938958,-0.0956644515310163,-4.25550248408068
9.8825,-3.73852524724279,-0.0956644515310163,-4.25040936455843
9.885,-3.74871416294921,-0.0956644515310163,-4.25040936455843
9.8875,-3.75380862080242,-0.0956644515310163,-4.25550248408068
9.89,-3.76399753650884,-0.0956644515310163,-4.25040936455843
9.8925,-3.76909199436206,-0.0956644515310163,-4.26059560360293
9.895,-3.78437536792169,-0.0956644515310163,-4.25040936455843
9.8975,-3.78437536792169,-0.0956644515310163,-4.33189927691443
9.9,-3.79456428362811,-0.0956644515310163,-4.31152679882543
9.9025,-3.79456428362811,-0.0956644515310163,-4.31152679882543
9.905,-3.80984765718774,-0.0956644515310163,-4.31661991834768
9.9075,-3.80984765718774,-0.0956644515310163,-4.31152679882543
9.91,-3.80475319933453,-0.0956644515310163,-4.31152679882543
9.9125,-3.82003657289416,-0.0956644515310163,-4.31661991834768
9.915,-3.83022548860058,-0.0956644515310163,-4.31152679882543
9.9175,-3.83022548860058,-0.0956644515310163,-4.31152679882543
9.92,-3.83531994645379,-0.0956644515310163,-4.27587496216968
9.9225,-3.83531994645379,-0.0956644515310163,-4.30643367930318
9.925,-3.84550886216021,-0.0956644515310163,-4.30643367930318
9.9275,-3.84550886216021,-0.0956644515310163,-4.29624744025868
9.93,-3.86079223571985,-0.0956644515310163,-4.30134055978093
9.9325,-3.86079223571985,-0.0956644515310163,-4.29624744025868
9.935,-3.86588669357306,-0.0956644515310163,-4.29624744025868
9.9375,-3.8862645249859,-0.0905687587252277,-4.30134055978093
9.94,-3.8862645249859,-0.0956644515310163,-4.28606120121418
9.9425,-3.8862645249859,-0.0956644515310163,-4.29624744025868
9.945,-3.8862645249859,-0.0956644515310163,-4.30643367930318
9.9475,-3.86588669357306,-0.0956644515310163,-4.31661991834768
9.95,-3.8862645249859,-0.0956644515310163,-4.30134055978093
9.9525,-3.91173681425195,-0.0956644515310163,-4.29624744025868
9.955,-3.88117006713269,-0.0956644515310163,-4.30134055978093
9.9575,-3.91173681425195,-0.0956644515310163,-4.29115432073643
9.96,-3.90664235639874,-0.0956644515310163,-4.29624744025868
9.9625,-3.87607560927948,-0.0956644515310163,-4.31152679882543
9.965,-3.87607560927948,-0.0956644515310163,-4.30643367930318
9.9675,-3.87607560927948,-0.0956644515310163,-4.31152679882543
9.97,-3.87098115142627,-0.0956644515310163,-4.33189927691443
9.9725,-3.86588669357306,-0.0956644515310163,-4.30643367930318
9.975,-3.86079223571985,-0.0956644515310163,-4.26568872312518
9.9775,-3.86079223571985,-0.0956644515310163,-4.29624744025868
9.98,-3.84550886216021,-0.0956644515310163,-4.29115432073643
9.9825,-3.86079223571985,-0.0956644515310163,-4.27587496216968
9.985,-3.83531994645379,-0.0956644515310163,-4.27587496216968
9.9875,-3.840414404307,-0.0956644515310163,-4.28606120121418
9.99,-3.83022548860058,-0.0956644515310163,-4.31152679882543
9.9925,-3.83022548860058,-0.0956644515310163,-4.28096808169193
9.995,-3.82513103074737,-0.0956644515310163,-4.27078184264743
9.9975,-3.82513103074737,-0.0956644515310163,-4.27078184264743
10,-3.81494211504095,-0.0956644515310163,-4.26059560360293
10.0025,-3.82003657289416,-0.0956644515310163,-4.26059560360293
10.005,-3.80984765718774,-0.0956644515310163,-4.26059560360293
10.0075,-3.81494211504095,-0.0956644515310163,-4.29115432073643
10.01,-3.80984765718774,-0.0956644515310163,-4.29624744025868
10.0125,-3.80984765718774,-0.0956644515310163,-4.28096808169193
10.015,-3.82003657289416,-0.0956644515310163,-4.27587496216968
10.0175,-3.81494211504095,-0.0905687587252277,-4.26568872312518
10.02,-3.80984765718774,-0.0956644515310163,-4.23513000599169
10.0225,-3.80984765718774,-0.100760144336805,-4.23513000599169
10.025,-3.80984765718774,-0.0956644515310163,-4.23003688646944
10.0275,-3.80984765718774,-0.0956644515310163,-4.23003688646944
10.03,-3.80984765718774,-0.0956644515310163,-4.25040936455843
10.0325,-3.80475319933453,-0.0956644515310163,-4.24531624503618
10.035,-3.79965874148132,-0.0956644515310163,-4.24022312551393
10.0375,-3.80475319933453,-0.0956644515310163,-4.20457128885819
10.04,-3.79456428362811,-0.0956644515310163,-4.24022312551393
10.0425,-3.82513103074737,-0.100760144336805,-4.20457128885819
10.045,-3.82513103074737,-0.0956644515310163,-4.20457128885819
10.0475,-3.78437536792169,-0.0956644515310163,-4.20966440838044
10.05,-3.78437536792169,-0.0956644515310163,-4.19947816933594
10.0525,-3.76909199436206,-0.0956644515310163,-4.20966440838044
10.055,-3.79456428362811,-0.0956644515310163,-4.19947816933594
10.0575,-3.78437536792169,-0.0956644515310163,-4.19438504981369
10.06,-3.78437536792169,-0.0956644515310163,-4.19947816933594
10.0625,-3.75380862080242,-0.0956644515310163,-4.19438504981369
10.065,-3.74871416294921,-0.0956644515310163,-4.20457128885819
10.0675,-3.73852524724279,-0.0956644515310163,-4.19438504981369
10.07,-3.73852524724279,-0.0956644515310163,-4.19438504981369
10.0725,-3.72833633153637,-0.0956644515310163,-4.19438504981369
10.075,-3.72833633153637,-0.0956644515310163,-4.18419881076919
10.0775,-3.71814741582995,-0.0956644515310163,-4.18929193029144
10.08,-3.72324187368316,-0.0956644515310163,-4.20966440838044
10.0825,-3.71305295797674,-0.0956644515310163,-4.21475752790269
10.085,-3.72324187368316,-0.0956644515310163,-4.18929193029144
10.0875,-3.73343078938958,-0.0956644515310163,-4.18929193029144
10.09,-3.72324187368316,-0.0956644515310163,-4.19438504981369
10.0925,-3.70795850012353,-0.0956644515310163,-4.18929193029144
10.095,-3.70286404227032,-0.0956644515310163,-4.19438504981369
10.0975,-3.68758066871069,-0.0956644515310163,-4.21985064742494
10.1,-3.66720283729784,-0.0956644515310163,-4.23003688646944
10.1025,-3.66720283729784,-0.0956644515310163,-4.21985064742494
10.105,-3.63663609017858,-0.0956644515310163,-4.20457128885819
10.1075,-3.65191946373821,-0.0956644515310163,-4.21475752790269
10.11,-3.61625825876574,-0.0956644515310163,-4.18419881076919
10.1125,-3.66210837944463,-0.0956644515310163,-4.20966440838044
10.115,-3.66210837944463,-0.0956644515310163,-4.21475752790269
10.1175,-3.56531368023363,-0.0956644515310163,-4.15873321315794
10.12,-3.56021922238042,-0.0956644515310163,-4.18929193029144
10.1225,-3.57040813808684,-0.0956644515310163,-4.18929193029144
10.125,-3.53984139096758,-0.0956644515310163,-4.18929193029144
10.1275,-3.52455801740795,-0.0956644515310163,-4.17910569124694
10.13,-3.51436910170153,-0.0956644515310163,-4.16891945220244
10.1325,-3.53474693311437,-0.0956644515310163,-4.18929193029144
10.135,-3.52455801740795,-0.0956644515310163,-4.19947816933594
10.1375,-3.56531368023363,-0.0956644515310163,-4.19947816933594
10.14,-3.49399127028868,-0.0956644515310163,-4.20457128885819
10.1425,-3.47361343887584,-0.0956644515310163,-4.19438504981369
10.145,-3.48380235458226,-0.0956644515310163,-4.20457128885819
10.1475,-3.45833006531621,-0.0956644515310163,-4.21475752790269
10.15,-3.47361343887584,-0.0956644515310163,-4.21475752790269
10.1525,-3.47361343887584,-0.0956644515310163,-4.21985064742494
10.155,-3.46851898102263,-0.0956644515310163,-4.18929193029144
10.1575,-3.43285777605016,-0.0956644515310163,-4.19438504981369
10.16,-3.42266886034373,-0.0956644515310163,-4.21985064742494
10.1625,-3.42266886034373,-0.0956644515310163,-4.19438504981369
10.165,-3.41757440249052,-0.0956644515310163,-4.17910569124694
10.1675,-3.42266886034373,-0.0956644515310163,-4.19947816933594
10.17,-3.41757440249052,-0.0956644515310163,-4.20966440838044
10.1725,-3.44304669175658,-0.0956644515310163,-4.19947816933594
10.175,-3.43795223390337,-0.0956644515310163,-4.20966440838044
10.1775,-3.41757440249052,-0.0956644515310163,-4.20966440838044
10.18,-3.42266886034373,-0.0956644515310163,-4.23513000599169
10.1825,-3.42266886034373,-0.0956644515310163,-4.21985064742494
10.185,-3.42776331819694,-0.0956644515310163,-4.18929193029144
10.1875,-3.43795223390337,-0.0956644515310163,-4.19438504981369
10.19,-3.44814114960979,-0.0956644515310163,-4.22494376694719
10.1925,-3.453235607463,-0.0956644515310163,-4.18419881076919
10.195,-3.46342452316942,-0.0956644515310163,-4.21985064742494
10.1975,-3.46851898102263,-0.0905687587252277,-4.24022312551393
10.2,-3.47870789672905,-0.0956644515310163,-4.22494376694719
10.2025,-3.48380235458226,-0.0956644515310163,-4.21985064742494
10.205,-3.49399127028868,-0.0956644515310163,-4.22494376694719
10.2075,-3.5041801859951,-0.0956644515310163,-4.20966440838044
10.21,-3.51946355955474,-0.0956644515310163,-4.19947816933594
10.2125,-3.52455801740795,-0.0956644515310163,-4.19947816933594
10.215,-3.53474693311437,-0.0956644515310163,-4.20457128885819
10.2175,-3.53984139096758,-0.0956644515310163,-4.19438504981369
10.22,-3.550030306674,-0.0956644515310163,-4.20966440838044
10.2225,-3.56021922238042,-0.0956644515310163,-4.19947816933594
10.225,-3.56531368023363,-0.0905687587252277,-4.20966440838044
10.2275,-3.57040813808684,-0.0956644515310163,-4.19947816933594
10.23,-3.58059705379326,-0.0956644515310163,-4.19438504981369
10.2325,-3.58059705379326,-0.0956644515310163,-4.19947816933594
10.235,-3.61116380091253,-0.0956644515310163,-4.21985064742494
10.2375,-3.61625825876574,-0.0956644515310163,-4.25040936455843
10.24,-3.61625825876574,-0.0956644515310163,-4.23003688646944
10.2425,-3.59078596949968,-0.0956644515310163,-4.22494376694719
10.245,-3.59588042735289,-0.0956644515310163,-4.23513000599169
10.2475,-3.59588042735289,-0.0956644515310163,-4.22494376694719
10.25,-3.60097488520611,-0.0956644515310163,-4.23513000599169
10.2525,-3.62644717447216,-0.0956644515310163,-4.23003688646944
10.255,-3.62644717447216,-0.0956644515310163,-4.23003688646944
10.2575,-3.65191946373821,-0.0956644515310163,-4.23003688646944
10.26,-3.65191946373821,-0.0956644515310163,-4.19438504981369
10.2625,-3.62644717447216,-0.0956644515310163,-4.20966440838044
10.265,-3.62644717447216,-0.0956644515310163,-4.22494376694719
10.2675,-3.62644717447216,-0.0956644515310163,-4.25040936455843
10.27,-3.63663609017858,-0.0956644515310163,-4.22494376694719
10.2725,-3.63663609017858,-0.0956644515310163,-4.21475752790269
10.275,-3.63663609017858,-0.0905687587252277,-4.22494376694719
10.2775,-3.64173054803179,-0.0956644515310163,-4.21475752790269
10.28,-3.65191946373821,-0.0956644515310163,-4.20966440838044
10.2825,-3.646825005885,-0.0956644515310163,-4.23513000599169
10.285,-3.66210837944463,-0.0956644515310163,-4.23003688646944
10.2875,-3.66210837944463,-0.0956644515310163,-4.23513000599169
10.29,-3.66720283729784,-0.0956644515310163,-4.23003688646944
10.2925,-3.6926751265639,-0.0956644515310163,-4.20966440838044
10.295,-3.68758066871069,-0.0956644515310163,-4.21475752790269
10.2975,-3.66210837944463,-0.0956644515310163,-4.20966440838044
10.3,-3.66720283729784,-0.0956644515310163,-4.21985064742494
10.3025,-3.67229729515105,-0.0956644515310163,-4.21475752790269
10.305,-3.66720283729784,-0.0956644515310163,-4.20966440838044
10.3075,-3.66720283729784,-0.0956644515310163,-4.18929193029144
10.31,-3.67229729515105,-0.0956644515310163,-4.17910569124694
10.3125,-3.67229729515105,-0.0956644515310163,-4.22494376694719
10.315,-0.0959878821972175,-0.0956644515310163,-4.24022312551393
10.3175,-0.0959878821972175,-0.0956644515310163,-4.24531624503618
10.32,-0.0959878821972175,-0.0956644515310163,-4.24531624503618
10.3225,-0.0959878821972175,-0.0905687587252277,-4.21475752790269
10.325,-0.0959878821972175,-0.0956644515310163,-4.21475752790269
10.3275,-0.0908934243440065,-0.0956644515310163,-4.20966440838044
10.33,-3.61116380091253,-0.0956644515310163,-4.20966440838044
10.3325,-3.64173054803179,-0.0956644515310163,-4.20457128885819
10.335,-3.62135271661895,-0.0956644515310163,-4.19947816933594
10.3375,-3.62644717447216,-0.0956644515310163,-4.19947816933594
10.34,-3.65701392159142,-0.0956644515310163,-4.18929193029144
10.3425,-3.64173054803179,-0.0956644515310163,-4.19438504981369
10.345,-3.646825005885,-0.0956644515310163,-4.19438504981369
10.3475,-3.67229729515105,-0.0956644515310163,-4.18929193029144
10.35,-3.66720283729784,-0.0956644515310163,-4.19438504981369
10.3525,-3.70795850012353,-0.0905687587252277,-4.18929193029144
10.355,-3.67229729515105,-0.0956644515310163,-4.16382633268019
10.3575,-3.67739175300426,-0.0956644515310163,-4.16891945220244
10.36,-3.67739175300426,-0.0905687587252277,-4.16891945220244
10.3625,-3.67739175300426,-0.0956644515310163,-4.17401257172469
10.365,-0.0959878821972175,-0.0956644515310163,-4.16891945220244
10.3675,-0.0959878821972175,-0.0956644515310163,-4.14345385459119
10.37,-0.0908934243440065,-0.0956644515310163,-4.16891945220244
10.3725,-0.0908934243440065,-0.0956644515310163,-4.16382633268019
10.375,-0.0908934243440065,-0.0956644515310163,-4.17401257172469
10.3775,-0.0959878821972175,-0.0956644515310163,-4.16382633268019
10.38,-0.0908934243440065,-0.0956644515310163,-4.16891945220244
10.3825,-0.0959878821972175,-0.0956644515310163,-4.16382633268019
10.385,-3.54493584882079,-0.0956644515310163,-4.16382633268019
10.3875,-3.54493584882079,-0.0956644515310163,-4.17401257172469
10.39,-3.49908572814189,-0.0956644515310163,-4.16382633268019
10.3925,-3.49399127028868,-0.0956644515310163,-4.17401257172469
10.395,-3.49908572814189,-0.0956644515310163,-4.17401257172469
10.3975,-3.49908572814189,-0.0956644515310163,-4.17401257172469
10.4,-3.47870789672905,-0.0956644515310163,-4.18419881076919
10.4025,-3.47870789672905,-0.0956644515310163,-4.17401257172469
10.405,-3.48889681243547,-0.0905687587252277,-4.17910569124694
10.4075,-3.48380235458226,-0.0956644515310163,-4.20457128885819
10.41,-3.51436910170153,-0.0956644515310163,-4.16891945220244
10.4125,-3.5041801859951,-0.0956644515310163,-4.23003688646944
10.415,-3.49908572814189,-0.0905687587252277,-4.21985064742494
10.4175,-3.47361343887584,-0.0905687587252277,-4.19947816933594
10.42,-3.47870789672905,-0.0956644515310163,-4.18929193029144
10.4225,-3.47870789672905,-0.0956644515310163,-4.19438504981369
10.425,-3.47870789672905,-0.0956644515310163,-4.19438504981369
10.4275,-3.47870789672905,-0.0956644515310163,-4.18419881076919
10.43,-3.46851898102263,-0.0956644515310163,-4.18929193029144
10.4325,-3.48380235458226,-0.0905687587252277,-4.23003688646944
10.435,-3.49399127028868,-0.0956644515310163,-4.19947816933594
10.4375,-3.48889681243547,-0.0956644515310163,-4.20457128885819
10.44,-3.49399127028868,-0.0956644515310163,-4.19438504981369
10.4425,-3.49399127028868,-0.0956644515310163,-4.20457128885819
10.445,-3.52965247526116,-0.0854730659194392,-4.18929193029144
10.4475,-3.52965247526116,-0.0956644515310163,-4.19438504981369
10.45,-3.52965247526116,-0.0956644515310163,-4.16382633268019
10.4525,-3.51436910170153,-0.0956644515310163,-4.16382633268019
10.455,-3.51436910170153,-0.0956644515310163,-4.16891945220244
10.4575,-3.52455801740795,-0.0956644515310163,-4.18929193029144
10.46,-3.52455801740795,-0.0956644515310163,-4.15873321315794
10.4625,-3.550030306674,-0.0956644515310163,-4.15873321315794
10.465,-3.56531368023363,-0.0956644515310163,-4.15364009363569
10.4675,-3.57550259594005,-0.0956644515310163,-4.15873321315794
10.47,-3.57550259594005,-0.0956644515310163,-4.14854697411344
10.4725,-3.58059705379326,-0.0956644515310163,-4.15364009363569
10.475,-3.58059705379326,-0.0956644515310163,-4.14854697411344
10.4775,-3.59078596949968,-0.0956644515310163,-4.17401257172469
10.48,-3.57040813808684,-0.0956644515310163,-4.14854697411344
10.4825,-3.58059705379326,-0.0956644515310163,-4.13836073506894
10.485,-3.58059705379326,-0.0956644515310163,-4.14345385459119
10.4875,-3.59588042735289,-0.0956644515310163,-4.15364009363569
10.49,-3.59588042735289,-0.0956644515310163,-4.17910569124694
10.4925,-3.60606934305932,-0.0956644515310163,-4.17910569124694
10.495,-3.61625825876574,-0.0905687587252277,-4.14345385459119
10.4975,-3.62135271661895,-0.0956644515310163,-4.14854697411344
10.5,-3.62135271661895,-0.0956644515310163,-4.14345385459119
10.5025,-3.63154163232537,-0.0956644515310163,-4.13836073506894
10.505,-3.62644717447216,-0.100760144336805,-4.13836073506894
10.5075,-3.64173054803179,-0.0956644515310163,-4.13326761554669
10.51,-3.64173054803179,-0.0956644515310163,-4.13836073506894
10.5125,-3.65191946373821,-0.0905687587252277,-4.12308137650219
10.515,-3.67229729515105,-0.0956644515310163,-4.13326761554669
10.5175,-3.68248621085748,-0.0956644515310163,-4.12308137650219
10.52,-3.68248621085748,-0.0956644515310163,-4.14345385459119
10.5225,-3.72833633153637,-0.0956644515310163,-4.13836073506894
10.525,-3.70286404227032,-0.0956644515310163,-4.12817449602444
10.5275,-3.70286404227032,-0.0905687587252277,-4.12308137650219
10.53,-3.70795850012353,-0.0956644515310163,-4.12817449602444
10.5325,-3.70795850012353,-0.0956644515310163,-4.11798825697995
10.535,-3.73852524724279,-0.0956644515310163,-4.12817449602444
10.5375,-3.73343078938958,-0.0956644515310163,-4.11798825697995
10.54,-3.68248621085748,-0.0956644515310163,-4.12817449602444
10.5425,-3.73343078938958,-0.0956644515310163,-4.12308137650219
10.545,-3.743619705096,-0.0956644515310163,-4.14854697411344
10.5475,-3.73852524724279,-0.0956644515310163,-4.15364009363569
10.55,-3.75380862080242,-0.0956644515310163,-4.14345385459119
10.5525,-3.743619705096,-0.0956644515310163,-4.11798825697995
10.555,-3.72324187368316,-0.0956644515310163,-4.1128951374577
10.5575,-3.72833633153637,-0.0956644515310163,-4.1128951374577
10.56,-3.76399753650884,-0.0956644515310163,-4.12308137650219
10.5625,-3.75380862080242,-0.0956644515310163,-4.11798825697995
10.565,-3.76399753650884,-0.0956644515310163,-4.12308137650219
10.5675,-3.75890307865563,-0.0956644515310163,-4.11798825697995
10.57,-3.79456428362811,-0.0905687587252277,-4.12817449602444
10.5725,-3.70795850012353,-0.0956644515310163,-4.13326761554669
10.575,-3.743619705096,-0.0905687587252277,-4.12308137650219
10.5775,-3.73852524724279,-0.0956644515310163,-4.13326761554669
10.58,-3.74871416294921,-0.0956644515310163,-4.11798825697995
10.5825,-3.743619705096,-0.0956644515310163,-4.14345385459119
10.585,-3.71305295797674,-0.0956644515310163,-4.13836073506894
10.5875,-3.70795850012353,-0.0956644515310163,-4.12817449602444
10.59,-3.73852524724279,-0.0956644515310163,-4.13326761554669
10.5925,-3.73852524724279,-0.0956644515310163,-4.12817449602444
10.595,-3.743619705096,-0.0956644515310163,-4.12817449602444
10.5975,-3.71305295797674,-0.0956644515310163,-4.12817449602444
10.6,-3.743619705096,-0.0956644515310163,-4.1128951374577
10.6025,-3.73343078938958,-0.0956644515310163,-4.11798825697995
10.605,-3.73852524724279,-0.0956644515310163,-4.10780201793545
10.6075,-3.73852524724279,-0.0956644515310163,-4.14345385459119
10.61,-3.73852524724279,-0.0956644515310163,-4.13326761554669
10.6125,-3.743619705096,-0.0956644515310163,-4.13836073506894
10.615,-3.743619705096,-0.0956644515310163,-4.11798825697995
10.6175,-3.743619705096,-0.0956644515310163,-4.10780201793545
10.62,-3.71305295797674,-0.0956644515310163,-4.14345385459119
10.6225,-3.72324187368316,-0.0956644515310163,-4.13836073506894
10.625,-3.71814741582995,-0.0956644515310163,-4.16382633268019
10.6275,-3.71305295797674,-0.0956644515310163,-4.12817449602444
10.63,-3.71305295797674,-0.0956644515310163,-4.12308137650219
10.6325,-3.71305295797674,-0.0956644515310163,-4.13326761554669
10.635,-3.71305295797674,-0.0956644515310163,-4.11798825697995
10.6375,-3.71814741582995,-0.0956644515310163,-4.09761577889095
10.64,-3.71305295797674,-0.0905687587252277,-4.16891945220244
10.6425,-3.72324187368316,-0.0905687587252277,-4.13326761554669
10.645,-3.73852524724279,-0.0956644515310163,-4.11798825697995
10.6475,-3.72324187368316,-0.0956644515310163,-4.10780201793545
10.65,-3.71814741582995,-0.0956644515310163,-4.1128951374577
10.6525,-3.72324187368316,-0.0956644515310163,-4.1128951374577
10.655,-3.71814741582995,-0.0956644515310163,-4.1128951374577
10.6575,-3.72324187368316,-0.0956644515310163,-4.11798825697995
10.66,-3.72833633153637,-0.0956644515310163,-4.13836073506894
10.6625,-3.73343078938958,-0.0956644515310163,-4.14854697411344
10.665,-3.72833633153637,-0.0956644515310163,-4.13836073506894
10.6675,-3.73852524724279,-0.0956644515310163,-4.10780201793545
10.67,-3.73852524724279,-0.0956644515310163,-4.12308137650219
10.6725,-3.76909199436206,-0.0956644515310163,-4.10780201793545
10.675,-3.75890307865563,-0.0956644515310163,-4.11798825697995
10.6775,-3.77418645221527,-0.0956644515310163,-4.1128951374577
10.68,-3.77418645221527,-0.0956644515310163,-4.11798825697995
10.6825,-3.76399753650884,-0.0956644515310163,-4.11798825697995
10.685,-3.743619705096,-0.0956644515310163,-4.11798825697995
10.6875,-3.77418645221527,-0.0956644515310163,-4.15364009363569
10.69,-3.77928091006848,-0.0956644515310163,-4.0925226593687
10.6925,-3.78437536792169,-0.0956644515310163,-4.11798825697995
10.695,-3.78437536792169,-0.0956644515310163,-4.12817449602444
10.6975,-3.76399753650884,-0.0956644515310163,-4.12308137650219
10.7,-3.77418645221527,-0.0956644515310163,-4.10780201793545
10.7025,-3.76909199436206,-0.0956644515310163,-4.09761577889095
10.705,-3.79456428362811,-0.0956644515310163,-4.13326761554669
10.7075,-3.79456428362811,-0.0956644515310163,-4.13326761554669
10.71,-3.77418645221527,-0.0956644515310163,-4.1027088984132
10.7125,-3.76909199436206,-0.0956644515310163,-4.13836073506894
10.715,-3.77418645221527,-0.0905687587252277,-4.13326761554669
10.7175,-3.76399753650884,-0.0956644515310163,-4.13326761554669
10.72,-3.76909199436206,-0.0905687587252277,-4.13326761554669
10.7225,-3.76399753650884,-0.0956644515310163,-4.13326761554669
10.725,-3.76399753650884,-0.0956644515310163,-4.14345385459119
10.7275,-3.75890307865563,-0.0956644515310163,-4.16382633268019
10.73,-3.76399753650884,-0.0956644515310163,-4.14854697411344
10.7325,-3.75380862080242,-0.0956644515310163,-4.14345385459119
10.735,-3.75890307865563,-0.0956644515310163,-4.16891945220244
10.7375,-3.74871416294921,-0.0956644515310163,-4.17401257172469
10.74,-3.75380862080242,-0.0956644515310163,-4.14345385459119
10.7425,-3.743619705096,-0.0956644515310163,-4.15873321315794
10.745,-3.75890307865563,-0.0956644515310163,-4.15364009363569
10.7475,-3.75380862080242,-0.0956644515310163,-4.15873321315794
10.75,-3.75380862080242,-0.0956644515310163,-4.16382633268019
10.7525,-3.74871416294921,-0.0956644515310163,-4.16382633268019
10.755,-3.74871416294921,-0.0956644515310163,-4.17401257172469
10.7575,-3.74871416294921,-0.0956644515310163,-4.17401257172469
10.76,-3.74871416294921,-0.0956644515310163,-4.17910569124694
10.7625,-3.74871416294921,-0.0956644515310163,-4.19438504981369
10.765,-3.743619705096,-0.0956644515310163,-4.21475752790269
10.7675,-3.73852524724279,-0.0854730659194392,-4.23003688646944
10.77,-3.73852524724279,-0.0905687587252277,-4.22494376694719
10.7725,-3.743619705096,-0.0956644515310163,-4.23003688646944
10.775,-3.73852524724279,-0.0956644515310163,-4.20457128885819
10.7775,-3.743619705096,-0.0956644515310163,-4.20966440838044
10.78,-3.73852524724279,-0.0956644515310163,-4.21985064742494
10.7825,-3.73852524724279,-0.0956644515310163,-4.21475752790269
10.785,-3.73343078938958,-0.0956644515310163,-4.22494376694719
10.7875,-3.73852524724279,-0.0854730659194392,-4.21475752790269
10.79,-3.73852524724279,-0.0956644515310163,-4.18929193029144
10.7925,-3.73343078938958,-0.0956644515310163,-4.22494376694719
10.795,-3.73343078938958,-0.0956644515310163,-4.21475752790269
10.7975,-3.73852524724279,-0.0956644515310163,-4.22494376694719
10.8,-3.72833633153637,-0.0956644515310163,-4.18929193029144
10.8025,-3.73343078938958,-0.0956644515310163,-4.21475752790269
10.805,-3.72833633153637,-0.0956644515310163,-4.22494376694719
10.8075,-3.73343078938958,-0.0956644515310163,-4.21475752790269
10.81,-3.72833633153637,-0.0956644515310163,-4.22494376694719
10.8125,-3.72833633153637,-0.0956644515310163,-4.21475752790269
10.815,-3.72833633153637,-0.0956644515310163,-4.21985064742494
10.8175,-3.72833633153637,-0.0956644515310163,-4.21475752790269
10.82,-3.72833633153637,-0.0956644515310163,-4.21475752790269
10.8225,-3.72324187368316,-0.0905687587252277,-4.21985064742494
10.825,-3.72833633153637,-0.0956644515310163,-4.21475752790269
10.8275,-3.72324187368316,-0.0956644515310163,-4.21475752790269
10.83,-3.71814741582995,-0.0956644515310163,-4.21985064742494
10.8325,-3.71305295797674,-0.0956644515310163,-4.21475752790269
10.835,-3.70795850012353,-0.0956644515310163,-4.22494376694719
10.8375,-3.70286404227032,-0.0956644515310163,-4.20966440838044
10.84,-3.69776958441711,-0.0905687587252277,-4.22494376694719
10.8425,-3.6926751265639,-0.0956644515310163,-4.21475752790269
10.845,-3.6926751265639,-0.0956644515310163,-4.21475752790269
10.8475,-3.67739175300426,-0.0956644515310163,-4.21985064742494
10.85,-3.67229729515105,-0.0905687587252277,-4.18929193029144
10.8525,-3.66210837944463,-0.0905687587252277,-4.19947816933594
10.855,-3.66210837944463,-0.0956644515310163,-4.20966440838044
10.8575,-3.65701392159142,-0.0956644515310163,-4.21475752790269
10.86,-3.65701392159142,-0.0956644515310163,-4.21475752790269
10.8625,-3.646825005885,-0.0956644515310163,-4.20966440838044
10.865,-3.646825005885,-0.0956644515310163,-4.20966440838044
10.8675,-3.646825005885,-0.0956644515310163,-4.19947816933594
10.87,-3.63663609017858,-0.0956644515310163,-4.20457128885819
10.8725,-3.63154163232537,-0.0956644515310163,-4.20966440838044
10.875,-3.63663609017858,-0.0956644515310163,-4.19947816933594
10.8775,-3.62644717447216,-0.0956644515310163,-4.20966440838044
10.88,-3.63154163232537,-0.0956644515310163,-4.19438504981369
10.8825,-3.62135271661895,-0.0956644515310163,-4.19947816933594
10.885,-3.62644717447216,-0.0956644515310163,-4.19438504981369
10.8875,-3.62644717447216,-0.0956644515310163,-4.18929193029144
10.89,-3.62135271661895,-0.0956644515310163,-4.19947816933594
10.8925,-3.62135271661895,-0.0956644515310163,-4.19947816933594
10.895,-3.61625825876574,-0.0956644515310163,-4.20966440838044
10.8975,-3.62135271661895,-0.0956644515310163,-4.19947816933594
10.9,-3.61116380091253,-0.0905687587252277,-4.16891945220244
10.9025,-3.61625825876574,-0.0956644515310163,-4.17401257172469
10.905,-3.61116380091253,-0.0956644515310163,-4.16891945220244
10.9075,-3.61116380091253,-0.0956644515310163,-4.20966440838044
10.91,-3.60606934305932,-0.0956644515310163,-4.16891945220244
10.9125,-3.61116380091253,-0.0956644515310163,-4.16891945220244
10.915,-3.60097488520611,-0.0956644515310163,-4.19438504981369
10.9175,-3.61116380091253,-0.0956644515310163,-4.18929193029144
10.92,-3.60606934305932,-0.0956644515310163,-4.16891945220244
10.9225,-3.61116380091253,-0.0956644515310163,-4.15873321315794
10.925,-3.60097488520611,-0.0956644515310163,-4.19438504981369
10.9275,-3.60606934305932,-0.0956644515310163,-4.18929193029144
10.93,-3.60097488520611,-0.0956644515310163,-4.15873321315794
10.9325,-3.60606934305932,-0.0956644515310163,-4.18929193029144
10.935,-3.60097488520611,-0.0956644515310163,-4.18419881076919
10.9375,-3.60097488520611,-0.0956644515310163,-4.21475752790269
10.94,-3.60097488520611,-0.0956644515310163,-4.21475752790269
10.9425,-3.60097488520611,-0.0956644515310163,-4.21475752790269
10.945,-3.59588042735289,-0.0956644515310163,-4.17910569124694
10.9475,-3.60097488520611,-0.0956644515310163,-4.16382633268019
10.95,-3.60097488520611,-0.0956644515310163,-4.22494376694719
10.9525,-3.60097488520611,-0.0956644515310163,-4.20966440838044
10.955,-3.60097488520611,-0.0956644515310163,-4.21985064742494
10.9575,-3.60097488520611,-0.0956644515310163,-4.21985064742494
10.96,-3.60606934305932,-0.0956644515310163,-4.18419881076919
10.9625,-3.61116380091253,-0.0956644515310163,-4.18419881076919
10.965,-3.61116380091253,-0.0905687587252277,-4.20457128885819
10.9675,-3.61116380091253,-0.0956644515310163,-4.22494376694719
10.97,-3.61625825876574,-0.0956644515310163,-4.19947816933594
10.9725,-3.61625825876574,-0.0956644515310163,-4.18929193029144
10.975,-3.61625825876574,-0.0956644515310163,-4.23003688646944
10.9775,-3.61625825876574,-0.0956644515310163,-4.18419881076919
10.98,-3.62644717447216,-0.0956644515310163,-4.19438504981369
10.9825,-3.62135271661895,-0.0956644515310163,-4.18929193029144
10.985,-3.63154163232537,-0.0956644515310163,-4.19438504981369
10.9875,-3.63154163232537,-0.0956644515310163,-4.19947816933594
10.99,-3.64173054803179,-0.0956644515310163,-4.19438504981369
10.9925,-3.63663609017858,-0.0956644515310163,-4.22494376694719
10.995,-3.64173054803179,-0.0905687587252277,-4.21475752790269
10.9975,-3.646825005885,-0.0956644515310163,-4.18929193029144
11,-3.646825005885,-0.0956644515310163,-4.18419881076919
11.0025,-3.646825005885,-0.0956644515310163,-4.17401257172469
11.005,-3.65701392159142,-0.0956644515310163,-4.18419881076919
11.0075,-3.66210837944463,-0.0956644515310163,-4.19947816933594
11.01,-3.66720283729784,-0.0956644515310163,-4.17401257172469
11.0125,-3.63154163232537,-0.0956644515310163,-4.16891945220244
11.015,-3.66210837944463,-0.0956644515310163,-4.15873321315794
11.0175,-3.646825005885,-0.0956644515310163,-4.16891945220244
11.02,-3.64173054803179,-0.0956644515310163,-4.18929193029144
11.0225,-3.64173054803179,-0.0956644515310163,-4.19438504981369
11.025,-3.64173054803179,-0.0956644515310163,-4.16382633268019
11.0275,-3.63154163232537,-0.0956644515310163,-4.15873321315794
11.03,-3.63154163232537,-0.0956644515310163,-4.16382633268019
11.0325,-3.62644717447216,-0.0956644515310163,-4.15364009363569
11.035,-3.62644717447216,-0.0956644515310163,-4.15364009363569
11.0375,-3.62135271661895,-0.0956644515310163,-4.14854697411344
11.04,-3.62135271661895,-0.0956644515310163,-4.14345385459119
11.0425,-3.61625825876574,-0.0956644515310163,-4.15364009363569
11.045,-3.61625825876574,-0.0956644515310163,-4.13326761554669
11.0475,-3.61625825876574,-0.0956644515310163,-4.13326761554669
11.05,-3.61625825876574,-0.0956644515310163,-4.12817449602444
11.0525,-3.61116380091253,-0.0956644515310163,-4.12817449602444
11.055,-3.61116380091253,-0.0956644515310163,-4.15364009363569
11.0575,-3.61625825876574,-0.0956644515310163,-4.16891945220244
11.06,-3.61625825876574,-0.0956644515310163,-4.17910569124694
11.0625,-3.62644717447216,-0.0956644515310163,-4.22494376694719
11.065,-3.61625825876574,-0.0956644515310163,-4.17401257172469
11.0675,-3.61116380091253,-0.0956644515310163,-4.15873321315794
11.07,-3.60606934305932,-0.0956644515310163,-4.12308137650219
11.0725,-3.60606934305932,-0.0905687587252277,-4.13326761554669
11.075,-3.60097488520611,-0.0956644515310163,-4.12308137650219
11.0775,-3.60606934305932,-0.0956644515310163,-4.13326761554669
11.08,-3.59588042735289,-0.0956644515310163,-4.13326761554669
11.0825,-3.60097488520611,-0.0956644515310163,-4.13326761554669
11.085,-3.62135271661895,-0.0956644515310163,-4.13326761554669
11.0875,-3.60097488520611,-0.0956644515310163,-4.12817449602444
11.09,-3.61625825876574,-0.0956644515310163,-4.13836073506894
11.0925,-3.63154163232537,-0.0956644515310163,-4.13326761554669
11.095,-3.63154163232537,-0.0956644515310163,-4.13326761554669
11.0975,-3.66210837944463,-0.0956644515310163,-4.13836073506894
11.1,-3.65701392159142,-0.0956644515310163,-4.16891945220244
11.1025,-3.63663609017858,-0.0956644515310163,-4.14854697411344
11.105,-3.63154163232537,-0.0956644515310163,-4.14345385459119
11.1075,-3.64173054803179,-0.0956644515310163,-4.14854697411344
11.11,-3.63663609017858,-0.0854730659194392,-4.15364009363569
11.1125,-3.65191946373821,-0.0956644515310163,-4.14854697411344
11.115,-3.646825005885,-0.0956644515310163,-4.15364009363569
11.1175,-3.65701392159142,-0.0956644515310163,-4.16891945220244
11.12,-3.65191946373821,-0.0956644515310163,-4.16891945220244
11.1225,-3.66210837944463,-0.0956644515310163,-4.15873321315794
11.125,-3.66720283729784,-0.0956644515310163,-4.15364009363569
11.1275,-3.67229729515105,-0.0956644515310163,-4.16891945220244
11.13,-3.67739175300426,-0.100760144336805,-4.15873321315794
11.1325,-3.68758066871069,-0.0956644515310163,-4.15873321315794
11.135,-3.69776958441711,-0.0956644515310163,-4.13836073506894
11.1375,-3.70286404227032,-0.0956644515310163,-4.14854697411344
11.14,-3.71814741582995,-0.0956644515310163,-4.13836073506894
11.1425,-3.72324187368316,-0.0956644515310163,-4.13836073506894
11.145,-3.73852524724279,-0.0956644515310163,-4.14854697411344
11.1475,-3.76399753650884,-0.0956644515310163,-4.14854697411344
11.15,-3.79965874148132,-0.0956644515310163,-4.12308137650219
11.1525,-3.79456428362811,-0.0956644515310163,-4.15364009363569
11.155,-3.78437536792169,-0.0956644515310163,-4.16891945220244
11.1575,-3.7894698257749,-0.0956644515310163,-4.24022312551393
11.16,-3.80475319933453,-0.0956644515310163,-4.16891945220244
11.1625,-3.80984765718774,-0.0956644515310163,-4.16891945220244
11.165,-3.82003657289416,-0.0956644515310163,-4.17401257172469
11.1675,-3.80984765718774,-0.0956644515310163,-4.20457128885819
11.17,-3.87098115142627,-0.0956644515310163,-4.13326761554669
11.1725,-3.84550886216021,-0.0956644515310163,-4.13326761554669
11.175,-3.83022548860058,-0.0956644515310163,-4.13326761554669
11.1775,-3.85060332001342,-0.0956644515310163,-4.14345385459119
11.18,-3.85569777786664,-0.0956644515310163,-4.13326761554669
11.1825,-3.84550886216021,-0.0956644515310163,-4.14854697411344
11.185,-3.85569777786664,-0.0905687587252277,-4.13836073506894
11.1875,-3.85060332001342,-0.0956644515310163,-4.13836073506894
11.19,-3.85060332001342,-0.0956644515310163,-4.14854697411344
11.1925,-3.85060332001342,-0.0956644515310163,-4.17910569124694
11.195,-3.85569777786664,-0.0956644515310163,-4.15364009363569
11.1975,-3.85569777786664,-0.0956644515310163,-4.17910569124694
11.2,-3.85569777786664,-0.0956644515310163,-4.17910569124694
11.2025,-3.85569777786664,-0.0956644515310163,-4.18419881076919
11.205,-3.86079223571985,-0.0956644515310163,-4.16891945220244
11.2075,-3.86079223571985,-0.0956644515310163,-4.17910569124694
11.21,-3.86588669357306,-0.0956644515310163,-4.16382633268019
11.2125,-3.87098115142627,-0.0956644515310163,-4.17401257172469
11.215,-3.84550886216021,-0.0956644515310163,-4.19438504981369
11.2175,-3.87607560927948,-0.0956644515310163,-4.16891945220244
11.22,-3.87098115142627,-0.0905687587252277,-4.17910569124694
11.2225,-3.87607560927948,-0.0956644515310163,-4.17401257172469
11.225,-3.87098115142627,-0.0956644515310163,-4.17910569124694
11.2275,-3.86588669357306,-0.0956644515310163,-4.15364009363569
11.23,-3.87098115142627,-0.0956644515310163,-4.15873321315794
11.2325,-3.87098115142627,-0.0956644515310163,-4.19438504981369
11.235,-3.86588669357306,-0.0956644515310163,-4.18929193029144
11.2375,-3.87098115142627,-0.0956644515310163,-4.16891945220244
11.24,-3.87098115142627,-0.0956644515310163,-4.19438504981369
11.2425,-3.88117006713269,-0.0956644515310163,-4.19438504981369
11.245,-3.87098115142627,-0.0956644515310163,-4.25040936455843
11.2475,-3.8862645249859,-0.0956644515310163,-4.21475752790269
11.25,-3.86588669357306,-0.0956644515310163,-4.25550248408068
11.2525,-3.87098115142627,-0.0956644515310163,-4.24531624503618
11.255,-3.86588669357306,-0.0905687587252277,-4.21985064742494
11.2575,-3.86588669357306,-0.0956644515310163,-4.22494376694719
11.26,-3.86079223571985,-0.0956644515310163,-4.21985064742494
11.2625,-3.85569777786664,-0.0956644515310163,-4.23003688646944
11.265,-3.84550886216021,-0.0905687587252277,-4.21985064742494
11.2675,-3.83531994645379,-0.0956644515310163,-4.22494376694719
11.27,-3.83531994645379,-0.0956644515310163,-4.23003688646944
11.2725,-3.83531994645379,-0.0956644515310163,-4.22494376694719
11.275,-3.82513103074737,-0.100760144336805,-4.26568872312518
11.2775,-3.82003657289416,-0.0956644515310163,-4.23003688646944
11.28,-3.81494211504095,-0.0956644515310163,-4.24022312551393
11.2825,-3.80475319933453,-0.0956644515310163,-4.20966440838044
11.285,-3.79965874148132,-0.0956644515310163,-4.24022312551393
11.2875,-3.7894698257749,-0.0956644515310163,-4.21985064742494
11.29,-3.7894698257749,-0.0956644515310163,-4.21985064742494
11.2925,-3.77928091006848,-0.0956644515310163,-4.21985064742494
11.295,-3.77928091006848,-0.0956644515310163,-4.21985064742494
11.2975,-3.76909199436206,-0.0956644515310163,-4.21475752790269
11.3,-3.76399753650884,-0.0956644515310163,-4.22494376694719
11.3025,-3.75890307865563,-0.0956644515310163,-4.21475752790269
11.305,-3.75890307865563,-0.0956644515310163,-4.25040936455843
11.3075,-3.74871416294921,-0.0956644515310163,-4.21985064742494
11.31,-3.743619705096,-0.0956644515310163,-4.24531624503618
11.3125,-3.743619705096,-0.0956644515310163,-4.25040936455843
11.315,-3.74871416294921,-0.0956644515310163,-4.25040936455843
11.3175,-3.73852524724279,-0.0956644515310163,-4.25550248408068
11.32,-3.743619705096,-0.0905687587252277,-4.28096808169193
11.3225,-3.73852524724279,-0.0956644515310163,-4.30643367930318
11.325,-3.73852524724279,-0.0956644515310163,-4.28096808169193
11.3275,-3.72833633153637,-0.0956644515310163,-4.25040936455843
11.33,-3.72833633153637,-0.0956644515310163,-4.25550248408068
11.3325,-3.72324187368316,-0.0956644515310163,-4.30134055978093
11.335,-3.73343078938958,-0.0956644515310163,-4.23513000599169
11.3375,-3.72324187368316,-0.0956644515310163,-4.24022312551393
11.34,-3.72833633153637,-0.0956644515310163,-4.23513000599169
11.3425,-3.72324187368316,-0.0956644515310163,-4.22494376694719
11.345,-3.72324187368316,-0.0956644515310163,-4.21475752790269
11.3475,-3.72833633153637,-0.0956644515310163,-4.23003688646944
11.35,-3.72324187368316,-0.0956644515310163,-4.25040936455843
11.3525,-3.71814741582995,-0.0956644515310163,-4.22494376694719
11.355,-3.71814741582995,-0.0956644515310163,-4.23003688646944
11.3575,-3.71814741582995,-0.0956644515310163,-4.25550248408068
11.36,-3.71814741582995,-0.0956644515310163,-4.26059560360293
11.3625,-3.71305295797674,-0.0956644515310163,-4.26568872312518
11.365,-3.71305295797674,-0.0956644515310163,-4.27587496216968
11.3675,-3.70795850012353,-0.0956644515310163,-4.28096808169193
11.37,-3.70795850012353,-0.0905687587252277,-4.26568872312518
11.3725,-3.71305295797674,-0.0956644515310163,-4.24531624503618
11.375,-3.70286404227032,-0.0956644515310163,-4.23003688646944
11.3775,-3.70795850012353,-0.0956644515310163,-4.25040936455843
11.38,-3.69776958441711,-0.0956644515310163,-4.25550248408068
11.3825,-3.69776958441711,-0.0956644515310163,-4.24022312551393
11.385,-3.69776958441711,-0.0956644515310163,-4.25040936455843
11.3875,-3.70286404227032,-0.0956644515310163,-4.26059560360293
11.39,-3.6926751265639,-0.0905687587252277,-4.23003688646944
11.3925,-3.6926751265639,-0.0956644515310163,-4.23003688646944
11.395,-3.68248621085748,-0.0956644515310163,-4.22494376694719
11.3975,-3.68248621085748,-0.0956644515310163,-4.22494376694719
11.4,-3.66720283729784,-0.0905687587252277,-4.21475752790269
11.4025,-3.66210837944463,-0.0905687587252277,-4.20966440838044
11.405,-3.63154163232537,-0.0956644515310163,-4.24022312551393
11.4075,-3.64173054803179,-0.0956644515310163,-4.23003688646944
11.41,-3.62644717447216,-0.0956644515310163,-4.23513000599169
11.4125,-3.62644717447216,-0.0956644515310163,-4.22494376694719
11.415,-3.61116380091253,-0.0956644515310163,-4.27587496216968
11.4175,-3.60606934305932,-0.0956644515310163,-4.27078184264743
11.42,-3.60097488520611,-0.0956644515310163,-4.26059560360293
11.4225,-3.59588042735289,-0.0956644515310163,-4.26568872312518
11.425,-3.59078596949968,-0.0956644515310163,-4.25550248408068
11.4275,-3.58569151164647,-0.0956644515310163,-4.23003688646944
11.43,-3.58059705379326,-0.0956644515310163,-4.22494376694719
11.4325,-3.58059705379326,-0.0905687587252277,-4.24022312551393
11.435,-3.57550259594005,-0.0956644515310163,-4.25040936455843
11.4375,-3.57550259594005,-0.0956644515310163,-4.26059560360293
11.44,-3.57550259594005,-0.0905687587252277,-4.24022312551393
11.4425,-3.57550259594005,-0.0956644515310163,-4.23513000599169
11.445,-3.57040813808684,-0.0956644515310163,-4.23003688646944
11.4475,-3.56531368023363,-0.0905687587252277,-4.23513000599169
11.45,-3.57040813808684,-0.0956644515310163,-4.22494376694719
11.4525,-3.56531368023363,-0.0956644515310163,-4.23003688646944
11.455,-3.54493584882079,-0.0956644515310163,-4.22494376694719
11.4575,-3.53984139096758,-0.0956644515310163,-4.22494376694719
11.46,-3.54493584882079,-0.0956644515310163,-4.23003688646944
11.4625,-3.53984139096758,-0.0956644515310163,-4.21475752790269
11.465,-3.53984139096758,-0.0956644515310163,-4.21985064742494
11.4675,-3.53474693311437,-0.0956644515310163,-4.20457128885819
11.47,-3.53984139096758,-0.0956644515310163,-4.20457128885819
11.4725,-3.53474693311437,-0.0956644515310163,-4.20457128885819
11.475,-3.53984139096758,-0.0956644515310163,-4.19438504981369
11.4775,-3.53474693311437,-0.0956644515310163,-4.20457128885819
11.48,-3.53984139096758,-0.0956644515310163,-4.19438504981369
11.4825,-3.53474693311437,-0.0956644515310163,-4.19438504981369
11.485,-3.53984139096758,-0.0956644515310163,-4.19438504981369
11.4875,-3.53474693311437,-0.0956644515310163,-4.18929193029144
11.49,-3.53474693311437,-0.0956644515310163,-4.19438504981369
11.4925,-3.52965247526116,-0.0956644515310163,-4.17910569124694
11.495,-3.52965247526116,-0.0956644515310163,-4.18929193029144
11.4975,-3.52455801740795,-0.0956644515310163,-4.20966440838044
11.5,-3.52455801740795,-0.0956644515310163,-4.19947816933594
11.5025,-3.51946355955474,-0.0905687587252277,-4.21475752790269
11.505,-3.51946355955474,-0.0956644515310163,-4.19947816933594
11.5075,-3.50927464384831,-0.0956644515310163,-4.20966440838044
11.51,-3.50927464384831,-0.0956644515310163,-4.19438504981369
11.5125,-3.51436910170153,-0.0956644515310163,-4.29115432073643
11.515,-3.51436910170153,-0.0956644515310163,-4.21475752790269
11.5175,-3.51946355955474,-0.0956644515310163,-4.18419881076919
11.52,-3.50927464384831,-0.0956644515310163,-4.18929193029144
11.5225,-3.51436910170153,-0.0956644515310163,-4.17910569124694
11.525,-3.51436910170153,-0.0956644515310163,-4.18419881076919
11.5275,-3.51436910170153,-0.0956644515310163,-4.18419881076919
11.53,-3.48380235458226,-0.0956644515310163,-4.17910569124694
11.5325,-3.51946355955474,-0.0956644515310163,-4.18419881076919
11.535,-3.51946355955474,-0.0956644515310163,-4.17401257172469
11.5375,-3.52455801740795,-0.0956644515310163,-4.18419881076919
11.54,-3.5041801859951,-0.0956644515310163,-4.17401257172469
11.5425,-3.5041801859951,-0.0956644515310163,-4.17401257172469
11.545,-3.49399127028868,-0.0956644515310163,-4.18419881076919
11.5475,-3.49908572814189,-0.0956644515310163,-4.16891945220244
11.55,-3.5041801859951,-0.0956644515310163,-4.17910569124694
11.5525,-3.51946355955474,-0.0956644515310163,-4.17401257172469
11.555,-3.50927464384831,-0.0956644515310163,-4.17401257172469
11.5575,-3.49399127028868,-0.100760144336805,-4.17401257172469
11.56,-3.46851898102263,-0.0956644515310163,-4.16891945220244
11.5625,-3.46342452316942,-0.0956644515310163,-4.19947816933594
11.565,-3.46342452316942,-0.0905687587252277,-4.17401257172469
11.5675,-3.46851898102263,-0.0956644515310163,-4.15364009363569
11.57,-3.47870789672905,-0.0956644515310163,-4.15873321315794
11.5725,-3.46851898102263,-0.0905687587252277,-4.15364009363569
11.575,-3.47361343887584,-0.0956644515310163,-4.16891945220244
11.5775,-3.47870789672905,-0.0956644515310163,-4.15873321315794
11.58,-3.47870789672905,-0.0956644515310163,-4.16382633268019
11.5825,-3.47870789672905,-0.0956644515310163,-4.16382633268019
11.585,-3.47870789672905,-0.0956644515310163,-4.16891945220244
11.5875,-3.47361343887584,-0.0956644515310163,-4.18419881076919
11.59,-3.48380235458226,-0.0956644515310163,-4.17401257172469
11.5925,-3.5041801859951,-0.0956644515310163,-4.15364009363569
11.595,-3.48889681243547,-0.0956644515310163,-4.15873321315794
11.5975,-3.48889681243547,-0.0956644515310163,-4.15364009363569
11.6,-3.49908572814189,-0.0956644515310163,-4.19438504981369
11.6025,-3.49908572814189,-0.0905687587252277,-4.15873321315794
11.605,-3.5041801859951,-0.0956644515310163,-4.19947816933594
11.6075,-3.5041801859951,-0.0956644515310163,-4.17401257172469
11.61,-3.51436910170153,-0.0956644515310163,-4.16891945220244
11.6125,-3.51436910170153,-0.0956644515310163,-4.18419881076919
11.615,-3.51946355955474,-0.0956644515310163,-4.14854697411344
11.6175,-3.51946355955474,-0.0956644515310163,-4.18419881076919
11.62,-3.56021922238042,-0.0956644515310163,-4.18419881076919
11.6225,-3.51436910170153,-0.0956644515310163,-4.18419881076919
11.625,-3.51946355955474,-0.0956644515310163,-4.18929193029144
11.6275,-3.51946355955474,-0.0956644515310163,-4.18929193029144
11.63,-3.51946355955474,-0.0956644515310163,-4.19438504981369
11.6325,-3.51946355955474,-0.0956644515310163,-4.19438504981369
11.635,-3.51946355955474,-0.0956644515310163,-4.19438504981369
11.6375,-3.52455801740795,-0.0956644515310163,-4.19947816933594
11.64,-3.52965247526116,-0.0956644515310163,-4.19438504981369
11.6425,-3.56021922238042,-0.0956644515310163,-4.20966440838044
11.645,-3.56531368023363,-0.0956644515310163,-4.20457128885819
11.6475,-3.52965247526116,-0.0956644515310163,-4.21475752790269
11.65,-3.53474693311437,-0.0956644515310163,-4.21985064742494
11.6525,-3.53984139096758,-0.0956644515310163,-4.21985064742494
11.655,-3.54493584882079,-0.0956644515310163,-4.22494376694719
11.6575,-3.550030306674,-0.0905687587252277,-4.22494376694719
11.66,-3.550030306674,-0.0956644515310163,-4.26568872312518
11.6625,-3.56021922238042,-0.0956644515310163,-4.22494376694719
11.665,-3.56531368023363,-0.0956644515310163,-4.23003688646944
11.6675,-3.57550259594005,-0.0956644515310163,-4.24531624503618
11.67,-3.57550259594005,-0.0956644515310163,-4.24022312551393
11.6725,-3.58569151164647,-0.0956644515310163,-4.24022312551393
11.675,-3.58569151164647,-0.0956644515310163,-4.24022312551393
11.6775,-3.59588042735289,-0.0956644515310163,-4.24531624503618
11.68,-3.60097488520611,-0.0956644515310163,-4.25040936455843
11.6825,-3.61116380091253,-0.0956644515310163,-4.24022312551393
11.685,-3.63154163232537,-0.0956644515310163,-4.25040936455843
11.6875,-3.63663609017858,-0.0956644515310163,-4.24531624503618
11.69,-3.62135271661895,-0.0956644515310163,-4.24531624503618
11.6925,-3.65191946373821,-0.0956644515310163,-4.24531624503618
11.695,-3.63154163232537,-0.0956644515310163,-4.24022312551393
11.6975,-3.64173054803179,-0.0956644515310163,-4.25040936455843
11.7,-3.646825005885,-0.0956644515310163,-4.25040936455843
11.7025,-3.65701392159142,-0.0956644515310163,-4.25040936455843
11.705,-3.66210837944463,-0.0956644515310163,-4.25550248408068
11.7075,-3.67229729515105,-0.0956644515310163,-4.24531624503618
11.71,-3.68248621085748,-0.0905687587252277,-4.25550248408068
11.7125,-3.68758066871069,-0.0956644515310163,-4.25040936455843
11.715,-3.69776958441711,-0.0956644515310163,-4.25040936455843
11.7175,-3.69776958441711,-0.0905687587252277,-4.25550248408068
11.72,-3.70795850012353,-0.0956644515310163,-4.24531624503618
11.7225,-3.70795850012353,-0.0956644515310163,-4.27587496216968
11.725,-3.71305295797674,-0.0956644515310163,-4.26568872312518
11.7275,-3.70795850012353,-0.0956644515310163,-4.29624744025868
11.73,-3.71814741582995,-0.0956644515310163,-4.29624744025868
11.7325,-3.71814741582995,-0.0956644515310163,-4.29115432073643
11.735,-3.72324187368316,-0.0956644515310163,-4.24531624503618
11.7375,-3.70795850012353,-0.0956644515310163,-4.26568872312518
11.74,-3.72833633153637,-0.0956644515310163,-4.27078184264743
11.7425,-3.72833633153637,-0.0956644515310163,-4.26059560360293
11.745,-3.73343078938958,-0.0956644515310163,-4.25550248408068
11.7475,-3.72833633153637,-0.0956644515310163,-4.27078184264743
11.75,-3.73852524724279,-0.0956644515310163,-4.25550248408068
11.7525,-3.75380862080242,-0.0956644515310163,-4.27078184264743
11.755,-3.76399753650884,-0.0956644515310163,-4.25550248408068
11.7575,-3.75380862080242,-0.0854730659194392,-4.25550248408068
11.76,-3.75890307865563,-0.0905687587252277,-4.26059560360293
11.7625,-0.0959878821972175,-0.0956644515310163,-4.25040936455843
11.765,-0.0959878821972175,-0.0956644515310163,-4.25550248408068
11.7675,-0.0959878821972175,-0.0956644515310163,-4.25040936455843
11.77,-0.0959878821972175,-0.100760144336805,-4.25040936455843
11.7725,-0.0908934243440065,-0.0956644515310163,-4.25040936455843
11.775,-0.0908934243440065,-0.0956644515310163,-4.24022312551393
11.7775,-0.0959878821972175,-0.0956644515310163,-4.25040936455843
11.78,-0.0908934243440065,-0.0956644515310163,-4.24022312551393
11.7825,-0.0959878821972175,-0.0956644515310163,-4.25040936455843
11.785,-0.0908934243440065,-0.0956644515310163,-4.24022312551393
11.7875,-0.0908934243440065,-0.0956644515310163,-4.23513000599169
11.79,-0.0908934243440065,-0.0956644515310163,-4.24022312551393
11.7925,-0.0959878821972175,-0.0956644515310163,-4.23003688646944
11.795,-0.0908934243440065,-0.0956644515310163,-4.23513000599169
11.7975,-0.0959878821972175,-0.0956644515310163,-4.23003688646944
11.8,-0.0908934243440065,-0.0956644515310163,-4.24022312551393
11.8025,-0.0959878821972175,-0.0956644515310163,-4.25040936455843
11.805,-0.0908934243440065,-0.0905687587252277,-4.23513000599169
11.8075,-0.0908934243440065,-0.0956644515310163,-4.24022312551393
11.81,-0.0908934243440065,-0.0956644515310163,-4.23003688646944
11.8125,-0.0959878821972175,-0.0956644515310163,-4.23003688646944
11.815,-0.0959878821972175,-0.0956644515310163,-4.21985064742494
11.8175,-0.0908934243440065,-0.100760144336805,-4.28096808169193
11.82,-0.0959878821972175,-0.0956644515310163,-4.28606120121418
11.8225,-3.62644717447216,-0.0956644515310163,-4.25040936455843
11.825,-3.60097488520611,-0.0956644515310163,-4.25040936455843
11.8275,-3.60097488520611,-0.0956644515310163,-4.25040936455843
11.83,-3.59588042735289,-0.0956644515310163,-4.21475752790269
11.8325,-3.59588042735289,-0.0905687587252277,-4.22494376694719
11.835,-3.63154163232537,-0.0956644515310163,-4.20966440838044
11.8375,-3.61116380091253,-0.0956644515310163,-4.18929193029144
11.84,-3.60097488520611,-0.0956644515310163,-4.21475752790269
11.8425,-3.61625825876574,-0.0956644515310163,-4.20966440838044
11.845,-3.60606934305932,-0.0956644515310163,-4.21475752790269
11.8475,-3.61625825876574,-0.0956644515310163,-4.18419881076919
11.85,-3.60606934305932,-0.0956644515310163,-4.21475752790269
11.8525,-3.63663609017858,-0.0956644515310163,-4.20457128885819
11.855,-3.59078596949968,-0.0956644515310163,-4.24022312551393
11.8575,-3.59078596949968,-0.0956644515310163,-4.23003688646944
11.86,-3.58569151164647,-0.0956644515310163,-4.23003688646944
11.8625,-3.59078596949968,-0.0956644515310163,-4.20966440838044
11.865,-3.62135271661895,-0.0956644515310163,-4.23003688646944
11.8675,-3.59588042735289,-0.0905687587252277,-4.23513000599169
11.87,-3.59078596949968,-0.0956644515310163,-4.25550248408068
11.8725,-3.59588042735289,-0.0956644515310163,-4.27587496216968
11.875,-3.64173054803179,-0.0956644515310163,-4.23003688646944
11.8775,-3.64173054803179,-0.0956644515310163,-4.21475752790269
11.88,-3.63663609017858,-0.0956644515310163,-4.20457128885819
11.8825,-3.61625825876574,-0.0956644515310163,-4.19438504981369
11.885,-3.62135271661895,-0.0956644515310163,-4.22494376694719
11.8875,-3.62135271661895,-0.0956644515310163,-4.23003688646944
11.89,-3.64173054803179,-0.0956644515310163,-4.20457128885819
11.8925,-3.63154163232537,-0.0956644515310163,-4.21475752790269
11.895,-3.63663609017858,-0.0956644515310163,-4.20966440838044
11.8975,-3.64173054803179,-0.0956644515310163,-4.20457128885819
11.9,-3.64173054803179,-0.0905687587252277,-4.20966440838044
11.9025,-3.62644717447216,-0.0956644515310163,-4.20457128885819
11.905,-3.66210837944463,-0.0956644515310163,-4.18929193029144
11.9075,-3.65701392159142,-0.0956644515310163,-4.20966440838044
11.91,-3.66210837944463,-0.0956644515310163,-4.21475752790269
11.9125,-3.63154163232537,-0.0956644515310163,-4.23003688646944
11.915,-3.646825005885,-0.0956644515310163,-4.23003688646944
11.9175,-3.66210837944463,-0.0956644515310163,-4.19947816933594
11.92,-3.646825005885,-0.0854730659194392,-4.21475752790269
11.9225,-3.64173054803179,-0.0956644515310163,-4.22494376694719
11.925,-3.646825005885,-0.0956644515310163,-4.18419881076919
11.9275,-3.63663609017858,-0.0956644515310163,-4.18929193029144
11.93,-3.65191946373821,-0.0956644515310163,-4.21475752790269
11.9325,-3.65191946373821,-0.0956644515310163,-4.18929193029144
11.935,-3.65701392159142,-0.0956644515310163,-4.22494376694719
11.9375,-3.66210837944463,-0.0956644515310163,-4.21985064742494
11.94,-3.66720283729784,-0.0956644515310163,-4.21985064742494
11.9425,-3.66210837944463,-0.0956644515310163,-4.22494376694719
11.945,-3.66720283729784,-0.0956644515310163,-4.24022312551393
11.9475,-3.67229729515105,-0.0956644515310163,-4.24531624503618
11.95,-3.68248621085748,-0.0956644515310163,-4.21475752790269
11.9525,-3.68248621085748,-0.0956644515310163,-4.21985064742494
11.955,-3.68248621085748,-0.0956644515310163,-4.21475752790269
11.9575,-3.70795850012353,-0.0956644515310163,-4.21475752790269
11.96,-3.70795850012353,-0.0905687587252277,-4.21985064742494
11.9625,-3.70795850012353,-0.0956644515310163,-4.21985064742494
11.965,-3.71305295797674,-0.0956644515310163,-4.22494376694719
11.9675,-3.71814741582995,-0.0956644515310163,-4.21985064742494
11.97,-3.71814741582995,-0.0956644515310163,-4.21985064742494
11.9725,-3.72833633153637,-0.0956644515310163,-4.23003688646944
11.975,-3.72833633153637,-0.0956644515310163,-4.19947816933594
11.9775,-3.73343078938958,-0.0956644515310163,-4.24022312551393
11.98,-3.72833633153637,-0.0956644515310163,-4.23003688646944
11.9825,-3.71305295797674,-0.0956644515310163,-4.24022312551393
11.985,-3.71305295797674,-0.0956644515310163,-4.24022312551393
11.9875,-3.72833633153637,-0.0956644515310163,-4.24022312551393
11.99,-3.74871416294921,-0.0956644515310163,-4.25040936455843
11.9925,-3.75380862080242,-0.0956644515310163,-4.24531624503618
11.995,-3.75380862080242,-0.0956644515310163,-4.23003688646944
11.9975,-3.73343078938958,-0.0956644515310163,-4.21985064742494
12,-3.72833633153637,-0.0956644515310163,-4.22494376694719
12.0025,-3.73852524724279,-0.0956644515310163,-4.23003688646944
12.005,-3.743619705096,-0.0956644515310163,-4.19947816933594
12.0075,-3.74871416294921,-0.0956644515310163,-4.20966440838044
12.01,-3.74871416294921,-0.0956644515310163,-4.20966440838044
12.0125,-3.75380862080242,-0.0956644515310163,-4.24022312551393
12.015,-3.75890307865563,-0.0956644515310163,-4.18419881076919
12.0175,-3.76399753650884,-0.0956644515310163,-4.23003688646944
12.02,-3.76399753650884,-0.0956644515310163,-4.24022312551393
12.0225,-3.76909199436206,-0.0956644515310163,-4.23003688646944
12.025,-3.77418645221527,-0.0956644515310163,-4.21475752790269
12.0275,-3.77928091006848,-0.0956644515310163,-4.20457128885819
12.03,-3.78437536792169,-0.0956644515310163,-4.20966440838044
12.0325,-3.78437536792169,-0.0956644515310163,-4.24022312551393
12.035,-3.79456428362811,-0.0956644515310163,-4.20966440838044
12.0375,-3.79456428362811,-0.0956644515310163,-4.21475752790269
12.04,-3.79965874148132,-0.0956644515310163,-4.23513000599169
12.0425,-3.80475319933453,-0.0956644515310163,-4.24022312551393
12.045,-3.80984765718774,-0.0956644515310163,-4.21475752790269
12.0475,-3.80984765718774,-0.0956644515310163,-4.20966440838044
12.05,-3.80984765718774,-0.0956644515310163,-4.21475752790269
12.0525,-3.80984765718774,-0.0956644515310163,-4.20457128885819
12.055,-3.81494211504095,-0.0956644515310163,-4.21475752790269
12.0575,-3.82513103074737,-0.0956644515310163,-4.20457128885819
12.06,-3.82513103074737,-0.0956644515310163,-4.20966440838044
12.0625,-3.82003657289416,-0.0956644515310163,-4.23003688646944
12.065,-3.83022548860058,-0.0956644515310163,-4.19947816933594
12.0675,-3.86079223571985,-0.0956644515310163,-4.20966440838044
12.07,-3.84550886216021,-0.0956644515310163,-4.23003688646944
12.0725,-3.840414404307,-0.0905687587252277,-4.23003688646944
12.075,-3.84550886216021,-0.0956644515310163,-4.20457128885819
12.0775,-3.85060332001342,-0.0956644515310163,-4.22494376694719
12.08,-3.85060332001342,-0.0956644515310163,-4.23003688646944
12.0825,-3.85060332001342,-0.0956644515310163,-4.21985064742494
12.085,-3.87607560927948,-0.0956644515310163,-4.22494376694719
12.0875,-3.87098115142627,-0.0956644515310163,-4.21985064742494
12.09,-3.85060332001342,-0.0956644515310163,-4.24022312551393
12.0925,-3.84550886216021,-0.0956644515310163,-4.24022312551393
12.095,-3.85060332001342,-0.0956644515310163,-4.16891945220244
12.0975,-3.87098115142627,-0.0956644515310163,-4.18419881076919
12.1,-3.85060332001342,-0.0956644515310163,-4.19947816933594
12.1025,-3.86079223571985,-0.0956644515310163,-4.20966440838044
12.105,-3.85569777786664,-0.0956644515310163,-4.06705706175745
12.1075,-3.86079223571985,-0.0956644515310163,-4.17401257172469
12.11,-3.86079223571985,-0.0956644515310163,-4.17401257172469
12.1125,-3.86588669357306,-0.0905687587252277,-4.19438504981369
12.115,-3.86079223571985,-0.0956644515310163,-4.09761577889095
12.1175,-3.87098115142627,-0.0956644515310163,-4.16891945220244
12.12,-3.86588669357306,-0.0956644515310163,-4.16891945220244
12.1225,-3.86588669357306,-0.0956644515310163,-4.20457128885819
12.125,-3.87098115142627,-0.100760144336805,-4.08742953984645
12.1275,-3.87607560927948,-0.0905687587252277,-4.17401257172469
12.13,-3.87098115142627,-0.0956644515310163,-4.19438504981369
12.1325,-3.87607560927948,-0.0956644515310163,-4.19438504981369
12.135,-3.87607560927948,-0.0956644515310163,-4.16891945220244
12.1375,-3.8862645249859,-0.0956644515310163,-4.18929193029144
12.14,-3.87607560927948,-0.0956644515310163,-4.19438504981369
12.1425,-3.8862645249859,-0.0956644515310163,-4.18419881076919
12.145,-3.8862645249859,-0.0956644515310163,-4.16382633268019
12.1475,-3.89135898283911,-0.0956644515310163,-4.18419881076919
12.15,-3.89135898283911,-0.0956644515310163,-4.18419881076919
12.1525,-3.89645344069232,-0.0956644515310163,-4.18419881076919
12.155,-3.89645344069232,-0.0956644515310163,-4.14854697411344
12.1575,-3.89645344069232,-0.0854730659194392,-4.17910569124694
12.16,-3.90154789854553,-0.0905687587252277,-4.16891945220244
12.1625,-3.90154789854553,-0.0905687587252277,-4.16891945220244
12.165,-3.90154789854553,-0.0956644515310163,-4.17401257172469
12.1675,-3.90664235639874,-0.0956644515310163,-4.16382633268019
12.17,-3.90154789854553,-0.0956644515310163,-4.0721501812797
12.1725,-3.90154789854553,-0.0956644515310163,-4.17910569124694
12.175,-3.90154789854553,-0.0956644515310163,-4.18929193029144
12.1775,-3.90664235639874,-0.0905687587252277,-4.15873321315794
12.18,-3.90664235639874,-0.0956644515310163,-4.15873321315794
12.1825,-3.90154789854553,-0.0956644515310163,-4.18929193029144
12.185,-3.90664235639874,-0.0956644515310163,-4.18419881076919
12.1875,-3.90154789854553,-0.0956644515310163,-4.18929193029144
12.19,-3.91173681425195,-0.0956644515310163,-0.0995169539250416
12.1925,-3.90664235639874,-0.0956644515310163,-0.0995169539250416
12.195,-3.91173681425195,-0.0956644515310163,-0.0995169539250416
12.1975,-3.91173681425195,-0.0956644515310163,-0.0995169539250416
12.2,-3.91173681425195,-0.0956644515310163,-0.0995169539250416
12.2025,-3.90664235639874,-0.0956644515310163,-0.0995169539250416
12.205,-3.91173681425195,-0.0956644515310163,-0.0995169539250416
12.2075,-3.90664235639874,-0.0956644515310163,-0.0995169539250416
12.21,-3.91173681425195,-0.0905687587252277,-0.0944238344027912
12.2125,-3.90154789854553,-0.0956644515310163,-0.0995169539250416
12.215,-3.89645344069232,-0.0956644515310163,-0.0995169539250416
12.2175,-3.89135898283911,-0.0956644515310163,-0.0995169539250416
12.22,-3.89645344069232,-0.0956644515310163,-0.0995169539250416
12.2225,-3.8862645249859,-0.0956644515310163,-0.0995169539250416
12.225,-3.89135898283911,-0.0956644515310163,-0.0995169539250416
12.2275,-3.88117006713269,-0.0956644515310163,-0.0995169539250416
12.23,-3.8862645249859,-0.0956644515310163,-0.0995169539250416
12.2325,-3.8862645249859,-0.0956644515310163,-0.0995169539250416
12.235,-3.87607560927948,-0.0956644515310163,-0.0995169539250416
12.2375,-3.88117006713269,-0.0956644515310163,-0.0995169539250416
12.24,-3.88117006713269,-0.0956644515310163,-0.0995169539250416
12.2425,-3.87607560927948,-0.0905687587252277,-0.0995169539250416
12.245,-3.87607560927948,-0.0956644515310163,-0.0995169539250416
12.2475,-3.88117006713269,-0.0956644515310163,-0.0995169539250416
12.25,-3.88117006713269,-0.0956644515310163,-0.0944238344027912
12.2525,-3.87607560927948,-0.0956644515310163,-0.0995169539250416
12.255,-3.89135898283911,-0.0956644515310163,-0.0995169539250416
12.2575,-3.89135898283911,-0.0905687587252277,-0.0995169539250416
12.26,-3.89135898283911,-0.0956644515310163,-0.0995169539250416
12.2625,-3.89135898283911,-0.0956644515310163,-0.0995169539250416
12.265,-3.8862645249859,-0.0956644515310163,-0.0995169539250416
12.2675,-3.86588669357306,-0.0956644515310163,-0.0995169539250416
12.27,-3.8862645249859,-0.0803773731136506,-0.0944238344027912
12.2725,-3.8862645249859,-0.0956644515310163,-0.0995169539250416
12.275,-3.8862645249859,-0.0956644515310163,-3.91426347608996
12.2775,-3.86588669357306,-0.0956644515310163,-3.90917035656771
12.28,-3.85569777786664,-0.0956644515310163,-3.91426347608996
12.2825,-3.86079223571985,-0.0956644515310163,-3.96010155179021
12.285,-3.85060332001342,-0.0956644515310163,-3.97028779083471
12.2875,-3.85060332001342,-0.0956644515310163,-4.14345385459119
12.29,-3.85060332001342,-0.0956644515310163,-3.89389099800096
12.2925,-3.88117006713269,-0.0956644515310163,-3.89898411752321
12.295,-3.87098115142627,-0.0956644515310163,-3.91935659561221
12.2975,-3.86588669357306,-0.0956644515310163,-3.90407723704546
12.3,-3.86079223571985,-0.0956644515310163,-3.92444971513446
12.3025,-3.86588669357306,-0.0956644515310163,-4.18929193029144
12.305,-3.85569777786664,-0.0905687587252277,-3.93972907370121
12.3075,-3.87098115142627,-0.0956644515310163,-4.17910569124694
12.31,-3.84550886216021,-0.0956644515310163,-4.16382633268019
12.3125,-3.85060332001342,-0.0956644515310163,-3.92444971513446
12.315,-3.84550886216021,-0.0956644515310163,-3.94991531274571
12.3175,-3.85060332001342,-0.0956644515310163,-3.97028779083471
12.32,-3.840414404307,-0.0956644515310163,-4.10780201793545
12.3225,-3.840414404307,-0.0956644515310163,-4.17401257172469
12.325,-3.840414404307,-0.0956644515310163,-4.16891945220244
12.3275,-3.83531994645379,-0.0956644515310163,-4.17401257172469
12.33,-3.83531994645379,-0.0956644515310163,-3.94991531274571
12.3325,-3.83022548860058,-0.0956644515310163,-4.14854697411344
12.335,-3.81494211504095,-0.0956644515310163,-4.0110327470127
12.3375,-3.80984765718774,-0.0956644515310163,-3.97538091035696
12.34,-3.83531994645379,-0.0956644515310163,-3.96519467131246
12.3425,-3.83022548860058,-0.0956644515310163,-3.95500843226796
12.345,-3.82513103074737,-0.0956644515310163,-4.16891945220244
12.3475,-3.82513103074737,-0.0956644515310163,-4.16891945220244
12.35,-3.79965874148132,-0.0905687587252277,-3.96010155179021
12.3525,-3.7894698257749,-0.0956644515310163,-4.15364009363569
12.355,-3.78437536792169,-0.0956644515310163,-4.14854697411344
12.3575,-3.77928091006848,-0.0956644515310163,-4.14854697411344
12.36,-3.77928091006848,-0.0956644515310163,-4.15364009363569
12.3625,-3.79456428362811,-0.0956644515310163,-4.18929193029144
12.365,-3.7894698257749,-0.0956644515310163,-4.16891945220244
12.3675,-3.75380862080242,-0.0956644515310163,-4.16382633268019
12.37,-3.75380862080242,-0.0956644515310163,-4.17401257172469
12.3725,-3.743619705096,-0.0956644515310163,-4.15364009363569
12.375,-3.74871416294921,-0.0956644515310163,-4.17910569124694
12.3775,-3.73852524724279,-0.0956644515310163,-4.18929193029144
12.38,-3.76909199436206,-0.0956644515310163,-4.17910569124694
12.3825,-3.76399753650884,-0.0956644515310163,-4.00084650796821
12.385,-3.76399753650884,-0.0956644515310163,-4.0517777031907
12.3875,-3.75890307865563,-0.0905687587252277,-4.18419881076919
12.39,-3.76399753650884,-0.0956644515310163,-4.18929193029144
12.3925,-3.77928091006848,-0.0956644515310163,-4.17910569124694
12.395,-3.75890307865563,-0.0956644515310163,-4.18929193029144
12.3975,-3.72324187368316,-0.0956644515310163,-4.18929193029144
12.4,-3.75380862080242,-0.0956644515310163,-4.20966440838044
12.4025,-3.76909199436206,-0.0956644515310163,-4.03649834462395
12.405,-3.72833633153637,-0.0956644515310163,-4.05687082271295
12.4075,-3.71305295797674,-0.0956644515310163,-4.0721501812797
12.41,-3.6926751265639,-0.0956644515310163,-4.0619639422352
12.4125,-3.68248621085748,-0.0956644515310163,-4.20966440838044
12.415,-3.68248621085748,-0.0956644515310163,-4.23003688646944
12.4175,-3.67229729515105,-0.0956644515310163,-4.23003688646944
12.42,-3.67229729515105,-0.0956644515310163,-4.21475752790269
12.4225,-3.66210837944463,-0.0905687587252277,-4.23003688646944
12.425,-3.68248621085748,-0.0956644515310163,-4.23003688646944
12.4275,-3.65191946373821,-0.0956644515310163,-4.17401257172469
12.43,-3.63154163232537,-0.0956644515310163,-4.21475752790269
12.4325,-3.63154163232537,-0.0956644515310163,-4.23003688646944
12.435,-3.63154163232537,-0.0956644515310163,-4.18929193029144
12.4375,-3.59588042735289,-0.0956644515310163,-4.21985064742494
12.44,-3.61625825876574,-0.0956644515310163,-4.20966440838044
12.4425,-3.58569151164647,-0.0956644515310163,-4.21985064742494
12.445,-3.58059705379326,-0.0956644515310163,-4.19438504981369
12.4475,-3.61116380091253,-0.0956644515310163,-4.28096808169193
12.45,-3.60097488520611,-0.0905687587252277,-4.28606120121418
12.4525,-3.60097488520611,-0.0956644515310163,-4.28096808169193
12.455,-3.59588042735289,-0.0956644515310163,-4.27587496216968
12.4575,-3.59588042735289,-0.0956644515310163,-4.27587496216968
12.46,-3.57550259594005,-0.0956644515310163,-4.24531624503618
12.4625,-3.59588042735289,-0.0956644515310163,-4.25040936455843
12.465,-3.59588042735289,-0.0956644515310163,-4.23513000599169
12.4675,-3.57040813808684,-0.0956644515310163,-4.23513000599169
12.47,-3.56531368023363,-0.0956644515310163,-4.23003688646944
12.4725,-3.56531368023363,-0.0956644515310163,-4.23003688646944
12.475,-3.56021922238042,-0.0956644515310163,-4.23003688646944
12.4775,-3.56531368023363,-0.0956644515310163,-4.22494376694719
12.48,-3.55512476452721,-0.0956644515310163,-4.23003688646944
12.4825,-3.58059705379326,-0.0956644515310163,-4.24531624503618
12.485,-3.58569151164647,-0.0905687587252277,-4.25040936455843
12.4875,-3.58569151164647,-0.0956644515310163,-4.30134055978093
12.49,-3.59078596949968,-0.0956644515310163,-4.29115432073643
12.4925,-3.59078596949968,-0.0956644515310163,-4.29624744025868
12.495,-3.62135271661895,-0.0956644515310163,-4.28606120121418
12.4975,-3.62644717447216,-0.0956644515310163,-4.27587496216968
12.5,-3.63154163232537,-0.0956644515310163,-4.24531624503618
12.5025,-3.61116380091253,-0.0956644515310163,-4.24022312551393
12.505,-3.61625825876574,-0.0956644515310163,-4.25040936455843
12.5075,-3.61116380091253,-0.0956644515310163,-4.23513000599169
12.51,-3.62644717447216,-0.0956644515310163,-4.24022312551393
12.5125,-3.65191946373821,-0.0956644515310163,-4.23003688646944
12.515,-3.66210837944463,-0.0956644515310163,-4.26059560360293
12.5175,-3.66720283729784,-0.0956644515310163,-4.25040936455843
12.52,-3.67229729515105,-0.0854730659194392,-4.24531624503618
12.5225,-3.72833633153637,-0.0956644515310163,-4.23513000599169
12.525,-3.74871416294921,-0.0956644515310163,-4.23003688646944
12.5275,-3.68248621085748,-0.0956644515310163,-4.23003688646944
12.53,-3.69776958441711,-0.0956644515310163,-4.25040936455843
12.5325,-3.70286404227032,-0.0956644515310163,-4.21475752790269
12.535,-3.70795850012353,-0.0956644515310163,-4.21475752790269
12.5375,-3.71305295797674,-0.0956644515310163,-4.20966440838044
12.54,-3.71814741582995,-0.100760144336805,-4.23003688646944
12.5425,-3.71305295797674,-0.0956644515310163,-4.25040936455843
12.545,-3.71814741582995,-0.0956644515310163,-4.24531624503618
12.5475,-3.71305295797674,-0.0956644515310163,-4.25550248408068
12.55,-3.72324187368316,-0.0905687587252277,-4.22494376694719
12.5525,-3.71814741582995,-0.0956644515310163,-4.23513000599169
12.555,-3.72833633153637,-0.0956644515310163,-4.21985064742494
12.5575,-3.72833633153637,-0.0956644515310163,-4.22494376694719
12.56,-3.75380862080242,-0.0956644515310163,-4.21475752790269
12.5625,-3.73343078938958,-0.0956644515310163,-4.18419881076919
12.565,-3.72833633153637,-0.0956644515310163,-4.20966440838044
12.5675,-3.72324187368316,-0.0905687587252277,-4.19438504981369
12.57,-3.69776958441711,-0.0956644515310163,-4.17401257172469
12.5725,-3.6926751265639,-0.0956644515310163,-4.16891945220244
12.575,-3.68758066871069,-0.0956644515310163,-4.16382633268019
12.5775,-3.6926751265639,-0.0956644515310163,-4.16891945220244
12.58,-3.67739175300426,-0.0956644515310163,-4.17910569124694
12.5825,-3.70286404227032,-0.0905687587252277,-4.21475752790269
12.585,-3.6926751265639,-0.0956644515310163,-4.19438504981369
12.5875,-3.66720283729784,-0.0956644515310163,-4.17401257172469
12.59,-3.68248621085748,-0.0956644515310163,-4.16891945220244
12.5925,-3.68248621085748,-0.0956644515310163,-4.17401257172469
12.595,-3.65191946373821,-0.0956644515310163,-4.17910569124694
12.5975,-3.66210837944463,-0.0956644515310163,-4.19947816933594
12.6,-3.646825005885,-0.0905687587252277,-4.23513000599169
12.6025,-3.646825005885,-0.0905687587252277,-4.21985064742494
12.605,-3.66210837944463,-0.0956644515310163,-4.19947816933594
12.6075,-3.64173054803179,-0.0956644515310163,-4.19438504981369
12.61,-3.66210837944463,-0.0956644515310163,-4.18929193029144
12.6125,-3.64173054803179,-0.0956644515310163,-4.18929193029144
12.615,-3.63154163232537,-0.0956644515310163,-4.17401257172469
12.6175,-3.64173054803179,-0.0956644515310163,-4.17910569124694
12.62,-3.66720283729784,-0.0956644515310163,-4.17401257172469
12.6225,-3.646825005885,-0.0956644515310163,-4.16891945220244
12.625,-3.66720283729784,-0.0905687587252277,-4.17401257172469
12.6275,-3.646825005885,-0.0956644515310163,-4.16382633268019
12.63,-3.646825005885,-0.0956644515310163,-4.19947816933594
12.6325,-3.65191946373821,-0.0956644515310163,-4.18929193029144
12.635,-3.65191946373821,-0.0956644515310163,-4.19438504981369
12.6375,-3.65701392159142,-0.0956644515310163,-4.18929193029144
12.64,-3.68248621085748,-0.0956644515310163,-4.15873321315794
12.6425,-3.68248621085748,-0.0956644515310163,-4.16382633268019
12.645,-3.68758066871069,-0.0956644515310163,-4.15364009363569
12.6475,-3.6926751265639,-0.0956644515310163,-4.15364009363569
12.65,-3.70286404227032,-0.0956644515310163,-4.14854697411344
12.6525,-3.71305295797674,-0.0956644515310163,-4.14345385459119
12.655,-3.71305295797674,-0.0956644515310163,-4.14854697411344
12.6575,-3.71305295797674,-0.0956644515310163,-4.13836073506894
12.66,-3.6926751265639,-0.0956644515310163,-4.14854697411344
12.6625,-3.69776958441711,-0.0956644515310163,-4.13836073506894
12.665,-3.71305295797674,-0.0956644515310163,-4.16891945220244
12.6675,-3.70795850012353,-0.0956644515310163,-4.17401257172469
12.67,-3.72324187368316,-0.0956644515310163,-4.13836073506894
12.6725,-3.71814741582995,-0.0956644515310163,-4.14854697411344
12.675,-3.72833633153637,-0.0956644515310163,-4.13326761554669
12.6775,-3.73343078938958,-0.0956644515310163,-4.13836073506894
12.68,-3.76399753650884,-0.0956644515310163,-4.10780201793545
12.6825,-3.76909199436206,-0.0905687587252277,-4.10780201793545
12.685,-3.76909199436206,-0.0956644515310163,-4.14345385459119
12.6875,-3.7894698257749,-0.0956644515310163,-4.13836073506894
12.69,-3.77418645221527,-0.0956644515310163,-4.14854697411344
12.6925,-3.80984765718774,-0.0956644515310163,-4.14345385459119
12.695,-3.78437536792169,-0.100760144336805,-4.14854697411344
12.6975,-3.76909199436206,-0.0956644515310163,-4.14854697411344
12.7,-3.78437536792169,-0.0956644515310163,-4.14345385459119
12.7025,-3.7894698257749,-0.0956644515310163,-4.15364009363569
12.705,-3.79456428362811,-0.0956644515310163,-4.14854697411344
12.7075,-3.80475319933453,-0.0956644515310163,-4.18929193029144
12.71,-3.80475319933453,-0.0956644515310163,-4.18419881076919
12.7125,-3.80984765718774,-0.0956644515310163,-4.19438504981369
12.715,-3.80475319933453,-0.0956644515310163,-4.20457128885819
12.7175,-3.81494211504095,-0.0905687587252277,-4.16891945220244
12.72,-3.81494211504095,-0.0956644515310163,-4.15364009363569
12.7225,-3.82513103074737,-0.0956644515310163,-4.14854697411344
12.725,-3.81494211504095,-0.0956644515310163,-4.17910569124694
12.7275,-3.82513103074737,-0.0956644515310163,-4.17401257172469
12.73,-3.82003657289416,-0.0956644515310163,-4.17401257172469
12.7325,-3.82513103074737,-0.0956644515310163,-4.17910569124694
12.735,-3.82513103074737,-0.0956644515310163,-4.17910569124694
12.7375,-3.83022548860058,-0.0956644515310163,-4.19438504981369
12.74,-3.82513103074737,-0.0956644515310163,-4.19438504981369
12.7425,-3.83022548860058,-0.0956644515310163,-4.19947816933594
12.745,-3.83022548860058,-0.0956644515310163,-4.19947816933594
12.7475,-3.83531994645379,-0.0956644515310163,-4.17910569124694
12.75,-3.83022548860058,-0.0956644515310163,-4.19438504981369
12.7525,-3.83022548860058,-0.0956644515310163,-4.16382633268019
12.755,-3.82513103074737,-0.0956644515310163,-4.17401257172469
12.7575,-3.83022548860058,-0.0956644515310163,-4.16891945220244
12.76,-3.82513103074737,-0.0956644515310163,-4.17910569124694
12.7625,-3.82513103074737,-0.0956644515310163,-4.18929193029144
12.765,-3.82003657289416,-0.0956644515310163,-4.18419881076919
12.7675,-3.82513103074737,-0.0956644515310163,-4.19438504981369
12.77,-3.82003657289416,-0.0956644515310163,-4.21985064742494
12.7725,-3.80984765718774,-0.0956644515310163,-4.19947816933594
12.775,-3.82003657289416,-0.0956644515310163,-4.23003688646944
12.7775,-3.81494211504095,-0.0956644515310163,-4.22494376694719
12.78,-3.83022548860058,-0.0956644515310163,-4.23003688646944
12.7825,-3.80475319933453,-0.0956644515310163,-4.22494376694719
12.785,-3.7894698257749,-0.0956644515310163,-4.23003688646944
12.7875,-3.7894698257749,-0.0956644515310163,-4.20457128885819
12.79,-3.78437536792169,-0.105855837142594,-4.20966440838044
12.7925,-3.77928091006848,-0.0956644515310163,-4.21475752790269
12.795,-3.76909199436206,-0.100760144336805,-4.20966440838044
12.7975,-3.75380862080242,-0.0956644515310163,-4.24022312551393
12.8,-3.80984765718774,-0.0956644515310163,-4.23513000599169
12.8025,-3.75890307865563,-0.0905687587252277,-4.20966440838044
12.805,-3.74871416294921,-0.0956644515310163,-4.20966440838044
12.8075,-3.74871416294921,-0.0956644515310163,-4.20966440838044
12.81,-3.743619705096,-0.0956644515310163,-4.21475752790269
12.8125,-3.73343078938958,-0.0956644515310163,-4.21475752790269
12.815,-3.73343078938958,-0.0956644515310163,-4.24531624503618
12.8175,-3.6926751265639,-0.0956644515310163,-4.24531624503618
12.82,-3.6926751265639,-0.0956644515310163,-4.21475752790269
12.8225,-3.67739175300426,-0.0956644515310163,-4.22494376694719
12.825,-3.66720283729784,-0.0956644515310163,-4.21475752790269
12.8275,-3.70286404227032,-0.0956644515310163,-4.21985064742494
12.83,-3.70795850012353,-0.0956644515310163,-4.21475752790269
12.8325,-3.646825005885,-0.0956644515310163,-4.11798825697995
12.835,-3.646825005885,-0.0956644515310163,-4.19438504981369
12.8375,-3.61116380091253,-0.0956644515310163,-4.21985064742494
12.84,-3.58569151164647,-0.0956644515310163,-4.23003688646944
12.8425,-3.58059705379326,-0.0956644515310163,-4.22494376694719
12.845,-3.57040813808684,-0.0956644515310163,-4.23513000599169
12.8475,-3.56021922238042,-0.0956644515310163,-4.23003688646944
12.85,-3.56021922238042,-0.0905687587252277,-4.23003688646944
12.8525,-3.54493584882079,-0.0956644515310163,-4.17910569124694
12.855,-3.54493584882079,-0.0956644515310163,-4.19947816933594
12.8575,-3.52455801740795,-0.0956644515310163,-4.23513000599169
12.86,-3.51946355955474,-0.0956644515310163,-4.23003688646944
12.8625,-3.50927464384831,-0.100760144336805,-4.23003688646944
12.865,-3.5041801859951,-0.0956644515310163,-4.20966440838044
12.8675,-3.48889681243547,-0.0956644515310163,-4.20966440838044
12.87,-3.48380235458226,-0.0956644515310163,-4.21475752790269
12.8725,-3.47870789672905,-0.0956644515310163,-4.19438504981369
12.875,-3.46851898102263,-0.0956644515310163,-4.19947816933594
12.8775,-3.45833006531621,-0.0956644515310163,-4.21475752790269
12.88,-3.453235607463,-0.0956644515310163,-4.19947816933594
12.8825,-3.44304669175658,-0.0956644515310163,-4.20966440838044
12.885,-3.43795223390337,-0.0956644515310163,-4.0925226593687
12.8875,-3.42776331819694,-0.0956644515310163,-4.17401257172469
12.89,-3.45833006531621,-0.0905687587252277,-4.22494376694719
12.8925,-3.44814114960979,-0.0956644515310163,-4.21985064742494
12.895,-3.43285777605016,-0.0956644515310163,-4.23003688646944
12.8975,-3.43795223390337,-0.0956644515310163,-4.27078184264743
12.9,-3.42266886034373,-0.0956644515310163,-4.29624744025868
12.9025,-3.42266886034373,-0.0956644515310163,-4.20457128885819
12.905,-3.42266886034373,-0.0956644515310163,-4.19438504981369
12.9075,-0.0959878821972175,-0.0956644515310163,-4.20457128885819
12.91,-0.0959878821972175,-0.0956644515310163,-4.19438504981369
12.9125,-0.0959878821972175,-0.0956644515310163,-4.25040936455843
12.915,-0.0908934243440065,-0.0956644515310163,-4.27078184264743
12.9175,-0.0908934243440065,-0.0956644515310163,-4.26568872312518
12.92,-0.0959878821972175,-0.0956644515310163,-4.27078184264743
12.9225,-0.0908934243440065,-0.0956644515310163,-4.28096808169193
12.925,-0.0908934243440065,-0.0956644515310163,-4.24022312551393
12.9275,-0.0959878821972175,-0.0956644515310163,-4.30134055978093
12.93,-0.0908934243440065,-0.0956644515310163,-4.19438504981369
12.9325,-0.0908934243440065,-0.0956644515310163,-4.24531624503618
12.935,-0.0959878821972175,-0.0905687587252277,-4.26059560360293
12.9375,-0.0959878821972175,-0.0956644515310163,-4.24022312551393
12.94,-0.0959878821972175,-0.0956644515310163,-4.19947816933594
12.9425,-0.0908934243440065,-0.0956644515310163,-4.19947816933594
12.945,-0.0959878821972175,-0.100760144336805,-4.19438504981369
12.9475,-0.0908934243440065,-0.0956644515310163,-4.18419881076919
12.95,-0.0908934243440065,-0.0956644515310163,-4.23513000599169
12.9525,-0.0908934243440065,-0.0956644515310163,-4.19947816933594
12.955,-0.0959878821972175,-0.0956644515310163,-4.19947816933594
12.9575,-3.51946355955474,-0.0956644515310163,-4.18929193029144
12.96,-3.51946355955474,-0.0956644515310163,-4.18419881076919
12.9625,-3.54493584882079,-0.0956644515310163,-4.18929193029144
12.965,-3.52965247526116,-0.0956644515310163,-4.16382633268019
12.9675,-3.52965247526116,-0.0905687587252277,-4.19438504981369
12.97,-3.550030306674,-0.0956644515310163,-4.19438504981369
12.9725,-3.55512476452721,-0.0956644515310163,-4.19438504981369
12.975,-3.51946355955474,-0.0956644515310163,-4.19947816933594
12.9775,-3.550030306674,-0.0956644515310163,-4.18929193029144
12.98,-3.53984139096758,-0.0956644515310163,-4.25040936455843
12.9825,-3.550030306674,-0.0956644515310163,-4.20966440838044
12.985,-3.53984139096758,-0.0956644515310163,-4.20966440838044
12.9875,-3.54493584882079,-0.0956644515310163,-4.20966440838044
12.99,-3.54493584882079,-0.0956644515310163,-4.16891945220244
12.9925,-3.54493584882079,-0.0956644515310163,-4.25040936455843
12.995,-3.54493584882079,-0.0956644515310163,-4.24022312551393
12.9975,-3.52965247526116,-0.0956644515310163,-4.19438504981369
13,-3.52455801740795,-0.0956644515310163,-4.19438504981369
13.0025,-3.54493584882079,-0.0956644515310163,-4.18929193029144
13.005,-3.53474693311437,-0.100760144336805,-4.19438504981369
13.0075,-3.51946355955474,-0.0905687587252277,-4.20966440838044
13.01,-3.51436910170153,-0.0956644515310163,-4.20966440838044
13.0125,-3.50927464384831,-0.0956644515310163,-4.21475752790269
13.015,-3.5041801859951,-0.0956644515310163,-4.21475752790269
13.0175,-3.50927464384831,-0.0956644515310163,-4.21475752790269
13.02,-3.53474693311437,-0.0956644515310163,-4.17401257172469
13.0225,-3.53474693311437,-0.0956644515310163,-4.18419881076919
13.025,-3.53474693311437,-0.0956644515310163,-4.16891945220244
13.0275,-3.53474693311437,-0.0905687587252277,-4.16891945220244
13.03,-3.53984139096758,-0.0956644515310163,-4.17401257172469
13.0325,-3.52965247526116,-0.0956644515310163,-4.16382633268019
13.035,-3.550030306674,-0.0956644515310163,-4.14854697411344
13.0375,-3.55512476452721,-0.0956644515310163,-4.16382633268019
13.04,-3.56531368023363,-0.0956644515310163,-4.17401257172469
13.0425,-3.55512476452721,-0.0854730659194392,-4.16891945220244
13.045,-3.57040813808684,-0.0956644515310163,-4.16891945220244
13.0475,-3.58059705379326,-0.0956644515310163,-4.17401257172469
13.05,-3.60097488520611,-0.0956644515310163,-4.16891945220244
13.0525,-3.60606934305932,-0.0956644515310163,-4.19947816933594
13.055,-3.62135271661895,-0.0905687587252277,-4.20457128885819
13.0575,-3.64173054803179,-0.0956644515310163,-4.17401257172469
13.06,-3.65191946373821,-0.0956644515310163,-4.18419881076919
13.0625,-3.66720283729784,-0.0956644515310163,-4.17401257172469
13.065,-3.66720283729784,-0.0956644515310163,-4.18929193029144
13.0675,-3.68758066871069,-0.0956644515310163,-4.18419881076919
13.07,-3.71305295797674,-0.0956644515310163,-4.18419881076919
13.0725,-3.72324187368316,-0.0905687587252277,-4.19438504981369
13.075,-3.7894698257749,-0.0956644515310163,-4.17910569124694
13.0775,-3.77418645221527,-0.0956644515310163,-4.18929193029144
13.08,-3.79456428362811,-0.0956644515310163,-4.18419881076919
13.0825,-3.80475319933453,-0.0956644515310163,-4.18419881076919
13.085,-3.82003657289416,-0.0956644515310163,-4.18929193029144
13.0875,-3.82513103074737,-0.0956644515310163,-4.18419881076919
13.09,-3.8862645249859,-0.0956644515310163,-4.19438504981369
13.0925,-3.86588669357306,-0.0956644515310163,-4.18419881076919
13.095,-3.88117006713269,-0.0956644515310163,-4.18929193029144
13.0975,-3.88117006713269,-0.0956644515310163,-4.18929193029144
13.1,-3.89135898283911,-0.0956644515310163,-4.17910569124694
13.1025,-3.90154789854553,-0.0956644515310163,-4.17910569124694
13.105,-3.91173681425195,-0.0956644515310163,-4.11798825697995
13.1075,-3.90664235639874,-0.0956644515310163,-4.14854697411344
13.11,-3.91173681425195,-0.0905687587252277,-4.17401257172469
13.1125,-3.93211464566479,-0.0956644515310163,-4.16891945220244
13.115,-3.90664235639874,-0.0956644515310163,-4.17401257172469
13.1175,-3.92702018781158,-0.0956644515310163,-4.16891945220244
13.12,-3.93211464566479,-0.0956644515310163,-4.17401257172469
13.1225,-3.90664235639874,-0.0956644515310163,-4.16891945220244
13.125,-3.90154789854553,-0.0956644515310163,-4.16891945220244
13.1275,-3.90154789854553,-0.0956644515310163,-4.16891945220244
13.13,-3.90664235639874,-0.0956644515310163,-4.16891945220244
13.1325,-3.89645344069232,-0.0956644515310163,-4.17910569124694
13.135,-3.88117006713269,-0.0956644515310163,-4.16891945220244
13.1375,-3.88117006713269,-0.0956644515310163,-4.17910569124694
13.14,-3.87607560927948,-0.0905687587252277,-4.17910569124694
13.1425,-3.87607560927948,-0.100760144336805,-4.18419881076919
13.145,-3.86588669357306,-0.0956644515310163,-4.18419881076919
13.1475,-3.87607560927948,-0.0956644515310163,-4.18419881076919
13.15,-3.87098115142627,-0.0956644515310163,-4.18929193029144
13.1525,-3.87098115142627,-0.0956644515310163,-4.19438504981369
13.155,-3.86588669357306,-0.0956644515310163,-4.15873321315794
13.1575,-3.86588669357306,-0.0956644515310163,-4.17401257172469
13.16,-3.85569777786664,-0.0956644515310163,-4.18929193029144
13.1625,-3.86079223571985,-0.0956644515310163,-4.19438504981369
13.165,-3.83531994645379,-0.0956644515310163,-4.19947816933594
13.1675,-3.83022548860058,-0.0956644515310163,-4.19438504981369
13.17,-3.84550886216021,-0.0956644515310163,-4.18419881076919
13.1725,-3.81494211504095,-0.0956644515310163,-4.17910569124694
13.175,-3.80984765718774,-0.0956644515310163,-4.18419881076919
13.1775,-3.79965874148132,-0.0956644515310163,-4.18929193029144
13.18,-3.7894698257749,-0.0956644515310163,-4.20966440838044
13.1825,-3.7894698257749,-0.0956644515310163,-4.22494376694719
13.185,-3.75380862080242,-0.0956644515310163,-4.24022312551393
13.1875,-3.75380862080242,-0.0956644515310163,-4.25550248408068
13.19,-3.74871416294921,-0.0956644515310163,-4.21985064742494
13.1925,-3.71814741582995,-0.0956644515310163,-4.22494376694719
13.195,-3.70286404227032,-0.0956644515310163,-4.23003688646944
13.1975,-3.70286404227032,-0.0956644515310163,-4.22494376694719
13.2,-3.68248621085748,-0.0956644515310163,-4.23003688646944
13.2025,-3.68758066871069,-0.0956644515310163,-4.21985064742494
13.205,-3.67739175300426,-0.0956644515310163,-4.19947816933594
13.2075,-3.68248621085748,-0.0956644515310163,-4.25040936455843
13.21,-3.66720283729784,-0.0956644515310163,-4.21985064742494
13.2125,-3.67229729515105,-0.0956644515310163,-4.22494376694719
13.215,-3.65191946373821,-0.0956644515310163,-4.21985064742494
13.2175,-3.65701392159142,-0.0956644515310163,-4.22494376694719
13.22,-3.65191946373821,-0.0956644515310163,-4.23003688646944
13.2225,-3.65701392159142,-0.0905687587252277,-4.21985064742494
13.225,-3.65191946373821,-0.0956644515310163,-4.23003688646944
13.2275,-3.65701392159142,-0.0956644515310163,-4.21985064742494
13.23,-3.65701392159142,-0.0956644515310163,-4.23003688646944
13.2325,-3.65701392159142,-0.0956644515310163,-4.22494376694719
13.235,-3.66210837944463,-0.0956644515310163,-4.19438504981369
13.2375,-3.66210837944463,-0.0905687587252277,-4.19947816933594
13.24,-3.66210837944463,-0.0956644515310163,-4.21475752790269
13.2425,-3.66210837944463,-0.0956644515310163,-4.22494376694719
13.245,-3.66210837944463,-0.0956644515310163,-4.21985064742494
13.2475,-3.70286404227032,-0.0956644515310163,-4.25040936455843
13.25,-3.67229729515105,-0.0956644515310163,-4.23003688646944
13.2525,-3.67229729515105,-0.0956644515310163,-4.21985064742494
13.255,-3.67229729515105,-0.0956644515310163,-4.22494376694719
13.2575,-3.67229729515105,-0.0905687587252277,-4.21475752790269
13.26,-3.67229729515105,-0.0956644515310163,-4.20966440838044
13.2625,-3.66210837944463,-0.0956644515310163,-4.25040936455843
13.265,-3.66210837944463,-0.0956644515310163,-4.24531624503618
13.2675,-3.65191946373821,-0.0956644515310163,-4.22494376694719
13.27,-3.65191946373821,-0.0956644515310163,-4.21475752790269
13.2725,-3.646825005885,-0.0956644515310163,-4.21985064742494
13.275,-3.646825005885,-0.0956644515310163,-4.19438504981369
13.2775,-3.64173054803179,-0.0956644515310163,-4.19438504981369
13.28,-3.67739175300426,-0.0956644515310163,-4.25040936455843
13.2825,-3.646825005885,-0.0956644515310163,-4.23513000599169
13.285,-3.65191946373821,-0.0956644515310163,-4.23513000599169
13.2875,-3.63154163232537,-0.0956644515310163,-4.23513000599169
13.29,-3.64173054803179,-0.0956644515310163,-4.19947816933594
13.2925,-3.63154163232537,-0.0956644515310163,-4.19947816933594
13.295,-3.64173054803179,-0.0956644515310163,-4.18929193029144
13.2975,-3.63154163232537,-0.105855837142594,-4.24022312551393
13.3,-3.64173054803179,-0.0956644515310163,-4.20966440838044
13.3025,-3.63154163232537,-0.0956644515310163,-4.23513000599169
13.305,-3.63663609017858,-0.0956644515310163,-4.23513000599169
13.3075,-3.62644717447216,-0.0956644515310163,-4.19947816933594
13.31,-3.62135271661895,-0.0956644515310163,-4.23513000599169
13.3125,-3.646825005885,-0.0956644515310163,-4.23003688646944
13.315,-3.61625825876574,-0.0956644515310163,-4.19947816933594
13.3175,-3.63154163232537,-0.0956644515310163,-4.20457128885819
13.32,-3.63663609017858,-0.0956644515310163,-4.19438504981369
13.3225,-3.61116380091253,-0.0956644515310163,-4.20457128885819
13.325,-3.60606934305932,-0.0956644515310163,-4.18929193029144
13.3275,-3.60606934305932,-0.0956644515310163,-4.19947816933594
13.33,-3.60097488520611,-0.0956644515310163,-4.19438504981369
13.3325,-3.60606934305932,-0.0956644515310163,-4.18929193029144
13.335,-3.60097488520611,-0.0956644515310163,-4.23003688646944
13.3375,-3.60606934305932,-0.0956644515310163,-4.21985064742494
13.34,-3.60606934305932,-0.0956644515310163,-4.22494376694719
13.3425,-3.61116380091253,-0.0956644515310163,-4.22494376694719
13.345,-3.63154163232537,-0.0956644515310163,-4.21475752790269
13.3475,-3.63154163232537,-0.0956644515310163,-4.22494376694719
13.35,-3.62644717447216,-0.100760144336805,-4.21475752790269
13.3525,-3.60606934305932,-0.0956644515310163,-4.22494376694719
13.355,-3.63154163232537,-0.0956644515310163,-4.21985064742494
13.3575,-3.646825005885,-0.0956644515310163,-4.21475752790269
13.36,-3.63663609017858,-0.0956644515310163,-4.27587496216968
13.3625,-3.60097488520611,-0.0956644515310163,-4.26568872312518
13.365,-3.59588042735289,-0.0956644515310163,-4.24531624503618
13.3675,-3.60606934305932,-0.0956644515310163,-4.23513000599169
13.37,-3.58059705379326,-0.0956644515310163,-4.20966440838044
13.3725,-3.59078596949968,-0.0905687587252277,-4.20966440838044
13.375,-3.59078596949968,-0.0956644515310163,-4.19947816933594
13.3775,-3.59588042735289,-0.0956644515310163,-4.25040936455843
13.38,-3.60097488520611,-0.0956644515310163,-4.21475752790269
13.3825,-3.61116380091253,-0.0956644515310163,-4.21475752790269
13.385,-3.61625825876574,-0.0956644515310163,-4.21475752790269
13.3875,-3.62135271661895,-0.0956644515310163,-4.20457128885819
13.39,-3.63154163232537,-0.0956644515310163,-4.18929193029144
13.3925,-3.646825005885,-0.0956644515310163,-4.17401257172469
13.395,-3.65701392159142,-0.0956644515310163,-4.20457128885819
13.3975,-3.66720283729784,-0.0956644515310163,-4.20457128885819
13.4,-3.67739175300426,-0.0956644515310163,-4.19947816933594
13.4025,-3.68758066871069,-0.0956644515310163,-4.20966440838044
13.405,-3.67229729515105,-0.0956644515310163,-4.19947816933594
13.4075,-3.68758066871069,-0.0956644515310163,-4.19947816933594
13.41,-3.70286404227032,-0.0905687587252277,-4.19947816933594
13.4125,-3.69776958441711,-0.0956644515310163,-4.18929193029144
13.415,-3.68758066871069,-0.0956644515310163,-4.19947816933594
13.4175,-3.68248621085748,-0.0956644515310163,-4.18419881076919
13.42,-3.68248621085748,-0.0956644515310163,-4.18929193029144
13.4225,-3.70795850012353,-0.0956644515310163,-4.17910569124694
13.425,-3.67229729515105,-0.0905687587252277,-4.19438504981369
13.4275,-3.65701392159142,-0.0956644515310163,-4.19947816933594
13.43,-3.66210837944463,-0.0956644515310163,-4.18929193029144
13.4325,-3.65701392159142,-0.0956644515310163,-4.19438504981369
13.435,-3.67229729515105,-0.0956644515310163,-4.21475752790269
13.4375,-3.66720283729784,-0.0956644515310163,-4.19947816933594
13.44,-3.646825005885,-0.0956644515310163,-4.17401257172469
13.4425,-3.64173054803179,-0.0956644515310163,-4.19438504981369
13.445,-3.646825005885,-0.0956644515310163,-4.20457128885819
13.4475,-3.59078596949968,-0.0956644515310163,-4.24531624503618
13.45,-3.59588042735289,-0.0956644515310163,-4.21475752790269
13.4525,-3.59078596949968,-0.0956644515310163,-4.18929193029144
13.455,-3.61625825876574,-0.0956644515310163,-4.19947816933594
13.4575,-3.59078596949968,-0.0956644515310163,-4.21475752790269
13.46,-3.58569151164647,-0.0956644515310163,-4.19438504981369
13.4625,-3.57550259594005,-0.0956644515310163,-4.19947816933594
13.465,-3.57550259594005,-0.0956644515310163,-4.22494376694719
13.4675,-3.57550259594005,-0.0956644515310163,-4.21985064742494
13.47,-3.60097488520611,-0.0956644515310163,-4.21475752790269
13.4725,-3.55512476452721,-0.0956644515310163,-4.18929193029144
13.475,-3.58569151164647,-0.0956644515310163,-4.19438504981369
13.4775,-3.58059705379326,-0.0956644515310163,-4.19438504981369
13.48,-3.57550259594005,-0.0956644515310163,-4.18929193029144
13.4825,-3.58059705379326,-0.0956644515310163,-4.19947816933594
13.485,-3.58059705379326,-0.0956644515310163,-4.18929193029144
13.4875,-3.57040813808684,-0.0956644515310163,-4.20457128885819
13.49,-3.57550259594005,-0.0956644515310163,-4.19438504981369
13.4925,-3.54493584882079,-0.0956644515310163,-4.19438504981369
13.495,-3.54493584882079,-0.0956644515310163,-4.19947816933594
13.4975,-3.56021922238042,-0.0956644515310163,-4.19438504981369
13.5,-3.550030306674,-0.0956644515310163,-4.20457128885819
13.5025,-3.56021922238042,-0.0956644515310163,-4.19438504981369
13.505,-3.56531368023363,-0.0956644515310163,-4.19947816933594
13.5075,-3.57040813808684,-0.0956644515310163,-4.22494376694719
13.51,-3.56531368023363,-0.0956644515310163,-4.24022312551393
13.5125,-3.57550259594005,-0.0956644515310163,-4.22494376694719
13.515,-3.57550259594005,-0.100760144336805,-4.21475752790269
13.5175,-3.57550259594005,-0.0956644515310163,-4.21475752790269
13.52,-3.58059705379326,-0.0956644515310163,-4.21985064742494
13.5225,-3.58569151164647,-0.100760144336805,-4.18929193029144
13.525,-3.58059705379326,-0.0956644515310163,-4.21985064742494
13.5275,-3.59078596949968,-0.0956644515310163,-4.21475752790269
13.53,-3.58569151164647,-0.0956644515310163,-4.21475752790269
13.5325,-3.59078596949968,-0.0956644515310163,-4.21475752790269
13.535,-3.60097488520611,-0.0905687587252277,-4.20966440838044
13.5375,-3.61116380091253,-0.0956644515310163,-4.21475752790269
13.54,-3.61625825876574,-0.0956644515310163,-4.20966440838044
13.5425,-3.62135271661895,-0.0956644515310163,-4.17910569124694
13.545,-3.62135271661895,-0.0956644515310163,-4.20966440838044
13.5475,-3.63154163232537,-0.0956644515310163,-4.20966440838044
13.55,-3.63154163232537,-0.0956644515310163,-4.21985064742494
13.5525,-3.63663609017858,-0.0956644515310163,-4.20966440838044
13.555,-3.64173054803179,-0.0905687587252277,-4.21475752790269
13.5575,-3.66720283729784,-0.0905687587252277,-4.21475752790269
13.56,-3.65701392159142,-0.0956644515310163,-4.20966440838044
13.5625,-3.68248621085748,-0.0956644515310163,-4.20966440838044
13.565,-3.67739175300426,-0.0956644515310163,-4.20457128885819
13.5675,-3.66210837944463,-0.0956644515310163,-4.21475752790269
13.57,-3.6926751265639,-0.0956644515310163,-4.19947816933594
13.5725,-3.68758066871069,-0.0956644515310163,-4.19438504981369
13.575,-3.69776958441711,-0.0956644515310163,-4.25550248408068
13.5775,-3.6926751265639,-0.0956644515310163,-4.25040936455843
13.58,-3.70795850012353,-0.0956644515310163,-4.25550248408068
13.5825,-3.70286404227032,-0.0956644515310163,-4.22494376694719
13.585,-3.71305295797674,-0.0956644515310163,-4.21985064742494
13.5875,-3.71305295797674,-0.0905687587252277,-4.23003688646944
13.59,-3.72324187368316,-0.0956644515310163,-4.21475752790269
13.5925,-3.72833633153637,-0.0956644515310163,-4.22494376694719
13.595,-3.73343078938958,-0.0956644515310163,-4.21475752790269
13.5975,-3.73852524724279,-0.0956644515310163,-4.22494376694719
13.6,-3.71814741582995,-0.0956644515310163,-4.22494376694719
13.6025,-3.69776958441711,-0.0956644515310163,-4.21985064742494
13.605,-3.69776958441711,-0.0956644515310163,-4.21985064742494
13.6075,-3.67739175300426,-0.0956644515310163,-4.21475752790269
13.61,-3.68248621085748,-0.0956644515310163,-4.21475752790269
13.6125,-3.6926751265639,-0.0956644515310163,-4.21475752790269
13.615,-3.68758066871069,-0.0956644515310163,-4.20966440838044
13.6175,-3.6926751265639,-0.0956644515310163,-4.22494376694719
13.62,-3.69776958441711,-0.0956644515310163,-4.23513000599169
13.6225,-3.70286404227032,-0.0854730659194392,-4.21985064742494
13.625,-3.73343078938958,-0.0956644515310163,-4.21475752790269
13.6275,-3.69776958441711,-0.0956644515310163,-4.21985064742494
13.63,-3.72833633153637,-0.0956644515310163,-4.25550248408068
13.6325,-3.73343078938958,-0.0956644515310163,-4.23003688646944
13.635,-3.72833633153637,-0.0905687587252277,-4.27078184264743
13.6375,-3.76399753650884,-0.0956644515310163,-4.23513000599169
13.64,-3.76399753650884,-0.0956644515310163,-4.25550248408068
13.6425,-3.7894698257749,-0.0956644515310163,-4.26059560360293
13.645,-3.75890307865563,-0.0956644515310163,-4.22494376694719
13.6475,-3.743619705096,-0.0956644515310163,-4.23003688646944
13.65,-3.73852524724279,-0.0956644515310163,-4.25550248408068
13.6525,-3.75380862080242,-0.0956644515310163,-4.23513000599169
13.655,-3.743619705096,-0.0956644515310163,-4.24022312551393
13.6575,-3.75380862080242,-0.0956644515310163,-4.21985064742494
13.66,-3.75890307865563,-0.0956644515310163,-4.25550248408068
13.6625,-3.76399753650884,-0.0956644515310163,-4.21985064742494
13.665,-3.76399753650884,-0.0956644515310163,-4.24531624503618
13.6675,-3.76399753650884,-0.0956644515310163,-4.24531624503618
13.67,-3.76399753650884,-0.0956644515310163,-4.24531624503618
13.6725,-3.7894698257749,-0.0956644515310163,-4.24531624503618
13.675,-3.76399753650884,-0.0956644515310163,-4.24022312551393
13.6775,-3.76399753650884,-0.0956644515310163,-4.21475752790269
13.68,-3.76399753650884,-0.0956644515310163,-4.20966440838044
13.6825,-3.76399753650884,-0.0956644515310163,-4.19947816933594
13.685,-3.76399753650884,-0.0956644515310163,-4.24022312551393
13.6875,-3.78437536792169,-0.0956644515310163,-4.19947816933594
13.69,-3.7894698257749,-0.0956644515310163,-4.24022312551393
13.6925,-3.80984765718774,-0.0905687587252277,-4.23513000599169
13.695,-3.80984765718774,-0.0956644515310163,-4.23003688646944
13.6975,-3.76909199436206,-0.0956644515310163,-4.20966440838044
13.7,-3.77928091006848,-0.0956644515310163,-4.22494376694719
13.7025,-3.82003657289416,-0.0956644515310163,-4.19438504981369
13.705,-3.83022548860058,-0.0956644515310163,-4.21475752790269
13.7075,-3.78437536792169,-0.0956644515310163,-4.18419881076919
13.71,-3.80984765718774,-0.0956644515310163,-4.21475752790269
13.7125,-3.80475319933453,-0.0956644515310163,-4.20966440838044
13.715,-3.80984765718774,-0.0956644515310163,-4.21475752790269
13.7175,-3.82003657289416,-0.0956644515310163,-4.20966440838044
13.72,-3.83022548860058,-0.0956644515310163,-4.20966440838044
13.7225,-3.81494211504095,-0.0905687587252277,-4.21475752790269
13.725,-3.82513103074737,-0.0956644515310163,-4.19947816933594
13.7275,-3.79456428362811,-0.0956644515310163,-4.18419881076919
13.73,-3.79456428362811,-0.0956644515310163,-4.19438504981369
13.7325,-3.82003657289416,-0.0956644515310163,-4.19947816933594
13.735,-3.82513103074737,-0.0956644515310163,-4.19947816933594
13.7375,-3.82513103074737,-0.0956644515310163,-4.19438504981369
13.74,-3.82513103074737,-0.0956644515310163,-4.19438504981369
13.7425,-3.83022548860058,-0.0956644515310163,-4.18929193029144
13.745,-3.83022548860058,-0.0956644515310163,-4.18929193029144
13.7475,-3.83531994645379,-0.0956644515310163,-4.18929193029144
13.75,-3.92702018781158,-0.0956644515310163,-4.17910569124694
13.7525,-3.92702018781158,-0.0956644515310163,-4.19438504981369
13.755,-3.87607560927948,-0.0956644515310163,-4.17910569124694
13.7575,-3.87607560927948,-0.0956644515310163,-4.18419881076919
13.76,-3.8862645249859,-0.0956644515310163,-4.17401257172469
13.7625,-3.90154789854553,-0.0956644515310163,-4.17401257172469
13.765,-3.87098115142627,-0.0956644515310163,-4.17910569124694
13.7675,-3.87607560927948,-0.0956644515310163,-4.16891945220244
13.77,-3.87098115142627,-0.0956644515310163,-4.17401257172469
13.7725,-3.86588669357306,-0.0956644515310163,-4.19438504981369
13.775,-3.87098115142627,-0.0956644515310163,-4.21475752790269
13.7775,-3.87098115142627,-0.0956644515310163,-4.18929193029144
13.78,-3.840414404307,-0.0956644515310163,-4.18419881076919
13.7825,-3.88117006713269,-0.0956644515310163,-4.18929193029144
13.785,-3.85060332001342,-0.0956644515310163,-4.17910569124694
13.7875,-3.85060332001342,-0.0956644515310163,-4.15364009363569
13.79,-3.84550886216021,-0.0956644515310163,-4.16382633268019
13.7925,-3.840414404307,-0.0956644515310163,-4.16382633268019
13.795,-3.83531994645379,-0.0956644515310163,-4.17401257172469
13.7975,-3.83531994645379,-0.100760144336805,-4.15873321315794
13.8,-3.83022548860058,-0.0956644515310163,-4.16891945220244
13.8025,-3.82513103074737,-0.0956644515310163,-4.15873321315794
13.805,-3.82003657289416,-0.0956644515310163,-4.15873321315794
13.8075,-3.80984765718774,-0.0956644515310163,-4.15873321315794
13.81,-3.80984765718774,-0.0956644515310163,-4.16891945220244
13.8125,-3.80475319933453,-0.0956644515310163,-4.17910569124694
13.815,-3.80475319933453,-0.0956644515310163,-4.16891945220244
13.8175,-3.80475319933453,-0.0956644515310163,-4.18419881076919
13.82,-3.7894698257749,-0.0956644515310163,-4.21475752790269
13.8225,-3.77928091006848,-0.0956644515310163,-4.17401257172469
13.825,-3.77928091006848,-0.0956644515310163,-4.18419881076919
13.8275,-3.76399753650884,-0.0956644515310163,-4.14854697411344
13.83,-3.76399753650884,-0.0956644515310163,-4.15364009363569
13.8325,-3.74871416294921,-0.0956644515310163,-4.17401257172469
13.835,-3.74871416294921,-0.0956644515310163,-4.16891945220244
13.8375,-3.75380862080242,-0.0956644515310163,-4.17401257172469
13.84,-3.73343078938958,-0.0956644515310163,-4.16382633268019
13.8425,-3.72324187368316,-0.0956644515310163,-4.17401257172469
13.845,-3.72833633153637,-0.0956644515310163,-4.19947816933594
13.8475,-3.71814741582995,-0.0956644515310163,-4.15364009363569
13.85,-3.71305295797674,-0.0956644515310163,-4.15873321315794
13.8525,-3.70286404227032,-0.0956644515310163,-4.15364009363569
13.855,-3.69776958441711,-0.0956644515310163,-4.16382633268019
13.8575,-3.6926751265639,-0.0854730659194392,-4.16382633268019
13.86,-3.68758066871069,-0.0956644515310163,-4.16382633268019
13.8625,-3.68248621085748,-0.0956644515310163,-4.16891945220244
13.865,-3.67739175300426,-0.0956644515310163,-4.15873321315794
13.8675,-3.67229729515105,-0.0956644515310163,-4.16891945220244
13.87,-3.66210837944463,-0.0956644515310163,-4.15364009363569
13.8725,-3.65701392159142,-0.0956644515310163,-4.16382633268019
13.875,-3.65191946373821,-0.0956644515310163,-4.16382633268019
13.8775,-3.63154163232537,-0.0905687587252277,-4.16891945220244
13.88,-3.62644717447216,-0.0956644515310163,-4.17401257172469
13.8825,-3.62135271661895,-0.0956644515310163,-4.17401257172469
13.885,-3.61116380091253,-0.0956644515310163,-4.18419881076919
13.8875,-3.60097488520611,-0.0956644515310163,-4.17910569124694
13.89,-3.58569151164647,-0.100760144336805,-4.18419881076919
13.8925,-3.57550259594005,-0.0956644515310163,-4.18419881076919
13.895,-3.57550259594005,-0.0956644515310163,-4.18929193029144
13.8975,-3.57040813808684,-0.0956644515310163,-4.16891945220244
13.9,-3.56021922238042,-0.0956644515310163,-4.18419881076919
13.9025,-3.55512476452721,-0.0956644515310163,-4.19438504981369
13.905,-3.54493584882079,-0.0956644515310163,-4.18929193029144
13.9075,-3.54493584882079,-0.0956644515310163,-4.18419881076919
13.91,-3.52965247526116,-0.0956644515310163,-4.19438504981369
13.9125,-3.52965247526116,-0.0956644515310163,-4.18929193029144
13.915,-3.52455801740795,-0.0956644515310163,-4.22494376694719
13.9175,-3.51436910170153,-0.0956644515310163,-4.22494376694719
13.92,-3.50927464384831,-0.0956644515310163,-4.22494376694719
13.9225,-3.5041801859951,-0.0956644515310163,-4.18929193029144
13.925,-3.49399127028868,-0.0905687587252277,-4.18419881076919
13.9275,-3.53474693311437,-0.0956644515310163,-4.18929193029144
13.93,-3.52455801740795,-0.0956644515310163,-4.18419881076919
13.9325,-3.49399127028868,-0.0956644515310163,-4.18929193029144
13.935,-3.48380235458226,-0.0956644515310163,-4.18929193029144
13.9375,-3.49399127028868,-0.0956644515310163,-4.18929193029144
13.94,-3.48380235458226,-0.0956644515310163,-4.19947816933594
13.9425,-3.48380235458226,-0.0905687587252277,-4.19438504981369
13.945,-3.47870789672905,-0.0956644515310163,-4.20966440838044
13.9475,-3.48380235458226,-0.0956644515310163,-4.19947816933594
13.95,-3.47361343887584,-0.0956644515310163,-4.20457128885819
13.9525,-3.47870789672905,-0.0956644515310163,-4.20966440838044
13.955,-3.49908572814189,-0.0956644515310163,-4.20457128885819
13.9575,-3.46342452316942,-0.0956644515310163,-4.21475752790269
13.96,-3.45833006531621,-0.0956644515310163,-4.20966440838044
13.9625,-3.48889681243547,-0.0956644515310163,-4.21475752790269
13.965,-3.48889681243547,-0.100760144336805,-4.21985064742494
13.9675,-3.46851898102263,-0.0956644515310163,-4.21475752790269
13.97,-3.46851898102263,-0.0956644515310163,-4.19947816933594
13.9725,-3.46851898102263,-0.0905687587252277,-4.21475752790269
13.975,-3.47361343887584,-0.0905687587252277,-4.22494376694719
13.9775,-3.46851898102263,-0.0956644515310163,-4.22494376694719
13.98,-3.46851898102263,-0.0956644515310163,-4.22494376694719
13.9825,-3.48889681243547,-0.0956644515310163,-4.23003688646944
13.985,-3.46851898102263,-0.0956644515310163,-4.23003688646944
13.9875,-3.46851898102263,-0.0956644515310163,-4.23003688646944
13.99,-3.47361343887584,-0.0956644515310163,-4.23003688646944
13.9925,-3.47870789672905,-0.0905687587252277,-4.22494376694719
13.995,-3.47870789672905,-0.0956644515310163,-4.23003688646944
13.9975,-3.47361343887584,-0.0956644515310163,-4.24531624503618
14,-3.47361343887584,-0.0956644515310163,-4.23003688646944
14.0025,-3.46851898102263,-0.0956644515310163,-4.25040936455843
14.005,-3.47361343887584,-0.0956644515310163,-4.25550248408068
14.0075,-3.47870789672905,-0.0956644515310163,-4.23003688646944
14.01,-3.47870789672905,-0.0956644515310163,-4.19947816933594
14.0125,-3.47361343887584,-0.0956644515310163,-4.23513000599169
14.015,-3.47870789672905,-0.0956644515310163,-4.23003688646944
14.0175,-3.46851898102263,-0.0956644515310163,-4.23003688646944
14.02,-3.46851898102263,-0.0905687587252277,-4.23003688646944
14.0225,-3.46851898102263,-0.0956644515310163,-4.22494376694719
14.025,-3.46851898102263,-0.0956644515310163,-4.23513000599169
14.0275,-3.46342452316942,-0.0956644515310163,-4.22494376694719
14.03,-3.46851898102263,-0.0956644515310163,-4.23003688646944
14.0325,-3.46342452316942,-0.0956644515310163,-4.23003688646944
14.035,-3.46851898102263,-0.100760144336805,-4.22494376694719
14.0375,-3.45833006531621,-0.0956644515310163,-4.22494376694719
14.04,-3.45833006531621,-0.0956644515310163,-4.24022312551393
14.0425,-3.453235607463,-0.0956644515310163,-4.22494376694719
14.045,-3.453235607463,-0.0956644515310163,-4.21475752790269
14.0475,-3.42266886034373,-0.0956644515310163,-4.21475752790269
14.05,-3.453235607463,-0.0956644515310163,-4.21985064742494
14.0525,-3.44814114960979,-0.0905687587252277,-4.21475752790269
14.055,-3.44814114960979,-0.0854730659194392,-4.21985064742494
14.0575,-3.44304669175658,-0.0905687587252277,-4.21475752790269
14.06,-3.44814114960979,-0.0956644515310163,-4.18929193029144
14.0625,-3.43795223390337,-0.0956644515310163,-4.20966440838044
14.065,-3.44814114960979,-0.0956644515310163,-4.20457128885819
14.0675,-3.44304669175658,-0.0956644515310163,-4.23513000599169
14.07,-3.44814114960979,-0.0956644515310163,-4.19438504981369
14.0725,-3.43795223390337,-0.0905687587252277,-4.23003688646944
14.075,-3.453235607463,-0.0956644515310163,-4.24022312551393
14.0775,-3.453235607463,-0.0956644515310163,-4.25040936455843
14.08,-3.45833006531621,-0.0956644515310163,-4.21475752790269
14.0825,-3.45833006531621,-0.0956644515310163,-4.21475752790269
14.085,-3.46342452316942,-0.0956644515310163,-4.24531624503618
14.0875,-3.46851898102263,-0.0956644515310163,-4.20966440838044
14.09,-3.47361343887584,-0.0956644515310163,-4.18419881076919
14.0925,-3.47361343887584,-0.0956644515310163,-4.23003688646944
14.095,-3.48380235458226,-0.0956644515310163,-4.22494376694719
14.0975,-3.47870789672905,-0.0956644515310163,-4.23003688646944
14.1,-3.5041801859951,-0.0956644515310163,-4.21475752790269
14.1025,-3.5041801859951,-0.0956644515310163,-4.19947816933594
14.105,-3.50927464384831,-0.0956644515310163,-4.18419881076919
14.1075,-3.51946355955474,-0.0956644515310163,-4.18929193029144
14.11,-3.51946355955474,-0.0956644515310163,-4.19947816933594
14.1125,-3.52455801740795,-0.0956644515310163,-4.16891945220244
14.115,-3.52455801740795,-0.100760144336805,-4.20457128885819
14.1175,-3.53474693311437,-0.0956644515310163,-4.19438504981369
14.12,-3.51436910170153,-0.0956644515310163,-4.16891945220244
14.1225,-3.51946355955474,-0.0956644515310163,-4.18929193029144
14.125,-3.49908572814189,-0.0956644515310163,-4.19947816933594
14.1275,-3.52965247526116,-0.0956644515310163,-4.20966440838044
14.13,-3.53474693311437,-0.0956644515310163,-4.16891945220244
14.1325,-3.56531368023363,-0.0956644515310163,-4.16891945220244
14.135,-3.52455801740795,-0.0905687587252277,-4.16891945220244
14.1375,-3.54493584882079,-0.0956644515310163,-4.16382633268019
14.14,-3.53984139096758,-0.0956644515310163,-4.16891945220244
14.1425,-3.55512476452721,-0.0956644515310163,-4.15873321315794
14.145,-3.550030306674,-0.0956644515310163,-4.15873321315794
14.1475,-3.56021922238042,-0.0956644515310163,-4.15873321315794
14.15,-3.56021922238042,-0.0956644515310163,-4.15364009363569
14.1525,-3.59588042735289,-0.0905687587252277,-4.15873321315794
14.155,-3.56021922238042,-0.0956644515310163,-4.15364009363569
14.1575,-3.59588042735289,-0.0956644515310163,-4.15873321315794
14.16,-3.60097488520611,-0.0956644515310163,-4.15364009363569
14.1625,-3.58569151164647,-0.0956644515310163,-4.14854697411344
14.165,-3.61116380091253,-0.0956644515310163,-4.15364009363569
14.1675,-3.63154163232537,-0.0956644515310163,-4.14854697411344
14.17,-3.61116380091253,-0.0956644515310163,-4.16382633268019
14.1725,-3.62644717447216,-0.0956644515310163,-4.15364009363569
14.175,-3.64173054803179,-0.0956644515310163,-4.12817449602444
14.1775,-3.646825005885,-0.0956644515310163,-4.15873321315794
14.18,-3.68758066871069,-0.0956644515310163,-4.15364009363569
14.1825,-3.69776958441711,-0.0956644515310163,-4.15873321315794
14.185,-3.71305295797674,-0.0956644515310163,-4.15364009363569
14.1875,-3.743619705096,-0.0956644515310163,-4.18419881076919
14.19,-3.75380862080242,-0.0956644515310163,-4.18419881076919
14.1925,-3.76909199436206,-0.0956644515310163,-4.17910569124694
14.195,-3.77928091006848,-0.0956644515310163,-4.18929193029144
14.1975,-3.76909199436206,-0.0956644515310163,-4.15364009363569
14.2,-3.78437536792169,-0.0905687587252277,-4.16382633268019
14.2025,-3.7894698257749,-0.0905687587252277,-4.12817449602444
14.205,-3.80475319933453,-0.0956644515310163,-4.15364009363569
14.2075,-3.81494211504095,-0.0956644515310163,-4.13326761554669
14.21,-3.83022548860058,-0.0956644515310163,-4.12308137650219
14.2125,-3.83531994645379,-0.0956644515310163,-4.15873321315794
14.215,-3.84550886216021,-0.105855837142594,-4.15364009363569
14.2175,-3.85060332001342,-0.0956644515310163,-4.14854697411344
14.22,-3.86079223571985,-0.0956644515310163,-4.19438504981369
14.2225,-3.87098115142627,-0.0956644515310163,-4.17910569124694
14.225,-3.87607560927948,-0.0956644515310163,-4.18929193029144
14.2275,-3.8862645249859,-0.0956644515310163,-4.16891945220244
14.23,-3.89645344069232,-0.0956644515310163,-4.15364009363569
14.2325,-3.89645344069232,-0.0956644515310163,-4.13326761554669
14.235,-3.91173681425195,-0.0956644515310163,-4.13326761554669
14.2375,-3.91173681425195,-0.0956644515310163,-4.14345385459119
14.24,-3.92702018781158,-0.0956644515310163,-4.13326761554669
14.2425,-3.92702018781158,-0.0956644515310163,-4.14345385459119
14.245,-3.94230356137122,-0.0956644515310163,-4.13836073506894
14.2475,-3.94230356137122,-0.0956644515310163,-4.13836073506894
14.25,-3.95758693493085,-0.0956644515310163,-4.14854697411344
14.2525,-3.95758693493085,-0.0905687587252277,-4.14345385459119
14.255,-3.93720910351801,-0.0956644515310163,-4.15364009363569
14.2575,-3.93720910351801,-0.0956644515310163,-4.14854697411344
14.26,-3.97287030849048,-0.0956644515310163,-4.15364009363569
14.2625,-3.96777585063727,-0.0956644515310163,-4.15873321315794
14.265,-3.97287030849048,-0.0956644515310163,-4.17401257172469
14.2675,-3.96777585063727,-0.0905687587252277,-4.16382633268019
14.27,-3.97287030849048,-0.0956644515310163,-4.13326761554669
14.2725,-3.95758693493085,-0.0956644515310163,-4.14345385459119
14.275,-3.97287030849048,-0.0956644515310163,-4.13836073506894
14.2775,-3.95758693493085,-0.100760144336805,-4.14345385459119
14.28,-3.96777585063727,-0.0956644515310163,-4.14854697411344
14.2825,-3.95758693493085,-0.0956644515310163,-4.13836073506894
14.285,-3.95758693493085,-0.0905687587252277,-4.14345385459119
14.2875,-3.95758693493085,-0.0956644515310163,-4.14345385459119
14.29,-3.95758693493085,-0.100760144336805,-4.14345385459119
14.2925,-3.94739801922443,-0.0956644515310163,-4.15364009363569
14.295,-3.95758693493085,-0.0956644515310163,-4.14345385459119
14.2975,-3.97287030849048,-0.0956644515310163,-4.15364009363569
14.3,-3.97796476634369,-0.0956644515310163,-4.13836073506894
14.3025,-3.97796476634369,-0.0956644515310163,-4.14854697411344
14.305,-3.97287030849048,-0.0956644515310163,-4.14345385459119
14.3075,-3.93211464566479,-0.0956644515310163,-4.14345385459119
14.31,-3.92702018781158,-0.0956644515310163,-4.14854697411344
14.3125,-3.93211464566479,-0.0905687587252277,-4.14345385459119
14.315,-3.93211464566479,-0.0854730659194392,-4.14345385459119
14.3175,-3.93211464566479,-0.0956644515310163,-4.14854697411344
14.32,-3.93720910351801,-0.0956644515310163,-4.14345385459119
14.3225,-3.96777585063727,-0.0956644515310163,-4.15364009363569
14.325,-3.96268139278406,-0.0956644515310163,-4.14345385459119
14.3275,-3.91683127210516,-0.0956644515310163,-4.14854697411344
14.33,-3.93720910351801,-0.0956644515310163,-4.14345385459119
14.3325,-3.94230356137122,-0.0905687587252277,-4.14345385459119
14.335,-3.94230356137122,-0.0956644515310163,-4.14854697411344
14.3375,-3.94739801922443,-0.0905687587252277,-4.14345385459119
14.34,-3.91683127210516,-0.0956644515310163,-4.15364009363569
14.3425,-3.92192572995837,-0.0956644515310163,-4.14854697411344
14.345,-3.91683127210516,-0.0905687587252277,-4.15364009363569
14.3475,-3.92702018781158,-0.0956644515310163,-4.15364009363569
14.35,-3.92702018781158,-0.0956644515310163,-4.14854697411344
14.3525,-3.92702018781158,-0.0956644515310163,-4.15873321315794
14.355,-3.92702018781158,-0.0956644515310163,-4.14854697411344
14.3575,-3.92702018781158,-0.0956644515310163,-4.15364009363569
14.36,-3.92192572995837,-0.0956644515310163,-4.14345385459119
14.3625,-3.92192572995837,-0.0956644515310163,-4.13836073506894
14.365,-3.91173681425195,-0.0956644515310163,-4.14345385459119
14.3675,-3.91683127210516,-0.0956644515310163,-4.13326761554669
14.37,-3.91173681425195,-0.0956644515310163,-4.15364009363569
14.3725,-3.90664235639874,-0.0956644515310163,-4.14345385459119
14.375,-3.90664235639874,-0.0956644515310163,-4.14854697411344
14.3775,-3.91173681425195,-0.0956644515310163,-4.11798825697995
14.38,-3.90664235639874,-0.0956644515310163,-4.14345385459119
14.3825,-3.90664235639874,-0.0956644515310163,-4.14854697411344
14.385,-3.90664235639874,-0.0956644515310163,-4.14345385459119
14.3875,-3.90664235639874,-0.0956644515310163,-4.12308137650219
14.39,-3.89135898283911,-0.0956644515310163,-4.14854697411344
14.3925,-3.89135898283911,-0.0956644515310163,-4.14854697411344
14.395,-3.88117006713269,-0.0956644515310163,-4.15364009363569
14.3975,-3.8862645249859,-0.0956644515310163,-4.14345385459119
14.4,-3.87098115142627,-0.0956644515310163,-4.15873321315794
14.4025,-3.87098115142627,-0.0956644515310163,-4.14854697411344
14.405,-3.86588669357306,-0.0956644515310163,-4.15364009363569
14.4075,-3.86079223571985,-0.0956644515310163,-4.1027088984132
14.41,-3.86079223571985,-0.0956644515310163,-4.12817449602444
14.4125,-3.85060332001342,-0.0956644515310163,-4.13836073506894
14.415,-3.84550886216021,-0.0956644515310163,-4.16382633268019
14.4175,-3.840414404307,-0.0905687587252277,-4.16891945220244
14.42,-3.83531994645379,-0.0956644515310163,-4.16891945220244
14.4225,-3.82513103074737,-0.0956644515310163,-4.09761577889095
14.425,-3.82003657289416,-0.0956644515310163,-4.1027088984132
14.4275,-3.81494211504095,-0.0956644515310163,-4.09761577889095
14.43,-3.82513103074737,-0.0956644515310163,-4.12817449602444
14.4325,-3.79965874148132,-0.0956644515310163,-4.09761577889095
14.435,-3.79965874148132,-0.0956644515310163,-4.12817449602444
14.4375,-3.77928091006848,-0.0956644515310163,-4.12817449602444
14.44,-3.77418645221527,-0.0956644515310163,-4.15364009363569
14.4425,-3.75380862080242,-0.0956644515310163,-4.13326761554669
14.445,-3.74871416294921,-0.0956644515310163,-4.0925226593687
14.4475,-3.73852524724279,-0.0956644515310163,-4.13326761554669
14.45,-3.72833633153637,-0.0956644515310163,-4.12817449602444
14.4525,-3.71305295797674,-0.0956644515310163,-4.15364009363569
14.455,-3.69776958441711,-0.0956644515310163,-4.1027088984132
14.4575,-3.71305295797674,-0.0956644515310163,-4.12308137650219
14.46,-3.70795850012353,-0.0956644515310163,-4.16382633268019
14.4625,-3.70286404227032,-0.0956644515310163,-4.15364009363569
14.465,-3.64173054803179,-0.0956644515310163,-4.18419881076919
14.4675,-3.62135271661895,-0.0905687587252277,-4.15873321315794
14.47,-3.61625825876574,-0.0956644515310163,-4.12817449602444
14.4725,-3.60097488520611,-0.0956644515310163,-4.24022312551393
14.475,-3.58569151164647,-0.0956644515310163,-4.25550248408068
14.4775,-3.57550259594005,-0.0956644515310163,-4.26059560360293
14.48,-3.56531368023363,-0.0956644515310163,-4.22494376694719
14.4825,-3.550030306674,-0.0956644515310163,-4.21475752790269
14.485,-3.550030306674,-0.0956644515310163,-4.24531624503618
14.4875,-3.52965247526116,-0.0956644515310163,-4.24022312551393
14.49,-3.51946355955474,-0.0956644515310163,-4.24022312551393
14.4925,-3.50927464384831,-0.0956644515310163,-4.23513000599169
14.495,-3.49908572814189,-0.0905687587252277,-4.23003688646944
14.4975,-3.48889681243547,-0.0956644515310163,-4.26568872312518
14.5,-3.5041801859951,-0.0956644515310163,-4.25040936455843
14.5025,-3.46342452316942,-0.100760144336805,-4.26568872312518
14.505,-3.44304669175658,-0.0956644515310163,-4.23003688646944
14.5075,-3.44304669175658,-0.0956644515310163,-4.26059560360293
14.51,-3.42776331819694,-0.0956644515310163,-4.25550248408068
14.5125,-3.43285777605016,-0.0956644515310163,-4.25040936455843
14.515,-3.41757440249052,-0.0956644515310163,-4.21985064742494
14.5175,-3.453235607463,-0.0905687587252277,-4.18419881076919
14.52,-3.39210211322447,-0.0956644515310163,-4.21985064742494
14.5225,-3.39210211322447,-0.0956644515310163,-4.21475752790269
14.525,-3.38191319751805,-0.0956644515310163,-4.21475752790269
14.5275,-3.38700765537126,-0.0956644515310163,-4.19438504981369
14.53,-3.38700765537126,-0.0905687587252277,-4.19438504981369
14.5325,-3.38700765537126,-0.0956644515310163,-4.23003688646944
14.535,-3.38191319751805,-0.0956644515310163,-4.20457128885819
14.5375,-3.38191319751805,-0.0956644515310163,-4.23003688646944
14.54,-3.37681873966484,-0.0956644515310163,-4.25550248408068
14.5425,-3.38191319751805,-0.0905687587252277,-4.25040936455843
14.545,-3.37681873966484,-0.0956644515310163,-4.23513000599169
14.5475,-3.38191319751805,-0.0956644515310163,-4.17910569124694
14.55,-3.41247994463731,-0.0956644515310163,-4.23003688646944
14.5525,-3.37172428181163,-0.0956644515310163,-4.25550248408068
14.555,-3.37681873966484,-0.0956644515310163,-4.25040936455843
14.5575,-3.40229102893089,-0.0956644515310163,-4.23003688646944
14.56,-3.41247994463731,-0.0956644515310163,-4.22494376694719
14.5625,-3.39210211322447,-0.0956644515310163,-4.23003688646944
14.565,-3.39719657107768,-0.0956644515310163,-4.23003688646944
14.5675,-3.40229102893089,-0.0956644515310163,-4.22494376694719
14.57,-3.41247994463731,-0.0956644515310163,-4.23003688646944
14.5725,-3.42266886034373,-0.0956644515310163,-4.19438504981369
14.575,-3.42776331819694,-0.0956644515310163,-4.23003688646944
14.5775,-3.43795223390337,-0.0905687587252277,-4.23003688646944
14.58,-3.45833006531621,-0.0956644515310163,-4.23003688646944
14.5825,-3.46342452316942,-0.0956644515310163,-4.18419881076919
14.585,-3.47870789672905,-0.0956644515310163,-4.20966440838044
14.5875,-3.48380235458226,-0.0956644515310163,-4.24022312551393
14.59,-3.49908572814189,-0.0956644515310163,-4.23513000599169
14.5925,-3.5041801859951,-0.0905687587252277,-4.21475752790269
14.595,-3.51946355955474,-0.100760144336805,-4.22494376694719
14.5975,-3.52965247526116,-0.0956644515310163,-4.25040936455843
14.6,-3.54493584882079,-0.0956644515310163,-4.26059560360293
14.6025,-3.55512476452721,-0.0956644515310163,-4.25550248408068
14.605,-3.57550259594005,-0.0956644515310163,-4.25550248408068
14.6075,-3.58059705379326,-0.0956644515310163,-4.25550248408068
14.61,-3.64173054803179,-0.0956644515310163,-4.25550248408068
14.6125,-3.61625825876574,-0.0956644515310163,-4.26059560360293
14.615,-3.64173054803179,-0.100760144336805,-4.25550248408068
14.6175,-3.64173054803179,-0.0956644515310163,-4.26059560360293
14.62,-3.65191946373821,-0.0956644515310163,-4.25040936455843
14.6225,-3.65701392159142,-0.0956644515310163,-4.22494376694719
14.625,-3.65701392159142,-0.0956644515310163,-4.25040936455843
14.6275,-3.63663609017858,-0.0956644515310163,-4.24531624503618
14.63,-3.66210837944463,-0.0956644515310163,-4.27587496216968
14.6325,-3.66210837944463,-0.0956644515310163,-4.24022312551393
14.635,-3.65701392159142,-0.0956644515310163,-4.26568872312518
14.6375,-3.66210837944463,-0.0956644515310163,-4.27078184264743
14.64,-3.68248621085748,-0.0956644515310163,-4.25550248408068
14.6425,-3.66720283729784,-0.0956644515310163,-4.20966440838044
14.645,-3.64173054803179,-0.0956644515310163,-4.22494376694719
14.6475,-3.62644717447216,-0.0956644515310163,-4.23003688646944
14.65,-3.62644717447216,-0.0956644515310163,-4.24531624503618
14.6525,-3.62644717447216,-0.0956644515310163,-4.24531624503618
14.655,-3.62644717447216,-0.0956644515310163,-4.24022312551393
14.6575,-3.62644717447216,-0.0956644515310163,-4.24022312551393
14.66,-3.62644717447216,-0.0956644515310163,-4.25040936455843
14.6625,-3.63154163232537,-0.0956644515310163,-4.24531624503618
14.665,-3.62644717447216,-0.0956644515310163,-4.24022312551393
14.6675,-3.63154163232537,-0.0956644515310163,-4.24022312551393
14.67,-3.63154163232537,-0.0956644515310163,-4.23003688646944
14.6725,-3.63154163232537,-0.0956644515310163,-4.23513000599169
14.675,-3.63154163232537,-0.0956644515310163,-4.19947816933594
14.6775,-3.63154163232537,-0.0956644515310163,-4.20457128885819
14.68,-3.63663609017858,-0.0956644515310163,-4.20457128885819
14.6825,-3.66720283729784,-0.0956644515310163,-4.22494376694719
14.685,-3.64173054803179,-0.0956644515310163,-4.17401257172469
14.6875,-3.65701392159142,-0.0956644515310163,-4.21475752790269
14.69,-3.66210837944463,-0.0956644515310163,-4.24022312551393
14.6925,-3.66210837944463,-0.0956644515310163,-4.23513000599169
14.695,-3.66720283729784,-0.0854730659194392,-4.19947816933594
14.6975,-3.68248621085748,-0.0956644515310163,-4.20457128885819
14.7,-3.68248621085748,-0.0956644515310163,-4.19438504981369
14.7025,-3.69776958441711,-0.0956644515310163,-4.19947816933594
14.705,-3.70286404227032,-0.0956644515310163,-4.18419881076919
14.7075,-3.71305295797674,-0.0956644515310163,-4.18929193029144
14.71,-3.71814741582995,-0.0956644515310163,-4.23003688646944
14.7125,-3.73852524724279,-0.0956644515310163,-4.18929193029144
14.715,-3.743619705096,-0.0956644515310163,-4.21475752790269
14.7175,-3.75380862080242,-0.0956644515310163,-4.20457128885819
14.72,-3.75890307865563,-0.0956644515310163,-4.20457128885819
14.7225,-3.77418645221527,-0.0956644515310163,-4.19947816933594
14.725,-3.77928091006848,-0.0905687587252277,-4.15873321315794
14.7275,-3.7894698257749,-0.0956644515310163,-4.30134055978093
14.73,-3.79456428362811,-0.0956644515310163,-4.29624744025868
14.7325,-3.81494211504095,-0.0956644515310163,-4.16891945220244
14.735,-3.82003657289416,-0.0956644515310163,-4.16891945220244
14.7375,-3.82513103074737,-0.0905687587252277,-4.12817449602444
14.74,-3.83531994645379,-0.0956644515310163,-4.18929193029144
14.7425,-3.85060332001342,-0.0956644515310163,-4.25550248408068
14.745,-3.85060332001342,-0.0956644515310163,-4.18929193029144
14.7475,-3.86588669357306,-0.0956644515310163,-4.16382633268019
14.75,-3.87607560927948,-0.0956644515310163,-4.15873321315794
14.7525,-3.88117006713269,-0.0905687587252277,-4.16382633268019
14.755,-3.89135898283911,-0.0956644515310163,-4.15364009363569
14.7575,-3.90664235639874,-0.0956644515310163,-4.18419881076919
14.76,-3.91173681425195,-0.0956644515310163,-4.23003688646944
14.7625,-3.92702018781158,-0.0956644515310163,-4.21985064742494
14.765,-3.94230356137122,-0.0956644515310163,-4.22494376694719
14.7675,-3.95249247707764,-0.0956644515310163,-4.15364009363569
14.77,-3.96268139278406,-0.0956644515310163,-4.23003688646944
14.7725,-3.97287030849048,-0.0956644515310163,-4.18929193029144
14.775,-3.98815368205011,-0.0956644515310163,-4.18419881076919
14.7775,-3.99324813990332,-0.0956644515310163,-4.17910569124694
14.78,-4.00343705560974,-0.0956644515310163,-4.14345385459119
14.7825,-4.00853151346295,-0.0956644515310163,-4.15364009363569
14.785,-4.02381488702258,-0.0956644515310163,-4.12308137650219
14.7875,-4.00343705560974,-0.0956644515310163,-4.19947816933594
14.79,-4.03909826058222,-0.0956644515310163,-4.16891945220244
14.7925,-4.04419271843543,-0.0956644515310163,-4.15873321315794
14.795,-4.05438163414185,-0.0956644515310163,-4.16891945220244
14.7975,-4.05438163414185,-0.0956644515310163,-4.15364009363569
14.8,-4.06966500770148,-0.0956644515310163,-4.15364009363569
14.8025,-4.06966500770148,-0.0956644515310163,-4.14854697411344
14.805,-4.0798539234079,-0.0956644515310163,-4.15364009363569
14.8075,-4.07475946555469,-0.100760144336805,-4.13326761554669
14.81,-4.09004283911432,-0.0956644515310163,-4.12817449602444
14.8125,-4.08494838126111,-0.0956644515310163,-4.12817449602444
14.815,-4.09004283911432,-0.0956644515310163,-4.16891945220244
14.8175,-4.09004283911432,-0.0956644515310163,-4.16891945220244
14.82,-4.09513729696753,-0.0956644515310163,-4.16891945220244
14.8225,-4.09513729696753,-0.0956644515310163,-4.16382633268019
14.825,-4.09513729696753,-0.0956644515310163,-4.16891945220244
14.8275,-4.09004283911432,-0.0956644515310163,-4.15873321315794
14.83,-4.09004283911432,-0.0956644515310163,-4.18929193029144
14.8325,-4.08494838126111,-0.0956644515310163,-4.18419881076919
14.835,-4.09004283911432,-0.0956644515310163,-4.17401257172469
14.8375,-4.07475946555469,-0.0956644515310163,-4.15873321315794
14.84,-4.0798539234079,-0.0956644515310163,-4.15364009363569
14.8425,-4.06966500770148,-0.0956644515310163,-4.16891945220244
14.845,-4.06966500770148,-0.0905687587252277,-4.16382633268019
14.8475,-4.03909826058222,-0.0956644515310163,-4.15873321315794
14.85,-4.06457054984827,-0.0956644515310163,-4.16891945220244
14.8525,-4.05947609199506,-0.0956644515310163,-4.13326761554669
14.855,-4.05438163414185,-0.0956644515310163,-4.16891945220244
14.8575,-4.03400380272901,-0.0956644515310163,-4.16382633268019
14.86,-4.05438163414185,-0.0956644515310163,-4.15873321315794
14.8625,-3.99324813990332,-0.0956644515310163,-4.14345385459119
14.865,-3.99834259775653,-0.0956644515310163,-4.15873321315794
14.8675,-3.97796476634369,-0.0956644515310163,-4.16891945220244
14.87,-3.97287030849048,-0.0905687587252277,-4.16382633268019
14.8725,-3.95758693493085,-0.0956644515310163,-4.16891945220244
14.875,-3.94230356137122,-0.0956644515310163,-4.16891945220244
14.8775,-3.92192572995837,-0.0956644515310163,-4.16891945220244
14.88,-3.93720910351801,-0.0956644515310163,-4.17401257172469
14.8825,-3.92702018781158,-0.0956644515310163,-4.16891945220244
14.885,-3.92192572995837,-0.0905687587252277,-4.17401257172469
14.8875,-3.92192572995837,-0.0956644515310163,-4.17910569124694
14.89,-0.0959878821972175,-0.0956644515310163,-4.17401257172469
14.8925,-0.0908934243440065,-0.0956644515310163,-4.18419881076919
14.895,-0.0908934243440065,-0.0956644515310163,-4.17910569124694
14.8975,-0.0908934243440065,-0.0956644515310163,-4.18419881076919
14.9,-0.0959878821972175,-0.0956644515310163,-4.21475752790269
14.9025,-0.0908934243440065,-0.0956644515310163,-4.20966440838044
14.905,-0.0908934243440065,-0.0956644515310163,-4.24531624503618
14.9075,-0.0959878821972175,-0.0956644515310163,-4.23003688646944
14.91,-0.0959878821972175,-0.0956644515310163,-4.21985064742494
14.9125,-0.0959878821972175,-0.0956644515310163,-4.18419881076919
14.915,-0.0908934243440065,-0.0956644515310163,-4.18929193029144
14.9175,-0.0959878821972175,-0.0956644515310163,-4.21475752790269
14.92,-3.62135271661895,-0.0956644515310163,-4.20457128885819
14.9225,-3.61116380091253,-0.0956644515310163,-4.21475752790269
14.925,-3.60097488520611,-0.0956644515310163,-4.20966440838044
14.9275,-3.59078596949968,-0.0956644515310163,-4.21475752790269
14.93,-3.58569151164647,-0.0905687587252277,-4.21475752790269
14.9325,-3.58059705379326,-0.0956644515310163,-4.20966440838044
14.935,-3.57550259594005,-0.0956644515310163,-4.22494376694719
14.9375,-3.57040813808684,-0.0956644515310163,-4.22494376694719
14.94,-3.56531368023363,-0.0956644515310163,-4.23003688646944
14.9425,-3.55512476452721,-0.0956644515310163,-4.23003688646944
14.945,-3.550030306674,-0.0956644515310163,-4.22494376694719
14.9475,-3.54493584882079,-0.0956644515310163,-4.23513000599169
14.95,-3.54493584882079,-0.0956644515310163,-4.23003688646944
14.9525,-3.52965247526116,-0.0956644515310163,-4.18419881076919
14.955,-3.52455801740795,-0.0956644515310163,-4.20966440838044
14.9575,-3.5041801859951,-0.0956644515310163,-4.20966440838044
14.96,-3.49908572814189,-0.0956644515310163,-4.21475752790269
14.9625,-3.48889681243547,-0.0956644515310163,-4.20966440838044
14.965,-3.48889681243547,-0.0956644515310163,-4.24022312551393
14.9675,-3.47361343887584,-0.0956644515310163,-4.24022312551393
14.97,-3.47361343887584,-0.100760144336805,-4.24022312551393
14.9725,-3.45833006531621,-0.0956644515310163,-4.27078184264743
14.975,-3.45833006531621,-0.0956644515310163,-4.23003688646944
14.9775,-3.453235607463,-0.0956644515310163,-4.23513000599169
14.98,-3.44814114960979,-0.0956644515310163,-4.21985064742494
14.9825,-3.42776331819694,-0.0905687587252277,-4.22494376694719
14.985,-3.42776331819694,-0.0956644515310163,-4.23003688646944
14.9875,-3.42266886034373,-0.0956644515310163,-4.22494376694719
14.99,-3.42266886034373,-0.0956644515310163,-4.23003688646944
14.9925,-3.41757440249052,-0.0956644515310163,-4.23003688646944
14.995,-3.41757440249052,-0.0905687587252277,-4.26059560360293
14.9975,-3.4073854867841,-0.0905687587252277,-4.24022312551393
15,-3.4073854867841,-0.0956644515310163,-4.21475752790269
15.0025,-3.40229102893089,-0.0956644515310163,-4.22494376694719
15.005,-3.39719657107768,-0.0956644515310163,-4.21475752790269
15.0075,-3.38700765537126,-0.0956644515310163,-4.21985064742494
15.01,-3.39210211322447,-0.0956644515310163,-4.21475752790269
15.0125,-3.38700765537126,-0.0905687587252277,-4.24531624503618
15.015,-3.38191319751805,-0.0956644515310163,-4.25040936455843
15.0175,-3.38191319751805,-0.0956644515310163,-4.25040936455843
15.02,-3.37681873966484,-0.0956644515310163,-4.25550248408068
15.0225,-3.36153536610521,-0.0956644515310163,-4.25040936455843
15.025,-3.37172428181163,-0.0956644515310163,-4.25040936455843
15.0275,-3.36662982395842,-0.0956644515310163,-4.25040936455843
15.03,-3.36662982395842,-0.0854730659194392,-4.24022312551393
15.0325,-3.36662982395842,-0.0956644515310163,-4.25040936455843
15.035,-3.36153536610521,-0.0956644515310163,-4.24022312551393
15.0375,-3.36153536610521,-0.0956644515310163,-4.27078184264743
15.04,-3.356440908252,-0.0956644515310163,-4.23513000599169
15.0425,-3.356440908252,-0.0956644515310163,-4.23513000599169
15.045,-3.34625199254558,-0.0956644515310163,-4.23513000599169
15.0475,-3.356440908252,-0.0956644515310163,-4.23003688646944
15.05,-3.35134645039879,-0.100760144336805,-4.21475752790269
15.0525,-3.356440908252,-0.0956644515310163,-4.20966440838044
15.055,-3.356440908252,-0.0956644515310163,-4.23003688646944
15.0575,-3.36153536610521,-0.0956644515310163,-4.23513000599169
15.06,-3.36153536610521,-0.0905687587252277,-4.22494376694719
15.0625,-3.37172428181163,-0.0956644515310163,-4.23513000599169
15.065,-3.36662982395842,-0.0956644515310163,-4.22494376694719
15.0675,-3.37681873966484,-0.0956644515310163,-4.23003688646944
15.07,-3.37172428181163,-0.0956644515310163,-4.23003688646944
15.0725,-3.38191319751805,-0.0905687587252277,-4.22494376694719
15.075,-3.38191319751805,-0.0905687587252277,-4.23003688646944
15.0775,-3.39210211322447,-0.0956644515310163,-4.21475752790269
15.08,-3.39210211322447,-0.0956644515310163,-4.22494376694719
15.0825,-3.40229102893089,-0.0956644515310163,-4.21475752790269
15.085,-3.40229102893089,-0.0956644515310163,-4.26059560360293
15.0875,-3.41757440249052,-0.0956644515310163,-4.26059560360293
15.09,-3.41757440249052,-0.0956644515310163,-4.22494376694719
15.0925,-3.42776331819694,-0.0956644515310163,-4.26059560360293
15.095,-3.42776331819694,-0.0905687587252277,-4.22494376694719
15.0975,-3.44304669175658,-0.0956644515310163,-4.22494376694719
15.1,-3.44814114960979,-0.0956644515310163,-4.19947816933594
15.1025,-3.46342452316942,-0.0956644515310163,-4.19438504981369
15.105,-3.46342452316942,-0.0956644515310163,-4.26568872312518
15.1075,-3.48380235458226,-0.0956644515310163,-4.25550248408068
15.11,-3.49399127028868,-0.0956644515310163,-4.22494376694719
15.1125,-3.52455801740795,-0.0956644515310163,-4.21985064742494
15.115,-3.50927464384831,-0.0956644515310163,-4.24022312551393
15.1175,-3.51946355955474,-0.0956644515310163,-4.21985064742494
15.12,-3.53984139096758,-0.0956644515310163,-4.20966440838044
15.1225,-3.54493584882079,-0.0956644515310163,-4.20966440838044
15.125,-3.56531368023363,-0.0956644515310163,-4.25040936455843
15.1275,-3.58569151164647,-0.0956644515310163,-4.21985064742494
15.13,-3.59078596949968,-0.0956644515310163,-4.22494376694719
15.1325,-3.60097488520611,-0.0956644515310163,-4.21475752790269
15.135,-3.61116380091253,-0.0956644515310163,-4.21985064742494
15.1375,-3.62135271661895,-0.0956644515310163,-4.20966440838044
15.14,-3.63663609017858,-0.0956644515310163,-4.21475752790269
15.1425,-3.64173054803179,-0.0956644515310163,-4.20457128885819
15.145,-3.65191946373821,-0.0956644515310163,-4.19947816933594
15.1475,-3.65701392159142,-0.0956644515310163,-4.20457128885819
15.15,-3.67229729515105,-0.0956644515310163,-4.19438504981369
15.1525,-3.67739175300426,-0.0956644515310163,-4.19947816933594
15.155,-3.69776958441711,-0.0956644515310163,-4.19438504981369
15.1575,-3.70286404227032,-0.0956644515310163,-4.18929193029144
15.16,-3.72324187368316,-0.0956644515310163,-4.19438504981369
15.1625,-3.71814741582995,-0.0956644515310163,-4.18929193029144
15.165,-3.73343078938958,-0.0956644515310163,-4.19947816933594
15.1675,-3.73852524724279,-0.0956644515310163,-4.19438504981369
15.17,-3.74871416294921,-0.0956644515310163,-4.22494376694719
15.1725,-3.74871416294921,-0.0905687587252277,-4.23003688646944
15.175,-3.75890307865563,-0.0854730659194392,-4.22494376694719
15.1775,-3.76399753650884,-0.0956644515310163,-4.20457128885819
15.18,-3.76909199436206,-0.0956644515310163,-4.19438504981369
15.1825,-3.77418645221527,-0.0956644515310163,-4.19947816933594
15.185,-3.78437536792169,-0.0956644515310163,-4.19947816933594
15.1875,-3.78437536792169,-0.0956644515310163,-4.19947816933594
15.19,-3.79965874148132,-0.0956644515310163,-4.20966440838044
15.1925,-3.80475319933453,-0.0956644515310163,-4.19947816933594
15.195,-3.82003657289416,-0.0956644515310163,-4.20457128885819
15.1975,-3.82513103074737,-0.0956644515310163,-4.20457128885819
15.2,-3.83531994645379,-0.0956644515310163,-4.19947816933594
15.2025,-3.840414404307,-0.0956644515310163,-4.20966440838044
15.205,-3.85060332001342,-0.0956644515310163,-4.19947816933594
15.2075,-3.86079223571985,-0.105855837142594,-4.21475752790269
15.21,-3.86588669357306,-0.0956644515310163,-4.20966440838044
15.2125,-3.87607560927948,-0.0956644515310163,-4.21475752790269
15.215,-3.88117006713269,-0.0956644515310163,-4.20966440838044
15.2175,-3.89135898283911,-0.0956644515310163,-4.20966440838044
15.22,-3.89645344069232,-0.0956644515310163,-4.21475752790269
15.2225,-3.91173681425195,-0.0956644515310163,-4.20457128885819
15.225,-3.91683127210516,-0.0956644515310163,-4.20966440838044
15.2275,-3.92192572995837,-0.0956644515310163,-4.21475752790269
15.23,-3.92702018781158,-0.0956644515310163,-4.23003688646944
15.2325,-3.93211464566479,-0.0956644515310163,-4.23003688646944
15.235,-3.93720910351801,-0.0956644515310163,-4.19438504981369
15.2375,-3.94739801922443,-0.0956644515310163,-4.19947816933594
15.24,-3.94739801922443,-0.0956644515310163,-4.19438504981369
15.2425,-3.95758693493085,-0.0956644515310163,-4.19438504981369
15.245,-3.95758693493085,-0.0956644515310163,-4.20457128885819
15.2475,-3.96777585063727,-0.0956644515310163,-4.18929193029144
15.25,-3.96777585063727,-0.0956644515310163,-4.19947816933594
15.2525,-3.97287030849048,-0.0956644515310163,-4.18929193029144
15.255,-3.96777585063727,-0.0956644515310163,-4.19438504981369
15.2575,-3.97796476634369,-0.0956644515310163,-4.18929193029144
15.26,-3.9830592241969,-0.0956644515310163,-4.18929193029144
15.2625,-3.98815368205011,-0.0956644515310163,-4.19438504981369
15.265,-3.9830592241969,-0.0956644515310163,-4.15873321315794
15.2675,-3.98815368205011,-0.0956644515310163,-4.19438504981369
15.27,-3.9830592241969,-0.0956644515310163,-4.18929193029144
15.2725,-3.98815368205011,-0.0956644515310163,-4.18929193029144
15.275,-3.98815368205011,-0.0956644515310163,-4.24022312551393
15.2775,-3.9830592241969,-0.0956644515310163,-4.22494376694719
15.28,-3.97796476634369,-0.0956644515310163,-4.23513000599169
15.2825,-3.97287030849048,-0.0956644515310163,-4.23003688646944
15.285,-3.97796476634369,-0.0956644515310163,-4.19947816933594
15.2875,-3.94739801922443,-0.0956644515310163,-4.20457128885819
15.29,-3.95249247707764,-0.0956644515310163,-4.19947816933594
15.2925,-3.93211464566479,-0.0956644515310163,-4.20966440838044
15.295,-3.95249247707764,-0.0956644515310163,-4.19947816933594
15.2975,-3.94230356137122,-0.0956644515310163,-4.20966440838044
15.3,-3.91173681425195,-0.0956644515310163,-4.20966440838044
15.3025,-3.90154789854553,-0.0956644515310163,-4.20966440838044
15.305,-3.89645344069232,-0.0956644515310163,-4.21475752790269
15.3075,-3.8862645249859,-0.0956644515310163,-4.20966440838044
15.31,-3.87098115142627,-0.0956644515310163,-4.21475752790269
15.3125,-3.86079223571985,-0.0956644515310163,-4.20966440838044
15.315,-3.85060332001342,-0.0956644515310163,-4.20966440838044
15.3175,-3.83022548860058,-0.0956644515310163,-4.20966440838044
15.32,-3.83022548860058,-0.0956644515310163,-4.25040936455843
15.3225,-3.80475319933453,-0.0956644515310163,-4.26059560360293
15.325,-3.7894698257749,-0.0956644515310163,-4.23003688646944
15.3275,-3.77928091006848,-0.0956644515310163,-4.23513000599169
15.33,-3.75890307865563,-0.0956644515310163,-4.23003688646944
15.3325,-3.73852524724279,-0.0905687587252277,-4.23003688646944
15.335,-3.72324187368316,-0.0956644515310163,-4.23003688646944
15.3375,-3.70286404227032,-0.0956644515310163,-4.22494376694719
15.34,-3.68248621085748,-0.0956644515310163,-4.20457128885819
15.3425,-3.68248621085748,-0.0956644515310163,-4.20457128885819
15.345,-3.63663609017858,-0.0956644515310163,-4.19947816933594
15.3475,-3.62135271661895,-0.0956644515310163,-4.20966440838044
15.35,-3.60606934305932,-0.0956644515310163,-4.22494376694719
15.3525,-3.58569151164647,-0.0956644515310163,-4.23513000599169
15.355,-3.57040813808684,-0.0956644515310163,-4.23003688646944
15.3575,-3.550030306674,-0.0956644515310163,-4.23003688646944
15.36,-3.53474693311437,-0.0956644515310163,-4.23003688646944
15.3625,-3.51946355955474,-0.0956644515310163,-4.25550248408068
15.365,-3.5041801859951,-0.0905687587252277,-4.26059560360293
15.3675,-3.49908572814189,-0.0956644515310163,-4.25550248408068
15.37,-3.47870789672905,-0.0956644515310163,-4.26568872312518
15.3725,-3.46851898102263,-0.0956644515310163,-4.26059560360293
15.375,-3.453235607463,-0.0956644515310163,-4.23003688646944
15.3775,-3.44304669175658,-0.0956644515310163,-4.23513000599169
15.38,-3.42776331819694,-0.0956644515310163,-4.23003688646944
15.3825,-3.42776331819694,-0.0956644515310163,-4.27587496216968
15.385,-3.41247994463731,-0.0956644515310163,-4.21475752790269
15.3875,-3.4073854867841,-0.100760144336805,-4.21985064742494
15.39,-3.39210211322447,-0.0956644515310163,-4.21985064742494
15.3925,-3.39210211322447,-0.0956644515310163,-4.20966440838044
15.395,-3.37172428181163,-0.0905687587252277,-4.21475752790269
15.3975,-3.36153536610521,-0.0956644515310163,-4.20966440838044
15.4,-3.34115753469236,-0.0905687587252277,-4.21985064742494
15.4025,-3.33096861898594,-0.0956644515310163,-4.21475752790269
15.405,-3.30549632971989,-0.0956644515310163,-4.18929193029144
15.4075,-3.30040187186668,-0.0956644515310163,-4.21985064742494
15.41,-3.28002404045384,-0.0956644515310163,-4.20966440838044
15.4125,-3.26474066689421,-0.0956644515310163,-4.24022312551393
15.415,-3.25455175118779,-0.0956644515310163,-4.20966440838044
15.4175,-3.24945729333457,-0.0956644515310163,-4.23513000599169
15.42,-3.22907946192173,-0.0956644515310163,-4.19438504981369
15.4225,-3.22398500406852,-0.0956644515310163,-4.21475752790269
15.425,-3.20870163050889,-0.0956644515310163,-4.19438504981369
15.4275,-3.20360717265568,-0.0956644515310163,-4.21475752790269
15.43,-3.16794596768321,-0.0956644515310163,-4.22494376694719
15.4325,-3.16794596768321,-0.0956644515310163,-4.21985064742494
15.435,-3.18322934124284,-0.0956644515310163,-4.21985064742494
15.4375,-3.17304042553642,-0.0956644515310163,-4.19947816933594
15.44,-3.18832379909605,-0.0956644515310163,-4.19438504981369
15.4425,-3.11190693129789,-0.0956644515310163,-4.19947816933594
15.445,-3.10681247344468,-0.0956644515310163,-4.19438504981369
15.4475,-3.09662355773826,-0.0956644515310163,-4.23003688646944
15.45,-3.09662355773826,-0.0956644515310163,-4.23003688646944
15.4525,-3.09152909988505,-0.0956644515310163,-4.23003688646944
15.455,-3.08134018417863,-0.0956644515310163,-4.21475752790269
15.4575,-3.09152909988505,-0.0956644515310163,-4.23003688646944
15.46,-3.06096235276578,-0.0956644515310163,-4.24531624503618
15.4625,-3.06605681061899,-0.0956644515310163,-4.23513000599169
15.465,-3.06605681061899,-0.0905687587252277,-4.24022312551393
15.4675,-3.06096235276578,-0.0956644515310163,-4.24022312551393
15.47,-3.06096235276578,-0.0956644515310163,-4.20966440838044
15.4725,-3.06605681061899,-0.0956644515310163,-4.21985064742494
15.475,-3.07624572632541,-0.0905687587252277,-4.18419881076919
15.4775,-3.07624572632541,-0.0956644515310163,-4.27078184264743
15.48,-3.09152909988505,-0.0956644515310163,-4.28096808169193
15.4825,-3.09152909988505,-0.0956644515310163,-4.20457128885819
15.485,-3.10171801559147,-0.0956644515310163,-4.21475752790269
15.4875,-3.10171801559147,-0.0956644515310163,-4.20966440838044
15.49,-3.13228476271073,-0.0956644515310163,-4.21475752790269
15.4925,-3.1170013891511,-0.0956644515310163,-4.21475752790269
15.495,-3.13737922056394,-0.0956644515310163,-4.20966440838044
15.4975,-3.13737922056394,-0.0956644515310163,-4.24022312551393
15.5,-3.15266259412357,-0.100760144336805,-4.25040936455843
15.5025,-3.15266259412357,-0.0956644515310163,-4.19947816933594
15.505,-3.18832379909605,-0.0956644515310163,-4.22494376694719
15.5075,-3.18322934124284,-0.0956644515310163,-4.22494376694719
15.51,-3.19851271480247,-0.0956644515310163,-4.22494376694719
15.5125,-3.20870163050889,-0.0956644515310163,-4.21985064742494
15.515,-3.22398500406852,-0.0956644515310163,-4.23003688646944
15.5175,-3.22907946192173,-0.0956644515310163,-4.25040936455843
15.52,-3.28511849830705,-0.0956644515310163,-4.24531624503618
15.5225,-3.28511849830705,-0.0956644515310163,-4.24531624503618
15.525,-3.29021295616026,-0.0956644515310163,-4.23513000599169
15.5275,-3.29530741401347,-0.0956644515310163,-4.24531624503618
15.53,-3.3105907875731,-0.0905687587252277,-4.24022312551393
15.5325,-3.38700765537126,-0.0956644515310163,-4.21475752790269
15.535,-3.356440908252,-0.0956644515310163,-4.18929193029144
15.5375,-3.37172428181163,-0.0956644515310163,-4.18419881076919
15.54,-3.38191319751805,-0.0956644515310163,-4.21475752790269
15.5425,-3.43795223390337,-0.0956644515310163,-4.21475752790269
15.545,-3.42776331819694,-0.0956644515310163,-4.13326761554669
15.5475,-3.43795223390337,-0.0956644515310163,-4.15873321315794
15.55,-3.45833006531621,-0.0956644515310163,-4.15364009363569
15.5525,-3.47361343887584,-0.0956644515310163,-4.21475752790269
15.555,-3.48889681243547,-0.0956644515310163,-4.15364009363569
15.5575,-3.48380235458226,-0.0956644515310163,-4.20966440838044
15.56,-3.5041801859951,-0.0956644515310163,-4.23003688646944
15.5625,-3.54493584882079,-0.0956644515310163,-4.23003688646944
15.565,-3.550030306674,-0.0956644515310163,-4.20966440838044
15.5675,-3.57040813808684,-0.0956644515310163,-4.23003688646944
15.57,-3.57550259594005,-0.100760144336805,-4.20457128885819
15.5725,-3.60097488520611,-0.0956644515310163,-4.19947816933594
15.575,-3.60097488520611,-0.0956644515310163,-4.21475752790269
15.5775,-3.64173054803179,-0.0956644515310163,-4.19438504981369
15.58,-3.67229729515105,-0.0956644515310163,-4.15873321315794
15.5825,-3.69776958441711,-0.0956644515310163,-4.16891945220244
15.585,-3.67229729515105,-0.0956644515310163,-4.23003688646944
15.5875,-3.68248621085748,-0.0956644515310163,-4.21985064742494
15.59,-3.67739175300426,-0.0956644515310163,-4.20457128885819
15.5925,-3.68758066871069,-0.0956644515310163,-4.18929193029144
15.595,-3.68248621085748,-0.0956644515310163,-4.19438504981369
15.5975,-3.68758066871069,-0.0956644515310163,-4.18419881076919
15.6,-3.68248621085748,-0.0956644515310163,-4.20457128885819
15.6025,-3.68248621085748,-0.0956644515310163,-4.17401257172469
15.605,-3.68248621085748,-0.0956644515310163,-4.16891945220244
15.6075,-3.67739175300426,-0.0956644515310163,-4.16891945220244
15.61,-3.68248621085748,-0.0956644515310163,-4.16382633268019
15.6125,-3.68758066871069,-0.0956644515310163,-4.16382633268019
15.615,-3.68248621085748,-0.0956644515310163,-4.16891945220244
15.6175,-3.68248621085748,-0.0956644515310163,-4.16382633268019
15.62,-3.67229729515105,-0.0956644515310163,-4.16891945220244
15.6225,-3.67739175300426,-0.0905687587252277,-4.15873321315794
15.625,-3.67739175300426,-0.0956644515310163,-4.16382633268019
15.6275,-3.67229729515105,-0.0956644515310163,-4.15873321315794
15.63,-3.67739175300426,-0.0956644515310163,-4.15873321315794
15.6325,-3.66720283729784,-0.0956644515310163,-4.16891945220244
15.635,-3.69776958441711,-0.0956644515310163,-4.15873321315794
15.6375,-3.66210837944463,-0.0956644515310163,-4.16891945220244
15.64,-3.65701392159142,-0.0905687587252277,-4.15873321315794
15.6425,-3.65701392159142,-0.0956644515310163,-4.15873321315794
15.645,-3.65701392159142,-0.0956644515310163,-4.16891945220244
15.6475,-3.67229729515105,-0.0956644515310163,-4.15873321315794
15.65,-3.64173054803179,-0.0956644515310163,-4.13836073506894
15.6525,-3.66210837944463,-0.0956644515310163,-4.15364009363569
15.655,-3.66720283729784,-0.0956644515310163,-4.15364009363569
15.6575,-3.65191946373821,-0.0956644515310163,-4.15873321315794
15.66,-0.0959878821972175,-0.0956644515310163,-4.14854697411344
15.6625,-0.0908934243440065,-0.0956644515310163,-4.18929193029144
15.665,-0.0908934243440065,-0.0956644515310163,-4.15873321315794
15.6675,-0.0857989664907954,-0.0956644515310163,-4.16891945220244
15.67,-0.101082340050429,-0.0956644515310163,-4.16891945220244
15.6725,-0.0959878821972175,-0.0956644515310163,-4.16382633268019
15.675,-0.0959878821972175,-0.0956644515310163,-4.19438504981369
15.6775,-3.60606934305932,-0.0956644515310163,-4.22494376694719
15.68,-3.60606934305932,-0.0956644515310163,-4.25040936455843
15.6825,-3.61116380091253,-0.0956644515310163,-4.15873321315794
15.685,-3.61625825876574,-0.0956644515310163,-4.16382633268019
15.6875,-3.62135271661895,-0.0905687587252277,-4.17401257172469
15.69,-3.62644717447216,-0.0956644515310163,-4.15873321315794
15.6925,-3.64173054803179,-0.0956644515310163,-4.17910569124694
15.695,-3.64173054803179,-0.0956644515310163,-4.17401257172469
15.6975,-3.65701392159142,-0.0956644515310163,-4.17401257172469
15.7,-3.65701392159142,-0.0956644515310163,-4.17910569124694
15.7025,-3.67229729515105,-0.0956644515310163,-4.16891945220244
15.705,-3.66720283729784,-0.0956644515310163,-4.18419881076919
15.7075,-3.68248621085748,-0.0956644515310163,-4.14854697411344
15.71,-3.66210837944463,-0.0956644515310163,-4.15364009363569
15.7125,-3.69776958441711,-0.0956644515310163,-4.17401257172469
15.715,-3.69776958441711,-0.0956644515310163,-4.16891945220244
15.7175,-3.70286404227032,-0.0956644515310163,-4.14345385459119
15.72,-3.68248621085748,-0.0956644515310163,-4.16382633268019
15.7225,-3.70795850012353,-0.0905687587252277,-4.15873321315794
15.725,-3.71305295797674,-0.0956644515310163,-4.16382633268019
15.7275,-3.743619705096,-0.0956644515310163,-4.15364009363569
15.73,-3.73852524724279,-0.0956644515310163,-4.16382633268019
15.7325,-3.743619705096,-0.0956644515310163,-4.15364009363569
15.735,-3.72324187368316,-0.0956644515310163,-4.15873321315794
15.7375,-3.72324187368316,-0.0956644515310163,-4.12308137650219
15.74,-3.72833633153637,-0.0956644515310163,-4.12817449602444
15.7425,-3.72833633153637,-0.0956644515310163,-4.12817449602444
15.745,-3.73852524724279,-0.0956644515310163,-4.11798825697995
15.7475,-3.73343078938958,-0.0956644515310163,-4.12308137650219
15.75,-3.743619705096,-0.0956644515310163,-4.11798825697995
15.7525,-3.76399753650884,-0.0956644515310163,-4.11798825697995
15.755,-3.79456428362811,-0.0956644515310163,-4.12817449602444
15.7575,-3.72833633153637,-0.0956644515310163,-4.11798825697995
15.76,-3.73852524724279,-0.0956644515310163,-4.13326761554669
15.7625,-3.743619705096,-0.0956644515310163,-4.15364009363569
15.765,-3.72324187368316,-0.0956644515310163,-4.12817449602444
15.7675,-3.71814741582995,-0.0956644515310163,-4.13326761554669
15.77,-3.72833633153637,-0.0956644515310163,-4.12817449602444
15.7725,-3.72324187368316,-0.0956644515310163,-4.13326761554669
15.775,-3.73343078938958,-0.0956644515310163,-4.12817449602444
15.7775,-3.73852524724279,-0.0956644515310163,-4.13836073506894
15.78,-3.74871416294921,-0.100760144336805,-4.13326761554669
15.7825,-3.74871416294921,-0.0956644515310163,-4.13326761554669
15.785,-3.75380862080242,-0.0956644515310163,-4.14854697411344
15.7875,-3.76399753650884,-0.0956644515310163,-4.14345385459119
15.79,-3.76909199436206,-0.0956644515310163,-4.14854697411344
15.7925,-3.77928091006848,-0.0956644515310163,-4.15364009363569
15.795,-3.78437536792169,-0.0956644515310163,-4.15364009363569
15.7975,-3.79456428362811,-0.0956644515310163,-4.16891945220244
15.8,-3.80475319933453,-0.0956644515310163,-4.15873321315794
15.8025,-3.80984765718774,-0.0956644515310163,-4.17401257172469
15.805,-3.81494211504095,-0.0956644515310163,-4.16891945220244
15.8075,-3.83022548860058,-0.0956644515310163,-4.16891945220244
15.81,-3.83022548860058,-0.0956644515310163,-4.20966440838044
15.8125,-3.84550886216021,-0.0956644515310163,-4.20457128885819
15.815,-3.840414404307,-0.0956644515310163,-4.16891945220244
15.8175,-3.84550886216021,-0.0956644515310163,-4.16891945220244
15.82,-3.84550886216021,-0.0956644515310163,-4.13836073506894
15.8225,-3.86079223571985,-0.0905687587252277,-4.14854697411344
15.825,-3.85060332001342,-0.0956644515310163,-4.16891945220244
15.8275,-3.86079223571985,-0.0956644515310163,-4.17401257172469
15.83,-3.85569777786664,-0.0956644515310163,-4.14854697411344
15.8325,-3.86588669357306,-0.0956644515310163,-4.14854697411344
15.835,-3.86079223571985,-0.0956644515310163,-4.17401257172469
15.8375,-3.86588669357306,-0.0956644515310163,-4.16891945220244
15.84,-3.85569777786664,-0.0956644515310163,-4.23003688646944
15.8425,-3.86079223571985,-0.0956644515310163,-4.19438504981369
15.845,-3.85060332001342,-0.0956644515310163,-4.19438504981369
15.8475,-3.85569777786664,-0.0956644515310163,-4.16891945220244
15.85,-3.85060332001342,-0.0956644515310163,-4.16891945220244
15.8525,-3.85060332001342,-0.0956644515310163,-4.19947816933594
15.855,-3.85569777786664,-0.0956644515310163,-4.19438504981369
15.8575,-3.83531994645379,-0.0956644515310163,-4.16891945220244
15.86,-3.840414404307,-0.0956644515310163,-4.20457128885819
15.8625,-3.83531994645379,-0.0905687587252277,-4.19438504981369
15.865,-3.83531994645379,-0.0956644515310163,-4.20966440838044
15.8675,-3.82513103074737,-0.0956644515310163,-4.16891945220244
15.87,-3.82003657289416,-0.0956644515310163,-4.17910569124694
15.8725,-3.81494211504095,-0.0956644515310163,-4.20457128885819
15.875,-3.80984765718774,-0.0956644515310163,-4.23003688646944
15.8775,-3.79965874148132,-0.0956644515310163,-4.23513000599169
15.88,-3.79965874148132,-0.0956644515310163,-4.19947816933594
15.8825,-3.78437536792169,-0.0956644515310163,-4.20966440838044
15.885,-3.78437536792169,-0.0956644515310163,-4.20457128885819
15.8875,-3.77928091006848,-0.0905687587252277,-4.19947816933594
15.89,-3.77928091006848,-0.0905687587252277,-4.20457128885819
15.8925,-3.76909199436206,-0.0956644515310163,-4.19947816933594
15.895,-3.76909199436206,-0.0956644515310163,-4.20457128885819
15.8975,-3.75890307865563,-0.0956644515310163,-4.20966440838044
15.9,-3.75890307865563,-0.0956644515310163,-4.19947816933594
15.9025,-3.75380862080242,-0.0956644515310163,-4.21475752790269
15.905,-3.74871416294921,-0.0956644515310163,-4.20457128885819
15.9075,-3.74871416294921,-0.0956644515310163,-4.21985064742494
15.91,-3.74871416294921,-0.0956644515310163,-4.20966440838044
15.9125,-3.743619705096,-0.0854730659194392,-4.20966440838044
15.915,-3.73852524724279,-0.0956644515310163,-4.20966440838044
15.9175,-3.73852524724279,-0.0956644515310163,-4.20966440838044
15.92,-3.72833633153637,-0.0956644515310163,-4.21475752790269
15.9225,-3.73852524724279,-0.0956644515310163,-4.20966440838044
15.925,-3.72833633153637,-0.0956644515310163,-4.21475752790269
15.9275,-3.72833633153637,-0.0956644515310163,-4.20966440838044
15.93,-3.72833633153637,-0.0956644515310163,-4.20966440838044
15.9325,-3.72324187368316,-0.100760144336805,-4.21475752790269
15.935,-3.71814741582995,-0.0956644515310163,-4.17401257172469
15.9375,-3.71305295797674,-0.0956644515310163,-4.21475752790269
15.94,-3.71305295797674,-0.0956644515310163,-4.20966440838044
15.9425,-3.71305295797674,-0.0956644515310163,-4.23003688646944
15.945,-3.69776958441711,-0.0956644515310163,-4.23003688646944
15.9475,-3.70286404227032,-0.0956644515310163,-4.18929193029144
15.95,-3.6926751265639,-0.0956644515310163,-4.23003688646944
15.9525,-3.6926751265639,-0.0956644515310163,-4.19438504981369
15.955,-3.68758066871069,-0.0905687587252277,-4.19438504981369
15.9575,-3.71305295797674,-0.0956644515310163,-4.19438504981369
15.96,-3.70795850012353,-0.0956644515310163,-4.22494376694719
15.9625,-3.67739175300426,-0.0956644515310163,-4.23003688646944
15.965,-3.67739175300426,-0.0956644515310163,-4.21985064742494
15.9675,-3.67229729515105,-0.0956644515310163,-4.21985064742494
15.97,-3.67229729515105,-0.0956644515310163,-4.21985064742494
15.9725,-3.66210837944463,-0.0956644515310163,-4.20966440838044
15.975,-3.66210837944463,-0.0956644515310163,-4.24531624503618
15.9775,-3.66210837944463,-0.0956644515310163,-4.20966440838044
15.98,-3.65701392159142,-0.0905687587252277,-4.21475752790269
15.9825,-3.65191946373821,-0.0956644515310163,-4.20966440838044
15.985,-3.65191946373821,-0.0956644515310163,-4.20966440838044
15.9875,-3.646825005885,-0.0956644515310163,-4.21475752790269
15.99,-3.646825005885,-0.0956644515310163,-4.21475752790269
15.9925,-3.64173054803179,-0.100760144336805,-4.21985064742494
15.995,-3.63663609017858,-0.0956644515310163,-4.21985064742494
15.9975,-3.63663609017858,-0.0956644515310163,-4.21475752790269
16,-3.63663609017858,-0.0956644515310163,-4.22494376694719
16.0025,-3.64173054803179,-0.0956644515310163,-4.19438504981369
16.005,-3.64173054803179,-0.0956644515310163,-4.20966440838044
16.0075,-3.64173054803179,-0.0956644515310163,-4.20457128885819
16.01,-3.646825005885,-0.0905687587252277,-4.21475752790269
16.0125,-3.65191946373821,-0.0905687587252277,-4.20966440838044
16.015,-3.63154163232537,-0.0956644515310163,-4.24022312551393
16.0175,-3.62644717447216,-0.0905687587252277,-4.32171303786993
16.02,-3.63154163232537,-0.0905687587252277,-4.25040936455843
16.0225,-3.63154163232537,-0.0956644515310163,-4.22494376694719
16.025,-3.64173054803179,-0.0956644515310163,-4.25040936455843
16.0275,-3.63663609017858,-0.0956644515310163,-4.27078184264743
16.03,-3.64173054803179,-0.0956644515310163,-4.21475752790269
16.0325,-3.63663609017858,-0.0956644515310163,-4.20966440838044
16.035,-3.63663609017858,-0.0956644515310163,-4.21475752790269
16.0375,-3.63154163232537,-0.0905687587252277,-4.21475752790269
16.04,-3.64173054803179,-0.0956644515310163,-4.21475752790269
16.0425,-3.63154163232537,-0.100760144336805,-4.22494376694719
16.045,-3.63663609017858,-0.0956644515310163,-4.21475752790269
16.0475,-3.62644717447216,-0.0956644515310163,-4.22494376694719
16.05,-3.64173054803179,-0.0956644515310163,-4.24531624503618
16.0525,-3.62644717447216,-0.0956644515310163,-4.19947816933594
16.055,-3.62644717447216,-0.0956644515310163,-4.21985064742494
16.0575,-3.62644717447216,-0.0905687587252277,-4.21985064742494
16.06,-3.63154163232537,-0.0956644515310163,-4.22494376694719
16.0625,-3.63663609017858,-0.0956644515310163,-4.21985064742494
16.065,-3.63154163232537,-0.0956644515310163,-4.21475752790269
16.0675,-3.63154163232537,-0.0905687587252277,-4.21985064742494
16.07,-3.63663609017858,-0.0956644515310163,-4.20457128885819
16.0725,-3.63663609017858,-0.0956644515310163,-4.21475752790269
16.075,-3.63154163232537,-0.0956644515310163,-4.22494376694719
16.0775,-3.63663609017858,-0.0956644515310163,-4.23003688646944
16.08,-3.63154163232537,-0.0854730659194392,-4.22494376694719
16.0825,-3.63663609017858,-0.0956644515310163,-4.26059560360293
16.085,-3.63154163232537,-0.0956644515310163,-4.24022312551393
16.0875,-3.64173054803179,-0.0956644515310163,-4.20457128885819
16.09,-3.63663609017858,-0.0956644515310163,-4.21475752790269
16.0925,-3.64173054803179,-0.0905687587252277,-4.20457128885819
16.095,-3.63154163232537,-0.0956644515310163,-4.19947816933594
16.0975,-3.63663609017858,-0.0956644515310163,-4.20966440838044
16.1,-3.63154163232537,-0.0956644515310163,-4.19947816933594
16.1025,-3.63154163232537,-0.0956644515310163,-4.23003688646944
16.105,-3.62135271661895,-0.0956644515310163,-4.21985064742494
16.1075,-3.62644717447216,-0.0956644515310163,-4.18929193029144
16.11,-3.62135271661895,-0.0956644515310163,-4.19438504981369
16.1125,-3.62644717447216,-0.0956644515310163,-4.17910569124694
16.115,-3.62135271661895,-0.0956644515310163,-4.26059560360293
16.1175,-3.63154163232537,-0.0956644515310163,-4.22494376694719
16.12,-3.62644717447216,-0.0956644515310163,-4.21985064742494
16.1225,-3.63154163232537,-0.0956644515310163,-4.22494376694719
16.125,-3.63154163232537,-0.0956644515310163,-4.21985064742494
16.1275,-3.63154163232537,-0.0956644515310163,-4.22494376694719
16.13,-3.62644717447216,-0.0956644515310163,-4.22494376694719
16.1325,-3.63663609017858,-0.0956644515310163,-4.20966440838044
16.135,-3.63663609017858,-0.0956644515310163,-4.21475752790269
16.1375,-3.64173054803179,-0.0956644515310163,-4.19947816933594
16.14,-3.63663609017858,-0.0905687587252277,-4.18419881076919
16.1425,-3.646825005885,-0.0956644515310163,-4.19947816933594
16.145,-3.65191946373821,-0.0956644515310163,-4.25040936455843
16.1475,-3.65191946373821,-0.0956644515310163,-4.18929193029144
16.15,-3.646825005885,-0.0956644515310163,-4.18419881076919
16.1525,-3.646825005885,-0.0905687587252277,-4.18929193029144
16.155,-3.646825005885,-0.0956644515310163,-4.18419881076919
16.1575,-3.646825005885,-0.0956644515310163,-4.18929193029144
16.16,-3.646825005885,-0.0956644515310163,-4.18929193029144
16.1625,-3.64173054803179,-0.0956644515310163,-4.15873321315794
16.165,-3.646825005885,-0.0956644515310163,-4.18929193029144
16.1675,-3.65191946373821,-0.0956644515310163,-4.15364009363569
16.17,-3.65701392159142,-0.0956644515310163,-4.18419881076919
16.1725,-3.646825005885,-0.0956644515310163,-4.17401257172469
16.175,-3.66210837944463,-0.0956644515310163,-4.17910569124694
16.1775,-3.65701392159142,-0.0956644515310163,-4.16382633268019
16.18,-3.66720283729784,-0.0956644515310163,-4.15364009363569
16.1825,-3.66720283729784,-0.0956644515310163,-4.16382633268019
16.185,-3.67229729515105,-0.0956644515310163,-4.15873321315794
16.1875,-3.66720283729784,-0.0956644515310163,-4.17910569124694
16.19,-3.66720283729784,-0.0956644515310163,-4.23003688646944
16.1925,-3.66720283729784,-0.0956644515310163,-4.19438504981369
16.195,-3.66210837944463,-0.0956644515310163,-4.20457128885819
16.1975,-3.66720283729784,-0.0956644515310163,-4.19947816933594
16.2,-3.67739175300426,-0.0956644515310163,-4.17401257172469
16.2025,-3.6926751265639,-0.0956644515310163,-4.18419881076919
16.205,-3.70286404227032,-0.0956644515310163,-4.20457128885819
16.2075,-3.6926751265639,-0.0956644515310163,-4.21985064742494
16.21,-3.68248621085748,-0.0956644515310163,-4.17910569124694
16.2125,-3.68248621085748,-0.0956644515310163,-4.19438504981369
16.215,-3.68758066871069,-0.0956644515310163,-4.18929193029144
16.2175,-3.69776958441711,-0.0905687587252277,-4.21985064742494
16.22,-3.70795850012353,-0.0956644515310163,-4.22494376694719
16.2225,-3.71305295797674,-0.0905687587252277,-4.21985064742494
16.225,-3.72324187368316,-0.0956644515310163,-4.21985064742494
16.2275,-3.72833633153637,-0.0956644515310163,-4.19947816933594
16.23,-3.73343078938958,-0.0956644515310163,-4.18929193029144
16.2325,-3.72833633153637,-0.0956644515310163,-4.20457128885819
16.235,-3.73343078938958,-0.0956644515310163,-4.19438504981369
16.2375,-3.73343078938958,-0.0956644515310163,-4.20966440838044
16.24,-3.743619705096,-0.0956644515310163,-4.20457128885819
16.2425,-3.74871416294921,-0.0956644515310163,-4.20457128885819
16.245,-3.743619705096,-0.0956644515310163,-4.21475752790269
16.2475,-3.75380862080242,-0.0956644515310163,-4.20457128885819
16.25,-3.75380862080242,-0.0956644515310163,-4.20966440838044
16.2525,-3.76399753650884,-0.0956644515310163,-4.20966440838044
16.255,-3.76399753650884,-0.0905687587252277,-4.23513000599169
16.2575,-3.76909199436206,-0.0956644515310163,-4.25040936455843
16.26,-3.76909199436206,-0.0956644515310163,-4.18929193029144
16.2625,-3.77418645221527,-0.0956644515310163,-4.21985064742494
16.265,-3.77418645221527,-0.0956644515310163,-4.21985064742494
16.2675,-3.80984765718774,-0.0956644515310163,-4.21985064742494
16.27,-3.80475319933453,-0.0956644515310163,-4.23003688646944
16.2725,-3.80984765718774,-0.0956644515310163,-4.22494376694719
16.275,-3.80475319933453,-0.0956644515310163,-4.23513000599169
16.2775,-3.80984765718774,-0.0956644515310163,-4.23003688646944
16.28,-3.83022548860058,-0.0956644515310163,-4.23003688646944
16.2825,-3.83022548860058,-0.0956644515310163,-4.23003688646944
16.285,-3.81494211504095,-0.0905687587252277,-4.18929193029144
16.2875,-3.81494211504095,-0.0905687587252277,-4.19947816933594
16.29,-3.84550886216021,-0.0905687587252277,-4.19438504981369
16.2925,-3.82513103074737,-0.0956644515310163,-4.21475752790269
16.295,-3.82513103074737,-0.0956644515310163,-4.25040936455843
16.2975,-3.82513103074737,-0.0956644515310163,-4.18419881076919
16.3,-3.80475319933453,-0.0956644515310163,-4.22494376694719
16.3025,-3.83531994645379,-0.0905687587252277,-4.24022312551393
16.305,-3.840414404307,-0.0956644515310163,-4.24531624503618
16.3075,-3.840414404307,-0.0956644515310163,-4.24531624503618
16.31,-3.83531994645379,-0.0956644515310163,-4.25040936455843
16.3125,-3.84550886216021,-0.0956644515310163,-4.23003688646944
16.315,-3.83531994645379,-0.0956644515310163,-4.23003688646944
16.3175,-3.83531994645379,-0.0956644515310163,-4.23003688646944
16.32,-3.83531994645379,-0.0905687587252277,-4.23003688646944
16.3225,-3.840414404307,-0.0956644515310163,-4.26568872312518
16.325,-3.83531994645379,-0.0956644515310163,-4.25550248408068
16.3275,-3.83531994645379,-0.0956644515310163,-4.21475752790269
16.33,-3.83531994645379,-0.0956644515310163,-4.25040936455843
16.3325,-3.83531994645379,-0.0956644515310163,-4.24531624503618
16.335,-3.86079223571985,-0.0956644515310163,-4.24531624503618
16.3375,-3.86079223571985,-0.0956644515310163,-4.25550248408068
16.34,-3.87098115142627,-0.0956644515310163,-4.25040936455843
16.3425,-3.840414404307,-0.0956644515310163,-4.26059560360293
16.345,-3.84550886216021,-0.0956644515310163,-4.25550248408068
16.3475,-3.85060332001342,-0.0956644515310163,-4.25550248408068
16.35,-3.87607560927948,-0.0956644515310163,-4.23003688646944
16.3525,-3.87098115142627,-0.0956644515310163,-4.22494376694719
16.355,-3.8862645249859,-0.0956644515310163,-4.22494376694719
16.3575,-3.86079223571985,-0.0956644515310163,-4.22494376694719
16.36,-3.85060332001342,-0.0956644515310163,-4.21475752790269
16.3625,-3.84550886216021,-0.0956644515310163,-4.21985064742494
16.365,-3.840414404307,-0.0956644515310163,-4.20966440838044
16.3675,-3.83531994645379,-0.0956644515310163,-4.24022312551393
16.37,-3.83022548860058,-0.0956644515310163,-4.23003688646944
16.3725,-3.83022548860058,-0.0956644515310163,-4.18419881076919
16.375,-3.82513103074737,-0.0956644515310163,-4.21475752790269
16.3775,-3.81494211504095,-0.0956644515310163,-4.26059560360293
16.38,-3.79965874148132,-0.0956644515310163,-4.26059560360293
16.3825,-3.79456428362811,-0.0956644515310163,-4.25040936455843
16.385,-3.78437536792169,-0.0956644515310163,-4.21985064742494
16.3875,-3.78437536792169,-0.0956644515310163,-4.22494376694719
16.39,-3.77418645221527,-0.0956644515310163,-4.21475752790269
16.3925,-3.77418645221527,-0.0956644515310163,-4.22494376694719
16.395,-3.76399753650884,-0.0956644515310163,-4.21475752790269
16.3975,-3.76399753650884,-0.0956644515310163,-4.21475752790269
16.4,-3.75380862080242,-0.0956644515310163,-4.21985064742494
16.4025,-3.75380862080242,-0.0956644515310163,-4.20966440838044
16.405,-3.743619705096,-0.0956644515310163,-4.21985064742494
16.4075,-3.743619705096,-0.0956644515310163,-4.20966440838044
16.41,-3.72833633153637,-0.0956644515310163,-4.23513000599169
16.4125,-3.74871416294921,-0.0956644515310163,-4.23003688646944
16.415,-3.74871416294921,-0.0956644515310163,-4.25040936455843
16.4175,-3.71814741582995,-0.0956644515310163,-4.23003688646944
16.42,-3.70286404227032,-0.0956644515310163,-4.21985064742494
16.4225,-3.69776958441711,-0.0956644515310163,-4.22494376694719
16.425,-3.68248621085748,-0.0956644515310163,-4.22494376694719
16.4275,-3.67739175300426,-0.0956644515310163,-4.24531624503618
16.43,-3.66210837944463,-0.0956644515310163,-4.22494376694719
16.4325,-3.66210837944463,-0.0956644515310163,-4.20966440838044
16.435,-3.646825005885,-0.0956644515310163,-4.21985064742494
16.4375,-3.64173054803179,-0.0956644515310163,-4.20966440838044
16.44,-3.63663609017858,-0.100760144336805,-4.20966440838044
16.4425,-3.63154163232537,-0.0956644515310163,-4.20966440838044
16.445,-3.62644717447216,-0.0956644515310163,-4.19947816933594
16.4475,-3.61625825876574,-0.0956644515310163,-4.20966440838044
16.45,-3.63154163232537,-0.0956644515310163,-4.19947816933594
16.4525,-3.63154163232537,-0.0956644515310163,-4.19438504981369
16.455,-3.61116380091253,-0.0956644515310163,-4.21985064742494
16.4575,-3.60606934305932,-0.0956644515310163,-4.20966440838044
16.46,-3.59078596949968,-0.105855837142594,-4.21985064742494
16.4625,-3.59078596949968,-0.0956644515310163,-4.20457128885819
16.465,-3.59078596949968,-0.0956644515310163,-4.20457128885819
16.4675,-3.58569151164647,-0.0956644515310163,-4.20457128885819
16.47,-3.58569151164647,-0.0956644515310163,-4.19438504981369
16.4725,-3.57040813808684,-0.0956644515310163,-4.19947816933594
16.475,-3.57550259594005,-0.0956644515310163,-4.19438504981369
16.4775,-3.56531368023363,-0.0956644515310163,-4.19438504981369
16.48,-3.56531368023363,-0.0956644515310163,-4.19438504981369
16.4825,-3.550030306674,-0.0956644515310163,-4.18929193029144
16.485,-3.55512476452721,-0.0956644515310163,-4.18929193029144
16.4875,-3.54493584882079,-0.0956644515310163,-4.17401257172469
16.49,-3.550030306674,-0.0956644515310163,-4.17401257172469
16.4925,-3.56531368023363,-0.100760144336805,-4.18419881076919
16.495,-3.57550259594005,-0.0956644515310163,-4.16891945220244
16.4975,-3.57040813808684,-0.0956644515310163,-4.17910569124694
16.5,-3.60097488520611,-0.0956644515310163,-4.16891945220244
16.5025,-3.57550259594005,-0.0956644515310163,-4.18419881076919
16.505,-3.58059705379326,-0.0956644515310163,-4.17401257172469
16.5075,-3.58569151164647,-0.0956644515310163,-4.17401257172469
16.51,-3.59078596949968,-0.0956644515310163,-4.14854697411344
16.5125,-3.59078596949968,-0.0956644515310163,-4.14345385459119
16.515,-3.57550259594005,-0.0956644515310163,-4.14345385459119
16.5175,-3.59078596949968,-0.0956644515310163,-4.14345385459119
16.52,-3.59078596949968,-0.0956644515310163,-4.13326761554669
16.5225,-3.59078596949968,-0.0956644515310163,-4.13836073506894
16.525,-3.62644717447216,-0.0956644515310163,-4.14854697411344
16.5275,-3.63154163232537,-0.0956644515310163,-4.15364009363569
16.53,-3.64173054803179,-0.0956644515310163,-4.12817449602444
16.5325,-3.646825005885,-0.0956644515310163,-4.13836073506894
16.535,-3.68248621085748,-0.0956644515310163,-4.14854697411344
16.5375,-3.67229729515105,-0.0956644515310163,-4.13836073506894
16.54,-3.646825005885,-0.0956644515310163,-4.14345385459119
16.5425,-3.65701392159142,-0.0956644515310163,-4.10780201793545
16.545,-3.65701392159142,-0.0956644515310163,-4.13326761554669
16.5475,-3.67739175300426,-0.0956644515310163,-4.13836073506894
16.55,-3.68758066871069,-0.0956644515310163,-4.12308137650219
16.5525,-3.6926751265639,-0.0956644515310163,-4.13836073506894
16.555,-3.70286404227032,-0.0956644515310163,-4.12817449602444
16.5575,-3.71305295797674,-0.0956644515310163,-4.12817449602444
16.56,-3.71305295797674,-0.0905687587252277,-4.13326761554669
16.5625,-3.71814741582995,-0.0956644515310163,-4.12308137650219
16.565,-3.73852524724279,-0.100760144336805,-4.12817449602444
16.5675,-3.71305295797674,-0.0905687587252277,-4.12817449602444
16.57,-3.70795850012353,-0.0956644515310163,-4.12817449602444
16.5725,-3.73343078938958,-0.0854730659194392,-4.13326761554669
16.575,-3.72833633153637,-0.0956644515310163,-4.12817449602444
16.5775,-3.70286404227032,-0.0956644515310163,-4.13326761554669
16.58,-3.6926751265639,-0.0956644515310163,-4.13326761554669
16.5825,-3.76909199436206,-0.0905687587252277,-4.14345385459119
16.585,-3.646825005885,-0.0905687587252277,-4.14854697411344
16.5875,-3.67229729515105,-0.0956644515310163,-4.14854697411344
16.59,-3.63663609017858,-0.0956644515310163,-4.15873321315794
16.5925,-3.65701392159142,-0.0956644515310163,-4.12308137650219
16.595,-3.64173054803179,-0.0956644515310163,-4.12817449602444
16.5975,-3.61625825876574,-0.0956644515310163,-4.13326761554669
16.6,-3.63154163232537,-0.0956644515310163,-4.15364009363569
16.6025,-3.60097488520611,-0.0956644515310163,-4.18929193029144
16.605,-3.59588042735289,-0.0854730659194392,-4.17401257172469
16.6075,-3.59078596949968,-0.100760144336805,-4.15364009363569
16.61,-3.58059705379326,-0.0956644515310163,-4.15873321315794
16.6125,-3.60097488520611,-0.0956644515310163,-4.14854697411344
16.615,-3.60097488520611,-0.0956644515310163,-4.18929193029144
16.6175,-3.59588042735289,-0.0956644515310163,-4.15364009363569
16.62,-3.59078596949968,-0.0956644515310163,-4.18929193029144
16.6225,-3.59588042735289,-0.0956644515310163,-4.18929193029144
16.625,-3.57550259594005,-0.0956644515310163,-4.18929193029144
16.6275,-3.56531368023363,-0.0956644515310163,-4.19438504981369
16.63,-3.54493584882079,-0.100760144336805,-4.16382633268019
16.6325,-3.53984139096758,-0.0956644515310163,-4.16891945220244
16.635,-3.55512476452721,-0.0956644515310163,-4.16891945220244
16.6375,-3.52965247526116,-0.0956644515310163,-4.16891945220244
16.64,-3.52965247526116,-0.0956644515310163,-4.17910569124694
16.6425,-3.51946355955474,-0.0956644515310163,-4.18419881076919
16.645,-3.51946355955474,-0.0956644515310163,-4.18929193029144
16.6475,-3.53474693311437,-0.0956644515310163,-4.18929193029144
16.65,-3.5041801859951,-0.0956644515310163,-4.18929193029144
16.6525,-3.49399127028868,-0.0956644515310163,-4.19438504981369
16.655,-3.51436910170153,-0.0956644515310163,-4.18929193029144
16.6575,-3.5041801859951,-0.0956644515310163,-4.20457128885819
16.66,-3.5041801859951,-0.0905687587252277,-4.17401257172469
16.6625,-3.59078596949968,-0.0956644515310163,-4.16891945220244
16.665,-3.50927464384831,-0.0956644515310163,-4.19947816933594
16.6675,-3.48380235458226,-0.0956644515310163,-4.18929193029144
16.67,-3.44814114960979,-0.0956644515310163,-4.14345385459119
16.6725,-3.42266886034373,-0.0956644515310163,-4.19438504981369
16.675,-3.46851898102263,-0.0956644515310163,-4.19438504981369
16.6775,-3.42776331819694,-0.0956644515310163,-4.19947816933594
16.68,-3.43285777605016,-0.0956644515310163,-4.18419881076919
16.6825,-3.43285777605016,-0.0956644515310163,-4.19438504981369
16.685,-3.43795223390337,-0.0956644515310163,-4.18419881076919
16.6875,-3.43795223390337,-0.0956644515310163,-4.18929193029144
16.69,-3.33096861898594,-0.0956644515310163,-4.18419881076919
16.6925,-3.31568524542631,-0.0956644515310163,-4.18419881076919
16.695,-3.33606307683915,-0.0956644515310163,-4.18419881076919
16.6975,-3.34625199254558,-0.0956644515310163,-4.19947816933594
16.7,-3.41757440249052,-0.0956644515310163,-4.16891945220244
16.7025,-3.41757440249052,-0.0905687587252277,-4.17401257172469
16.705,-3.38700765537126,-0.0956644515310163,-4.16891945220244
16.7075,-3.42266886034373,-0.0956644515310163,-4.17401257172469
16.71,-3.37172428181163,-0.0956644515310163,-4.16891945220244
16.7125,-3.41757440249052,-0.0956644515310163,-4.16891945220244
16.715,-3.39210211322447,-0.0956644515310163,-4.18419881076919
16.7175,-3.43795223390337,-0.0956644515310163,-4.20457128885819
16.72,-3.44304669175658,-0.0905687587252277,-4.21475752790269
16.7225,-3.45833006531621,-0.0854730659194392,-4.21475752790269
16.725,-3.48889681243547,-0.0956644515310163,-4.21475752790269
16.7275,-3.49399127028868,-0.0956644515310163,-4.18929193029144
16.73,-3.58059705379326,-0.0956644515310163,-4.18419881076919
16.7325,-3.60097488520611,-0.0956644515310163,-4.16382633268019
16.735,-3.63154163232537,-0.0905687587252277,-4.21475752790269
16.7375,-3.63663609017858,-0.0956644515310163,-4.20966440838044
16.74,-3.62135271661895,-0.0956644515310163,-4.23003688646944
16.7425,-3.58569151164647,-0.0956644515310163,-4.21985064742494
16.745,-3.68758066871069,-0.0956644515310163,-4.23003688646944
16.7475,-3.68248621085748,-0.0956644515310163,-4.24022312551393
16.75,-3.71814741582995,-0.0905687587252277,-4.24531624503618
16.7525,-3.72833633153637,-0.0956644515310163,-4.17401257172469
16.755,-3.72324187368316,-0.0956644515310163,-4.23513000599169
16.7575,-3.76399753650884,-0.0956644515310163,-4.24022312551393
16.76,-3.78437536792169,-0.0956644515310163,-4.23003688646944
16.7625,-3.77928091006848,-0.0956644515310163,-4.23513000599169
16.765,-3.79456428362811,-0.0956644515310163,-4.21985064742494
16.7675,-3.840414404307,-0.0956644515310163,-4.20966440838044
16.77,-3.85060332001342,-0.0956644515310163,-4.24531624503618
16.7725,-3.85060332001342,-0.0956644515310163,-4.18419881076919
16.775,-3.840414404307,-0.0956644515310163,-4.24022312551393
16.7775,-3.84550886216021,-0.0956644515310163,-4.23513000599169
16.78,-4.04419271843543,-0.0905687587252277,-4.23003688646944
16.7825,-3.95249247707764,-0.0905687587252277,-4.24022312551393
16.785,-4.0798539234079,-0.0956644515310163,-4.18929193029144
16.7875,-4.09513729696753,-0.0956644515310163,-4.19438504981369
16.79,-4.0798539234079,-0.0956644515310163,-4.18929193029144
16.7925,-4.00853151346295,-0.0956644515310163,-4.13326761554669
16.795,-4.06457054984827,-0.0956644515310163,-4.16382633268019
16.7975,-4.05947609199506,-0.0956644515310163,-4.17910569124694
16.8,-4.06966500770148,-0.0956644515310163,-4.20966440838044
16.8025,-4.03909826058222,-0.100760144336805,-4.23003688646944
16.805,-4.06457054984827,-0.0956644515310163,-4.25550248408068
16.8075,-4.05947609199506,-0.0956644515310163,-4.29624744025868
16.81,-4.06457054984827,-0.0956644515310163,-4.25040936455843
16.8125,-4.05438163414185,-0.0956644515310163,-4.25550248408068
16.815,-4.05438163414185,-0.0956644515310163,-4.24531624503618
16.8175,-4.04928717628864,-0.0905687587252277,-4.27587496216968
16.82,-4.06966500770148,-0.0956644515310163,-4.25040936455843
16.8225,-4.06457054984827,-0.0956644515310163,-4.20457128885819
16.825,-4.06457054984827,-0.0956644515310163,-4.20966440838044
16.8275,-4.02381488702258,-0.0956644515310163,-4.20457128885819
16.83,-4.02381488702258,-0.0956644515310163,-4.19947816933594
16.8325,-4.01362597131616,-0.0956644515310163,-4.25550248408068
16.835,-4.01872042916937,-0.0956644515310163,-4.24531624503618
16.8375,-4.00343705560974,-0.0956644515310163,-4.22494376694719
16.84,-3.99324813990332,-0.0956644515310163,-4.24022312551393
16.8425,-3.99324813990332,-0.0956644515310163,-4.24531624503618
16.845,-3.99324813990332,-0.0956644515310163,-4.24022312551393
16.8475,-3.99324813990332,-0.0956644515310163,-4.23513000599169
16.85,-3.98815368205011,-0.0956644515310163,-4.21985064742494
16.8525,-3.98815368205011,-0.0956644515310163,-4.21475752790269
16.855,-3.9830592241969,-0.0956644515310163,-4.21475752790269
16.8575,-3.97796476634369,-0.0956644515310163,-4.21475752790269
16.86,-3.97796476634369,-0.0956644515310163,-4.19947816933594
16.8625,-3.97287030849048,-0.0956644515310163,-4.20966440838044
16.865,-3.96777585063727,-0.0956644515310163,-4.19438504981369
16.8675,-3.96777585063727,-0.0956644515310163,-4.19947816933594
16.87,-3.9830592241969,-0.0956644515310163,-4.19438504981369
16.8725,-4.00343705560974,-0.0956644515310163,-4.24022312551393
16.875,-3.93720910351801,-0.0956644515310163,-4.20966440838044
16.8775,-3.94739801922443,-0.0956644515310163,-4.19947816933594
16.88,-3.93720910351801,-0.0956644515310163,-4.20457128885819
16.8825,-3.94739801922443,-0.0956644515310163,-4.19438504981369
16.885,-3.94230356137122,-0.0956644515310163,-4.19438504981369
16.8875,-3.94230356137122,-0.0956644515310163,-4.19947816933594
16.89,-3.93720910351801,-0.0956644515310163,-4.20966440838044
16.8925,-3.91683127210516,-0.0956644515310163,-4.24531624503618
16.895,-3.91173681425195,-0.0956644515310163,-4.19947816933594
16.8975,-3.91683127210516,-0.0956644515310163,-4.19947816933594
16.9,-3.94230356137122,-0.0956644515310163,-4.19947816933594
16.9025,-3.91683127210516,-0.0956644515310163,-4.18929193029144
16.905,-3.91173681425195,-0.0956644515310163,-4.19438504981369
16.9075,-3.94230356137122,-0.0956644515310163,-4.18419881076919
16.91,-3.94230356137122,-0.0956644515310163,-4.18419881076919
16.9125,-3.94230356137122,-0.0956644515310163,-4.18419881076919
16.915,-3.94739801922443,-0.0956644515310163,-4.18419881076919
16.9175,-3.94739801922443,-0.0956644515310163,-4.18419881076919
16.92,-3.92192572995837,-0.0956644515310163,-4.17401257172469
16.9225,-3.95249247707764,-0.0956644515310163,-4.17910569124694
16.925,-3.92702018781158,-0.0956644515310163,-4.17401257172469
16.9275,-3.96268139278406,-0.0956644515310163,-4.16891945220244
16.93,-3.93211464566479,-0.0956644515310163,-4.17401257172469
16.9325,-3.94739801922443,-0.0956644515310163,-4.16382633268019
16.935,-3.95249247707764,-0.0956644515310163,-4.17401257172469
16.9375,-3.93211464566479,-0.0956644515310163,-4.16382633268019
16.94,-3.95758693493085,-0.0956644515310163,-4.16891945220244
16.9425,-3.95249247707764,-0.0956644515310163,-4.19438504981369
16.945,-3.95249247707764,-0.0956644515310163,-4.18929193029144
16.9475,-0.0959878821972175,-0.0956644515310163,-4.16382633268019
16.95,-0.0959878821972175,-0.0956644515310163,-4.15364009363569
16.9525,-0.0908934243440065,-0.100760144336805,-4.15364009363569
16.955,-0.0959878821972175,-0.0956644515310163,-4.17910569124694
16.9575,-3.840414404307,-0.0956644515310163,-4.17401257172469
16.96,-3.840414404307,-0.0905687587252277,-4.18419881076919
16.9625,-3.83022548860058,-0.0905687587252277,-4.17401257172469
16.965,-3.83022548860058,-0.0956644515310163,-4.18419881076919
16.9675,-3.84550886216021,-0.0956644515310163,-4.18419881076919
16.97,-0.0959878821972175,-0.0956644515310163,-4.17910569124694
16.9725,-3.76399753650884,-0.0956644515310163,-4.19438504981369
16.975,-3.76399753650884,-0.0956644515310163,-4.20966440838044
16.9775,-3.75380862080242,-0.0956644515310163,-4.21475752790269
16.98,-3.75380862080242,-0.0905687587252277,-4.14854697411344
16.9825,-3.74871416294921,-0.0956644515310163,-4.15873321315794
16.985,-3.76399753650884,-0.0956644515310163,-4.15364009363569
16.9875,-3.78437536792169,-0.0956644515310163,-4.17910569124694
16.99,-3.73343078938958,-0.0956644515310163,-4.18419881076919
16.9925,-3.6926751265639,-0.0956644515310163,-4.19947816933594
16.995,-3.70795850012353,-0.0905687587252277,-4.19438504981369
16.9975,-3.70795850012353,-0.0956644515310163,-4.17401257172469
17,-3.69776958441711,-0.0956644515310163,-4.16891945220244
17.0025,-3.66720283729784,-0.0956644515310163,-4.17910569124694
17.005,-3.65701392159142,-0.0956644515310163,-4.16891945220244
17.0075,-3.646825005885,-0.0956644515310163,-4.16891945220244
17.01,-3.63154163232537,-0.0956644515310163,-4.16891945220244
17.0125,-3.61116380091253,-0.0905687587252277,-4.16382633268019
17.015,-3.59588042735289,-0.0956644515310163,-4.16891945220244
17.0175,-3.59588042735289,-0.0956644515310163,-4.15873321315794
17.02,-3.58569151164647,-0.0956644515310163,-4.10780201793545
17.0225,-3.58569151164647,-0.0956644515310163,-4.1128951374577
17.025,-3.58059705379326,-0.0956644515310163,-4.15873321315794
17.0275,-3.57550259594005,-0.0956644515310163,-4.19438504981369
17.03,-3.56021922238042,-0.0956644515310163,-4.15873321315794
17.0325,-3.56021922238042,-0.0956644515310163,-4.16382633268019
17.035,-3.53984139096758,-0.0956644515310163,-4.16891945220244
17.0375,-3.52965247526116,-0.0956644515310163,-4.15873321315794
17.04,-3.51946355955474,-0.0956644515310163,-4.16891945220244
17.0425,-3.51946355955474,-0.0956644515310163,-4.15364009363569
17.045,-3.5041801859951,-0.0956644515310163,-4.15873321315794
17.0475,-3.49908572814189,-0.0956644515310163,-4.15364009363569
17.05,-3.48889681243547,-0.0956644515310163,-4.14854697411344
17.0525,-3.47870789672905,-0.0956644515310163,-4.15364009363569
17.055,-3.47361343887584,-0.0956644515310163,-4.14854697411344
17.0575,-3.46342452316942,-0.0956644515310163,-4.14854697411344
17.06,-3.45833006531621,-0.0905687587252277,-4.14854697411344
17.0625,-3.44814114960979,-0.0956644515310163,-4.14345385459119
17.065,-3.44814114960979,-0.0956644515310163,-4.15364009363569
17.0675,-3.43795223390337,-0.0956644515310163,-4.16891945220244
17.07,-3.43795223390337,-0.0956644515310163,-4.17910569124694
17.0725,-3.42776331819694,-0.0956644515310163,-4.16891945220244
17.075,-3.43285777605016,-0.0956644515310163,-4.14854697411344
17.0775,-3.42266886034373,-0.0956644515310163,-4.15873321315794
17.08,-3.42776331819694,-0.0956644515310163,-4.12308137650219
17.0825,-3.41757440249052,-0.0956644515310163,-4.13326761554669
17.085,-3.42776331819694,-0.0956644515310163,-4.11798825697995
17.0875,-3.42266886034373,-0.0956644515310163,-4.13326761554669
17.09,-3.42776331819694,-0.0956644515310163,-4.10780201793545
17.0925,-3.42266886034373,-0.0956644515310163,-4.12817449602444
17.095,-3.43285777605016,-0.0956644515310163,-4.13326761554669
17.0975,-3.42776331819694,-0.0956644515310163,-4.0314052251017
17.1,-3.43795223390337,-0.0956644515310163,-4.0517777031907
17.1025,-3.43795223390337,-0.0956644515310163,-4.13326761554669
17.105,-3.44814114960979,-0.0956644515310163,-4.11798825697995
17.1075,-3.453235607463,-0.0956644515310163,-4.1027088984132
17.11,-3.46342452316942,-0.0956644515310163,-4.08742953984645
17.1125,-3.46851898102263,-0.0956644515310163,-4.11798825697995
17.115,-3.47870789672905,-0.0956644515310163,-4.0619639422352
17.1175,-3.48889681243547,-0.0956644515310163,-4.03649834462395
17.12,-3.49399127028868,-0.0956644515310163,-4.0925226593687
17.1225,-3.5041801859951,-0.0956644515310163,-4.07724330080195
17.125,-3.51946355955474,-0.0956644515310163,-4.04668458366845
17.1275,-3.52455801740795,-0.0956644515310163,-4.0415914641462
17.13,-3.52455801740795,-0.0956644515310163,-4.0314052251017
17.1325,-3.52965247526116,-0.0956644515310163,-4.10780201793545
17.135,-3.53474693311437,-0.0956644515310163,-4.06705706175745
17.1375,-3.53984139096758,-0.0956644515310163,-4.09761577889095
17.14,-3.52965247526116,-0.0905687587252277,-3.99066026892371
17.1425,-3.53474693311437,-0.0956644515310163,-4.0110327470127
17.145,-3.53474693311437,-0.0956644515310163,-4.0110327470127
17.1475,-3.53984139096758,-0.0956644515310163,-3.98047402987921
17.15,-3.56021922238042,-0.0956644515310163,-3.90407723704546
17.1525,-3.550030306674,-0.0956644515310163,-3.91935659561221
17.155,-3.550030306674,-0.0956644515310163,-3.91935659561221
17.1575,-3.55512476452721,-0.0956644515310163,-3.98556714940146
17.16,-3.56021922238042,-0.0956644515310163,-3.91426347608996
17.1625,-3.56531368023363,-0.0956644515310163,-3.91935659561221
17.165,-3.56531368023363,-0.100760144336805,-3.97028779083471
17.1675,-3.58059705379326,-0.0956644515310163,-4.0925226593687
17.17,-3.550030306674,-0.0956644515310163,-4.00084650796821
17.1725,-3.56021922238042,-0.0956644515310163,-3.90917035656771
17.175,-3.56021922238042,-0.0956644515310163,-4.0823364203242
17.1775,-3.58569151164647,-0.0956644515310163,-3.78693548803372
17.18,-3.56021922238042,-0.0956644515310163,-3.87351851991197
17.1825,-3.57550259594005,-0.0956644515310163,-3.87861163943422
17.185,-3.56531368023363,-0.0956644515310163,-3.89898411752321
17.1875,-3.56531368023363,-0.0956644515310163,-3.87351851991197
17.19,-3.56531368023363,-0.0956644515310163,-3.89389099800096
17.1925,-3.57550259594005,-0.0956644515310163,-3.88879787847871
17.195,-3.57550259594005,-0.0956644515310163,-3.87351851991197
17.1975,-3.58059705379326,-0.0956644515310163,-3.86333228086747
17.2,-3.58569151164647,-0.0905687587252277,-3.76146989042248
17.2025,-3.550030306674,-0.0956644515310163,-3.75128365137798
17.205,-3.550030306674,-0.0956644515310163,-3.87351851991197
17.2075,-3.550030306674,-0.0956644515310163,-3.86842540038972
17.21,-3.54493584882079,-0.0956644515310163,-3.74619053185573
17.2125,-3.53984139096758,-0.0956644515310163,-3.75637677090023
17.215,-3.53984139096758,-0.0956644515310163,-3.74619053185573
17.2175,-3.53984139096758,-0.0956644515310163,-3.74619053185573
17.22,-3.53474693311437,-0.0956644515310163,-3.88370475895647
17.2225,-3.52455801740795,-0.0905687587252277,-3.90407723704546
17.225,-3.53474693311437,-0.0956644515310163,-3.91426347608996
17.2275,-3.55512476452721,-0.0956644515310163,-3.73091117328898
17.23,-3.550030306674,-0.0956644515310163,-3.73600429281123
17.2325,-3.550030306674,-0.0956644515310163,-3.73600429281123
17.235,-3.56021922238042,-0.0956644515310163,-3.73091117328898
17.2375,-3.56021922238042,-0.0956644515310163,-3.75128365137798
17.24,-3.55512476452721,-0.0956644515310163,-3.74619053185573
17.2425,-3.55512476452721,-0.0956644515310163,-3.74109741233348
17.245,-3.57040813808684,-0.0956644515310163,-3.74109741233348
17.2475,-3.56531368023363,-0.0956644515310163,-3.73600429281123
17.25,-3.57040813808684,-0.0956644515310163,-3.74619053185573
17.2525,-3.57040813808684,-0.100760144336805,-3.74619053185573
17.255,-3.58059705379326,-0.0956644515310163,-3.74109741233348
17.2575,-3.57040813808684,-0.0956644515310163,-3.74619053185573
17.26,-3.58569151164647,-0.0956644515310163,-3.90407723704546
17.2625,-3.58059705379326,-0.0956644515310163,-3.90407723704546
17.265,-3.58569151164647,-0.0956644515310163,-4.18929193029144
17.2675,-3.58569151164647,-0.0956644515310163,-3.89898411752321
17.27,-3.58569151164647,-0.0956644515310163,-3.90917035656771
17.2725,-3.59078596949968,-0.0956644515310163,-4.15873321315794
17.275,-3.60097488520611,-0.0956644515310163,-3.75637677090023
17.2775,-3.59078596949968,-0.0956644515310163,-3.76146989042248
17.28,-3.59588042735289,-0.0956644515310163,-3.76146989042248
17.2825,-3.58569151164647,-0.0956644515310163,-3.77674924898922
17.285,-3.61625825876574,-0.0956644515310163,-4.14345385459119
17.2875,-3.60606934305932,-0.0905687587252277,-3.77165612946698
17.29,-3.60606934305932,-0.0956644515310163,-3.77674924898922
17.2925,-3.60097488520611,-0.0956644515310163,-3.93463595417896
17.295,-3.62135271661895,-0.0956644515310163,-3.92444971513446
17.2975,-3.62644717447216,-0.0956644515310163,-3.78693548803372
17.3,-3.57040813808684,-0.0956644515310163,-3.78693548803372
17.3025,-3.57040813808684,-0.0956644515310163,-3.94482219322346
17.305,-3.58059705379326,-0.0956644515310163,-3.92954283465671
17.3075,-3.57550259594005,-0.0956644515310163,-4.10780201793545
17.31,-3.57550259594005,-0.0956644515310163,-4.13326761554669
17.3125,-3.58059705379326,-0.0956644515310163,-4.11798825697995
17.315,-3.58059705379326,-0.0956644515310163,-4.12817449602444
17.3175,-3.58059705379326,-0.0956644515310163,-4.12308137650219
17.32,-3.59078596949968,-0.0905687587252277,-4.17910569124694
17.3225,-3.59078596949968,-0.0956644515310163,-4.14854697411344
17.325,-3.59588042735289,-0.0956644515310163,-4.14345385459119
17.3275,-3.60097488520611,-0.0956644515310163,-4.17910569124694
17.33,-3.60606934305932,-0.0956644515310163,-4.16891945220244
17.3325,-3.61116380091253,-0.0956644515310163,-4.16891945220244
17.335,-3.61625825876574,-0.0956644515310163,-4.13836073506894
17.3375,-3.63154163232537,-0.0956644515310163,-4.13326761554669
17.34,-3.60606934305932,-0.0905687587252277,-4.13326761554669
17.3425,-3.61625825876574,-0.0956644515310163,-4.15873321315794
17.345,-3.646825005885,-0.0956644515310163,-4.1027088984132
17.3475,-3.62135271661895,-0.0956644515310163,-4.13326761554669
17.35,-3.65701392159142,-0.0956644515310163,-4.15364009363569
17.3525,-3.63154163232537,-0.0956644515310163,-4.15364009363569
17.355,-3.64173054803179,-0.0956644515310163,-4.14345385459119
17.3575,-3.64173054803179,-0.0956644515310163,-4.14854697411344
17.36,-3.62135271661895,-0.0956644515310163,-4.11798825697995
17.3625,-3.60606934305932,-0.0956644515310163,-4.11798825697995
17.365,-3.63154163232537,-0.0956644515310163,-4.12308137650219
17.3675,-3.62644717447216,-0.0956644515310163,-4.11798825697995
17.37,-3.62135271661895,-0.0956644515310163,-4.12817449602444
17.3725,-3.63154163232537,-0.0956644515310163,-4.15364009363569
17.375,-3.646825005885,-0.0956644515310163,-4.15364009363569
17.3775,-3.66210837944463,-0.0956644515310163,-4.10780201793545
17.38,-3.67229729515105,-0.0956644515310163,-4.15873321315794
17.3825,-3.66210837944463,-0.0956644515310163,-4.16891945220244
17.385,-3.70795850012353,-0.0956644515310163,-4.10780201793545
17.3875,-3.71305295797674,-0.0956644515310163,-4.16382633268019
17.39,-3.67229729515105,-0.0956644515310163,-4.14345385459119
17.3925,-3.68758066871069,-0.0956644515310163,-4.16891945220244
17.395,-3.67739175300426,-0.0905687587252277,-4.17910569124694
17.3975,-3.70286404227032,-0.0956644515310163,-4.16891945220244
17.4,-3.70286404227032,-0.0956644515310163,-4.15873321315794
17.4025,-3.70795850012353,-0.0956644515310163,-4.15873321315794
17.405,-3.68758066871069,-0.0956644515310163,-4.17910569124694
17.4075,-3.6926751265639,-0.105855837142594,-4.16382633268019
17.41,-3.70795850012353,-0.0956644515310163,-4.18419881076919
17.4125,-3.71814741582995,-0.0956644515310163,-4.21475752790269
17.415,-3.69776958441711,-0.0956644515310163,-4.19438504981369
17.4175,-3.70795850012353,-0.0956644515310163,-4.18929193029144
17.42,-3.70795850012353,-0.0956644515310163,-4.20457128885819
17.4225,-3.71814741582995,-0.0956644515310163,-4.19947816933594
17.425,-3.72324187368316,-0.0956644515310163,-4.20966440838044
17.4275,-3.73343078938958,-0.100760144336805,-4.20966440838044
17.43,-3.77928091006848,-0.0956644515310163,-4.20966440838044
17.4325,-3.7894698257749,-0.0956644515310163,-4.21475752790269
17.435,-3.79965874148132,-0.0956644515310163,-4.20966440838044
17.4375,-3.80475319933453,-0.0956644515310163,-4.21475752790269
17.44,-3.80984765718774,-0.0956644515310163,-4.20966440838044
17.4425,-3.83531994645379,-0.0956644515310163,-4.23003688646944
17.445,-3.83531994645379,-0.0956644515310163,-4.24022312551393
17.4475,-3.81494211504095,-0.0956644515310163,-4.23003688646944
17.45,-3.82513103074737,-0.0956644515310163,-4.20457128885819
17.4525,-3.83022548860058,-0.0956644515310163,-4.19438504981369
17.455,-3.840414404307,-0.0956644515310163,-4.19947816933594
17.4575,-3.84550886216021,-0.0956644515310163,-4.19947816933594
17.46,-3.85569777786664,-0.0956644515310163,-4.21985064742494
17.4625,-3.85569777786664,-0.0956644515310163,-4.23003688646944
17.465,-3.86588669357306,-0.0956644515310163,-4.19438504981369
17.4675,-3.87098115142627,-0.0956644515310163,-4.19438504981369
17.47,-3.87607560927948,-0.0956644515310163,-4.19947816933594
17.4725,-3.85569777786664,-0.0956644515310163,-4.18929193029144
17.475,-3.8862645249859,-0.0956644515310163,-4.16891945220244
17.4775,-3.8862645249859,-0.0956644515310163,-4.18419881076919
17.48,-3.94230356137122,-0.0956644515310163,-4.18929193029144
17.4825,-3.90664235639874,-0.0956644515310163,-4.18929193029144
17.485,-3.95758693493085,-0.0956644515310163,-4.17401257172469
17.4875,-3.93211464566479,-0.0956644515310163,-4.18929193029144
17.49,-3.85569777786664,-0.0956644515310163,-4.17910569124694
17.4925,-3.85060332001342,-0.0956644515310163,-4.21475752790269
17.495,-3.85060332001342,-0.0956644515310163,-4.24022312551393
17.4975,-3.87098115142627,-0.0956644515310163,-4.20966440838044
17.5,-3.92702018781158,-0.0956644515310163,-4.23513000599169
17.5025,-3.95249247707764,-0.0905687587252277,-4.22494376694719
17.505,-3.86079223571985,-0.0956644515310163,-4.19947816933594
17.5075,-3.85569777786664,-0.0956644515310163,-4.19947816933594
17.51,-3.86079223571985,-0.0956644515310163,-4.19438504981369
17.5125,-3.85060332001342,-0.0956644515310163,-4.19947816933594
17.515,-3.85569777786664,-0.0956644515310163,-4.19438504981369
17.5175,-3.85060332001342,-0.0956644515310163,-4.19438504981369
17.52,-3.91173681425195,-0.0956644515310163,-4.19438504981369
17.5225,-3.91173681425195,-0.0956644515310163,-4.18929193029144
17.525,-3.87098115142627,-0.0956644515310163,-4.19438504981369
17.5275,-3.840414404307,-0.0956644515310163,-4.18419881076919
17.53,-3.83531994645379,-0.0956644515310163,-4.15364009363569
17.5325,-3.83531994645379,-0.0956644515310163,-4.18419881076919
17.535,-3.83531994645379,-0.0956644515310163,-4.20457128885819
17.5375,-3.80984765718774,-0.0956644515310163,-4.20966440838044
17.54,-3.80984765718774,-0.0956644515310163,-4.16891945220244
17.5425,-3.86079223571985,-0.0956644515310163,-4.17401257172469
17.545,-3.77418645221527,-0.0956644515310163,-4.16891945220244
17.5475,-3.76399753650884,-0.0956644515310163,-4.16891945220244
17.55,-3.76399753650884,-0.0956644515310163,-4.16891945220244
17.5525,-3.7894698257749,-0.0956644515310163,-4.16382633268019
17.555,-3.72833633153637,-0.0956644515310163,-4.19438504981369
17.5575,-3.75890307865563,-0.0956644515310163,-4.18929193029144
17.56,-3.74871416294921,-0.0956644515310163,-4.18419881076919
17.5625,-3.75380862080242,-0.0956644515310163,-4.18929193029144
17.565,-3.77418645221527,-0.0905687587252277,-4.17910569124694
17.5675,-3.77418645221527,-0.0956644515310163,-4.21985064742494
17.57,-3.76909199436206,-0.0956644515310163,-4.20457128885819
17.5725,-3.79456428362811,-0.0956644515310163,-4.16891945220244
17.575,-3.71814741582995,-0.0956644515310163,-4.16891945220244
17.5775,-3.72833633153637,-0.0956644515310163,-4.15873321315794
17.58,-3.72324187368316,-0.0956644515310163,-4.15873321315794
17.5825,-3.72324187368316,-0.0956644515310163,-4.14345385459119
17.585,-3.71814741582995,-0.0956644515310163,-4.16891945220244
17.5875,-3.72324187368316,-0.0956644515310163,-4.16382633268019
17.59,-3.743619705096,-0.0956644515310163,-4.14854697411344
17.5925,-3.74871416294921,-0.0956644515310163,-4.15364009363569
17.595,-3.71814741582995,-0.0956644515310163,-4.13836073506894
17.5975,-3.6926751265639,-0.0956644515310163,-4.13836073506894
17.6,-3.68248621085748,-0.0956644515310163,-4.13326761554669
17.6025,-3.68758066871069,-0.0956644515310163,-4.1128951374577
17.605,-3.67739175300426,-0.0956644515310163,-4.11798825697995
17.6075,-3.68248621085748,-0.0956644515310163,-4.10780201793545
17.61,-3.67229729515105,-0.0956644515310163,-4.10780201793545
17.6125,-3.66720283729784,-0.0956644515310163,-4.09761577889095
17.615,-3.67739175300426,-0.0956644515310163,-4.0925226593687
17.6175,-3.67739175300426,-0.0956644515310163,-4.11798825697995
17.62,-3.66720283729784,-0.0956644515310163,-4.0823364203242
17.6225,-3.66210837944463,-0.0956644515310163,-4.11798825697995
17.625,-3.65191946373821,-0.0956644515310163,-4.1027088984132
17.6275,-3.64173054803179,-0.0956644515310163,-4.09761577889095
17.63,-3.65701392159142,-0.0956644515310163,-4.0721501812797
17.6325,-3.66210837944463,-0.0956644515310163,-4.0823364203242
17.635,-3.58059705379326,-0.0956644515310163,-4.08742953984645
17.6375,-3.58059705379326,-0.0956644515310163,-4.09761577889095
17.64,-3.57550259594005,-0.0956644515310163,-4.1027088984132
17.6425,-3.57040813808684,-0.0956644515310163,-4.09761577889095
17.645,-3.56531368023363,-0.0956644515310163,-4.0925226593687
17.6475,-3.56531368023363,-0.0956644515310163,-4.0925226593687
17.65,-3.56021922238042,-0.0956644515310163,-4.08742953984645
17.6525,-3.56021922238042,-0.0956644515310163,-4.08742953984645
17.655,-3.55512476452721,-0.0956644515310163,-4.08742953984645
17.6575,-3.55512476452721,-0.0956644515310163,-4.0721501812797
17.66,-3.52455801740795,-0.0956644515310163,-4.12308137650219
17.6625,-3.550030306674,-0.0956644515310163,-4.06705706175745
17.665,-3.54493584882079,-0.0905687587252277,-4.10780201793545
17.6675,-3.51946355955474,-0.0956644515310163,-4.09761577889095
17.67,-3.55512476452721,-0.0956644515310163,-4.0721501812797
17.6725,-3.51946355955474,-0.0956644515310163,-4.1128951374577
17.675,-3.58059705379326,-0.0956644515310163,-4.07724330080195
17.6775,-3.55512476452721,-0.0956644515310163,-4.0823364203242
17.68,-3.58569151164647,-0.0956644515310163,-4.0721501812797
17.6825,-3.56021922238042,-0.0956644515310163,-4.0619639422352
17.685,-3.56531368023363,-0.0956644515310163,-4.06705706175745
17.6875,-3.53474693311437,-0.0956644515310163,-4.06705706175745
17.69,-3.54493584882079,-0.0956644515310163,-4.07724330080195
17.6925,-3.54493584882079,-0.0956644515310163,-4.09761577889095
17.695,-3.54493584882079,-0.0956644515310163,-4.0619639422352
17.6975,-3.54493584882079,-0.0956644515310163,-4.05687082271295
17.7,-3.55512476452721,-0.0956644515310163,-4.0517777031907
17.7025,-3.55512476452721,-0.0956644515310163,-4.06705706175745
17.705,-3.56531368023363,-0.0956644515310163,-4.05687082271295
17.7075,-3.56021922238042,-0.0956644515310163,-4.0517777031907
17.71,-3.56531368023363,-0.0956644515310163,-4.0517777031907
17.7125,-3.56021922238042,-0.0956644515310163,-4.06705706175745
17.715,-3.56531368023363,-0.0956644515310163,-4.06705706175745
17.7175,-3.56021922238042,-0.0956644515310163,-4.06705706175745
17.72,-0.0959878821972175,-0.0956644515310163,-4.0721501812797
17.7225,-3.51946355955474,-0.0956644515310163,-4.07724330080195
17.725,-3.50927464384831,-0.0956644515310163,-4.0721501812797
17.7275,-3.5041801859951,-0.0956644515310163,-4.1027088984132
17.73,-3.49908572814189,-0.0956644515310163,-4.08742953984645
17.7325,-3.48889681243547,-0.0956644515310163,-4.0721501812797
17.735,-3.51436910170153,-0.0956644515310163,-4.06705706175745
17.7375,-3.5041801859951,-0.0956644515310163,-4.0721501812797
17.74,-3.5041801859951,-0.0956644515310163,-4.0823364203242
17.7425,-3.48380235458226,-0.0956644515310163,-4.0314052251017
17.745,-3.47870789672905,-0.0956644515310163,-4.03649834462395
17.7475,-3.47870789672905,-0.0956644515310163,-4.03649834462395
17.75,-3.47870789672905,-0.0956644515310163,-4.0314052251017
17.7525,-3.47870789672905,-0.0956644515310163,-4.04668458366845
17.755,-3.5041801859951,-0.0956644515310163,-4.0619639422352
17.7575,-3.47870789672905,-0.0956644515310163,-4.07724330080195
17.76,-3.48380235458226,-0.0956644515310163,-4.0721501812797
17.7625,-3.48380235458226,-0.0956644515310163,-4.0823364203242
17.765,-3.48380235458226,-0.0956644515310163,-4.08742953984645
17.7675,-3.49399127028868,-0.0905687587252277,-4.05687082271295
17.77,-3.48889681243547,-0.0956644515310163,-4.06705706175745
17.7725,-3.49399127028868,-0.0956644515310163,-4.0925226593687
17.775,-3.49399127028868,-0.0956644515310163,-4.0721501812797
17.7775,-3.52455801740795,-0.0956644515310163,-4.07724330080195
17.78,-3.50927464384831,-0.0956644515310163,-4.04668458366845
17.7825,-3.51946355955474,-0.0956644515310163,-4.06705706175745
17.785,-3.51946355955474,-0.0956644515310163,-4.05687082271295
17.7875,-3.52965247526116,-0.0956644515310163,-4.0619639422352
17.79,-3.53474693311437,-0.0956644515310163,-4.08742953984645
17.7925,-3.550030306674,-0.0956644515310163,-4.08742953984645
17.795,-3.550030306674,-0.0905687587252277,-4.14345385459119
17.7975,-3.56531368023363,-0.0956644515310163,-4.0823364203242
17.8,-3.56531368023363,-0.0956644515310163,-4.08742953984645
17.8025,-3.57550259594005,-0.0956644515310163,-4.08742953984645
17.805,-3.58569151164647,-0.0956644515310163,-4.06705706175745
17.8075,-3.59078596949968,-0.0956644515310163,-4.0721501812797
17.81,-3.59078596949968,-0.0905687587252277,-4.08742953984645
17.8125,-3.62644717447216,-0.0956644515310163,-4.12308137650219
17.815,-3.59588042735289,-0.0956644515310163,-4.0925226593687
17.8175,-3.61116380091253,-0.0956644515310163,-4.08742953984645
17.82,-3.60606934305932,-0.0956644515310163,-4.09761577889095
17.8225,-3.62135271661895,-0.0956644515310163,-4.08742953984645
17.825,-3.61625825876574,-0.0956644515310163,-4.13326761554669
17.8275,-3.61625825876574,-0.0956644515310163,-4.1027088984132
17.83,-3.63663609017858,-0.0956644515310163,-4.10780201793545
17.8325,-3.63154163232537,-0.0956644515310163,-4.1128951374577
17.835,-3.68758066871069,-0.0956644515310163,-4.08742953984645
17.8375,-3.62135271661895,-0.0956644515310163,-4.11798825697995
17.84,-3.62644717447216,-0.0905687587252277,-4.1128951374577
17.8425,-3.63154163232537,-0.0905687587252277,-4.11798825697995
17.845,-3.63154163232537,-0.0956644515310163,-4.11798825697995
17.8475,-3.63663609017858,-0.0956644515310163,-4.1128951374577
17.85,-3.63663609017858,-0.0956644515310163,-4.12308137650219
17.8525,-3.68248621085748,-0.0956644515310163,-4.1128951374577
17.855,-3.63663609017858,-0.0956644515310163,-4.12308137650219
17.8575,-3.66210837944463,-0.0956644515310163,-4.11798825697995
17.86,-3.66210837944463,-0.0956644515310163,-4.12308137650219
17.8625,-3.70286404227032,-0.0956644515310163,-4.12308137650219
17.865,-3.71305295797674,-0.0956644515310163,-4.11798825697995
17.8675,-3.71305295797674,-0.0956644515310163,-4.13326761554669
17.87,-3.71305295797674,-0.0956644515310163,-4.15364009363569
17.8725,-3.67739175300426,-0.0956644515310163,-4.15364009363569
17.875,-3.70286404227032,-0.0956644515310163,-4.13326761554669
17.8775,-3.69776958441711,-0.0956644515310163,-4.12817449602444
17.88,-3.69776958441711,-0.0956644515310163,-4.13836073506894
17.8825,-3.6926751265639,-0.0956644515310163,-4.14345385459119
17.885,-3.6926751265639,-0.0956644515310163,-4.14345385459119
17.8875,-3.70795850012353,-0.0956644515310163,-4.12817449602444
17.89,-3.73343078938958,-0.0956644515310163,-4.14854697411344
17.8925,-3.72833633153637,-0.0956644515310163,-4.15873321315794
17.895,-3.70795850012353,-0.0956644515310163,-4.13326761554669
17.8975,-3.70286404227032,-0.0956644515310163,-4.13326761554669
17.9,-3.70286404227032,-0.0956644515310163,-4.16891945220244
17.9025,-3.70795850012353,-0.0905687587252277,-4.15364009363569
17.905,-3.68758066871069,-0.0956644515310163,-4.16382633268019
17.9075,-3.70795850012353,-0.0905687587252277,-4.15364009363569
17.91,-3.71814741582995,-0.0956644515310163,-4.15873321315794
17.9125,-3.72833633153637,-0.0956644515310163,-4.16891945220244
17.915,-3.73343078938958,-0.0956644515310163,-4.16382633268019
17.9175,-3.69776958441711,-0.0956644515310163,-4.17401257172469
17.92,-3.75380862080242,-0.0905687587252277,-4.16382633268019
17.9225,-3.74871416294921,-0.0956644515310163,-4.16891945220244
17.925,-3.74871416294921,-0.0956644515310163,-4.16382633268019
17.9275,-3.71814741582995,-0.0956644515310163,-4.16382633268019
17.93,-3.73343078938958,-0.0956644515310163,-4.16891945220244
17.9325,-3.72324187368316,-0.0905687587252277,-4.16891945220244
17.935,-3.72324187368316,-0.0956644515310163,-4.14854697411344
17.9375,-3.72324187368316,-0.0956644515310163,-4.17401257172469
17.94,-3.72324187368316,-0.0956644515310163,-4.21475752790269
17.9425,-3.71305295797674,-0.0956644515310163,-4.19947816933594
17.945,-3.71814741582995,-0.0956644515310163,-4.18929193029144
17.9475,-3.70795850012353,-0.0956644515310163,-4.17401257172469
17.95,-3.70795850012353,-0.100760144336805,-4.19947816933594
17.9525,-3.69776958441711,-0.0956644515310163,-4.19438504981369
17.955,-3.72324187368316,-0.0956644515310163,-4.20457128885819
17.9575,-3.70286404227032,-0.0956644515310163,-4.19438504981369
17.96,-3.72324187368316,-0.0956644515310163,-4.20457128885819
17.9625,-3.71814741582995,-0.0956644515310163,-4.19947816933594
17.965,-3.71305295797674,-0.0956644515310163,-4.19947816933594
17.9675,-3.70795850012353,-0.0956644515310163,-4.20966440838044
17.97,-3.70795850012353,-0.0905687587252277,-4.19947816933594
17.9725,-3.70795850012353,-0.0956644515310163,-4.21475752790269
17.975,-3.70795850012353,-0.0956644515310163,-4.20457128885819
17.9775,-3.70286404227032,-0.0956644515310163,-4.20966440838044
17.98,-3.69776958441711,-0.0956644515310163,-4.21475752790269
17.9825,-3.6926751265639,-0.0956644515310163,-4.21475752790269
17.985,-3.66720283729784,-0.0956644515310163,-4.22494376694719
17.9875,-3.71305295797674,-0.0956644515310163,-4.21985064742494
17.99,-3.68248621085748,-0.0956644515310163,-4.22494376694719
17.9925,-3.68248621085748,-0.0956644515310163,-4.23003688646944
17.995,-3.67229729515105,-0.0956644515310163,-4.22494376694719
17.9975,-3.67229729515105,-0.0956644515310163,-4.20966440838044
18,-3.66210837944463,-0.0956644515310163,-4.23003688646944
18.0025,-3.66210837944463,-0.0956644515310163,-4.23003688646944
18.005,-3.66210837944463,-0.0956644515310163,-4.26059560360293
18.0075,-3.65701392159142,-0.0956644515310163,-4.23513000599169
18.01,-3.646825005885,-0.0956644515310163,-4.25040936455843
18.0125,-3.646825005885,-0.0956644515310163,-4.31152679882543
18.015,-3.646825005885,-0.0956644515310163,-4.26059560360293
18.0175,-3.65191946373821,-0.0956644515310163,-4.23003688646944
18.02,-3.646825005885,-0.0956644515310163,-4.22494376694719
18.0225,-3.646825005885,-0.0956644515310163,-4.23513000599169
18.025,-3.646825005885,-0.0956644515310163,-4.23003688646944
18.0275,-3.65191946373821,-0.0956644515310163,-4.23513000599169
18.03,-3.646825005885,-0.0956644515310163,-4.23003688646944
18.0325,-3.646825005885,-0.0905687587252277,-4.19947816933594
18.035,-3.646825005885,-0.0956644515310163,-4.21475752790269
18.0375,-3.646825005885,-0.0956644515310163,-4.20457128885819
18.04,-3.63663609017858,-0.0956644515310163,-4.21475752790269
18.0425,-3.646825005885,-0.0956644515310163,-4.20966440838044
18.045,-3.63663609017858,-0.0956644515310163,-4.21475752790269
18.0475,-3.63154163232537,-0.0956644515310163,-4.21985064742494
18.05,-3.63663609017858,-0.0956644515310163,-4.20966440838044
18.0525,-3.63154163232537,-0.0956644515310163,-4.20966440838044
18.055,-3.62644717447216,-0.0956644515310163,-4.20966440838044
18.0575,-3.62644717447216,-0.0956644515310163,-4.26568872312518
18.06,-3.62135271661895,-0.0956644515310163,-4.21475752790269
18.0625,-3.62135271661895,-0.0905687587252277,-4.20457128885819
18.065,-3.61116380091253,-0.0956644515310163,-4.22494376694719
18.0675,-3.60606934305932,-0.0956644515310163,-4.27078184264743
18.07,-3.60606934305932,-0.0956644515310163,-4.24022312551393
18.0725,-3.58569151164647,-0.0956644515310163,-4.24531624503618
18.075,-3.58569151164647,-0.0956644515310163,-4.24022312551393
18.0775,-3.57550259594005,-0.0956644515310163,-4.25040936455843
18.08,-3.59078596949968,-0.0956644515310163,-4.24531624503618
18.0825,-3.54493584882079,-0.0956644515310163,-4.23513000599169
18.085,-3.54493584882079,-0.0956644515310163,-4.27078184264743
18.0875,-3.52965247526116,-0.0905687587252277,-4.28096808169193
18.09,-3.52455801740795,-0.0956644515310163,-4.25550248408068
18.0925,-3.51436910170153,-0.0956644515310163,-4.25040936455843
18.095,-3.50927464384831,-0.0956644515310163,-4.24531624503618
18.0975,-3.49908572814189,-0.0956644515310163,-4.25040936455843
18.1,-3.49908572814189,-0.0905687587252277,-4.20457128885819
18.1025,-3.49908572814189,-0.0956644515310163,-4.23513000599169
18.105,-3.49399127028868,-0.0956644515310163,-4.22494376694719
18.1075,-3.48380235458226,-0.0956644515310163,-4.21985064742494
18.11,-3.48380235458226,-0.0956644515310163,-4.21985064742494
18.1125,-3.47870789672905,-0.0956644515310163,-4.20966440838044
18.115,-3.48380235458226,-0.0956644515310163,-4.20966440838044
18.1175,-3.47870789672905,-0.0956644515310163,-4.20966440838044
18.12,-3.48889681243547,-0.0956644515310163,-4.19438504981369
18.1225,-3.48380235458226,-0.0956644515310163,-4.19947816933594
18.125,-3.48380235458226,-0.0956644515310163,-4.19947816933594
18.1275,-3.47870789672905,-0.0956644515310163,-4.20966440838044
18.13,-3.48889681243547,-0.0956644515310163,-4.16891945220244
18.1325,-3.48889681243547,-0.100760144336805,-4.19947816933594
18.135,-3.49908572814189,-0.0956644515310163,-4.19438504981369
18.1375,-3.5041801859951,-0.0956644515310163,-4.18929193029144
18.14,-3.50927464384831,-0.0956644515310163,-4.22494376694719
18.1425,-3.51436910170153,-0.0956644515310163,-4.27078184264743
18.145,-3.51436910170153,-0.0956644515310163,-4.19947816933594
18.1475,-3.51946355955474,-0.0905687587252277,-4.19947816933594
18.15,-3.52965247526116,-0.0956644515310163,-4.26568872312518
18.1525,-3.53984139096758,-0.0905687587252277,-4.21475752790269
18.155,-3.54493584882079,-0.0956644515310163,-4.19947816933594
18.1575,-3.56021922238042,-0.0956644515310163,-4.15364009363569
18.16,-3.52965247526116,-0.0956644515310163,-4.17401257172469
18.1625,-3.56021922238042,-0.0956644515310163,-4.17401257172469
18.165,-3.55512476452721,-0.0956644515310163,-4.17401257172469
18.1675,-3.56021922238042,-0.0905687587252277,-4.14345385459119
18.17,-3.55512476452721,-0.0956644515310163,-4.18419881076919
18.1725,-3.56021922238042,-0.0854730659194392,-4.17910569124694
18.175,-3.56021922238042,-0.0956644515310163,-4.17401257172469
18.1775,-3.56021922238042,-0.0956644515310163,-4.17910569124694
18.18,-3.55512476452721,-0.0956644515310163,-4.16891945220244
18.1825,-3.56531368023363,-0.0956644515310163,-4.21475752790269
18.185,-3.550030306674,-0.0956644515310163,-4.18419881076919
18.1875,-3.56531368023363,-0.0956644515310163,-4.17401257172469
18.19,-3.55512476452721,-0.0956644515310163,-4.18419881076919
18.1925,-3.56021922238042,-0.0956644515310163,-4.06705706175745
18.195,-3.550030306674,-0.0905687587252277,-4.12817449602444
18.1975,-3.55512476452721,-0.0956644515310163,-4.16891945220244
18.2,-3.55512476452721,-0.0956644515310163,-4.19438504981369
18.2025,-3.56021922238042,-0.0956644515310163,-4.19438504981369
18.205,-3.56021922238042,-0.0956644515310163,-4.18419881076919
18.2075,-3.56531368023363,-0.0956644515310163,-4.13326761554669
18.21,-3.56021922238042,-0.0956644515310163,-3.95500843226796
18.2125,-3.56531368023363,-0.0956644515310163,-4.17401257172469
18.215,-3.56021922238042,-0.0956644515310163,-4.02631210557945
18.2175,-3.56531368023363,-0.0956644515310163,-4.14854697411344
18.22,-3.550030306674,-0.0956644515310163,-4.18929193029144
18.2225,-3.55512476452721,-0.0956644515310163,-4.15364009363569
18.225,-3.550030306674,-0.0956644515310163,-4.15873321315794
18.2275,-3.550030306674,-0.0956644515310163,-4.16382633268019
18.23,-3.550030306674,-0.0956644515310163,-4.15873321315794
18.2325,-3.550030306674,-0.0956644515310163,-4.14345385459119
18.235,-3.54493584882079,-0.0956644515310163,-4.13836073506894
18.2375,-3.550030306674,-0.0956644515310163,-4.15364009363569
18.24,-3.54493584882079,-0.0956644515310163,-4.18929193029144
18.2425,-3.52965247526116,-0.0956644515310163,-4.17910569124694
18.245,-3.53474693311437,-0.0956644515310163,-4.18929193029144
18.2475,-3.51946355955474,-0.0956644515310163,-4.23003688646944
18.25,-3.51436910170153,-0.0956644515310163,-4.23003688646944
18.2525,-3.51436910170153,-0.0956644515310163,-4.16382633268019
18.255,-3.51946355955474,-0.0956644515310163,-4.18929193029144
18.2575,-3.50927464384831,-0.0956644515310163,-4.17401257172469
18.26,-3.51946355955474,-0.0956644515310163,-4.16891945220244
18.2625,-3.51436910170153,-0.0956644515310163,-4.28606120121418
18.265,-3.51946355955474,-0.0956644515310163,-4.28606120121418
18.2675,-3.51436910170153,-0.0956644515310163,-4.0212189860572
18.27,-3.52965247526116,-0.0956644515310163,-4.20966440838044
18.2725,-3.51946355955474,-0.0956644515310163,-4.22494376694719
18.275,-3.52965247526116,-0.0956644515310163,-4.18419881076919
18.2775,-3.52965247526116,-0.0956644515310163,-4.15364009363569
18.28,-3.53984139096758,-0.0956644515310163,-3.98556714940146
18.2825,-3.52965247526116,-0.0956644515310163,-3.99066026892371
18.285,-3.53984139096758,-0.0956644515310163,-3.90407723704546
18.2875,-3.52965247526116,-0.0956644515310163,-3.85823916134522
18.29,-3.53474693311437,-0.0956644515310163,-3.86333228086747
18.2925,-3.52455801740795,-0.0956644515310163,-3.85823916134522
18.295,-3.53474693311437,-0.0956644515310163,-3.83786668325622
18.2975,-3.52965247526116,-0.0956644515310163,-3.86333228086747
18.3,-3.53984139096758,-0.0956644515310163,-3.86333228086747
18.3025,-3.52965247526116,-0.0956644515310163,-3.86842540038972
18.305,-3.53474693311437,-0.0956644515310163,-3.86333228086747
18.3075,-3.53474693311437,-0.0956644515310163,-3.87351851991197
18.31,-3.53984139096758,-0.0956644515310163,-3.86333228086747
18.3125,-3.53984139096758,-0.0956644515310163,-3.86842540038972
18.315,-3.53984139096758,-0.0956644515310163,-3.84295980277847
18.3175,-3.54493584882079,-0.0956644515310163,-3.86842540038972
18.32,-3.54493584882079,-0.0956644515310163,-3.87351851991197
18.3225,-3.550030306674,-0.0956644515310163,-4.00593962749045
18.325,-3.550030306674,-0.0956644515310163,-3.98556714940146
18.3275,-3.550030306674,-0.0956644515310163,-4.0110327470127
18.33,-3.56021922238042,-0.0956644515310163,-4.00593962749045
18.3325,-3.57040813808684,-0.0956644515310163,-4.0415914641462
18.335,-3.57040813808684,-0.0956644515310163,-3.97538091035696
18.3375,-3.60606934305932,-0.0956644515310163,-4.0110327470127
18.34,-3.57550259594005,-0.0956644515310163,-4.00593962749045
18.3425,-3.59078596949968,-0.0956644515310163,-3.89389099800096
18.345,-3.59078596949968,-0.105855837142594,-4.0314052251017
18.3475,-3.61116380091253,-0.0956644515310163,-4.15873321315794
18.35,-3.61116380091253,-0.0956644515310163,-4.19947816933594
18.3525,-3.63154163232537,-0.0956644515310163,-4.19438504981369
18.355,-3.63154163232537,-0.0956644515310163,-4.19947816933594
18.3575,-3.646825005885,-0.0956644515310163,-4.00593962749045
18.36,-3.65701392159142,-0.0956644515310163,-4.12817449602444
18.3625,-3.67229729515105,-0.0956644515310163,-4.17401257172469
18.365,-3.67739175300426,-0.0956644515310163,-4.17401257172469
18.3675,-3.68758066871069,-0.0956644515310163,-4.19438504981369
18.37,-3.73343078938958,-0.0956644515310163,-4.17401257172469
18.3725,-3.72833633153637,-0.0956644515310163,-4.16382633268019
18.375,-3.72324187368316,-0.0956644515310163,-4.21985064742494
18.3775,-3.73852524724279,-0.0956644515310163,-4.15364009363569
18.38,-3.743619705096,-0.0905687587252277,-4.18419881076919
18.3825,-3.77928091006848,-0.0956644515310163,-4.20966440838044
18.385,-3.74871416294921,-0.0956644515310163,-4.14345385459119
18.3875,-3.75380862080242,-0.0956644515310163,-4.17401257172469
18.39,-3.78437536792169,-0.0956644515310163,-4.18929193029144
18.3925,-3.78437536792169,-0.0956644515310163,-4.15873321315794
18.395,-3.7894698257749,-0.0956644515310163,-4.0823364203242
18.3975,-3.77418645221527,-0.0956644515310163,-4.15364009363569
18.4,-3.78437536792169,-0.0956644515310163,-4.18419881076919
18.4025,-3.7894698257749,-0.0956644515310163,-4.16891945220244
18.405,-3.79965874148132,-0.0956644515310163,-4.18419881076919
18.4075,-3.80475319933453,-0.0956644515310163,-4.14854697411344
18.41,-3.81494211504095,-0.0956644515310163,-4.14854697411344
18.4125,-3.840414404307,-0.0956644515310163,-4.15364009363569
18.415,-3.82513103074737,-0.0956644515310163,-4.15364009363569
18.4175,-3.83531994645379,-0.0956644515310163,-4.15364009363569
18.42,-3.84550886216021,-0.0956644515310163,-4.15873321315794
18.4225,-3.85060332001342,-0.0956644515310163,-4.21985064742494
18.425,-3.86079223571985,-0.0956644515310163,-4.14854697411344
18.4275,-3.86588669357306,-0.0905687587252277,-4.14345385459119
18.43,-3.87607560927948,-0.0956644515310163,-4.14854697411344
18.4325,-3.87098115142627,-0.0956644515310163,-4.12817449602444
18.435,-3.88117006713269,-0.0956644515310163,-4.12817449602444
18.4375,-3.87098115142627,-0.0956644515310163,-4.13836073506894
18.44,-3.87607560927948,-0.0956644515310163,-4.13326761554669
18.4425,-3.87098115142627,-0.0956644515310163,-4.14345385459119
18.445,-3.87098115142627,-0.0956644515310163,-4.13836073506894
18.4475,-3.86079223571985,-0.0956644515310163,-4.13836073506894
18.45,-3.87607560927948,-0.0956644515310163,-4.14345385459119
18.4525,-3.87098115142627,-0.0956644515310163,-4.14345385459119
18.455,-3.89645344069232,-0.0956644515310163,-4.15364009363569
18.4575,-3.85060332001342,-0.0956644515310163,-4.15364009363569
18.46,-3.87607560927948,-0.0956644515310163,-4.14345385459119
18.4625,-3.86079223571985,-0.0956644515310163,-4.17910569124694
18.465,-3.89645344069232,-0.0956644515310163,-4.13326761554669
18.4675,-3.82513103074737,-0.0956644515310163,-4.14345385459119
18.47,-3.80984765718774,-0.0956644515310163,-4.13326761554669
18.4725,-3.80984765718774,-0.0905687587252277,-4.16382633268019
18.475,-3.79965874148132,-0.0956644515310163,-4.16891945220244
18.4775,-3.79456428362811,-0.0956644515310163,-4.12817449602444
18.48,-3.78437536792169,-0.0956644515310163,-4.15873321315794
18.4825,-3.77928091006848,-0.0905687587252277,-4.15364009363569
18.485,-3.77418645221527,-0.0956644515310163,-4.11798825697995
18.4875,-3.76399753650884,-0.0956644515310163,-4.15364009363569
18.49,-3.75890307865563,-0.0956644515310163,-4.16382633268019
18.4925,-3.743619705096,-0.0956644515310163,-4.16891945220244
18.495,-3.73852524724279,-0.100760144336805,-4.13836073506894
18.4975,-3.73343078938958,-0.0956644515310163,-4.14345385459119
18.5,-3.72324187368316,-0.0956644515310163,-4.14854697411344
18.5025,-3.71305295797674,-0.0956644515310163,-4.14854697411344
18.505,-3.70795850012353,-0.0956644515310163,-4.15364009363569
18.5075,-3.70286404227032,-0.0956644515310163,-4.15364009363569
18.51,-3.71814741582995,-0.0956644515310163,-4.12817449602444
18.5125,-3.71305295797674,-0.0956644515310163,-4.16382633268019
18.515,-3.67739175300426,-0.0854730659194392,-4.15364009363569
18.5175,-3.646825005885,-0.0956644515310163,-4.16891945220244
18.52,-3.64173054803179,-0.0956644515310163,-4.12817449602444
18.5225,-3.65701392159142,-0.0956644515310163,-4.13326761554669
18.525,-3.64173054803179,-0.0956644515310163,-4.16382633268019
18.5275,-3.63663609017858,-0.0956644515310163,-4.15364009363569
18.53,-3.61625825876574,-0.0956644515310163,-4.15873321315794
18.5325,-3.61625825876574,-0.0956644515310163,-4.14854697411344
18.535,-3.60606934305932,-0.0956644515310163,-4.17401257172469
18.5375,-3.56021922238042,-0.0956644515310163,-4.18419881076919
18.54,-3.57550259594005,-0.0956644515310163,-4.17910569124694
18.5425,-3.57040813808684,-0.0956644515310163,-4.18929193029144
18.545,-3.56021922238042,-0.0956644515310163,-4.17910569124694
18.5475,-3.57040813808684,-0.0905687587252277,-4.16891945220244
18.55,-0.0959878821972175,-0.0956644515310163,-4.18419881076919
18.5525,-0.0908934243440065,-0.0956644515310163,-4.15364009363569
18.555,-0.0908934243440065,-0.0956644515310163,-4.16891945220244
18.5575,-0.0959878821972175,-0.0956644515310163,-4.15364009363569
18.56,-0.0908934243440065,-0.0956644515310163,-4.16382633268019
18.5625,-0.0908934243440065,-0.0905687587252277,-4.15873321315794
18.565,-3.43795223390337,-0.0956644515310163,-4.15364009363569
18.5675,-3.42266886034373,-0.0956644515310163,-4.16382633268019
18.57,-3.41757440249052,-0.0956644515310163,-4.17910569124694
18.5725,-3.4073854867841,-0.0956644515310163,-4.17401257172469
18.575,-3.39210211322447,-0.0956644515310163,-4.17401257172469
18.5775,-3.38191319751805,-0.0956644515310163,-4.16891945220244
18.58,-3.37681873966484,-0.100760144336805,-4.17910569124694
18.5825,-3.37172428181163,-0.0956644515310163,-4.16891945220244
18.585,-3.37681873966484,-0.0956644515310163,-4.17401257172469
18.5875,-0.0959878821972175,-0.0956644515310163,-4.17401257172469
18.59,-0.0959878821972175,-0.0956644515310163,-4.16891945220244
18.5925,-0.0959878821972175,-0.0956644515310163,-4.17401257172469
18.595,-3.38191319751805,-0.0956644515310163,-4.16891945220244
18.5975,-3.38191319751805,-0.0956644515310163,-4.15364009363569
18.6,-3.38191319751805,-0.0956644515310163,-4.15364009363569
18.6025,-0.0908934243440065,-0.0956644515310163,-4.14854697411344
18.605,-3.27492958260063,-0.0956644515310163,-4.15364009363569
18.6075,-3.26983512474742,-0.0956644515310163,-4.14854697411344
18.61,-3.26474066689421,-0.0956644515310163,-4.16891945220244
18.6125,-3.259646209041,-0.0956644515310163,-4.16891945220244
18.615,-3.25455175118779,-0.0956644515310163,-4.16891945220244
18.6175,-3.25455175118779,-0.0956644515310163,-4.15364009363569
18.62,-3.25455175118779,-0.0956644515310163,-4.13836073506894
18.6225,-3.24436283548136,-0.0956644515310163,-4.15364009363569
18.625,-3.23417391977494,-0.0956644515310163,-4.17401257172469
18.6275,-3.23926837762815,-0.0956644515310163,-4.17910569124694
18.63,-3.23417391977494,-0.0956644515310163,-4.15873321315794
18.6325,-3.24436283548136,-0.0956644515310163,-4.12817449602444
18.635,-3.23417391977494,-0.0956644515310163,-4.15873321315794
18.6375,-3.23926837762815,-0.0854730659194392,-4.15364009363569
18.64,-3.259646209041,-0.0956644515310163,-4.15873321315794
18.6425,-3.259646209041,-0.0956644515310163,-4.15873321315794
18.645,-3.259646209041,-0.0956644515310163,-4.14854697411344
18.6475,-3.26474066689421,-0.0956644515310163,-4.15873321315794
18.65,-3.28511849830705,-0.0956644515310163,-4.14854697411344
18.6525,-3.26983512474742,-0.0956644515310163,-4.12308137650219
18.655,-3.259646209041,-0.0956644515310163,-4.15364009363569
18.6575,-3.30040187186668,-0.0956644515310163,-4.14854697411344
18.66,-3.27492958260063,-0.0956644515310163,-4.15364009363569
18.6625,-3.29021295616026,-0.0854730659194392,-4.14345385459119
18.665,-3.29021295616026,-0.0956644515310163,-4.14854697411344
18.6675,-3.27492958260063,-0.0956644515310163,-4.15364009363569
18.67,-3.27492958260063,-0.0956644515310163,-4.17401257172469
18.6725,-3.28511849830705,-0.0956644515310163,-4.15873321315794
18.675,-3.28511849830705,-0.0956644515310163,-4.14854697411344
18.6775,-3.29530741401347,-0.0956644515310163,-4.14854697411344
18.68,-3.29530741401347,-0.0905687587252277,-4.15364009363569
18.6825,-3.3105907875731,-0.0956644515310163,-4.15364009363569
18.685,-3.3105907875731,-0.0956644515310163,-4.16891945220244
18.6875,-3.32077970327952,-0.0956644515310163,-4.18929193029144
18.69,-3.32077970327952,-0.0956644515310163,-4.19438504981369
18.6925,-3.33606307683915,-0.0956644515310163,-4.20457128885819
18.695,-3.33606307683915,-0.0956644515310163,-4.20457128885819
18.6975,-3.35134645039879,-0.0956644515310163,-4.17401257172469
18.7,-3.356440908252,-0.0905687587252277,-4.16891945220244
18.7025,-3.36662982395842,-0.0956644515310163,-4.17910569124694
18.705,-3.37681873966484,-0.0956644515310163,-4.17910569124694
18.7075,-3.38700765537126,-0.0956644515310163,-4.17401257172469
18.71,-3.38191319751805,-0.0956644515310163,-4.20966440838044
18.7125,-3.39719657107768,-0.0956644515310163,-4.20966440838044
18.715,-3.40229102893089,-0.0956644515310163,-4.19438504981369
18.7175,-3.41757440249052,-0.0956644515310163,-4.15873321315794
18.72,-3.41247994463731,-0.0956644515310163,-4.13836073506894
18.7225,-3.42776331819694,-0.0956644515310163,-4.16382633268019
18.725,-3.43285777605016,-0.0956644515310163,-4.20457128885819
18.7275,-3.44304669175658,-0.0956644515310163,-4.19947816933594
18.73,-3.453235607463,-0.0956644515310163,-4.16891945220244
18.7325,-3.46851898102263,-0.0956644515310163,-4.16891945220244
18.735,-3.47361343887584,-0.0956644515310163,-4.21985064742494
18.7375,-3.49399127028868,-0.0956644515310163,-4.17401257172469
18.74,-3.49399127028868,-0.0956644515310163,-4.15873321315794
18.7425,-3.51436910170153,-0.0956644515310163,-4.16891945220244
18.745,-3.52965247526116,-0.0956644515310163,-4.16891945220244
18.7475,-3.54493584882079,-0.0956644515310163,-4.16382633268019
18.75,-3.55512476452721,-0.0956644515310163,-4.15364009363569
18.7525,-3.56531368023363,-0.0956644515310163,-4.15873321315794
18.755,-3.58569151164647,-0.0956644515310163,-4.14854697411344
18.7575,-3.60097488520611,-0.0956644515310163,-4.14345385459119
18.76,-3.60606934305932,-0.0956644515310163,-4.13836073506894
18.7625,-3.61116380091253,-0.0905687587252277,-4.12308137650219
18.765,-3.61625825876574,-0.0956644515310163,-4.13326761554669
18.7675,-3.62644717447216,-0.0956644515310163,-4.12308137650219
18.77,-3.63663609017858,-0.0956644515310163,-4.12308137650219
18.7725,-3.64173054803179,-0.0956644515310163,-4.11798825697995
18.775,-3.65701392159142,-0.0956644515310163,-4.1128951374577
18.7775,-3.66210837944463,-0.0956644515310163,-4.13836073506894
18.78,-3.66210837944463,-0.0905687587252277,-4.12817449602444
18.7825,-3.69776958441711,-0.0956644515310163,-4.10780201793545
18.785,-3.71814741582995,-0.0956644515310163,-4.10780201793545
18.7875,-3.72324187368316,-0.0956644515310163,-4.1027088984132
18.79,-3.71305295797674,-0.0956644515310163,-4.1128951374577
18.7925,-3.72324187368316,-0.0905687587252277,-4.13326761554669
18.795,-3.74871416294921,-0.0956644515310163,-4.13836073506894
18.7975,-3.75380862080242,-0.0956644515310163,-4.14345385459119
18.8,-3.77418645221527,-0.0956644515310163,-4.17910569124694
18.8025,-3.78437536792169,-0.0956644515310163,-4.15364009363569
18.805,-3.84550886216021,-0.0956644515310163,-4.11798825697995
18.8075,-3.82513103074737,-0.0956644515310163,-4.12817449602444
18.81,-3.83022548860058,-0.0956644515310163,-4.19438504981369
18.8125,-3.87607560927948,-0.0956644515310163,-4.15873321315794
18.815,-3.89135898283911,-0.0956644515310163,-4.12817449602444
18.8175,-3.87098115142627,-0.0956644515310163,-4.14854697411344
18.82,-3.91173681425195,-0.0956644515310163,-4.12817449602444
18.8225,-3.89135898283911,-0.0956644515310163,-4.12308137650219
18.825,-3.8862645249859,-0.0956644515310163,-4.14345385459119
18.8275,-3.8862645249859,-0.0956644515310163,-4.17910569124694
18.83,-3.89645344069232,-0.0956644515310163,-4.14345385459119
18.8325,-3.89645344069232,-0.0956644515310163,-4.17401257172469
18.835,-3.93720910351801,-0.0956644515310163,-4.13836073506894
18.8375,-3.91173681425195,-0.0956644515310163,-4.14345385459119
18.84,-3.91683127210516,-0.0956644515310163,-4.12308137650219
18.8425,-3.92192572995837,-0.0956644515310163,-4.14345385459119
18.845,-3.92702018781158,-0.0956644515310163,-4.13836073506894
18.8475,-3.92192572995837,-0.0956644515310163,-4.13326761554669
18.85,-3.92192572995837,-0.0956644515310163,-4.12308137650219
18.8525,-3.91683127210516,-0.0956644515310163,-4.13326761554669
18.855,-3.91173681425195,-0.0956644515310163,-4.1128951374577
18.8575,-3.91173681425195,-0.0956644515310163,-4.11798825697995
18.86,-3.90664235639874,-0.0956644515310163,-4.10780201793545
18.8625,-3.91173681425195,-0.0956644515310163,-4.13326761554669
18.865,-3.90154789854553,-0.0956644515310163,-4.13836073506894
18.8675,-3.91173681425195,-0.0956644515310163,-4.12817449602444
18.87,-3.90154789854553,-0.0956644515310163,-4.1128951374577
18.8725,-3.90154789854553,-0.0956644515310163,-4.1128951374577
18.875,-3.87098115142627,-0.0956644515310163,-4.11798825697995
18.8775,-3.87607560927948,-0.0956644515310163,-4.11798825697995
18.88,-3.86588669357306,-0.0956644515310163,-4.1128951374577
18.8825,-3.87098115142627,-0.0956644515310163,-4.12308137650219
18.885,-3.86079223571985,-0.0956644515310163,-4.11798825697995
18.8875,-3.86588669357306,-0.0956644515310163,-4.14854697411344
18.89,-3.85569777786664,-0.0956644515310163,-4.16891945220244
18.8925,-3.86588669357306,-0.0956644515310163,-4.15364009363569
18.895,-3.86079223571985,-0.0956644515310163,-4.16382633268019
18.8975,-3.86588669357306,-0.0956644515310163,-4.16891945220244
18.9,-3.85569777786664,-0.0956644515310163,-4.14854697411344
18.9025,-3.85569777786664,-0.0956644515310163,-4.15364009363569
18.905,-3.85060332001342,-0.0956644515310163,-4.14854697411344
18.9075,-3.85060332001342,-0.0956644515310163,-4.15873321315794
18.91,-3.85060332001342,-0.0956644515310163,-4.15364009363569
18.9125,-3.85569777786664,-0.0956644515310163,-4.15873321315794
18.915,-3.85060332001342,-0.0956644515310163,-4.16891945220244
18.9175,-3.85060332001342,-0.0956644515310163,-4.16382633268019
18.92,-3.84550886216021,-0.0956644515310163,-4.17401257172469
18.9225,-3.84550886216021,-0.0956644515310163,-4.14345385459119
18.925,-3.84550886216021,-0.0956644515310163,-4.15364009363569
18.9275,-3.84550886216021,-0.0956644515310163,-4.14854697411344
18.93,-3.84550886216021,-0.0956644515310163,-4.14854697411344
18.9325,-3.84550886216021,-0.0956644515310163,-4.13326761554669
18.935,-3.84550886216021,-0.0956644515310163,-4.15364009363569
18.9375,-3.84550886216021,-0.0956644515310163,-4.15873321315794
18.94,-3.84550886216021,-0.0956644515310163,-4.15364009363569
18.9425,-3.84550886216021,-0.0956644515310163,-4.15364009363569
18.945,-3.84550886216021,-0.0956644515310163,-4.16382633268019
18.9475,-3.840414404307,-0.0905687587252277,-4.15364009363569
18.95,-3.840414404307,-0.0956644515310163,-4.18929193029144
18.9525,-3.83531994645379,-0.0956644515310163,-4.15873321315794
18.955,-3.83531994645379,-0.0956644515310163,-4.15873321315794
18.9575,-3.83022548860058,-0.0956644515310163,-4.16382633268019
18.96,-3.83531994645379,-0.0956644515310163,-4.15873321315794
18.9625,-3.83022548860058,-0.0956644515310163,-4.16891945220244
18.965,-3.83531994645379,-0.0956644515310163,-4.16891945220244
18.9675,-3.83022548860058,-0.0956644515310163,-4.16891945220244
18.97,-3.83022548860058,-0.0956644515310163,-4.17401257172469
18.9725,-3.83531994645379,-0.0956644515310163,-4.16891945220244
18.975,-3.840414404307,-0.0956644515310163,-4.17401257172469
18.9775,-3.83531994645379,-0.0956644515310163,-4.16891945220244
18.98,-3.840414404307,-0.0956644515310163,-4.16891945220244
18.9825,-3.83022548860058,-0.0956644515310163,-4.16891945220244
18.985,-3.840414404307,-0.0956644515310163,-4.15873321315794
18.9875,-3.83022548860058,-0.0956644515310163,-4.16891945220244
18.99,-3.83022548860058,-0.0956644515310163,-4.15873321315794
18.9925,-3.83531994645379,-0.0956644515310163,-4.16382633268019
18.995,-3.83531994645379,-0.0956644515310163,-4.15873321315794
18.9975,-3.83531994645379,-0.0956644515310163,-4.15873321315794
19,-3.83531994645379,-0.0956644515310163,-4.16382633268019
19.0025,-3.83531994645379,-0.100760144336805,-4.15873321315794
19.005,-3.83531994645379,-0.0956644515310163,-4.16891945220244
19.0075,-3.83531994645379,-0.0956644515310163,-4.16891945220244
19.01,-3.83531994645379,-0.0956644515310163,-4.15873321315794
19.0125,-3.83531994645379,-0.0956644515310163,-4.17401257172469
19.015,-3.83531994645379,-0.0956644515310163,-4.16382633268019
19.0175,-3.81494211504095,-0.0956644515310163,-4.17910569124694
19.02,-3.8862645249859,-0.0956644515310163,-4.17401257172469
19.0225,-3.8862645249859,-0.0956644515310163,-4.14854697411344
19.025,-3.85060332001342,-0.0956644515310163,-4.18419881076919
19.0275,-3.83022548860058,-0.0956644515310163,-4.17401257172469
19.03,-3.82513103074737,-0.0956644515310163,-4.17910569124694
19.0325,-3.85569777786664,-0.0956644515310163,-4.19947816933594
19.035,-3.85569777786664,-0.0956644515310163,-4.19947816933594
19.0375,-3.86588669357306,-0.0956644515310163,-4.20966440838044
19.04,-3.86588669357306,-0.0956644515310163,-4.17401257172469
19.0425,-3.87098115142627,-0.100760144336805,-4.18929193029144
19.045,-3.86588669357306,-0.0956644515310163,-4.18929193029144
19.0475,-3.93720910351801,-0.0956644515310163,-4.18929193029144
19.05,-3.89645344069232,-0.0956644515310163,-4.19947816933594
19.0525,-3.89645344069232,-0.0956644515310163,-4.21475752790269
19.055,-3.86588669357306,-0.0956644515310163,-4.23513000599169
19.0575,-3.87098115142627,-0.0956644515310163,-4.23003688646944
19.06,-3.90154789854553,-0.0956644515310163,-4.23003688646944
19.0625,-3.89645344069232,-0.0956644515310163,-4.17910569124694
19.065,-3.90154789854553,-0.0956644515310163,-4.20457128885819
19.0675,-3.89135898283911,-0.0956644515310163,-4.21475752790269
19.07,-3.89135898283911,-0.0956644515310163,-4.18929193029144
19.0725,-3.8862645249859,-0.0956644515310163,-4.18929193029144
19.075,-3.8862645249859,-0.0905687587252277,-4.19947816933594
19.0775,-3.93211464566479,-0.0956644515310163,-4.18929193029144
19.08,-3.93211464566479,-0.0956644515310163,-4.19947816933594
19.0825,-3.88117006713269,-0.0956644515310163,-4.19947816933594
19.085,-3.8862645249859,-0.0905687587252277,-4.19947816933594
19.0875,-3.87098115142627,-0.0956644515310163,-4.20966440838044
19.09,-3.87607560927948,-0.0956644515310163,-4.20457128885819
19.0925,-3.86588669357306,-0.0956644515310163,-4.20966440838044
19.095,-3.86588669357306,-0.0956644515310163,-4.23003688646944
19.0975,-3.87607560927948,-0.0905687587252277,-4.25040936455843
19.1,-3.85569777786664,-0.0956644515310163,-4.23003688646944
19.1025,-3.840414404307,-0.0956644515310163,-4.19438504981369
19.105,-3.840414404307,-0.0956644515310163,-4.23003688646944
19.1075,-3.840414404307,-0.0956644515310163,-4.19947816933594
19.11,-3.83022548860058,-0.0956644515310163,-4.19947816933594
19.1125,-3.82513103074737,-0.0956644515310163,-4.20457128885819
19.115,-3.81494211504095,-0.0956644515310163,-4.22494376694719
19.1175,-3.80475319933453,-0.0956644515310163,-4.23513000599169
19.12,-3.80475319933453,-0.0956644515310163,-4.22494376694719
19.1225,-3.78437536792169,-0.0956644515310163,-4.20966440838044
19.125,-3.78437536792169,-0.0956644515310163,-4.22494376694719
19.1275,-3.77418645221527,-0.0956644515310163,-4.21475752790269
19.13,-3.76399753650884,-0.0956644515310163,-4.21475752790269
19.1325,-3.75890307865563,-0.0956644515310163,-4.21475752790269
19.135,-3.75380862080242,-0.0956644515310163,-4.20966440838044
19.1375,-3.743619705096,-0.0956644515310163,-4.21475752790269
19.14,-3.73852524724279,-0.0956644515310163,-4.20966440838044
19.1425,-3.72833633153637,-0.0956644515310163,-4.21985064742494
19.145,-3.72324187368316,-0.0956644515310163,-4.20966440838044
19.1475,-3.71814741582995,-0.0956644515310163,-4.20966440838044
19.15,-3.70795850012353,-0.0956644515310163,-4.20966440838044
19.1525,-3.71305295797674,-0.0956644515310163,-4.20966440838044
19.155,-3.69776958441711,-0.0905687587252277,-4.21475752790269
19.1575,-3.6926751265639,-0.0956644515310163,-4.20966440838044
19.16,-3.68758066871069,-0.0956644515310163,-4.20457128885819
19.1625,-3.68248621085748,-0.0956644515310163,-4.20966440838044
19.165,-3.67229729515105,-0.0956644515310163,-4.19947816933594
19.1675,-3.67229729515105,-0.0956644515310163,-4.20966440838044
19.17,-3.66720283729784,-0.0956644515310163,-4.19947816933594
19.1725,-3.6926751265639,-0.0956644515310163,-4.19947816933594
19.175,-3.65701392159142,-0.0956644515310163,-4.19947816933594
19.1775,-3.68248621085748,-0.0956644515310163,-4.19438504981369
19.18,-3.646825005885,-0.0956644515310163,-4.19947816933594
19.1825,-3.68758066871069,-0.0905687587252277,-4.19438504981369
19.185,-3.67229729515105,-0.0956644515310163,-4.19947816933594
19.1875,-3.66720283729784,-0.0956644515310163,-4.19438504981369
19.19,-3.66210837944463,-0.0956644515310163,-4.19438504981369
19.1925,-3.63154163232537,-0.0905687587252277,-4.19947816933594
19.195,-3.62135271661895,-0.0956644515310163,-4.18929193029144
19.1975,-3.62644717447216,-0.0956644515310163,-4.19438504981369
19.2,-3.61116380091253,-0.0956644515310163,-4.18929193029144
19.2025,-3.60606934305932,-0.0956644515310163,-4.18419881076919
19.205,-3.60097488520611,-0.0956644515310163,-4.19438504981369
19.2075,-3.59078596949968,-0.0956644515310163,-4.18419881076919
19.21,-3.58569151164647,-0.0956644515310163,-4.19438504981369
19.2125,-3.57550259594005,-0.0956644515310163,-4.18419881076919
19.215,-3.58059705379326,-0.0956644515310163,-4.19438504981369
19.2175,-3.57550259594005,-0.0956644515310163,-4.19438504981369
19.22,-3.57040813808684,-0.0956644515310163,-4.18929193029144
19.2225,-3.56531368023363,-0.0956644515310163,-4.19438504981369
19.225,-3.56531368023363,-0.0956644515310163,-4.18929193029144
19.2275,-3.56021922238042,-0.0956644515310163,-4.18419881076919
19.23,-3.56021922238042,-0.0956644515310163,-4.18929193029144
19.2325,-3.55512476452721,-0.0956644515310163,-4.17910569124694
19.235,-3.550030306674,-0.0956644515310163,-4.18929193029144
19.2375,-3.550030306674,-0.0956644515310163,-4.17910569124694
19.24,-3.550030306674,-0.0956644515310163,-4.17401257172469
19.2425,-3.54493584882079,-0.0956644515310163,-4.17401257172469
19.245,-3.56021922238042,-0.0956644515310163,-4.16891945220244
19.2475,-3.53474693311437,-0.0956644515310163,-4.17910569124694
19.25,-3.53984139096758,-0.0956644515310163,-4.16891945220244
19.2525,-3.52965247526116,-0.0956644515310163,-4.16891945220244
19.255,-3.52965247526116,-0.0956644515310163,-4.16891945220244
19.2575,-3.52965247526116,-0.0956644515310163,-4.13326761554669
19.26,-3.52455801740795,-0.0956644515310163,-4.16382633268019
19.2625,-3.51946355955474,-0.0956644515310163,-4.15873321315794
19.265,-3.52455801740795,-0.0956644515310163,-4.15364009363569
19.2675,-3.51946355955474,-0.0956644515310163,-4.15873321315794
19.27,-3.51946355955474,-0.0956644515310163,-4.14854697411344
19.2725,-3.53984139096758,-0.0956644515310163,-4.15873321315794
19.275,-3.54493584882079,-0.0956644515310163,-4.14854697411344
19.2775,-3.54493584882079,-0.0956644515310163,-4.15364009363569
19.28,-3.49908572814189,-0.0956644515310163,-4.15364009363569
19.2825,-3.49399127028868,-0.0956644515310163,-4.15364009363569
19.285,-3.51946355955474,-0.0956644515310163,-4.15364009363569
19.2875,-3.51436910170153,-0.0956644515310163,-4.14345385459119
19.29,-3.51946355955474,-0.0956644515310163,-4.18929193029144
19.2925,-3.51946355955474,-0.0956644515310163,-4.18929193029144
19.295,-3.54493584882079,-0.0956644515310163,-4.14854697411344
19.2975,-3.54493584882079,-0.0956644515310163,-4.15364009363569
19.3,-3.51436910170153,-0.0956644515310163,-4.14345385459119
19.3025,-3.5041801859951,-0.0956644515310163,-4.14854697411344
19.305,-3.5041801859951,-0.0905687587252277,-4.14345385459119
19.3075,-3.51436910170153,-0.0956644515310163,-4.13326761554669
19.31,-3.50927464384831,-0.0956644515310163,-4.15873321315794
19.3125,-3.51946355955474,-0.0956644515310163,-4.14854697411344
19.315,-3.51436910170153,-0.0956644515310163,-4.14854697411344
19.3175,-3.51436910170153,-0.0956644515310163,-4.14854697411344
19.32,-3.51436910170153,-0.0956644515310163,-4.13836073506894
19.3225,-3.51436910170153,-0.0956644515310163,-4.14854697411344
19.325,-3.52455801740795,-0.0956644515310163,-4.16891945220244
19.3275,-3.51946355955474,-0.0956644515310163,-4.15364009363569
19.33,-3.51946355955474,-0.0956644515310163,-4.14854697411344
19.3325,-3.52455801740795,-0.0956644515310163,-4.14854697411344
19.335,-3.52455801740795,-0.0956644515310163,-4.15364009363569
19.3375,-3.52455801740795,-0.0956644515310163,-4.14345385459119
19.34,-3.53474693311437,-0.0956644515310163,-4.14854697411344
19.3425,-3.53984139096758,-0.0956644515310163,-4.13326761554669
19.345,-3.53984139096758,-0.0956644515310163,-4.10780201793545
19.3475,-3.54493584882079,-0.0956644515310163,-4.11798825697995
19.35,-3.550030306674,-0.0956644515310163,-4.10780201793545
19.3525,-3.55512476452721,-0.0956644515310163,-4.11798825697995
19.355,-3.550030306674,-0.0956644515310163,-4.10780201793545
19.3575,-3.56531368023363,-0.0956644515310163,-4.10780201793545
19.36,-3.55512476452721,-0.0956644515310163,-4.10780201793545
19.3625,-3.56531368023363,-0.0956644515310163,-4.12308137650219
19.365,-3.56021922238042,-0.0956644515310163,-4.13836073506894
19.3675,-3.56531368023363,-0.0956644515310163,-4.13326761554669
19.37,-3.56021922238042,-0.0956644515310163,-4.13326761554669
19.3725,-3.57040813808684,-0.0956644515310163,-4.16382633268019
19.375,-3.59588042735289,-0.0956644515310163,-4.16382633268019
19.3775,-3.60097488520611,-0.0956644515310163,-4.12817449602444
19.38,-3.62135271661895,-0.0956644515310163,-4.12308137650219
19.3825,-3.62644717447216,-0.0956644515310163,-4.13326761554669
19.385,-3.60097488520611,-0.0956644515310163,-4.15364009363569
19.3875,-3.61116380091253,-0.0956644515310163,-4.15364009363569
19.39,-3.61116380091253,-0.0956644515310163,-4.16382633268019
19.3925,-3.62135271661895,-0.0956644515310163,-4.15873321315794
19.395,-3.62135271661895,-0.0956644515310163,-4.16891945220244
19.3975,-3.62644717447216,-0.0956644515310163,-4.14345385459119
19.4,-3.62644717447216,-0.0956644515310163,-4.16891945220244
19.4025,-3.63154163232537,-0.0956644515310163,-4.17910569124694
19.405,-3.64173054803179,-0.0956644515310163,-4.17401257172469
19.4075,-3.64173054803179,-0.0956644515310163,-4.19438504981369
19.41,-3.646825005885,-0.0956644515310163,-4.16891945220244
19.4125,-3.646825005885,-0.0956644515310163,-4.16891945220244
19.415,-3.646825005885,-0.0956644515310163,-4.17401257172469
19.4175,-3.66210837944463,-0.0956644515310163,-4.14345385459119
19.42,-3.66210837944463,-0.0956644515310163,-4.15364009363569
19.4225,-3.66210837944463,-0.0956644515310163,-4.17401257172469
19.425,-3.67229729515105,-0.0956644515310163,-4.17910569124694
19.4275,-3.67229729515105,-0.0956644515310163,-4.18419881076919
19.43,-3.646825005885,-0.0956644515310163,-4.17401257172469
19.4325,-3.67229729515105,-0.0956644515310163,-4.17910569124694
19.435,-3.66720283729784,-0.0956644515310163,-4.17401257172469
19.4375,-3.66720283729784,-0.0956644515310163,-4.17401257172469
19.44,-3.66210837944463,-0.0956644515310163,-4.18419881076919
19.4425,-3.67229729515105,-0.0956644515310163,-4.18419881076919
19.445,-3.66210837944463,-0.0956644515310163,-4.19438504981369
19.4475,-3.65701392159142,-0.0956644515310163,-4.18929193029144
19.45,-3.66210837944463,-0.0956644515310163,-4.19438504981369
19.4525,-3.646825005885,-0.0956644515310163,-4.19438504981369
19.455,-3.65701392159142,-0.0956644515310163,-4.19438504981369
19.4575,-3.68248621085748,-0.0956644515310163,-4.19947816933594
19.46,-3.68248621085748,-0.0956644515310163,-4.19947816933594
19.4625,-3.67229729515105,-0.0956644515310163,-4.20457128885819
19.465,-3.67739175300426,-0.0956644515310163,-4.20457128885819
19.4675,-3.65701392159142,-0.0905687587252277,-4.19947816933594
19.47,-3.63154163232537,-0.0956644515310163,-4.20966440838044
19.4725,-3.63663609017858,-0.0956644515310163,-4.20457128885819
19.475,-3.64173054803179,-0.0956644515310163,-4.21475752790269
19.4775,-3.64173054803179,-0.0956644515310163,-4.18419881076919
19.48,-3.646825005885,-0.0956644515310163,-4.20966440838044
19.4825,-3.63663609017858,-0.0956644515310163,-4.22494376694719
19.485,-3.646825005885,-0.0905687587252277,-4.20966440838044
19.4875,-3.64173054803179,-0.0956644515310163,-4.19438504981369
19.49,-3.646825005885,-0.0956644515310163,-4.19438504981369
19.4925,-3.646825005885,-0.100760144336805,-4.19438504981369
19.495,-3.65191946373821,-0.0956644515310163,-4.19947816933594
19.4975,-3.646825005885,-0.0956644515310163,-4.19438504981369
19.5,-3.65191946373821,-0.0956644515310163,-4.23003688646944
19.5025,-3.65191946373821,-0.0905687587252277,-4.22494376694719
19.505,-3.65191946373821,-0.0956644515310163,-4.22494376694719
19.5075,-3.65191946373821,-0.0956644515310163,-4.23003688646944
19.51,-3.65191946373821,-0.0956644515310163,-4.22494376694719
19.5125,-3.65191946373821,-0.0956644515310163,-4.23003688646944
19.515,-3.646825005885,-0.0956644515310163,-4.19438504981369
19.5175,-3.65701392159142,-0.0905687587252277,-4.14854697411344
19.52,-3.65191946373821,-0.0956644515310163,-4.20457128885819
19.5225,-3.65191946373821,-0.0956644515310163,-4.19438504981369
19.525,-3.646825005885,-0.0956644515310163,-4.23003688646944
19.5275,-3.646825005885,-0.0956644515310163,-4.19438504981369
19.53,-3.646825005885,-0.0956644515310163,-4.21475752790269
19.5325,-3.64173054803179,-0.0956644515310163,-4.22494376694719
19.535,-3.63663609017858,-0.0956644515310163,-4.21475752790269
19.5375,-3.64173054803179,-0.0956644515310163,-4.21985064742494
19.54,-3.63154163232537,-0.0956644515310163,-4.21985064742494
19.5425,-3.62644717447216,-0.0905687587252277,-4.21475752790269
19.545,-3.62135271661895,-0.0956644515310163,-4.21475752790269
19.5475,-3.62644717447216,-0.0956644515310163,-4.20457128885819
19.55,-3.61116380091253,-0.0905687587252277,-4.20966440838044
19.5525,-3.62644717447216,-0.0956644515310163,-4.19947816933594
19.555,-3.61116380091253,-0.0956644515310163,-4.20457128885819
19.5575,-3.61116380091253,-0.0956644515310163,-4.17401257172469
19.56,-3.60606934305932,-0.0956644515310163,-4.16891945220244
19.5625,-3.60606934305932,-0.100760144336805,-4.17910569124694
19.565,-3.60097488520611,-0.0956644515310163,-4.17910569124694
19.5675,-3.60606934305932,-0.0956644515310163,-4.17401257172469
19.57,-3.62135271661895,-0.0956644515310163,-4.18419881076919
19.5725,-3.61625825876574,-0.0956644515310163,-4.06705706175745
19.575,-3.58569151164647,-0.0956644515310163,-4.15364009363569
19.5775,-3.60097488520611,-0.0956644515310163,-4.16382633268019
19.58,-3.60606934305932,-0.0956644515310163,-4.20457128885819
19.5825,-3.57550259594005,-0.0956644515310163,-4.17401257172469
19.585,-3.57550259594005,-0.0956644515310163,-4.17401257172469
19.5875,-3.59588042735289,-0.0956644515310163,-4.17910569124694
19.59,-3.59588042735289,-0.0956644515310163,-4.17910569124694
19.5925,-3.57040813808684,-0.0956644515310163,-4.12308137650219
19.595,-3.58059705379326,-0.0956644515310163,-4.09761577889095
19.5975,-3.57040813808684,-0.0956644515310163,-4.14854697411344
19.6,-3.60606934305932,-0.0956644515310163,-4.15873321315794
19.6025,-3.57550259594005,-0.0956644515310163,-4.14854697411344
19.605,-3.59588042735289,-0.0956644515310163,-4.18419881076919
19.6075,-3.60097488520611,-0.0956644515310163,-4.17910569124694
19.61,-3.58569151164647,-0.0956644515310163,-4.18419881076919
19.6125,-3.59588042735289,-0.0956644515310163,-4.18419881076919
19.615,-3.60097488520611,-0.0905687587252277,-4.17910569124694
19.6175,-3.60097488520611,-0.0956644515310163,-4.18929193029144
19.62,-3.60606934305932,-0.0956644515310163,-4.17910569124694
19.6225,-3.58059705379326,-0.0956644515310163,-4.15364009363569
19.625,-3.58059705379326,-0.0956644515310163,-4.15873321315794
19.6275,-3.60097488520611,-0.0956644515310163,-4.0721501812797
19.63,-3.60097488520611,-0.0905687587252277,-4.20457128885819
19.6325,-3.59588042735289,-0.0956644515310163,-4.19947816933594
19.635,-3.60097488520611,-0.0956644515310163,-4.19947816933594
19.6375,-3.58569151164647,-0.0956644515310163,-4.19947816933594
19.64,-3.59078596949968,-0.0956644515310163,-0.10461007344729
19.6425,-3.58569151164647,-0.0956644515310163,-0.0995169539250416
19.645,-3.61625825876574,-0.0956644515310163,-0.0995169539250416
19.6475,-3.57040813808684,-0.0854730659194392,-0.0995169539250416
19.65,-3.59588042735289,-0.0956644515310163,-4.21475752790269
19.6525,-3.59078596949968,-0.0956644515310163,-4.20966440838044
19.655,-3.57550259594005,-0.0956644515310163,-4.21985064742494
19.6575,-3.60097488520611,-0.0956644515310163,-4.16382633268019
19.66,-3.56531368023363,-0.0956644515310163,-4.15873321315794
19.6625,-3.56021922238042,-0.0956644515310163,-4.19438504981369
19.665,-3.56531368023363,-0.0956644515310163,-4.21475752790269
19.6675,-3.60097488520611,-0.0956644515310163,-4.20457128885819
19.67,-3.55512476452721,-0.0956644515310163,-4.24022312551393
19.6725,-3.56021922238042,-0.0956644515310163,-4.26059560360293
19.675,-3.550030306674,-0.0956644515310163,-4.23513000599169
19.6775,-3.56021922238042,-0.0956644515310163,-4.22494376694719
19.68,-3.53984139096758,-0.0956644515310163,-4.0619639422352
19.6825,-3.54493584882079,-0.0956644515310163,-4.22494376694719
19.685,-3.550030306674,-0.0956644515310163,-4.21985064742494
19.6875,-3.550030306674,-0.0956644515310163,-4.22494376694719
19.69,-3.56021922238042,-0.0956644515310163,-4.18419881076919
19.6925,-3.58059705379326,-0.0956644515310163,-4.18929193029144
19.695,-3.57550259594005,-0.0956644515310163,-4.19947816933594
19.6975,-3.58569151164647,-0.0956644515310163,-4.19438504981369
19.7,-3.59078596949968,-0.0956644515310163,-4.0517777031907
19.7025,-3.60606934305932,-0.0956644515310163,-4.21985064742494
19.705,-3.60097488520611,-0.0956644515310163,-4.23003688646944
19.7075,-3.61116380091253,-0.0956644515310163,-4.21475752790269
19.71,-3.60606934305932,-0.0956644515310163,-4.20966440838044
19.7125,-3.61116380091253,-0.0956644515310163,-4.20966440838044
19.715,-3.61625825876574,-0.0956644515310163,-4.19947816933594
19.7175,-3.62135271661895,-0.0956644515310163,-4.20966440838044
19.72,-3.62135271661895,-0.0956644515310163,-4.19947816933594
19.7225,-3.62644717447216,-0.0956644515310163,-4.17401257172469
19.725,-3.62135271661895,-0.0956644515310163,-4.17401257172469
19.7275,-3.63663609017858,-0.0854730659194392,-4.18929193029144
19.73,-3.63154163232537,-0.0956644515310163,-4.19438504981369
19.7325,-3.646825005885,-0.0956644515310163,-4.18419881076919
19.735,-3.64173054803179,-0.0956644515310163,-4.18929193029144
19.7375,-3.646825005885,-0.0956644515310163,-4.20966440838044
19.74,-3.646825005885,-0.0956644515310163,-4.00084650796821
19.7425,-3.65191946373821,-0.0956644515310163,-4.17401257172469
19.745,-3.646825005885,-0.0956644515310163,-4.16891945220244
19.7475,-3.66210837944463,-0.0905687587252277,-4.18419881076919
19.75,-3.66210837944463,-0.0956644515310163,-4.15364009363569
19.7525,-3.66210837944463,-0.105855837142594,-4.16891945220244
19.755,-3.66210837944463,-0.0956644515310163,-4.18419881076919
19.7575,-3.67229729515105,-0.0905687587252277,-4.16891945220244
19.76,-3.67229729515105,-0.0905687587252277,-4.15364009363569
19.7625,-3.68248621085748,-0.0956644515310163,-4.17910569124694
19.765,-3.70286404227032,-0.0956644515310163,-4.18419881076919
19.7675,-3.70795850012353,-0.0956644515310163,-4.21475752790269
19.77,-3.75380862080242,-0.0956644515310163,-4.20457128885819
19.7725,-3.73343078938958,-0.0956644515310163,-4.19947816933594
19.775,-3.70795850012353,-0.0905687587252277,-4.21985064742494
19.7775,-3.72324187368316,-0.0956644515310163,-4.20966440838044
19.78,-3.72833633153637,-0.0956644515310163,-4.19438504981369
19.7825,-3.73343078938958,-0.0956644515310163,-4.21475752790269
19.785,-3.73343078938958,-0.0956644515310163,-3.98556714940146
19.7875,-3.75380862080242,-0.0956644515310163,-3.98556714940146
19.79,-3.74871416294921,-0.0956644515310163,-4.17401257172469
19.7925,-3.74871416294921,-0.0905687587252277,-4.17910569124694
19.795,-3.75890307865563,-0.0956644515310163,-4.16891945220244
19.7975,-3.75890307865563,-0.0956644515310163,-4.15873321315794
19.8,-3.76399753650884,-0.0956644515310163,-4.16382633268019
19.8025,-3.78437536792169,-0.0956644515310163,-3.98556714940146
19.805,-3.78437536792169,-0.0956644515310163,-4.24022312551393
19.8075,-3.79456428362811,-0.0956644515310163,-4.17910569124694
19.81,-3.78437536792169,-0.0956644515310163,-4.23513000599169
19.8125,-3.7894698257749,-0.0956644515310163,-4.23513000599169
19.815,-3.80475319933453,-0.0956644515310163,-4.21985064742494
19.8175,-3.80984765718774,-0.0956644515310163,-4.23003688646944
19.82,-3.82513103074737,-0.0956644515310163,-4.13326761554669
19.8225,-3.83022548860058,-0.0956644515310163,-4.20966440838044
19.825,-3.86588669357306,-0.0956644515310163,-4.20457128885819
19.8275,-3.85569777786664,-0.0956644515310163,-4.19438504981369
19.83,-3.86588669357306,-0.0956644515310163,-4.19438504981369
19.8325,-3.87098115142627,-0.0905687587252277,-4.18929193029144
19.835,-3.88117006713269,-0.0956644515310163,-4.15873321315794
19.8375,-3.89135898283911,-0.0956644515310163,-4.27078184264743
19.84,-3.90154789854553,-0.0956644515310163,-3.99066026892371
19.8425,-3.90154789854553,-0.0956644515310163,-4.20457128885819
19.845,-3.91173681425195,-0.0956644515310163,-4.21475752790269
19.8475,-3.92192572995837,-0.0956644515310163,-4.19438504981369
19.85,-3.92702018781158,-0.0956644515310163,-4.15873321315794
19.8525,-3.93211464566479,-0.100760144336805,-4.12817449602444
19.855,-3.96268139278406,-0.0956644515310163,-4.18419881076919
19.8575,-3.96777585063727,-0.0956644515310163,-4.17401257172469
19.86,-3.93720910351801,-0.0956644515310163,-4.21475752790269
19.8625,-3.98815368205011,-0.0956644515310163,-4.18929193029144
19.865,-3.95758693493085,-0.0956644515310163,-4.17910569124694
19.8675,-3.95249247707764,-0.0956644515310163,-4.22494376694719
19.87,-3.95758693493085,-0.0956644515310163,-4.13326761554669
19.8725,-3.96268139278406,-0.0956644515310163,-4.1128951374577
19.875,-3.96268139278406,-0.0956644515310163,-4.13836073506894
19.8775,-3.95758693493085,-0.0956644515310163,-4.15873321315794
19.88,-3.95249247707764,-0.0956644515310163,-4.15873321315794
19.8825,-3.95758693493085,-0.0956644515310163,-4.12308137650219
19.885,-3.95249247707764,-0.0905687587252277,-4.14854697411344
19.8875,-3.94739801922443,-0.0956644515310163,-4.18929193029144
19.89,-3.94230356137122,-0.0956644515310163,-4.14854697411344
19.8925,-3.95249247707764,-0.0956644515310163,-4.16891945220244
19.895,-3.95758693493085,-0.0956644515310163,-4.15873321315794
19.8975,-3.96268139278406,-0.0956644515310163,-4.15873321315794
19.9,-3.92702018781158,-0.0956644515310163,-4.16382633268019
19.9025,-3.93211464566479,-0.0956644515310163,-4.18419881076919
19.905,-3.93211464566479,-0.0956644515310163,-4.19438504981369
19.9075,-3.92702018781158,-0.0956644515310163,-4.18929193029144
19.91,-3.91683127210516,-0.0905687587252277,-4.14345385459119
19.9125,-3.92192572995837,-0.0956644515310163,-4.16382633268019
19.915,-0.0959878821972175,-0.0956644515310163,-4.15873321315794
19.9175,-0.0959878821972175,-0.0956644515310163,-4.0925226593687
19.92,-3.91173681425195,-0.0956644515310163,-4.1128951374577
19.9225,-3.88117006713269,-0.0956644515310163,-4.20966440838044
19.925,-3.84550886216021,-0.0956644515310163,-4.18929193029144
19.9275,-3.840414404307,-0.0956644515310163,-4.17910569124694
19.93,-3.83531994645379,-0.0956644515310163,-4.18929193029144
19.9325,-3.83022548860058,-0.0956644515310163,-4.00593962749045
19.935,-3.82003657289416,-0.0956644515310163,-4.06705706175745
19.9375,-3.82003657289416,-0.0956644515310163,-4.21475752790269
19.94,-3.80984765718774,-0.0956644515310163,-4.18929193029144
19.9425,-3.80984765718774,-0.0956644515310163,-4.16891945220244
19.945,-3.80475319933453,-0.0905687587252277,-4.16382633268019
19.9475,-3.79456428362811,-0.0956644515310163,-4.16891945220244
19.95,-3.7894698257749,-0.0956644515310163,-4.14854697411344
19.9525,-3.78437536792169,-0.0956644515310163,-4.16891945220244
19.955,-3.77928091006848,-0.0956644515310163,-4.18929193029144
19.9575,-3.76909199436206,-0.0956644515310163,-4.14854697411344
19.96,-3.76399753650884,-0.0956644515310163,-4.15873321315794
19.9625,-3.76909199436206,-0.0956644515310163,-4.12817449602444
19.965,-3.75890307865563,-0.0956644515310163,-4.00593962749045
19.9675,-3.74871416294921,-0.0956644515310163,-4.16382633268019
19.97,-3.73852524724279,-0.0956644515310163,-4.15873321315794
19.9725,-3.72833633153637,-0.0956644515310163,-4.15873321315794
19.975,-3.72833633153637,-0.0956644515310163,-4.18419881076919
19.9775,-3.71814741582995,-0.0905687587252277,-4.15364009363569
19.98,-3.72324187368316,-0.0956644515310163,-4.16891945220244
19.9825,-3.70795850012353,-0.0956644515310163,-4.0925226593687
19.985,-3.70286404227032,-0.0956644515310163,-4.11798825697995
19.9875,-3.68758066871069,-0.0956644515310163,-4.1128951374577
19.99,-3.68758066871069,-0.0956644515310163,-4.13326761554669
19.9925,-3.67229729515105,-0.0956644515310163,-4.17401257172469
19.995,-3.66720283729784,-0.0956644515310163,-4.09761577889095
19.9975,-3.66210837944463,-0.0905687587252277,-4.09761577889095
20,-3.65191946373821,-0.0956644515310163,-4.15364009363569
20.0025,-3.64173054803179,-0.0956644515310163,-4.05687082271295
20.005,-3.62135271661895,-0.0956644515310163,-4.0314052251017
20.0075,-3.60606934305932,-0.0905687587252277,-4.02631210557945
20.01,-3.60097488520611,-0.0956644515310163,-4.02631210557945
20.0125,-3.59078596949968,-0.0956644515310163,-4.03649834462395
20.015,-3.61625825876574,-0.0956644515310163,-4.02631210557945
20.0175,-3.60097488520611,-0.0956644515310163,-4.03649834462395
20.02,-3.58059705379326,-0.0956644515310163,-4.00084650796821
20.0225,-3.57550259594005,-0.0956644515310163,-4.00084650796821
20.025,-3.57040813808684,-0.0956644515310163,-4.07724330080195
20.0275,-3.56531368023363,-0.0956644515310163,-3.99575338844596
20.03,-3.56531368023363,-0.0956644515310163,-4.05687082271295
20.0325,-3.58059705379326,-0.0956644515310163,-4.00084650796821
20.035,-3.58059705379326,-0.0956644515310163,-3.99575338844596
20.0375,-3.57550259594005,-0.0956644515310163,-4.0110327470127
20.04,-3.550030306674,-0.0956644515310163,-3.99575338844596
20.0425,-3.67229729515105,-0.0956644515310163,-4.00593962749045
20.045,-3.67739175300426,-0.0956644515310163,-3.99575338844596
20.0475,-3.62135271661895,-0.0956644515310163,-4.00084650796821
20.05,-3.60606934305932,-0.0956644515310163,-4.02631210557945
20.0525,-3.61116380091253,-0.0956644515310163,-4.0212189860572
20.055,-3.60606934305932,-0.0956644515310163,-4.21985064742494
20.0575,-3.65701392159142,-0.0956644515310163,-4.26568872312518
20.06,-3.63154163232537,-0.0956644515310163,-4.0314052251017
20.0625,-3.60097488520611,-0.0956644515310163,-4.00593962749045
20.065,-3.60097488520611,-0.0956644515310163,-3.99066026892371
20.0675,-3.60606934305932,-0.0956644515310163,-3.97538091035696
20.07,-3.62135271661895,-0.0956644515310163,-3.98556714940146
20.0725,-3.62644717447216,-0.0956644515310163,-3.99066026892371
20.075,-3.61625825876574,-0.0956644515310163,-3.99575338844596
20.0775,-3.62135271661895,-0.0956644515310163,-3.98556714940146
20.08,-3.61625825876574,-0.0956644515310163,-0.10970319296954
20.0825,-3.62135271661895,-0.0956644515310163,-4.17401257172469
20.085,-3.59078596949968,-0.0956644515310163,-4.19947816933594
20.0875,-3.62644717447216,-0.0956644515310163,-4.0415914641462
20.09,-3.61625825876574,-0.0956644515310163,-4.03649834462395
20.0925,-3.62135271661895,-0.0956644515310163,-4.0415914641462
20.095,-3.61625825876574,-0.0956644515310163,-4.20457128885819
20.0975,-3.62135271661895,-0.0956644515310163,-4.1128951374577
20.1,-3.62135271661895,-0.0956644515310163,-4.21475752790269
20.1025,-3.62644717447216,-0.0956644515310163,-4.05687082271295
20.105,-3.62135271661895,-0.0956644515310163,-4.06705706175745
20.1075,-3.63154163232537,-0.0956644515310163,-4.24531624503618
20.11,-3.62135271661895,-0.0956644515310163,-4.21985064742494
20.1125,-3.62135271661895,-0.0956644515310163,-4.22494376694719
20.115,-3.62135271661895,-0.0956644515310163,-4.21985064742494
20.1175,-3.62135271661895,-0.0956644515310163,-4.22494376694719
20.12,-3.61625825876574,-0.0956644515310163,-4.02631210557945
20.1225,-3.64173054803179,-0.0956644515310163,-4.25040936455843
20.125,-3.61116380091253,-0.0956644515310163,-4.25550248408068
20.1275,-3.62644717447216,-0.0956644515310163,-4.24531624503618
20.13,-3.62135271661895,-0.0905687587252277,-4.25040936455843
20.1325,-3.64173054803179,-0.0956644515310163,-4.21475752790269
20.135,-3.62135271661895,-0.0956644515310163,-3.99575338844596
20.1375,-3.62135271661895,-0.0956644515310163,-4.00084650796821
20.14,-3.67229729515105,-0.0956644515310163,-4.00593962749045
20.1425,-3.63663609017858,-0.0956644515310163,-4.23513000599169
20.145,-3.64173054803179,-0.0956644515310163,-4.24022312551393
20.1475,-3.64173054803179,-0.0956644515310163,-4.26059560360293
20.15,-3.646825005885,-0.0956644515310163,-4.24531624503618
20.1525,-3.64173054803179,-0.0956644515310163,-4.20966440838044
20.155,-3.646825005885,-0.0956644515310163,-4.24022312551393
20.1575,-3.64173054803179,-0.0956644515310163,-4.23003688646944
20.16,-3.65191946373821,-0.0956644515310163,-4.0721501812797
20.1625,-3.64173054803179,-0.100760144336805,-4.12817449602444
20.165,-3.62135271661895,-0.0956644515310163,-4.18929193029144
20.1675,-3.646825005885,-0.0956644515310163,-4.19438504981369
20.17,-3.60606934305932,-0.0956644515310163,-4.16382633268019
20.1725,-3.62135271661895,-0.0956644515310163,-4.18419881076919
20.175,-3.62135271661895,-0.0956644515310163,-4.20457128885819
20.1775,-3.61116380091253,-0.0956644515310163,-4.17401257172469
20.18,-3.60606934305932,-0.0956644515310163,-4.27078184264743
20.1825,-3.60606934305932,-0.0956644515310163,-4.27078184264743
20.185,-3.60097488520611,-0.0956644515310163,-4.22494376694719
20.1875,-3.64173054803179,-0.0956644515310163,-4.19947816933594
20.19,-3.59078596949968,-0.0905687587252277,-4.18929193029144
20.1925,-3.59078596949968,-0.0956644515310163,-4.19438504981369
20.195,-3.56531368023363,-0.0956644515310163,-4.20457128885819
20.1975,-3.57040813808684,-0.0956644515310163,-4.19947816933594
20.2,-3.56531368023363,-0.0956644515310163,-4.20966440838044
20.2025,-3.57040813808684,-0.0956644515310163,-4.20966440838044
20.205,-3.56021922238042,-0.0956644515310163,-4.19438504981369
20.2075,-3.56021922238042,-0.0956644515310163,-4.19438504981369
20.21,-3.55512476452721,-0.0956644515310163,-4.19438504981369
20.2125,-3.55512476452721,-0.0956644515310163,-4.20457128885819
20.215,-3.550030306674,-0.0956644515310163,-4.24531624503618
20.2175,-3.55512476452721,-0.0956644515310163,-4.25040936455843
20.22,-3.54493584882079,-0.0956644515310163,-4.18929193029144
20.2225,-3.550030306674,-0.0956644515310163,-4.20966440838044
20.225,-3.54493584882079,-0.0956644515310163,-4.21985064742494
20.2275,-3.550030306674,-0.0956644515310163,-4.20966440838044
20.23,-3.54493584882079,-0.0956644515310163,-4.21475752790269
20.2325,-3.550030306674,-0.0956644515310163,-4.24022312551393
20.235,-3.54493584882079,-0.0956644515310163,-4.20457128885819
20.2375,-3.54493584882079,-0.0956644515310163,-4.20966440838044
20.24,-3.54493584882079,-0.0956644515310163,-4.23003688646944
20.2425,-3.550030306674,-0.0956644515310163,-4.22494376694719
20.245,-3.54493584882079,-0.0905687587252277,-3.78184236851147
20.2475,-3.55512476452721,-0.0956644515310163,-4.22494376694719
20.25,-3.56021922238042,-0.0956644515310163,-4.19438504981369
20.2525,-3.55512476452721,-0.0956644515310163,-4.18929193029144
20.255,-3.56021922238042,-0.0956644515310163,-4.18929193029144
20.2575,-3.550030306674,-0.0956644515310163,-4.21475752790269
20.26,-3.56531368023363,-0.0956644515310163,-4.20966440838044
20.2625,-3.56021922238042,-0.0956644515310163,-4.21475752790269
20.265,-3.56021922238042,-0.0956644515310163,-0.0995169539250416
20.2675,-0.0959878821972175,-0.0956644515310163,-4.18419881076919
20.27,-0.0959878821972175,-0.0956644515310163,-4.18929193029144
20.2725,-0.0908934243440065,-0.0956644515310163,-4.23513000599169
20.275,-0.0959878821972175,-0.0956644515310163,-4.23513000599169
20.2775,-0.0908934243440065,-0.0956644515310163,-4.24022312551393
20.28,-0.0959878821972175,-0.0956644515310163,-4.23003688646944
20.2825,-0.0908934243440065,-0.0956644515310163,-4.23513000599169
20.285,-0.0959878821972175,-0.0956644515310163,-4.23003688646944
20.2875,-0.0908934243440065,-0.0956644515310163,-4.28096808169193
20.29,-0.0908934243440065,-0.0956644515310163,-4.28096808169193
20.2925,-0.0908934243440065,-0.0956644515310163,-4.21475752790269
20.295,-0.0908934243440065,-0.0956644515310163,-4.21985064742494
20.2975,-0.0959878821972175,-0.0956644515310163,-4.21475752790269
20.3,-0.0908934243440065,-0.0956644515310163,-4.19438504981369
20.3025,-0.0908934243440065,-0.0956644515310163,-4.19947816933594
20.305,-0.0807045086375862,-0.0956644515310163,-4.18419881076919
20.3075,-0.0908934243440065,-0.0956644515310163,-4.19438504981369
20.31,-0.0959878821972175,-0.0956644515310163,-4.20966440838044
20.3125,-0.0908934243440065,-0.0956644515310163,-3.77674924898922
20.315,-0.0908934243440065,-0.100760144336805,-3.78184236851147
20.3175,-0.0908934243440065,-0.0956644515310163,-3.77674924898922
20.32,-0.0959878821972175,-0.0956644515310163,-4.24022312551393
20.3225,-0.0908934243440065,-0.0956644515310163,-4.25550248408068
20.325,-0.101082340050429,-0.0956644515310163,-3.78184236851147
20.3275,-3.63663609017858,-0.0956644515310163,-3.78184236851147
20.33,-3.63663609017858,-0.0956644515310163,-3.78184236851147
20.3325,-3.64173054803179,-0.0956644515310163,-3.78693548803372
20.335,-3.646825005885,-0.0956644515310163,-3.78184236851147
20.3375,-3.66720283729784,-0.0956644515310163,-3.79202860755597
20.34,-3.64173054803179,-0.0956644515310163,-3.78693548803372
20.3425,-3.65191946373821,-0.0956644515310163,-3.78693548803372
20.345,-3.646825005885,-0.0956644515310163,-3.79202860755597
20.3475,-3.65701392159142,-0.0905687587252277,-3.78693548803372
20.35,-3.65191946373821,-0.0956644515310163,-4.27078184264743
20.3525,-3.63154163232537,-0.0956644515310163,-4.27078184264743
20.355,-3.66210837944463,-0.0956644515310163,-4.23003688646944
20.3575,-3.66720283729784,-0.0956644515310163,-4.29624744025868
20.36,-3.66720283729784,-0.0956644515310163,-4.25550248408068
20.3625,-3.67739175300426,-0.0956644515310163,-4.25040936455843
20.365,-3.67229729515105,-0.0956644515310163,-4.25040936455843
20.3675,-3.68248621085748,-0.0956644515310163,-4.24022312551393
20.37,-3.67739175300426,-0.0956644515310163,-4.24531624503618
20.3725,-3.68248621085748,-0.0956644515310163,-4.23003688646944
20.375,-3.68248621085748,-0.0956644515310163,-3.80221484660047
20.3775,-3.6926751265639,-0.0956644515310163,-4.23003688646944
20.38,-3.68758066871069,-0.0956644515310163,-4.22494376694719
20.3825,-3.69776958441711,-0.0956644515310163,-4.23003688646944
20.385,-3.71814741582995,-0.0956644515310163,-4.21475752790269
20.3875,-3.71814741582995,-0.0956644515310163,-4.24531624503618
20.39,-3.75890307865563,-0.0956644515310163,-4.21475752790269
20.3925,-3.743619705096,-0.0956644515310163,-4.20457128885819
20.395,-3.71305295797674,-0.0956644515310163,-4.23513000599169
20.3975,-3.72833633153637,-0.0956644515310163,-4.24531624503618
20.4,-3.73343078938958,-0.0956644515310163,-3.82768044421172
20.4025,-3.73852524724279,-0.0956644515310163,-3.82258732468947
20.405,-3.73852524724279,-0.0956644515310163,-3.81749420516722
20.4075,-3.743619705096,-0.0956644515310163,-4.26568872312518
20.41,-3.75380862080242,-0.0956644515310163,-4.19947816933594
20.4125,-3.75890307865563,-0.0956644515310163,-4.25550248408068
20.415,-3.75890307865563,-0.0956644515310163,-3.81749420516722
20.4175,-3.77418645221527,-0.0956644515310163,-4.24531624503618
20.42,-3.76399753650884,-0.0956644515310163,-4.23003688646944
20.4225,-3.76909199436206,-0.0956644515310163,-4.27078184264743
20.425,-3.78437536792169,-0.0956644515310163,-4.27587496216968
20.4275,-3.78437536792169,-0.0854730659194392,-4.23003688646944
20.43,-3.79456428362811,-0.0956644515310163,-4.22494376694719
20.4325,-3.79456428362811,-0.0956644515310163,-4.21985064742494
20.435,-3.80475319933453,-0.0956644515310163,-4.20966440838044
20.4375,-3.79965874148132,-0.0956644515310163,-4.21475752790269
20.44,-3.80984765718774,-0.0956644515310163,-4.30643367930318
20.4425,-3.80984765718774,-0.0956644515310163,-4.25040936455843
20.445,-3.81494211504095,-0.0956644515310163,-4.21985064742494
20.4475,-3.82003657289416,-0.0956644515310163,-4.21475752790269
20.45,-3.82003657289416,-0.0956644515310163,-4.27587496216968
20.4525,-3.84550886216021,-0.0905687587252277,-4.27078184264743
20.455,-3.85060332001342,-0.0956644515310163,-4.24022312551393
20.4575,-3.80984765718774,-0.0956644515310163,-4.29115432073643
20.46,-3.81494211504095,-0.0956644515310163,-4.25040936455843
20.4625,-3.80984765718774,-0.0956644515310163,-4.26568872312518
20.465,-3.80475319933453,-0.0956644515310163,-4.25040936455843
20.4675,-3.79456428362811,-0.0956644515310163,-4.25040936455843
20.47,-3.7894698257749,-0.0956644515310163,-4.25040936455843
20.4725,-3.78437536792169,-0.0956644515310163,-4.24022312551393
20.475,-3.77928091006848,-0.0956644515310163,-4.27078184264743
20.4775,-3.76909199436206,-0.0956644515310163,-4.24022312551393
20.48,-3.76399753650884,-0.0956644515310163,-4.26059560360293
20.4825,-3.75890307865563,-0.0956644515310163,-4.27078184264743
20.485,-3.73343078938958,-0.0956644515310163,-4.25550248408068
20.4875,-3.743619705096,-0.0956644515310163,-4.23513000599169
20.49,-3.75890307865563,-0.0956644515310163,-4.23003688646944
20.4925,-3.75890307865563,-0.0956644515310163,-4.25550248408068
20.495,-3.72833633153637,-0.0956644515310163,-4.28606120121418
20.4975,-3.71814741582995,-0.0956644515310163,-4.25040936455843
20.5,-3.72324187368316,-0.0905687587252277,-4.28606120121418
20.5025,-3.72324187368316,-0.0956644515310163,-4.27587496216968
20.505,-3.71305295797674,-0.0956644515310163,-4.27587496216968
20.5075,-3.71305295797674,-0.0956644515310163,-4.27078184264743
20.51,-3.70795850012353,-0.0956644515310163,-4.26568872312518
20.5125,-3.70795850012353,-0.0956644515310163,-4.26568872312518
20.515,-3.70286404227032,-0.0956644515310163,-4.28606120121418
20.5175,-3.70795850012353,-0.0956644515310163,-4.25040936455843
20.52,-3.6926751265639,-0.0956644515310163,-4.29115432073643
20.5225,-3.72324187368316,-0.0956644515310163,-4.27587496216968
20.525,-3.70795850012353,-0.0956644515310163,-4.30643367930318
20.5275,-3.71305295797674,-0.0956644515310163,-4.29624744025868
20.53,-3.70286404227032,-0.0905687587252277,-4.29624744025868
20.5325,-3.70795850012353,-0.0956644515310163,-4.29624744025868
20.535,-3.70795850012353,-0.0905687587252277,-4.29115432073643
20.5375,-3.71305295797674,-0.0956644515310163,-4.26568872312518
20.54,-3.70795850012353,-0.0956644515310163,-4.28606120121418
20.5425,-3.68758066871069,-0.0956644515310163,-4.28096808169193
20.545,-3.68248621085748,-0.0956644515310163,-4.28096808169193
20.5475,-3.68248621085748,-0.0905687587252277,-4.26568872312518
20.55,-3.68248621085748,-0.0956644515310163,-4.27078184264743
20.5525,-3.68758066871069,-0.0956644515310163,-4.25550248408068
20.555,-3.6926751265639,-0.0956644515310163,-4.26568872312518
20.5575,-3.68758066871069,-0.0956644515310163,-4.25550248408068
20.56,-3.70286404227032,-0.0956644515310163,-4.25040936455843
20.5625,-3.6926751265639,-0.0956644515310163,-4.30134055978093
20.565,-3.69776958441711,-0.0956644515310163,-4.29624744025868
20.5675,-3.72833633153637,-0.0956644515310163,-4.26568872312518
20.57,-3.70795850012353,-0.0956644515310163,-4.26059560360293
20.5725,-3.73852524724279,-0.0956644515310163,-4.25550248408068
20.575,-3.743619705096,-0.0956644515310163,-4.25550248408068
20.5775,-3.74871416294921,-0.0956644515310163,-4.24531624503618
20.58,-3.74871416294921,-0.0956644515310163,-4.24531624503618
20.5825,-3.76909199436206,-0.0956644515310163,-4.23513000599169
20.585,-3.74871416294921,-0.0956644515310163,-4.23003688646944
20.5875,-3.743619705096,-0.0956644515310163,-4.24022312551393
20.59,-3.76399753650884,-0.0905687587252277,-4.25550248408068
20.5925,-3.75380862080242,-0.0956644515310163,-4.26059560360293
20.595,-3.76399753650884,-0.0956644515310163,-4.25550248408068
20.5975,-3.74871416294921,-0.0956644515310163,-4.25550248408068
20.6,-0.0959878821972175,-0.0956644515310163,-4.26059560360293
20.6025,-0.0959878821972175,-0.0956644515310163,-4.26059560360293
20.605,-0.0959878821972175,-0.0956644515310163,-4.26568872312518
20.6075,-0.0908934243440065,-0.0956644515310163,-4.25550248408068
20.61,-0.0959878821972175,-0.0956644515310163,-4.25040936455843
20.6125,-3.74871416294921,-0.0956644515310163,-4.25550248408068
20.615,-3.76909199436206,-0.0956644515310163,-4.24531624503618
20.6175,-3.77928091006848,-0.0956644515310163,-4.26059560360293
20.62,-3.78437536792169,-0.0956644515310163,-4.27078184264743
20.6225,-3.80984765718774,-0.0956644515310163,-4.25040936455843
20.625,-3.80984765718774,-0.0956644515310163,-4.27078184264743
20.6275,-3.84550886216021,-0.0956644515310163,-4.21475752790269
20.63,-3.77928091006848,-0.0956644515310163,-4.24531624503618
20.6325,-3.84550886216021,-0.0956644515310163,-4.26568872312518
20.635,-3.83531994645379,-0.0956644515310163,-4.26568872312518
20.6375,-3.81494211504095,-0.0905687587252277,-4.24022312551393
20.64,-3.80984765718774,-0.0956644515310163,-4.25550248408068
20.6425,-3.7894698257749,-0.0956644515310163,-4.24022312551393
20.645,-3.80984765718774,-0.0956644515310163,-4.23003688646944
20.6475,-3.80984765718774,-0.0956644515310163,-4.23513000599169
20.65,-3.83531994645379,-0.0956644515310163,-4.23513000599169
20.6525,-3.81494211504095,-0.0956644515310163,-4.23003688646944
20.655,-3.80475319933453,-0.0956644515310163,-4.24022312551393
20.6575,-3.81494211504095,-0.0956644515310163,-4.23003688646944
20.66,-3.79965874148132,-0.0956644515310163,-4.23003688646944
20.6625,-3.81494211504095,-0.0956644515310163,-4.25040936455843
20.665,-3.81494211504095,-0.0956644515310163,-4.21985064742494
20.6675,-3.82003657289416,-0.0956644515310163,-4.24531624503618
20.67,-3.82003657289416,-0.0956644515310163,-4.24022312551393
20.6725,-3.83022548860058,-0.0956644515310163,-4.24022312551393
20.675,-3.82513103074737,-0.0956644515310163,-4.28096808169193
20.6775,-3.82513103074737,-0.0956644515310163,-4.25040936455843
20.68,-3.86588669357306,-0.0956644515310163,-4.25040936455843
20.6825,-3.84550886216021,-0.0956644515310163,-4.23513000599169
20.685,-3.83531994645379,-0.0905687587252277,-4.24531624503618
20.6875,-3.85060332001342,-0.0956644515310163,-4.23003688646944
20.69,-3.83531994645379,-0.0956644515310163,-4.23513000599169
20.6925,-3.83022548860058,-0.0956644515310163,-4.22494376694719
20.695,-3.82513103074737,-0.0956644515310163,-4.21475752790269
20.6975,-3.840414404307,-0.0956644515310163,-4.21985064742494
20.7,-3.82513103074737,-0.0956644515310163,-4.21475752790269
20.7025,-3.82513103074737,-0.0956644515310163,-4.20966440838044
20.705,-3.82513103074737,-0.0956644515310163,-4.20457128885819
20.7075,-3.82003657289416,-0.0956644515310163,-4.19947816933594
20.71,-3.81494211504095,-0.0956644515310163,-4.23003688646944
20.7125,-3.81494211504095,-0.0956644515310163,-4.20966440838044
20.715,-3.81494211504095,-0.0905687587252277,-4.21475752790269
20.7175,-3.80984765718774,-0.0956644515310163,-4.20966440838044
20.72,-3.81494211504095,-0.0956644515310163,-4.20457128885819
20.7225,-3.80475319933453,-0.0956644515310163,-4.23003688646944
20.725,-3.80984765718774,-0.0956644515310163,-4.22494376694719
20.7275,-3.79965874148132,-0.100760144336805,-4.22494376694719
20.73,-3.79965874148132,-0.0956644515310163,-4.23003688646944
20.7325,-3.79965874148132,-0.0956644515310163,-4.19947816933594
20.735,-3.79965874148132,-0.0905687587252277,-4.20966440838044
20.7375,-3.82513103074737,-0.0956644515310163,-4.20457128885819
20.74,-3.840414404307,-0.0956644515310163,-4.20457128885819
20.7425,-3.77928091006848,-0.0956644515310163,-4.19438504981369
20.745,-3.83531994645379,-0.0956644515310163,-4.21475752790269
20.7475,-3.79456428362811,-0.0956644515310163,-4.21985064742494
20.75,-3.80475319933453,-0.0956644515310163,-4.20457128885819
20.7525,-3.79965874148132,-0.0956644515310163,-4.21475752790269
20.755,-3.79965874148132,-0.0956644515310163,-4.20966440838044
20.7575,-3.79965874148132,-0.0956644515310163,-4.20966440838044
20.76,-3.79965874148132,-0.0956644515310163,-4.20966440838044
20.7625,-3.79456428362811,-0.0956644515310163,-4.20457128885819
20.765,-3.79456428362811,-0.0956644515310163,-4.19438504981369
20.7675,-3.78437536792169,-0.0956644515310163,-4.19947816933594
20.77,-3.79456428362811,-0.0956644515310163,-4.18419881076919
20.7725,-3.7894698257749,-0.0956644515310163,-4.19438504981369
20.775,-3.79456428362811,-0.0956644515310163,-4.20457128885819
20.7775,-3.79965874148132,-0.0956644515310163,-4.21475752790269
20.78,-3.79965874148132,-0.0956644515310163,-4.20966440838044
20.7825,-3.80984765718774,-0.0956644515310163,-4.23003688646944
20.785,-3.80984765718774,-0.0956644515310163,-4.23003688646944
20.7875,-3.82003657289416,-0.0956644515310163,-4.22494376694719
20.79,-3.82003657289416,-0.0956644515310163,-4.19947816933594
20.7925,-3.82003657289416,-0.0956644515310163,-4.21985064742494
20.795,-3.83022548860058,-0.0956644515310163,-4.18929193029144
20.7975,-3.83531994645379,-0.0956644515310163,-4.19438504981369
20.8,-3.840414404307,-0.0956644515310163,-4.17910569124694
20.8025,-3.84550886216021,-0.0956644515310163,-4.18419881076919
20.805,-3.85060332001342,-0.0905687587252277,-4.17401257172469
20.8075,-3.86079223571985,-0.0956644515310163,-4.19947816933594
20.81,-3.86588669357306,-0.0956644515310163,-4.16891945220244
20.8125,-3.88117006713269,-0.0956644515310163,-4.18419881076919
20.815,-3.87098115142627,-0.0956644515310163,-4.18419881076919
20.8175,-3.8862645249859,-0.0956644515310163,-4.17910569124694
20.82,-3.87607560927948,-0.0956644515310163,-4.17910569124694
20.8225,-3.91173681425195,-0.0956644515310163,-4.17910569124694
20.825,-3.90664235639874,-0.0956644515310163,-4.21475752790269
20.8275,-3.91173681425195,-0.0905687587252277,-4.21985064742494
20.83,-3.90664235639874,-0.0956644515310163,-4.20966440838044
20.8325,-3.91683127210516,-0.0956644515310163,-4.20966440838044
20.835,-3.91683127210516,-0.0956644515310163,-4.20457128885819
20.8375,-3.92702018781158,-0.0956644515310163,-4.19947816933594
20.84,-3.95249247707764,-0.0956644515310163,-4.20966440838044
20.8425,-3.95758693493085,-0.0956644515310163,-4.19947816933594
20.845,-3.92192572995837,-0.0956644515310163,-4.24531624503618
20.8475,-3.92702018781158,-0.0956644515310163,-4.23003688646944
20.85,-3.92702018781158,-0.0956644515310163,-4.23003688646944
20.8525,-3.96268139278406,-0.0905687587252277,-4.19947816933594
20.855,-3.96268139278406,-0.0956644515310163,-4.21985064742494
20.8575,-3.94739801922443,-0.0956644515310163,-4.22494376694719
20.86,-3.92702018781158,-0.0956644515310163,-4.18929193029144
20.8625,-3.92702018781158,-0.0956644515310163,-4.18929193029144
20.865,-3.92702018781158,-0.0956644515310163,-4.18929193029144
20.8675,-3.92702018781158,-0.0956644515310163,-4.17401257172469
20.87,-3.93211464566479,-0.0905687587252277,-4.18929193029144
20.8725,-3.92702018781158,-0.0905687587252277,-4.19438504981369
20.875,-3.93211464566479,-0.0956644515310163,-4.24531624503618
20.8775,-3.92702018781158,-0.0956644515310163,-4.21475752790269
20.88,-3.92702018781158,-0.0956644515310163,-4.20457128885819
20.8825,-3.91683127210516,-0.0956644515310163,-4.20966440838044
20.885,-3.92702018781158,-0.0956644515310163,-4.19438504981369
20.8875,-3.92192572995837,-0.0956644515310163,-4.21985064742494
20.89,-3.92192572995837,-0.0956644515310163,-4.21475752790269
20.8925,-3.91683127210516,-0.0956644515310163,-4.20966440838044
20.895,-3.91173681425195,-0.0956644515310163,-4.18929193029144
20.8975,-3.90664235639874,-0.0956644515310163,-4.17401257172469
20.9,-3.90154789854553,-0.0854730659194392,-4.17910569124694
20.9025,-3.89135898283911,-0.0956644515310163,-4.19947816933594
20.905,-3.8862645249859,-0.0956644515310163,-4.16382633268019
20.9075,-3.87098115142627,-0.0956644515310163,-4.16891945220244
20.91,-3.87607560927948,-0.0956644515310163,-4.15873321315794
20.9125,-3.86079223571985,-0.0956644515310163,-4.19438504981369
20.915,-3.88117006713269,-0.0956644515310163,-4.18419881076919
20.9175,-3.81494211504095,-0.0956644515310163,-4.18419881076919
20.92,-3.81494211504095,-0.0956644515310163,-4.20457128885819
20.9225,-3.80475319933453,-0.0956644515310163,-4.12817449602444
20.925,-3.79456428362811,-0.0956644515310163,-4.13326761554669
20.9275,-3.78437536792169,-0.0905687587252277,-4.13326761554669
20.93,-3.77418645221527,-0.0956644515310163,-4.16382633268019
20.9325,-3.75890307865563,-0.0956644515310163,-4.16382633268019
20.935,-3.74871416294921,-0.0956644515310163,-4.15364009363569
20.9375,-3.73343078938958,-0.0956644515310163,-4.16382633268019
20.94,-3.74871416294921,-0.0956644515310163,-4.15364009363569
20.9425,-3.743619705096,-0.0905687587252277,-4.17910569124694
20.945,-3.70795850012353,-0.0956644515310163,-4.18419881076919
20.9475,-3.70286404227032,-0.0956644515310163,-4.17910569124694
20.95,-3.68248621085748,-0.0956644515310163,-4.17401257172469
20.9525,-3.68248621085748,-0.0956644515310163,-4.17910569124694
20.955,-3.67229729515105,-0.0956644515310163,-4.17401257172469
20.9575,-3.69776958441711,-0.0956644515310163,-4.17401257172469
20.96,-3.62135271661895,-0.0956644515310163,-4.16891945220244
20.9625,-3.61116380091253,-0.0956644515310163,-4.15364009363569
20.965,-3.60606934305932,-0.0956644515310163,-4.16382633268019
20.9675,-3.60097488520611,-0.0956644515310163,-4.14345385459119
20.97,-3.59588042735289,-0.0956644515310163,-4.13836073506894
20.9725,-3.59588042735289,-0.0956644515310163,-4.13326761554669
20.975,-3.58569151164647,-0.0956644515310163,-4.14854697411344
20.9775,-3.58569151164647,-0.0956644515310163,-4.16891945220244
20.98,-3.58059705379326,-0.0956644515310163,-4.17401257172469
20.9825,-3.58569151164647,-0.0956644515310163,-4.16891945220244
20.985,-3.57550259594005,-0.0956644515310163,-4.16891945220244
20.9875,-3.58569151164647,-0.0956644515310163,-4.17401257172469
20.99,-3.58059705379326,-0.0956644515310163,-4.16891945220244
20.9925,-3.58059705379326,-0.0956644515310163,-4.17401257172469
20.995,-3.57040813808684,-0.0956644515310163,-4.14345385459119
20.9975,-3.58059705379326,-0.0956644515310163,-4.14345385459119
21,-3.56531368023363,-0.0956644515310163,-4.14854697411344
21.0025,-3.57040813808684,-0.0956644515310163,-4.14345385459119
21.005,-3.56531368023363,-0.0956644515310163,-4.15364009363569
21.0075,-3.56531368023363,-0.0956644515310163,-4.14854697411344
21.01,-3.57040813808684,-0.0956644515310163,-4.15364009363569
21.0125,-3.60097488520611,-0.0956644515310163,-4.18419881076919
21.015,-3.57550259594005,-0.0956644515310163,-4.15873321315794
21.0175,-3.57040813808684,-0.0956644515310163,-4.16891945220244
21.02,-3.56531368023363,-0.0956644515310163,-4.13836073506894
21.0225,-3.57550259594005,-0.0956644515310163,-4.16382633268019
21.025,-3.56531368023363,-0.0956644515310163,-4.17401257172469
21.0275,-3.57040813808684,-0.0956644515310163,-4.16891945220244
21.03,-3.56021922238042,-0.0956644515310163,-4.17910569124694
21.0325,-3.59078596949968,-0.0956644515310163,-4.16891945220244
21.035,-3.58569151164647,-0.0956644515310163,-4.16891945220244
21.0375,-3.58569151164647,-0.0956644515310163,-4.16891945220244
21.04,-3.59078596949968,-0.0905687587252277,-4.15873321315794
21.0425,-3.58569151164647,-0.0956644515310163,-4.16382633268019
21.045,-3.58569151164647,-0.0956644515310163,-4.15873321315794
21.0475,-3.58569151164647,-0.0956644515310163,-4.16382633268019
21.05,-3.56531368023363,-0.0956644515310163,-4.17401257172469
21.0525,-3.56531368023363,-0.0956644515310163,-4.15873321315794
21.055,-3.57040813808684,-0.0956644515310163,-4.17401257172469
21.0575,-3.56021922238042,-0.0956644515310163,-4.16382633268019
21.06,-3.56531368023363,-0.0956644515310163,-4.14345385459119
21.0625,-3.55512476452721,-0.0956644515310163,-4.17401257172469
21.065,-3.56531368023363,-0.0956644515310163,-4.16382633268019
21.0675,-3.55512476452721,-0.0956644515310163,-4.17401257172469
21.07,-3.56021922238042,-0.0956644515310163,-4.16382633268019
21.0725,-3.55512476452721,-0.0956644515310163,-4.16891945220244
21.075,-3.550030306674,-0.0956644515310163,-4.16891945220244
21.0775,-3.58569151164647,-0.0854730659194392,-4.16891945220244
21.08,-3.57550259594005,-0.0956644515310163,-4.16891945220244
21.0825,-3.57040813808684,-0.0956644515310163,-4.16891945220244
21.085,-3.57040813808684,-0.0956644515310163,-4.16891945220244
21.0875,-3.54493584882079,-0.0956644515310163,-4.17401257172469
21.09,-3.550030306674,-0.0956644515310163,-4.13836073506894
21.0925,-3.54493584882079,-0.0956644515310163,-4.17401257172469
21.095,-3.54493584882079,-0.0905687587252277,-4.16891945220244
21.0975,-3.550030306674,-0.100760144336805,-4.16891945220244
21.1,-3.550030306674,-0.0956644515310163,-4.12817449602444
21.1025,-3.56021922238042,-0.0956644515310163,-4.16382633268019
21.105,-3.55512476452721,-0.0956644515310163,-4.17401257172469
21.1075,-3.56531368023363,-0.0905687587252277,-4.16891945220244
21.11,-3.57040813808684,-0.0956644515310163,-4.16891945220244
21.1125,-3.58059705379326,-0.0956644515310163,-4.18929193029144
21.115,-3.57550259594005,-0.0956644515310163,-4.18419881076919
21.1175,-3.59078596949968,-0.0956644515310163,-4.19438504981369
21.12,-3.59078596949968,-0.0956644515310163,-4.18419881076919
21.1225,-3.60097488520611,-0.0956644515310163,-4.18419881076919
21.125,-3.60606934305932,-0.0956644515310163,-4.18929193029144
21.1275,-3.62135271661895,-0.0956644515310163,-4.17910569124694
21.13,-3.63154163232537,-0.0956644515310163,-4.18929193029144
21.1325,-3.64173054803179,-0.0956644515310163,-4.18419881076919
21.135,-3.64173054803179,-0.0956644515310163,-4.18929193029144
21.1375,-3.646825005885,-0.0956644515310163,-4.18929193029144
21.14,-3.65701392159142,-0.0956644515310163,-4.22494376694719
21.1425,-3.66210837944463,-0.0956644515310163,-4.23003688646944
21.145,-3.64173054803179,-0.0956644515310163,-4.22494376694719
21.1475,-3.63154163232537,-0.0956644515310163,-4.19438504981369
21.15,-3.66210837944463,-0.0956644515310163,-4.18419881076919
21.1525,-3.68758066871069,-0.0956644515310163,-4.19947816933594
21.155,-3.6926751265639,-0.0956644515310163,-4.18419881076919
21.1575,-3.67229729515105,-0.0956644515310163,-4.17910569124694
21.16,-3.68248621085748,-0.0956644515310163,-4.17910569124694
21.1625,-3.67229729515105,-0.0956644515310163,-4.17910569124694
21.165,-3.68758066871069,-0.0956644515310163,-4.17401257172469
21.1675,-3.65701392159142,-0.0956644515310163,-4.18419881076919
21.17,-3.66210837944463,-0.0956644515310163,-4.17401257172469
21.1725,-3.65701392159142,-0.0956644515310163,-4.20457128885819
21.175,-3.66210837944463,-0.0905687587252277,-4.15364009363569
21.1775,-3.646825005885,-0.0956644515310163,-4.20457128885819
21.18,-3.646825005885,-0.0956644515310163,-4.20966440838044
21.1825,-3.65701392159142,-0.0956644515310163,-4.20457128885819
21.185,-3.65701392159142,-0.0956644515310163,-4.19947816933594
21.1875,-3.65191946373821,-0.0956644515310163,-4.20457128885819
21.19,-3.62135271661895,-0.0956644515310163,-4.19438504981369
21.1925,-3.62135271661895,-0.0956644515310163,-4.19947816933594
21.195,-3.62135271661895,-0.0956644515310163,-4.18929193029144
21.1975,-3.68758066871069,-0.0956644515310163,-4.19438504981369
21.2,-3.65701392159142,-0.0956644515310163,-4.18929193029144
21.2025,-3.63663609017858,-0.0956644515310163,-4.18419881076919
21.205,-3.63154163232537,-0.0956644515310163,-4.18419881076919
21.2075,-3.64173054803179,-0.0956644515310163,-4.19438504981369
21.21,-3.63663609017858,-0.0956644515310163,-4.19438504981369
21.2125,-3.63663609017858,-0.0956644515310163,-4.19438504981369
21.215,-3.63154163232537,-0.0956644515310163,-4.15873321315794
21.2175,-3.63663609017858,-0.0956644515310163,-4.19438504981369
21.22,-3.63663609017858,-0.0956644515310163,-4.18419881076919
21.2225,-3.64173054803179,-0.0956644515310163,-4.21475752790269
21.225,-3.63663609017858,-0.0956644515310163,-4.21475752790269
21.2275,-3.646825005885,-0.0956644515310163,-4.16891945220244
21.23,-3.64173054803179,-0.0956644515310163,-4.17910569124694
21.2325,-3.646825005885,-0.0956644515310163,-4.19438504981369
21.235,-3.64173054803179,-0.0956644515310163,-4.17401257172469
21.2375,-3.646825005885,-0.0956644515310163,-4.16382633268019
21.24,-3.65191946373821,-0.0956644515310163,-4.16382633268019
21.2425,-3.65191946373821,-0.0956644515310163,-4.16891945220244
21.245,-3.65191946373821,-0.0956644515310163,-4.16891945220244
21.2475,-3.65701392159142,-0.0956644515310163,-4.18419881076919
21.25,-3.65191946373821,-0.0956644515310163,-4.19947816933594
21.2525,-3.68248621085748,-0.0956644515310163,-4.16891945220244
21.255,-3.68248621085748,-0.0956644515310163,-4.16891945220244
21.2575,-3.66720283729784,-0.0956644515310163,-4.15873321315794
21.26,-3.6926751265639,-0.0956644515310163,-4.16382633268019
21.2625,-3.67229729515105,-0.0956644515310163,-4.14854697411344
21.265,-3.69776958441711,-0.0956644515310163,-4.14854697411344
21.2675,-3.67739175300426,-0.0956644515310163,-4.16891945220244
21.27,-3.69776958441711,-0.0956644515310163,-4.16382633268019
21.2725,-3.72833633153637,-0.0956644515310163,-4.16382633268019
21.275,-3.74871416294921,-0.100760144336805,-4.13326761554669
21.2775,-3.72324187368316,-0.0956644515310163,-4.16382633268019
21.28,-3.70286404227032,-0.0956644515310163,-4.16891945220244
21.2825,-3.72833633153637,-0.0956644515310163,-4.15364009363569
21.285,-3.743619705096,-0.0956644515310163,-4.15873321315794
21.2875,-3.71814741582995,-0.0956644515310163,-4.16382633268019
21.29,-3.71814741582995,-0.0956644515310163,-4.17401257172469
21.2925,-3.71305295797674,-0.0956644515310163,-4.13836073506894
21.295,-3.71814741582995,-0.0956644515310163,-4.15364009363569
21.2975,-3.70795850012353,-0.0956644515310163,-4.13326761554669
21.3,-3.70286404227032,-0.0956644515310163,-4.14854697411344
21.3025,-3.73343078938958,-0.0956644515310163,-4.15364009363569
21.305,-3.73852524724279,-0.0956644515310163,-4.12817449602444
21.3075,-3.73343078938958,-0.0956644515310163,-4.11798825697995
21.31,-3.71305295797674,-0.0956644515310163,-4.16891945220244
21.3125,-3.70795850012353,-0.0956644515310163,-4.19438504981369
21.315,-3.70795850012353,-0.0956644515310163,-4.18929193029144
21.3175,-3.70286404227032,-0.0956644515310163,-4.16891945220244
21.32,-3.66720283729784,-0.0956644515310163,-3.96010155179021
21.3225,-3.66210837944463,-0.0956644515310163,-4.17401257172469
21.325,-3.66720283729784,-0.0956644515310163,-4.1128951374577
21.3275,-3.68758066871069,-0.0956644515310163,-4.14345385459119
21.33,-3.68758066871069,-0.0956644515310163,-4.11798825697995
21.3325,-3.67739175300426,-0.0956644515310163,-4.18929193029144
21.335,-3.67739175300426,-0.0956644515310163,-3.97538091035696
21.3375,-3.67229729515105,-0.0956644515310163,-4.15873321315794
21.34,-3.67229729515105,-0.0956644515310163,-4.14345385459119
21.3425,-3.646825005885,-0.0956644515310163,-4.12817449602444
21.345,-3.65191946373821,-0.0956644515310163,-4.15364009363569
21.3475,-3.646825005885,-0.0956644515310163,-4.16891945220244
21.35,-3.68758066871069,-0.0956644515310163,-3.96010155179021
21.3525,-3.70795850012353,-0.0956644515310163,-4.14345385459119
21.355,-3.66210837944463,-0.0956644515310163,-4.16891945220244
21.3575,-3.66210837944463,-0.0956644515310163,-4.17910569124694
21.36,-3.66210837944463,-0.0956644515310163,-4.18929193029144
21.3625,-3.66720283729784,-0.0956644515310163,-4.13326761554669
21.365,-3.66210837944463,-0.0956644515310163,-4.14345385459119
21.3675,-3.66720283729784,-0.0956644515310163,-4.17401257172469
21.37,-3.66210837944463,-0.0956644515310163,-3.98556714940146
21.3725,-3.66720283729784,-0.0956644515310163,-3.99575338844596
21.375,-3.66210837944463,-0.0956644515310163,-4.18419881076919
21.3775,-3.66720283729784,-0.0956644515310163,-4.14345385459119
21.38,-3.66210837944463,-0.0956644515310163,-4.16891945220244
21.3825,-3.66210837944463,-0.0956644515310163,-4.19438504981369
21.385,-3.68248621085748,-0.0956644515310163,-4.18419881076919
21.3875,-3.67229729515105,-0.0956644515310163,-4.17401257172469
21.39,-3.66720283729784,-0.0905687587252277,-4.20966440838044
21.3925,-3.66210837944463,-0.0956644515310163,-4.19947816933594
21.395,-3.66720283729784,-0.0956644515310163,-4.19947816933594
21.3975,-3.66720283729784,-0.0956644515310163,-4.18929193029144
21.4,-3.66720283729784,-0.0956644515310163,-4.15873321315794
21.4025,-3.66720283729784,-0.0956644515310163,-4.16382633268019
21.405,-3.66210837944463,-0.0956644515310163,-4.18929193029144
21.4075,-3.66720283729784,-0.0956644515310163,-4.21475752790269
21.41,-3.66210837944463,-0.0905687587252277,-3.98047402987921
21.4125,-3.66210837944463,-0.0956644515310163,-3.97028779083471
21.415,-3.68248621085748,-0.0956644515310163,-3.98047402987921
21.4175,-3.68248621085748,-0.0956644515310163,-3.99575338844596
21.42,-3.68248621085748,-0.100760144336805,-4.20966440838044
21.4225,-3.65701392159142,-0.0956644515310163,-4.21985064742494
21.425,-3.66210837944463,-0.0956644515310163,-4.21475752790269
21.4275,-3.68248621085748,-0.0956644515310163,-4.22494376694719
21.43,-3.63154163232537,-0.0956644515310163,-0.0995169539250416
21.4325,-3.646825005885,-0.0956644515310163,-3.96519467131246
21.435,-3.62644717447216,-0.0956644515310163,-3.96519467131246
21.4375,-3.62135271661895,-0.0956644515310163,-3.96010155179021
21.44,-3.62135271661895,-0.0905687587252277,-3.99575338844596
21.4425,-3.61625825876574,-0.0956644515310163,-4.21985064742494
21.445,-3.61116380091253,-0.0956644515310163,-4.18929193029144
21.4475,-3.61116380091253,-0.0956644515310163,-4.21475752790269
21.45,-3.61625825876574,-0.0956644515310163,-4.20966440838044
21.4525,-3.60097488520611,-0.0956644515310163,-4.20966440838044
21.455,-3.61116380091253,-0.0956644515310163,-4.16891945220244
21.4575,-3.60606934305932,-0.0956644515310163,-4.20966440838044
21.46,-3.62644717447216,-0.0956644515310163,-4.18929193029144
21.4625,-3.62644717447216,-0.0956644515310163,-4.18419881076919
21.465,-3.646825005885,-0.0956644515310163,-4.21985064742494
21.4675,-3.62135271661895,-0.0956644515310163,-4.20966440838044
21.47,-3.57550259594005,-0.0956644515310163,-4.18419881076919
21.4725,-3.58059705379326,-0.0956644515310163,-4.19438504981369
21.475,-3.58059705379326,-0.0956644515310163,-4.19438504981369
21.4775,-3.58059705379326,-0.0905687587252277,-4.20457128885819
21.48,-3.58059705379326,-0.0956644515310163,-4.19438504981369
21.4825,-3.57550259594005,-0.0956644515310163,-4.20966440838044
21.485,-3.57040813808684,-0.0956644515310163,-4.19947816933594
21.4875,-3.57550259594005,-0.0956644515310163,-4.19947816933594
21.49,-3.57040813808684,-0.0905687587252277,-4.20966440838044
21.4925,-3.57550259594005,-0.0956644515310163,-3.94482219322346
21.495,-3.56531368023363,-0.0956644515310163,-4.17401257172469
21.4975,-3.57040813808684,-0.0905687587252277,-4.19438504981369
21.5,-3.53474693311437,-0.0956644515310163,-4.23003688646944
21.5025,-3.56021922238042,-0.0956644515310163,-4.21475752790269
21.505,-3.55512476452721,-0.0956644515310163,-4.20966440838044
21.5075,-3.56021922238042,-0.0956644515310163,-4.21985064742494
21.51,-3.550030306674,-0.0956644515310163,-4.21475752790269
21.5125,-3.56021922238042,-0.0956644515310163,-4.21985064742494
21.515,-3.550030306674,-0.0956644515310163,-4.19947816933594
21.5175,-3.56021922238042,-0.0956644515310163,-4.19947816933594
21.52,-3.550030306674,-0.0956644515310163,-4.23513000599169
21.5225,-3.55512476452721,-0.0956644515310163,-4.19947816933594
21.525,-3.550030306674,-0.0905687587252277,-4.20966440838044
21.5275,-3.55512476452721,-0.0956644515310163,-4.20966440838044
21.53,-3.550030306674,-0.0956644515310163,-4.20966440838044
21.5325,-3.55512476452721,-0.0905687587252277,-4.25040936455843
21.535,-3.550030306674,-0.0956644515310163,-4.19438504981369
21.5375,-3.550030306674,-0.0956644515310163,-4.20457128885819
21.54,-3.550030306674,-0.0956644515310163,-4.20966440838044
21.5425,-3.55512476452721,-0.0956644515310163,-4.19947816933594
21.545,-3.550030306674,-0.0956644515310163,-4.21475752790269
21.5475,-3.55512476452721,-0.0956644515310163,-4.18419881076919
21.55,-3.55512476452721,-0.0956644515310163,-4.19947816933594
21.5525,-3.550030306674,-0.0956644515310163,-4.19438504981369
21.555,-3.56021922238042,-0.0956644515310163,-4.19947816933594
21.5575,-3.57550259594005,-0.0956644515310163,-4.23003688646944
21.56,-3.56531368023363,-0.0956644515310163,-4.17910569124694
21.5625,-3.56531368023363,-0.0956644515310163,-4.21475752790269
21.565,-3.56531368023363,-0.0956644515310163,-4.21985064742494
21.5675,-3.56531368023363,-0.0956644515310163,-4.18929193029144
21.57,-3.56531368023363,-0.0956644515310163,-4.19947816933594
21.5725,-3.57040813808684,-0.0956644515310163,-4.21985064742494
21.575,-3.57550259594005,-0.0956644515310163,-4.23003688646944
21.5775,-3.57550259594005,-0.0956644515310163,-4.23003688646944
21.58,-3.58059705379326,-0.0956644515310163,-4.25550248408068
21.5825,-3.57040813808684,-0.0956644515310163,-4.22494376694719
21.585,-3.58059705379326,-0.0854730659194392,-4.21475752790269
21.5875,-3.58059705379326,-0.0956644515310163,-4.22494376694719
21.59,-3.59078596949968,-0.0956644515310163,-4.21475752790269
21.5925,-3.58569151164647,-0.0905687587252277,-4.19438504981369
21.595,-3.58569151164647,-0.0956644515310163,-4.19438504981369
21.5975,-3.58569151164647,-0.0956644515310163,-4.19438504981369
21.6,-3.58569151164647,-0.100760144336805,-4.22494376694719
21.6025,-3.58569151164647,-0.0956644515310163,-4.21985064742494
21.605,-3.58569151164647,-0.0956644515310163,-4.22494376694719
21.6075,-3.59078596949968,-0.0905687587252277,-4.22494376694719
21.61,-3.59078596949968,-0.0956644515310163,-4.21985064742494
21.6125,-3.59078596949968,-0.0905687587252277,-4.22494376694719
21.615,-3.59078596949968,-0.0956644515310163,-4.21475752790269
21.6175,-3.59588042735289,-0.0956644515310163,-4.23003688646944
21.62,-3.59588042735289,-0.0956644515310163,-4.25040936455843
21.6225,-3.60097488520611,-0.0956644515310163,-4.22494376694719
21.625,-3.60606934305932,-0.0956644515310163,-4.22494376694719
21.6275,-3.61625825876574,-0.0905687587252277,-4.24531624503618
21.63,-3.61116380091253,-0.0956644515310163,-4.25550248408068
21.6325,-3.62135271661895,-0.0956644515310163,-4.24531624503618
21.635,-3.62135271661895,-0.0956644515310163,-4.23513000599169
21.6375,-3.63154163232537,-0.0956644515310163,-4.26568872312518
21.64,-3.63663609017858,-0.0905687587252277,-4.25550248408068
21.6425,-3.64173054803179,-0.0956644515310163,-4.23003688646944
21.645,-3.646825005885,-0.0956644515310163,-4.22494376694719
21.6475,-3.65701392159142,-0.0956644515310163,-4.22494376694719
21.65,-3.66210837944463,-0.0956644515310163,-4.23003688646944
21.6525,-3.66720283729784,-0.0956644515310163,-4.21985064742494
21.655,-3.67229729515105,-0.0956644515310163,-4.23003688646944
21.6575,-3.68758066871069,-0.0956644515310163,-4.24531624503618
21.66,-3.6926751265639,-0.0956644515310163,-4.25040936455843
21.6625,-3.69776958441711,-0.0956644515310163,-4.24531624503618
21.665,-3.71305295797674,-0.0956644515310163,-4.23513000599169
21.6675,-3.71814741582995,-0.0956644515310163,-4.24022312551393
21.67,-3.73852524724279,-0.0956644515310163,-4.23003688646944
21.6725,-3.743619705096,-0.0956644515310163,-4.23003688646944
21.675,-3.75380862080242,-0.0956644515310163,-4.23513000599169
21.6775,-3.76399753650884,-0.0956644515310163,-4.23003688646944
21.68,-3.76909199436206,-0.0956644515310163,-4.22494376694719
21.6825,-3.7894698257749,-0.0956644515310163,-4.20966440838044
21.685,-3.7894698257749,-0.0956644515310163,-4.21985064742494
21.6875,-3.79456428362811,-0.0956644515310163,-4.24022312551393
21.69,-3.80984765718774,-0.0956644515310163,-4.24022312551393
21.6925,-3.81494211504095,-0.0956644515310163,-4.27078184264743
21.695,-3.82513103074737,-0.0905687587252277,-4.24022312551393
21.6975,-3.83022548860058,-0.0956644515310163,-4.24022312551393
21.7,-3.840414404307,-0.0854730659194392,-4.23513000599169
21.7025,-3.85569777786664,-0.0956644515310163,-4.23003688646944
21.705,-3.86588669357306,-0.0956644515310163,-4.23513000599169
21.7075,-3.86588669357306,-0.0956644515310163,-4.23003688646944
21.71,-3.87607560927948,-0.0956644515310163,-4.24022312551393
21.7125,-3.8862645249859,-0.0956644515310163,-4.20966440838044
21.715,-3.89135898283911,-0.0956644515310163,-4.20457128885819
21.7175,-3.90154789854553,-0.0956644515310163,-4.21475752790269
21.72,-3.90664235639874,-0.0956644515310163,-4.19947816933594
21.7225,-3.90664235639874,-0.0956644515310163,-4.20966440838044
21.725,-3.91173681425195,-0.0956644515310163,-4.19947816933594
21.7275,-3.92192572995837,-0.0956644515310163,-4.20457128885819
21.73,-3.92702018781158,-0.0956644515310163,-4.20966440838044
21.7325,-3.93720910351801,-0.0956644515310163,-4.19438504981369
21.735,-3.94230356137122,-0.0956644515310163,-4.20457128885819
21.7375,-3.94739801922443,-0.0956644515310163,-4.19438504981369
21.74,-3.95249247707764,-0.0956644515310163,-4.23513000599169
21.7425,-3.96268139278406,-0.0905687587252277,-4.23513000599169
21.745,-3.96268139278406,-0.0956644515310163,-4.19947816933594
21.7475,-3.96777585063727,-0.0956644515310163,-4.23513000599169
21.75,-3.97287030849048,-0.0956644515310163,-4.22494376694719
21.7525,-3.98815368205011,-0.0956644515310163,-4.23003688646944
21.755,-3.97796476634369,-0.0956644515310163,-4.19438504981369
21.7575,-3.9830592241969,-0.0956644515310163,-4.18929193029144
21.76,-3.98815368205011,-0.0956644515310163,-4.19438504981369
21.7625,-4.00343705560974,-0.0956644515310163,-4.20457128885819
21.765,-3.99834259775653,-0.0956644515310163,-4.17910569124694
21.7675,-4.00853151346295,-0.0956644515310163,-4.17401257172469
21.77,-4.00853151346295,-0.0956644515310163,-4.16891945220244
21.7725,-4.01872042916937,-0.0956644515310163,-4.17401257172469
21.775,-4.01362597131616,-0.0956644515310163,-4.17401257172469
21.7775,-4.01362597131616,-0.0956644515310163,-4.17910569124694
21.78,-4.00853151346295,-0.0956644515310163,-4.17910569124694
21.7825,-4.00853151346295,-0.0956644515310163,-4.17401257172469
21.785,-4.00853151346295,-0.0956644515310163,-4.18419881076919
21.7875,-4.00853151346295,-0.0956644515310163,-4.17910569124694
21.79,-3.9830592241969,-0.0956644515310163,-4.18929193029144
21.7925,-4.00343705560974,-0.0956644515310163,-4.17910569124694
21.795,-3.99834259775653,-0.0956644515310163,-4.18929193029144
21.7975,-3.99834259775653,-0.0956644515310163,-4.18929193029144
21.8,-3.99834259775653,-0.0956644515310163,-4.18419881076919
21.8025,-3.98815368205011,-0.0956644515310163,-4.18929193029144
21.805,-3.98815368205011,-0.0956644515310163,-4.20966440838044
21.8075,-3.97796476634369,-0.0956644515310163,-4.19947816933594
21.81,-3.97796476634369,-0.0956644515310163,-4.17401257172469
21.8125,-3.96268139278406,-0.0956644515310163,-4.16891945220244
21.815,-3.95758693493085,-0.0956644515310163,-4.20457128885819
21.8175,-3.94739801922443,-0.0956644515310163,-4.19438504981369
21.82,-3.97796476634369,-0.0956644515310163,-4.17910569124694
21.8225,-3.9830592241969,-0.0956644515310163,-4.17401257172469
21.825,-3.95758693493085,-0.0956644515310163,-4.18419881076919
21.8275,-3.94230356137122,-0.0956644515310163,-4.19438504981369
21.83,-3.94230356137122,-0.0956644515310163,-4.18419881076919
21.8325,-3.93211464566479,-0.0956644515310163,-4.19947816933594
21.835,-3.91683127210516,-0.0956644515310163,-4.19438504981369
21.8375,-3.91173681425195,-0.0905687587252277,-4.19438504981369
21.84,-3.90154789854553,-0.0956644515310163,-4.19438504981369
21.8425,-3.89645344069232,-0.0956644515310163,-4.18929193029144
21.845,-3.88117006713269,-0.0956644515310163,-4.19947816933594
21.8475,-3.87098115142627,-0.0956644515310163,-4.19438504981369
21.85,-3.83022548860058,-0.0956644515310163,-4.19438504981369
21.8525,-3.82513103074737,-0.0956644515310163,-4.16891945220244
21.855,-3.80984765718774,-0.0905687587252277,-4.18419881076919
21.8575,-3.80475319933453,-0.0956644515310163,-4.19438504981369
21.86,-3.78437536792169,-0.0956644515310163,-4.17910569124694
21.8625,-3.77928091006848,-0.0956644515310163,-4.18929193029144
21.865,-3.75890307865563,-0.0956644515310163,-4.19438504981369
21.8675,-3.75380862080242,-0.0956644515310163,-4.17910569124694
21.87,-3.743619705096,-0.0956644515310163,-4.21475752790269
21.8725,-3.73343078938958,-0.0956644515310163,-4.19438504981369
21.875,-3.71305295797674,-0.0956644515310163,-4.19947816933594
21.8775,-3.70795850012353,-0.0956644515310163,-4.19438504981369
21.88,-3.67739175300426,-0.0956644515310163,-4.18929193029144
21.8825,-3.68248621085748,-0.0956644515310163,-4.18929193029144
21.885,-3.66720283729784,-0.0956644515310163,-4.15873321315794
21.8875,-3.66210837944463,-0.0956644515310163,-4.16891945220244
21.89,-3.646825005885,-0.0956644515310163,-4.16382633268019
21.8925,-3.63663609017858,-0.0956644515310163,-4.16382633268019
21.895,-3.62135271661895,-0.0956644515310163,-4.16891945220244
21.8975,-3.61625825876574,-0.0956644515310163,-4.13836073506894
21.9,-3.60097488520611,-0.0956644515310163,-4.17401257172469
21.9025,-3.59078596949968,-0.0905687587252277,-4.16382633268019
21.905,-3.58569151164647,-0.0956644515310163,-4.17401257172469
21.9075,-3.57550259594005,-0.0956644515310163,-4.17401257172469
21.91,-3.59078596949968,-0.0905687587252277,-4.17910569124694
21.9125,-3.58059705379326,-0.0956644515310163,-4.18419881076919
21.915,-3.57550259594005,-0.0956644515310163,-4.20966440838044
21.9175,-3.56531368023363,-0.0956644515310163,-4.18929193029144
21.92,-3.56021922238042,-0.0956644515310163,-4.15873321315794
21.9225,-3.52455801740795,-0.0956644515310163,-4.15873321315794
21.925,-3.53984139096758,-0.0956644515310163,-4.16382633268019
21.9275,-3.52965247526116,-0.0956644515310163,-4.16382633268019
21.93,-3.51946355955474,-0.0956644515310163,-4.16891945220244
21.9325,-3.50927464384831,-0.0956644515310163,-4.16382633268019
21.935,-3.5041801859951,-0.0956644515310163,-4.16891945220244
21.9375,-3.46851898102263,-0.0956644515310163,-4.16891945220244
21.94,-3.48889681243547,-0.0905687587252277,-4.16382633268019
21.9425,-3.47870789672905,-0.0956644515310163,-4.17401257172469
21.945,-3.46851898102263,-0.0956644515310163,-4.18929193029144
21.9475,-3.44304669175658,-0.0956644515310163,-4.15873321315794
21.95,-3.44304669175658,-0.0956644515310163,-4.15873321315794
21.9525,-3.43795223390337,-0.0956644515310163,-4.15364009363569
21.955,-3.43795223390337,-0.0956644515310163,-4.16382633268019
21.9575,-3.44304669175658,-0.0956644515310163,-4.15873321315794
21.96,-3.44304669175658,-0.0956644515310163,-4.15873321315794
21.9625,-3.43795223390337,-0.0956644515310163,-4.16382633268019
21.965,-3.43795223390337,-0.0956644515310163,-4.15364009363569
21.9675,-3.42776331819694,-0.0956644515310163,-4.15873321315794
21.97,-3.43285777605016,-0.0905687587252277,-4.16891945220244
21.9725,-3.43285777605016,-0.0956644515310163,-4.17401257172469
21.975,-3.43285777605016,-0.0956644515310163,-4.16891945220244
21.9775,-3.41247994463731,-0.0956644515310163,-4.16891945220244
21.98,-3.40229102893089,-0.0905687587252277,-4.17401257172469
21.9825,-3.42776331819694,-0.0956644515310163,-4.16891945220244
21.985,-3.41757440249052,-0.0956644515310163,-4.16891945220244
21.9875,-3.41757440249052,-0.0956644515310163,-4.16382633268019
21.99,-3.4073854867841,-0.0956644515310163,-4.16382633268019
21.9925,-3.4073854867841,-0.0956644515310163,-4.16891945220244
21.995,-3.40229102893089,-0.0956644515310163,-4.15873321315794
21.9975,-3.40229102893089,-0.0956644515310163,-4.16891945220244
22,-3.39210211322447,-0.0956644515310163,-4.15873321315794
22.0025,-3.39719657107768,-0.0956644515310163,-4.15873321315794
22.005,-3.38191319751805,-0.0956644515310163,-4.15873321315794
22.0075,-3.39210211322447,-0.0956644515310163,-4.14854697411344
22.01,-3.38700765537126,-0.0956644515310163,-4.15873321315794
22.0125,-3.39719657107768,-0.0956644515310163,-4.14854697411344
22.015,-3.39719657107768,-0.0956644515310163,-4.14854697411344
22.0175,-3.40229102893089,-0.0956644515310163,-4.14345385459119
22.02,-3.40229102893089,-0.0956644515310163,-4.13836073506894
22.0225,-3.4073854867841,-0.0956644515310163,-4.14345385459119
22.025,-3.41757440249052,-0.0956644515310163,-4.13326761554669
22.0275,-3.41757440249052,-0.0956644515310163,-4.13326761554669
22.03,-3.43795223390337,-0.0956644515310163,-4.14345385459119
22.0325,-3.47361343887584,-0.0956644515310163,-4.13326761554669
22.035,-3.453235607463,-0.0956644515310163,-4.14345385459119
22.0375,-3.47361343887584,-0.0956644515310163,-4.13326761554669
22.04,-3.43795223390337,-0.0956644515310163,-4.14345385459119
22.0425,-3.43795223390337,-0.0956644515310163,-4.13836073506894
22.045,-3.44304669175658,-0.0956644515310163,-4.13836073506894
22.0475,-3.43795223390337,-0.0956644515310163,-4.14345385459119
22.05,-3.453235607463,-0.0956644515310163,-4.13836073506894
22.0525,-3.453235607463,-0.0956644515310163,-4.14345385459119
22.055,-3.45833006531621,-0.0956644515310163,-4.16891945220244
22.0575,-3.46342452316942,-0.0956644515310163,-4.15873321315794
22.06,-3.47361343887584,-0.0956644515310163,-4.16891945220244
22.0625,-3.47361343887584,-0.0956644515310163,-4.16382633268019
22.065,-3.48380235458226,-0.0956644515310163,-4.16891945220244
22.0675,-3.48380235458226,-0.0956644515310163,-4.16382633268019
22.07,-3.49908572814189,-0.0956644515310163,-4.16382633268019
22.0725,-3.49908572814189,-0.0956644515310163,-4.17401257172469
22.075,-3.51946355955474,-0.0956644515310163,-4.16891945220244
22.0775,-3.51946355955474,-0.0956644515310163,-4.17910569124694
22.08,-3.53474693311437,-0.0956644515310163,-4.17401257172469
22.0825,-3.53984139096758,-0.0956644515310163,-4.18419881076919
22.085,-3.54493584882079,-0.0956644515310163,-4.17910569124694
22.0875,-3.58059705379326,-0.0956644515310163,-4.17910569124694
22.09,-3.550030306674,-0.0956644515310163,-4.18929193029144
22.0925,-3.55512476452721,-0.100760144336805,-4.17910569124694
22.095,-3.59078596949968,-0.0956644515310163,-4.18419881076919
22.0975,-3.57040813808684,-0.0956644515310163,-4.18419881076919
22.1,-3.58059705379326,-0.0905687587252277,-4.17401257172469
22.1025,-3.58569151164647,-0.0956644515310163,-4.18419881076919
22.105,-3.60097488520611,-0.0956644515310163,-4.14854697411344
22.1075,-3.63663609017858,-0.0956644515310163,-4.18419881076919
22.11,-3.61625825876574,-0.0956644515310163,-4.20966440838044
22.1125,-3.63663609017858,-0.0956644515310163,-4.19947816933594
22.115,-3.64173054803179,-0.0956644515310163,-4.20966440838044
22.1175,-3.66210837944463,-0.0956644515310163,-4.19947816933594
22.12,-3.66720283729784,-0.0956644515310163,-4.20966440838044
22.1225,-3.68248621085748,-0.0956644515310163,-4.20966440838044
22.125,-3.68758066871069,-0.0956644515310163,-4.20457128885819
22.1275,-3.70286404227032,-0.0956644515310163,-4.20966440838044
22.13,-3.68248621085748,-0.0956644515310163,-4.19947816933594
22.1325,-3.71814741582995,-0.100760144336805,-4.19947816933594
22.135,-3.71305295797674,-0.0956644515310163,-4.20457128885819
22.1375,-3.75380862080242,-0.0956644515310163,-4.19438504981369
22.14,-3.73343078938958,-0.0956644515310163,-4.20966440838044
22.1425,-3.71814741582995,-0.0956644515310163,-4.19947816933594
22.145,-3.71305295797674,-0.0956644515310163,-4.20966440838044
22.1475,-3.72324187368316,-0.0956644515310163,-4.17910569124694
22.15,-3.72833633153637,-0.0956644515310163,-4.18419881076919
22.1525,-3.73343078938958,-0.0956644515310163,-4.18929193029144
22.155,-3.73852524724279,-0.0956644515310163,-4.18419881076919
22.1575,-3.73852524724279,-0.0956644515310163,-4.18929193029144
22.16,-3.743619705096,-0.0956644515310163,-4.18929193029144
22.1625,-3.73852524724279,-0.0956644515310163,-4.18929193029144
22.165,-3.74871416294921,-0.0956644515310163,-4.22494376694719
22.1675,-3.74871416294921,-0.0956644515310163,-4.18929193029144
22.17,-3.74871416294921,-0.0956644515310163,-4.19947816933594
22.1725,-3.743619705096,-0.0956644515310163,-4.21985064742494
22.175,-3.74871416294921,-0.0956644515310163,-4.22494376694719
22.1775,-3.73852524724279,-0.0956644515310163,-4.25040936455843
22.18,-3.743619705096,-0.100760144336805,-4.24022312551393
22.1825,-3.73343078938958,-0.0956644515310163,-4.22494376694719
22.185,-3.743619705096,-0.0905687587252277,-4.21475752790269
22.1875,-3.73852524724279,-0.0956644515310163,-4.21985064742494
22.19,-3.743619705096,-0.0956644515310163,-4.19947816933594
22.1925,-3.73852524724279,-0.0956644515310163,-4.22494376694719
22.195,-3.743619705096,-0.0956644515310163,-4.23513000599169
22.1975,-3.73852524724279,-0.0956644515310163,-4.23003688646944
22.2,-3.73852524724279,-0.0956644515310163,-4.24022312551393
22.2025,-3.72833633153637,-0.0905687587252277,-4.24531624503618
22.205,-3.73852524724279,-0.0956644515310163,-4.23513000599169
22.2075,-3.73343078938958,-0.0956644515310163,-4.24531624503618
22.21,-3.73343078938958,-0.0956644515310163,-4.20966440838044
22.2125,-3.72833633153637,-0.0956644515310163,-4.24022312551393
22.215,-3.72833633153637,-0.0956644515310163,-4.23513000599169
22.2175,-3.72324187368316,-0.0956644515310163,-4.23513000599169
22.22,-3.72833633153637,-0.0956644515310163,-4.23513000599169
22.2225,-3.71814741582995,-0.0956644515310163,-4.23003688646944
22.225,-3.72833633153637,-0.0956644515310163,-4.23003688646944
22.2275,-3.72833633153637,-0.0956644515310163,-4.23003688646944
22.23,-3.75380862080242,-0.0956644515310163,-4.19947816933594
22.2325,-3.75380862080242,-0.0956644515310163,-4.23003688646944
22.235,-3.72324187368316,-0.0956644515310163,-4.27078184264743
22.2375,-3.74871416294921,-0.0956644515310163,-4.28096808169193
22.24,-3.73852524724279,-0.0956644515310163,-4.19438504981369
22.2425,-3.71305295797674,-0.0956644515310163,-4.27078184264743
22.245,-3.70286404227032,-0.0956644515310163,-4.27078184264743
22.2475,-3.71305295797674,-0.0956644515310163,-4.23003688646944
22.25,-3.72324187368316,-0.0956644515310163,-4.23513000599169
22.2525,-0.0908934243440065,-0.0956644515310163,-4.22494376694719
22.255,-0.0959878821972175,-0.105855837142594,-4.23003688646944
22.2575,-0.0959878821972175,-0.0956644515310163,-4.25040936455843
22.26,-0.0908934243440065,-0.0956644515310163,-4.20966440838044
22.2625,-0.101082340050429,-0.0956644515310163,-4.24022312551393
22.265,-0.0959878821972175,-0.0956644515310163,-4.23513000599169
22.2675,-0.0959878821972175,-0.100760144336805,-4.24022312551393
22.27,-0.0908934243440065,-0.0905687587252277,-4.21475752790269
22.2725,-0.0908934243440065,-0.0956644515310163,-4.20966440838044
22.275,-0.0959878821972175,-0.0956644515310163,-4.21985064742494
22.2775,-0.0959878821972175,-0.0956644515310163,-4.21475752790269
22.28,-0.0959878821972175,-0.0905687587252277,-4.21475752790269
22.2825,-0.0908934243440065,-0.0956644515310163,-4.26059560360293
22.285,-0.0959878821972175,-0.0956644515310163,-4.26059560360293
22.2875,-0.101082340050429,-0.0956644515310163,-4.27078184264743
22.29,-0.0959878821972175,-0.0956644515310163,-4.26568872312518
22.2925,-0.0959878821972175,-0.100760144336805,-4.24531624503618
22.295,-0.0959878821972175,-0.0956644515310163,-4.21475752790269
22.2975,-0.0908934243440065,-0.0956644515310163,-4.21475752790269
22.3,-0.0908934243440065,-0.0956644515310163,-4.22494376694719
22.3025,-0.0908934243440065,-0.0956644515310163,-4.21475752790269
22.305,-0.0908934243440065,-0.0956644515310163,-4.23003688646944
22.3075,-0.0908934243440065,-0.0956644515310163,-4.21985064742494
22.31,-0.0908934243440065,-0.0956644515310163,-4.21985064742494
22.3125,-0.0908934243440065,-0.0956644515310163,-4.21985064742494
22.315,-0.0908934243440065,-0.0956644515310163,-4.21475752790269
22.3175,-3.56021922238042,-0.0956644515310163,-4.21985064742494
22.32,-3.56531368023363,-0.0956644515310163,-4.20966440838044
22.3225,-3.56021922238042,-0.0956644515310163,-4.21985064742494
22.325,-3.54493584882079,-0.0956644515310163,-4.21475752790269
22.3275,-3.56531368023363,-0.0956644515310163,-4.21475752790269
22.33,-3.56021922238042,-0.0956644515310163,-4.21475752790269
22.3325,-3.56021922238042,-0.0956644515310163,-4.20966440838044
22.335,-3.56021922238042,-0.0956644515310163,-4.21985064742494
22.3375,-3.52965247526116,-0.0956644515310163,-4.20966440838044
22.34,-3.52965247526116,-0.0956644515310163,-4.18419881076919
22.3425,-3.52455801740795,-0.0956644515310163,-4.21985064742494
22.345,-3.60606934305932,-0.0905687587252277,-4.24022312551393
22.3475,-3.57040813808684,-0.0956644515310163,-4.25040936455843
22.35,-3.53474693311437,-0.0956644515310163,-4.24022312551393
22.3525,-3.50927464384831,-0.0956644515310163,-4.24531624503618
22.355,-3.50927464384831,-0.0956644515310163,-4.24022312551393
22.3575,-3.50927464384831,-0.0956644515310163,-4.24022312551393
22.36,-3.57550259594005,-0.0956644515310163,-4.21475752790269
22.3625,-3.51436910170153,-0.0956644515310163,-4.20457128885819
22.365,-3.50927464384831,-0.0956644515310163,-4.17910569124694
22.3675,-3.57040813808684,-0.0956644515310163,-4.22494376694719
22.37,-3.57550259594005,-0.0905687587252277,-4.21985064742494
22.3725,-3.57040813808684,-0.0956644515310163,-4.23003688646944
22.375,-3.54493584882079,-0.0956644515310163,-4.19947816933594
22.3775,-3.51946355955474,-0.0956644515310163,-4.21475752790269
22.38,-3.51436910170153,-0.0956644515310163,-4.14854697411344
22.3825,-3.51436910170153,-0.0956644515310163,-4.17910569124694
22.385,-3.51436910170153,-0.0956644515310163,-4.18419881076919
22.3875,-3.51436910170153,-0.0905687587252277,-4.21985064742494
22.39,-3.51436910170153,-0.0956644515310163,-4.23003688646944
22.3925,-3.51436910170153,-0.0956644515310163,-4.21985064742494
22.395,-3.50927464384831,-0.0956644515310163,-4.27587496216968
22.3975,-3.51436910170153,-0.0956644515310163,-4.21475752790269
22.4,-3.50927464384831,-0.0905687587252277,-4.15364009363569
22.4025,-3.51946355955474,-0.0956644515310163,-4.21475752790269
22.405,-3.51436910170153,-0.0956644515310163,-4.21475752790269
22.4075,-3.51946355955474,-0.0956644515310163,-4.21985064742494
22.41,-3.49399127028868,-0.0956644515310163,-4.25040936455843
22.4125,-3.52455801740795,-0.0956644515310163,-4.19947816933594
22.415,-3.51946355955474,-0.100760144336805,-4.20966440838044
22.4175,-3.53474693311437,-0.0905687587252277,-4.19947816933594
22.42,-3.52965247526116,-0.0956644515310163,-4.20966440838044
22.4225,-3.53474693311437,-0.0956644515310163,-4.20966440838044
22.425,-3.550030306674,-0.0956644515310163,-4.20966440838044
22.4275,-3.54493584882079,-0.0956644515310163,-4.23513000599169
22.43,-3.55512476452721,-0.0905687587252277,-4.23003688646944
22.4325,-3.56021922238042,-0.0956644515310163,-4.19947816933594
22.435,-3.57550259594005,-0.0905687587252277,-4.19438504981369
22.4375,-3.56531368023363,-0.0956644515310163,-4.23003688646944
22.44,-3.58569151164647,-0.0956644515310163,-4.23513000599169
22.4425,-3.59078596949968,-0.0956644515310163,-4.23003688646944
22.445,-3.60097488520611,-0.0956644515310163,-4.24022312551393
22.4475,-3.60606934305932,-0.0956644515310163,-4.20457128885819
22.45,-3.61116380091253,-0.0956644515310163,-4.20966440838044
22.4525,-3.62135271661895,-0.0956644515310163,-4.20457128885819
22.455,-3.63154163232537,-0.0956644515310163,-4.19947816933594
22.4575,-3.63154163232537,-0.0956644515310163,-4.20966440838044
22.46,-3.646825005885,-0.100760144336805,-4.20457128885819
22.4625,-3.65701392159142,-0.0956644515310163,-4.21475752790269
22.465,-3.66720283729784,-0.0956644515310163,-4.21475752790269
22.4675,-3.66720283729784,-0.100760144336805,-4.21475752790269
22.47,-3.67739175300426,-0.0956644515310163,-4.18929193029144
22.4725,-3.68248621085748,-0.0956644515310163,-4.18419881076919
22.475,-3.68758066871069,-0.0956644515310163,-4.21985064742494
22.4775,-3.6926751265639,-0.0956644515310163,-4.24022312551393
22.48,-3.70286404227032,-0.0956644515310163,-4.20966440838044
22.4825,-3.70286404227032,-0.0956644515310163,-4.21985064742494
22.485,-3.71305295797674,-0.0956644515310163,-4.20966440838044
22.4875,-3.71814741582995,-0.100760144336805,-4.25040936455843
22.49,-3.71814741582995,-0.0956644515310163,-4.21475752790269
22.4925,-3.72324187368316,-0.0956644515310163,-4.21475752790269
22.495,-3.72324187368316,-0.0956644515310163,-4.21475752790269
22.4975,-3.73343078938958,-0.0956644515310163,-4.20966440838044
22.5,-3.73343078938958,-0.0956644515310163,-4.21475752790269
22.5025,-3.743619705096,-0.0956644515310163,-4.21475752790269
22.505,-3.73343078938958,-0.0956644515310163,-4.21985064742494
22.5075,-3.75380862080242,-0.0956644515310163,-4.23003688646944
22.51,-3.75380862080242,-0.0956644515310163,-4.19438504981369
22.5125,-3.75890307865563,-0.0956644515310163,-4.23003688646944
22.515,-3.75890307865563,-0.0956644515310163,-4.22494376694719
22.5175,-3.76909199436206,-0.0956644515310163,-4.25040936455843
22.52,-3.76909199436206,-0.0956644515310163,-4.20457128885819
22.5225,-3.77928091006848,-0.0956644515310163,-4.20457128885819
22.525,-3.77418645221527,-0.0956644515310163,-4.20966440838044
22.5275,-3.78437536792169,-0.0956644515310163,-4.19947816933594
22.53,-3.77928091006848,-0.0956644515310163,-4.20457128885819
22.5325,-3.78437536792169,-0.0956644515310163,-4.19947816933594
22.535,-3.78437536792169,-0.0956644515310163,-4.19947816933594
22.5375,-3.78437536792169,-0.0956644515310163,-4.19947816933594
22.54,-3.7894698257749,-0.0956644515310163,-4.19438504981369
22.5425,-3.79456428362811,-0.0956644515310163,-4.19947816933594
22.545,-3.79965874148132,-0.0956644515310163,-4.20966440838044
22.5475,-3.79456428362811,-0.0956644515310163,-4.20457128885819
22.55,-3.79456428362811,-0.0956644515310163,-4.21475752790269
22.5525,-3.79965874148132,-0.0956644515310163,-4.19947816933594
22.555,-3.79456428362811,-0.0956644515310163,-4.21475752790269
22.5575,-3.79456428362811,-0.0956644515310163,-4.20966440838044
22.56,-3.79965874148132,-0.0854730659194392,-4.18419881076919
22.5625,-3.79456428362811,-0.0956644515310163,-4.21475752790269
22.565,-3.80475319933453,-0.0956644515310163,-4.20966440838044
22.5675,-3.82003657289416,-0.0905687587252277,-4.21475752790269
22.57,-3.82513103074737,-0.0905687587252277,-4.21475752790269
22.5725,-3.79456428362811,-0.0956644515310163,-4.20966440838044
22.575,-3.79965874148132,-0.0956644515310163,-4.21985064742494
22.5775,-3.79456428362811,-0.0956644515310163,-4.21475752790269
22.58,-3.79456428362811,-0.0956644515310163,-4.19438504981369
22.5825,-3.79456428362811,-0.0956644515310163,-4.18929193029144
22.585,-3.80475319933453,-0.0956644515310163,-4.21475752790269
22.5875,-3.79965874148132,-0.0956644515310163,-4.21985064742494
22.59,-3.80475319933453,-0.0956644515310163,-3.89898411752321
22.5925,-3.79965874148132,-0.105855837142594,-4.19947816933594
22.595,-3.83531994645379,-0.0956644515310163,-4.20966440838044
22.5975,-3.83022548860058,-0.0956644515310163,-4.21475752790269
22.6,-3.80984765718774,-0.0956644515310163,-4.20966440838044
22.6025,-3.81494211504095,-0.0956644515310163,-4.22494376694719
22.605,-3.79965874148132,-0.0956644515310163,-4.22494376694719
22.6075,-3.79456428362811,-0.0956644515310163,-3.88879787847871
22.61,-3.80475319933453,-0.0956644515310163,-4.18929193029144
22.6125,-3.80475319933453,-0.0956644515310163,-4.19438504981369
22.615,-3.80984765718774,-0.0956644515310163,-4.18419881076919
22.6175,-3.80984765718774,-0.0956644515310163,-3.89898411752321
22.62,-3.83531994645379,-0.0956644515310163,-3.88370475895647
22.6225,-3.84550886216021,-0.0956644515310163,-4.17401257172469
22.625,-3.83022548860058,-0.0956644515310163,-4.17910569124694
22.6275,-3.83531994645379,-0.0956644515310163,-3.88879787847871
22.63,-3.83022548860058,-0.0956644515310163,-4.17401257172469
22.6325,-3.83531994645379,-0.0956644515310163,-3.88370475895647
22.635,-3.83022548860058,-0.0956644515310163,-4.17401257172469
22.6375,-3.81494211504095,-0.0956644515310163,-4.16891945220244
22.64,-3.82003657289416,-0.0956644515310163,-4.16382633268019
22.6425,-3.81494211504095,-0.0956644515310163,-3.88879787847871
22.645,-3.82003657289416,-0.0956644515310163,-3.87351851991197
22.6475,-3.82003657289416,-0.0956644515310163,-3.88370475895647
22.65,-3.81494211504095,-0.0956644515310163,-3.87861163943422
22.6525,-3.82003657289416,-0.0956644515310163,-3.87861163943422
22.655,-3.81494211504095,-0.0956644515310163,-3.87861163943422
22.6575,-3.83022548860058,-0.0956644515310163,-4.16891945220244
22.66,-3.80475319933453,-0.0956644515310163,-3.87861163943422
22.6625,-3.83531994645379,-0.0956644515310163,-3.87351851991197
22.665,-3.83022548860058,-0.0956644515310163,-4.18419881076919
22.6675,-3.80984765718774,-0.0956644515310163,-4.20966440838044
22.67,-3.80984765718774,-0.0956644515310163,-4.21475752790269
22.6725,-3.81494211504095,-0.0854730659194392,-4.21985064742494
22.675,-3.80984765718774,-0.0956644515310163,-4.27078184264743
22.6775,-3.82003657289416,-0.0956644515310163,-4.23513000599169
22.68,-3.80984765718774,-0.0956644515310163,-4.21475752790269
22.6825,-3.840414404307,-0.0956644515310163,-4.20966440838044
22.685,-3.82513103074737,-0.0956644515310163,-4.19438504981369
22.6875,-3.80475319933453,-0.0956644515310163,-4.21475752790269
22.69,-3.80475319933453,-0.0956644515310163,-4.24531624503618
22.6925,-3.80984765718774,-0.0956644515310163,-4.21985064742494
22.695,-3.82513103074737,-0.0956644515310163,-4.21475752790269
22.6975,-3.83022548860058,-0.0956644515310163,-4.23003688646944
22.7,-3.76399753650884,-0.0956644515310163,-4.19438504981369
22.7025,-3.74871416294921,-0.0956644515310163,-4.21985064742494
22.705,-3.7894698257749,-0.0956644515310163,-4.28096808169193
22.7075,-3.82003657289416,-0.0956644515310163,-4.29624744025868
22.71,-3.80984765718774,-0.0956644515310163,-4.27078184264743
22.7125,-3.80984765718774,-0.0956644515310163,-4.23003688646944
22.715,-3.82513103074737,-0.0956644515310163,-4.24022312551393
22.7175,-3.77928091006848,-0.0956644515310163,-4.23003688646944
22.72,-3.77928091006848,-0.0956644515310163,-4.23003688646944
22.7225,-3.77418645221527,-0.0956644515310163,-4.23513000599169
22.725,-3.80475319933453,-0.0956644515310163,-4.23513000599169
22.7275,-3.79965874148132,-0.0956644515310163,-4.23513000599169
22.73,-3.85569777786664,-0.0956644515310163,-4.23513000599169
22.7325,-3.7894698257749,-0.0956644515310163,-4.22494376694719
22.735,-3.78437536792169,-0.0956644515310163,-4.26059560360293
22.7375,-3.78437536792169,-0.0956644515310163,-4.28096808169193
22.74,-3.77418645221527,-0.0956644515310163,-4.21475752790269
22.7425,-3.77418645221527,-0.0956644515310163,-4.20966440838044
22.745,-3.77418645221527,-0.0956644515310163,-4.20966440838044
22.7475,-3.76909199436206,-0.0956644515310163,-4.24022312551393
22.75,-3.76909199436206,-0.0956644515310163,-4.20966440838044
22.7525,-3.76399753650884,-0.0905687587252277,-4.24022312551393
22.755,-3.75380862080242,-0.0956644515310163,-4.23513000599169
22.7575,-3.75380862080242,-0.0956644515310163,-4.23513000599169
22.76,-3.75380862080242,-0.0956644515310163,-4.28606120121418
22.7625,-3.77418645221527,-0.0956644515310163,-4.25040936455843
22.765,-3.77928091006848,-0.0956644515310163,-4.27587496216968
22.7675,-3.74871416294921,-0.0956644515310163,-4.23513000599169
22.77,-3.73343078938958,-0.0956644515310163,-4.24022312551393
22.7725,-3.72833633153637,-0.0956644515310163,-4.24022312551393
22.775,-3.72833633153637,-0.0956644515310163,-4.23003688646944
22.7775,-3.68758066871069,-0.0956644515310163,-4.21475752790269
22.78,-3.70795850012353,-0.0956644515310163,-4.23003688646944
22.7825,-3.67739175300426,-0.0956644515310163,-4.24022312551393
22.785,-3.67229729515105,-0.0956644515310163,-4.23513000599169
22.7875,-3.66720283729784,-0.0956644515310163,-4.23003688646944
22.79,-3.66210837944463,-0.0956644515310163,-4.23003688646944
22.7925,-3.66210837944463,-0.0956644515310163,-4.22494376694719
22.795,-3.65701392159142,-0.0956644515310163,-4.23003688646944
22.7975,-3.65191946373821,-0.0956644515310163,-4.19947816933594
22.8,-3.67739175300426,-0.0956644515310163,-4.19947816933594
22.8025,-3.67229729515105,-0.0956644515310163,-4.20457128885819
22.805,-3.65191946373821,-0.0956644515310163,-4.19438504981369
22.8075,-3.65191946373821,-0.0956644515310163,-4.20966440838044
22.81,-3.65191946373821,-0.0956644515310163,-4.19947816933594
22.8125,-3.63154163232537,-0.0956644515310163,-4.19947816933594
22.815,-3.62135271661895,-0.0956644515310163,-4.19947816933594
22.8175,-3.61625825876574,-0.0956644515310163,-4.18929193029144
22.82,-3.62644717447216,-0.0956644515310163,-4.18929193029144
22.8225,-3.63154163232537,-0.0956644515310163,-4.23513000599169
22.825,-3.62135271661895,-0.0956644515310163,-4.18419881076919
22.8275,-3.59588042735289,-0.0956644515310163,-4.18419881076919
22.83,-3.61116380091253,-0.0956644515310163,-4.17401257172469
22.8325,-3.58059705379326,-0.0956644515310163,-4.18419881076919
22.835,-3.56531368023363,-0.0956644515310163,-4.16891945220244
22.8375,-3.57550259594005,-0.0956644515310163,-4.17910569124694
22.84,-3.56021922238042,-0.0956644515310163,-4.19947816933594
22.8425,-3.55512476452721,-0.0956644515310163,-4.19438504981369
22.845,-3.550030306674,-0.0956644515310163,-4.19947816933594
22.8475,-3.55512476452721,-0.0956644515310163,-4.18419881076919
22.85,-3.550030306674,-0.100760144336805,-4.19438504981369
22.8525,-3.59078596949968,-0.0956644515310163,-4.18419881076919
22.855,-3.62135271661895,-0.0956644515310163,-4.18929193029144
22.8575,-3.64173054803179,-0.0956644515310163,-4.18929193029144
22.86,-3.67229729515105,-0.0956644515310163,-4.18419881076919
22.8625,-3.64173054803179,-0.0956644515310163,-4.18929193029144
22.865,-3.646825005885,-0.0956644515310163,-4.18419881076919
22.8675,-3.646825005885,-0.0956644515310163,-4.17910569124694
22.87,-3.65191946373821,-0.0956644515310163,-4.18419881076919
22.8725,-3.63154163232537,-0.100760144336805,-4.18419881076919
22.875,-3.64173054803179,-0.0956644515310163,-4.19438504981369
22.8775,-3.63663609017858,-0.0956644515310163,-4.18929193029144
22.88,-3.66210837944463,-0.0956644515310163,-4.22494376694719
22.8825,-3.66720283729784,-0.0956644515310163,-4.19438504981369
22.885,-3.62135271661895,-0.0905687587252277,-4.18929193029144
22.8875,-3.62135271661895,-0.0956644515310163,-4.19947816933594
22.89,-3.62644717447216,-0.0956644515310163,-4.18929193029144
22.8925,-3.59588042735289,-0.0956644515310163,-4.16891945220244
22.895,-3.60606934305932,-0.0956644515310163,-4.19438504981369
22.8975,-3.60097488520611,-0.0956644515310163,-4.18929193029144
22.9,-3.60606934305932,-0.0956644515310163,-4.18929193029144
22.9025,-3.60606934305932,-0.0956644515310163,-4.16891945220244
22.905,-3.61116380091253,-0.0956644515310163,-4.17910569124694
22.9075,-3.61116380091253,-0.0905687587252277,-4.17401257172469
22.91,-3.62135271661895,-0.0956644515310163,-4.16382633268019
22.9125,-3.62135271661895,-0.0956644515310163,-4.17401257172469
22.915,-3.62644717447216,-0.0956644515310163,-4.16891945220244
22.9175,-3.62644717447216,-0.0956644515310163,-4.17401257172469
22.92,-3.63154163232537,-0.0905687587252277,-4.15873321315794
22.9225,-3.63663609017858,-0.0956644515310163,-4.13836073506894
22.925,-3.63663609017858,-0.0956644515310163,-4.16382633268019
22.9275,-3.64173054803179,-0.0956644515310163,-4.15364009363569
22.93,-3.64173054803179,-0.100760144336805,-4.15873321315794
22.9325,-3.646825005885,-0.0956644515310163,-4.15364009363569
22.935,-3.646825005885,-0.100760144336805,-4.14854697411344
22.9375,-3.70795850012353,-0.0956644515310163,-4.15364009363569
22.94,-3.71305295797674,-0.0956644515310163,-4.13836073506894
22.9425,-3.68758066871069,-0.0956644515310163,-4.14854697411344
22.945,-3.66720283729784,-0.0956644515310163,-4.14345385459119
22.9475,-3.69776958441711,-0.0956644515310163,-4.16891945220244
22.95,-3.6926751265639,-0.0956644515310163,-4.17401257172469
22.9525,-3.68248621085748,-0.0956644515310163,-4.15873321315794
22.955,-3.67739175300426,-0.0956644515310163,-4.15873321315794
22.9575,-3.75380862080242,-0.0956644515310163,-4.17910569124694
22.96,-3.70795850012353,-0.0956644515310163,-4.17910569124694
22.9625,-3.73852524724279,-0.0956644515310163,-4.17910569124694
22.965,-3.75890307865563,-0.0956644515310163,-4.17401257172469
22.9675,-3.80984765718774,-0.0956644515310163,-4.18419881076919
22.97,-3.76399753650884,-0.0956644515310163,-4.17401257172469
22.9725,-3.76909199436206,-0.0956644515310163,-4.17910569124694
22.975,-3.77418645221527,-0.0905687587252277,-4.17401257172469
22.9775,-3.77928091006848,-0.0956644515310163,-4.16891945220244
22.98,-3.78437536792169,-0.0956644515310163,-4.17910569124694
22.9825,-3.7894698257749,-0.0956644515310163,-4.16382633268019
22.985,-3.80475319933453,-0.0956644515310163,-4.14854697411344
22.9875,-3.7894698257749,-0.0956644515310163,-4.14345385459119
22.99,-3.76399753650884,-0.0956644515310163,-4.14854697411344
22.9925,-3.7894698257749,-0.0956644515310163,-4.14854697411344
22.995,-3.743619705096,-0.0956644515310163,-4.14854697411344
22.9975,-3.77418645221527,-0.0956644515310163,-4.15364009363569
23,-3.80984765718774,-0.0956644515310163,-4.14854697411344
23.0025,-3.743619705096,-0.0956644515310163,-4.15364009363569
23.005,-3.74871416294921,-0.0956644515310163,-4.15364009363569
23.0075,-3.75380862080242,-0.0956644515310163,-4.14345385459119
23.01,-3.76399753650884,-0.0956644515310163,-4.15873321315794
23.0125,-3.75890307865563,-0.0956644515310163,-4.14854697411344
23.015,-3.79965874148132,-0.0956644515310163,-4.16891945220244
23.0175,-3.76399753650884,-0.0956644515310163,-4.16891945220244
23.02,-3.7894698257749,-0.0956644515310163,-4.16382633268019
23.0225,-3.80475319933453,-0.0956644515310163,-4.16891945220244
23.025,-3.7894698257749,-0.0956644515310163,-4.15364009363569
23.0275,-3.83022548860058,-0.0956644515310163,-4.14345385459119
23.03,-3.83531994645379,-0.0956644515310163,-4.16382633268019
23.0325,-3.83022548860058,-0.0956644515310163,-4.15873321315794
23.035,-3.83022548860058,-0.0956644515310163,-4.16891945220244
23.0375,-3.80475319933453,-0.0956644515310163,-4.18419881076919
23.04,-3.79965874148132,-0.0956644515310163,-4.18929193029144
23.0425,-3.7894698257749,-0.0956644515310163,-4.17910569124694
23.045,-3.88117006713269,-0.0956644515310163,-4.17910569124694
23.0475,-3.83531994645379,-0.100760144336805,-4.18419881076919
23.05,-3.83531994645379,-0.0956644515310163,-4.19947816933594
23.0525,-3.84550886216021,-0.0956644515310163,-4.20457128885819
23.055,-3.82513103074737,-0.0956644515310163,-4.15873321315794
23.0575,-3.82513103074737,-0.0956644515310163,-4.15873321315794
23.06,-3.79965874148132,-0.0956644515310163,-4.16382633268019
23.0625,-3.8862645249859,-0.0956644515310163,-4.15873321315794
23.065,-3.90154789854553,-0.0956644515310163,-4.19947816933594
23.0675,-3.84550886216021,-0.0956644515310163,-4.14345385459119
23.07,-3.84550886216021,-0.0956644515310163,-4.13836073506894
23.0725,-3.84550886216021,-0.0956644515310163,-4.16891945220244
23.075,-3.81494211504095,-0.0956644515310163,-4.16382633268019
23.0775,-3.82003657289416,-0.0956644515310163,-4.17401257172469
23.08,-3.85060332001342,-0.0956644515310163,-4.16382633268019
23.0825,-3.8862645249859,-0.0956644515310163,-4.16382633268019
23.085,-3.840414404307,-0.0956644515310163,-4.15873321315794
23.0875,-3.82003657289416,-0.0956644515310163,-4.12308137650219
23.09,-3.82003657289416,-0.0956644515310163,-4.13326761554669
23.0925,-3.84550886216021,-0.0956644515310163,-4.12817449602444
23.095,-3.84550886216021,-0.0956644515310163,-4.13836073506894
23.0975,-3.84550886216021,-0.0956644515310163,-4.16382633268019
23.1,-3.86588669357306,-0.0956644515310163,-4.13326761554669
23.1025,-3.86079223571985,-0.0956644515310163,-4.13836073506894
23.105,-3.91173681425195,-0.0956644515310163,-4.15873321315794
23.1075,-3.8862645249859,-0.0956644515310163,-4.16891945220244
23.11,-3.89135898283911,-0.0956644515310163,-4.16891945220244
23.1125,-3.85569777786664,-0.0956644515310163,-4.18929193029144
23.115,-3.86079223571985,-0.0956644515310163,-4.16891945220244
23.1175,-3.86079223571985,-0.0956644515310163,-4.15873321315794
23.12,-3.70286404227032,-0.0956644515310163,-4.16891945220244
23.1225,-3.68758066871069,-0.0956644515310163,-4.16891945220244
23.125,-3.69776958441711,-0.0956644515310163,-4.14345385459119
23.1275,-3.71305295797674,-0.0956644515310163,-4.15364009363569
23.13,-3.68758066871069,-0.0956644515310163,-4.14854697411344
23.1325,-3.66210837944463,-0.0956644515310163,-4.18419881076919
23.135,-3.65701392159142,-0.0956644515310163,-4.14854697411344
23.1375,-3.65701392159142,-0.0956644515310163,-4.14854697411344
23.14,-3.646825005885,-0.0956644515310163,-4.17910569124694
23.1425,-3.646825005885,-0.0956644515310163,-4.17401257172469
23.145,-3.64173054803179,-0.0956644515310163,-4.18419881076919
23.1475,-3.66210837944463,-0.0956644515310163,-4.17401257172469
23.15,-3.66210837944463,-0.0956644515310163,-4.16891945220244
23.1525,-3.63663609017858,-0.0905687587252277,-4.14854697411344
23.155,-3.63663609017858,-0.0956644515310163,-4.14345385459119
23.1575,-3.63154163232537,-0.0956644515310163,-4.15873321315794
23.16,-3.63663609017858,-0.0956644515310163,-4.15364009363569
23.1625,-3.63154163232537,-0.0956644515310163,-4.15364009363569
23.165,-0.0959878821972175,-0.0956644515310163,-4.15873321315794
23.1675,-0.0959878821972175,-0.0956644515310163,-4.15873321315794
23.17,-0.0908934243440065,-0.0956644515310163,-4.20457128885819
23.1725,-3.58059705379326,-0.0905687587252277,-4.19438504981369
23.175,-3.57040813808684,-0.0956644515310163,-4.19947816933594
23.1775,-3.57040813808684,-0.0956644515310163,-4.17910569124694
23.18,-3.56531368023363,-0.0956644515310163,-4.17910569124694
23.1825,-3.56021922238042,-0.0956644515310163,-4.18929193029144
23.185,-3.56531368023363,-0.0956644515310163,-4.18929193029144
23.1875,-3.56531368023363,-0.0956644515310163,-4.16382633268019
23.19,-3.58569151164647,-0.0956644515310163,-4.19947816933594
23.1925,-3.58569151164647,-0.100760144336805,-4.19438504981369
23.195,-3.56021922238042,-0.0956644515310163,-4.20966440838044
23.1975,-3.56531368023363,-0.0956644515310163,-4.20457128885819
23.2,-3.56531368023363,-0.0956644515310163,-4.21475752790269
23.2025,-3.56531368023363,-0.0956644515310163,-4.20457128885819
23.205,-3.56531368023363,-0.0956644515310163,-4.20966440838044
23.2075,-3.52455801740795,-0.0956644515310163,-4.21985064742494
23.21,-3.53984139096758,-0.0956644515310163,-4.21475752790269
23.2125,-3.51946355955474,-0.0956644515310163,-4.22494376694719
23.215,-3.51946355955474,-0.0956644515310163,-4.22494376694719
23.2175,-3.51946355955474,-0.0956644515310163,-4.21985064742494
23.22,-3.51946355955474,-0.0956644515310163,-4.23003688646944
23.2225,-3.51946355955474,-0.0956644515310163,-4.21985064742494
23.225,-3.51946355955474,-0.0956644515310163,-4.23003688646944
23.2275,-3.51946355955474,-0.0956644515310163,-4.19947816933594
23.23,-3.51946355955474,-0.0905687587252277,-4.23003688646944
23.2325,-3.53984139096758,-0.0956644515310163,-4.23513000599169
23.235,-3.53984139096758,-0.0956644515310163,-4.23003688646944
23.2375,-3.53984139096758,-0.0956644515310163,-4.27078184264743
23.24,-3.54493584882079,-0.0956644515310163,-4.21475752790269
23.2425,-3.51946355955474,-0.0956644515310163,-4.23003688646944
23.245,-3.52455801740795,-0.0956644515310163,-4.23003688646944
23.2475,-3.52455801740795,-0.0956644515310163,-4.23003688646944
23.25,-3.52965247526116,-0.0956644515310163,-4.23513000599169
23.2525,-3.53474693311437,-0.0956644515310163,-4.26059560360293
23.255,-3.56021922238042,-0.0956644515310163,-4.26568872312518
23.2575,-3.51436910170153,-0.0956644515310163,-4.26568872312518
23.26,-3.51946355955474,-0.0956644515310163,-4.25550248408068
23.2625,-3.52455801740795,-0.0956644515310163,-4.29115432073643
23.265,-3.52455801740795,-0.0854730659194392,-4.24022312551393
23.2675,-3.53984139096758,-0.0956644515310163,-4.25040936455843
23.27,-3.53474693311437,-0.0956644515310163,-4.25040936455843
23.2725,-3.55512476452721,-0.0956644515310163,-4.25550248408068
23.275,-3.54493584882079,-0.0956644515310163,-4.25550248408068
23.2775,-3.52965247526116,-0.0956644515310163,-4.25040936455843
23.28,-3.52455801740795,-0.0956644515310163,-4.26568872312518
23.2825,-3.52965247526116,-0.0956644515310163,-4.25550248408068
23.285,-3.52455801740795,-0.0956644515310163,-4.26568872312518
23.2875,-3.53474693311437,-0.0956644515310163,-4.26568872312518
23.29,-3.52455801740795,-0.0956644515310163,-4.26568872312518
23.2925,-3.52455801740795,-0.0956644515310163,-4.27078184264743
23.295,-3.56021922238042,-0.0956644515310163,-4.26568872312518
23.2975,-3.56021922238042,-0.0956644515310163,-4.27078184264743
23.3,-3.58569151164647,-0.0956644515310163,-4.27078184264743
23.3025,-3.57040813808684,-0.0956644515310163,-4.27078184264743
23.305,-3.550030306674,-0.0956644515310163,-4.28096808169193
23.3075,-3.550030306674,-0.0956644515310163,-4.27078184264743
23.31,-3.550030306674,-0.0956644515310163,-4.28606120121418
23.3125,-3.550030306674,-0.0956644515310163,-4.27587496216968
23.315,-3.550030306674,-0.0956644515310163,-4.28606120121418
23.3175,-3.54493584882079,-0.0956644515310163,-4.28096808169193
23.32,-3.550030306674,-0.0956644515310163,-4.29115432073643
23.3225,-3.550030306674,-0.0956644515310163,-4.29624744025868
23.325,-3.550030306674,-0.0956644515310163,-4.29115432073643
23.3275,-3.54493584882079,-0.0956644515310163,-4.27078184264743
23.33,-3.58059705379326,-0.0956644515310163,-4.29624744025868
23.3325,-3.58059705379326,-0.0956644515310163,-4.29624744025868
23.335,-3.57040813808684,-0.0956644515310163,-4.30643367930318
23.3375,-3.57040813808684,-0.100760144336805,-4.27078184264743
23.34,-3.57550259594005,-0.0956644515310163,-4.31152679882543
23.3425,-3.57550259594005,-0.0956644515310163,-4.30134055978093
23.345,-3.61116380091253,-0.0956644515310163,-4.30643367930318
23.3475,-3.58059705379326,-0.0956644515310163,-4.30134055978093
23.35,-3.58569151164647,-0.0956644515310163,-4.29624744025868
23.3525,-3.58059705379326,-0.0956644515310163,-4.30643367930318
23.355,-3.59078596949968,-0.0956644515310163,-4.29624744025868
23.3575,-3.58059705379326,-0.0956644515310163,-4.27587496216968
23.36,-3.58059705379326,-0.0956644515310163,-4.29624744025868
23.3625,-3.58059705379326,-0.0905687587252277,-4.29115432073643
23.365,-3.57550259594005,-0.0956644515310163,-4.29115432073643
23.3675,-3.57040813808684,-0.0956644515310163,-4.26059560360293
23.37,-3.57040813808684,-0.0956644515310163,-4.29115432073643
23.3725,-3.57040813808684,-0.0956644515310163,-4.28096808169193
23.375,-3.57040813808684,-0.0956644515310163,-4.27587496216968
23.3775,-3.57040813808684,-0.0905687587252277,-4.25040936455843
23.38,-3.57550259594005,-0.0956644515310163,-4.26568872312518
23.3825,-3.58059705379326,-0.0956644515310163,-4.27078184264743
23.385,-3.57550259594005,-0.0956644515310163,-4.25550248408068
23.3875,-3.58059705379326,-0.0956644515310163,-4.26568872312518
23.39,-3.57550259594005,-0.0956644515310163,-4.25040936455843
23.3925,-3.60606934305932,-0.0956644515310163,-4.25040936455843
23.395,-3.60097488520611,-0.0956644515310163,-4.25040936455843
23.3975,-3.58059705379326,-0.0956644515310163,-4.24022312551393
23.4,-3.57040813808684,-0.0956644515310163,-4.25040936455843
23.4025,-3.57550259594005,-0.0854730659194392,-4.24022312551393
23.405,-3.57040813808684,-0.0956644515310163,-4.24022312551393
23.4075,-3.56531368023363,-0.0956644515310163,-4.24022312551393
23.41,-3.56021922238042,-0.0905687587252277,-4.23003688646944
23.4125,-3.58059705379326,-0.0956644515310163,-4.23513000599169
23.415,-3.58059705379326,-0.0956644515310163,-4.22494376694719
23.4175,-3.56021922238042,-0.0956644515310163,-4.22494376694719
23.42,-3.58059705379326,-0.0956644515310163,-4.22494376694719
23.4225,-3.56021922238042,-0.0956644515310163,-4.21475752790269
23.425,-3.60097488520611,-0.0905687587252277,-4.21475752790269
23.4275,-3.54493584882079,-0.0956644515310163,-4.19947816933594
23.43,-3.53984139096758,-0.0956644515310163,-4.20966440838044
23.4325,-3.52455801740795,-0.0956644515310163,-4.19438504981369
23.435,-3.52455801740795,-0.0956644515310163,-4.22494376694719
23.4375,-3.51946355955474,-0.0956644515310163,-4.19438504981369
23.44,-3.51436910170153,-0.0854730659194392,-4.19438504981369
23.4425,-3.50927464384831,-0.0956644515310163,-4.24022312551393
23.445,-3.53474693311437,-0.0905687587252277,-4.19947816933594
23.4475,-3.52455801740795,-0.0956644515310163,-4.19947816933594
23.45,-3.53474693311437,-0.0956644515310163,-4.19947816933594
23.4525,-3.56021922238042,-0.0956644515310163,-4.19438504981369
23.455,-3.56531368023363,-0.0956644515310163,-4.20457128885819
23.4575,-3.57550259594005,-0.0956644515310163,-4.19438504981369
23.46,-3.52455801740795,-0.0956644515310163,-4.19947816933594
23.4625,-3.51436910170153,-0.0956644515310163,-4.19438504981369
23.465,-3.51946355955474,-0.105855837142594,-4.18929193029144
23.4675,-3.53474693311437,-0.0956644515310163,-4.19438504981369
23.47,-3.53474693311437,-0.0956644515310163,-4.17910569124694
23.4725,-3.61116380091253,-0.0956644515310163,-4.18929193029144
23.475,-3.61625825876574,-0.0956644515310163,-4.17910569124694
23.4775,-3.60097488520611,-0.0854730659194392,-4.17401257172469
23.48,-3.63154163232537,-0.0956644515310163,-4.17910569124694
23.4825,-3.646825005885,-0.0956644515310163,-4.16891945220244
23.485,-3.62644717447216,-0.0956644515310163,-4.20966440838044
23.4875,-3.60097488520611,-0.0956644515310163,-4.19438504981369
23.49,-3.53474693311437,-0.0956644515310163,-4.18929193029144
23.4925,-3.53474693311437,-0.0956644515310163,-4.19438504981369
23.495,-3.56531368023363,-0.0956644515310163,-4.17910569124694
23.4975,-3.54493584882079,-0.0956644515310163,-4.16891945220244
23.5,-3.61116380091253,-0.0956644515310163,-4.19947816933594
23.5025,-3.61625825876574,-0.0956644515310163,-4.19947816933594
23.505,-3.550030306674,-0.0956644515310163,-4.18929193029144
23.5075,-3.55512476452721,-0.0956644515310163,-4.18929193029144
23.51,-3.54493584882079,-0.0956644515310163,-4.19438504981369
23.5125,-3.56021922238042,-0.0905687587252277,-4.20966440838044
23.515,-3.550030306674,-0.0956644515310163,-4.21475752790269
23.5175,-3.55512476452721,-0.0956644515310163,-4.17401257172469
23.52,-3.550030306674,-0.0956644515310163,-4.17910569124694
23.5225,-3.550030306674,-0.0956644515310163,-4.19438504981369
23.525,-3.52455801740795,-0.0956644515310163,-4.18929193029144
23.5275,-3.55512476452721,-0.0956644515310163,-4.18929193029144
23.53,-3.52965247526116,-0.0905687587252277,-4.19947816933594
23.5325,-3.55512476452721,-0.0956644515310163,-4.17401257172469
23.535,-3.53984139096758,-0.0956644515310163,-4.14854697411344
23.5375,-3.53474693311437,-0.0956644515310163,-4.16382633268019
23.54,-3.52965247526116,-0.0956644515310163,-4.17401257172469
23.5425,-3.53474693311437,-0.0956644515310163,-4.15873321315794
23.545,-3.56021922238042,-0.0956644515310163,-4.14345385459119
23.5475,-3.55512476452721,-0.0956644515310163,-4.15873321315794
23.55,-3.55512476452721,-0.0956644515310163,-4.15364009363569
23.5525,-3.550030306674,-0.0956644515310163,-4.15364009363569
23.555,-3.56021922238042,-0.0956644515310163,-4.14345385459119
23.5575,-3.51436910170153,-0.0956644515310163,-4.14854697411344
23.56,-3.550030306674,-0.0956644515310163,-4.14345385459119
23.5625,-3.54493584882079,-0.0956644515310163,-4.16891945220244
23.565,-3.54493584882079,-0.0956644515310163,-4.16891945220244
23.5675,-0.0959878821972175,-0.0956644515310163,-4.16891945220244
23.57,-0.0908934243440065,-0.0956644515310163,-4.16891945220244
23.5725,-0.0959878821972175,-0.0956644515310163,-4.15873321315794
23.575,-0.0959878821972175,-0.0956644515310163,-4.13836073506894
23.5775,-0.0908934243440065,-0.0905687587252277,-4.13836073506894
23.58,-0.0959878821972175,-0.0956644515310163,-4.13326761554669
23.5825,-3.52455801740795,-0.0956644515310163,-4.14345385459119
23.585,-3.52455801740795,-0.0956644515310163,-4.13836073506894
23.5875,-3.550030306674,-0.0956644515310163,-4.15364009363569
23.59,-3.54493584882079,-0.0956644515310163,-4.14854697411344
23.5925,-3.550030306674,-0.0905687587252277,-4.14854697411344
23.595,-3.54493584882079,-0.0956644515310163,-4.15873321315794
23.5975,-0.0959878821972175,-0.0956644515310163,-4.15364009363569
23.6,-0.0959878821972175,-0.0956644515310163,-4.16891945220244
23.6025,-0.0959878821972175,-0.0956644515310163,-4.15873321315794
23.605,-0.0959878821972175,-0.0956644515310163,-4.17401257172469
23.6075,-0.0959878821972175,-0.0905687587252277,-4.16891945220244
23.61,-0.0959878821972175,-0.0956644515310163,-4.17401257172469
23.6125,-0.0959878821972175,-0.0956644515310163,-4.17910569124694
23.615,-0.0959878821972175,-0.0956644515310163,-4.16891945220244
23.6175,-0.0908934243440065,-0.0956644515310163,-4.17401257172469
23.62,-0.0908934243440065,-0.0905687587252277,-4.16891945220244
23.6225,-0.0959878821972175,-0.0956644515310163,-4.17401257172469
23.625,-0.0908934243440065,-0.0956644515310163,-4.17401257172469
23.6275,-0.0908934243440065,-0.0956644515310163,-4.17401257172469
23.63,-0.0908934243440065,-0.0956644515310163,-4.18419881076919
23.6325,-0.0959878821972175,-0.0956644515310163,-4.17401257172469
23.635,-0.0959878821972175,-0.0956644515310163,-4.18419881076919
23.6375,-0.0959878821972175,-0.0956644515310163,-4.18419881076919
23.64,-0.0908934243440065,-0.100760144336805,-4.18419881076919
23.6425,-0.0908934243440065,-0.0956644515310163,-4.19438504981369
23.645,-0.0908934243440065,-0.0956644515310163,-4.18929193029144
23.6475,-0.0959878821972175,-0.0956644515310163,-4.17401257172469
23.65,-0.0908934243440065,-0.0956644515310163,-4.19438504981369
23.6525,-0.0908934243440065,-0.0956644515310163,-4.19438504981369
23.655,-0.0908934243440065,-0.0956644515310163,-4.19947816933594
23.6575,-0.0959878821972175,-0.0956644515310163,-4.19947816933594
23.66,-0.0959878821972175,-0.0905687587252277,-4.20457128885819
23.6625,-0.0959878821972175,-0.0956644515310163,-4.20966440838044
23.665,-0.0959878821972175,-0.0956644515310163,-4.24022312551393
23.6675,-0.0908934243440065,-0.0956644515310163,-4.24022312551393
23.67,-0.0908934243440065,-0.0956644515310163,-4.26059560360293
23.6725,-0.0908934243440065,-0.0956644515310163,-4.23003688646944
23.675,-0.0908934243440065,-0.0956644515310163,-4.22494376694719
23.6775,-0.0908934243440065,-0.0956644515310163,-4.23003688646944
23.68,-0.0908934243440065,-0.105855837142594,-4.19947816933594
23.6825,-3.72833633153637,-0.0956644515310163,-4.22494376694719
23.685,-3.72833633153637,-0.0956644515310163,-4.23003688646944
23.6875,-3.73343078938958,-0.0956644515310163,-4.21475752790269
23.69,-3.73852524724279,-0.0956644515310163,-4.23003688646944
23.6925,-3.743619705096,-0.0956644515310163,-4.21985064742494
23.695,-3.75380862080242,-0.0956644515310163,-4.21475752790269
23.6975,-3.75890307865563,-0.0956644515310163,-4.22494376694719
23.7,-3.74871416294921,-0.0956644515310163,-4.21475752790269
23.7025,-3.76909199436206,-0.0956644515310163,-4.21985064742494
23.705,-3.74871416294921,-0.0956644515310163,-4.20966440838044
23.7075,-3.71814741582995,-0.0956644515310163,-4.21475752790269
23.71,-3.72833633153637,-0.0956644515310163,-4.25040936455843
23.7125,-3.72833633153637,-0.0956644515310163,-4.21475752790269
23.715,-3.743619705096,-0.0956644515310163,-4.19947816933594
23.7175,-3.74871416294921,-0.0956644515310163,-4.19438504981369
23.72,-3.74871416294921,-0.0956644515310163,-4.21985064742494
23.7225,-3.74871416294921,-0.0956644515310163,-4.21985064742494
23.725,-3.75890307865563,-0.0956644515310163,-4.20966440838044
23.7275,-3.75380862080242,-0.0956644515310163,-9.97507570756694
23.73,-3.71305295797674,-0.0956644515310163,-4.19438504981369
23.7325,-3.71305295797674,-0.0854730659194392,-4.19947816933594
23.735,-3.743619705096,-0.0956644515310163,-4.19438504981369
23.7375,-3.71814741582995,-0.0956644515310163,-4.16382633268019
23.74,-3.72324187368316,-0.0956644515310163,-4.19438504981369
23.7425,-3.72833633153637,-0.0905687587252277,-4.18419881076919
23.745,-3.73852524724279,-0.0956644515310163,-4.18929193029144
23.7475,-3.74871416294921,-0.0956644515310163,-4.16382633268019
23.75,-3.73343078938958,-0.0956644515310163,-4.15873321315794
23.7525,-3.743619705096,-0.0956644515310163,-4.18929193029144
23.755,-3.74871416294921,-0.0956644515310163,-4.17910569124694
23.7575,-3.76399753650884,-0.0956644515310163,-4.15873321315794
23.76,-3.76399753650884,-0.0956644515310163,-4.17401257172469
23.7625,-3.77418645221527,-0.0956644515310163,-4.17401257172469
23.765,-3.77418645221527,-0.0956644515310163,-4.16891945220244
23.7675,-3.78437536792169,-0.0956644515310163,-4.14345385459119
23.77,-3.78437536792169,-0.0956644515310163,-4.16891945220244
23.7725,-3.79456428362811,-0.0956644515310163,-4.15873321315794
23.775,-3.79965874148132,-0.0956644515310163,-4.15873321315794
23.7775,-3.80984765718774,-0.0956644515310163,-4.15364009363569
23.78,-3.81494211504095,-0.0956644515310163,-4.15364009363569
23.7825,-3.83022548860058,-0.0956644515310163,-4.15873321315794
23.785,-3.83531994645379,-0.0956644515310163,-4.15364009363569
23.7875,-3.84550886216021,-0.0956644515310163,-4.15873321315794
23.79,-3.85569777786664,-0.0956644515310163,-4.15364009363569
23.7925,-3.86588669357306,-0.0956644515310163,-4.15364009363569
23.795,-3.89645344069232,-0.0956644515310163,-4.16382633268019
23.7975,-3.86588669357306,-0.0956644515310163,-4.17401257172469
23.8,-3.87098115142627,-0.0956644515310163,-4.18929193029144
23.8025,-3.87607560927948,-0.0956644515310163,-4.14854697411344
23.805,-3.86588669357306,-0.0956644515310163,-4.15364009363569
23.8075,-3.87098115142627,-0.0956644515310163,-4.17401257172469
23.81,-3.88117006713269,-0.0956644515310163,-4.21985064742494
23.8125,-3.91683127210516,-0.0956644515310163,-4.19947816933594
23.815,-3.93720910351801,-0.0956644515310163,-4.16891945220244
23.8175,-3.8862645249859,-0.0956644515310163,-4.17910569124694
23.82,-3.89645344069232,-0.0956644515310163,-4.14854697411344
23.8225,-3.91173681425195,-0.0956644515310163,-4.17401257172469
23.825,-3.94230356137122,-0.0905687587252277,-4.17910569124694
23.8275,-3.92192572995837,-0.0956644515310163,-4.14854697411344
23.83,-3.95758693493085,-0.0956644515310163,-4.17910569124694
23.8325,-3.93720910351801,-0.0956644515310163,-4.16891945220244
23.835,-3.94739801922443,-0.0956644515310163,-4.16891945220244
23.8375,-3.94739801922443,-0.0956644515310163,-4.16891945220244
23.84,-3.95758693493085,-0.0956644515310163,-4.16382633268019
23.8425,-3.96777585063727,-0.0956644515310163,-4.17401257172469
23.845,-3.97796476634369,-0.0956644515310163,-4.16891945220244
23.8475,-3.9830592241969,-0.0956644515310163,-4.17910569124694
23.85,-3.98815368205011,-0.0956644515310163,-4.16891945220244
23.8525,-3.99324813990332,-0.0956644515310163,-4.16891945220244
23.855,-3.99834259775653,-0.0956644515310163,-4.16891945220244
23.8575,-3.99834259775653,-0.0956644515310163,-4.16891945220244
23.86,-3.99834259775653,-0.0956644515310163,-4.17401257172469
23.8625,-4.0289093448758,-0.0956644515310163,-4.17401257172469
23.865,-4.02381488702258,-0.0956644515310163,-4.17910569124694
23.8675,-3.99834259775653,-0.0956644515310163,-4.18419881076919
23.87,-3.97287030849048,-0.0905687587252277,-4.17401257172469
23.8725,-3.99834259775653,-0.0956644515310163,-4.15873321315794
23.875,-4.01872042916937,-0.0956644515310163,-4.15364009363569
23.8775,-4.01872042916937,-0.100760144336805,-4.16891945220244
23.88,-4.00343705560974,-0.0956644515310163,-4.10780201793545
23.8825,-4.00343705560974,-0.0956644515310163,-4.15873321315794
23.885,-3.9830592241969,-0.0956644515310163,-4.19438504981369
23.8875,-3.93720910351801,-0.0956644515310163,-4.18929193029144
23.89,-3.92192572995837,-0.0956644515310163,-4.16891945220244
23.8925,-3.92702018781158,-0.0956644515310163,-4.19438504981369
23.895,-3.90664235639874,-0.0956644515310163,-4.19438504981369
23.8975,-3.90154789854553,-0.0956644515310163,-4.19438504981369
23.9,-3.90154789854553,-0.0956644515310163,-4.16382633268019
23.9025,-0.0857989664907954,-0.0956644515310163,-4.19947816933594
23.905,-3.91173681425195,-0.0956644515310163,-4.18929193029144
23.9075,-3.82513103074737,-0.0956644515310163,-4.18929193029144
23.91,-3.83531994645379,-0.0956644515310163,-4.18929193029144
23.9125,-3.83531994645379,-0.0956644515310163,-4.20966440838044
23.915,-3.79456428362811,-0.0956644515310163,-4.17401257172469
23.9175,-3.79456428362811,-0.0956644515310163,-4.16891945220244
23.92,-3.82513103074737,-0.0956644515310163,-4.12308137650219
23.9225,-3.79456428362811,-0.0956644515310163,-4.16891945220244
23.925,-3.79456428362811,-0.0956644515310163,-4.17910569124694
23.9275,-3.83531994645379,-0.0956644515310163,-4.18929193029144
23.93,-3.75380862080242,-0.0956644515310163,-4.17910569124694
23.9325,-3.743619705096,-0.0956644515310163,-4.21475752790269
23.935,-3.743619705096,-0.0956644515310163,-4.20966440838044
23.9375,-3.73852524724279,-0.0956644515310163,-4.19438504981369
23.94,-3.67229729515105,-0.0956644515310163,-4.21475752790269
23.9425,-3.73852524724279,-0.0956644515310163,-4.21985064742494
23.945,-3.73852524724279,-0.0956644515310163,-4.17401257172469
23.9475,-3.70795850012353,-0.0956644515310163,-4.19947816933594
23.95,-3.61116380091253,-0.0956644515310163,-4.20457128885819
23.9525,-3.60606934305932,-0.0956644515310163,-4.20966440838044
23.955,-3.60606934305932,-0.0956644515310163,-4.20457128885819
23.9575,-3.59588042735289,-0.0956644515310163,-4.21475752790269
23.96,-3.60097488520611,-0.0956644515310163,-4.20457128885819
23.9625,-3.59078596949968,-0.0956644515310163,-4.21475752790269
23.965,-3.61116380091253,-0.0956644515310163,-4.17910569124694
23.9675,-3.61116380091253,-0.0956644515310163,-4.17910569124694
23.97,-3.58569151164647,-0.0956644515310163,-4.20966440838044
23.9725,-3.58569151164647,-0.0956644515310163,-4.17910569124694
23.975,-3.62135271661895,-0.0956644515310163,-4.21475752790269
23.9775,-3.61116380091253,-0.0956644515310163,-4.12817449602444
23.98,-3.58569151164647,-0.100760144336805,-4.12817449602444
23.9825,-3.59078596949968,-0.0956644515310163,-4.17910569124694
23.985,-3.59078596949968,-0.0956644515310163,-4.27078184264743
23.9875,-3.59588042735289,-0.0956644515310163,-4.21475752790269
23.99,-3.59588042735289,-0.0956644515310163,-4.20457128885819
23.9925,-3.60097488520611,-0.0956644515310163,-4.18419881076919
23.995,-3.62135271661895,-0.0956644515310163,-4.20966440838044
23.9975,-3.61625825876574,-0.0956644515310163,-4.19947816933594
24,-3.56021922238042,-0.0956644515310163,-4.23003688646944
24.0025,-3.50927464384831,-0.0956644515310163,-4.1027088984132
24.005,-3.49908572814189,-0.0956644515310163,-4.17910569124694
24.0075,-3.5041801859951,-0.0956644515310163,-4.16891945220244
24.01,-3.49399127028868,-0.0956644515310163,-4.16891945220244
24.0125,-3.48889681243547,-0.0905687587252277,-4.1027088984132
24.015,-3.48380235458226,-0.0956644515310163,-4.18929193029144
24.0175,-3.46342452316942,-0.0956644515310163,-4.19438504981369
24.02,-3.46342452316942,-0.0905687587252277,-4.18929193029144
24.0225,-3.46342452316942,-0.0854730659194392,-4.19438504981369
24.025,-3.46342452316942,-0.0956644515310163,-4.0925226593687
24.0275,-3.46342452316942,-0.0956644515310163,-4.08742953984645
24.03,-3.46851898102263,-0.0956644515310163,-4.11798825697995
24.0325,-3.46342452316942,-0.0956644515310163,-4.18419881076919
24.035,-3.46851898102263,-0.0905687587252277,-4.0925226593687
24.0375,-3.49908572814189,-0.0956644515310163,-4.10780201793545
24.04,-3.56021922238042,-0.0956644515310163,-4.19438504981369
24.0425,-3.58059705379326,-0.0956644515310163,-4.19438504981369
24.045,-3.57040813808684,-0.100760144336805,-4.07724330080195
24.0475,-3.57550259594005,-0.0956644515310163,-4.1128951374577
24.05,-3.58059705379326,-0.0956644515310163,-4.20457128885819
24.0525,-3.56531368023363,-0.0956644515310163,-4.23003688646944
24.055,-3.58059705379326,-0.0956644515310163,-4.19947816933594
24.0575,-3.59078596949968,-0.0956644515310163,-4.19947816933594
24.06,-3.63663609017858,-0.0956644515310163,-4.20457128885819
24.0625,-3.59078596949968,-0.0956644515310163,-4.19947816933594
24.065,-3.62644717447216,-0.0956644515310163,-4.16891945220244
24.0675,-3.64173054803179,-0.0956644515310163,-4.16891945220244
24.07,-3.66210837944463,-0.0956644515310163,-4.19438504981369
24.0725,-3.66720283729784,-0.0956644515310163,-4.17401257172469
24.075,-3.71305295797674,-0.0956644515310163,-4.16891945220244
24.0775,-3.67739175300426,-0.0956644515310163,-4.17910569124694
24.08,-3.68248621085748,-0.0956644515310163,-4.16382633268019
24.0825,-3.72324187368316,-0.0956644515310163,-4.21985064742494
24.085,-3.73852524724279,-0.0956644515310163,-4.21475752790269
24.0875,-3.77418645221527,-0.0956644515310163,-4.20457128885819
24.09,-3.743619705096,-0.0956644515310163,-4.20457128885819
24.0925,-3.75890307865563,-0.0956644515310163,-4.16891945220244
24.095,-3.76399753650884,-0.100760144336805,-4.19438504981369
24.0975,-3.77418645221527,-0.0956644515310163,-4.21985064742494
24.1,-3.77928091006848,-0.0956644515310163,-4.20966440838044
24.1025,-3.7894698257749,-0.0956644515310163,-4.18929193029144
24.105,-3.79456428362811,-0.0956644515310163,-4.19947816933594
24.1075,-3.83531994645379,-0.100760144336805,-4.20457128885819
24.11,-3.840414404307,-0.0956644515310163,-4.19438504981369
24.1125,-3.91173681425195,-0.0956644515310163,-4.20457128885819
24.115,-3.89645344069232,-0.0956644515310163,-4.20966440838044
24.1175,-3.86588669357306,-0.0956644515310163,-4.22494376694719
24.12,-3.87607560927948,-0.0905687587252277,-4.23003688646944
24.1225,-3.89135898283911,-0.0956644515310163,-4.18929193029144
24.125,-3.90664235639874,-0.0905687587252277,-4.16382633268019
24.1275,-3.91683127210516,-0.0905687587252277,-4.16382633268019
24.13,-3.92702018781158,-0.0956644515310163,-4.18419881076919
24.1325,-3.93720910351801,-0.0956644515310163,-4.16382633268019
24.135,-3.95249247707764,-0.0956644515310163,-4.19947816933594
24.1375,-3.96268139278406,-0.0905687587252277,-4.16891945220244
24.14,-3.96777585063727,-0.0956644515310163,-4.17401257172469
24.1425,-4.01872042916937,-0.0956644515310163,-4.20457128885819
24.145,-3.98815368205011,-0.0956644515310163,-4.21475752790269
24.1475,-3.99324813990332,-0.0956644515310163,-4.20966440838044
24.15,-4.00853151346295,-0.0956644515310163,-4.18929193029144
24.1525,-4.00343705560974,-0.0956644515310163,-4.18419881076919
24.155,-4.00853151346295,-0.0956644515310163,-4.17910569124694
24.1575,-4.03400380272901,-0.0956644515310163,-4.18419881076919
24.16,-4.03400380272901,-0.0956644515310163,-4.16891945220244
24.1625,-4.03909826058222,-0.0956644515310163,-4.20966440838044
24.165,-4.04928717628864,-0.0956644515310163,-4.23003688646944
24.1675,-4.04928717628864,-0.100760144336805,-4.17401257172469
24.17,-4.0289093448758,-0.0956644515310163,-4.18419881076919
24.1725,-4.03909826058222,-0.0956644515310163,-4.17910569124694
24.175,-4.03909826058222,-0.0956644515310163,-4.18929193029144
24.1775,-4.03909826058222,-0.0956644515310163,-4.18929193029144
24.18,-4.04928717628864,-0.0956644515310163,-4.18419881076919
24.1825,-4.04419271843543,-0.0956644515310163,-4.19438504981369
24.185,-4.04928717628864,-0.0956644515310163,-4.18419881076919
24.1875,-4.04419271843543,-0.0956644515310163,-4.19947816933594
24.19,-4.04928717628864,-0.0956644515310163,-4.19438504981369
24.1925,-4.03909826058222,-0.0956644515310163,-4.20457128885819
24.195,-4.06457054984827,-0.0956644515310163,-4.20457128885819
24.1975,-4.06966500770148,-0.0956644515310163,-4.21985064742494
24.2,-4.03909826058222,-0.0956644515310163,-4.19438504981369
24.2025,-4.06966500770148,-0.0956644515310163,-4.18929193029144
24.205,-4.04928717628864,-0.0956644515310163,-4.19947816933594
24.2075,-4.04928717628864,-0.0956644515310163,-4.21985064742494
24.21,-4.04928717628864,-0.0956644515310163,-4.21475752790269
24.2125,-4.04928717628864,-0.0956644515310163,-4.18929193029144
24.215,-4.0289093448758,-0.0956644515310163,-4.17910569124694
24.2175,-4.0289093448758,-0.0956644515310163,-4.26059560360293
24.22,-4.02381488702258,-0.0956644515310163,-4.19947816933594
24.2225,-4.0289093448758,-0.0956644515310163,-4.20457128885819
24.225,-4.01362597131616,-0.0956644515310163,-4.22494376694719
24.2275,-4.02381488702258,-0.0956644515310163,-4.21985064742494
24.23,-4.01362597131616,-0.0956644515310163,-4.23003688646944
24.2325,-4.01872042916937,-0.0956644515310163,-4.15364009363569
24.235,-4.00343705560974,-0.0956644515310163,-4.20966440838044
24.2375,-3.99834259775653,-0.0956644515310163,-4.18419881076919
24.24,-3.99324813990332,-0.0956644515310163,-4.20457128885819
24.2425,-3.9830592241969,-0.0956644515310163,-4.15364009363569
24.245,-3.97796476634369,-0.0956644515310163,-4.19947816933594
24.2475,-3.97287030849048,-0.0956644515310163,-4.20457128885819
24.25,-3.96777585063727,-0.0905687587252277,-4.27078184264743
24.2525,-3.95758693493085,-0.0956644515310163,-4.20966440838044
24.255,-3.95249247707764,-0.0956644515310163,-4.19438504981369
24.2575,-3.94739801922443,-0.0956644515310163,-4.20457128885819
24.26,-3.93720910351801,-0.0956644515310163,-4.21475752790269
24.2625,-3.93211464566479,-0.0956644515310163,-4.21475752790269
24.265,-3.92192572995837,-0.0905687587252277,-4.19947816933594
24.2675,-3.91173681425195,-0.0956644515310163,-4.23513000599169
24.27,-3.91173681425195,-0.0956644515310163,-4.22494376694719
24.2725,-3.90154789854553,-0.0956644515310163,-4.20457128885819
24.275,-3.90154789854553,-0.0956644515310163,-4.23003688646944
24.2775,-3.89135898283911,-0.0956644515310163,-4.23003688646944
24.28,-3.8862645249859,-0.0956644515310163,-4.23513000599169
24.2825,-3.87607560927948,-0.0956644515310163,-4.22494376694719
24.285,-3.87607560927948,-0.0956644515310163,-4.25550248408068
24.2875,-3.86588669357306,-0.0956644515310163,-4.22494376694719
24.29,-3.85569777786664,-0.0956644515310163,-4.22494376694719
24.2925,-3.84550886216021,-0.0956644515310163,-4.19947816933594
24.295,-3.84550886216021,-0.0956644515310163,-4.19438504981369
24.2975,-3.82513103074737,-0.0956644515310163,-4.20966440838044
24.3,-3.83531994645379,-0.0905687587252277,-4.20457128885819
24.3025,-3.84550886216021,-0.0956644515310163,-4.21475752790269
24.305,-3.840414404307,-0.0956644515310163,-4.21475752790269
24.3075,-3.83022548860058,-0.0956644515310163,-4.21475752790269
24.31,-3.83022548860058,-0.0956644515310163,-4.21985064742494
24.3125,-3.82003657289416,-0.0956644515310163,-4.20966440838044
24.315,-3.82003657289416,-0.0956644515310163,-4.21475752790269
24.3175,-3.81494211504095,-0.0905687587252277,-4.21475752790269
24.32,-3.83022548860058,-0.0956644515310163,-4.23513000599169
24.3225,-3.77418645221527,-0.0956644515310163,-4.24022312551393
24.325,-3.76909199436206,-0.100760144336805,-4.23003688646944
24.3275,-3.75890307865563,-0.0956644515310163,-4.24531624503618
24.33,-3.75380862080242,-0.0956644515310163,-4.23513000599169
24.3325,-3.74871416294921,-0.0956644515310163,-4.23513000599169
24.335,-3.743619705096,-0.0956644515310163,-4.23513000599169
24.3375,-3.73852524724279,-0.0956644515310163,-4.23513000599169
24.34,-3.69776958441711,-0.0956644515310163,-4.24022312551393
24.3425,-3.71814741582995,-0.0956644515310163,-4.23513000599169
24.345,-3.68758066871069,-0.0956644515310163,-4.21475752790269
24.3475,-3.71305295797674,-0.0956644515310163,-4.24022312551393
24.35,-3.67229729515105,-0.0956644515310163,-4.23003688646944
24.3525,-3.66720283729784,-0.0956644515310163,-4.24022312551393
24.355,-3.66720283729784,-0.0956644515310163,-4.23003688646944
24.3575,-3.66210837944463,-0.0956644515310163,-4.23513000599169
24.36,-3.65191946373821,-0.0956644515310163,-4.23003688646944
24.3625,-3.65701392159142,-0.0956644515310163,-4.23003688646944
24.365,-3.646825005885,-0.0956644515310163,-4.23513000599169
24.3675,-3.65191946373821,-0.0956644515310163,-4.22494376694719
24.37,-3.646825005885,-0.0956644515310163,-4.23513000599169
24.3725,-3.64173054803179,-0.0956644515310163,-4.23003688646944
24.375,-3.63154163232537,-0.0956644515310163,-4.20457128885819
24.3775,-3.63663609017858,-0.0956644515310163,-4.20457128885819
24.38,-3.63154163232537,-0.0956644515310163,-4.22494376694719
24.3825,-3.63154163232537,-0.0956644515310163,-4.23003688646944
24.385,-3.62644717447216,-0.0956644515310163,-4.21985064742494
24.3875,-3.63663609017858,-0.0956644515310163,-4.25040936455843
24.39,-3.62644717447216,-0.0956644515310163,-4.24531624503618
24.3925,-3.62644717447216,-0.0956644515310163,-4.24022312551393
24.395,-3.62135271661895,-0.0956644515310163,-4.21475752790269
24.3975,-3.63154163232537,-0.0956644515310163,-4.23513000599169
24.4,-3.60606934305932,-0.0956644515310163,-4.24531624503618
24.4025,-3.61625825876574,-0.0956644515310163,-4.23513000599169
24.405,-3.61116380091253,-0.0956644515310163,-4.21475752790269
24.4075,-3.61116380091253,-0.0956644515310163,-4.21475752790269
24.41,-3.60606934305932,-0.0956644515310163,-4.23513000599169
24.4125,-3.60606934305932,-0.0956644515310163,-4.24022312551393
24.415,-3.60606934305932,-0.0956644515310163,-4.20966440838044
24.4175,-3.63154163232537,-0.0956644515310163,-4.24022312551393
24.42,-3.63154163232537,-0.0956644515310163,-4.24022312551393
24.4225,-3.63663609017858,-0.0956644515310163,-4.23003688646944
24.425,-3.646825005885,-0.0956644515310163,-4.21475752790269
24.4275,-3.61116380091253,-0.0905687587252277,-4.23003688646944
24.43,-3.62135271661895,-0.0905687587252277,-4.24022312551393
24.4325,-3.62644717447216,-0.0956644515310163,-4.23003688646944
24.435,-3.63663609017858,-0.0956644515310163,-4.19947816933594
24.4375,-3.63663609017858,-0.0956644515310163,-4.20966440838044
24.44,-3.65191946373821,-0.0956644515310163,-4.22494376694719
24.4425,-3.65191946373821,-0.0956644515310163,-4.23003688646944
24.445,-3.66210837944463,-0.0905687587252277,-4.19947816933594
24.4475,-3.66720283729784,-0.0905687587252277,-4.19947816933594
24.45,-3.67739175300426,-0.0956644515310163,-4.23003688646944
24.4525,-3.68248621085748,-0.0956644515310163,-4.22494376694719
24.455,-3.6926751265639,-0.0956644515310163,-4.20457128885819
24.4575,-3.6926751265639,-0.0956644515310163,-4.22494376694719
24.46,-3.70795850012353,-0.0956644515310163,-4.23003688646944
24.4625,-3.69776958441711,-0.0956644515310163,-4.23513000599169
24.465,-3.743619705096,-0.0956644515310163,-4.22494376694719
24.4675,-3.73852524724279,-0.0956644515310163,-4.20457128885819
24.47,-3.743619705096,-0.0905687587252277,-4.19947816933594
24.4725,-3.75890307865563,-0.0956644515310163,-4.19947816933594
24.475,-3.76399753650884,-0.0956644515310163,-4.19438504981369
24.4775,-3.73852524724279,-0.0956644515310163,-4.14345385459119
24.48,-3.743619705096,-0.0956644515310163,-4.19947816933594
24.4825,-3.73343078938958,-0.0956644515310163,-4.18929193029144
24.485,-3.80475319933453,-0.0956644515310163,-4.22494376694719
24.4875,-3.79456428362811,-0.0956644515310163,-4.21475752790269
24.49,-3.75380862080242,-0.0956644515310163,-4.20966440838044
24.4925,-3.75380862080242,-0.0956644515310163,-4.21475752790269
24.495,-3.76399753650884,-0.0956644515310163,-4.19947816933594
24.4975,-3.75890307865563,-0.0956644515310163,-4.20966440838044
24.5,-3.80475319933453,-0.0956644515310163,-4.19438504981369
24.5025,-3.75380862080242,-0.0956644515310163,-4.20457128885819
24.505,-3.75380862080242,-0.0956644515310163,-4.19947816933594
24.5075,-3.79965874148132,-0.0956644515310163,-4.19438504981369
24.51,-3.77418645221527,-0.0956644515310163,-4.19947816933594
24.5125,-3.77418645221527,-0.0956644515310163,-4.19438504981369
24.515,-3.77418645221527,-0.0956644515310163,-4.19947816933594
24.5175,-3.77418645221527,-0.0956644515310163,-4.19438504981369
24.52,-3.77418645221527,-0.0956644515310163,-4.19438504981369
24.5225,-3.76909199436206,-0.0956644515310163,-4.19947816933594
24.525,-3.76399753650884,-0.0956644515310163,-4.18929193029144
24.5275,-3.76909199436206,-0.0956644515310163,-4.19947816933594
24.53,-3.75890307865563,-0.0956644515310163,-4.18929193029144
24.5325,-3.76909199436206,-0.0956644515310163,-4.19438504981369
24.535,-3.76399753650884,-0.0956644515310163,-4.21475752790269
24.5375,-3.75890307865563,-0.0956644515310163,-4.19438504981369
24.54,-3.74871416294921,-0.0956644515310163,-4.22494376694719
24.5425,-3.75380862080242,-0.0956644515310163,-4.22494376694719
24.545,-3.74871416294921,-0.0956644515310163,-4.23003688646944
24.5475,-3.75380862080242,-0.0956644515310163,-4.23003688646944
24.55,-3.75380862080242,-0.100760144336805,-4.22494376694719
24.5525,-3.74871416294921,-0.0956644515310163,-4.23003688646944
24.555,-3.74871416294921,-0.0956644515310163,-0.10461007344729
24.5575,-3.74871416294921,-0.0956644515310163,-0.0995169539250416
24.56,-3.73343078938958,-0.0956644515310163,-0.0995169539250416
24.5625,-3.73343078938958,-0.0956644515310163,-0.0995169539250416
24.565,-3.72833633153637,-0.0956644515310163,-0.0995169539250416
24.5675,-3.72833633153637,-0.0956644515310163,-0.0995169539250416
24.57,-3.71814741582995,-0.0956644515310163,-0.0995169539250416
24.5725,-3.71814741582995,-0.0956644515310163,-0.0995169539250416
24.575,-3.73343078938958,-0.0956644515310163,-4.21475752790269
24.5775,-3.73343078938958,-0.0956644515310163,-4.23003688646944
24.58,-3.70795850012353,-0.0956644515310163,-4.22494376694719
24.5825,-3.70795850012353,-0.0956644515310163,-4.25550248408068
24.585,-3.68248621085748,-0.0956644515310163,-4.23513000599169
24.5875,-3.67229729515105,-0.0956644515310163,-4.20966440838044
24.59,-3.66720283729784,-0.0956644515310163,-4.24022312551393
24.5925,-3.67229729515105,-0.0956644515310163,-4.20966440838044
24.595,-3.66210837944463,-0.0956644515310163,-4.23003688646944
24.5975,-3.66210837944463,-0.0956644515310163,-4.24022312551393
24.6,-3.65701392159142,-0.0956644515310163,-4.21985064742494
24.6025,-3.646825005885,-0.0956644515310163,-4.02631210557945
24.605,-3.64173054803179,-0.0956644515310163,-4.24531624503618
24.6075,-3.63663609017858,-0.0956644515310163,-4.25040936455843
24.61,-3.63663609017858,-0.0956644515310163,-4.23003688646944
24.6125,-3.62644717447216,-0.0956644515310163,-4.25040936455843
24.615,-3.62135271661895,-0.0956644515310163,-4.25550248408068
24.6175,-3.61625825876574,-0.0956644515310163,-4.22494376694719
24.62,-3.61116380091253,-0.0956644515310163,-4.26568872312518
24.6225,-3.60606934305932,-0.0956644515310163,-4.25040936455843
24.625,-3.60606934305932,-0.0956644515310163,-4.26059560360293
24.6275,-3.59588042735289,-0.0956644515310163,-4.25040936455843
24.63,-3.59588042735289,-0.0956644515310163,-4.25040936455843
24.6325,-3.59078596949968,-0.0956644515310163,-4.23003688646944
24.635,-3.58569151164647,-0.0956644515310163,-3.95500843226796
24.6375,-3.57550259594005,-0.0854730659194392,-3.96010155179021
24.64,-3.58059705379326,-0.0956644515310163,-3.94991531274571
24.6425,-3.56531368023363,-0.0956644515310163,-4.25040936455843
24.645,-3.56531368023363,-0.0956644515310163,-4.26059560360293
24.6475,-3.56021922238042,-0.0956644515310163,-4.25040936455843
24.65,-3.56021922238042,-0.0956644515310163,-0.10970319296954
24.6525,-3.550030306674,-0.0956644515310163,-0.0995169539250416
24.655,-3.550030306674,-0.0956644515310163,-0.0995169539250416
24.6575,-3.54493584882079,-0.0956644515310163,-0.0995169539250416
24.66,-3.550030306674,-0.0956644515310163,-0.0944238344027912
24.6625,-3.550030306674,-0.0905687587252277,-0.0995169539250416
24.665,-3.550030306674,-0.0956644515310163,-0.0995169539250416
24.6675,-3.550030306674,-0.0956644515310163,-0.0995169539250416
24.67,-3.51946355955474,-0.0956644515310163,-0.0995169539250416
24.6725,-3.54493584882079,-0.0956644515310163,-0.0995169539250416
24.675,-3.550030306674,-0.0956644515310163,-0.0995169539250416
24.6775,-3.550030306674,-0.0905687587252277,-3.97028779083471
24.68,-3.55512476452721,-0.0956644515310163,-4.32171303786993
24.6825,-3.550030306674,-0.0956644515310163,-4.0212189860572
24.685,-3.54493584882079,-0.0956644515310163,-3.92444971513446
24.6875,-3.550030306674,-0.0956644515310163,-4.0212189860572
24.69,-3.53984139096758,-0.0956644515310163,-4.14345385459119
24.6925,-3.52455801740795,-0.0956644515310163,-3.90917035656771
24.695,-3.52455801740795,-0.0956644515310163,-3.90917035656771
24.6975,-3.53474693311437,-0.0956644515310163,-4.17910569124694
24.7,-3.53474693311437,-0.0956644515310163,-3.90407723704546
24.7025,-3.53984139096758,-0.0956644515310163,-3.90917035656771
24.705,-3.52965247526116,-0.0956644515310163,-3.86842540038972
24.7075,-3.52965247526116,-0.0956644515310163,-3.89898411752321
24.71,-3.51946355955474,-0.0956644515310163,-3.88879787847871
24.7125,-3.53474693311437,-0.0956644515310163,-3.86333228086747
24.715,-3.51946355955474,-0.0956644515310163,-3.87351851991197
24.7175,-3.55512476452721,-0.0956644515310163,-3.95500843226796
24.72,-3.550030306674,-0.0956644515310163,-3.98556714940146
24.7225,-3.55512476452721,-0.0956644515310163,-3.98047402987921
24.725,-3.54493584882079,-0.0956644515310163,-3.98047402987921
24.7275,-3.52965247526116,-0.0956644515310163,-3.88879787847871
24.73,-3.52965247526116,-0.0956644515310163,-3.88370475895647
24.7325,-3.51436910170153,-0.0956644515310163,-3.89389099800096
24.735,-3.53984139096758,-0.0956644515310163,-3.89389099800096
24.7375,-3.54493584882079,-0.0905687587252277,-3.88879787847871
24.74,-3.55512476452721,-0.0905687587252277,-3.89389099800096
24.7425,-3.56021922238042,-0.0956644515310163,-3.88370475895647
24.745,-3.54493584882079,-0.0956644515310163,-3.88879787847871
24.7475,-3.54493584882079,-0.0956644515310163,-3.87861163943422
24.75,-3.550030306674,-0.100760144336805,-3.87861163943422
24.7525,-3.55512476452721,-0.0956644515310163,-3.87861163943422
24.755,-3.57040813808684,-0.0956644515310163,-3.86842540038972
24.7575,-3.57040813808684,-0.0956644515310163,-3.87861163943422
24.76,-3.59078596949968,-0.0956644515310163,-4.14345385459119
24.7625,-3.60097488520611,-0.0956644515310163,-4.17401257172469
24.765,-3.60097488520611,-0.0956644515310163,-3.97028779083471
24.7675,-3.61116380091253,-0.0956644515310163,-3.85823916134522
24.77,-3.62135271661895,-0.0956644515310163,-3.87351851991197
24.7725,-3.63154163232537,-0.0956644515310163,-3.87861163943422
24.775,-3.646825005885,-0.0956644515310163,-3.87861163943422
24.7775,-3.67229729515105,-0.0956644515310163,-3.95500843226796
24.78,-3.70286404227032,-0.0956644515310163,-3.94482219322346
24.7825,-3.69776958441711,-0.0956644515310163,-3.85823916134522
24.785,-3.68758066871069,-0.0956644515310163,-3.84295980277847
24.7875,-3.69776958441711,-0.0956644515310163,-3.86842540038972
24.79,-3.71305295797674,-0.0956644515310163,-4.16382633268019
24.7925,-3.72324187368316,-0.0956644515310163,-4.16382633268019
24.795,-3.74871416294921,-0.0956644515310163,-3.83277356373397
24.7975,-3.75890307865563,-0.0956644515310163,-3.83277356373397
24.8,-3.76909199436206,-0.0956644515310163,-3.83277356373397
24.8025,-3.78437536792169,-0.0956644515310163,-3.82768044421172
24.805,-3.81494211504095,-0.0956644515310163,-3.82768044421172
24.8075,-3.82513103074737,-0.0956644515310163,-3.86842540038972
24.81,-3.81494211504095,-0.0956644515310163,-3.84805292230072
24.8125,-3.82513103074737,-0.100760144336805,-4.12817449602444
24.815,-3.83022548860058,-0.0956644515310163,-4.15873321315794
24.8175,-3.84550886216021,-0.0956644515310163,-3.89389099800096
24.82,-3.82003657289416,-0.0956644515310163,-4.16891945220244
24.8225,-3.83531994645379,-0.0905687587252277,-4.16382633268019
24.825,-3.83022548860058,-0.0956644515310163,-4.14854697411344
24.8275,-3.83531994645379,-0.0956644515310163,-4.14345385459119
24.83,-3.85569777786664,-0.0956644515310163,-4.14854697411344
24.8325,-3.85569777786664,-0.0905687587252277,-3.86842540038972
24.835,-3.80984765718774,-0.0956644515310163,-3.86333228086747
24.8375,-3.81494211504095,-0.0956644515310163,-3.86842540038972
24.84,-3.83531994645379,-0.0956644515310163,-3.86842540038972
24.8425,-3.840414404307,-0.0956644515310163,-3.86842540038972
24.845,-3.79965874148132,-0.0956644515310163,-4.17910569124694
24.8475,-3.84550886216021,-0.0956644515310163,-4.14854697411344
24.85,-3.80475319933453,-0.0956644515310163,-4.15873321315794
24.8525,-3.80984765718774,-0.0956644515310163,-3.85314604182297
24.855,-3.80984765718774,-0.0956644515310163,-3.85823916134522
24.8575,-3.78437536792169,-0.0956644515310163,-3.85823916134522
24.86,-3.78437536792169,-0.0956644515310163,-3.85314604182297
24.8625,-3.78437536792169,-0.0956644515310163,-3.85823916134522
24.865,-3.80984765718774,-0.0956644515310163,-0.0995169539250416
24.8675,-3.81494211504095,-0.0956644515310163,-0.0995169539250416
24.87,-3.78437536792169,-0.0956644515310163,-0.0995169539250416
24.8725,-3.7894698257749,-0.0956644515310163,-4.19438504981369
24.875,-3.79456428362811,-0.0956644515310163,-4.20457128885819
24.8775,-3.83022548860058,-0.0956644515310163,-3.81749420516722
24.88,-3.85569777786664,-0.0956644515310163,-3.82768044421172
24.8825,-3.82513103074737,-0.0956644515310163,-3.82258732468947
24.885,-3.83531994645379,-0.0956644515310163,-3.82258732468947
24.8875,-3.83022548860058,-0.0956644515310163,-4.21475752790269
24.89,-3.82003657289416,-0.0956644515310163,-4.17401257172469
24.8925,-3.85569777786664,-0.0956644515310163,-4.18419881076919
24.895,-3.83531994645379,-0.0956644515310163,-3.84295980277847
24.8975,-3.83531994645379,-0.0956644515310163,-3.84805292230072
24.9,-3.8862645249859,-0.0956644515310163,-3.85823916134522
24.9025,-3.86079223571985,-0.0956644515310163,-3.85314604182297
24.905,-3.86588669357306,-0.0956644515310163,-3.88370475895647
24.9075,-3.86079223571985,-0.0956644515310163,-3.85823916134522
24.91,-3.87098115142627,-0.0956644515310163,-4.16891945220244
24.9125,-3.85060332001342,-0.0956644515310163,-4.16891945220244
24.915,-3.85569777786664,-0.0956644515310163,-4.15873321315794
24.9175,-3.8862645249859,-0.0956644515310163,-4.15873321315794
24.92,-3.85569777786664,-0.0956644515310163,-4.14854697411344
24.9225,-3.83531994645379,-0.0956644515310163,-4.14854697411344
24.925,-3.87098115142627,-0.0956644515310163,-3.88879787847871
24.9275,-3.87098115142627,-0.0956644515310163,-4.16382633268019
24.93,-3.840414404307,-0.0956644515310163,-3.86842540038972
24.9325,-3.82513103074737,-0.0956644515310163,-3.86333228086747
24.935,-3.840414404307,-0.0956644515310163,-3.86333228086747
24.9375,-3.84550886216021,-0.0956644515310163,-3.86842540038972
24.94,-3.80984765718774,-0.0956644515310163,-3.86842540038972
24.9425,-3.86588669357306,-0.0905687587252277,-3.87861163943422
24.945,-3.84550886216021,-0.0956644515310163,-3.86842540038972
24.9475,-3.83531994645379,-0.0956644515310163,-3.87351851991197
24.95,-3.72324187368316,-0.0956644515310163,-4.21985064742494
24.9525,-3.70795850012353,-0.0956644515310163,-3.87351851991197
24.955,-3.67229729515105,-0.0956644515310163,-4.16891945220244
24.9575,-3.646825005885,-0.0956644515310163,-4.16382633268019
24.96,-3.63154163232537,-0.0956644515310163,-4.19947816933594
24.9625,-3.62135271661895,-0.0956644515310163,-3.88370475895647
24.965,-3.61625825876574,-0.0956644515310163,-3.88879787847871
24.9675,-3.62644717447216,-0.0956644515310163,-4.19947816933594
24.97,-3.75380862080242,-0.0956644515310163,-4.19947816933594
24.9725,-3.60606934305932,-0.0956644515310163,-3.89389099800096
24.975,-3.60606934305932,-0.0956644515310163,-4.16891945220244
24.9775,-3.57550259594005,-0.0956644515310163,-4.19947816933594
24.98,-3.60097488520611,-0.0956644515310163,-4.19947816933594
24.9825,-3.59078596949968,-0.0956644515310163,-4.16891945220244
24.985,-3.57550259594005,-0.0956644515310163,-4.20457128885819
24.9875,-3.60097488520611,-0.0956644515310163,-4.22494376694719
24.99,-3.60097488520611,-0.0956644515310163,-4.23003688646944
24.9925,-3.59078596949968,-0.0956644515310163,-4.17910569124694
24.995,-3.59078596949968,-0.0956644515310163,-4.23003688646944
24.9975,-3.58569151164647,-0.0956644515310163,-4.24022312551393
25,-3.59078596949968,-0.0905687587252277,-4.22494376694719
25.0025,-3.58059705379326,-0.0956644515310163,-4.25040936455843
25.005,-3.59588042735289,-0.0956644515310163,-4.25040936455843
25.0075,-3.5041801859951,-0.0956644515310163,-4.25040936455843
25.01,-3.49399127028868,-0.0956644515310163,-4.27078184264743
25.0125,-3.48889681243547,-0.0956644515310163,-4.26059560360293
25.015,-3.48380235458226,-0.0956644515310163,-4.21475752790269
25.0175,-3.48380235458226,-0.0956644515310163,-4.27078184264743
25.02,-3.47870789672905,-0.0956644515310163,-4.27078184264743
25.0225,-3.44304669175658,-0.0956644515310163,-4.25040936455843
25.025,-3.41757440249052,-0.0956644515310163,-4.26059560360293
25.0275,-3.41757440249052,-0.0956644515310163,-4.24022312551393
25.03,-3.43795223390337,-0.0956644515310163,-4.23513000599169
25.0325,-3.44304669175658,-0.0956644515310163,-4.20457128885819
25.035,-3.38700765537126,-0.0956644515310163,-4.23513000599169
25.0375,-3.40229102893089,-0.0956644515310163,-4.25040936455843
25.04,-3.37681873966484,-0.0956644515310163,-4.27587496216968
25.0425,-3.38191319751805,-0.0956644515310163,-4.24022312551393
25.045,-3.40229102893089,-0.0956644515310163,-4.24022312551393
25.0475,-3.41247994463731,-0.0956644515310163,-4.23513000599169
25.05,-3.41757440249052,-0.0956644515310163,-4.25550248408068
25.0525,-3.4073854867841,-0.0956644515310163,-4.20966440838044
25.055,-3.41247994463731,-0.0905687587252277,-4.23003688646944
25.0575,-3.42266886034373,-0.0956644515310163,-4.23003688646944
25.06,-3.45833006531621,-0.0956644515310163,-4.26059560360293
25.0625,-3.45833006531621,-0.0956644515310163,-4.17401257172469
25.065,-3.48889681243547,-0.0956644515310163,-4.23513000599169
25.0675,-3.49399127028868,-0.0956644515310163,-4.25040936455843
25.07,-3.49908572814189,-0.0956644515310163,-4.26568872312518
25.0725,-3.47870789672905,-0.0956644515310163,-4.26568872312518
25.075,-3.48380235458226,-0.0956644515310163,-4.26059560360293
25.0775,-3.51436910170153,-0.0956644515310163,-4.23513000599169
25.08,-3.51946355955474,-0.0956644515310163,-4.26059560360293
25.0825,-3.52455801740795,-0.0956644515310163,-4.27078184264743
25.085,-3.53474693311437,-0.0956644515310163,-4.26059560360293
25.0875,-3.52965247526116,-0.0956644515310163,-4.26059560360293
25.09,-3.550030306674,-0.0956644515310163,-4.27078184264743
25.0925,-3.54493584882079,-0.0956644515310163,-4.29115432073643
25.095,-3.56531368023363,-0.0956644515310163,-4.26568872312518
25.0975,-3.54493584882079,-0.0956644515310163,-4.25550248408068
25.1,-3.56021922238042,-0.0956644515310163,-4.25040936455843
25.1025,-3.58569151164647,-0.0956644515310163,-4.25550248408068
25.105,-3.60097488520611,-0.0956644515310163,-4.27078184264743
25.1075,-3.62135271661895,-0.0956644515310163,-4.31152679882543
25.11,-3.66720283729784,-0.0956644515310163,-4.26568872312518
25.1125,-3.64173054803179,-0.0956644515310163,-4.27078184264743
25.115,-3.646825005885,-0.0956644515310163,-4.26568872312518
25.1175,-3.67229729515105,-0.0905687587252277,-4.25550248408068
25.12,-3.70286404227032,-0.0956644515310163,-4.23513000599169
25.1225,-3.6926751265639,-0.0956644515310163,-4.25550248408068
25.125,-3.70286404227032,-0.0956644515310163,-4.26059560360293
25.1275,-3.70286404227032,-0.0956644515310163,-4.26059560360293
25.13,-3.71305295797674,-0.0956644515310163,-4.24531624503618
25.1325,-3.70795850012353,-0.0956644515310163,-4.23003688646944
25.135,-3.71305295797674,-0.0956644515310163,-4.21475752790269
25.1375,-3.72324187368316,-0.0956644515310163,-4.21475752790269
25.14,-3.72324187368316,-0.0956644515310163,-4.21985064742494
25.1425,-3.76399753650884,-0.0956644515310163,-4.20966440838044
25.145,-3.73852524724279,-0.0956644515310163,-4.20966440838044
25.1475,-3.74871416294921,-0.0956644515310163,-4.20457128885819
25.15,-3.73852524724279,-0.0905687587252277,-4.19947816933594
25.1525,-3.72324187368316,-0.0956644515310163,-4.19947816933594
25.155,-3.743619705096,-0.0956644515310163,-4.16382633268019
25.1575,-3.743619705096,-0.0956644515310163,-4.18929193029144
25.16,-3.743619705096,-0.0956644515310163,-4.18419881076919
25.1625,-3.73852524724279,-0.0956644515310163,-4.18419881076919
25.165,-3.73852524724279,-0.0956644515310163,-4.18419881076919
25.1675,-3.73343078938958,-0.0956644515310163,-4.17401257172469
25.17,-3.72324187368316,-0.0956644515310163,-4.20966440838044
25.1725,-3.72324187368316,-0.0956644515310163,-4.19947816933594
25.175,-3.71814741582995,-0.0956644515310163,-4.20966440838044
25.1775,-3.71305295797674,-0.0956644515310163,-4.17401257172469
25.18,-3.71305295797674,-0.0956644515310163,-4.17401257172469
25.1825,-3.71305295797674,-0.0956644515310163,-4.20457128885819
25.185,-3.71814741582995,-0.0956644515310163,-4.20966440838044
25.1875,-3.70795850012353,-0.0956644515310163,-4.18929193029144
25.19,-3.71305295797674,-0.0956644515310163,-4.17910569124694
25.1925,-3.71305295797674,-0.0956644515310163,-4.12308137650219
25.195,-3.74871416294921,-0.0956644515310163,-4.20966440838044
25.1975,-3.70286404227032,-0.0956644515310163,-4.16891945220244
25.2,-3.72324187368316,-0.0956644515310163,-4.17401257172469
25.2025,-3.70795850012353,-0.0956644515310163,-4.13326761554669
25.205,-3.70795850012353,-0.0956644515310163,-4.13326761554669
25.2075,-3.72324187368316,-0.0956644515310163,-4.16382633268019
25.21,-3.70286404227032,-0.0956644515310163,-4.14854697411344
25.2125,-3.6926751265639,-0.0956644515310163,-4.15873321315794
25.215,-3.69776958441711,-0.0956644515310163,-4.14345385459119
25.2175,-3.68758066871069,-0.0905687587252277,-4.14854697411344
25.22,-3.69776958441711,-0.0956644515310163,-4.16891945220244
25.2225,-3.70286404227032,-0.0956644515310163,-4.16382633268019
25.225,-3.70286404227032,-0.0956644515310163,-4.15364009363569
25.2275,-3.70286404227032,-0.0956644515310163,-4.11798825697995
25.23,-3.70795850012353,-0.0956644515310163,-4.12308137650219
25.2325,-3.70795850012353,-0.0956644515310163,-4.12308137650219
25.235,-3.70795850012353,-0.0956644515310163,-4.1128951374577
25.2375,-3.71305295797674,-0.0956644515310163,-4.12308137650219
25.24,-3.71305295797674,-0.0956644515310163,-4.1128951374577
25.2425,-3.71305295797674,-0.0956644515310163,-4.11798825697995
25.245,-3.71305295797674,-0.0956644515310163,-4.10780201793545
25.2475,-3.72324187368316,-0.0956644515310163,-4.10780201793545
25.25,-3.743619705096,-0.0956644515310163,-4.1128951374577
25.2525,-3.75380862080242,-0.0956644515310163,-4.00593962749045
25.255,-3.75380862080242,-0.0956644515310163,-4.0823364203242
25.2575,-3.78437536792169,-0.0956644515310163,-4.10780201793545
25.26,-3.77928091006848,-0.0956644515310163,-3.98556714940146
25.2625,-3.74871416294921,-0.0956644515310163,-4.14345385459119
25.265,-3.74871416294921,-0.0956644515310163,-4.13326761554669
25.2675,-3.75890307865563,-0.0956644515310163,-4.11798825697995
25.27,-3.75890307865563,-0.0956644515310163,-4.1027088984132
25.2725,-3.76399753650884,-0.0956644515310163,-4.10780201793545
25.275,-0.0959878821972175,-0.0956644515310163,-4.04668458366845
25.2775,-3.78437536792169,-0.0956644515310163,-4.09761577889095
25.28,-3.7894698257749,-0.0905687587252277,-4.1128951374577
25.2825,-3.79965874148132,-0.0956644515310163,-4.07724330080195
25.285,-3.82003657289416,-0.0956644515310163,-4.1128951374577
25.2875,-3.82513103074737,-0.0956644515310163,-4.14345385459119
25.29,-3.84550886216021,-0.0956644515310163,-4.14854697411344
25.2925,-3.840414404307,-0.0956644515310163,-4.12817449602444
25.295,-3.85569777786664,-0.0956644515310163,-4.14854697411344
25.2975,-3.92192572995837,-0.0956644515310163,-4.17910569124694
25.3,-3.95249247707764,-0.0956644515310163,-4.14345385459119
25.3025,-3.92192572995837,-0.0956644515310163,-4.12308137650219
25.305,-3.90664235639874,-0.0956644515310163,-4.13326761554669
25.3075,-3.90664235639874,-0.0956644515310163,-4.13326761554669
25.31,-3.93211464566479,-0.0956644515310163,-4.16891945220244
25.3125,-3.95249247707764,-0.0956644515310163,-4.16891945220244
25.315,-3.94230356137122,-0.0956644515310163,-4.16891945220244
25.3175,-3.97796476634369,-0.0905687587252277,-4.13326761554669
25.32,-3.98815368205011,-0.0956644515310163,-4.00593962749045
25.3225,-3.95758693493085,-0.0956644515310163,-3.99575338844596
25.325,-3.96777585063727,-0.0956644515310163,-4.16891945220244
25.3275,-3.96268139278406,-0.0956644515310163,-4.1027088984132
25.33,-3.97287030849048,-0.0956644515310163,-4.0517777031907
25.3325,-3.94230356137122,-0.0956644515310163,-4.10780201793545
25.335,-3.96268139278406,-0.0956644515310163,-4.11798825697995
25.3375,-3.96777585063727,-0.0956644515310163,-4.14345385459119
25.34,-3.96777585063727,-0.0956644515310163,-4.14854697411344
25.3425,-3.96777585063727,-0.0956644515310163,-4.0212189860572
25.345,-3.95758693493085,-0.0956644515310163,-4.01612586653495
25.3475,-3.96777585063727,-0.0956644515310163,-4.13326761554669
25.35,-3.96268139278406,-0.0956644515310163,-4.15364009363569
25.3525,-3.93211464566479,-0.0956644515310163,-4.14345385459119
25.355,-3.94739801922443,-0.0956644515310163,-4.16382633268019
25.3575,-3.95249247707764,-0.0956644515310163,-4.11798825697995
25.36,-3.93720910351801,-0.0905687587252277,-4.12817449602444
25.3625,-3.94739801922443,-0.0956644515310163,-4.15364009363569
25.365,-3.93211464566479,-0.0956644515310163,-4.16891945220244
25.3675,-3.93211464566479,-0.0956644515310163,-4.16891945220244
25.37,-3.92702018781158,-0.0956644515310163,-4.17910569124694
25.3725,-3.93211464566479,-0.0956644515310163,-4.18419881076919
25.375,-3.95249247707764,-0.0956644515310163,-4.19438504981369
25.3775,-3.92702018781158,-0.0956644515310163,-4.19947816933594
25.38,-3.91683127210516,-0.0956644515310163,-4.19947816933594
25.3825,-3.89135898283911,-0.0956644515310163,-4.21475752790269
25.385,-3.91173681425195,-0.0956644515310163,-4.21985064742494
25.3875,-3.91173681425195,-0.0956644515310163,-4.23003688646944
25.39,-3.89135898283911,-0.0956644515310163,-4.23513000599169
25.3925,-3.8862645249859,-0.0956644515310163,-3.83786668325622
25.395,-3.87607560927948,-0.0956644515310163,-3.85823916134522
25.3975,-3.87607560927948,-0.0956644515310163,-4.25040936455843
25.4,-3.85060332001342,-0.0956644515310163,-4.12308137650219
25.4025,-3.840414404307,-0.0956644515310163,-4.21985064742494
25.405,-3.840414404307,-0.0956644515310163,-4.22494376694719
25.4075,-3.83022548860058,-0.100760144336805,-4.21475752790269
25.41,-3.83022548860058,-0.0956644515310163,-4.25040936455843
25.4125,-3.82513103074737,-0.0956644515310163,-4.23003688646944
25.415,-3.84550886216021,-0.0956644515310163,-4.23513000599169
25.4175,-3.840414404307,-0.0956644515310163,-4.23003688646944
25.42,-3.83531994645379,-0.0956644515310163,-4.28096808169193
25.4225,-3.82513103074737,-0.0956644515310163,-4.22494376694719
25.425,-3.82003657289416,-0.0956644515310163,-4.27078184264743
25.4275,-3.80984765718774,-0.0956644515310163,-4.23513000599169
25.43,-3.76399753650884,-0.0905687587252277,-4.18929193029144
25.4325,-3.76909199436206,-0.0956644515310163,-4.18419881076919
25.435,-3.76399753650884,-0.0956644515310163,-4.15873321315794
25.4375,-3.74871416294921,-0.0956644515310163,-4.26059560360293
25.44,-3.72833633153637,-0.0956644515310163,-4.20457128885819
25.4425,-3.73343078938958,-0.0956644515310163,-4.21475752790269
25.445,-3.72833633153637,-0.0956644515310163,-4.22494376694719
25.4475,-3.78437536792169,-0.0905687587252277,-4.19947816933594
25.45,-3.80475319933453,-0.0956644515310163,-4.15364009363569
25.4525,-3.76399753650884,-0.0956644515310163,-4.20966440838044
25.455,-3.75380862080242,-0.0956644515310163,-4.12817449602444
25.4575,-3.72324187368316,-0.0956644515310163,-4.13326761554669
25.46,-3.71305295797674,-0.0956644515310163,-4.18929193029144
25.4625,-3.70795850012353,-0.0956644515310163,-4.29624744025868
25.465,-3.70286404227032,-0.0956644515310163,-4.21475752790269
25.4675,-3.6926751265639,-0.0956644515310163,-4.33189927691443
25.47,-3.6926751265639,-0.0956644515310163,-4.24022312551393
25.4725,-3.68758066871069,-0.0956644515310163,-4.27587496216968
25.475,-3.67229729515105,-0.0956644515310163,-4.28096808169193
25.4775,-3.71814741582995,-0.0956644515310163,-4.14854697411344
25.48,-3.64173054803179,-0.0956644515310163,-4.26059560360293
25.4825,-3.70286404227032,-0.0956644515310163,-4.15364009363569
25.485,-3.646825005885,-0.0956644515310163,-4.15364009363569
25.4875,-3.70286404227032,-0.0956644515310163,-4.26568872312518
25.49,-3.71305295797674,-0.0956644515310163,-4.25550248408068
25.4925,-3.72324187368316,-0.0956644515310163,-4.23513000599169
25.495,-3.6926751265639,-0.0956644515310163,-4.28096808169193
25.4975,-3.646825005885,-0.0956644515310163,-4.26568872312518
25.5,-3.64173054803179,-0.0956644515310163,-4.23513000599169
25.5025,-3.61625825876574,-0.0956644515310163,-4.26568872312518
25.505,-3.60097488520611,-0.0956644515310163,-4.24531624503618
25.5075,-3.62644717447216,-0.0956644515310163,-4.23513000599169
25.51,-3.61625825876574,-0.0956644515310163,-4.27587496216968
25.5125,-3.62135271661895,-0.0956644515310163,-4.23003688646944
25.515,-3.61116380091253,-0.0956644515310163,-4.24022312551393
25.5175,-3.58569151164647,-0.0905687587252277,-4.25550248408068
25.52,-3.57550259594005,-0.0956644515310163,-4.28096808169193
25.5225,-3.57550259594005,-0.0956644515310163,-4.28096808169193
25.525,-3.56531368023363,-0.0956644515310163,-4.29624744025868
25.5275,-3.56531368023363,-0.0956644515310163,-4.25550248408068
25.53,-3.56021922238042,-0.0905687587252277,-4.26568872312518
25.5325,-3.56021922238042,-0.0956644515310163,-4.25040936455843
25.535,-3.55512476452721,-0.0956644515310163,-4.24022312551393
25.5375,-3.550030306674,-0.0905687587252277,-4.25550248408068
25.54,-3.550030306674,-0.0956644515310163,-4.25040936455843
25.5425,-3.54493584882079,-0.0956644515310163,-4.25040936455843
25.545,-3.550030306674,-0.0956644515310163,-4.24531624503618
25.5475,-3.550030306674,-0.0956644515310163,-4.28096808169193
25.55,-3.550030306674,-0.0956644515310163,-4.27587496216968
25.5525,-3.550030306674,-0.0956644515310163,-4.24531624503618
25.555,-3.550030306674,-0.0956644515310163,-4.28096808169193
25.5575,-3.57550259594005,-0.0956644515310163,-4.27078184264743
25.56,-3.58059705379326,-0.0956644515310163,-4.27587496216968
25.5625,-3.58059705379326,-0.0905687587252277,-4.35227175500343
25.565,-3.58569151164647,-0.0956644515310163,-4.33189927691443
25.5675,-3.57550259594005,-0.0956644515310163,-4.27587496216968
25.57,-3.59078596949968,-0.0956644515310163,-4.27587496216968
25.5725,-3.58569151164647,-0.0956644515310163,-4.28096808169193
25.575,-3.59588042735289,-0.0905687587252277,-4.29115432073643
25.5775,-3.59078596949968,-0.0956644515310163,-4.29115432073643
25.58,-3.60097488520611,-0.0956644515310163,-4.26568872312518
25.5825,-3.60097488520611,-0.0956644515310163,-4.25550248408068
25.585,-3.61116380091253,-0.0956644515310163,-4.26059560360293
25.5875,-3.61116380091253,-0.0956644515310163,-4.25550248408068
25.59,-3.64173054803179,-0.0956644515310163,-4.26059560360293
25.5925,-3.64173054803179,-0.0905687587252277,-4.26059560360293
25.595,-3.646825005885,-0.0905687587252277,-4.25040936455843
25.5975,-3.62644717447216,-0.0956644515310163,-4.26568872312518
25.6,-3.62135271661895,-0.0956644515310163,-4.25550248408068
25.6025,-3.62644717447216,-0.0956644515310163,-4.30134055978093
25.605,-3.63154163232537,-0.0956644515310163,-4.29624744025868
25.6075,-3.65701392159142,-0.0956644515310163,-4.27587496216968
25.61,-3.65701392159142,-0.0905687587252277,-4.27078184264743
25.6125,-3.64173054803179,-0.0956644515310163,-4.27078184264743
25.615,-3.646825005885,-0.0956644515310163,-4.27587496216968
25.6175,-3.646825005885,-0.0956644515310163,-4.27078184264743
25.62,-3.65191946373821,-0.0956644515310163,-4.26568872312518
25.6225,-3.66720283729784,-0.0905687587252277,-4.26568872312518
25.625,-3.66720283729784,-0.0956644515310163,-4.26059560360293
25.6275,-3.67739175300426,-0.0956644515310163,-4.26568872312518
25.63,-3.68248621085748,-0.0956644515310163,-4.25550248408068
25.6325,-3.70286404227032,-0.0956644515310163,-4.25550248408068
25.635,-3.69776958441711,-0.0956644515310163,-4.25550248408068
25.6375,-3.71814741582995,-0.0956644515310163,-4.25040936455843
25.64,-3.71305295797674,-0.0956644515310163,-4.25550248408068
25.6425,-3.72833633153637,-0.0956644515310163,-4.24531624503618
25.645,-3.72833633153637,-0.0956644515310163,-4.25550248408068
25.6475,-3.743619705096,-0.0956644515310163,-4.24531624503618
25.65,-3.74871416294921,-0.0956644515310163,-4.25040936455843
25.6525,-3.75380862080242,-0.0956644515310163,-4.24531624503618
25.655,-3.76399753650884,-0.0956644515310163,-4.21475752790269
25.6575,-3.76909199436206,-0.0905687587252277,-4.24022312551393
25.66,-3.77928091006848,-0.0956644515310163,-4.24022312551393
25.6625,-3.78437536792169,-0.0956644515310163,-4.24531624503618
25.665,-3.7894698257749,-0.0956644515310163,-4.24022312551393
25.6675,-3.7894698257749,-0.0956644515310163,-4.26059560360293
25.67,-3.79456428362811,-0.0956644515310163,-4.27078184264743
25.6725,-3.79965874148132,-0.0956644515310163,-4.25550248408068
25.675,-3.80475319933453,-0.0956644515310163,-4.26568872312518
25.6775,-3.80984765718774,-0.0956644515310163,-4.23003688646944
25.68,-3.81494211504095,-0.0956644515310163,-4.23003688646944
25.6825,-3.80984765718774,-0.0956644515310163,-4.23003688646944
25.685,-3.7894698257749,-0.0956644515310163,-4.23003688646944
25.6875,-3.7894698257749,-0.0956644515310163,-4.23513000599169
25.69,-3.77928091006848,-0.0956644515310163,-4.22494376694719
25.6925,-3.77418645221527,-0.0956644515310163,-4.25040936455843
25.695,-3.78437536792169,-0.0956644515310163,-4.25040936455843
25.6975,-3.83022548860058,-0.100760144336805,-4.21985064742494
25.7,-3.83531994645379,-0.0956644515310163,-4.25040936455843
25.7025,-3.83531994645379,-0.0956644515310163,-4.24022312551393
25.705,-3.840414404307,-0.0956644515310163,-4.25040936455843
25.7075,-3.82513103074737,-0.0956644515310163,-4.27078184264743
25.71,-3.80984765718774,-0.0956644515310163,-4.27078184264743
25.7125,-3.81494211504095,-0.0956644515310163,-4.27587496216968
25.715,-3.84550886216021,-0.0956644515310163,-4.26568872312518
25.7175,-3.85060332001342,-0.0905687587252277,-4.25040936455843
25.72,-3.86079223571985,-0.0956644515310163,-4.24022312551393
25.7225,-3.87098115142627,-0.0854730659194392,-4.25040936455843
25.725,-3.85060332001342,-0.0956644515310163,-4.26568872312518
25.7275,-3.86079223571985,-0.0956644515310163,-4.26059560360293
25.73,-3.87607560927948,-0.0956644515310163,-4.26568872312518
25.7325,-3.86588669357306,-0.0956644515310163,-4.25550248408068
25.735,-3.840414404307,-0.0956644515310163,-4.19947816933594
25.7375,-3.89135898283911,-0.0956644515310163,-4.22494376694719
25.74,-3.86588669357306,-0.0956644515310163,-4.21985064742494
25.7425,-3.87098115142627,-0.0956644515310163,-4.22494376694719
25.745,-3.86588669357306,-0.0956644515310163,-4.19438504981369
25.7475,-3.86588669357306,-0.0956644515310163,-4.21985064742494
25.75,-3.86079223571985,-0.0956644515310163,-4.24531624503618
25.7525,-3.86588669357306,-0.0956644515310163,-4.22494376694719
25.755,-3.86079223571985,-0.0956644515310163,-4.23003688646944
25.7575,-3.86588669357306,-0.0956644515310163,-4.21985064742494
25.76,-3.85569777786664,-0.0956644515310163,-4.23003688646944
25.7625,-3.85569777786664,-0.0956644515310163,-4.19438504981369
25.765,-3.85569777786664,-0.0956644515310163,-4.19438504981369
25.7675,-3.82003657289416,-0.0956644515310163,-4.22494376694719
25.77,-3.82513103074737,-0.0956644515310163,-4.21475752790269
25.7725,-3.82003657289416,-0.0956644515310163,-4.19947816933594
25.775,-3.82513103074737,-0.0956644515310163,-4.20457128885819
25.7775,-3.82513103074737,-0.0956644515310163,-4.19947816933594
25.78,-3.82003657289416,-0.0956644515310163,-4.23513000599169
25.7825,-3.82003657289416,-0.0956644515310163,-4.23003688646944
25.785,-3.85060332001342,-0.0956644515310163,-4.23513000599169
25.7875,-3.85060332001342,-0.0956644515310163,-4.20966440838044
25.79,-3.85569777786664,-0.0956644515310163,-4.20966440838044
25.7925,-3.85569777786664,-0.0956644515310163,-4.24022312551393
25.795,-3.85569777786664,-0.0956644515310163,-4.23513000599169
25.7975,-3.85060332001342,-0.0956644515310163,-4.25040936455843
25.8,-3.85569777786664,-0.0956644515310163,-4.21985064742494
25.8025,-3.83022548860058,-0.0956644515310163,-4.21985064742494
25.805,-3.90664235639874,-0.0956644515310163,-4.21985064742494
25.8075,-3.85569777786664,-0.0905687587252277,-4.23513000599169
25.81,-3.86588669357306,-0.0956644515310163,-4.28606120121418
25.8125,-3.87098115142627,-0.0956644515310163,-4.27587496216968
25.815,-3.87098115142627,-0.0956644515310163,-4.27078184264743
25.8175,-3.87607560927948,-0.0956644515310163,-4.25040936455843
25.82,-3.88117006713269,-0.0905687587252277,-4.19947816933594
25.8225,-3.91173681425195,-0.0956644515310163,-4.20966440838044
25.825,-3.91173681425195,-0.0956644515310163,-4.19947816933594
25.8275,-3.8862645249859,-0.0956644515310163,-4.23513000599169
25.83,-3.90154789854553,-0.0956644515310163,-4.20457128885819
25.8325,-3.93211464566479,-0.0956644515310163,-4.17401257172469
25.835,-3.91683127210516,-0.0854730659194392,-4.20966440838044
25.8375,-3.89135898283911,-0.0956644515310163,-4.20457128885819
25.84,-3.89645344069232,-0.0956644515310163,-4.20966440838044
25.8425,-3.87607560927948,-0.0956644515310163,-4.20457128885819
25.845,-3.86079223571985,-0.0956644515310163,-4.23513000599169
25.8475,-3.8862645249859,-0.0956644515310163,-4.21475752790269
25.85,-3.87607560927948,-0.0956644515310163,-4.20966440838044
25.8525,-3.83022548860058,-0.0956644515310163,-4.21475752790269
25.855,-3.82513103074737,-0.0956644515310163,-4.23003688646944
25.8575,-3.82003657289416,-0.0956644515310163,-4.22494376694719
25.86,-3.82513103074737,-0.0956644515310163,-4.23513000599169
25.8625,-3.81494211504095,-0.0956644515310163,-4.22494376694719
25.865,-3.81494211504095,-0.0956644515310163,-4.20966440838044
25.8675,-3.81494211504095,-0.0956644515310163,-4.22494376694719
25.87,-3.81494211504095,-0.0956644515310163,-4.22494376694719
25.8725,-3.80984765718774,-0.0956644515310163,-4.22494376694719
25.875,-3.80984765718774,-0.0956644515310163,-4.21475752790269
25.8775,-3.79965874148132,-0.0956644515310163,-4.21985064742494
25.88,-3.80475319933453,-0.100760144336805,-4.16891945220244
25.8825,-3.80475319933453,-0.0956644515310163,-4.16891945220244
25.885,-3.80475319933453,-0.0956644515310163,-4.16891945220244
25.8875,-3.83022548860058,-0.0956644515310163,-4.18929193029144
25.89,-3.80984765718774,-0.0956644515310163,-4.17401257172469
25.8925,-3.80984765718774,-0.0956644515310163,-4.19438504981369
25.895,-3.80984765718774,-0.0956644515310163,-4.20457128885819
25.8975,-3.80984765718774,-0.0956644515310163,-4.19947816933594
25.9,-3.81494211504095,-0.100760144336805,-4.05687082271295
25.9025,-3.78437536792169,-0.0956644515310163,-4.05687082271295
25.905,-3.7894698257749,-0.0956644515310163,-4.21475752790269
25.9075,-3.77928091006848,-0.0956644515310163,-4.19947816933594
25.91,-3.80475319933453,-0.0956644515310163,-4.19438504981369
25.9125,-3.80475319933453,-0.0956644515310163,-4.17401257172469
25.915,-3.79965874148132,-0.0956644515310163,-4.20457128885819
25.9175,-3.79965874148132,-0.0956644515310163,-4.17401257172469
25.92,-3.79456428362811,-0.0956644515310163,-4.18419881076919
25.9225,-3.79456428362811,-0.0956644515310163,-4.20966440838044
25.925,-3.78437536792169,-0.0956644515310163,-4.21475752790269
25.9275,-3.75890307865563,-0.0956644515310163,-4.21475752790269
25.93,-3.74871416294921,-0.0956644515310163,-4.20966440838044
25.9325,-3.74871416294921,-0.0956644515310163,-4.21985064742494
25.935,-3.743619705096,-0.0956644515310163,-4.15873321315794
25.9375,-3.73852524724279,-0.0956644515310163,-4.21985064742494
25.94,-3.72833633153637,-0.0905687587252277,-4.21475752790269
25.9425,-3.72833633153637,-0.0956644515310163,-4.19438504981369
25.945,-3.71814741582995,-0.0956644515310163,-4.0212189860572
25.9475,-3.72324187368316,-0.0956644515310163,-4.01612586653495
25.95,-3.71305295797674,-0.0956644515310163,-4.21985064742494
25.9525,-3.68248621085748,-0.0956644515310163,-4.18929193029144
25.955,-3.67229729515105,-0.0956644515310163,-4.18929193029144
25.9575,-3.67739175300426,-0.0956644515310163,-4.18929193029144
25.96,-3.66210837944463,-0.0956644515310163,-4.19438504981369
25.9625,-3.646825005885,-0.0956644515310163,-4.19947816933594
25.965,-3.63663609017858,-0.0956644515310163,-4.19438504981369
25.9675,-3.62644717447216,-0.0956644515310163,-4.19438504981369
25.97,-3.62135271661895,-0.0956644515310163,-4.16891945220244
25.9725,-3.61116380091253,-0.0956644515310163,-4.16891945220244
25.975,-3.59588042735289,-0.0905687587252277,-4.15364009363569
25.9775,-3.61625825876574,-0.0956644515310163,-4.13836073506894
25.98,-3.59078596949968,-0.0956644515310163,-4.14854697411344
25.9825,-3.58569151164647,-0.0956644515310163,-4.14345385459119
25.985,-3.58059705379326,-0.0956644515310163,-4.08742953984645
25.9875,-3.54493584882079,-0.0956644515310163,-4.14854697411344
25.99,-3.54493584882079,-0.0905687587252277,-4.16891945220244
25.9925,-3.53984139096758,-0.0956644515310163,-4.16891945220244
25.995,-3.53474693311437,-0.0956644515310163,-4.16891945220244
25.9975,-3.52965247526116,-0.0956644515310163,-4.16382633268019
26,-3.55512476452721,-0.0956644515310163,-4.16891945220244
26.0025,-3.56021922238042,-0.0956644515310163,-4.16382633268019
26.005,-3.53474693311437,-0.0956644515310163,-4.17401257172469
26.0075,-3.54493584882079,-0.0956644515310163,-4.20457128885819
26.01,-3.55512476452721,-0.0956644515310163,-4.20457128885819
26.0125,-3.550030306674,-0.0956644515310163,-4.20966440838044
26.015,-3.56531368023363,-0.0956644515310163,-4.19438504981369
26.0175,-3.57040813808684,-0.0956644515310163,-4.20457128885819
26.02,-3.59078596949968,-0.0956644515310163,-4.19438504981369
26.0225,-3.60606934305932,-0.0905687587252277,-4.19947816933594
26.025,-3.61116380091253,-0.0956644515310163,-4.16891945220244
26.0275,-3.60606934305932,-0.0956644515310163,-4.19438504981369
26.03,-3.60606934305932,-0.0956644515310163,-4.19438504981369
26.0325,-3.60606934305932,-0.0956644515310163,-4.18929193029144
26.035,-3.60097488520611,-0.0905687587252277,-4.16891945220244
26.0375,-3.60097488520611,-0.0956644515310163,-4.18929193029144
26.04,-3.60097488520611,-0.0956644515310163,-4.18419881076919
26.0425,-3.60097488520611,-0.0956644515310163,-4.18929193029144
26.045,-3.59588042735289,-0.0956644515310163,-4.18419881076919
26.0475,-3.59078596949968,-0.0956644515310163,-4.19438504981369
26.05,-3.59078596949968,-0.0956644515310163,-4.18419881076919
26.0525,-3.59588042735289,-0.0905687587252277,-4.17910569124694
26.055,-3.59078596949968,-0.0956644515310163,-4.20966440838044
26.0575,-3.60097488520611,-0.0956644515310163,-4.19947816933594
26.06,-3.59078596949968,-0.0956644515310163,-4.20457128885819
26.0625,-3.60097488520611,-0.0956644515310163,-4.19947816933594
26.065,-3.60097488520611,-0.0905687587252277,-4.16891945220244
26.0675,-3.60097488520611,-0.0956644515310163,-4.17401257172469
26.07,-3.57550259594005,-0.0956644515310163,-4.15873321315794
26.0725,-3.60097488520611,-0.0956644515310163,-4.16891945220244
26.075,-3.59078596949968,-0.0956644515310163,-4.16382633268019
26.0775,-3.59588042735289,-0.0956644515310163,-4.15873321315794
26.08,-3.56021922238042,-0.0905687587252277,-4.16382633268019
26.0825,-3.58569151164647,-0.0956644515310163,-4.15364009363569
26.085,-3.57550259594005,-0.0956644515310163,-4.16382633268019
26.0875,-3.58059705379326,-0.0956644515310163,-4.15364009363569
26.09,-3.57040813808684,-0.0956644515310163,-4.18419881076919
26.0925,-3.57040813808684,-0.0956644515310163,-4.17910569124694
26.095,-3.56531368023363,-0.0956644515310163,-4.17401257172469
26.0975,-3.56531368023363,-0.0956644515310163,-4.17910569124694
26.1,-3.56531368023363,-0.0956644515310163,-4.17401257172469
26.1025,-3.56021922238042,-0.0956644515310163,-4.17910569124694
26.105,-3.57550259594005,-0.0956644515310163,-4.17401257172469
26.1075,-3.58569151164647,-0.0956644515310163,-4.19947816933594
26.11,-3.59078596949968,-0.0956644515310163,-4.18419881076919
26.1125,-3.550030306674,-0.0956644515310163,-4.16891945220244
26.115,-3.55512476452721,-0.0956644515310163,-4.12817449602444
26.1175,-3.56531368023363,-0.0854730659194392,-4.14345385459119
26.12,-3.56531368023363,-0.0956644515310163,-4.15364009363569
26.1225,-3.56531368023363,-0.0956644515310163,-4.14854697411344
26.125,-3.57040813808684,-0.0956644515310163,-4.14345385459119
26.1275,-3.57550259594005,-0.0956644515310163,-4.14854697411344
26.13,-3.60097488520611,-0.0956644515310163,-4.13836073506894
26.1325,-3.61116380091253,-0.100760144336805,-4.14345385459119
26.135,-3.59078596949968,-0.0956644515310163,-4.13326761554669
26.1375,-3.59588042735289,-0.0956644515310163,-4.13836073506894
26.14,-3.60097488520611,-0.0956644515310163,-4.14345385459119
26.1425,-3.60606934305932,-0.0905687587252277,-4.13326761554669
26.145,-3.61625825876574,-0.0956644515310163,-4.13836073506894
26.1475,-3.61625825876574,-0.0956644515310163,-4.13326761554669
26.15,-3.62135271661895,-0.0956644515310163,-4.13326761554669
26.1525,-3.62135271661895,-0.0956644515310163,-4.14345385459119
26.155,-3.62135271661895,-0.0956644515310163,-4.12817449602444
26.1575,-3.61625825876574,-0.0956644515310163,-4.14345385459119
26.16,-3.62135271661895,-0.0956644515310163,-4.15873321315794
26.1625,-3.646825005885,-0.0956644515310163,-4.16891945220244
26.165,-3.646825005885,-0.0956644515310163,-4.16382633268019
26.1675,-3.62644717447216,-0.0956644515310163,-4.15873321315794
26.17,-3.63663609017858,-0.0956644515310163,-4.16891945220244
26.1725,-3.62135271661895,-0.0956644515310163,-4.15873321315794
26.175,-3.60097488520611,-0.0956644515310163,-4.13836073506894
26.1775,-3.58569151164647,-0.0956644515310163,-4.13326761554669
26.18,-3.60606934305932,-0.0956644515310163,-4.13836073506894
26.1825,-3.60097488520611,-0.0956644515310163,-4.17401257172469
26.185,-3.60097488520611,-0.0956644515310163,-4.17401257172469
26.1875,-3.60097488520611,-0.0956644515310163,-4.17910569124694
26.19,-3.58569151164647,-0.0956644515310163,-4.17910569124694
26.1925,-3.60097488520611,-0.0956644515310163,-4.17910569124694
26.195,-3.58569151164647,-0.0956644515310163,-4.15364009363569
26.1975,-3.59078596949968,-0.0956644515310163,-4.14854697411344
26.2,-3.58569151164647,-0.0956644515310163,-4.15873321315794
26.2025,-3.59078596949968,-0.0905687587252277,-4.15364009363569
26.205,-3.59078596949968,-0.0956644515310163,-4.15873321315794
26.2075,-3.59078596949968,-0.0956644515310163,-4.15873321315794
26.21,-3.59078596949968,-0.0956644515310163,-4.15873321315794
26.2125,-3.59078596949968,-0.0956644515310163,-4.16891945220244
26.215,-3.59588042735289,-0.0956644515310163,-4.15873321315794
26.2175,-3.59588042735289,-0.0956644515310163,-4.16891945220244
26.22,-3.60097488520611,-0.0956644515310163,-4.17401257172469
26.2225,-3.60097488520611,-0.0956644515310163,-4.16891945220244
26.225,-3.61116380091253,-0.0956644515310163,-4.18419881076919
26.2275,-3.61625825876574,-0.0956644515310163,-4.16891945220244
26.23,-3.63154163232537,-0.0956644515310163,-4.18929193029144
26.2325,-3.63154163232537,-0.0956644515310163,-4.17910569124694
26.235,-3.64173054803179,-0.0956644515310163,-4.17910569124694
26.2375,-3.646825005885,-0.0956644515310163,-4.18929193029144
26.24,-3.66210837944463,-0.0956644515310163,-4.17401257172469
26.2425,-3.66210837944463,-0.0956644515310163,-4.17910569124694
26.245,-3.67229729515105,-0.0956644515310163,-4.16891945220244
26.2475,-3.65701392159142,-0.0956644515310163,-4.17910569124694
26.25,-3.66720283729784,-0.0956644515310163,-4.17910569124694
26.2525,-3.67229729515105,-0.0956644515310163,-4.17401257172469
26.255,-3.67739175300426,-0.0956644515310163,-4.18419881076919
26.2575,-3.68248621085748,-0.0956644515310163,-4.17910569124694
26.26,-3.68758066871069,-0.0905687587252277,-4.17910569124694
26.2625,-3.68758066871069,-0.0905687587252277,-4.18419881076919
26.265,-3.6926751265639,-0.0956644515310163,-4.17401257172469
26.2675,-3.6926751265639,-0.0956644515310163,-4.19438504981369
26.27,-3.6926751265639,-0.0956644515310163,-4.21985064742494
26.2725,-3.69776958441711,-0.0956644515310163,-4.20457128885819
26.275,-3.69776958441711,-0.0956644515310163,-4.17401257172469
26.2775,-3.73852524724279,-0.0956644515310163,-4.19438504981369
26.28,-3.76909199436206,-0.0956644515310163,-4.20966440838044
26.2825,-3.75380862080242,-0.0956644515310163,-4.21985064742494
26.285,-3.70286404227032,-0.0956644515310163,-4.23003688646944
26.2875,-3.71305295797674,-0.0956644515310163,-4.19947816933594
26.29,-3.71305295797674,-0.0956644515310163,-4.19438504981369
26.2925,-3.71814741582995,-0.0956644515310163,-4.20457128885819
26.295,-3.74871416294921,-0.0905687587252277,-4.19947816933594
26.2975,-3.77928091006848,-0.0905687587252277,-4.20966440838044
26.3,-3.79456428362811,-0.0956644515310163,-4.20457128885819
26.3025,-3.80475319933453,-0.0956644515310163,-4.20457128885819
26.305,-3.80984765718774,-0.0956644515310163,-4.21475752790269
26.3075,-3.79456428362811,-0.0956644515310163,-4.21475752790269
26.31,-3.79456428362811,-0.0956644515310163,-4.23003688646944
26.3125,-3.80475319933453,-0.0956644515310163,-4.21985064742494
26.315,-3.80984765718774,-0.0956644515310163,-4.19947816933594
26.3175,-3.81494211504095,-0.0905687587252277,-4.23003688646944
26.32,-3.83022548860058,-0.0956644515310163,-4.23003688646944
26.3225,-3.84550886216021,-0.0956644515310163,-4.23513000599169
26.325,-3.87098115142627,-0.0956644515310163,-4.23003688646944
26.3275,-3.83022548860058,-0.0956644515310163,-4.23513000599169
26.33,-3.85569777786664,-0.0956644515310163,-4.23513000599169
26.3325,-3.82003657289416,-0.0956644515310163,-4.23513000599169
26.335,-3.85060332001342,-0.0956644515310163,-4.24022312551393
26.3375,-3.84550886216021,-0.0956644515310163,-4.23003688646944
26.34,-3.85060332001342,-0.0956644515310163,-4.24022312551393
26.3425,-3.84550886216021,-0.0956644515310163,-4.26568872312518
26.345,-3.90154789854553,-0.0956644515310163,-9.96998258804469
26.3475,-3.89135898283911,-0.0905687587252277,-4.26059560360293
26.35,-3.90154789854553,-0.0956644515310163,-4.23003688646944
26.3525,-0.101082340050429,-0.0956644515310163,-4.23513000599169
26.355,-0.0959878821972175,-0.0956644515310163,-4.23003688646944
26.3575,-0.0908934243440065,-0.0956644515310163,-4.23003688646944
26.36,-0.0959878821972175,-0.0956644515310163,-4.26059560360293
26.3625,-0.0908934243440065,-0.0956644515310163,-4.22494376694719
26.365,-3.85060332001342,-0.0956644515310163,-4.25550248408068
26.3675,-3.85060332001342,-0.0956644515310163,-4.25040936455843
26.37,-3.85060332001342,-0.0956644515310163,-4.25040936455843
26.3725,-3.85060332001342,-0.0956644515310163,-4.21985064742494
26.375,-3.83022548860058,-0.0956644515310163,-4.24022312551393
26.3775,-3.83531994645379,-0.0956644515310163,-4.25040936455843
26.38,-3.83531994645379,-0.0905687587252277,-4.23513000599169
26.3825,-3.840414404307,-0.0956644515310163,-4.24022312551393
26.385,-3.84550886216021,-0.0956644515310163,-4.23513000599169
26.3875,-3.85569777786664,-0.0956644515310163,-4.23513000599169
26.39,-3.84550886216021,-0.0956644515310163,-4.24022312551393
26.3925,-3.84550886216021,-0.0956644515310163,-4.22494376694719
26.395,-3.84550886216021,-0.0956644515310163,-4.23003688646944
26.3975,-3.85060332001342,-0.0956644515310163,-4.22494376694719
26.4,-3.84550886216021,-0.0956644515310163,-4.21985064742494
26.4025,-3.87098115142627,-0.0956644515310163,-4.22494376694719
26.405,-3.89135898283911,-0.0956644515310163,-4.21475752790269
26.4075,-3.840414404307,-0.0956644515310163,-4.21985064742494
26.41,-3.80984765718774,-0.0956644515310163,-4.20966440838044
26.4125,-3.81494211504095,-0.0956644515310163,-4.20457128885819
26.415,-3.79965874148132,-0.0956644515310163,-4.21475752790269
26.4175,-3.82513103074737,-0.0905687587252277,-4.25040936455843
26.42,-3.82003657289416,-0.0956644515310163,-4.25550248408068
26.4225,-3.82003657289416,-0.0956644515310163,-4.21985064742494
26.425,-3.81494211504095,-0.0956644515310163,-4.21985064742494
26.4275,-3.80984765718774,-0.0956644515310163,-4.22494376694719
26.43,-3.78437536792169,-0.0956644515310163,-4.18929193029144
26.4325,-3.80475319933453,-0.0956644515310163,-4.21985064742494
26.435,-3.79965874148132,-0.0905687587252277,-4.20966440838044
26.4375,-3.76909199436206,-0.0956644515310163,-4.20966440838044
26.44,-3.81494211504095,-0.0956644515310163,-4.19438504981369
26.4425,-3.80984765718774,-0.0956644515310163,-4.20966440838044
26.445,-3.77928091006848,-0.0905687587252277,-4.23513000599169
26.4475,-3.76909199436206,-0.0905687587252277,-4.20457128885819
26.45,-3.76909199436206,-0.0956644515310163,-4.21475752790269
26.4525,-3.76399753650884,-0.0956644515310163,-4.21475752790269
26.455,-3.76399753650884,-0.0956644515310163,-4.20457128885819
26.4575,-3.72833633153637,-0.0956644515310163,-4.21475752790269
26.46,-3.75890307865563,-0.0956644515310163,-4.19947816933594
26.4625,-3.74871416294921,-0.0956644515310163,-4.20966440838044
26.465,-3.75380862080242,-0.0956644515310163,-4.20457128885819
26.4675,-3.74871416294921,-0.0956644515310163,-4.19947816933594
26.47,-3.73343078938958,-0.0956644515310163,-4.20966440838044
26.4725,-3.70286404227032,-0.0956644515310163,-4.19947816933594
26.475,-3.6926751265639,-0.0956644515310163,-4.20457128885819
26.4775,-3.71814741582995,-0.0905687587252277,-4.17910569124694
26.48,-3.74871416294921,-0.0956644515310163,-4.19438504981369
26.4825,-3.69776958441711,-0.0956644515310163,-4.20457128885819
26.485,-3.68248621085748,-0.0956644515310163,-4.19438504981369
26.4875,-3.68758066871069,-0.0956644515310163,-4.19947816933594
26.49,-3.68248621085748,-0.0956644515310163,-4.19438504981369
26.4925,-3.68248621085748,-0.0956644515310163,-4.19438504981369
26.495,-3.67229729515105,-0.0956644515310163,-4.19947816933594
26.4975,-3.68248621085748,-0.0956644515310163,-4.18929193029144
26.5,-3.67229729515105,-0.0905687587252277,-4.19438504981369
26.5025,-3.65701392159142,-0.0956644515310163,-4.19438504981369
26.505,-3.67229729515105,-0.0956644515310163,-4.19947816933594
26.5075,-3.67229729515105,-0.0956644515310163,-4.19438504981369
26.51,-3.67229729515105,-0.0956644515310163,-4.18929193029144
26.5125,-3.67229729515105,-0.0905687587252277,-4.19438504981369
26.515,-3.67229729515105,-0.0956644515310163,-4.18929193029144
26.5175,-3.67739175300426,-0.0956644515310163,-4.18929193029144
26.52,-3.66720283729784,-0.0956644515310163,-4.18929193029144
26.5225,-3.65191946373821,-0.0956644515310163,-4.17910569124694
26.525,-3.66720283729784,-0.0956644515310163,-4.19438504981369
26.5275,-3.67229729515105,-0.0956644515310163,-4.18419881076919
26.53,-3.67229729515105,-0.0956644515310163,-4.18419881076919
26.5325,-3.67229729515105,-0.0956644515310163,-4.18419881076919
26.535,-3.67739175300426,-0.0905687587252277,-4.17910569124694
26.5375,-3.67739175300426,-0.0956644515310163,-4.18419881076919
26.54,-3.67739175300426,-0.0956644515310163,-4.17401257172469
26.5425,-3.67739175300426,-0.0956644515310163,-4.17401257172469
26.545,-3.68248621085748,-0.0956644515310163,-4.17401257172469
26.5475,-3.67739175300426,-0.0956644515310163,-4.16891945220244
26.55,-3.67739175300426,-0.0956644515310163,-4.17910569124694
26.5525,-3.68248621085748,-0.0905687587252277,-4.16891945220244
26.555,-3.68758066871069,-0.0956644515310163,-4.17910569124694
26.5575,-3.68758066871069,-0.0956644515310163,-4.17401257172469
26.56,-3.69776958441711,-0.0956644515310163,-4.17401257172469
26.5625,-3.71814741582995,-0.0956644515310163,-4.18419881076919
26.565,-3.73343078938958,-0.0956644515310163,-4.16891945220244
26.5675,-3.68248621085748,-0.0905687587252277,-4.17910569124694
26.57,-3.68758066871069,-0.0956644515310163,-4.16891945220244
26.5725,-3.68758066871069,-0.0956644515310163,-4.16891945220244
26.575,-3.71305295797674,-0.0956644515310163,-4.16891945220244
26.5775,-3.71814741582995,-0.0956644515310163,-4.16382633268019
26.58,-3.6926751265639,-0.0956644515310163,-4.16891945220244
26.5825,-3.6926751265639,-0.0956644515310163,-4.17401257172469
26.585,-3.70286404227032,-0.0803773731136506,-4.16891945220244
26.5875,-3.70286404227032,-0.0956644515310163,-4.17401257172469
26.59,-3.70795850012353,-0.0956644515310163,-4.16891945220244
26.5925,-3.71305295797674,-0.0956644515310163,-4.17401257172469
26.595,-3.71305295797674,-0.0956644515310163,-4.17401257172469
26.5975,-3.73852524724279,-0.0905687587252277,-4.17401257172469
26.6,-3.73343078938958,-0.0956644515310163,-4.17910569124694
26.6025,-3.743619705096,-0.0905687587252277,-4.17401257172469
26.605,-3.743619705096,-0.100760144336805,-4.18419881076919
26.6075,-3.77418645221527,-0.0956644515310163,-4.17401257172469
26.61,-3.78437536792169,-0.0956644515310163,-4.17910569124694
26.6125,-3.7894698257749,-0.0956644515310163,-4.17910569124694
26.615,-3.76909199436206,-0.0956644515310163,-4.17401257172469
26.6175,-3.78437536792169,-0.0956644515310163,-4.18929193029144
26.62,-3.80984765718774,-0.0956644515310163,-4.17910569124694
26.6225,-3.82513103074737,-0.0956644515310163,-4.18419881076919
26.625,-3.82003657289416,-0.0956644515310163,-4.18929193029144
26.6275,-3.80475319933453,-0.0956644515310163,-4.17910569124694
26.63,-3.80984765718774,-0.0956644515310163,-4.18929193029144
26.6325,-3.80984765718774,-0.0956644515310163,-4.17910569124694
26.635,-3.80984765718774,-0.0956644515310163,-4.18419881076919
26.6375,-3.81494211504095,-0.0956644515310163,-4.18929193029144
26.64,-3.82003657289416,-0.0956644515310163,-4.15873321315794
26.6425,-3.82003657289416,-0.0956644515310163,-4.18929193029144
26.645,-3.840414404307,-0.0956644515310163,-4.17910569124694
26.6475,-3.84550886216021,-0.0956644515310163,-4.17910569124694
26.65,-3.85569777786664,-0.0905687587252277,-4.18419881076919
26.6525,-3.86588669357306,-0.0956644515310163,-4.16891945220244
26.655,-3.87607560927948,-0.0956644515310163,-4.18419881076919
26.6575,-3.88117006713269,-0.0956644515310163,-4.16891945220244
26.66,-3.8862645249859,-0.0956644515310163,-4.17910569124694
26.6625,-3.8862645249859,-0.0956644515310163,-4.18419881076919
26.665,-3.89135898283911,-0.0956644515310163,-4.18419881076919
26.6675,-3.88117006713269,-0.0956644515310163,-4.19438504981369
26.67,-3.8862645249859,-0.0956644515310163,-4.15873321315794
26.6725,-3.8862645249859,-0.0956644515310163,-4.16382633268019
26.675,-3.8862645249859,-0.0956644515310163,-4.15873321315794
26.6775,-3.88117006713269,-0.0956644515310163,-4.15873321315794
26.68,-3.8862645249859,-0.0956644515310163,-4.16382633268019
26.6825,-3.8862645249859,-0.0956644515310163,-4.15873321315794
26.685,-3.8862645249859,-0.0956644515310163,-4.16891945220244
26.6875,-3.8862645249859,-0.0956644515310163,-4.16891945220244
26.69,-3.89135898283911,-0.0956644515310163,-4.16382633268019
26.6925,-3.89135898283911,-0.0956644515310163,-4.17401257172469
26.695,-3.89135898283911,-0.0956644515310163,-4.16382633268019
26.6975,-3.90154789854553,-0.0956644515310163,-4.17401257172469
26.7,-3.90154789854553,-0.0956644515310163,-4.16891945220244
26.7025,-3.91173681425195,-0.0956644515310163,-4.16891945220244
26.705,-3.91173681425195,-0.0956644515310163,-4.17401257172469
26.7075,-3.92702018781158,-0.0956644515310163,-4.17401257172469
26.71,-3.92192572995837,-0.0956644515310163,-4.17910569124694
26.7125,-3.93211464566479,-0.0956644515310163,-4.17401257172469
26.715,-3.93211464566479,-0.0956644515310163,-4.17401257172469
26.7175,-3.91173681425195,-0.0956644515310163,-4.18419881076919
26.72,-3.93211464566479,-0.0956644515310163,-4.21985064742494
26.7225,-3.94230356137122,-0.0956644515310163,-4.19947816933594
26.725,-3.93211464566479,-0.0905687587252277,-4.19438504981369
26.7275,-3.94230356137122,-0.0956644515310163,-4.19438504981369
26.73,-3.91683127210516,-0.0956644515310163,-4.19947816933594
26.7325,-3.92192572995837,-0.0905687587252277,-4.18929193029144
26.735,-3.92192572995837,-0.0956644515310163,-4.20457128885819
26.7375,-3.92702018781158,-0.0956644515310163,-4.19438504981369
26.74,-3.94739801922443,-0.0956644515310163,-4.19947816933594
26.7425,-3.93211464566479,-0.0956644515310163,-4.19947816933594
26.745,-3.95249247707764,-0.0956644515310163,-4.18929193029144
26.7475,-3.95249247707764,-0.0956644515310163,-4.19438504981369
26.75,-3.92702018781158,-0.0956644515310163,-4.21475752790269
26.7525,-3.92702018781158,-0.0956644515310163,-4.23003688646944
26.755,-3.93211464566479,-0.0956644515310163,-4.19438504981369
26.7575,-3.92192572995837,-0.0956644515310163,-4.18929193029144
26.76,-3.92192572995837,-0.0956644515310163,-4.19438504981369
26.7625,-3.91683127210516,-0.0956644515310163,-4.18419881076919
26.765,-3.92192572995837,-0.0956644515310163,-4.19438504981369
26.7675,-3.92192572995837,-0.0956644515310163,-4.18929193029144
26.77,-3.93211464566479,-0.100760144336805,-4.18929193029144
26.7725,-3.96268139278406,-0.0956644515310163,-4.16891945220244
26.775,-3.93720910351801,-0.0956644515310163,-4.18419881076919
26.7775,-3.91173681425195,-0.0956644515310163,-4.19438504981369
26.78,-3.8862645249859,-0.0956644515310163,-4.18419881076919
26.7825,-3.8862645249859,-0.0905687587252277,-4.16382633268019
26.785,-3.88117006713269,-0.0956644515310163,-4.19438504981369
26.7875,-3.8862645249859,-0.0956644515310163,-4.18929193029144
26.79,-3.88117006713269,-0.0956644515310163,-4.19947816933594
26.7925,-3.88117006713269,-0.0956644515310163,-4.19438504981369
26.795,-3.90664235639874,-0.0956644515310163,-4.19438504981369
26.7975,-3.90664235639874,-0.0956644515310163,-4.19947816933594
26.8,-3.87607560927948,-0.0956644515310163,-4.21475752790269
26.8025,-3.91173681425195,-0.0956644515310163,-4.23003688646944
26.805,-3.90154789854553,-0.0956644515310163,-4.19947816933594
26.8075,-3.97796476634369,-0.0956644515310163,-4.20966440838044
26.81,-3.86079223571985,-0.0956644515310163,-4.20966440838044
26.8125,-3.87098115142627,-0.0956644515310163,-4.20966440838044
26.815,-3.86588669357306,-0.0956644515310163,-4.21475752790269
26.8175,-3.87098115142627,-0.0956644515310163,-4.21475752790269
26.82,-3.86588669357306,-0.0956644515310163,-4.25040936455843
26.8225,-3.84550886216021,-0.0956644515310163,-4.25040936455843
26.825,-3.86079223571985,-0.0956644515310163,-4.25040936455843
26.8275,-3.85060332001342,-0.0956644515310163,-4.25040936455843
26.83,-3.85060332001342,-0.0956644515310163,-4.24022312551393
26.8325,-3.85060332001342,-0.0956644515310163,-4.24531624503618
26.835,-3.840414404307,-0.0956644515310163,-4.24531624503618
26.8375,-3.83022548860058,-0.0956644515310163,-4.26059560360293
26.84,-3.82513103074737,-0.0956644515310163,-4.27078184264743
26.8425,-3.81494211504095,-0.0956644515310163,-4.26059560360293
26.845,-3.80984765718774,-0.0956644515310163,-4.26568872312518
26.8475,-3.79456428362811,-0.0956644515310163,-4.26568872312518
26.85,-3.79456428362811,-0.0956644515310163,-4.24022312551393
26.8525,-3.77418645221527,-0.0956644515310163,-4.25040936455843
26.855,-3.79456428362811,-0.0956644515310163,-4.24022312551393
26.8575,-3.80475319933453,-0.0956644515310163,-4.24531624503618
26.86,-3.75380862080242,-0.0956644515310163,-4.24022312551393
26.8625,-3.74871416294921,-0.0956644515310163,-4.24022312551393
26.865,-3.743619705096,-0.0956644515310163,-4.27078184264743
26.8675,-3.73343078938958,-0.0956644515310163,-4.26059560360293
26.87,-3.72833633153637,-0.0956644515310163,-4.27587496216968
26.8725,-3.68758066871069,-0.0956644515310163,-4.27078184264743
26.875,-3.6926751265639,-0.100760144336805,-4.30134055978093
26.8775,-3.67739175300426,-0.0956644515310163,-4.29624744025868
26.88,-3.67739175300426,-0.0956644515310163,-4.29115432073643
26.8825,-3.66210837944463,-0.0956644515310163,-0.0995169539250416
26.885,-3.66720283729784,-0.0956644515310163,-0.0995169539250416
26.8875,-3.65701392159142,-0.0956644515310163,-4.26059560360293
26.89,-3.65701392159142,-0.0956644515310163,-4.26568872312518
26.8925,-3.646825005885,-0.0956644515310163,-4.26059560360293
26.895,-3.64173054803179,-0.0854730659194392,-4.27078184264743
26.8975,-3.63663609017858,-0.0956644515310163,-4.26059560360293
26.9,-3.64173054803179,-0.0956644515310163,-4.26568872312518
26.9025,-3.63154163232537,-0.0956644515310163,-4.26568872312518
26.905,-3.63154163232537,-0.0956644515310163,-4.26568872312518
26.9075,-3.62644717447216,-0.0956644515310163,-4.27587496216968
26.91,-3.62644717447216,-0.0956644515310163,-4.26568872312518
26.9125,-3.62644717447216,-0.0956644515310163,-4.28096808169193
26.915,-3.62644717447216,-0.0956644515310163,-4.27587496216968
26.9175,-3.62644717447216,-0.0956644515310163,-4.28096808169193
26.92,-3.62135271661895,-0.0956644515310163,-4.27587496216968
26.9225,-3.63154163232537,-0.0956644515310163,-4.29624744025868
26.925,-3.62135271661895,-0.0956644515310163,-4.30134055978093
26.9275,-3.62644717447216,-0.105855837142594,-4.29115432073643
26.93,-3.61625825876574,-0.0956644515310163,-4.26568872312518
26.9325,-3.62135271661895,-0.0956644515310163,-4.26059560360293
26.935,-3.61625825876574,-0.0956644515310163,-4.26059560360293
26.9375,-3.61625825876574,-0.0956644515310163,-4.27078184264743
26.94,-3.61116380091253,-0.0956644515310163,-4.26568872312518
26.9425,-3.60606934305932,-0.0956644515310163,-4.27587496216968
26.945,-3.60097488520611,-0.0956644515310163,-4.27078184264743
26.9475,-3.60097488520611,-0.0905687587252277,-4.26568872312518
26.95,-3.59078596949968,-0.0905687587252277,-4.24531624503618
26.9525,-3.59078596949968,-0.0956644515310163,-4.24022312551393
26.955,-3.58569151164647,-0.0956644515310163,-4.24531624503618
26.9575,-3.58059705379326,-0.0956644515310163,-4.26059560360293
26.96,-3.58059705379326,-0.0956644515310163,-4.24022312551393
26.9625,-3.57550259594005,-0.0956644515310163,-4.25550248408068
26.965,-3.58059705379326,-0.0956644515310163,-4.28096808169193
26.9675,-3.57550259594005,-0.0956644515310163,-4.28606120121418
26.97,-3.58059705379326,-0.0956644515310163,-4.28096808169193
26.9725,-3.58059705379326,-0.0956644515310163,-4.28606120121418
26.975,-3.58059705379326,-0.0956644515310163,-4.28606120121418
26.9775,-3.58059705379326,-0.0956644515310163,-4.28096808169193
26.98,-3.58059705379326,-0.0905687587252277,-4.25550248408068
26.9825,-3.58059705379326,-0.0956644515310163,-4.25040936455843
26.985,-3.58569151164647,-0.0956644515310163,-4.25550248408068
26.9875,-3.58569151164647,-0.0956644515310163,-4.25550248408068
26.99,-3.59078596949968,-0.0956644515310163,-4.25040936455843
26.9925,-3.58569151164647,-0.0956644515310163,-4.25550248408068
26.995,-3.59078596949968,-0.0956644515310163,-4.25040936455843
26.9975,-3.58569151164647,-0.0956644515310163,-4.26059560360293
27,-3.59588042735289,-0.0956644515310163,-4.25040936455843
27.0025,-3.59078596949968,-0.0956644515310163,-4.25550248408068
27.005,-3.62135271661895,-0.0956644515310163,-4.25040936455843
27.0075,-3.60606934305932,-0.0854730659194392,-4.25040936455843
27.01,-3.60097488520611,-0.0956644515310163,-4.22494376694719
27.0125,-3.60097488520611,-0.0956644515310163,-4.26568872312518
27.015,-3.60097488520611,-0.0956644515310163,-4.26568872312518
27.0175,-3.59078596949968,-0.0956644515310163,-4.25550248408068
27.02,-3.59078596949968,-0.0956644515310163,-4.25040936455843
27.0225,-3.60606934305932,-0.0956644515310163,-4.25550248408068
27.025,-3.60097488520611,-0.0956644515310163,-4.24531624503618
27.0275,-3.60606934305932,-0.0956644515310163,-4.28096808169193
27.03,-3.59078596949968,-0.0956644515310163,-4.25040936455843
27.0325,-3.59588042735289,-0.0956644515310163,-4.21475752790269
27.035,-3.59078596949968,-0.0956644515310163,-4.24531624503618
27.0375,-3.59588042735289,-0.0956644515310163,-4.23513000599169
27.04,-3.58569151164647,-0.0956644515310163,-4.21985064742494
27.0425,-3.61625825876574,-0.0956644515310163,-4.20457128885819
27.045,-3.60606934305932,-0.0956644515310163,-4.20457128885819
27.0475,-3.59078596949968,-0.100760144336805,-4.19438504981369
27.05,-3.59078596949968,-0.0956644515310163,-4.19438504981369
27.0525,-3.59588042735289,-0.0956644515310163,-4.19947816933594
27.055,-3.59588042735289,-0.0956644515310163,-4.18929193029144
27.0575,-3.60097488520611,-0.0956644515310163,-4.21475752790269
27.06,-3.60097488520611,-0.0956644515310163,-4.21475752790269
27.0625,-3.61116380091253,-0.0905687587252277,-4.20966440838044
27.065,-3.61625825876574,-0.0956644515310163,-4.21985064742494
27.0675,-3.62135271661895,-0.0956644515310163,-4.21475752790269
27.07,-3.62135271661895,-0.0956644515310163,-4.19947816933594
27.0725,-3.62135271661895,-0.0956644515310163,-4.18929193029144
27.075,-3.62644717447216,-0.0956644515310163,-4.19438504981369
27.0775,-3.64173054803179,-0.0956644515310163,-4.19947816933594
27.08,-3.63663609017858,-0.0956644515310163,-4.18929193029144
27.0825,-3.63154163232537,-0.0956644515310163,-4.23003688646944
27.085,-3.64173054803179,-0.0956644515310163,-4.18929193029144
27.0875,-3.63663609017858,-0.0956644515310163,-4.19438504981369
27.09,-3.646825005885,-0.0956644515310163,-4.19947816933594
27.0925,-3.66720283729784,-0.0905687587252277,-4.19438504981369
27.095,-3.67739175300426,-0.0956644515310163,-4.19947816933594
27.0975,-3.67739175300426,-0.0956644515310163,-4.18929193029144
27.1,-3.68758066871069,-0.0956644515310163,-4.19438504981369
27.1025,-3.68758066871069,-0.0956644515310163,-4.19438504981369
27.105,-3.69776958441711,-0.0956644515310163,-4.20966440838044
27.1075,-3.67229729515105,-0.0905687587252277,-4.21475752790269
27.11,-3.6926751265639,-0.0956644515310163,-4.20457128885819
27.1125,-3.6926751265639,-0.0956644515310163,-4.21475752790269
27.115,-3.6926751265639,-0.0956644515310163,-4.20457128885819
27.1175,-3.70286404227032,-0.0956644515310163,-4.20457128885819
27.12,-3.69776958441711,-0.0956644515310163,-4.25040936455843
27.1225,-3.69776958441711,-0.0956644515310163,-4.24022312551393
27.125,-3.6926751265639,-0.0956644515310163,-4.24022312551393
27.1275,-3.6926751265639,-0.0956644515310163,-4.20966440838044
27.13,-3.68758066871069,-0.0956644515310163,-4.19947816933594
27.1325,-3.68758066871069,-0.0956644515310163,-4.20457128885819
27.135,-3.68248621085748,-0.0905687587252277,-4.16891945220244
27.1375,-3.68248621085748,-0.0956644515310163,-4.20457128885819
27.14,-3.68248621085748,-0.0956644515310163,-4.18929193029144
27.1425,-3.6926751265639,-0.0956644515310163,-4.19438504981369
27.145,-3.68248621085748,-0.0956644515310163,-4.18929193029144
27.1475,-3.68758066871069,-0.0956644515310163,-4.18419881076919
27.15,-3.70286404227032,-0.0956644515310163,-4.18929193029144
27.1525,-3.70286404227032,-0.0956644515310163,-4.16891945220244
27.155,-3.69776958441711,-0.0956644515310163,-4.17910569124694
27.1575,-3.69776958441711,-0.0956644515310163,-4.16891945220244
27.16,-3.69776958441711,-0.0956644515310163,-4.16891945220244
27.1625,-3.69776958441711,-0.0956644515310163,-4.19947816933594
27.165,-3.70286404227032,-0.0956644515310163,-4.16891945220244
27.1675,-3.70286404227032,-0.0956644515310163,-4.17401257172469
27.17,-3.70286404227032,-0.0956644515310163,-4.16891945220244
27.1725,-3.69776958441711,-0.0956644515310163,-4.16891945220244
27.175,-3.70286404227032,-0.0956644515310163,-4.17401257172469
27.1775,-3.72833633153637,-0.0956644515310163,-4.16891945220244
27.18,-3.72833633153637,-0.0956644515310163,-4.16891945220244
27.1825,-3.72324187368316,-0.0956644515310163,-4.15873321315794
27.185,-3.73343078938958,-0.0956644515310163,-4.16382633268019
27.1875,-3.75380862080242,-0.0956644515310163,-4.16891945220244
27.19,-3.74871416294921,-0.0956644515310163,-4.16891945220244
27.1925,-3.72324187368316,-0.0956644515310163,-4.17910569124694
27.195,-3.74871416294921,-0.0905687587252277,-4.16382633268019
27.1975,-3.743619705096,-0.0956644515310163,-4.17401257172469
27.2,-3.743619705096,-0.0956644515310163,-4.16891945220244
27.2025,-3.73852524724279,-0.0956644515310163,-4.17401257172469
27.205,-3.743619705096,-0.0956644515310163,-4.14854697411344
27.2075,-3.70795850012353,-0.0956644515310163,-4.14345385459119
27.21,-3.70286404227032,-0.0956644515310163,-4.14345385459119
27.2125,-3.70286404227032,-0.0956644515310163,-4.16891945220244
27.215,-3.69776958441711,-0.0956644515310163,-4.14854697411344
27.2175,-3.69776958441711,-0.0905687587252277,-4.14854697411344
27.22,-3.6926751265639,-0.105855837142594,-4.13836073506894
27.2225,-3.70286404227032,-0.0956644515310163,-4.14345385459119
27.225,-3.68758066871069,-0.0956644515310163,-4.10780201793545
27.2275,-3.6926751265639,-0.0905687587252277,-4.14345385459119
27.23,-3.68758066871069,-0.0956644515310163,-4.13326761554669
27.2325,-3.68758066871069,-0.0956644515310163,-4.12817449602444
27.235,-3.68248621085748,-0.0956644515310163,-4.10780201793545
27.2375,-3.68248621085748,-0.0956644515310163,-4.12817449602444
27.24,-3.68248621085748,-0.0956644515310163,-4.13836073506894
27.2425,-3.66720283729784,-0.0956644515310163,-4.12817449602444
27.245,-3.67739175300426,-0.0905687587252277,-4.12308137650219
27.2475,-3.67229729515105,-0.0956644515310163,-4.12817449602444
27.25,-3.67739175300426,-0.0956644515310163,-4.12817449602444
27.2525,-3.66210837944463,-0.0956644515310163,-4.13326761554669
27.255,-3.66210837944463,-0.0956644515310163,-4.12817449602444
27.2575,-3.65701392159142,-0.0956644515310163,-4.13326761554669
27.26,-3.65701392159142,-0.0956644515310163,-4.12817449602444
27.2625,-3.646825005885,-0.0905687587252277,-4.16891945220244
27.265,-3.65191946373821,-0.0956644515310163,-4.15364009363569
27.2675,-3.646825005885,-0.0956644515310163,-4.14345385459119
27.27,-3.646825005885,-0.0956644515310163,-4.14854697411344
27.2725,-3.63663609017858,-0.0956644515310163,-4.14854697411344
27.275,-3.64173054803179,-0.0956644515310163,-4.14345385459119
27.2775,-3.63154163232537,-0.0956644515310163,-4.15873321315794
27.28,-3.63154163232537,-0.0956644515310163,-4.12308137650219
27.2825,-3.63154163232537,-0.0956644515310163,-4.14345385459119
27.285,-3.65701392159142,-0.0956644515310163,-4.13326761554669
27.2875,-3.63663609017858,-0.0956644515310163,-4.16891945220244
27.29,-3.63663609017858,-0.0905687587252277,-4.16891945220244
27.2925,-3.64173054803179,-0.0956644515310163,-4.15873321315794
27.295,-3.63154163232537,-0.0956644515310163,-4.13326761554669
27.2975,-3.64173054803179,-0.0956644515310163,-4.15364009363569
27.3,-3.63663609017858,-0.0956644515310163,-4.14854697411344
27.3025,-3.63663609017858,-0.0956644515310163,-4.14854697411344
27.305,-3.64173054803179,-0.0956644515310163,-4.11798825697995
27.3075,-3.64173054803179,-0.0956644515310163,-4.14854697411344
27.31,-3.64173054803179,-0.0956644515310163,-4.16891945220244
27.3125,-3.646825005885,-0.0956644515310163,-4.15364009363569
27.315,-3.63154163232537,-0.0956644515310163,-4.12817449602444
27.3175,-3.64173054803179,-0.0956644515310163,-4.15364009363569
27.32,-3.63154163232537,-0.0956644515310163,-4.15364009363569
27.3225,-3.64173054803179,-0.0956644515310163,-4.1128951374577
27.325,-3.63154163232537,-0.0956644515310163,-4.12308137650219
27.3275,-3.62644717447216,-0.0956644515310163,-4.14345385459119
27.33,-3.63663609017858,-0.0956644515310163,-4.14345385459119
27.3325,-3.65701392159142,-0.0905687587252277,-4.16891945220244
27.335,-3.63663609017858,-0.0956644515310163,-4.11798825697995
27.3375,-3.63663609017858,-0.0956644515310163,-4.12817449602444
27.34,-3.64173054803179,-0.0956644515310163,-4.12817449602444
27.3425,-3.64173054803179,-0.0905687587252277,-4.12817449602444
27.345,-3.646825005885,-0.0956644515310163,-4.13326761554669
27.3475,-3.63154163232537,-0.0956644515310163,-4.12308137650219
27.35,-3.65191946373821,-0.0956644515310163,-4.13836073506894
27.3525,-3.64173054803179,-0.0956644515310163,-4.12817449602444
27.355,-3.65191946373821,-0.0956644515310163,-4.0823364203242
27.3575,-3.646825005885,-0.0956644515310163,-4.13836073506894
27.36,-3.65701392159142,-0.0956644515310163,-4.13326761554669
27.3625,-3.65191946373821,-0.100760144336805,-4.13836073506894
27.365,-3.65191946373821,-0.0956644515310163,-4.13326761554669
27.3675,-3.65701392159142,-0.0956644515310163,-4.14854697411344
27.37,-3.68248621085748,-0.0956644515310163,-4.13836073506894
27.3725,-3.65191946373821,-0.0956644515310163,-4.14345385459119
27.375,-3.65191946373821,-0.0956644515310163,-4.15364009363569
27.3775,-3.65701392159142,-0.0956644515310163,-4.12308137650219
27.38,-3.65701392159142,-0.0956644515310163,-4.15873321315794
27.3825,-3.65701392159142,-0.0956644515310163,-4.15364009363569
27.385,-3.65701392159142,-0.0956644515310163,-4.15873321315794
27.3875,-3.65701392159142,-0.0956644515310163,-4.16382633268019
27.39,-3.646825005885,-0.0956644515310163,-4.15364009363569
27.3925,-3.65701392159142,-0.0905687587252277,-4.16382633268019
27.395,-3.65701392159142,-0.0905687587252277,-4.20966440838044
27.3975,-3.65701392159142,-0.0956644515310163,-4.18419881076919
27.4,-3.65191946373821,-0.0956644515310163,-4.18419881076919
27.4025,-3.66210837944463,-0.0956644515310163,-4.18419881076919
27.405,-3.65191946373821,-0.0956644515310163,-4.19438504981369
27.4075,-3.65701392159142,-0.0956644515310163,-4.15364009363569
27.41,-3.65191946373821,-0.0956644515310163,-4.19438504981369
27.4125,-3.70286404227032,-0.0956644515310163,-4.18929193029144
27.415,-3.70286404227032,-0.0956644515310163,-4.19438504981369
27.4175,-3.69776958441711,-0.0956644515310163,-4.20457128885819
27.42,-3.66720283729784,-0.0956644515310163,-4.23003688646944
27.4225,-3.67229729515105,-0.0956644515310163,-4.21475752790269
27.425,-3.66720283729784,-0.0905687587252277,-4.20966440838044
27.4275,-3.67229729515105,-0.0956644515310163,-4.20966440838044
27.43,-3.67229729515105,-0.0956644515310163,-4.21985064742494
27.4325,-3.66720283729784,-0.0956644515310163,-4.21475752790269
27.435,-3.66720283729784,-0.0956644515310163,-4.23003688646944
27.4375,-3.66720283729784,-0.0956644515310163,-4.22494376694719
27.44,-3.66720283729784,-0.0956644515310163,-4.21475752790269
27.4425,-3.66210837944463,-0.0956644515310163,-4.21985064742494
27.445,-3.66720283729784,-0.0956644515310163,-4.21985064742494
27.4475,-3.65701392159142,-0.0956644515310163,-4.23003688646944
27.45,-3.66210837944463,-0.0956644515310163,-4.19438504981369
27.4525,-3.65701392159142,-0.0956644515310163,-4.23003688646944
27.455,-3.66210837944463,-0.0854730659194392,-4.25550248408068
27.4575,-3.65701392159142,-0.0956644515310163,-4.26568872312518
27.46,-3.65701392159142,-0.0956644515310163,-4.27078184264743
27.4625,-3.65701392159142,-0.0956644515310163,-4.24531624503618
27.465,-3.66210837944463,-0.0956644515310163,-4.23513000599169
27.4675,-3.67229729515105,-0.0956644515310163,-4.20966440838044
27.47,-3.68248621085748,-0.0956644515310163,-4.20457128885819
27.4725,-3.63154163232537,-0.0905687587252277,-4.18929193029144
27.475,-3.66210837944463,-0.0956644515310163,-4.20457128885819
27.4775,-3.63663609017858,-0.0956644515310163,-4.21985064742494
27.48,-3.64173054803179,-0.0956644515310163,-4.21985064742494
27.4825,-3.64173054803179,-0.0956644515310163,-4.23003688646944
27.485,-3.63154163232537,-0.0956644515310163,-4.22494376694719
27.4875,-3.64173054803179,-0.0956644515310163,-4.21985064742494
27.49,-3.63663609017858,-0.0956644515310163,-4.22494376694719
27.4925,-3.646825005885,-0.0956644515310163,-4.21985064742494
27.495,-3.64173054803179,-0.0956644515310163,-4.22494376694719
27.4975,-3.64173054803179,-0.0956644515310163,-4.22494376694719
27.5,-3.63663609017858,-0.0956644515310163,-4.22494376694719
27.5025,-3.65191946373821,-0.0956644515310163,-4.23003688646944
27.505,-3.646825005885,-0.0956644515310163,-4.25040936455843
27.5075,-3.65191946373821,-0.0956644515310163,-4.24022312551393
27.51,-3.646825005885,-0.0956644515310163,-4.21985064742494
27.5125,-3.66210837944463,-0.0956644515310163,-4.21475752790269
27.515,-3.65191946373821,-0.0956644515310163,-4.21985064742494
27.5175,-3.68248621085748,-0.0956644515310163,-4.20966440838044
27.52,-3.65701392159142,-0.0905687587252277,-4.22494376694719
27.5225,-3.66210837944463,-0.0956644515310163,-4.20966440838044
27.525,-3.66210837944463,-0.0956644515310163,-4.21985064742494
27.5275,-3.66720283729784,-0.0956644515310163,-4.24531624503618
27.53,-3.67229729515105,-0.0956644515310163,-4.24022312551393
27.5325,-3.67229729515105,-0.0956644515310163,-4.25040936455843
27.535,-3.67739175300426,-0.0956644515310163,-4.24531624503618
27.5375,-3.67739175300426,-0.0956644515310163,-4.25040936455843
27.54,-3.68248621085748,-0.0956644515310163,-4.25040936455843
27.5425,-3.68248621085748,-0.0956644515310163,-4.25040936455843
27.545,-3.71305295797674,-0.0956644515310163,-4.25550248408068
27.5475,-3.70795850012353,-0.0956644515310163,-4.24531624503618
27.55,-3.70286404227032,-0.0956644515310163,-4.25550248408068
27.5525,-3.69776958441711,-0.0956644515310163,-4.25040936455843
27.555,-3.67739175300426,-0.0956644515310163,-4.25040936455843
27.5575,-3.6926751265639,-0.0956644515310163,-4.22494376694719
27.56,-3.71814741582995,-0.0956644515310163,-4.24531624503618
27.5625,-3.68248621085748,-0.0956644515310163,-4.25550248408068
27.565,-3.68248621085748,-0.0956644515310163,-4.24531624503618
27.5675,-3.68248621085748,-0.0956644515310163,-4.25040936455843
27.57,-3.68248621085748,-0.0956644515310163,-4.24022312551393
27.5725,-3.67739175300426,-0.0956644515310163,-4.23513000599169
27.575,-3.66720283729784,-0.0956644515310163,-4.24022312551393
27.5775,-3.66720283729784,-0.0956644515310163,-4.23003688646944
27.58,-3.66210837944463,-0.0956644515310163,-4.23003688646944
27.5825,-3.65701392159142,-0.0956644515310163,-4.23003688646944
27.585,-3.65191946373821,-0.0956644515310163,-4.22494376694719
27.5875,-3.646825005885,-0.0956644515310163,-4.23003688646944
27.59,-3.64173054803179,-0.0956644515310163,-4.21985064742494
27.5925,-3.63663609017858,-0.0956644515310163,-4.22494376694719
27.595,-3.62644717447216,-0.0956644515310163,-4.21475752790269
27.5975,-3.63154163232537,-0.0956644515310163,-4.21475752790269
27.6,-3.62135271661895,-0.100760144336805,-4.20966440838044
27.6025,-3.60606934305932,-0.0956644515310163,-4.20457128885819
27.605,-3.62135271661895,-0.0956644515310163,-4.20457128885819
27.6075,-3.62644717447216,-0.0905687587252277,-4.19438504981369
27.61,-3.60097488520611,-0.0956644515310163,-4.19438504981369
27.6125,-3.57040813808684,-0.0956644515310163,-4.19438504981369
27.615,-3.56531368023363,-0.0956644515310163,-4.20966440838044
27.6175,-3.56021922238042,-0.0956644515310163,-4.23513000599169
27.62,-3.58059705379326,-0.0956644515310163,-4.23003688646944
27.6225,-3.57550259594005,-0.0905687587252277,-4.22494376694719
27.625,-3.57040813808684,-0.0956644515310163,-4.22494376694719
27.6275,-3.57040813808684,-0.0956644515310163,-4.21475752790269
27.63,-3.56531368023363,-0.0956644515310163,-4.22494376694719
27.6325,-3.56531368023363,-0.0956644515310163,-4.20966440838044
27.635,-3.56531368023363,-0.0956644515310163,-4.21475752790269
27.6375,-3.56021922238042,-0.0956644515310163,-4.20457128885819
27.64,-3.53474693311437,-0.0956644515310163,-4.17401257172469
27.6425,-3.56021922238042,-0.0956644515310163,-4.17910569124694
27.645,-3.55512476452721,-0.0956644515310163,-4.17910569124694
27.6475,-3.53474693311437,-0.0956644515310163,-4.18419881076919
27.65,-3.48380235458226,-0.0956644515310163,-4.17401257172469
27.6525,-3.5041801859951,-0.0905687587252277,-4.17401257172469
27.655,-3.47870789672905,-0.0956644515310163,-4.17401257172469
27.6575,-3.47361343887584,-0.0956644515310163,-4.16891945220244
27.66,-3.47870789672905,-0.0956644515310163,-4.17401257172469
27.6625,-3.47361343887584,-0.0956644515310163,-4.17910569124694
27.665,-3.47361343887584,-0.0956644515310163,-4.17910569124694
27.6675,-3.47870789672905,-0.0956644515310163,-4.14854697411344
27.67,-3.46342452316942,-0.0956644515310163,-4.13836073506894
27.6725,-3.45833006531621,-0.0956644515310163,-4.18929193029144
27.675,-3.46342452316942,-0.0956644515310163,-4.16891945220244
27.6775,-3.39719657107768,-0.0956644515310163,-4.17401257172469
27.68,-3.4073854867841,-0.0956644515310163,-4.13836073506894
27.6825,-3.40229102893089,-0.0956644515310163,-4.13326761554669
27.685,-3.4073854867841,-0.0956644515310163,-4.12817449602444
27.6875,-3.38700765537126,-0.0956644515310163,-4.11798825697995
27.69,-3.39719657107768,-0.0956644515310163,-4.11798825697995
27.6925,-3.39210211322447,-0.0956644515310163,-4.1128951374577
27.695,-3.40229102893089,-0.0956644515310163,-4.1027088984132
27.6975,-3.4073854867841,-0.0956644515310163,-4.10780201793545
27.7,-3.41247994463731,-0.0956644515310163,-4.0925226593687
27.7025,-3.41757440249052,-0.0956644515310163,-4.1027088984132
27.705,-3.45833006531621,-0.0956644515310163,-4.12308137650219
27.7075,-3.43795223390337,-0.0956644515310163,-4.12308137650219
27.71,-3.43795223390337,-0.0956644515310163,-4.11798825697995
27.7125,-3.44814114960979,-0.100760144336805,-4.1128951374577
27.715,-3.44814114960979,-0.0956644515310163,-4.1128951374577
27.7175,-3.47870789672905,-0.0956644515310163,-4.12817449602444
27.72,-3.44814114960979,-0.0956644515310163,-4.10780201793545
27.7225,-3.45833006531621,-0.0956644515310163,-4.10780201793545
27.725,-3.46342452316942,-0.0956644515310163,-4.1027088984132
27.7275,-3.46851898102263,-0.0956644515310163,-4.11798825697995
27.73,-3.47361343887584,-0.0956644515310163,-4.10780201793545
27.7325,-3.48380235458226,-0.0956644515310163,-4.14345385459119
27.735,-3.48889681243547,-0.0956644515310163,-4.1128951374577
27.7375,-3.5041801859951,-0.0956644515310163,-4.10780201793545
27.74,-3.47870789672905,-0.0956644515310163,-4.11798825697995
27.7425,-3.51946355955474,-0.0956644515310163,-4.11798825697995
27.745,-3.51946355955474,-0.0956644515310163,-4.12817449602444
27.7475,-3.53474693311437,-0.0956644515310163,-4.1128951374577
27.75,-9.30167322294876,-0.0956644515310163,-4.12308137650219
27.7525,-3.53984139096758,-0.0956644515310163,-4.11798825697995
27.755,-3.54493584882079,-0.0956644515310163,-4.10780201793545
27.7575,-3.56021922238042,-0.0956644515310163,-4.1128951374577
27.76,-3.56531368023363,-0.0956644515310163,-4.09761577889095
27.7625,-3.57550259594005,-0.0956644515310163,-4.1027088984132
27.765,-3.58569151164647,-0.0956644515310163,-4.09761577889095
27.7675,-3.60097488520611,-0.0956644515310163,-4.1027088984132
27.77,-3.60606934305932,-0.0956644515310163,-4.08742953984645
27.7725,-3.62135271661895,-0.0956644515310163,-4.07724330080195
27.775,-3.69776958441711,-0.0905687587252277,-4.1128951374577
27.7775,-3.66210837944463,-0.0956644515310163,-4.0721501812797
27.78,-3.67229729515105,-0.0956644515310163,-4.07724330080195
27.7825,-3.71814741582995,-0.0956644515310163,-4.0823364203242
27.785,-3.71305295797674,-0.0956644515310163,-4.07724330080195
27.7875,-3.71814741582995,-0.0956644515310163,-4.0823364203242
27.79,-3.71305295797674,-0.0956644515310163,-4.07724330080195
27.7925,-3.71814741582995,-0.0956644515310163,-4.08742953984645
27.795,-3.75380862080242,-0.0956644515310163,-4.08742953984645
27.7975,-3.76399753650884,-0.0956644515310163,-4.08742953984645
27.8,-3.77928091006848,-0.100760144336805,-4.0925226593687
27.8025,-3.78437536792169,-0.0956644515310163,-4.08742953984645
27.805,-3.7894698257749,-0.0956644515310163,-4.09761577889095
27.8075,-3.79456428362811,-0.0956644515310163,-4.09761577889095
27.81,-3.80475319933453,-0.0956644515310163,-4.09761577889095
27.8125,-3.81494211504095,-0.0905687587252277,-4.11798825697995
27.815,-3.82003657289416,-0.0956644515310163,-4.1128951374577
27.8175,-3.81494211504095,-0.0956644515310163,-4.12817449602444
27.82,-3.82513103074737,-0.0956644515310163,-4.0925226593687
27.8225,-3.83022548860058,-0.0956644515310163,-4.10780201793545
27.825,-3.83531994645379,-0.0956644515310163,-4.13326761554669
27.8275,-3.84550886216021,-0.0956644515310163,-4.13326761554669
27.83,-3.84550886216021,-0.0956644515310163,-4.14345385459119
27.8325,-3.85569777786664,-0.0956644515310163,-4.14345385459119
27.835,-3.85569777786664,-0.0956644515310163,-4.14854697411344
27.8375,-3.86588669357306,-0.0956644515310163,-4.14854697411344
27.84,-3.86588669357306,-0.0956644515310163,-4.14345385459119
27.8425,-3.87098115142627,-0.0956644515310163,-4.17401257172469
27.845,-3.87098115142627,-0.0956644515310163,-4.15873321315794
27.8475,-3.88117006713269,-0.0956644515310163,-4.16891945220244
27.85,-3.93720910351801,-0.0956644515310163,-4.16891945220244
27.8525,-3.89135898283911,-0.0956644515310163,-4.16891945220244
27.855,-3.89135898283911,-0.0956644515310163,-4.13326761554669
27.8575,-3.89645344069232,-0.0956644515310163,-4.12308137650219
27.86,-3.89645344069232,-0.0956644515310163,-4.13836073506894
27.8625,-3.92192572995837,-0.0956644515310163,-4.12817449602444
27.865,-3.89135898283911,-0.0956644515310163,-4.13326761554669
27.8675,-3.89135898283911,-0.0956644515310163,-4.13326761554669
27.87,-3.89645344069232,-0.0956644515310163,-4.15873321315794
27.8725,-3.8862645249859,-0.0956644515310163,-4.13836073506894
27.875,-3.8862645249859,-0.0905687587252277,-4.13836073506894
27.8775,-3.8862645249859,-0.0956644515310163,-4.14345385459119
27.88,-3.91173681425195,-0.0956644515310163,-4.14854697411344
27.8825,-3.86079223571985,-0.0956644515310163,-4.14345385459119
27.885,-3.87098115142627,-0.0956644515310163,-4.15364009363569
27.8875,-3.86588669357306,-0.0956644515310163,-4.14854697411344
27.89,-3.87098115142627,-0.0956644515310163,-4.14854697411344
27.8925,-3.86588669357306,-0.0956644515310163,-4.14854697411344
27.895,-3.86588669357306,-0.0956644515310163,-4.12817449602444
27.8975,-3.86079223571985,-0.0956644515310163,-4.15873321315794
27.9,-3.86588669357306,-0.0956644515310163,-4.15364009363569
27.9025,-3.86079223571985,-0.0956644515310163,-4.17401257172469
27.905,-3.86588669357306,-0.0956644515310163,-4.16891945220244
27.9075,-3.86588669357306,-0.0956644515310163,-4.19438504981369
27.91,-3.86588669357306,-0.0956644515310163,-4.19947816933594
27.9125,-3.86079223571985,-0.0956644515310163,-4.16382633268019
27.915,-3.87098115142627,-0.0956644515310163,-4.16891945220244
27.9175,-3.86079223571985,-0.0956644515310163,-4.16891945220244
27.92,-3.85569777786664,-0.0956644515310163,-4.16891945220244
27.9225,-3.85569777786664,-0.0956644515310163,-4.16891945220244
27.925,-3.85569777786664,-0.0956644515310163,-4.13836073506894
27.9275,-3.85060332001342,-0.0956644515310163,-4.14854697411344
27.93,-3.85060332001342,-0.0905687587252277,-4.16891945220244
27.9325,-3.85060332001342,-0.0956644515310163,-4.17910569124694
27.935,-3.84550886216021,-0.0956644515310163,-4.17401257172469
27.9375,-3.85569777786664,-0.0956644515310163,-4.17401257172469
27.94,-3.84550886216021,-0.0956644515310163,-4.17910569124694
27.9425,-3.83022548860058,-0.0854730659194392,-4.17401257172469
27.945,-3.840414404307,-0.0956644515310163,-4.15873321315794
27.9475,-3.85060332001342,-0.0956644515310163,-4.14854697411344
27.95,-3.84550886216021,-0.0956644515310163,-4.17910569124694
27.9525,-3.840414404307,-0.0956644515310163,-4.17910569124694
27.955,-3.85569777786664,-0.0956644515310163,-4.15364009363569
27.9575,-3.85569777786664,-0.0956644515310163,-4.18419881076919
27.96,-3.84550886216021,-0.0956644515310163,-4.17401257172469
27.9625,-3.84550886216021,-0.0956644515310163,-4.17910569124694
27.965,-3.83531994645379,-0.0956644515310163,-4.15873321315794
27.9675,-3.78437536792169,-0.0956644515310163,-4.14854697411344
27.97,-3.77928091006848,-0.0956644515310163,-4.18929193029144
27.9725,-3.77928091006848,-0.0956644515310163,-4.17910569124694
27.975,-3.77928091006848,-0.0956644515310163,-4.18929193029144
27.9775,-3.76909199436206,-0.0956644515310163,-4.17910569124694
27.98,-3.75890307865563,-0.0956644515310163,-4.18929193029144
27.9825,-3.74871416294921,-0.0956644515310163,-4.18929193029144
27.985,-3.743619705096,-0.0905687587252277,-4.18419881076919
27.9875,-3.73852524724279,-0.0956644515310163,-4.19438504981369
27.99,-3.73852524724279,-0.0956644515310163,-4.18929193029144
27.9925,-3.72324187368316,-0.0956644515310163,-4.18929193029144
27.995,-3.72324187368316,-0.0956644515310163,-4.19438504981369
27.9975,-3.72324187368316,-0.0956644515310163,-4.18929193029144
28,-3.71305295797674,-0.0956644515310163,-4.19438504981369
28.0025,-3.69776958441711,-0.0956644515310163,-4.18929193029144
28.005,-3.69776958441711,-0.0956644515310163,-4.16891945220244
28.0075,-3.68758066871069,-0.0956644515310163,-4.18929193029144
28.01,-3.68758066871069,-0.0956644515310163,-4.18419881076919
28.0125,-3.67739175300426,-0.0956644515310163,-4.19438504981369
28.015,-3.67739175300426,-0.0956644515310163,-4.15873321315794
28.0175,-3.66720283729784,-0.0956644515310163,-4.16891945220244
28.02,-3.66720283729784,-0.0956644515310163,-4.15873321315794
28.0225,-3.67229729515105,-0.0956644515310163,-4.16891945220244
28.025,-3.66210837944463,-0.0956644515310163,-4.16382633268019
28.0275,-3.66720283729784,-0.0956644515310163,-4.15873321315794
28.03,-3.66210837944463,-0.0956644515310163,-4.16382633268019
28.0325,-3.65701392159142,-0.0956644515310163,-4.16382633268019
28.035,-3.66210837944463,-0.0956644515310163,-4.24022312551393
28.0375,-3.66210837944463,-0.0956644515310163,-4.19438504981369
28.04,-3.66210837944463,-0.0956644515310163,-4.19947816933594
28.0425,-3.66720283729784,-0.0905687587252277,-4.17401257172469
28.045,-3.66210837944463,-0.0956644515310163,-4.16382633268019
28.0475,-3.67229729515105,-0.0956644515310163,-4.17401257172469
28.05,-3.67229729515105,-0.0956644515310163,-4.24022312551393
28.0525,-3.68248621085748,-0.0956644515310163,-4.17910569124694
28.055,-3.67739175300426,-0.0956644515310163,-4.17910569124694
28.0575,-3.68248621085748,-0.0956644515310163,-4.16891945220244
28.06,-3.71305295797674,-0.0956644515310163,-4.18419881076919
28.0625,-3.72324187368316,-0.0956644515310163,-4.19438504981369
28.065,-3.72324187368316,-0.0956644515310163,-4.19947816933594
28.0675,-3.69776958441711,-0.0956644515310163,-4.15873321315794
28.07,-3.69776958441711,-0.0956644515310163,-4.15873321315794
28.0725,-3.743619705096,-0.0956644515310163,-4.15873321315794
28.075,-3.74871416294921,-0.0956644515310163,-4.15364009363569
28.0775,-3.72833633153637,-0.0956644515310163,-4.15873321315794
28.08,-3.73852524724279,-0.0905687587252277,-4.15364009363569
28.0825,-3.743619705096,-0.0956644515310163,-4.17910569124694
28.085,-3.743619705096,-0.0956644515310163,-4.18419881076919
28.0875,-3.75380862080242,-0.0956644515310163,-4.13836073506894
28.09,-3.76399753650884,-0.0956644515310163,-4.15364009363569
28.0925,-3.76399753650884,-0.0956644515310163,-4.16382633268019
28.095,-3.77928091006848,-0.0956644515310163,-4.16382633268019
28.0975,-3.77928091006848,-0.0956644515310163,-4.13836073506894
28.1,-3.79456428362811,-0.0956644515310163,-4.13326761554669
28.1025,-3.79456428362811,-0.0956644515310163,-4.16891945220244
28.105,-3.80984765718774,-0.0956644515310163,-4.15873321315794
28.1075,-3.80984765718774,-0.0956644515310163,-4.16891945220244
28.11,-3.82513103074737,-0.0956644515310163,-4.15873321315794
28.1125,-3.83022548860058,-0.0956644515310163,-4.13836073506894
28.115,-3.840414404307,-0.0956644515310163,-4.14854697411344
28.1175,-3.84550886216021,-0.0956644515310163,-4.13836073506894
28.12,-3.85569777786664,-0.0956644515310163,-4.26059560360293
28.1225,-3.86079223571985,-0.0956644515310163,-4.23003688646944
28.125,-3.87607560927948,-0.0956644515310163,-4.19947816933594
28.1275,-3.87607560927948,-0.0956644515310163,-4.17401257172469
28.13,-3.87607560927948,-0.0956644515310163,-4.16891945220244
28.1325,-3.92702018781158,-0.0956644515310163,-4.17910569124694
28.135,-3.95249247707764,-0.0956644515310163,-4.13836073506894
28.1375,-3.92702018781158,-0.0956644515310163,-4.13836073506894
28.14,-3.93211464566479,-0.0956644515310163,-4.13836073506894
28.1425,-3.94230356137122,-0.0956644515310163,-4.13836073506894
28.145,-3.93211464566479,-0.0956644515310163,-4.14854697411344
28.1475,-3.94230356137122,-0.0956644515310163,-4.13836073506894
28.15,-3.93211464566479,-0.0956644515310163,-4.19438504981369
28.1525,-3.93720910351801,-0.0956644515310163,-4.15873321315794
28.155,-3.93720910351801,-0.0956644515310163,-4.18419881076919
28.1575,-3.94739801922443,-0.0956644515310163,-4.16382633268019
28.16,-3.93720910351801,-0.0956644515310163,-4.15873321315794
28.1625,-3.94230356137122,-0.0956644515310163,-4.18929193029144
28.165,-3.93211464566479,-0.0956644515310163,-4.18929193029144
28.1675,-3.93211464566479,-0.0956644515310163,-4.21475752790269
28.17,-3.92702018781158,-0.0956644515310163,-4.21985064742494
28.1725,-3.92702018781158,-0.0956644515310163,-4.18419881076919
28.175,-3.91173681425195,-0.0956644515310163,-4.19438504981369
28.1775,-3.90664235639874,-0.0956644515310163,-4.18419881076919
28.18,-3.90154789854553,-0.0956644515310163,-4.19438504981369
28.1825,-3.89135898283911,-0.0956644515310163,-4.21985064742494
28.185,-3.86588669357306,-0.0956644515310163,-4.21985064742494
28.1875,-3.87607560927948,-0.0956644515310163,-4.19438504981369
28.19,-3.87607560927948,-0.0956644515310163,-4.18929193029144
28.1925,-3.87098115142627,-0.0905687587252277,-4.23003688646944
28.195,-3.86079223571985,-0.0956644515310163,-4.23003688646944
28.1975,-3.85060332001342,-0.0956644515310163,-4.25550248408068
28.2,-3.85060332001342,-0.0956644515310163,-4.24022312551393
28.2025,-3.84550886216021,-0.0905687587252277,-4.20966440838044
28.205,-3.85060332001342,-0.100760144336805,-4.21475752790269
28.2075,-3.840414404307,-0.0956644515310163,-4.21475752790269
28.21,-3.84550886216021,-0.0956644515310163,-4.20966440838044
28.2125,-3.83022548860058,-0.0956644515310163,-4.22494376694719
28.215,-3.83022548860058,-0.0956644515310163,-4.20966440838044
28.2175,-3.82513103074737,-0.0956644515310163,-4.21475752790269
28.22,-3.82003657289416,-0.0956644515310163,-4.21475752790269
28.2225,-3.81494211504095,-0.0956644515310163,-4.21475752790269
28.225,-3.80984765718774,-0.0956644515310163,-4.21985064742494
28.2275,-3.80475319933453,-0.0956644515310163,-4.21985064742494
28.23,-3.79456428362811,-0.0956644515310163,-4.22494376694719
28.2325,-3.76399753650884,-0.0956644515310163,-4.21985064742494
28.235,-3.78437536792169,-0.0956644515310163,-4.21475752790269
28.2375,-3.77928091006848,-0.0956644515310163,-4.23003688646944
28.24,-3.76909199436206,-0.0956644515310163,-4.21985064742494
28.2425,-3.76399753650884,-0.0956644515310163,-4.23003688646944
28.245,-3.75380862080242,-0.0956644515310163,-4.21985064742494
28.2475,-3.75380862080242,-0.0956644515310163,-4.22494376694719
28.25,-3.73343078938958,-0.0956644515310163,-4.19947816933594
28.2525,-3.73852524724279,-0.0956644515310163,-4.23003688646944
28.255,-3.72324187368316,-0.0956644515310163,-4.24022312551393
28.2575,-3.71814741582995,-0.0956644515310163,-4.20966440838044
28.26,-3.70795850012353,-0.0956644515310163,-4.31152679882543
28.2625,-3.6926751265639,-0.0956644515310163,-4.25550248408068
28.265,-3.67739175300426,-0.0956644515310163,-4.24531624503618
28.2675,-3.67229729515105,-0.0956644515310163,-4.23513000599169
28.27,-3.65701392159142,-0.0956644515310163,-4.15873321315794
28.2725,-3.65191946373821,-0.0956644515310163,-4.25040936455843
28.275,-3.63154163232537,-0.0956644515310163,-4.24022312551393
28.2775,-3.62644717447216,-0.0956644515310163,-4.24022312551393
28.28,-3.61625825876574,-0.0956644515310163,-4.14345385459119
28.2825,-3.61625825876574,-0.0956644515310163,-4.18929193029144
28.285,-3.59588042735289,-0.0905687587252277,-4.25550248408068
28.2875,-3.59078596949968,-0.0956644515310163,-4.25040936455843
28.29,-3.58569151164647,-0.0956644515310163,-4.20457128885819
28.2925,-3.57040813808684,-0.0956644515310163,-4.23003688646944
28.295,-3.57040813808684,-0.0956644515310163,-4.28096808169193
28.2975,-3.56021922238042,-0.0956644515310163,-4.29115432073643
28.3,-3.55512476452721,-0.0956644515310163,-4.24022312551393
28.3025,-3.550030306674,-0.0956644515310163,-4.03649834462395
28.305,-3.54493584882079,-0.0905687587252277,-4.28096808169193
28.3075,-3.54493584882079,-0.0956644515310163,-4.27587496216968
28.31,-3.54493584882079,-0.0956644515310163,-4.31152679882543
28.3125,-3.53984139096758,-0.0956644515310163,-4.29624744025868
28.315,-3.53984139096758,-0.0956644515310163,-4.04668458366845
28.3175,-3.53984139096758,-0.0956644515310163,-4.26568872312518
28.32,-3.53984139096758,-0.0956644515310163,-4.26059560360293
28.3225,-3.53474693311437,-0.0956644515310163,-4.29115432073643
28.325,-3.54493584882079,-0.100760144336805,-4.27078184264743
28.3275,-3.53984139096758,-0.0956644515310163,-4.30134055978093
28.33,-3.550030306674,-0.0905687587252277,-4.26059560360293
28.3325,-3.54493584882079,-0.0956644515310163,-4.26059560360293
28.335,-3.550030306674,-0.0956644515310163,-4.29115432073643
28.3375,-3.56021922238042,-0.0956644515310163,-4.25550248408068
28.34,-3.56021922238042,-0.0956644515310163,-4.26568872312518
28.3425,-3.54493584882079,-0.0956644515310163,-4.24531624503618
28.345,-3.56021922238042,-0.0956644515310163,-4.27078184264743
28.3475,-3.550030306674,-0.0956644515310163,-4.24531624503618
28.35,-3.57550259594005,-0.0956644515310163,-4.23003688646944
28.3525,-3.54493584882079,-0.0956644515310163,-4.29624744025868
28.355,-3.52455801740795,-0.0956644515310163,-4.26059560360293
28.3575,-3.51946355955474,-0.0956644515310163,-4.26059560360293
28.36,-3.50927464384831,-0.0956644515310163,-4.25550248408068
28.3625,-3.50927464384831,-0.0956644515310163,-4.25040936455843
28.365,-3.5041801859951,-0.0956644515310163,-4.23003688646944
28.3675,-3.5041801859951,-0.100760144336805,-4.22494376694719
28.37,-3.50927464384831,-0.0956644515310163,-4.27078184264743
28.3725,-3.52965247526116,-0.0956644515310163,-4.24022312551393
28.375,-3.5041801859951,-0.0956644515310163,-4.23513000599169
28.3775,-3.5041801859951,-0.0956644515310163,-4.30134055978093
28.38,-3.49908572814189,-0.0956644515310163,-4.28606120121418
28.3825,-3.50927464384831,-0.0956644515310163,-4.28606120121418
28.385,-3.5041801859951,-0.0956644515310163,-4.25040936455843
28.3875,-3.5041801859951,-0.100760144336805,-4.27078184264743
28.39,-3.49908572814189,-0.0956644515310163,-4.29624744025868
28.3925,-3.5041801859951,-0.0956644515310163,-4.25550248408068
28.395,-3.48889681243547,-0.0956644515310163,-4.25550248408068
28.3975,-3.49908572814189,-0.0956644515310163,-4.25040936455843
28.4,-3.49908572814189,-0.0956644515310163,-4.24022312551393
28.4025,-3.49908572814189,-0.0956644515310163,-4.24022312551393
28.405,-3.48889681243547,-0.100760144336805,-4.23003688646944
28.4075,-3.49399127028868,-0.0956644515310163,-4.19947816933594
28.41,-3.48380235458226,-0.0956644515310163,-4.21985064742494
28.4125,-3.48889681243547,-0.0956644515310163,-4.21475752790269
28.415,-3.47870789672905,-0.0956644515310163,-4.21475752790269
28.4175,-3.5041801859951,-0.0956644515310163,-4.20457128885819
28.42,-3.51946355955474,-0.0956644515310163,-4.20457128885819
28.4225,-3.5041801859951,-0.0956644515310163,-4.19438504981369
28.425,-3.45833006531621,-0.0956644515310163,-4.19438504981369
28.4275,-3.453235607463,-0.0956644515310163,-4.18929193029144
28.43,-3.4073854867841,-0.0905687587252277,-4.16382633268019
28.4325,-3.40229102893089,-0.0956644515310163,-4.21475752790269
28.435,-3.38700765537126,-0.0956644515310163,-4.20457128885819
28.4375,-3.38191319751805,-0.0956644515310163,-4.22494376694719
28.44,-3.37681873966484,-0.0956644515310163,-4.23003688646944
28.4425,-3.36662982395842,-0.0956644515310163,-4.21475752790269
28.445,-3.36662982395842,-0.0956644515310163,-4.21985064742494
28.4475,-3.356440908252,-0.0956644515310163,-4.20966440838044
28.45,-3.356440908252,-0.0956644515310163,-4.18419881076919
28.4525,-3.34625199254558,-0.0956644515310163,-4.20966440838044
28.455,-3.35134645039879,-0.0956644515310163,-4.19438504981369
28.4575,-3.34115753469236,-0.0956644515310163,-4.19947816933594
28.46,-3.35134645039879,-0.0956644515310163,-4.18929193029144
28.4625,-3.33606307683915,-0.100760144336805,-4.23513000599169
28.465,-3.35134645039879,-0.0956644515310163,-4.25040936455843
28.4675,-3.34115753469236,-0.0905687587252277,-4.24022312551393
28.47,-3.35134645039879,-0.0956644515310163,-4.26568872312518
28.4725,-3.35134645039879,-0.0956644515310163,-4.17910569124694
28.475,-3.38700765537126,-0.0956644515310163,-4.17401257172469
28.4775,-3.36662982395842,-0.0956644515310163,-4.23003688646944
28.48,-3.356440908252,-0.0956644515310163,-4.22494376694719
28.4825,-3.356440908252,-0.0854730659194392,-4.23003688646944
28.485,-3.37172428181163,-0.0956644515310163,-4.19947816933594
28.4875,-3.37681873966484,-0.0956644515310163,-4.18419881076919
28.49,-3.38700765537126,-0.0956644515310163,-4.17401257172469
28.4925,-3.40229102893089,-0.0956644515310163,-4.17910569124694
28.495,-3.4073854867841,-0.0956644515310163,-4.17401257172469
28.4975,-3.42776331819694,-0.0905687587252277,-4.16891945220244
28.5,-3.43795223390337,-0.0956644515310163,-4.21475752790269
28.5025,-3.453235607463,-0.0956644515310163,-4.18419881076919
28.505,-3.46851898102263,-0.0956644515310163,-4.18419881076919
28.5075,-3.48889681243547,-0.0956644515310163,-4.18929193029144
28.51,-3.5041801859951,-0.0956644515310163,-4.15364009363569
28.5125,-3.51946355955474,-0.0956644515310163,-4.16891945220244
28.515,-3.52965247526116,-0.0956644515310163,-4.15364009363569
28.5175,-3.55512476452721,-0.0956644515310163,-4.15364009363569
28.52,-3.56531368023363,-0.0956644515310163,-4.15873321315794
28.5225,-3.58569151164647,-0.0956644515310163,-4.15364009363569
28.525,-3.60097488520611,-0.0956644515310163,-4.15873321315794
28.5275,-3.62135271661895,-0.0956644515310163,-4.15364009363569
28.53,-3.63154163232537,-0.0905687587252277,-4.15873321315794
28.5325,-3.65701392159142,-0.0956644515310163,-4.15364009363569
28.535,-3.66720283729784,-0.0956644515310163,-4.16382633268019
28.5375,-3.68248621085748,-0.0956644515310163,-4.16382633268019
28.54,-3.6926751265639,-0.0956644515310163,-4.15873321315794
28.5425,-3.70795850012353,-0.0956644515310163,-4.16891945220244
28.545,-3.71814741582995,-0.0956644515310163,-4.15873321315794
28.5475,-3.72833633153637,-0.0956644515310163,-4.16891945220244
28.55,-3.73852524724279,-0.0956644515310163,-4.16891945220244
28.5525,-3.74871416294921,-0.0956644515310163,-4.15873321315794
28.555,-3.75380862080242,-0.0956644515310163,-4.17401257172469
28.5575,-3.76399753650884,-0.0956644515310163,-4.13326761554669
28.56,-3.76399753650884,-0.0956644515310163,-4.17401257172469
28.5625,-3.76399753650884,-0.0956644515310163,-4.16891945220244
28.565,-3.77928091006848,-0.0956644515310163,-4.16891945220244
28.5675,-3.77928091006848,-0.0956644515310163,-4.17401257172469
28.57,-3.76399753650884,-0.0956644515310163,-4.16891945220244
28.5725,-3.78437536792169,-0.0956644515310163,-4.17401257172469
28.575,-3.7894698257749,-0.0956644515310163,-4.17401257172469
28.5775,-3.7894698257749,-0.0956644515310163,-4.16891945220244
28.58,-3.77418645221527,-0.0956644515310163,-4.17401257172469
28.5825,-3.78437536792169,-0.0956644515310163,-4.16382633268019
28.585,-3.78437536792169,-0.0956644515310163,-4.17401257172469
28.5875,-3.77928091006848,-0.0956644515310163,-4.16891945220244
28.59,-3.78437536792169,-0.0956644515310163,-4.17401257172469
28.5925,-3.77928091006848,-0.0956644515310163,-4.19947816933594
28.595,-3.78437536792169,-0.0956644515310163,-4.19947816933594
28.5975,-3.78437536792169,-0.0956644515310163,-4.20966440838044
28.6,-3.79456428362811,-0.0956644515310163,-4.17401257172469
28.6025,-3.78437536792169,-0.0956644515310163,-4.17401257172469
28.605,-3.7894698257749,-0.0956644515310163,-4.16891945220244
28.6075,-3.78437536792169,-0.0956644515310163,-4.16891945220244
28.61,-3.7894698257749,-0.0956644515310163,-4.17910569124694
28.6125,-3.7894698257749,-0.0956644515310163,-4.17401257172469
28.615,-3.7894698257749,-0.0956644515310163,-4.17910569124694
28.6175,-3.7894698257749,-0.0956644515310163,-4.17401257172469
28.62,-3.79965874148132,-0.0956644515310163,-4.16891945220244
28.6225,-3.79456428362811,-0.0956644515310163,-4.17910569124694
28.625,-3.79456428362811,-0.0956644515310163,-4.16891945220244
28.6275,-3.7894698257749,-0.0854730659194392,-4.18419881076919
28.63,-3.7894698257749,-0.0956644515310163,-4.14854697411344
28.6325,-3.7894698257749,-0.0956644515310163,-4.15873321315794
28.635,-3.7894698257749,-0.0956644515310163,-4.18419881076919
28.6375,-3.78437536792169,-0.0956644515310163,-4.17910569124694
28.64,-3.77928091006848,-0.0956644515310163,-4.18419881076919
28.6425,-3.77928091006848,-0.0956644515310163,-4.17401257172469
28.645,-3.76909199436206,-0.0956644515310163,-4.17401257172469
28.6475,-3.76399753650884,-0.0956644515310163,-4.17910569124694
28.65,-3.75380862080242,-0.0956644515310163,-4.16891945220244
28.6525,-3.75890307865563,-0.0956644515310163,-4.20457128885819
28.655,-3.75380862080242,-0.0956644515310163,-4.19438504981369
28.6575,-3.75380862080242,-0.0956644515310163,-4.20966440838044
28.66,-3.743619705096,-0.100760144336805,-4.19947816933594
28.6625,-3.743619705096,-0.0956644515310163,-4.19947816933594
28.665,-3.72833633153637,-0.0956644515310163,-4.20457128885819
28.6675,-3.72324187368316,-0.0956644515310163,-4.19947816933594
28.67,-3.70795850012353,-0.0956644515310163,-4.17910569124694
28.6725,-3.70795850012353,-0.0956644515310163,-4.16891945220244
28.675,-3.69776958441711,-0.0956644515310163,-4.17401257172469
28.6775,-3.70286404227032,-0.0956644515310163,-4.19947816933594
28.68,-3.6926751265639,-0.0956644515310163,-4.13326761554669
28.6825,-3.6926751265639,-0.0956644515310163,-4.19438504981369
28.685,-3.68248621085748,-0.0956644515310163,-4.18929193029144
28.6875,-3.68248621085748,-0.0956644515310163,-4.18929193029144
28.69,-3.67739175300426,-0.0956644515310163,-4.18929193029144
28.6925,-3.67229729515105,-0.0956644515310163,-4.18419881076919
28.695,-3.66210837944463,-0.0956644515310163,-4.18929193029144
28.6975,-3.66210837944463,-0.0956644515310163,-4.20966440838044
28.7,-3.66210837944463,-0.0956644515310163,-4.18929193029144
28.7025,-3.65701392159142,-0.0956644515310163,-4.20966440838044
28.705,-3.65701392159142,-0.0956644515310163,-4.20966440838044
28.7075,-3.65701392159142,-0.0956644515310163,-4.25040936455843
28.71,-3.65701392159142,-0.0956644515310163,-4.18929193029144
28.7125,-3.65701392159142,-0.0956644515310163,-4.19438504981369
28.715,-3.65701392159142,-0.0905687587252277,-4.18929193029144
28.7175,-3.65701392159142,-0.0956644515310163,-4.19947816933594
28.72,-3.66210837944463,-0.0956644515310163,-4.17401257172469
28.7225,-3.66210837944463,-0.0956644515310163,-4.16891945220244
28.725,-3.66720283729784,-0.0956644515310163,-4.17910569124694
28.7275,-3.66720283729784,-0.0956644515310163,-4.16382633268019
28.73,-3.67739175300426,-0.0956644515310163,-4.19438504981369
28.7325,-3.67739175300426,-0.0956644515310163,-4.15873321315794
28.735,-3.71305295797674,-0.0956644515310163,-4.15364009363569
28.7375,-3.67739175300426,-0.0956644515310163,-4.15873321315794
28.74,-3.6926751265639,-0.0956644515310163,-4.14854697411344
28.7425,-3.68758066871069,-0.0956644515310163,-4.14854697411344
28.745,-3.69776958441711,-0.0956644515310163,-4.14345385459119
28.7475,-3.6926751265639,-0.0956644515310163,-4.16891945220244
28.75,-3.69776958441711,-0.0956644515310163,-4.14345385459119
28.7525,-3.6926751265639,-0.0956644515310163,-4.16382633268019
28.755,-3.69776958441711,-0.0956644515310163,-4.16891945220244
28.7575,-3.66720283729784,-0.0956644515310163,-4.16891945220244
28.76,-3.68248621085748,-0.0956644515310163,-4.15873321315794
28.7625,-3.66720283729784,-0.0956644515310163,-4.16891945220244
28.765,-3.66210837944463,-0.0956644515310163,-4.15873321315794
28.7675,-3.646825005885,-0.0956644515310163,-4.14345385459119
28.77,-3.646825005885,-0.0956644515310163,-4.17401257172469
28.7725,-3.63154163232537,-0.0956644515310163,-4.17401257172469
28.775,-3.62135271661895,-0.0956644515310163,-4.17910569124694
28.7775,-3.61625825876574,-0.0956644515310163,-4.17401257172469
28.78,-3.59588042735289,-0.0956644515310163,-4.19947816933594
28.7825,-3.58059705379326,-0.0956644515310163,-4.18929193029144
28.785,-3.57040813808684,-0.0956644515310163,-4.16891945220244
28.7875,-3.56021922238042,-0.0956644515310163,-4.16891945220244
28.79,-3.57550259594005,-0.0956644515310163,-4.16382633268019
28.7925,-3.57040813808684,-0.0956644515310163,-4.17401257172469
28.795,-3.53474693311437,-0.0956644515310163,-4.16891945220244
28.7975,-3.52455801740795,-0.0956644515310163,-4.17401257172469
28.8,-3.48380235458226,-0.0905687587252277,-4.17401257172469
28.8025,-3.47361343887584,-0.0956644515310163,-4.19438504981369
28.805,-3.45833006531621,-0.100760144336805,-4.20457128885819
28.8075,-3.47870789672905,-0.0956644515310163,-4.14854697411344
28.81,-3.43795223390337,-0.0956644515310163,-4.16382633268019
28.8125,-3.43285777605016,-0.0956644515310163,-4.15364009363569
28.815,-3.44814114960979,-0.0956644515310163,-4.15364009363569
28.8175,-3.42266886034373,-0.0956644515310163,-4.15873321315794
28.82,-3.41757440249052,-0.0956644515310163,-4.15364009363569
28.8225,-3.41247994463731,-0.0956644515310163,-4.16382633268019
28.825,-3.4073854867841,-0.100760144336805,-4.15873321315794
28.8275,-3.40229102893089,-0.0905687587252277,-4.15873321315794
28.83,-3.40229102893089,-0.0956644515310163,-4.15873321315794
28.8325,-3.40229102893089,-0.0956644515310163,-4.14854697411344
28.835,-3.39210211322447,-0.0956644515310163,-4.16382633268019
28.8375,-3.41247994463731,-0.0956644515310163,-4.15364009363569
28.84,-3.39719657107768,-0.0956644515310163,-4.15364009363569
28.8425,-3.39210211322447,-0.0956644515310163,-4.17910569124694
28.845,-3.38700765537126,-0.0956644515310163,-4.17401257172469
28.8475,-3.4073854867841,-0.0956644515310163,-4.19438504981369
28.85,-3.41247994463731,-0.0956644515310163,-4.16382633268019
28.8525,-3.39210211322447,-0.0956644515310163,-4.17401257172469
28.855,-3.356440908252,-0.0956644515310163,-4.16891945220244
28.8575,-3.35134645039879,-0.0956644515310163,-4.19438504981369
28.86,-3.35134645039879,-0.0956644515310163,-4.17401257172469
28.8625,-3.41247994463731,-0.0905687587252277,-4.15873321315794
28.865,-3.4073854867841,-0.0905687587252277,-4.17401257172469
28.8675,-3.356440908252,-0.0956644515310163,-4.13836073506894
28.87,-3.36153536610521,-0.0956644515310163,-4.13836073506894
28.8725,-3.34625199254558,-0.0956644515310163,-4.17401257172469
28.875,-3.34625199254558,-0.0956644515310163,-4.16891945220244
28.8775,-3.33606307683915,-0.0905687587252277,-4.17401257172469
28.88,-3.33606307683915,-0.0905687587252277,-4.16382633268019
28.8825,-3.33096861898594,-0.0956644515310163,-4.16891945220244
28.885,-3.35134645039879,-0.0956644515310163,-4.16891945220244
28.8875,-3.34115753469236,-0.0956644515310163,-4.16891945220244
28.89,-3.34625199254558,-0.0956644515310163,-4.21985064742494
28.8925,-3.30549632971989,-0.0956644515310163,-4.20966440838044
28.895,-3.30040187186668,-0.0956644515310163,-4.17401257172469
28.8975,-3.30040187186668,-0.0905687587252277,-4.19947816933594
28.9,-3.29530741401347,-0.0956644515310163,-4.18419881076919
28.9025,-3.26474066689421,-0.0956644515310163,-4.19438504981369
28.905,-3.26474066689421,-0.0956644515310163,-4.18419881076919
28.9075,-3.26474066689421,-0.0956644515310163,-4.19438504981369
28.91,-3.26474066689421,-0.0956644515310163,-4.18929193029144
28.9125,-3.259646209041,-0.0956644515310163,-4.16891945220244
28.915,-3.26474066689421,-0.0956644515310163,-4.19947816933594
28.9175,-3.26474066689421,-0.0956644515310163,-4.19438504981369
28.92,-3.26474066689421,-0.0956644515310163,-4.23003688646944
28.9225,-3.26474066689421,-0.0956644515310163,-4.20457128885819
28.925,-3.26983512474742,-0.0956644515310163,-4.23003688646944
28.9275,-3.27492958260063,-0.0956644515310163,-4.21475752790269
28.93,-3.28002404045384,-0.0956644515310163,-4.20966440838044
28.9325,-3.259646209041,-0.0956644515310163,-4.22494376694719
28.935,-3.28002404045384,-0.0956644515310163,-4.21475752790269
28.9375,-3.29530741401347,-0.100760144336805,-4.19438504981369
28.94,-3.29021295616026,-0.0956644515310163,-4.18929193029144
28.9425,-3.29530741401347,-0.0956644515310163,-4.19438504981369
28.945,-3.30040187186668,-0.0956644515310163,-4.19438504981369
28.9475,-3.3105907875731,-0.0956644515310163,-4.19438504981369
28.95,-3.31568524542631,-0.100760144336805,-4.20966440838044
28.9525,-3.33096861898594,-0.0956644515310163,-4.20966440838044
28.955,-3.33606307683915,-0.0956644515310163,-4.21475752790269
28.9575,-3.35134645039879,-0.0956644515310163,-4.21475752790269
28.96,-3.36153536610521,-0.0956644515310163,-4.21475752790269
28.9625,-3.37681873966484,-0.0956644515310163,-4.21985064742494
28.965,-3.39210211322447,-0.0905687587252277,-4.21475752790269
28.9675,-3.41247994463731,-0.0956644515310163,-4.21985064742494
28.97,-3.41757440249052,-0.0956644515310163,-4.22494376694719
28.9725,-3.43285777605016,-0.0956644515310163,-4.21985064742494
28.975,-3.453235607463,-0.0956644515310163,-4.23513000599169
28.9775,-3.46851898102263,-0.0956644515310163,-4.23003688646944
28.98,-3.49399127028868,-0.0956644515310163,-4.20966440838044
28.9825,-3.5041801859951,-0.0956644515310163,-4.23003688646944
28.985,-3.53474693311437,-0.0956644515310163,-4.23513000599169
28.9875,-3.550030306674,-0.0956644515310163,-4.24022312551393
28.99,-3.56531368023363,-0.0956644515310163,-4.23513000599169
28.9925,-3.57040813808684,-0.0956644515310163,-4.25040936455843
28.995,-3.60097488520611,-0.0956644515310163,-4.24022312551393
28.9975,-3.61116380091253,-0.0905687587252277,-4.24531624503618
29,-3.62135271661895,-0.0956644515310163,-4.24022312551393
29.0025,-3.63154163232537,-0.0956644515310163,-4.23513000599169
29.005,-3.67739175300426,-0.0956644515310163,-4.24022312551393
29.0075,-3.67739175300426,-0.0956644515310163,-4.23513000599169
29.01,-3.66720283729784,-0.0956644515310163,-4.23003688646944
29.0125,-3.67229729515105,-0.0956644515310163,-4.23513000599169
29.015,-3.68758066871069,-0.0956644515310163,-4.23003688646944
29.0175,-3.6926751265639,-0.0956644515310163,-4.24022312551393
29.02,-3.70795850012353,-0.0956644515310163,-4.20457128885819
29.0225,-3.71305295797674,-0.0956644515310163,-4.23513000599169
29.025,-3.73343078938958,-0.0956644515310163,-4.23003688646944
29.0275,-3.74871416294921,-0.0956644515310163,-4.22494376694719
29.03,-3.76399753650884,-0.0956644515310163,-4.23003688646944
29.0325,-3.76909199436206,-0.0956644515310163,-4.25040936455843
29.035,-3.77928091006848,-0.0956644515310163,-4.25040936455843
29.0375,-3.7894698257749,-0.0956644515310163,-4.27078184264743
29.04,-3.79456428362811,-0.0956644515310163,-4.21475752790269
29.0425,-3.79456428362811,-0.0905687587252277,-4.21985064742494
29.045,-3.80475319933453,-0.0956644515310163,-4.20966440838044
29.0475,-3.80984765718774,-0.0956644515310163,-4.25040936455843
29.05,-3.81494211504095,-0.0956644515310163,-4.20966440838044
29.0525,-3.82003657289416,-0.0956644515310163,-4.21475752790269
29.055,-3.80984765718774,-0.0956644515310163,-4.23513000599169
29.0575,-3.82513103074737,-0.0956644515310163,-4.23003688646944
29.06,-3.82513103074737,-0.0905687587252277,-4.20966440838044
29.0625,-3.83022548860058,-0.0956644515310163,-4.21985064742494
29.065,-3.82513103074737,-0.0956644515310163,-4.22494376694719
29.0675,-3.83531994645379,-0.0956644515310163,-4.21985064742494
29.07,-3.82513103074737,-0.0956644515310163,-4.21475752790269
29.0725,-3.85060332001342,-0.0956644515310163,-4.21475752790269
29.075,-3.84550886216021,-0.0956644515310163,-4.19947816933594
29.0775,-3.84550886216021,-0.0956644515310163,-4.20966440838044
29.08,-3.840414404307,-0.0956644515310163,-4.19947816933594
29.0825,-0.101082340050429,-0.0956644515310163,-4.19947816933594
29.085,-3.84550886216021,-0.0905687587252277,-4.20457128885819
29.0875,-3.85569777786664,-0.0956644515310163,-4.19438504981369
29.09,-3.83531994645379,-0.0956644515310163,-4.20457128885819
29.0925,-3.86588669357306,-0.0956644515310163,-4.18419881076919
29.095,-3.87607560927948,-0.0956644515310163,-4.21475752790269
29.0975,-3.85569777786664,-0.100760144336805,-4.21475752790269
29.1,-3.84550886216021,-0.0956644515310163,-4.20966440838044
29.1025,-3.89135898283911,-0.0956644515310163,-4.20966440838044
29.105,-3.86588669357306,-0.0956644515310163,-4.19438504981369
29.1075,-3.8862645249859,-0.0956644515310163,-4.16382633268019
29.11,-3.86079223571985,-0.0956644515310163,-4.16382633268019
29.1125,-3.87607560927948,-0.0956644515310163,-4.14854697411344
29.115,-3.87607560927948,-0.0956644515310163,-4.20457128885819
29.1175,-3.86588669357306,-0.0956644515310163,-4.15873321315794
29.12,-3.86588669357306,-0.0956644515310163,-4.15873321315794
29.1225,-3.80984765718774,-0.0956644515310163,-4.15364009363569
29.125,-3.86588669357306,-0.0956644515310163,-4.14345385459119
29.1275,-3.82513103074737,-0.0956644515310163,-4.14854697411344
29.13,-3.84550886216021,-0.0956644515310163,-4.13836073506894
29.1325,-3.83022548860058,-0.0956644515310163,-4.14854697411344
29.135,-3.79456428362811,-0.0956644515310163,-4.13836073506894
29.1375,-3.80475319933453,-0.0956644515310163,-4.14345385459119
29.14,-3.75380862080242,-0.0956644515310163,-4.12817449602444
29.1425,-3.75380862080242,-0.100760144336805,-4.12817449602444
29.145,-3.77418645221527,-0.0956644515310163,-4.12817449602444
29.1475,-3.73852524724279,-0.0956644515310163,-4.11798825697995
29.15,-3.73343078938958,-0.0956644515310163,-4.12817449602444
29.1525,-3.72324187368316,-0.0956644515310163,-4.12817449602444
29.155,-3.70795850012353,-0.0956644515310163,-4.11798825697995
29.1575,-3.70795850012353,-0.0956644515310163,-4.12308137650219
29.16,-3.70286404227032,-0.0905687587252277,-4.1128951374577
29.1625,-3.69776958441711,-0.0956644515310163,-4.12308137650219
29.165,-3.68248621085748,-0.0956644515310163,-4.1128951374577
29.1675,-3.70286404227032,-0.0956644515310163,-4.1128951374577
29.17,-3.66210837944463,-0.0956644515310163,-4.10780201793545
29.1725,-3.66720283729784,-0.0905687587252277,-4.0925226593687
29.175,-3.66210837944463,-0.0956644515310163,-4.09761577889095
29.1775,-3.66210837944463,-0.0956644515310163,-4.08742953984645
29.18,-3.68248621085748,-0.0956644515310163,-4.09761577889095
29.1825,-3.67739175300426,-0.0956644515310163,-4.08742953984645
29.185,-3.65701392159142,-0.0956644515310163,-4.0925226593687
29.1875,-3.62644717447216,-0.0905687587252277,-4.09761577889095
29.19,-3.62644717447216,-0.0956644515310163,-4.0823364203242
29.1925,-3.62135271661895,-0.0956644515310163,-4.08742953984645
29.195,-3.61116380091253,-0.0956644515310163,-4.11798825697995
29.1975,-3.64173054803179,-0.0956644515310163,-4.11798825697995
29.2,-3.62135271661895,-0.0956644515310163,-4.12308137650219
29.2025,-3.62644717447216,-0.0956644515310163,-4.10780201793545
29.205,-3.60606934305932,-0.0956644515310163,-4.08742953984645
29.2075,-3.59588042735289,-0.0956644515310163,-4.07724330080195
29.21,-3.59078596949968,-0.0905687587252277,-4.08742953984645
29.2125,-3.58569151164647,-0.0956644515310163,-4.08742953984645
29.215,-3.58059705379326,-0.0956644515310163,-4.0925226593687
29.2175,-3.58569151164647,-0.0956644515310163,-4.1027088984132
29.22,-3.57550259594005,-0.0956644515310163,-4.09761577889095
29.2225,-3.57550259594005,-0.0956644515310163,-4.09761577889095
29.225,-3.57550259594005,-0.0905687587252277,-4.12817449602444
29.2275,-3.59078596949968,-0.0905687587252277,-4.10780201793545
29.23,-3.59078596949968,-0.0956644515310163,-4.12308137650219
29.2325,-3.58059705379326,-0.0956644515310163,-4.08742953984645
29.235,-3.58059705379326,-0.0956644515310163,-4.12308137650219
29.2375,-3.54493584882079,-0.0956644515310163,-4.11798825697995
29.24,-3.550030306674,-0.0905687587252277,-4.11798825697995
29.2425,-3.54493584882079,-0.0956644515310163,-4.12817449602444
29.245,-3.57550259594005,-0.0956644515310163,-4.12308137650219
29.2475,-3.54493584882079,-0.0956644515310163,-4.12817449602444
29.25,-3.50927464384831,-0.0956644515310163,-4.12308137650219
29.2525,-3.52965247526116,-0.0956644515310163,-4.09761577889095
29.255,-3.52455801740795,-0.0905687587252277,-4.09761577889095
29.2575,-3.51436910170153,-0.0956644515310163,-4.0925226593687
29.26,-3.52455801740795,-0.0956644515310163,-4.10780201793545
29.2625,-3.52455801740795,-0.0956644515310163,-4.09761577889095
29.265,-3.53474693311437,-0.0956644515310163,-4.1027088984132
29.2675,-3.52455801740795,-0.0956644515310163,-4.1027088984132
29.27,-3.52965247526116,-0.0956644515310163,-4.0925226593687
29.2725,-3.51946355955474,-0.0956644515310163,-4.1027088984132
29.275,-3.53474693311437,-0.0956644515310163,-4.0925226593687
29.2775,-3.53474693311437,-0.0956644515310163,-4.1027088984132
29.28,-3.54493584882079,-0.0956644515310163,-4.1027088984132
29.2825,-3.550030306674,-0.0956644515310163,-4.1027088984132
29.285,-3.56021922238042,-0.0956644515310163,-4.10780201793545
29.2875,-3.56531368023363,-0.0956644515310163,-4.10780201793545
29.29,-3.56021922238042,-0.0956644515310163,-4.1128951374577
29.2925,-3.56531368023363,-0.0905687587252277,-4.11798825697995
29.295,-3.57040813808684,-0.0956644515310163,-4.1128951374577
29.2975,-3.58059705379326,-0.0956644515310163,-4.12817449602444
29.3,-3.58059705379326,-0.0956644515310163,-4.12308137650219
29.3025,-3.59078596949968,-0.0956644515310163,-4.13836073506894
29.305,-3.60097488520611,-0.0956644515310163,-4.1027088984132
29.3075,-3.61116380091253,-0.0956644515310163,-4.11798825697995
29.31,-3.61625825876574,-0.0956644515310163,-4.11798825697995
29.3125,-3.63154163232537,-0.100760144336805,-4.15364009363569
29.315,-3.63154163232537,-0.0956644515310163,-4.13326761554669
29.3175,-3.67229729515105,-0.0956644515310163,-4.12817449602444
29.32,-3.68248621085748,-0.0956644515310163,-4.13836073506894
29.3225,-3.69776958441711,-0.0956644515310163,-4.13326761554669
29.325,-3.66720283729784,-0.0956644515310163,-4.13836073506894
29.3275,-3.68248621085748,-0.0956644515310163,-4.15364009363569
29.33,-3.68248621085748,-0.0956644515310163,-4.14854697411344
29.3325,-3.68248621085748,-0.0956644515310163,-4.15364009363569
29.335,-3.71305295797674,-0.0956644515310163,-4.15364009363569
29.3375,-3.70286404227032,-0.0956644515310163,-4.13836073506894
29.34,-3.71305295797674,-0.0956644515310163,-4.14345385459119
29.3425,-3.72324187368316,-0.0905687587252277,-4.14345385459119
29.345,-3.73343078938958,-0.0956644515310163,-4.17910569124694
29.3475,-3.77928091006848,-0.0956644515310163,-4.14345385459119
29.35,-3.76399753650884,-0.0956644515310163,-4.15364009363569
29.3525,-3.76399753650884,-0.0956644515310163,-4.18929193029144
29.355,-3.77928091006848,-0.0956644515310163,-4.18929193029144
29.3575,-3.80475319933453,-0.0956644515310163,-4.19438504981369
29.36,-3.80475319933453,-0.0956644515310163,-4.18929193029144
29.3625,-3.76909199436206,-0.0956644515310163,-4.19438504981369
29.365,-3.78437536792169,-0.0956644515310163,-4.19438504981369
29.3675,-3.77928091006848,-0.0956644515310163,-4.19438504981369
29.37,-3.7894698257749,-0.0956644515310163,-4.19947816933594
29.3725,-3.78437536792169,-0.0956644515310163,-4.19438504981369
29.375,-3.7894698257749,-0.0956644515310163,-4.19947816933594
29.3775,-3.81494211504095,-0.0905687587252277,-4.19947816933594
29.38,-3.76909199436206,-0.0956644515310163,-4.19947816933594
29.3825,-3.77928091006848,-0.0956644515310163,-4.18419881076919
29.385,-3.77928091006848,-0.0956644515310163,-4.17401257172469
29.3875,-3.79965874148132,-0.0956644515310163,-4.18929193029144
29.39,-3.78437536792169,-0.0956644515310163,-4.17910569124694
29.3925,-3.78437536792169,-0.0956644515310163,-4.15873321315794
29.395,-3.78437536792169,-0.0956644515310163,-4.18929193029144
29.3975,-3.78437536792169,-0.0956644515310163,-4.18419881076919
29.4,-3.75890307865563,-0.0956644515310163,-4.19438504981369
29.4025,-3.75890307865563,-0.0956644515310163,-4.19438504981369
29.405,-3.72833633153637,-0.0956644515310163,-4.18929193029144
29.4075,-3.72833633153637,-0.0956644515310163,-4.19947816933594
29.41,-3.72833633153637,-0.0956644515310163,-4.18929193029144
29.4125,-3.72324187368316,-0.0956644515310163,-4.19947816933594
29.415,-3.743619705096,-0.0956644515310163,-4.19438504981369
29.4175,-3.70286404227032,-0.0956644515310163,-4.19947816933594
29.42,-3.71814741582995,-0.0956644515310163,-4.19947816933594
29.4225,-3.75890307865563,-0.0956644515310163,-4.19438504981369
29.425,-3.67739175300426,-0.0956644515310163,-4.19947816933594
29.4275,-3.67229729515105,-0.0956644515310163,-4.19438504981369
29.43,-3.66210837944463,-0.0956644515310163,-4.20966440838044
29.4325,-3.68248621085748,-0.0956644515310163,-4.19947816933594
29.435,-3.70286404227032,-0.0956644515310163,-4.19947816933594
29.4375,-3.65701392159142,-0.0956644515310163,-4.19947816933594
29.44,-3.66210837944463,-0.0956644515310163,-4.19947816933594
29.4425,-3.6926751265639,-0.0956644515310163,-4.20966440838044
29.445,-3.646825005885,-0.0956644515310163,-4.20457128885819
29.4475,-3.646825005885,-0.0956644515310163,-4.19947816933594
29.45,-3.64173054803179,-0.0956644515310163,-4.20966440838044
29.4525,-3.63154163232537,-0.0956644515310163,-4.16891945220244
29.455,-3.61116380091253,-0.0956644515310163,-4.17910569124694
29.4575,-3.60606934305932,-0.0905687587252277,-4.19438504981369
29.46,-3.61625825876574,-0.0956644515310163,-4.19438504981369
29.4625,-3.61116380091253,-0.0956644515310163,-4.17401257172469
29.465,-3.61625825876574,-0.0956644515310163,-4.19438504981369
29.4675,-3.63663609017858,-0.0956644515310163,-4.19947816933594
29.47,-3.66210837944463,-0.0956644515310163,-4.19438504981369
29.4725,-3.62135271661895,-0.0956644515310163,-4.18929193029144
29.475,-3.63154163232537,-0.0956644515310163,-4.19438504981369
29.4775,-3.63154163232537,-0.0905687587252277,-4.18929193029144
29.48,-3.64173054803179,-0.0956644515310163,-4.18929193029144
29.4825,-3.63663609017858,-0.0956644515310163,-4.18419881076919
29.485,-3.63663609017858,-0.0956644515310163,-4.17910569124694
29.4875,-3.66210837944463,-0.0956644515310163,-4.18419881076919
29.49,-3.65191946373821,-0.0956644515310163,-4.17401257172469
29.4925,-3.65701392159142,-0.0956644515310163,-4.18929193029144
29.495,-3.66720283729784,-0.0956644515310163,-4.17401257172469
29.4975,-3.67739175300426,-0.100760144336805,-4.18419881076919
29.5,-3.68758066871069,-0.0956644515310163,-4.17401257172469
29.5025,-3.72833633153637,-0.0956644515310163,-4.17401257172469
29.505,-3.70795850012353,-0.0956644515310163,-4.17910569124694
29.5075,-3.75380862080242,-0.0956644515310163,-4.16891945220244
29.51,-3.73852524724279,-0.0956644515310163,-4.24531624503618
29.5125,-3.743619705096,-0.0956644515310163,-4.18929193029144
29.515,-3.743619705096,-0.0956644515310163,-4.18419881076919
29.5175,-3.80475319933453,-0.0956644515310163,-4.19438504981369
29.52,-3.80475319933453,-0.0956644515310163,-4.17910569124694
29.5225,-3.7894698257749,-0.0956644515310163,-4.18419881076919
29.525,-3.83531994645379,-0.0956644515310163,-4.18929193029144
29.5275,-3.82513103074737,-0.0956644515310163,-4.18419881076919
29.53,-3.80475319933453,-0.0956644515310163,-4.22494376694719
29.5325,-3.77928091006848,-0.0956644515310163,-4.21475752790269
29.535,-3.79456428362811,-0.0905687587252277,-4.19947816933594
29.5375,-3.82513103074737,-0.0956644515310163,-4.19438504981369
29.54,-3.80475319933453,-0.0905687587252277,-4.20457128885819
29.5425,-3.77418645221527,-0.0956644515310163,-4.17910569124694
29.545,-3.79965874148132,-0.0956644515310163,-4.17401257172469
29.5475,-3.79456428362811,-0.0956644515310163,-4.21475752790269
29.55,-3.82003657289416,-0.0956644515310163,-4.20966440838044
29.5525,-3.79456428362811,-0.0956644515310163,-4.20457128885819
29.555,-3.82513103074737,-0.0956644515310163,-4.25550248408068
29.5575,-3.82003657289416,-0.0956644515310163,-4.22494376694719
29.56,-3.77928091006848,-0.0956644515310163,-4.23003688646944
29.5625,-3.76909199436206,-0.0905687587252277,-4.18929193029144
29.565,-3.76909199436206,-0.0956644515310163,-4.21475752790269
29.5675,-3.75890307865563,-0.0956644515310163,-4.21985064742494
29.57,-3.75890307865563,-0.0956644515310163,-4.20457128885819
29.5725,-3.76399753650884,-0.0956644515310163,-4.18929193029144
29.575,-3.73852524724279,-0.0956644515310163,-4.17401257172469
29.5775,-3.73343078938958,-0.100760144336805,-4.20457128885819
29.58,-3.75380862080242,-0.0956644515310163,-4.25040936455843
29.5825,-3.77418645221527,-0.0956644515310163,-4.21985064742494
29.585,-3.76909199436206,-0.0956644515310163,-4.19438504981369
29.5875,-3.76909199436206,-0.0956644515310163,-4.18929193029144
29.59,-3.743619705096,-0.0905687587252277,-4.18929193029144
29.5925,-3.72324187368316,-0.0956644515310163,-4.19438504981369
29.595,-3.71814741582995,-0.0956644515310163,-4.18419881076919
29.5975,-3.71814741582995,-0.0956644515310163,-4.19438504981369
29.6,-3.73852524724279,-0.0956644515310163,-4.18419881076919
29.6025,-3.72833633153637,-0.0956644515310163,-4.21475752790269
29.605,-3.67229729515105,-0.0956644515310163,-4.21985064742494
29.6075,-3.68758066871069,-0.0956644515310163,-4.24022312551393
29.61,-3.72324187368316,-0.0956644515310163,-4.20457128885819
29.6125,-3.6926751265639,-0.0956644515310163,-4.18929193029144
29.615,-3.66210837944463,-0.0956644515310163,-4.19947816933594
29.6175,-3.66210837944463,-0.0956644515310163,-4.19438504981369
29.62,-3.67229729515105,-0.0956644515310163,-4.19438504981369
29.6225,-3.67229729515105,-0.0956644515310163,-4.19947816933594
29.625,-3.68248621085748,-0.0956644515310163,-4.19438504981369
29.6275,-3.68758066871069,-0.0956644515310163,-4.19947816933594
29.63,-3.6926751265639,-0.0956644515310163,-4.19947816933594
29.6325,-3.69776958441711,-0.0956644515310163,-4.18929193029144
29.635,-3.70795850012353,-0.0956644515310163,-4.19947816933594
29.6375,-3.71305295797674,-0.0956644515310163,-4.18929193029144
29.64,-3.72833633153637,-0.100760144336805,-4.19438504981369
29.6425,-3.72833633153637,-0.0956644515310163,-4.19438504981369
29.645,-3.80475319933453,-0.0956644515310163,-4.18929193029144
29.6475,-3.74871416294921,-0.0956644515310163,-4.19947816933594
29.65,-3.75380862080242,-0.0956644515310163,-4.18929193029144
29.6525,-3.75380862080242,-0.0905687587252277,-4.19438504981369
29.655,-3.743619705096,-0.0956644515310163,-4.19438504981369
29.6575,-3.80984765718774,-0.0956644515310163,-4.19438504981369
29.66,-3.79456428362811,-0.0956644515310163,-4.20457128885819
29.6625,-3.79456428362811,-0.0956644515310163,-4.19947816933594
29.665,-3.80475319933453,-0.0956644515310163,-4.19947816933594
29.6675,-3.80984765718774,-0.0956644515310163,-4.19947816933594
29.67,-3.82003657289416,-0.0956644515310163,-4.19947816933594
29.6725,-3.82003657289416,-0.0956644515310163,-4.20966440838044
29.675,-3.83022548860058,-0.0956644515310163,-4.19947816933594
29.6775,-3.89645344069232,-0.100760144336805,-4.20966440838044
29.68,-3.87607560927948,-0.0956644515310163,-4.23003688646944
29.6825,-3.89135898283911,-0.0956644515310163,-4.22494376694719
29.685,-3.88117006713269,-0.0956644515310163,-4.28606120121418
29.6875,-3.87098115142627,-0.0956644515310163,-4.25040936455843
29.69,-3.89645344069232,-0.0956644515310163,-4.26059560360293
29.6925,-3.92702018781158,-0.0956644515310163,-4.23003688646944
29.695,-3.93720910351801,-0.0956644515310163,-4.22494376694719
29.6975,-3.93211464566479,-0.0956644515310163,-4.23003688646944
29.7,-3.93211464566479,-0.0956644515310163,-4.22494376694719
29.7025,-3.96777585063727,-0.0956644515310163,-4.21985064742494
29.705,-3.95249247707764,-0.0956644515310163,-4.27587496216968
29.7075,-3.97287030849048,-0.100760144336805,-4.25040936455843
29.71,-4.04928717628864,-0.0956644515310163,-4.25040936455843
29.7125,-4.00853151346295,-0.0956644515310163,-4.24022312551393
29.715,-4.01872042916937,-0.0956644515310163,-4.25040936455843
29.7175,-4.09004283911432,-0.0905687587252277,-4.24022312551393
29.72,-4.03400380272901,-0.0956644515310163,-4.24531624503618
29.7225,-4.06457054984827,-0.0956644515310163,-4.21985064742494
29.725,-4.07475946555469,-0.0956644515310163,-4.24531624503618
29.7275,-4.07475946555469,-0.0956644515310163,-4.25040936455843
29.73,-4.08494838126111,-0.0956644515310163,-4.24531624503618
29.7325,-4.11042067052716,-0.0956644515310163,-4.24022312551393
29.735,-4.10023175482074,-0.0956644515310163,-4.24022312551393
29.7375,-4.10532621267395,-0.0956644515310163,-4.23513000599169
29.74,-4.11042067052716,-0.0956644515310163,-4.25040936455843
29.7425,-4.16136524905927,-0.0956644515310163,-4.24022312551393
29.745,-4.14608187549964,-0.0956644515310163,-4.24531624503618
29.7475,-4.14098741764643,-0.0956644515310163,-4.24531624503618
29.75,-4.15117633335285,-0.0956644515310163,-4.24022312551393
29.7525,-4.14098741764643,-0.0905687587252277,-4.24531624503618
29.755,-4.15627079120606,-0.0956644515310163,-4.24022312551393
29.7575,-4.15627079120606,-0.0956644515310163,-4.24022312551393
29.76,-4.19193199617853,-0.0956644515310163,-4.25040936455843
29.7625,-4.18683753832532,-0.0956644515310163,-4.20966440838044
29.765,-4.19193199617853,-0.0956644515310163,-4.21985064742494
29.7675,-4.15117633335285,-0.0956644515310163,-4.23513000599169
29.77,-4.18174308047211,-0.0956644515310163,-4.23003688646944
29.7725,-4.17155416476569,-0.0956644515310163,-4.21475752790269
29.775,-4.14608187549964,-0.0956644515310163,-4.20457128885819
29.7775,-4.13589295979322,-0.0956644515310163,-4.21475752790269
29.78,-4.16645970691248,-0.0956644515310163,-4.23003688646944
29.7825,-4.13589295979322,-0.0956644515310163,-4.20966440838044
29.785,-4.20721536973817,-0.0956644515310163,-4.22494376694719
29.7875,-4.20212091188496,-0.0956644515310163,-4.22494376694719
29.79,-4.1766486226189,-0.0956644515310163,-4.23003688646944
29.7925,-4.18174308047211,-0.0956644515310163,-4.19438504981369
29.795,-4.10023175482074,-0.0956644515310163,-4.22494376694719
29.7975,-4.10532621267395,-0.0956644515310163,-4.21985064742494
29.8,-4.09513729696753,-0.0854730659194392,-4.21475752790269
29.8025,-4.10023175482074,-0.0956644515310163,-4.19438504981369
29.805,-4.20212091188496,-0.0956644515310163,-4.20966440838044
29.8075,-4.03400380272901,-0.0956644515310163,-4.21985064742494
29.81,-4.15117633335285,-0.0956644515310163,-4.19947816933594
29.8125,-4.13079850194001,-0.0956644515310163,-4.20457128885819
29.815,-4.11551512838038,-0.0956644515310163,-4.20457128885819
29.8175,-4.01872042916937,-0.0956644515310163,-4.19438504981369
29.82,-4.00853151346295,-0.0854730659194392,-4.23003688646944
29.8225,-4.01872042916937,-0.0956644515310163,-4.18929193029144
29.825,-3.99834259775653,-0.0956644515310163,-4.23003688646944
29.8275,-3.99324813990332,-0.0956644515310163,-4.22494376694719
29.83,-3.99324813990332,-0.0956644515310163,-4.21985064742494
29.8325,-3.9830592241969,-0.100760144336805,-4.19438504981369
29.835,-3.9830592241969,-0.0956644515310163,-4.18929193029144
29.8375,-3.97796476634369,-0.0956644515310163,-4.19438504981369
29.84,-3.97287030849048,-0.0956644515310163,-4.20966440838044
29.8425,-3.96777585063727,-0.0956644515310163,-4.19947816933594
29.845,-3.96777585063727,-0.0956644515310163,-4.19947816933594
29.8475,-3.97287030849048,-0.0956644515310163,-4.18929193029144
29.85,-3.9830592241969,-0.0956644515310163,-4.18929193029144
29.8525,-3.94230356137122,-0.0905687587252277,-4.17910569124694
29.855,-3.94230356137122,-0.0956644515310163,-4.15873321315794
29.8575,-3.93211464566479,-0.0956644515310163,-4.17401257172469
29.86,-3.92702018781158,-0.0956644515310163,-4.16891945220244
29.8625,-3.91683127210516,-0.0956644515310163,-4.17401257172469
29.865,-3.89135898283911,-0.0956644515310163,-4.15873321315794
29.8675,-3.87607560927948,-0.0905687587252277,-4.16891945220244
29.87,-3.90664235639874,-0.0956644515310163,-4.15873321315794
29.8725,-3.89135898283911,-0.100760144336805,-4.15364009363569
29.875,-3.87098115142627,-0.0956644515310163,-4.15364009363569
29.8775,-3.86079223571985,-0.0956644515310163,-4.14345385459119
29.88,-3.88117006713269,-0.0956644515310163,-4.14854697411344
29.8825,-3.87098115142627,-0.0956644515310163,-4.14345385459119
29.885,-3.85060332001342,-0.0905687587252277,-4.13326761554669
29.8875,-3.85569777786664,-0.0956644515310163,-4.14345385459119
29.89,-3.86588669357306,-0.0956644515310163,-4.12817449602444
29.8925,-3.84550886216021,-0.100760144336805,-4.14345385459119
29.895,-3.84550886216021,-0.0956644515310163,-4.13326761554669
29.8975,-3.81494211504095,-0.0905687587252277,-4.13326761554669
29.9,-3.83531994645379,-0.0956644515310163,-4.13326761554669
29.9025,-3.83531994645379,-0.0905687587252277,-4.12817449602444
29.905,-3.83022548860058,-0.0956644515310163,-4.13326761554669
29.9075,-3.83022548860058,-0.0956644515310163,-4.12817449602444
29.91,-3.82513103074737,-0.0956644515310163,-4.15873321315794
29.9125,-3.78437536792169,-0.0956644515310163,-4.15873321315794
29.915,-3.77418645221527,-0.0956644515310163,-4.15364009363569
29.9175,-3.76909199436206,-0.0956644515310163,-4.16891945220244
29.92,-3.76909199436206,-0.0956644515310163,-4.15873321315794
29.9225,-3.75890307865563,-0.0956644515310163,-4.16382633268019
29.925,-3.76399753650884,-0.0956644515310163,-4.15873321315794
29.9275,-3.7894698257749,-0.0956644515310163,-4.15364009363569
29.93,-3.77928091006848,-0.0956644515310163,-4.17910569124694
29.9325,-3.74871416294921,-0.0956644515310163,-4.13836073506894
29.935,-3.743619705096,-0.0956644515310163,-4.14854697411344
29.9375,-3.74871416294921,-0.0956644515310163,-4.13836073506894
29.94,-3.73852524724279,-0.0956644515310163,-4.14345385459119
29.9425,-3.71305295797674,-0.0956644515310163,-4.14854697411344
29.945,-3.70795850012353,-0.0905687587252277,-4.14345385459119
29.9475,-3.73343078938958,-0.0956644515310163,-4.17401257172469
29.95,-3.75380862080242,-0.0956644515310163,-4.16382633268019
29.9525,-3.76399753650884,-0.0956644515310163,-4.14345385459119
29.955,-3.72324187368316,-0.0956644515310163,-4.14854697411344
29.9575,-3.72833633153637,-0.0956644515310163,-4.13836073506894
29.96,-3.73343078938958,-0.0956644515310163,-4.14854697411344
29.9625,-3.73343078938958,-0.0956644515310163,-4.13326761554669
29.965,-3.73343078938958,-0.0956644515310163,-4.11798825697995
29.9675,-3.73343078938958,-0.0956644515310163,-4.13836073506894
29.97,-3.73852524724279,-0.0956644515310163,-4.14345385459119
29.9725,-3.73343078938958,-0.0956644515310163,-4.11798825697995
29.975,-3.743619705096,-0.0956644515310163,-4.13836073506894
29.9775,-3.743619705096,-0.100760144336805,-4.14854697411344
29.98,-3.74871416294921,-0.0956644515310163,-4.14345385459119
29.9825,-3.743619705096,-0.0956644515310163,-4.14854697411344
29.985,-3.74871416294921,-0.0905687587252277,-4.15364009363569
29.9875,-3.74871416294921,-0.0956644515310163,-4.14854697411344
29.99,-3.75380862080242,-0.0956644515310163,-4.15364009363569
29.9925,-3.75380862080242,-0.0956644515310163,-4.12817449602444
29.995,-3.75890307865563,-0.0956644515310163,-4.15364009363569
29.9975,-3.75890307865563,-0.0956644515310163,-4.15873321315794
