     145 00100011  -0.0145   0.2598  -0.0198  -0.0207    81   113    71   102    4.2    5.5    3.8    6.0    57    67    49    73
     146 00100011  -0.0424   0.2613  -0.0270  -0.0294    74   111    89   110    3.4    5.3    5.7    6.7    46    69    61    76
     147 00100011  -0.0373   0.2631  -0.0237  -0.0335    70   105    65    96    2.9    4.9    3.0    5.5    52    68    47    62
     148 00100011  -0.0232   0.2611  -0.0407  -0.0395    74   111    75    93    3.4    5.3    4.2    5.2    42    67    46    64
     149 00100011  -0.0189   0.2822  -0.0272  -0.0309    69    97    65    79    2.8    4.2    3.0    3.8    39    53    30    52
     150 00100011  -0.0191   0.2537  -0.0074  -0.0116    78   109    65    95    3.9    5.2    3.0    5.4    58    67    43    66
     151 00100011  -0.0106   0.2439  -0.0220  -0.0204   104   143    74   129    6.4    7.5    4.1    8.1    70    77    48    81
     152 00100011   0.0235   0.2933  -0.0215  -0.0180    82   118    55    95    4.3    5.9    1.6    5.4    50    60    16    57
     153 00100011  -0.0195   0.2734  -0.0228  -0.0285   103   135    73   125    6.3    7.0    4.0    7.8    62    72    40    70
     154 00100011  -0.0361   0.3141  -0.0332  -0.0391    84   123    71   100    4.5    6.2    3.8    5.8    58    70    43    73
     155 00100011  -0.0015   0.2593  -0.0148  -0.0203    86   114    62    97    4.7    5.6    2.6    5.6    36    36    27    49
     156 00100011   0.0011   0.2745   0.0387   0.0429    97   124    78   115    5.8    6.3    4.6    7.1    65    71    35    67
     157 00100011  -0.0319   0.2680   0.0501   0.0401    89   116    78   107    5.0    5.7    4.6    6.4    57    66    55    69
     158 00100011  -0.0261   0.2811   0.0331   0.0306    89   121    64   108    5.0    6.1    2.9    6.5    61    76    31    74
     159 00100011  -0.0439   0.2934  -0.0205   0.0033    65    99    55    80    2.3    4.3    1.6    3.9    24    45    10    44
     160 00100011   0.0374   0.2521   0.0208   0.0163    97   117    91   114    5.8    5.8    5.9    7.0    62    66    63    76
     161 00100011   0.0107   0.2626   0.0235   0.0123    63    93    50    78    2.0    3.8    0.7    3.7    40    49    16    42
     162 00100011   0.0322   0.3204   0.0181   0.0034    51    81    48    63    0.2    2.6    0.4    1.8    11    35     4    24
     163 00100011   0.0213   0.2886   0.0135   0.0072    74   107    68   108    3.4    5.0    3.4    6.5    48    60    40    65
     164 00100011   0.0505   0.2960   0.0033   0.0022    94   125    83   105    5.5    6.4    5.1    6.3    64    74    55    73
     165 00100011   0.0018   0.3167   0.0132  -0.0023    62    81    61    76    1.9    2.6    2.5    3.5    32    33    34    36
     166 00100011  -0.0424   0.3215   0.0211  -0.0010    65    87    61    78    2.3    3.2    2.5    3.7    21    45    19    49
     167 00100011  -0.0015   0.3280  -0.0113  -0.0150    85   112    79   104    4.6    5.4    4.7    6.2    57    70    55    63
     168 00100011  -0.0445   0.2936   0.0144   0.0115    64    97    66    95    2.1    4.2    3.1    5.4    41    48    42    69
     169 00100011  -0.0072   0.2996   0.0162   0.0194    86   121    64    97    4.7    6.1    2.9    5.6    63    71    40    69
     170 00100011   0.0017   0.3214  -0.0406  -0.0387    83   104    64    90    4.4    4.8    2.9    4.9    65    65    39    71
     171 00100011   0.0196   0.3107  -0.0308  -0.0303    83   126    80   110    4.4    6.4    4.8    6.7    44    70    41    68
     172 00100011  -0.0232   0.2836   0.0187   0.0134    77   112    67    96    3.8    5.4    3.3    5.5    46    60    45    64
     173 00100011  -0.0204   0.2787   0.0220   0.0189    69    98    76    99    2.8    4.3    4.4    5.8    31    59    47    62
     174 00100011  -0.0164   0.3112   0.0086   0.0031    82   128    74   110    4.3    6.6    4.1    6.7    42    66    47    59
     175 00100011   0.0021   0.3145   0.0018   0.0006    97   124    87   108    5.8    6.3    5.5    6.5    65    68    64    72
     176 00100011   0.0334   0.3251   0.0271   0.0137    75   125    73   108    3.5    6.4    4.0    6.5    47    67    39    64
     177 00100011  -0.0129   0.2978  -0.0045  -0.0086    73   105    77   101    3.3    4.9    4.5    5.9    42    58    53    71
     178 00100011  -0.0141   0.2905  -0.0053  -0.0143    68    94    58    68    2.7    3.9    2.0    2.5    30    39    14    33
     179 00100011  -0.0058   0.2685   0.0042   0.0008    88   127    69   106    4.9    6.5    3.5    6.4    61    74    35    74
     180 00100011   0.0206   0.2781   0.0373   0.0440    78   110    75   102    3.9    5.3    4.2    6.0    47    53    56    68
     181 00100011  -0.0574   0.2877   0.0513   0.0421    71   103    61    88    3.0    4.7    2.5    4.7    41    64    20    57
     182 00100011  -0.0494   0.2764   0.0363   0.0299    65   100    69    91    2.3    4.4    3.5    5.0    22    57    43    63
     183 00100011  -0.0593   0.2795   0.0159   0.0184    76    94    75    92    3.6    3.9    4.2    5.1    45    43    53    65
     184 00100011  -0.0451   0.2741   0.0252   0.0202    89   130    72   112    5.0    6.7    3.9    6.8    64    76    44    75
     185 00100011  -0.0155   0.2753   0.0087   0.0066    75   114    65    97    3.5    5.6    3.0    5.6    46    69    34    67
     186 00100011  -0.0365   0.2352  -0.0043  -0.0135    82   131    61   112    4.3    6.8    2.5    6.8    47    66    26    70
     187 00100011  -0.0421   0.2408   0.0362   0.0279    73   103    65   104    3.3    4.7    3.0    6.2    45    61    44    69
     188 00100011  -0.0451   0.2464   0.0275   0.0250    61   103    55    66    1.7    4.7    1.6    2.2    29    52    23    33
     189 00100011  -0.0163   0.2716  -0.0073  -0.0080    97   125    70   126    5.8    6.4    3.6    7.9    65    77    42    81
     190 00100011  -0.0395   0.2771  -0.0038  -0.0162    77   104    83   101    3.8    4.8    5.1    5.9    40    66    65    63
     191 00100011  -0.0620   0.2962  -0.0387  -0.0189    66   107    56    90    2.4    5.0    1.7    4.9    39    53    26    63
     192 00100011  -0.0572   0.2437  -0.0331  -0.0403    77   115    76   107    3.8    5.7    4.4    6.4    52    62    51    73
     193 00100011  -0.0525   0.2374  -0.0241  -0.0271    88   134    77   131    4.9    7.0    4.5    8.2    60    80    46    86
     194 00100011  -0.0208   0.2437  -0.0457  -0.0486    86   131   101   129    4.7    6.8    6.8    8.1    53    64    63    75
     195 00100011  -0.0107   0.2774  -0.0024  -0.0139    90   127    85   108    5.1    6.5    5.3    6.5    58    71    59    72
     196 00100011  -0.0150   0.3053   0.0033  -0.0009    77   114    80   105    3.8    5.6    4.8    6.3    45    70    54    75
     197 00100011  -0.0184   0.3150   0.0066  -0.0022    83   128    80   118    4.4    6.6    4.8    7.3    55    73    53    79
     198 00100011  -0.0111   0.2991   0.0154   0.0071    77   110    68    95    3.8    5.3    3.4    5.4    53    65    42    66
     199 00100011  -0.0064   0.3272   0.0135   0.0227    62    87    54    66    1.9    3.2    1.4    2.2    20    40     9    31
     200 00100011   0.0035   0.3009   0.0186   0.0191    71    91    59    74    3.0    3.6    2.2    3.2    46    46    29    48
     201 00100011  -0.0096   0.3070   0.0020   0.0007    93   130    79   120    5.4    6.7    4.7    7.4    66    74    56    80
     202 00100011  -0.0059   0.2994   0.0038  -0.0012    88   109    73    98    4.9    5.2    4.0    5.7    58    54    49    63
     203 00100011   0.0059   0.2902  -0.0142  -0.0105    74   124    62   103    3.4    6.3    2.6    6.1    47    75    38    68
     204 00100011  -0.0295   0.3084  -0.0068  -0.0177    71    93    69    89    3.0    3.8    3.5    4.8    44    64    41    63
     205 00100011  -0.0186   0.3085   0.0088  -0.0029    56    75    63    70    1.0    1.9    2.7    2.8    18    23    36    31
     206 00100011  -0.0258   0.2928   0.0032   0.0012    87   125    74   101    4.8    6.4    4.1    5.9    60    75    44    69
     207 00100011  -0.0022   0.3162   0.0176   0.0066    70    94    67    83    2.9    3.9    3.3    4.2    43    59    44    57
     208 00100011  -0.0086   0.3030   0.0081  -0.0007    78   110    73   100    3.9    5.3    4.0    5.8    47    65    49    71
     209 00100011   0.1002   0.3196  -0.0107   0.0068    64    90    52    71    2.1    3.5    1.1    2.9    29    43     9    42
     210 00100011  -0.0596   0.2954   0.0493   0.0053    60    89    51    76    1.6    3.4    0.9    3.5    24    56    10    40
     211 00100011   0.0010   0.2689   0.0055   0.0000    68   101    62   105    2.7    4.5    2.6    6.3    46    62    32    66
     212 00100011  -0.0165   0.2773   0.0035   0.0013    97   135    76   115    5.8    7.0    4.4    7.1    70    84    49    78
     213 00100011  -0.0321   0.2645   0.0123   0.0066    92   138    78   109    5.3    7.2    4.6    6.6    60    76    52    78
     214 00100011   0.0114   0.2792   0.0055   0.0216    65    87    59    82    2.3    3.2    2.2    4.1    45    46    28    57
     215 00100011   0.0057   0.2614   0.0149   0.0258    60    94    51    76    1.6    3.9    0.9    3.5    23    50    18    47
     216 00100011  -0.0061   0.2967   0.0214   0.0161    91   123    71   100    5.2    6.2    3.8    5.8    61    69    50    66
     217 00100011  -0.0052   0.2967   0.0228   0.0195    87   123    83   116    4.8    6.2    5.1    7.1    59    72    59    80
     218 00100011   0.0093   0.2740   0.0268   0.0215    97   129   100   128    5.8    6.6    6.7    8.0    68    77    69    80
     219 00100011  -0.0103   0.3019   0.0367   0.0272   106   141    87   124    6.5    7.4    5.5    7.7    66    82    60    77
     220 00100011   0.0100   0.2881   0.0228   0.0327    57    96    48    72    1.1    4.1    0.4    3.0    27    49    22    39
     221 00100011  -0.0148   0.2548   0.0371   0.0289    74   111    72    95    3.4    5.3    3.9    5.4    52    64    53    60
     222 00100011  -0.0579   0.2827   0.0397   0.0234    84   108    61   100    4.5    5.1    2.5    5.8    52    67    22    66
     223 00100011  -0.0437   0.2767   0.0297   0.0285    88   129    66   110    4.9    6.6    3.1    6.7    60    78    32    77
     224 00100011  -0.0605   0.3006   0.0144   0.0176    69   106    63    81    2.8    4.9    2.7    4.0    34    58    37    53
     225 00100011  -0.0518   0.2796  -0.0070  -0.0109    80   118    90   112    4.1    5.9    5.8    6.8    51    75    59    79
     226 00100011  -0.0284   0.2705  -0.0055  -0.0076    74    99    74   105    3.4    4.3    4.1    6.3    43    56    42    70
     227 00100011  -0.0159   0.2938  -0.0007  -0.0097    56    85    57    65    1.0    3.0    1.9    2.1    11    41    22    19
     228 00100011  -0.0051   0.2889  -0.0053  -0.0139    64    93    62    84    2.1    3.8    2.6    4.3    24    54    30    57
     229 00100011  -0.0433   0.2734  -0.0106  -0.0137    65    96    72    86    2.3    4.1    3.9    4.5    32    59    51    57
     230 00100011  -0.0423   0.2766  -0.0230  -0.0249    72    97    74    86    3.2    4.2    4.1    4.5    49    62    53    63
     231 00100011   0.0080   0.2453  -0.0147  -0.0078    68   116    55    93    2.7    5.7    1.6    5.2    32    59    13    60
     232 00100011  -0.0236   0.2541   0.0018  -0.0007    76   121    74   100    3.6    6.1    4.1    5.8    53    71    45    74
     233 00100011  -0.0545   0.2929   0.0165  -0.0025    60    86    67    78    1.6    3.1    3.3    3.7    12    43    32    49
     234 00100011   0.0512   0.2714  -0.0271  -0.0049    71    94    52    83    3.0    3.9    1.1    4.2    42    49    10    59
     235 00100011  -0.0179   0.2509   0.0050   0.0057    86   131    60   111    4.7    6.8    2.3    6.8    57    77    29    67
     236 00100011  -0.0411   0.2743  -0.0129  -0.0179    95   129    82   112    5.6    6.6    5.0    6.8    62    73    44    76
     237 00100011  -0.0143   0.2853  -0.0328  -0.0301    66    92    57    77    2.4    3.7    1.9    3.6    38    45    26    50
     238 00100011   0.0193   0.3381  -0.0281  -0.0255    83   106    67   109    4.4    4.9    3.3    6.6    59    63    40    71
     239 00100011  -0.0188   0.3276  -0.0130  -0.0188    66    90    59    81    2.4    3.5    2.2    4.0    40    44    34    57
     240 00100011   0.0128   0.3330  -0.0225  -0.0067    72   101    55    91    3.2    4.5    1.6    5.0    45    62     9    65
     241 00100011  -0.0544   0.3140  -0.0014  -0.0020    78   111    74   103    3.9    5.3    4.1    6.1    51    64    52    74
     242 00100011  -0.0624   0.3164  -0.0083  -0.0078    62   108    78    91    1.9    5.1    4.6    5.0    24    60    50    65
     243 00100011  -0.0358   0.3008  -0.0163  -0.0141    62    94    68    78    1.9    3.9    3.4    3.7    30    54    42    46
     244 00100011  -0.0015   0.3099  -0.0195  -0.0128    79   117    60    98    4.0    5.8    2.3    5.7    57    69    28    66
     245 00100011  -0.0687   0.3103   0.0014  -0.0068    54    77    67    65    0.7    2.2    3.3    2.1    10    28    42    30
     246 00100011  -0.0096   0.3010  -0.0210  -0.0326    60   106    54    91    1.6    4.9    1.4    5.0    23    52    19    53
     247 00100011  -0.0138   0.2865  -0.0198  -0.0253    97   132    85   115    5.8    6.8    5.3    7.1    60    72    56    72
     248 00100011  -0.0360   0.3025  -0.0313  -0.0393   106   125    86   128    6.5    6.4    5.4    8.0    67    78    53    77
     249 00100011  -0.0883   0.3539  -0.0126  -0.0110    58    84    57    75    1.3    2.9    1.9    3.3    15    43    22    39
     250 00100011  -0.0588   0.3136  -0.0038  -0.0090    69   103    64    93    2.8    4.7    2.9    5.2    34    57    37    66
     251 00100011  -0.0434   0.3111  -0.0130  -0.0092    78   118    61    96    3.9    5.9    2.5    5.5    61    67    42    61
     252 00100011  -0.0577   0.3090  -0.0059  -0.0089    96   135    90   128    5.7    7.0    5.8    8.0    56    79    50    83
     253 00100011  -0.0597   0.3253   0.0108   0.0066    86   131    76   125    4.7    6.8    4.4    7.8    53    72    45    76
     254 00100011  -0.0454   0.3232  -0.0018  -0.0024    62    86    65    85    1.9    3.1    3.0    4.4    28    37    35    48
     255 00100011  -0.0349   0.3347  -0.0075  -0.0140   103   132   108   125    6.3    6.8    7.4    7.8    64    82    67    80
     256 00100011  -0.0591   0.3418   0.0031  -0.0145    77   107    74    96    3.8    5.0    4.1    5.5    45    65    45    59
     257 00100011  -0.0307   0.3241  -0.0037  -0.0090    57    95    56    79    1.1    4.0    1.7    3.8    20    53    22    50
     258 00100011  -0.0187   0.3374  -0.0091  -0.0149    82   119    70   109    4.3    5.9    3.6    6.6    57    70    41    69
     259 00100011   0.0170   0.3028  -0.0215  -0.0220    87   130    78   101    4.8    6.7    4.6    5.9    59    75    49    66
     260 00100011  -0.0394   0.3069   0.0085   0.0045    71    90    67    82    3.0    3.5    3.3    4.1    53    42    49    52
     261 00100011  -0.0303   0.3122  -0.0132   0.0076    54    85    54    69    0.7    3.0    1.4    2.6    19    40    20    41
     262 00100011  -0.0422   0.3233   0.0088   0.0042    77   110    64   108    3.8    5.3    2.9    6.5    42    68    21    71
     263 00100011  -0.0421   0.3079   0.0320   0.0246   103   134    73   109    6.3    7.0    4.0    6.6    71    83    42    69
     264 00100011  -0.0282   0.3098   0.0153   0.0150    79   106    58    91    4.0    4.9    2.0    5.0    59    61    26    68
     265 00100011  -0.0492   0.3198  -0.0174  -0.0253    68   106    67    86    2.7    4.9    3.3    4.5    32    54    40    52
     266 00100011  -0.0496   0.3156  -0.0333  -0.0287    84   111    96   109    4.5    5.3    6.4    6.6    49    59    67    66
     267 00100011  -0.0178   0.2907  -0.0485  -0.0490   107   142    85   131    6.6    7.5    5.3    8.2    75    86    63    84
     268 00100011  -0.0023   0.2813  -0.0395  -0.0452    79   126    69   109    4.0    6.4    3.5    6.6    44    75    40    71
     269 00100011  -0.0185   0.2709  -0.0130  -0.0108    76   106    95    99    3.6    4.9    6.3    5.8    42    59    66    74
     270 00100011  -0.0181   0.2863  -0.0063  -0.0076    72    98    60    92    3.2    4.3    2.3    5.1    50    58    29    63
     271 00100011  -0.0475   0.3051  -0.0064  -0.0096    95   140    71   135    5.6    7.4    3.8    8.5    60    78    40    84
     272 00100011  -0.0307   0.3224   0.0083   0.0060   107   134    70   120    6.6    7.0    3.6    7.4    75    80    36    80
     273 00100011  -0.0102   0.3056  -0.0018  -0.0039    76   116    66    96    3.6    5.7    3.1    5.5    49    64    40    65
     274 00100011   0.0050   0.2888  -0.0117  -0.0142    78   120    59   108    3.9    6.0    2.2    6.5    54    76    31    71
     275 00100011  -0.0137   0.2719  -0.0143  -0.0114    67    90    57    84    2.5    3.5    1.9    4.3    40    49    23    56
     276 00100011   0.0073   0.2910  -0.0180  -0.0223    71   105    73    94    3.0    4.9    4.0    5.3    36    56    52    66
     277 00100011   0.0088   0.2717  -0.0233  -0.0271    67   118    66    84    2.5    5.9    3.1    4.3    42    64    51    59
     278 00100011   0.0252   0.2877   0.0011  -0.0026    85   117    83   111    4.6    5.8    5.1    6.8    60    70    57    75
     279 00100011   0.0114   0.3092  -0.0051  -0.0127    94   131    86   115    5.5    6.8    5.4    7.1    60    77    48    76
     280 00100011  -0.0060   0.3046  -0.0145  -0.0148    74   101    59    76    3.4    4.5    2.2    3.5    52    53    32    43
     281 00100011   0.0117   0.3384  -0.0020  -0.0072    74   104    73    84    3.4    4.8    4.0    4.3    43    61    43    53
     282 00100011   0.0258   0.3594   0.0152   0.0072    75   105    62    85    3.5    4.9    2.6    4.4    40    57    22    49
     283 00100011   0.0088   0.3316   0.0071   0.0089    97   127    96   114    5.8    6.5    6.4    7.0    60    74    64    76
     284 00100011   0.0443   0.3326   0.0056  -0.0055    52    82    54    61    0.3    2.7    1.4    1.6    10    37    24    17
     285 00100011   0.0210   0.3139  -0.0126  -0.0248    89   119    89   108    5.0    5.9    5.7    6.5    60    67    64    74
     286 00100011  -0.0073   0.2864  -0.0269  -0.0335    84   112    84   103    4.5    5.4    5.2    6.1    62    70    67    73
     287 00100011  -0.0266   0.2746  -0.0293  -0.0334    64   101    58    92    2.1    4.5    2.0    5.1    28    57    27    63
     288 00100011  -0.0067   0.2574   0.0009  -0.0071    67    98    54    76    2.5    4.3    1.4    3.5    41    52    31    46
     289 00100011  -0.0034   0.2902  -0.0158  -0.0213    85   115    57   100    4.6    5.7    1.9    5.8    55    70    18    65
     290 00100011  -0.0284   0.2962  -0.0137  -0.0205    88   122    93   110    4.9    6.2    6.1    6.7    56    69    60    72
     291 00100011  -0.0217   0.3078  -0.0163  -0.0248    93   119    64   109    5.4    5.9    2.9    6.6    52    67    35    68
     292 00100011  -0.0376   0.3299   0.0014  -0.0180    61    88    59    74    1.7    3.3    2.2    3.2    33    47    30    36
     293 00100011  -0.0164   0.2851  -0.0125  -0.0254    68   105    56    90    2.7    4.9    1.7    4.9    46    65    29    53
     294 00100011  -0.0433   0.2650  -0.0189  -0.0200    68    98    53    77    2.7    4.3    1.2    3.6    41    56    16    42
     295 00100011  -0.0477   0.2415  -0.0217  -0.0250    70    93    80    94    2.9    3.8    4.8    5.3    38    52    61    60
     296 00100011  -0.0373   0.2346  -0.0129  -0.0134    82   115    81   117    4.3    5.7    4.9    7.2    52    67    58    79
     297 00100011  -0.0391   0.2460  -0.0085  -0.0102    75   110    65   101    3.5    5.3    3.0    5.9    50    64    38    70
     298 00100011  -0.0587   0.2357  -0.0062  -0.0077    55    81    62    74    0.8    2.6    2.6    3.2    17    36    46    49
     299 00100011  -0.0150   0.2448   0.0089   0.0048    75    96    65   101    3.5    4.1    3.0    5.9    41    57    35    63
     300 00100011  -0.0370   0.2487   0.0260   0.0210    70   107    60    93    2.9    5.0    2.3    5.2    40    58    26    65
     301 00100011  -0.0631   0.2422   0.0102   0.0017    88   117    64   105    4.9    5.8    2.9    6.3    59    69    28    76
     302 00100011  -0.0592   0.2423   0.0143   0.0097    94   121    81   114    5.5    6.1    4.9    7.0    64    74    54    77
     303 00100011  -0.0568   0.2591   0.0207   0.0096    87   116    70   105    4.8    5.7    3.6    6.3    56    71    33    70
     304 00100011  -0.0371   0.2489   0.0024   0.0033    87   112    74   111    4.8    5.4    4.1    6.8    51    60    40    73
     305 00100011  -0.0179   0.2453  -0.0132  -0.0154    94   132    75   128    5.5    6.8    4.2    8.0    67    76    53    82
     306 00100011  -0.0026   0.2547  -0.0071  -0.0088    84   135    75   121    4.5    7.0    4.2    7.5    57    79    48    79
     307 00100011  -0.0231   0.2400   0.0060   0.0011    62    95    62    83    1.9    4.0    2.6    4.2    40    51    43    61
     308 00100011  -0.0473   0.2441   0.0095  -0.0028    59    99    58    86    1.4    4.3    2.0    4.5    26    62    27    56
     309 00100011  -0.0344   0.2582  -0.0034  -0.0009    67   102    81   100    2.5    4.6    4.9    5.8    40    53    57    74
     310 00100011  -0.0583   0.2710   0.0148  -0.0029    62   103    51    86    1.9    4.7    0.9    4.5    28    61     7    54
     311 00100011  -0.0114   0.2453   0.0009  -0.0013    84   108    59   107    4.5    5.1    2.2    6.4    57    63    28    71
     312 00100011  -0.0156   0.2291  -0.0075  -0.0090    68    95    54    78    2.7    4.0    1.4    3.7    42    57     9    55
     313 00100011  -0.0146   0.2239  -0.0046  -0.0095   110   119    86   126    6.8    5.9    5.4    7.9    75    73    63    81
     314 00100011  -0.0413   0.2242   0.0197   0.0078    79   106    56    86    4.0    4.9    1.7    4.5    57    71    23    53
     315 00100011   0.0052   0.2387   0.0204   0.0148    65   104    69    80    2.3    4.8    3.5    3.9    33    60    37    46
     316 00100011  -0.0048   0.2487   0.0310   0.0273    88   113    86   117    4.9    5.5    5.4    7.2    57    64    63    81
     317 00100011  -0.0002   0.2441   0.0345   0.0235    85   112    96   102    4.6    5.4    6.4    6.0    57    65    65    71
     318 00100011   0.0178   0.2990   0.0293   0.0247   114   135    92   124    7.2    7.0    6.0    7.7    72    73    64    79
     319 00100011   0.0134   0.2817  -0.0133  -0.0102    92   133    76   114    5.3    6.9    4.4    7.0    60    74    42    76
     320 00100011  -0.0233   0.2869  -0.0204  -0.0305    92   132    78   118    5.3    6.8    4.6    7.3    63    81    48    76
     321 00100011  -0.0190   0.2687  -0.0091  -0.0212    74   109    55    99    3.4    5.2    1.6    5.8    45    73    24    66
     322 00100011   0.0121   0.2651  -0.0321  -0.0260    70   120    54    85    2.9    6.0    1.4    4.4    43    67    15    50
     323 00100011  -0.0120   0.2657  -0.0142  -0.0260    77   111    65   108    3.8    5.3    3.0    6.5    47    60    37    68
     324 00100011   0.0121   0.2485   0.0054   0.0062    58    82    64    69    1.3    2.7    2.9    2.6    31    34    39    29
     325 00100011   0.0049   0.2851   0.0162   0.0076    95   125    77   116    5.6    6.4    4.5    7.1    65    76    49    77
     326 00100011   0.0236   0.3112   0.0426   0.0354    85   105    63    91    4.6    4.9    2.7    5.0    58    62    31    61
     327 00100011   0.0124   0.3225   0.0366   0.0326    66   100    60    78    2.4    4.4    2.3    3.7    36    61    29    54
     328 00100011  -0.0122   0.3224   0.0129   0.0092   108   133    93   123    6.7    6.9    6.1    7.6    61    72    60    75
     329 00100011  -0.0214   0.3494   0.0154   0.0029    72   108    74    91    3.2    5.1    4.1    5.0    53    57    56    58
     330 00100011   0.0051   0.3502  -0.0062  -0.0137    86   125    82   113    4.7    6.4    5.0    6.9    61    78    51    75
     331 00100011   0.0201   0.3277  -0.0130  -0.0148    63    80    58    76    2.0    2.5    2.0    3.5    25    30    27    41
     332 00100011  -0.0346   0.3420  -0.0299  -0.0524    77   104    59    91    3.8    4.8    2.2    5.0    43    52    33    56
     333 00100011   0.0175   0.3747  -0.0656  -0.0773    79   114    66   109    4.0    5.6    3.1    6.6    46    61    31    62
     334 00100011  -0.0001   0.3690  -0.0522  -0.0687    60   103    73    82    1.6    4.7    4.0    4.1    18    57    45    46
     335 00100011  -0.0450   0.3646  -0.0485  -0.0652    73    83    69    73    3.3    2.8    3.5    3.1    38    45    43    38
     336 00100011  -0.4576   0.3313   0.0639  -0.0485    67    95    50    69    2.5    4.0    0.7    2.6    26    53     3    40
     337 00100011  -0.0411   0.3529  -0.0353  -0.0443    70   105    64    81    2.9    4.9    2.9    4.0    48    64    36    53
     338 00100011  -0.0371   0.3472  -0.0278  -0.0379    87   113    66    98    4.8    5.5    3.1    5.7    61    67    37    66
     339 00100011  -0.0393   0.3185  -0.0025  -0.0100    68   103    56    93    2.7    4.7    1.7    5.2    40    63    23    53
     340 00100011  -0.0765   0.3475  -0.0078  -0.0228    70   102    77    96    2.9    4.6    4.5    5.5    37    59    47    61
     341 00100011  -0.0583   0.3315  -0.0384  -0.0333    78   102    62    86    3.9    4.6    2.6    4.5    50    53    26    55
     342 00100011  -0.0312   0.2955  -0.0434  -0.0466    85   127    70   108    4.6    6.5    3.6    6.5    61    71    45    69
     343 00100011   0.0031   0.3196  -0.0325  -0.0439    67    95    61    83    2.5    4.0    2.5    4.2    44    55    20    52
     344 00100011   0.0047   0.3272  -0.0348  -0.0431    82   110    83   110    4.3    5.3    5.1    6.7    51    71    57    71
     345 00100011   0.0083   0.3254  -0.0191  -0.0234    63   108    69    89    2.0    5.1    3.5    4.8    32    53    37    55
     346 00100011  -0.0314   0.3553  -0.0042  -0.0039    75   107    67    84    3.5    5.0    3.3    4.3    42    60    30    58
     347 00100011   0.0209   0.3124   0.0145   0.0136    95   116    79   114    5.6    5.7    4.7    7.0    60    69    43    79
     348 00100011  -0.0261   0.3212   0.0159   0.0108    64    85    66    76    2.1    3.0    3.1    3.5    35    42    38    45
     349 00100011  -0.0228   0.3248   0.0093   0.0038    76    98    81    82    3.6    4.3    4.9    4.1    47    54    58    49
     350 00100011  -0.0144   0.3055   0.0126   0.0128    89   125    71   118    5.0    6.4    3.8    7.3    60    75    41    77
     351 00100011  -0.0262   0.3112   0.0022   0.0050    94   138    87   130    5.5    7.2    5.5    8.1    57    80    58    84
     352 00100011  -0.0422   0.3028  -0.0092  -0.0157   103   135    62   125    6.3    7.0    2.6    7.8    63    71    22    72
     353 00100011  -0.0318   0.3086  -0.0097  -0.0205    68    98    79    92    2.7    4.3    4.7    5.1    39    53    58    61
     354 00100011  -0.0050   0.3197  -0.0006   0.0011    67   102    57    93    2.5    4.6    1.9    5.2    31    54    19    59
     355 00100011  -0.0217   0.3151  -0.0114  -0.0177    67   109    68    91    2.5    5.2    3.4    5.0    41    63    35    62
     356 00100011  -0.0284   0.3305  -0.0246  -0.0245    62   103    62   106    1.9    4.7    2.6    6.4    32    59    44    70
     357 00100011  -0.0273   0.3346  -0.0239  -0.0313    76   114    61    98    3.6    5.6    2.5    5.7    43    68    28    59
     358 00100011  -0.0220   0.2901  -0.0306  -0.0328    77   100    72    85    3.8    4.4    3.9    4.4    50    50    58    50
     359 00100011  -0.0358   0.2996  -0.0163  -0.0214    95   137    78   115    5.6    7.2    4.6    7.1    61    70    52    73
     360 00100011  -0.0296   0.3010  -0.0321  -0.0264    68   125    63   107    2.7    6.4    2.7    6.4    32    67    27    66
     361 00100011  -0.0605   0.2903   0.0171   0.0154    75    91    70    90    3.5    3.6    3.6    4.9    42    52    47    58
     362 00100011  -0.0540   0.3030   0.0176   0.0120    80   117    74   106    4.1    5.8    4.1    6.4    47    67    46    71
     363 00100011  -0.0614   0.3172  -0.0031  -0.0024    85   113    87   115    4.6    5.5    5.5    7.1    58    66    56    80
     364 00100011  -0.0500   0.3238  -0.0363  -0.0447    79   105    69    94    4.0    4.9    3.5    5.3    50    53    41    61
     365 00100011  -0.0257   0.3191  -0.0203  -0.0242    81   110    56    94    4.2    5.3    1.7    5.3    48    65    16    60
     366 00100011  -0.0380   0.3237  -0.0158  -0.0214    73   112    66    99    3.3    5.4    3.1    5.8    44    66    36    60
     367 00100011  -0.0504   0.3050  -0.0143  -0.0164    60    93    61    65    1.6    3.8    2.5    2.1    26    40    29    26
     368 00100011   0.0065   0.3179  -0.0163  -0.0124    71    98    68    96    3.0    4.3    3.4    5.5    47    58    47    64
     369 00100011  -0.0086   0.2914  -0.0196  -0.0226    79   110    65    90    4.0    5.3    3.0    4.9    59    68    42    46
     370 00100011   0.0416   0.2846  -0.0328  -0.0280    75   102    68    87    3.5    4.6    3.4    4.6    41    52    44    64
     371 00100011   0.0117   0.3078  -0.0232  -0.0322    83   127    79   104    4.4    6.5    4.7    6.2    57    75    55    71
     372 00100011   0.0348   0.2955  -0.0131  -0.0200    81   114    76   105    4.2    5.6    4.4    6.3    55    74    46    71
     373 00100011   0.0501   0.3052   0.0090  -0.0015    55    95    65    65    0.8    4.0    3.0    2.1    11    56    33    25
     374 00100011   0.0740   0.3095  -0.0004  -0.0046    70   123   100    98    2.9    6.2    6.7    5.7    33    67    68    65
     375 00100011   0.0442   0.2750   0.0214   0.0222    96   119    94   108    5.7    5.9    6.2    6.5    67    65    58    75
     376 00100011   0.0098   0.2860   0.0186   0.0198    65    93    56    81    2.3    3.8    1.7    4.0    30    52    19    59
     377 00100011   0.0127   0.3089   0.0015  -0.0007    71    98    69    88    3.0    4.3    3.5    4.7    44    55    49    61
     378 00100011  -0.0023   0.3044   0.0126   0.0050   100   127    68   101    6.0    6.5    3.4    5.9    69    78    31    66
     379 00100011  -0.0448   0.2861   0.0089   0.0045    59    88    62    90    1.4    3.3    2.6    4.9    23    46    36    58
     380 00100011  -0.0199   0.2837   0.0151   0.0124    66    95    71    79    2.4    4.0    3.8    3.8    36    50    52    50
     381 00100011  -0.0300   0.2927   0.0237   0.0206   106   142    78   130    6.5    7.5    4.6    8.1    70    83    50    83
     382 00100011  -0.0530   0.2946   0.0189   0.0114    90   125    77   110    5.1    6.4    4.5    6.7    54    76    50    72
     383 00100011  -0.0249   0.2815   0.0247   0.0251    79   116    68   103    4.0    5.7    3.4    6.1    51    64    36    69
     384 00100011  -0.0414   0.2986  -0.0034  -0.0019   102   125    86   129    6.2    6.4    5.4    8.1    66    72    60    82
     385 00100011  -0.0427   0.2324  -0.0141  -0.0123    55    78    68    69    0.8    2.3    3.4    2.6    19    32    48    32
     386 00100011  -0.0584   0.2496   0.0151   0.0073    77   119    68   107    3.8    5.9    3.4    6.4    54    71    33    73
     387 00100011  -0.0392   0.2613   0.0178   0.0131    79   105    88   110    4.0    4.9    5.6    6.7    50    62    63    71
     388 00100011  -0.0057   0.2283   0.0168   0.0030    54    83    67    71    0.7    2.8    3.3    2.9    21    51    53    30
     389 00100011  -0.0434   0.2296  -0.0148  -0.0175    69    90    62    95    2.8    3.5    2.6    5.4    51    50    43    68
     390 00100011  -0.0483   0.2462  -0.0128  -0.0204    80   115    60   107    4.1    5.7    2.3    6.4    53    72    32    77
     391 00100011  -0.0484   0.2336  -0.0109  -0.0122    71   103    61    92    3.0    4.7    2.5    5.1    31    64    24    64
     392 00100011  -0.0474   0.2461   0.0127   0.0081    76   107    93   101    3.6    5.0    6.1    5.9    48    63    72    71
     393 00100011  -0.0360   0.2521   0.0010   0.0007    76   113    73    96    3.6    5.5    4.0    5.5    56    66    49    73
     394 00100011  -0.0492   0.2620  -0.0133  -0.0150    90   123    74   108    5.1    6.2    4.1    6.5    59    76    48    74
     395 00100011  -0.0426   0.2351  -0.0064  -0.0114    73   103    64    87    3.3    4.7    2.9    4.6    57    63    44    55
     396 00100011  -0.0288   0.2301  -0.0167  -0.0185    78   116    63    93    3.9    5.7    2.7    5.2    55    71    36    66
     397 00100011  -0.0401   0.2552  -0.0191  -0.0219    85   123    57   102    4.6    6.2    1.9    6.0    61    72    26    68
     398 00100011  -0.0404   0.2495  -0.0098  -0.0165    72   108    60    78    3.2    5.1    2.3    3.7    46    67    32    51
     399 00100011  -0.0451   0.2691  -0.0116  -0.0159    76   110    70    95    3.6    5.3    3.6    5.4    49    66    46    60
     400 00100011  -0.0284   0.2515   0.0106  -0.0001    55    87    71    74    0.8    3.2    3.8    3.2    13    40    45    43
     401 00100011  -0.0332   0.2863   0.0089   0.0014    60    90    64    72    1.6    3.5    2.9    3.0    24    52    40    43
     402 00100011  -0.0319   0.2848   0.0079   0.0041    69    97    78    88    2.8    4.2    4.6    4.7    36    47    55    62
     403 00100011  -0.0387   0.2831  -0.0247  -0.0282   105   141    94   131    6.4    7.4    6.2    8.2    72    81    63    83
     404 00100011  -0.0501   0.3196  -0.0236  -0.0198    86   127    79   110    4.7    6.5    4.7    6.7    61    77    53    72
     405 00100011  -0.0796   0.2586  -0.0346  -0.0336    84   115    94    97    4.5    5.7    6.2    5.6    57    63    67    65
     406 00100011  -0.0396   0.2640  -0.0457  -0.0384    69   107    71    87    2.8    5.0    3.8    4.6    48    59    46    62
     407 00100011  -0.0683   0.2449  -0.0086  -0.0301    63    96    61    90    2.0    4.1    2.5    4.9    25    46    30    50
     408 00100011  -0.0227   0.2795   0.0093  -0.0007    76   120    80   105    3.6    6.0    4.8    6.3    44    72    48    71
     409 00100011  -0.0114   0.2736   0.0027   0.0019    79   120    60    97    4.0    6.0    2.3    5.6    54    71    29    71
     410 00100011  -0.0172   0.2623   0.0212   0.0130    84   108    65    97    4.5    5.1    3.0    5.6    54    63    35    67
     411 00100011  -0.0081   0.2882   0.0155   0.0158    79   116    73    94    4.0    5.7    4.0    5.3    54    72    41    69
     412 00100011   0.0368   0.2804   0.0120   0.0162    68   106    58    99    2.7    4.9    2.0    5.8    34    65    15    69
     413 00100011  -0.0001   0.2650  -0.0040  -0.0026    80   123    58   113    4.1    6.2    2.0    6.9    42    66    13    67
     414 00100011  -0.0117   0.2422  -0.0007  -0.0106    59   106    62    77    1.4    4.9    2.6    3.6    23    60    40    42
     415 00100011  -0.0121   0.2435   0.0021   0.0066    93   129    71   112    5.4    6.6    3.8    6.8    64    73    42    73
     416 00100011   0.0596   0.2630  -0.0377  -0.0147    70    89    52    77    2.9    3.4    1.1    3.6    33    37    23    47
     417 00100011  -0.0102   0.2569  -0.0135  -0.0241    68   114    74   112    2.7    5.6    4.1    6.8    36    65    51    70
     418 00100011  -0.0333   0.2686   0.0015  -0.0057    83   123    72   102    4.4    6.2    3.9    6.0    56    72    43    67
     419 00100011  -0.0088   0.2660  -0.0075  -0.0066    94   135   109   121    5.5    7.0    7.5    7.5    66    79    74    83
     420 00100011  -0.0104   0.2624  -0.0030  -0.0052    94   126    72   127    5.5    6.4    3.9    7.9    59    75    42    80
     421 00100011  -0.2609   0.2647   0.0567  -0.0150    57    92    47    69    1.1    3.7    0.2    2.6    14    51     2    33
     422 00100011  -0.0286   0.2464  -0.0039  -0.0142    63    96    50    77    2.0    4.1    0.7    3.6    21    52    10    44
     423 00100011  -0.0330   0.2164  -0.0076  -0.0103    90   120    68    98    5.1    6.0    3.4    5.7    63    71    42    69
     424 00100011  -0.0292   0.2203   0.0020  -0.0113    86   106    79   104    4.7    4.9    4.7    6.2    52    57    54    70
     425 00100011  -0.0499   0.2273   0.0114   0.0031    78    98    66    86    3.9    4.3    3.1    4.5    57    55    42    62
     426 00100011  -0.0484   0.2207   0.0205   0.0047    76    98    71   104    3.6    4.3    3.8    6.2    38    56    39    69
     427 00100011  -0.0385   0.2331   0.0174   0.0231    69    96    73   100    2.8    4.1    4.0    5.8    33    40    44    73
     428 00100011  -0.0233   0.2435   0.0213   0.0229    88   110    77   113    4.9    5.3    4.5    6.9    61    66    44    76
     429 00100011  -0.0157   0.2419   0.0059   0.0050    91   126    78   103    5.2    6.4    4.6    6.1    63    80    48    74
     430 00100011  -0.0172   0.2437  -0.0217  -0.0242    89   117    86   110    5.0    5.8    5.4    6.7    64    65    65    75
     431 00100011  -0.0519   0.2427  -0.0160  -0.0203    62    90    55    83    1.9    3.5    1.6    4.2    22    50    11    54
     432 00100011  -0.0213   0.2443   0.0081   0.0039    74    96    69    82    3.4    4.1    3.5    4.1    50    57    50    57
     433 00100011  -0.0363   0.2634   0.0105   0.0046    67    91    56    77    2.5    3.6    1.7    3.6    29    49    14    42
     434 00100011  -0.0163   0.2555   0.0128   0.0093    76    89   101   104    3.6    3.4    6.8    6.2    52    44    75    77
     435 00100011  -0.0051   0.2539   0.0076   0.0145    68   115    65    85    2.7    5.7    3.0    4.4    39    70    40    63
     436 00100011  -0.0283   0.2469   0.0128   0.0115    88   110    77   112    4.9    5.3    4.5    6.8    58    66    46    74
     437 00100011  -0.0328   0.2313   0.0042   0.0044    97   142    68   109    5.8    7.5    3.4    6.6    68    83    38    71
     438 00100011  -0.0248   0.2411  -0.0063  -0.0119    90   135    82   106    5.1    7.0    5.0    6.4    67    84    60    72
     439 00100011  -0.0555   0.2586  -0.0252  -0.0302    86   130    76   113    4.7    6.7    4.4    6.9    55    78    51    73
     440 00100011  -0.0669   0.2818  -0.0315  -0.0262    64    95    65    77    2.1    4.0    3.0    3.6    31    48    33    49
     441 00100011  -0.0847   0.2819  -0.0082  -0.0174    80   113    63    95    4.1    5.5    2.7    5.4    38    69    25    61
     442 00100011  -0.0954   0.2669  -0.0126  -0.0178    71   106    80    87    3.0    4.9    4.8    4.6    44    54    55    62
     443 00100011  -0.0164   0.2999  -0.0202  -0.0277    64    98    64    91    2.1    4.3    2.9    5.0    33    49    39    51
     444 00100011  -0.0570   0.3136  -0.0192  -0.0244    97   118   100   125    5.8    5.9    6.7    7.8    65    68    59    82
     445 00100011  -0.0695   0.2917   0.0161   0.0058    77    99    65    99    3.8    4.3    3.0    5.8    52    61    36    65
     446 00100011  -0.0806   0.3003   0.0287   0.0200    89   128    74   112    5.0    6.6    4.1    6.8    59    71    43    76
     447 00100011  -0.0485   0.2629   0.0502   0.0441    71   110    69   101    3.0    5.3    3.5    5.9    45    61    41    74
     448 00100011  -0.0478   0.2975   0.0179   0.0314    55    78    56    66    0.8    2.3    1.7    2.2    11    24    22    25
     449 00100011  -0.0324   0.2380   0.0070   0.0076   113   127    69   118    7.1    6.5    3.5    7.3    76    79    46    83
     450 00100011  -0.0520   0.2423   0.0099   0.0009    78   126    62   102    3.9    6.4    2.6    6.0    50    77    24    65
     451 00100011  -0.0360   0.2451  -0.0015  -0.0051    69    98    58    94    2.8    4.3    2.0    5.3    33    58    23    64
     452 00100011  -0.0395   0.2629  -0.0105  -0.0111    91   146    86   130    5.2    7.7    5.4    8.1    61    84    53    83
     453 00100011   0.0119   0.2827  -0.0332  -0.0274    93   120    61   112    5.4    6.0    2.5    6.8    58    70    23    77
     454 00100011  -0.0092   0.2571  -0.0083  -0.0115    86   121    75    99    4.7    6.1    4.2    5.8    62    74    51    69
     455 00100011  -0.0256   0.2322  -0.0056  -0.0166    66    94    72    84    2.4    3.9    3.9    4.3    33    53    44    54
     456 00100011  -0.0218   0.2504  -0.0065  -0.0116    65   103    66    88    2.3    4.7    3.1    4.7    37    54    44    62
     457 00100011  -0.0131   0.2441  -0.0003  -0.0057    77   112    66    97    3.8    5.4    3.1    5.6    45    62    26    64
     458 00100011  -0.0389   0.2689   0.0070   0.0070    89   121    92   117    5.0    6.1    6.0    7.2    60    74    65    78
     459 00100011  -0.0689   0.2887   0.0004  -0.0035    88   112    88   121    4.9    5.4    5.6    7.5    66    67    66    78
     460 00100011  -0.0610   0.2977   0.0021  -0.0060    82   107    59    92    4.3    5.0    2.2    5.1    53    63    24    66
     461 00100011  -0.0320   0.3004  -0.0145  -0.0109    61   101    65    75    1.7    4.5    3.0    3.3    22    54    43    49
     462 00100011  -0.0331   0.2924   0.0037  -0.0112    65    79    63    78    2.3    2.4    2.7    3.7    31    43    27    45
     463 00100011  -0.0590   0.2723  -0.0073  -0.0131    75   108    79    90    3.5    5.1    4.7    4.9    50    62    54    57
     464 00100011  -0.0421   0.2548  -0.0103  -0.0125    71    96    80    95    3.0    4.1    4.8    5.4    47    53    53    69
     465 00100011  -0.0147   0.2505  -0.0163  -0.0194   101   131    85   115    6.1    6.8    5.3    7.1    67    79    61    77
     466 00100011  -0.0214   0.2401  -0.0222  -0.0229    77   105    69   100    3.8    4.9    3.5    5.8    47    63    39    68
     467 00100011  -0.0254   0.2471  -0.0231  -0.0244    66   101    61    79    2.4    4.5    2.5    3.8    22    51    21    48
     468 00100011   0.0341   0.2640  -0.0262  -0.0325    55    76    64    61    0.8    2.1    2.9    1.6    11    27    40    18
     469 00100011   0.0114   0.2628  -0.0314  -0.0329    74   103    69    88    3.4    4.7    3.5    4.7    60    66    51    63
     470 00100011  -0.0118   0.2232   0.0017  -0.0050    69    99    58    93    2.8    4.3    2.0    5.2    45    52    36    56
     471 00100011  -0.0242   0.2797  -0.0111  -0.0117    80   116    76   100    4.1    5.7    4.4    5.8    41    63    41    61
     472 00100011  -0.0136   0.2721  -0.0259  -0.0169    62    87    51    75    1.9    3.2    0.9    3.3    34    40    16    47
     473 00100011  -0.0300   0.2888  -0.0128  -0.0127    68   103    79    80    2.7    4.7    4.7    3.9    41    56    62    42
     474 00100011  -0.0495   0.2558   0.0531   0.0520    69    93    77    93    2.8    3.8    4.5    5.2    39    48    45    63
     475 00100011  -0.0186   0.2658  -0.0051  -0.0036    85   116    76   109    4.6    5.7    4.4    6.6    46    68    44    72
     476 00100011  -0.0597   0.3082  -0.0041   0.0108    53    76    50    67    0.5    2.1    0.7    2.4     9    28    10    48
     477 00100011  -0.0183   0.3087  -0.0165  -0.0146    89   111    85   108    5.0    5.3    5.3    6.5    62    61    56    71
     478 00100011  -0.0154   0.2607  -0.0204  -0.0258    72   112    77    98    3.2    5.4    4.5    5.7    47    69    59    70
     479 00100011  -0.0165   0.2871  -0.0081  -0.0045    70   107    75   122    2.9    5.0    4.2    7.6    36    52    38    78
     480 00100011   0.0034   0.2753   0.0032  -0.0067    62   103    66    80    1.9    4.7    3.1    3.9    16    62    38    37
     481 00100011  -0.0729   0.2949   0.0227   0.0039    57    80    54    68    1.1    2.5    1.4    2.5     8    40    14    35
     482 00100011  -0.0120   0.2860   0.0129  -0.0074    66    98    70    72    2.4    4.3    3.6    3.0    35    63    47    38
     483 00100011  -0.0245   0.2813   0.0202   0.0163    78   107    76    94    3.9    5.0    4.4    5.3    55    59    55    67
     484 00100011  -0.0232   0.3083   0.0155   0.0044    72   106    63    85    3.2    4.9    2.7    4.4    36    68    23    54
     485 00100011  -0.0035   0.2935  -0.0026  -0.0075    79   112    77   107    4.0    5.4    4.5    6.4    58    69    53    70
     486 00100011  -0.0290   0.2927   0.0030   0.0001    88   129    63   113    4.9    6.6    2.7    6.9    61    79    29    77
     487 00100011  -0.0064   0.2906   0.0202   0.0245    67   113    59    99    2.5    5.5    2.2    5.8    29    62    39    67
     488 00100011  -0.0037   0.2624   0.0268   0.0148    78   127    88   102    3.9    6.5    5.6    6.0    49    76    60    64
     489 00100011  -0.0049   0.2447   0.0287   0.0185    63    94    54    87    2.0    3.9    1.4    4.6    36    52    26    58
     490 00100011  -0.0537   0.2954   0.0211   0.0159    50    79    54    60    0.0    2.4    1.4    1.4     5    39    28    24
     491 00100011  -0.0181   0.2747   0.0191   0.0149    77    97    75    98    3.8    4.2    4.2    5.7    53    61    52    72
     492 00100011  -0.0032   0.2818  -0.0049   0.0016    63    90    55    83    2.0    3.5    1.6    4.2    32    49    25    59
     493 00100011  -0.0031   0.2683  -0.0063  -0.0108    78   111    79    88    3.9    5.3    4.7    4.7    50    64    57    65
     494 00100011  -0.0160   0.2991  -0.0111  -0.0220    76   114    67   103    3.6    5.6    3.3    6.1    41    68    36    60
     495 00100011   0.0008   0.3013  -0.0065  -0.0157    70   112    72    91    2.9    5.4    3.9    5.0    37    68    42    63
     496 00100011  -0.0012   0.3128  -0.0123  -0.0148    69    92    77    78    2.8    3.7    4.5    3.7    39    47    55    56
     497 00100011  -0.0268   0.3218  -0.0240  -0.0312    74   104    68   100    3.4    4.8    3.4    5.8    45    66    31    61
     498 00100011  -0.1005   0.3003  -0.0146  -0.0263    75   112    74    90    3.5    5.4    4.1    4.9    43    56    36    58
     499 00100011  -0.0138   0.3065   0.0217   0.0216    95   120    89   109    5.6    6.0    5.7    6.6    60    64    61    70
     500 00100011   0.0134   0.2913   0.0317   0.0320    77   128    58    92    3.8    6.6    2.0    5.1    44    74     9    63
     501 00100011  -0.0741   0.3138   0.0582   0.0148    52    70    48    61    0.3    1.3    0.4    1.6    10    25    11     9
     502 00100011  -0.0198   0.2966   0.0202   0.0216    90   120    76   109    5.1    6.0    4.4    6.6    57    70    48    71
     503 00100011  -0.0362   0.2501   0.0267   0.0176    70    84    60    78    2.9    2.9    2.3    3.7    47    44    33    44
     504 00100011  -0.0342   0.2785   0.0213   0.0168    81   125    68    95    4.2    6.4    3.4    5.4    57    76    46    67
     505 00100011  -0.0298   0.2814   0.0259   0.0049    67    96    52    85    2.5    4.1    1.1    4.4    41    52    12    54
     506 00100011  -0.0325   0.2667   0.0154   0.0076   109   133    79   122    6.8    6.9    4.7    7.6    70    80    47    82
     507 00100011   0.0016   0.2854  -0.0088  -0.0024    78   114    83   116    3.9    5.6    5.1    7.1    51    57    58    66
     508 00100011  -0.0160   0.3369  -0.0207  -0.0065   100   136    72   101    6.0    7.1    3.9    5.9    56    66    47    49
     509 00100011  -0.0843   0.2892  -0.0336  -0.0369    98   129    87   115    5.8    6.6    5.5    7.1    61    74    61    78
     510 00100011  -0.0710   0.2829   0.0079   0.0041    77   118    63   107    3.8    5.9    2.7    6.4    40    65    17    66
     511 00100011  -0.0364   0.2728  -0.0009  -0.0052    53    94    53    79    0.5    3.9    1.2    3.8    12    40    23    45
     512 00100011  -0.0233   0.2869  -0.0169  -0.0211   104   126    68   117    6.4    6.4    3.4    7.2    67    75    29    79
     513 00100011  -0.0414   0.3022  -0.0132  -0.0173    88   146    71   133    4.9    7.7    3.8    8.3    58    83    43    84
     514 00100011  -0.0605   0.3182  -0.0044  -0.0145    86   130    62   104    4.7    6.7    2.6    6.2    55    73    36    65
     515 00100011  -0.0414   0.2785   0.0159   0.0083    83   110    82   106    4.4    5.3    5.0    6.4    50    61    58    71
     516 00100011  -0.0063   0.2532  -0.0175  -0.0188    96   121    70   114    5.7    6.1    3.6    7.0    61    60    41    77
     517 00100011  -0.0153   0.2605  -0.0123  -0.0263    73   113    60    98    3.3    5.5    2.3    5.7    44    63    37    57
     518 00100011   0.0008   0.2761  -0.0090  -0.0134    79   112    74   104    4.0    5.4    4.1    6.2    47    60    37    73
     519 00100011   0.0217   0.2734  -0.0005  -0.0042    74   115    82    83    3.4    5.7    5.0    4.2    50    68    61    55
     520 00100011   0.0114   0.2833  -0.0211  -0.0236    59    83    56    79    1.4    2.8    1.7    3.8    26    36    26    48
     521 00100011   0.0201   0.2536  -0.0241  -0.0325    81   117    76   101    4.2    5.8    4.4    5.9    53    74    54    67
     522 00100011  -0.0168   0.2324  -0.0147  -0.0294    67    93    58    89    2.5    3.8    2.0    4.8    41    54    33    59
     523 00100011   0.0222   0.2769  -0.0100  -0.0182   110   153   102   139    6.8    8.1    6.9    8.7    68    86    63    84
     524 00100011  -0.0238   0.2732   0.0195   0.0166    73    96    87    99    3.3    4.1    5.5    5.8    47    42    62    70
     525 00100011  -0.0085   0.3267   0.0030   0.0019    67   108    65    94    2.5    5.1    3.0    5.3    30    59    35    60
     526 00100011  -0.0709   0.2662   0.0237   0.0096    80   109    82   100    4.1    5.2    5.0    5.8    51    55    61    65
     527 00100011  -0.0567   0.2853   0.0330   0.0267    66   101    81    85    2.4    4.5    4.9    4.4    38    56    59    60
     528 00100011  -0.0437   0.2848   0.0217   0.0229    99   110    65    99    5.9    5.3    3.0    5.8    65    64    30    68
     529 00100011  -0.0776   0.2550   0.0171   0.0028    71   103    53    86    3.0    4.7    1.2    4.5    41    59    19    52
     530 00100011  -0.0522   0.2631   0.0402   0.0304    73   112    68    79    3.3    5.4    3.4    3.8    44    60    42    47
     531 00100011   0.0050   0.2947  -0.0002   0.0056    73   103    58    87    3.3    4.7    2.0    4.6    46    56    25    56
     532 00100011  -0.0359   0.2801  -0.0264  -0.0331    94   123    75   117    5.5    6.2    4.2    7.2    67    75    50    77
     533 00100011  -0.0026   0.2602  -0.0292  -0.0363   101   117    98   139    6.1    5.8    6.6    8.7    76    76    71    88
     534 00100011  -0.0239   0.2709  -0.0338  -0.0349   118   140    86   145    7.5    7.4    5.4    9.1    74    82    54    89
     535 00100011   0.0011   0.2675  -0.0121  -0.0024    84   120    65   109    4.5    6.0    3.0    6.6    54    65    32    70
     536 00100011  -0.0185   0.2379   0.0286   0.0186    84   111    64   104    4.5    5.3    2.9    6.2    51    68    38    63
     537 00100011  -0.0002   0.2487  -0.0248  -0.0180    60    80    62    80    1.6    2.5    2.6    3.9    24    39    37    61
     538 00100011  -0.0039   0.2620  -0.0157  -0.0191    90   124    82   126    5.1    6.3    5.0    7.9    58    72    51    79
     539 00100011  -0.0848   0.2682  -0.0045  -0.0118    58    97    67    73    1.3    4.2    3.3    3.1     9    51    40    39
     540 00100011   0.0054   0.2459  -0.0074  -0.0112    78   119    68   105    3.9    5.9    3.4    6.3    45    61    41    70
     541 00100011  -0.0180   0.2349  -0.0090  -0.0106    71   104    71    97    3.0    4.8    3.8    5.6    58    60    49    70
     542 00100011   0.0182   0.2525   0.0049   0.0008    60    93    81    73    1.6    3.8    4.9    3.1    24    49    58    34
     543 00100011   0.0071   0.2535  -0.0353  -0.0370    65    91    53    77    2.3    3.6    1.2    3.6    43    47    18    51
     544 00100011   0.0027   0.2515  -0.0408  -0.0400    74   105    61   102    3.4    4.9    2.5    6.0    46    68    22    64
     545 00100011   0.0064   0.2517  -0.0011  -0.0033    81   123    73   102    4.2    6.2    4.0    6.0    53    69    45    62
     546 00100011   0.0136   0.2363   0.0090   0.0105    81   105    74    90    4.2    4.9    4.1    4.9    53    59    54    69
     547 00100011   0.0234   0.2355  -0.0042  -0.0044    79   109    67    96    4.0    5.2    3.3    5.5    53    61    38    65
     548 00100011   0.0308   0.2348  -0.0110  -0.0108    92   105    70   102    5.3    4.9    3.6    6.0    66    68    47    72
     549 00100011  -0.0208   0.2829  -0.0306  -0.0336    77   117    83   114    3.8    5.8    5.1    7.0    45    65    63    77
     550 00100011   0.0326   0.2546   0.0078  -0.0007    65    83    75    74    2.3    2.8    4.2    3.2    26    30    46    31
     551 00100011   0.0016   0.2803   0.0113   0.0151    60    89    47    77    1.6    3.4    0.2    3.6    34    46    11    49
     552 00100011   0.0400   0.2731   0.0006   0.0118    76   119    73    96    3.6    5.9    4.0    5.5    52    67    54    67
     553 00100011   0.0407   0.2745  -0.0032   0.0057    83   112    77   105    4.4    5.4    4.5    6.3    53    59    52    69
     554 00100011   0.0661   0.2524  -0.0011   0.0126    72   119    54    75    3.2    5.9    1.4    3.3    41    60    14    43
     555 00100011  -0.0056   0.2499   0.0205   0.0217    66    98    56    86    2.4    4.3    1.7    4.5    32    58    10    62
     556 00100011  -0.0444   0.2868   0.0395   0.0248    70    95    66    90    2.9    4.0    3.1    4.9    37    53    33    53
     557 00100011  -0.0444   0.3030   0.0297   0.0213    74    96    75    83    3.4    4.1    4.2    4.2    51    46    56    47
     558 00100011   0.0109   0.3041  -0.0078  -0.0033    82   121    70   100    4.3    6.1    3.6    5.8    52    63    41    65
     559 00100011  -0.0301   0.2641   0.0039  -0.0044    82   113    74   108    4.3    5.5    4.1    6.5    61    71    51    77
     560 00100011  -0.0402   0.2684  -0.0083  -0.0141    66    99    62    77    2.4    4.3    2.6    3.6    36    49    38    38
     561 00100011  -0.0069   0.2647   0.0006  -0.0010    81   108    69    90    4.2    5.1    3.5    4.9    59    60    51    60
     562 00100011  -0.2024   0.2907   0.0239  -0.0162    58    90    50    63    1.3    3.5    0.7    1.8    18    46     2    28
     563 00100011  -0.0130   0.2504  -0.0128  -0.0157    86   107    73   104    4.7    5.0    4.0    6.2    57    65    46    72
     564 00100011  -0.0202   0.2410  -0.0318  -0.0200    64   111    68    94    2.1    5.3    3.4    5.3    21    60    37    66
     565 00100011  -0.0477   0.1881  -0.0168  -0.0222    64   107    68    94    2.1    5.0    3.4    5.3    33    52    43    64
     566 00100011  -0.0554   0.2268   0.0021  -0.0077    68    97    66    85    2.7    4.2    3.1    4.4    39    54    44    51
     567 00100011  -0.0308   0.2178  -0.0269  -0.0258    83   121    86   109    4.4    6.1    5.4    6.6    54    68    66    77
     568 00100011  -0.0004   0.2292  -0.0166  -0.0159    79   128    69    99    4.0    6.6    3.5    5.8    54    74    47    72
     569 00100011   0.0128   0.2409  -0.0181  -0.0237    90   118    79   111    5.1    5.9    4.7    6.8    60    71    60    70
     570 00100011   0.0095   0.2357  -0.0051  -0.0050    90   127    59   103    5.1    6.5    2.2    6.1    59    71    27    68
     571 00100011  -0.0007   0.2836  -0.0197  -0.0284    70    97    56    80    2.9    4.2    1.7    3.9    38    57    19    44
     572 00100011  -0.0163   0.2380   0.0230   0.0130    85   111    77   101    4.6    5.3    4.5    5.9    51    48    41    63
     573 00100011   0.0220   0.2839   0.0186   0.0230    76   113    53    88    3.6    5.5    1.2    4.7    51    69    16    61
     574 00100011  -0.0108   0.2355   0.0217   0.0132    72    93    77   101    3.2    3.8    4.5    5.9    43    55    52    63
     575 00100011  -0.0426   0.2141   0.0058   0.0013   103   124    79   108    6.3    6.3    4.7    6.5    60    69    55    66
     576 00100011  -0.0520   0.2199  -0.0119  -0.0201   103   136    68   112    6.3    7.1    3.4    6.8    71    79    41    73
     577 00100011  -0.0472   0.2287  -0.0179  -0.0218    64    95    63    82    2.1    4.0    2.7    4.1    29    51    33    50
     578 00100011  -0.0314   0.2287  -0.0049  -0.0026    81   110    64    93    4.2    5.3    2.9    5.2    58    73    31    68
     579 00100011  -0.0329   0.2076  -0.0038  -0.0023    69   116    65    83    2.8    5.7    3.0    4.2    42    66    40    58
     580 00100011  -0.0301   0.2522   0.0189   0.0131    75    95    80    85    3.5    4.0    4.8    4.4    44    52    47    54
     581 00100011  -0.0030   0.2532   0.0107   0.0035    60    85    64    83    1.6    3.0    2.9    4.2    18    47    38    50
     582 00100011   0.0164   0.2529  -0.0344  -0.0322   105   126    70   122    6.4    6.4    3.6    7.6    73    76    35    79
     583 00100011   0.0232   0.2423  -0.0451  -0.0310    77   114    54    92    3.8    5.6    1.4    5.1    44    62    16    62
     584 00100011   0.0177   0.2098  -0.0110  -0.0107    64    87    56    72    2.1    3.2    1.7    3.0    26    45    17    42
     585 00100011  -0.0097   0.2054   0.0056  -0.0012    78   115    67   112    3.9    5.7    3.3    6.8    48    74    43    73
     586 00100011  -0.0093   0.2253   0.0037  -0.0041   101   127    76   117    6.1    6.5    4.4    7.2    67    78    50    76
     587 00100011   0.0364   0.2405  -0.0021  -0.0043    97   124    83   107    5.8    6.3    5.1    6.4    63    70    55    69
     588 00100011   0.0162   0.2599  -0.0119  -0.0128    60    98    72    81    1.6    4.3    3.9    4.0    24    49    46    47
     589 00100011  -0.0006   0.2732  -0.0160  -0.0183    95   125    66   106    5.6    6.4    3.1    6.4    69    77    38    73
     590 00100011  -0.0042   0.2504  -0.0130  -0.0178    85   128    78   123    4.6    6.6    4.6    7.6    55    75    53    81
     591 00100011   0.0285   0.2771  -0.0270  -0.0165    69   102    54    79    2.8    4.6    1.4    3.8    50    57    30    54
     592 00100011   0.0043   0.2711   0.0003  -0.0048   107   134    99   132    6.6    7.0    6.7    8.3    69    79    67    86
     593 00100011   0.0101   0.2822   0.0134   0.0105    83   125    59    94    4.4    6.4    2.2    5.3    59    74    29    69
     594 00100011  -0.0184   0.2633   0.0130   0.0252    54    96    55    79    0.7    4.1    1.6    3.8    17    45    26    43
     595 00100011   0.0126   0.2599   0.0140   0.0134    62    83    59    79    1.9    2.8    2.2    3.8    35    33    37    49
     596 00100011  -0.0325   0.2696  -0.0082  -0.0091    80   122    79   105    4.1    6.2    4.7    6.3    46    70    47    72
     597 00100011  -0.0188   0.2697  -0.0131  -0.0129    94   118    78   112    5.5    5.9    4.6    6.8    66    68    54    70
     598 00100011  -0.0078   0.2987  -0.0094  -0.0114    79   111    87   114    4.0    5.3    5.5    7.0    53    66    58    76
     599 00100011  -0.0200   0.2701  -0.0081  -0.0139    95   137    90   120    5.6    7.2    5.8    7.4    66    81    61    74
     600 00100011  -0.0180   0.2485  -0.0104  -0.0152    82   119    66    84    4.3    5.9    3.1    4.3    60    69    36    56
     601 00100011  -0.0107   0.2491   0.0006  -0.0053    83   121    68    96    4.4    6.1    3.4    5.5    56    73    45    65
     602 00100011  -0.0117   0.2551  -0.0187  -0.0188    96   132    75   133    5.7    6.8    4.2    8.3    70    78    58    85
     603 00100011   0.0178   0.2271   0.0122  -0.0022    85   133    77   103    4.6    6.9    4.5    6.1    54    63    48    55
     604 00100011   0.0109   0.2606  -0.0021  -0.0032   117   149    99   135    7.4    7.9    6.7    8.5    71    84    62    84
     605 00100011   0.0357   0.2289   0.0077   0.0051    81   107    80   104    4.2    5.0    4.8    6.2    53    62    55    67
     606 00100011  -0.0339   0.2619  -0.0025  -0.0125    74   104    59    83    3.4    4.8    2.2    4.2    33    53    23    47
     607 00100011  -0.0265   0.2636  -0.0070  -0.0151    59    94    48    73    1.4    3.9    0.4    3.1    21    50     6    46
     608 00100011   0.0017   0.2470  -0.0099  -0.0153    69    97    61    91    2.8    4.2    2.5    5.0    39    54    25    68
     609 00100011  -0.0155   0.2441  -0.0176  -0.0232    67   103    70   110    2.5    4.7    3.6    6.7    40    66    51    74
     610 00100011  -0.0403   0.2410  -0.0336  -0.0347    73   107    72    94    3.3    5.0    3.9    5.3    46    54    54    61
     611 00100011  -0.0397   0.2505  -0.0439  -0.0432    71   104    62    85    3.0    4.8    2.6    4.4    40    60    26    59
     612 00100011  -0.0060   0.2838   0.0036   0.0011    70   101    66    79    2.9    4.5    3.1    3.8    52    54    43    46
     613 00100011   0.0099   0.2602   0.0140   0.0028    72   110    57   105    3.2    5.3    1.9    6.3    50    68    34    64
     614 00100011   0.0326   0.2953  -0.0242  -0.0206    79   104    95   102    4.0    4.8    6.3    6.0    58    60    65    68
     615 00100011   0.0471   0.2472  -0.0339  -0.0319    63    94    62    72    2.0    3.9    2.6    3.0    33    55    39    47
     616 00100011   0.0105   0.2754   0.0169   0.0167    71    99    77    87    3.0    4.3    4.5    4.6    47    52    54    57
     617 00100011   0.0395   0.2845   0.0140   0.0159    88   128    64   105    4.9    6.6    2.9    6.3    53    72    30    75
     618 00100011   0.0246   0.2725   0.0099   0.0102    94   124    73   109    5.5    6.3    4.0    6.6    66    69    54    76
     619 00100011   0.0451   0.2687  -0.0029  -0.0005    82   118    71   122    4.3    5.9    3.8    7.6    58    76    46    83
     620 00100011   0.0626   0.3179   0.0149   0.0097    98   140    82   125    5.8    7.4    5.0    7.8    66    76    49    80
     621 00100011   0.0404   0.3171   0.0281   0.0316    86   123    62   110    4.7    6.2    2.6    6.7    56    71    32    73
     622 00100011   0.0374   0.3002  -0.0028  -0.0054    91   112    86   107    5.2    5.4    5.4    6.4    58    64    58    66
     623 00100011  -0.0106   0.2960   0.0148   0.0141    86   120    77   103    4.7    6.0    4.5    6.1    47    66    51    71
     624 00100011  -0.0604   0.2464   0.0574   0.0337    58    99    67    71    1.3    4.3    3.3    2.9    22    55    42    27
     625 00100011   0.0159   0.2613   0.0495   0.0442    64    96    77    82    2.1    4.1    4.5    4.1    31    48    55    51
     626 00100011  -0.0079   0.2709   0.0149   0.0148    57    82    64    74    1.1    2.7    2.9    3.2    23    35    33    44
     627 00100011   0.0210   0.2958  -0.0019  -0.0038    96   140    85   123    5.7    7.4    5.3    7.6    56    79    52    74
     628 00100011   0.0140   0.2728  -0.0034  -0.0072    95   127    97   119    5.6    6.5    6.5    7.4    65    72    69    79
     629 00100011   0.0238   0.2872  -0.0229  -0.0200    86   113    66   105    4.7    5.5    3.1    6.3    56    68    38    77
     630 00100011  -0.0102   0.2583  -0.0171  -0.0202    70   100    63   104    2.9    4.4    2.7    6.2    42    56    41    66
     631 00100011  -0.0112   0.2624   0.0009  -0.0043    87   135    89   109    4.8    7.0    5.7    6.6    55    76    56    75
     632 00100011  -0.0115   0.2957   0.0260   0.0142    67   108    56    93    2.5    5.1    1.7    5.2    34    63    16    58
     633 00100011  -0.0274   0.3089   0.0146  -0.0001    69   109    58    83    2.8    5.2    2.0    4.2    38    61    24    49
     634 00100011  -0.0369   0.3024   0.0026  -0.0013    82   109    90   101    4.3    5.2    5.8    5.9    58    67    68    66
     635 00100011  -0.0324   0.3042   0.0034  -0.0101    76    99    61    87    3.6    4.3    2.5    4.6    43    54    17    61
     636 00100011  -0.0040   0.3059   0.0021  -0.0007    74   106    72   101    3.4    4.9    3.9    5.9    52    70    43    76
     637 00100011   0.0114   0.3004  -0.0088  -0.0109    75   107    74    95    3.5    5.0    4.1    5.4    56    69    53    61
     638 00100011   0.0344   0.2843  -0.0104  -0.0147    85   113    64   101    4.6    5.5    2.9    5.9    50    61    30    69
     639 00100011   0.0283   0.2899  -0.0101  -0.0112    88   126    69    99    4.9    6.4    3.5    5.8    56    74    36    68
     640 00100011   0.0179   0.2826   0.0080   0.0056    82   128    80   127    4.3    6.6    4.8    7.9    55    72    54    80
     641 00100011  -0.0200   0.2678   0.0062   0.0019    77   116    87   101    3.8    5.7    5.5    5.9    50    65    58    67
     642 00100011  -0.0278   0.2660   0.0119   0.0017    66    99    51    87    2.4    4.3    0.9    4.6    28    60    10    60
     643 00100011  -0.0281   0.3018   0.0273   0.0206    86   103    71    96    4.7    4.7    3.8    5.5    61    64    44    74
     644 00100011  -0.0099   0.2844   0.0392   0.0419    75    99    62    90    3.5    4.3    2.6    4.9    54    58    35    60
     645 00100011  -0.0174   0.2843   0.0445   0.0425    90   121    70   107    5.1    6.1    3.6    6.4    61    70    39    72
     646 00100011  -0.0258   0.2793   0.0277   0.0124    76   110    61    88    3.6    5.3    2.5    4.7    46    69    28    51
     647 00100011  -0.0273   0.3094   0.0188   0.0141    84   117    72    99    4.5    5.8    3.9    5.8    53    72    43    67
     648 00100011  -0.0344   0.2921   0.0308   0.0271    98   128    56   110    5.8    6.6    1.7    6.7    64    72    17    67
     649 00100011  -0.0312   0.2869   0.0418   0.0360    87   111    90   107    4.8    5.3    5.8    6.4    63    69    72    75
     650 00100011  -0.0237   0.2843   0.0438   0.0377    87   121    62    91    4.8    6.1    2.6    5.0    59    65    29    61
     651 00100011  -0.0062   0.2894  -0.0083   0.0147    60    89    47    72    1.6    3.4    0.2    3.0    28    44     2    44
     652 00100011  -0.0626   0.2965   0.0023   0.0013    75   109    62    88    3.5    5.2    2.6    4.7    55    67    29    58
     653 00100011  -0.0468   0.2842  -0.0089  -0.0037    83   118    65    87    4.4    5.9    3.0    4.6    51    73    29    62
     654 00100011  -0.0637   0.2699  -0.0092  -0.0005    64    92    58    88    2.1    3.7    2.0    4.7    30    47    15    66
     655 00100011  -0.0364   0.2310  -0.0181  -0.0084    76    97    70   104    3.6    4.2    3.6    6.2    42    47    40    65
     656 00100011  -0.0543   0.2219  -0.0221  -0.0254    63   104    55    93    2.0    4.8    1.6    5.2    36    60    28    59
     657 00100011  -0.0685   0.2302  -0.0191  -0.0191    84   122    74   110    4.5    6.2    4.1    6.7    62    76    50    76
     658 00100011  -0.0637   0.2113  -0.0089  -0.0056    97   116    74   106    5.8    5.7    4.1    6.4    63    69    45    76
     659 00100011  -0.0508   0.2127   0.0328   0.0091    52    80    69    63    0.3    2.5    3.5    1.8    10    33    46    22
     660 00100011  -0.0716   0.2466   0.0638   0.0530    67   107    64    85    2.5    5.0    2.9    4.4    37    62    32    55
     661 00100011  -0.0878   0.2234   0.0433   0.0385    75   100    77   100    3.5    4.4    4.5    5.8    51    53    57    71
     662 00100011  -0.0670   0.2537   0.0195   0.0157   111   141    89   132    6.9    7.4    5.7    8.3    69    82    56    85
     663 00100011  -0.0381   0.2658   0.0131   0.0124    92   117    66    99    5.3    5.8    3.1    5.8    53    65    36    70
     664 00100011  -0.0286   0.2533  -0.0056  -0.0066   102   129    67   107    6.2    6.6    3.3    6.4    64    74    39    74
     665 00100011  -0.0409   0.2752   0.0130   0.0138    76   107    69    92    3.6    5.0    3.5    5.1    49    59    45    59
     666 00100011   0.0329   0.2817   0.0297   0.0133    60    88    83    85    1.6    3.3    5.1    4.4    27    42    58    35
     667 00100011   0.0202   0.2763  -0.0304  -0.0255    68    97    59    89    2.7    4.2    2.2    4.8    44    48    30    55
     668 00100011   0.0084   0.2639  -0.0357  -0.0421    71   108    83    92    3.0    5.1    5.1    5.1    43    63    62    60
     669 00100011  -0.0533   0.2471  -0.0690  -0.0753    69   115    61   107    2.8    5.7    2.5    6.4    33    66    27    71
     670 00100011   0.2064   0.2900  -0.1121  -0.0516    53    77    44    61    0.5    2.2   -0.4    1.6     1    27    10    24
     671 00100011  -0.0069   0.2247  -0.0098  -0.0235    56    77    54    66    1.0    2.2    1.4    2.2    24    38    19    24
     672 00100011  -0.0133   0.2618  -0.0085  -0.0095    86   126    65   111    4.7    6.4    3.0    6.8    57    76    29    76
     673 00100011  -0.0152   0.2793   0.0014  -0.0107    61   100    71    75    1.7    4.4    3.8    3.3    16    60    40    28
     674 00100011  -0.0260   0.2837  -0.0071  -0.0129    78   115    66   100    3.9    5.7    3.1    5.8    53    72    34    70
     675 00100011  -0.0159   0.2619  -0.0160  -0.0149   101   134    74   125    6.1    7.0    4.1    7.8    70    79    46    82
     676 00100011  -0.0010   0.2465  -0.0082  -0.0156    67   112    69    79    2.5    5.4    3.5    3.8    36    67    48    44
     677 00100011  -0.0155   0.2582  -0.0028  -0.0036    80   107    72    96    4.1    5.0    3.9    5.5    54    68    41    64
     678 00100011  -0.0189   0.2615   0.0119   0.0052    80   106    67    99    4.1    4.9    3.3    5.8    54    66    33    62
     679 00100011  -0.0010   0.2600  -0.0056  -0.0013    67   109    67   100    2.5    5.2    3.3    5.8    32    69    47    69
     680 00100011   0.0145   0.2516  -0.0206  -0.0108    57    93    62    81    1.1    3.8    2.6    4.0    20    44    35    50
     681 00100011  -0.0047   0.2424  -0.0074  -0.0117    83   110    89   117    4.4    5.3    5.7    7.2    57    66    66    78
     682 00100011  -0.0040   0.2466  -0.0045  -0.0070    91   131    92   104    5.2    6.8    6.0    6.2    58    79    64    76
     683 00100011  -0.0023   0.2573   0.0028   0.0002    93   120    73   121    5.4    6.0    4.0    7.5    62    73    39    80
     684 00100011  -0.0233   0.2603   0.0192   0.0092    64   105    59    91    2.1    4.9    2.2    5.0    30    63    18    63
     685 00100011  -0.0099   0.2480   0.0229   0.0234    72   102    84    98    3.2    4.6    5.2    5.7    40    52    59    67
     686 00100011  -0.0205   0.2649  -0.0009  -0.0079    93   114    82   103    5.4    5.6    5.0    6.1    67    71    65    68
     687 00100011   0.0148   0.2734   0.0001  -0.0074   100   129    71   132    6.0    6.6    3.8    8.3    62    78    34    79
     688 00100011   0.0166   0.2646  -0.0040  -0.0077   123   154    96   137    7.8    8.2    6.4    8.6    77    90    60    87
     689 00100011  -0.0049   0.2970  -0.0052  -0.0097    79   107    80    93    4.0    5.0    4.8    5.2    45    63    53    61
     690 00100011  -0.0005   0.2967  -0.0011  -0.0052   113   140    96   140    7.1    7.4    6.4    8.8    72    78    62    81
     691 00100011   0.0007   0.3109  -0.0220  -0.0230   108   144    93   119    6.7    7.6    6.1    7.4    71    85    67    82
     692 00100011  -0.0390   0.2494  -0.0084   0.0009    56    80    57    80    1.0    2.5    1.9    3.9    21    29    30    46
     693 00100011   0.0123   0.2801   0.0352   0.0324    54    85    66    66    0.7    3.0    3.1    2.2    16    38    42    34
     694 00100011  -0.0104   0.2788   0.0139   0.0024    76   113    71    86    3.6    5.5    3.8    4.5    55    73    47    56
     695 00100011   0.0187   0.2681  -0.0041  -0.0053    68    97    61    90    2.7    4.2    2.5    4.9    34    56    29    64
     696 00100011   0.0273   0.2506   0.0336  -0.0002    51    83    50    59    0.2    2.8    0.7    1.3    12    38    15    18
     697 00100011   0.1028   0.2660  -0.0014   0.0277    67    94    49    88    2.5    3.9    0.5    4.7    40    54     7    63
     698 00100011  -0.0241   0.2964   0.0101   0.0020    56    81    67    68    1.0    2.6    3.3    2.5    16    36    38    31
     699 00100011  -0.0242   0.2475   0.0361   0.0248    75   102    80    99    3.5    4.6    4.8    5.8    52    55    56    67
     700 00100011  -0.0463   0.3034  -0.0045   0.0174    53    83    54    80    0.5    2.8    1.4    3.9    11    37    19    56
     701 00100011  -0.0736   0.3121  -0.0060  -0.0018    63    84    56    69    2.0    2.9    1.7    2.6    31    34    21    35
     702 00100011  -0.0255   0.2712   0.0070   0.0080   112   128    89   121    7.0    6.6    5.7    7.5    67    75    61    82
     703 00100011  -0.0179   0.2682   0.0000   0.0004    87   115    67   105    4.8    5.7    3.3    6.3    59    72    33    72
     704 00100011   0.3798   0.2999  -0.0793  -0.0032    55    94    44    72    0.8    3.9   -0.4    3.0    13    56     8    38
     705 00100011  -0.0253   0.2625   0.0092   0.0108    56    80    48    73    1.0    2.5    0.4    3.1    20    30    11    45
     706 00100011  -0.0580   0.2807  -0.0133  -0.0091    67   101    58    98    2.5    4.5    2.0    5.7    38    53    14    66
     707 00100011  -0.0615   0.2654   0.0147   0.0046    68   103    72    89    2.7    4.7    3.9    4.8    41    56    49    58
     708 00100011   0.0019   0.2794   0.0038   0.0125    79    99    58   102    4.0    4.3    2.0    6.0    58    51    23    71
     709 00100011  -0.0370   0.2816  -0.0049  -0.0054    91   135   108   138    5.2    7.0    7.4    8.6    63    75    70    82
     710 00100011  -0.0311   0.2928  -0.0035  -0.0095    87   114    67   111    4.8    5.6    3.3    6.8    55    64    38    75
     711 00100011  -0.0590   0.3113   0.0208   0.0202    83   134    72   103    4.4    7.0    3.9    6.1    57    78    44    72
     712 00100011  -0.0667   0.2914   0.0196   0.0144    84   137    92   117    4.5    7.2    6.0    7.2    48    79    59    81
     713 00100011  -0.0869   0.3001   0.0129   0.0088    92   136    70   109    5.3    7.1    3.6    6.6    64    74    41    67
     714 00100011  -0.0696   0.2849  -0.0019  -0.0052    68   109    58    84    2.7    5.2    2.0    4.3    37    65    32    50
     715 00100011  -0.0700   0.2640   0.0047   0.0057    70   102    66    82    2.9    4.6    3.1    4.1    53    50    43    59
     716 00100011  -0.0827   0.2757   0.0092  -0.0070    72   103    72    89    3.2    4.7    3.9    4.8    42    66    49    59
     717 00100011  -0.0640   0.2996   0.0070   0.0019    70    97    65    85    2.9    4.2    3.0    4.4    33    47    24    49
     718 00100011  -0.0559   0.2232  -0.0092  -0.0119    57    79    74    66    1.1    2.4    4.1    2.2    39    36    58    23
     719 00100011  -0.0371   0.2746  -0.0065  -0.0104    52    70    47    61    0.3    1.3    0.2    1.6    13    25    18    21
     720 00100011  -0.0520   0.2892   0.0397   0.0320    57    90    57    86    1.1    3.5    1.9    4.5    24    53    27    58
     721 00100011  -0.0553   0.2574   0.0371   0.0333    64    93    73    92    2.1    3.8    4.0    5.1    36    42    55    65
     722 00100011  -0.0459   0.2679   0.0543   0.0369    63    96    51    75    2.0    4.1    0.9    3.3    21    59     7    44
     723 00100011  -0.4917   0.2583   0.1308   0.0216    56    90    53    71    1.0    3.5    1.2    2.9    11    48     3    37
     724 00100011  -0.0777   0.2785   0.0122   0.0029    61    94    51    84    1.7    3.9    0.9    4.3    20    45     9    51
     725 00100011  -0.0618   0.2455   0.0097  -0.0005    95   138    73   117    5.6    7.2    4.0    7.2    62    77    39    75
     726 00100011  -0.0290   0.2278   0.0057   0.0123    63    95    50    69    2.0    4.0    0.7    2.6    35    50    14    37
     727 00100011  -0.0140   0.2817  -0.0001  -0.0014    84   113    78    85    4.5    5.5    4.6    4.4    54    65    60    57
     728 00100011  -0.0313   0.2711   0.0256   0.0211    76   120    69   106    3.6    6.0    3.5    6.4    52    74    47    72
     729 00100011  -0.0342   0.2862   0.0227   0.0222    76    97    88   103    3.6    4.2    5.6    6.1    48    54    60    76
     730 00100011  -0.0455   0.2666   0.0205   0.0144    82   122    80    98    4.3    6.2    4.8    5.7    53    70    53    63
     731 00100011  -0.0599   0.2721   0.0132   0.0079    64    97    53    81    2.1    4.2    1.2    4.0    26    49    10    43
     732 00100011  -0.0435   0.3141   0.0070   0.0228    65    84    54    72    2.3    2.9    1.4    3.0    32    35    13    41
     733 00100011  -0.0632   0.2517   0.0316   0.0129    56    70    52    73    1.0    1.3    1.1    3.1    15    22    14    30
     734 00100011  -0.0311   0.2490   0.0063   0.0069    78   117    59   108    3.9    5.8    2.2    6.5    54    67    33    72
     735 00100011  -0.0523   0.2425  -0.0054  -0.0095    83   109    99   122    4.4    5.2    6.7    7.6    59    63    77    84
     736 00100011  -0.0386   0.2407  -0.0100  -0.0158    81   109    78   108    4.2    5.2    4.6    6.5    51    68    51    75
     737 00100011  -0.0175   0.2528  -0.0086  -0.0126    81   120    64   101    4.2    6.0    2.9    5.9    50    75    32    68
     738 00100011  -0.0201   0.2402  -0.0140  -0.0202    98   138   104   142    5.8    7.2    7.1    8.9    64    81    74    85
     739 00100011  -0.0138   0.2313   0.0007   0.0002    83   119   105   118    4.4    5.9    7.2    7.3    55    63    71    80
     740 00100011   0.0178   0.2328  -0.0069  -0.0040    80   125    61    98    4.1    6.4    2.5    5.7    48    79    33    75
     741 00100011   0.0021   0.2216  -0.0104  -0.0101    72   101    55    82    3.2    4.5    1.6    4.1    51    58    33    46
     742 00100011  -0.0033   0.2340  -0.0134  -0.0176    89   116    85   103    5.0    5.7    5.3    6.1    61    68    61    70
     743 00100011   0.0026   0.2450  -0.0245  -0.0243    89   114    58    96    5.0    5.6    2.0    5.5    60    68    25    66
     744 00100011   0.0072   0.2549  -0.0216  -0.0251   103   128    83   114    6.3    6.6    5.1    7.0    69    79    48    76
     745 00100011   0.0085   0.2508  -0.0314  -0.0344    88   118    82   105    4.9    5.9    5.0    6.3    59    77    57    73
     746 00100011   0.0015   0.2389  -0.0167  -0.0168    86   131    65    95    4.7    6.8    3.0    5.4    50    76    33    65
     747 00100011  -0.0062   0.2414   0.0049   0.0038    71   110    59    96    3.0    5.3    2.2    5.5    45    67    28    68
     748 00100011   0.0175   0.2724  -0.0317  -0.0329    69   113    80    82    2.8    5.5    4.8    4.1    29    56    50    51
     749 00100011   0.0317   0.2425   0.0196   0.0055    53    86    59    64    0.5    3.1    2.2    2.0    17    41    34    12
     750 00100011  -0.0045   0.2613   0.0374   0.0244    58    86    50    76    1.3    3.1    0.7    3.5    16    44     5    47
     751 00100011   0.0014   0.2545   0.0188   0.0140    64    89    57    79    2.1    3.4    1.9    3.8    45    47    31    42
     752 00100011   0.0118   0.2709   0.0041   0.0036    67   100    92    96    2.5    4.4    6.0    5.5    32    55    64    66
     753 00100011   0.0133   0.2850  -0.0162  -0.0163    83   100    84    88    4.4    4.4    5.2    4.7    56    55    56    65
     754 00100011   0.0305   0.2736  -0.0146  -0.0121    62    78    50    72    1.9    2.3    0.7    3.0    30    30    15    35
     755 00100011   0.0076   0.2626  -0.0158  -0.0242    96   125    99   121    5.7    6.4    6.7    7.5    66    75    71    79
     756 00100011   0.0337   0.2790  -0.0206  -0.0197    68   104    79    81    2.7    4.8    4.7    4.0    35    56    50    55
     757 00100011   0.0187   0.2694  -0.0149  -0.0183    91   101    82    89    5.2    4.5    5.0    4.8    65    61    60    60
     758 00100011   0.0325   0.2878  -0.0172  -0.0157    60    90    56    71    1.6    3.5    1.7    2.9    27    48    12    41
     759 00100011   0.0120   0.2776   0.0059   0.0021    60    91    64    83    1.6    3.6    2.9    4.2    28    48    32    56
     760 00100011  -0.0047   0.2640   0.0096   0.0021    85   123    66    98    4.6    6.2    3.1    5.7    64    73    43    69
     761 00100011   0.0125   0.2671  -0.0045  -0.0010    59    79    54    71    1.4    2.4    1.4    2.9    17    28    17    42
     762 00100011  -0.0278   0.2513   0.0038  -0.0049    77   119    98   118    3.8    5.9    6.6    7.3    48    66    71    76
     763 00100011   0.0086   0.2635   0.0177   0.0093    78   114    80   111    3.9    5.6    4.8    6.8    57    73    59    76
     764 00100011   0.0354   0.2673   0.0070   0.0055    77   124    59   101    3.8    6.3    2.2    5.9    53    74    17    74
     765 00100011  -0.0606   0.2200   0.0039  -0.0142    68    98    60    86    2.7    4.3    2.3    4.5    44    62    23    56
     766 00100011   0.0308   0.2331   0.0401   0.0138    49    77    51    61   -0.2    2.2    0.9    1.6     6    39    24    16
     767 00100011  -0.0094   0.3008  -0.0266  -0.0245    60    95    55    83    1.6    4.0    1.6    4.2    29    51    15    49
     768 00100011  -0.0644   0.2664   0.0151   0.0070    76   103    69   100    3.6    4.7    3.5    5.8    46    59    29    67
     769 00100011  -0.0230   0.2677  -0.0006  -0.0059    74    93    94   103    3.4    3.8    6.2    6.1    45    50    66    66
     770 00100011  -0.0063   0.2295   0.0114  -0.0105    51    87    52    68    0.2    3.2    1.1    2.5    14    50    24    32
     771 00100011  -0.0614   0.2257   0.0227   0.0193    60    84    54    71    1.6    2.9    1.4    2.9    29    40    19    49
     772 00100011  -0.0555   0.2610   0.0224   0.0252    70    92    80    81    2.9    3.7    4.8    4.0    38    44    56    50
     773 00100011  -0.0339   0.2458   0.0307   0.0216    81   100    76    84    4.2    4.4    4.4    4.3    56    57    56    55
     774 00100011  -0.0481   0.2264   0.0249   0.0221    79   119    56   101    4.0    5.9    1.7    5.9    51    70    15    71
     775 00100011   0.0103   0.2343   0.0082   0.0242    71   116    56    92    3.0    5.7    1.7    5.1    46    67    20    65
     776 00100011  -0.0114   0.2373   0.0161   0.0259    82   117    67   113    4.3    5.8    3.3    6.9    58    64    38    79
     777 00100011  -0.0388   0.2578   0.0398   0.0346    64   106    68    91    2.1    4.9    3.4    5.0    30    61    40    61
     778 00100011  -0.0727   0.2550   0.0469   0.0281    80   105    59    94    4.1    4.9    2.2    5.3    50    71    22    67
     779 00100011  -0.0489   0.2660   0.0300   0.0262    89   121    76   100    5.0    6.1    4.4    5.8    59    79    49    67
     780 00100011  -0.0219   0.2415   0.0316   0.0318    90   141    76   118    5.1    7.4    4.4    7.3    59    82    47    80
     781 00100011  -0.0351   0.2483   0.0469   0.0449    90   110    71   106    5.1    5.3    3.8    6.4    63    70    46    73
     782 00100011  -0.0655   0.2784   0.0300   0.0251    59    87    56    74    1.4    3.2    1.7    3.2    21    39    19    43
     783 00100011  -0.0575   0.2372   0.0249   0.0188    59    84    64    69    1.4    2.9    2.9    2.6    28    36    35    33
     784 00100011  -0.1133   0.2596   0.0204   0.0288    52    79    55    61    0.3    2.4    1.6    1.6     6    31    23    23
     785 00100011  -0.0271   0.2473   0.0413   0.0397    69    98    57    95    2.8    4.3    1.9    5.4    48    61    27    70
     786 00100011  -0.0288   0.2559   0.0314   0.0381    81   121    66   106    4.2    6.1    3.1    6.4    51    69    26    77
     787 00100011  -0.0560   0.2332   0.0161   0.0068    84   122    70   114    4.5    6.2    3.6    7.0    58    67    43    73
     788 00100011  -0.0482   0.1878   0.0262   0.0148    58    81    51    69    1.3    2.6    0.9    2.6    25    36    16    29
     789 00100011  -0.0525   0.2375   0.0124   0.0095    83   117    59    99    4.4    5.8    2.2    5.8    51    69    29    70
     790 00100011  -0.0661   0.2642   0.0264   0.0241    60    93    51    68    1.6    3.8    0.9    2.5    33    48    19    35
     791 00100011  -0.0482   0.2559   0.0236   0.0239    78   103    67   107    3.9    4.7    3.3    6.4    50    58    30    74
     792 00100011  -0.0560   0.2471   0.0232   0.0286    83   125    83   106    4.4    6.4    5.1    6.4    51    75    54    76
     793 00100011  -0.0598   0.2659   0.0213   0.0194    58    90    71    77    1.3    3.5    3.8    3.6     7    39    45    41
     794 00100011  -0.0422   0.2484   0.0000  -0.0009    93   126    75   109    5.4    6.4    4.2    6.6    63    77    51    73
     795 00100011  -0.0963   0.2680  -0.0269  -0.0052    50    77    56    59    0.0    2.2    1.7    1.3     7    23    26    29
     796 00100011  -0.0376   0.2888  -0.0018  -0.0129    56    92    59    82    1.0    3.7    2.2    4.1    15    46    33    48
     797 00100011  -0.0166   0.2676  -0.0196  -0.0272    67   105    77   103    2.5    4.9    4.5    6.1    37    62    54    61
     798 00100011  -0.0009   0.2476   0.0066   0.0106    57    79    55    65    1.1    2.4    1.6    2.1    18    25    20    27
     799 00100011  -0.0247   0.2930  -0.0111  -0.0121    76   127    58   102    3.6    6.5    2.0    6.0    49    72    24    71
     800 00100011  -0.0181   0.3017   0.0198   0.0201    74   112    61    91    3.4    5.4    2.5    5.0    45    62    21    69
     801 00100011  -0.0534   0.3173  -0.0191  -0.0229    66    86    57    73    2.4    3.1    1.9    3.1    33    38    16    45
     802 00100011  -0.0308   0.3409  -0.0077  -0.0116    93   129    74   108    5.4    6.6    4.1    6.5    62    77    41    69
     803 00100011  -0.0368   0.3167  -0.0581  -0.0169    53    74    53    79    0.5    1.8    1.2    3.8    11    18    14    60
     804 00100011  -0.0730   0.2964  -0.0102  -0.0144    72   116    62   109    3.2    5.7    2.6    6.6    35    65    19    67
     805 00100011  -0.0301   0.2614  -0.0221  -0.0269    84   118    65   114    4.5    5.9    3.0    7.0    54    67    28    72
     806 00100011  -0.0415   0.3145  -0.0029  -0.0062    79   116    80    98    4.0    5.7    4.8    5.7    57    65    56    69
     807 00100011  -0.0330   0.3299   0.0025  -0.0002    80   122    78    92    4.1    6.2    4.6    5.1    47    67    53    65
     808 00100011  -0.0480   0.3417  -0.0022  -0.0023    82   103    75    93    4.3    4.7    4.2    5.2    53    60    47    64
     809 00100011   0.0018   0.2857  -0.0157  -0.0149    95   139    76   116    5.6    7.3    4.4    7.1    58    80    42    81
     810 00100011  -0.0019   0.2738  -0.0035  -0.0073    90   121    98   117    5.1    6.1    6.6    7.2    60    78    72    78
     811 00100011  -0.0070   0.2901  -0.0227  -0.0221    65   114    83   101    2.3    5.6    5.1    5.9    36    58    63    74
     812 00100011  -0.0030   0.3032  -0.0374  -0.0513    91   104    68    89    5.2    4.8    3.4    4.8    57    58    46    54
     813 00100011   0.0329   0.3215  -0.0574  -0.0622   100   137    73   120    6.0    7.2    4.0    7.4    61    75    47    73
     814 00100011   0.0590   0.3080  -0.0542  -0.0609    76    96    74    83    3.6    4.1    4.1    4.2    52    53    55    51
     815 00100011   0.0422   0.3050  -0.0488  -0.0529    93   123    80    99    5.4    6.2    4.8    5.8    64    70    49    69
     816 00100011   0.0125   0.2814  -0.0346  -0.0354    69   105    65    96    2.8    4.9    3.0    5.5    27    52    26    62
     817 00100011   0.0680   0.2914  -0.0247  -0.0219    82   118    76   108    4.3    5.9    4.4    6.5    53    66    51    72
     818 00100011   0.0309   0.3114  -0.0326  -0.0333    74   109    75    93    3.4    5.2    4.2    5.2    48    66    52    63
     819 00100011  -0.0449   0.2984  -0.0164  -0.0213    94   112    83   120    5.5    5.4    5.1    7.4    61    64    52    75
     820 00100011  -0.0340   0.2820   0.0079   0.0160    69    83    76    77    2.8    2.8    4.4    3.6    41    33    54    60
     821 00100011  -0.0303   0.2984   0.0026  -0.0049    73    99    70    93    3.3    4.3    3.6    5.2    39    57    43    63
     822 00100011  -0.0288   0.3155  -0.0211  -0.0155    89   148    65   130    5.0    7.8    3.0    8.1    56    81    21    78
     823 00100011  -0.0506   0.3238  -0.0155  -0.0233    90   112    80   108    5.1    5.4    4.8    6.5    66    72    56    77
     824 00100011  -0.0538   0.3056  -0.0144  -0.0317    77   111    71    85    3.8    5.3    3.8    4.4    46    65    42    56
     825 00100011  -0.0197   0.3086  -0.0225  -0.0256    70   105    59    92    2.9    4.9    2.2    5.1    42    63    31    63
     826 00100011  -0.0396   0.2909  -0.0060  -0.0133    79   111    67    97    4.0    5.3    3.3    5.6    52    66    44    57
     827 00100011  -0.0433   0.2776   0.0044  -0.0055    88   130    87   125    4.9    6.7    5.5    7.8    57    78    56    83
     828 00100011  -0.0580   0.2875   0.0014  -0.0037    66   115    54    83    2.4    5.7    1.4    4.2    27    68    13    44
     829 00100011  -0.0589   0.2788  -0.0284  -0.0207    56    83    56    75    1.0    2.8    1.7    3.3    21    34    37    56
     830 00100011  -0.0398   0.2757  -0.0137  -0.0176    86   110    89   108    4.7    5.3    5.7    6.5    61    64    60    76
     831 00100011  -0.0056   0.2904  -0.0177  -0.0043    64    85    51    70    2.1    3.0    0.9    2.8    32    36    11    32
     832 00100011  -0.0180   0.2808   0.0135   0.0048    60    84    55    62    1.6    2.9    1.6    1.7    27    35    22    23
     833 00100011  -0.0424   0.2993   0.0061  -0.0008    77   103    64    97    3.8    4.7    2.9    5.6    57    70    34    68
     834 00100011  -0.0599   0.2606   0.0323   0.0192    62   102    64    77    1.9    4.6    2.9    3.6    24    52    44    46
     835 00100011   0.0198   0.2909   0.0319   0.0289    96   125    91   130    5.7    6.4    5.9    8.1    62    78    62    85
     836 00100011   0.0247   0.3215   0.0216   0.0079    84   112    74   108    4.5    5.4    4.1    6.5    58    58    46    55
     837 00100011   0.0254   0.3462  -0.0335  -0.0408    77   114    69   104    3.8    5.6    3.5    6.2    57    67    47    70
     838 00100011   0.0113   0.3304  -0.0200  -0.0381    79   113    71   105    4.0    5.5    3.8    6.3    45    56    34    64
     839 00100011   0.0067   0.3308   0.0084  -0.0093    85   126    82   115    4.6    6.4    5.0    7.1    43    54    38    62
     840 00100011  -0.0521   0.3251   0.0388   0.0156    76   123    63   105    3.6    6.2    2.7    6.3    40    69    32    54
     841 00100011  -0.0264   0.2923   0.0398   0.0331    92   113    67    89    5.3    5.5    3.3    4.8    59    66    31    58
     842 00100011   0.0242   0.2970   0.0288   0.0348    68    97    59    85    2.7    4.2    2.2    4.4    36    48    22    55
     843 00100011   0.0074   0.2620   0.0232   0.0033    51    73    59    64    0.2    1.7    2.2    2.0    13    20    34    23
     844 00100011  -0.0187   0.2430   0.0139   0.0098    73   105    79   103    3.3    4.9    4.7    6.1    45    56    61    73
     845 00100011  -0.0406   0.2404   0.0017   0.0030    84   116    66    94    4.5    5.7    3.1    5.3    63    67    39    58
     846 00100011  -0.0567   0.2209   0.0208   0.0069    72   108    52    76    3.2    5.1    1.1    3.5    50    69    25    39
     847 00100011  -0.0155   0.2579   0.0156   0.0145    88   116    68   110    4.9    5.7    3.4    6.7    63    64    42    68
     848 00100011  -0.0031   0.2625   0.0304   0.0343    80   109    79   109    4.1    5.2    4.7    6.6    49    66    54    74
     849 00100011  -0.0059   0.2611   0.0184   0.0140    64    89    62    80    2.1    3.4    2.6    3.9    34    36    30    43
     850 00100011  -0.0114   0.2341   0.0210   0.0142    86   119    71   124    4.7    5.9    3.8    7.7    52    77    42    77
     851 00100011  -0.0243   0.2205   0.0199   0.0159    62    87    68    66    1.9    3.2    3.4    2.2    35    42    40    34
     852 00100011  -0.0206   0.2536   0.0335   0.0244    62    82    51    74    1.9    2.7    0.9    3.2    28    33    13    33
     853 00100011  -0.0048   0.2222   0.0513   0.0171    53    78    53    64    0.5    2.3    1.2    2.0     6    36    14    16
     854 00100011  -0.0286   0.2554   0.0204   0.0154    63    81    63    77    2.0    2.6    2.7    3.6    21    36    27    47
     855 00100011  -0.0389   0.2336   0.0032   0.0049    84   126    58   107    4.5    6.4    2.0    6.4    50    77    10    72
     856 00100011  -0.0486   0.2380   0.0147   0.0035    67    95    74    90    2.5    4.0    4.1    4.9    39    59    50    58
     857 00100011  -0.0410   0.2711  -0.0635  -0.0018    52    79    51    69    0.3    2.4    0.9    2.6    14    24    11    38
     858 00100011  -0.0332   0.2289   0.0038  -0.0023    57    83    60    70    1.1    2.8    2.3    2.8    25    45    29    45
     859 00100011  -0.0717   0.2113   0.0018  -0.0114    81   116    54    95    4.2    5.7    1.4    5.4    52    72    16    56
     860 00100011  -0.0607   0.2200  -0.0097  -0.0137   105   127    76   123    6.4    6.5    4.4    7.6    65    71    42    79
     861 00100011  -0.0547   0.2192   0.0122   0.0062    61   100    68    94    1.7    4.4    3.4    5.3    38    61    51    70
     862 00100011  -0.0682   0.2424   0.0212   0.0148    56    84    51    70    1.0    2.9    0.9    2.8    21    40    14    35
     863 00100011  -0.0463   0.2410   0.0163   0.0094    74   108    89   112    3.4    5.1    5.7    6.8    40    57    63    72
     864 00100011  -0.0580   0.2648   0.0248   0.0258    90   118    70   112    5.1    5.9    3.6    6.8    63    75    35    74
     865 00100011  -0.0527   0.2785   0.0144   0.0137    80   100    63   103    4.1    4.4    2.7    6.1    52    63    23    69
     866 00100011  -0.0399   0.2596   0.0054  -0.0030    67    91    65    86    2.5    3.6    3.0    4.5    41    57    39    61
     867 00100011  -0.0508   0.2289   0.0268   0.0144    74    94    65    83    3.4    3.9    3.0    4.2    44    57    51    51
     868 00100011  -0.0766   0.2543   0.0231   0.0129    78   103    58    87    3.9    4.7    2.0    4.6    52    63    12    56
     869 00100011  -0.0540   0.2401   0.0221   0.0108    77   122    71   106    3.8    6.2    3.8    6.4    45    70    48    67
     870 00100011  -0.0119   0.2556   0.0359   0.0328    79   114    78   103    4.0    5.6    4.6    6.1    49    68    47    73
     871 00100011  -0.0340   0.2797   0.0218   0.0184    92   126    64   110    5.3    6.4    2.9    6.7    61    78    33    74
     872 00100011  -0.0430   0.3070   0.0138   0.0090    77   111    68    86    3.8    5.3    3.4    4.5    42    65    27    61
     873 00100011  -0.0217   0.2780   0.0058   0.0066    60    82    56    68    1.6    2.7    1.7    2.5    28    36    15    39
     874 00100011   0.0025   0.2817  -0.0072  -0.0070    79   110    70    89    4.0    5.3    3.6    4.8    53    61    46    59
     875 00100011   0.0466   0.3115  -0.0409  -0.0339    84   117    73   111    4.5    5.8    4.0    6.8    54    65    47    69
     876 00100011   0.0082   0.2975  -0.0253  -0.0261    95   125    85   128    5.6    6.4    5.3    8.0    63    72    56    79
     877 00100011  -0.0106   0.2840  -0.0171  -0.0240    68    95    49    72    2.7    4.0    0.5    3.0    39    56     6    41
     878 00100011  -0.0351   0.2829   0.0074  -0.0058    86   122    74   111    4.7    6.2    4.1    6.8    53    66    46    68
     879 00100011  -0.0118   0.2914   0.0038   0.0030    77    97    67    86    3.8    4.2    3.3    4.5    42    54    41    59
     880 00100011  -0.0216   0.2806   0.0147   0.0091    88   133    97   121    4.9    6.9    6.5    7.5    58    77    66    80
     881 00100011  -0.0207   0.2388   0.0048   0.0053    62    78    58    70    1.9    2.3    2.0    2.8    34    30    40    49
     882 00100011  -0.0262   0.2700  -0.0040  -0.0080    67    98    54    88    2.5    4.3    1.4    4.7    44    53    24    56
     883 00100011   0.0063   0.2910   0.0017   0.0014    85   125    72   110    4.6    6.4    3.9    6.7    61    74    46    77
     884 00100011  -0.0299   0.2844   0.0005  -0.0020    81   117    59    99    4.2    5.8    2.2    5.8    52    66    18    71
     885 00100011  -0.0154   0.2727  -0.0041  -0.0063   104   139    85   135    6.4    7.3    5.3    8.5    71    82    57    82
     886 00100011  -0.0105   0.2493   0.0038   0.0040    78   127    71    99    3.9    6.5    3.8    5.8    54    72    43    69
     887 00100011  -0.0302   0.2858  -0.0020  -0.0038    66    86    68    99    2.4    3.1    3.4    5.8    31    45    46    69
     888 00100011  -0.0192   0.2792  -0.0157  -0.0181   103   122    76   119    6.3    6.2    4.4    7.4    73    73    52    79
     889 00100011   0.0024   0.2773  -0.0146  -0.0200    84   117    80   113    4.5    5.8    4.8    6.9    55    75    56    75
     890 00100011  -0.0018   0.2709  -0.0071  -0.0116    89   118    89   102    5.0    5.9    5.7    6.0    57    70    65    68
     891 00100011   0.0227   0.2571  -0.0052  -0.0062    72    98    60    87    3.2    4.3    2.3    4.6    46    57    34    64
     892 00100011  -0.0544   0.2850  -0.0168  -0.0270    75    92    74    88    3.5    3.7    4.1    4.7    43    49    45    56
     893 00100011   0.0373   0.2941   0.0008   0.0180    66   104    52    86    2.4    4.8    1.1    4.5    26    54     9    56
     894 00100011   0.0155   0.2898  -0.0164  -0.0184    91   132    79   120    5.2    6.8    4.7    7.4    69    75    64    76
     895 00100011  -0.0201   0.2817  -0.0152  -0.0168   104   143    86   126    6.4    7.5    5.4    7.9    72    85    62    80
     896 00100011  -0.0081   0.2796  -0.0260  -0.0285    72   102    77    87    3.2    4.6    4.5    4.6    52    56    64    66
     897 00100011  -0.0494   0.2938  -0.0509  -0.0528    83   111    84   104    4.4    5.3    5.2    6.2    56    63    59    72
     898 00100011  -0.0553   0.2513  -0.0348  -0.0377    91   122    76   109    5.2    6.2    4.4    6.6    65    74    49    78
     899 00100011  -0.0664   0.2668  -0.0269  -0.0315   114   136   104   140    7.2    7.1    7.1    8.8    73    83    66    87
     900 00100011  -0.0436   0.2662   0.0104   0.0023    74   108    63   100    3.4    5.1    2.7    5.8    40    57    24    62
     901 00100011  -0.0862   0.2364   0.0476   0.0290    65   110    58    91    2.3    5.3    2.0    5.0    25    65    24    56
     902 00100011  -0.0542   0.2661   0.0372   0.0341    88   116    72   108    4.9    5.7    3.9    6.5    60    65    39    73
     903 00100011  -0.0452   0.2667   0.0363   0.0236    56    84    51    69    1.0    2.9    0.9    2.6    12    42    14    35
     904 00100011  -0.0532   0.2428   0.0170   0.0124    56    84    49    66    1.0    2.9    0.5    2.2    19    41    14    35
     905 00100011  -0.0697   0.2428   0.0235   0.0123    87   117    76   103    4.8    5.8    4.4    6.1    51    68    54    55
     906 00100011  -0.0540   0.3028   0.0096  -0.0005    57    85    61    68    1.1    3.0    2.5    2.5    22    40    32    32
     907 00100011  -0.0698   0.3186  -0.0037  -0.0050    73   103    69    98    3.3    4.7    3.5    5.7    44    55    39    59
     908 00100011  -0.0377   0.3023  -0.0089  -0.0262    72   108    52    91    3.2    5.1    1.1    5.0    45    69    15    55
     909 00100011  -0.0549   0.2772   0.0165   0.0137    67    96    65    81    2.5    4.1    3.0    4.0    39    42    48    53
     910 00100011  -0.0475   0.2866   0.0060   0.0073    99   117    68   118    5.9    5.8    3.4    7.3    72    68    46    80
     911 00100011  -0.0124   0.2918  -0.0055  -0.0100    84   125    69   107    4.5    6.4    3.5    6.4    58    70    41    74
     912 00100011  -0.0290   0.2422   0.0049   0.0018    92   117    64   100    5.3    5.8    2.9    5.8    57    71    26    60
     913 00100011  -0.0125   0.2657  -0.0149  -0.0122    85   108    69   106    4.6    5.1    3.5    6.4    52    56    40    71
     914 00100011  -0.0094   0.2558  -0.0064  -0.0105    77   113    68    90    3.8    5.5    3.4    4.9    52    60    47    63
     915 00100011  -0.0008   0.2897  -0.0103  -0.0040    80   119    57    90    4.1    5.9    1.9    4.9    56    67    15    59
     916 00100011  -0.0188   0.2554   0.0097   0.0069    83   118    73   104    4.4    5.9    4.0    6.2    60    76    45    74
     917 00100011  -0.0180   0.2572   0.0037   0.0021    77   121    66   119    3.8    6.1    3.1    7.4    47    72    36    79
     918 00100011  -0.0456   0.2544   0.0092   0.0077    83   130    74   105    4.4    6.7    4.1    6.3    55    73    39    69
     919 00100011  -0.0346   0.2600  -0.0001   0.0005    70   104    78    96    2.9    4.8    4.6    5.5    32    61    45    63
     920 00100011  -0.0221   0.2703   0.0089   0.0057    66    89    59    79    2.4    3.4    2.2    3.8    45    44    32    49
     921 00100011   0.0067   0.2973   0.0097   0.0071    76   109    68   101    3.6    5.2    3.4    5.9    50    71    45    70
     922 00100011   0.0212   0.2787   0.0479   0.0457    71   100    69    87    3.0    4.4    3.5    4.6    44    51    40    60
     923 00100011   0.0238   0.2669   0.0399   0.0323    78   114    71   104    3.9    5.6    3.8    6.2    48    63    52    70
     924 00100011  -0.0323   0.2772   0.0461   0.0344    77   103    68   106    3.8    4.7    3.4    6.4    47    65    33    70
     925 00100011   0.0249   0.2796   0.0173   0.0303    76    94    61    88    3.6    3.9    2.5    4.7    53    45    32    65
     926 00100011  -0.0530   0.2378   0.0397   0.0333    74    90    67    86    3.4    3.5    3.3    4.5    52    45    46    61
     927 00100011  -0.0394   0.2475   0.0394   0.0306    70   109    69    93    2.9    5.2    3.5    5.2    49    63    43    68
     928 00100011  -0.0489   0.2676   0.0271   0.0231    76   116    73   105    3.6    5.7    4.0    6.3    36    65    42    70
     929 00100011  -0.0273   0.2358   0.0239   0.0212    98   132    71    95    5.8    6.8    3.8    5.4    69    75    51    63
     930 00100011  -0.0364   0.2519   0.0078   0.0066    90   119    87   118    5.1    5.9    5.5    7.3    62    71    60    77
     931 00100011  -0.0297   0.2475   0.0173   0.0110   104   138    82   121    6.4    7.2    5.0    7.5    72    82    61    77
     932 00100011  -0.0283   0.2534   0.0092   0.0045    80   113    77    93    4.1    5.5    4.5    5.2    55    76    52    69
     933 00100011  -0.0278   0.2712   0.0296   0.0234    58    80    76    72    1.3    2.5    4.4    3.0    17    26    57    36
     934 00100011  -0.0215   0.2513   0.0264   0.0249    67    94    74    91    2.5    3.9    4.1    5.0    39    44    49    61
     935 00100011  -0.0481   0.2502   0.0316   0.0041    69   100    53    86    2.8    4.4    1.2    4.5    34    61     9    49
     936 00100011   0.0169   0.2347   0.0099   0.0014    80   116    83    99    4.1    5.7    5.1    5.8    53    67    51    72
     937 00100011   0.0020   0.2671  -0.0035  -0.0057    74    98    68    93    3.4    4.3    3.4    5.2    43    56    47    57
     938 00100011   0.0020   0.2630  -0.0179  -0.0215    92   140    79   120    5.3    7.4    4.7    7.4    61    83    54    79
     939 00100011  -0.0103   0.2522  -0.0131  -0.0195    77    95    73   102    3.8    4.0    4.0    6.0    53    60    47    72
     940 00100011  -0.0048   0.2697   0.0125   0.0067    90   123    80   114    5.1    6.2    4.8    7.0    65    74    60    76
     941 00100011  -0.0215   0.2726   0.0048  -0.0001   101   141    79   112    6.1    7.4    4.7    6.8    65    81    52    74
     942 00100011   0.0013   0.2840   0.0160   0.0182    65    94    60    85    2.3    3.9    2.3    4.4    37    47    28    66
     943 00100011  -0.0355   0.2761   0.0337   0.0085    55    87    46    64    0.8    3.2    0.0    2.0    12    41     6    25
     944 00100011   0.0011   0.2272   0.0252   0.0177    56    81    63    74    1.0    2.6    2.7    3.2    19    37    37    38
     945 00100011  -0.0073   0.2570   0.0100   0.0050    79   121    67    98    4.0    6.1    3.3    5.7    55    64    46    67
     946 00100011  -0.0180   0.2682  -0.0072  -0.0058    74   104    61    90    3.4    4.8    2.5    4.9    48    62    32    64
     947 00100011  -0.0672   0.2289   0.0111   0.0092    92   124    82   109    5.3    6.3    5.0    6.6    67    78    59    77
     948 00100011  -0.0376   0.2472  -0.0094  -0.0129    82   117    59    93    4.3    5.8    2.2    5.2    55    69    18    65
     949 00100011  -0.0050   0.2470  -0.0219  -0.0214    78   109    57    90    3.9    5.2    1.9    4.9    49    63    30    57
     950 00100011  -0.0412   0.2411  -0.0008  -0.0109    81   109    69   104    4.2    5.2    3.5    6.2    55    70    49    71
     951 00100011  -0.0261   0.2818  -0.0038   0.0012    70   105    62    96    2.9    4.9    2.6    5.5    33    53    18    68
     952 00100011  -0.0395   0.2819   0.0111   0.0149    82   106    60    86    4.3    4.9    2.3    4.5    58    62    30    55
     953 00100011   0.3086   0.2994   0.1091   0.0128    54    76    54    63    0.7    2.1    1.4    1.8    10    28    13    25
     954 00100011  -0.0454   0.2367   0.0220   0.0159    79   110    82   102    4.0    5.3    5.0    6.0    54    62    58    73
     955 00100011  -0.0356   0.2465   0.0012   0.0000    98   132    91   118    5.8    6.8    5.9    7.3    70    75    63    82
     956 00100011   0.4098   0.2921   0.0834   0.0275    52    83    51    60    0.3    2.8    0.9    1.4     8    27    10    26
     957 00100011  -0.0302   0.2479   0.0241   0.0133    64    84    66    68    2.1    2.9    3.1    2.5    39    43    37    41
     958 00100011  -0.0018   0.2209   0.0444   0.0379    59    87    70    68    1.4    3.2    3.6    2.5    19    42    47    26
     959 00100011  -0.0634   0.2578   0.0357   0.0372    54    77    61    66    0.7    2.2    2.5    2.2     9    26    34    30
     960 00100011  -0.0410   0.2619   0.0276   0.0225    99   120    76   110    5.9    6.0    4.4    6.7    70    78    46    77
     961 00100011  -0.0283   0.2526   0.0210   0.0147    90   136    85   112    5.1    7.1    5.3    6.8    64    83    65    76
     962 00100011  -0.0176   0.2683   0.0191   0.0141    65    99    56    79    2.3    4.3    1.7    3.8    30    57    23    52
     963 00100011  -0.0190   0.2455   0.0091   0.0072    84   105    68   100    4.5    4.9    3.4    5.8    58    67    38    71
     964 00100011  -0.0264   0.2503   0.0069   0.0038    68   105    63    70    2.7    4.9    2.7    2.8    43    62    43    39
     965 00100011  -0.0090   0.2242   0.0299   0.0242    69    97    77    99    2.8    4.2    4.5    5.8    35    49    51    70
     966 00100011  -0.0263   0.2255   0.0223   0.0193   104   126   106   123    6.4    6.4    7.3    7.6    75    78    76    82
     967 00100011  -0.0300   0.2214   0.0319   0.0312   105   141    68   114    6.4    7.4    3.4    7.0    70    83    42    76
     968 00100011  -0.0365   0.2485  -0.0010   0.0029    80   106    66    85    4.1    4.9    3.1    4.4    57    55    37    58
     969 00100011  -0.0404   0.2291   0.0129   0.0096    65    93    76    89    2.3    3.8    4.4    4.8    35    43    51    65
     970 00100011  -0.0527   0.2633   0.0235   0.0220    71   109    63    89    3.0    5.2    2.7    4.8    38    53    27    60
     971 00100011  -0.0638   0.2301   0.0486   0.0429    59    94    49    74    1.4    3.9    0.5    3.2    24    53    12    43
     972 00100011  -0.0544   0.2645   0.0450   0.0417    67    96    65    77    2.5    4.1    3.0    3.6    34    49    41    47
     973 00100011  -0.0671   0.2479   0.0317   0.0252    65   100    73    93    2.3    4.4    4.0    5.2    25    51    42    67
     974 00100011  -0.0555   0.2264   0.0231   0.0186    86   113    70   116    4.7    5.5    3.6    7.1    57    71    36    75
     975 00100011  -0.0643   0.2320   0.0064   0.0234    53    91    47    65    0.5    3.6    0.2    2.1     8    44     3    30
     976 00100011  -0.0572   0.2525   0.0083   0.0166    54    78    52    71    0.7    2.3    1.1    2.9    23    23    24    42
     977 00100011  -0.0281   0.2538   0.0131   0.0129    84   104    97   103    4.5    4.8    6.5    6.1    55    65    64    74
     978 00100011   0.0096   0.2433   0.0208   0.0147    69   102    70    81    2.8    4.6    3.6    4.0    19    56    49    42
     979 00100011  -0.0330   0.2196   0.0522   0.0594    62    88    53    82    1.9    3.3    1.2    4.1    39    37    13    56
     980 00100011  -0.0681   0.1792   0.0338   0.0376    80   108    61    77    4.1    5.1    2.5    3.6    47    51    28    40
     981 00100011  -0.0295   0.2528   0.0122   0.0145    78   130    67   104    3.9    6.7    3.3    6.2    45    66    44    69
     982 00100011   0.0064   0.2713  -0.0085  -0.0059    73   111    81    89    3.3    5.3    4.9    4.8    41    61    58    51
     983 00100011   0.0374   0.2783  -0.0215  -0.0201    65    96    54    67    2.3    4.1    1.4    2.4    34    54    22    37
     984 00100011  -0.0238   0.2325  -0.0261  -0.0302    58    82    65    78    1.3    2.7    3.0    3.7    22    39    44    47
     985 00100011  -0.0561   0.2351  -0.0313  -0.0285    66    91    90    99    2.4    3.6    5.8    5.8    33    41    66    69
     986 00100011  -0.0330   0.2460   0.0037   0.0010    62    97    59    85    1.9    4.2    2.2    4.4    33    55    28    57
     987 00100011   0.0072   0.2488   0.0121   0.0117    83   120    59    96    4.4    6.0    2.2    5.5    63    74    33    65
     988 00100011   0.0008   0.2573   0.0114   0.0151    62    93    55    86    1.9    3.8    1.6    4.5    28    44    13    61
     989 00100011  -0.0429   0.2828   0.0207   0.0182    99   137   100   131    5.9    7.2    6.7    8.2    67    78    69    80
     990 00100011  -0.0656   0.2695   0.0179   0.0088    76   110    63    82    3.6    5.3    2.7    4.1    48    69    41    47
     991 00100011  -0.0585   0.2611   0.0245   0.0231    82   107    98   117    4.3    5.0    6.6    7.2    58    63    62    79
     992 00100011  -0.0185   0.2522   0.0094   0.0104    74   119    81   102    3.4    5.9    4.9    6.0    37    61    53    57
     993 00100011  -0.0032   0.2141  -0.0156  -0.0179    65    80    63    76    2.3    2.5    2.7    3.5    36    28    26    51
     994 00100011  -0.0351   0.2718  -0.0445  -0.0500    73   107    59    89    3.3    5.0    2.2    4.8    43    62    18    55
     995 00100011  -0.0142   0.2288  -0.0339  -0.0360    90   135    68   125    5.1    7.0    3.4    7.8    53    77    25    79
     996 00100011  -0.0244   0.2272  -0.0404  -0.0412    86   124    86   121    4.7    6.3    5.4    7.5    63    75    63    82
     997 00100011  -0.0131   0.2353  -0.0312  -0.0359    78   120    68   111    3.9    6.0    3.4    6.8    51    70    42    75
     998 00100011  -0.0238   0.2406  -0.0272  -0.0352    94   124    73   101    5.5    6.3    4.0    5.9    65    72    57    69
     999 00100011   0.0652   0.2649  -0.0441  -0.0241    66    98    53    81    2.4    4.3    1.2    4.0    18    45     7    45
    1000 00100011  -0.0519   0.2301  -0.0297  -0.0377    79   122    83   114    4.0    6.2    5.1    7.0    47    72    54    78
    1001 00100011  -0.0416   0.2582   0.0007   0.0008    81   102    70   106    4.2    4.6    3.6    6.4    54    64    41    74
    1002 00100011  -0.0299   0.2541   0.0069   0.0018    71   114    61    92    3.0    5.6    2.5    5.1    41    67    28    59
    1003 00100011  -0.0306   0.2729   0.0298   0.0220    67    99    68    83    2.5    4.3    3.4    4.2    29    56    40    58
    1004 00100011  -0.0235   0.2624   0.0230   0.0270    72   106    76   105    3.2    4.9    4.4    6.3    34    59    48    73
    1005 00100011   0.0167   0.2555   0.0330   0.0257    86   112    85   108    4.7    5.4    5.3    6.5    63    66    63    76
    1006 00100011  -0.0061   0.2686   0.0260   0.0202    63    94    50    68    2.0    3.9    0.7    2.5    38    59    25    39
    1007 00100011   0.0023   0.2699  -0.0037  -0.0064    92   125    78   113    5.3    6.4    4.6    6.9    60    77    55    78
    1008 00100011  -0.0030   0.2941  -0.0001  -0.0059    71   100    69    91    3.0    4.4    3.5    5.0    41    60    43    61
    1009 00100011  -0.0088   0.2658  -0.0094  -0.0117    88   129    81   115    4.9    6.6    4.9    7.1    60    77    55    78
    1010 00100011  -0.0419   0.2765   0.0089   0.0049    73   111    79    97    3.3    5.3    4.7    5.6    39    60    59    67
    1011 00100011  -0.0395   0.2756  -0.0391  -0.0394    89   125    60   102    5.0    6.4    2.3    6.0    62    76    28    70
    1012 00100011  -0.0395   0.3055  -0.0237  -0.0046    65    79    71    79    2.3    2.4    3.8    3.8    36    21    45    54
    1013 00100011  -0.0374   0.2974  -0.0094  -0.0164    76   104    72    95    3.6    4.8    3.9    5.4    34    52    33    57
    1014 00100011  -0.0436   0.2731   0.0155   0.0120    89   121    85    91    5.0    6.1    5.3    5.0    60    66    55    63
    1015 00100011  -0.0570   0.2404   0.0148   0.0119    59    84    62    82    1.4    2.9    2.6    4.1    25    42    35    54
    1016 00100011  -0.0807   0.2671   0.0001  -0.0180    71    92    49    82    3.0    3.7    0.5    4.1    44    55     7    50
    1017 00100011  -0.0188   0.2791   0.0174   0.0122    73   108    65    94    3.3    5.1    3.0    5.3    51    60    34    65
    1018 00100011   0.0013   0.2964   0.0150   0.0171    60   102    58    97    1.6    4.6    2.0    5.6    16    64    11    69
    1019 00100011  -0.0435   0.2780   0.0010  -0.0069    56    87    49    65    1.0    3.2    0.5    2.1    26    35    11    22
    1020 00100011  -0.0095   0.2746  -0.0009  -0.0097    92   129    63   111    5.3    6.6    2.7    6.8    64    75    29    70
    1021 00100011   0.0142   0.2694   0.0117   0.0156    82   112    69   103    4.3    5.4    3.5    6.1    54    58    40    65
    1022 00100011  -0.0014   0.2888   0.0334   0.0294    73   120    62   103    3.3    6.0    2.6    6.1    46    71    21    70
    1023 00100011  -0.0233   0.2672   0.0382   0.0269    75   106    76    92    3.5    4.9    4.4    5.1    40    58    49    62
    1024 00100011   0.0154   0.3031   0.0317   0.0333    69   108    69    92    2.8    5.1    3.5    5.1    39    66    46    65
    1025 00100011  -0.0300   0.2939   0.0086  -0.0011    92   129    70   111    5.3    6.6    3.6    6.8    57    81    30    76
    1026 00100011   0.0098   0.2899  -0.0015  -0.0064    64   100    57    86    2.1    4.4    1.9    4.5    30    56    27    53
    1027 00100011  -0.0086   0.2929  -0.0233  -0.0178    81   122    59   108    4.2    6.2    2.2    6.5    56    71    30    73
    1028 00100011  -0.0415   0.2873  -0.0039  -0.0156    94   130    73   111    5.5    6.7    4.0    6.8    60    79    44    70
    1029 00100011  -0.0125   0.3029  -0.0046  -0.0117    86   130    88   114    4.7    6.7    5.6    7.0    60    78    58    76
    1030 00100011   0.0053   0.3021  -0.0165  -0.0126    92   140    91   114    5.3    7.4    5.9    7.0    59    76    64    71
    1031 00100011  -0.0127   0.2911  -0.0183  -0.0226    99   129    73   118    5.9    6.6    4.0    7.3    64    78    49    77
    1032 00100011  -0.0295   0.2934  -0.0123  -0.0131    58    86    69    84    1.3    3.1    3.5    4.3    36    36    49    59
    1033 00100011  -0.0290   0.3115  -0.0085  -0.0194    81   104    68    94    4.2    4.8    3.4    5.3    52    69    38    65
    1034 00100011  -0.0301   0.3289  -0.0197  -0.0320    62    91    57    77    1.9    3.6    1.9    3.6    18    54    12    48
    1035 00100011  -0.0339   0.2887  -0.0530  -0.0538    70    95    58    76    2.9    4.0    2.0    3.5    50    56    32    55
    1036 00100011  -0.0633   0.2796  -0.0445  -0.0416    61    97    65    74    1.7    4.2    3.0    3.2    23    53    37    44
    1037 00100011  -0.0353   0.2857  -0.0536  -0.0508    69   101    64    85    2.8    4.5    2.9    4.4    41    64    38    59
    1038 00100011  -0.1185   0.2685  -0.0332  -0.0443    63    89    68    86    2.0    3.4    3.4    4.5    17    41    27    53
    1039 00100011  -0.0306   0.3080  -0.0221  -0.0278    94   118    78   106    5.5    5.9    4.6    6.4    65    69    49    76
    1040 00100011  -0.0506   0.3251   0.0085   0.0011   102   129    95   128    6.2    6.6    6.3    8.0    63    69    58    76
    1041 00100011  -0.0092   0.3286   0.0072  -0.0161    65   102    59    95    2.3    4.6    2.2    5.4    30    60    34    65
    1042 00100011  -0.0096   0.3383  -0.0011  -0.0066   101   136    97   128    6.1    7.1    6.5    8.0    64    80    68    81
    1043 00100011   0.0042   0.2972   0.0013  -0.0027    86   123    86   115    4.7    6.2    5.4    7.1    55    67    62    72
    1044 00100011  -0.0219   0.3055   0.0091   0.0045    92   118    88   105    5.3    5.9    5.6    6.3    59    69    55    72
    1045 00100011  -0.0419   0.2998   0.0245   0.0211    89   119    71   107    5.0    5.9    3.8    6.4    61    70    41    70
    1046 00100011  -0.0357   0.3173   0.0343   0.0297    85   114    66    98    4.6    5.6    3.1    5.7    57    60    36    59
    1047 00100011   0.0099   0.2812   0.0277   0.0268    93   132    75   116    5.4    6.8    4.2    7.1    62    76    50    79
    1048 00100011  -0.0115   0.3003   0.0049   0.0025    69   110    70    97    2.8    5.3    3.6    5.6    31    62    39    60
    1049 00100011  -0.0347   0.2825  -0.0046  -0.0119    81   122    86   105    4.2    6.2    5.4    6.3    46    72    60    66
    1050 00100011  -0.0091   0.2831   0.0005  -0.0037    91   123   103   109    5.2    6.2    7.0    6.6    60    74    70    72
    1051 00100011   0.0082   0.2869  -0.0153  -0.0011    75    89    57    72    3.5    3.4    1.9    3.0    45    38    23    36
    1052 00100011  -0.0349   0.2858  -0.0231  -0.0224    66    90    73    75    2.4    3.5    4.0    3.3    38    44    49    42
    1053 00100011  -0.0754   0.2865  -0.0207  -0.0270    57    87    58    69    1.1    3.2    2.0    2.6    24    50    21    34
    1054 00100011  -0.0283   0.2707  -0.0215  -0.0267    70    96    67    78    2.9    4.1    3.3    3.7    50    55    44    50
    1055 00100011   0.0158   0.2766  -0.0084  -0.0186    65   114   105    91    2.3    5.6    7.2    5.0    24    69    74    56
    1056 00100011  -0.0453   0.2703  -0.0437  -0.0288    59    97    54    79    1.4    4.2    1.4    3.8    22    50    13    51
    1057 00100011  -0.0248   0.2600  -0.0513  -0.0516    78   108    61    93    3.9    5.1    2.5    5.2    55    62    30    57
    1058 00100011  -0.0762   0.2810  -0.0335  -0.0268    64   102    63    83    2.1    4.6    2.7    4.2    33    52    33    57
    1059 00100011  -0.0708   0.2685   0.0023  -0.0191    69    96    59    88    2.8    4.1    2.2    4.7    29    55    19    50
    1060 00100011  -0.0380   0.2846  -0.0139  -0.0198    60    89    58    85    1.6    3.4    2.0    4.4    32    43    26    56
    1061 00100011  -0.0338   0.2676  -0.0234  -0.0216    78   114    59   101    3.9    5.6    2.2    5.9    52    68    26    73
    1062 00100011  -0.0310   0.2668  -0.0169  -0.0228    97   130    65   107    5.8    6.7    3.0    6.4    73    79    40    74
    1063 00100011   0.0161   0.2670  -0.0238  -0.0059    59    86    49    71    1.4    3.1    0.5    2.9    23    46    14    48
    1064 00100011  -0.0826   0.2575   0.0328   0.0070    70    89    51    76    2.9    3.4    0.9    3.5    45    62    14    43
    1065 00100011  -0.0467   0.2501   0.0175   0.0157    66   102    75    87    2.4    4.6    4.2    4.6    36    58    45    57
    1066 00100011  -0.0455   0.2589   0.0041   0.0026    70   100    62    82    2.9    4.4    2.6    4.1    51    56    38    53
    1067 00100011  -0.0507   0.2540   0.0035   0.0032    80   116    95   101    4.1    5.7    6.3    5.9    54    61    65    76
    1068 00100011  -0.0546   0.2325   0.0000  -0.0039    73   109    63   105    3.3    5.2    2.7    6.3    46    65    35    70
    1069 00100011  -0.0640   0.2219   0.0114  -0.0016    68   109    54    89    2.7    5.2    1.4    4.8    38    64    20    56
    1070 00100011  -0.0449   0.2491   0.0098   0.0007    83   125    61    94    4.4    6.4    2.5    5.3    52    75    27    65
    1071 00100011  -0.0551   0.2362   0.0075   0.0024    64    90    54    76    2.1    3.5    1.4    3.5    32    49    18    45
    1072 00100011  -0.0469   0.2366  -0.0105  -0.0106    74   117    67   102    3.4    5.8    3.3    6.0    53    72    39    73
    1073 00100011  -0.0388   0.2490  -0.0144  -0.0146    75   105    54    94    3.5    4.9    1.4    5.3    47    68    13    68
    1074 00100011  -0.0463   0.2523   0.0006  -0.0075    79   102    84    93    4.0    4.6    5.2    5.2    48    47    51    62
    1075 00100011  -0.0213   0.2714   0.0116   0.0124    81   112    75   113    4.2    5.4    4.2    6.9    44    65    49    79
    1076 00100011   0.0009   0.2348   0.0198   0.0165   121   161   104   140    7.7    8.6    7.1    8.8    76    92    71    85
    1077 00100011   0.0166   0.2714  -0.0012  -0.0006    74   111    59   104    3.4    5.3    2.2    6.2    35    65    20    67
    1078 00100011  -0.0162   0.2233  -0.0131  -0.0189    65    97    68   100    2.3    4.2    3.4    5.8    41    56    44    72
    1079 00100011  -0.0202   0.2544  -0.0234  -0.0286    91   113    78    99    5.2    5.5    4.6    5.8    63    74    52    74
    1080 00100011   0.0059   0.2520  -0.0246  -0.0169    93   110    59    96    5.4    5.3    2.2    5.5    68    65    34    73
    1081 00100011  -0.0604   0.2632   0.0066  -0.0149    61    93    51    79    1.7    3.8    0.9    3.8    26    58    17    49
    1082 00100011  -0.0326   0.2731  -0.0049  -0.0059    75   103    56   105    3.5    4.7    1.7    6.3    52    63    22    69
    1083 00100011   0.0108   0.2808  -0.0480  -0.0366    77   118    60   101    3.8    5.9    2.3    5.9    44    63    27    63
    1084 00100011  -0.1119   0.2804  -0.0222  -0.0600    57    84    58    74    1.1    2.9    2.0    3.2    25    46    28    41
    1085 00100011  -0.0208   0.3029  -0.0113  -0.0096    85   123    88   119    4.6    6.2    5.6    7.4    53    72    62    74
    1086 00100011  -0.0265   0.2786   0.0010  -0.0007    86   110    63    93    4.7    5.3    2.7    5.2    65    69    43    66
    1087 00100011  -0.0274   0.2967  -0.0096  -0.0075    95   113    66   109    5.6    5.5    3.1    6.6    64    69    37    76
    1088 00100011  -0.0022   0.2971  -0.0152  -0.0099    90   126    66    98    5.1    6.4    3.1    5.7    64    76    41    67
    1089 00100011  -0.0911   0.2879  -0.0180  -0.0154    51    87    48    65    0.2    3.2    0.4    2.1     4    36    11    25
    1090 00100011  -0.5293   0.2613  -0.1411  -0.0178    52    70    54    62    0.3    1.3    1.4    1.7    13    14    22    26
    1091 00100011  -0.0221   0.2938  -0.0246  -0.0272   127   146   101   145    8.1    7.7    6.8    9.1    79    88    67    91
    1092 00100011   0.0057   0.2926  -0.0261  -0.0270    73   115    68   101    3.3    5.7    3.4    5.9    36    66    39    68
    1093 00100011  -0.0477   0.2831  -0.0267  -0.0352    99   141    73   104    5.9    7.4    4.0    6.2    64    85    36    73
    1094 00100011  -0.0274   0.2313  -0.0400  -0.0344    58    80    52    78    1.3    2.5    1.1    3.7    23    32    17    48
    1095 00100011  -0.0559   0.2636  -0.0310  -0.0423    89   111    75   102    5.0    5.3    4.2    6.0    62    66    55    62
    1096 00100011  -0.0500   0.2630  -0.0275  -0.0289    92   122    77   108    5.3    6.2    4.5    6.5    66    78    53    78
    1097 00100011  -0.0573   0.2842  -0.0036  -0.0006    81   126    80   110    4.2    6.4    4.8    6.7    41    71    45    68
    1098 00100011  -0.0390   0.2559  -0.0048   0.0035    80   114    73   106    4.1    5.6    4.0    6.4    56    58    49    69
    1099 00100011  -0.0040   0.2609   0.0103   0.0138    83   113    54    93    4.4    5.5    1.4    5.2    60    66    19    67
    1100 00100011  -0.0359   0.2479   0.0014  -0.0087    61    88    51    72    1.7    3.3    0.9    3.0    28    43     8    31
    1101 00100011   0.0126   0.2468  -0.0141  -0.0231    58    97    74    79    1.3    4.2    4.1    3.8    23    55    53    44
    1102 00100011   0.0049   0.2572  -0.0164  -0.0290    63    98    57    68    2.0    4.3    1.9    2.5    21    54    27    30
    1103 00100011  -0.0810   0.2995  -0.0235  -0.0377    75   115    62    94    3.5    5.7    2.6    5.3    38    65    30    61
    1104 00100011  -0.0612   0.2860  -0.0213  -0.0291    87   126    69   106    4.8    6.4    3.5    6.4    57    70    36    69
    1105 00100011  -0.0412   0.2593   0.0304   0.0261    80   102    75    98    4.1    4.6    4.2    5.7    44    54    45    67
    1106 00100011  -0.2650   0.2820   0.0788   0.0297    51    80    47    63    0.2    2.5    0.2    1.8     3    35     4    25
    1107 00100011  -0.0459   0.2487   0.0128   0.0136    68   109    67   103    2.7    5.2    3.3    6.1    36    64    44    74
    1108 00100011  -0.0591   0.2675   0.0433   0.0304    84   114    74    98    4.5    5.6    4.1    5.7    52    70    44    67
    1109 00100011  -0.0238   0.2989   0.0227   0.0266    56   108    54    85    1.0    5.1    1.4    4.4    19    64    21    62
    1110 00100011   0.0016   0.2976   0.0164   0.0157    73    97    62    92    3.3    4.2    2.6    5.1    49    53    36    63
    1111 00100011  -0.0069   0.2709   0.0246   0.0239    71    99    62    83    3.0    4.3    2.6    4.2    39    49    28    54
    1112 00100011   0.0198   0.2774   0.0177   0.0141    64   101    82    90    2.1    4.5    5.0    4.9    35    58    60    63
    1113 00100011   0.0423   0.2649  -0.0035   0.0058    66    97    53    75    2.4    4.2    1.2    3.3    35    54    22    38
    1114 00100011  -0.0003   0.2677   0.0233   0.0174    76    99    68   103    3.6    4.3    3.4    6.1    52    59    53    67
    1115 00100011  -0.0084   0.2690   0.0048  -0.0037    81   111    76    97    4.2    5.3    4.4    5.6    54    69    43    59
    1116 00100011  -0.0051   0.2525   0.0093   0.0079    63    99    58    85    2.0    4.3    2.0    4.4    42    47    35    53
    1117 00100011   0.0008   0.2665   0.0157   0.0106   105   125    83   124    6.4    6.4    5.1    7.7    70    75    59    78
    1118 00100011  -0.0056   0.2691  -0.0022  -0.0044   100   130    72   115    6.0    6.7    3.9    7.1    69    78    47    78
    1119 00100011  -0.0013   0.2879   0.0097  -0.0050    82   119    69    97    4.3    5.9    3.5    5.6    49    69    33    63
    1120 00100011  -0.0172   0.2518  -0.0281  -0.0348   101   138    70   123    6.1    7.2    3.6    7.6    68    85    43    80
    1121 00100011  -0.0247   0.2423  -0.0104  -0.0138    68   109    71    98    2.7    5.2    3.8    5.7    40    57    47    72
    1122 00100011   0.0105   0.2800  -0.0159  -0.0192    58    86    55    82    1.3    3.1    1.6    4.1    17    41    27    54
    1123 00100011  -0.0575   0.2713  -0.0349  -0.0401    64    95    57    85    2.1    4.0    1.9    4.4    37    47    26    56
    1124 00100011  -0.0939   0.2854  -0.0189  -0.0230    80   108    70    95    4.1    5.1    3.6    5.4    55    60    40    65
    1125 00100011  -0.1176   0.2774  -0.0151  -0.0223    72   118    72    90    3.2    5.9    3.9    4.9    40    64    50    52
    1126 00100011  -0.0610   0.2748  -0.0129  -0.0191    84   126    69   115    4.5    6.4    3.5    7.1    55    67    41    67
    1127 00100011  -0.0289   0.2669  -0.0028  -0.0076    82   118    61    96    4.3    5.9    2.5    5.5    63    70    35    64
    1128 00100011  -0.0609   0.2545   0.0198  -0.0147    56    81    52    72    1.0    2.6    1.1    3.0    13    41    10    28
    1129 00100011  -0.0357   0.2529  -0.0162  -0.0183    86    98    77   105    4.7    4.3    4.5    6.3    67    62    53    74
    1130 00100011  -0.0247   0.2231  -0.0212  -0.0207    84   113    65   101    4.5    5.5    3.0    5.9    54    72    22    68
    1131 00100011  -0.0053   0.2157  -0.0225  -0.0209    78   115    70   103    3.9    5.7    3.6    6.1    56    70    46    75
    1132 00100011  -0.0213   0.2459   0.0062  -0.0030    75   102    68    93    3.5    4.6    3.4    5.2    47    63    49    63
    1133 00100011  -0.0349   0.2487  -0.0015  -0.0021    91   124    81   116    5.2    6.3    4.9    7.1    62    74    57    79
    1134 00100011  -0.0184   0.2738  -0.0028  -0.0072    88   118    71   117    4.9    5.9    3.8    7.2    59    65    40    72
    1135 00100011   0.0062   0.2741   0.0044   0.0045    79   101    74    92    4.0    4.5    4.1    5.1    53    58    58    63
    1136 00100011   0.0035   0.2996  -0.0146  -0.0116   100   134    72   117    6.0    7.0    3.9    7.2    63    78    36    83
    1137 00100011  -0.0133   0.2709  -0.0111  -0.0110    76   106    78    93    3.6    4.9    4.6    5.2    47    62    50    61
    1138 00100011   0.0144   0.2680   0.0058   0.0058    81   120    66    90    4.2    6.0    3.1    4.9    51    70    37    59
    1139 00100011  -0.0012   0.2546  -0.0008  -0.0009    84   115    85    83    4.5    5.7    5.3    4.2    60    64    66    47
    1140 00100011  -0.0349   0.2842  -0.0064  -0.0211    72   106    61    96    3.2    4.9    2.5    5.5    42    62    31    60
    1141 00100011  -0.0381   0.2529  -0.0022  -0.0097    93   130    88   121    5.4    6.7    5.6    7.5    63    74    60    80
    1142 00100011  -0.0387   0.2567   0.0142   0.0113    92   115    93   123    5.3    5.7    6.1    7.6    60    67    67    80
    1143 00100011  -0.0297   0.2543   0.0046   0.0075    74   119    68   105    3.4    5.9    3.4    6.3    46    69    43    76
    1144 00100011  -0.0362   0.2608   0.0095   0.0085    78   118    78   111    3.9    5.9    4.6    6.8    58    71    61    78
    1145 00100011  -0.0726   0.2824   0.0143  -0.0070    61    95    54    71    1.7    4.0    1.4    2.9    22    53    24    26
    1146 00100011  -0.0298   0.2638   0.0231   0.0175    76   126    71    97    3.6    6.4    3.8    5.6    41    73    40    67
    1147 00100011   0.0323   0.2478  -0.0146   0.0150    53    83    48    75    0.5    2.8    0.4    3.3    13    36     6    44
    1148 00100011  -0.0515   0.2650   0.0052  -0.0038    95   119    76   121    5.6    5.9    4.4    7.5    71    78    41    83
    1149 00100011  -0.0587   0.2403   0.0049  -0.0023    64    96    45    79    2.1    4.1   -0.2    3.8    34    51     9    51
    1150 00100011  -0.0404   0.2460   0.0044   0.0001    71   114    57   105    3.0    5.6    1.9    6.3    44    68    26    69
    1151 00100011  -0.0567   0.2539   0.0146   0.0120    83   114    83   102    4.4    5.6    5.1    6.0    56    68    60    70
    1152 00100011   0.0009   0.2615   0.0170   0.0182    86   120    67   109    4.7    6.0    3.3    6.6    59    70    41    72
    1153 00100011  -0.0348   0.2651   0.0247   0.0281    75   119    79   103    3.5    5.9    4.7    6.1    45    67    53    73
    1154 00100011  -0.0217   0.2591   0.0159   0.0138    70    89    74    94    2.9    3.4    4.1    5.3    41    39    51    60
    1155 00100011  -0.0624   0.2772   0.0193  -0.0016    74    96    51    89    3.4    4.1    0.9    4.8    47    57    21    57
    1156 00100011   0.0186   0.2869  -0.0330  -0.0044    57    89    52    72    1.1    3.4    1.1    3.0     9    40     1    47
    1157 00100011  -0.0468   0.2763  -0.0183  -0.0226    95   132    67   110    5.6    6.8    3.3    6.7    65    76    34    78
    1158 00100011  -0.0494   0.2522  -0.0165  -0.0193    71   116    79    98    3.0    5.7    4.7    5.7    40    65    55    62
    1159 00100011  -0.0172   0.2420  -0.0118  -0.0141    78    99    86    93    3.9    4.3    5.4    5.2    50    47    63    64
    1160 00100011  -0.0408   0.2564  -0.0040  -0.0062    75    83    65    79    3.5    2.8    3.0    3.8    45    39    40    44
    1161 00100011  -0.0407   0.2532  -0.0019  -0.0090    71   108    83   101    3.0    5.1    5.1    5.9    41    66    65    64
    1162 00100011  -0.0533   0.2831   0.0005  -0.0004    99   130   106   130    5.9    6.7    7.3    8.1    65    75    72    83
    1163 00100011  -0.0660   0.2860   0.0168   0.0118    96   125    96   119    5.7    6.4    6.4    7.4    59    74    63    77
    1164 00100011  -0.0908   0.2587   0.0298   0.0176    68   112    56    88    2.7    5.4    1.7    4.7    31    64    13    57
    1165 00100011  -0.0520   0.2815   0.0297   0.0272    99   124    93   128    5.9    6.3    6.1    8.0    64    75    63    84
    1166 00100011  -0.0618   0.3086   0.0406   0.0267    69   102    62    86    2.8    4.6    2.6    4.5    41    66    38    55
    1167 00100011  -0.0539   0.3062   0.0183   0.0059    95   124    66   119    5.6    6.3    3.1    7.4    59    81    35    75
    1168 00100011  -0.0078   0.2864   0.0061   0.0057    96   142   103   125    5.7    7.5    7.0    7.8    53    78    70    79
    1169 00100011   0.0151   0.2819   0.0380   0.0386    84   113    68    92    4.5    5.5    3.4    5.1    50    66    48    66
    1170 00100011  -0.0326   0.2831   0.0299   0.0275    86   113    84   105    4.7    5.5    5.2    6.3    59    64    58    68
    1171 00100011  -0.0227   0.2820   0.0024  -0.0029   104   132    90   125    6.4    6.8    5.8    7.8    68    75    64    80
    1172 00100011  -0.0177   0.2916  -0.0186  -0.0150    81   115    88    96    4.2    5.7    5.6    5.5    49    67    65    68
    1173 00100011  -0.0178   0.2605  -0.0251  -0.0231    73    96    58    84    3.3    4.1    2.0    4.3    52    53    19    53
    1174 00100011  -0.0045   0.2643  -0.0256  -0.0247    67   111    52    84    2.5    5.3    1.1    4.3    37    62    13    49
    1175 00100011   0.0259   0.2622  -0.0256  -0.0170    73   101    59    94    3.3    4.5    2.2    5.3    42    52    21    64
    1176 00100011  -0.0064   0.2460  -0.0164  -0.0202    78   100    57    90    3.9    4.4    1.9    4.9    50    61    26    58
    1177 00100011  -0.0153   0.2552  -0.0190  -0.0291    81   112    73    87    4.2    5.4    4.0    4.6    57    68    47    54
    1178 00100011   0.0022   0.2624  -0.0263  -0.0261    73    98    73    93    3.3    4.3    4.0    5.2    48    54    48    64
    1179 00100011   0.0053   0.2297  -0.0382  -0.0438    63    77    54    68    2.0    2.2    1.4    2.5    32    27    25    44
    1180 00100011   0.0423   0.2352  -0.0543  -0.0374    65    97    51    87    2.3    4.2    0.9    4.6    37    54    19    64
    1181 00100011  -0.0062   0.2435  -0.0354  -0.0294    93   126    78   120    5.4    6.4    4.6    7.4    57    70    48    73
    1182 00100011  -0.0437   0.2310  -0.0009  -0.0032    79   106    85    91    4.0    4.9    5.3    5.0    53    62    64    57
    1183 00100011  -0.0434   0.2393   0.0042  -0.0030    68   113    58    92    2.7    5.5    2.0    5.1    42    68    34    59
    1184 00100011  -0.0549   0.2584  -0.0160  -0.0223    80   104    94    98    4.1    4.8    6.2    5.7    53    58    64    66
    1185 00100011  -0.0165   0.2813  -0.0697  -0.0662    86   124    58   109    4.7    6.3    2.0    6.6    55    70    22    67
    1186 00100011   0.0436   0.2782  -0.0418  -0.0239    85   132    57   110    4.6    6.8    1.9    6.7    46    73    12    75
    1187 00100011  -0.0225   0.2648  -0.0413  -0.0452    60    95    61    71    1.6    4.0    2.5    2.9    30    54    32    34
    1188 00100011  -0.0358   0.2885  -0.0458  -0.0439    76   103    65    85    3.6    4.7    3.0    4.4    55    59    45    63
    1189 00100011  -0.0224   0.2628  -0.0572  -0.0589    69    99    55    92    2.8    4.3    1.6    5.1    41    58    23    62
    1190 00100011  -0.0564   0.1961  -0.0202  -0.0290    63    84    70    76    2.0    2.9    3.6    3.5    35    33    50    43
    1191 00100011  -0.1176   0.2755  -0.0084  -0.0002    51    84    75    69    0.2    2.9    4.2    2.6     5    37    51    33
    1192 00100011  -0.0221   0.2760   0.0220   0.0229   101   124    72   125    6.1    6.3    3.9    7.8    71    76    35    84
    1193 00100011  -0.0621   0.2682   0.0153   0.0144    71   106    64    94    3.0    4.9    2.9    5.3    44    62    41    58
    1194 00100011  -0.0569   0.2425   0.0224   0.0153    61    96    70    85    1.7    4.1    3.6    4.4    28    51    42    53
    1195 00100011  -0.0189   0.2503   0.0054   0.0078    76    89    58    80    3.6    3.4    2.0    3.9    48    41    27    48
    1196 00100011  -0.0440   0.2413   0.0024   0.0008    70    93    56    90    2.9    3.8    1.7    4.9    36    46    22    52
    1197 00100011  -0.0381   0.2566  -0.0298  -0.0326    65    94    60    88    2.3    3.9    2.3    4.7    39    49    27    62
    1198 00100011  -0.0260   0.2549  -0.0251  -0.0347    64   105    56   100    2.1    4.9    1.7    5.8    36    69    24    64
    1199 00100011  -0.0098   0.2543  -0.0380  -0.0379    64    92    56    77    2.1    3.7    1.7    3.6    36    44    23    51
    1200 00100011  -0.0294   0.2649  -0.0224  -0.0290    79   123    87   114    4.0    6.2    5.5    7.0    45    69    59    71
    1201 00100011  -0.0592   0.2244  -0.0297  -0.0422    72    96    69    78    3.2    4.1    3.5    3.7    50    55    50    51
    1202 00100011  -0.0552   0.2774  -0.0445  -0.0480    68    98    77    75    2.7    4.3    4.5    3.3    38    57    49    43
    1203 00100011  -0.0528   0.3076  -0.0283  -0.0365    87   109    68   102    4.8    5.2    3.4    6.0    57    65    33    68
    1204 00100011  -0.0411   0.2622   0.0071  -0.0198    53    90    45    66    0.5    3.5   -0.2    2.2    20    46    15    23
    1205 00100011  -0.0056   0.2677   0.0064   0.0096   101   132    74   130    6.1    6.8    4.1    8.1    62    61    41    72
    1206 00100011   0.0242   0.2688  -0.0016   0.0087    57   106    48    80    1.1    4.9    0.4    3.9    20    60    10    45
    1207 00100011  -0.0296   0.2668   0.0153   0.0114    69    97    77    93    2.8    4.2    4.5    5.2    44    59    61    67
    1208 00100011  -0.0441   0.2867   0.0171   0.0053    69   110    61    86    2.8    5.3    2.5    4.5    39    66    23    52
    1209 00100011  -0.0490   0.2569   0.0190   0.0138    81   124    85    97    4.2    6.3    5.3    5.6    51    77    60    60
    1210 00100011  -0.0784   0.2631   0.0270   0.0262    67    85    69    83    2.5    3.0    3.5    4.2    33    44    48    54
    1211 00100011  -0.0480   0.2870  -0.0145  -0.0076    59    85    70    79    1.4    3.0    3.6    3.8    27    27    46    47
    1212 00100011  -0.0326   0.2766  -0.0222  -0.0244    99   117    96   123    5.9    5.8    6.4    7.6    66    67    62    83
    1213 00100011   0.0019   0.2716  -0.0059  -0.0142    81   105    82   108    4.2    4.9    5.0    6.5    54    54    65    66
    1214 00100011  -0.0167   0.2871  -0.0067  -0.0120    85   121    76   116    4.6    6.1    4.4    7.1    58    66    50    79
    1215 00100011  -0.0174   0.2887   0.0071   0.0021    90   122    73   112    5.1    6.2    4.0    6.8    59    76    44    79
    1216 00100011  -0.0179   0.2586   0.0066   0.0002    60   107    89    88    1.6    5.0    5.7    4.7    21    56    59    53
    1217 00100011   0.0011   0.2369  -0.0012  -0.0046    88   113    59   100    4.9    5.5    2.2    5.8    62    71    32    68
    1218 00100011   0.0100   0.2133   0.0062   0.0078    83   115    72    99    4.4    5.7    3.9    5.8    59    72    43    69
    1219 00100011   0.0117   0.2250   0.0086   0.0041   100   135    94   113    6.0    7.0    6.2    6.9    71    80    63    71
    1220 00100011   0.0021   0.2567   0.0391   0.0261    98   139   102   122    5.8    7.3    6.9    7.6    64    82    67    74
    1221 00100011  -0.0102   0.2484   0.0346   0.0328    77   107    62    98    3.8    5.0    2.6    5.7    62    67    40    73
    1222 00100011   0.0062   0.2454   0.0247   0.0283    61   113    60    90    1.7    5.5    2.3    4.9    23    62    32    60
    1223 00100011   0.0260   0.2685   0.0095   0.0221    68   104    52    82    2.7    4.8    1.1    4.1    46    60    19    57
    1224 00100011  -0.0106   0.2928   0.0255   0.0234    70    88    52    75    2.9    3.3    1.1    3.3    42    51    12    49
    1225 00100011  -0.0002   0.2657   0.0198   0.0319    59   107    67    79    1.4    5.0    3.3    3.8    20    60    41    48
    1226 00100011   0.0326   0.2755   0.0351   0.0268    61    97    73    78    1.7    4.2    4.0    3.7    31    55    50    47
    1227 00100011   0.0116   0.2955   0.0200   0.0202   103   139    79   117    6.3    7.3    4.7    7.2    72    81    55    78
    1228 00100011  -0.0119   0.3055  -0.0117  -0.0105    71   106    68    97    3.0    4.9    3.4    5.6    41    60    34    63
    1229 00100011   0.0136   0.3139  -0.0149  -0.0215    83    99    66    88    4.4    4.3    3.1    4.7    53    62    33    60
    1230 00100011   0.0630   0.3506  -0.0244  -0.0169    73    98    57    89    3.3    4.3    1.9    4.8    40    55    10    57
    1231 00100011   0.0862   0.2990  -0.0305  -0.0082    55    98    48    70    0.8    4.3    0.4    2.8    23    53     7    45
    1232 00100011   0.0204   0.3110  -0.0032  -0.0034    74   113    63    98    3.4    5.5    2.7    5.7    47    65    31    67
    1233 00100011   0.0069   0.2863   0.0064   0.0027    70   110    69   104    2.9    5.3    3.5    6.2    38    65    37    75
    1234 00100011  -0.0294   0.2939   0.0100  -0.0016    77   123    57   101    3.8    6.2    1.9    5.9    41    72    12    72
    1235 00100011  -0.0226   0.2897  -0.0105  -0.0169    88   114    60   102    4.9    5.6    2.3    6.0    60    70    27    68
    1236 00100011  -0.0084   0.2748  -0.0157  -0.0185    90   128    61   102    5.1    6.6    2.5    6.0    58    77    29    66
    1237 00100011  -0.0187   0.2973  -0.0137  -0.0195    60    72    52    63    1.6    1.6    1.1    1.8    28    23    12    28
    1238 00100011   0.0184   0.2899  -0.0192  -0.0209    60    89    58    81    1.6    3.4    2.0    4.0    24    52    19    58
    1239 00100011   0.0049   0.2924  -0.0371  -0.0396    68   102    59    91    2.7    4.6    2.2    5.0    41    64    34    62
    1240 00100011  -0.0075   0.2660  -0.0375  -0.0237    64   104    60    81    2.1    4.8    2.3    4.0    37    59    26    62
    1241 00100011  -0.0332   0.2564   0.0000  -0.0059   102   115    78   124    6.2    5.7    4.6    7.7    70    71    48    78
    1242 00100011  -0.0472   0.2372   0.0143   0.0067    74   118    55    96    3.4    5.9    1.6    5.5    45    73    18    62
    1243 00100011  -0.0334   0.2618   0.0020  -0.0029    84    97    80   113    4.5    4.2    4.8    6.9    56    63    61    77
    1244 00100011   0.0123   0.2416   0.0013  -0.0028    93   127    86   127    5.4    6.5    5.4    7.9    67    76    62    81
    1245 00100011  -0.0162   0.2379   0.0143   0.0047    68    86    47    70    2.7    3.1    0.2    2.8    49    44     8    35
    1246 00100011   0.0084   0.2399   0.0151   0.0140    81   114    79   106    4.2    5.6    4.7    6.4    50    63    51    75
    1247 00100011   0.0109   0.2494   0.0123   0.0096    96   127    89   112    5.7    6.5    5.7    6.8    64    77    57    75
    1248 00100011  -0.0022   0.2403   0.0141   0.0088    95   131    61   108    5.6    6.8    2.5    6.5    67    82    24    72
    1249 00100011   0.0096   0.2586  -0.0023  -0.0079    81   103    74    92    4.2    4.7    4.1    5.1    57    63    54    65
    1250 00100011  -0.0184   0.2553   0.0004  -0.0112    67    97    57    88    2.5    4.2    1.9    4.7    40    57    26    61
    1251 00100011  -0.0636   0.2852   0.0705  -0.0030    51    70    47    57    0.2    1.3    0.2    1.0     8    32     7    24
    1252 00100011   0.0144   0.2304  -0.0054  -0.0010    76    94    57    90    3.6    3.9    1.9    4.9    51    55    27    57
    1253 00100011   0.0214   0.2246   0.0138   0.0090    63    93    49    79    2.0    3.8    0.5    3.8    38    49    15    47
    1254 00100011   0.0026   0.2709   0.0242   0.0119    66   113    67    81    2.4    5.5    3.3    4.0    34    67    31    49
    1255 00100011  -0.0169   0.2514   0.0128   0.0085    89   113    90   118    5.0    5.5    5.8    7.3    58    61    60    69
    1256 00100011  -0.0251   0.2593   0.0182   0.0175    78   119    64    93    3.9    5.9    2.9    5.2    50    67    36    69
    1257 00100011  -0.0233   0.2906   0.0092   0.0151    65    91    73    75    2.3    3.6    4.0    3.3    36    40    57    47
    1258 00100011  -0.0392   0.3026   0.0188   0.0161    71    90    58    86    3.0    3.5    2.0    4.5    49    50    38    63
    1259 00100011  -0.0473   0.2861   0.0174   0.0123    72   120    70    96    3.2    6.0    3.6    5.5    41    73    40    64
    1260 00100011  -0.0550   0.2738   0.0121   0.0102    84   110    75    99    4.5    5.3    4.2    5.8    51    68    43    67
    1261 00100011  -0.0282   0.2755   0.0168   0.0249    76   112    69    88    3.6    5.4    3.5    4.7    49    61    45    59
    1262 00100011  -0.0349   0.2512   0.0251   0.0164    59    84    60    79    1.4    2.9    2.3    3.8    24    36    27    51
    1263 00100011  -0.0093   0.2301   0.0157   0.0072    72   113    76   112    3.2    5.5    4.4    6.8    40    73    43    73
    1264 00100011  -0.0255   0.2197   0.0112   0.0119    78   107    84    95    3.9    5.0    5.2    5.4    53    64    59    66
    1265 00100011  -0.0022   0.2532   0.0115   0.0062    90   126    80   126    5.1    6.4    4.8    7.9    63    77    54    78
    1266 00100011  -0.0142   0.2332   0.0021   0.0035    76   112    69    90    3.6    5.4    3.5    4.9    47    60    50    62
    1267 00100011  -0.0066   0.2051   0.0224   0.0032    66   105    87    94    2.4    4.9    5.5    5.3    25    54    58    58
    1268 00100011   0.0206   0.2717  -0.0084  -0.0057    68   107    67    95    2.7    5.0    3.3    5.4    27    52    38    53
    1269 00100011  -0.0219   0.2409  -0.0170  -0.0182    72   118    89   111    3.2    5.9    5.7    6.8    40    67    59    71
    1270 00100011   0.0013   0.2425   0.0239   0.0139    82   116    80    95    4.3    5.7    4.8    5.4    50    66    52    60
    1271 00100011   0.0091   0.2592   0.0064   0.0083    77   106    58   100    3.8    4.9    2.0    5.8    46    59    19    63
    1272 00100011   0.0064   0.2612   0.0311   0.0196    62   110    50    80    1.9    5.3    0.7    3.9    33    68    10    48
    1273 00100011  -0.0112   0.2825   0.0010  -0.0100    77    97    73    91    3.8    4.2    4.0    5.0    42    52    38    56
    1274 00100011   0.0120   0.2354   0.0117  -0.0119    59    88    52    70    1.4    3.3    1.1    2.8    21    36    23    35
    1275 00100011   0.0015   0.3007  -0.0251  -0.0229   105   141    82   137    6.4    7.4    5.0    8.6    50    68    43    71
    1276 00100011   0.0030   0.2933  -0.0469  -0.0454    79   118    77   105    4.0    5.9    4.5    6.3    47    68    53    72
    1277 00100011  -0.0237   0.2615  -0.0192  -0.0217    81   138    77   101    4.2    7.2    4.5    5.9    54    74    54    70
    1278 00100011  -0.0307   0.2844  -0.0117  -0.0196    72   107    55    80    3.2    5.0    1.6    3.9    54    66    26    48
    1279 00100011  -0.0296   0.2844   0.0058   0.0003    95   120    92   120    5.6    6.0    6.0    7.4    62    67    62    80
    1280 00100011  -0.0154   0.2939   0.0184   0.0158    95   131    69   120    5.6    6.8    3.5    7.4    61    80    38    79
    1281 00100011  -0.0417   0.2924   0.0205   0.0052    78   109    82   102    3.9    5.2    5.0    6.0    47    65    55    67
    1282 00100011  -0.0165   0.2921  -0.0271  -0.0247    92   119    91   118    5.3    5.9    5.9    7.3    65    64    64    71
    1283 00100011  -0.0835   0.2390  -0.0173  -0.0313    68    91    63    91    2.7    3.6    2.7    5.0    39    49    28    64
    1284 00100011  -0.0062   0.2344   0.0010  -0.0025    63    83    52    62    2.0    2.8    1.1    1.7    31    37    19    23
    1285 00100011  -0.3685   0.2668   0.0961   0.0029    60    97    47    85    1.6    4.2    0.2    4.4    21    52     5    56
    1286 00100011   0.0063   0.2855   0.0222   0.0157    75   114    69   104    3.5    5.6    3.5    6.2    44    73    33    76
    1287 00100011  -0.0246   0.2775   0.0123   0.0056    89   114    81   114    5.0    5.6    4.9    7.0    56    67    49    73
    1288 00100011  -0.0252   0.2580  -0.0036  -0.0131    83   115    79   107    4.4    5.7    4.7    6.4    45    67    51    69
    1289 00100011  -0.0483   0.2574  -0.0123  -0.0237    84   104    77   101    4.5    4.8    4.5    5.9    59    57    52    71
    1290 00100011  -0.0198   0.2864  -0.0064  -0.0084    79   125    73   105    4.0    6.4    4.0    6.3    46    73    45    73
    1291 00100011  -0.0148   0.2865  -0.0067  -0.0099    88   113    71   116    4.9    5.5    3.8    7.1    66    69    51    70
    1292 00100011  -0.0116   0.2908  -0.0013  -0.0140    67    94    79    85    2.5    3.9    4.7    4.4    41    60    57    50
    1293 00100011  -0.0088   0.2959  -0.0016  -0.0059    99   145    83   133    5.9    7.7    5.1    8.3    57    81    50    83
    1294 00100011  -0.0171   0.3017   0.0032  -0.0040    69    99    69    97    2.8    4.3    3.5    5.6    36    64    43    69
    1295 00100011  -0.0107   0.3095   0.0079   0.0008    86   122    91   107    4.7    6.2    5.9    6.4    57    77    60    74
    1296 00100011  -0.0014   0.3098   0.0059   0.0115    57    84    62    62    1.1    2.9    2.6    1.7     8    23    21    18
    1297 00100011  -0.0098   0.2940   0.0081   0.0005    79   114    64    96    4.0    5.6    2.9    5.5    52    72    30    67
    1298 00100011  -0.0241   0.2980   0.0034  -0.0029    79   120    76    97    4.0    6.0    4.4    5.6    47    71    44    65
    1299 00100011  -0.0394   0.2956  -0.0275  -0.0262    64    89    53    74    2.1    3.4    1.2    3.2    32    43    15    43
    1300 00100011  -0.0242   0.2829  -0.0147  -0.0100    74   100    77    88    3.4    4.4    4.5    4.7    53    58    58    67
    1301 00100011  -0.0539   0.2772  -0.0047  -0.0135    57    98    47    71    1.1    4.3    0.2    2.9    26    54    10    42
    1302 00100011  -0.0712   0.2685   0.0028  -0.0028    77   114    62   103    3.8    5.6    2.6    6.1    43    68    25    68
    1303 00100011  -0.0332   0.2513  -0.0131  -0.0095    85   146    65   118    4.6    7.7    3.0    7.3    57    82    28    75
    1304 00100011   0.0009   0.2528   0.0075  -0.0009    58    90    68    76    1.3    3.5    3.4    3.5    30    45    50    40
    1305 00100011  -0.0397   0.2587   0.0153   0.0066    82   137    82   110    4.3    7.2    5.0    6.7    46    82    53    68
    1306 00100011  -0.0295   0.2459   0.0247   0.0153    74   110    54    88    3.4    5.3    1.4    4.7    46    68    17    53
    1307 00100011  -0.0730   0.2408   0.0249   0.0079    76   105    55    88    3.6    4.9    1.6    4.7    47    61    13    56
    1308 00100011  -0.0744   0.2366   0.0275   0.0179    65    94    66    81    2.3    3.9    3.1    4.0    27    47    40    44
    1309 00100011   0.0803   0.2163   0.0285   0.0486    64   109    57    84    2.1    5.2    1.9    4.3    28    55    16    53
    1310 00100011  -0.0053   0.2224   0.0488   0.0475    75   121    82   102    3.5    6.1    5.0    6.0    47    75    62    71
    1311 00100011  -0.0280   0.2293   0.0346   0.0305    86   136    64   114    4.7    7.1    2.9    7.0    48    80    26    77
    1312 00100011  -0.0970   0.2378   0.0211   0.0028    68   109    54    88    2.7    5.2    1.4    4.7    39    70    12    56
    1313 00100011  -0.0063   0.2513   0.0331   0.0240    86   114    85   110    4.7    5.6    5.3    6.7    60    66    57    69
    1314 00100011  -0.0307   0.2409   0.0370   0.0328    64    93    71    75    2.1    3.8    3.8    3.3    35    45    49    48
    1315 00100011   0.0141   0.2517   0.0307   0.0241    75   104    67    96    3.5    4.8    3.3    5.5    45    61    38    67
    1316 00100011   0.0048   0.2648   0.0089  -0.0007   109   131    68   118    6.8    6.8    3.4    7.3    76    79    37    78
    1317 00100011   0.0260   0.2687   0.0167   0.0053    84   125    71   109    4.5    6.4    3.8    6.6    51    77    41    72
    1318 00100011   0.0219   0.2753  -0.0197  -0.0274    90   125    74   107    5.1    6.4    4.1    6.4    55    72    39    71
    1319 00100011   0.0419   0.2552   0.0083   0.0020    60    86    56    75    1.6    3.1    1.7    3.3    34    43    10    46
    1320 00100011   0.0053   0.2631  -0.0291  -0.0221    67    89    56    82    2.5    3.4    1.7    4.1    45    44    28    57
    1321 00100011   0.0471   0.2677  -0.0028  -0.0085    84   106    81    95    4.5    4.9    4.9    5.4    57    63    54    55
    1322 00100011   0.0391   0.2810   0.0207   0.0115    83   111    82   100    4.4    5.3    5.0    5.8    57    71    58    55
    1323 00100011   0.0306   0.3124   0.0271   0.0180    57    79    56    75    1.1    2.4    1.7    3.3    22    35    15    53
    1324 00100011   0.0020   0.3083   0.0139   0.0098    79   115    65   107    4.0    5.7    3.0    6.4    50    71    34    71
    1325 00100011   0.0565   0.2721  -0.0040   0.0093    73   115    55   109    3.3    5.7    1.6    6.6    43    59    11    72
    1326 00100011  -0.0255   0.2611   0.0511   0.0317    86   110    66    96    4.7    5.3    3.1    5.5    41    51    26    46
    1327 00100011   0.0379   0.2791   0.0496   0.0539    74   108    61    85    3.4    5.1    2.5    4.4    52    64    32    56
    1328 00100011   0.0204   0.2704   0.0375   0.0412    67   102    59    96    2.5    4.6    2.2    5.5    33    50    27    59
    1329 00100011   0.0016   0.2788   0.0301   0.0246    68   101    56    71    2.7    4.5    1.7    2.9    43    62    22    46
    1330 00100011  -0.0231   0.3433   0.0296   0.0295    55    75    56    68    0.8    1.9    1.7    2.5    11    27    17    39
    1331 00100011  -0.0253   0.3090   0.0110   0.0062    72   127    69   105    3.2    6.5    3.5    6.3    45    71    40    67
    1332 00100011   0.0090   0.2907   0.0077   0.0031    76   128    77   104    3.6    6.6    4.5    6.2    48    69    56    70
    1333 00100011  -0.0171   0.3196   0.0114  -0.0027    60    82    55    70    1.6    2.7    1.6    2.8    22    39    15    39
    1334 00100011  -0.0458   0.2951   0.0133   0.0021    68    93    55    98    2.7    3.8    1.6    5.7    35    55    10    60
    1335 00100011   0.0194   0.3043   0.0096   0.0081    82    94    87    95    4.3    3.9    5.5    5.4    42    50    56    59
    1336 00100011   0.0033   0.2526   0.0121   0.0143    58    99    57    69    1.3    4.3    1.9    2.6    28    52    23    28
    1337 00100011  -0.0048   0.2751  -0.0240  -0.0298    81   105    98   107    4.2    4.9    6.6    6.4    53    61    70    74
    1338 00100011  -0.0114   0.2697  -0.0237  -0.0249   101   141   100   128    6.1    7.4    6.7    8.0    65    73    71    81
    1339 00100011  -0.0080   0.2528   0.0049  -0.0053    82   117    62   107    4.3    5.8    2.6    6.4    50    71    24    69
    1340 00100011   0.0074   0.2568   0.0110   0.0049    79   113    58    90    4.0    5.5    2.0    4.9    52    65    21    63
    1341 00100011   0.0232   0.2466   0.0361   0.0300    84   115    66   117    4.5    5.7    3.1    7.2    61    67    45    77
    1342 00100011   0.0158   0.2707   0.0267   0.0364    69   102    69    89    2.8    4.6    3.5    4.8    41    57    48    56
    1343 00100011   0.0025   0.2483   0.0268   0.0123    65   105    63    93    2.3    4.9    2.7    5.2    31    64    29    57
    1344 00100011  -0.0101   0.2062   0.0061   0.0025    76   106    51    92    3.6    4.9    0.9    5.1    50    65     9    64
    1345 00100011  -0.0238   0.2236   0.0283   0.0201    82   114    73   107    4.3    5.6    4.0    6.4    45    63    53    74
    1346 00100011   0.0166   0.2303  -0.0061  -0.0001    66   104    56    77    2.4    4.8    1.7    3.6    32    57    32    45
    1347 00100011  -0.0074   0.1847  -0.0029  -0.0049    56    82    64    71    1.0    2.7    2.9    2.9    24    36    46    40
    1348 00100011  -0.0599   0.2476   0.0255   0.0177    69   107    69    99    2.8    5.0    3.5    5.8    37    62    38    69
    1349 00100011   0.0471   0.2135  -0.2649   0.0151    51    93    46    70    0.2    3.8    0.0    2.8     5    46     5    34
    1350 00100011   0.0189   0.2130   0.0118   0.0175    56    88    54    75    1.0    3.3    1.4    3.3    15    44    14    55
    1351 00100011   0.0303   0.2343   0.0060   0.0214    55    85    49    66    0.8    3.0    0.5    2.2    16    40    14    36
    1352 00100011  -0.0327   0.2484   0.0115   0.0107    75   100    73    83    3.5    4.4    4.0    4.2    47    58    44    62
    1353 00100011  -0.0177   0.2263   0.0005   0.0000    70    79    52    77    2.9    2.4    1.1    3.6    49    34    13    51
    1354 00100011  -0.0201   0.2711  -0.0086  -0.0035    73   102    60   106    3.3    4.6    2.3    6.4    47    58    25    71
    1355 00100011  -0.0662   0.2552  -0.0016  -0.0109    75   104    54    84    3.5    4.8    1.4    4.3    54    67    20    54
    1356 00100011  -0.0481   0.2727  -0.0095  -0.0143    83   115    80   110    4.4    5.7    4.8    6.7    56    60    57    72
    1357 00100011  -0.0660   0.2639  -0.0048  -0.0056    78   113    84    95    3.9    5.5    5.2    5.4    53    64    58    62
    1358 00100011  -0.0443   0.2583  -0.0116  -0.0179    86   111   100   112    4.7    5.3    6.7    6.8    60    65    72    75
    1359 00100011  -0.0377   0.2972  -0.0309  -0.0378   111   147    86   137    6.9    7.8    5.4    8.6    68    80    52    78
    1360 00100011  -0.0027   0.2949  -0.0153  -0.0098    76   101    56    84    3.6    4.5    1.7    4.3    55    51    34    50
    1361 00100011  -0.0497   0.2901  -0.0086  -0.0197    68   103    63    84    2.7    4.7    2.7    4.3    30    55    33    51
    1362 00100011   0.3970   0.3120   0.1068  -0.0114    51    66    52    58    0.2    0.8    1.1    1.1     2    11     6    15
    1363 00100011  -0.0504   0.2983  -0.0299  -0.0340    77   110    76    98    3.8    5.3    4.4    5.7    54    68    52    66
    1364 00100011  -0.0343   0.2890  -0.0139  -0.0266    92   134    62    97    5.3    7.0    2.6    5.6    60    84    25    69
    1365 00100011  -0.0515   0.2970  -0.0346  -0.0406    93   133    73   127    5.4    6.9    4.0    7.9    55    77    34    81
    1366 00100011  -0.0524   0.2687  -0.0314  -0.0369    77    96    64    92    3.8    4.1    2.9    5.1    59    48    46    63
    1367 00100011  -0.0269   0.3073  -0.0185  -0.0212    76   109    60    95    3.6    5.2    2.3    5.4    42    55    33    64
    1368 00100011  -0.0106   0.3300  -0.0287  -0.0182    63    98    71    71    2.0    4.3    3.8    2.9    23    55    50    42
    1369 00100011  -0.0436   0.3142  -0.0153  -0.0214    75   103    66    91    3.5    4.7    3.1    5.0    45    54    29    65
    1370 00100011  -0.0243   0.3278  -0.0191  -0.0183    79   102    64   100    4.0    4.6    2.9    5.8    48    70    36    65
    1371 00100011   0.0102   0.3210  -0.0300  -0.0296    79   114    60    98    4.0    5.6    2.3    5.7    54    65    38    67
    1372 00100011  -0.0225   0.3163   0.0028  -0.0058    88   115    76   108    4.9    5.7    4.4    6.5    56    71    51    74
    1373 00100011  -0.0278   0.3204   0.0047   0.0051    79   102    74    86    4.0    4.6    4.1    4.5    52    62    54    62
    1374 00100011   0.0098   0.3216   0.0113   0.0123    63   107    75    99    2.0    5.0    4.2    5.8    32    62    46    61
    1375 00100011  -0.0673   0.3136  -0.0123  -0.0211    66    86    67    86    2.4    3.1    3.3    4.5    29    40    37    46
    1376 00100011  -0.0177   0.2998  -0.0218  -0.0266    87   116    68   101    4.8    5.7    3.4    5.9    66    72    51    66
    1377 00100011  -0.0334   0.2997   0.0009  -0.0038    79   105    68    94    4.0    4.9    3.4    5.3    49    61    37    67
    1378 00100011   0.0007   0.3001  -0.0057  -0.0102    84   113    79   104    4.5    5.5    4.7    6.2    58    71    60    69
    1379 00100011   0.0012   0.3000   0.0006  -0.0066    94   131    75   114    5.5    6.8    4.2    7.0    59    77    40    74
    1380 00100011  -0.0025   0.2738   0.0110  -0.0015    64   103    66    85    2.1    4.7    3.1    4.4    33    61    42    57
    1381 00100011  -0.0015   0.2695   0.0353   0.0267    96   133    95   129    5.7    6.9    6.3    8.1    51    71    61    80
    1382 00100011  -0.0753   0.2923   0.0116   0.0125    54    80    55    65    0.7    2.5    1.6    2.1    20    39    23    43
    1383 00100011  -0.0237   0.2710  -0.0277  -0.0291    73    98    67    91    3.3    4.3    3.3    5.0    49    55    42    62
    1384 00100011  -0.0281   0.2657  -0.0140  -0.0188   109   138    86   127    6.8    7.2    5.4    7.9    70    79    52    81
    1385 00100011  -0.0363   0.2670  -0.0007  -0.0056    84   127    74   109    4.5    6.5    4.1    6.6    53    69    38    76
    1386 00100011  -0.0372   0.2775  -0.0361  -0.0262    64    87    58    73    2.1    3.2    2.0    3.1    32    35    25    48
    1387 00100011  -0.0539   0.2633  -0.0232  -0.0286    74   110    74    95    3.4    5.3    4.1    5.4    52    60    49    63
    1388 00100011  -0.0369   0.2654  -0.0030  -0.0044    89   111    72   114    5.0    5.3    3.9    7.0    59    68    41    76
    1389 00100011  -0.0165   0.2696  -0.0015  -0.0059    78   119    76   113    3.9    5.9    4.4    6.9    46    73    51    75
    1390 00100011  -0.0288   0.2860   0.0046  -0.0011    73   103    77    93    3.3    4.7    4.5    5.2    49    62    58    60
    1391 00100011  -0.0284   0.2798  -0.0121  -0.0104    90   113    69   114    5.1    5.5    3.5    7.0    59    68    44    72
    1392 00100011  -0.0395   0.2636  -0.0274  -0.0269    71   103    60    91    3.0    4.7    2.3    5.0    45    62    31    63
    1393 00100011  -0.0232   0.3074  -0.0182  -0.0160    92   128    95   127    5.3    6.6    6.3    7.9    56    75    62    74
    1394 00100011  -0.0663   0.2827  -0.0260  -0.0363    66    95    56    86    2.4    4.0    1.7    4.5    31    51    21    51
    1395 00100011  -0.0562   0.2605   0.0062   0.0020    76   110    69   115    3.6    5.3    3.5    7.1    48    65    39    77
    1396 00100011  -0.0319   0.2715   0.0290   0.0043    64    90    75    81    2.1    3.5    4.2    4.0    19    57    52    46
    1397 00100011  -0.0166   0.2374   0.0187   0.0103    94   124    83   115    5.5    6.3    5.1    7.1    62    71    57    76
    1398 00100011  -0.0331   0.2242   0.0182   0.0130    89   140    99   121    5.0    7.4    6.7    7.5    58    75    67    83
    1399 00100011  -0.0117   0.2421   0.0506   0.0312    55    81    63    68    0.8    2.6    2.7    2.5     9    36    32    40
    1400 00100011  -0.0325   0.2459   0.0245   0.0210    89   128    94   112    5.0    6.6    6.2    6.8    56    78    66    73
    1401 00100011  -0.0217   0.2592  -0.0222  -0.0211    67   101    64    88    2.5    4.5    2.9    4.7    37    55    33    60
    1402 00100011  -0.0180   0.2200   0.0250   0.0139    62   102    52    81    1.9    4.6    1.1    4.0    30    60    16    46
    1403 00100011  -0.4934   0.1667   0.1447   0.0338    58    82    48    58    1.3    2.7    0.4    1.1    32    32    19    27
    1404 00100011  -0.0445   0.2108   0.0152   0.0078    82   105    89   111    4.3    4.9    5.7    6.8    54    61    62    72
    1405 00100011  -0.0521   0.2173   0.0260   0.0186    84   106    63    94    4.5    4.9    2.7    5.3    44    63    30    65
    1406 00100011  -0.0459   0.2138   0.0242   0.0210    60    85    63    76    1.6    3.0    2.7    3.5    28    44    39    46
    1407 00100011  -0.0406   0.2323   0.0064   0.0012    78   127    62    92    3.9    6.5    2.6    5.1    50    79    27    58
    1408 00100011  -0.0712   0.2282  -0.0080  -0.0074    75   112    77   103    3.5    5.4    4.5    6.1    51    67    53    74
    1409 00100011  -0.0279   0.2431   0.0207   0.0032    54    81    51    69    0.7    2.6    0.9    2.6    16    51    25    28
    1410 00100011  -0.0278   0.2401   0.0067   0.0028    71   107    68    94    3.0    5.0    3.4    5.3    38    52    31    62
    1411 00100011  -0.0258   0.2247   0.0106   0.0073    90   118    71   107    5.1    5.9    3.8    6.4    59    67    44    68
    1412 00100011  -0.0324   0.2226   0.0306   0.0160    75   110    58   100    3.5    5.3    2.0    5.8    45    70    26    64
    1413 00100011   0.0070   0.1997   0.0062   0.0114    63   100    52    80    2.0    4.4    1.1    3.9    31    52    25    51
    1414 00100011  -0.0295   0.2286   0.0097   0.0140    60    88    57    77    1.6    3.3    1.9    3.6    16    36    12    41
    1415 00100011  -0.0169   0.2504   0.0074   0.0192    67    92    56    79    2.5    3.7    1.7    3.8    26    50    10    56
    1416 00100011  -0.0224   0.2469   0.0189   0.0115    75   106    62    96    3.5    4.9    2.6    5.5    50    64    27    62
    1417 00100011  -0.0397   0.2492   0.0152   0.0081    96   124    60   104    5.7    6.3    2.3    6.2    63    69    29    63
    1418 00100011  -0.0329   0.2752   0.0160   0.0122    88   110    81   101    4.9    5.3    4.9    5.9    58    64    53    63
    1419 00100011   0.0049   0.2582   0.0238   0.0282    75    92    65    91    3.5    3.7    3.0    5.0    55    57    36    71
    1420 00100011  -0.0073   0.2446   0.0154   0.0089    85   117    82   105    4.6    5.8    5.0    6.3    62    72    62    68
    1421 00100011   0.0040   0.2552   0.0079   0.0217    61    85    57    67    1.7    3.0    1.9    2.4    28    38    13    30
    1422 00100011  -0.0199   0.2215  -0.0071  -0.0139    66    85    61    84    2.4    3.0    2.5    4.3    33    45    34    54
    1423 00100011  -0.0280   0.2394  -0.0280  -0.0265    72   100    58    78    3.2    4.4    2.0    3.7    47    57    31    52
    1424 00100011   0.0239   0.2497  -0.0222  -0.0136    75    95    61    80    3.5    4.0    2.5    3.9    44    49    26    48
    1425 00100011  -0.0260   0.2626  -0.0273  -0.0207    62   100    72    74    1.9    4.4    3.9    3.2    26    49    53    45
    1426 00100011  -0.0407   0.2401  -0.0112  -0.0192    71    94    60    81    3.0    3.9    2.3    4.0    43    49    30    51
    1427 00100011  -0.0263   0.2644  -0.0095  -0.0129    89   110    82   111    5.0    5.3    5.0    6.8    61    66    52    75
    1428 00100011  -0.0326   0.2633  -0.0036  -0.0100    84   124    86   103    4.5    6.3    5.4    6.1    50    72    58    69
    1429 00100011  -0.0247   0.2612  -0.0128  -0.0097    59    82    52    74    1.4    2.7    1.1    3.2    25    39    11    50
    1430 00100011   0.0376   0.2543  -0.0235  -0.0068    70    90    55    83    2.9    3.5    1.6    4.2    44    48    12    60
    1431 00100011  -0.0154   0.2358   0.0190   0.0132   104   132    89   127    6.4    6.8    5.7    7.9    65    73    64    83
    1432 00100011   0.0023   0.2683   0.0155   0.0132    84   116    74   104    4.5    5.7    4.1    6.2    52    70    50    69
    1433 00100011  -0.0135   0.2707   0.0053   0.0045   106   155   104   143    6.5    8.2    7.1    9.0    65    85    66    89
    1434 00100011  -0.0096   0.2624  -0.0045   0.0009    74   120    58    97    3.4    6.0    2.0    5.6    42    67    23    67
    1435 00100011  -0.0181   0.2657   0.0180   0.0159    91   123    82   130    5.2    6.2    5.0    8.1    61    72    51    82
    1436 00100011  -0.0113   0.2647   0.0205   0.0196    85   121    62   105    4.6    6.1    2.6    6.3    63    74    30    72
    1437 00100011  -0.0329   0.2496   0.0194   0.0179    70   105    81    94    2.9    4.9    4.9    5.3    46    59    68    63
    1438 00100011  -0.0396   0.2774   0.0290   0.0205    66   111    74   105    2.4    5.3    4.1    6.3    33    64    49    70
    1439 00100011  -0.0290   0.2670   0.0155   0.0118   106   125   106   134    6.5    6.4    7.3    8.4    68    72    70    81
    1440 00100011  -0.0124   0.2557  -0.0003  -0.0045   106   139    97   122    6.5    7.3    6.5    7.6    71    77    65    80
    1441 00100011   0.0032   0.2892   0.0027  -0.0047    65    96    75    84    2.3    4.1    4.2    4.3    17    50    37    51
    1442 00100011  -0.0115   0.2589  -0.0010   0.0007    85   121    68   107    4.6    6.1    3.4    6.4    54    70    34    70
    1443 00100011  -0.0047   0.2631  -0.0111  -0.0195    69   101    74   105    2.8    4.5    4.1    6.3    49    60    49    72
    1444 00100011   0.0057   0.2838  -0.0178  -0.0183    83   122    59   113    4.4    6.2    2.2    6.9    54    72    18    78
    1445 00100011   0.0090   0.2616  -0.0121  -0.0076    86   106    57    79    4.7    4.9    1.9    3.8    59    62    21    44
    1446 00100011   0.0125   0.2856  -0.0025  -0.0035    73    98    60    83    3.3    4.3    2.3    4.2    48    55    29    55
    1447 00100011  -0.0169   0.2948   0.0041   0.0006    78   105    61    94    3.9    4.9    2.5    5.3    57    61    30    67
    1448 00100011   0.0015   0.3138  -0.0111  -0.0160    72   113    66    87    3.2    5.5    3.1    4.6    41    67    48    58
    1449 00100011  -0.0445   0.3151  -0.0431  -0.0210    51    87    56    71    0.2    3.2    1.7    2.9    16    38    23    45
    1450 00100011  -0.0005   0.2833  -0.0139  -0.0152    69    93    79    83    2.8    3.8    4.7    4.2    44    49    57    53
    1451 00100011  -0.0151   0.2624   0.0243   0.0174    92   121    70   100    5.3    6.1    3.6    5.8    61    67    36    73
    1452 00100011  -0.0135   0.2921   0.0108   0.0073    95   124    80   114    5.6    6.3    4.8    7.0    65    70    53    77
    1453 00100011  -0.0295   0.2703   0.0161   0.0018    70   101    62    84    2.9    4.5    2.6    4.3    37    55    32    55
    1454 00100011  -0.0487   0.2739  -0.0036  -0.0073    78   107    60    90    3.9    5.0    2.3    4.9    51    65    25    58
    1455 00100011  -0.0183   0.2425  -0.0014  -0.0053   114   131    70   131    7.2    6.8    3.6    8.2    75    83    45    81
    1456 00100011   0.0140   0.2445  -0.0042  -0.0020    76   110    56    83    3.6    5.3    1.7    4.2    42    62    13    56
    1457 00100011  -0.0190   0.2121   0.0095   0.0018    70   102    66    80    2.9    4.6    3.1    3.9    49    61    47    49
    1458 00100011  -0.0155   0.2486   0.0211   0.0199   101   141   106   126    6.1    7.4    7.3    7.9    67    76    72    82
    1459 00100011  -0.0527   0.2801   0.0168   0.0128    67   110    66    92    2.5    5.3    3.1    5.1    20    72    25    65
    1460 00100011   0.0200   0.2693   0.0005  -0.0032    52    85    59    71    0.3    3.0    2.2    2.9     2    47    33    51
    1461 00100011  -0.0164   0.2411  -0.0052  -0.0075    94   116    82   111    5.5    5.7    5.0    6.8    62    74    56    80
    1462 00100011  -0.0091   0.2422  -0.0096  -0.0139   108   149    80   122    6.7    7.9    4.8    7.6    68    84    50    84
    1463 00100011  -0.0112   0.2455   0.0004  -0.0039   104   152    72   119    6.4    8.1    3.9    7.4    70    89    49    76
    1464 00100011  -0.0184   0.2383   0.0024   0.0058    57    87    59    72    1.1    3.2    2.2    3.0    21    42    35    50
    1465 00100011  -0.0081   0.2458   0.0210   0.0056    68   100    56    83    2.7    4.4    1.7    4.2    37    61    24    53
    1466 00100011   0.0033   0.2464   0.0028  -0.0027    81   109    73   109    4.2    5.2    4.0    6.6    53    62    41    77
    1467 00100011  -0.0498   0.2972   0.0311   0.0160    55    91    56    69    0.8    3.6    1.7    2.6    17    47    26    36
    1468 00100011  -0.0040   0.2892  -0.0009   0.0058    79   107    70    98    4.0    5.0    3.6    5.7    53    58    39    67
    1469 00100011  -0.0135   0.2641  -0.0209  -0.0217    88   123    90   124    4.9    6.2    5.8    7.7    54    67    66    76
    1470 00100011  -0.0469   0.2986  -0.0265  -0.0168    63   102    60    94    2.0    4.6    2.3    5.3    20    56    19    70
    1471 00100011  -0.0068   0.2646  -0.0215  -0.0233    83   127    74   123    4.4    6.5    4.1    7.6    41    72    33    80
    1472 00100011  -0.0349   0.2404  -0.0052  -0.0107    76    98    63    97    3.6    4.3    2.7    5.6    57    59    43    67
    1473 00100011  -0.0264   0.2363  -0.0076  -0.0110   112   143    88   122    7.0    7.5    5.6    7.6    74    82    66    84
    1474 00100011  -0.0042   0.2587   0.0171   0.0059    61    81    58    73    1.7    2.6    2.0    3.1    33    31    21    49
    1475 00100011  -0.0101   0.2647   0.0133   0.0135    97   145    77   115    5.8    7.7    4.5    7.1    73    86    53    78
    1476 00100011  -0.0012   0.2645   0.0379   0.0332    75   119    68    96    3.5    5.9    3.4    5.5    44    73    38    72
    1477 00100011  -0.0040   0.2540   0.0393   0.0353    66   103    59    85    2.4    4.7    2.2    4.4    37    62    28    58
    1478 00100011   0.1635   0.2693  -0.0267   0.0162    68   103    49    80    2.7    4.7    0.5    3.9    35    56     1    54
    1479 00100011   0.0360   0.2259  -0.0001   0.0024    60    87    51    71    1.6    3.2    0.9    2.9    25    44    13    39
    1480 00100011   0.0001   0.2899  -0.0117  -0.0119   103   128    74   123    6.3    6.6    4.1    7.6    68    73    40    83
    1481 00100011  -0.0118   0.3100  -0.0113  -0.0219    90   134    71   116    5.1    7.0    3.8    7.1    57    79    43    75
    1482 00100011   0.0187   0.3036  -0.0136  -0.0182    84   119    60   104    4.5    5.9    2.3    6.2    53    74    27    70
    1483 00100011   0.0167   0.2626  -0.0079  -0.0119    73    92    74    83    3.3    3.7    4.1    4.2    38    42    55    51
    1484 00100011   0.0193   0.2594  -0.0067  -0.0066    91   113    67   117    5.2    5.5    3.3    7.2    61    70    36    77
    1485 00100011   0.1212   0.2834  -0.0339   0.0042    57    84    50    73    1.1    2.9    0.7    3.1    12    42     9    52
    1486 00100011  -0.0791   0.2614   0.0113   0.0146    54    84    60    81    0.7    2.9    2.3    4.0     8    36    31    53
    1487 00100011  -0.0010   0.2751   0.0192   0.0168    78   119    91   109    3.9    5.9    5.9    6.6    52    68    62    72
    1488 00100011  -0.0238   0.2492   0.0088   0.0009    66    85    70    85    2.4    3.0    3.6    4.4    36    48    51    58
    1489 00100011  -0.0145   0.2342   0.0049   0.0011    90   128    94   112    5.1    6.6    6.2    6.8    64    76    70    75
    1490 00100011  -0.0417   0.2498   0.0144   0.0069    72    97    76    87    3.2    4.2    4.4    4.6    37    54    49    59
    1491 00100011  -0.0475   0.2286   0.0053   0.0028    68   105    68    92    2.7    4.9    3.4    5.1    42    61    51    61
    1492 00100011  -0.0824   0.2611   0.0462   0.0057    61   101    52    72    1.7    4.5    1.1    3.0    21    57    14    34
    1493 00100011  -0.0258   0.2370   0.0261   0.0196    96   128    81   112    5.7    6.6    4.9    6.8    64    78    51    75
    1494 00100011  -0.0134   0.2332  -0.0060   0.0016    64    91    55    85    2.1    3.6    1.6    4.4    45    42    29    60
    1495 00100011  -0.0100   0.2453   0.0036  -0.0019    73   112    51    77    3.3    5.4    0.9    3.6    46    65    12    51
    1496 00100011  -0.0019   0.2485   0.0037  -0.0012    57    92    66    80    1.1    3.7    3.1    3.9    20    50    40    49
    1497 00100011  -0.0118   0.2732  -0.0069  -0.0113    93   115    74   102    5.4    5.7    4.1    6.0    63    68    45    74
    1498 00100011  -0.0138   0.2675   0.0038  -0.0033    66   104    55    84    2.4    4.8    1.6    4.3    27    64    17    52
    1499 00100011  -0.0206   0.2935  -0.0003  -0.0018    74   102    55    76    3.4    4.6    1.6    3.5    48    60    26    50
    1500 00100011  -0.0498   0.3019  -0.0036  -0.0023    59    90    76    82    1.4    3.5    4.4    4.1    10    46    45    56
    1501 00100011  -0.0742   0.2950  -0.0055  -0.0160   102   124    89   119    6.2    6.3    5.7    7.4    69    70    63    75
    1502 00100011  -0.0515   0.2918  -0.0104  -0.0241    59   100    59    74    1.4    4.4    2.2    3.2    21    58    26    40
    1503 00100011  -0.0473   0.2924  -0.0242  -0.0307    72   109    61    88    3.2    5.2    2.5    4.7    42    64    15    62
    1504 00100011  -0.0066   0.2778  -0.0384  -0.0301    68   101    51    80    2.7    4.5    0.9    3.9    51    54    26    55
    1505 00100011  -0.0247   0.2945  -0.0209  -0.0277    79   128    57    89    4.0    6.6    1.9    4.8    55    79    20    63
    1506 00100011  -0.0380   0.3184  -0.0324  -0.0295    63   105    73   114    2.0    4.9    4.0    7.0    32    56    52    70
    1507 00100011  -0.0413   0.3237  -0.0226  -0.0187    73   100    70    87    3.3    4.4    3.6    4.6    47    51    45    63
    1508 00100011  -0.0272   0.3069  -0.0233  -0.0181    83   125    62    98    4.4    6.4    2.6    5.7    52    72    21    70
    1509 00100011  -0.0643   0.2655  -0.0035  -0.0121    95   137    95   126    5.6    7.2    6.3    7.9    62    78    69    76
    1510 00100011  -0.0691   0.2663  -0.0267  -0.0304    74    96    85   116    3.4    4.1    5.3    7.1    52    53    59    75
    1511 00100011  -0.0252   0.2534  -0.0169  -0.0156    64    92    56    70    2.1    3.7    1.7    2.8    38    49    27    38
    1512 00100011  -0.0229   0.2566  -0.0067  -0.0091    73   104    61    86    3.3    4.8    2.5    4.5    50    64    41    62
    1513 00100011  -0.0239   0.2051   0.0107   0.0006    71    98    65    73    3.0    4.3    3.0    3.1    41    57    40    37
    1514 00100011  -0.0291   0.2214   0.0149   0.0123    78   109    78    91    3.9    5.2    4.6    5.0    57    65    58    62
    1515 00100011  -0.0005   0.2434   0.0184   0.0113    56    81    52    67    1.0    2.6    1.1    2.4    11    36     8    30
    1516 00100011  -0.0567   0.2588  -0.0034  -0.0067    78   110    66   119    3.9    5.3    3.1    7.4    47    69    35    82
    1517 00100011  -0.2316   0.2703  -0.0035   0.0435    54    76    68    72    0.7    2.1    3.4    3.0    10    21    33    43
    1518 00100011  -0.0127   0.2260   0.0536   0.0507    72   111    86    89    3.2    5.3    5.4    4.8    44    66    59    64
    1519 00100011  -0.0191   0.2470   0.0375   0.0386    75   103    68    96    3.5    4.7    3.4    5.5    54    61    44    69
    1520 00100011  -0.1725   0.2770   0.0566   0.0065    69   103    49    91    2.8    4.7    0.5    5.0    33    61     2    61
    1521 00100011  -0.0016   0.2524   0.0131   0.0061    77    99    85   102    3.8    4.3    5.3    6.0    57    64    64    73
    1522 00100011   0.0112   0.2525   0.0211   0.0099    71   101    60    84    3.0    4.5    2.3    4.3    38    55    22    55
    1523 00100011   0.0006   0.2517   0.0037   0.0001    69    98    65    86    2.8    4.3    3.0    4.5    37    57    32    60
    1524 00100011  -0.0035   0.2252   0.0003  -0.0031    77    94    64    97    3.8    3.9    2.9    5.6    56    52    32    71
    1525 00100011  -0.0118   0.2308  -0.0020   0.0001    70   129    68    98    2.9    6.6    3.4    5.7    33    74    41    75
    1526 00100011   0.0092   0.2187   0.0156   0.0106    75   113    74   107    3.5    5.5    4.1    6.4    44    67    43    70
    1527 00100011   0.0072   0.2474   0.0122   0.0089   101   129   104   119    6.1    6.6    7.1    7.4    68    76    74    82
    1528 00100011   0.0050   0.2818   0.0181   0.0076    75   116    78    90    3.5    5.7    4.6    4.9    45    70    50    56
    1529 00100011   0.0045   0.2607   0.0054   0.0071    81   122    79   117    4.2    6.2    4.7    7.2    54    67    59    78
    1530 00100011  -0.0409   0.2179   0.0142   0.0126    57    84    65    68    1.1    2.9    3.0    2.5    26    30    49    36
    1531 00100011  -0.0078   0.2411   0.0184   0.0044    54    76    51    58    0.7    2.1    0.9    1.1    12    33    19    14
    1532 00100011  -0.0080   0.2614   0.0115   0.0068    64   103    67    81    2.1    4.7    3.3    4.0    38    61    42    50
    1533 00100011  -0.0129   0.2817  -0.0149  -0.0156    69    93    72    84    2.8    3.8    3.9    4.3    34    58    35    52
    1534 00100011   0.0069   0.2744  -0.0127  -0.0069    79   104    73    84    4.0    4.8    4.0    4.3    47    51    50    51
    1535 00100011  -0.0109   0.3057  -0.0205  -0.0191    77   113    91    99    3.8    5.5    5.9    5.8    46    66    57    70
    1536 00100011  -0.0238   0.2819  -0.0098  -0.0111    94   122   107   119    5.5    6.2    7.3    7.4    64    72    69    78
    1537 00100011  -0.0512   0.2714  -0.0004  -0.0050    76   125    84   117    3.6    6.4    5.2    7.2    46    73    58    77
    1538 00100011  -0.0470   0.2498  -0.0122  -0.0012    62    91    58    88    1.9    3.6    2.0    4.7    18    41    17    59
    1539 00100011  -0.0369   0.2648   0.0024  -0.0092    64    95    52    79    2.1    4.0    1.1    3.8    39    58     8    53
    1540 00100011  -0.0445   0.2591   0.0105  -0.0010    82   116    72   101    4.3    5.7    3.9    5.9    59    78    49    69
    1541 00100011  -0.0265   0.2761   0.0155   0.0138    73   105    85    94    3.3    4.9    5.3    5.3    45    57    60    69
    1542 00100011   0.0093   0.2743   0.0130   0.0100    95   116    93   122    5.6    5.7    6.1    7.6    67    73    66    78
    1543 00100011  -0.0039   0.2835   0.0386   0.0222    67   100    61    76    2.5    4.4    2.5    3.5    26    59    18    40
    1544 00100011   0.0198   0.2509   0.0189   0.0162    72    96    58    87    3.2    4.1    2.0    4.6    53    47    39    59
    1545 00100011  -0.0283   0.2565   0.0049   0.0020    95   122    82   119    5.6    6.2    5.0    7.4    66    73    57    78
    1546 00100011  -0.0334   0.2741  -0.0176  -0.0190   111   149   101   135    6.9    7.9    6.8    8.5    72    86    69    88
    1547 00100011  -0.0635   0.2583   0.0082   0.0024   107   143    76   137    6.6    7.5    4.4    8.6    69    84    47    83
    1548 00100011  -0.0361   0.2475   0.0090   0.0066    88   130    89   109    4.9    6.7    5.7    6.6    66    82    68    79
    1549 00100011  -0.0463   0.2370  -0.0055  -0.0100    97   127    87   118    5.8    6.5    5.5    7.3    67    75    61    80
    1550 00100011  -0.0504   0.2267   0.0049  -0.0104    62    88    54    68    1.9    3.3    1.4    2.5    23    49    17    28
    1551 00100011  -0.0630   0.2300   0.0206   0.0162    67    86    56    82    2.5    3.1    1.7    4.1    38    45    22    50
    1552 00100011  -0.0311   0.2177   0.0012   0.0049    74   103    53    85    3.4    4.7    1.2    4.4    52    64    25    60
    1553 00100011  -0.0622   0.2222   0.0119   0.0068    77   105    99    99    3.8    4.9    6.7    5.8    46    61    71    68
    1554 00100011  -0.0419   0.2321   0.0198   0.0175    92   117    86   120    5.3    5.8    5.4    7.4    60    60    61    78
    1555 00100011  -0.0508   0.2348   0.0120   0.0132   105   122    86   119    6.4    6.2    5.4    7.4    74    75    62    83
    1556 00100011  -0.0386   0.2459   0.0008  -0.0012    76   100    66    92    3.6    4.4    3.1    5.1    56    63    42    67
    1557 00100011  -0.0800   0.2628   0.0034  -0.0006    78   113    68   100    3.9    5.5    3.4    5.8    42    68    36    65
    1558 00100011  -0.0476   0.2481   0.0105   0.0066   110   134    82   121    6.8    7.0    5.0    7.5    69    78    56    75
    1559 00100011  -0.1255   0.3018  -0.0329  -0.0261    60    98    56    74    1.6    4.3    1.7    3.2    19    47    15    39
    1560 00100011  -0.0632   0.2489  -0.0547  -0.0573    78   122    66   106    3.9    6.2    3.1    6.4    59    73    38    69
    1561 00100011  -0.0222   0.2770  -0.0585  -0.0525    86   117    82   106    4.7    5.8    5.0    6.4    45    54    59    68
    1562 00100011  -0.0252   0.2890   0.0211   0.0147    86   123    55   105    4.7    6.2    1.6    6.3    47    71    15    58
    1563 00100011   0.0121   0.2826   0.0493   0.0594    69   103    53    70    2.8    4.7    1.2    2.8    39    56    15    43
    1564 00100011   0.0024   0.2812   0.0198   0.0313    80   117    66   103    4.1    5.8    3.1    6.1    46    69    32    72
    1565 00100011   0.0059   0.2798   0.0099   0.0084    68    95    72    80    2.7    4.0    3.9    3.9    43    56    49    46
    1566 00100011  -0.0554   0.3093   0.0169   0.0100    99   136    93   118    5.9    7.1    6.1    7.3    64    78    61    79
    1567 00100011  -0.0552   0.2871   0.0367   0.0369    86   118    69   103    4.7    5.9    3.5    6.1    57    64    46    73
    1568 00100011  -0.0246   0.3057   0.0333   0.0247    72   106    57    78    3.2    4.9    1.9    3.7    34    58    15    55
    1569 00100011  -0.0531   0.2614   0.0233   0.0198    72   108    54    77    3.2    5.1    1.4    3.6    42    56    16    45
    1570 00100011  -0.0513   0.2501  -0.0007  -0.0076    89   131    71   112    5.0    6.8    3.8    6.8    61    80    43    71
    1571 00100011  -0.1044   0.2813  -0.0229  -0.0408    87   106    77   106    4.8    4.9    4.5    6.4    62    70    48    73
    1572 00100011   0.0314   0.2775  -0.0528  -0.0398    75   112    53   101    3.5    5.4    1.2    5.9    42    67    13    69
    1573 00100011  -0.0387   0.3127  -0.0219  -0.0317    56    81    50    64    1.0    2.6    0.7    2.0    20    40     7    25
    1574 00100011  -0.0828   0.2501  -0.0166  -0.0288    84   112    63    90    4.5    5.4    2.7    4.9    56    67    37    57
    1575 00100011  -0.0051   0.2388   0.0054   0.0076    74   107    86   114    3.4    5.0    5.4    7.0    46    63    56    72
    1576 00100011  -0.0763   0.2459  -0.0070  -0.0099    59    95    53    75    1.4    4.0    1.2    3.3    19    52     8    34
    1577 00100011  -0.0396   0.2355  -0.0201  -0.0257    81   102    81   112    4.2    4.6    4.9    6.8    60    65    64    75
    1578 00100011  -0.0531   0.2512  -0.0099  -0.0151    67    97    73    88    2.5    4.2    4.0    4.7    31    50    51    59
    1579 00100011  -0.0368   0.2575  -0.0152  -0.0167    93   125    65   102    5.4    6.4    3.0    6.0    70    79    41    69
    1580 00100011  -0.0572   0.2523  -0.0047  -0.0068    68   104    64    87    2.7    4.8    2.9    4.6    46    64    38    63
    1581 00100011  -0.0617   0.2589   0.0135   0.0010    48    71    52    62   -0.4    1.5    1.1    1.7     7    24    19    33
    1582 00100011  -0.0187   0.2757   0.0239   0.0209    96   116    83   119    5.7    5.7    5.1    7.4    66    72    59    79
    1583 00100011  -0.0292   0.2474   0.0250   0.0253    80   101    61    88    4.1    4.5    2.5    4.7    55    54    32    62
    1584 00100011  -0.0362   0.2514   0.0528   0.0379    84   113    58    97    4.5    5.5    2.0    5.6    55    69    31    61
    1585 00100011  -0.0304   0.2729   0.0379   0.0295    73   114    67   102    3.3    5.6    3.3    6.0    42    73    36    71
    1586 00100011  -0.0439   0.2506   0.0142   0.0141    65    94    79    92    2.3    3.9    4.7    5.1    31    51    52    67
    1587 00100011   0.9704   0.2527  -0.0006   0.0140    49    70    48    58   -0.2    1.3    0.4    1.1    10    19     8    16
    1588 00100011   0.0044   0.2595   0.0213   0.0078    57    85    57    72    1.1    3.0    1.9    3.0    26    48    33    38
    1589 00100011   0.0014   0.2348  -0.0049  -0.0055    72   102    73   102    3.2    4.6    4.0    6.0    50    63    53    69
    1590 00100011  -0.0230   0.2568  -0.0205  -0.0252    86   122    82   117    4.7    6.2    5.0    7.2    61    75    65    80
    1591 00100011  -0.0424   0.2742  -0.0327  -0.0345    79   108    67    90    4.0    5.1    3.3    4.9    57    66    37    65
    1592 00100011  -0.0072   0.2729  -0.0207  -0.0251    83   123    77   104    4.4    6.2    4.5    6.2    60    77    58    71
    1593 00100011  -0.0135   0.2958  -0.0026  -0.0139    66    98    55    94    2.4    4.3    1.6    5.3    25    58    14    64
    1594 00100011  -0.0208   0.2287  -0.0196  -0.0124    57    74    54    63    1.1    1.8    1.4    1.8    26    16    25    40
    1595 00100011  -0.0169   0.2455  -0.0044  -0.0128    65    94    67    86    2.3    3.9    3.3    4.5    41    49    43    61
    1596 00100011  -0.0002   0.2511   0.0040   0.0046    60    93    62    82    1.6    3.8    2.6    4.1    26    54    26    58
    1597 00100011  -0.0184   0.2623   0.0078   0.0146    57    92    61    76    1.1    3.7    2.5    3.5    26    54    37    55
    1598 00100011  -0.0277   0.2652   0.0057   0.0082    65    94    58    84    2.3    3.9    2.0    4.3    42    58    22    61
    1599 00100011   0.3612   0.3072  -0.0991   0.0165    59    68    45    61    1.4    1.1   -0.2    1.6    29    23     3    23
    1600 00100011  -0.0885   0.2654   0.0105   0.0017    74    95    63    81    3.4    4.0    2.7    4.0    45    50    33    53
    1601 00100011  -0.0474   0.2730   0.0073   0.0073    71   118    62    84    3.0    5.9    2.6    4.3    42    68    22    56
    1602 00100011  -0.0494   0.2978   0.0149   0.0078    70    88    71    82    2.9    3.3    3.8    4.1    42    52    42    50
    1603 00100011  -0.0398   0.2917   0.0030  -0.0019    79    99    69    92    4.0    4.3    3.5    5.1    50    61    40    65
    1604 00100011  -0.0683   0.2666   0.0112  -0.0004    61    91    68    83    1.7    3.6    3.4    4.2    23    53    44    50
    1605 00100011  -0.0216   0.2581   0.0033  -0.0049    80   115    87   103    4.1    5.7    5.5    6.1    42    63    60    67
    1606 00100011  -0.0057   0.3010  -0.0070  -0.0123    88   112    71   104    4.9    5.4    3.8    6.2    65    75    51    72
    1607 00100011   0.0034   0.3016  -0.0017  -0.0020    90   133    72   110    5.1    6.9    3.9    6.7    62    78    43    74
    1608 00100011  -0.0487   0.2799  -0.0020  -0.0088    88   128    84   105    4.9    6.6    5.2    6.3    59    73    59    74
    1609 00100011  -0.0389   0.2854  -0.0059  -0.0094    81   119    71   101    4.2    5.9    3.8    5.9    50    71    36    72
    1610 00100011  -0.0145   0.2637  -0.0023  -0.0189    56    89    62    76    1.0    3.4    2.6    3.5    14    48    40    42
    1611 00100011  -0.0111   0.2746   0.0045  -0.0042    65   116    57    96    2.3    5.7    1.9    5.5    34    72    17    70
    1612 00100011   0.0013   0.2558   0.0022  -0.0015    71   109    80    96    3.0    5.2    4.8    5.5    39    63    46    59
    1613 00100011  -0.0046   0.2631  -0.0054  -0.0135    75    91    78    89    3.5    3.6    4.6    4.8    50    47    54    61
    1614 00100011  -0.0310   0.2470   0.0023  -0.0109    69   103    59    83    2.8    4.7    2.2    4.2    41    65    32    48
    1615 00100011  -0.0111   0.2716   0.0299   0.0280    88   118    58   112    4.9    5.9    2.0    6.8    61    71    19    74
    1616 00100011  -0.0150   0.2516   0.0098   0.0129    56    88    63    77    1.0    3.3    2.7    3.6    25    38    43    49
    1617 00100011   0.0345   0.2848  -0.0009   0.0097    74   104    52    88    3.4    4.8    1.1    4.7    47    61     9    63
    1618 00100011  -0.0062   0.2766   0.0146   0.0125    67    98    55    83    2.5    4.3    1.6    4.2    47    55    28    51
    1619 00100011  -0.0125   0.2949  -0.0022  -0.0021    91   119    76   119    5.2    5.9    4.4    7.4    64    72    42    82
    1620 00100011  -0.0420   0.3017   0.0009  -0.0150    73    91    80    80    3.3    3.6    4.8    3.9    32    48    59    34
    1621 00100011  -0.0058   0.2884  -0.0053  -0.0023    76   100    58    85    3.6    4.4    2.0    4.4    47    45    34    53
    1622 00100011  -0.0217   0.2831  -0.0225  -0.0305    76   116    65    99    3.6    5.7    3.0    5.8    45    73    32    68
    1623 00100011  -0.0180   0.2880  -0.0250  -0.0283   106   130    76   121    6.5    6.7    4.4    7.5    70    78    52    82
    1624 00100011   0.0056   0.2344  -0.0100  -0.0126    68    90    67    71    2.7    3.5    3.3    2.9    39    44    43    44
    1625 00100011   0.0092   0.2507  -0.0066  -0.0062    80   116    81    97    4.1    5.7    4.9    5.6    57    69    58    75
    1626 00100011   0.0375   0.2673  -0.0362  -0.0192    83   112    54    89    4.4    5.4    1.4    4.8    58    54    20    64
    1627 00100011   0.0006   0.2538  -0.0161  -0.0204    60    96    56    79    1.6    4.1    1.7    3.8    26    51    26    56
    1628 00100011   0.0429   0.2782  -0.0137  -0.0116    89   126    63   102    5.0    6.4    2.7    6.0    57    72    32    66
    1629 00100011  -0.0032   0.3030   0.0153   0.0049    75   103    61   106    3.5    4.7    2.5    6.4    43    61    28    75
    1630 00100011  -0.0414   0.3209   0.0330   0.0171    67   101    59    87    2.5    4.5    2.2    4.6    34    60    14    63
    1631 00100011   0.0124   0.2925   0.0227   0.0211    74   114    81    93    3.4    5.6    4.9    5.2    54    66    63    60
    1632 00100011   0.0117   0.2998   0.0100   0.0056    83    94    69    95    4.4    3.9    3.5    5.4    50    44    42    55
    1633 00100011   0.0048   0.2919  -0.0060  -0.0060    72   116    55    89    3.2    5.7    1.6    4.8    51    70    22    56
    1634 00100011   0.0384   0.3099  -0.0169  -0.0085    51    84    48    67    0.2    2.9    0.4    2.4    11    40     7    42
    1635 00100011   0.0135   0.3148   0.0073   0.0089    94   121    65   108    5.5    6.1    3.0    6.5    60    69    29    70
    1636 00100011  -0.0037   0.3070  -0.0364  -0.0389    72    98    57    85    3.2    4.3    1.9    4.4    50    52    19    60
    1637 00100011  -0.0017   0.3098  -0.0203  -0.0320    82   129    73   124    4.3    6.6    4.0    7.7    55    71    37    79
    1638 00100011  -0.0076   0.3140  -0.0137  -0.0118    74   114    60    95    3.4    5.6    2.3    5.4    38    69    25    55
    1639 00100011  -0.0109   0.3355   0.0121  -0.0002    68   106    52    86    2.7    4.9    1.1    4.5    22    60     6    54
    1640 00100011  -0.0268   0.3155  -0.0266  -0.0333    79   114    85   108    4.0    5.6    5.3    6.5    51    69    63    73
    1641 00100011  -0.0664   0.3272  -0.0275  -0.0328    69   106    72    79    2.8    4.9    3.9    3.8    35    65    43    50
    1642 00100011  -0.0191   0.3161  -0.0275  -0.0378    75   107    65    91    3.5    5.0    3.0    5.0    46    67    35    58
    1643 00100011  -0.0433   0.2663  -0.0246  -0.0361   107   136    85   122    6.6    7.1    5.3    7.6    75    83    50    80
    1644 00100011  -0.0360   0.2953  -0.0071  -0.0123    89   101    94   111    5.0    4.5    6.2    6.8    59    59    64    76
    1645 00100011  -0.0555   0.3043   0.0209   0.0049    63    94    70    92    2.0    3.9    3.6    5.1    10    45    35    59
    1646 00100011   0.0068   0.3072   0.0169   0.0201    91   128    83   122    5.2    6.6    5.1    7.6    60    72    55    79
    1647 00100011  -0.0009   0.2687   0.0301   0.0235    71   124    88   104    3.0    6.3    5.6    6.2    48    74    66    70
    1648 00100011   0.0545   0.3069   0.0019   0.0022    77   104    66    92    3.8    4.8    3.1    5.1    40    58    27    56
    1649 00100011  -0.0141   0.2720  -0.0086  -0.0127    67    98    53    80    2.5    4.3    1.2    3.9    54    64    32    52
    1650 00100011  -0.0276   0.3189  -0.0100  -0.0244    71   106    67    84    3.0    4.9    3.3    4.3    41    57    34    57
    1651 00100011  -0.0147   0.3079  -0.0244  -0.0346    72   127    69   100    3.2    6.5    3.5    5.8    42    72    42    67
    1652 00100011  -0.0248   0.2957  -0.0127  -0.0172    91   122    92   126    5.2    6.2    6.0    7.9    69    78    68    84
    1653 00100011  -0.0371   0.2864  -0.0099  -0.0129    83   112    76   105    4.4    5.4    4.4    6.3    50    63    46    70
    1654 00100011  -0.0435   0.2631   0.0037   0.0052    72   110    70   107    3.2    5.3    3.6    6.4    42    61    42    72
    1655 00100011  -0.0502   0.2578   0.0189   0.0062    69    94    58    89    2.8    3.9    2.0    4.8    49    53    38    62
    1656 00100011  -0.0342   0.2718   0.0066   0.0034   113   146    97   134    7.1    7.7    6.5    8.4    71    84    67    87
    1657 00100011  -0.0082   0.2819  -0.0197  -0.0132    98   128    82   116    5.8    6.6    5.0    7.1    59    72    58    64
    1658 00100011  -0.0222   0.2789  -0.0182  -0.0165    85   129    67   108    4.6    6.6    3.3    6.5    44    71    29    54
    1659 00100011  -0.0462   0.2709   0.0212   0.0021    65    89    60    77    2.3    3.4    2.3    3.6    20    44    26    40
    1660 00100011  -0.0256   0.2530  -0.0082  -0.0087    93   124    71   117    5.4    6.3    3.8    7.2    57    77    23    80
    1661 00100011  -0.0561   0.2582  -0.0216  -0.0238    78   129    81   103    3.9    6.6    4.9    6.1    56    72    59    72
    1662 00100011  -0.0440   0.2661  -0.0298  -0.0339    76   124    72   107    3.6    6.3    3.9    6.4    42    75    50    70
    1663 00100011   0.0277   0.2654  -0.0526  -0.0457    56    78    49    73    1.0    2.3    0.5    3.1    17    34     8    49
    1664 00100011  -0.0088   0.2703  -0.0364  -0.0401    97   130    82   128    5.8    6.7    5.0    8.0    58    77    50    83
    1665 00100011  -0.0025   0.2832  -0.0390  -0.0404    63    97    70    91    2.0    4.2    3.6    5.0    32    51    56    62
    1666 00100011  -0.0105   0.2942  -0.0429  -0.0474    73   103    67    93    3.3    4.7    3.3    5.2    49    55    45    63
    1667 00100011  -0.0217   0.2897  -0.0123  -0.0182    97   134    86   127    5.8    7.0    5.4    7.9    61    79    55    78
    1668 00100011  -0.0914   0.2859  -0.0065  -0.0148    68    93    65    71    2.7    3.8    3.0    2.9    39    41    38    45
    1669 00100011  -0.0487   0.2984  -0.0005  -0.0129    65    87    73    84    2.3    3.2    4.0    4.3    35    39    50    49
    1670 00100011  -0.0606   0.2952   0.0119   0.0081    84   116    73   105    4.5    5.7    4.0    6.3    56    69    46    73
    1671 00100011  -0.0632   0.2796   0.0215   0.0150    97   136    96   117    5.8    7.1    6.4    7.2    64    77    66    76
    1672 00100011  -0.0707   0.2389   0.0341   0.0260    56    79    53    68    1.0    2.4    1.2    2.5    20    34    26    39
    1673 00100011  -0.0296   0.2735   0.0149   0.0203    65    98    56    89    2.3    4.3    1.7    4.8    27    58    18    61
    1674 00100011  -0.0649   0.2451   0.0261   0.0127    79   113    99    98    4.0    5.5    6.7    5.7    49    68    73    59
    1675 00100011  -0.0538   0.2562   0.0289   0.0187    64    93    62    80    2.1    3.8    2.6    3.9    34    54    38    52
    1676 00100011  -0.0370   0.2705   0.0093  -0.0021    58    86    64    87    1.3    3.1    2.9    4.6    25    44    46    54
    1677 00100011  -0.0744   0.2653   0.0066   0.0045    79   129    70    96    4.0    6.6    3.6    5.5    50    73    37    66
    1678 00100011  -0.0255   0.2606   0.0030  -0.0020   104   128    99   124    6.4    6.6    6.7    7.7    64    71    61    77
    1679 00100011   0.0023   0.2609   0.0019   0.0085    78   113    54    91    3.9    5.5    1.4    5.0    50    64    18    64
    1680 00100011  -0.0195   0.2600   0.0114   0.0113    71   115    59    89    3.0    5.7    2.2    4.8    45    71    32    64
    1681 00100011  -0.0128   0.2952  -0.0207  -0.0152    91   122    60   101    5.2    6.2    2.3    5.9    68    68    36    70
    1682 00100011  -0.0126   0.2834  -0.0067  -0.0153    75   112    80   110    3.5    5.4    4.8    6.7    44    63    59    72
    1683 00100011  -0.0266   0.2993   0.0003  -0.0042    79   102    81    94    4.0    4.6    4.9    5.3    55    53    56    64
    1684 00100011  -0.0297   0.2824   0.0001  -0.0071   102   128    97   125    6.2    6.6    6.5    7.8    73    79    67    84
    1685 00100011  -0.0538   0.2776   0.0111   0.0082    86   118    75   114    4.7    5.9    4.2    7.0    53    73    44    73
    1686 00100011  -0.0446   0.2789   0.0181   0.0155    65   100    60    74    2.3    4.4    2.3    3.2    37    56    29    43
    1687 00100011  -0.0450   0.2965   0.0118   0.0095    91   103    82    98    5.2    4.7    5.0    5.7    56    58    55    65
    1688 00100011  -0.0105   0.3001   0.0019  -0.0054    65    84    59    76    2.3    2.9    2.2    3.5    32    51    28    41
    1689 00100011   0.0494   0.2899  -0.0138  -0.0009    76   108    60    84    3.6    5.1    2.3    4.3    44    63    19    62
    1690 00100011   0.0021   0.2873   0.0022  -0.0070    93   109    83   112    5.4    5.2    5.1    6.8    62    72    51    74
    1691 00100011   0.0008   0.2725  -0.0160  -0.0163   101   137    94   124    6.1    7.2    6.2    7.7    62    81    61    80
    1692 00100011   0.0204   0.2683   0.0061   0.0018    80   108    73    97    4.1    5.1    4.0    5.6    51    57    43    63
    1693 00100011  -0.0287   0.2885   0.0131   0.0096    71   104    65    95    3.0    4.8    3.0    5.4    35    55    38    65
    1694 00100011   0.0035   0.2943   0.0151   0.0174    73   114    54    96    3.3    5.6    1.4    5.5    41    69     7    65
    1695 00100011  -0.0014   0.3293   0.0094   0.0237    59    78    52    69    1.4    2.3    1.1    2.6    19    33    12    50
    1696 00100011  -0.0318   0.2858   0.0130   0.0088    75   114    67    96    3.5    5.6    3.3    5.5    50    71    43    68
    1697 00100011  -0.0247   0.2728   0.0378   0.0346    74   110    54    98    3.4    5.3    1.4    5.7    41    61    19    70
    1698 00100011  -0.0321   0.2908   0.0175   0.0165    77   104    83    92    3.8    4.8    5.1    5.1    55    61    60    69
    1699 00100011  -0.0334   0.2725   0.0075   0.0050    74    94    72    87    3.4    3.9    3.9    4.6    47    53    46    59
    1700 00100011  -0.0306   0.2617   0.0097   0.0082    81   105    89   103    4.2    4.9    5.7    6.1    50    60    67    76
    1701 00100011  -0.0305   0.2543   0.0153   0.0125    86   120    80   105    4.7    6.0    4.8    6.3    63    68    56    74
    1702 00100011  -0.0122   0.2654   0.0076   0.0118    66   109    62    85    2.4    5.2    2.6    4.4    39    61    31    61
    1703 00100011   0.0011   0.2713  -0.0011   0.0078    81   106    62   100    4.2    4.9    2.6    5.8    53    65    14    72
    1704 00100011  -0.0260   0.2665   0.0149   0.0170    83   112    54    92    4.4    5.4    1.4    5.1    63    64    21    66
    1705 00100011  -0.0623   0.2680   0.0037   0.0022    82   112    73    94    4.3    5.4    4.0    5.3    54    65    52    62
    1706 00100011  -0.0607   0.2335   0.0025  -0.0042    70   104    84    85    2.9    4.8    5.2    4.4    34    57    58    54
    1707 00100011  -0.0974   0.2537   0.0150   0.0018    78   100    56    78    3.9    4.4    1.7    3.7    45    56    12    37
    1708 00100011  -0.0673   0.2508   0.0037   0.0008    70   110    56    95    2.9    5.3    1.7    5.4    39    68    19    68
    1709 00100011  -0.0206   0.2266  -0.0022  -0.0136    60    77    62    75    1.6    2.2    2.6    3.3    30    30    42    48
    1710 00100011  -0.0197   0.2396  -0.0126  -0.0145    76   110    83    95    3.6    5.3    5.1    5.4    57    66    60    66
    1711 00100011  -0.0417   0.2353   0.0033  -0.0008    80   106    77   110    4.1    4.9    4.5    6.7    54    64    53    77
    1712 00100011  -0.0410   0.2289   0.0159   0.0091    74   111    71    90    3.4    5.3    3.8    4.9    51    64    40    66
    1713 00100011  -0.0223   0.2348   0.0148   0.0104   110   135    80   124    6.8    7.0    4.8    7.7    70    84    45    84
    1714 00100011  -0.0505   0.2285   0.0190   0.0185    59    91    85    78    1.4    3.6    5.3    3.7    22    47    68    52
    1715 00100011  -0.0356   0.2741   0.0326   0.0197    65   102    53    86    2.3    4.6    1.2    4.5    32    64    21    58
    1716 00100011  -0.0376   0.2853   0.0069   0.0086    76    92    69    95    3.6    3.7    3.5    5.4    49    45    46    68
    1717 00100011  -0.1196   0.2693   0.0282   0.0174    62    87    52    68    1.9    3.2    1.1    2.5    32    42     5    40
    1718 00100011  -0.0105   0.2873   0.0257   0.0224   115   154    87   138    7.2    8.2    5.5    8.6    75    86    57    87
    1719 00100011  -0.0008   0.3080   0.0151   0.0200    73   101    54    84    3.3    4.5    1.4    4.3    45    57    12    55
    1720 00100011   0.0073   0.2888   0.0019  -0.0115    64    98    63    93    2.1    4.3    2.7    5.2    28    59    26    61
    1721 00100011  -0.0340   0.2914  -0.0185  -0.0250    63    87    70    89    2.0    3.2    3.6    4.8    32    44    39    62
    1722 00100011  -0.0301   0.2378   0.0151  -0.0035    51    70    51    62    0.2    1.3    0.9    1.7    13    24    20    20
    1723 00100011  -0.0240   0.2203   0.0376   0.0154    69    93    64    90    2.8    3.8    2.9    4.9    50    47    44    57
    1724 00100011  -0.0519   0.2745  -0.0111  -0.0001    63    97    85    82    2.0    4.2    5.3    4.1    26    41    56    53
    1725 00100011  -0.0236   0.2816  -0.0173  -0.0183    74   104    72   105    3.4    4.8    3.9    6.3    54    66    53    76
    1726 00100011  -0.0224   0.2803  -0.0260  -0.0259    89   126    80   117    5.0    6.4    4.8    7.2    65    75    58    81
    1727 00100011   0.0040   0.2988   0.0017  -0.0020    87   122    71   105    4.8    6.2    3.8    6.3    57    71    48    71
    1728 00100011   0.0020   0.2988   0.0049   0.0069    71   114    56    90    3.0    5.6    1.7    4.9    36    67    14    65
    1729 00100011  -0.0002   0.2882   0.2493  -0.0087    52    88    50    72    0.3    3.3    0.7    3.0     8    45    11    39
    1730 00100011   0.0047   0.2695   0.0014  -0.0051    71    99    64    87    3.0    4.3    2.9    4.6    49    54    44    55
    1731 00100011   0.0068   0.2672  -0.0085  -0.0076   104   124    86   115    6.4    6.3    5.4    7.1    66    68    60    76
    1732 00100011   0.0246   0.2859  -0.0033  -0.0107    64    92    56    73    2.1    3.7    1.7    3.1    35    54    18    40
    1733 00100011   0.0136   0.2645  -0.0146  -0.0210    76   101    81   101    3.6    4.5    4.9    5.9    46    55    54    66
    1734 00100011  -0.0599   0.2746  -0.0018  -0.0296    63    98    51    82    2.0    4.3    0.9    4.1    33    60     9    52
    1735 00100011   0.0149   0.2669  -0.0356  -0.0376    77    92    71    89    3.8    3.7    3.8    4.8    49    43    44    58
    1736 00100011   0.0464   0.2941  -0.0306  -0.0398    69    98    84    91    2.8    4.3    5.2    5.0    41    50    66    59
    1737 00100011   0.0605   0.3300  -0.0172  -0.0127    76   109    51    79    3.6    5.2    0.9    3.8    51    54    14    46
    1738 00100011   0.0042   0.3332  -0.0011  -0.0064   100   125    94   121    6.0    6.4    6.2    7.5    67    79    62    79
    1739 00100011   0.0291   0.3280   0.0250   0.0130    82   114    62   106    4.3    5.6    2.6    6.4    53    69    28    67
    1740 00100011   0.0160   0.3267   0.0276   0.0172    73   116    66    93    3.3    5.7    3.1    5.2    34    72    23    62
    1741 00100011  -0.0003   0.2940   0.0166   0.0146    93   128    80   128    5.4    6.6    4.8    8.0    64    79    53    84
    1742 00100011   0.0060   0.2952   0.0394   0.0316    67   100    56    93    2.5    4.4    1.7    5.2    36    57    13    57
    1743 00100011   0.0305   0.3210  -0.0003   0.0044    79   113    72    99    4.0    5.5    3.9    5.8    44    64    46    64
    1744 00100011   0.0248   0.3046  -0.0043  -0.0064    65   104    55    86    2.3    4.8    1.6    4.5    22    55    14    55
    1745 00100011   0.0147   0.3210  -0.0319  -0.0362    97   126    87   126    5.8    6.4    5.5    7.9    64    72    60    81
    1746 00100011   0.0204   0.3317  -0.0182  -0.0273   107   141    99   125    6.6    7.4    6.7    7.8    71    83    68    79
    1747 00100011  -0.0076   0.3083  -0.0191  -0.0256    66    96    60    73    2.4    4.1    2.3    3.1    35    53    27    36
    1748 00100011  -0.0116   0.3067   0.0014   0.0014    64    97    76    91    2.1    4.2    4.4    5.0    24    55    50    69
    1749 00100011  -0.0112   0.2967  -0.0020  -0.0066    61   103    59    90    1.7    4.7    2.2    4.9    30    59    32    64
    1750 00100011   0.0163   0.3068   0.0124   0.0039    59    91    60    79    1.4    3.6    2.3    3.8    14    45    22    51
    1751 00100011   0.0173   0.2982   0.0294   0.0082    52    83    54    64    0.3    2.8    1.4    2.0    15    36    32    21
    1752 00100011   0.0057   0.2967   0.0105   0.0113    87   123    95   124    4.8    6.2    6.3    7.7    54    69    64    80
    1753 00100011  -0.0100   0.3041   0.0099  -0.0183    61    99    50    71    1.7    4.3    0.7    2.9    20    57     4    34
    1754 00100011   0.0223   0.2785  -0.0338  -0.0364    61    82    62    64    1.7    2.7    2.6    2.0    23    32    39    26
    1755 00100011  -0.2859   0.2627   0.0598  -0.0214    59    82    45    62    1.4    2.7   -0.2    1.7    22    39     3    20
    1756 00100011  -0.0282   0.2568  -0.0328  -0.0289    68    86    57    77    2.7    3.1    1.9    3.6    39    47    18    44
    1757 00100011   0.0359   0.2433  -0.0440  -0.0351    78   106    47    81    3.9    4.9    0.2    4.0    56    63    11    58
    1758 00100011  -0.0328   0.2482  -0.0595  -0.0585    72   102    51    84    3.2    4.6    0.9    4.3    44    62     9    54
    1759 00100011  -0.0122   0.2019  -0.0144  -0.0338    67   110    59    85    2.5    5.3    2.2    4.4    36    47    29    44
    1760 00100011   0.0127   0.2631  -0.0262  -0.0248    65    91    73    89    2.3    3.6    4.0    4.8    42    46    47    64
    1761 00100011   0.0162   0.2235  -0.0073  -0.0095   102   138    75   135    6.2    7.2    4.2    8.5    65    81    48    80
    1762 00100011  -0.0184   0.2438   0.0200   0.0134    86   134    75   116    4.7    7.0    4.2    7.1    52    76    46    76
    1763 00100011  -0.0760   0.2319   0.0104   0.0059    71   112    73    88    3.0    5.4    4.0    4.7    38    59    43    60
    1764 00100011  -0.0363   0.2477   0.0102   0.0109    79   117    64   109    4.0    5.8    2.9    6.6    46    68    32    71
    1765 00100011  -0.0680   0.2554   0.0070  -0.0055    82   114    77    95    4.3    5.6    4.5    5.4    46    70    47    65
    1766 00100011  -0.0531   0.2368  -0.0171  -0.0201    99   120    75   120    5.9    6.0    4.2    7.4    69    72    46    79
    1767 00100011  -0.0230   0.2320  -0.0240  -0.0238    64   103    57    81    2.1    4.7    1.9    4.0    40    66    30    54
    1768 00100011   0.0386   0.3610  -0.1501  -0.0225    47    67    46    61   -0.5    1.0    0.0    1.6    10    15     9    26
    1769 00100011  -0.0321   0.2823  -0.0322  -0.0393    74   114    84    83    3.4    5.6    5.2    4.2    46    66    62    47
    1770 00100011  -0.0625   0.2830  -0.0241  -0.0277    84   126    65   110    4.5    6.4    3.0    6.7    54    73    32    73
    1771 00100011  -0.0440   0.2884  -0.0159  -0.0204    76   105    68    84    3.6    4.9    3.4    4.3    56    60    46    49
    1772 00100011  -0.0361   0.3064  -0.0300  -0.0347    96   130    79   100    5.7    6.7    4.7    5.8    62    78    48    65
    1773 00100011  -0.0491   0.3107  -0.0308  -0.0325    73   108    93   102    3.3    5.1    6.1    6.0    42    61    61    67
    1774 00100011  -0.0472   0.3140  -0.0215  -0.0353    69    95    61    95    2.8    4.0    2.5    5.4    27    49    21    56
    1775 00100011  -0.0508   0.3224  -0.0166  -0.0221    75   110    67    94    3.5    5.3    3.3    5.3    49    64    39    65
    1776 00100011  -0.0592   0.3272  -0.0309  -0.0405    94   141    67   115    5.5    7.4    3.3    7.1    63    83    36    77
    1777 00100011  -0.0295   0.3212  -0.0219  -0.0289    81   112    68    95    4.2    5.4    3.4    5.4    58    67    38    63
    1778 00100011  -0.0176   0.3015  -0.0187  -0.0213    88   119    77   102    4.9    5.9    4.5    6.0    59    72    57    72
    1779 00100011  -0.0047   0.2876  -0.0119  -0.0171    74   112    81    98    3.4    5.4    4.9    5.7    47    63    57    70
    1780 00100011   0.0057   0.3021  -0.0134  -0.0115    83   118    78   101    4.4    5.9    4.6    5.9    57    66    49    67
    1781 00100011  -0.0271   0.2851   0.0103  -0.0013    81   125    65   104    4.2    6.4    3.0    6.2    55    78    31    70
    1782 00100011   0.4584   0.3115  -0.0882   0.0025    50    74    46    66    0.0    1.8    0.0    2.2     6    27     8    28
    1783 00100011  -0.0049   0.3053   0.0013   0.0124    69   105    53    81    2.8    4.9    1.2    4.0    42    63     7    57
    1784 00100011  -0.0799   0.3071   0.0082  -0.0051    83   111    82    94    4.4    5.3    5.0    5.3    54    69    57    62
    1785 00100011  -0.0343   0.3011  -0.0007  -0.0060    90   120    66    99    5.1    6.0    3.1    5.8    62    75    47    71
    1786 00100011  -0.0363   0.3105  -0.0025  -0.0054    85   118    69   113    4.6    5.9    3.5    6.9    59    73    44    78
    1787 00100011  -0.0336   0.3044   0.0013  -0.0088    79   114    71   106    4.0    5.6    3.8    6.4    56    68    51    72
    1788 00100011  -0.0298   0.2847   0.0113   0.0053    78   114    70   109    3.9    5.6    3.6    6.6    51    69    35    71
    1789 00100011   0.0376   0.2913   0.0050   0.0208    98   118    57    99    5.8    5.9    1.9    5.8    59    65    16    67
    1790 00100011   0.0001   0.2664   0.0331   0.0330    78   120    80   113    3.9    6.0    4.8    6.9    39    67    47    66
    1791 00100011   0.0699   0.3190   0.0322   0.0341    67   100    61    72    2.5    4.4    2.5    3.0    24    57    18    36
    1792 00100011  -0.0521   0.2926  -0.0027   0.0071    80   108    70   105    4.1    5.1    3.6    6.3    50    57    41    72
    1793 00100011  -0.0424   0.2839  -0.0089  -0.0139    75   106    73    99    3.5    4.9    4.0    5.8    52    62    58    69
    1794 00100011  -0.0207   0.2966  -0.0066  -0.0110    96   136    89   124    5.7    7.1    5.7    7.7    71    79    65    82
    1795 00100011  -0.0232   0.3214  -0.0083  -0.0305    57    72    56    66    1.1    1.6    1.7    2.2    18    29    24    28
    1796 00100011  -0.0208   0.3202  -0.0224  -0.0283    84   115    67    90    4.5    5.7    3.3    4.9    53    70    23    57
    1797 00100011  -0.0061   0.3207  -0.0391  -0.0410    98   118    79   115    5.8    5.9    4.7    7.1    67    70    49    81
    1798 00100011   0.0107   0.3084  -0.0301  -0.0280    80   119    61    90    4.1    5.9    2.5    4.9    54    72    34    64
    1799 00100011  -0.0049   0.3098  -0.0091  -0.0086    95   138    88   122    5.6    7.2    5.6    7.6    60    79    51    74
    1800 00100011  -0.0162   0.3088  -0.0083  -0.0112    80   119    59    92    4.1    5.9    2.2    5.1    52    76    31    64
    1801 00100011  -0.0211   0.2800   0.0078   0.0051    77   103    68   103    3.8    4.7    3.4    6.1    58    56    49    71
    1802 00100011  -0.0363   0.2818  -0.0024  -0.0090   100   131    73   111    6.0    6.8    4.0    6.8    64    74    52    73
    1803 00100011  -0.0219   0.2488  -0.0014  -0.0075    76   115    63    83    3.6    5.7    2.7    4.2    55    66    36    50
    1804 00100011  -0.0378   0.2534   0.0129   0.0096    70   101    61    86    2.9    4.5    2.5    4.5    41    56    33    52
    1805 00100011  -0.0267   0.2554   0.0070  -0.0064    69   101    72    96    2.8    4.5    3.9    5.5    42    61    50    58
    1806 00100011  -0.0350   0.2698  -0.0013  -0.0084    74   104    62    87    3.4    4.8    2.6    4.6    40    53    34    48
    1807 00100011   0.0372   0.2784   0.0151   0.0224    63    92    59    79    2.0    3.7    2.2    3.8    29    54    24    44
    1808 00100011   0.0041   0.2831   0.0248   0.0271    59    93    50    73    1.4    3.8    0.7    3.1    21    46     7    40
    1809 00100011  -0.0299   0.2670   0.0360   0.0314    89   125    71   130    5.0    6.4    3.8    8.1    53    72    44    79
    1810 00100011  -0.0052   0.2428   0.0383   0.0427    84   105    70   104    4.5    4.9    3.6    6.2    60    64    53    75
    1811 00100011  -0.0207   0.2472   0.0470   0.0443    87   119    75   106    4.8    5.9    4.2    6.4    54    72    43    72
    1812 00100011   0.0134   0.2313   0.0361   0.0329    54    94    72    76    0.7    3.9    3.9    3.5    24    53    58    43
    1813 00100011  -0.0038   0.2546   0.0343   0.0296   104   143    85   131    6.4    7.5    5.3    8.2    70    88    60    81
    1814 00100011   0.0016   0.2703   0.0307   0.0266    80   113    59   100    4.1    5.5    2.2    5.8    56    67    27    64
    1815 00100011  -0.0046   0.2568   0.0276   0.0217    65    90    65    77    2.3    3.5    3.0    3.6    35    44    40    43
    1816 00100011   0.0150   0.2536   0.0169   0.0123    59    89    61    84    1.4    3.4    2.5    4.3    19    44    27    51
    1817 00100011  -0.0017   0.2532   0.0288   0.0042    65    99    53    81    2.3    4.3    1.2    4.0    29    51    28    41
    1818 00100011   0.0117   0.2492   0.0667   0.0579    90   100    64    99    5.1    4.4    2.9    5.8    57    51    31    60
    1819 00100011  -0.0052   0.2713  -0.0173  -0.0128    98   133    93   133    5.8    6.9    6.1    8.3    61    72    65    84
    1820 00100011   0.0135   0.2462  -0.0192  -0.0232    94   125    85   117    5.5    6.4    5.3    7.2    71    74    64    81
    1821 00100011  -0.0143   0.2524  -0.0288  -0.0317    77   110    77   110    3.8    5.3    4.5    6.7    51    62    51    73
    1822 00100011   0.0082   0.2625  -0.0645  -0.0516    58    85    48    66    1.3    3.0    0.4    2.2    22    36     9    30
    1823 00100011  -0.0390   0.2423  -0.0572  -0.0595   113   137    83   124    7.1    7.2    5.1    7.7    71    81    51    79
    1824 00100011  -0.0123   0.2301  -0.0248  -0.0304    59    97    47    66    1.4    4.2    0.2    2.2    21    46    17    23
    1825 00100011  -0.0451   0.2331  -0.0007  -0.0077    78   102    48    86    3.9    4.6    0.4    4.5    48    62    12    54
    1826 00100011  -0.0007   0.2605  -0.0268  -0.0311    68   111    57    84    2.7    5.3    1.9    4.3    40    61    20    45
    1827 00100011  -0.0412   0.2533   0.0212   0.0161    77   107    65   105    3.8    5.0    3.0    6.3    45    64    22    71
    1828 00100011  -0.0223   0.2342  -0.0189  -0.0126    80   121    66   108    4.1    6.1    3.1    6.5    58    60    33    72
    1829 00100011  -0.0195   0.2408  -0.0224  -0.0190    92   119    93   117    5.3    5.9    6.1    7.2    64    70    66    81
    1830 00100011  -0.0178   0.2347  -0.0166  -0.0133    76   113    66    90    3.6    5.5    3.1    4.9    50    65    44    61
    1831 00100011   0.0326   0.2739  -0.0049   0.0099    77   101    54    83    3.8    4.5    1.4    4.2    49    60    13    58
    1832 00100011   0.0108   0.2209   0.0022   0.0153    63   110    49    77    2.0    5.3    0.5    3.6    22    50    16    41
    1833 00100011   0.0301   0.3021  -0.0721  -0.0220    54    79    48    72    0.7    2.4    0.4    3.0    17    29    10    40
    1834 00100011  -0.1348   0.3029  -0.0055  -0.0462    65   102    61    81    2.3    4.6    2.5    4.0    34    59    40    39
    1835 00100011  -0.0252   0.2844  -0.0434  -0.0429    96   133    76   108    5.7    6.9    4.4    6.5    61    71    51    69
    1836 00100011  -0.0805   0.2530   0.0185   0.0093    75   112    56    92    3.5    5.4    1.7    5.1    48    71    18    58
    1837 00100011  -0.1019   0.2530   0.0106   0.0003    62    78    62    67    1.9    2.3    2.6    2.4    32    35    37    27
    1838 00100011  -0.0725   0.2748  -0.0055  -0.0056    71    89    78    91    3.0    3.4    4.6    5.0    44    60    50    59
    1839 00100011  -0.0941   0.2476   0.0210   0.0073    80   112    72   116    4.1    5.4    3.9    7.1    35    65    32    75
    1840 00100011  -0.0932   0.2437   0.0327   0.0278    95   121    93   114    5.6    6.1    6.1    7.0    53    60    61    72
    1841 00100011  -0.0675   0.2207   0.0352   0.0289    72    94    57    81    3.2    3.9    1.9    4.0    52    48    30    51
    1842 00100011  -0.0551   0.2316   0.0293   0.0246    85   120    73   103    4.6    6.0    4.0    6.1    58    74    49    73
    1843 00100011  -0.0224   0.2255   0.0406   0.0362    78   105    61   100    3.9    4.9    2.5    5.8    56    64    28    68
    1844 00100011  -0.0241   0.2282   0.0272   0.0209    70    99    73    78    2.9    4.3    4.0    3.7    41    58    54    45
    1845 00100011  -0.0134   0.2245   0.0343   0.0291    89   133    90   135    5.0    6.9    5.8    8.5    56    74    61    87
    1846 00100011  -0.0244   0.2252   0.0251   0.0187    96   122    86   119    5.7    6.2    5.4    7.4    69    69    60    81
    1847 00100011  -0.0199   0.2222   0.0282   0.0238    98   142    80   122    5.8    7.5    4.8    7.6    65    83    55    79
    1848 00100011  -0.0450   0.2351   0.0122   0.0176    59    89    61    69    1.4    3.4    2.5    2.6    32    49    35    48
    1849 00100011  -0.0140   0.2304   0.0104   0.0098    74   116    58    96    3.4    5.7    2.0    5.5    46    65    13    66
    1850 00100011  -0.0417   0.2276   0.0143   0.0166    87   113    86   114    4.8    5.5    5.4    7.0    62    60    64    78
    1851 00100011  -0.0464   0.2396   0.0147   0.0110    80   114    73   101    4.1    5.6    4.0    5.9    55    72    46    69
    1852 00100011  -0.0220   0.2571   0.0197   0.0152    66   111    58    83    2.4    5.3    2.0    4.2    29    63    23    49
    1853 00100011  -0.0061   0.2611   0.0140   0.0181    70    98    50    81    2.9    4.3    0.7    4.0    50    48    24    45
    1854 00100011  -0.0581   0.2347   0.0335   0.0276    88   107    79    95    4.9    5.0    4.7    5.4    64    67    62    69
    1855 00100011  -0.0178   0.2328   0.0321   0.0284   111   140    81   131    6.9    7.4    4.9    8.2    72    85    53    80
    1856 00100011  -0.0467   0.2397   0.0232   0.0153    78   115    68    99    3.9    5.7    3.4    5.8    46    68    38    65
    1857 00100011  -0.0368   0.2513   0.0170   0.0148    87   103    82   103    4.8    4.7    5.0    6.1    61    57    52    67
    1858 00100011  -0.0039   0.2589  -0.0025  -0.0015    75    99    66    90    3.5    4.3    3.1    4.9    52    52    34    63
    1859 00100011  -0.0359   0.2428   0.0307   0.0230    86   116    74   105    4.7    5.7    4.1    6.3    55    65    49    62
    1860 00100011  -0.0732   0.2557   0.0156   0.0122    56    96    50    69    1.0    4.1    0.7    2.6    17    49    15    27
    1861 00100011  -0.0321   0.2236  -0.0423  -0.0426    89   118    83   120    5.0    5.9    5.1    7.4    65    72    63    80
    1862 00100011  -0.0070   0.2406  -0.0301  -0.0293    80   123    78   135    4.1    6.2    4.6    8.5    49    66    43    82
    1863 00100011  -0.0551   0.2215  -0.0034  -0.0085    91   120    72   105    5.2    6.0    3.9    6.3    65    73    46    69
    1864 00100011  -0.0383   0.2465   0.0144   0.0125    82   109    73    91    4.3    5.2    4.0    5.0    54    69    44    68
    1865 00100011  -0.0384   0.2535  -0.0003  -0.0037    58    99    53    83    1.3    4.3    1.2    4.2    22    54    19    45
    1866 00100011  -0.0196   0.2670   0.0061   0.0089    65    88    67    75    2.3    3.3    3.3    3.3    35    43    39    48
    1867 00100011  -0.0393   0.2675   0.0075   0.0016    90   140    63   120    5.1    7.4    2.7    7.4    59    83    31    79
    1868 00100011  -0.0128   0.2433   0.0170   0.0173    73   105    64    96    3.3    4.9    2.9    5.5    45    68    34    71
    1869 00100011  -0.0343   0.2569   0.0241   0.0222    92   111    78   102    5.3    5.3    4.6    6.0    66    67    51    72
    1870 00100011  -0.0113   0.3033  -0.0079  -0.0098    87   115    69   110    4.8    5.7    3.5    6.7    60    68    34    70
    1871 00100011  -0.0367   0.3003   0.0118   0.0064    96   120    80   121    5.7    6.0    4.8    7.5    64    67    53    82
    1872 00100011   0.0185   0.2920   0.0022   0.0038    67   103    67    92    2.5    4.7    3.3    5.1    29    53    44    68
    1873 00100011   0.0035   0.2850   0.0131   0.0046    64    95    55    74    2.1    4.0    1.6    3.2    35    49    23    43
    1874 00100011  -0.0064   0.2692  -0.0098  -0.0154    72    95    61   102    3.2    4.0    2.5    6.0    36    50    31    69
    1875 00100011  -0.0262   0.2688  -0.0189  -0.0188    89   117    63   100    5.0    5.8    2.7    5.8    62    68    27    66
    1876 00100011  -0.0182   0.2683  -0.0203  -0.0240    70    93    69    92    2.9    3.8    3.5    5.1    42    46    49    63
    1877 00100011  -0.0353   0.2720   0.0028  -0.0064    99   123    94   130    5.9    6.2    6.2    8.1    64    77    60    80
    1878 00100011  -0.0315   0.2855  -0.0089  -0.0124    95   119    87   120    5.6    5.9    5.5    7.4    63    75    59    81
    1879 00100011  -0.0457   0.2749  -0.0240  -0.0307    82   111    67   102    4.3    5.3    3.3    6.0    55    65    40    69
    1880 00100011  -0.0318   0.2503  -0.0210  -0.0252    86   112    65    94    4.7    5.4    3.0    5.3    61    66    38    69
    1881 00100011  -0.0579   0.2499  -0.0110  -0.0165    75    95    67    95    3.5    4.0    3.3    5.4    51    56    45    65
    1882 00100011  -0.0512   0.2700   0.0013  -0.0013    98   124    83   116    5.8    6.3    5.1    7.1    61    69    61    72
    1883 00100011  -0.0434   0.2668  -0.0033  -0.0020    57    93    78    77    1.1    3.8    4.6    3.6    30    51    65    50
    1884 00100011  -0.0587   0.2600  -0.0033  -0.0011    62    90    59    92    1.9    3.5    2.2    5.1    31    43    31    61
    1885 00100011  -0.0228   0.2479  -0.0333  -0.0268    64   101    50    77    2.1    4.5    0.7    3.6    54    62    37    55
    1886 00100011  -0.1004   0.2459  -0.0163  -0.0238    81   111    82   112    4.2    5.3    5.0    6.8    46    62    60    73
    1887 00100011  -0.0887   0.2649  -0.0306  -0.0302    78   112    74    99    3.9    5.4    4.1    5.8    53    60    48    65
    1888 00100011  -0.0588   0.2534  -0.0063  -0.0151    75   114    75    89    3.5    5.6    4.2    4.8    39    64    52    56
    1889 00100011  -0.0602   0.2684   0.0076   0.0010    89   129    79   115    5.0    6.6    4.7    7.1    58    73    53    78
    1890 00100011  -0.0544   0.2944   0.0167   0.0169    96   137    93   117    5.7    7.2    6.1    7.2    65    75    58    75
    1891 00100011   0.0061   0.3087  -0.0182  -0.0044    82   109    67   101    4.3    5.2    3.3    5.9    54    59    33    71
    1892 00100011  -0.0027   0.3006  -0.0115  -0.0123    85   128    97   114    4.6    6.6    6.5    7.0    63    75    72    77
    1893 00100011   0.0002   0.3128  -0.0177  -0.0189    90   125    76   109    5.1    6.4    4.4    6.6    62    78    52    73
    1894 00100011  -0.0524   0.2705  -0.0395  -0.0418    92   121    59   103    5.3    6.1    2.2    6.1    58    70    33    66
    1895 00100011  -0.0415   0.2742  -0.0211  -0.0302    78   114    58    95    3.9    5.6    2.0    5.4    47    68    26    61
    1896 00100011   0.0151   0.3190  -0.0334  -0.0441    73   112    75   104    3.3    5.4    4.2    6.2    45    62    54    70
    1897 00100011   0.0252   0.3085  -0.0279  -0.0304   115   145   105   152    7.2    7.7    7.2    9.5    72    83    66    88
    1898 00100011   0.0378   0.2631  -0.0269  -0.0314    75   115    88    91    3.5    5.7    5.6    5.0    60    67    71    62
    1899 00100011   0.0333   0.2738  -0.0194  -0.0200    85   131    60   103    4.6    6.8    2.3    6.1    56    76    24    65
    1900 00100011   0.0077   0.3048   0.0090   0.0042    58    85    52    73    1.3    3.0    1.1    3.1    29    36    22    30
    1901 00100011   0.0371   0.2781  -0.0044  -0.0032    76   115    66    93    3.6    5.7    3.1    5.2    49    65    36    63
    1902 00100011   0.0339   0.3345   0.0012  -0.0113    74   102    68    80    3.4    4.6    3.4    3.9    42    58    37    46
    1903 00100011   0.0319   0.3222  -0.0079  -0.0114    86   112    67   111    4.7    5.4    3.3    6.8    59    64    44    74
    1904 00100011   0.0722   0.3453   0.0060   0.0040    93   122    99   124    5.4    6.2    6.7    7.7    62    76    72    81
    1905 00100011   0.0582   0.3417  -0.0041  -0.0054    72   107    65    98    3.2    5.0    3.0    5.7    34    58    44    69
    1906 00100011   0.0332   0.3285   0.0117   0.0046    94   135    89   113    5.5    7.0    5.7    6.9    65    77    59    73
    1907 00100011   0.0304   0.3056   0.0151   0.0116    64    88    50    69    2.1    3.3    0.7    2.6    36    42     7    36
    1908 00100011   0.0349   0.3135   0.0045  -0.0002    73   112    65    91    3.3    5.4    3.0    5.0    44    59    37    56
    1909 00100011   0.0625   0.3121  -0.0060  -0.0067    75   110    61    87    3.5    5.3    2.5    4.6    48    52    37    55
    1910 00100011  -0.0684   0.3002   0.1326   0.0194    52    81    45    63    0.3    2.6   -0.2    1.8     3    38     7    19
    1911 00100011  -0.0209   0.2744   0.0771   0.0612    69   102    55    88    2.8    4.6    1.6    4.7    41    62    24    55
    1912 00100011   0.0168   0.2727   0.0555   0.0471    61    95    49    82    1.7    4.0    0.5    4.1    26    53    19    52
    1913 00100011  -0.0003   0.2891   0.0472   0.0460    99   135    69   107    5.9    7.0    3.5    6.4    65    74    38    68
    1914 00100011  -0.0624   0.3034   0.0318   0.0262    70    90    68    76    2.9    3.5    3.4    3.5    26    37    30    43
    1915 00100011  -0.0113   0.3043   0.0366   0.0518    59    89    56    71    1.4    3.4    1.7    2.9    16    39     7    37
    1916 00100011  -0.3322   0.3152   0.0661   0.0441    59    92    49    81    1.4    3.7    0.5    4.0    20    41     8    45
    1917 00100011  -0.0682   0.2871   0.0754   0.0733    77   103    79   104    3.8    4.7    4.7    6.2    47    52    55    65
    1918 00100011  -0.0731   0.2592   0.0314   0.0338    71   101    66    87    3.0    4.5    3.1    4.6    43    53    34    63
    1919 00100011  -0.0296   0.2023   0.0078   0.0068    49    81    64    66   -0.2    2.6    2.9    2.2    19    24    49    34
    1920 00100011  -0.0734   0.2338   0.0119   0.0095    84   119    83   103    4.5    5.9    5.1    6.1    45    69    49    75
    1921 00100011  -0.0468   0.2270   0.0217   0.0168    79   114    81   100    4.0    5.6    4.9    5.8    52    67    54    67
    1922 00100011  -0.0531   0.2477   0.0030  -0.0079    73   111    54    85    3.3    5.3    1.4    4.4    44    70    19    50
    1923 00100011  -0.0546   0.2536   0.0258   0.0133    88   119    75   117    4.9    5.9    4.2    7.2    54    66    45    77
    1924 00100011   0.0049   0.2967   0.0226   0.0224    75   105    56    74    3.5    4.9    1.7    3.2    36    63    16    40
    1925 00100011  -0.0086   0.2901  -0.0121  -0.0105    74    97    68    88    3.4    4.2    3.4    4.7    46    55    32    57
    1926 00100011   0.0275   0.2517   0.0266   0.0300    74   102    55    95    3.4    4.6    1.6    5.4    50    54    21    69
    1927 00100011   0.0108   0.2599   0.0362   0.0311    92   137    78   119    5.3    7.2    4.6    7.4    59    83    46    77
    1928 00100011   0.0002   0.2819   0.0254   0.0271    76   107    55    85    3.6    5.0    1.6    4.4    57    65    27    55
    1929 00100011  -0.0058   0.2946   0.0491   0.0469    73   108    82    99    3.3    5.1    5.0    5.8    47    61    57    67
    1930 00100011   0.4360   0.2975  -0.0727   0.0338    55    78    44    65    0.8    2.3   -0.4    2.1    27    35     7    24
    1931 00100011  -0.0199   0.3147   0.0488   0.0445    91   119    88   115    5.2    5.9    5.6    7.1    55    64    61    77
    1932 00100011  -0.0502   0.3221   0.0426   0.0415    59    88    57    73    1.4    3.3    1.9    3.1    10    42    26    37
    1933 00100011  -0.0746   0.2929   0.0347   0.0315    84   101    84   101    4.5    4.5    5.2    5.9    52    59    57    63
    1934 00100011  -0.0664   0.3150   0.0365   0.0241    58    88    71    84    1.3    3.3    3.8    4.3    19    43    52    45
    1935 00100011  -0.5139   0.2879   0.0932  -0.0188    61    89    51    75    1.7    3.4    0.9    3.3    24    45     4    54
    1936 00100011  -0.0603   0.2961  -0.0073  -0.0118    92   113    92   106    5.3    5.5    6.0    6.4    61    66    59    76
    1937 00100011  -0.0866   0.3089  -0.0296  -0.0084    58    93    57    73    1.3    3.8    1.9    3.1    17    43    20    52
    1938 00100011  -0.0811   0.2787  -0.0153  -0.0166    70    91    62    93    2.9    3.6    2.6    5.2    49    47    27    60
    1939 00100011  -0.0587   0.2856   0.0255   0.0173    98   129    77   121    5.8    6.6    4.5    7.5    65    75    49    78
    1940 00100011   0.0144   0.3163  -0.0154  -0.0171    72   111    82   106    3.2    5.3    5.0    6.4    41    59    57    72
    1941 00100011   0.0122   0.2832  -0.0075  -0.0036    90   132    61   110    5.1    6.8    2.5    6.7    59    76    31    76
    1942 00100011   0.0125   0.2526  -0.0154  -0.0225    70    98    63    87    2.9    4.3    2.7    4.6    33    56    25    55
    1943 00100011  -0.0499   0.2678  -0.0147  -0.0232    77    87    72    99    3.8    3.2    3.9    5.8    51    50    49    70
    1944 00100011  -0.0230   0.2823  -0.0338  -0.0328    62    91    60    74    1.9    3.6    2.3    3.2    32    51    25    48
    1945 00100011   0.0008   0.2569  -0.0375  -0.0397    83   107    91   106    4.4    5.0    5.9    6.4    56    59    57    68
    1946 00100011  -0.0303   0.2673  -0.0072  -0.0188    65    87    59    77    2.3    3.2    2.2    3.6    31    45    24    41
    1947 00100011  -0.0334   0.2648  -0.0132  -0.0180    72   101    52    85    3.2    4.5    1.1    4.4    57    59    19    53
    1948 00100011  -0.0443   0.2774  -0.0204  -0.0211    76    94    65    85    3.6    3.9    3.0    4.4    48    54    43    58
    1949 00100011  -0.0188   0.2616  -0.0223  -0.0295    74    97    63    98    3.4    4.2    2.7    5.7    41    55    33    62
    1950 00100011   0.0129   0.2949  -0.0048  -0.0057    54    87    49    60    0.7    3.2    0.5    1.4    14    47     5    24
    1951 00100011   0.0085   0.3194   0.0192   0.0072    63    92    50    73    2.0    3.7    0.7    3.1    24    48     5    40
    1952 00100011  -0.0269   0.2894  -0.0112  -0.0177    73   118    59    92    3.3    5.9    2.2    5.1    39    71    22    57
    1953 00100011  -0.0144   0.2695  -0.0218  -0.0049    58    76    58    62    1.3    2.1    2.0    1.7    22    21    32    27
    1954 00100011   0.0291   0.3172  -0.0099  -0.0298    72   108    63   102    3.2    5.1    2.7    6.0    40    64    21    62
    1955 00100011  -0.0040   0.3074  -0.0216  -0.0337    86   118    88   111    4.7    5.9    5.6    6.8    61    69    51    71
    1956 00100011   0.0127   0.2905  -0.0293  -0.0331    85   117    86   110    4.6    5.8    5.4    6.7    54    67    58    68
    1957 00100011   0.0147   0.2521   0.0185   0.0059    76   117    98   102    3.6    5.8    6.6    6.0    42    64    61    54
    1958 00100011   0.0156   0.3006   0.0386   0.0148    54    86    57    75    0.7    3.1    1.9    3.3    14    45    25    37
    1959 00100011   0.0123   0.2683  -0.0017  -0.0024    84   111    66    93    4.5    5.3    3.1    5.2    60    63    35    64
    1960 00100011   0.0011   0.3332  -0.0058  -0.0009    57    85    56    71    1.1    3.0    1.7    2.9    19    36    26    37
    1961 00100011  -0.0605   0.3096   0.0051  -0.0023    79   117    80   121    4.0    5.8    4.8    7.5    38    62    48    67
    1962 00100011   0.0377   0.2751   0.0228   0.0313    75   108    51    91    3.5    5.1    0.9    5.0    48    63    14    59
    1963 00100011   0.0593   0.3360   0.0224   0.0312    65    92    50    72    2.3    3.7    0.7    3.0    24    40    11    33
    1964 00100011  -0.0496   0.2686  -0.0071  -0.0094    92   119    79   109    5.3    5.9    4.7    6.6    60    73    51    71
    1965 00100011  -0.0527   0.2752  -0.0058  -0.0041    65   101    56    92    2.3    4.5    1.7    5.1    26    58    16    55
    1966 00100011  -0.0542   0.2852  -0.0221  -0.0198    70   105    61   100    2.9    4.9    2.5    5.8    43    56    31    70
    1967 00100011  -0.0664   0.3066  -0.0102  -0.0125    92   125    64   107    5.3    6.4    2.9    6.4    66    79    33    74
    1968 00100011  -0.0374   0.3044  -0.0430  -0.0440   101   134    91   129    6.1    7.0    5.9    8.1    66    81    61    82
    1969 00100011  -0.0148   0.3252  -0.0339  -0.0324    80   104    71    96    4.1    4.8    3.8    5.5    47    51    46    66
    1970 00100011   0.0157   0.3386  -0.0162  -0.0174   110   141    89   132    6.8    7.4    5.7    8.3    71    80    63    80
    1971 00100011   0.0100   0.3268  -0.0230  -0.0242    98   126    79   114    5.8    6.4    4.7    7.0    64    74    48    75
    1972 00100011  -0.0004   0.2709  -0.0162  -0.0218    92   125    60   104    5.3    6.4    2.3    6.2    60    65    21    66
    1973 00100011  -0.0256   0.2834   0.0104   0.0042    87   118    84   103    4.8    5.9    5.2    6.1    59    72    53    69
    1974 00100011   0.0023   0.2985   0.0345   0.0173    62    90    54    75    1.9    3.5    1.4    3.3    31    52    19    42
    1975 00100011  -0.0218   0.2981   0.0172   0.0161    80   126    74   105    4.1    6.4    4.1    6.3    47    74    41    65
    1976 00100011  -0.0486   0.2777   0.0009   0.0042    73   108    73   102    3.3    5.1    4.0    6.0    41    53    39    70
    1977 00100011  -0.0376   0.2815  -0.0148  -0.0187    80   106    72   100    4.1    4.9    3.9    5.8    52    56    52    64
    1978 00100011  -0.0630   0.2995   0.0042   0.0029    72    86    60    73    3.2    3.1    2.3    3.1    43    33    28    41
    1979 00100011  -0.0478   0.2804   0.0157   0.0214    63    92    70   102    2.0    3.7    3.6    6.0    28    44    51    76
    1980 00100011  -0.0515   0.2956   0.0281   0.0237    71   114    70    92    3.0    5.6    3.6    5.1    50    75    44    66
    1981 00100011   0.4496   0.2754   0.1491   0.0326    55    86    52    69    0.8    3.1    1.1    2.6    14    44    19    39
    1982 00100011   0.0098   0.2762   0.0355   0.0344   101   125    64   124    6.1    6.4    2.9    7.7    66    75    25    80
    1983 00100011  -0.0353   0.2901   0.0133   0.0158    75   114    77   116    3.5    5.6    4.5    7.1    49    61    56    74
    1984 00100011  -0.0267   0.3050  -0.0013  -0.0083    71   106    81    92    3.0    4.9    4.9    5.1    42    62    55    60
    1985 00100011  -0.0086   0.3197  -0.0272  -0.0232    87   127    74   113    4.8    6.5    4.1    6.9    53    74    45    74
    1986 00100011  -0.0461   0.3037  -0.0069  -0.0157    81   112    58    99    4.2    5.4    2.0    5.8    48    62    28    63
    1987 00100011  -0.0432   0.3065  -0.0183  -0.0226    77   111    62    95    3.8    5.3    2.6    5.4    53    68    28    68
    1988 00100011   0.0262   0.3146  -0.0132  -0.0191    78   112    88   104    3.9    5.4    5.6    6.2    47    59    58    66
    1989 00100011  -0.0203   0.2965  -0.0004  -0.0012    73   127    82   117    3.3    6.5    5.0    7.2    38    72    57    77
    1990 00100011   0.0243   0.2771   0.0037   0.0035    69   103    67    85    2.8    4.7    3.3    4.4    39    57    43    51
    1991 00100011  -0.0183   0.2674   0.0014  -0.0010    58    91    65    74    1.3    3.6    3.0    3.2    24    42    46    39
    1992 00100011  -0.0111   0.2859   0.0080   0.0045    81   102    63   105    4.2    4.6    2.7    6.3    54    64    34    72
    1993 00100011  -0.0079   0.2820   0.0105   0.0046    74   112    68   113    3.4    5.4    3.4    6.9    42    73    41    77
    1994 00100011  -0.0055   0.2541   0.0001  -0.0018    87   123    67   102    4.8    6.2    3.3    6.0    60    75    37    70
    1995 00100011  -0.0133   0.2832  -0.0201  -0.0201    76   111    66   113    3.6    5.3    3.1    6.9    46    61    38    72
    1996 00100011   0.0006   0.2616  -0.0474  -0.0498    69    95    76    85    2.8    4.0    4.4    4.4    44    47    55    53
    1997 00100011   0.0056   0.2513   0.0122   0.0099    90   130    85   114    5.1    6.7    5.3    7.0    57    72    63    77
    1998 00100011  -0.0029   0.2532   0.0237   0.0247    76   109    75    88    3.6    5.2    4.2    4.7    44    67    53    55
    1999 00100011   0.0076   0.2428   0.0335   0.0237    61    99    53    73    1.7    4.3    1.2    3.1    30    61    21    41
    2000 00100011  -0.0209   0.2247   0.0338   0.0263    51    81    64    63    0.2    2.6    2.9    1.8     7    38    33    23
    2001 00100011  -0.0081   0.2433   0.0278   0.0213    91   124    75   112    5.2    6.3    4.2    6.8    57    72    46    72
    2002 00100011   0.0089   0.2618   0.0016   0.0004    91   135    76   125    5.2    7.0    4.4    7.8    50    73    45    82
    2003 00100011  -0.0043   0.2522  -0.0025  -0.0085    94   131    80   133    5.5    6.8    4.8    8.3    66    80    56    84
    2004 00100011  -0.0041   0.2531  -0.0038   0.0008    90   136    72   113    5.1    7.1    3.9    6.9    61    76    52    79
    2005 00100011  -0.0324   0.2948   0.0033  -0.0007    74    99    83    93    3.4    4.3    5.1    5.2    46    53    62    67
    2006 00100011  -0.0489   0.2974  -0.0128  -0.0092    58    94    55    74    1.3    3.9    1.6    3.2    28    51    17    48
    2007 00100011  -0.0327   0.2962  -0.0159  -0.0146    73    97    56    75    3.3    4.2    1.7    3.3    49    52    24    47
    2008 00100011   0.4460   0.2698   0.1084  -0.0199    51    81    54    74    0.2    2.6    1.4    3.2    16    25    28    42
    2009 00100011  -0.0638   0.2785  -0.0299  -0.0275    59    92    60    84    1.4    3.7    2.3    4.3    25    44    27    57
    2010 00100011  -0.0108   0.3333   0.1763   0.0003    48    78    46    59   -0.4    2.3    0.0    1.3    12    20    14    27
    2011 00100011   0.0019   0.2905  -0.0142  -0.0186    88   116    85   128    4.9    5.7    5.3    8.0    59    71    61    83
    2012 00100011   0.0049   0.2852  -0.0107  -0.0063    93   120    67    95    5.4    6.0    3.3    5.4    60    70    30    57
    2013 00100011  -0.0246   0.2555   0.0238   0.0155    83   125    74   102    4.4    6.4    4.1    6.0    60    71    60    67
    2014 00100011  -0.0342   0.2673   0.0255   0.0140    91   114    69   105    5.2    5.6    3.5    6.3    61    72    36    70
    2015 00100011  -0.0185   0.2631   0.0331   0.0312   103   133    99   107    6.3    6.9    6.7    6.4    66    76    70    69
    2016 00100011  -0.0180   0.2655   0.0084   0.0178    72    98    56    89    3.2    4.3    1.7    4.8    43    48    13    63
    2017 00100011  -0.0950   0.2913   0.0419   0.0188    61    83    53    68    1.7    2.8    1.2    2.5    18    38     4    33
    2018 00100011  -0.0215   0.2693   0.0072   0.0076    72   104    59   102    3.2    4.8    2.2    6.0    44    62    20    71
    2019 00100011  -0.0144   0.2699  -0.0224  -0.0011    62   115    64    97    1.9    5.7    2.9    5.6    33    57    33    72
    2020 00100011  -0.0003   0.2725   0.0050   0.0003   102   126    84   128    6.2    6.4    5.2    8.0    67    82    49    81
    2021 00100011  -0.0068   0.2426   0.0092  -0.0075    54   104    55    71    0.7    4.8    1.6    2.9    18    64    29    36
    2022 00100011  -0.0198   0.2507   0.0024   0.0013    65    90    67    76    2.3    3.5    3.3    3.5    36    40    49    43
    2023 00100011   0.0010   0.2529  -0.0013   0.0003    61    92    52    77    1.7    3.7    1.1    3.6    41    49    22    54
    2024 00100011  -0.0051   0.2349  -0.0299  -0.0245    57    79    46    60    1.1    2.4    0.0    1.4    32    29    17    25
    2025 00100011   0.0101   0.2827  -0.0282  -0.0282    67    96    68    88    2.5    4.1    3.4    4.7    33    49    46    55
    2026 00100011   0.0250   0.2648  -0.0053  -0.0025    73   104    54    94    3.3    4.8    1.4    5.3    44    55    18    64
    2027 00100011  -0.0278   0.2835   0.0020  -0.0007    92   123    77   109    5.3    6.2    4.5    6.6    58    74    43    75
    2028 00100011  -0.0201   0.2928   0.0279   0.0238    82   111    66    92    4.3    5.3    3.1    5.1    53    63    28    65
    2029 00100011  -0.0450   0.2926   0.0290   0.0165    75   105    90   113    3.5    4.9    5.8    6.9    46    60    62    67
    2030 00100011  -0.0424   0.2944  -0.0009  -0.0025    88   113    84   111    4.9    5.5    5.2    6.8    68    69    63    78
    2031 00100011  -0.0628   0.3147  -0.0030  -0.0111    66   103    67    95    2.4    4.7    3.3    5.4    26    55    37    65
    2032 00100011  -0.0234   0.3139  -0.0077  -0.0080    72   103    75    89    3.2    4.7    4.2    4.8    45    54    52    59
    2033 00100011  -0.0239   0.3159   0.0000   0.0036    89   132    72   105    5.0    6.8    3.9    6.3    55    72    35    74
    2034 00100011  -0.0249   0.3117   0.0134   0.0083    85   129    75   124    4.6    6.6    4.2    7.7    52    76    49    78
    2035 00100011  -0.0304   0.3041   0.0113   0.0053    81   110    66   107    4.2    5.3    3.1    6.4    52    66    42    69
    2036 00100011  -0.0086   0.3011   0.0110   0.0040    77   120    71    97    3.8    6.0    3.8    5.6    45    74    51    69
    2037 00100011  -0.0506   0.2881  -0.0037  -0.0085    72    87    55    72    3.2    3.2    1.6    3.0    36    44    30    32
    2038 00100011  -0.0440   0.3176  -0.0039  -0.0126    82   115    75   106    4.3    5.7    4.2    6.4    56    71    48    71
    2039 00100011  -0.0428   0.3046  -0.0153  -0.0164    92   128    96   113    5.3    6.6    6.4    6.9    59    75    60    76
    2040 00100011  -0.0191   0.2994  -0.0197  -0.0236    73   100    55    76    3.3    4.4    1.6    3.5    45    60    19    50
    2041 00100011  -0.0424   0.2745   0.0014  -0.0003    80   105    93   110    4.1    4.9    6.1    6.7    50    52    67    74
    2042 00100011  -0.0463   0.2835   0.0211   0.0156    74   106    74    91    3.4    4.9    4.1    5.0    42    66    48    63
    2043 00100011   0.0037   0.2994  -0.0130  -0.0129    72    91    58    81    3.2    3.6    2.0    4.0    48    49    25    50
    2044 00100011  -0.0294   0.2720  -0.0201  -0.0144    76   112    62   106    3.6    5.4    2.6    6.4    45    61    26    74
    2045 00100011  -0.0380   0.2842   0.0144  -0.0032    57   103    53    78    1.1    4.7    1.2    3.7    14    64    11    46
    2046 00100011  -0.0133   0.2588  -0.0194  -0.0164    69   104    62   100    2.8    4.8    2.6    5.8    46    62    41    71
    2047 00100011  -0.0103   0.2531  -0.0103  -0.0132    89   131    72   127    5.0    6.8    3.9    7.9    55    77    40    81
    2048 00100011  -0.0113   0.2801  -0.0265  -0.0309    99   133    87   111    5.9    6.9    5.5    6.8    66    79    61    79
    2049 00100011  -0.0128   0.2811  -0.0270  -0.0247    76   106    59    91    3.6    4.9    2.2    5.0    49    62    24    64
    2050 00100011  -0.0993   0.2931   0.0277   0.0023    68   105    50    89    2.7    4.9    0.7    4.8    35    67     8    63
    2051 00100011  -0.0468   0.2756  -0.0145  -0.0092    75   114    56    85    3.5    5.6    1.7    4.4    52    69    27    65
    2052 00100011  -0.0498   0.2796  -0.0220  -0.0157    57    80    51    67    1.1    2.5    0.9    2.4    23    20    24    34
    2053 00100011  -0.0626   0.2822  -0.0081  -0.0154    72    99    66    87    3.2    4.3    3.1    4.6    46    62    34    55
    2054 00100011  -0.1055   0.3033   0.0035  -0.0061    87   126    62   112    4.8    6.4    2.6    6.8    58    76    28    68
    2055 00100011  -0.0547   0.3302   0.0095   0.0032    72   102    53    88    3.2    4.6    1.2    4.7    35    54    16    47
    2056 00100011  -0.0031   0.2276  -0.0158  -0.0102    70    97    53    92    2.9    4.2    1.2    5.1    27    49     3    55
    2057 00100011  -0.0314   0.2364   0.0039   0.0001    93   133    84   112    5.4    6.9    5.2    6.8    62    78    57    79
    2058 00100011  -0.0198   0.2652   0.0026  -0.0081    86   135    82   113    4.7    7.0    5.0    6.9    59    76    56    75
    2059 00100011  -0.0018   0.3159   0.0222   0.0213    86   108    74   100    4.7    5.1    4.1    5.8    55    57    49    67
    2060 00100011   0.0201   0.3115  -0.0199  -0.0041    55   101    52    87    0.8    4.5    1.1    4.6    12    58     9    60
    2061 00100011   0.0531   0.3401  -0.0139  -0.0158    95   130    77   121    5.6    6.7    4.5    7.5    44    67    45    68
    2062 00100011   0.0283   0.3252  -0.0562  -0.0633    80   123    86   104    4.1    6.2    5.4    6.2    53    70    57    64
    2063 00100011   0.0848   0.2636  -0.0761  -0.0774    57    96    52    83    1.1    4.1    1.1    4.2    17    49    25    40
    2064 00100011   0.0174   0.2776  -0.0279  -0.0355    94   124    80   120    5.5    6.3    4.8    7.4    58    65    49    78
    2065 00100011  -0.0085   0.3118  -0.0088  -0.0138    75   106    80    90    3.5    4.9    4.8    4.9    52    59    53    65
    2066 00100011  -0.0128   0.2976   0.0002  -0.0164    71   100    71    99    3.0    4.4    3.8    5.8    43    55    46    58
    2067 00100011  -0.0211   0.3440  -0.0187  -0.0249    89   104    71    89    5.0    4.8    3.8    4.8    61    58    43    56
    2068 00100011  -0.0285   0.3372  -0.0286  -0.0288    76    97    81    96    3.6    4.2    4.9    5.5    41    53    60    69
    2069 00100011  -0.0353   0.3394  -0.0289  -0.0312    84   112    67   114    4.5    5.4    3.3    7.0    49    63    30    72
    2070 00100011  -0.0216   0.3345  -0.0389  -0.0400    77   106    89    94    3.8    4.9    5.7    5.3    53    60    66    62
    2071 00100011  -0.0353   0.3151  -0.0378  -0.0364    85   123    88   114    4.6    6.2    5.6    7.0    60    73    59    76
    2072 00100011  -0.0088   0.3048   0.0074   0.0020    66   105    63    90    2.4    4.9    2.7    4.9    23    54    26    64
    2073 00100011  -0.0021   0.2862   0.0337   0.0274    92   130    74   104    5.3    6.7    4.1    6.2    61    71    39    72
    2074 00100011  -0.0951   0.2587   0.0452   0.0478    57    89    58    71    1.1    3.4    2.0    2.9    22    37    22    41
    2075 00100011  -0.0280   0.2761   0.0983   0.0962    68   101    82    97    2.7    4.5    5.0    5.6    29    49    42    45
    2076 00100011   0.0811   0.2557   0.0379   0.0434    70   110    52    94    2.9    5.3    1.1    5.3    46    54    10    57
    2077 00100011   0.0194   0.2822   0.0216   0.0088    77    93    58    83    3.8    3.8    2.0    4.2    49    52    36    53
    2078 00100011   0.0179   0.2828   0.0073   0.0042    67    88    68    77    2.5    3.3    3.4    3.6    44    43    35    36
    2079 00100011  -0.0305   0.2551   0.0149   0.0024    74   105    58    91    3.4    4.9    2.0    5.0    43    60    23    64
    2080 00100011  -0.0074   0.2586   0.0171   0.0095   102   140    74   117    6.2    7.4    4.1    7.2    60    77    46    73
    2081 00100011   0.0094   0.2419  -0.0062  -0.0040    81    99    58    94    4.2    4.3    2.0    5.3    61    56    28    70
    2082 00100011  -0.0125   0.2436   0.0406   0.0282    82   111    59    98    4.3    5.3    2.2    5.7    51    60    19    65
    2083 00100011   0.0307   0.3002  -0.0179  -0.0226    80   115    70    95    4.1    5.7    3.6    5.4    51    63    44    55
    2084 00100011   0.0675   0.2998  -0.0309  -0.0310    71   105    65    87    3.0    4.9    3.0    4.6    39    60    32    56
    2085 00100011   0.0591   0.2918  -0.0330  -0.0335    85   111    86    90    4.6    5.3    5.4    4.9    51    64    61    63
    2086 00100011   0.0656   0.2940  -0.0285  -0.0263    77    97    63    89    3.8    4.2    2.7    4.8    53    57    46    68
    2087 00100011   0.1422   0.2777   0.0214   0.0165    73   102    52    84    3.3    4.6    1.1    4.3    42    51     7    49
    2088 00100011   0.0148   0.2894   0.0687   0.0542    93   121    54   101    5.4    6.1    1.4    5.9    62    65    10    67
    2089 00100011   0.0082   0.2533   0.0762   0.0745    52    78    46    64    0.3    2.3    0.0    2.0    14    29    14    24
    2090 00100011   0.0214   0.2872   0.0421   0.0593    59    89    65    85    1.4    3.4    3.0    4.4    24    40    37    60
    2091 00100011   0.0331   0.2994   0.0191   0.0152    84   119    77   109    4.5    5.9    4.5    6.6    52    61    53    71
    2092 00100011   0.0194   0.3093   0.0288   0.0226    91   120    77   116    5.2    6.0    4.5    7.1    66    76    56    79
    2093 00100011  -0.0037   0.2936   0.0308   0.0292    59    92    49    77    1.4    3.7    0.5    3.6    22    49    16    42
    2094 00100011   0.0268   0.3159   0.0127   0.0073    74   105    62    96    3.4    4.9    2.6    5.5    44    50    34    60
    2095 00100011  -0.0015   0.3012   0.0267   0.0255    76    96    60    88    3.6    4.1    2.3    4.7    52    58    35    65
    2096 00100011  -0.0073   0.2782   0.0340   0.0330    80    98    72    95    4.1    4.3    3.9    5.4    46    42    49    60
    2097 00100011  -0.0250   0.2725   0.0696   0.0596    76    99    67    95    3.6    4.3    3.3    5.4    52    62    42    61
    2098 00100011  -0.0331   0.2796   0.0396   0.0382    99   137    75   115    5.9    7.2    4.2    7.1    65    76    39    70
    2099 00100011  -0.0169   0.2761   0.0950   0.0813    63    91    52    73    2.0    3.6    1.1    3.1    35    49    14    38
    2100 00100011  -0.0711   0.3080   0.0306   0.0278    87   115    73   106    4.8    5.7    4.0    6.4    57    66    42    70
    2101 00100011  -0.0237   0.2662   0.0383   0.0233    55    82    57    82    0.8    2.7    1.9    4.1    21    43    25    50
    2102 00100011  -0.0529   0.2807   0.0213   0.0269    75   109    77   115    3.5    5.2    4.5    7.1    41    47    47    73
    2103 00100011  -0.0478   0.3023   0.0288   0.0109    60    91    54    75    1.6    3.6    1.4    3.3    19    38    14    41
    2104 00100011  -0.0289   0.2436  -0.0244  -0.0356    78   118    70   107    3.9    5.9    3.6    6.4    48    71    43    71
    2105 00100011  -0.0196   0.2391  -0.0350  -0.0366    61    96    57    73    1.7    4.1    1.9    3.1    34    50    28    42
    2106 00100011  -0.0543   0.2811  -0.0339  -0.0366    80   113    78   102    4.1    5.5    4.6    6.0    51    73    52    71
    2107 00100011  -0.0686   0.3035  -0.0336  -0.0447    63    86    60    86    2.0    3.1    2.3    4.5    23    45    33    59
    2108 00100011   0.0035   0.2907  -0.0089  -0.0231    68   105    58    95    2.7    4.9    2.0    5.4    31    61    25    53
    2109 00100011  -0.0388   0.2699   0.0058   0.0070    89   125    66   100    5.0    6.4    3.1    5.8    48    78    37    62
    2110 00100011   0.0055   0.3113   0.0131   0.0088    86   130    87   120    4.7    6.7    5.5    7.4    53    71    55    78
    2111 00100011  -0.0430   0.3216   0.0295   0.0172    61    85    66    74    1.7    3.0    3.1    3.2    27    44    38    34
    2112 00100011  -0.0061   0.2880   0.0216   0.0198    82   102    79    96    4.3    4.6    4.7    5.5    52    56    61    69
    2113 00100011  -0.0380   0.2879  -0.0439  -0.0361    64    94    65    80    2.1    3.9    3.0    3.9    37    38    47    55
    2114 00100011  -0.0782   0.2496  -0.0419  -0.0405    74   103    73   105    3.4    4.7    4.0    6.3    45    59    47    65
    2115 00100011  -0.1186   0.2766  -0.0046  -0.0185    87   123    81   111    4.8    6.2    4.9    6.8    54    71    47    70
    2116 00100011  -0.0926   0.2849  -0.0060  -0.0089    86   131    79   114    4.7    6.8    4.7    7.0    59    76    53    77
    2117 00100011  -0.3915   0.2886   0.0547  -0.0127    59    90    49    73    1.4    3.5    0.5    3.1    14    45     1    48
    2118 00100011  -0.0529   0.2567   0.0034  -0.0037    70   101    57    80    2.9    4.5    1.9    3.9    41    58    27    52
    2119 00100011  -0.1049   0.2622  -0.0018  -0.0058    84   117    70    99    4.5    5.8    3.6    5.8    60    72    38    69
    2120 00100011  -0.0968   0.2429  -0.0113  -0.0108    88   129    73   111    4.9    6.6    4.0    6.8    63    73    47    80
    2121 00100011  -0.1009   0.2657  -0.0094  -0.0051    78   109    88   114    3.9    5.2    5.6    7.0    52    58    64    76
    2122 00100011  -0.0702   0.2593  -0.0016   0.0012    77   119    67    94    3.8    5.9    3.3    5.3    38    68    31    65
    2123 00100011  -0.1216   0.1937  -0.0133  -0.0183    61   106    66    81    1.7    4.9    3.1    4.0    22    56    35    43
    2124 00100011  -0.0719   0.2155  -0.0183  -0.0224    78   107    93   107    3.9    5.0    6.1    6.4    56    56    66    76
    2125 00100011  -0.0875   0.1911  -0.0475  -0.0472    53    75    57    79    0.5    1.9    1.9    3.8    16    20    24    48
    2126 00100011  -0.0418   0.2417   0.0049   0.0104    75   109    77   103    3.5    5.2    4.5    6.1    44    59    56    68
    2127 00100011  -0.0425   0.2914  -0.0206  -0.0152    98   127    79   112    5.8    6.5    4.7    6.8    64    69    56    70
    2128 00100011  -0.0379   0.2968  -0.0145  -0.0178    87   134    80   107    4.8    7.0    4.8    6.4    51    76    53    77
    2129 00100011   0.0016   0.3057  -0.0282  -0.0317    78   106    69   104    3.9    4.9    3.5    6.2    52    65    34    68
    2130 00100011   0.0066   0.3049  -0.0189  -0.0251    83   123    70   110    4.4    6.2    3.6    6.7    59    75    48    71
    2131 00100011   0.0352   0.3130  -0.0244  -0.0224    75   100    61    90    3.5    4.4    2.5    4.9    42    61    21    66
    2132 00100011  -0.0024   0.3012  -0.0245  -0.0282    86   116    71   102    4.7    5.7    3.8    6.0    60    69    41    76
    2133 00100011  -0.0269   0.2825  -0.0138  -0.0140    69   112    56    92    2.8    5.4    1.7    5.1    52    68    36    64
    2134 00100011  -0.0379   0.2832   0.0063  -0.0009    79   103    77    98    4.0    4.7    4.5    5.7    53    60    50    67
    2135 00100011  -0.0095   0.2799   0.0184   0.0254    69    98    56    82    2.8    4.3    1.7    4.1    46    50    29    58
    2136 00100011   0.0014   0.3086  -0.0025  -0.0013    71   110    68    85    3.0    5.3    3.4    4.4    40    65    34    50
    2137 00100011   0.0028   0.2851  -0.0116  -0.0228    83   124    68   112    4.4    6.3    3.4    6.8    63    75    46    73
    2138 00100011  -0.0047   0.2841  -0.0341  -0.0383    81   110    78    95    4.2    5.3    4.6    5.4    50    62    56    64
    2139 00100011   0.0034   0.2694  -0.0128  -0.0232    78   117    78   101    3.9    5.8    4.6    5.9    46    68    60    65
    2140 00100011   0.0160   0.2582   0.0006   0.0038    77    95    65    84    3.8    4.0    3.0    4.3    52    53    39    67
    2141 00100011   0.0085   0.2714  -0.0130  -0.0062    62    98    53    87    1.9    4.3    1.2    4.6    28    53    11    52
    2142 00100011   0.0233   0.2502   0.0181   0.0202    78   119    65   116    3.9    5.9    3.0    7.1    46    69    37    79
    2143 00100011   0.0125   0.2389   0.0177   0.0210    73   111    84    96    3.3    5.3    5.2    5.5    42    61    63    70
    2144 00100011   0.0405   0.2470   0.0299   0.0279    58    99    66    82    1.3    4.3    3.1    4.1    19    50    38    52
    2145 00100011  -0.0080   0.1989   0.0287   0.0287    51    82    52    62    0.2    2.7    1.1    1.7    16    26    29    21
    2146 00100011   0.0042   0.2441   0.0169   0.0195    63    82    59    80    2.0    2.7    2.2    3.9    38    37    32    63
    2147 00100011   0.0080   0.2287   0.0178   0.0165    70    98    67    91    2.9    4.3    3.3    5.0    38    57    34    66
    2148 00100011   0.0242   0.2315   0.0105   0.0141    87   125    80   108    4.8    6.4    4.8    6.5    57    75    53    71
    2149 00100011   0.0094   0.2438   0.0198   0.0091    61    82    72    78    1.7    2.7    3.9    3.7    27    39    54    41
    2150 00100011   0.0143   0.2469   0.0209   0.0160    87   124    90   124    4.8    6.3    5.8    7.7    60    79    57    77
    2151 00100011   0.0127   0.2387   0.0184   0.0157   101   137    67   130    6.1    7.2    3.3    8.1    69    82    32    79
    2152 00100011   0.0018   0.2564   0.0021  -0.0001    71    99    53    77    3.0    4.3    1.2    3.6    47    51    21    54
    2153 00100011  -0.0090   0.2357   0.0090  -0.0020    92   128    84   126    5.3    6.6    5.2    7.9    58    75    56    76
    2154 00100011   0.0146   0.2337   0.0157   0.0148    86   119    81   118    4.7    5.9    4.9    7.3    58    71    59    80
    2155 00100011   0.0141   0.2282   0.0236   0.0112    86   133    72   111    4.7    6.9    3.9    6.8    53    81    37    71
    2156 00100011  -0.0097   0.2452   0.0265   0.0135    75   116    58   108    3.5    5.7    2.0    6.5    50    73    28    74
    2157 00100011  -0.0305   0.2339   0.0266   0.0166    53    91    50    71    0.5    3.6    0.7    2.9    18    49    20    39
    2158 00100011  -0.0054   0.2551   0.0237   0.0197    90   122    75   114    5.1    6.2    4.2    7.0    71    77    58    74
    2159 00100011   0.0070   0.2407   0.0193   0.0128   112   144    78   120    7.0    7.6    4.6    7.4    76    85    53    79
    2160 00100011   0.0110   0.2445   0.0136   0.0092   106   136   111   129    6.5    7.1    7.7    8.1    70    83    73    83
    2161 00100011  -0.0016   0.2424   0.0155   0.0121    91   124    76   108    5.2    6.3    4.4    6.5    64    79    48    79
    2162 00100011  -0.0174   0.2621   0.0090   0.0036    74    95    63    79    3.4    4.0    2.7    3.8    48    54    32    47
    2163 00100011  -0.0214   0.2412   0.0076  -0.0036    79   106    83   106    4.0    4.9    5.1    6.4    45    60    50    71
    2164 00100011  -0.0233   0.2388  -0.0057  -0.0036    62    87    58    76    1.9    3.2    2.0    3.5    32    38    34    54
    2165 00100011  -0.0521   0.2507  -0.0041  -0.0063    65   106    68   101    2.3    4.9    3.4    5.9    32    52    44    70
    2166 00100011  -0.0200   0.2554   0.0065   0.0028    82   109    91   107    4.3    5.2    5.9    6.4    64    70    66    78
    2167 00100011  -0.0427   0.2629   0.0093   0.0049   102   129   108   114    6.2    6.6    7.4    7.0    70    79    73    78
    2168 00100011  -0.0248   0.2830  -0.0022   0.0028    66    94    67    80    2.4    3.9    3.3    3.9    27    45    30    52
    2169 00100011  -0.0580   0.2781   0.0037   0.0001    67    91    64    79    2.5    3.6    2.9    3.8    39    54    48    45
    2170 00100011   0.0085   0.2975   0.0004  -0.0119    59    93    62    90    1.4    3.8    2.6    4.9    14    50    40    54
    2171 00100011  -0.0345   0.2788  -0.0068  -0.0092    65    99    76    94    2.3    4.3    4.4    5.3    47    56    60    66
    2172 00100011  -0.0338   0.2658  -0.0176  -0.0089    73   100    57    76    3.3    4.4    1.9    3.5    50    58    27    52
    2173 00100011  -0.0685   0.2534  -0.0032  -0.0148    93   134    85   112    5.4    7.0    5.3    6.8    57    77    55    76
    2174 00100011  -0.0420   0.2420  -0.0078  -0.0284    61    89    52    76    1.7    3.4    1.1    3.5    28    53    26    41
    2175 00100011  -0.0182   0.2519  -0.0088  -0.0123    77   117    70   105    3.8    5.8    3.6    6.3    56    79    49    72
    2176 00100011  -0.0262   0.2724  -0.0226  -0.0237    82   119    57    96    4.3    5.9    1.9    5.5    53    75    11    68
    2177 00100011  -0.0320   0.2474  -0.0133  -0.0072    60    89    51    64    1.6    3.4    0.9    2.0    27    39    17    26
    2178 00100011   0.0083   0.2632  -0.0025  -0.0073    69    93    80    81    2.8    3.8    4.8    4.0    40    49    57    44
    2179 00100011  -0.0242   0.2492   0.0144   0.0156    89   127    81   117    5.0    6.5    4.9    7.2    55    71    51    73
    2180 00100011  -0.0272   0.2336   0.0423   0.0353    96   130    79   115    5.7    6.7    4.7    7.1    66    75    58    76
    2181 00100011   0.0113   0.2542   0.0233   0.0228    70    88    84    86    2.9    3.3    5.2    4.5    36    42    60    52
    2182 00100011  -0.0226   0.2691  -0.0010   0.0061    82   116    65   100    4.3    5.7    3.0    5.8    51    64    40    63
    2183 00100011  -0.0552   0.2955   0.0002  -0.0027    76   128    86   116    3.6    6.6    5.4    7.1    44    74    55    77
    2184 00100011  -0.0445   0.3291   0.0259   0.0209    71   106    57    84    3.0    4.9    1.9    4.3    46    60    29    56
    2185 00100011  -0.0166   0.3369  -0.0238  -0.0225    88   139    76   112    4.9    7.3    4.4    6.8    61    76    46    78
    2186 00100011  -0.0263   0.3266  -0.0238  -0.0326    76   106    53    75    3.6    4.9    1.2    3.3    55    64    26    36
    2187 00100011  -0.0326   0.3035  -0.0296  -0.0340    71    98    54    85    3.0    4.3    1.4    4.4    57    61    21    61
    2188 00100011  -0.0313   0.3286   0.0301   0.0299    70   103    79    92    2.9    4.7    4.7    5.1    50    56    55    65
    2189 00100011  -0.0242   0.3631   0.0042  -0.0004    69   103    55    91    2.8    4.7    1.6    5.0    34    59    14    64
    2190 00100011  -0.0203   0.3132   0.0126   0.0008    63    88    77    81    2.0    3.3    4.5    4.0    24    50    58    53
    2191 00100011   0.0234   0.3128  -0.0067  -0.0136    75   110    65    96    3.5    5.3    3.0    5.5    51    67    35    65
    2192 00100011  -0.2105   0.3513  -0.0495  -0.0099    49    73    57    56   -0.2    1.7    1.9    0.8     5    26    27    20
    2193 00100011  -0.0505   0.3186  -0.0074  -0.0192    78   114    68    94    3.9    5.6    3.4    5.3    53    68    44    58
    2194 00100011  -0.0050   0.3151  -0.0220  -0.0211    74   112    69    98    3.4    5.4    3.5    5.7    49    68    37    65
    2195 00100011  -0.0251   0.3081  -0.0195  -0.0180    68   104    67    82    2.7    4.8    3.3    4.1    32    58    44    50
    2196 00100011   0.0061   0.3352  -0.0173  -0.0222    78   108    77   105    3.9    5.1    4.5    6.3    52    65    43    72
    2197 00100011  -0.0160   0.3466   0.0154   0.0068    85   121    59   106    4.6    6.1    2.2    6.4    50    67    15    61
    2198 00100011  -0.0086   0.3610   0.0148   0.0067    76   107    68    88    3.6    5.0    3.4    4.7    48    66    42    63
    2199 00100011   0.0225   0.3484  -0.0083  -0.0146    76    99    58    88    3.6    4.3    2.0    4.7    54    56    30    54
    2200 00100011   0.0530   0.3220  -0.0288  -0.0346    82   131    78   111    4.3    6.8    4.6    6.8    45    74    45    74
    2201 00100011   0.0307   0.2812  -0.0002  -0.0058    62    97    71    82    1.9    4.2    3.8    4.1    28    51    47    50
    2202 00100011   0.0965   0.3068  -0.0214  -0.0132    66   122    53   105    2.4    6.2    1.2    6.3    28    71     8    69
    2203 00100011   0.0087   0.2787   0.0044  -0.0049    80   100    53    88    4.1    4.4    1.2    4.7    51    56    10    51
    2204 00100011   0.0210   0.2848   0.0024   0.0018    59   104    54    87    1.4    4.8    1.4    4.6    29    62    21    57
    2205 00100011   0.0245   0.2994   0.0368   0.0323    68   113    91   104    2.7    5.5    5.9    6.2    39    53    54    60
    2206 00100011   0.0272   0.2800   0.0440   0.0369    60   107    60    76    1.6    5.0    2.3    3.5    16    56    26    36
    2207 00100011   0.0478   0.2849   0.0547   0.0627    82   116    57    97    4.3    5.7    1.9    5.6    46    64    13    64
    2208 00100011   0.0090   0.2600   0.0718   0.0655    96   131    79   124    5.7    6.8    4.7    7.7    57    71    53    73
    2209 00100011   0.0378   0.3053   0.0586   0.0496    66    95    80    82    2.4    4.0    4.8    4.1    34    52    55    40
    2210 00100011  -0.0112   0.3060   0.0443   0.0329    55    93    75    77    0.8    3.8    4.2    3.6    24    54    54    44
    2211 00100011  -0.0350   0.2667  -0.0191  -0.0234    95   134    74   118    5.6    7.0    4.1    7.3    69    80    52    73
    2212 00100011  -0.0009   0.2839  -0.0069  -0.0154    69   115    73    99    2.8    5.7    4.0    5.8    30    65    42    69
    2213 00100011  -0.0155   0.3040  -0.0140  -0.0117    72   106    72   102    3.2    4.9    3.9    6.0    44    60    44    73
    2214 00100011  -0.0171   0.3014   0.0167   0.0251    67   111    59   104    2.5    5.3    2.2    6.2    37    70    20    73
    2215 00100011  -0.0643   0.2626   0.0232   0.0130    82   108    87   107    4.3    5.1    5.5    6.4    45    54    62    70
    2216 00100011  -0.0654   0.2697  -0.0007  -0.0041    93   129    99   124    5.4    6.6    6.7    7.7    55    75    69    72
    2217 00100011  -0.0563   0.2681  -0.0099  -0.0172    77   118    88    96    3.8    5.9    5.6    5.5    49    63    62    70
    2218 00100011  -0.0443   0.2566  -0.0166  -0.0033    60    96    54    92    1.6    4.1    1.4    5.1    24    50    18    63
    2219 00100011  -0.0232   0.2977  -0.0183  -0.0211    82   117    65   103    4.3    5.8    3.0    6.1    47    68    42    68
    2220 00100011  -0.0808   0.2557  -0.0202  -0.0180    67   103    54    76    2.5    4.7    1.4    3.5    39    58    14    44
    2221 00100011  -0.0584   0.2397  -0.0061  -0.0097    86   122    74   112    4.7    6.2    4.1    6.8    59    75    52    75
    2222 00100011  -0.0051   0.2287  -0.0286  -0.0147    53    80    45    61    0.5    2.5   -0.2    1.6    10    28     4    26
    2223 00100011  -0.0321   0.2362  -0.0143   0.0029    55    77    50    66    0.8    2.2    0.7    2.2    14    25    10    36
    2224 00100011  -0.0349   0.2412  -0.0074  -0.0097    73   103    72    93    3.3    4.7    3.9    5.2    50    58    50    64
    2225 00100011  -0.0772   0.2701   0.0286   0.0148    65    98    57    77    2.3    4.3    1.9    3.6    30    60    29    47
    2226 00100011   0.0135   0.2779   0.0298   0.0345    86   107    56    93    4.7    5.0    1.7    5.2    56    65    12    64
    2227 00100011  -0.0020   0.2716   0.0012   0.0069    66   100    59    87    2.4    4.4    2.2    4.6    43    54    36    64
    2228 00100011  -0.0412   0.2903  -0.0007  -0.0032    68    98    76    87    2.7    4.3    4.4    4.6    38    53    48    62
    2229 00100011  -0.0104   0.2841   0.0209   0.0106    70    94    80    92    2.9    3.9    4.8    5.1    43    42    60    60
    2230 00100011  -0.0117   0.2772   0.0052  -0.0120    53    78    58    62    0.5    2.3    2.0    1.7    20    35    29    14
    2231 00100011  -0.0227   0.3362  -0.0309   0.0086    58    80    54    61    1.3    2.5    1.4    1.6    14    30     5    28
    2232 00100011  -0.0083   0.2900   0.0154   0.0139   100   132    84   116    6.0    6.8    5.2    7.1    70    79    58    77
    2233 00100011  -0.0234   0.2746   0.0265   0.0167    78   123    67    95    3.9    6.2    3.3    5.4    43    76    25    67
    2234 00100011  -0.0006   0.2665   0.0140   0.0135    75   106    60    85    3.5    4.9    2.3    4.4    46    57    29    58
    2235 00100011  -0.0732   0.2825   0.0100   0.0161    55    80    63    63    0.8    2.5    2.7    1.8    13    31    37    37
    2236 00100011  -0.0145   0.2989   0.0258   0.0174    79   121    77   107    4.0    6.1    4.5    6.4    52    77    51    71
    2237 00100011  -0.0295   0.2712   0.0172   0.0133    68   110    73    96    2.7    5.3    4.0    5.5    37    61    50    63
    2238 00100011   0.0506   0.2946   0.0427   0.0150    54    89    59    69    0.7    3.4    2.2    2.6     9    50    34    26
    2239 00100011  -0.0374   0.2778   0.0185   0.0153    77    92    83    94    3.8    3.7    5.1    5.3    54    46    59    61
    2240 00100011  -0.0340   0.2708   0.0112   0.0047    91   125    75   107    5.2    6.4    4.2    6.4    66    81    54    75
    2241 00100011  -0.0412   0.2952   0.0194   0.0016    67    98    67    90    2.5    4.3    3.3    4.9    29    60    42    56
    2242 00100011  -0.0505   0.2791   0.0117   0.0042   107   125    87   110    6.6    6.4    5.5    6.7    73    76    62    71
    2243 00100011  -0.0451   0.2522   0.0025   0.0049    70   103    64    82    2.9    4.7    2.9    4.1    41    56    34    52
    2244 00100011  -0.0266   0.2763   0.0017   0.0026    71   114    57    97    3.0    5.6    1.9    5.6    39    58    28    66
    2245 00100011  -0.0199   0.2802  -0.0048  -0.0014    82   107    57    90    4.3    5.0    1.9    4.9    48    64    12    59
    2246 00100011  -0.0720   0.2577   0.0042  -0.0023    54    87    52    73    0.7    3.2    1.1    3.1     9    45     5    38
    2247 00100011  -0.0015   0.2278  -0.0146  -0.0173    54    84    57    73    0.7    2.9    1.9    3.1    18    42    43    44
    2248 00100011  -0.0434   0.2367  -0.0192  -0.0120    56    81    58    62    1.0    2.6    2.0    1.7    15    31    32    23
    2249 00100011  -0.0133   0.2500  -0.0211  -0.0247    67    90    57    76    2.5    3.5    1.9    3.5    36    50    21    42
    2250 00100011  -0.0337   0.2612   0.0065   0.0009    94   114    78   107    5.5    5.6    4.6    6.4    66    72    51    72
    2251 00100011  -0.0183   0.2538  -0.0041  -0.0063    90   111    84   117    5.1    5.3    5.2    7.2    63    70    61    76
    2252 00100011  -0.0172   0.2445  -0.0262  -0.0294    89   132    73   107    5.0    6.8    4.0    6.4    63    75    48    73
    2253 00100011  -0.0861   0.2069   0.0007  -0.0173    78   116    84    80    3.9    5.7    5.2    3.9    54    69    50    44
    2254 00100011   0.0316   0.2274   0.0696   0.0682    73    86    73    79    3.3    3.1    4.0    3.8    47    48    52    46
    2255 00100011  -0.0158   0.2666   0.0309   0.0350    81   116    87   106    4.2    5.7    5.5    6.4    32    47    50    54
    2256 00100011  -0.0407   0.2330   0.0213   0.0118    87   123   102   111    4.8    6.2    6.9    6.8    54    66    63    74
    2257 00100011  -0.0790   0.2656   0.0146  -0.0007    98   118    63   107    5.8    5.9    2.7    6.4    65    77    29    73
    2258 00100011  -0.0372   0.2359   0.0041   0.0048    60    95    65    83    1.6    4.0    3.0    4.2    26    50    36    56
    2259 00100011  -0.0460   0.2398   0.0083   0.0043    84   118    80   111    4.5    5.9    4.8    6.8    56    66    54    77
    2260 00100011  -0.0249   0.2809  -0.0107  -0.0002    77   104    59   101    3.8    4.8    2.2    5.9    49    62    16    75
    2261 00100011  -0.0417   0.2687   0.0174   0.0175    97   115    96   134    5.8    5.7    6.4    8.4    68    65    68    87
    2262 00100011  -0.0355   0.2623   0.0213   0.0150    67   102    68    88    2.5    4.6    3.4    4.7    36    66    44    54
    2263 00100011  -0.0442   0.2721   0.0193   0.0184    57    76    60    64    1.1    2.1    2.3    2.0    12    35    32    28
    2264 00100011  -0.0166   0.2620   0.0141   0.0144    75   116    63    97    3.5    5.7    2.7    5.6    44    69    27    62
    2265 00100011  -0.0512   0.2495   0.0083   0.0015    71   103    55    79    3.0    4.7    1.6    3.8    58    62    27    46
    2266 00100011  -0.0419   0.2558  -0.0064  -0.0041    61    83    58    71    1.7    2.8    2.0    2.9    32    36    35    38
    2267 00100011  -0.0084   0.2637  -0.0064  -0.0034    77   105    65   105    3.8    4.9    3.0    6.3    56    61    44    76
    2268 00100011   0.0197   0.2932  -0.0196  -0.0192    99   122    68   113    5.9    6.2    3.4    6.9    69    73    39    75
    2269 00100011   0.0094   0.2787  -0.0180  -0.0041    70   102    52    83    2.9    4.6    1.1    4.2    44    56    15    49
    2270 00100011   0.0122   0.2776   0.0047   0.0088    81   106    58    91    4.2    4.9    2.0    5.0    53    65    15    67
    2271 00100011   0.0412   0.2790  -0.0013  -0.0035    75   102    70    85    3.5    4.6    3.6    4.4    54    63    43    51
    2272 00100011   0.1310   0.3317  -0.0858  -0.0384    60    84    47    77    1.6    2.9    0.2    3.6    21    41     4    42
    2273 00100011   0.0416   0.3115  -0.0353  -0.0382   100   128    72   120    6.0    6.6    3.9    7.4    60    70    48    78
    2274 00100011  -0.0427   0.2708   0.0118  -0.0038    74   111    64    88    3.4    5.3    2.9    4.7    32    42    28    26
    2275 00100011  -0.0165   0.2886   0.0304   0.0325    62    94    60    85    1.9    3.9    2.3    4.4    32    50    33    57
    2276 00100011  -0.0048   0.2633   0.0561   0.0463    83   120    88   111    4.4    6.0    5.6    6.8    55    74    64    71
    2277 00100011   0.0052   0.2480   0.0605   0.0486    67   102    58    89    2.5    4.6    2.0    4.8    36    57    34    62
    2278 00100011  -0.0342   0.2652   0.0531   0.0419    86   122    70    97    4.7    6.2    3.6    5.6    55    75    35    63
    2279 00100011  -0.0305   0.2485   0.0454   0.0269    60    91    60    72    1.6    3.6    2.3    3.0    23    42    34    22
    2280 00100011  -0.4131   0.2781   0.0977  -0.0012    66    91    48    71    2.4    3.6    0.4    2.9    27    33    13    40
    2281 00100011  -0.0048   0.2684   0.0277   0.0250    92   126    89   116    5.3    6.4    5.7    7.1    58    72    60    77
    2282 00100011   0.0035   0.2898   0.0212   0.0165    87   128    90   118    4.8    6.6    5.8    7.3    55    72    60    74
    2283 00100011   0.0082   0.2616   0.0312   0.0220    87   115    73   108    4.8    5.7    4.0    6.5    53    68    48    71
    2284 00100011  -0.0113   0.2639   0.0323   0.0323    84   113    66   107    4.5    5.5    3.1    6.4    63    70    43    74
    2285 00100011  -0.0217   0.2841   0.0236   0.0216   106   131    89   128    6.5    6.8    5.7    8.0    72    81    61    83
    2286 00100011  -0.0323   0.2800   0.0218   0.0175    78   125    71   102    3.9    6.4    3.8    6.0    47    74    35    69
    2287 00100011  -0.0409   0.2878   0.0379   0.0240    96   124    64   114    5.7    6.3    2.9    7.0    66    79    34    75
    2288 00100011   0.0221   0.2975   0.0135   0.0152    87   104    72   100    4.8    4.8    3.9    5.8    57    61    45    68
    2289 00100011   0.0199   0.2979   0.0219   0.0145    71   112    69   101    3.0    5.4    3.5    5.9    33    63    31    64
    2290 00100011  -0.0117   0.3097   0.0178   0.0114    59    91    66    86    1.4    3.6    3.1    4.5    16    46    36    59
    2291 00100011  -0.0118   0.2879   0.0201   0.0148    77   116    55    97    3.8    5.7    1.6    5.6    51    72    21    68
    2292 00100011   0.0282   0.3016  -0.0041   0.0012    73   107    62    98    3.3    5.0    2.6    5.7    37    58    33    51
    2293 00100011  -0.0346   0.2909  -0.0412  -0.0439    71   103    60    89    3.0    4.7    2.3    4.8    32    54    26    59
    2294 00100011  -0.0248   0.2943  -0.0220  -0.0252    89   122    74   108    5.0    6.2    4.1    6.5    68    75    58    73
    2295 00100011  -0.0316   0.2713  -0.0401  -0.0425    76   116    72   102    3.6    5.7    3.9    6.0    44    65    53    68
    2296 00100011  -0.0305   0.2636  -0.0358  -0.0505    58    82    58    69    1.3    2.7    2.0    2.6    16    37    21    32
    2297 00100011  -0.0581   0.2498  -0.0441  -0.0466    76   103    85    91    3.6    4.7    5.3    5.0    53    55    48    60
    2298 00100011  -0.0251   0.2602   0.0078   0.0037    90   121    78    99    5.1    6.1    4.6    5.8    57    76    44    65
    2299 00100011  -0.0178   0.2664  -0.0140  -0.0111    72   113    64   105    3.2    5.5    2.9    6.3    57    70    48    76
    2300 00100011   0.0047   0.2655  -0.0195  -0.0192    83   116    57    90    4.4    5.7    1.9    4.9    50    72    19    55
    2301 00100011  -0.0586   0.2610  -0.0007   0.0001    62    89    67    80    1.9    3.4    3.3    3.9    33    35    47    57
    2302 00100011  -0.0675   0.2769   0.0046   0.0016    87   114    83   102    4.8    5.6    5.1    6.0    58    69    61    72
    2303 00100011  -0.0483   0.2382   0.0054   0.0028    67    93    66    89    2.5    3.8    3.1    4.8    47    51    49    61
    2304 00100011  -0.0791   0.2698   0.0088   0.0014    75   103    82    98    3.5    4.7    5.0    5.7    46    53    58    68
    2305 00100011  -0.3861   0.2795   0.0501  -0.0075    54    85    47    66    0.7    3.0    0.2    2.2     6    41     1    34
    2306 00100011  -0.0039   0.3055  -0.0148  -0.0207    87   110    84   116    4.8    5.3    5.2    7.1    60    66    60    77
    2307 00100011   0.0205   0.2948  -0.0213  -0.0219    87   118    67    99    4.8    5.9    3.3    5.8    64    68    49    70
    2308 00100011  -0.0552   0.2899  -0.0209  -0.0213    75   115    68   100    3.5    5.7    3.4    5.8    49    67    43    70
    2309 00100011  -0.0054   0.3181   0.0122   0.0073    89   127    57   110    5.0    6.5    1.9    6.7    59    74    15    76
    2310 00100011  -0.0234   0.3227  -0.0160  -0.0201    82   112    80   119    4.3    5.4    4.8    7.4    50    66    55    76
    2311 00100011  -0.0170   0.3116  -0.0311  -0.0307    76   112    80    93    3.6    5.4    4.8    5.2    50    68    58    63
    2312 00100011  -0.0260   0.3435  -0.0073  -0.0126    60    96    71    91    1.6    4.1    3.8    5.0    24    54    40    64
    2313 00100011  -0.0367   0.3543  -0.0099  -0.0083    89   115    88   106    5.0    5.7    5.6    6.4    63    64    59    77
    2314 00100011   0.0111   0.3480  -0.0074  -0.0053   104   139    77   116    6.4    7.3    4.5    7.1    68    77    51    74
    2315 00100011  -0.0506   0.3041  -0.0201  -0.0340    60    86    61    76    1.6    3.1    2.5    3.5    21    39    23    47
    2316 00100011  -0.0467   0.2869   0.0357   0.0255    99   117    64   103    5.9    5.8    2.9    6.1    59    74    36    62
    2317 00100011  -0.0094   0.3083   0.0403   0.0364    85   118    72    98    4.6    5.9    3.9    5.7    53    71    34    57
    2318 00100011  -0.0342   0.3093   0.0306   0.0234    92   113    81   104    5.3    5.5    4.9    6.2    66    65    54    69
    2319 00100011  -0.0436   0.3194  -0.0096  -0.0131    98   132    80   123    5.8    6.8    4.8    7.6    64    74    51    81
    2320 00100011  -0.0296   0.3232  -0.0097  -0.0164    69   116    66    85    2.8    5.7    3.1    4.4    28    66    29    58
    2321 00100011   0.0102   0.3259  -0.0020  -0.0112    77   107    71    99    3.8    5.0    3.8    5.8    50    67    44    64
    2322 00100011   0.0369   0.3037   0.0013  -0.0017    78   119    73    91    3.9    5.9    4.0    5.0    46    74    46    58
    2323 00100011   0.0494   0.2985   0.0148   0.0098    93   123    85   122    5.4    6.2    5.3    7.6    64    73    60    81
    2324 00100011   0.0354   0.2914   0.0061   0.0068    71    99    69    92    3.0    4.3    3.5    5.1    50    61    43    66
    2325 00100011   0.0348   0.2743   0.0100   0.0057    88   128    63   110    4.9    6.6    2.7    6.7    50    72    28    71
    2326 00100011   0.0606   0.2792   0.0246   0.0255    72   103    57    85    3.2    4.7    1.9    4.4    42    57    22    60
    2327 00100011   0.0026   0.2790   0.0184   0.0097    78   117    79   110    3.9    5.8    4.7    6.7    52    70    54    76
    2328 00100011  -0.0466   0.2694   0.0169   0.0112    60   103    60    80    1.6    4.7    2.3    3.9    22    54    28    46
    2329 00100011   0.0326   0.3216   0.0515   0.0451    80   106    65    86    4.1    4.9    3.0    4.5    56    64    36    64
    2330 00100011   0.0017   0.3026   0.0597   0.0541    76    98    59    88    3.6    4.3    2.2    4.7    47    49    33    60
    2331 00100011  -0.0260   0.2761   0.0075   0.0006    56    88    46    72    1.0    3.3    0.0    3.0    15    41     7    37
    2332 00100011   0.0268   0.2889   0.0244  -0.0221    54    87    56    69    0.7    3.2    1.7    2.6    15    43    26    21
    2333 00100011  -0.0153   0.2220  -0.0249  -0.0237   109   139    89   133    6.8    7.3    5.7    8.3    74    82    59    85
    2334 00100011  -0.0296   0.2192  -0.0368  -0.0391    92   115    92   130    5.3    5.7    6.0    8.1    65    67    68    84
    2335 00100011  -0.0263   0.1927  -0.0380  -0.0437    91   127    75   116    5.2    6.5    4.2    7.1    63    74    55    75
    2336 00100011  -0.0137   0.1997  -0.0265  -0.0245    84   117    82   115    4.5    5.8    5.0    7.1    57    70    56    72
    2337 00100011  -0.0314   0.2054  -0.0092  -0.0087    84   110    61    96    4.5    5.3    2.5    5.5    62    72    39    65
    2338 00100011   0.0007   0.1866  -0.0047   0.0087    61   112    54    89    1.7    5.4    1.4    4.8    19    55     9    57
    2339 00100011  -0.1194   0.2313   0.0456   0.0252    68    92    57    78    2.7    3.7    1.9    3.7    38    50    26    42
    2340 00100011  -0.0807   0.2284   0.0106   0.0054    74   116    62    94    3.4    5.7    2.6    5.3    45    63    23    61
    2341 00100011  -0.0755   0.2230   0.0235   0.0210    73   129    59    95    3.3    6.6    2.2    5.4    42    71    28    48
    2342 00100011  -0.0801   0.2318   0.0022   0.0012    92   118    77   114    5.3    5.9    4.5    7.0    63    70    47    83
    2343 00100011  -0.0539   0.2117   0.0149   0.0067    66   117    57    97    2.4    5.8    1.9    5.6    35    72    30    58
    2344 00100011  -0.1124   0.2202   0.0038  -0.0076    71   115    59    98    3.0    5.7    2.2    5.7    26    66    11    63
    2345 00100011  -0.0316   0.2149  -0.0081  -0.0088    71    93    60    86    3.0    3.8    2.3    4.5    47    53    25    63
    2346 00100011   0.0167   0.1921   0.0032   0.0133    61   110    51    80    1.7    5.3    0.9    3.9    32    58    17    55
    2347 00100011  -0.0384   0.2007   0.0271   0.0239    71    92    85    97    3.0    3.7    5.3    5.6    42    47    57    66
    2348 00100011  -0.0361   0.2089   0.0407   0.0378    81   101    84   102    4.2    4.5    5.2    6.0    51    55    65    68
    2349 00100011  -0.0459   0.2338   0.0470   0.0422    80   113    69    93    4.1    5.5    3.5    5.2    52    66    41    57
    2350 00100011  -0.0321   0.2447   0.0415   0.0367    93   122    69   110    5.4    6.2    3.5    6.7    58    73    42    70
    2351 00100011  -0.0533   0.2247   0.0320   0.0243    85   122    64   105    4.6    6.2    2.9    6.3    56    75    30    69
    2352 00100011   0.0236   0.2463   0.0179   0.0393    55    79    51    75    0.8    2.4    0.9    3.3     6    23     2    41
    2353 00100011   0.0059   0.2433  -0.0142  -0.0133    67   105    61   100    2.5    4.9    2.5    5.8    41    62    35    73
    2354 00100011  -0.0510   0.2593   0.0135  -0.0115    72    97    52    81    3.2    4.2    1.1    4.0    47    55    20    47
    2355 00100011  -0.0140   0.2649   0.0054  -0.0062    74   104    90    96    3.4    4.8    5.8    5.5    43    51    59    65
    2356 00100011  -0.0198   0.2658   0.0081   0.0028    81   113    72   116    4.2    5.5    3.9    7.1    48    70    45    79
    2357 00100011  -0.0513   0.2423   0.0386   0.0085    54    82    47    65    0.7    2.7    0.2    2.1    15    41     5    21
    2358 00100011  -0.0006   0.2516   0.0379   0.0283    69    94    53    85    2.8    3.9    1.2    4.4    45    49    18    52
    2359 00100011  -0.0266   0.2728   0.0284   0.0251   101   131    97   139    6.1    6.8    6.5    8.7    67    77    63    84
    2360 00100011  -0.0190   0.2823   0.0473   0.0472    69   107    81    97    2.8    5.0    4.9    5.6    32    59    61    70
    2361 00100011  -0.0437   0.2709   0.0489   0.0424    82   105    70    98    4.3    4.9    3.6    5.7    56    67    44    67
    2362 00100011  -0.0268   0.2703   0.0226   0.0219    84   125    62   101    4.5    6.4    2.6    5.9    59    71    31    70
    2363 00100011  -0.0433   0.2428   0.0080   0.0019    65   100    76   100    2.3    4.4    4.4    5.8    46    54    61    68
    2364 00100011  -0.0550   0.2429  -0.0025  -0.0038    90   121    77   107    5.1    6.1    4.5    6.4    71    73    56    77
    2365 00100011  -0.0543   0.2179  -0.0106  -0.0169    54    93    58    78    0.7    3.8    2.0    3.7    12    49    30    43
    2366 00100011  -0.0253   0.2154  -0.0101  -0.0095    61    85    57    82    1.7    3.0    1.9    4.1    36    40    32    55
    2367 00100011  -0.0297   0.2497  -0.0056   0.0024    81   117    69   111    4.2    5.8    3.5    6.8    51    66    46    79
    2368 00100011  -0.0570   0.2576  -0.0316  -0.0283    76   104    75    90    3.6    4.8    4.2    4.9    49    52    54    57
    2369 00100011  -0.0427   0.2435  -0.0275  -0.0319    64   110    63    84    2.1    5.3    2.7    4.3    37    64    43    61
    2370 00100011  -0.0350   0.2467  -0.0093  -0.0059    68   104    59    95    2.7    4.8    2.2    5.4    42    58    23    64
    2371 00100011  -0.0426   0.2440  -0.0039  -0.0038    87   137    64   110    4.8    7.2    2.9    6.7    58    81    36    72
    2372 00100011  -0.0142   0.2367  -0.0106  -0.0156    66   106    72    92    2.4    4.9    3.9    5.1    41    65    53    62
    2373 00100011  -0.0105   0.2238  -0.0317  -0.0274    71   125    72    96    3.0    6.4    3.9    5.5    37    69    41    64
    2374 00100011   0.0096   0.2312  -0.0336  -0.0348    90   109    73   114    5.1    5.2    4.0    7.0    58    66    41    76
    2375 00100011  -0.0173   0.2140  -0.0217  -0.0209   110   129    58   122    6.8    6.6    2.0    7.6    68    78    16    81
    2376 00100011  -0.0238   0.2070  -0.0176  -0.0197   114   140    72   123    7.2    7.4    3.9    7.6    74    82    35    83
    2377 00100011  -0.0422   0.2160   0.0050  -0.0016    79   113    86   115    4.0    5.5    5.4    7.1    52    68    68    74
    2378 00100011  -0.0291   0.2267   0.0143   0.0191    69    97    56    90    2.8    4.2    1.7    4.9    40    50    22    65
    2379 00100011  -0.0144   0.2461   0.0244   0.0221    82   120    61    93    4.3    6.0    2.5    5.2    51    66    29    57
    2380 00100011  -0.0042   0.2855   0.0078   0.0104    86    97    66    88    4.7    4.2    3.1    4.7    57    54    38    59
    2381 00100011  -0.0139   0.2815  -0.0046  -0.0109    78   121    63   102    3.9    6.1    2.7    6.0    54    73    36    69
    2382 00100011  -0.0073   0.2843  -0.0124  -0.0114    62    93    59    78    1.9    3.8    2.2    3.7    40    47    40    59
    2383 00100011  -0.0420   0.2651   0.0029  -0.0044    79   120    65   106    4.0    6.0    3.0    6.4    53    72    35    73
    2384 00100011   0.0227   0.2597  -0.0271  -0.0203    72   104    52    83    3.2    4.8    1.1    4.2    43    60    15    60
    2385 00100011   0.0238   0.2738  -0.0230  -0.0131    71    97    52    80    3.0    4.2    1.1    3.9    45    54     7    50
    2386 00100011  -0.0022   0.2794  -0.0104  -0.0160    74   115    56    98    3.4    5.7    1.7    5.7    43    73    23    67
    2387 00100011   0.0325   0.2731  -0.0124   0.0022    76   105    49    93    3.6    4.9    0.5    5.2    52    61     6    65
    2388 00100011  -0.0559   0.2626   0.0104   0.0047    82   120    58    88    4.3    6.0    2.0    4.7    58    73    22    57
    2389 00100011  -0.0468   0.2719   0.0111   0.0094    78   111    72   101    3.9    5.3    3.9    5.9    55    65    44    69
    2390 00100011  -0.0246   0.2532  -0.0059  -0.0018    75   109    62    96    3.5    5.2    2.6    5.5    51    61    34    64
    2391 00100011  -0.0288   0.2529  -0.0078  -0.0090    84   130    71   109    4.5    6.7    3.8    6.6    56    74    44    74
    2392 00100011  -0.0155   0.2567  -0.0316  -0.0286    78   115    69   105    3.9    5.7    3.5    6.3    54    66    43    78
    2393 00100011  -0.0331   0.2640  -0.0257  -0.0273    77   102    86    91    3.8    4.6    5.4    5.0    55    55    67    60
    2394 00100011  -0.0206   0.2668  -0.0354  -0.0411    74    90    73    97    3.4    3.5    4.0    5.6    49    52    49    68
    2395 00100011   0.0061   0.2432  -0.0266  -0.0331    91   111    72    85    5.2    5.3    3.9    4.4    67    74    54    59
    2396 00100011  -0.0271   0.2332  -0.0294  -0.0339    67   101    82    90    2.5    4.5    5.0    4.9    31    58    47    56
    2397 00100011  -0.0286   0.2145  -0.0174  -0.0202    61    99    66    84    1.7    4.3    3.1    4.3    26    61    37    59
    2398 00100011   0.0068   0.2231   0.0066   0.0043    76   105    69    98    3.6    4.9    3.5    5.7    49    61    32    70
    2399 00100011  -0.0235   0.2340  -0.0131  -0.0025    63   105    54    71    2.0    4.9    1.4    2.9    14    49     9    35
    2400 00100011  -0.0257   0.2372  -0.0401  -0.0411    87   111    72   111    4.8    5.3    3.9    6.8    56    67    44    73
    2401 00100011   0.0109   0.2545  -0.0678  -0.0508    71   109    54    98    3.0    5.2    1.4    5.7    36    62     9    66
    2402 00100011  -0.0187   0.2450  -0.0423  -0.0459    81   112    55    94    4.2    5.4    1.6    5.3    49    65    11    63
    2403 00100011  -0.0083   0.2237  -0.0464  -0.0496    70    98    61    91    2.9    4.3    2.5    5.0    48    61    35    61
    2404 00100011   0.0329   0.2324   0.0057  -0.0237    60    75    61    66    1.6    1.9    2.5    2.2    14    21    32    25
    2405 00100011  -0.0066   0.2263  -0.0005  -0.0060    70   102    58    83    2.9    4.6    2.0    4.2    40    54    25    53
    2406 00100011   0.0195   0.2370   0.0132   0.0079    64   108    74   101    2.1    5.1    4.1    5.9    30    65    45    67
    2407 00100011   0.0167   0.2462   0.0215   0.0138    70    92    65    83    2.9    3.7    3.0    4.2    40    50    31    48
    2408 00100011  -0.0192   0.2300   0.0036   0.0043    70   106    60    75    2.9    4.9    2.3    3.3    42    56    23    49
    2409 00100011   0.0018   0.2248   0.0084   0.0054    65   109    72    98    2.3    5.2    3.9    5.7    29    61    52    65
    2410 00100011  -0.0813   0.2137  -0.0263  -0.0095    51    80    55    77    0.2    2.5    1.6    3.6     5    30    19    41
    2411 00100011  -0.0928   0.2096   0.0259   0.0139    63   114    53    95    2.0    5.6    1.2    5.4    28    70    12    65
    2412 00100011  -0.0498   0.2453   0.0401   0.0371    78    99    77    96    3.9    4.3    4.5    5.5    41    47    51    57
    2413 00100011  -0.0554   0.2493   0.0180   0.0178    70   103    77    79    2.9    4.7    4.5    3.8    46    57    57    50
    2414 00100011  -0.0530   0.2411   0.0240   0.0214    71   102    67    88    3.0    4.6    3.3    4.7    47    63    39    60
    2415 00100011  -0.0231   0.2533   0.0117   0.0043    91   125    75   112    5.2    6.4    4.2    6.8    58    78    43    74
    2416 00100011   0.4738   0.2288   0.0980  -0.0038    50    75    50    59    0.0    1.9    0.7    1.3    13    19    19    22
    2417 00100011  -0.0002   0.2333   0.0037  -0.0066    73   105    63    88    3.3    4.9    2.7    4.7    48    59    42    50
    2418 00100011   0.0174   0.2244   0.0380   0.0362    66    81    57    79    2.4    2.6    1.9    3.8    44    36    30    50
    2419 00100011  -0.0136   0.2241   0.0463   0.0467    82   102    69   114    4.3    4.6    3.5    7.0    56    64    38    76
    2420 00100011  -0.0037   0.2067   0.0536   0.0528    86   128    89   114    4.7    6.6    5.7    7.0    53    75    68    76
    2421 00100011  -0.1352   0.2485   0.1132   0.0429    52    74    46    58    0.3    1.8    0.0    1.1     5    26     9     9
    2422 00100011  -0.0187   0.1778   0.0478   0.0521    82   115    52   104    4.3    5.7    1.1    6.2    48    69    17    64
    2423 00100011  -0.0305   0.2168   0.0340   0.0278    63    95    58    80    2.0    4.0    2.0    3.9    36    49    30    56
    2424 00100011  -0.0286   0.2379   0.0221   0.0216    94   128    74   114    5.5    6.6    4.1    7.0    68    77    55    80
    2425 00100011  -0.0541   0.2253   0.0431   0.0282    75   124    62    81    3.5    6.3    2.6    4.0    47    72    27    44
    2426 00100011  -0.0343   0.2195   0.0417   0.0398    67    91    62    66    2.5    3.6    2.6    2.2    31    41    27    21
    2427 00100011  -0.0159   0.2207   0.0238   0.0199    76   109    65    87    3.6    5.2    3.0    4.6    43    64    23    46
    2428 00100011   0.0121   0.2061   0.0111   0.0123    63    85    52    83    2.0    3.0    1.1    4.2    27    39    17    55
    2429 00100011   0.0243   0.2202  -0.0071   0.0049    60    93    55    70    1.6    3.8    1.6    2.8    24    48    14    44
    2430 00100011  -0.0330   0.2293   0.0135   0.0065    74    99    76    95    3.4    4.3    4.4    5.4    48    49    54    62
    2431 00100011   0.0023   0.2340   0.0148   0.0117    65   106    59    86    2.3    4.9    2.2    4.5    31    62    29    52
    2432 00100011  -0.0108   0.2240  -0.0184  -0.0156    59    88    74    71    1.4    3.3    4.1    2.9    24    38    62    50
    2433 00100011   0.0031   0.2153  -0.0154  -0.0205    65    97    87    94    2.3    4.2    5.5    5.3    40    60    67    65
    2434 00100011  -0.0252   0.1871   0.0083   0.0033    63    80    64    74    2.0    2.5    2.9    3.2    33    36    37    40
    2435 00100011  -0.0030   0.1949   0.0074   0.0044    69    83    69    95    2.8    2.8    3.5    5.4    53    41    57    71
    2436 00100011  -0.0096   0.2235  -0.0044  -0.0023    84   120    78    93    4.5    6.0    4.6    5.2    55    77    50    69
    2437 00100011  -0.0372   0.2203  -0.0080  -0.0124    64   101    65    80    2.1    4.5    3.0    3.9    31    61    39    49
    2438 00100011  -0.0442   0.2406   0.0002  -0.0097    62   102    74    91    1.9    4.6    4.1    5.0    32    60    51    66
    2439 00100011  -0.0178   0.2369   0.0046   0.0004    79   100    94   101    4.0    4.4    6.2    5.9    51    51    67    63
    2440 00100011   0.0048   0.2312   0.0026   0.0052    68    94    63    76    2.7    3.9    2.7    3.5    41    55    34    53
    2441 00100011  -0.0503   0.2448   0.0231   0.0091    66    92    51    87    2.4    3.7    0.9    4.6    37    53    14    51
    2442 00100011  -0.0169   0.2399   0.0070   0.0012    91   127    63   111    5.2    6.5    2.7    6.8    58    74    31    71
    2443 00100011  -0.0131   0.2324   0.0092   0.0020    63   106    66    77    2.0    4.9    3.1    3.6    32    68    39    53
    2444 00100011   0.0133   0.2402   0.0046   0.0028    83   119    62   106    4.4    5.9    2.6    6.4    57    69    26    71
    2445 00100011  -0.0340   0.2408  -0.0023  -0.0155    54    87    48    72    0.7    3.2    0.4    3.0    19    54    19    40
    2446 00100011  -0.0619   0.2511   0.0009  -0.0094    60   105    51    78    1.6    4.9    0.9    3.7    17    61     7    52
    2447 00100011  -0.0548   0.2787  -0.0197  -0.0237    57    88    56    71    1.1    3.3    1.7    2.9    17    41    19    39
    2448 00100011   0.0172   0.2714   0.0409  -0.0033    51    71    49    61    0.2    1.5    0.5    1.6     9    28     7    21
    2449 00100011  -0.0169   0.2530  -0.0143  -0.0219    88   123    66   110    4.9    6.2    3.1    6.7    61    77    40    68
    2450 00100011   0.0049   0.2510  -0.0095  -0.0138   106   140    84   132    6.5    7.4    5.2    8.3    73    85    55    84
    2451 00100011  -0.0064   0.2438  -0.0110  -0.0149    94   139    67   116    5.5    7.3    3.3    7.1    57    81    31    75
    2452 00100011  -0.0154   0.2743  -0.0193  -0.0214    82   101    65    98    4.3    4.5    3.0    5.7    51    57    31    65
    2453 00100011   0.0370   0.2487  -0.0528  -0.0343    69    86    53    81    2.8    3.1    1.2    4.0    39    38    21    49
    2454 00100011  -0.0081   0.2118   0.0144   0.0116    60    91    57    84    1.6    3.6    1.9    4.3    24    46    33    54
    2455 00100011   0.0123   0.2487   0.0143   0.0125    86   115    64   107    4.7    5.7    2.9    6.4    62    74    33    74
    2456 00100011   0.0141   0.2560   0.0096   0.0079    68    98    55    76    2.7    4.3    1.6    3.5    41    50    16    49
    2457 00100011  -0.0109   0.2729   0.0262   0.0144    75   112    63   101    3.5    5.4    2.7    5.9    37    67    30    59
    2458 00100011  -0.0148   0.2771   0.0087   0.0012    68    95    54    85    2.7    4.0    1.4    4.4    42    58     8    54
    2459 00100011  -0.0219   0.2599   0.0164   0.0153    69    97    67    86    2.8    4.2    3.3    4.5    27    39    39    59
    2460 00100011  -0.0248   0.2393   0.0130   0.0078    92   124    77   115    5.3    6.3    4.5    7.1    64    73    44    80
    2461 00100011  -0.0523   0.2335  -0.0174   0.0059    54    96    62    83    0.7    4.1    2.6    4.2    17    55    42    62
    2462 00100011  -0.0233   0.2526   0.0230   0.0215    64    99    69    76    2.1    4.3    3.5    3.5    34    53    49    51
    2463 00100011   0.0088   0.2491   0.0467   0.0300    64    82    53    67    2.1    2.7    1.2    2.4    43    38    21    24
    2464 00100011  -0.0070   0.2484   0.0149   0.0144    72   102    68    94    3.2    4.6    3.4    5.3    42    61    39    67
    2465 00100011  -0.0290   0.2535  -0.0056  -0.0068    76   112    97   108    3.6    5.4    6.5    6.5    55    73    70    76
    2466 00100011  -0.0446   0.2589  -0.0072  -0.0109    96   117    65   124    5.7    5.8    3.0    7.7    66    72    35    77
    2467 00100011  -0.0439   0.2593  -0.0284  -0.0287    90   135    73   113    5.1    7.0    4.0    6.9    60    74    44    74
    2468 00100011  -0.0277   0.2953  -0.0236  -0.0188    61    87    52    80    1.7    3.2    1.1    3.9    33    42    17    51
    2469 00100011  -0.0319   0.2936  -0.0032  -0.0009    80   111    68   102    4.1    5.3    3.4    6.0    43    58    27    60
    2470 00100011   0.0014   0.3173   0.0164   0.0090    67   103    58    83    2.5    4.7    2.0    4.2    27    57    25    51
    2471 00100011  -0.0207   0.2941   0.0064   0.0060   108   137    83   128    6.7    7.2    5.1    8.0    72    81    53    85
    2472 00100011  -0.0319   0.3026  -0.0057  -0.0127    88   119    53    90    4.9    5.9    1.2    4.9    60    71     6    58
    2473 00100011  -0.0264   0.2809  -0.0234  -0.0280    61   100    61    87    1.7    4.4    2.5    4.6    18    50    28    54
    2474 00100011   0.0267   0.2968   0.0046   0.0007    84   109    63   105    4.5    5.2    2.7    6.3    54    63    29    71
    2475 00100011   0.0192   0.3231  -0.0086  -0.0075    77   116    70   106    3.8    5.7    3.6    6.4    48    68    49    73
    2476 00100011  -0.0062   0.3313  -0.0158  -0.0251    89   113    70   101    5.0    5.5    3.6    5.9    64    69    43    68
    2477 00100011   0.1618   0.3329  -0.0511  -0.0108    59   100    50    83    1.4    4.4    0.7    4.2    17    59     2    58
    2478 00100011   0.0027   0.2852   0.0155   0.0094    73   102    66    86    3.3    4.6    3.1    4.5    36    64    26    54
    2479 00100011   0.0348   0.3236   0.0274   0.0248    87   115    59    99    4.8    5.7    2.2    5.8    56    63    20    66
    2480 00100011   0.1509   0.3452   0.0662   0.0184    49    71    51    58   -0.2    1.5    0.9    1.1     0    19     9    14
    2481 00100011  -0.0093   0.3218  -0.0229  -0.0166    68    94    63    84    2.7    3.9    2.7    4.3    36    39    24    58
    2482 00100011  -0.0313   0.2680   0.0003  -0.0163    62    99    54    73    1.9    4.3    1.4    3.1    24    51    23    32
    2483 00100011   0.0353   0.2885   0.0070   0.0002    74   105    85    89    3.4    4.9    5.3    4.8    53    61    56    50
    2484 00100011   0.0260   0.2769   0.0049  -0.0024    62    88    92    83    1.9    3.3    6.0    4.2    35    38    66    47
    2485 00100011   0.0446   0.3055   0.0144   0.0140    97   122    75   122    5.8    6.2    4.2    7.6    63    76    50    77
    2486 00100011  -0.0101   0.3222   0.0254   0.0254    87   123    76   111    4.8    6.2    4.4    6.8    52    65    47    69
    2487 00100011   0.0255   0.2917   0.0062   0.0100   101   112    69   110    6.1    5.4    3.5    6.7    67    68    42    73
    2488 00100011  -0.0448   0.2800   0.0018  -0.0016    69   100    65    94    2.8    4.4    3.0    5.3    43    56    45    67
    2489 00100011  -0.0371   0.2946   0.0258   0.0152    79   108    71    90    4.0    5.1    3.8    4.9    45    57    33    62
    2490 00100011  -0.0275   0.2842   0.0265   0.0193    92   117    82   124    5.3    5.8    5.0    7.7    57    65    58    79
    2491 00100011  -0.0080   0.2844   0.0216   0.0186    79   111    61   104    4.0    5.3    2.5    6.2    45    67    19    69
    2492 00100011   0.0099   0.2710  -0.0081  -0.0063    74   119    55   101    3.4    5.9    1.6    5.9    40    60    21    65
    2493 00100011   0.0062   0.2701  -0.0137  -0.0145    61    84    55    74    1.7    2.9    1.6    3.2    32    47    20    49
    2494 00100011   0.0281   0.2641   0.0028   0.0005    75   115    57    96    3.5    5.7    1.9    5.5    48    68    21    58
    2495 00100011   0.0091   0.2686   0.0162  -0.0043    64    83    53    66    2.1    2.8    1.2    2.2    22    37     9    27
    2496 00100011   0.0112   0.2659   0.0015  -0.0008    77   115    70   111    3.8    5.7    3.6    6.8    42    66    41    72
    2497 00100011  -0.0280   0.2655  -0.0201  -0.0287    93   133    85   120    5.4    6.9    5.3    7.4    66    82    57    82
    2498 00100011  -0.0362   0.2447  -0.0075  -0.0120    81   100    67    88    4.2    4.4    3.3    4.7    59    62    48    63
    2499 00100011  -0.0651   0.2462  -0.0146  -0.0208    67    90    49    84    2.5    3.5    0.5    4.3    38    46     8    51
    2500 00100011  -0.0304   0.2667  -0.0169  -0.0156    67    98    61    80    2.5    4.3    2.5    3.9    45    58    38    58
    2501 00100011   0.0247   0.2871  -0.0933   0.0073    50    81    48    62    0.0    2.6    0.4    1.7     7    27     6    28
    2502 00100011   0.3083   0.3123   0.1049   0.0115    49    70    60    58   -0.2    1.3    2.3    1.1     3    12    31    24
    2503 00100011  -0.0158   0.2543   0.0073   0.0076    89   116    89   120    5.0    5.7    5.7    7.4    60    69    59    79
    2504 00100011  -0.0150   0.2519  -0.0210  -0.0240    96   131    88   126    5.7    6.8    5.6    7.9    60    75    55    84
    2505 00100011  -0.0393   0.2402   0.0076  -0.0001    82   114    68    89    4.3    5.6    3.4    4.8    52    69    36    52
    2506 00100011  -0.0342   0.2442   0.0090   0.0039    82   111    91   113    4.3    5.3    5.9    6.9    57    70    67    71
    2507 00100011  -0.0219   0.2553  -0.0056  -0.0078    97   126    78   118    5.8    6.4    4.6    7.3    67    73    44    81
    2508 00100011   0.0304   0.2201  -0.0268  -0.0068    56    89    47    69    1.0    3.4    0.2    2.6    19    38    10    33
    2509 00100011  -0.0387   0.2701  -0.0212  -0.0191    56    90    57    76    1.0    3.5    1.9    3.5    18    46    25    44
    2510 00100011   0.0049   0.2691  -0.0330  -0.0295    86   121    73   101    4.7    6.1    4.0    5.9    62    71    45    74
    2511 00100011  -0.0325   0.2481  -0.0253  -0.0335    67    99    63    72    2.5    4.3    2.7    3.0    37    59    46    38
    2512 00100011  -0.0532   0.2314  -0.0055  -0.0047    81   127    81   128    4.2    6.5    4.9    8.0    48    72    46    69
    2513 00100011  -0.0099   0.2772  -0.0164  -0.0151    83   117    66    97    4.4    5.8    3.1    5.6    53    64    42    77
    2514 00100011  -0.0426   0.3211  -0.0215  -0.0292    82   118    83   120    4.3    5.9    5.1    7.4    48    72    56    70
    2515 00100011  -0.0337   0.3498   0.0220   0.0178    72   102    60    91    3.2    4.6    2.3    5.0    53    60    30    56
    2516 00100011  -0.0612   0.3576   0.0336   0.0026    52    75    51    64    0.3    1.9    0.9    2.0    11    34    12    28
    2517 00100011  -0.0614   0.3823  -0.0046  -0.0117    82   109    73   111    4.3    5.2    4.0    6.8    48    57    41    71
    2518 00100011  -0.0806   0.3587   0.0171  -0.0089    65    98    59    81    2.3    4.3    2.2    4.0    21    50    30    37
    2519 00100011  -0.0767   0.3652  -0.0013  -0.0098    94   116    64   109    5.5    5.7    2.9    6.6    55    68    29    68
    2520 00100011  -0.1019   0.3519  -0.0188  -0.0339    75   116    64    97    3.5    5.7    2.9    5.6    45    69    28    62
    2521 00100011  -0.0586   0.3493  -0.0036  -0.0111    83   112    81    96    4.4    5.4    4.9    5.5    53    58    57    65
    2522 00100011  -0.0869   0.3389   0.0207   0.0018    62    82    50    72    1.9    2.7    0.7    3.0    36    47    13    51
    2523 00100011  -0.0619   0.3262   0.0071   0.0027    85   132    77   113    4.6    6.8    4.5    6.9    57    75    47    75
    2524 00100011  -0.0481   0.3518  -0.0207  -0.0182    76   110    84   103    3.6    5.3    5.2    6.1    46    60    55    74
    2525 00100011  -0.0428   0.3296  -0.0138  -0.0203    90   115    95   121    5.1    5.7    6.3    7.5    62    68    66    82
    2526 00100011  -0.0639   0.3468  -0.0093  -0.0209    86   112    76   107    4.7    5.4    4.4    6.4    55    68    54    71
    2527 00100011  -0.0628   0.3583  -0.0027  -0.0102   101   129    80   125    6.1    6.6    4.8    7.8    66    75    52    76
    2528 00100011  -0.0811   0.3525  -0.0012  -0.0131    90   112    74   102    5.1    5.4    4.1    6.0    54    62    41    66
    2529 00100011  -0.0853   0.3477   0.0049  -0.0102    83   118    59   103    4.4    5.9    2.2    6.1    51    69    27    63
    2530 00100011  -0.0732   0.3378  -0.0028  -0.0037    99   136    74   123    5.9    7.1    4.1    7.6    64    74    54    74
    2531 00100011  -0.0535   0.3177  -0.0100  -0.0130   104   134    83   115    6.4    7.0    5.1    7.1    65    76    59    74
    2532 00100011  -0.0832   0.3547  -0.0324  -0.0407    69   102    83    97    2.8    4.6    5.1    5.6    33    56    57    63
    2533 00100011  -0.0572   0.3282  -0.0350  -0.0461   115   150    96   134    7.2    8.0    6.4    8.4    72    84    64    84
    2534 00100011  -0.0792   0.3361  -0.0448  -0.0515    88   100    81    91    4.9    4.4    4.9    5.0    59    62    52    72
    2535 00100011  -0.0691   0.3029  -0.0333  -0.0375    74   113    64    89    3.4    5.5    2.9    4.8    50    67    35    62
    2536 00100011  -0.0314   0.3286  -0.0356  -0.0348    84   120    77   105    4.5    6.0    4.5    6.3    59    70    45    74
    2537 00100011  -0.0089   0.3030  -0.0053  -0.0109    74   110    62    92    3.4    5.3    2.6    5.1    40    64    25    64
    2538 00100011  -0.0706   0.2867  -0.0180  -0.0371    74   115    72   101    3.4    5.7    3.9    5.9    43    65    40    62
    2539 00100011   0.0158   0.2720   0.0169   0.0117    79   123    68   109    4.0    6.2    3.4    6.6    57    64    41    67
    2540 00100011  -0.0201   0.2570   0.0233   0.0210    63    99    55    77    2.0    4.3    1.6    3.6    32    54    19    51
    2541 00100011  -0.0362   0.2518   0.0211   0.0313    66    95    60    82    2.4    4.0    2.3    4.1    29    45    25    56
    2542 00100011  -0.0739   0.2699   0.0098   0.0103    65   103    68    88    2.3    4.7    3.4    4.7    28    50    35    59
    2543 00100011  -0.0845   0.2770   0.0222   0.0185    79    85    96   105    4.0    3.0    6.4    6.3    51    37    69    73
    2544 00100011  -0.1013   0.2746   0.0325   0.0276    79   101    84   101    4.0    4.5    5.2    5.9    53    56    59    70
    2545 00100011  -0.1067   0.2596   0.0399   0.0302    80   121    69   116    4.1    6.1    3.5    7.1    50    75    42    77
    2546 00100011  -0.0763   0.2510   0.0218   0.0245    76   112    64    97    3.6    5.4    2.9    5.6    52    69    29    70
    2547 00100011  -0.0262   0.2697   0.0301   0.0378    88   109    62   106    4.9    5.2    2.6    6.4    63    60    27    74
    2548 00100011  -0.0543   0.2150   0.0585   0.0557    76    97    68   103    3.6    4.2    3.4    6.1    50    51    42    62
    2549 00100011  -0.0666   0.2556   0.0351   0.0334    93   133    80   130    5.4    6.9    4.8    8.1    59    74    52    75
    2550 00100011  -0.0602   0.2594   0.0103   0.0066    89   129    76   107    5.0    6.6    4.4    6.4    59    72    43    65
    2551 00100011  -0.0328   0.2653  -0.0030  -0.0064    91   129    71   102    5.2    6.6    3.8    6.0    69    77    53    69
    2552 00100011   0.5077   0.3055  -0.1622  -0.0220    71   108    50    89    3.0    5.1    0.7    4.8    41    67    10    63
    2553 00100011  -0.0192   0.2681  -0.0104  -0.0229    57    86    62    80    1.1    3.1    2.6    3.9    26    51    30    47
    2554 00100011  -0.0036   0.2584  -0.0223  -0.0216    74   104    60    96    3.4    4.8    2.3    5.5    43    54    36    69
    2555 00100011   0.0207   0.2644  -0.0308  -0.0292    70   100    56    77    2.9    4.4    1.7    3.6    34    49    21    44
    2556 00100011  -0.0238   0.2863  -0.0367  -0.0264    62    90    58    75    1.9    3.5    2.0    3.3    27    45    20    50
    2557 00100011   0.0392   0.2598  -0.0267  -0.0243    76    94    50    78    3.6    3.9    0.7    3.7    51    51    14    51
    2558 00100011  -0.0121   0.2509  -0.0290  -0.0324    74    94    77    87    3.4    3.9    4.5    4.6    52    58    58    62
    2559 00100011  -0.0040   0.2524  -0.0295  -0.0310    99   138    76   121    5.9    7.2    4.4    7.5    63    81    47    79
    2560 00100011  -0.0060   0.2301  -0.0105  -0.0153    74   106    75    89    3.4    4.9    4.2    4.8    55    60    55    65
    2561 00100011   0.0159   0.2377  -0.0082  -0.0082    63    84    54    69    2.0    2.9    1.4    2.6    38    46    25    41
    2562 00100011   0.0155   0.2530  -0.0038  -0.0084    85   111    83    95    4.6    5.3    5.1    5.4    55    60    49    70
    2563 00100011  -0.0158   0.2227  -0.0099  -0.0010    57    80    65    74    1.1    2.5    3.0    3.2    15    24    34    44
    2564 00100011  -0.0029   0.2648   0.0032  -0.0051    57    87    53    85    1.1    3.2    1.2    4.4    20    47    15    51
    2565 00100011   0.0083   0.2383  -0.0074  -0.0093    86   121    69   112    4.7    6.1    3.5    6.8    59    72    37    76
    2566 00100011   0.0299   0.2374   0.0072  -0.0028    86   141    72   105    4.7    7.4    3.9    6.3    48    80    37    68
    2567 00100011   0.0068   0.2401   0.0168   0.0107    91   129    73   100    5.2    6.6    4.0    5.8    60    74    45    66
    2568 00100011   0.0098   0.2297   0.0153   0.0141    95   113    83   131    5.6    5.5    5.1    8.2    72    76    58    84
    2569 00100011  -0.0063   0.2299   0.0125   0.0076    73   109    63    89    3.3    5.2    2.7    4.8    44    64    32    60
    2570 00100011   0.0076   0.2342   0.0309   0.0168    61   102    64    76    1.7    4.6    2.9    3.5    22    60    40    46
    2571 00100011  -0.0239   0.2516   0.0202   0.0230    77   124    69   114    3.8    6.3    3.5    7.0    55    67    48    80
    2572 00100011  -0.0553   0.2479   0.0065   0.0033    64   101    56    85    2.1    4.5    1.7    4.4    32    54    27    57
    2573 00100011  -0.1012   0.2664   0.0157  -0.0064    79   118    73    90    4.0    5.9    4.0    4.9    36    68    41    46
    2574 00100011  -0.0104   0.2281   0.0047   0.0150    71   110    69    99    3.0    5.3    3.5    5.8    39    64    40    69
    2575 00100011  -0.0162   0.2493  -0.0079  -0.0102    82   129    67   116    4.3    6.6    3.3    7.1    57    79    29    74
    2576 00100011  -0.0329   0.2307   0.0146   0.0093    69    97    73    83    2.8    4.2    4.0    4.2    36    52    40    40
    2577 00100011  -0.0378   0.2260   0.0243   0.0112    62    88    72    72    1.9    3.3    3.9    3.0    27    42    52    35
    2578 00100011  -0.0714   0.2292   0.0152   0.0080    53    79    48    61    0.5    2.4    0.4    1.6    17    40    18    10
    2579 00100011   0.0026   0.2436  -0.0059   0.0002    61    98    50    73    1.7    4.3    0.7    3.1    29    56    15    48
    2580 00100011  -0.0097   0.2480   0.0226   0.0153    77   115    66    97    3.8    5.7    3.1    5.6    54    75    33    66
    2581 00100011   0.0408   0.2501   0.0130  -0.0044    49    68    49    63   -0.2    1.1    0.5    1.8     3    26     9    24
    2582 00100011  -0.0447   0.2653  -0.0319  -0.0409    64    99    64    79    2.1    4.3    2.9    3.8    34    56    46    39
    2583 00100011  -0.0210   0.2991  -0.0282  -0.0352    87   110    89   103    4.8    5.3    5.7    6.1    50    64    59    73
    2584 00100011  -0.0658   0.3069  -0.0544  -0.0457    62    88    66    78    1.9    3.3    3.1    3.7    26    38    33    54
    2585 00100011  -0.0200   0.3222  -0.0212  -0.0232    83   115    59    95    4.4    5.7    2.2    5.4    57    74    20    64
    2586 00100011  -0.0163   0.2827  -0.0245  -0.0290    66    98    74    81    2.4    4.3    4.1    4.0    50    53    56    53
    2587 00100011  -0.0101   0.2939  -0.0015  -0.0111    77   122    63   110    3.8    6.2    2.7    6.7    55    71    36    70
    2588 00100011  -0.1378   0.3065   0.0276  -0.0152    76   116    52    87    3.6    5.7    1.1    4.6    30    67     4    53
    2589 00100011  -0.0133   0.2987   0.0297   0.0205    85   128    96   134    4.6    6.6    6.4    8.4    63    85    72    85
    2590 00100011  -0.0039   0.2738  -0.0241  -0.0010    55   100    51    77    0.8    4.4    0.9    3.6    16    46    12    44
    2591 00100011  -0.0155   0.2430  -0.0113  -0.0170    62    91    50    78    1.9    3.6    0.7    3.7    42    54    16    53
    2592 00100011   0.0226   0.2642  -0.0214  -0.0088    93   119    56    94    5.4    5.9    1.7    5.3    70    74    26    77
    2593 00100011   0.0002   0.2724   0.0226   0.0155    71   110    59    90    3.0    5.3    2.2    4.9    39    64    15    64
    2594 00100011  -0.0012   0.2478   0.0190   0.0154    95   112    85   123    5.6    5.4    5.3    7.6    70    65    65    80
    2595 00100011  -0.0323   0.2563   0.0133   0.0063    60   102    75    80    1.6    4.6    4.2    3.9    23    59    51    54
    2596 00100011   0.0248   0.2793   0.0068   0.0152    73    88    61    88    3.3    3.3    2.5    4.7    38    55    15    54
    2597 00100011  -0.0252   0.2731   0.0211   0.0094    56    81    59    68    1.0    2.6    2.2    2.5     5    28    21    24
    2598 00100011  -0.0265   0.2716   0.0026   0.0052    85   131    77   114    4.6    6.8    4.5    7.0    52    72    61    77
    2599 00100011  -0.0595   0.2680   0.0421   0.0392    81   106    72    94    4.2    4.9    3.9    5.3    52    66    52    63
    2600 00100011  -0.0793   0.2930   0.0348   0.0291    52    77    62    72    0.3    2.2    2.6    3.0    13    32    36    47
    2601 00100011  -0.0449   0.3069  -0.0119  -0.0062    80   114    64    99    4.1    5.6    2.9    5.8    49    63    21    67
    2602 00100011  -0.0664   0.2916  -0.0109  -0.0267    58    85    53    74    1.3    3.0    1.2    3.2    21    45    18    31
    2603 00100011  -0.0721   0.2708  -0.0461  -0.0476    79   111    79    85    4.0    5.3    4.7    4.4    56    65    56    53
    2604 00100011  -0.0534   0.2918  -0.0224  -0.0277    88   118    99   112    4.9    5.9    6.7    6.8    61    66    70    78
    2605 00100011  -0.0287   0.2685  -0.0107  -0.0160    81   104    61    87    4.2    4.8    2.5    4.6    47    59    29    54
    2606 00100011  -0.0432   0.2995  -0.0015   0.0022    58    87    59    81    1.3    3.2    2.2    4.0    28    47    24    51
    2607 00100011  -0.0214   0.2722   0.0177   0.0023    67    92    60    91    2.5    3.7    2.3    5.0    37    47    33    61
    2608 00100011  -0.0249   0.2946   0.0100   0.0077    87   130    77   108    4.8    6.7    4.5    6.5    58    72    48    75
    2609 00100011  -0.0137   0.2926  -0.0188  -0.0254    66   113    75    94    2.4    5.5    4.2    5.3    35    68    57    65
    2610 00100011  -0.0109   0.2809  -0.0163  -0.0172    82   129    85   114    4.3    6.6    5.3    7.0    54    72    65    76
    2611 00100011   0.0068   0.2912  -0.0247  -0.0281    97   129    85   127    5.8    6.6    5.3    7.9    67    79    60    82
    2612 00100011   0.0352   0.2917  -0.0051  -0.0218    88   132    95   117    4.9    6.8    6.3    7.2    43    62    51    64
    2613 00100011  -0.0286   0.3061  -0.0101  -0.0147    90   131    87   108    5.1    6.8    5.5    6.5    56    66    61    68
    2614 00100011   0.0086   0.3266  -0.0163  -0.0206    73   108    87    94    3.3    5.1    5.5    5.3    43    58    63    61
    2615 00100011   0.0159   0.2954   0.0013   0.0023    69   101    77    91    2.8    4.5    4.5    5.0    43    53    57    64
    2616 00100011  -0.0106   0.2879   0.0163   0.0096   101   131    88   122    6.1    6.8    5.6    7.6    70    77    61    80
    2617 00100011  -0.0245   0.2820   0.0030   0.0030    74   111    70    80    3.4    5.3    3.6    3.9    48    66    47    50
    2618 00100011  -0.0320   0.2827  -0.0248  -0.0166    53    83    64    70    0.5    2.8    2.9    2.8    22    42    45    42
    2619 00100011  -0.0088   0.3154  -0.0216  -0.0256    78   127    61    95    3.9    6.5    2.5    5.4    51    75    16    66
    2620 00100011  -0.0140   0.3100  -0.0163  -0.0203    93   124    91   123    5.4    6.3    5.9    7.6    62    75    60    81
    2621 00100011  -0.0267   0.3203  -0.0266  -0.0348    75   109    61    89    3.5    5.2    2.5    4.8    52    72    27    60
    2622 00100011   0.0049   0.2887  -0.0395  -0.0369    64    89    53    83    2.1    3.4    1.2    4.2    34    48    13    56
    2623 00100011  -0.0247   0.2593  -0.0316  -0.0394    90   123    64   105    5.1    6.2    2.9    6.3    58    74    35    68
    2624 00100011   0.0067   0.2516  -0.0309  -0.0309   118   158    65   140    7.5    8.4    3.0    8.8    73    85    30    87
    2625 00100011  -0.0223   0.2844  -0.0175  -0.0186   100   123    68   114    6.0    6.2    3.4    7.0    67    77    37    72
    2626 00100011  -0.0470   0.2872  -0.0114  -0.0109    65   102    69    89    2.3    4.6    3.5    4.8    37    60    51    60
    2627 00100011  -0.0384   0.2954   0.0057  -0.0203    57    85    57    75    1.1    3.0    1.9    3.3    17    40    25    36
    2628 00100011  -0.0479   0.2815  -0.0146  -0.0161    77    96    68    88    3.8    4.1    3.4    4.7    48    52    45    58
    2629 00100011  -0.0284   0.2783  -0.0085  -0.0193    64    85    58    73    2.1    3.0    2.0    3.1    31    41    33    38
    2630 00100011  -0.0200   0.2674  -0.0087  -0.0052    80   114    71   113    4.1    5.6    3.8    6.9    44    61    32    76
    2631 00100011   0.0010   0.2663   0.0049   0.0012    80   105    61   101    4.1    4.9    2.5    5.9    51    68    31    69
    2632 00100011  -0.0351   0.3030   0.0188   0.0003    57    81    57    77    1.1    2.6    1.9    3.6    14    41    17    44
    2633 00100011  -0.0367   0.2805   0.0242   0.0174    87   115    73   109    4.8    5.7    4.0    6.6    65    73    56    74
    2634 00100011  -0.0440   0.2775   0.0011   0.0066    67   114    60    98    2.5    5.6    2.3    5.7    30    65    21    71
    2635 00100011  -0.0452   0.2728   0.0097   0.0023    73   114    73   104    3.3    5.6    4.0    6.2    46    69    54    68
    2636 00100011  -0.0907   0.2703  -0.0010  -0.0071    63   113    54    96    2.0    5.5    1.4    5.5    24    68    18    65
    2637 00100011  -0.0389   0.2830   0.0066   0.0028    66    98    84    90    2.4    4.3    5.2    4.9    32    51    58    56
    2638 00100011  -0.0583   0.2992   0.0051   0.0021    71    94    69    88    3.0    3.9    3.5    4.7    34    45    32    63
    2639 00100011  -0.0132   0.2800   0.0077   0.0108    68   101    51    77    2.7    4.5    0.9    3.6    41    55    11    42
    2640 00100011  -0.0453   0.2790  -0.0005  -0.0069    72    99    60    92    3.2    4.3    2.3    5.1    46    63    24    67
    2641 00100011  -0.0466   0.2875   0.0194   0.0105    68    91    52    79    2.7    3.6    1.1    3.8    31    46    10    50
    2642 00100011  -0.0307   0.2821   0.0162   0.0118   103   132    76   122    6.3    6.8    4.4    7.6    69    76    50    80
    2643 00100011  -0.0551   0.2705   0.0096  -0.0022    96   133    79   118    5.7    6.9    4.7    7.3    62    78    51    75
    2644 00100011  -0.0470   0.2503   0.0309   0.0170    62    97    52    89    1.9    4.2    1.1    4.8    22    51    12    57
    2645 00100011  -0.0348   0.2328   0.0158   0.0100    69    93    54    89    2.8    3.8    1.4    4.8    47    53    26    53
    2646 00100011  -0.0091   0.2550   0.0151   0.0094    66   108    61    75    2.4    5.1    2.5    3.3    28    66    32    53
    2647 00100011  -0.5473   0.2864  -0.1546  -0.0166    50    76    58    60    0.0    2.1    2.0    1.4     3    23    29    22
    2648 00100011  -0.0203   0.2720   0.0066   0.0071    92   126    70   125    5.3    6.4    3.6    7.8    68    82    47    83
    2649 00100011  -0.0233   0.2631   0.0109   0.0000    94   124    91   106    5.5    6.3    5.9    6.4    60    78    62    62
    2650 00100011  -0.0132   0.2675  -0.0110  -0.0078    73   109    60    92    3.3    5.2    2.3    5.1    44    62    36    64
    2651 00100011   0.0033   0.2628   0.0032   0.0022   108   145    82   130    6.7    7.7    5.0    8.1    71    85    48    83
    2652 00100011  -0.0207   0.2762   0.0257   0.0128    53   102    49    76    0.5    4.6    0.5    3.5    10    60     8    40
    2653 00100011   0.0033   0.2837   0.0202   0.0191    85   107    65    90    4.6    5.0    3.0    4.9    58    65    26    61
    2654 00100011  -0.0149   0.2549   0.0130   0.0073    60   105    57    83    1.6    4.9    1.9    4.2    31    59    23    52
    2655 00100011  -0.0435   0.2556   0.0040  -0.0040    82   109    61   111    4.3    5.2    2.5    6.8    51    66    20    76
    2656 00100011  -0.0285   0.2467   0.0070  -0.0022    93   113    91   106    5.4    5.5    5.9    6.4    62    67    62    71
    2657 00100011  -0.0019   0.2429  -0.0039  -0.0020    93   125    63   113    5.4    6.4    2.7    6.9    56    78    36    73
    2658 00100011  -0.0176   0.2369   0.0091   0.0037    63   103    57    80    2.0    4.7    1.9    3.9    36    59    23    51
    2659 00100011  -0.0124   0.2467  -0.0010  -0.0062    70   113    70    84    2.9    5.5    3.6    4.3    39    65    42    53
    2660 00100011   0.0008   0.2516   0.0073   0.0046    87   113    86   101    4.8    5.5    5.4    5.9    55    58    63    68
    2661 00100011   0.0247   0.2787   0.0078   0.0075    74   122    90   100    3.4    6.2    5.8    5.8    43    70    64    72
    2662 00100011  -0.0113   0.2758   0.0066   0.0000    86   125    72   112    4.7    6.4    3.9    6.8    62    77    44    74
    2663 00100011  -0.0124   0.2683  -0.0164  -0.0111    81   121    70   104    4.2    6.1    3.6    6.2    50    65    35    76
    2664 00100011  -0.0228   0.2645  -0.0717  -0.0207    54    85    52    77    0.7    3.0    1.1    3.6     9    38    10    55
    2665 00100011  -0.0235   0.2674  -0.0235  -0.0226    66    94    73    85    2.4    3.9    4.0    4.4    34    57    50    59
    2666 00100011  -0.0102   0.2734  -0.0148  -0.0145    89   134    65   108    5.0    7.0    3.0    6.5    65    77    30    69
    2667 00100011  -0.0588   0.2597  -0.0270  -0.0225    58    95    58    84    1.3    4.0    2.0    4.3    19    45    20    61
    2668 00100011  -0.0325   0.2536  -0.0123  -0.0164    75   107    69   102    3.5    5.0    3.5    6.0    47    62    42    71
    2669 00100011  -0.0145   0.2602  -0.0286  -0.0234    64    84    62    84    2.1    2.9    2.6    4.3    35    28    30    58
    2670 00100011  -0.0496   0.2652  -0.0218  -0.0221    71   105    62    95    3.0    4.9    2.6    5.4    39    54    34    66
    2671 00100011  -0.0120   0.2850  -0.0176  -0.0185    79   102    72    91    4.0    4.6    3.9    5.0    51    57    43    66
    2672 00100011  -0.0217   0.2596  -0.0172  -0.0167    99   138    95   133    5.9    7.2    6.3    8.3    69    79    67    80
    2673 00100011  -0.0359   0.2497   0.0041  -0.0038    86    99    79   103    4.7    4.3    4.7    6.1    61    57    61    73
    2674 00100011   0.0008   0.2506  -0.0014   0.0028    66    90    57    79    2.4    3.5    1.9    3.8    49    41    34    56
    2675 00100011  -0.0025   0.2621   0.0137   0.0045    64   100    59    89    2.1    4.4    2.2    4.8    31    56    41    57
    2676 00100011  -0.0206   0.3016  -0.0002  -0.0009    77   113    57    97    3.8    5.5    1.9    5.6    57    68    22    67
    2677 00100011  -0.0365   0.2848  -0.0149  -0.0264    71   114    63    96    3.0    5.6    2.7    5.5    46    64    39    58
    2678 00100011  -0.0195   0.2886  -0.0115  -0.0166    93   126    75   115    5.4    6.4    4.2    7.1    63    76    47    74
    2679 00100011  -0.0297   0.3000  -0.0095  -0.0079    67   106    57    82    2.5    4.9    1.9    4.1    25    64    19    57
    2680 00100011  -0.0122   0.3000  -0.0028  -0.0065    83    98    69    93    4.4    4.3    3.5    5.2    56    52    47    66
    2681 00100011  -0.0537   0.2687   0.0016  -0.0102    95   141    86   124    5.6    7.4    5.4    7.7    64    84    61    81
    2682 00100011  -0.0714   0.2665   0.0060  -0.0054    86   110    84   112    4.7    5.3    5.2    6.8    50    55    59    68
    2683 00100011  -0.0148   0.2678  -0.0407  -0.0307    74   101    50    84    3.4    4.5    0.7    4.3    39    50    11    60
    2684 00100011  -0.0720   0.2604  -0.0097  -0.0225    76   103    59    94    3.6    4.7    2.2    5.3    46    53    30    67
    2685 00100011  -0.0350   0.2786  -0.0046  -0.0107    92   128    76   107    5.3    6.6    4.4    6.4    62    73    57    66
    2686 00100011  -0.0374   0.2775  -0.0213  -0.0201    71   126    59   104    3.0    6.4    2.2    6.2    35    78    28    69
    2687 00100011  -0.0383   0.2555  -0.0184  -0.0172    69   107    58    94    2.8    5.0    2.0    5.3    47    61    23    68
    2688 00100011  -0.0358   0.2451  -0.0127  -0.0092    71   118    65   108    3.0    5.9    3.0    6.5    44    68    36    76
    2689 00100011   0.0049   0.2505   0.0337   0.0053    62    95    59    88    1.9    4.0    2.2    4.7    17    54    24    51
    2690 00100011  -0.0580   0.2510   0.0098   0.0108    68    98    59    69    2.7    4.3    2.2    2.6    33    48    16    40
    2691 00100011  -0.0460   0.2260   0.0189   0.0134    56    88    50    73    1.0    3.3    0.7    3.1    23    48    15    43
    2692 00100011  -0.0429   0.2315   0.0394   0.0305    88   131    68   119    4.9    6.8    3.4    7.4    66    77    44    81
    2693 00100011  -0.0400   0.2322   0.0361   0.0333    60   102    80    69    1.6    4.6    4.8    2.6    20    54    51    30
    2694 00100011  -0.0355   0.2437   0.0329   0.0327    98   135    80   123    5.8    7.0    4.8    7.6    65    75    53    76
    2695 00100011  -0.0818   0.2286   0.0439   0.0236    63    93    52    82    2.0    3.8    1.1    4.1    31    62    16    51
    2696 00100011   0.0047   0.2687  -0.0056  -0.0016    73    99    61   105    3.3    4.3    2.5    6.3    42    55    30    68
    2697 00100011  -0.0103   0.2639  -0.0175  -0.0225    82   112    67   101    4.3    5.4    3.3    5.9    58    73    40    72
    2698 00100011  -0.0367   0.2616  -0.0264  -0.0287    96   130    82   112    5.7    6.7    5.0    6.8    67    80    52    80
    2699 00100011  -0.0388   0.2497  -0.0200  -0.0258    68    98    60    83    2.7    4.3    2.3    4.2    38    53    39    56
    2700 00100011  -0.0816   0.2496  -0.0187  -0.0146    51    82    69    65    0.2    2.7    3.5    2.1     5    34    41    31
    2701 00100011  -0.0225   0.2415  -0.0081  -0.0141    76   115    64   110    3.6    5.7    2.9    6.7    47    73    33    74
    2702 00100011  -0.0024   0.2408  -0.0181  -0.0212    76    95    60    81    3.6    4.0    2.3    4.0    47    46    25    53
    2703 00100011  -0.0223   0.2482  -0.0131  -0.0171    73   101    66    93    3.3    4.5    3.1    5.2    48    51    39    59
    2704 00100011   0.0075   0.2578   0.0264   0.0204    70    94   101    89    2.9    3.9    6.8    4.8    43    50    73    53
    2705 00100011   0.0179   0.2419   0.0083   0.0049    94   122    85   106    5.5    6.2    5.3    6.4    65    71    59    70
    2706 00100011   0.0140   0.2031  -0.0072  -0.0093    70    84    58    94    2.9    2.9    2.0    5.3    46    38    35    64
    2707 00100011  -0.0003   0.2333  -0.0205  -0.0233   114   140   101   149    7.2    7.4    6.8    9.3    74    85    68    90
    2708 00100011  -0.0218   0.2261  -0.0120  -0.0200    74   117    56    86    3.4    5.8    1.7    4.5    59    74    29    54
    2709 00100011  -0.0276   0.2162   0.0109   0.0075    85   113    89   102    4.6    5.5    5.7    6.0    56    68    62    71
    2710 00100011  -0.0230   0.2115  -0.0046   0.0043    58    94    60    76    1.3    3.9    2.3    3.5    14    45    22    50
    2711 00100011  -0.0084   0.2353   0.0016   0.0013    82   115    61    99    4.3    5.7    2.5    5.8    56    71    27    66
    2712 00100011  -0.0056   0.2244   0.0014  -0.0021    71    96    58    82    3.0    4.1    2.0    4.1    42    47    25    55
    2713 00100011   0.0088   0.2159   0.0053   0.0040    57    96    52    81    1.1    4.1    1.1    4.0    14    48    13    49
    2714 00100011  -0.0021   0.2148  -0.0027  -0.0008    74   109    58    89    3.4    5.2    2.0    4.8    49    62    28    63
    2715 00100011   0.0252   0.2188   0.0031   0.0066    74   110    63   107    3.4    5.3    2.7    6.4    49    64    32    73
    2716 00100011   0.0010   0.2129   0.0155   0.0121    79   128    64   117    4.0    6.6    2.9    7.2    52    74    38    81
    2717 00100011  -0.0147   0.2323   0.0164   0.0041    80   106    79    97    4.1    4.9    4.7    5.6    42    65    49    62
    2718 00100011  -0.0329   0.2321   0.0134   0.0044    76   112    65   106    3.6    5.4    3.0    6.4    54    73    40    72
    2719 00100011  -0.0496   0.1950   0.0229   0.0120    60    82    53    76    1.6    2.7    1.2    3.5    35    37    23    44
    2720 00100011  -0.0658   0.3031   0.0195   0.0140   116   137    82   127    7.3    7.2    5.0    7.9    75    81    56    84
    2721 00100011  -0.0747   0.3014   0.0030  -0.0005    99   139    80   115    5.9    7.3    4.8    7.1    69    81    56    79
    2722 00100011  -0.0809   0.3008  -0.0090  -0.0114   100   131    69   123    6.0    6.8    3.5    7.6    67    71    33    80
    2723 00100011  -0.1596   0.3165   0.0322  -0.0028    61    91    52    81    1.7    3.6    1.1    4.0    13    51     8    48
    2724 00100011  -0.0547   0.2918  -0.0096  -0.0087    63    97    73    79    2.0    4.2    4.0    3.8    35    52    52    48
    2725 00100011  -0.0527   0.2951  -0.0126  -0.0096    95   140    74   107    5.6    7.4    4.1    6.4    55    77    41    70
    2726 00100011  -0.0317   0.2975  -0.0244  -0.0222    80   103    79    95    4.1    4.7    4.7    5.4    46    63    54    63
    2727 00100011  -0.0656   0.2542  -0.0037  -0.0116    76    93    69    89    3.6    3.8    3.5    4.8    48    42    39    58
    2728 00100011  -0.0661   0.2388   0.0204   0.0152    85   115    78    98    4.6    5.7    4.6    5.7    58    69    59    67
    2729 00100011  -0.0570   0.2384   0.0209   0.0142    75   121    67   120    3.5    6.1    3.3    7.4    37    68    35    73
    2730 00100011  -0.0557   0.2524   0.0248   0.0195    70    99    54    86    2.9    4.3    1.4    4.5    34    54    19    53
    2731 00100011  -0.0691   0.2145   0.0237   0.0198    87   120    77   109    4.8    6.0    4.5    6.6    54    68    47    69
    2732 00100011  -0.0464   0.2220   0.0136   0.0130    70   110    59    90    2.9    5.3    2.2    4.9    43    63    25    64
    2733 00100011  -0.0699   0.2511   0.0066  -0.0045    76   104    59    74    3.6    4.8    2.2    3.2    52    64    27    43
    2734 00100011  -0.0692   0.2195   0.0254   0.0195    70    88    60    78    2.9    3.3    2.3    3.7    44    46    32    52
    2735 00100011  -0.0758   0.2211   0.0274   0.0147    92   124    83   109    5.3    6.3    5.1    6.6    66    72    63    71
    2736 00100011  -0.0436   0.2626   0.0347   0.0335    78   113    63    82    3.9    5.5    2.7    4.1    53    62    38    57
    2737 00100011  -0.0810   0.2399   0.0370   0.0194    75    99    66    83    3.5    4.3    3.1    4.2    43    65    46    48
    2738 00100011  -0.0225   0.2590   0.0404   0.0365    70   111    64   104    2.9    5.3    2.9    6.2    39    65    25    75
    2739 00100011   0.0028   0.2684   0.0476   0.0412    77   115    76   108    3.8    5.7    4.4    6.5    52    73    54    66
    2740 00100011   0.0061   0.2684   0.0252   0.0195    82   133    87   121    4.3    6.9    5.5    7.5    55    78    61    78
    2741 00100011   0.0110   0.2660   0.0308   0.0267    70   103    58    81    2.9    4.7    2.0    4.0    48    63    31    57
    2742 00100011  -0.0138   0.2563   0.0146   0.0084    82   103    78   106    4.3    4.7    4.6    6.4    47    50    49    67
    2743 00100011   0.0338   0.2537  -0.0410  -0.0362    80   131    79   112    4.1    6.8    4.7    6.8    48    69    54    74
    2744 00100011   0.0545   0.2439  -0.0318  -0.0369    83   125    89   109    4.4    6.4    5.7    6.6    53    69    64    71
    2745 00100011   0.0639   0.2582  -0.0442  -0.0355    72    97    51    84    3.2    4.2    0.9    4.3    43    54    17    58
    2746 00100011   0.0118   0.2779  -0.0248  -0.0248    60    90    75    92    1.6    3.5    4.2    5.1    19    39    56    65
    2747 00100011   0.0202   0.2814  -0.0257  -0.0286   101   129    81   115    6.1    6.6    4.9    7.1    71    76    53    80
    2748 00100011   0.0140   0.2946  -0.0367  -0.0447    64   101    65    88    2.1    4.5    3.0    4.7    26    60    33    59
    2749 00100011   0.0148   0.2616  -0.0286  -0.0254    95   135    69   127    5.6    7.0    3.5    7.9    53    68    34    70
    2750 00100011   0.0312   0.3003   0.0101   0.0020    87   119    58   106    4.8    5.9    2.0    6.4    57    69    20    71
    2751 00100011   0.0785   0.3183  -0.0256  -0.0076    61    86    53    76    1.7    3.1    1.2    3.5    20    37    13    48
    2752 00100011   0.0285   0.2878   0.0065   0.0039    92   104    69    89    5.3    4.8    3.5    4.8    66    58    51    62
    2753 00100011   0.0067   0.3176   0.0247   0.0122    94   129    75   111    5.5    6.6    4.2    6.8    67    78    46    73
    2754 00100011   0.0585   0.3371   0.0114   0.0128    82   112    60    87    4.3    5.4    2.3    4.6    41    55    23    57
    2755 00100011  -0.0085   0.3458   0.0180   0.0080    75   109    91    88    3.5    5.2    5.9    4.7    48    66    64    61
    2756 00100011   0.0182   0.3253  -0.0068  -0.0054    72   116    70    98    3.2    5.7    3.6    5.7    38    60    48    61
    2757 00100011   0.0496   0.2943  -0.0006  -0.0076    64    92    70    85    2.1    3.7    3.6    4.4    37    43    46    57
    2758 00100011   0.0377   0.3055  -0.0011  -0.0043   112   140    92   143    7.0    7.4    6.0    9.0    72    79    64    85
    2759 00100011   0.0252   0.3196   0.0113   0.0034    67    93    72    79    2.5    3.8    3.9    3.8    47    53    51    51
    2760 00100011   0.0548   0.2919   0.0228   0.0084    75    98    74   100    3.5    4.3    4.1    5.8    54    63    48    68
    2761 00100011   0.0565   0.2938   0.0174   0.0134    96   132    94   120    5.7    6.8    6.2    7.4    64    80    66    77
    2762 00100011   0.0364   0.2868   0.0165   0.0092    92   124    77    99    5.3    6.3    4.5    5.8    65    70    53    65
    2763 00100011   0.0238   0.2951   0.0392   0.0387    88   107    82   104    4.9    5.0    5.0    6.2    61    66    60    75
    2764 00100011   0.0039   0.3114   0.0434   0.0353    90   134    87   113    5.1    7.0    5.5    6.9    57    81    57    80
    2765 00100011  -0.0091   0.3362   0.0290   0.0204    68    97    57    80    2.7    4.2    1.9    3.9    39    59    26    43
    2766 00100011   0.0051   0.3221   0.0189   0.0167    73   120    62    93    3.3    6.0    2.6    5.2    43    70    27    66
    2767 00100011   0.0397   0.3193  -0.0100  -0.0108    88   134    73   125    4.9    7.0    4.0    7.8    59    78    52    77
    2768 00100011   0.0342   0.2991   0.0034  -0.0076    58    97    57    75    1.3    4.2    1.9    3.3    36    56    24    46
    2769 00100011   0.0370   0.2888   0.0163   0.0145    77   121    75   105    3.8    6.1    4.2    6.3    46    69    47    74
    2770 00100011   0.0015   0.2947   0.0213   0.0174    73   114    82   106    3.3    5.6    5.0    6.4    30    65    52    70
    2771 00100011   0.0291   0.2743   0.0334   0.0282    86   113    84    92    4.7    5.5    5.2    5.1    58    59    64    59
    2772 00100011   0.0129   0.3146   0.0303   0.0282    70    88    58    77    2.9    3.3    2.0    3.6    43    47    24    41
    2773 00100011  -0.0031   0.3212   0.0235   0.0203    75   110    59    92    3.5    5.3    2.2    5.1    56    59    35    64
    2774 00100011  -0.0124   0.2955   0.0092   0.0079    66    98    57    83    2.4    4.3    1.9    4.2    32    49    26    51
    2775 00100011  -0.0143   0.3144   0.0343   0.0359    74   115    68    98    3.4    5.7    3.4    5.7    49    69    45    68
    2776 00100011  -0.0304   0.2889   0.0414   0.0419    66    87    72    77    2.4    3.2    3.9    3.6    38    34    51    54
    2777 00100011  -0.0550   0.2606   0.0474   0.0382    68    91    53    65    2.7    3.6    1.2    2.1    33    48    16    24
    2778 00100011  -0.0215   0.2667   0.0410   0.0405    82   111    68    89    4.3    5.3    3.4    4.8    53    58    47    68
    2779 00100011  -0.0643   0.3143   0.0469   0.0403    73   114    81    85    3.3    5.6    4.9    4.4    41    70    53    63
    2780 00100011   0.3330   0.3650  -0.0547   0.0242    53    81    46    68    0.5    2.6    0.0    2.5     4    36    10    23
    2781 00100011  -0.0612   0.3485  -0.0049  -0.0028    59    87    64    67    1.4    3.2    2.9    2.4    15    41    39    35
    2782 00100011  -0.0673   0.2887  -0.0095  -0.0114    67   109    77   103    2.5    5.2    4.5    6.1    29    71    49    69
    2783 00100011  -0.0725   0.2745  -0.0153  -0.0219    63    95    65    79    2.0    4.0    3.0    3.8    33    51    33    42
    2784 00100011  -0.0600   0.3107  -0.0291  -0.0268    64    82    68    79    2.1    2.7    3.4    3.8    27    35    40    65
    2785 00100011   0.0092   0.3138  -0.0291  -0.0269    85   123    69   101    4.6    6.2    3.5    5.9    46    73    39    65
    2786 00100011  -0.0446   0.2932  -0.0149  -0.0303    61    87    54    74    1.7    3.2    1.4    3.2    29    36    27    37
    2787 00100011  -0.0042   0.2970   0.0022  -0.0045    93   114    76   105    5.4    5.6    4.4    6.3    60    66    49    65
    2788 00100011  -0.0346   0.2848   0.0164   0.0101    83   123    89   111    4.4    6.2    5.7    6.8    54    74    59    80
    2789 00100011  -0.0318   0.3051   0.0088   0.0043   101   135    64   115    6.1    7.0    2.9    7.1    57    75    29    64
    2790 00100011  -0.0289   0.2977  -0.0020  -0.0040    94   118    85   116    5.5    5.9    5.3    7.1    64    66    63    75
    2791 00100011  -0.0291   0.2655  -0.0068  -0.0103    66    94    61    86    2.4    3.9    2.5    4.5    45    50    40    58
    2792 00100011  -0.0334   0.2781   0.0077   0.0027    75   112    69   110    3.5    5.4    3.5    6.7    41    68    39    77
    2793 00100011  -0.0133   0.3539  -0.0040   0.0034    56    90    58    80    1.0    3.5    2.0    3.9    19    41    29    42
    2794 00100011  -0.0124   0.2697  -0.0125  -0.0106    80   127    82   101    4.1    6.5    5.0    5.9    44    75    50    66
    2795 00100011  -0.0060   0.2424   0.0002  -0.0125    57    89    58    74    1.1    3.4    2.0    3.2    10    46    23    37
    2796 00100011  -0.0391   0.2511  -0.0455  -0.0357    71   101    53    78    3.0    4.5    1.2    3.7    51    58    21    50
    2797 00100011  -0.0753   0.2312  -0.0691  -0.0733    69   110    62    88    2.8    5.3    2.6    4.7    41    60    27    62
    2798 00100011  -0.0981   0.2282  -0.0519  -0.0636    77   113    76    81    3.8    5.5    4.4    4.0    40    64    52    44
    2799 00100011  -0.0494   0.2230  -0.0374  -0.0510    57    83    61    77    1.1    2.8    2.5    3.6     9    45    43    43
    2800 00100011  -0.0320   0.2061  -0.0555  -0.0449    51    71    52    57    0.2    1.5    1.1    1.0    14    19    19    26
    2801 00100011  -0.0484   0.1613  -0.0145  -0.0273    59    75    76    71    1.4    1.9    4.4    2.9    31    17    57    49
    2802 00100011   0.0147   0.2167   0.0460   0.0360    60    92    62    74    1.6    3.7    2.6    3.2    28    33    37    43
    2803 00100011  -0.0206   0.2661   0.0465   0.0295    67    99    54    87    2.5    4.3    1.4    4.6    30    58    10    55
    2804 00100011   0.0316   0.2391   0.0112   0.0078   108   138    92   126    6.7    7.2    6.0    7.9    65    74    58    74
    2805 00100011   0.0001   0.2697   0.0242   0.0223    65    84    69    79    2.3    2.9    3.5    3.8    30    54    38    48
    2806 00100011  -0.0048   0.2327   0.0390   0.0176    67    87    67    81    2.5    3.2    3.3    4.0    31    49    36    40
    2807 00100011  -0.0510   0.2495   0.0618   0.0395    63    87    69    78    2.0    3.2    3.5    3.7    25    51    46    47
    2808 00100011  -0.0210   0.2283   0.0381   0.0326    62   102    52    88    1.9    4.6    1.1    4.7    37    60    27    56
    2809 00100011  -0.0099   0.2422   0.0365   0.0386    82   123    60   101    4.3    6.2    2.3    5.9    52    75    28    74
    2810 00100011  -0.0851   0.2464   0.0160   0.0042    78    97    55    86    3.9    4.2    1.6    4.5    48    61    31    53
    2811 00100011  -0.0306   0.2266   0.0090  -0.0007    71    94    64    81    3.0    3.9    2.9    4.0    54    44    42    58
    2812 00100011  -0.0159   0.2663   0.0006  -0.0021    88   128    75   123    4.9    6.6    4.2    7.6    57    73    47    81
    2813 00100011   0.0077   0.2458   0.0071   0.0027    70   103    91   104    2.9    4.7    5.9    6.2    40    61    69    69
    2814 00100011  -0.0551   0.2423   0.0162   0.0075    53    85    57    73    0.5    3.0    1.9    3.1     8    32    20    31
    2815 00100011  -0.0083   0.2262   0.0257   0.0229    76   111    61    97    3.6    5.3    2.5    5.6    49    69    32    66
    2816 00100011  -0.0571   0.2134   0.0015   0.0102    52    81    55    68    0.3    2.6    1.6    2.5    15    32    34    40
    2817 00100011  -0.0360   0.2324   0.0312   0.0286    59    89    66    91    1.4    3.4    3.1    5.0    32    46    49    62
    2818 00100011  -0.0106   0.2521   0.0183   0.0045    81   130    75   117    4.2    6.7    4.2    7.2    44    69    43    61
    2819 00100011  -0.0117   0.2474  -0.0192  -0.0213    81   116    76   106    4.2    5.7    4.4    6.4    56    59    49    73
    2820 00100011  -0.0038   0.2771  -0.0286  -0.0325    89   121    85   120    5.0    6.1    5.3    7.4    56    67    63    75
    2821 00100011  -0.0445   0.2618  -0.0247  -0.0287    69    90    68    88    2.8    3.5    3.4    4.7    36    36    38    55
    2822 00100011  -0.0626   0.2606  -0.0159  -0.0186    73   117    75    90    3.3    5.8    4.2    4.9    51    60    55    58
    2823 00100011  -0.0278   0.2679  -0.0064  -0.0141    69    82    62    75    2.8    2.7    2.6    3.3    41    38    36    48
    2824 00100011  -0.0170   0.2702   0.0152  -0.0026    75   128    55   102    3.5    6.6    1.6    6.0    49    78    20    67
    2825 00100011  -0.0480   0.2532   0.0374   0.0270    59    99    50    72    1.4    4.3    0.7    3.0    13    55     2    41
    2826 00100011  -0.0929   0.2425   0.0590   0.0264    55    82    49    65    0.8    2.7    0.5    2.1     9    38    10    24
    2827 00100011   0.0025   0.3093  -0.0352   0.0233    50    74    48    63    0.0    1.8    0.4    1.8     7    24     7    27
    2828 00100011  -0.0097   0.2729   0.0112   0.0030    88   128    71   120    4.9    6.6    3.8    7.4    60    77    39    81
    2829 00100011  -0.0123   0.2831   0.0111   0.0079    60    85    58    74    1.6    3.0    2.0    3.2    25    38    27    42
    2830 00100011  -0.0244   0.2862   0.0025   0.0118    54    85    56    75    0.7    3.0    1.7    3.3    12    43    23    51
    2831 00100011   0.0443   0.2789   0.0056   0.0081    79   108    68    93    4.0    5.1    3.4    5.2    58    62    47    70
    2832 00100011   0.0512   0.3064   0.0110   0.0052    81   121    78   107    4.2    6.1    4.6    6.4    53    74    51    73
    2833 00100011   0.0336   0.2964   0.0134   0.0004    90   124    94   111    5.1    6.3    6.2    6.8    55    66    65    66
    2834 00100011   0.0446   0.2720   0.0551   0.0331    69    95    61    82    2.8    4.0    2.5    4.1    38    55    26    48
    2835 00100011   0.0394   0.2638   0.0059   0.0014    92   123    68   127    5.3    6.2    3.4    7.9    62    74    41    84
    2836 00100011   0.0445   0.2805  -0.0023  -0.0037    90   128    72   110    5.1    6.6    3.9    6.7    64    78    44    78
    2837 00100011  -0.0098   0.2897  -0.0005  -0.0008    89   130    70   107    5.0    6.7    3.6    6.4    60    76    43    75
    2838 00100011  -0.0188   0.3045   0.0098  -0.0117    55    82    53    73    0.8    2.7    1.2    3.1     9    36     8    40
    2839 00100011  -0.0154   0.2811  -0.0085  -0.0099   110   138   102   132    6.8    7.2    6.9    8.3    73    79    65    86
    2840 00100011  -0.0423   0.2924   0.0170   0.0095    66   100    67    85    2.4    4.4    3.3    4.4    32    55    41    48
    2841 00100011   0.0162   0.2901   0.0079   0.0057    93   135    74   119    5.4    7.0    4.1    7.4    62    77    45    76
    2842 00100011   0.0163   0.3123   0.0016   0.0004   106   132    82   131    6.5    6.8    5.0    8.2    69    77    53    85
    2843 00100011   0.0044   0.3065  -0.0038  -0.0111    63    82    59    75    2.0    2.7    2.2    3.3    33    44    30    36
    2844 00100011  -0.0010   0.2961   0.0016  -0.0086    70    92    69    91    2.9    3.7    3.5    5.0    44    50    42    60
    2845 00100011   0.0006   0.2957  -0.0113  -0.0190    84   118    73   107    4.5    5.9    4.0    6.4    54    71    46    70
    2846 00100011   0.0130   0.2809   0.0000  -0.0043    68   104    66    92    2.7    4.8    3.1    5.1    35    64    37    66
    2847 00100011   0.0010   0.2708  -0.0062  -0.0070    75   122    71   105    3.5    6.2    3.8    6.3    32    69    36    74
    2848 00100011   0.0207   0.2982  -0.0039  -0.0075    85   117    72   109    4.6    5.8    3.9    6.6    62    73    49    78
    2849 00100011  -0.0609   0.3185  -0.0093  -0.0307    63    80    50    69    2.0    2.5    0.7    2.6    34    39     6    34
    2850 00100011  -0.0033   0.2956  -0.0116  -0.0238    82   118    56    96    4.3    5.9    1.7    5.5    56    67    20    55
    2851 00100011   0.0098   0.2574  -0.0132  -0.0141    70   105    58    82    2.9    4.9    2.0    4.1    39    58    39    51
    2852 00100011  -0.0171   0.2875  -0.0040  -0.0061    65    95    69    85    2.3    4.0    3.5    4.4    31    52    45    56
    2853 00100011  -0.0366   0.2877   0.0102   0.0014    80   101    65   104    4.1    4.5    3.0    6.2    54    62    46    69
    2854 00100011  -0.0617   0.2802  -0.0167  -0.0113    53    75    52    70    0.5    1.9    1.1    2.8    13    27    15    36
    2855 00100011  -0.0481   0.2834  -0.0193  -0.0152    52    76    48    62    0.3    2.1    0.4    1.7    20    27    12    24
    2856 00100011  -0.0305   0.2924  -0.0138  -0.0178    77   107    61   103    3.8    5.0    2.5    6.1    55    65    27    76
    2857 00100011  -0.0706   0.2587  -0.0011  -0.0059    68    98    61    93    2.7    4.3    2.5    5.2    37    59    14    67
    2858 00100011  -0.0054   0.2677   0.0092   0.0081    78   100    86   105    3.9    4.4    5.4    6.3    46    53    55    75
    2859 00100011   0.0170   0.2873   0.0064   0.0011    90   137   106   108    5.1    7.2    7.3    6.5    58    78    73    76
    2860 00100011  -0.0108   0.2702   0.0065   0.0033    85   104    61    90    4.6    4.8    2.5    4.9    52    53    37    58
    2861 00100011  -0.0663   0.2422   0.0051   0.0068    80   112    93   105    4.1    5.4    6.1    6.3    47    62    63    71
    2862 00100011  -0.0644   0.2545   0.0003  -0.0023    71    98    89    93    3.0    4.3    5.7    5.2    39    56    62    61
    2863 00100011  -0.0384   0.2419  -0.0203  -0.0174    92   127    98   111    5.3    6.5    6.6    6.8    62    67    69    78
    2864 00100011  -0.0232   0.2362  -0.0049  -0.0085    94   137    72   120    5.5    7.2    3.9    7.4    68    82    49    81
    2865 00100011  -0.0476   0.2516  -0.0050  -0.0133    72    95    63    87    3.2    4.0    2.7    4.6    51    61    44    56
    2866 00100011  -0.0376   0.2758  -0.0151  -0.0148    91   134    67   112    5.2    7.0    3.3    6.8    58    75    38    73
    2867 00100011  -0.0398   0.2927   0.0239   0.0188    73   102    69    92    3.3    4.6    3.5    5.1    56    59    50    65
    2868 00100011  -0.0243   0.3053   0.0215   0.0184    93   117    75   103    5.4    5.8    4.2    6.1    68    73    46    69
    2869 00100011  -0.0531   0.2721   0.0114   0.0065    92   119    72   102    5.3    5.9    3.9    6.0    62    75    50    66
    2870 00100011  -0.0374   0.2690   0.0048   0.0017    85   103    94   104    4.6    4.7    6.2    6.2    54    57    64    69
    2871 00100011   0.0119   0.2905  -0.0202  -0.0148    64    81    62    76    2.1    2.6    2.6    3.5    36    33    42    51
    2872 00100011   0.0147   0.2730   0.0002  -0.0032    77   123    69   107    3.8    6.2    3.5    6.4    48    74    36    72
    2873 00100011  -0.0523   0.2564   0.0049   0.0023    88   103    86   116    4.9    4.7    5.4    7.1    57    58    57    75
    2874 00100011   0.0141   0.2420  -0.0070  -0.0077    91   124    66   106    5.2    6.3    3.1    6.4    63    76    36    66
    2875 00100011  -0.0050   0.2610  -0.0515  -0.0322    58    96    51    82    1.3    4.1    0.9    4.1    16    42     5    52
    2876 00100011  -0.0485   0.2768  -0.0242  -0.0350    67    92    62    82    2.5    3.7    2.6    4.1    45    58    35    57
    2877 00100011  -0.0120   0.2926  -0.0119  -0.0316    52    76    53    71    0.3    2.1    1.2    2.9    10    32    29    42
    2878 00100011  -0.0224   0.3007  -0.0272  -0.0392    70   108    68    92    2.9    5.1    3.4    5.1    48    67    43    58
    2879 00100011  -0.0427   0.2682   0.0182   0.0039    58    95    63    83    1.3    4.0    2.7    4.2    19    55    32    54
    2880 00100011  -0.0394   0.2690   0.0251   0.0162    79   112    66   100    4.0    5.4    3.1    5.8    50    68    36    67
    2881 00100011  -0.0187   0.2515   0.0083   0.0086    76   114    58   100    3.6    5.6    2.0    5.8    43    71    20    66
    2882 00100011  -0.0240   0.2350   0.0130   0.0076    69    86    63    73    2.8    3.1    2.7    3.1    45    46    39    39
    2883 00100011  -0.0057   0.2131   0.0069  -0.0019    65    92    69    78    2.3    3.7    3.5    3.7    41    48    49    50
    2884 00100011   0.0080   0.2316  -0.0026  -0.0084    55    83    75    67    0.8    2.8    4.2    2.4    17    34    58    29
    2885 00100011   0.0247   0.2661   0.0187   0.0152    66    98    59    86    2.4    4.3    2.2    4.5    30    51    28    66
    2886 00100011   0.0193   0.3004   0.0111   0.0097    92   120    64   109    5.3    6.0    2.9    6.6    56    72    22    73
    2887 00100011   0.0154   0.2960   0.0222   0.0185    98   134    82   113    5.8    7.0    5.0    6.9    63    77    51    73
    2888 00100011  -0.0014   0.2790   0.0044   0.0015   104   134    92   126    6.4    7.0    6.0    7.9    74    84    63    85
    2889 00100011  -0.0156   0.2693   0.0141   0.0143    85   128    68   111    4.6    6.6    3.4    6.8    61    76    44    75
    2890 00100011  -0.0183   0.2582   0.0232   0.0227    84   119    71   107    4.5    5.9    3.8    6.4    66    72    57    72
    2891 00100011  -0.0338   0.2506   0.0341   0.0295    67    94    59    80    2.5    3.9    2.2    3.9    44    58    33    55
    2892 00100011  -0.1030   0.2603   0.0035  -0.0042    74   114    50    86    3.4    5.6    0.7    4.5    38    65    10    46
    2893 00100011  -0.0986   0.2676  -0.0087  -0.0248    76   118    68    94    3.6    5.9    3.4    5.3    48    71    40    57
    2894 00100011  -0.0894   0.2586  -0.0097  -0.0239    67    98    61    93    2.5    4.3    2.5    5.2    31    53    37    52
    2895 00100011  -0.0411   0.2293   0.0023   0.0061    77   113    71    92    3.8    5.5    3.8    5.1    59    73    44    70
    2896 00100011  -0.0299   0.2170   0.0328   0.0299    90   115    78   103    5.1    5.7    4.6    6.1    60    68    55    69
    2897 00100011  -0.0330   0.2316   0.0338   0.0353    73   110    59    94    3.3    5.3    2.2    5.3    40    64    25    62
    2898 00100011  -0.0142   0.2279   0.0742   0.0424    50    72    47    60    0.0    1.6    0.2    1.4     8    30     9    32
    2899 00100011  -0.0409   0.2211   0.0327   0.0288    67    99    53    68    2.5    4.3    1.2    2.5    37    57    18    35
    2900 00100011  -0.0346   0.2360   0.0271   0.0246    64    83    83    82    2.1    2.8    5.1    4.1    25    32    56    51
    2901 00100011  -0.0185   0.2149   0.0125   0.0101    69    92    51    87    2.8    3.7    0.9    4.6    51    59    17    60
    2902 00100011  -0.0208   0.1873   0.0119   0.0134    57    92    64    68    1.1    3.7    2.9    2.5    15    40    37    26
    2903 00100011  -0.0277   0.2009   0.0218   0.0156    84   122    81    98    4.5    6.2    4.9    5.7    50    72    50    60
    2904 00100011   0.0071   0.1691   0.0142   0.0207    68    76    51    89    2.7    2.1    0.9    4.8    40    32    19    67
    2905 00100011  -0.0291   0.1997   0.0292   0.0259    60    87    73    85    1.6    3.2    4.0    4.4    37    40    64    64
    2906 00100011  -0.0569   0.2311   0.0091   0.0079    77   120    77   123    3.8    6.0    4.5    7.6    43    65    43    79
    2907 00100011  -0.0640   0.1965   0.0095   0.0116    64   109    68    91    2.1    5.2    3.4    5.0    27    59    35    56
    2908 00100011  -0.0370   0.1987   0.0216   0.0165    75   110    60    99    3.5    5.3    2.3    5.8    49    63    33    74
    2909 00100011  -0.0384   0.2460   0.0425   0.0340    73   105    72    81    3.3    4.9    3.9    4.0    43    59    44    58
    2910 00100011  -0.0339   0.2374   0.0267   0.0216    83   115    65    97    4.4    5.7    3.0    5.6    59    69    36    61
    2911 00100011  -0.0479   0.2079   0.0300   0.0227    71   102    66    97    3.0    4.6    3.1    5.6    43    51    28    64
    2912 00100011  -0.0209   0.2170   0.0211   0.0218   100   140    70   118    6.0    7.4    3.6    7.3    64    83    34    79
    2913 00100011  -0.0153   0.2091   0.0318   0.0327   100   128    88   119    6.0    6.6    5.6    7.4    68    73    55    78
    2914 00100011  -0.0331   0.2276   0.0477   0.0398    95   122    84   106    5.6    6.2    5.2    6.4    57    70    53    66
    2915 00100011  -0.0482   0.2152   0.0410   0.0328    76    98    66    87    3.6    4.3    3.1    4.6    48    58    43    56
    2916 00100011  -0.0531   0.2700   0.0174   0.0121    85   111    93   122    4.6    5.3    6.1    7.6    55    71    64    75
    2917 00100011  -0.0548   0.2531  -0.0232  -0.0218    94   129    88   127    5.5    6.6    5.6    7.9    60    72    53    81
    2918 00100011  -0.0530   0.2542   0.0059  -0.0050    67   108    64    87    2.5    5.1    2.9    4.6    34    60    34    48
    2919 00100011  -0.0232   0.2213   0.0212   0.0174    81   112    98   119    4.2    5.4    6.6    7.4    59    71    71    79
    2920 00100011  -0.0308   0.2348   0.0172   0.0107    74   100    80    86    3.4    4.4    4.8    4.5    44    59    55    50
    2921 00100011  -0.0753   0.1988   0.0315   0.0215    63   100    72    84    2.0    4.4    3.9    4.3    30    53    53    54
    2922 00100011  -0.0149   0.2519   0.0301   0.0386    67    93    62    83    2.5    3.8    2.6    4.2    37    48    20    57
    2923 00100011  -0.0139   0.2198   0.0414   0.0398    98   116    77   124    5.8    5.7    4.5    7.7    68    69    53    81
    2924 00100011  -0.0165   0.2088   0.0585   0.0537    75   103    59   113    3.5    4.7    2.2    6.9    52    56    28    72
    2925 00100011  -0.0016   0.2127   0.0353   0.0292    76    83    60    93    3.6    2.8    2.3    5.2    56    40    29    69
    2926 00100011  -0.0068   0.2134   0.0291   0.0251    88   124   104   122    4.9    6.3    7.1    7.6    62    75    72    75
    2927 00100011  -0.0465   0.2145  -0.0116  -0.0102    67    99    58    92    2.5    4.3    2.0    5.1    26    52    23    56
    2928 00100011   0.0011   0.2202   0.0027  -0.0017    81   109    69   104    4.2    5.2    3.5    6.2    54    64    40    75
    2929 00100011  -0.0013   0.2220   0.0132   0.0091    97   129    82   109    5.8    6.6    5.0    6.6    68    79    55    78
    2930 00100011  -0.0186   0.2305   0.0182   0.0132   100   138    86   124    6.0    7.2    5.4    7.7    67    81    57    79
    2931 00100011  -0.0372   0.2241   0.0207   0.0134    78   104    60   106    3.9    4.8    2.3    6.4    51    66    35    71
    2932 00100011  -0.0470   0.2431  -0.0054  -0.0033    64    92    64    82    2.1    3.7    2.9    4.1    30    52    38    57
    2933 00100011   0.0585   0.2285  -0.0049   0.0126    78   100    55   100    3.9    4.4    1.6    5.8    30    49    20    62
    2934 00100011   0.0655   0.2330  -0.0238   0.0182    59    94    49    72    1.4    3.9    0.5    3.0    18    44    10    48
    2935 00100011  -0.0239   0.2177   0.0224   0.0165    77   102    78    92    3.8    4.6    4.6    5.1    51    63    49    66
    2936 00100011  -0.0291   0.2054   0.0387   0.0303    64   115    50    84    2.1    5.7    0.7    4.3    30    67    13    48
    2937 00100011  -0.0538   0.2619   0.0136   0.0078    98   131    76   113    5.8    6.8    4.4    6.9    63    75    46    71
    2938 00100011  -0.0308   0.2672   0.0200   0.0179   101   137    68   114    6.1    7.2    3.4    7.0    60    77    23    72
    2939 00100011  -0.0261   0.2683   0.0288   0.0287    78   111    68    96    3.9    5.3    3.4    5.5    57    68    44    67
    2940 00100011  -0.0126   0.2700   0.0150   0.0128    90   122    74   116    5.1    6.2    4.1    7.1    60    74    50    74
    2941 00100011  -0.0543   0.2487   0.0168   0.0063    59    73    52    72    1.4    1.7    1.1    3.0    26    22    15    46
    2942 00100011  -0.0147   0.2723   0.0336   0.0308    84   106    85   104    4.5    4.9    5.3    6.2    59    62    64    74
    2943 00100011  -0.0518   0.2378   0.0463   0.0206    66   101    54    79    2.4    4.5    1.4    3.8    37    65    35    37
    2944 00100011   0.0021   0.2402   0.0293   0.0193    97   130    86   122    5.8    6.7    5.4    7.6    65    75    55    80
    2945 00100011   0.0020   0.2428  -0.0048  -0.0054   100   126    72   113    6.0    6.4    3.9    6.9    58    72    34    73
    2946 00100011  -0.0146   0.2459  -0.0352  -0.0414    89   114    70    97    5.0    5.6    3.6    5.6    66    71    47    68
    2947 00100011   0.0111   0.2393  -0.0267  -0.0367    65    89    62    89    2.3    3.4    2.6    4.8    30    54    37    55
    2948 00100011  -0.0110   0.2488  -0.0168  -0.0201   111   138   105   132    6.9    7.2    7.2    8.3    74    79    72    85
    2949 00100011  -0.0132   0.2245  -0.0088  -0.0133    80   113    68   102    4.1    5.5    3.4    6.0    55    74    48    72
    2950 00100011  -0.0136   0.2551   0.0172  -0.0033    80   121    56    88    4.1    6.1    1.7    4.7    46    70     5    51
    2951 00100011   0.0196   0.2089   0.0170   0.0091    54    80    65    63    0.7    2.5    3.0    1.8    23    35    49    30
    2952 00100011   0.0203   0.2549   0.0183   0.0163    88   109    63    91    4.9    5.2    2.7    5.0    57    63    37    62
    2953 00100011   0.0096   0.2727   0.0002  -0.0069    81   120    80   114    4.2    6.0    4.8    7.0    44    68    51    76
    2954 00100011  -0.0119   0.2726  -0.0100  -0.0130    62    84    59    78    1.9    2.9    2.2    3.7    27    41    26    52
    2955 00100011  -0.0185   0.2836  -0.0189  -0.0211    72   112    57    95    3.2    5.4    1.9    5.4    43    71    26    66
    2956 00100011  -0.0082   0.2224  -0.0032  -0.0060    63    90    66    85    2.0    3.5    3.1    4.4    27    47    39    61
    2957 00100011   0.0181   0.2646  -0.0284  -0.0176    72   104    69    79    3.2    4.8    3.5    3.8    35    55    39    52
    2958 00100011  -0.0252   0.2335  -0.0119  -0.0239    78   123    79   102    3.9    6.2    4.7    6.0    50    61    57    69
    2959 00100011  -0.0167   0.3026   0.0045  -0.0019    61    83    55    70    1.7    2.8    1.6    2.8    20    39    17    43
    2960 00100011  -0.0273   0.2682   0.0184   0.0087    79    98    78    99    4.0    4.3    4.6    5.8    54    70    54    68
    2961 00100011  -0.0082   0.2761   0.0154   0.0096    87   109    80    97    4.8    5.2    4.8    5.6    61    67    55    69
    2962 00100011  -0.0009   0.3121  -0.0152   0.0074    62    90    52    71    1.9    3.5    1.1    2.9    19    32    11    36
    2963 00100011   0.0042   0.2870   0.0121   0.0031    99   133    73   119    5.9    6.9    4.0    7.4    68    75    47    75
    2964 00100011   0.0255   0.3006   0.0426   0.0116    55    76    58    63    0.8    2.1    2.0    1.8     5    27    34    18
    2965 00100011   0.0283   0.2940   0.0307   0.0354    59    85    52    71    1.4    3.0    1.1    2.9    25    31     6    47
    2966 00100011  -0.0239   0.2921   0.0320   0.0244    70   106    54    86    2.9    4.9    1.4    4.5    38    65    20    58
    2967 00100011  -0.0200   0.2908  -0.0016  -0.0040    71    96    61    92    3.0    4.1    2.5    5.1    38    50    29    62
    2968 00100011   0.0027   0.2614   0.0031  -0.0022    97   130    94   140    5.8    6.7    6.2    8.8    67    77    63    86
    2969 00100011   0.0021   0.2685   0.0224   0.0107    81   113    95   103    4.2    5.5    6.3    6.1    49    65    63    68
    2970 00100011  -0.0095   0.2928   0.0104   0.0070   104   138    82   126    6.4    7.2    5.0    7.9    67    82    52    77
    2971 00100011   0.0316   0.2819   0.0164   0.0184    95   137    75   126    5.6    7.2    4.2    7.9    63    78    46    81
    2972 00100011   0.0065   0.2380  -0.0075  -0.0072    54    70    57    66    0.7    1.3    1.9    2.2    13    17    21    26
    2973 00100011   0.0030   0.2508  -0.0143  -0.0141    83   117    79   111    4.4    5.8    4.7    6.8    56    65    56    78
    2974 00100011  -0.0064   0.2183   0.0063   0.0005    79   103    96   118    4.0    4.7    6.4    7.3    53    55    71    75
    2975 00100011  -0.0636   0.2362   0.0177  -0.0026    73   109    58    82    3.3    5.2    2.0    4.1    42    67    27    53
    2976 00100011  -0.0148   0.2279  -0.0212  -0.0228    71   109    59    97    3.0    5.2    2.2    5.6    45    66    27    64
    2977 00100011  -0.0367   0.1613  -0.0197  -0.0139    52    77    50    66    0.3    2.2    0.7    2.2    15    26    19    29
    2978 00100011  -0.0583   0.2247  -0.0089  -0.0106    70    88    56    79    2.9    3.3    1.7    3.8    39    36    19    48
    2979 00100011  -0.0106   0.2324  -0.0157  -0.0163    77   106    72    96    3.8    4.9    3.9    5.5    47    55    42    66
    2980 00100011  -0.0160   0.2633  -0.0037  -0.0072    91   132    94   129    5.2    6.8    6.2    8.1    62    76    68    79
    2981 00100011  -0.0699   0.2408  -0.0106  -0.0190    65    90    57    75    2.3    3.5    1.9    3.3    30    51    24    33
    2982 00100011   0.0143   0.2404  -0.0481  -0.0201    68    89    49    76    2.7    3.4    0.5    3.5    31    33    11    48
    2983 00100011  -0.0556   0.2114  -0.0163  -0.0250   104   141    72   123    6.4    7.4    3.9    7.6    64    82    28    81
    2984 00100011  -0.0271   0.2107  -0.0239  -0.0234    93   131    76   122    5.4    6.8    4.4    7.6    65    78    56    77
    2985 00100011   0.0183   0.2251   0.0017  -0.0067    75    98    58    86    3.5    4.3    2.0    4.5    44    56    34    50
    2986 00100011  -0.0002   0.2524  -0.0123  -0.0095    90   133    55   105    5.1    6.9    1.6    6.3    54    77    10    68
    2987 00100011  -0.0117   0.2862  -0.0049  -0.0114    71   109    83   106    3.0    5.2    5.1    6.4    38    57    60    68
    2988 00100011   0.0001   0.2871   0.0124   0.0036    99   140    87   131    5.9    7.4    5.5    8.2    62    77    54    79
    2989 00100011   0.0000   0.3219  -0.0073  -0.0162    73   110    80   102    3.3    5.3    4.8    6.0    47    58    48    65
    2990 00100011  -0.0415   0.2616   0.0036  -0.0001    75   108    69    96    3.5    5.1    3.5    5.5    43    48    42    64
    2991 00100011   0.0231   0.2810   0.0054   0.0072    62    88    70    83    1.9    3.3    3.6    4.2    24    40    43    43
    2992 00100011   0.0101   0.2895  -0.0166  -0.0212    81   115    77   100    4.2    5.7    4.5    5.8    52    68    49    68
    2993 00100011  -0.0271   0.2832  -0.0198  -0.0319    88   113    69   111    4.9    5.5    3.5    6.8    60    63    41    73
    2994 00100011  -0.0226   0.2670  -0.0277  -0.0329    81   103    80   103    4.2    4.7    4.8    6.1    55    58    57    68
    2995 00100011  -0.0208   0.2826  -0.0272  -0.0291    82   125    87   116    4.3    6.4    5.5    7.1    52    79    59    77
    2996 00100011  -0.0612   0.2732   0.0040  -0.0055    71   100    69   103    3.0    4.4    3.5    6.1    32    52    32    66
    2997 00100011  -0.0345   0.2768   0.0534   0.0505    85   122    84   125    4.6    6.2    5.2    7.8    58    78    58    83
    2998 00100011  -0.0015   0.2887   0.0036   0.0085   104   148    76   130    6.4    7.8    4.4    8.1    61    67    41    73
    2999 00100011  -0.0734   0.2619   0.0330   0.0200    79   121    64   100    4.0    6.1    2.9    5.8    28    64    21    55
    3000 00100011  -0.0229   0.2791   0.0046   0.0011    73    98    67   100    3.3    4.3    3.3    5.8    50    56    43    67
    3001 00100011  -0.0333   0.2907   0.0094  -0.0017    77   111    80    97    3.8    5.3    4.8    5.6    47    70    54    69
    3002 00100011  -0.0094   0.2875   0.0008   0.0004    90   134    69   111    5.1    7.0    3.5    6.8    65    81    40    78
    3003 00100011  -0.0059   0.2653  -0.0002  -0.0038    60    92    61    74    1.6    3.7    2.5    3.2    30    39    34    41
    3004 00100011  -0.0219   0.2711   0.0010  -0.0048    88   115    90   110    4.9    5.7    5.8    6.7    61    70    66    73
    3005 00100011  -0.0039   0.2831   0.0084   0.0073    89   102    61    81    5.0    4.6    2.5    4.0    54    55    33    49
    3006 00100011  -0.0424   0.2800  -0.0142  -0.0176    79   102    84    95    4.0    4.6    5.2    5.4    53    62    56    71
    3007 00100011  -0.0049   0.2531  -0.0366  -0.0191    79   111    55    91    4.0    5.3    1.6    5.0    47    64    14    57
    3008 00100011   0.0180   0.2737  -0.0158  -0.0145    85   111    62   122    4.6    5.3    2.6    7.6    54    65    33    78
    3009 00100011  -0.0001   0.2811  -0.0462  -0.0441    73   105    71    96    3.3    4.9    3.8    5.5    51    63    47    72
    3010 00100011  -0.0240   0.2881  -0.0085  -0.0100    93   121    73    99    5.4    6.1    4.0    5.8    59    74    52    67
    3011 00100011  -0.0152   0.2698   0.0010  -0.0053    85   116    65   114    4.6    5.7    3.0    7.0    45    69    24    77
    3012 00100011  -0.0251   0.2787   0.0043  -0.0022    64   117    67    90    2.1    5.8    3.3    4.9    31    66    44    57
    3013 00100011  -0.0223   0.2817  -0.0087  -0.0130    72   124    73   113    3.2    6.3    4.0    6.9    41    73    48    73
    3014 00100011   0.0859   0.2781  -0.0321  -0.0102    68    94    53    84    2.7    3.9    1.2    4.3    27    48     4    58
    3015 00100011  -0.0251   0.2650  -0.0098  -0.0065    74   105    56    93    3.4    4.9    1.7    5.2    48    59    17    67
    3016 00100011  -0.0252   0.2499  -0.0068  -0.0079    97   131    73   118    5.8    6.8    4.0    7.3    69    76    49    79
    3017 00100011  -0.0374   0.2622   0.0076   0.0047    71   110    89    87    3.0    5.3    5.7    4.6    47    58    67    64
    3018 00100011  -0.0176   0.2679   0.0251   0.0191    99   124    96   132    5.9    6.3    6.4    8.3    67    77    65    82
    3019 00100011  -0.0142   0.2695   0.0195   0.0131    81   113    94   103    4.2    5.5    6.2    6.1    52    63    69    67
    3020 00100011  -0.0547   0.2225   0.0289   0.0169    62    74    58    63    1.9    1.8    2.0    1.8    24    25    31    18
    3021 00100011  -0.0121   0.2548   0.0353   0.0365    80   101    78    92    4.1    4.5    4.6    5.1    50    58    55    61
    3022 00100011   0.0006   0.2799   0.0203   0.0181    73   109    79   101    3.3    5.2    4.7    5.9    36    62    54    70
    3023 00100011   0.0047   0.2906   0.0150   0.0065    85   114    61   104    4.6    5.6    2.5    6.2    58    72    24    70
    3024 00100011  -0.0211   0.2984   0.0007  -0.0081   103   129    66   124    6.3    6.6    3.1    7.7    66    77    32    78
    3025 00100011   0.0001   0.2905  -0.0049   0.0014    83   100    65    90    4.4    4.4    3.0    4.9    53    52    33    65
    3026 00100011   0.0051   0.3035  -0.0269  -0.0258    79   112    62    90    4.0    5.4    2.6    4.9    54    64    33    67
    3027 00100011   0.0050   0.2644   0.0174   0.0104    80   107    60   112    4.1    5.0    2.3    6.8    53    60    24    71
    3028 00100011  -0.0197   0.2546   0.0366   0.0297    92   133    78   115    5.3    6.9    4.6    7.1    58    77    57    76
    3029 00100011  -0.0348   0.2394   0.0306   0.0207    68   109    49    81    2.7    5.2    0.5    4.0    35    66    17    43
    3030 00100011   0.0262   0.2450   0.0067   0.0156    77   122    55   107    3.8    6.2    1.6    6.4    48    71    11    69
    3031 00100011  -0.0250   0.2658  -0.0033  -0.0077    79   113    67    92    4.0    5.5    3.3    5.1    48    67    30    58
    3032 00100011   0.0259   0.2871  -0.0220  -0.0243    82   123    68   108    4.3    6.2    3.4    6.5    51    72    38    75
    3033 00100011   0.0160   0.2701  -0.0226  -0.0242    76   107    54    94    3.6    5.0    1.4    5.3    48    62    21    57
    3034 00100011  -0.0052   0.2942  -0.0138  -0.0242    76   117    69   100    3.6    5.8    3.5    5.8    42    72    36    66
    3035 00100011  -0.0079   0.2664  -0.0089  -0.0042    73   105    67    97    3.3    4.9    3.3    5.6    51    59    47    68
    3036 00100011  -0.0097   0.2683   0.0361   0.0262    81   113    57    94    4.2    5.5    1.9    5.3    58    73    25    63
    3037 00100011   0.0026   0.2617   0.0383   0.0345    76    95    72    83    3.6    4.0    3.9    4.2    53    48    58    61
    3038 00100011  -0.0008   0.2500   0.0070   0.0192    85   112    55    99    4.6    5.4    1.6    5.8    60    64    23    68
    3039 00100011  -0.0318   0.2497   0.0190   0.0172    88   118    72   104    4.9    5.9    3.9    6.2    64    73    42    74
    3040 00100011  -0.0070   0.2592   0.0016  -0.0047    64    94    61    85    2.1    3.9    2.5    4.4    32    46    29    49
    3041 00100011  -0.0162   0.2837  -0.0101  -0.0137    89   114    81   100    5.0    5.6    4.9    5.8    66    70    61    71
    3042 00100011  -0.0220   0.2620  -0.0035  -0.0080    65   102    84    90    2.3    4.6    5.2    4.9    32    57    67    60
    3043 00100011  -0.0077   0.2556   0.0029   0.0062    75    96    57    95    3.5    4.1    1.9    5.4    53    49    25    64
    3044 00100011  -0.0181   0.2635   0.0223   0.0184   121   154   114   138    7.7    8.2    7.9    8.6    73    87    74    87
    3045 00100011  -0.0301   0.2559   0.0152   0.0064    71   114    68    91    3.0    5.6    3.4    5.0    34    69    44    55
    3046 00100011  -0.0276   0.2564   0.0262   0.0213    77   101    82   110    3.8    4.5    5.0    6.7    54    59    58    79
    3047 00100011  -0.0688   0.2810   0.0022   0.0023    86   135    87   112    4.7    7.0    5.5    6.8    47    74    59    76
    3048 00100011  -0.0466   0.2728   0.0056   0.0028    70    99    68    86    2.9    4.3    3.4    4.5    40    56    50    64
    3049 00100011  -0.0862   0.2719  -0.0087  -0.0145    68   116    72   101    2.7    5.7    3.9    5.9    37    68    39    73
    3050 00100011  -0.0801   0.2663  -0.0071  -0.0074    82   116    58    95    4.3    5.7    2.0    5.4    57    72    26    64
    3051 00100011  -0.0851   0.2316   0.0052  -0.0043    62   110    64    98    1.9    5.3    2.9    5.7    23    68    48    64
    3052 00100011  -0.0931   0.2379  -0.0011  -0.0034    83   116    64   102    4.4    5.7    2.9    6.0    59    69    43    66
    3053 00100011  -0.0964   0.2329   0.0042  -0.0044    63    85    46    70    2.0    3.0    0.0    2.8    37    46    17    36
    3054 00100011  -0.1011   0.2239  -0.0071  -0.0139    95   145    65   125    5.6    7.7    3.0    7.8    58    79    35    79
    3055 00100011  -0.0465   0.2160   0.0090   0.0095   102   127    72   123    6.2    6.5    3.9    7.6    68    79    44    76
    3056 00100011  -0.0595   0.2431  -0.0142  -0.0120    94   142    73   124    5.5    7.5    4.0    7.7    66    77    42    79
    3057 00100011  -0.0671   0.2775  -0.0091  -0.0140    86   127    77   108    4.7    6.5    4.5    6.5    59    71    50    72
    3058 00100011  -0.0726   0.2736   0.0170   0.0065    87   121    68    98    4.8    6.1    3.4    5.7    48    57    29    64
    3059 00100011  -0.0445   0.3131   0.0132   0.0200    56    85    58    74    1.0    3.0    2.0    3.2    19    41    40    52
    3060 00100011  -0.0622   0.2971   0.0150   0.0030    69    94    70    81    2.8    3.9    3.6    4.0    35    55    43    43
    3061 00100011  -0.0325   0.2737   0.0062  -0.0004    76   112   100   106    3.6    5.4    6.7    6.4    51    68    72    77
    3062 00100011  -0.0262   0.2870  -0.0223  -0.0217    64    87    55    69    2.1    3.2    1.6    2.6    39    40    22    38
    3063 00100011  -0.0324   0.2778  -0.0221  -0.0452    79   117    53   106    4.0    5.8    1.2    6.4    46    70    13    70
    3064 00100011   0.0059   0.2992  -0.0127  -0.0147    91   129    97   120    5.2    6.6    6.5    7.4    68    79    70    80
    3065 00100011   0.0031   0.2970  -0.0158  -0.0194    86   110    71   111    4.7    5.3    3.8    6.8    55    58    40    71
    3066 00100011  -0.0886   0.2674   0.0161   0.0018   105   137    84   120    6.4    7.2    5.2    7.4    63    77    44    76
    3067 00100011  -0.0561   0.2694   0.0306   0.0238   116   149    86   153    7.3    7.9    5.4    9.5    66    81    50    79
    3068 00100011  -0.0344   0.2632   0.0103  -0.0048    72    98    74    81    3.2    4.3    4.1    4.0    35    57    47    49
    3069 00100011   0.0012   0.2886   0.0195   0.0109    73   103    64    98    3.3    4.7    2.9    5.7    47    65    31    72
    3070 00100011  -0.0001   0.2911  -0.0080  -0.0096    99   133   104   116    5.9    6.9    7.1    7.1    67    78    72    76
    3071 00100011   0.0350   0.2837  -0.0065  -0.0068    87   113    70   104    4.8    5.5    3.6    6.2    59    70    44    74
    3072 00100011   0.0125   0.2765  -0.0091  -0.0118   104   138    63   117    6.4    7.2    2.7    7.2    70    78    30    77
    3073 00100011   0.0005   0.2879   0.0002  -0.0142    69   113    65    91    2.8    5.5    3.0    5.0    45    70    42    55
    3074 00100011   0.0130   0.3051   0.0012  -0.0040    92   120    78   110    5.3    6.0    4.6    6.7    60    66    51    75
    3075 00100011   0.0496   0.3355   0.0010   0.0003    65    89    59    82    2.3    3.4    2.2    4.1    31    39    21    43
    3076 00100011  -0.0097   0.2941  -0.0089  -0.0164    94   118    79   109    5.5    5.9    4.7    6.6    64    75    52    75
    3077 00100011   0.0366   0.2955  -0.0239  -0.0266    63   108    53    97    2.0    5.1    1.2    5.6    24    70    14    61
    3078 00100011   0.0196   0.3314  -0.0098  -0.0151    90   120    81   122    5.1    6.0    4.9    7.6    59    69    51    79
    3079 00100011  -0.0203   0.3452  -0.0326  -0.0390    76   123    55    94    3.6    6.2    1.6    5.3    38    62    11    58
    3080 00100011  -0.0348   0.2929  -0.0319  -0.0329    80   117    85    94    4.1    5.8    5.3    5.3    52    64    59    68
    3081 00100011  -0.0755   0.2733  -0.0117  -0.0118   103   141    77   122    6.3    7.4    4.5    7.6    67    85    44    81
    3082 00100011  -0.0555   0.2594  -0.0160  -0.0151    85   136    68   103    4.6    7.1    3.4    6.1    55    78    42    68
    3083 00100011  -0.0488   0.2239   0.0066  -0.0026    70   107    65   102    2.9    5.0    3.0    6.0    41    64    43    66
    3084 00100011  -0.0437   0.2512   0.0112   0.0148   100   127    78   112    6.0    6.5    4.6    6.8    65    71    48    75
    3085 00100011  -0.0410   0.2419   0.0012  -0.0011    94   106    87   116    5.5    4.9    5.5    7.1    63    63    64    76
    3086 00100011  -0.0185   0.2434   0.0104   0.0114    66   100    57    84    2.4    4.4    1.9    4.3    29    54    25    58
    3087 00100011  -0.0117   0.2301   0.0281   0.0256    82   115    54    84    4.3    5.7    1.4    4.3    57    67    17    54
    3088 00100011   0.0044   0.2436   0.0312   0.0279    74   104    66    98    3.4    4.8    3.1    5.7    48    69    32    67
    3089 00100011   0.0362   0.2437   0.0344   0.0267    68   108    64    95    2.7    5.1    2.9    5.4    38    54    42    63
    3090 00100011   0.0263   0.3009  -0.0086  -0.0164    72   105    54    93    3.2    4.9    1.4    5.2    37    64    15    60
    3091 00100011   0.0396   0.2936  -0.0277  -0.0285    80   122    81   103    4.1    6.2    4.9    6.1    40    63    53    66
    3092 00100011   0.0230   0.2597  -0.0580  -0.0560    76   110    68    96    3.6    5.3    3.4    5.5    42    61    46    56
    3093 00100011   0.0274   0.2593  -0.0324  -0.0341    76    98    61    82    3.6    4.3    2.5    4.1    39    53    24    55
    3094 00100011  -0.0671   0.2472   0.0294   0.0143    78   108    81    87    3.9    5.1    4.9    4.6    53    64    62    48
    3095 00100011  -0.0518   0.2993   0.0211   0.0045    62    85    69    74    1.9    3.0    3.5    3.2    20    38    46    47
    3096 00100011  -0.0468   0.3048   0.0267   0.0210    58    88    82    76    1.3    3.3    5.0    3.5    14    48    59    43
    3097 00100011  -0.0313   0.2734   0.0199   0.0178    81   115    78   111    4.2    5.7    4.6    6.8    57    72    56    78
    3098 00100011  -0.0149   0.2720   0.0191   0.0172    92   130    77   114    5.3    6.7    4.5    7.0    59    76    45    77
    3099 00100011  -0.0152   0.2615   0.0103   0.0119    82   113    65   108    4.3    5.5    3.0    6.5    55    68    37    74
    3100 00100011  -0.0344   0.2450   0.0213   0.0141    72   111    71   103    3.2    5.3    3.8    6.1    43    60    39    67
    3101 00100011  -0.0362   0.2371   0.0341   0.0224    67    97    60    67    2.5    4.2    2.3    2.4    38    58    36    28
    3102 00100011  -0.0496   0.2361   0.0383   0.0402    58    96    55    72    1.3    4.1    1.6    3.0    13    48    16    40
    3103 00100011  -0.0291   0.2551   0.0488   0.0467    74   101    59    86    3.4    4.5    2.2    4.5    48    57    24    54
    3104 00100011  -0.0173   0.3206  -0.0136  -0.0004    67    83    69    72    2.5    2.8    3.5    3.0    29    33    40    54
    3105 00100011  -0.0276   0.3008   0.0073  -0.0139    52    77    48    64    0.3    2.2    0.4    2.0     8    28     6    31
    3106 00100011   0.0077   0.2923  -0.0342  -0.0355    94   131    85   134    5.5    6.8    5.3    8.4    65    78    57    84
    3107 00100011   0.0410   0.2962  -0.0410  -0.0457    64   105    58    86    2.1    4.9    2.0    4.5    25    59    15    56
    3108 00100011  -0.0346   0.2565  -0.0322  -0.0293    62    92    63    83    1.9    3.7    2.7    4.2    37    39    37    54
    3109 00100011  -0.0126   0.2781  -0.0240  -0.0199   102   135    80   123    6.2    7.0    4.8    7.6    75    79    56    83
    3110 00100011  -0.0267   0.2804   0.0070   0.0057    62   105    61    86    1.9    4.9    2.5    4.5    29    55    28    54
    3111 00100011  -0.0344   0.3232   0.0531   0.0276    61    85    51    67    1.7    3.0    0.9    2.4    24    46    14    27
    3112 00100011   0.0231   0.3036   0.0098   0.0072    84   104    80   100    4.5    4.8    4.8    5.8    56    55    53    63
    3113 00100011   0.0240   0.2979  -0.0170  -0.0107    76   109    56    88    3.6    5.2    1.7    4.7    50    65     9    57
    3114 00100011   0.0046   0.2603   0.0167   0.0103    78   113    91   102    3.9    5.5    5.9    6.0    55    70    67    67
    3115 00100011   0.0397   0.2524   0.0306   0.0109    63    88    61    75    2.0    3.3    2.5    3.3    31    49    27    37
    3116 00100011   0.0128   0.2843   0.0179   0.0090    69   113    71    93    2.8    5.5    3.8    5.2    43    68    48    64
    3117 00100011   0.0467   0.3005   0.0104   0.0100    81   114    68   100    4.2    5.6    3.4    5.8    52    66    40    74
    3118 00100011   0.0753   0.3001  -0.0040   0.0000    66    98    55    82    2.4    4.3    1.6    4.1    31    58     6    56
    3119 00100011   0.0085   0.2651   0.0222   0.0143    88   131    88   108    4.9    6.8    5.6    6.5    62    75    67    70
    3120 00100011   0.0183   0.2565   0.0181   0.0189   102   124    71   121    6.2    6.3    3.8    7.5    71    76    34    82
    3121 00100011   0.0077   0.2315   0.0282   0.0148    54    88    70    74    0.7    3.3    3.6    3.2    28    56    49    41
    3122 00100011  -0.0135   0.2418   0.0114   0.0085    88   126    63   108    4.9    6.4    2.7    6.5    63    78    28    77
    3123 00100011  -0.0318   0.2175   0.0218   0.0108    53    91    53    67    0.5    3.6    1.2    2.4    13    43    13    29
    3124 00100011   0.0366   0.2475   0.0031   0.0119    67    88    51    79    2.5    3.3    0.9    3.8    42    44    16    56
    3125 00100011   0.0011   0.2334   0.0209   0.0075    62    94    77    73    1.9    3.9    4.5    3.1    27    52    50    32
    3126 00100011   0.0115   0.2365   0.0239   0.0257    81   114    66   110    4.2    5.6    3.1    6.7    57    66    33    75
    3127 00100011  -0.0074   0.2319   0.0214   0.0208    86   120    68   104    4.7    6.0    3.4    6.2    59    74    48    72
    3128 00100011  -0.0045   0.2584  -0.0046   0.0206    55    97    52    69    0.8    4.2    1.1    2.6     9    51    11    40
    3129 00100011  -0.0246   0.2294   0.0298   0.0235   118   132   103   121    7.5    6.8    7.0    7.5    77    81    69    80
    3130 00100011  -0.0362   0.2143   0.0365   0.0208    57    88    48    69    1.1    3.3    0.4    2.6    27    47    13    36
    3131 00100011   0.0116   0.2084   0.0314   0.0269    86   113    72   100    4.7    5.5    3.9    5.8    63    69    47    67
    3132 00100011  -0.0199   0.2114   0.0404   0.0320    65    97    52    79    2.3    4.2    1.1    3.8    28    56     6    55
    3133 00100011  -0.0169   0.2247   0.0054   0.0090    60    93    50    82    1.6    3.8    0.7    4.1    26    44    20    50
    3134 00100011   0.0078   0.2321   0.0053   0.0045    80   110    84   101    4.1    5.3    5.2    5.9    57    63    63    73
    3135 00100011  -0.0212   0.2577   0.0180   0.0088    74   112    89   102    3.4    5.4    5.7    6.0    41    66    66    66
    3136 00100011   0.0108   0.2053  -0.0037  -0.0022    59    83    72    79    1.4    2.8    3.9    3.8    16    35    50    46
    3137 00100011   0.0165   0.2295   0.0208   0.0185    83   114    79   107    4.4    5.6    4.7    6.4    57    68    54    78
    3138 00100011  -0.0153   0.2778   0.0311   0.0247    65   108    72   104    2.3    5.1    3.9    6.2    27    58    46    68
    3139 00100011   0.0081   0.3279   0.0130   0.0146    85   115    66    95    4.6    5.7    3.1    5.4    54    63    36    66
    3140 00100011  -0.0393   0.2962  -0.0049  -0.0082    80   118    67    99    4.1    5.9    3.3    5.8    51    68    35    72
    3141 00100011  -0.0142   0.2864  -0.0056  -0.0099    74   109    53    90    3.4    5.2    1.2    4.9    49    63    19    52
    3142 00100011  -0.0144   0.2847  -0.0168  -0.0197    84   114    90   123    4.5    5.6    5.8    7.6    58    72    65    83
    3143 00100011  -0.0158   0.2452  -0.0002  -0.0118    82   114    86   109    4.3    5.6    5.4    6.6    45    59    57    66
    3144 00100011  -0.0078   0.2602   0.0047   0.0032    97   138    75   127    5.8    7.2    4.2    7.9    64    78    48    83
    3145 00100011  -0.0071   0.2509  -0.0093  -0.0101    90   136    60   102    5.1    7.1    2.3    6.0    64    82    25    74
    3146 00100011   0.0078   0.2697  -0.0178  -0.0245    65    85    55    74    2.3    3.0    1.6    3.2    42    44    24    44
    3147 00100011   0.0118   0.2978   0.0036  -0.0026    66    94    51    77    2.4    3.9    0.9    3.6    31    48    11    38
    3148 00100011  -0.0286   0.2972  -0.0078  -0.0111    98   141    73   133    5.8    7.4    4.0    8.3    65    77    36    77
    3149 00100011  -0.0205   0.2977  -0.0022  -0.0063    91   126    97   118    5.2    6.4    6.5    7.3    60    72    63    78
    3150 00100011  -0.0195   0.2975   0.0011  -0.0078    76   109    62    87    3.6    5.2    2.6    4.6    54    63    43    52
    3151 00100011   0.0209   0.2886   0.0028   0.0026    81   117    75   105    4.2    5.8    4.2    6.3    51    63    52    73
    3152 00100011   0.0056   0.3009   0.0117   0.0106    78   111    64   100    3.9    5.3    2.9    5.8    54    74    33    72
    3153 00100011   0.0054   0.2865   0.0068   0.0030    80   107    62   102    4.1    5.0    2.6    6.0    49    65    28    69
    3154 00100011  -0.0388   0.3100   0.0242  -0.0103    54    80    53    66    0.7    2.5    1.2    2.2    14    42    28    20
    3155 00100011  -0.0575   0.3054   0.0019  -0.0057    60    82    65    77    1.6    2.7    3.0    3.6    38    33    40    49
    3156 00100011  -0.0390   0.2860   0.0102   0.0036    68   111    68    86    2.7    5.3    3.4    4.5    38    59    46    55
    3157 00100011  -0.0369   0.2887   0.0200   0.0062    73   121    67    96    3.3    6.1    3.3    5.5    44    73    39    65
    3158 00100011  -0.0127   0.2835   0.0074   0.0023    67   102    66    89    2.5    4.6    3.1    4.8    38    56    42    65
    3159 00100011  -0.0501   0.2899  -0.0087  -0.0105    70    92    77    90    2.9    3.7    4.5    4.9    41    51    51    65
    3160 00100011  -0.0652   0.2580  -0.0147  -0.0187    87   131    67   113    4.8    6.8    3.3    6.9    59    76    33    70
    3161 00100011  -0.0598   0.2760  -0.0176  -0.0191    80   117    69    94    4.1    5.8    3.5    5.3    53    66    38    61
    3162 00100011  -0.0743   0.2675   0.0168  -0.0096    62    97    58    80    1.9    4.2    2.0    3.9    28    65    34    46
    3163 00100011  -0.0619   0.2656   0.0122   0.0112    96   123    66   106    5.7    6.2    3.1    6.4    64    74    31    72
    3164 00100011  -0.0292   0.2849   0.0179   0.0152    95   140    61   114    5.6    7.4    2.5    7.0    66    82    23    77
    3165 00100011  -0.0590   0.2733   0.0348   0.0429    58    89    52    75    1.3    3.4    1.1    3.3    24    38    20    45
    3166 00100011  -0.0632   0.3096   0.0441   0.0455    81   122    62   100    4.2    6.2    2.6    5.8    56    73    19    73
    3167 00100011  -0.1137   0.3054   0.0204   0.0357    52    98    50    76    0.3    4.3    0.7    3.5    11    52    13    52
    3168 00100011  -0.0951   0.3135   0.0223   0.0148    77   117    70    91    3.8    5.8    3.6    5.0    45    66    41    55
    3169 00100011  -0.0569   0.3420  -0.0051  -0.0098    75   105    67   104    3.5    4.9    3.3    6.2    43    63    32    72
    3170 00100011  -0.0291   0.3217  -0.0399  -0.0248    70   107    69    90    2.9    5.0    3.5    4.9    45    55    47    62
    3171 00100011  -0.0600   0.3417  -0.0038  -0.0113    66    95    63    84    2.4    4.0    2.7    4.3    38    54    30    50
    3172 00100011  -0.0549   0.3148  -0.0597  -0.0544    78   102    88   112    3.9    4.6    5.6    6.8    48    63    58    72
    3173 00100011  -0.0760   0.2721  -0.0642  -0.0586    72   102    58    76    3.2    4.6    2.0    3.5    47    59    36    49
    3174 00100011  -0.0392   0.2591  -0.0563  -0.0467    59    92    64    73    1.4    3.7    2.9    3.1    17    39    37    40
    3175 00100011  -0.0210   0.2699  -0.0231  -0.0223    89   124    70   111    5.0    6.3    3.6    6.8    61    71    38    67
    3176 00100011  -0.0591   0.2467  -0.0355  -0.0374    73   104    69    79    3.3    4.8    3.5    3.8    48    60    44    50
    3177 00100011  -0.0279   0.2656  -0.0129  -0.0131    94   107    81   117    5.5    5.0    4.9    7.2    64    64    55    77
    3178 00100011  -0.0314   0.2668  -0.0166  -0.0176    75   111    72    99    3.5    5.3    3.9    5.8    35    60    42    65
    3179 00100011  -0.0331   0.2650  -0.0325  -0.0241    60    92    56    73    1.6    3.7    1.7    3.1    28    43    22    38
    3180 00100011   0.0218   0.2538  -0.0206  -0.0309    57    82    67    69    1.1    2.7    3.3    2.6    24    44    48    21
    3181 00100011   0.0377   0.3350  -0.0393  -0.0527    61    91    72    86    1.7    3.6    3.9    4.5    20    55    48    55
    3182 00100011   0.0049   0.3397  -0.0485  -0.0500    82   111    54    96    4.3    5.3    1.4    5.5    46    63     8    62
    3183 00100011   0.0037   0.3478  -0.0557  -0.0620   109   134    89   135    6.8    7.0    5.7    8.5    73    84    58    85
    3184 00100011   0.0187   0.3274  -0.0523  -0.0457    82   123    64   118    4.3    6.2    2.9    7.3    49    68    36    77
    3185 00100011   0.0100   0.3185  -0.0538  -0.0594    96   137   101   128    5.7    7.2    6.8    8.0    67    79    68    82
    3186 00100011  -0.0024   0.2986  -0.0151  -0.0304    69    85    56    74    2.8    3.0    1.7    3.2    44    43    26    38
    3187 00100011   0.0273   0.2774  -0.0191  -0.0225    84   113    74   102    4.5    5.5    4.1    6.0    59    73    46    69
    3188 00100011   0.0658   0.2630   0.0071  -0.0128    52    83    56    69    0.3    2.8    1.7    2.6    18    48    31    34
    3189 00100011   0.0380   0.2687  -0.0079  -0.0063    53    84    62    67    0.5    2.9    2.6    2.4    13    34    38    36
    3190 00100011   0.0374   0.2416  -0.0040  -0.0066    87   126    91   110    4.8    6.4    5.9    6.7    58    71    63    74
    3191 00100011   0.0397   0.2633  -0.0123  -0.0164    91   135    75   122    5.2    7.0    4.2    7.6    58    79    56    78
    3192 00100011   0.0347   0.2721   0.0042   0.0005    85   120    85   108    4.6    6.0    5.3    6.5    62    75    64    71
    3193 00100011  -0.0024   0.2879   0.0060   0.0010    67   100    52    75    2.5    4.4    1.1    3.3    34    49    15    41
    3194 00100011   0.0271   0.3261  -0.0209  -0.0233   101   139    65   106    6.1    7.3    3.0    6.4    71    79    34    70
    3195 00100011   0.0140   0.3232  -0.0073  -0.0077    78   106    64    99    3.9    4.9    2.9    5.8    52    59    38    68
    3196 00100011   0.0465   0.3185  -0.0099  -0.0115    86   122    87   122    4.7    6.2    5.5    7.6    54    72    62    82
    3197 00100011   0.0182   0.3227  -0.0047  -0.0104    92   131    88   120    5.3    6.8    5.6    7.4    61    74    74    81
    3198 00100011   0.0240   0.2985   0.0210   0.0094    59    83    68    71    1.4    2.8    3.4    2.9    22    34    50    46
    3199 00100011   0.0133   0.3158   0.0038   0.0049    74   105    73   100    3.4    4.9    4.0    5.8    42    54    49    66
    3200 00100011  -0.0069   0.2984   0.0025   0.0004    85   118    91   110    4.6    5.9    5.9    6.7    57    71    64    78
    3201 00100011   0.0138   0.2871   0.0121   0.0041    87   120    76   112    4.8    6.0    4.4    6.8    63    80    56    75
    3202 00100011   0.0191   0.3209   0.0189   0.0145    87   123    73   106    4.8    6.2    4.0    6.4    56    74    44    75
    3203 00100011   0.0216   0.3246   0.0124   0.0140    66    87    58    78    2.4    3.2    2.0    3.7    32    39    35    49
    3204 00100011   0.0209   0.2977   0.0018   0.0060    60    80    57    70    1.6    2.5    1.9    2.8    26    33    31    34
    3205 00100011   0.0355   0.3053  -0.0024   0.0018    86   113    70   106    4.7    5.5    3.6    6.4    57    68    43    76
    3206 00100011   0.0158   0.3156  -0.0034   0.0016   106   128    66   115    6.5    6.6    3.1    7.1    69    78    30    78
    3207 00100011  -0.0114   0.3030   0.0150   0.0091    86   115    70   107    4.7    5.7    3.6    6.4    54    68    40    74
    3208 00100011   0.0034   0.3055   0.0237   0.0121    70   107    61    96    2.9    5.0    2.5    5.5    42    71    37    64
    3209 00100011   0.0013   0.3050   0.0131   0.0015    74   126    65   102    3.4    6.4    3.0    6.0    50    73    39    67
    3210 00100011  -0.0065   0.3316  -0.0005  -0.0049    93   136    82   102    5.4    7.1    5.0    6.0    57    79    52    69
    3211 00100011   0.0193   0.3279  -0.0013  -0.0074    70    97    63    85    2.9    4.2    2.7    4.4    47    51    40    51
    3212 00100011  -0.0045   0.3187   0.0001  -0.0018    62   102    52    88    1.9    4.6    1.1    4.7    34    57    20    59
    3213 00100011   0.0151   0.3255   0.0165   0.0112   100   133    74   122    6.0    6.9    4.1    7.6    61    72    41    73
    3214 00100011   0.0200   0.3489   0.0226   0.0169    69   105    74    80    2.8    4.9    4.1    3.9    43    61    54    53
    3215 00100011  -0.0054   0.3398   0.0245   0.0179    71   101    80    82    3.0    4.5    4.8    4.1    45    56    61    48
    3216 00100011  -0.0109   0.3262   0.0157   0.0067    97   129    92   120    5.8    6.6    6.0    7.4    65    77    65    80
    3217 00100011  -0.0394   0.3286   0.0229   0.0102    59    96    60    84    1.4    4.1    2.3    4.3    10    52    17    61
    3218 00100011  -0.0308   0.3183   0.0229   0.0104    91   121    57   106    5.2    6.1    1.9    6.4    61    74    25    68
    3219 00100011   0.0241   0.3056  -0.0054  -0.0062    70    96    62    81    2.9    4.1    2.6    4.0    37    50    40    54
    3220 00100011  -0.0110   0.2958  -0.0288  -0.0291    77    96    85    95    3.8    4.1    5.3    5.4    52    53    66    63
    3221 00100011   0.0042   0.3072  -0.0328  -0.0293    85   110    58   108    4.6    5.3    2.0    6.5    57    60    16    72
    3222 00100011  -0.0230   0.3117  -0.0044  -0.0141    77   104    62    75    3.8    4.8    2.6    3.3    50    62    31    37
    3223 00100011  -0.0189   0.2945   0.0042  -0.0056    75   115    77   109    3.5    5.7    4.5    6.6    47    69    49    69
    3224 00100011  -0.0476   0.3000   0.0105  -0.0009    87   114    66    93    4.8    5.6    3.1    5.2    60    73    42    61
    3225 00100011  -0.0290   0.3189   0.0027  -0.0064    62    95    69    72    1.9    4.0    3.5    3.0    23    53    47    34
    3226 00100011   0.0026   0.2976  -0.0205  -0.0172    74   117    57   101    3.4    5.8    1.9    5.9    45    67    25    63
    3227 00100011  -0.0246   0.2823   0.2486  -0.0092    48    73    45    60   -0.4    1.7   -0.2    1.4    10    22     6    20
    3228 00100011  -0.0341   0.3040   0.0026  -0.0028    74   101    63    92    3.4    4.5    2.7    5.1    51    59    35    65
    3229 00100011  -0.0192   0.2829   0.0042  -0.0003    83   113    69   100    4.4    5.5    3.5    5.8    53    66    41    74
    3230 00100011  -0.0296   0.3288   0.0106  -0.0024    71   107    74    91    3.0    5.0    4.1    5.0    40    62    46    56
    3231 00100011   0.4504   0.3034  -0.1202  -0.0012    57    79    50    63    1.1    2.4    0.7    1.8    27    41    16    22
    3232 00100011  -0.0476   0.3100  -0.0028  -0.0045    67    91    58    77    2.5    3.6    2.0    3.6    31    48    24    44
    3233 00100011  -0.0547   0.3136   0.0082  -0.0024    66    81    57    75    2.4    2.6    1.9    3.3    43    40    31    39
    3234 00100011  -0.0413   0.3187   0.0060   0.0025    72   107    60    79    3.2    5.0    2.3    3.8    39    62    28    48
    3235 00100011  -0.0694   0.3220   0.0270  -0.0081    52    90    53    69    0.3    3.5    1.2    2.6     8    50    15    40
    3236 00100011  -0.0102   0.2904  -0.0142  -0.0199    69    93    66    96    2.8    3.8    3.1    5.5    42    44    37    67
    3237 00100011  -0.0480   0.3106  -0.0096  -0.0167    74   106    63    87    3.4    4.9    2.7    4.6    44    68    34    57
    3238 00100011  -0.0403   0.3052  -0.0088  -0.0093    64    79    77   105    2.1    2.4    4.5    6.3    31    28    54    73
    3239 00100011  -0.0193   0.3128  -0.0024  -0.0081    73   116    90    95    3.3    5.7    5.8    5.4    41    70    60    64
    3240 00100011  -0.0179   0.2827   0.0148   0.0060    70    93    69    79    2.9    3.8    3.5    3.8    51    48    50    46
    3241 00100011  -0.0288   0.3231   0.0178   0.0126    73    86    62    86    3.3    3.1    2.6    4.5    34    43    20    55
    3242 00100011  -0.0482   0.2906   0.0151   0.0091    84   118    91    99    4.5    5.9    5.9    5.8    53    67    65    67
    3243 00100011  -0.0065   0.2884   0.0125   0.0117    87   119    77   106    4.8    5.9    4.5    6.4    62    68    58    71
    3244 00100011   0.0053   0.2730  -0.0049   0.0007    74    95    54    93    3.4    4.0    1.4    5.2    46    48    19    62
    3245 00100011  -0.0577   0.2779   0.0174   0.0017    66    90    58    72    2.4    3.5    2.0    3.0    33    56    24    39
    3246 00100011  -0.0354   0.2694   0.0148   0.0058    77   108    78    85    3.8    5.1    4.6    4.4    52    63    58    58
    3247 00100011  -0.0289   0.2765  -0.0175  -0.0198    86   111    74   116    4.7    5.3    4.1    7.1    64    65    57    78
    3248 00100011  -0.0250   0.2538  -0.0333  -0.0204    56   104    54    78    1.0    4.8    1.4    3.7    34    57    32    60
    3249 00100011  -0.0687   0.2720  -0.0081  -0.0148    88   124    88   117    4.9    6.3    5.6    7.2    58    73    58    79
    3250 00100011  -0.0429   0.2721  -0.0115  -0.0156   103   137    79   120    6.3    7.2    4.7    7.4    70    82    55    79
    3251 00100011  -0.0419   0.2458   0.0072  -0.0018    60    90    57    72    1.6    3.5    1.9    3.0    33    43    36    42
    3252 00100011  -0.0769   0.2825  -0.0045  -0.0025    62    91    64    89    1.9    3.6    2.9    4.8    32    53    33    67
    3253 00100011  -0.0449   0.2697  -0.0049  -0.0134   100   126    82   105    6.0    6.4    5.0    6.3    68    77    52    71
    3254 00100011   0.0058   0.2644  -0.0254  -0.0132    67    88    49    77    2.5    3.3    0.5    3.6    43    39     9    54
    3255 00100011  -0.0318   0.2580  -0.0157  -0.0195    89   125    74    95    5.0    6.4    4.1    5.4    65    76    37    65
    3256 00100011  -0.0377   0.2597   0.0016  -0.0094    53    88    56    76    0.5    3.3    1.7    3.5    15    43    30    41
    3257 00100011  -0.0581   0.2528  -0.0117  -0.0265    56    96    62    86    1.0    4.1    2.6    4.5    21    60    36    55
    3258 00100011  -0.0049   0.2618  -0.0427  -0.0298    68    98    53    76    2.7    4.3    1.2    3.5    41    56     4    50
    3259 00100011  -0.0111   0.2878  -0.0147  -0.0214    72    95    68    84    3.2    4.0    3.4    4.3    46    56    43    60
    3260 00100011  -0.0402   0.3020  -0.0111  -0.0185    58    76    53    68    1.3    2.1    1.2    2.5    26    29    17    26
    3261 00100011   0.0068   0.2949  -0.0155  -0.0178    73    98    75    98    3.3    4.3    4.2    5.7    50    63    56    70
    3262 00100011  -0.0108   0.2158  -0.0078  -0.0127    67    90    64    73    2.5    3.5    2.9    3.1    33    32    39    42
    3263 00100011  -0.0031   0.2662   0.0043   0.0039   112   148    76   141    7.0    7.8    4.4    8.8    71    85    42    83
    3264 00100011  -0.3162   0.2867   0.0583   0.0097    52    79    46    61    0.3    2.4    0.0    1.6     2    30     2    25
    3265 00100011  -0.0221   0.2309   0.0431   0.0394    53    79    61    65    0.5    2.4    2.5    2.1    15    37    45    24
    3266 00100011  -0.0241   0.2405   0.0505   0.0470    76   113    88   114    3.6    5.5    5.6    7.0    46    64    61    74
    3267 00100011  -0.0154   0.2373   0.0598   0.0443    59    93    59    77    1.4    3.8    2.2    3.6    25    51    33    41
    3268 00100011  -0.0087   0.2497   0.0555   0.0431    62    94    64    66    1.9    3.9    2.9    2.2    24    47    32    32
    3269 00100011   0.0035   0.2293   0.0340   0.0346    90   113    68   100    5.1    5.5    3.4    5.8    63    70    42    70
    3270 00100011  -0.0194   0.2263   0.0394   0.0193    72   100    51    81    3.2    4.4    0.9    4.0    42    56    14    49
    3271 00100011   0.0078   0.2328   0.0493   0.0361    69    93    67    69    2.8    3.8    3.3    2.6    34    48    38    29
    3272 00100011   0.0386   0.2830   0.0407   0.0313    82   121    88    95    4.3    6.1    5.6    5.4    55    70    67    65
    3273 00100011  -0.0028   0.3089   0.0762   0.0633    85   112    55   104    4.6    5.4    1.6    6.2    55    59    18    60
    3274 00100011   0.0390   0.2880   0.0463   0.0438    97   137    85   124    5.8    7.2    5.3    7.7    65    81    58    84
    3275 00100011   0.0327   0.2794   0.0410   0.0388   100   131    75   111    6.0    6.8    4.2    6.8    72    75    64    78
    3276 00100011   0.0221   0.2542  -0.0012   0.0086    67    99    52    76    2.5    4.3    1.1    3.5    40    52    17    44
    3277 00100011   0.0036   0.2543   0.0131   0.0121   101   140    75   120    6.1    7.4    4.2    7.4    67    84    56    80
    3278 00100011  -0.0760   0.2043   0.0147   0.0241    51    69    58    60    0.2    1.2    2.0    1.4    13     8    40    21
    3279 00100011  -0.0291   0.2421   0.0288   0.0258    72    91    66    92    3.2    3.6    3.1    5.1    48    47    42    65
    3280 00100011  -0.0106   0.2428   0.0249   0.0220    90   130    82   120    5.1    6.7    5.0    7.4    59    76    59    77
    3281 00100011  -0.0247   0.2074   0.0458   0.0417   103   133    98   138    6.3    6.9    6.6    8.6    69    76    58    81
    3282 00100011  -0.0297   0.2049   0.0626   0.0637    68   112    64    94    2.7    5.4    2.9    5.3    28    65    33    55
    3283 00100011  -0.0435   0.2596   0.0182   0.0217    77   110    69    91    3.8    5.3    3.5    5.0    49    56    45    63
    3284 00100011  -0.0487   0.2378  -0.0101  -0.0069    71   116    78    94    3.0    5.7    4.6    5.3    44    67    56    71
    3285 00100011  -0.0254   0.2459  -0.0177  -0.0171    84    98    62    99    4.5    4.3    2.6    5.8    54    52    32    66
    3286 00100011  -0.0964   0.2655  -0.0037  -0.0307    62    99    49    81    1.9    4.3    0.5    4.0    33    55    12    53
    3287 00100011  -0.0315   0.2347  -0.0146  -0.0208    97   120    78   105    5.8    6.0    4.6    6.3    65    70    52    75
    3288 00100011  -0.0351   0.2173  -0.0210  -0.0211    73   104    81    85    3.3    4.8    4.9    4.4    45    60    58    54
    3289 00100011   0.0028   0.2407  -0.0020  -0.0075    73   108    76   110    3.3    5.1    4.4    6.7    38    59    48    72
    3290 00100011   0.0023   0.2247  -0.0220  -0.0118    66   121    52    93    2.4    6.1    1.1    5.2    32    76    16    67
    3291 00100011  -0.0108   0.1939   0.0017  -0.0128    49    77    46    65   -0.2    2.2    0.0    2.1    13    36    10    26
    3292 00100011  -0.0314   0.2181   0.0185   0.0093    70    98    63    87    2.9    4.3    2.7    4.6    44    51    33    55
    3293 00100011   0.0227   0.2315   0.0024   0.0190    68    97    51    73    2.7    4.2    0.9    3.1    33    57     3    47
    3294 00100011  -0.0247   0.2348   0.0208   0.0191    92   108    71   105    5.3    5.1    3.8    6.3    66    68    45    77
    3295 00100011  -0.0449   0.2401   0.0264   0.0213    85   116    62    88    4.6    5.7    2.6    4.7    56    69    31    50
    3296 00100011  -0.0453   0.2483   0.0124   0.0061   109   136    75   129    6.8    7.1    4.2    8.1    73    86    48    83
    3297 00100011  -0.0437   0.2381  -0.0068  -0.0054    82   123    64    97    4.3    6.2    2.9    5.6    52    71    29    69
    3298 00100011  -0.0393   0.2400   0.0106   0.0090    83   114    70    94    4.4    5.6    3.6    5.3    54    60    42    61
    3299 00100011  -0.0304   0.2616  -0.0008  -0.0056    76   115    52    83    3.6    5.7    1.1    4.2    49    70    16    56
    3300 00100011  -0.0148   0.2388   0.0095   0.0115    79   106    74    96    4.0    4.9    4.1    5.5    59    62    50    75
    3301 00100011   0.0693   0.2482  -0.0264   0.0080    64   102    49    75    2.1    4.6    0.5    3.3    27    51     5    40
    3302 00100011  -0.0213   0.2595   0.0150   0.0165    78    95    58    93    3.9    4.0    2.0    5.2    58    52    31    65
    3303 00100011  -0.0289   0.2513   0.0267   0.0193    79    94    74    86    4.0    3.9    4.1    4.5    56    57    51    63
    3304 00100011  -0.0249   0.2504   0.0188   0.0125    58    95    54    80    1.3    4.0    1.4    3.9    31    55    27    47
    3305 00100011  -0.0131   0.2709   0.0032  -0.0006    63    93    49    75    2.0    3.8    0.5    3.3    40    54    12    43
    3306 00100011  -0.0142   0.2683  -0.0023  -0.0065    77   109    78   107    3.8    5.2    4.6    6.4    48    70    52    71
    3307 00100011  -0.0275   0.2604  -0.0348  -0.0374    82   112    74   112    4.3    5.4    4.1    6.8    58    71    44    74
    3308 00100011  -0.0110   0.2356  -0.0221  -0.0263    70   101    67    77    2.9    4.5    3.3    3.6    45    52    43    54
    3309 00100011  -0.0185   0.2394  -0.0250  -0.0289    88   126    92   129    4.9    6.4    6.0    8.1    53    73    63    80
    3310 00100011   0.0067   0.2425  -0.0130  -0.0158   105   139    73   117    6.4    7.3    4.0    7.2    72    81    42    81
    3311 00100011   0.0063   0.2373   0.0112   0.0018   102   127    99   119    6.2    6.5    6.7    7.4    61    66    66    77
    3312 00100011   0.0276   0.2779   0.0055   0.0049    84   118    80   107    4.5    5.9    4.8    6.4    51    76    47    76
    3313 00100011   0.0253   0.2636   0.0032  -0.0108    64    93    72    81    2.1    3.8    3.9    4.0    33    55    55    46
    3314 00100011   0.0049   0.2633  -0.0212  -0.0239    72   104    73    96    3.2    4.8    4.0    5.5    43    62    55    71
    3315 00100011   0.0002   0.2552  -0.0127  -0.0137    89   128    71   100    5.0    6.6    3.8    5.8    58    68    41    67
    3316 00100011   0.0195   0.2464  -0.0219  -0.0107    64   112    52    90    2.1    5.4    1.1    4.9    30    64    19    63
    3317 00100011   0.0112   0.2682  -0.0203  -0.0203   103   122    68   117    6.3    6.2    3.4    7.2    74    79    45    78
    3318 00100011   0.0172   0.2593  -0.0207  -0.0254   102   128    73   123    6.2    6.6    4.0    7.6    67    77    44    80
    3319 00100011  -0.0083   0.2605  -0.0155  -0.0157    92   138    65   113    5.3    7.2    3.0    6.9    62    78    32    76
    3320 00100011   0.0195   0.2610  -0.0199  -0.0219    87   126    78   129    4.8    6.4    4.6    8.1    64    74    54    80
    3321 00100011  -0.0023   0.2752  -0.0051  -0.0151    59    86    66    80    1.4    3.1    3.1    3.9    26    45    38    42
    3322 00100011  -0.0158   0.2869   0.0036  -0.0001    85   114    78    96    4.6    5.6    4.6    5.5    56    68    54    63
    3323 00100011  -0.0451   0.2920  -0.0457  -0.0475    73    91    80    98    3.3    3.6    4.8    5.7    48    53    57    65
    3324 00100011  -0.0459   0.2930  -0.0344  -0.0393    83   121    82    97    4.4    6.1    5.0    5.6    52    68    59    60
    3325 00100011  -0.0264   0.2923  -0.0327  -0.0280    66    89    61    76    2.4    3.4    2.5    3.5    45    42    42    56
    3326 00100011  -0.0971   0.3017  -0.0318  -0.0425    77   115    71   104    3.8    5.7    3.8    6.2    48    67    39    61
    3327 00100011  -0.0680   0.2879   0.0033   0.0025    75    97    69   102    3.5    4.2    3.5    6.0    50    53    43    75
    3328 00100011  -0.0612   0.2640  -0.0078  -0.0084    77   124    75   103    3.8    6.3    4.2    6.1    56    75    57    74
