time,V_ai0,V_ai1,V_ai2
0,-4.33457681606843,-0.0803773731136506,-5.45238557180933
0.0025,-4.3192934425088,-0.0803773731136506,-5.38617501802009
0.005,-4.3192934425088,-0.0803773731136506,-5.42182685467583
0.0075,-4.3192934425088,-0.0803773731136506,-5.42691997419808
0.01,-4.31419898465559,-0.0803773731136506,-5.40654749610908
0.0125,-4.11042067052716,-0.0803773731136506,-5.55934108177657
0.015,-3.95758693493085,-0.0803773731136506,-5.42182685467583
0.0175,-3.94739801922443,-0.0803773731136506,-5.43710621324258
0.02,-3.94739801922443,-0.0803773731136506,-5.42691997419808
0.0225,-3.74871416294921,-0.0803773731136506,-5.42182685467583
0.025,-3.74871416294921,-0.0803773731136506,-5.46257181085383
0.0275,-3.67229729515105,-0.0803773731136506,-5.44729245228708
0.03,-3.64173054803179,-0.0803773731136506,-5.45747869133158
0.0325,-3.61116380091253,-0.0803773731136506,-5.46766493037608
0.035,-3.62135271661895,-0.0803773731136506,-5.42691997419808
0.0375,-3.59078596949968,-0.0803773731136506,-5.45238557180933
0.04,-3.63154163232537,-0.0803773731136506,-5.46257181085383
0.0425,-3.56531368023363,-0.0803773731136506,-5.43710621324258
0.045,-3.53474693311437,-0.0803773731136506,-5.47275804989833
0.0475,-3.51946355955474,-0.0803773731136506,-5.51350300607633
0.05,-3.53474693311437,-0.0803773731136506,-5.42182685467583
0.0525,-3.51436910170153,-0.0803773731136506,-5.48803740846508
0.055,-3.47361343887584,-0.0803773731136506,-5.52878236464307
0.0575,-3.51436910170153,-0.0803773731136506,-5.41673373515358
0.06,-3.46851898102263,-0.0803773731136506,-5.51350300607633
0.0625,-3.46342452316942,-0.0803773731136506,-5.49313052798733
0.065,-3.51946355955474,-0.0803773731136506,-5.38108189849784
0.0675,-3.51946355955474,-0.0803773731136506,-5.38108189849784
0.07,-3.51946355955474,-0.0803773731136506,-5.38108189849784
0.0725,-0.0959878821972175,-0.0803773731136506,-5.38617501802009
0.075,-0.0959878821972175,-0.0803773731136506,-5.38108189849784
0.0775,-0.0959878821972175,-0.0803773731136506,-5.39126813754234
0.08,-0.0908934243440065,-0.0803773731136506,-5.38617501802009
0.0825,-3.58059705379326,-0.0803773731136506,-5.40145437658683
0.085,-3.53984139096758,-0.0803773731136506,-5.40145437658683
0.0875,-3.58569151164647,-0.0803773731136506,-5.41673373515358
0.09,-3.56531368023363,-0.0803773731136506,-5.40654749610908
0.0925,-3.550030306674,-0.0803773731136506,-5.41673373515358
0.095,-3.51946355955474,-0.0803773731136506,-5.39126813754234
0.0975,-3.56531368023363,-0.0803773731136506,-5.43201309372033
0.1,-3.51946355955474,-0.0803773731136506,-5.43710621324258
0.1025,-3.48889681243547,-0.0803773731136506,-5.42182685467583
0.105,-3.53474693311437,-0.0803773731136506,-5.44729245228708
0.1075,-3.56021922238042,-0.0803773731136506,-5.46257181085383
0.11,-3.61116380091253,-0.0803773731136506,-5.45238557180933
0.1125,-3.60097488520611,-0.0803773731136506,-5.45747869133158
0.115,-3.59588042735289,-0.0803773731136506,-5.46257181085383
0.1175,-3.57550259594005,-0.0803773731136506,-5.49822364750958
0.12,-3.57550259594005,-0.0803773731136506,-5.53387548416532
0.1225,-3.52965247526116,-0.0803773731136506,-5.51350300607633
0.125,-3.56021922238042,-0.0803773731136506,-5.52368924512082
0.1275,-3.56531368023363,-0.0803773731136506,-5.50331676703183
0.13,-3.49908572814189,-0.0803773731136506,-5.54406172320982
0.1325,-3.72833633153637,-0.0803773731136506,-5.53896860368757
0.135,-3.46851898102263,-0.0803773731136506,-5.51859612559857
0.1375,-3.46851898102263,-0.0803773731136506,-5.51859612559857
0.14,-3.61116380091253,-0.0803773731136506,-5.56952732082107
0.1425,-3.44814114960979,-0.0803773731136506,-5.54406172320982
0.145,-3.43285777605016,-0.0803773731136506,-5.55934108177657
0.1475,-3.47870789672905,-0.075281680307862,-5.45747869133158
0.15,-3.44814114960979,-0.0803773731136506,-5.46766493037608
0.1525,-3.44814114960979,-0.0803773731136506,-5.46257181085383
0.155,-3.43795223390337,-0.0803773731136506,-5.49313052798733
0.1575,-3.43795223390337,-0.0803773731136506,-5.55934108177657
0.16,-3.453235607463,-0.0803773731136506,-5.45747869133158
0.1625,-3.44304669175658,-0.0803773731136506,-5.45747869133158
0.165,-3.43285777605016,-0.0803773731136506,-5.46257181085383
0.1675,-3.42776331819694,-0.0803773731136506,-5.45238557180933
0.17,-3.42266886034373,-0.0803773731136506,-5.46766493037608
0.1725,-3.43795223390337,-0.0803773731136506,-5.46257181085383
0.175,-3.43285777605016,-0.0803773731136506,-5.47275804989833
0.1775,-3.43285777605016,-0.0803773731136506,-5.45238557180933
0.18,-3.38700765537126,-0.0803773731136506,-5.49822364750958
0.1825,-3.52965247526116,-0.0803773731136506,-5.47785116942058
0.185,-3.40229102893089,-0.0803773731136506,-5.47785116942058
0.1875,-3.42266886034373,-0.0803773731136506,-5.48294428894283
0.19,-3.40229102893089,-0.0803773731136506,-5.50840988655408
0.1925,-3.42776331819694,-0.0803773731136506,-5.51859612559857
0.195,-3.44304669175658,-0.0803773731136506,-5.51350300607633
0.1975,-3.43795223390337,-0.0803773731136506,-5.52878236464307
0.2,-3.5041801859951,-0.0803773731136506,-5.53387548416532
0.2025,-3.51436910170153,-0.0803773731136506,-5.54406172320982
0.205,-3.56021922238042,-0.0803773731136506,-5.55424796225432
0.2075,-3.48380235458226,-0.0803773731136506,-5.56952732082107
0.21,-3.56021922238042,-0.0803773731136506,-5.60008603795457
0.2125,-3.51946355955474,-0.0803773731136506,-5.65101723317706
0.215,-3.46342452316942,-0.0803773731136506,-5.68157595031056
0.2175,-3.46342452316942,-0.0803773731136506,-5.61536539652132
0.22,-3.51946355955474,-0.0803773731136506,-5.61536539652132
0.2225,-3.53474693311437,-0.0803773731136506,-5.58480667938782
0.225,-3.57040813808684,-0.0803773731136506,-5.58989979891007
0.2275,-3.54493584882079,-0.0803773731136506,-5.58480667938782
0.23,-3.51946355955474,-0.0803773731136506,-5.65611035269931
0.2325,-3.55512476452721,-0.0803773731136506,-5.61027227699907
0.235,-3.54493584882079,-0.0803773731136506,-5.65611035269931
0.2375,-3.56531368023363,-0.0803773731136506,-5.62555163556582
0.24,-3.58569151164647,-0.0803773731136506,-5.60517915747682
0.2425,-3.59078596949968,-0.0803773731136506,-5.60517915747682
0.245,-3.61625825876574,-0.0803773731136506,-5.62045851604357
0.2475,-3.59588042735289,-0.0803773731136506,-5.60517915747682
0.25,-3.58569151164647,-0.0803773731136506,-5.64592411365481
0.2525,-3.57040813808684,-0.0803773731136506,-5.65611035269931
0.255,-3.58569151164647,-0.0803773731136506,-5.66120347222156
0.2575,-3.61116380091253,-0.0803773731136506,-5.62045851604357
0.26,-3.59078596949968,-0.0803773731136506,-5.61027227699907
0.2625,-3.75380862080242,-0.0803773731136506,-5.60517915747682
0.265,-3.60097488520611,-0.0803773731136506,-5.62045851604357
0.2675,-3.71305295797674,-0.0803773731136506,-5.61536539652132
0.27,-3.68758066871069,-0.0803773731136506,-5.62555163556582
0.2725,-3.78437536792169,-0.0803773731136506,-5.62555163556582
0.275,-3.75890307865563,-0.0803773731136506,-5.63573787461031
0.2775,-3.74871416294921,-0.0803773731136506,-5.64592411365481
0.28,-3.72324187368316,-0.0803773731136506,-5.68666906983281
0.2825,-3.74871416294921,-0.0803773731136506,-5.66120347222156
0.285,-3.74871416294921,-0.0803773731136506,-5.69176218935506
0.2875,-3.74871416294921,-0.0803773731136506,-5.66629659174381
0.29,-3.743619705096,-0.0803773731136506,-5.67648283078831
0.2925,-3.743619705096,-0.0803773731136506,-5.68666906983281
0.295,-3.73852524724279,-0.0803773731136506,-5.72232090648856
0.2975,-3.73852524724279,-0.0803773731136506,-5.66120347222156
0.3,-3.743619705096,-0.0803773731136506,-5.75287962362205
0.3025,-3.74871416294921,-0.0803773731136506,-5.71722778696631
0.305,-3.75380862080242,-0.0803773731136506,-5.72232090648856
0.3075,-3.74871416294921,-0.0803773731136506,-5.74269338457756
0.31,-3.75890307865563,-0.0803773731136506,-5.64083099413256
0.3125,-3.76399753650884,-0.0803773731136506,-5.65101723317706
0.315,-3.77418645221527,-0.0803773731136506,-5.64083099413256
0.3175,-3.77928091006848,-0.0803773731136506,-5.62045851604357
0.32,-3.76399753650884,-0.0803773731136506,-5.61536539652132
0.3225,-3.76399753650884,-0.0803773731136506,-5.62045851604357
0.325,-3.79456428362811,-0.0803773731136506,-5.61027227699907
0.3275,-3.79965874148132,-0.0803773731136506,-5.62045851604357
0.33,-3.81494211504095,-0.0803773731136506,-5.61536539652132
0.3325,-3.80984765718774,-0.0803773731136506,-5.63573787461031
0.335,-3.80984765718774,-0.0803773731136506,-5.64592411365481
0.3375,-3.80984765718774,-0.0803773731136506,-5.65611035269931
0.34,-3.82003657289416,-0.0803773731136506,-5.64592411365481
0.3425,-3.82003657289416,-0.0803773731136506,-5.66120347222156
0.345,-3.840414404307,-0.0803773731136506,-5.67648283078831
0.3475,-3.79965874148132,-0.0803773731136506,-5.67648283078831
0.35,-3.79456428362811,-0.0803773731136506,-5.68666906983281
0.3525,-3.83531994645379,-0.0803773731136506,-5.66629659174381
0.355,-3.86079223571985,-0.0854730659194392,-5.67138971126606
0.3575,-3.83531994645379,-0.0803773731136506,-5.68666906983281
0.36,-3.83022548860058,-0.0803773731136506,-5.69685530887731
0.3625,-3.80475319933453,-0.0803773731136506,-5.68666906983281
0.365,-3.79456428362811,-0.0803773731136506,-5.72741402601081
0.3675,-3.79456428362811,-0.0803773731136506,-5.76306586266655
0.37,-3.79456428362811,-0.0803773731136506,-5.70194842839956
0.3725,-3.7894698257749,-0.0803773731136506,-5.72741402601081
0.375,-3.75890307865563,-0.0803773731136506,-5.71213466744406
0.3775,-3.76399753650884,-0.0803773731136506,-5.71722778696631
0.38,-3.76399753650884,-0.0803773731136506,-5.72232090648856
0.3825,-3.76399753650884,-0.0803773731136506,-5.72232090648856
0.385,-3.75890307865563,-0.0803773731136506,-5.73760026505531
0.3875,-3.73343078938958,-0.0803773731136506,-5.70704154792181
0.39,-3.73852524724279,-0.0803773731136506,-5.70704154792181
0.3925,-3.743619705096,-0.0803773731136506,-5.71213466744406
0.395,-3.76399753650884,-0.0803773731136506,-5.71722778696631
0.3975,-3.75890307865563,-0.0803773731136506,-5.72232090648856
0.4,-3.75380862080242,-0.0803773731136506,-5.70194842839956
0.4025,-3.74871416294921,-0.0803773731136506,-5.70704154792181
0.405,-3.7894698257749,-0.0803773731136506,-5.78343834075555
0.4075,-3.79456428362811,-0.0803773731136506,-5.77325210171105
0.41,-3.76909199436206,-0.0803773731136506,-5.74778650409981
0.4125,-3.76399753650884,-0.0803773731136506,-5.72232090648856
0.415,-3.76399753650884,-0.0803773731136506,-5.74269338457756
0.4175,-3.72833633153637,-0.0803773731136506,-5.68157595031056
0.42,-3.77418645221527,-0.0803773731136506,-5.74778650409981
0.4225,-3.76399753650884,-0.0803773731136506,-5.7579727431443
0.425,-3.75890307865563,-0.0803773731136506,-5.75287962362205
0.4275,-3.74871416294921,-0.0803773731136506,-5.7579727431443
0.43,-3.74871416294921,-0.0803773731136506,-5.77325210171105
0.4325,-3.74871416294921,-0.0803773731136506,-5.7783452212333
0.435,-3.74871416294921,-0.0803773731136506,-5.77325210171105
0.4375,-3.74871416294921,-0.0803773731136506,-5.72741402601081
0.44,-3.74871416294921,-0.0803773731136506,-5.7579727431443
0.4425,-3.743619705096,-0.0803773731136506,-5.76306586266655
0.445,-3.74871416294921,-0.0803773731136506,-5.70194842839956
0.4475,-3.77928091006848,-0.0803773731136506,-5.7885314602778
0.45,-3.78437536792169,-0.0803773731136506,-5.7885314602778
0.4525,-3.72833633153637,-0.0803773731136506,-5.69176218935506
0.455,-3.77418645221527,-0.0803773731136506,-5.70194842839956
0.4575,-3.76909199436206,-0.0803773731136506,-5.69685530887731
0.46,-3.79965874148132,-0.0803773731136506,-5.70704154792181
0.4625,-3.77928091006848,-0.0803773731136506,-5.70704154792181
0.465,-3.63154163232537,-0.0803773731136506,-5.69685530887731
0.4675,-3.62135271661895,-0.0803773731136506,-5.69176218935506
0.47,-3.62644717447216,-0.0803773731136506,-5.70704154792181
0.4725,-3.62135271661895,-0.0803773731136506,-5.70194842839956
0.475,-3.62135271661895,-0.0803773731136506,-5.71722778696631
0.4775,-3.62135271661895,-0.0803773731136506,-5.71722778696631
0.48,-3.61625825876574,-0.0803773731136506,-5.75287962362205
0.4825,-3.61116380091253,-0.0803773731136506,-5.74269338457756
0.485,-3.60606934305932,-0.0803773731136506,-5.73760026505531
0.4875,-3.60606934305932,-0.0803773731136506,-5.73760026505531
0.49,-3.61116380091253,-0.0803773731136506,-5.72741402601081
0.4925,-3.61116380091253,-0.0803773731136506,-5.74778650409981
0.495,-3.60606934305932,-0.0803773731136506,-5.7579727431443
0.4975,-3.60606934305932,-0.0803773731136506,-5.73250714553306
0.5,-3.65191946373821,-0.0803773731136506,-5.72741402601081
0.5025,-3.65191946373821,-0.0803773731136506,-5.67648283078831
0.505,-3.62644717447216,-0.0803773731136506,-5.66629659174381
0.5075,-3.62135271661895,-0.0803773731136506,-5.66629659174381
0.51,-3.66720283729784,-0.0803773731136506,-5.65611035269931
0.5125,-3.646825005885,-0.0803773731136506,-5.66120347222156
0.515,-3.65191946373821,-0.0803773731136506,-5.65101723317706
0.5175,-3.6926751265639,-0.0803773731136506,-5.65611035269931
0.52,-3.66210837944463,-0.0803773731136506,-5.64592411365481
0.5225,-3.67739175300426,-0.0803773731136506,-5.68157595031056
0.525,-3.65191946373821,-0.0803773731136506,-5.69685530887731
0.5275,-3.66720283729784,-0.0803773731136506,-5.66120347222156
0.53,-3.66720283729784,-0.0803773731136506,-5.65611035269931
0.5325,-3.65701392159142,-0.0803773731136506,-5.66629659174381
0.535,-3.66210837944463,-0.0803773731136506,-5.63573787461031
0.5375,-3.65701392159142,-0.0803773731136506,-5.67138971126606
0.54,-3.67739175300426,-0.0803773731136506,-5.63573787461031
0.5425,-3.64173054803179,-0.0803773731136506,-5.61536539652132
0.545,-3.63663609017858,-0.075281680307862,-5.60517915747682
0.5475,-3.62644717447216,-0.0803773731136506,-5.63573787461031
0.55,-3.60606934305932,-0.0803773731136506,-5.66629659174381
0.5525,-3.550030306674,-0.0803773731136506,-5.70194842839956
0.555,-3.60097488520611,-0.0803773731136506,-5.67648283078831
0.5575,-3.54493584882079,-0.0803773731136506,-5.70194842839956
0.56,-3.57550259594005,-0.0803773731136506,-5.65611035269931
0.5625,-3.47870789672905,-0.0803773731136506,-5.65611035269931
0.565,-3.45833006531621,-0.0803773731136506,-5.66629659174381
0.5675,-3.44304669175658,-0.0803773731136506,-5.63064475508807
0.57,-3.42776331819694,-0.0803773731136506,-5.65611035269931
0.5725,-3.43795223390337,-0.0803773731136506,-5.63573787461031
0.575,-3.40229102893089,-0.0803773731136506,-5.61536539652132
0.5775,-3.38700765537126,-0.0803773731136506,-5.61027227699907
0.58,-3.37172428181163,-0.0803773731136506,-5.61536539652132
0.5825,-3.36153536610521,-0.0854730659194392,-5.54406172320982
0.585,-3.41247994463731,-0.0803773731136506,-5.61027227699907
0.5875,-3.37172428181163,-0.0803773731136506,-5.63064475508807
0.59,-3.32077970327952,-0.0803773731136506,-5.63573787461031
0.5925,-3.31568524542631,-0.0803773731136506,-5.59499291843232
0.595,-3.33096861898594,-0.0803773731136506,-5.61027227699907
0.5975,-3.29530741401347,-0.0803773731136506,-5.63573787461031
0.6,-3.31568524542631,-0.0803773731136506,-5.67138971126606
0.6025,-3.34625199254558,-0.0803773731136506,-5.58480667938782
0.605,-3.30549632971989,-0.0803773731136506,-5.65611035269931
0.6075,-3.31568524542631,-0.0803773731136506,-5.60008603795457
0.61,-3.30040187186668,-0.0803773731136506,-5.65611035269931
0.6125,-3.31568524542631,-0.0803773731136506,-5.57971355986557
0.615,-3.26474066689421,-0.0803773731136506,-5.58480667938782
0.6175,-3.24945729333457,-0.0803773731136506,-5.62045851604357
0.62,-3.24436283548136,-0.0803773731136506,-5.56952732082107
0.6225,-3.23926837762815,-0.0803773731136506,-5.57971355986557
0.625,-3.24436283548136,-0.0803773731136506,-5.60008603795457
0.6275,-3.23926837762815,-0.0803773731136506,-5.61027227699907
0.63,-3.25455175118779,-0.0803773731136506,-5.63573787461031
0.6325,-3.25455175118779,-0.0803773731136506,-5.61027227699907
0.635,-3.25455175118779,-0.0803773731136506,-5.62555163556582
0.6375,-3.25455175118779,-0.0803773731136506,-5.61027227699907
0.64,-3.259646209041,-0.0803773731136506,-5.57971355986557
0.6425,-3.259646209041,-0.0803773731136506,-5.61536539652132
0.645,-3.27492958260063,-0.0803773731136506,-5.62555163556582
0.6475,-3.25455175118779,-0.0803773731136506,-5.60008603795457
0.65,-3.26474066689421,-0.0803773731136506,-5.58989979891007
0.6525,-3.26474066689421,-0.0803773731136506,-5.60517915747682
0.655,-3.28002404045384,-0.0803773731136506,-5.58480667938782
0.6575,-3.25455175118779,-0.0803773731136506,-5.59499291843232
0.66,-3.25455175118779,-0.0803773731136506,-5.57462044034332
0.6625,-3.26474066689421,-0.0803773731136506,-5.57462044034332
0.665,-3.27492958260063,-0.0803773731136506,-5.56952732082107
0.6675,-3.28002404045384,-0.0803773731136506,-5.56952732082107
0.67,-3.27492958260063,-0.0803773731136506,-5.56952732082107
0.6725,-3.29530741401347,-0.0803773731136506,-5.56952732082107
0.675,-3.33606307683915,-0.0803773731136506,-5.55424796225432
0.6775,-3.28002404045384,-0.0803773731136506,-5.61536539652132
0.68,-3.28511849830705,-0.0803773731136506,-5.69176218935506
0.6825,-3.28511849830705,-0.0803773731136506,-5.57971355986557
0.685,-3.28002404045384,-0.0803773731136506,-5.65101723317706
0.6875,-3.29021295616026,-0.0803773731136506,-5.57462044034332
0.69,-3.28511849830705,-0.0803773731136506,-5.59499291843232
0.6925,-3.259646209041,-0.0803773731136506,-5.58989979891007
0.695,-3.26983512474742,-0.0803773731136506,-5.57971355986557
0.6975,-3.26474066689421,-0.0803773731136506,-5.61027227699907
0.7,-3.26474066689421,-0.0803773731136506,-5.59499291843232
0.7025,-3.26983512474742,-0.0803773731136506,-5.59499291843232
0.705,-3.259646209041,-0.0803773731136506,-5.62555163556582
0.7075,-3.26474066689421,-0.0803773731136506,-5.62555163556582
0.71,-3.26474066689421,-0.0803773731136506,-5.62045851604357
0.7125,-3.24945729333457,-0.0803773731136506,-5.60517915747682
0.715,-3.25455175118779,-0.0803773731136506,-5.57971355986557
0.7175,-3.29021295616026,-0.0803773731136506,-5.58989979891007
0.72,-3.23417391977494,-0.0803773731136506,-5.57462044034332
0.7225,-3.32077970327952,-0.0803773731136506,-5.57971355986557
0.725,-3.33096861898594,-0.0803773731136506,-5.61027227699907
0.7275,-3.22398500406852,-0.0803773731136506,-5.57462044034332
0.73,-3.23417391977494,-0.0803773731136506,-5.56443420129882
0.7325,-3.23926837762815,-0.0803773731136506,-5.56952732082107
0.735,-3.33606307683915,-0.0803773731136506,-5.55934108177657
0.7375,-3.27492958260063,-0.0803773731136506,-5.57462044034332
0.74,-3.29021295616026,-0.0803773731136506,-5.56443420129882
0.7425,-3.28002404045384,-0.0803773731136506,-5.58989979891007
0.745,-3.31568524542631,-0.0803773731136506,-5.57971355986557
0.7475,-3.37172428181163,-0.0803773731136506,-5.58480667938782
0.75,-3.33096861898594,-0.0803773731136506,-5.57462044034332
0.7525,-3.39210211322447,-0.0803773731136506,-5.57462044034332
0.755,-3.37681873966484,-0.0803773731136506,-5.53387548416532
0.7575,-3.356440908252,-0.0803773731136506,-5.50331676703183
0.76,-3.38191319751805,-0.0803773731136506,-5.53387548416532
0.7625,-3.36662982395842,-0.0803773731136506,-5.53387548416532
0.765,-3.39210211322447,-0.0803773731136506,-5.55934108177657
0.7675,-3.37172428181163,-0.0803773731136506,-5.58480667938782
0.77,-3.38191319751805,-0.0803773731136506,-5.52878236464307
0.7725,-3.41757440249052,-0.0803773731136506,-5.55424796225432
0.775,-3.42266886034373,-0.0803773731136506,-5.54915484273207
0.7775,-3.41247994463731,-0.0803773731136506,-5.50840988655408
0.78,-3.43285777605016,-0.0803773731136506,-5.53896860368757
0.7825,-3.44304669175658,-0.0803773731136506,-5.52368924512082
0.785,-3.45833006531621,-0.0803773731136506,-5.56443420129882
0.7875,-3.51946355955474,-0.0803773731136506,-5.50840988655408
0.79,-3.53474693311437,-0.0803773731136506,-5.52368924512082
0.7925,-3.53474693311437,-0.0803773731136506,-5.51859612559857
0.795,-3.55512476452721,-0.0803773731136506,-5.52878236464307
0.7975,-3.52965247526116,-0.0803773731136506,-5.51350300607633
0.8,-3.52965247526116,-0.0803773731136506,-5.51859612559857
0.8025,-3.56531368023363,-0.0803773731136506,-5.57462044034332
0.805,-3.53984139096758,-0.0803773731136506,-5.53387548416532
0.8075,-3.53474693311437,-0.0803773731136506,-5.50331676703183
0.81,-3.53984139096758,-0.0803773731136506,-5.50331676703183
0.8125,-3.53984139096758,-0.0803773731136506,-5.53387548416532
0.815,-3.54493584882079,-0.0803773731136506,-5.49822364750958
0.8175,-3.55512476452721,-0.0803773731136506,-5.50840988655408
0.82,-3.550030306674,-0.0803773731136506,-5.53387548416532
0.8225,-3.550030306674,-0.0803773731136506,-5.53896860368757
0.825,-3.53474693311437,-0.0803773731136506,-5.50331676703183
0.8275,-3.550030306674,-0.0803773731136506,-5.51859612559857
0.83,-3.51946355955474,-0.0803773731136506,-5.51859612559857
0.8325,-3.50927464384831,-0.0803773731136506,-5.53387548416532
0.835,-3.5041801859951,-0.0803773731136506,-5.52368924512082
0.8375,-3.48889681243547,-0.0803773731136506,-5.54915484273207
0.84,-3.48380235458226,-0.0803773731136506,-5.53896860368757
0.8425,-3.48380235458226,-0.0803773731136506,-5.53896860368757
0.845,-3.48380235458226,-0.0803773731136506,-5.50331676703183
0.8475,-3.46342452316942,-0.0803773731136506,-5.53896860368757
0.85,-3.45833006531621,-0.0803773731136506,-5.52878236464307
0.8525,-3.453235607463,-0.0803773731136506,-5.53387548416532
0.855,-3.47870789672905,-0.0803773731136506,-5.48294428894283
0.8575,-3.44304669175658,-0.0803773731136506,-5.48803740846508
0.86,-3.43795223390337,-0.0803773731136506,-5.52368924512082
0.8625,-3.42776331819694,-0.0803773731136506,-5.57462044034332
0.865,-3.4073854867841,-0.0803773731136506,-5.50331676703183
0.8675,-3.40229102893089,-0.0803773731136506,-5.52878236464307
0.87,-3.38191319751805,-0.0803773731136506,-5.52368924512082
0.8725,-3.39719657107768,-0.075281680307862,-5.49313052798733
0.875,-3.37172428181163,-0.0803773731136506,-5.51350300607633
0.8775,-3.33606307683915,-0.0803773731136506,-5.51350300607633
0.88,-3.32077970327952,-0.0803773731136506,-5.47785116942058
0.8825,-3.31568524542631,-0.075281680307862,-5.47275804989833
0.885,-3.3105907875731,-0.0803773731136506,-5.47785116942058
0.8875,-3.30040187186668,-0.0803773731136506,-5.47275804989833
0.89,-3.29021295616026,-0.0803773731136506,-5.47785116942058
0.8925,-3.3105907875731,-0.0803773731136506,-5.54915484273207
0.895,-3.3105907875731,-0.0803773731136506,-5.53387548416532
0.8975,-3.27492958260063,-0.0803773731136506,-5.52878236464307
0.9,-3.27492958260063,-0.0803773731136506,-5.54406172320982
0.9025,-3.22907946192173,-0.0803773731136506,-5.48803740846508
0.905,-3.19851271480247,-0.0803773731136506,-5.44219933276483
0.9075,-3.19341825694926,-0.0803773731136506,-5.56952732082107
0.91,-3.19341825694926,-0.0803773731136506,-5.45747869133158
0.9125,-3.19341825694926,-0.0803773731136506,-5.47275804989833
0.915,-3.33606307683915,-0.0803773731136506,-5.52368924512082
0.9175,-3.32077970327952,-0.0803773731136506,-5.55424796225432
0.92,-3.17813488338963,-0.0803773731136506,-5.56443420129882
0.9225,-3.19341825694926,-0.075281680307862,-5.50840988655408
0.925,-3.18832379909605,-0.0803773731136506,-5.46257181085383
0.9275,-3.18322934124284,-0.0803773731136506,-5.48803740846508
0.93,-3.17813488338963,-0.0803773731136506,-5.46766493037608
0.9325,-3.29530741401347,-0.0803773731136506,-5.48803740846508
0.935,-3.28002404045384,-0.0803773731136506,-5.47785116942058
0.9375,-3.23417391977494,-0.0803773731136506,-5.53387548416532
0.94,-3.25455175118779,-0.0803773731136506,-5.52878236464307
0.9425,-3.23926837762815,-0.0803773731136506,-5.53896860368757
0.945,-3.29021295616026,-0.0803773731136506,-5.47275804989833
0.9475,-3.28511849830705,-0.0803773731136506,-5.45238557180933
0.95,-3.30549632971989,-0.0803773731136506,-5.47275804989833
0.9525,-3.30040187186668,-0.0803773731136506,-5.45747869133158
0.955,-3.34625199254558,-0.0803773731136506,-5.48294428894283
0.9575,-3.28002404045384,-0.0803773731136506,-5.46257181085383
0.96,-3.28002404045384,-0.0803773731136506,-5.63573787461031
0.9625,-3.33096861898594,-0.0803773731136506,-5.62045851604357
0.965,-3.30040187186668,-0.0803773731136506,-5.57971355986557
0.9675,-3.30040187186668,-0.0803773731136506,-5.46257181085383
0.97,-3.35134645039879,-0.0803773731136506,-5.45747869133158
0.9725,-3.34625199254558,-0.0803773731136506,-5.49313052798733
0.975,-3.37172428181163,-0.0803773731136506,-5.60008603795457
0.9775,-3.36153536610521,-0.0803773731136506,-5.60517915747682
0.98,-3.36153536610521,-0.0803773731136506,-5.59499291843232
0.9825,-3.36153536610521,-0.0803773731136506,-0.10461007344729
0.985,-3.39210211322447,-0.0854730659194392,-0.10461007344729
0.9875,-3.36153536610521,-0.0803773731136506,-0.0995169539250416
0.99,-3.36153536610521,-0.0803773731136506,-5.54915484273207
0.9925,-3.550030306674,-0.0803773731136506,-5.52368924512082
0.995,-3.54493584882079,-0.0803773731136506,-5.53896860368757
0.9975,-3.46851898102263,-0.0803773731136506,-5.47275804989833
1,-3.58569151164647,-0.0803773731136506,-5.51859612559857
1.0025,-3.53984139096758,-0.0803773731136506,-5.50840988655408
1.005,-3.52965247526116,-0.0803773731136506,-5.47785116942058
1.0075,-3.53474693311437,-0.0803773731136506,-5.45747869133158
1.01,-3.58569151164647,-0.0803773731136506,-5.60008603795457
1.0125,-3.61116380091253,-0.0803773731136506,-5.45238557180933
1.015,-3.58569151164647,-0.0803773731136506,-5.49313052798733
1.0175,-3.59588042735289,-0.0803773731136506,-5.45747869133158
1.02,-3.71305295797674,-0.0803773731136506,-5.57971355986557
1.0225,-3.58569151164647,-0.0803773731136506,-5.59499291843232
1.025,-3.69776958441711,-0.0803773731136506,-5.49822364750958
1.0275,-3.70286404227032,-0.0803773731136506,-5.47275804989833
1.03,-3.69776958441711,-0.0803773731136506,-5.54406172320982
1.0325,-3.70286404227032,-0.0803773731136506,-5.58480667938782
1.035,-3.6926751265639,-0.0803773731136506,-5.54915484273207
1.0375,-3.69776958441711,-0.0803773731136506,-5.53387548416532
1.04,-3.73343078938958,-0.0803773731136506,-5.55424796225432
1.0425,-3.70795850012353,-0.0803773731136506,-5.53387548416532
1.045,-3.73343078938958,-0.0803773731136506,-5.54406172320982
1.0475,-3.72324187368316,-0.0803773731136506,-5.55424796225432
1.05,-3.71814741582995,-0.0803773731136506,-5.47785116942058
1.0525,-3.71305295797674,-0.0803773731136506,-5.51350300607633
1.055,-3.73343078938958,-0.0803773731136506,-5.50840988655408
1.0575,-3.72324187368316,-0.0803773731136506,-5.57971355986557
1.06,-3.71305295797674,-0.0803773731136506,-5.49822364750958
1.0625,-3.71814741582995,-0.0803773731136506,-5.63064475508807
1.065,-3.71814741582995,-0.0803773731136506,-5.61536539652132
1.0675,-3.71814741582995,-0.0803773731136506,-5.63064475508807
1.07,-3.71814741582995,-0.0803773731136506,-5.69685530887731
1.0725,-3.71814741582995,-0.0803773731136506,-5.53387548416532
1.075,-3.71305295797674,-0.0803773731136506,-5.56443420129882
1.0775,-3.70795850012353,-0.0803773731136506,-5.62555163556582
1.08,-3.71814741582995,-0.0803773731136506,-5.58480667938782
1.0825,-3.71305295797674,-0.0803773731136506,-5.56952732082107
1.085,-3.71305295797674,-0.0803773731136506,-5.65611035269931
1.0875,-3.70286404227032,-0.0803773731136506,-5.57462044034332
1.09,-3.73852524724279,-0.0803773731136506,-5.55424796225432
1.0925,-3.71305295797674,-0.0803773731136506,-5.55424796225432
1.095,-3.71305295797674,-0.0803773731136506,-5.54406172320982
1.0975,-3.71814741582995,-0.0803773731136506,-5.53896860368757
1.1,-3.73852524724279,-0.0803773731136506,-5.55934108177657
1.1025,-3.73343078938958,-0.0803773731136506,-5.55424796225432
1.105,-3.74871416294921,-0.0803773731136506,-5.63064475508807
1.1075,-3.72324187368316,-0.0803773731136506,-5.54406172320982
1.11,-3.76399753650884,-0.0803773731136506,-5.55424796225432
1.1125,-3.75890307865563,-0.0803773731136506,-5.51859612559857
1.115,-3.74871416294921,-0.0803773731136506,-5.55934108177657
1.1175,-3.74871416294921,-0.0803773731136506,-5.56443420129882
1.12,-3.77418645221527,-0.0803773731136506,-5.60008603795457
1.1225,-3.76909199436206,-0.0803773731136506,-5.71213466744406
1.125,-3.78437536792169,-0.0803773731136506,-5.58480667938782
1.1275,-3.7894698257749,-0.0803773731136506,-5.58480667938782
1.13,-3.75890307865563,-0.0803773731136506,-5.58989979891007
1.1325,-3.76399753650884,-0.0803773731136506,-5.57971355986557
1.135,-3.75890307865563,-0.0803773731136506,-5.59499291843232
1.1375,-3.79456428362811,-0.0803773731136506,-5.58480667938782
1.14,-3.76909199436206,-0.0803773731136506,-5.60008603795457
1.1425,-3.76909199436206,-0.0803773731136506,-5.67648283078831
1.145,-3.77928091006848,-0.0803773731136506,-5.61536539652132
1.1475,-3.77928091006848,-0.0803773731136506,-5.58480667938782
1.15,-3.77928091006848,-0.0803773731136506,-5.64592411365481
1.1525,-3.7894698257749,-0.0803773731136506,-5.67138971126606
1.155,-3.77928091006848,-0.0803773731136506,-5.66629659174381
1.1575,-3.76909199436206,-0.0803773731136506,-5.67648283078831
1.16,-3.76399753650884,-0.0803773731136506,-5.64083099413256
1.1625,-3.76399753650884,-0.0803773731136506,-5.68157595031056
1.165,-3.76399753650884,-0.0803773731136506,-5.74778650409981
1.1675,-3.75890307865563,-0.0803773731136506,-5.72741402601081
1.17,-3.78437536792169,-0.0803773731136506,-5.65611035269931
1.1725,-3.77418645221527,-0.0803773731136506,-5.69685530887731
1.175,-3.7894698257749,-0.0803773731136506,-5.74778650409981
1.1775,-3.75380862080242,-0.0803773731136506,-5.72232090648856
1.18,-3.75380862080242,-0.0803773731136506,-5.75287962362205
1.1825,-3.74871416294921,-0.0803773731136506,-5.74269338457756
1.185,-3.73852524724279,-0.075281680307862,-5.72741402601081
1.1875,-3.73343078938958,-0.0803773731136506,-5.68157595031056
1.19,-3.73343078938958,-0.0803773731136506,-5.64592411365481
1.1925,-3.73852524724279,-0.0803773731136506,-5.7579727431443
1.195,-3.73343078938958,-0.0803773731136506,-5.71722778696631
1.1975,-3.7894698257749,-0.0803773731136506,-5.69685530887731
1.2,-3.73852524724279,-0.0803773731136506,-5.7885314602778
1.2025,-3.75380862080242,-0.0803773731136506,-5.74778650409981
1.205,-3.74871416294921,-0.0803773731136506,-5.75287962362205
1.2075,-3.77928091006848,-0.0803773731136506,-5.7579727431443
1.21,-3.73852524724279,-0.0803773731136506,-5.7885314602778
1.2125,-3.72833633153637,-0.0803773731136506,-5.7885314602778
1.215,-3.71814741582995,-0.0803773731136506,-5.74778650409981
1.2175,-3.74871416294921,-0.0803773731136506,-5.77325210171105
1.22,-3.69776958441711,-0.0803773731136506,-5.76306586266655
1.2225,-3.6926751265639,-0.0803773731136506,-5.7579727431443
1.225,-3.68248621085748,-0.0803773731136506,-5.7681589821888
1.2275,-3.67739175300426,-0.0803773731136506,-5.81399705788905
1.23,-3.67229729515105,-0.0803773731136506,-5.7681589821888
1.2325,-3.66720283729784,-0.0803773731136506,-5.85474201406705
1.235,-3.66210837944463,-0.0803773731136506,-5.7579727431443
1.2375,-3.66720283729784,-0.0803773731136506,-5.74269338457756
1.24,-0.121460171463271,-0.0803773731136506,-5.68157595031056
1.2425,-0.0959878821972175,-0.0803773731136506,-5.8190901774113
1.245,-0.0908934243440065,-0.0803773731136506,-5.87511449215604
1.2475,-0.0908934243440065,-0.0803773731136506,-5.8190901774113
1.25,-1.73130885307782,-0.0803773731136506,-5.64592411365481
1.2525,-3.66720283729784,-0.0803773731136506,-5.71722778696631
1.255,-3.66210837944463,-0.0803773731136506,-5.71722778696631
1.2575,-3.74871416294921,-0.075281680307862,-5.8292764164558
1.26,-3.74871416294921,-0.0803773731136506,-5.71213466744406
1.2625,-3.743619705096,-0.0803773731136506,-5.7885314602778
1.265,-3.71305295797674,-0.0803773731136506,-5.7987176993223
1.2675,-3.70795850012353,-0.0803773731136506,-5.76306586266655
1.27,-3.6926751265639,-0.0803773731136506,-5.7579727431443
1.2725,-3.68758066871069,-0.0803773731136506,-5.7681589821888
1.275,-3.72324187368316,-0.0803773731136506,-5.7681589821888
1.2775,-3.68248621085748,-0.0803773731136506,-5.72232090648856
1.28,-3.66210837944463,-0.0803773731136506,-5.74269338457756
1.2825,-3.646825005885,-0.0854730659194392,-5.74778650409981
1.285,-3.61116380091253,-0.0803773731136506,-5.68157595031056
1.2875,-3.62644717447216,-0.0803773731136506,-5.78343834075555
1.29,-3.61625825876574,-0.0803773731136506,-5.72232090648856
1.2925,-3.62135271661895,-0.0803773731136506,-5.7885314602778
1.295,-3.60606934305932,-0.0803773731136506,-5.75287962362205
1.2975,-3.59078596949968,-0.075281680307862,-5.76306586266655
1.3,-3.56021922238042,-0.0803773731136506,-5.66629659174381
1.3025,-3.55512476452721,-0.0803773731136506,-5.72741402601081
1.305,-3.57550259594005,-0.0803773731136506,-5.74269338457756
1.3075,-3.59588042735289,-0.0803773731136506,-5.74778650409981
1.31,-3.56021922238042,-0.0803773731136506,-5.66629659174381
1.3125,-3.52455801740795,-0.0803773731136506,-5.71722778696631
1.315,-3.54493584882079,-0.075281680307862,-5.63573787461031
1.3175,-3.53984139096758,-0.0803773731136506,-5.74269338457756
1.32,-3.52455801740795,-0.0803773731136506,-5.71722778696631
1.3225,-3.53984139096758,-0.0803773731136506,-5.73760026505531
1.325,-3.550030306674,-0.0803773731136506,-5.71213466744406
1.3275,-3.51946355955474,-0.0803773731136506,-5.69685530887731
1.33,-3.52965247526116,-0.0803773731136506,-5.73760026505531
1.3325,-3.49908572814189,-0.0803773731136506,-5.66629659174381
1.335,-3.48380235458226,-0.0803773731136506,-5.66629659174381
1.3375,-3.46851898102263,-0.0803773731136506,-5.66120347222156
1.34,-3.46851898102263,-0.0803773731136506,-5.66629659174381
1.3425,-3.46851898102263,-0.0803773731136506,-0.0995169539250416
1.345,-3.43285777605016,-0.0803773731136506,-5.68666906983281
1.3475,-3.41757440249052,-0.0803773731136506,-5.69685530887731
1.35,-3.453235607463,-0.0803773731136506,-5.69176218935506
1.3525,-3.40229102893089,-0.0803773731136506,-5.67648283078831
1.355,-3.39210211322447,-0.0803773731136506,-5.7579727431443
1.3575,-3.38700765537126,-0.0803773731136506,-5.64083099413256
1.36,-3.38191319751805,-0.0803773731136506,-5.68666906983281
1.3625,-3.36662982395842,-0.0854730659194392,-5.64083099413256
1.365,-3.39210211322447,-0.0803773731136506,-5.61027227699907
1.3675,-3.38700765537126,-0.0803773731136506,-5.62555163556582
1.37,-3.37172428181163,-0.0803773731136506,-5.66629659174381
1.3725,-3.38191319751805,-0.0803773731136506,-5.60008603795457
1.375,-3.32587416113273,-0.0803773731136506,-5.60008603795457
1.3775,-3.34625199254558,-0.0803773731136506,-5.60008603795457
1.38,-3.31568524542631,-0.0803773731136506,-5.59499291843232
1.3825,-3.30549632971989,-0.0803773731136506,-5.59499291843232
1.385,-3.33606307683915,-0.0803773731136506,-5.58480667938782
1.3875,-3.22907946192173,-0.0803773731136506,-5.59499291843232
1.39,-3.22398500406852,-0.0803773731136506,-5.56443420129882
1.3925,-3.21889054621531,-0.0803773731136506,-5.56952732082107
1.395,-3.18832379909605,-0.0803773731136506,-5.56443420129882
1.3975,-3.20870163050889,-0.0803773731136506,-5.56952732082107
1.4,-3.17813488338963,-0.0803773731136506,-5.58989979891007
1.4025,-3.17813488338963,-0.0803773731136506,-5.56952732082107
1.405,-3.13737922056394,-0.0803773731136506,-5.56952732082107
1.4075,-3.17813488338963,-0.0803773731136506,-5.64083099413256
1.41,-3.15266259412357,-0.0803773731136506,-5.58480667938782
1.4125,-3.14247367841715,-0.0803773731136506,-5.57462044034332
1.415,-3.13228476271073,-0.0803773731136506,-5.52368924512082
1.4175,-3.12719030485752,-0.0803773731136506,-5.54406172320982
1.42,-3.19341825694926,-0.0803773731136506,-5.52878236464307
1.4225,-3.18832379909605,-0.0803773731136506,-5.52368924512082
1.425,-3.18322934124284,-0.0803773731136506,-5.54406172320982
1.4275,-3.26474066689421,-0.0803773731136506,-5.49822364750958
1.43,-3.27492958260063,-0.0803773731136506,-5.51859612559857
1.4325,-3.26983512474742,-0.0803773731136506,-5.47275804989833
1.435,-0.0959878821972175,-0.0803773731136506,-5.47275804989833
1.4375,-0.0959878821972175,-0.0803773731136506,-5.47275804989833
1.44,-3.28511849830705,-0.0803773731136506,-5.48803740846508
1.4425,-3.33606307683915,-0.0803773731136506,-5.44729245228708
1.445,-3.43285777605016,-0.0803773731136506,-5.43710621324258
1.4475,-3.37172428181163,-0.0803773731136506,-5.43710621324258
1.45,-3.42266886034373,-0.0803773731136506,-5.46257181085383
1.4525,-3.44814114960979,-0.0803773731136506,-5.43201309372033
1.455,-3.42776331819694,-0.0803773731136506,-5.46257181085383
1.4575,-3.42776331819694,-0.0803773731136506,-5.43201309372033
1.46,-3.4073854867841,-0.0803773731136506,-5.44729245228708
1.4625,-3.41247994463731,-0.0803773731136506,-5.46257181085383
1.465,-3.44304669175658,-0.0803773731136506,-5.43201309372033
1.4675,-3.42776331819694,-0.0803773731136506,-5.36070942040884
1.47,-3.4073854867841,-0.0803773731136506,-5.45747869133158
1.4725,-3.42266886034373,-0.0803773731136506,-5.40654749610908
1.475,-3.41757440249052,-0.0803773731136506,-5.41164061563133
1.4775,-3.43795223390337,-0.0803773731136506,-5.40654749610908
1.48,-3.4073854867841,-0.0803773731136506,-5.38617501802009
1.4825,-3.453235607463,-0.0803773731136506,-5.35561630088659
1.485,-3.42776331819694,-0.0803773731136506,-5.37089565945334
1.4875,-3.453235607463,-0.0803773731136506,-5.36070942040884
1.49,-3.42776331819694,-0.0803773731136506,-5.36070942040884
1.4925,-3.46342452316942,-0.0803773731136506,-5.35052318136434
1.495,-3.46851898102263,-0.0803773731136506,-5.34033694231984
1.4975,-3.46342452316942,-0.0803773731136506,-5.21810207378585
1.5,-3.48889681243547,-0.0803773731136506,-5.30468510566409
1.5025,-3.49908572814189,-0.0803773731136506,-5.28940574709734
1.505,-3.48380235458226,-0.0803773731136506,-5.29449886661959
1.5075,-3.48889681243547,-0.0803773731136506,-5.29959198614184
1.51,-3.49399127028868,-0.0803773731136506,-5.30468510566409
1.5125,-3.49908572814189,-0.0803773731136506,-5.34033694231984
1.515,-3.51436910170153,-0.0803773731136506,-5.16207775904111
1.5175,-3.50927464384831,-0.0803773731136506,-5.2741263885306
1.52,-3.52965247526116,-0.0803773731136506,-5.29449886661959
1.5225,-3.5041801859951,-0.0803773731136506,-5.2639401494861
1.525,-3.52455801740795,-0.075281680307862,-5.25884702996385
1.5275,-3.55512476452721,-0.0803773731136506,-5.25884702996385
1.53,-3.53474693311437,-0.0803773731136506,-5.2537539104416
1.5325,-3.52965247526116,-0.0803773731136506,-5.22828831283035
1.535,-3.57550259594005,-0.0803773731136506,-5.26903326900835
1.5375,-3.54493584882079,-0.0803773731136506,-5.2435676713971
1.54,-3.550030306674,-0.0803773731136506,-5.2333814323526
1.5425,-3.550030306674,-0.0803773731136506,-5.31996446423084
1.545,-3.58059705379326,-0.0803773731136506,-5.28940574709734
1.5475,-3.57550259594005,-0.0803773731136506,-5.33015070327534
1.55,-3.61625825876574,-0.0803773731136506,-5.35052318136434
1.5525,-3.61625825876574,-0.0803773731136506,-5.39636125706459
1.555,-3.59078596949968,-0.0803773731136506,-5.42691997419808
1.5575,-3.59078596949968,-0.0803773731136506,-5.41673373515358
1.56,-3.61625825876574,-0.0803773731136506,-5.22828831283035
1.5625,-3.60606934305932,-0.0803773731136506,-5.22828831283035
1.565,-3.61116380091253,-0.0803773731136506,-5.37089565945334
1.5675,-3.64173054803179,-0.0803773731136506,-5.38108189849784
1.57,-3.62135271661895,-0.0803773731136506,-5.2130089542636
1.5725,-3.61116380091253,-0.0803773731136506,-5.21810207378585
1.575,-3.60097488520611,-0.0803773731136506,-5.20791583474135
1.5775,-3.60606934305932,-0.0803773731136506,-5.21810207378585
1.58,-3.60097488520611,-0.0803773731136506,-5.21810207378585
1.5825,-3.58059705379326,-0.0803773731136506,-5.22828831283035
1.585,-3.57550259594005,-0.0803773731136506,-5.36070942040884
1.5875,-3.56531368023363,-0.0803773731136506,-5.2130089542636
1.59,-3.56021922238042,-0.0854730659194392,-5.21810207378585
1.5925,-3.550030306674,-0.0803773731136506,-5.27921950805285
1.595,-3.58059705379326,-0.0803773731136506,-5.2333814323526
1.5975,-3.58059705379326,-0.0803773731136506,-5.33524382279759
1.6,-3.58059705379326,-0.0803773731136506,-5.28940574709734
1.6025,-3.60606934305932,-0.0803773731136506,-5.30977822518634
1.605,-3.60606934305932,-0.0803773731136506,-5.2130089542636
1.6075,-3.68248621085748,-0.0803773731136506,-5.2028227152191
1.61,-3.61625825876574,-0.0803773731136506,-5.2130089542636
1.6125,-3.62135271661895,-0.0803773731136506,-5.20791583474135
1.615,-3.68758066871069,-0.075281680307862,-5.2231951933081
1.6175,-3.67229729515105,-0.0803773731136506,-5.21810207378585
1.62,-3.68248621085748,-0.0803773731136506,-5.29959198614184
1.6225,-3.69776958441711,-0.0803773731136506,-5.23847455187485
1.625,-3.743619705096,-0.0803773731136506,-5.2537539104416
1.6275,-3.74871416294921,-0.0803773731136506,-5.22828831283035
1.63,-3.70286404227032,-0.0803773731136506,-5.2435676713971
1.6325,-3.73343078938958,-0.0803773731136506,-5.2435676713971
1.635,-3.73343078938958,-0.0803773731136506,-5.28940574709734
1.6375,-3.743619705096,-0.075281680307862,-5.2639401494861
1.64,-3.74871416294921,-0.0803773731136506,-5.28431262757509
1.6425,-3.79456428362811,-0.0803773731136506,-5.38617501802009
1.645,-3.79965874148132,-0.0803773731136506,-5.36580253993109
1.6475,-3.82003657289416,-0.0803773731136506,-5.34543006184209
1.65,-3.80984765718774,-0.0803773731136506,-5.39636125706459
1.6525,-3.840414404307,-0.0803773731136506,-5.38108189849784
1.655,-3.86079223571985,-0.0803773731136506,-5.33524382279759
1.6575,-3.83531994645379,-0.0803773731136506,-5.33524382279759
1.66,-3.83531994645379,-0.0803773731136506,-5.32505758375309
1.6625,-3.84550886216021,-0.0803773731136506,-5.31996446423084
1.665,-3.88117006713269,-0.0803773731136506,-5.31487134470859
1.6675,-3.84550886216021,-0.0803773731136506,-5.31996446423084
1.67,-3.86079223571985,-0.0803773731136506,-5.30977822518634
1.6725,-3.85060332001342,-0.0803773731136506,-5.31996446423084
1.675,-3.87607560927948,-0.0803773731136506,-5.31487134470859
1.6775,-3.86588669357306,-0.0803773731136506,-5.32505758375309
1.68,-3.86079223571985,-0.0803773731136506,-5.31487134470859
1.6825,-3.85060332001342,-0.0803773731136506,-5.28940574709734
1.685,-3.87098115142627,-0.0803773731136506,-5.30977822518634
1.6875,-3.91683127210516,-0.0803773731136506,-5.31996446423084
1.69,-3.86079223571985,-0.0803773731136506,-5.31487134470859
1.6925,-3.87607560927948,-0.0803773731136506,-5.32505758375309
1.695,-3.86079223571985,-0.0803773731136506,-5.28940574709734
1.6975,-3.85060332001342,-0.0803773731136506,-5.30468510566409
1.7,-3.86588669357306,-0.0803773731136506,-5.29959198614184
1.7025,-3.84550886216021,-0.0803773731136506,-5.34033694231984
1.705,-3.85569777786664,-0.0803773731136506,-5.33015070327534
1.7075,-3.85060332001342,-0.0803773731136506,-5.31487134470859
1.71,-3.84550886216021,-0.0803773731136506,-5.31487134470859
1.7125,-3.83531994645379,-0.0803773731136506,-5.32505758375309
1.715,-3.85569777786664,-0.0803773731136506,-5.34543006184209
1.7175,-3.83022548860058,-0.0803773731136506,-5.35561630088659
1.72,-3.83022548860058,-0.0803773731136506,-5.33015070327534
1.7225,-3.77418645221527,-0.0803773731136506,-5.33524382279759
1.725,-3.7894698257749,-0.0803773731136506,-5.34033694231984
1.7275,-3.75890307865563,-0.0803773731136506,-5.34033694231984
1.73,-3.72833633153637,-0.0803773731136506,-5.35052318136434
1.7325,-3.71814741582995,-0.0803773731136506,-5.35052318136434
1.735,-3.70286404227032,-0.0803773731136506,-5.36580253993109
1.7375,-3.68758066871069,-0.0803773731136506,-5.39126813754234
1.74,-3.67739175300426,-0.0803773731136506,-5.39636125706459
1.7425,-3.65191946373821,-0.0803773731136506,-5.39126813754234
1.745,-3.66210837944463,-0.0854730659194392,-5.40654749610908
1.7475,-3.66210837944463,-0.0803773731136506,-5.41164061563133
1.75,-3.68758066871069,-0.0803773731136506,-5.42691997419808
1.7525,-3.66210837944463,-0.0803773731136506,-5.48803740846508
1.755,-3.646825005885,-0.0803773731136506,-5.55424796225432
1.7575,-3.60097488520611,-0.0803773731136506,-5.45747869133158
1.76,-3.62135271661895,-0.0803773731136506,-5.46257181085383
1.7625,-3.62135271661895,-0.0803773731136506,-5.54915484273207
1.765,-3.61625825876574,-0.0803773731136506,-5.47785116942058
1.7675,-3.66210837944463,-0.0803773731136506,-5.58480667938782
1.77,-3.66210837944463,-0.0803773731136506,-5.46257181085383
1.7725,-3.646825005885,-0.0803773731136506,-5.54406172320982
1.775,-3.65191946373821,-0.0803773731136506,-5.61027227699907
1.7775,-3.356440908252,-0.0803773731136506,-5.44219933276483
1.78,-3.32077970327952,-0.0854730659194392,-5.45747869133158
1.7825,-3.3105907875731,-0.0803773731136506,-5.40145437658683
1.785,-3.33606307683915,-0.0803773731136506,-5.38617501802009
1.7875,-3.33606307683915,-0.0803773731136506,-5.39126813754234
1.79,-3.33606307683915,-0.0803773731136506,-5.38108189849784
1.7925,-0.0959878821972175,-0.0803773731136506,-5.36580253993109
1.795,-0.0959878821972175,-0.0803773731136506,-5.65611035269931
1.7975,-3.58059705379326,-0.0803773731136506,-5.41164061563133
1.8,-3.59078596949968,-0.0803773731136506,-5.38108189849784
1.8025,-3.59588042735289,-0.0803773731136506,-5.38108189849784
1.805,-3.56531368023363,-0.0803773731136506,-5.36580253993109
1.8075,-3.54493584882079,-0.0803773731136506,-5.35052318136434
1.81,-3.53984139096758,-0.0803773731136506,-5.34033694231984
1.8125,-3.57550259594005,-0.0803773731136506,-5.35052318136434
1.815,-3.57550259594005,-0.0803773731136506,-5.51350300607633
1.8175,-3.54493584882079,-0.0803773731136506,-5.33524382279759
1.82,-3.54493584882079,-0.0803773731136506,-5.34033694231984
1.8225,-3.54493584882079,-0.0803773731136506,-5.34543006184209
1.825,-3.550030306674,-0.0854730659194392,-5.35561630088659
1.8275,-3.550030306674,-0.075281680307862,-5.35561630088659
1.83,-3.54493584882079,-0.0803773731136506,-5.37089565945334
1.8325,-3.56021922238042,-0.0803773731136506,-5.37089565945334
1.835,-3.56021922238042,-0.0803773731136506,-5.39636125706459
1.8375,-3.53984139096758,-0.0803773731136506,-5.37089565945334
1.84,-3.48889681243547,-0.0803773731136506,-5.38617501802009
1.8425,-3.48380235458226,-0.0803773731136506,-5.41164061563133
1.845,-3.47870789672905,-0.0803773731136506,-5.40145437658683
1.8475,-3.47870789672905,-0.0803773731136506,-5.40654749610908
1.85,-3.46851898102263,-0.0803773731136506,-5.42182685467583
1.8525,-3.49399127028868,-0.0803773731136506,-5.42182685467583
1.855,-3.5041801859951,-0.0803773731136506,-5.43710621324258
1.8575,-3.48380235458226,-0.0803773731136506,-5.44219933276483
1.86,-3.48380235458226,-0.0803773731136506,-5.45747869133158
1.8625,-3.48889681243547,-0.0803773731136506,-5.45747869133158
1.865,-3.48380235458226,-0.0803773731136506,-5.47275804989833
1.8675,-3.5041801859951,-0.0803773731136506,-5.47785116942058
1.87,-3.47870789672905,-0.0803773731136506,-5.49313052798733
1.8725,-3.47870789672905,-0.0803773731136506,-5.52878236464307
1.875,-3.47870789672905,-0.0803773731136506,-5.59499291843232
1.8775,-3.47870789672905,-0.0803773731136506,-5.60517915747682
1.88,-3.47870789672905,-0.0803773731136506,-5.61027227699907
1.8825,-3.49399127028868,-0.0803773731136506,-5.62045851604357
1.885,-3.52455801740795,-0.0803773731136506,-5.62045851604357
1.8875,-3.48380235458226,-0.0803773731136506,-5.67138971126606
1.89,-3.5041801859951,-0.0803773731136506,-5.62045851604357
1.8925,-3.5041801859951,-0.0803773731136506,-5.67138971126606
1.895,-3.5041801859951,-0.0803773731136506,-5.72232090648856
1.8975,-3.48889681243547,-0.0803773731136506,-5.72741402601081
1.9,-3.49908572814189,-0.0803773731136506,-5.58989979891007
1.9025,-3.5041801859951,-0.0803773731136506,-5.71722778696631
1.905,-3.5041801859951,-0.0803773731136506,-5.45238557180933
1.9075,-3.52455801740795,-0.0803773731136506,-5.60517915747682
1.91,-3.50927464384831,-0.0803773731136506,-5.40145437658683
1.9125,-3.50927464384831,-0.0803773731136506,-5.42182685467583
1.915,-3.51946355955474,-0.0803773731136506,-5.34033694231984
1.9175,-3.52965247526116,-0.0803773731136506,-5.34033694231984
1.92,-3.58059705379326,-0.0803773731136506,-5.35561630088659
1.9225,-3.58569151164647,-0.0803773731136506,-5.37089565945334
1.925,-3.60097488520611,-0.0803773731136506,-5.37598877897559
1.9275,-3.60606934305932,-0.0803773731136506,-5.41164061563133
1.93,-3.62135271661895,-0.0803773731136506,-5.36580253993109
1.9325,-3.59588042735289,-0.0803773731136506,-5.36070942040884
1.935,-3.58059705379326,-0.0803773731136506,-5.47785116942058
1.9375,-3.62644717447216,-0.0803773731136506,-5.47275804989833
1.94,-3.60606934305932,-0.0803773731136506,-5.46257181085383
1.9425,-3.66210837944463,-0.0803773731136506,-5.38617501802009
1.945,-3.61116380091253,-0.0803773731136506,-5.45747869133158
1.9475,-3.62135271661895,-0.0803773731136506,-5.59499291843232
1.95,-3.57550259594005,-0.0803773731136506,-5.40654749610908
1.9525,-3.60097488520611,-0.0803773731136506,-5.45238557180933
1.955,-3.60606934305932,-0.0803773731136506,-5.65611035269931
1.9575,-3.58569151164647,-0.0803773731136506,-5.45747869133158
1.96,-3.58059705379326,-0.0803773731136506,-5.50331676703183
1.9625,-3.59588042735289,-0.0803773731136506,-5.54406172320982
1.965,-3.61116380091253,-0.0803773731136506,-5.48294428894283
1.9675,-3.58059705379326,-0.075281680307862,-5.53387548416532
1.97,-3.58059705379326,-0.0803773731136506,-5.66120347222156
1.9725,-3.57550259594005,-0.0803773731136506,-5.69685530887731
1.975,-3.58059705379326,-0.0803773731136506,-5.67138971126606
1.9775,-3.57550259594005,-0.0803773731136506,-5.61536539652132
1.98,-3.53984139096758,-0.0803773731136506,-5.65611035269931
1.9825,-3.55512476452721,-0.0803773731136506,-5.62555163556582
1.985,-3.55512476452721,-0.0803773731136506,-5.66120347222156
1.9875,-3.550030306674,-0.0803773731136506,-5.71722778696631
1.99,-3.54493584882079,-0.0803773731136506,-5.74269338457756
1.9925,-3.53984139096758,-0.0803773731136506,-5.69685530887731
1.995,-3.50927464384831,-0.075281680307862,-5.60517915747682
1.9975,-3.56531368023363,-0.0803773731136506,-5.60517915747682
2,-3.53984139096758,-0.0803773731136506,-5.59499291843232
2.0025,-3.5041801859951,-0.0803773731136506,-5.53387548416532
2.005,-3.5041801859951,-0.0803773731136506,-5.56952732082107
2.0075,-3.51946355955474,-0.0803773731136506,-5.58480667938782
2.01,-3.51436910170153,-0.0803773731136506,-5.57462044034332
2.0125,-3.52965247526116,-0.0803773731136506,-5.57462044034332
2.015,-3.53474693311437,-0.0803773731136506,-5.58989979891007
2.0175,-3.5041801859951,-0.0803773731136506,-5.58989979891007
2.02,-3.49399127028868,-0.0803773731136506,-5.59499291843232
2.0225,-3.46851898102263,-0.0803773731136506,-5.67138971126606
2.025,-3.46851898102263,-0.0803773731136506,-5.60008603795457
2.0275,-3.49399127028868,-0.0803773731136506,-5.60008603795457
2.03,-3.48889681243547,-0.0803773731136506,-5.64592411365481
2.0325,-3.48380235458226,-0.0803773731136506,-5.62555163556582
2.035,-3.47870789672905,-0.0803773731136506,-5.63573787461031
2.0375,-3.48380235458226,-0.0803773731136506,-5.61536539652132
2.04,-3.48380235458226,-0.0803773731136506,-5.61027227699907
2.0425,-3.49399127028868,-0.0803773731136506,-5.64592411365481
2.045,-3.48380235458226,-0.0803773731136506,-5.63573787461031
2.0475,-3.5041801859951,-0.0803773731136506,-5.67648283078831
2.05,-3.47361343887584,-0.0803773731136506,-5.68157595031056
2.0525,-3.49399127028868,-0.0803773731136506,-5.66629659174381
2.055,-3.46851898102263,-0.0803773731136506,-5.69176218935506
2.0575,-3.48889681243547,-0.0803773731136506,-5.68157595031056
2.06,-3.47361343887584,-0.0803773731136506,-6.00244248021228
2.0625,-3.46342452316942,-0.0803773731136506,-5.73760026505531
2.065,-3.47361343887584,-0.0803773731136506,-5.71213466744406
2.0675,-3.46851898102263,-0.0803773731136506,-5.97188376307879
2.07,-3.46342452316942,-0.0803773731136506,-5.97188376307879
2.0725,-3.46342452316942,-0.0803773731136506,-6.00753559973453
2.075,-3.45833006531621,-0.0803773731136506,-5.95660440451204
2.0775,-3.44814114960979,-0.0803773731136506,-5.94641816546754
2.08,-3.44304669175658,-0.0803773731136506,-5.99734936069003
2.0825,-3.46851898102263,-0.0803773731136506,-5.88530073120054
2.085,-3.45833006531621,-0.0803773731136506,-5.90058008976729
2.0875,-3.453235607463,-0.0803773731136506,-5.98716312164553
2.09,-3.41757440249052,-0.0803773731136506,-5.80381081884455
2.0925,-3.44814114960979,-0.0803773731136506,-5.7987176993223
2.095,-3.46851898102263,-0.0803773731136506,-5.7579727431443
2.0975,-3.46342452316942,-0.0803773731136506,-5.93623192642304
2.1,-3.453235607463,-0.0803773731136506,-5.7987176993223
2.1025,-3.44304669175658,-0.0803773731136506,-5.8190901774113
2.105,-3.42266886034373,-0.0803773731136506,-5.74778650409981
2.1075,-3.41757440249052,-0.0803773731136506,-5.73760026505531
2.11,-3.41247994463731,-0.0803773731136506,-5.80381081884455
2.1125,-3.4073854867841,-0.0803773731136506,-5.71213466744406
2.115,-3.40229102893089,-0.0803773731136506,-5.70704154792181
2.1175,-3.39719657107768,-0.0803773731136506,-5.77325210171105
2.12,-3.40229102893089,-0.0803773731136506,-5.73760026505531
2.1225,-3.4073854867841,-0.0803773731136506,-5.70194842839956
2.125,-3.4073854867841,-0.0803773731136506,-5.7885314602778
2.1275,-3.40229102893089,-0.0803773731136506,-5.69176218935506
2.13,-3.39719657107768,-0.0803773731136506,-5.66120347222156
2.1325,-3.39719657107768,-0.0803773731136506,-5.70194842839956
2.135,-3.41757440249052,-0.0803773731136506,-5.65611035269931
2.1375,-3.42266886034373,-0.0803773731136506,-5.64592411365481
2.14,-3.453235607463,-0.0803773731136506,-5.65611035269931
2.1425,-3.44814114960979,-0.0803773731136506,-5.73760026505531
2.145,-3.45833006531621,-0.0803773731136506,-5.66120347222156
2.1475,-3.453235607463,-0.075281680307862,-5.65611035269931
2.15,-3.42776331819694,-0.0803773731136506,-5.77325210171105
2.1525,-3.47361343887584,-0.0803773731136506,-5.7885314602778
2.155,-3.45833006531621,-0.0803773731136506,-6.08393239256828
2.1575,-3.453235607463,-0.0803773731136506,-5.93623192642304
2.16,-3.45833006531621,-0.0803773731136506,-5.7783452212333
2.1625,-3.45833006531621,-0.0803773731136506,-5.7885314602778
2.165,-3.46342452316942,-0.0803773731136506,-5.8394626555003
2.1675,-3.45833006531621,-0.0803773731136506,-6.06355991447928
2.17,-3.45833006531621,-0.0803773731136506,-5.77325210171105
2.1725,-3.47870789672905,-0.0803773731136506,-5.87002137263379
2.175,-3.5041801859951,-0.0803773731136506,-5.87002137263379
2.1775,-3.5041801859951,-0.0854730659194392,-5.80381081884455
2.18,-3.48380235458226,-0.0803773731136506,-5.93113880690079
2.1825,-3.47870789672905,-0.0803773731136506,-5.94132504594529
2.185,-3.47361343887584,-0.0803773731136506,-5.74778650409981
2.1875,-3.47870789672905,-0.0803773731136506,-6.07374615352378
2.19,-3.48380235458226,-0.0803773731136506,-5.70194842839956
2.1925,-3.51946355955474,-0.0803773731136506,-5.80381081884455
2.195,-3.51436910170153,-0.0803773731136506,-5.68157595031056
2.1975,-3.51436910170153,-0.0803773731136506,-5.68157595031056
2.2,-3.48889681243547,-0.0803773731136506,-5.67648283078831
2.2025,-3.51946355955474,-0.0803773731136506,-5.7885314602778
2.205,-3.53474693311437,-0.0803773731136506,-5.8292764164558
2.2075,-3.52965247526116,-0.0803773731136506,-5.69685530887731
2.21,-3.52455801740795,-0.0803773731136506,-5.7987176993223
2.2125,-3.52965247526116,-0.0803773731136506,-5.70704154792181
2.215,-3.52965247526116,-0.0803773731136506,-5.68666906983281
2.2175,-3.58059705379326,-0.0803773731136506,-5.67648283078831
2.22,-3.55512476452721,-0.075281680307862,-5.71213466744406
2.2225,-3.56021922238042,-0.0803773731136506,-5.73250714553306
2.225,-3.56531368023363,-0.0803773731136506,-5.74778650409981
2.2275,-3.57040813808684,-0.0803773731136506,-5.71213466744406
2.23,-3.58059705379326,-0.0803773731136506,-5.69685530887731
2.2325,-3.56531368023363,-0.0803773731136506,-5.72741402601081
2.235,-3.57550259594005,-0.0803773731136506,-5.73760026505531
2.2375,-3.57550259594005,-0.0803773731136506,-5.73250714553306
2.24,-3.58059705379326,-0.0803773731136506,-5.73760026505531
2.2425,-3.58569151164647,-0.0803773731136506,-5.73760026505531
2.245,-3.59588042735289,-0.0803773731136506,-5.72232090648856
2.2475,-3.67739175300426,-0.0803773731136506,-5.73250714553306
2.25,-3.646825005885,-0.0803773731136506,-5.74269338457756
2.2525,-3.63663609017858,-0.0803773731136506,-5.7783452212333
2.255,-3.61116380091253,-0.0803773731136506,-5.77325210171105
2.2575,-3.65191946373821,-0.0803773731136506,-5.78343834075555
2.26,-3.64173054803179,-0.0803773731136506,-5.81399705788905
2.2625,-3.62135271661895,-0.0803773731136506,-5.83436953597805
2.265,-3.62135271661895,-0.0803773731136506,-5.8190901774113
2.2675,-3.61625825876574,-0.0803773731136506,-5.87511449215604
2.27,-3.63663609017858,-0.0803773731136506,-5.86492825311154
2.2725,-3.63663609017858,-0.0803773731136506,-5.8598351335893
2.275,-3.64173054803179,-0.0803773731136506,-5.88530073120054
2.2775,-3.60606934305932,-0.075281680307862,-5.77325210171105
2.28,-3.60097488520611,-0.0803773731136506,-5.86492825311154
2.2825,-3.60097488520611,-0.0803773731136506,-5.87511449215604
2.285,-3.62644717447216,-0.0803773731136506,-5.7885314602778
2.2875,-3.62135271661895,-0.0803773731136506,-5.77325210171105
2.29,-3.62135271661895,-0.0803773731136506,-5.86492825311154
2.2925,-3.59588042735289,-0.0803773731136506,-5.67138971126606
2.295,-3.59588042735289,-0.0803773731136506,-5.67138971126606
2.2975,-3.63663609017858,-0.0803773731136506,-5.67648283078831
2.3,-3.62135271661895,-0.075281680307862,-5.70704154792181
2.3025,-3.62135271661895,-0.0854730659194392,-5.7579727431443
2.305,-3.62135271661895,-0.0803773731136506,-5.76306586266655
2.3075,-3.62135271661895,-0.0803773731136506,-5.74269338457756
2.31,-3.62135271661895,-0.0803773731136506,-5.8496488945448
2.3125,-3.62644717447216,-0.0803773731136506,-5.74269338457756
2.315,-3.62135271661895,-0.0803773731136506,-5.71722778696631
2.3175,-3.646825005885,-0.0803773731136506,-5.70194842839956
2.32,-3.62135271661895,-0.0803773731136506,-5.70704154792181
2.3225,-3.62135271661895,-0.0803773731136506,-5.69685530887731
2.325,-3.61625825876574,-0.0803773731136506,-5.68666906983281
2.3275,-3.72324187368316,-0.0803773731136506,-5.67648283078831
2.33,-3.67229729515105,-0.0803773731136506,-5.68157595031056
2.3325,-3.62644717447216,-0.0803773731136506,-5.67138971126606
2.335,-3.61625825876574,-0.0803773731136506,-5.67648283078831
2.3375,-3.61625825876574,-0.0803773731136506,-5.66629659174381
2.34,-3.61116380091253,-0.0803773731136506,-5.90058008976729
2.3425,-3.63154163232537,-0.0803773731136506,-5.64083099413256
2.345,-3.62135271661895,-0.0803773731136506,-5.64083099413256
2.3475,-3.58569151164647,-0.0803773731136506,-5.64083099413256
2.35,-3.57550259594005,-0.0803773731136506,-5.66629659174381
2.3525,-3.57040813808684,-0.0803773731136506,-5.70704154792181
2.355,-3.57040813808684,-0.0803773731136506,-5.68157595031056
2.3575,-3.56021922238042,-0.0803773731136506,-5.69685530887731
2.36,-3.55512476452721,-0.0803773731136506,-5.66120347222156
2.3625,-3.54493584882079,-0.0803773731136506,-5.67648283078831
2.365,-3.57040813808684,-0.0803773731136506,-5.64592411365481
2.3675,-3.52965247526116,-0.0803773731136506,-5.69176218935506
2.37,-3.52455801740795,-0.0803773731136506,-5.71722778696631
2.3725,-3.63154163232537,-0.0803773731136506,-5.73250714553306
2.375,-3.51946355955474,-0.0803773731136506,-5.71722778696631
2.3775,-3.51946355955474,-0.0803773731136506,-5.69685530887731
2.38,-3.48889681243547,-0.0803773731136506,-5.7783452212333
2.3825,-3.48889681243547,-0.075281680307862,-5.79362457980005
2.385,-3.48889681243547,-0.0803773731136506,-5.79362457980005
2.3875,-3.48380235458226,-0.0803773731136506,-5.94641816546754
2.39,-3.47870789672905,-0.0803773731136506,-5.70194842839956
2.3925,-3.47870789672905,-0.0803773731136506,-5.70704154792181
2.395,-3.47361343887584,-0.0803773731136506,-5.8496488945448
2.3975,-3.46851898102263,-0.0803773731136506,-5.72232090648856
2.4,-3.45833006531621,-0.0803773731136506,-5.71213466744406
2.4025,-3.453235607463,-0.0803773731136506,-5.8394626555003
2.405,-3.44814114960979,-0.0803773731136506,-5.72232090648856
2.4075,-3.44304669175658,-0.0803773731136506,-5.74269338457756
2.41,-3.46342452316942,-0.0803773731136506,-5.70194842839956
2.4125,-3.42266886034373,-0.0803773731136506,-5.69685530887731
2.415,-3.41757440249052,-0.0803773731136506,-5.72741402601081
2.4175,-3.41757440249052,-0.0803773731136506,-5.75287962362205
2.42,-3.41757440249052,-0.0803773731136506,-5.69685530887731
2.4225,-3.41757440249052,-0.075281680307862,-5.67648283078831
2.425,-3.41757440249052,-0.0803773731136506,-5.72741402601081
2.4275,-3.41247994463731,-0.0803773731136506,-5.67138971126606
2.43,-3.4073854867841,-0.0803773731136506,-5.66629659174381
2.4325,-3.40229102893089,-0.0803773731136506,-5.69685530887731
2.435,-3.40229102893089,-0.075281680307862,-5.71722778696631
2.4375,-3.40229102893089,-0.0803773731136506,-5.68157595031056
2.44,-3.38191319751805,-0.0803773731136506,-5.71213466744406
2.4425,-3.40229102893089,-0.0803773731136506,-5.72741402601081
2.445,-3.4073854867841,-0.0803773731136506,-5.68157595031056
2.4475,-3.4073854867841,-0.0803773731136506,-5.69685530887731
2.45,-3.41757440249052,-0.0803773731136506,-5.69176218935506
2.4525,-3.39719657107768,-0.0803773731136506,-5.71213466744406
2.455,-3.39210211322447,-0.075281680307862,-5.71213466744406
2.4575,-3.38700765537126,-0.0803773731136506,-5.74778650409981
2.46,-3.38700765537126,-0.075281680307862,-5.74269338457756
2.4625,-3.4073854867841,-0.0803773731136506,-5.73760026505531
2.465,-3.41247994463731,-0.0803773731136506,-5.74269338457756
2.4675,-3.41247994463731,-0.0803773731136506,-5.7579727431443
2.47,-3.41757440249052,-0.0803773731136506,-5.76306586266655
2.4725,-3.39719657107768,-0.0803773731136506,-5.75287962362205
2.475,-3.40229102893089,-0.0803773731136506,-5.73760026505531
2.4775,-3.42266886034373,-0.0803773731136506,-5.80381081884455
2.48,-3.41757440249052,-0.0803773731136506,-5.72741402601081
2.4825,-3.41757440249052,-0.0803773731136506,-5.7783452212333
2.485,-3.41247994463731,-0.0803773731136506,-5.77325210171105
2.4875,-3.41247994463731,-0.0803773731136506,-5.70704154792181
2.49,-3.41757440249052,-0.0803773731136506,-5.78343834075555
2.4925,-3.41247994463731,-0.0803773731136506,-5.74778650409981
2.495,-3.4073854867841,-0.0803773731136506,-5.78343834075555
2.4975,-3.39210211322447,-0.075281680307862,-5.98207000212328
2.5,-3.39210211322447,-0.0803773731136506,-5.69176218935506
2.5025,-3.39719657107768,-0.0803773731136506,-5.70704154792181
2.505,-3.39719657107768,-0.075281680307862,-5.70704154792181
2.5075,-3.39719657107768,-0.0803773731136506,-5.69685530887731
2.51,-3.39210211322447,-0.0803773731136506,-5.7783452212333
2.5125,-3.39719657107768,-0.0803773731136506,-5.79362457980005
2.515,-3.37681873966484,-0.0803773731136506,-5.7987176993223
2.5175,-3.37681873966484,-0.0803773731136506,-5.71213466744406
2.52,-3.37681873966484,-0.0803773731136506,-5.71722778696631
2.5225,-3.37172428181163,-0.0803773731136506,-5.74269338457756
2.525,-3.37681873966484,-0.0803773731136506,-5.73760026505531
2.5275,-3.37172428181163,-0.0803773731136506,-5.73760026505531
2.53,-3.38191319751805,-0.0803773731136506,-5.77325210171105
2.5325,-3.38191319751805,-0.0854730659194392,-5.7579727431443
2.535,-3.38700765537126,-0.0803773731136506,-5.72741402601081
2.5375,-3.39210211322447,-0.0803773731136506,-5.73760026505531
2.54,-3.41757440249052,-0.0803773731136506,-5.75287962362205
2.5425,-3.42776331819694,-0.0803773731136506,-5.74778650409981
2.545,-3.42776331819694,-0.0803773731136506,-5.76306586266655
2.5475,-3.42776331819694,-0.0803773731136506,-5.7681589821888
2.55,-0.0908934243440065,-0.0803773731136506,-5.75287962362205
2.5525,-0.0908934243440065,-0.0803773731136506,-5.76306586266655
2.555,-0.0959878821972175,-0.0803773731136506,-5.8190901774113
2.5575,-0.0959878821972175,-0.0803773731136506,-5.7987176993223
2.56,-3.43795223390337,-0.0803773731136506,-5.8190901774113
2.5625,-3.44304669175658,-0.0803773731136506,-5.82418329693355
2.565,-3.44304669175658,-0.0803773731136506,-5.78343834075555
2.5675,-9.3679011750405,-0.0803773731136506,-5.7885314602778
2.57,-3.47870789672905,-0.0803773731136506,-5.78343834075555
2.5725,-3.47870789672905,-0.0803773731136506,-5.8292764164558
2.575,-3.5041801859951,-0.0803773731136506,-5.7987176993223
2.5775,-3.49399127028868,-0.0803773731136506,-5.7987176993223
2.58,-3.49908572814189,-0.0803773731136506,-5.78343834075555
2.5825,-3.5041801859951,-0.0803773731136506,-5.77325210171105
2.585,-3.5041801859951,-0.0803773731136506,-5.7987176993223
2.5875,-3.51946355955474,-0.0803773731136506,-5.83436953597805
2.59,-3.52455801740795,-0.0803773731136506,-5.78343834075555
2.5925,-3.55512476452721,-0.0803773731136506,-5.73760026505531
2.595,-3.50927464384831,-0.0803773731136506,-5.7681589821888
2.5975,-3.51946355955474,-0.0803773731136506,-5.7579727431443
2.6,-3.51436910170153,-0.0803773731136506,-5.76306586266655
2.6025,-3.51946355955474,-0.0803773731136506,-5.72741402601081
2.605,-3.52455801740795,-0.0803773731136506,-5.76306586266655
2.6075,-3.53474693311437,-0.0803773731136506,-5.7579727431443
2.61,-3.52965247526116,-0.0803773731136506,-5.75287962362205
2.6125,-3.54493584882079,-0.0803773731136506,-5.7987176993223
2.615,-3.550030306674,-0.0803773731136506,-5.8190901774113
2.6175,-3.56021922238042,-0.0803773731136506,-5.7681589821888
2.62,-3.56021922238042,-0.0803773731136506,-5.77325210171105
2.6225,-3.58569151164647,-0.0803773731136506,-5.77325210171105
2.625,-3.58059705379326,-0.075281680307862,-5.73760026505531
2.6275,-3.57550259594005,-0.0803773731136506,-5.73760026505531
2.63,-3.57040813808684,-0.0803773731136506,-5.7681589821888
2.6325,-3.57550259594005,-0.0803773731136506,-5.77325210171105
2.635,-3.57550259594005,-0.0803773731136506,-5.73250714553306
2.6375,-3.57040813808684,-0.0803773731136506,-5.73760026505531
2.64,-3.57040813808684,-0.0803773731136506,-5.74778650409981
2.6425,-3.57550259594005,-0.0803773731136506,-5.73250714553306
2.645,-3.59078596949968,-0.0803773731136506,-5.72232090648856
2.6475,-3.55512476452721,-0.0803773731136506,-5.72741402601081
2.65,-3.56021922238042,-0.075281680307862,-5.74778650409981
2.6525,-3.550030306674,-0.0803773731136506,-5.75287962362205
2.655,-3.53984139096758,-0.0803773731136506,-5.71213466744406
2.6575,-3.53984139096758,-0.0803773731136506,-5.73760026505531
2.66,-3.53984139096758,-0.0803773731136506,-5.73250714553306
2.6625,-3.53984139096758,-0.0803773731136506,-5.73250714553306
2.665,-3.56531368023363,-0.0803773731136506,-5.70704154792181
2.6675,-3.550030306674,-0.0803773731136506,-5.70194842839956
2.67,-3.49399127028868,-0.0803773731136506,-5.77325210171105
2.6725,-3.48889681243547,-0.0803773731136506,-5.70194842839956
2.675,-3.51436910170153,-0.0803773731136506,-5.73760026505531
2.6775,-3.5041801859951,-0.0803773731136506,-5.73760026505531
2.68,-3.49399127028868,-0.0803773731136506,-5.74269338457756
2.6825,-3.48380235458226,-0.0803773731136506,-5.70704154792181
2.685,-3.47361343887584,-0.0803773731136506,-5.71722778696631
2.6875,-3.49399127028868,-0.0803773731136506,-5.70194842839956
2.69,-3.46851898102263,-0.0803773731136506,-5.71213466744406
2.6925,-3.43285777605016,-0.0803773731136506,-5.68157595031056
2.695,-3.41757440249052,-0.0803773731136506,-5.69685530887731
2.6975,-3.41247994463731,-0.0803773731136506,-5.71722778696631
2.7,-3.356440908252,-0.0803773731136506,-5.77325210171105
2.7025,-3.37681873966484,-0.0803773731136506,-5.70194842839956
2.705,-3.36662982395842,-0.0803773731136506,-5.70704154792181
2.7075,-3.33096861898594,-0.0803773731136506,-5.74269338457756
2.71,-3.31568524542631,-0.0854730659194392,-5.71213466744406
2.7125,-3.33606307683915,-0.0803773731136506,-5.70194842839956
2.715,-3.29021295616026,-0.0803773731136506,-5.73760026505531
2.7175,-3.31568524542631,-0.0803773731136506,-5.68157595031056
2.72,-3.31568524542631,-0.0803773731136506,-5.68157595031056
2.7225,-3.259646209041,-0.075281680307862,-5.73250714553306
2.725,-3.28511849830705,-0.0803773731136506,-5.69176218935506
2.7275,-3.26474066689421,-0.0803773731136506,-5.66629659174381
2.73,-3.26983512474742,-0.0803773731136506,-5.66629659174381
2.7325,-3.28511849830705,-0.0803773731136506,-5.70194842839956
2.735,-3.24436283548136,-0.0803773731136506,-5.66120347222156
2.7375,-3.24436283548136,-0.0803773731136506,-5.69176218935506
2.74,-3.24945729333457,-0.0803773731136506,-5.65101723317706
2.7425,-3.27492958260063,-0.0803773731136506,-5.66120347222156
2.745,-3.28511849830705,-0.075281680307862,-5.68157595031056
2.7475,-3.27492958260063,-0.075281680307862,-5.71213466744406
2.75,-3.27492958260063,-0.0803773731136506,-5.63573787461031
2.7525,-3.28511849830705,-0.0803773731136506,-5.67648283078831
2.755,-3.29530741401347,-0.0803773731136506,-5.64083099413256
2.7575,-3.259646209041,-0.0803773731136506,-5.65611035269931
2.76,-3.29530741401347,-0.0803773731136506,-5.61536539652132
2.7625,-3.27492958260063,-0.0803773731136506,-5.58989979891007
2.765,-3.28511849830705,-0.0803773731136506,-5.65611035269931
2.7675,-3.29021295616026,-0.0803773731136506,-5.73760026505531
2.77,-3.27492958260063,-0.0803773731136506,-5.64083099413256
2.7725,-3.29021295616026,-0.0854730659194392,-5.66629659174381
2.775,-3.29021295616026,-0.0803773731136506,-5.66629659174381
2.7775,-3.29530741401347,-0.0803773731136506,-5.66120347222156
2.78,-3.32587416113273,-0.0803773731136506,-5.63064475508807
2.7825,-3.33096861898594,-0.0803773731136506,-5.61536539652132
2.785,-3.36153536610521,-0.0803773731136506,-5.62045851604357
2.7875,-3.34625199254558,-0.0803773731136506,-5.61027227699907
2.79,-3.34625199254558,-0.0803773731136506,-5.61536539652132
2.7925,-3.34625199254558,-0.0803773731136506,-5.63573787461031
2.795,-3.39719657107768,-0.0803773731136506,-5.66629659174381
2.7975,-3.38191319751805,-0.0803773731136506,-5.64592411365481
2.8,-3.38700765537126,-0.0803773731136506,-5.64592411365481
2.8025,-3.43795223390337,-0.0803773731136506,-5.61536539652132
2.805,-3.43285777605016,-0.0803773731136506,-5.69685530887731
2.8075,-3.42266886034373,-0.0803773731136506,-5.70704154792181
2.81,-3.4073854867841,-0.0803773731136506,-5.62045851604357
2.8125,-3.42266886034373,-0.0803773731136506,-5.65101723317706
2.815,-3.40229102893089,-0.0803773731136506,-5.65101723317706
2.8175,-3.43285777605016,-0.0803773731136506,-5.69176218935506
2.82,-3.43285777605016,-0.0803773731136506,-5.61536539652132
2.8225,-3.44304669175658,-0.075281680307862,-5.64592411365481
2.825,-3.5041801859951,-0.0803773731136506,-5.63573787461031
2.8275,-3.49908572814189,-0.0803773731136506,-5.63573787461031
2.83,-3.52455801740795,-0.0803773731136506,-5.63064475508807
2.8325,-3.51946355955474,-0.0803773731136506,-5.60008603795457
2.835,-3.51946355955474,-0.0803773731136506,-5.56952732082107
2.8375,-3.5041801859951,-0.0803773731136506,-5.59499291843232
2.84,-3.51946355955474,-0.0803773731136506,-5.58989979891007
2.8425,-3.52965247526116,-0.0803773731136506,-5.56952732082107
2.845,-3.61625825876574,-0.075281680307862,-5.55934108177657
2.8475,-3.61625825876574,-0.0803773731136506,-5.56443420129882
2.85,-3.646825005885,-0.0803773731136506,-5.59499291843232
2.8525,-3.65701392159142,-0.0803773731136506,-5.63573787461031
2.855,-3.62135271661895,-0.0803773731136506,-5.59499291843232
2.8575,-3.64173054803179,-0.0803773731136506,-5.56952732082107
2.86,-3.646825005885,-0.0803773731136506,-5.53896860368757
2.8625,-3.60097488520611,-0.0803773731136506,-5.53896860368757
2.865,-3.59078596949968,-0.0803773731136506,-5.53387548416532
2.8675,-3.58569151164647,-0.0803773731136506,-5.53896860368757
2.87,-3.54493584882079,-0.0803773731136506,-5.62555163556582
2.8725,-3.53984139096758,-0.075281680307862,-5.58480667938782
2.875,-3.53474693311437,-0.0803773731136506,-5.55934108177657
2.8775,-3.52965247526116,-0.0803773731136506,-5.60517915747682
2.88,-3.52455801740795,-0.0803773731136506,-5.57462044034332
2.8825,-3.51946355955474,-0.0803773731136506,-5.55934108177657
2.885,-3.50927464384831,-0.0803773731136506,-5.56952732082107
2.8875,-3.5041801859951,-0.0803773731136506,-5.55424796225432
2.89,-3.49908572814189,-0.0803773731136506,-5.55424796225432
2.8925,-3.52455801740795,-0.075281680307862,-5.53387548416532
2.895,-3.52455801740795,-0.0803773731136506,-5.61027227699907
2.8975,-3.53474693311437,-0.0803773731136506,-5.51859612559857
2.9,-3.49908572814189,-0.0803773731136506,-5.52368924512082
2.9025,-3.48889681243547,-0.0803773731136506,-5.54406172320982
2.905,-3.49399127028868,-0.0803773731136506,-5.62555163556582
2.9075,-3.48889681243547,-0.0803773731136506,-5.56952732082107
2.91,-3.47361343887584,-0.0803773731136506,-5.52878236464307
2.9125,-3.46342452316942,-0.075281680307862,-5.55424796225432
2.915,-3.453235607463,-0.0803773731136506,-5.57971355986557
2.9175,-3.44304669175658,-0.0803773731136506,-5.57462044034332
2.92,-3.42266886034373,-0.0803773731136506,-5.57971355986557
2.9225,-3.41757440249052,-0.075281680307862,-5.54915484273207
2.925,-3.43285777605016,-0.0803773731136506,-5.57462044034332
2.9275,-3.37681873966484,-0.0803773731136506,-5.54406172320982
2.93,-3.37172428181163,-0.0803773731136506,-5.54915484273207
2.9325,-3.356440908252,-0.0803773731136506,-5.57971355986557
2.935,-3.36662982395842,-0.0803773731136506,-5.53387548416532
2.9375,-3.37681873966484,-0.0803773731136506,-5.53896860368757
2.94,-3.32077970327952,-0.0803773731136506,-5.50331676703183
2.9425,-3.3105907875731,-0.0803773731136506,-5.51350300607633
2.945,-3.3105907875731,-0.0803773731136506,-5.52878236464307
2.9475,-3.30040187186668,-0.0803773731136506,-5.53896860368757
2.95,-3.29530741401347,-0.0803773731136506,-5.55934108177657
2.9525,-3.29021295616026,-0.0803773731136506,-5.55424796225432
2.955,-3.28002404045384,-0.0803773731136506,-5.50840988655408
2.9575,-3.27492958260063,-0.0803773731136506,-5.53387548416532
2.96,-3.24436283548136,-0.0803773731136506,-5.51350300607633
2.9625,-3.24436283548136,-0.0803773731136506,-5.56443420129882
2.965,-3.26983512474742,-0.0803773731136506,-5.59499291843232
2.9675,-3.25455175118779,-0.0803773731136506,-5.55424796225432
2.97,-3.29021295616026,-0.0803773731136506,-5.53896860368757
2.9725,-3.259646209041,-0.0803773731136506,-5.59499291843232
2.975,-3.23926837762815,-0.0803773731136506,-5.53387548416532
2.9775,-3.259646209041,-0.0803773731136506,-5.52368924512082
2.98,-3.25455175118779,-0.0803773731136506,-5.53387548416532
2.9825,-3.25455175118779,-0.0803773731136506,-5.53387548416532
2.985,-3.15775705197678,-0.0803773731136506,-5.55424796225432
2.9875,-3.259646209041,-0.0803773731136506,-5.49822364750958
2.99,-3.259646209041,-0.0803773731136506,-5.52878236464307
2.9925,-3.14756813627036,-0.0803773731136506,-5.52368924512082
2.995,-3.24945729333457,-0.0803773731136506,-5.50331676703183
2.9975,-3.13228476271073,-0.0803773731136506,-5.48803740846508
3,-3.13228476271073,-0.0803773731136506,-5.59499291843232
3.0025,-3.13228476271073,-0.0803773731136506,-5.46766493037608
3.005,-3.13228476271073,-0.0803773731136506,-5.54406172320982
3.0075,-3.13737922056394,-0.0803773731136506,-5.60517915747682
3.01,-0.101082340050429,-0.0803773731136506,-5.55424796225432
3.0125,-0.0908934243440065,-0.0803773731136506,-5.53896860368757
3.015,-2.52604427817867,-0.0803773731136506,-5.56443420129882
3.0175,-2.52604427817867,-0.0803773731136506,-5.51859612559857
3.02,-2.52604427817867,-0.0803773731136506,-5.49822364750958
3.0225,-2.53113873603188,-0.0803773731136506,-5.55424796225432
3.025,-2.56170548315114,-0.0803773731136506,-5.54915484273207
3.0275,-2.56170548315114,-0.0803773731136506,-5.53896860368757
3.03,-2.57189439885757,-0.0803773731136506,-5.57462044034332
3.0325,-2.60246114597683,-0.075281680307862,-5.54915484273207
3.035,-2.60755560383004,-0.0803773731136506,-5.57462044034332
3.0375,-2.60755560383004,-0.0803773731136506,-5.56952732082107
3.04,-0.106176797903638,-0.0854730659194392,-5.58480667938782
3.0425,-0.0908934243440065,-0.0803773731136506,-5.56952732082107
3.045,-2.70944476089425,-0.0803773731136506,-5.55934108177657
3.0475,-2.88775078575662,-0.0803773731136506,-5.54406172320982
3.05,-2.85718403863736,-0.0803773731136506,-5.55934108177657
3.0525,-2.80623946010525,-0.0803773731136506,-5.55424796225432
3.055,-2.81642837581167,-0.0803773731136506,-5.54406172320982
3.0575,-3.03039560564652,-0.0803773731136506,-5.55934108177657
3.06,-3.04567897920615,-0.0803773731136506,-5.52878236464307
3.0625,-3.0711512684722,-0.0803773731136506,-5.53387548416532
3.065,-3.0711512684722,-0.0803773731136506,-5.55934108177657
3.0675,-3.15775705197678,-0.075281680307862,-5.57462044034332
3.07,-3.17304042553642,-0.0803773731136506,-5.55424796225432
3.0725,-3.15775705197678,-0.0803773731136506,-5.55934108177657
3.075,-3.18322934124284,-0.075281680307862,-5.55934108177657
3.0775,-3.20360717265568,-0.0803773731136506,-5.56952732082107
3.08,-3.19341825694926,-0.075281680307862,-5.64592411365481
3.0825,-3.19851271480247,-0.075281680307862,-5.59499291843232
3.085,-3.23926837762815,-0.0803773731136506,-5.59499291843232
3.0875,-3.26983512474742,-0.0803773731136506,-5.59499291843232
3.09,-3.26983512474742,-0.0854730659194392,-5.67648283078831
3.0925,-3.29021295616026,-0.0803773731136506,-5.64083099413256
3.095,-3.29530741401347,-0.0803773731136506,-5.62555163556582
3.0975,-3.33606307683915,-0.0803773731136506,-5.65611035269931
3.1,-3.34115753469236,-0.0803773731136506,-5.63573787461031
3.1025,-3.34625199254558,-0.0803773731136506,-5.62555163556582
3.105,-3.34115753469236,-0.0803773731136506,-5.61536539652132
3.1075,-3.35134645039879,-0.0803773731136506,-5.66120347222156
3.11,-3.34625199254558,-0.0803773731136506,-5.66629659174381
3.1125,-3.36662982395842,-0.0803773731136506,-5.61027227699907
3.115,-3.39210211322447,-0.075281680307862,-5.51350300607633
3.1175,-3.40229102893089,-0.0803773731136506,-5.61536539652132
3.12,-3.38191319751805,-0.0803773731136506,-5.64592411365481
3.1225,-3.39210211322447,-0.0803773731136506,-5.67138971126606
3.125,-3.39719657107768,-0.0803773731136506,-5.60008603795457
3.1275,-3.4073854867841,-0.0803773731136506,-5.73250714553306
3.13,-3.41757440249052,-0.0803773731136506,-5.57462044034332
3.1325,-3.45833006531621,-0.0803773731136506,-5.56952732082107
3.135,-3.48889681243547,-0.0701859875020752,-5.59499291843232
3.1375,-3.51436910170153,-0.0803773731136506,-5.60008603795457
3.14,-3.5041801859951,-0.0854730659194392,-5.58989979891007
3.1425,-3.48380235458226,-0.0803773731136506,-5.58989979891007
3.145,-3.50927464384831,-0.0803773731136506,-5.57971355986557
3.1475,-3.47361343887584,-0.0803773731136506,-5.68666906983281
3.15,-3.46851898102263,-0.0803773731136506,-5.61027227699907
3.1525,-3.43795223390337,-0.0803773731136506,-5.65101723317706
3.155,-3.43795223390337,-0.0803773731136506,-5.61027227699907
3.1575,-3.45833006531621,-0.0803773731136506,-5.58480667938782
3.16,-3.46851898102263,-0.0854730659194392,-5.61536539652132
3.1625,-3.46342452316942,-0.0803773731136506,-5.63064475508807
3.165,-3.44814114960979,-0.0854730659194392,-5.58989979891007
3.1675,-3.47870789672905,-0.0803773731136506,-5.59499291843232
3.17,-3.45833006531621,-0.0803773731136506,-5.58480667938782
3.1725,-3.48889681243547,-0.0803773731136506,-5.61536539652132
3.175,-3.48380235458226,-0.0803773731136506,-5.61027227699907
3.1775,-3.44304669175658,-0.0803773731136506,-5.59499291843232
3.18,-3.44304669175658,-0.0803773731136506,-5.60008603795457
3.1825,-3.5041801859951,-0.0803773731136506,-5.59499291843232
3.185,-3.45833006531621,-0.0803773731136506,-5.60008603795457
3.1875,-3.45833006531621,-0.0803773731136506,-5.60008603795457
3.19,-3.43795223390337,-0.0803773731136506,-5.64083099413256
3.1925,-3.41757440249052,-0.0803773731136506,-5.73250714553306
3.195,-3.4073854867841,-0.0803773731136506,-5.77325210171105
3.1975,-3.42266886034373,-0.0803773731136506,-5.65101723317706
3.2,-3.41247994463731,-0.0803773731136506,-5.66120347222156
3.2025,-3.41247994463731,-0.0803773731136506,-5.58480667938782
3.205,-3.41757440249052,-0.0803773731136506,-5.62555163556582
3.2075,-3.41757440249052,-0.0803773731136506,-5.62555163556582
3.21,-3.4073854867841,-0.075281680307862,-5.63064475508807
3.2125,-3.39210211322447,-0.0803773731136506,-5.64592411365481
3.215,-3.38700765537126,-0.0803773731136506,-5.64083099413256
3.2175,-3.38700765537126,-0.0803773731136506,-5.63064475508807
3.22,-3.41247994463731,-0.0803773731136506,-5.67138971126606
3.2225,-3.36153536610521,-0.0803773731136506,-5.66120347222156
3.225,-3.34115753469236,-0.0803773731136506,-5.61027227699907
3.2275,-3.37681873966484,-0.0803773731136506,-5.60517915747682
3.23,-3.31568524542631,-0.0803773731136506,-5.60008603795457
3.2325,-3.30549632971989,-0.0803773731136506,-5.60008603795457
3.235,-3.40229102893089,-0.0854730659194392,-5.58989979891007
3.2375,-3.33606307683915,-0.0803773731136506,-5.58480667938782
3.24,-3.28511849830705,-0.0803773731136506,-5.57462044034332
3.2425,-3.32077970327952,-0.0803773731136506,-5.58480667938782
3.245,-3.28511849830705,-0.0803773731136506,-5.57462044034332
3.2475,-3.259646209041,-0.0803773731136506,-5.55424796225432
3.25,-3.259646209041,-0.0803773731136506,-5.62045851604357
3.2525,-3.23926837762815,-0.0803773731136506,-5.62555163556582
3.255,-3.23417391977494,-0.075281680307862,-5.58480667938782
3.2575,-3.25455175118779,-0.0803773731136506,-5.55934108177657
3.26,-3.28002404045384,-0.075281680307862,-5.55424796225432
3.2625,-3.34625199254558,-0.0803773731136506,-5.56443420129882
3.265,-3.27492958260063,-0.0803773731136506,-5.62045851604357
3.2675,-3.28511849830705,-0.0803773731136506,-5.57462044034332
3.27,-3.30549632971989,-0.0803773731136506,-5.57971355986557
3.2725,-3.28002404045384,-0.0803773731136506,-5.58480667938782
3.275,-3.26474066689421,-0.0803773731136506,-5.68666906983281
3.2775,-3.29021295616026,-0.0803773731136506,-5.62045851604357
3.28,-3.25455175118779,-0.0854730659194392,-5.71722778696631
3.2825,-3.24945729333457,-0.0803773731136506,-5.58480667938782
3.285,-3.22398500406852,-0.0803773731136506,-5.66120347222156
3.2875,-3.23926837762815,-0.0803773731136506,-5.70194842839956
3.29,-3.22907946192173,-0.075281680307862,-5.70704154792181
3.2925,-3.18322934124284,-0.075281680307862,-5.56952732082107
3.295,-3.17304042553642,-0.0803773731136506,-5.59499291843232
3.2975,-3.19341825694926,-0.075281680307862,-5.57462044034332
3.3,-3.19341825694926,-0.0803773731136506,-5.57462044034332
3.3025,-3.16794596768321,-0.0854730659194392,-5.56443420129882
3.305,-3.17813488338963,-0.0803773731136506,-5.68666906983281
3.3075,-3.14756813627036,-0.0803773731136506,-5.57462044034332
3.31,-3.13228476271073,-0.0803773731136506,-5.57971355986557
3.3125,-3.14756813627036,-0.0803773731136506,-5.61536539652132
3.315,-3.17813488338963,-0.0803773731136506,-5.53896860368757
3.3175,-3.11190693129789,-0.0803773731136506,-5.53387548416532
3.32,-3.10171801559147,-0.0803773731136506,-5.56952732082107
3.3225,-3.12209584700431,-0.0803773731136506,-5.52878236464307
3.325,-3.13228476271073,-0.0803773731136506,-5.52878236464307
3.3275,-3.12719030485752,-0.075281680307862,-5.52368924512082
3.33,-3.14756813627036,-0.0803773731136506,-5.55424796225432
3.3325,-3.10681247344468,-0.0803773731136506,-5.55424796225432
3.335,-3.13737922056394,-0.0803773731136506,-5.53387548416532
3.3375,-3.1170013891511,-0.0803773731136506,-5.50840988655408
3.34,-3.11190693129789,-0.0803773731136506,-5.50331676703183
3.3425,-3.11190693129789,-0.0803773731136506,-5.56952732082107
3.345,-3.09662355773826,-0.0803773731136506,-5.56443420129882
3.3475,-3.1170013891511,-0.075281680307862,-5.56952732082107
3.35,-3.15775705197678,-0.0854730659194392,-5.52368924512082
3.3525,-3.15775705197678,-0.0854730659194392,-5.52368924512082
3.355,-3.15775705197678,-0.075281680307862,-5.53896860368757
3.3575,-3.17813488338963,-0.0803773731136506,-5.55424796225432
3.36,-3.19341825694926,-0.0803773731136506,-5.56952732082107
3.3625,-3.21889054621531,-0.0803773731136506,-5.54915484273207
3.365,-3.24945729333457,-0.075281680307862,-5.59499291843232
3.3675,-3.19851271480247,-0.0803773731136506,-5.54406172320982
3.37,-3.22398500406852,-0.0803773731136506,-5.53896860368757
3.3725,-3.21889054621531,-0.0803773731136506,-5.55424796225432
3.375,-3.19341825694926,-0.0803773731136506,-5.51859612559857
3.3775,-3.19851271480247,-0.0803773731136506,-5.55424796225432
3.38,-3.19851271480247,-0.0803773731136506,-5.50840988655408
3.3825,-3.19851271480247,-0.0803773731136506,-5.48294428894283
3.385,-3.22907946192173,-0.0803773731136506,-5.46766493037608
3.3875,-3.2137960883621,-0.0803773731136506,-5.46257181085383
3.39,-3.18322934124284,-0.0803773731136506,-5.43201309372033
3.3925,-3.18322934124284,-0.0803773731136506,-5.41673373515358
3.395,-3.18322934124284,-0.0803773731136506,-5.41673373515358
3.3975,-3.14247367841715,-0.075281680307862,-5.39126813754234
3.4,-3.15266259412357,-0.0803773731136506,-5.39636125706459
3.4025,-3.16794596768321,-0.075281680307862,-5.37089565945334
3.405,-3.16285150982999,-0.0803773731136506,-5.37089565945334
3.4075,-3.12719030485752,-0.0803773731136506,-5.35052318136434
3.41,-3.12719030485752,-0.0803773731136506,-5.35052318136434
3.4125,-3.12209584700431,-0.075281680307862,-5.33524382279759
3.415,-3.13228476271073,-0.0803773731136506,-5.34543006184209
3.4175,-3.12719030485752,-0.0803773731136506,-5.40145437658683
3.42,-3.13228476271073,-0.0854730659194392,-5.38108189849784
3.4225,-3.13228476271073,-0.0854730659194392,-5.34033694231984
3.425,-3.10681247344468,-0.0803773731136506,-5.31487134470859
3.4275,-3.10681247344468,-0.0803773731136506,-5.34033694231984
3.43,-3.08134018417863,-0.0803773731136506,-5.34033694231984
3.4325,-3.08134018417863,-0.0803773731136506,-5.35052318136434
3.435,-3.08134018417863,-0.0803773731136506,-5.61027227699907
3.4375,-3.08134018417863,-0.075281680307862,-5.36070942040884
3.44,-3.08134018417863,-0.0803773731136506,-5.33015070327534
3.4425,-3.07624572632541,-0.0803773731136506,-5.33015070327534
3.445,-3.10171801559147,-0.0803773731136506,-5.33524382279759
3.4475,-3.15266259412357,-0.0803773731136506,-5.33524382279759
3.45,-3.11190693129789,-0.0803773731136506,-5.35052318136434
3.4525,-3.16794596768321,-0.0803773731136506,-5.37089565945334
3.455,-3.13737922056394,-0.0803773731136506,-5.37089565945334
3.4575,-3.13228476271073,-0.0803773731136506,-5.41164061563133
3.46,-3.1170013891511,-0.0803773731136506,-5.33524382279759
3.4625,-3.1170013891511,-0.0803773731136506,-5.37089565945334
3.465,-3.15266259412357,-0.0803773731136506,-5.36070942040884
3.4675,-3.15266259412357,-0.0803773731136506,-5.33524382279759
3.47,-3.19851271480247,-0.075281680307862,-5.36580253993109
3.4725,-3.16794596768321,-0.0803773731136506,-5.37089565945334
3.475,-3.29530741401347,-0.0803773731136506,-5.35052318136434
3.4775,-3.24945729333457,-0.0803773731136506,-5.35561630088659
3.48,-3.25455175118779,-0.0803773731136506,-5.37089565945334
3.4825,-3.33606307683915,-0.0803773731136506,-5.41164061563133
3.485,-3.33606307683915,-0.0803773731136506,-5.43710621324258
3.4875,-3.3105907875731,-0.075281680307862,-5.40145437658683
3.49,-3.31568524542631,-0.0803773731136506,-5.40654749610908
3.4925,-3.32077970327952,-0.0803773731136506,-5.37598877897559
3.495,-3.33096861898594,-0.075281680307862,-5.41164061563133
3.4975,-3.38191319751805,-0.0803773731136506,-5.47275804989833
3.5,-3.356440908252,-0.0803773731136506,-5.37089565945334
3.5025,-3.42776331819694,-0.0803773731136506,-5.41673373515358
3.505,-3.38700765537126,-0.0803773731136506,-5.46257181085383
3.5075,-3.46342452316942,-0.0854730659194392,-5.44729245228708
3.51,-3.46342452316942,-0.0803773731136506,-5.42691997419808
3.5125,-3.53474693311437,-0.0803773731136506,-5.41673373515358
3.515,-3.49908572814189,-0.0803773731136506,-5.38617501802009
3.5175,-3.49908572814189,-0.0803773731136506,-5.37089565945334
3.52,-3.49399127028868,-0.0803773731136506,-5.39636125706459
3.5225,-3.49399127028868,-0.0803773731136506,-5.36070942040884
3.525,-3.48889681243547,-0.0803773731136506,-5.36580253993109
3.5275,-3.53984139096758,-0.0803773731136506,-5.39126813754234
3.53,-3.49399127028868,-0.0803773731136506,-5.36070942040884
3.5325,-3.50927464384831,-0.0803773731136506,-5.42182685467583
3.535,-3.50927464384831,-0.0803773731136506,-5.32505758375309
3.5375,-3.48889681243547,-0.0854730659194392,-5.37598877897559
3.54,-3.48380235458226,-0.0803773731136506,-5.33524382279759
3.5425,-3.5041801859951,-0.0803773731136506,-5.35052318136434
3.545,-3.51946355955474,-0.0803773731136506,-5.31487134470859
3.5475,-3.5041801859951,-0.0803773731136506,-5.32505758375309
3.55,-3.52455801740795,-0.0803773731136506,-5.31996446423084
3.5525,-3.51946355955474,-0.0803773731136506,-5.33015070327534
3.555,-3.550030306674,-0.0803773731136506,-5.32505758375309
3.5575,-3.52455801740795,-0.0803773731136506,-5.37089565945334
3.56,-3.52455801740795,-0.0803773731136506,-5.35561630088659
3.5625,-3.550030306674,-0.075281680307862,-5.36070942040884
3.565,-3.57550259594005,-0.0803773731136506,-5.36070942040884
3.5675,-3.52965247526116,-0.0803773731136506,-5.37598877897559
3.57,-3.53474693311437,-0.0803773731136506,-5.36580253993109
3.5725,-3.52965247526116,-0.0803773731136506,-5.38108189849784
3.575,-3.52455801740795,-0.0803773731136506,-5.41673373515358
3.5775,-3.52965247526116,-0.0803773731136506,-5.41673373515358
3.58,-3.53474693311437,-0.0803773731136506,-5.47785116942058
3.5825,-3.49399127028868,-0.075281680307862,-5.45238557180933
3.585,-3.5041801859951,-0.0803773731136506,-5.41673373515358
3.5875,-3.49399127028868,-0.075281680307862,-5.43710621324258
3.59,-3.45833006531621,-0.0803773731136506,-5.41673373515358
3.5925,-3.48380235458226,-0.0803773731136506,-5.44219933276483
3.595,-3.453235607463,-0.0854730659194392,-5.40654749610908
3.5975,-3.47361343887584,-0.0803773731136506,-5.41164061563133
3.6,-3.46851898102263,-0.0803773731136506,-5.45238557180933
3.6025,-3.48889681243547,-0.0803773731136506,-5.47785116942058
3.605,-3.44304669175658,-0.0803773731136506,-5.47275804989833
3.6075,-3.38191319751805,-0.0803773731136506,-5.47785116942058
3.61,-3.37681873966484,-0.075281680307862,-5.43201309372033
3.6125,-3.37172428181163,-0.0854730659194392,-5.45747869133158
3.615,-3.34625199254558,-0.0803773731136506,-5.41673373515358
3.6175,-3.34625199254558,-0.0803773731136506,-5.41164061563133
3.62,-3.35134645039879,-0.0854730659194392,-5.42691997419808
3.6225,-3.35134645039879,-0.0803773731136506,-5.47275804989833
3.625,-0.0959878821972175,-0.0803773731136506,-5.44219933276483
3.6275,-0.0959878821972175,-0.0803773731136506,-5.42691997419808
3.63,-3.58059705379326,-0.0803773731136506,-5.43710621324258
3.6325,-3.54493584882079,-0.075281680307862,-5.47275804989833
3.635,-3.52965247526116,-0.0803773731136506,-5.43710621324258
3.6375,-3.42266886034373,-0.0803773731136506,-5.45747869133158
3.64,-3.43285777605016,-0.0803773731136506,-5.44729245228708
3.6425,-3.44814114960979,-0.0803773731136506,-5.46766493037608
3.645,-3.44304669175658,-0.075281680307862,-5.49822364750958
3.6475,-3.44304669175658,-0.0803773731136506,-5.42182685467583
3.65,-3.44304669175658,-0.0803773731136506,-5.45747869133158
3.6525,-3.46851898102263,-0.0803773731136506,-5.45747869133158
3.655,-3.47870789672905,-0.0803773731136506,-5.52368924512082
3.6575,-3.44304669175658,-0.0803773731136506,-5.47275804989833
3.66,-3.43795223390337,-0.0803773731136506,-5.45238557180933
3.6625,-3.49908572814189,-0.0803773731136506,-5.43201309372033
3.665,-3.46851898102263,-0.0803773731136506,-5.49822364750958
3.6675,-3.46342452316942,-0.0803773731136506,-5.45747869133158
3.67,-3.42776331819694,-0.0803773731136506,-5.49822364750958
3.6725,-3.44814114960979,-0.0803773731136506,-5.44729245228708
3.675,-3.46851898102263,-0.0803773731136506,-5.44729245228708
3.6775,-3.46851898102263,-0.0803773731136506,-5.44729245228708
3.68,-3.46851898102263,-0.075281680307862,-5.45238557180933
3.6825,-3.46851898102263,-0.0803773731136506,-5.49313052798733
3.685,-3.46342452316942,-0.0803773731136506,-5.52368924512082
3.6875,-3.46342452316942,-0.0803773731136506,-5.52878236464307
3.69,-3.46851898102263,-0.0854730659194392,-5.52368924512082
3.6925,-3.51946355955474,-0.0803773731136506,-5.53387548416532
3.695,-3.55512476452721,-0.0803773731136506,-5.50331676703183
3.6975,-3.51436910170153,-0.0803773731136506,-5.54406172320982
3.7,-3.50927464384831,-0.0803773731136506,-5.51350300607633
3.7025,-3.5041801859951,-0.0803773731136506,-5.51859612559857
3.705,-3.52455801740795,-0.0803773731136506,-5.51350300607633
3.7075,-3.52965247526116,-0.0803773731136506,-5.52368924512082
3.71,-3.51436910170153,-0.0803773731136506,-5.58480667938782
3.7125,-3.49908572814189,-0.075281680307862,-5.54406172320982
3.715,-3.49399127028868,-0.075281680307862,-5.56952732082107
3.7175,-3.46851898102263,-0.0803773731136506,-5.58480667938782
3.72,-3.48380235458226,-0.0803773731136506,-5.58480667938782
3.7225,-3.5041801859951,-0.0803773731136506,-5.65611035269931
3.725,-3.5041801859951,-0.0803773731136506,-5.55934108177657
3.7275,-3.49908572814189,-0.0803773731136506,-5.57462044034332
3.73,-3.49908572814189,-0.0803773731136506,-5.57971355986557
3.7325,-3.53474693311437,-0.0803773731136506,-5.58480667938782
3.735,-3.50927464384831,-0.0803773731136506,-5.63064475508807
3.7375,-3.55512476452721,-0.0803773731136506,-5.63064475508807
3.74,-3.54493584882079,-0.0803773731136506,-5.64592411365481
3.7425,-3.51946355955474,-0.0803773731136506,-5.62045851604357
3.745,-3.51946355955474,-0.0803773731136506,-5.61027227699907
3.7475,-3.52455801740795,-0.0803773731136506,-5.66120347222156
3.75,-3.56021922238042,-0.0803773731136506,-5.67648283078831
3.7525,-3.52455801740795,-0.0803773731136506,-5.67648283078831
3.755,-3.54493584882079,-0.0803773731136506,-5.68157595031056
3.7575,-3.54493584882079,-0.075281680307862,-5.66629659174381
3.76,-3.63663609017858,-0.0803773731136506,-5.72232090648856
3.7625,-3.71814741582995,-0.075281680307862,-5.69685530887731
3.765,-3.57040813808684,-0.0803773731136506,-5.60008603795457
3.7675,-3.72833633153637,-0.0803773731136506,-5.60008603795457
3.77,-3.71305295797674,-0.0803773731136506,-5.60008603795457
3.7725,-3.68758066871069,-0.0803773731136506,-5.60008603795457
3.775,-3.70795850012353,-0.0803773731136506,-5.60517915747682
3.7775,-3.71305295797674,-0.0803773731136506,-5.60008603795457
3.78,-3.70795850012353,-0.0803773731136506,-5.61027227699907
3.7825,-3.70795850012353,-0.0803773731136506,-5.61027227699907
3.785,-3.66210837944463,-0.0803773731136506,-5.61536539652132
3.7875,-3.68248621085748,-0.0854730659194392,-5.62045851604357
3.79,-3.68248621085748,-0.0803773731136506,-5.62045851604357
3.7925,-3.68758066871069,-0.0803773731136506,-5.63573787461031
3.795,-3.67229729515105,-0.0803773731136506,-5.63573787461031
3.7975,-3.66720283729784,-0.0803773731136506,-5.8598351335893
3.8,-3.67229729515105,-0.0803773731136506,-5.68157595031056
3.8025,-3.67229729515105,-0.0803773731136506,-5.67648283078831
3.805,-3.67739175300426,-0.0803773731136506,-5.7987176993223
3.8075,-3.68248621085748,-0.0803773731136506,-5.69685530887731
3.81,-3.68248621085748,-0.0803773731136506,-5.67648283078831
3.8125,-3.70286404227032,-0.0803773731136506,-5.69685530887731
3.815,-3.82513103074737,-0.075281680307862,-5.80381081884455
3.8175,-3.75380862080242,-0.0803773731136506,-5.66120347222156
3.82,-3.79965874148132,-0.0803773731136506,-5.83436953597805
3.8225,-3.82513103074737,-0.0803773731136506,-5.65101723317706
3.825,-3.75380862080242,-0.0803773731136506,-5.7783452212333
3.8275,-3.78437536792169,-0.0803773731136506,-5.62045851604357
3.83,-3.79456428362811,-0.0803773731136506,-5.61027227699907
3.8325,-3.68248621085748,-0.0803773731136506,-5.62555163556582
3.835,-3.70286404227032,-0.0803773731136506,-5.60517915747682
3.8375,-3.67739175300426,-0.0854730659194392,-5.8292764164558
3.84,-3.67229729515105,-0.075281680307862,-5.62045851604357
3.8425,-3.66720283729784,-0.0803773731136506,-5.81399705788905
3.845,-3.67229729515105,-0.0803773731136506,-5.59499291843232
3.8475,-3.67739175300426,-0.0803773731136506,-5.59499291843232
3.85,-3.67229729515105,-0.0803773731136506,-5.64083099413256
3.8525,-3.69776958441711,-0.0803773731136506,-5.67648283078831
3.855,-3.68758066871069,-0.0803773731136506,-5.62045851604357
3.8575,-3.70795850012353,-0.0803773731136506,-5.62045851604357
3.86,-3.67229729515105,-0.0803773731136506,-5.64592411365481
3.8625,-3.68248621085748,-0.0803773731136506,-5.66120347222156
3.865,-3.70286404227032,-0.075281680307862,-5.68666906983281
3.8675,-3.70286404227032,-0.0803773731136506,-5.69685530887731
3.87,-3.70795850012353,-0.0803773731136506,-5.72741402601081
3.8725,-3.72324187368316,-0.0803773731136506,-5.73760026505531
3.875,-3.70286404227032,-0.0803773731136506,-5.8292764164558
3.8775,-3.71814741582995,-0.0803773731136506,-5.79362457980005
3.88,-3.72833633153637,-0.0803773731136506,-5.7885314602778
3.8825,-3.72833633153637,-0.0803773731136506,-5.7987176993223
3.885,-3.73852524724279,-0.0803773731136506,-5.80381081884455
3.8875,-3.75380862080242,-0.0803773731136506,-5.8292764164558
3.89,-3.7894698257749,-0.0803773731136506,-5.89039385072279
3.8925,-3.76909199436206,-0.0803773731136506,-5.8190901774113
3.895,-3.77418645221527,-0.0803773731136506,-5.7987176993223
3.8975,-3.77928091006848,-0.0803773731136506,-5.8598351335893
3.9,-3.78437536792169,-0.0803773731136506,-5.85474201406705
3.9025,-3.79456428362811,-0.0803773731136506,-5.77325210171105
3.905,-3.79456428362811,-0.0803773731136506,-5.7579727431443
3.9075,-3.80984765718774,-0.0803773731136506,-5.76306586266655
3.91,-3.82003657289416,-0.0803773731136506,-5.75287962362205
3.9125,-3.82513103074737,-0.0803773731136506,-5.7783452212333
3.915,-3.81494211504095,-0.0803773731136506,-5.73250714553306
3.9175,-3.82003657289416,-0.075281680307862,-5.71213466744406
3.92,-3.82513103074737,-0.0803773731136506,-5.70704154792181
3.9225,-3.82513103074737,-0.0803773731136506,-5.73760026505531
3.925,-3.83022548860058,-0.0803773731136506,-5.69685530887731
3.9275,-3.83531994645379,-0.0854730659194392,-5.77325210171105
3.93,-3.84550886216021,-0.0803773731136506,-5.71722778696631
3.9325,-3.85569777786664,-0.0803773731136506,-5.73760026505531
3.935,-3.86079223571985,-0.0803773731136506,-5.69685530887731
3.9375,-3.86079223571985,-0.0854730659194392,-5.72741402601081
3.94,-3.86079223571985,-0.0803773731136506,-5.77325210171105
3.9425,-3.86079223571985,-0.0854730659194392,-5.70704154792181
3.945,-3.86588669357306,-0.0803773731136506,-5.71213466744406
3.9475,-3.86588669357306,-0.0803773731136506,-5.70704154792181
3.95,-3.86588669357306,-0.0803773731136506,-5.7579727431443
3.9525,-3.86079223571985,-0.0803773731136506,-5.72741402601081
3.955,-3.86079223571985,-0.0803773731136506,-5.73250714553306
3.9575,-3.83531994645379,-0.0803773731136506,-5.70704154792181
3.96,-3.8862645249859,-0.0803773731136506,-5.70704154792181
3.9625,-3.86588669357306,-0.0803773731136506,-5.70194842839956
3.965,-3.85569777786664,-0.075281680307862,-5.71213466744406
3.9675,-3.82513103074737,-0.075281680307862,-5.71722778696631
3.97,-3.82003657289416,-0.0803773731136506,-5.71722778696631
3.9725,-3.81494211504095,-0.0803773731136506,-5.71213466744406
3.975,-3.82003657289416,-0.0803773731136506,-5.73250714553306
3.9775,-3.81494211504095,-0.0803773731136506,-5.72232090648856
3.98,-3.80475319933453,-0.0803773731136506,-5.73760026505531
3.9825,-3.79965874148132,-0.0803773731136506,-5.71213466744406
3.985,-3.7894698257749,-0.0803773731136506,-5.72232090648856
3.9875,-3.79456428362811,-0.0701859875020752,-5.73760026505531
3.99,-3.77928091006848,-0.0803773731136506,-5.74778650409981
3.9925,-3.76909199436206,-0.0803773731136506,-5.73760026505531
3.995,-3.76399753650884,-0.075281680307862,-5.74778650409981
3.9975,-3.75380862080242,-0.0803773731136506,-5.7579727431443
4,-3.75380862080242,-0.0803773731136506,-5.77325210171105
4.0025,-3.74871416294921,-0.0803773731136506,-5.76306586266655
4.005,-3.74871416294921,-0.0803773731136506,-5.87002137263379
4.0075,-3.73852524724279,-0.0803773731136506,-5.7987176993223
4.01,-3.72324187368316,-0.0803773731136506,-5.8598351335893
4.0125,-3.71814741582995,-0.075281680307862,-5.8089039383668
4.015,-3.69776958441711,-0.0803773731136506,-5.81399705788905
4.0175,-3.69776958441711,-0.075281680307862,-5.79362457980005
4.02,-3.6926751265639,-0.0803773731136506,-5.8496488945448
4.0225,-3.68758066871069,-0.0803773731136506,-5.86492825311154
4.025,-3.67229729515105,-0.0803773731136506,-5.81399705788905
4.0275,-3.66720283729784,-0.0803773731136506,-5.85474201406705
4.03,-3.66210837944463,-0.075281680307862,-5.81399705788905
4.0325,-3.646825005885,-0.0803773731136506,-5.86492825311154
4.035,-3.66210837944463,-0.0803773731136506,-5.86492825311154
4.0375,-3.65191946373821,-0.0803773731136506,-5.88020761167829
4.04,-3.646825005885,-0.0803773731136506,-5.85474201406705
4.0425,-3.61625825876574,-0.0803773731136506,-5.8190901774113
4.045,-3.61116380091253,-0.0854730659194392,-5.8394626555003
4.0475,-3.59588042735289,-0.0803773731136506,-5.76306586266655
4.05,-3.58059705379326,-0.0803773731136506,-5.75287962362205
4.0525,-3.56531368023363,-0.0803773731136506,-5.76306586266655
4.055,-3.57040813808684,-0.0803773731136506,-5.79362457980005
4.0575,-3.54493584882079,-0.0803773731136506,-5.75287962362205
4.06,-3.53474693311437,-0.0803773731136506,-5.75287962362205
4.0625,-3.52455801740795,-0.0803773731136506,-5.7885314602778
4.065,-3.51946355955474,-0.0803773731136506,-5.8190901774113
4.0675,-3.49908572814189,-0.075281680307862,-5.7885314602778
4.07,-3.48889681243547,-0.075281680307862,-5.8292764164558
4.0725,-3.47870789672905,-0.0803773731136506,-5.80381081884455
4.075,-3.5041801859951,-0.0803773731136506,-5.8190901774113
4.0775,-3.5041801859951,-0.0803773731136506,-5.84455577502255
4.08,-3.453235607463,-0.0803773731136506,-5.8292764164558
4.0825,-3.44814114960979,-0.0803773731136506,-5.83436953597805
4.085,-3.41247994463731,-0.0803773731136506,-5.8394626555003
4.0875,-3.40229102893089,-0.0803773731136506,-5.8598351335893
4.09,-3.4073854867841,-0.0803773731136506,-5.8598351335893
4.0925,-3.42266886034373,-0.0803773731136506,-5.8496488945448
4.095,-3.39719657107768,-0.075281680307862,-5.8496488945448
4.0975,-3.38191319751805,-0.0803773731136506,-5.8394626555003
4.1,-3.36662982395842,-0.0803773731136506,-5.8496488945448
4.1025,-3.356440908252,-0.0854730659194392,-5.8292764164558
4.105,-3.34625199254558,-0.0803773731136506,-5.8292764164558
4.1075,-3.356440908252,-0.0803773731136506,-5.90058008976729
4.11,-3.37172428181163,-0.0803773731136506,-5.8394626555003
4.1125,-3.33096861898594,-0.0803773731136506,-5.8394626555003
4.115,-3.30549632971989,-0.0803773731136506,-5.87002137263379
4.1175,-3.32587416113273,-0.0803773731136506,-5.87002137263379
4.12,-3.39210211322447,-0.0803773731136506,-5.89548697024504
4.1225,-3.36662982395842,-0.0803773731136506,-5.85474201406705
4.125,-3.36153536610521,-0.0803773731136506,-5.8496488945448
4.1275,-3.356440908252,-0.0803773731136506,-5.85474201406705
4.13,-3.356440908252,-0.0803773731136506,-5.85474201406705
4.1325,-3.36153536610521,-0.0803773731136506,-5.88020761167829
4.135,-3.38191319751805,-0.0803773731136506,-5.8598351335893
4.1375,-3.37681873966484,-0.0803773731136506,-5.8292764164558
4.14,-3.37172428181163,-0.0803773731136506,-5.84455577502255
4.1425,-3.37681873966484,-0.0803773731136506,-5.85474201406705
4.145,-3.39719657107768,-0.0803773731136506,-5.8190901774113
4.1475,-3.38700765537126,-0.0803773731136506,-5.8190901774113
4.15,-3.37681873966484,-0.0803773731136506,-5.8089039383668
4.1525,-3.356440908252,-0.0803773731136506,-5.8190901774113
4.155,-3.34115753469236,-0.0803773731136506,-5.8089039383668
4.1575,-3.32077970327952,-0.0803773731136506,-5.90567320928954
4.16,-3.31568524542631,-0.0803773731136506,-5.88020761167829
4.1625,-3.30549632971989,-0.0803773731136506,-5.8598351335893
4.165,-3.29530741401347,-0.0803773731136506,-5.88530073120054
4.1675,-3.30549632971989,-0.0803773731136506,-5.83436953597805
4.17,-3.26983512474742,-0.0803773731136506,-5.90058008976729
4.1725,-3.27492958260063,-0.0803773731136506,-5.84455577502255
4.175,-3.27492958260063,-0.0803773731136506,-5.84455577502255
4.1775,-3.25455175118779,-0.0803773731136506,-5.88020761167829
4.18,-3.24945729333457,-0.0803773731136506,-5.91076632881179
4.1825,-3.2137960883621,-0.0803773731136506,-6.01772183877903
4.185,-3.19341825694926,-0.0803773731136506,-5.96679064355654
4.1875,-3.23926837762815,-0.0803773731136506,-5.87002137263379
4.19,-3.2137960883621,-0.0803773731136506,-5.88530073120054
4.1925,-3.19341825694926,-0.0803773731136506,-5.88020761167829
4.195,-3.22907946192173,-0.0803773731136506,-5.90567320928954
4.1975,-3.14756813627036,-0.0803773731136506,-5.86492825311154
4.2,-3.13737922056394,-0.0803773731136506,-5.8496488945448
4.2025,-3.18322934124284,-0.0854730659194392,-5.90567320928954
4.205,-3.19341825694926,-0.0803773731136506,-5.91076632881179
4.2075,-3.17813488338963,-0.0803773731136506,-5.90058008976729
4.21,-3.14247367841715,-0.0803773731136506,-5.87511449215604
4.2125,-3.08643464203184,-0.0803773731136506,-5.86492825311154
4.215,-3.13737922056394,-0.0803773731136506,-5.87511449215604
4.2175,-3.19851271480247,-0.0803773731136506,-5.83436953597805
4.22,-3.11190693129789,-0.0854730659194392,-5.86492825311154
4.2225,-3.1170013891511,-0.0803773731136506,-5.86492825311154
4.225,-3.14247367841715,-0.0803773731136506,-5.87002137263379
4.2275,-3.14247367841715,-0.0803773731136506,-5.84455577502255
4.23,-3.14247367841715,-0.0803773731136506,-5.84455577502255
4.2325,-3.17813488338963,-0.0803773731136506,-5.8496488945448
4.235,-3.19341825694926,-0.0803773731136506,-5.8496488945448
4.2375,-3.22907946192173,-0.0803773731136506,-5.85474201406705
4.24,-3.22398500406852,-0.0803773731136506,-5.85474201406705
4.2425,-3.21889054621531,-0.0803773731136506,-5.8598351335893
4.245,-0.0959878821972175,-0.0803773731136506,-5.88530073120054
4.2475,-0.0959878821972175,-0.0803773731136506,-5.90058008976729
4.25,-0.0959878821972175,-0.0803773731136506,-5.91585944833404
4.2525,-0.0908934243440065,-0.075281680307862,-5.95151128498979
4.255,-0.0959878821972175,-0.0803773731136506,-5.88530073120054
4.2575,-3.453235607463,-0.0803773731136506,-5.93623192642304
4.26,-3.43795223390337,-0.0803773731136506,-5.94132504594529
4.2625,-3.453235607463,-0.0803773731136506,-5.92095256785629
4.265,-3.46851898102263,-0.0803773731136506,-5.90567320928954
4.2675,-3.47870789672905,-0.0803773731136506,-5.88020761167829
4.27,-3.48380235458226,-0.0803773731136506,-5.90058008976729
4.2725,-3.52455801740795,-0.0803773731136506,-5.94641816546754
4.275,-3.52455801740795,-0.0803773731136506,-5.8598351335893
4.2775,-3.52455801740795,-0.0803773731136506,-5.89548697024504
4.28,-3.58059705379326,-0.0803773731136506,-5.88530073120054
4.2825,-3.52965247526116,-0.0803773731136506,-5.89039385072279
4.285,-3.54493584882079,-0.0803773731136506,-5.88530073120054
4.2875,-3.550030306674,-0.0803773731136506,-5.89039385072279
4.29,-3.55512476452721,-0.0803773731136506,-5.88530073120054
4.2925,-3.47870789672905,-0.0803773731136506,-5.91076632881179
4.295,-3.58569151164647,-0.0803773731136506,-5.87511449215604
4.2975,-3.550030306674,-0.0803773731136506,-5.94641816546754
4.3,-3.52965247526116,-0.0803773731136506,-5.8598351335893
4.3025,-3.54493584882079,-0.0854730659194392,-5.90567320928954
4.305,-3.48380235458226,-0.0803773731136506,-5.90567320928954
4.3075,-3.50927464384831,-0.0803773731136506,-5.87002137263379
4.31,-3.48380235458226,-0.0803773731136506,-5.87002137263379
4.3125,-3.48380235458226,-0.0803773731136506,-5.88530073120054
4.315,-3.49908572814189,-0.0803773731136506,-5.86492825311154
4.3175,-3.47361343887584,-0.0803773731136506,-5.8598351335893
4.32,-3.47361343887584,-0.0803773731136506,-5.86492825311154
4.3225,-3.48380235458226,-0.0803773731136506,-5.88020761167829
4.325,-3.48889681243547,-0.075281680307862,-5.8598351335893
4.3275,-3.49399127028868,-0.0803773731136506,-5.8496488945448
4.33,-3.49908572814189,-0.0803773731136506,-5.83436953597805
4.3325,-3.5041801859951,-0.0803773731136506,-5.8190901774113
4.335,-3.52965247526116,-0.0803773731136506,-5.79362457980005
4.3375,-3.53474693311437,-0.0803773731136506,-5.82418329693355
4.34,-3.56021922238042,-0.0803773731136506,-5.7579727431443
4.3425,-3.55512476452721,-0.0803773731136506,-5.77325210171105
4.345,-3.57040813808684,-0.0803773731136506,-5.74778650409981
4.3475,-3.52455801740795,-0.0803773731136506,-5.8394626555003
4.35,-3.52965247526116,-0.0803773731136506,-5.8190901774113
4.3525,-3.53474693311437,-0.0803773731136506,-5.88020761167829
4.355,-3.56531368023363,-0.0803773731136506,-5.81399705788905
4.3575,-3.56021922238042,-0.0803773731136506,-5.75287962362205
4.36,-3.52965247526116,-0.0803773731136506,-5.7783452212333
4.3625,-3.53474693311437,-0.0803773731136506,-5.78343834075555
4.365,-3.53984139096758,-0.0854730659194392,-5.78343834075555
4.3675,-3.54493584882079,-0.0803773731136506,-5.7681589821888
4.37,-3.54493584882079,-0.0803773731136506,-5.79362457980005
4.3725,-3.56531368023363,-0.0803773731136506,-5.7987176993223
4.375,-3.61116380091253,-0.0803773731136506,-5.78343834075555
4.3775,-3.59078596949968,-0.0803773731136506,-5.8190901774113
4.38,-3.59588042735289,-0.0803773731136506,-5.7783452212333
4.3825,-3.59588042735289,-0.0803773731136506,-5.79362457980005
4.385,-3.59078596949968,-0.0803773731136506,-5.78343834075555
4.3875,-3.59078596949968,-0.0803773731136506,-5.7783452212333
4.39,-3.61625825876574,-0.0803773731136506,-5.7783452212333
4.3925,-3.61625825876574,-0.0803773731136506,-5.7885314602778
4.395,-3.62135271661895,-0.0803773731136506,-5.78343834075555
4.3975,-3.61625825876574,-0.0803773731136506,-5.79362457980005
4.4,-3.61625825876574,-0.0803773731136506,-5.74269338457756
4.4025,-3.61625825876574,-0.0803773731136506,-5.8190901774113
4.405,-3.61625825876574,-0.0803773731136506,-5.8089039383668
4.4075,-3.61625825876574,-0.0803773731136506,-5.7579727431443
4.41,-3.61116380091253,-0.0803773731136506,-5.7885314602778
4.4125,-3.60097488520611,-0.0803773731136506,-5.69176218935506
4.415,-3.59588042735289,-0.0803773731136506,-5.71722778696631
4.4175,-3.59078596949968,-0.0803773731136506,-5.68157595031056
4.42,-3.57550259594005,-0.0803773731136506,-5.77325210171105
4.4225,-3.57550259594005,-0.0803773731136506,-5.68157595031056
4.425,-3.56531368023363,-0.0803773731136506,-5.71722778696631
4.4275,-3.56531368023363,-0.0803773731136506,-5.74269338457756
4.43,-3.550030306674,-0.075281680307862,-5.7681589821888
4.4325,-3.54493584882079,-0.0803773731136506,-5.7885314602778
4.435,-3.56531368023363,-0.0803773731136506,-5.68666906983281
4.4375,-3.56531368023363,-0.0803773731136506,-5.67138971126606
4.44,-3.53474693311437,-0.0803773731136506,-5.68157595031056
4.4425,-3.52965247526116,-0.0803773731136506,-5.69685530887731
4.445,-3.54493584882079,-0.0803773731136506,-5.69685530887731
4.4475,-3.50927464384831,-0.0803773731136506,-5.70704154792181
4.45,-3.50927464384831,-0.0803773731136506,-5.67648283078831
4.4525,-3.50927464384831,-0.0803773731136506,-5.69176218935506
4.455,-3.5041801859951,-0.075281680307862,-5.67138971126606
4.4575,-3.49399127028868,-0.0803773731136506,-5.66120347222156
4.46,-3.50927464384831,-0.0803773731136506,-5.65101723317706
4.4625,-3.5041801859951,-0.0803773731136506,-5.64592411365481
4.465,-3.48380235458226,-0.0803773731136506,-5.64592411365481
4.4675,-3.47870789672905,-0.0803773731136506,-5.64083099413256
4.47,-3.47361343887584,-0.0803773731136506,-5.66120347222156
4.4725,-3.47361343887584,-0.0803773731136506,-5.66120347222156
4.475,-3.46342452316942,-0.0803773731136506,-5.61536539652132
4.4775,-3.45833006531621,-0.0803773731136506,-5.62045851604357
4.48,-3.46342452316942,-0.075281680307862,-5.61536539652132
4.4825,-3.45833006531621,-0.075281680307862,-5.62045851604357
4.485,-3.44814114960979,-0.0803773731136506,-5.61536539652132
4.4875,-3.43795223390337,-0.0803773731136506,-5.59499291843232
4.49,-3.43795223390337,-0.0803773731136506,-5.61027227699907
4.4925,-3.43795223390337,-0.0803773731136506,-5.62555163556582
4.495,-3.43795223390337,-0.0803773731136506,-5.61536539652132
4.4975,-3.42776331819694,-0.0803773731136506,-5.65101723317706
4.5,-3.42776331819694,-0.0803773731136506,-5.68157595031056
4.5025,-3.41757440249052,-0.0803773731136506,-5.63573787461031
4.505,-3.42266886034373,-0.0803773731136506,-5.64083099413256
4.5075,-3.41757440249052,-0.0803773731136506,-5.65611035269931
4.51,-3.41757440249052,-0.0803773731136506,-5.65101723317706
4.5125,-3.41247994463731,-0.0803773731136506,-5.65611035269931
4.515,-3.40229102893089,-0.0803773731136506,-5.63064475508807
4.5175,-3.39719657107768,-0.0803773731136506,-5.60008603795457
4.52,-3.39719657107768,-0.0803773731136506,-5.59499291843232
4.5225,-3.38191319751805,-0.0803773731136506,-5.61027227699907
4.525,-3.37681873966484,-0.0803773731136506,-5.60008603795457
4.5275,-3.37681873966484,-0.0803773731136506,-5.60517915747682
4.53,-3.37172428181163,-0.0803773731136506,-5.61536539652132
4.5325,-3.37172428181163,-0.0854730659194392,-5.61536539652132
4.535,-3.36662982395842,-0.0803773731136506,-5.61027227699907
4.5375,-3.39210211322447,-0.0803773731136506,-5.61027227699907
4.54,-3.38191319751805,-0.0803773731136506,-5.57971355986557
4.5425,-3.38191319751805,-0.0803773731136506,-5.57462044034332
4.545,-3.37681873966484,-0.0803773731136506,-5.57971355986557
4.5475,-3.37681873966484,-0.075281680307862,-5.57462044034332
4.55,-3.42776331819694,-0.0803773731136506,-5.57971355986557
4.5525,-3.39210211322447,-0.0803773731136506,-5.56952732082107
4.555,-3.42776331819694,-0.0803773731136506,-5.63064475508807
4.5575,-3.4073854867841,-0.0803773731136506,-5.57462044034332
4.56,-3.38191319751805,-0.0803773731136506,-5.57971355986557
4.5625,-3.38700765537126,-0.0803773731136506,-5.56952732082107
4.565,-3.38700765537126,-0.0803773731136506,-5.60008603795457
4.5675,-0.0959878821972175,-0.0803773731136506,-5.56443420129882
4.57,-0.0959878821972175,-0.0803773731136506,-5.55424796225432
4.5725,-0.0959878821972175,-0.0803773731136506,-5.56443420129882
4.575,-0.0908934243440065,-0.0803773731136506,-5.53896860368757
4.5775,-0.0908934243440065,-0.0803773731136506,-5.53896860368757
4.58,-0.0908934243440065,-0.0803773731136506,-5.53896860368757
4.5825,-0.0908934243440065,-0.0803773731136506,-5.57971355986557
4.585,-0.0959878821972175,-0.0854730659194392,-5.53387548416532
4.5875,-3.65191946373821,-0.0803773731136506,-5.53896860368757
4.59,-3.646825005885,-0.0803773731136506,-5.53387548416532
4.5925,-3.64173054803179,-0.0803773731136506,-5.54915484273207
4.595,-3.77928091006848,-0.0803773731136506,-5.54406172320982
4.5975,-3.77418645221527,-0.0803773731136506,-5.57462044034332
4.6,-3.86079223571985,-0.0803773731136506,-5.52878236464307
4.6025,-3.84550886216021,-0.0803773731136506,-5.55934108177657
4.605,-3.89135898283911,-0.0803773731136506,-5.55934108177657
4.6075,-3.86588669357306,-0.0803773731136506,-5.53387548416532
4.61,-3.88117006713269,-0.0803773731136506,-5.51859612559857
4.6125,-3.89645344069232,-0.0803773731136506,-5.51350300607633
4.615,-3.90154789854553,-0.0803773731136506,-5.49822364750958
4.6175,-3.86588669357306,-0.0803773731136506,-5.49822364750958
4.62,-3.8862645249859,-0.0803773731136506,-5.48803740846508
4.6225,-3.89645344069232,-0.0803773731136506,-5.52878236464307
4.625,-3.89135898283911,-0.075281680307862,-5.48294428894283
4.6275,-3.89135898283911,-0.0803773731136506,-5.48803740846508
4.63,-3.89135898283911,-0.075281680307862,-5.49822364750958
4.6325,-3.89135898283911,-0.0803773731136506,-5.53896860368757
4.635,-4.00853151346295,-0.0803773731136506,-5.47785116942058
4.6375,-3.89135898283911,-0.0803773731136506,-5.48294428894283
4.64,-3.87098115142627,-0.0803773731136506,-5.46766493037608
4.6425,-3.89645344069232,-0.0803773731136506,-5.49822364750958
4.645,-3.93720910351801,-0.0803773731136506,-5.52368924512082
4.6475,-3.97796476634369,-0.0803773731136506,-5.50840988655408
4.65,-4.01362597131616,-0.075281680307862,-5.48803740846508
4.6525,-3.91173681425195,-0.0803773731136506,-5.46257181085383
4.655,-3.97287030849048,-0.0803773731136506,-5.55424796225432
4.6575,-3.93211464566479,-0.0803773731136506,-5.47785116942058
4.66,-3.91173681425195,-0.0803773731136506,-5.55934108177657
4.6625,-3.90664235639874,-0.0803773731136506,-5.53387548416532
4.665,-3.89645344069232,-0.0803773731136506,-5.49822364750958
4.6675,-3.90154789854553,-0.0803773731136506,-5.47785116942058
4.67,-3.8862645249859,-0.0803773731136506,-5.50840988655408
4.6725,-3.88117006713269,-0.0803773731136506,-5.53387548416532
4.675,-3.85569777786664,-0.0854730659194392,-5.47275804989833
4.6775,-3.84550886216021,-0.0803773731136506,-5.46766493037608
4.68,-3.85060332001342,-0.0803773731136506,-5.47275804989833
4.6825,-3.85569777786664,-0.0803773731136506,-5.46257181085383
4.685,-3.7894698257749,-0.0803773731136506,-5.47275804989833
4.6875,-3.78437536792169,-0.0803773731136506,-5.46257181085383
4.69,-3.7894698257749,-0.0803773731136506,-5.47785116942058
4.6925,-3.82513103074737,-0.0803773731136506,-5.49313052798733
4.695,-3.7894698257749,-0.0803773731136506,-5.49313052798733
4.6975,-3.78437536792169,-0.0803773731136506,-5.50840988655408
4.7,-3.77418645221527,-0.075281680307862,-5.55424796225432
4.7025,-3.76399753650884,-0.0803773731136506,-5.48803740846508
4.705,-3.79965874148132,-0.0803773731136506,-5.49822364750958
4.7075,-3.75890307865563,-0.0803773731136506,-5.51859612559857
4.71,-3.74871416294921,-0.0803773731136506,-5.48803740846508
4.7125,-3.75380862080242,-0.0803773731136506,-5.49822364750958
4.715,-3.72324187368316,-0.0803773731136506,-5.58480667938782
4.7175,-3.71305295797674,-0.0803773731136506,-5.47785116942058
4.72,-3.69776958441711,-0.0803773731136506,-5.47275804989833
4.7225,-3.70286404227032,-0.0803773731136506,-5.47785116942058
4.725,-3.68248621085748,-0.0854730659194392,-5.47275804989833
4.7275,-3.646825005885,-0.075281680307862,-5.47785116942058
4.73,-3.66210837944463,-0.0803773731136506,-5.47275804989833
4.7325,-3.62135271661895,-0.0803773731136506,-5.49313052798733
4.735,-3.60606934305932,-0.075281680307862,-5.48294428894283
4.7375,-3.64173054803179,-0.0803773731136506,-5.51350300607633
4.74,-3.58569151164647,-0.0803773731136506,-5.50331676703183
4.7425,-3.57040813808684,-0.0803773731136506,-5.47785116942058
4.745,-3.56531368023363,-0.0854730659194392,-5.46766493037608
4.7475,-3.550030306674,-0.0803773731136506,-5.53387548416532
4.75,-3.58059705379326,-0.075281680307862,-5.78343834075555
4.7525,-3.52455801740795,-0.0803773731136506,-5.66629659174381
4.755,-3.52965247526116,-0.0803773731136506,-5.49822364750958
4.7575,-3.49399127028868,-0.0803773731136506,-5.53896860368757
4.76,-3.48380235458226,-0.0803773731136506,-5.53387548416532
4.7625,-3.46342452316942,-0.0803773731136506,-5.60008603795457
4.765,-3.44814114960979,-0.0803773731136506,-5.7987176993223
4.7675,-3.42776331819694,-0.0803773731136506,-5.51859612559857
4.77,-3.41247994463731,-0.075281680307862,-5.51859612559857
4.7725,-3.41757440249052,-0.0803773731136506,-5.57462044034332
4.775,-3.37681873966484,-0.0803773731136506,-5.57971355986557
4.7775,-3.38191319751805,-0.075281680307862,-5.53387548416532
4.78,-3.36662982395842,-0.0803773731136506,-5.59499291843232
4.7825,-3.33096861898594,-0.0803773731136506,-5.57462044034332
4.785,-3.29530741401347,-0.0803773731136506,-5.59499291843232
4.7875,-3.31568524542631,-0.0803773731136506,-5.62045851604357
4.79,-3.33096861898594,-0.0803773731136506,-5.63064475508807
4.7925,-3.30549632971989,-0.0803773731136506,-5.50331676703183
4.795,-3.24945729333457,-0.0803773731136506,-5.68157595031056
4.7975,-3.23926837762815,-0.0803773731136506,-5.59499291843232
4.8,-3.23417391977494,-0.0803773731136506,-5.70704154792181
4.8025,-3.19341825694926,-0.0803773731136506,-5.56952732082107
4.805,-3.2137960883621,-0.0803773731136506,-5.69176218935506
4.8075,-3.21889054621531,-0.0803773731136506,-5.62555163556582
4.81,-3.2137960883621,-0.0803773731136506,-5.54406172320982
4.8125,-3.19341825694926,-0.0803773731136506,-5.56952732082107
4.815,-3.20360717265568,-0.0803773731136506,-5.52878236464307
4.8175,-3.23926837762815,-0.0803773731136506,-5.52878236464307
4.82,-3.25455175118779,-0.0803773731136506,-5.54915484273207
4.8225,-3.23926837762815,-0.0803773731136506,-5.50331676703183
4.825,-3.23926837762815,-0.0803773731136506,-5.54915484273207
4.8275,-3.30040187186668,-0.075281680307862,-5.55424796225432
4.83,-3.32077970327952,-0.0803773731136506,-5.48803740846508
4.8325,-3.30549632971989,-0.0803773731136506,-5.53896860368757
4.835,-3.26983512474742,-0.0803773731136506,-5.46257181085383
4.8375,-3.13228476271073,-0.0854730659194392,-5.47275804989833
4.84,-3.16285150982999,-0.0803773731136506,-5.45238557180933
4.8425,-3.14756813627036,-0.0803773731136506,-5.46257181085383
4.845,-3.44304669175658,-0.0803773731136506,-5.44729245228708
4.8475,-3.42266886034373,-0.0803773731136506,-5.45747869133158
4.85,-3.47361343887584,-0.075281680307862,-5.43201309372033
4.8525,-3.47870789672905,-0.0803773731136506,-5.46257181085383
4.855,-3.43795223390337,-0.0803773731136506,-5.47785116942058
4.8575,-3.44304669175658,-0.0803773731136506,-5.43710621324258
4.86,-3.47870789672905,-0.0803773731136506,-5.42691997419808
4.8625,-3.5041801859951,-0.0803773731136506,-5.46257181085383
4.865,-3.50927464384831,-0.0803773731136506,-5.40654749610908
4.8675,-3.51946355955474,-0.0803773731136506,-5.40654749610908
4.87,-3.52455801740795,-0.0803773731136506,-5.40654749610908
4.8725,-3.56531368023363,-0.075281680307862,-5.42182685467583
4.875,-3.58569151164647,-0.0803773731136506,-5.46257181085383
4.8775,-3.57550259594005,-0.0803773731136506,-5.46257181085383
4.88,-3.56021922238042,-0.0803773731136506,-5.42691997419808
4.8825,-3.60097488520611,-0.0803773731136506,-5.42182685467583
4.885,-3.59078596949968,-0.0803773731136506,-5.41673373515358
4.8875,-3.61116380091253,-0.0803773731136506,-5.41164061563133
4.89,-3.63154163232537,-0.0803773731136506,-5.55934108177657
4.8925,-3.65191946373821,-0.0854730659194392,-5.47275804989833
4.895,-3.68758066871069,-0.0803773731136506,-5.48803740846508
4.8975,-3.70286404227032,-0.075281680307862,-5.47785116942058
4.9,-3.6926751265639,-0.075281680307862,-5.47275804989833
4.9025,-3.74871416294921,-0.0803773731136506,-5.44729245228708
4.905,-3.77928091006848,-0.0803773731136506,-5.49313052798733
4.9075,-3.78437536792169,-0.0803773731136506,-5.49313052798733
4.91,-3.76909199436206,-0.0803773731136506,-5.49822364750958
4.9125,-3.79965874148132,-0.0803773731136506,-5.52368924512082
4.915,-3.80475319933453,-0.0803773731136506,-5.52878236464307
4.9175,-3.81494211504095,-0.0803773731136506,-5.48803740846508
4.92,-3.82513103074737,-0.0854730659194392,-5.65101723317706
4.9225,-3.79965874148132,-0.0854730659194392,-5.54406172320982
4.925,-3.79965874148132,-0.0803773731136506,-5.52368924512082
4.9275,-3.79965874148132,-0.0803773731136506,-5.53387548416532
4.93,-3.80475319933453,-0.0803773731136506,-5.50331676703183
4.9325,-3.79965874148132,-0.0803773731136506,-5.50331676703183
4.935,-3.52965247526116,-0.075281680307862,-5.57971355986557
4.9375,-3.5041801859951,-0.0803773731136506,-5.60008603795457
4.94,-3.48380235458226,-0.0803773731136506,-5.47275804989833
4.9425,-3.48380235458226,-0.0803773731136506,-5.47785116942058
4.945,-3.48380235458226,-0.0803773731136506,-5.44219933276483
4.9475,-3.48380235458226,-0.0803773731136506,-5.47785116942058
4.95,-1.11487945283934,-0.0803773731136506,-5.47785116942058
4.9525,-0.0959878821972175,-0.0803773731136506,-5.46257181085383
4.955,-0.0959878821972175,-0.0803773731136506,-5.44729245228708
4.9575,-0.0908934243440065,-0.0803773731136506,-5.45238557180933
4.96,-0.0959878821972175,-0.0803773731136506,-5.45747869133158
4.9625,-3.82003657289416,-0.0803773731136506,-5.46257181085383
4.965,-3.82003657289416,-0.0803773731136506,-5.46257181085383
4.9675,-3.79456428362811,-0.0803773731136506,-5.48803740846508
4.97,-3.80475319933453,-0.075281680307862,-5.48294428894283
4.9725,-3.80475319933453,-0.0854730659194392,-5.48803740846508
4.975,-3.84550886216021,-0.0803773731136506,-5.49313052798733
4.9775,-3.840414404307,-0.0803773731136506,-5.48803740846508
4.98,-3.81494211504095,-0.0803773731136506,-5.50331676703183
4.9825,-3.81494211504095,-0.0803773731136506,-5.56443420129882
4.985,-3.80984765718774,-0.0803773731136506,-5.66120347222156
4.9875,-3.81494211504095,-0.0803773731136506,-5.63064475508807
4.99,-3.82003657289416,-0.0803773731136506,-5.54406172320982
4.9925,-3.82513103074737,-0.0803773731136506,-5.58989979891007
4.995,-3.82513103074737,-0.075281680307862,-5.56952732082107
4.9975,-3.82513103074737,-0.0803773731136506,-5.71722778696631
5,-3.82513103074737,-0.0803773731136506,-5.60517915747682
5.0025,-3.83531994645379,-0.0803773731136506,-5.57462044034332
5.005,-3.83531994645379,-0.0803773731136506,-5.58480667938782
5.0075,-3.85060332001342,-0.075281680307862,-5.58480667938782
5.01,-3.85060332001342,-0.0803773731136506,-5.59499291843232
5.0125,-3.85060332001342,-0.0803773731136506,-5.65101723317706
5.015,-3.83022548860058,-0.0803773731136506,-5.64592411365481
5.0175,-3.85569777786664,-0.0803773731136506,-5.65101723317706
5.02,-3.88117006713269,-0.0803773731136506,-5.60008603795457
5.0225,-3.85569777786664,-0.0803773731136506,-5.61536539652132
5.025,-3.85060332001342,-0.0803773731136506,-5.65101723317706
5.0275,-3.80475319933453,-0.0803773731136506,-5.59499291843232
5.03,-3.79456428362811,-0.0803773731136506,-5.57971355986557
5.0325,-3.77928091006848,-0.0803773731136506,-5.58480667938782
5.035,-3.76909199436206,-0.0803773731136506,-5.64592411365481
5.0375,-3.75380862080242,-0.0803773731136506,-5.71722778696631
5.04,-3.73852524724279,-0.0803773731136506,-5.64592411365481
5.0425,-3.71814741582995,-0.075281680307862,-5.64083099413256
5.045,-3.72833633153637,-0.0803773731136506,-5.70194842839956
5.0475,-3.69776958441711,-0.075281680307862,-5.64592411365481
5.05,-3.66210837944463,-0.0803773731136506,-5.63573787461031
5.0525,-3.64173054803179,-0.0803773731136506,-5.61536539652132
5.055,-3.646825005885,-0.0803773731136506,-5.60517915747682
5.0575,-3.63154163232537,-0.0803773731136506,-5.61536539652132
5.06,-3.57040813808684,-0.0803773731136506,-5.60008603795457
5.0625,-3.57040813808684,-0.0803773731136506,-5.60517915747682
5.065,-3.57040813808684,-0.0803773731136506,-5.62555163556582
5.0675,-0.0959878821972175,-0.075281680307862,-5.62045851604357
5.07,-0.0908934243440065,-0.0803773731136506,-5.62045851604357
5.0725,-0.0959878821972175,-0.0854730659194392,-5.60008603795457
5.075,-3.356440908252,-0.0803773731136506,-5.62555163556582
5.0775,-3.33606307683915,-0.0803773731136506,-5.62555163556582
5.08,-3.26983512474742,-0.0803773731136506,-5.64592411365481
5.0825,-3.25455175118779,-0.0803773731136506,-5.65101723317706
5.085,-3.22398500406852,-0.0803773731136506,-5.63573787461031
5.0875,-3.20360717265568,-0.0803773731136506,-5.66120347222156
5.09,-3.19341825694926,-0.0803773731136506,-5.68157595031056
5.0925,-3.18322934124284,-0.0854730659194392,-5.66629659174381
5.095,-3.18322934124284,-0.0803773731136506,-5.71722778696631
5.0975,-3.18322934124284,-0.0803773731136506,-5.89039385072279
5.1,-3.11190693129789,-0.0803773731136506,-5.69176218935506
5.1025,-3.09662355773826,-0.0803773731136506,-5.82418329693355
5.105,-3.10681247344468,-0.0803773731136506,-5.78343834075555
5.1075,-3.08134018417863,-0.0803773731136506,-5.90058008976729
5.11,-3.06096235276578,-0.0803773731136506,-5.92604568737854
5.1125,-3.02530114779331,-0.0803773731136506,-5.86492825311154
5.115,-2.99982885852726,-0.0803773731136506,-5.90058008976729
5.1175,-2.96416765355478,-0.0803773731136506,-5.8598351335893
5.12,-3.05586789491257,-0.075281680307862,-5.88020761167829
5.1225,-2.93360090643552,-0.0803773731136506,-5.88020761167829
5.125,-2.91322307502268,-0.0803773731136506,-5.69176218935506
5.1275,-2.90303415931625,-0.0803773731136506,-5.7783452212333
5.13,-2.89284524360983,-0.0803773731136506,-5.77325210171105
5.1325,-2.85718403863736,-0.075281680307862,-5.98207000212328
5.135,-2.84699512293094,-0.0803773731136506,-5.94132504594529
5.1375,-2.83171174937131,-0.0803773731136506,-5.88530073120054
5.14,-2.81642837581167,-0.0803773731136506,-5.70704154792181
5.1425,-2.81133391795846,-0.0803773731136506,-5.69176218935506
5.145,-2.78586162869241,-0.0803773731136506,-5.66120347222156
5.1475,-2.78586162869241,-0.0803773731136506,-5.65611035269931
5.15,-2.77567271298599,-0.0803773731136506,-5.62045851604357
5.1525,-2.77567271298599,-0.0803773731136506,-5.72741402601081
5.155,-2.77057825513278,-0.075281680307862,-5.62045851604357
5.1575,-2.80114500225204,-0.0854730659194392,-5.66120347222156
5.16,-2.80623946010525,-0.0803773731136506,-5.66120347222156
5.1625,-2.88775078575662,-0.0803773731136506,-5.67138971126606
5.165,-2.8266172915181,-0.0803773731136506,-5.67648283078831
5.1675,-2.81133391795846,-0.0803773731136506,-5.72232090648856
5.17,-2.80623946010525,-0.0803773731136506,-5.7579727431443
5.1725,-2.81133391795846,-0.0803773731136506,-5.72741402601081
5.175,-2.81642837581167,-0.0803773731136506,-5.7783452212333
5.1775,-2.83171174937131,-0.0803773731136506,-5.70194842839956
5.18,-2.80623946010525,-0.0803773731136506,-5.70194842839956
5.1825,-2.80623946010525,-0.0803773731136506,-5.71213466744406
5.185,-2.81133391795846,-0.0803773731136506,-5.7783452212333
5.1875,-2.84190066507773,-0.0803773731136506,-5.74269338457756
5.19,-2.84699512293094,-0.0803773731136506,-5.76306586266655
5.1925,-2.84699512293094,-0.0803773731136506,-5.7681589821888
5.195,-2.84699512293094,-0.0803773731136506,-5.78343834075555
5.1975,-2.93869536428873,-0.0803773731136506,-5.76306586266655
5.2,-2.93869536428873,-0.075281680307862,-5.74778650409981
5.2025,-2.93869536428873,-0.0803773731136506,-5.76306586266655
5.205,-0.0908934243440065,-0.0803773731136506,-5.77325210171105
5.2075,-0.0908934243440065,-0.0803773731136506,-5.76306586266655
5.21,-0.0908934243440065,-0.0803773731136506,-5.88530073120054
5.2125,-0.0908934243440065,-0.0803773731136506,-5.90567320928954
5.215,-0.0908934243440065,-0.0803773731136506,-5.93623192642304
5.2175,-0.0959878821972175,-0.0803773731136506,-5.97697688260104
5.22,-3.29530741401347,-0.0803773731136506,-5.92604568737854
5.2225,-3.34625199254558,-0.0803773731136506,-5.94132504594529
5.225,-3.34115753469236,-0.0803773731136506,-5.95660440451204
5.2275,-3.39719657107768,-0.0803773731136506,-5.73250714553306
5.23,-3.36662982395842,-0.0803773731136506,-5.7681589821888
5.2325,-3.41757440249052,-0.0803773731136506,-5.83436953597805
5.235,-3.44814114960979,-0.0803773731136506,-5.76306586266655
5.2375,-3.47361343887584,-0.0803773731136506,-5.7783452212333
5.24,-3.49908572814189,-0.0803773731136506,-5.77325210171105
5.2425,-3.51946355955474,-0.0803773731136506,-5.8598351335893
5.245,-3.54493584882079,-0.075281680307862,-5.82418329693355
5.2475,-3.57550259594005,-0.0803773731136506,-5.8292764164558
5.25,-3.60097488520611,-0.0803773731136506,-5.85474201406705
5.2525,-3.63154163232537,-0.0803773731136506,-5.86492825311154
5.255,-3.66720283729784,-0.0803773731136506,-5.8598351335893
5.2575,-3.67739175300426,-0.0803773731136506,-5.87002137263379
5.26,-3.68758066871069,-0.0803773731136506,-5.7987176993223
5.2625,-3.70286404227032,-0.0803773731136506,-5.8598351335893
5.265,-3.71814741582995,-0.0803773731136506,-5.81399705788905
5.2675,-3.75380862080242,-0.0803773731136506,-5.81399705788905
5.27,-3.77928091006848,-0.0803773731136506,-5.8190901774113
5.2725,-3.78437536792169,-0.0803773731136506,-5.86492825311154
5.275,-3.83022548860058,-0.0803773731136506,-5.8394626555003
5.2775,-3.83531994645379,-0.0803773731136506,-5.8292764164558
5.28,-3.81494211504095,-0.0803773731136506,-5.88020761167829
5.2825,-3.82003657289416,-0.0803773731136506,-5.89548697024504
5.285,-3.83022548860058,-0.0803773731136506,-5.88020761167829
5.2875,-3.83531994645379,-0.0803773731136506,-5.88530073120054
5.29,-3.83022548860058,-0.0854730659194392,-5.93113880690079
5.2925,-3.86588669357306,-0.075281680307862,-5.93623192642304
5.295,-3.86079223571985,-0.0803773731136506,-5.90058008976729
5.2975,-3.86588669357306,-0.0803773731136506,-5.87002137263379
5.3,-3.89135898283911,-0.0803773731136506,-5.89548697024504
5.3025,-3.90664235639874,-0.0854730659194392,-5.84455577502255
5.305,-3.90664235639874,-0.0803773731136506,-5.8496488945448
5.3075,-3.96268139278406,-0.0803773731136506,-5.8598351335893
5.31,-3.93211464566479,-0.0854730659194392,-5.86492825311154
5.3125,-3.95249247707764,-0.0803773731136506,-5.97188376307879
5.315,-3.94739801922443,-0.0803773731136506,-5.88530073120054
5.3175,-3.94739801922443,-0.0803773731136506,-5.8292764164558
5.32,-3.95758693493085,-0.0803773731136506,-5.92604568737854
5.3225,-3.93720910351801,-0.0854730659194392,-5.92604568737854
5.325,-3.93720910351801,-0.0803773731136506,-5.89548697024504
5.3275,-3.92702018781158,-0.0803773731136506,-5.8292764164558
5.33,-3.92192572995837,-0.0803773731136506,-5.90058008976729
5.3325,-3.91173681425195,-0.0803773731136506,-5.84455577502255
5.335,-3.88117006713269,-0.0803773731136506,-5.83436953597805
5.3375,-3.87098115142627,-0.0803773731136506,-5.84455577502255
5.34,-3.85060332001342,-0.075281680307862,-5.8292764164558
5.3425,-3.83531994645379,-0.0803773731136506,-5.8292764164558
5.345,-3.81494211504095,-0.0803773731136506,-5.8190901774113
5.3475,-3.79965874148132,-0.0803773731136506,-5.8292764164558
5.35,-3.7894698257749,-0.0803773731136506,-5.8292764164558
5.3525,-3.77928091006848,-0.0803773731136506,-5.87511449215604
5.355,-3.7894698257749,-0.0803773731136506,-5.87511449215604
5.3575,-3.78437536792169,-0.0803773731136506,-5.88020761167829
5.36,-3.75380862080242,-0.0803773731136506,-5.88020761167829
5.3625,-3.73852524724279,-0.0803773731136506,-5.85474201406705
5.365,-3.73343078938958,-0.0803773731136506,-5.8598351335893
5.3675,-3.71814741582995,-0.0803773731136506,-5.86492825311154
5.37,-3.67739175300426,-0.0803773731136506,-5.84455577502255
5.3725,-3.6926751265639,-0.0803773731136506,-5.87511449215604
5.375,-3.70795850012353,-0.0803773731136506,-5.87002137263379
5.3775,-3.66720283729784,-0.0803773731136506,-5.8598351335893
5.38,-3.65701392159142,-0.0803773731136506,-5.89548697024504
5.3825,-3.646825005885,-0.0803773731136506,-5.86492825311154
5.385,-3.62644717447216,-0.075281680307862,-5.87002137263379
5.3875,-3.62135271661895,-0.0803773731136506,-5.84455577502255
5.39,-3.62644717447216,-0.075281680307862,-5.8292764164558
5.3925,-3.59078596949968,-0.0803773731136506,-5.8496488945448
5.395,-3.61116380091253,-0.0803773731136506,-5.86492825311154
5.3975,-3.57550259594005,-0.075281680307862,-5.86492825311154
5.4,-3.58569151164647,-0.0803773731136506,-5.85474201406705
5.4025,-3.56531368023363,-0.0803773731136506,-5.86492825311154
5.405,-3.56021922238042,-0.0803773731136506,-5.89039385072279
5.4075,-3.51946355955474,-0.0803773731136506,-5.86492825311154
5.41,-3.47870789672905,-0.0803773731136506,-5.90058008976729
5.4125,-3.50927464384831,-0.0803773731136506,-5.82418329693355
5.415,-3.5041801859951,-0.0803773731136506,-5.85474201406705
5.4175,-3.5041801859951,-0.0803773731136506,-5.8598351335893
5.42,-3.37172428181163,-0.0803773731136506,-5.86492825311154
5.4225,-3.26474066689421,-0.0803773731136506,-5.81399705788905
5.425,-3.26474066689421,-0.0803773731136506,-5.84455577502255
5.4275,-3.23926837762815,-0.0803773731136506,-5.90058008976729
5.43,-3.22398500406852,-0.0803773731136506,-5.82418329693355
5.4325,-3.2137960883621,-0.0803773731136506,-5.92095256785629
5.435,-3.22398500406852,-0.0803773731136506,-5.8190901774113
5.4375,-3.17304042553642,-0.0803773731136506,-5.7987176993223
5.44,-3.14247367841715,-0.0803773731136506,-5.83436953597805
5.4425,-3.13228476271073,-0.0803773731136506,-5.8190901774113
5.445,-3.12719030485752,-0.0803773731136506,-5.8089039383668
5.4475,-3.14247367841715,-0.0803773731136506,-5.81399705788905
5.45,-3.11190693129789,-0.0803773731136506,-5.80381081884455
5.4525,-3.12719030485752,-0.0803773731136506,-5.81399705788905
5.455,-3.12719030485752,-0.0803773731136506,-5.82418329693355
5.4575,-3.13228476271073,-0.0803773731136506,-5.8292764164558
5.46,-3.13228476271073,-0.0803773731136506,-5.95151128498979
5.4625,-3.06096235276578,-0.0803773731136506,-5.85474201406705
5.465,-3.11190693129789,-0.075281680307862,-5.8190901774113
5.4675,-3.1170013891511,-0.0803773731136506,-5.86492825311154
5.47,-3.03549006349973,-0.0803773731136506,-5.8394626555003
5.4725,-3.06096235276578,-0.0803773731136506,-5.8394626555003
5.475,-3.24436283548136,-0.075281680307862,-5.8394626555003
5.4775,-3.11190693129789,-0.0803773731136506,-5.93623192642304
5.48,-3.1170013891511,-0.0803773731136506,-5.94641816546754
5.4825,-3.09662355773826,-0.075281680307862,-5.85474201406705
5.485,-3.10171801559147,-0.0803773731136506,-5.88020761167829
5.4875,-3.1170013891511,-0.0803773731136506,-5.8598351335893
5.49,-3.15266259412357,-0.0803773731136506,-5.84455577502255
5.4925,-2.94378982214194,-0.0803773731136506,-5.87002137263379
5.495,-3.12719030485752,-0.0803773731136506,-5.8292764164558
5.4975,-3.12719030485752,-0.0803773731136506,-5.8190901774113
5.5,-3.22398500406852,-0.0803773731136506,-5.82418329693355
5.5025,-3.28002404045384,-0.0854730659194392,-5.84455577502255
5.505,-3.30040187186668,-0.0803773731136506,-5.8496488945448
5.5075,-3.28511849830705,-0.0803773731136506,-5.82418329693355
5.51,-3.29021295616026,-0.0803773731136506,-5.7987176993223
5.5125,-3.3105907875731,-0.0803773731136506,-5.8292764164558
5.515,-3.356440908252,-0.0803773731136506,-5.80381081884455
5.5175,-3.32587416113273,-0.0803773731136506,-5.8394626555003
5.52,-3.33606307683915,-0.0803773731136506,-5.79362457980005
5.5225,-3.35134645039879,-0.0803773731136506,-5.80381081884455
5.525,-3.35134645039879,-0.0803773731136506,-5.87002137263379
5.5275,-3.38191319751805,-0.0803773731136506,-5.8089039383668
5.53,-3.34625199254558,-0.0803773731136506,-5.83436953597805
5.5325,-3.34115753469236,-0.0803773731136506,-5.89039385072279
5.535,-3.34625199254558,-0.075281680307862,-5.8190901774113
5.5375,-3.34115753469236,-0.0803773731136506,-5.8394626555003
5.54,-3.35134645039879,-0.0803773731136506,-5.8292764164558
5.5425,-3.35134645039879,-0.0803773731136506,-5.8394626555003
5.545,-3.38700765537126,-0.0803773731136506,-5.8292764164558
5.5475,-3.37172428181163,-0.0803773731136506,-5.8598351335893
5.55,-3.37681873966484,-0.0803773731136506,-5.91076632881179
5.5525,-3.37681873966484,-0.0803773731136506,-5.83436953597805
5.555,-3.33606307683915,-0.0803773731136506,-5.80381081884455
5.5575,-3.36153536610521,-0.0803773731136506,-5.79362457980005
5.56,-3.39719657107768,-0.0803773731136506,-5.80381081884455
5.5625,-3.39719657107768,-0.0803773731136506,-5.7681589821888
5.565,-3.37681873966484,-0.0803773731136506,-5.7681589821888
5.5675,-3.37172428181163,-0.0803773731136506,-5.76306586266655
5.57,-3.40229102893089,-0.0803773731136506,-5.79362457980005
5.5725,-3.43285777605016,-0.0803773731136506,-5.8089039383668
5.575,-3.40229102893089,-0.0803773731136506,-5.78343834075555
5.5775,-3.40229102893089,-0.0803773731136506,-5.77325210171105
5.58,-3.41247994463731,-0.0854730659194392,-5.97188376307879
5.5825,-3.453235607463,-0.0803773731136506,-5.78343834075555
5.585,-3.42776331819694,-0.0803773731136506,-5.7885314602778
5.5875,-3.46342452316942,-0.0803773731136506,-5.78343834075555
5.59,-3.43285777605016,-0.0803773731136506,-5.8292764164558
5.5925,-3.453235607463,-0.0803773731136506,-5.79362457980005
5.595,-3.44814114960979,-0.0803773731136506,-5.7987176993223
5.5975,-3.453235607463,-0.0803773731136506,-5.7885314602778
5.6,-3.47361343887584,-0.0803773731136506,-5.87002137263379
5.6025,-3.46342452316942,-0.0803773731136506,-5.7681589821888
5.605,-3.57040813808684,-0.0803773731136506,-5.7783452212333
5.6075,-3.57040813808684,-0.0803773731136506,-5.7987176993223
5.61,-3.60606934305932,-0.0803773731136506,-5.82418329693355
5.6125,-3.48889681243547,-0.0803773731136506,-5.77325210171105
5.615,-3.49908572814189,-0.0854730659194392,-5.7681589821888
5.6175,-3.54493584882079,-0.0803773731136506,-5.76306586266655
5.62,-3.53984139096758,-0.0803773731136506,-5.7579727431443
5.6225,-3.53984139096758,-0.0803773731136506,-5.7885314602778
5.625,-3.59078596949968,-0.0803773731136506,-5.73250714553306
5.6275,-3.62135271661895,-0.0803773731136506,-5.73760026505531
5.63,-3.62644717447216,-0.0803773731136506,-5.7885314602778
5.6325,-3.52965247526116,-0.0803773731136506,-5.70704154792181
5.635,-3.47870789672905,-0.0854730659194392,-5.73250714553306
5.6375,-3.47361343887584,-0.0803773731136506,-5.73760026505531
5.64,-3.48889681243547,-0.0803773731136506,-5.71722778696631
5.6425,-3.5041801859951,-0.0803773731136506,-5.78343834075555
5.645,-3.68758066871069,-0.0803773731136506,-5.73760026505531
5.6475,-3.59078596949968,-0.0803773731136506,-5.73760026505531
5.65,-3.63154163232537,-0.0803773731136506,-5.73250714553306
5.6525,-3.62135271661895,-0.075281680307862,-5.73760026505531
5.655,-3.56531368023363,-0.0803773731136506,-5.8292764164558
5.6575,-3.58059705379326,-0.075281680307862,-5.72741402601081
5.66,-3.60097488520611,-0.0803773731136506,-5.72232090648856
5.6625,-3.58569151164647,-0.0803773731136506,-5.78343834075555
5.665,-3.56531368023363,-0.0803773731136506,-5.74778650409981
5.6675,-3.47870789672905,-0.0803773731136506,-5.73760026505531
5.67,-3.47870789672905,-0.0803773731136506,-5.73250714553306
5.6725,-3.52455801740795,-0.0803773731136506,-5.77325210171105
5.675,-3.51436910170153,-0.0803773731136506,-5.7783452212333
5.6775,-3.5041801859951,-0.0854730659194392,-5.70704154792181
5.68,-3.48889681243547,-0.075281680307862,-5.71213466744406
5.6825,-3.48380235458226,-0.0803773731136506,-5.70194842839956
5.685,-3.46342452316942,-0.0803773731136506,-5.70704154792181
5.6875,-3.5041801859951,-0.0803773731136506,-5.72741402601081
5.69,-3.43795223390337,-0.0854730659194392,-5.82418329693355
5.6925,-3.43795223390337,-0.0803773731136506,-5.71722778696631
5.695,-3.453235607463,-0.0803773731136506,-5.72232090648856
5.6975,-3.43795223390337,-0.0803773731136506,-5.69685530887731
5.7,-3.54493584882079,-0.0803773731136506,-5.69685530887731
5.7025,-3.51436910170153,-0.0803773731136506,-5.69176218935506
5.705,-3.42266886034373,-0.0803773731136506,-5.70194842839956
5.7075,-3.42776331819694,-0.0803773731136506,-5.69685530887731
5.71,-3.41247994463731,-0.0803773731136506,-5.68666906983281
5.7125,-3.50927464384831,-0.0803773731136506,-5.68157595031056
5.715,-3.38700765537126,-0.0803773731136506,-5.70194842839956
5.7175,-3.43795223390337,-0.0803773731136506,-5.70704154792181
5.72,-3.42776331819694,-0.0803773731136506,-5.69176218935506
5.7225,-3.38700765537126,-0.0803773731136506,-5.74269338457756
5.725,-3.37681873966484,-0.0803773731136506,-5.67648283078831
5.7275,-3.36662982395842,-0.0803773731136506,-5.68157595031056
5.73,-3.30549632971989,-0.075281680307862,-5.67138971126606
5.7325,-3.259646209041,-0.0803773731136506,-5.67138971126606
5.735,-3.29530741401347,-0.0803773731136506,-5.65611035269931
5.7375,-3.27492958260063,-0.0803773731136506,-5.66629659174381
5.74,-3.32587416113273,-0.0803773731136506,-5.62555163556582
5.7425,-3.23926837762815,-0.075281680307862,-5.63064475508807
5.745,-3.22907946192173,-0.0803773731136506,-5.62555163556582
5.7475,-3.22398500406852,-0.0803773731136506,-5.63573787461031
5.75,-3.21889054621531,-0.0803773731136506,-5.62555163556582
5.7525,-3.20360717265568,-0.075281680307862,-5.62555163556582
5.755,-3.20360717265568,-0.0854730659194392,-5.61536539652132
5.7575,-3.19851271480247,-0.0803773731136506,-5.67648283078831
5.76,-3.21889054621531,-0.0803773731136506,-5.71722778696631
5.7625,-3.21889054621531,-0.0803773731136506,-5.69176218935506
5.765,-3.16285150982999,-0.0803773731136506,-5.61027227699907
5.7675,-3.16285150982999,-0.0803773731136506,-5.65611035269931
5.77,-3.15775705197678,-0.0803773731136506,-5.63064475508807
5.7725,-3.18322934124284,-0.0803773731136506,-5.64592411365481
5.775,-3.22398500406852,-0.0803773731136506,-5.74778650409981
5.7775,-3.16794596768321,-0.0803773731136506,-5.68666906983281
5.78,-3.16794596768321,-0.0803773731136506,-5.66120347222156
5.7825,-3.19341825694926,-0.0803773731136506,-5.71213466744406
5.785,-3.21889054621531,-0.075281680307862,-5.60517915747682
5.7875,-3.22398500406852,-0.0803773731136506,-5.63064475508807
5.79,-3.22398500406852,-0.0803773731136506,-5.57462044034332
5.7925,-3.20870163050889,-0.0803773731136506,-5.70704154792181
5.795,-3.20870163050889,-0.0803773731136506,-5.69685530887731
5.7975,-3.20870163050889,-0.0803773731136506,-5.67648283078831
5.8,-3.26474066689421,-0.0803773731136506,-5.67648283078831
5.8025,-3.27492958260063,-0.0803773731136506,-5.56443420129882
5.805,-3.28002404045384,-0.075281680307862,-5.57462044034332
5.8075,-3.29530741401347,-0.0803773731136506,-5.59499291843232
5.81,-3.29021295616026,-0.0854730659194392,-5.59499291843232
5.8125,-3.31568524542631,-0.0803773731136506,-5.55934108177657
5.815,-3.32587416113273,-0.0803773731136506,-5.55934108177657
5.8175,-3.30549632971989,-0.0803773731136506,-5.68666906983281
5.82,-3.31568524542631,-0.0803773731136506,-5.74269338457756
5.8225,-3.31568524542631,-0.0803773731136506,-5.73760026505531
5.825,-3.29530741401347,-0.0803773731136506,-5.56952732082107
5.8275,-3.32077970327952,-0.0803773731136506,-5.57462044034332
5.83,-3.29530741401347,-0.0803773731136506,-5.57462044034332
5.8325,-3.34115753469236,-0.0803773731136506,-5.61027227699907
5.835,-3.31568524542631,-0.075281680307862,-5.55424796225432
5.8375,-3.3105907875731,-0.0803773731136506,-5.62045851604357
5.84,-3.3105907875731,-0.0803773731136506,-5.58989979891007
5.8425,-3.32077970327952,-0.0803773731136506,-5.56952732082107
5.845,-3.3105907875731,-0.0803773731136506,-5.66629659174381
5.8475,-3.32077970327952,-0.0803773731136506,-5.60008603795457
5.85,-3.32587416113273,-0.0803773731136506,-5.59499291843232
5.8525,-3.31568524542631,-0.0803773731136506,-5.60008603795457
5.855,-3.34115753469236,-0.0803773731136506,-5.61536539652132
5.8575,-3.3105907875731,-0.0803773731136506,-5.63573787461031
5.86,-3.30549632971989,-0.0803773731136506,-5.62555163556582
5.8625,-3.31568524542631,-0.0803773731136506,-5.62045851604357
5.865,-3.30040187186668,-0.0803773731136506,-5.7783452212333
5.8675,-3.30040187186668,-0.0803773731136506,-5.63573787461031
5.87,-3.30549632971989,-0.0803773731136506,-5.59499291843232
5.8725,-3.32077970327952,-0.0803773731136506,-5.62045851604357
5.875,-3.33606307683915,-0.0803773731136506,-5.59499291843232
5.8775,-3.37681873966484,-0.0803773731136506,-5.58989979891007
5.88,-3.356440908252,-0.0803773731136506,-5.58989979891007
5.8825,-3.37681873966484,-0.0803773731136506,-5.62555163556582
5.885,-3.42266886034373,-0.0803773731136506,-5.63573787461031
5.8875,-3.33096861898594,-0.0803773731136506,-5.64592411365481
5.89,-3.33096861898594,-0.0803773731136506,-5.57971355986557
5.8925,-3.32587416113273,-0.0803773731136506,-5.57971355986557
5.895,-3.33606307683915,-0.0803773731136506,-5.60008603795457
5.8975,-3.3105907875731,-0.0803773731136506,-5.57971355986557
5.9,-3.33606307683915,-0.0803773731136506,-5.64083099413256
5.9025,-3.36662982395842,-0.0803773731136506,-5.55424796225432
5.905,-3.36662982395842,-0.0803773731136506,-5.54406172320982
5.9075,-3.33096861898594,-0.0803773731136506,-5.58480667938782
5.91,-3.33606307683915,-0.0803773731136506,-5.59499291843232
5.9125,-3.33606307683915,-0.0803773731136506,-5.60008603795457
5.915,-3.33606307683915,-0.0803773731136506,-5.57971355986557
5.9175,-3.34625199254558,-0.0803773731136506,-5.57971355986557
5.92,-3.356440908252,-0.0803773731136506,-5.56952732082107
5.9225,-3.38191319751805,-0.0803773731136506,-5.53387548416532
5.925,-3.39210211322447,-0.0803773731136506,-5.51859612559857
5.9275,-3.356440908252,-0.0803773731136506,-5.55424796225432
5.93,-3.356440908252,-0.0803773731136506,-5.51350300607633
5.9325,-3.356440908252,-0.0803773731136506,-5.57462044034332
5.935,-3.356440908252,-0.0803773731136506,-5.62045851604357
5.9375,-3.38191319751805,-0.0803773731136506,-5.51859612559857
5.94,-3.36662982395842,-0.0803773731136506,-5.50840988655408
5.9425,-3.34625199254558,-0.075281680307862,-5.54915484273207
5.945,-3.356440908252,-0.0803773731136506,-5.53387548416532
5.9475,-3.33606307683915,-0.075281680307862,-5.55424796225432
5.95,-3.34115753469236,-0.0803773731136506,-5.52368924512082
5.9525,-3.33606307683915,-0.0803773731136506,-5.50840988655408
5.955,-3.34115753469236,-0.0803773731136506,-5.50331676703183
5.9575,-3.30549632971989,-0.0803773731136506,-5.49822364750958
5.96,-3.33606307683915,-0.0803773731136506,-5.50331676703183
5.9625,-3.33096861898594,-0.0803773731136506,-5.49822364750958
5.965,-3.33096861898594,-0.0803773731136506,-5.50840988655408
5.9675,-3.33096861898594,-0.0803773731136506,-5.49822364750958
5.97,-3.34115753469236,-0.0803773731136506,-5.50840988655408
5.9725,-3.37172428181163,-0.0803773731136506,-5.49822364750958
5.975,-3.37681873966484,-0.0803773731136506,-5.50331676703183
5.9775,-3.356440908252,-0.0803773731136506,-5.46766493037608
5.98,-3.38191319751805,-0.0803773731136506,-5.47275804989833
5.9825,-3.35134645039879,-0.0803773731136506,-5.51350300607633
5.985,-3.35134645039879,-0.0803773731136506,-5.50840988655408
5.9875,-3.38191319751805,-0.0803773731136506,-5.48803740846508
5.99,-3.37681873966484,-0.0803773731136506,-5.51350300607633
5.9925,-3.33096861898594,-0.0803773731136506,-5.46766493037608
5.995,-3.356440908252,-0.0803773731136506,-5.46257181085383
5.9975,-3.33606307683915,-0.0803773731136506,-5.47275804989833
6,-3.34115753469236,-0.0803773731136506,-5.50331676703183
6.0025,-3.34115753469236,-0.0803773731136506,-5.51350300607633
6.005,-3.35134645039879,-0.0803773731136506,-5.48294428894283
6.0075,-3.356440908252,-0.0803773731136506,-5.48803740846508
6.01,-3.356440908252,-0.0803773731136506,-5.45238557180933
6.0125,-3.356440908252,-0.075281680307862,-5.49313052798733
6.015,-3.37172428181163,-0.0803773731136506,-5.50331676703183
6.0175,-3.22398500406852,-0.0803773731136506,-5.46257181085383
6.02,-3.19851271480247,-0.0803773731136506,-5.46257181085383
6.0225,-3.19341825694926,-0.0803773731136506,-5.44729245228708
6.025,-3.19851271480247,-0.0803773731136506,-5.47275804989833
6.0275,-3.22907946192173,-0.0803773731136506,-5.45238557180933
6.03,-3.25455175118779,-0.0803773731136506,-5.54915484273207
6.0325,-3.23926837762815,-0.0803773731136506,-5.50331676703183
6.035,-3.27492958260063,-0.0803773731136506,-5.44729245228708
6.0375,-3.28002404045384,-0.0803773731136506,-5.44729245228708
6.04,-3.27492958260063,-0.0803773731136506,-5.41164061563133
6.0425,-3.28002404045384,-0.0803773731136506,-5.42691997419808
6.045,-3.26983512474742,-0.0803773731136506,-5.39636125706459
6.0475,-3.28511849830705,-0.0803773731136506,-5.48294428894283
6.05,-3.29021295616026,-0.0803773731136506,-5.43710621324258
6.0525,-3.32077970327952,-0.0803773731136506,-5.42182685467583
6.055,-3.33606307683915,-0.0803773731136506,-5.40145437658683
6.0575,-3.37681873966484,-0.0803773731136506,-5.41164061563133
6.06,-3.36153536610521,-0.0803773731136506,-5.39126813754234
6.0625,-3.44814114960979,-0.0803773731136506,-5.41673373515358
6.065,-3.453235607463,-0.0803773731136506,-5.43201309372033
6.0675,-3.50927464384831,-0.0803773731136506,-5.42182685467583
6.07,-3.49399127028868,-0.0803773731136506,-5.39636125706459
6.0725,-3.50927464384831,-0.0803773731136506,-5.39126813754234
6.075,-3.51946355955474,-0.0803773731136506,-5.43201309372033
6.0775,-3.55512476452721,-0.0854730659194392,-5.39636125706459
6.08,-3.51946355955474,-0.0803773731136506,-5.39636125706459
6.0825,-3.56021922238042,-0.0803773731136506,-5.38617501802009
6.085,-3.59078596949968,-0.075281680307862,-5.43201309372033
6.0875,-3.62135271661895,-0.0803773731136506,-5.42691997419808
6.09,-3.65191946373821,-0.075281680307862,-5.43201309372033
6.0925,-3.70286404227032,-0.0803773731136506,-5.38617501802009
6.095,-3.646825005885,-0.0803773731136506,-5.40654749610908
6.0975,-3.646825005885,-0.0803773731136506,-5.44729245228708
6.1,-3.64173054803179,-0.0803773731136506,-5.43201309372033
6.1025,-3.646825005885,-0.0803773731136506,-5.41673373515358
6.105,-3.65701392159142,-0.0803773731136506,-5.40654749610908
6.1075,-3.63154163232537,-0.0803773731136506,-5.39126813754234
6.11,-3.65701392159142,-0.0803773731136506,-5.40654749610908
6.1125,-3.68248621085748,-0.0803773731136506,-5.41673373515358
6.115,-3.66720283729784,-0.0803773731136506,-5.41164061563133
6.1175,-3.67739175300426,-0.0803773731136506,-5.41673373515358
6.12,-3.67739175300426,-0.0803773731136506,-5.41673373515358
6.1225,-3.70286404227032,-0.0803773731136506,-5.42691997419808
6.125,-3.67739175300426,-0.0803773731136506,-5.44729245228708
6.1275,-3.67739175300426,-0.0803773731136506,-5.40654749610908
6.13,-3.67229729515105,-0.0803773731136506,-5.42691997419808
6.1325,-3.68758066871069,-0.0803773731136506,-5.46257181085383
6.135,-3.65191946373821,-0.0803773731136506,-5.45747869133158
6.1375,-3.64173054803179,-0.0803773731136506,-5.43201309372033
6.14,-3.66210837944463,-0.0803773731136506,-5.43710621324258
6.1425,-3.66210837944463,-0.0803773731136506,-5.43710621324258
6.145,-3.64173054803179,-0.0803773731136506,-5.42182685467583
6.1475,-3.64173054803179,-0.0803773731136506,-5.47275804989833
6.15,-3.61116380091253,-0.0803773731136506,-5.41164061563133
6.1525,-3.60606934305932,-0.0803773731136506,-5.45747869133158
6.155,-3.60097488520611,-0.0854730659194392,-5.39126813754234
6.1575,-3.60097488520611,-0.0803773731136506,-5.40145437658683
6.16,-3.59078596949968,-0.0803773731136506,-5.49313052798733
6.1625,-3.58569151164647,-0.0803773731136506,-5.53387548416532
6.165,-3.57550259594005,-0.0803773731136506,-5.53896860368757
6.1675,-3.56531368023363,-0.0803773731136506,-5.34033694231984
6.17,-3.56021922238042,-0.0803773731136506,-5.37089565945334
6.1725,-3.56021922238042,-0.0803773731136506,-5.48294428894283
6.175,-3.53474693311437,-0.0803773731136506,-5.39126813754234
6.1775,-3.54493584882079,-0.0803773731136506,-5.41164061563133
6.18,-3.53984139096758,-0.0803773731136506,-5.38108189849784
6.1825,-3.52965247526116,-0.0803773731136506,-5.36580253993109
6.185,-3.54493584882079,-0.0803773731136506,-5.38108189849784
6.1875,-3.52965247526116,-0.0803773731136506,-5.41164061563133
6.19,-3.51946355955474,-0.075281680307862,-5.42182685467583
6.1925,-3.48380235458226,-0.0803773731136506,-5.40145437658683
6.195,-3.49399127028868,-0.0803773731136506,-5.38617501802009
6.1975,-3.48380235458226,-0.0803773731136506,-5.40145437658683
6.2,-3.47870789672905,-0.0803773731136506,-5.39126813754234
6.2025,-3.46342452316942,-0.0803773731136506,-5.40145437658683
6.205,-3.45833006531621,-0.0803773731136506,-5.39126813754234
6.2075,-3.46851898102263,-0.0803773731136506,-5.39126813754234
6.21,-3.46342452316942,-0.0803773731136506,-5.38108189849784
6.2125,-3.43285777605016,-0.0803773731136506,-5.39126813754234
6.215,-3.41247994463731,-0.0803773731136506,-5.39126813754234
6.2175,-3.42266886034373,-0.075281680307862,-5.39126813754234
6.22,-3.41757440249052,-0.0803773731136506,-5.39126813754234
6.2225,-3.38700765537126,-0.0803773731136506,-5.38108189849784
6.225,-3.4073854867841,-0.0803773731136506,-5.39126813754234
6.2275,-3.40229102893089,-0.0803773731136506,-5.39126813754234
6.23,-3.40229102893089,-0.0803773731136506,-5.39126813754234
6.2325,-3.39719657107768,-0.0803773731136506,-5.40654749610908
6.235,-3.37681873966484,-0.0803773731136506,-5.41673373515358
6.2375,-3.41247994463731,-0.0803773731136506,-5.39126813754234
6.24,-3.4073854867841,-0.0803773731136506,-5.37598877897559
6.2425,-3.40229102893089,-0.0803773731136506,-5.37598877897559
6.245,-3.41757440249052,-0.0803773731136506,-5.37089565945334
6.2475,-3.39719657107768,-0.0803773731136506,-5.40145437658683
6.25,-3.39210211322447,-0.075281680307862,-5.44219933276483
6.2525,-3.4073854867841,-0.0803773731136506,-5.43201309372033
6.255,-3.40229102893089,-0.0803773731136506,-5.46766493037608
6.2575,-3.40229102893089,-0.0803773731136506,-5.45747869133158
6.26,-3.42266886034373,-0.0803773731136506,-5.43201309372033
6.2625,-3.40229102893089,-0.0803773731136506,-5.42182685467583
6.265,-3.4073854867841,-0.0803773731136506,-5.48294428894283
6.2675,-3.43795223390337,-0.0803773731136506,-5.45747869133158
6.27,-3.44814114960979,-0.0803773731136506,-5.54406172320982
6.2725,-3.44304669175658,-0.0803773731136506,-5.44729245228708
6.275,-3.43795223390337,-0.0803773731136506,-5.43201309372033
6.2775,-3.46851898102263,-0.0803773731136506,-5.43201309372033
6.28,-3.453235607463,-0.0803773731136506,-5.42182685467583
6.2825,-3.46342452316942,-0.075281680307862,-5.42691997419808
6.285,-3.45833006531621,-0.0803773731136506,-5.45747869133158
6.2875,-3.46342452316942,-0.0803773731136506,-5.43201309372033
6.29,-3.48380235458226,-0.0803773731136506,-5.42691997419808
6.2925,-3.46342452316942,-0.0803773731136506,-5.46257181085383
6.295,-3.52455801740795,-0.0803773731136506,-5.55934108177657
6.2975,-3.49908572814189,-0.0854730659194392,-5.51350300607633
6.3,-3.52965247526116,-0.0803773731136506,-5.47785116942058
6.3025,-3.5041801859951,-0.0803773731136506,-5.46257181085383
6.305,-3.50927464384831,-0.0803773731136506,-5.45238557180933
6.3075,-3.51436910170153,-0.0803773731136506,-5.46257181085383
6.31,-3.52455801740795,-0.0803773731136506,-5.48803740846508
6.3125,-3.550030306674,-0.0803773731136506,-5.46766493037608
6.315,-3.54493584882079,-0.0803773731136506,-5.52878236464307
6.3175,-3.53984139096758,-0.0803773731136506,-5.47785116942058
6.32,-3.56021922238042,-0.0803773731136506,-5.49822364750958
6.3225,-3.54493584882079,-0.0803773731136506,-5.47275804989833
6.325,-3.54493584882079,-0.0803773731136506,-5.46766493037608
6.3275,-3.60097488520611,-0.0803773731136506,-5.49313052798733
6.33,-3.55512476452721,-0.0803773731136506,-5.49313052798733
6.3325,-3.550030306674,-0.0803773731136506,-5.50331676703183
6.335,-3.55512476452721,-0.0803773731136506,-5.52878236464307
6.3375,-3.56021922238042,-0.0803773731136506,-5.49822364750958
6.34,-3.56021922238042,-0.0803773731136506,-5.50331676703183
6.3425,-3.55512476452721,-0.0803773731136506,-5.48294428894283
6.345,-3.550030306674,-0.0803773731136506,-5.51859612559857
6.3475,-3.56021922238042,-0.075281680307862,-5.51859612559857
6.35,-3.56021922238042,-0.0803773731136506,-5.51859612559857
6.3525,-3.55512476452721,-0.0803773731136506,-5.56952732082107
6.355,-3.57040813808684,-0.0803773731136506,-5.58480667938782
6.3575,-3.56021922238042,-0.0803773731136506,-5.54406172320982
6.36,-3.55512476452721,-0.0803773731136506,-5.55424796225432
6.3625,-3.58569151164647,-0.0803773731136506,-5.57462044034332
6.365,-3.53474693311437,-0.0803773731136506,-5.65611035269931
6.3675,-3.53984139096758,-0.0803773731136506,-5.58989979891007
6.37,-3.52455801740795,-0.0803773731136506,-5.59499291843232
6.3725,-3.51946355955474,-0.0803773731136506,-5.58480667938782
6.375,-3.51946355955474,-0.0803773731136506,-5.57462044034332
6.3775,-3.51946355955474,-0.0803773731136506,-5.55934108177657
6.38,-3.51946355955474,-0.0803773731136506,-5.58989979891007
6.3825,-3.50927464384831,-0.0803773731136506,-5.59499291843232
6.385,-3.5041801859951,-0.0803773731136506,-5.59499291843232
6.3875,-3.49399127028868,-0.0803773731136506,-5.58480667938782
6.39,-3.48889681243547,-0.0803773731136506,-5.58480667938782
6.3925,-3.46342452316942,-0.0803773731136506,-5.56443420129882
6.395,-3.43795223390337,-0.0803773731136506,-5.59499291843232
6.3975,-3.46342452316942,-0.0803773731136506,-5.61027227699907
6.4,-3.453235607463,-0.0803773731136506,-5.61536539652132
6.4025,-3.36662982395842,-0.0803773731136506,-5.61536539652132
6.405,-3.38700765537126,-0.0803773731136506,-5.60008603795457
6.4075,-3.356440908252,-0.0803773731136506,-5.61027227699907
6.41,-3.35134645039879,-0.0803773731136506,-5.61027227699907
6.4125,-3.33606307683915,-0.0803773731136506,-5.67138971126606
6.415,-3.33096861898594,-0.0803773731136506,-5.63573787461031
6.4175,-3.30040187186668,-0.0803773731136506,-5.63064475508807
6.42,-3.33606307683915,-0.0803773731136506,-5.60517915747682
6.4225,-3.33606307683915,-0.0803773731136506,-5.62045851604357
6.425,-3.33606307683915,-0.0803773731136506,-5.68157595031056
6.4275,-3.33606307683915,-0.0803773731136506,-5.65611035269931
6.43,-3.34625199254558,-0.0803773731136506,-5.66120347222156
6.4325,-3.39210211322447,-0.0803773731136506,-5.69176218935506
6.435,-3.41757440249052,-0.0803773731136506,-5.68157595031056
6.4375,-3.41247994463731,-0.0803773731136506,-5.62555163556582
6.44,-3.41757440249052,-0.0803773731136506,-5.63064475508807
6.4425,-3.43795223390337,-0.0803773731136506,-5.62555163556582
6.445,-3.45833006531621,-0.0803773731136506,-5.68157595031056
6.4475,-3.44814114960979,-0.0803773731136506,-5.62045851604357
6.45,-3.44814114960979,-0.0803773731136506,-5.62045851604357
6.4525,-3.49399127028868,-0.0803773731136506,-5.64083099413256
6.455,-3.48889681243547,-0.0803773731136506,-5.59499291843232
6.4575,-3.46342452316942,-0.0803773731136506,-5.61536539652132
6.46,-3.46342452316942,-0.0803773731136506,-5.61536539652132
6.4625,-3.51436910170153,-0.0803773731136506,-5.62045851604357
6.465,-3.52455801740795,-0.0803773731136506,-5.59499291843232
6.4675,-3.56531368023363,-0.0803773731136506,-5.71213466744406
6.47,-3.5041801859951,-0.0803773731136506,-5.64083099413256
6.4725,-3.51436910170153,-0.0803773731136506,-5.60008603795457
6.475,-3.54493584882079,-0.0803773731136506,-5.66629659174381
6.4775,-3.550030306674,-0.0803773731136506,-5.65611035269931
6.48,-3.550030306674,-0.0803773731136506,-5.57971355986557
6.4825,-3.53984139096758,-0.0803773731136506,-5.56952732082107
6.485,-3.53984139096758,-0.0803773731136506,-5.57462044034332
6.4875,-3.550030306674,-0.0803773731136506,-5.56443420129882
6.49,-3.54493584882079,-0.0803773731136506,-5.56443420129882
6.4925,-3.56531368023363,-0.075281680307862,-5.57462044034332
6.495,-3.53474693311437,-0.0803773731136506,-5.55934108177657
6.4975,-3.52965247526116,-0.0803773731136506,-5.54915484273207
6.5,-3.49399127028868,-0.0803773731136506,-5.57971355986557
6.5025,-3.48380235458226,-0.0803773731136506,-5.66629659174381
6.505,-3.47870789672905,-0.0803773731136506,-5.57971355986557
6.5075,-3.47870789672905,-0.0803773731136506,-5.54915484273207
6.51,-3.46851898102263,-0.0803773731136506,-5.56443420129882
6.5125,-3.47870789672905,-0.0854730659194392,-5.56443420129882
6.515,-3.46851898102263,-0.0803773731136506,-5.60008603795457
6.5175,-3.50927464384831,-0.0803773731136506,-5.55424796225432
6.52,-3.48380235458226,-0.0803773731136506,-5.58480667938782
6.5225,-3.47870789672905,-0.0803773731136506,-5.53387548416532
6.525,-3.47870789672905,-0.0803773731136506,-5.53387548416532
6.5275,-3.48380235458226,-0.0803773731136506,-5.53896860368757
6.53,-3.45833006531621,-0.0803773731136506,-5.53896860368757
6.5325,-3.44814114960979,-0.0803773731136506,-5.54406172320982
6.535,-3.47870789672905,-0.0803773731136506,-5.51350300607633
6.5375,-3.47870789672905,-0.075281680307862,-5.52368924512082
6.54,-3.51946355955474,-0.0803773731136506,-5.51859612559857
6.5425,-3.47361343887584,-0.0803773731136506,-5.53387548416532
6.545,-3.48380235458226,-0.0803773731136506,-5.55424796225432
6.5475,-3.52455801740795,-0.0803773731136506,-5.53387548416532
6.55,-3.50927464384831,-0.0803773731136506,-5.52878236464307
6.5525,-3.52965247526116,-0.0803773731136506,-5.51350300607633
6.555,-3.50927464384831,-0.0803773731136506,-5.65611035269931
6.5575,-3.49908572814189,-0.0803773731136506,-5.50331676703183
6.56,-3.5041801859951,-0.0803773731136506,-5.49822364750958
6.5625,-3.51946355955474,-0.0803773731136506,-5.51859612559857
6.565,-3.51946355955474,-0.0803773731136506,-5.55934108177657
6.5675,-3.56021922238042,-0.0803773731136506,-5.53896860368757
6.57,-3.53474693311437,-0.075281680307862,-5.54406172320982
6.5725,-3.55512476452721,-0.0803773731136506,-5.52368924512082
6.575,-3.55512476452721,-0.0803773731136506,-5.53387548416532
6.5775,-3.550030306674,-0.0803773731136506,-5.55934108177657
6.58,-3.55512476452721,-0.0803773731136506,-5.53896860368757
6.5825,-3.52455801740795,-0.0803773731136506,-5.52368924512082
6.585,-3.51946355955474,-0.0803773731136506,-5.49313052798733
6.5875,-3.51946355955474,-0.0803773731136506,-5.53387548416532
6.59,-3.52455801740795,-0.0803773731136506,-5.53896860368757
6.5925,-3.52965247526116,-0.0803773731136506,-5.49822364750958
6.595,-3.48889681243547,-0.0803773731136506,-5.53387548416532
6.5975,-3.5041801859951,-0.0803773731136506,-5.47785116942058
6.6,-3.49399127028868,-0.0803773731136506,-5.50840988655408
6.6025,-3.48889681243547,-0.0803773731136506,-5.50331676703183
6.605,-3.45833006531621,-0.0803773731136506,-5.48803740846508
6.6075,-3.453235607463,-0.0803773731136506,-5.48294428894283
6.61,-3.44304669175658,-0.0803773731136506,-5.49313052798733
6.6125,-3.43795223390337,-0.0803773731136506,-5.52878236464307
6.615,-3.43285777605016,-0.0803773731136506,-5.47275804989833
6.6175,-3.46851898102263,-0.0803773731136506,-5.52878236464307
6.62,-3.46851898102263,-0.0803773731136506,-5.49822364750958
6.6225,-3.453235607463,-0.0803773731136506,-5.47785116942058
6.625,-3.45833006531621,-0.0803773731136506,-5.47275804989833
6.6275,-3.453235607463,-0.0803773731136506,-5.50840988655408
6.63,-3.51436910170153,-0.0803773731136506,-5.47275804989833
6.6325,-3.50927464384831,-0.075281680307862,-5.50840988655408
6.635,-3.53984139096758,-0.0803773731136506,-5.49313052798733
6.6375,-3.49399127028868,-0.0803773731136506,-5.50840988655408
6.64,-3.53984139096758,-0.0803773731136506,-5.46766493037608
6.6425,-3.5041801859951,-0.0803773731136506,-5.50331676703183
6.645,-3.50927464384831,-0.0803773731136506,-5.48803740846508
6.6475,-3.51436910170153,-0.0803773731136506,-5.53896860368757
6.65,-3.51946355955474,-0.075281680307862,-5.48803740846508
6.6525,-3.51946355955474,-0.0803773731136506,-5.50331676703183
6.655,-3.54493584882079,-0.0803773731136506,-5.53896860368757
6.6575,-3.53474693311437,-0.0803773731136506,-5.53896860368757
6.66,-3.51946355955474,-0.0803773731136506,-5.53387548416532
6.6625,-3.646825005885,-0.0803773731136506,-5.57462044034332
6.665,-3.61116380091253,-0.0803773731136506,-5.55424796225432
6.6675,-3.58059705379326,-0.0803773731136506,-5.63064475508807
6.67,-3.60097488520611,-0.0803773731136506,-5.53387548416532
6.6725,-3.62644717447216,-0.0803773731136506,-5.51859612559857
6.675,-3.62135271661895,-0.0803773731136506,-5.62045851604357
6.6775,-3.62644717447216,-0.0803773731136506,-5.57971355986557
6.68,-3.62644717447216,-0.0803773731136506,-5.58989979891007
6.6825,-3.61116380091253,-0.0803773731136506,-5.62555163556582
6.685,-3.60606934305932,-0.0803773731136506,-5.51859612559857
6.6875,-3.61625825876574,-0.0803773731136506,-5.50840988655408
6.69,-3.646825005885,-0.0803773731136506,-5.51350300607633
6.6925,-3.58569151164647,-0.0803773731136506,-5.55424796225432
6.695,-3.58059705379326,-0.0803773731136506,-5.55424796225432
6.6975,-3.54493584882079,-0.0803773731136506,-5.51350300607633
6.7,-3.54493584882079,-0.0803773731136506,-5.50840988655408
6.7025,-3.57550259594005,-0.0803773731136506,-5.60008603795457
6.705,-3.54493584882079,-0.0803773731136506,-5.55424796225432
6.7075,-3.54493584882079,-0.0803773731136506,-5.62045851604357
6.71,-3.56021922238042,-0.0803773731136506,-5.66120347222156
6.7125,-3.53474693311437,-0.0803773731136506,-5.67648283078831
6.715,-3.52965247526116,-0.0803773731136506,-5.57462044034332
6.7175,-3.53474693311437,-0.0803773731136506,-5.54915484273207
6.72,-3.53474693311437,-0.0803773731136506,-5.63573787461031
6.7225,-3.53474693311437,-0.0803773731136506,-5.56952732082107
6.725,-3.52965247526116,-0.0803773731136506,-5.56443420129882
6.7275,-3.68758066871069,-0.0803773731136506,-5.89548697024504
6.73,-3.46342452316942,-0.0803773731136506,-5.62555163556582
6.7325,-3.43795223390337,-0.0803773731136506,-5.55424796225432
6.735,-3.46342452316942,-0.0803773731136506,-5.56952732082107
6.7375,-3.45833006531621,-0.0803773731136506,-5.57462044034332
6.74,-3.43285777605016,-0.075281680307862,-5.54406172320982
6.7425,-3.47361343887584,-0.0803773731136506,-5.54406172320982
6.745,-3.42776331819694,-0.0803773731136506,-5.58989979891007
6.7475,-3.50927464384831,-0.0854730659194392,-5.52878236464307
6.75,-3.50927464384831,-0.0803773731136506,-5.50840988655408
6.7525,-3.47361343887584,-0.0803773731136506,-5.51350300607633
6.755,-3.46851898102263,-0.0803773731136506,-5.53387548416532
6.7575,-3.46851898102263,-0.0803773731136506,-5.54915484273207
6.76,-3.46851898102263,-0.0803773731136506,-5.51859612559857
6.7625,-3.51946355955474,-0.0803773731136506,-5.50840988655408
6.765,-3.46342452316942,-0.0803773731136506,-5.54406172320982
6.7675,-3.46342452316942,-0.0803773731136506,-5.52878236464307
6.77,-3.42776331819694,-0.0803773731136506,-5.54915484273207
6.7725,-3.55512476452721,-0.0803773731136506,-5.53387548416532
6.775,-3.43795223390337,-0.0803773731136506,-5.54406172320982
6.7775,-3.44304669175658,-0.0803773731136506,-5.53387548416532
6.78,-3.44304669175658,-0.0803773731136506,-5.54406172320982
6.7825,-0.0908934243440065,-0.0803773731136506,-5.54406172320982
6.785,-3.44304669175658,-0.0803773731136506,-5.54915484273207
6.7875,-3.453235607463,-0.0803773731136506,-5.53896860368757
6.79,-3.45833006531621,-0.0803773731136506,-5.55934108177657
6.7925,-3.46342452316942,-0.0803773731136506,-5.56443420129882
6.795,-3.60097488520611,-0.0803773731136506,-5.56443420129882
6.7975,-3.49399127028868,-0.0803773731136506,-5.62045851604357
6.8,-3.60606934305932,-0.0803773731136506,-5.55424796225432
6.8025,-3.60097488520611,-0.0803773731136506,-5.55934108177657
6.805,-3.57550259594005,-0.0803773731136506,-5.55424796225432
6.8075,-3.64173054803179,-0.0803773731136506,-5.56443420129882
6.81,-3.57040813808684,-0.0803773731136506,-5.54915484273207
6.8125,-3.53984139096758,-0.0803773731136506,-5.56952732082107
6.815,-3.61625825876574,-0.0803773731136506,-5.60517915747682
6.8175,-3.59078596949968,-0.0803773731136506,-5.57462044034332
6.82,-3.59078596949968,-0.0803773731136506,-5.57971355986557
6.8225,-3.58059705379326,-0.0803773731136506,-5.57462044034332
6.825,-3.60097488520611,-0.0803773731136506,-5.53387548416532
6.8275,-3.58569151164647,-0.0803773731136506,-5.85474201406705
6.83,-3.55512476452721,-0.0803773731136506,-5.56443420129882
6.8325,-3.56531368023363,-0.075281680307862,-5.53387548416532
6.835,-3.57040813808684,-0.0803773731136506,-5.55934108177657
6.8375,-3.57550259594005,-0.0803773731136506,-5.54406172320982
6.84,-3.60606934305932,-0.0803773731136506,-5.54406172320982
6.8425,-3.58059705379326,-0.0803773731136506,-5.53896860368757
6.845,-3.58059705379326,-0.0803773731136506,-5.91076632881179
6.8475,-3.59588042735289,-0.0803773731136506,-5.76306586266655
6.85,-3.58569151164647,-0.0803773731136506,-5.53896860368757
6.8525,-3.56021922238042,-0.0803773731136506,-5.52878236464307
6.855,-3.56021922238042,-0.0803773731136506,-5.7783452212333
6.8575,-3.52965247526116,-0.0803773731136506,-5.52878236464307
6.86,-3.51436910170153,-0.0803773731136506,-5.50840988655408
6.8625,-3.48380235458226,-0.0803773731136506,-5.53896860368757
6.865,-3.47870789672905,-0.0803773731136506,-5.7987176993223
6.8675,-3.46851898102263,-0.0803773731136506,-5.71722778696631
6.87,-3.45833006531621,-0.0803773731136506,-5.55424796225432
6.8725,-3.45833006531621,-0.0803773731136506,-5.52878236464307
6.875,-3.453235607463,-0.0803773731136506,-5.60008603795457
6.8775,-3.47870789672905,-0.0803773731136506,-5.53387548416532
6.88,-3.50927464384831,-0.0803773731136506,-5.53387548416532
6.8825,-3.45833006531621,-0.0803773731136506,-5.58480667938782
6.885,-3.46342452316942,-0.0803773731136506,-5.55424796225432
6.8875,-3.46851898102263,-0.0854730659194392,-5.72232090648856
6.89,-3.47361343887584,-0.0803773731136506,-5.57462044034332
6.8925,-3.51946355955474,-0.0803773731136506,-5.56952732082107
6.895,-3.51946355955474,-0.0803773731136506,-5.57462044034332
6.8975,-3.53474693311437,-0.0803773731136506,-5.61536539652132
6.9,-3.51436910170153,-0.0803773731136506,-5.55934108177657
6.9025,-3.51946355955474,-0.0803773731136506,-5.61027227699907
6.905,-3.52455801740795,-0.0803773731136506,-5.89548697024504
6.9075,-3.53474693311437,-0.0803773731136506,-5.93623192642304
6.91,-3.53474693311437,-0.0803773731136506,-5.61027227699907
6.9125,-3.53474693311437,-0.0803773731136506,-5.61027227699907
6.915,-3.550030306674,-0.0803773731136506,-5.56443420129882
6.9175,-3.52965247526116,-0.075281680307862,-5.71213466744406
6.92,-3.59078596949968,-0.0803773731136506,-5.57462044034332
6.9225,-3.550030306674,-0.0803773731136506,-5.56952732082107
6.925,-3.57040813808684,-0.0803773731136506,-5.78343834075555
6.9275,-3.54493584882079,-0.0803773731136506,-5.77325210171105
6.93,-3.55512476452721,-0.0803773731136506,-5.59499291843232
6.9325,-3.54493584882079,-0.0803773731136506,-5.59499291843232
6.935,-3.56531368023363,-0.0803773731136506,-5.8496488945448
6.9375,-3.56021922238042,-0.0803773731136506,-5.85474201406705
6.94,-3.57550259594005,-0.0803773731136506,-5.88530073120054
6.9425,-3.56531368023363,-0.0803773731136506,-5.64083099413256
6.945,-3.550030306674,-0.0803773731136506,-5.7885314602778
6.9475,-3.56021922238042,-0.0803773731136506,-5.7885314602778
6.95,-3.56531368023363,-0.075281680307862,-5.8496488945448
6.9525,-3.56021922238042,-0.0803773731136506,-5.64592411365481
6.955,-3.56531368023363,-0.0803773731136506,-5.78343834075555
6.9575,-3.56021922238042,-0.0803773731136506,-5.78343834075555
6.96,-3.58569151164647,-0.0803773731136506,-5.63573787461031
6.9625,-3.58059705379326,-0.0803773731136506,-5.69685530887731
6.965,-3.58059705379326,-0.0803773731136506,-5.97697688260104
6.9675,-3.59078596949968,-0.0803773731136506,-5.69685530887731
6.97,-3.59078596949968,-0.0803773731136506,-5.92095256785629
6.9725,-3.58059705379326,-0.0803773731136506,-5.64083099413256
6.975,-3.60097488520611,-0.0803773731136506,-5.75287962362205
6.9775,-3.57040813808684,-0.0803773731136506,-5.61536539652132
6.98,-3.56531368023363,-0.0803773731136506,-5.8089039383668
6.9825,-3.58059705379326,-0.0803773731136506,-5.86492825311154
6.985,-3.57550259594005,-0.0803773731136506,-5.77325210171105
6.9875,-3.68758066871069,-0.0803773731136506,-5.63573787461031
6.99,-3.66210837944463,-0.0803773731136506,-5.7579727431443
6.9925,-3.62644717447216,-0.0803773731136506,-5.61027227699907
6.995,-3.62135271661895,-0.0803773731136506,-5.62045851604357
6.9975,-3.646825005885,-0.0803773731136506,-5.81399705788905
7,-3.62135271661895,-0.0803773731136506,-5.97697688260104
7.0025,-3.62644717447216,-0.0803773731136506,-5.90058008976729
7.005,-3.65701392159142,-0.0803773731136506,-5.7783452212333
7.0075,-3.65701392159142,-0.0803773731136506,-5.8190901774113
7.01,-3.62644717447216,-0.0803773731136506,-5.92604568737854
7.0125,-3.63154163232537,-0.0803773731136506,-5.87511449215604
7.015,-3.63663609017858,-0.0803773731136506,-5.8496488945448
7.0175,-3.68248621085748,-0.0803773731136506,-5.7987176993223
7.02,-3.70286404227032,-0.0803773731136506,-5.7987176993223
7.0225,-3.66210837944463,-0.0803773731136506,-5.8496488945448
7.025,-3.6926751265639,-0.0803773731136506,-5.57971355986557
7.0275,-3.70795850012353,-0.0803773731136506,-5.73250714553306
7.03,-3.72324187368316,-0.0803773731136506,-5.8190901774113
7.0325,-3.72324187368316,-0.0803773731136506,-5.82418329693355
7.035,-3.73343078938958,-0.0803773731136506,-5.7783452212333
7.0375,-3.7894698257749,-0.0803773731136506,-5.88530073120054
7.04,-3.71305295797674,-0.0803773731136506,-5.79362457980005
7.0425,-3.77418645221527,-0.0803773731136506,-5.8394626555003
7.045,-3.77418645221527,-0.0803773731136506,-5.95660440451204
7.0475,-3.7894698257749,-0.0803773731136506,-5.84455577502255
7.05,-3.80475319933453,-0.0803773731136506,-5.85474201406705
7.0525,-3.82003657289416,-0.0803773731136506,-5.88020761167829
7.055,-3.83531994645379,-0.0803773731136506,-5.82418329693355
7.0575,-3.90154789854553,-0.0803773731136506,-5.85474201406705
7.06,-3.98815368205011,-0.0803773731136506,-5.82418329693355
7.0625,-3.91683127210516,-0.0803773731136506,-5.81399705788905
7.065,-3.97287030849048,-0.0803773731136506,-5.8089039383668
7.0675,-3.96777585063727,-0.0803773731136506,-5.8089039383668
7.07,-3.97796476634369,-0.0803773731136506,-5.90567320928954
7.0725,-4.05438163414185,-0.0803773731136506,-5.90058008976729
7.075,-3.97287030849048,-0.0803773731136506,-5.91585944833404
7.0775,-3.96777585063727,-0.0803773731136506,-5.87511449215604
7.08,-4.04928717628864,-0.0803773731136506,-5.8089039383668
7.0825,-4.02381488702258,-0.0803773731136506,-5.91076632881179
7.085,-3.94739801922443,-0.0854730659194392,-5.8394626555003
7.0875,-3.94230356137122,-0.0803773731136506,-5.86492825311154
7.09,-3.93720910351801,-0.0803773731136506,-5.85474201406705
7.0925,-3.92702018781158,-0.0803773731136506,-5.86492825311154
7.095,-3.91683127210516,-0.0803773731136506,-5.8598351335893
7.0975,-3.90664235639874,-0.0803773731136506,-5.85474201406705
7.1,-3.90154789854553,-0.0803773731136506,-5.88530073120054
7.1025,-3.98815368205011,-0.0803773731136506,-5.89548697024504
7.105,-3.8862645249859,-0.0803773731136506,-5.83436953597805
7.1075,-3.87607560927948,-0.0803773731136506,-5.84455577502255
7.11,-3.87607560927948,-0.0803773731136506,-5.93113880690079
7.1125,-3.86079223571985,-0.0803773731136506,-5.86492825311154
7.115,-3.85060332001342,-0.0803773731136506,-5.8598351335893
7.1175,-3.98815368205011,-0.0803773731136506,-5.8496488945448
7.12,-3.87098115142627,-0.0803773731136506,-5.89039385072279
7.1225,-3.82003657289416,-0.0803773731136506,-5.86492825311154
7.125,-3.83022548860058,-0.0803773731136506,-5.94641816546754
7.1275,-3.79965874148132,-0.0803773731136506,-5.8496488945448
7.13,-3.79965874148132,-0.0803773731136506,-5.8190901774113
7.1325,-3.80475319933453,-0.0803773731136506,-5.79362457980005
7.135,-3.7894698257749,-0.0803773731136506,-5.94641816546754
7.1375,-3.76909199436206,-0.0803773731136506,-6.00753559973453
7.14,-3.74871416294921,-0.0803773731136506,-5.97697688260104
7.1425,-3.72324187368316,-0.0803773731136506,-5.97188376307879
7.145,-3.70795850012353,-0.0803773731136506,-5.90058008976729
7.1475,-3.68248621085748,-0.0803773731136506,-6.07374615352378
7.15,-3.66210837944463,-0.0803773731136506,-5.82418329693355
7.1525,-3.646825005885,-0.0803773731136506,-5.91076632881179
7.155,-3.61625825876574,-0.0803773731136506,-5.90058008976729
7.1575,-3.62135271661895,-0.0803773731136506,-5.92604568737854
7.16,-3.59588042735289,-0.0803773731136506,-5.89548697024504
7.1625,-3.57550259594005,-0.0803773731136506,-5.90058008976729
7.165,-3.58059705379326,-0.0803773731136506,-5.89039385072279
7.1675,-3.53474693311437,-0.0803773731136506,-5.89039385072279
7.17,-3.48889681243547,-0.0803773731136506,-5.88020761167829
7.1725,-3.47361343887584,-0.0803773731136506,-5.87002137263379
7.175,-3.45833006531621,-0.0803773731136506,-5.83436953597805
7.1775,-3.453235607463,-0.0803773731136506,-5.90567320928954
7.18,-3.45833006531621,-0.0803773731136506,-5.97697688260104
7.1825,-3.41247994463731,-0.0803773731136506,-6.07374615352378
7.185,-3.40229102893089,-0.0803773731136506,-5.97188376307879
7.1875,-3.33606307683915,-0.0803773731136506,-5.82418329693355
7.19,-3.32587416113273,-0.0803773731136506,-5.89039385072279
7.1925,-3.34115753469236,-0.0803773731136506,-5.89039385072279
7.195,-3.32587416113273,-0.0803773731136506,-5.96679064355654
7.1975,-3.30040187186668,-0.0803773731136506,-5.89548697024504
7.2,-3.25455175118779,-0.0803773731136506,-6.02281495830128
7.2025,-3.26983512474742,-0.0803773731136506,-5.80381081884455
7.205,-3.25455175118779,-0.0803773731136506,-6.01262871925678
7.2075,-3.2137960883621,-0.0803773731136506,-6.00753559973453
7.21,-3.18832379909605,-0.0803773731136506,-5.95660440451204
7.2125,-3.16285150982999,-0.0803773731136506,-5.95151128498979
7.215,-3.14247367841715,-0.0803773731136506,-5.73250714553306
7.2175,-3.08134018417863,-0.0803773731136506,-5.90567320928954
7.22,-3.06605681061899,-0.0803773731136506,-5.92604568737854
7.2225,-3.06605681061899,-0.0803773731136506,-5.95151128498979
7.225,-3.03039560564652,-0.0803773731136506,-5.91076632881179
7.2275,-2.8775618700502,-0.0803773731136506,-5.95660440451204
7.23,-2.99473440067405,-0.0803773731136506,-5.89548697024504
7.2325,-2.99982885852726,-0.0803773731136506,-5.90058008976729
7.235,-2.85208958078415,-0.0803773731136506,-5.8598351335893
7.2375,-2.85208958078415,-0.0803773731136506,-5.82418329693355
7.24,-2.81642837581167,-0.0803773731136506,-5.88530073120054
7.2425,-2.81642837581167,-0.0803773731136506,-5.88020761167829
7.245,-3.07624572632541,-0.0803773731136506,-5.93113880690079
7.2475,-3.06605681061899,-0.0803773731136506,-5.89548697024504
7.25,-3.06096235276578,-0.0803773731136506,-5.86492825311154
7.2525,-3.03549006349973,-0.0803773731136506,-5.92604568737854
7.255,-3.06096235276578,-0.0803773731136506,-5.86492825311154
7.2575,-3.05586789491257,-0.0803773731136506,-5.98716312164553
7.26,-3.08643464203184,-0.0803773731136506,-5.7885314602778
7.2625,-3.09152909988505,-0.0803773731136506,-5.82418329693355
7.265,-3.16285150982999,-0.0803773731136506,-5.8292764164558
7.2675,-3.14756813627036,-0.0803773731136506,-5.91585944833404
7.27,-3.16285150982999,-0.0803773731136506,-5.74778650409981
7.2725,-3.2137960883621,-0.075281680307862,-5.74778650409981
7.275,-3.18832379909605,-0.0803773731136506,-5.73760026505531
7.2775,-3.26983512474742,-0.0803773731136506,-5.7987176993223
7.28,-3.23926837762815,-0.0803773731136506,-5.79362457980005
7.2825,-3.23926837762815,-0.0803773731136506,-5.7579727431443
7.285,-3.23417391977494,-0.075281680307862,-5.74778650409981
7.2875,-3.23417391977494,-0.0803773731136506,-5.74778650409981
7.29,-3.25455175118779,-0.075281680307862,-0.10461007344729
7.2925,-3.26474066689421,-0.0803773731136506,-5.90058008976729
7.295,-3.32077970327952,-0.0803773731136506,-6.01262871925678
7.2975,-3.28002404045384,-0.0803773731136506,-6.01772183877903
7.3,-3.3105907875731,-0.0803773731136506,-5.94641816546754
7.3025,-3.30549632971989,-0.0803773731136506,-5.98716312164553
7.305,-3.30549632971989,-0.0803773731136506,-5.96679064355654
7.3075,-0.0959878821972175,-0.0803773731136506,-5.91585944833404
7.31,-3.38191319751805,-0.0803773731136506,-5.70194842839956
7.3125,-3.42776331819694,-0.0803773731136506,-5.86492825311154
7.315,-3.44304669175658,-0.0803773731136506,-5.8292764164558
7.3175,-3.45833006531621,-0.0803773731136506,-5.84455577502255
7.32,-3.52965247526116,-0.0803773731136506,-5.82418329693355
7.3225,-3.5041801859951,-0.0803773731136506,-5.8598351335893
7.325,-3.46342452316942,-0.0803773731136506,-5.97188376307879
7.3275,-3.45833006531621,-0.0803773731136506,-5.94641816546754
7.33,-3.46342452316942,-0.0803773731136506,-5.8496488945448
7.3325,-3.550030306674,-0.0803773731136506,-5.84455577502255
7.335,-3.53474693311437,-0.0803773731136506,-5.8394626555003
7.3375,-3.49908572814189,-0.0803773731136506,-5.88020761167829
7.34,-3.52455801740795,-0.0803773731136506,-5.88020761167829
7.3425,-3.52455801740795,-0.0803773731136506,-5.90567320928954
7.345,-3.52965247526116,-0.0803773731136506,-5.8394626555003
7.3475,-3.53984139096758,-0.0803773731136506,-5.87002137263379
7.35,-3.550030306674,-0.0803773731136506,-5.7987176993223
7.3525,-3.56021922238042,-0.0803773731136506,-5.96169752403429
7.355,-3.56531368023363,-0.0803773731136506,-5.76306586266655
7.3575,-3.57550259594005,-0.0803773731136506,-5.94132504594529
7.36,-3.57550259594005,-0.0803773731136506,-5.93113880690079
7.3625,-3.60097488520611,-0.0803773731136506,-5.98207000212328
7.365,-3.62644717447216,-0.0803773731136506,-5.8394626555003
7.3675,-3.63154163232537,-0.0803773731136506,-5.8496488945448
7.37,-3.61625825876574,-0.0803773731136506,-5.86492825311154
7.3725,-3.62135271661895,-0.0803773731136506,-6.07883927304603
7.375,-3.60097488520611,-0.0803773731136506,-5.7987176993223
7.3775,-3.59078596949968,-0.0803773731136506,-5.8598351335893
7.38,-3.63154163232537,-0.0803773731136506,-5.98716312164553
7.3825,-3.64173054803179,-0.0803773731136506,-5.98716312164553
7.385,-3.63663609017858,-0.0803773731136506,-5.90058008976729
7.3875,-3.62135271661895,-0.0803773731136506,-5.92604568737854
7.39,-3.646825005885,-0.0803773731136506,-5.93113880690079
7.3925,-3.65191946373821,-0.0803773731136506,-5.8598351335893
7.395,-3.65191946373821,-0.0803773731136506,-5.88020761167829
7.3975,-3.65191946373821,-0.0803773731136506,-5.83436953597805
7.4,-3.66210837944463,-0.0803773731136506,-5.8292764164558
7.4025,-3.67229729515105,-0.0803773731136506,-5.7783452212333
7.405,-3.75380862080242,-0.0803773731136506,-5.8292764164558
7.4075,-3.77928091006848,-0.0803773731136506,-5.85474201406705
7.41,-3.73343078938958,-0.0803773731136506,-5.92095256785629
7.4125,-3.72833633153637,-0.0803773731136506,-5.84455577502255
7.415,-3.72833633153637,-0.0803773731136506,-6.00244248021228
7.4175,-3.72833633153637,-0.0803773731136506,-5.87511449215604
7.42,-3.73343078938958,-0.0803773731136506,-5.91585944833404
7.4225,-3.743619705096,-0.0803773731136506,-5.76306586266655
7.425,-3.72833633153637,-0.0854730659194392,-5.76306586266655
7.4275,-3.75380862080242,-0.0803773731136506,-5.88530073120054
7.43,-3.76399753650884,-0.0803773731136506,-5.82418329693355
7.4325,-3.69776958441711,-0.0803773731136506,-5.80381081884455
7.435,-3.69776958441711,-0.0803773731136506,-5.85474201406705
7.4375,-3.69776958441711,-0.0803773731136506,-5.85474201406705
7.44,-3.69776958441711,-0.075281680307862,-5.82418329693355
7.4425,-3.71814741582995,-0.0803773731136506,-5.7783452212333
7.445,-3.72324187368316,-0.0803773731136506,-5.8598351335893
7.4475,-3.68248621085748,-0.0803773731136506,-5.88530073120054
7.45,-3.6926751265639,-0.0803773731136506,-5.79362457980005
7.4525,-3.69776958441711,-0.0803773731136506,-5.84455577502255
7.455,-3.70795850012353,-0.0803773731136506,-5.96169752403429
7.4575,-3.73343078938958,-0.0803773731136506,-6.12467734874627
7.46,-3.75380862080242,-0.0803773731136506,-5.8292764164558
7.4625,-3.70795850012353,-0.0803773731136506,-5.84455577502255
7.465,-3.72324187368316,-0.0803773731136506,-5.95660440451204
7.4675,-3.72324187368316,-0.0803773731136506,-5.88530073120054
7.47,-3.69776958441711,-0.0803773731136506,-5.8598351335893
7.4725,-3.67229729515105,-0.0803773731136506,-5.78343834075555
7.475,-3.66210837944463,-0.0803773731136506,-5.8292764164558
7.4775,-3.646825005885,-0.0803773731136506,-5.86492825311154
7.48,-3.58569151164647,-0.0803773731136506,-6.00244248021228
7.4825,-3.59588042735289,-0.0803773731136506,-5.88020761167829
7.485,-3.57550259594005,-0.0803773731136506,-5.98716312164553
7.4875,-3.52455801740795,-0.0803773731136506,-5.89039385072279
7.49,-3.53474693311437,-0.0803773731136506,-5.94132504594529
7.4925,-3.45833006531621,-0.0803773731136506,-5.87002137263379
7.495,-3.49908572814189,-0.0803773731136506,-5.96679064355654
7.4975,-3.43285777605016,-0.0803773731136506,-5.8598351335893
7.5,-3.41757440249052,-0.0803773731136506,-5.8598351335893
7.5025,-3.48889681243547,-0.0803773731136506,-5.84455577502255
7.505,-3.36153536610521,-0.0803773731136506,-6.03300119734578
7.5075,-3.356440908252,-0.0803773731136506,-5.82418329693355
7.51,-3.34625199254558,-0.0803773731136506,-5.81399705788905
7.5125,-3.356440908252,-0.0803773731136506,-6.02790807782353
7.515,-3.34115753469236,-0.0803773731136506,-5.7987176993223
7.5175,-3.32587416113273,-0.0803773731136506,-5.97188376307879
7.52,-3.32587416113273,-0.0803773731136506,-5.97697688260104
7.5225,-3.33606307683915,-0.075281680307862,-5.93623192642304
7.525,-3.34115753469236,-0.0803773731136506,-5.88530073120054
7.5275,-3.30549632971989,-0.0803773731136506,-5.87511449215604
7.53,-3.35134645039879,-0.0803773731136506,-5.88530073120054
7.5325,-3.33096861898594,-0.0803773731136506,-5.90567320928954
7.535,-3.31568524542631,-0.0803773731136506,-5.94132504594529
7.5375,-3.32077970327952,-0.0803773731136506,-5.99734936069003
7.54,-3.37172428181163,-0.0803773731136506,-5.96169752403429
7.5425,-3.32077970327952,-0.0803773731136506,-5.98716312164553
7.545,-3.32077970327952,-0.0803773731136506,-5.83436953597805
7.5475,-3.34625199254558,-0.0803773731136506,-5.82418329693355
7.55,-3.38191319751805,-0.0803773731136506,-5.82418329693355
7.5525,-3.3105907875731,-0.075281680307862,-6.01772183877903
7.555,-3.33606307683915,-0.075281680307862,-5.91585944833404
7.5575,-3.32077970327952,-0.0803773731136506,-5.99225624116778
7.56,-3.29021295616026,-0.0803773731136506,-5.7885314602778
7.5625,-3.30549632971989,-0.0803773731136506,-5.90058008976729
7.565,-3.30040187186668,-0.0803773731136506,-5.94641816546754
7.5675,-3.27492958260063,-0.0803773731136506,-5.82418329693355
7.57,-3.27492958260063,-0.0803773731136506,-5.86492825311154
7.5725,-3.27492958260063,-0.0803773731136506,-5.89548697024504
7.575,-3.28002404045384,-0.0803773731136506,-5.8394626555003
7.5775,-3.29530741401347,-0.0803773731136506,-5.94641816546754
7.58,-3.28002404045384,-0.0803773731136506,-5.81399705788905
7.5825,-3.27492958260063,-0.0803773731136506,-5.88020761167829
7.585,-3.27492958260063,-0.0803773731136506,-5.90058008976729
7.5875,-0.106176797903638,-0.0803773731136506,-5.89039385072279
7.59,-0.0959878821972175,-0.0803773731136506,-5.88020761167829
7.5925,-0.0959878821972175,-0.0803773731136506,-5.87002137263379
7.595,-0.0959878821972175,-0.0803773731136506,-5.86492825311154
7.5975,-0.0908934243440065,-0.0803773731136506,-6.00753559973453
7.6,-0.0908934243440065,-0.0803773731136506,-6.02281495830128
7.6025,-0.0959878821972175,-0.0803773731136506,-5.82418329693355
7.605,-3.39719657107768,-0.0803773731136506,-5.92604568737854
7.6075,-3.37172428181163,-0.0803773731136506,-5.99734936069003
7.61,-3.39210211322447,-0.0803773731136506,-5.95660440451204
7.6125,-3.36662982395842,-0.0803773731136506,-5.98716312164553
7.615,-3.34625199254558,-0.0803773731136506,-5.98716312164553
7.6175,-3.35134645039879,-0.0803773731136506,-5.97188376307879
7.62,-3.42266886034373,-0.0803773731136506,-5.88530073120054
7.6225,-3.47870789672905,-0.0803773731136506,-5.98207000212328
7.625,-3.47361343887584,-0.0803773731136506,-5.98716312164553
7.6275,-3.46851898102263,-0.0803773731136506,-6.03300119734578
7.63,-0.11636571361006,-0.0803773731136506,-5.96679064355654
7.6325,-0.0959878821972175,-0.0803773731136506,-6.04828055591253
7.635,-0.0959878821972175,-0.0803773731136506,-6.02281495830128
7.6375,-3.45833006531621,-0.0803773731136506,-5.92095256785629
7.64,-3.46342452316942,-0.0803773731136506,-5.99734936069003
7.6425,-3.44304669175658,-0.0803773731136506,-5.93623192642304
7.645,-3.453235607463,-0.0803773731136506,-5.90567320928954
7.6475,-3.41757440249052,-0.0803773731136506,-5.95660440451204
7.65,-3.42266886034373,-0.0803773731136506,-5.96679064355654
7.6525,-3.453235607463,-0.0803773731136506,-5.99225624116778
7.655,-3.44814114960979,-0.0803773731136506,-5.95660440451204
7.6575,-3.43795223390337,-0.0803773731136506,-5.95660440451204
7.66,-3.52965247526116,-0.0803773731136506,-5.92604568737854
7.6625,-3.49908572814189,-0.0803773731136506,-6.00753559973453
7.665,-3.50927464384831,-0.0803773731136506,-5.92604568737854
7.6675,-3.44304669175658,-0.0803773731136506,-5.93623192642304
7.67,-3.51946355955474,-0.0803773731136506,-5.88020761167829
7.6725,-3.51436910170153,-0.0803773731136506,-5.90058008976729
7.675,-3.50927464384831,-0.0803773731136506,-5.86492825311154
7.6775,-3.42266886034373,-0.0803773731136506,-5.8598351335893
7.68,-3.42776331819694,-0.0803773731136506,-5.89548697024504
7.6825,-3.42266886034373,-0.0803773731136506,-5.94641816546754
7.685,-3.51436910170153,-0.0803773731136506,-5.81399705788905
7.6875,-3.41757440249052,-0.0803773731136506,-5.8496488945448
7.69,-3.52965247526116,-0.0803773731136506,-5.96169752403429
7.6925,-3.52455801740795,-0.0803773731136506,-5.95151128498979
7.695,-3.46851898102263,-0.0803773731136506,-5.87511449215604
7.6975,-3.45833006531621,-0.0803773731136506,-5.89548697024504
7.7,-3.44814114960979,-0.0803773731136506,-5.90058008976729
7.7025,-3.41757440249052,-0.0803773731136506,-5.90058008976729
7.705,-3.42776331819694,-0.0803773731136506,-5.93113880690079
7.7075,-3.41757440249052,-0.0803773731136506,-5.99734936069003
7.71,-3.38700765537126,-0.0803773731136506,-5.90058008976729
7.7125,-3.41247994463731,-0.0803773731136506,-5.8598351335893
7.715,-3.356440908252,-0.0803773731136506,-5.83436953597805
7.7175,-3.32077970327952,-0.0803773731136506,-5.8598351335893
7.72,-3.33606307683915,-0.0803773731136506,-5.87002137263379
7.7225,-3.33606307683915,-0.0803773731136506,-5.84455577502255
7.725,-3.32077970327952,-0.0803773731136506,-5.8190901774113
7.7275,-3.29021295616026,-0.0803773731136506,-5.8394626555003
7.73,-3.28002404045384,-0.0803773731136506,-5.83436953597805
7.7325,-3.39719657107768,-0.0803773731136506,-5.82418329693355
7.735,-3.38191319751805,-0.0803773731136506,-5.8598351335893
7.7375,-3.33096861898594,-0.0803773731136506,-5.85474201406705
7.74,-3.31568524542631,-0.0803773731136506,-5.8598351335893
7.7425,-3.31568524542631,-0.0803773731136506,-5.8292764164558
7.745,-3.31568524542631,-0.0803773731136506,-5.80381081884455
7.7475,-3.48889681243547,-0.0803773731136506,-5.85474201406705
7.75,-3.5041801859951,-0.0803773731136506,-5.7681589821888
7.7525,-3.48889681243547,-0.0803773731136506,-5.81399705788905
7.755,-3.43795223390337,-0.0803773731136506,-5.82418329693355
7.7575,-3.39719657107768,-0.0803773731136506,-5.8394626555003
7.76,-3.43285777605016,-0.0803773731136506,-5.8496488945448
7.7625,-3.42266886034373,-0.0803773731136506,-5.82418329693355
7.765,-3.40229102893089,-0.0803773731136506,-5.85474201406705
7.7675,-3.39210211322447,-0.0803773731136506,-5.81399705788905
7.77,-3.38191319751805,-0.0803773731136506,-5.77325210171105
7.7725,-3.37172428181163,-0.0803773731136506,-5.87002137263379
7.775,-3.36153536610521,-0.0803773731136506,-5.73760026505531
7.7775,-3.33606307683915,-0.0803773731136506,-5.7579727431443
7.78,-3.33606307683915,-0.0803773731136506,-5.91076632881179
7.7825,-3.33606307683915,-0.0803773731136506,-5.87002137263379
7.785,-3.31568524542631,-0.0803773731136506,-5.95151128498979
7.7875,-3.30549632971989,-0.0803773731136506,-5.7579727431443
7.79,-3.33096861898594,-0.0803773731136506,-5.8394626555003
7.7925,-3.29021295616026,-0.0803773731136506,-5.8496488945448
7.795,-3.36153536610521,-0.0803773731136506,-5.75287962362205
7.7975,-3.26474066689421,-0.0803773731136506,-5.80381081884455
7.8,-3.24945729333457,-0.0803773731136506,-5.78343834075555
7.8025,-3.23417391977494,-0.0803773731136506,-5.78343834075555
7.805,-3.23417391977494,-0.0803773731136506,-5.74269338457756
7.8075,-3.24436283548136,-0.0803773731136506,-5.8598351335893
7.81,-3.24436283548136,-0.0803773731136506,-5.8089039383668
7.8125,-3.2137960883621,-0.075281680307862,-5.71722778696631
7.815,-3.18832379909605,-0.0803773731136506,-5.7885314602778
7.8175,-3.16285150982999,-0.0803773731136506,-5.82418329693355
7.82,-3.20360717265568,-0.0803773731136506,-5.77325210171105
7.8225,-3.18832379909605,-0.075281680307862,-5.71722778696631
7.825,-3.13228476271073,-0.0803773731136506,-5.72232090648856
7.8275,-3.16794596768321,-0.075281680307862,-5.70704154792181
7.83,-3.13228476271073,-0.0803773731136506,-5.7681589821888
7.8325,-3.12209584700431,-0.0803773731136506,-5.73250714553306
7.835,-3.1170013891511,-0.0803773731136506,-5.72741402601081
7.8375,-3.1170013891511,-0.0803773731136506,-5.71213466744406
7.84,-3.17304042553642,-0.0803773731136506,-5.66629659174381
7.8425,-3.14756813627036,-0.0803773731136506,-5.72741402601081
7.845,-3.15775705197678,-0.0803773731136506,-5.90058008976729
7.8475,-3.13228476271073,-0.0803773731136506,-5.68666906983281
7.85,-3.12209584700431,-0.0803773731136506,-5.61536539652132
7.8525,-3.15266259412357,-0.0803773731136506,-5.8394626555003
7.855,-3.15775705197678,-0.0803773731136506,-5.78343834075555
7.8575,-3.12719030485752,-0.0803773731136506,-5.7987176993223
7.86,-3.09152909988505,-0.0803773731136506,-5.77325210171105
7.8625,-3.09662355773826,-0.0803773731136506,-5.74778650409981
7.865,-3.13737922056394,-0.0803773731136506,-5.62045851604357
7.8675,-3.12719030485752,-0.0803773731136506,-5.66629659174381
7.87,-3.13737922056394,-0.0803773731136506,-5.73250714553306
7.8725,-3.09662355773826,-0.0803773731136506,-5.8190901774113
7.875,-3.09662355773826,-0.0803773731136506,-5.7783452212333
7.8775,-3.14756813627036,-0.0803773731136506,-5.69685530887731
7.88,-3.15266259412357,-0.0803773731136506,-5.7885314602778
7.8825,-3.259646209041,-0.0803773731136506,-5.80381081884455
7.885,-3.20870163050889,-0.0854730659194392,-5.75287962362205
7.8875,-3.19851271480247,-0.0803773731136506,-5.71722778696631
7.89,-3.26983512474742,-0.0803773731136506,-5.69176218935506
7.8925,-3.23926837762815,-0.0803773731136506,-5.74269338457756
7.895,-3.18832379909605,-0.0803773731136506,-5.73250714553306
7.8975,-3.23417391977494,-0.0803773731136506,-5.7579727431443
7.9,-3.22398500406852,-0.075281680307862,-5.7987176993223
7.9025,-3.19341825694926,-0.0803773731136506,-5.71213466744406
7.905,-3.18322934124284,-0.0803773731136506,-5.73250714553306
7.9075,-3.3105907875731,-0.0803773731136506,-5.71722778696631
7.91,-3.29530741401347,-0.0803773731136506,-5.68157595031056
7.9125,-3.259646209041,-0.0803773731136506,-5.70194842839956
7.915,-3.28002404045384,-0.0803773731136506,-5.72232090648856
7.9175,-3.37681873966484,-0.0803773731136506,-5.65611035269931
7.92,-3.24436283548136,-0.0803773731136506,-5.74269338457756
7.9225,-3.34115753469236,-0.0803773731136506,-5.69176218935506
7.925,-3.34625199254558,-0.0803773731136506,-5.63573787461031
7.9275,-3.36662982395842,-0.0803773731136506,-5.62555163556582
7.93,-3.33096861898594,-0.0803773731136506,-5.57971355986557
7.9325,-3.30040187186668,-0.0803773731136506,-5.74778650409981
7.935,-3.29530741401347,-0.0803773731136506,-5.60517915747682
7.9375,-3.36153536610521,-0.0803773731136506,-5.69685530887731
7.94,-3.30549632971989,-0.0803773731136506,-5.61027227699907
7.9425,-3.33606307683915,-0.0803773731136506,-5.61027227699907
7.945,-3.27492958260063,-0.0803773731136506,-5.62045851604357
7.9475,-3.3105907875731,-0.0803773731136506,-5.70704154792181
7.95,-3.31568524542631,-0.0803773731136506,-5.70194842839956
7.9525,-3.30040187186668,-0.0803773731136506,-5.61536539652132
7.955,-3.32077970327952,-0.0803773731136506,-5.89548697024504
7.9575,-3.28002404045384,-0.0803773731136506,-5.90058008976729
7.96,-3.27492958260063,-0.0803773731136506,-5.70704154792181
7.9625,-3.26983512474742,-0.0803773731136506,-5.71722778696631
7.965,-3.26474066689421,-0.0803773731136506,-5.70194842839956
7.9675,-3.26474066689421,-0.0803773731136506,-5.7885314602778
7.97,-3.26474066689421,-0.0803773731136506,-5.68157595031056
7.9725,-3.5041801859951,-0.0803773731136506,-5.68157595031056
7.975,-3.5041801859951,-0.0803773731136506,-5.64083099413256
7.9775,-3.49908572814189,-0.0803773731136506,-5.68666906983281
7.98,-0.0959878821972175,-0.0803773731136506,-5.72741402601081
7.9825,-0.0959878821972175,-0.0803773731136506,-5.79362457980005
7.985,-0.0959878821972175,-0.0803773731136506,-5.63064475508807
7.9875,-3.56021922238042,-0.0803773731136506,-5.73760026505531
7.99,-3.55512476452721,-0.0803773731136506,-5.74269338457756
7.9925,-3.55512476452721,-0.0803773731136506,-5.61536539652132
7.995,-0.0959878821972175,-0.0803773731136506,-5.63573787461031
7.9975,-3.54493584882079,-0.0803773731136506,-5.62045851604357
8,-3.57040813808684,-0.0803773731136506,-5.73760026505531
8.0025,-3.62644717447216,-0.0803773731136506,-5.61536539652132
8.005,-3.61625825876574,-0.0803773731136506,-5.61027227699907
8.0075,-3.63663609017858,-0.0803773731136506,-5.60517915747682
8.01,-3.63154163232537,-0.0803773731136506,-5.7783452212333
8.0125,-3.65191946373821,-0.0803773731136506,-5.7681589821888
8.015,-3.65191946373821,-0.0803773731136506,-5.73250714553306
8.0175,-3.66210837944463,-0.0803773731136506,-5.70194842839956
8.02,-3.63154163232537,-0.0803773731136506,-5.70194842839956
8.0225,-3.63154163232537,-0.0803773731136506,-5.65611035269931
8.025,-3.61625825876574,-0.0803773731136506,-5.62555163556582
8.0275,-3.62644717447216,-0.0803773731136506,-5.94641816546754
8.03,-3.62644717447216,-0.0803773731136506,-5.89548697024504
8.0325,-3.61625825876574,-0.0803773731136506,-5.69176218935506
8.035,-3.67739175300426,-0.0803773731136506,-5.73760026505531
8.0375,-3.67229729515105,-0.0803773731136506,-5.77325210171105
8.04,-3.67229729515105,-0.0803773731136506,-5.69685530887731
8.0425,-3.68248621085748,-0.0803773731136506,-5.69685530887731
8.045,-3.68248621085748,-0.0803773731136506,-5.77325210171105
8.0475,-3.71814741582995,-0.0803773731136506,-5.69685530887731
8.05,-3.65191946373821,-0.0803773731136506,-5.68666906983281
8.0525,-3.64173054803179,-0.0803773731136506,-5.73250714553306
8.055,-3.61625825876574,-0.0803773731136506,-5.60517915747682
8.0575,-3.61116380091253,-0.0803773731136506,-5.68666906983281
8.06,-3.61116380091253,-0.075281680307862,-5.85474201406705
8.0625,-3.62135271661895,-0.0803773731136506,-5.8292764164558
8.065,-3.59588042735289,-0.0803773731136506,-5.63573787461031
8.0675,-3.58569151164647,-0.0803773731136506,-5.64083099413256
8.07,-3.55512476452721,-0.0803773731136506,-5.7681589821888
8.0725,-3.550030306674,-0.0803773731136506,-5.60517915747682
8.075,-3.58059705379326,-0.0803773731136506,-5.53387548416532
8.0775,-3.55512476452721,-0.0803773731136506,-5.71213466744406
8.08,-3.57040813808684,-0.0803773731136506,-5.70704154792181
8.0825,-3.57550259594005,-0.0803773731136506,-5.52368924512082
8.085,-3.59588042735289,-0.0803773731136506,-5.23847455187485
8.0875,-3.58059705379326,-0.0803773731136506,-5.67648283078831
8.09,-3.57040813808684,-0.0803773731136506,-5.66629659174381
8.0925,-3.58569151164647,-0.0803773731136506,-5.53896860368757
8.095,-3.58569151164647,-0.0854730659194392,-5.66120347222156
8.0975,-3.56531368023363,-0.0803773731136506,-5.61536539652132
8.1,-3.56531368023363,-0.0803773731136506,-5.67648283078831
8.1025,-3.58569151164647,-0.0803773731136506,-5.52368924512082
8.105,-3.59078596949968,-0.0803773731136506,-5.61536539652132
8.1075,-3.58569151164647,-0.0803773731136506,-5.60517915747682
8.11,-3.57550259594005,-0.0803773731136506,-5.61536539652132
8.1125,-3.57040813808684,-0.0803773731136506,-5.46766493037608
8.115,-3.56531368023363,-0.0803773731136506,-5.55934108177657
8.1175,-3.79456428362811,-0.0803773731136506,-5.69685530887731
8.12,-3.77928091006848,-0.0803773731136506,-5.70704154792181
8.1225,-3.73852524724279,-0.0803773731136506,-5.49313052798733
8.125,-3.77928091006848,-0.0803773731136506,-5.48803740846508
8.1275,-3.81494211504095,-0.0803773731136506,-5.49313052798733
8.13,-3.70286404227032,-0.0803773731136506,-0.10461007344729
8.1325,-3.6926751265639,-0.0803773731136506,-5.28431262757509
8.135,-3.68758066871069,-0.0803773731136506,-5.32505758375309
8.1375,-3.72833633153637,-0.0803773731136506,-5.33524382279759
8.14,-3.66210837944463,-0.0803773731136506,-5.62555163556582
8.1425,-3.63663609017858,-0.0803773731136506,-5.2028227152191
8.145,-3.65701392159142,-0.0803773731136506,-5.49822364750958
8.1475,-3.646825005885,-0.0803773731136506,-5.53387548416532
8.15,-3.61625825876574,-0.0803773731136506,-5.52368924512082
8.1525,-3.60097488520611,-0.0803773731136506,-5.64592411365481
8.155,-3.59588042735289,-0.0803773731136506,-5.63573787461031
8.1575,-3.58569151164647,-0.0803773731136506,-5.7579727431443
8.16,-3.59078596949968,-0.0803773731136506,-5.56952732082107
8.1625,-3.58059705379326,-0.0803773731136506,-5.62045851604357
8.165,-3.57040813808684,-0.0803773731136506,-5.68666906983281
8.1675,-3.55512476452721,-0.0803773731136506,-5.71213466744406
8.17,-3.57550259594005,-0.0803773731136506,-5.66120347222156
8.1725,-3.53984139096758,-0.0803773731136506,-5.58989979891007
8.175,-3.53984139096758,-0.0803773731136506,-5.61027227699907
8.1775,-3.53984139096758,-0.0803773731136506,-5.66629659174381
8.18,-3.52455801740795,-0.0803773731136506,-5.57462044034332
8.1825,-3.52455801740795,-0.0803773731136506,-5.38108189849784
8.185,-3.51436910170153,-0.0803773731136506,-5.38617501802009
8.1875,-3.50927464384831,-0.0803773731136506,-5.50331676703183
8.19,-3.50927464384831,-0.0803773731136506,-5.32505758375309
8.1925,-3.5041801859951,-0.0803773731136506,-5.24866079091935
8.195,-3.49908572814189,-0.0803773731136506,-5.60008603795457
8.1975,-3.49908572814189,-0.0803773731136506,-5.23847455187485
8.2,-3.49399127028868,-0.0803773731136506,-5.2435676713971
8.2025,-3.49399127028868,-0.0803773731136506,-5.57462044034332
8.205,-3.51436910170153,-0.0803773731136506,-5.66629659174381
8.2075,-3.50927464384831,-0.0803773731136506,-5.67138971126606
8.21,-3.52965247526116,-0.0803773731136506,-5.56443420129882
8.2125,-3.54493584882079,-0.0803773731136506,-5.60008603795457
8.215,-3.52455801740795,-0.075281680307862,-5.1926364761746
8.2175,-3.53474693311437,-0.0803773731136506,-5.45747869133158
8.22,-3.49908572814189,-0.0803773731136506,-5.63573787461031
8.2225,-3.50927464384831,-0.0803773731136506,-5.64083099413256
8.225,-3.51436910170153,-0.0803773731136506,-5.15189151999661
8.2275,-3.48380235458226,-0.0803773731136506,-5.33524382279759
8.23,-3.47870789672905,-0.0803773731136506,-5.2130089542636
8.2325,-3.51436910170153,-0.0803773731136506,-5.21810207378585
8.235,-3.48380235458226,-0.0803773731136506,-5.57971355986557
8.2375,-3.47361343887584,-0.0803773731136506,-5.2333814323526
8.24,-3.46851898102263,-0.0803773731136506,-5.22828831283035
8.2425,-3.46851898102263,-0.0803773731136506,-5.1926364761746
8.245,-3.48380235458226,-0.0803773731136506,-5.60008603795457
8.2475,-3.5041801859951,-0.0803773731136506,-5.63064475508807
8.25,-3.47361343887584,-0.0803773731136506,-5.64083099413256
8.2525,-3.47361343887584,-0.0803773731136506,-5.57462044034332
8.255,-3.46342452316942,-0.0803773731136506,-5.33015070327534
8.2575,-3.44304669175658,-0.0803773731136506,-5.30977822518634
8.26,-3.46851898102263,-0.0803773731136506,-5.22828831283035
8.2625,-3.53474693311437,-0.0803773731136506,-5.2741263885306
8.265,-3.5041801859951,-0.0803773731136506,-5.28940574709734
8.2675,-3.49908572814189,-0.0803773731136506,-5.57971355986557
8.27,-3.49399127028868,-0.0803773731136506,-5.24866079091935
8.2725,-3.49908572814189,-0.0803773731136506,-5.62045851604357
8.275,-3.49399127028868,-0.0803773731136506,-5.28940574709734
8.2775,-3.49908572814189,-0.0803773731136506,-5.74778650409981
8.28,-3.51436910170153,-0.0803773731136506,-5.2537539104416
8.2825,-3.550030306674,-0.0803773731136506,-5.34033694231984
8.285,-3.52455801740795,-0.0803773731136506,-5.30468510566409
8.2875,-3.53984139096758,-0.0803773731136506,-5.2639401494861
8.29,-3.55512476452721,-0.0803773731136506,-5.34543006184209
8.2925,-3.58059705379326,-0.0803773731136506,-5.34033694231984
8.295,-3.50927464384831,-0.0803773731136506,-5.26903326900835
8.2975,-3.51436910170153,-0.0803773731136506,-5.2537539104416
8.3,-3.58569151164647,-0.0803773731136506,-5.28940574709734
8.3025,-3.57550259594005,-0.0803773731136506,-5.76306586266655
8.305,-3.58569151164647,-0.0803773731136506,-5.2435676713971
8.3075,-3.56531368023363,-0.0803773731136506,-5.23847455187485
8.31,-3.56021922238042,-0.0803773731136506,-5.80381081884455
8.3125,-3.65191946373821,-0.0803773731136506,-5.2639401494861
8.315,-3.61625825876574,-0.0803773731136506,-5.25884702996385
8.3175,-3.59078596949968,-0.0803773731136506,-5.2639401494861
8.32,-3.59078596949968,-0.0803773731136506,-0.10970319296954
8.3225,-3.59078596949968,-0.0803773731136506,-0.10461007344729
8.325,-3.66210837944463,-0.0803773731136506,-0.0995169539250416
8.3275,-3.62644717447216,-0.0803773731136506,-5.19772959569685
8.33,-3.62135271661895,-0.0803773731136506,-5.60517915747682
8.3325,-3.63154163232537,-0.0803773731136506,-5.65101723317706
8.335,-3.62135271661895,-0.0803773731136506,-5.60517915747682
8.3375,-3.61625825876574,-0.0803773731136506,-5.31996446423084
8.34,-3.62135271661895,-0.0803773731136506,-5.2028227152191
8.3425,-3.62644717447216,-0.0803773731136506,-5.2639401494861
8.345,-3.63154163232537,-0.0803773731136506,-5.65101723317706
8.3475,-3.61625825876574,-0.0803773731136506,-5.62555163556582
8.35,-3.62644717447216,-0.0803773731136506,-5.2130089542636
8.3525,-3.62135271661895,-0.0803773731136506,-5.55934108177657
8.355,-3.62135271661895,-0.0803773731136506,-5.57462044034332
8.3575,-3.646825005885,-0.0803773731136506,-5.61027227699907
8.36,-3.64173054803179,-0.0803773731136506,-5.50331676703183
8.3625,-3.60097488520611,-0.0803773731136506,-5.62045851604357
8.365,-3.646825005885,-0.0803773731136506,-5.60517915747682
8.3675,-3.64173054803179,-0.0803773731136506,-5.48803740846508
8.37,-3.63154163232537,-0.0803773731136506,-5.58480667938782
8.3725,-3.60097488520611,-0.0803773731136506,-5.57971355986557
8.375,-3.59078596949968,-0.0803773731136506,-5.57462044034332
8.3775,-3.59078596949968,-0.0803773731136506,-5.39126813754234
8.38,-3.59078596949968,-0.0803773731136506,-5.63064475508807
8.3825,-3.58569151164647,-0.0803773731136506,-5.62045851604357
8.385,-3.58569151164647,-0.0803773731136506,-5.62555163556582
8.3875,-3.58569151164647,-0.0803773731136506,-5.50331676703183
8.39,-3.58569151164647,-0.0803773731136506,-5.50840988655408
8.3925,-3.58569151164647,-0.0803773731136506,-5.49822364750958
8.395,-3.58059705379326,-0.0803773731136506,-5.56952732082107
8.3975,-3.58569151164647,-0.0803773731136506,-5.43710621324258
8.4,-3.58569151164647,-0.0803773731136506,-5.69685530887731
8.4025,-3.58569151164647,-0.0803773731136506,-5.55934108177657
8.405,-3.550030306674,-0.0803773731136506,-5.56952732082107
8.4075,-3.57040813808684,-0.0803773731136506,-5.59499291843232
8.41,-3.58569151164647,-0.0803773731136506,-5.60008603795457
8.4125,-3.59588042735289,-0.0803773731136506,-5.62045851604357
8.415,-3.56531368023363,-0.0803773731136506,-5.67138971126606
8.4175,-3.56021922238042,-0.0803773731136506,-5.62555163556582
8.42,-3.55512476452721,-0.0803773731136506,-5.63064475508807
8.4225,-3.54493584882079,-0.0803773731136506,-5.65101723317706
8.425,-3.53474693311437,-0.0803773731136506,-5.67648283078831
8.4275,-3.53474693311437,-0.0803773731136506,-5.61027227699907
8.43,-3.52965247526116,-0.0803773731136506,-5.56443420129882
8.4325,-3.52455801740795,-0.0803773731136506,-5.52368924512082
8.435,-3.51946355955474,-0.0803773731136506,-5.71213466744406
8.4375,-3.51436910170153,-0.0803773731136506,-5.74778650409981
8.44,-3.51436910170153,-0.0803773731136506,-5.63573787461031
8.4425,-3.53474693311437,-0.0803773731136506,-5.72232090648856
8.445,-3.51946355955474,-0.0803773731136506,-5.68157595031056
8.4475,-3.5041801859951,-0.075281680307862,-5.68666906983281
8.45,-3.49908572814189,-0.0803773731136506,-5.67138971126606
8.4525,-3.47870789672905,-0.0803773731136506,-5.70194842839956
8.455,-3.47361343887584,-0.0803773731136506,-5.72232090648856
8.4575,-3.46342452316942,-0.0803773731136506,-5.73760026505531
8.46,-3.45833006531621,-0.0803773731136506,-5.68157595031056
8.4625,-3.44304669175658,-0.0803773731136506,-5.68666906983281
8.465,-3.43285777605016,-0.0803773731136506,-5.70704154792181
8.4675,-3.42266886034373,-0.0803773731136506,-5.73760026505531
8.47,-3.42266886034373,-0.0803773731136506,-5.71722778696631
8.4725,-3.41247994463731,-0.0803773731136506,-5.70194842839956
8.475,-3.4073854867841,-0.0803773731136506,-5.73250714553306
8.4775,-3.39719657107768,-0.0803773731136506,-5.7783452212333
8.48,-3.39210211322447,-0.0803773731136506,-5.7579727431443
8.4825,-3.42266886034373,-0.0803773731136506,-5.79362457980005
8.485,-3.39719657107768,-0.075281680307862,-5.76306586266655
8.4875,-3.39210211322447,-0.0803773731136506,-5.73250714553306
8.49,-3.42266886034373,-0.0803773731136506,-5.73760026505531
8.4925,-3.39719657107768,-0.0803773731136506,-5.76306586266655
8.495,-3.39719657107768,-0.0803773731136506,-5.7885314602778
8.4975,-3.44814114960979,-0.0803773731136506,-5.7681589821888
8.5,-3.43795223390337,-0.0803773731136506,-5.7681589821888
8.5025,-3.43795223390337,-0.0803773731136506,-5.7681589821888
8.505,-3.43285777605016,-0.0803773731136506,-5.8190901774113
8.5075,-3.4073854867841,-0.0803773731136506,-5.8089039383668
8.51,-3.453235607463,-0.0803773731136506,-5.81399705788905
8.5125,-3.5041801859951,-0.0803773731136506,-5.80381081884455
8.515,-3.51436910170153,-0.0803773731136506,-5.78343834075555
8.5175,-3.49399127028868,-0.0803773731136506,-5.7783452212333
8.52,-3.48380235458226,-0.0803773731136506,-5.85474201406705
8.5225,-3.50927464384831,-0.0803773731136506,-5.8394626555003
8.525,-3.48380235458226,-0.0803773731136506,-5.91585944833404
8.5275,-3.48380235458226,-0.0803773731136506,-5.8496488945448
8.53,-3.54493584882079,-0.0803773731136506,-5.8190901774113
8.5325,-3.56531368023363,-0.0803773731136506,-5.8190901774113
8.535,-3.52965247526116,-0.0854730659194392,-5.82418329693355
8.5375,-3.54493584882079,-0.0803773731136506,-5.8190901774113
8.54,-3.52965247526116,-0.0803773731136506,-5.86492825311154
8.5425,-3.50927464384831,-0.0803773731136506,-5.82418329693355
8.545,-3.50927464384831,-0.0803773731136506,-5.7987176993223
8.5475,-3.5041801859951,-0.0803773731136506,-5.89548697024504
8.55,-3.49908572814189,-0.0803773731136506,-5.79362457980005
8.5525,-3.49399127028868,-0.0803773731136506,-5.79362457980005
8.555,-3.48380235458226,-0.0803773731136506,-5.78343834075555
8.5575,-3.5041801859951,-0.0803773731136506,-5.7987176993223
8.56,-3.49908572814189,-0.0803773731136506,-5.8292764164558
8.5625,-3.50927464384831,-0.0803773731136506,-5.8190901774113
8.565,-3.52455801740795,-0.0803773731136506,-5.80381081884455
8.5675,-3.48889681243547,-0.0803773731136506,-5.81399705788905
8.57,-3.51436910170153,-0.0803773731136506,-5.7987176993223
8.5725,-3.47870789672905,-0.0803773731136506,-5.84455577502255
8.575,-3.48380235458226,-0.0803773731136506,-5.80381081884455
8.5775,-3.5041801859951,-0.0803773731136506,-5.84455577502255
8.58,-3.46342452316942,-0.0803773731136506,-5.8394626555003
8.5825,-3.45833006531621,-0.0803773731136506,-5.87511449215604
8.585,-3.39719657107768,-0.0803773731136506,-5.8598351335893
8.5875,-3.45833006531621,-0.0803773731136506,-5.84455577502255
8.59,-3.46342452316942,-0.0854730659194392,-5.92604568737854
8.5925,-3.32587416113273,-0.0803773731136506,-5.88530073120054
8.595,-3.31568524542631,-0.0803773731136506,-5.90567320928954
8.5975,-3.32587416113273,-0.0803773731136506,-5.8598351335893
8.6,-3.36153536610521,-0.0803773731136506,-5.85474201406705
8.6025,-3.33096861898594,-0.0803773731136506,-5.87002137263379
8.605,-3.29530741401347,-0.0803773731136506,-5.86492825311154
8.6075,-3.31568524542631,-0.0803773731136506,-5.8598351335893
8.61,-3.30549632971989,-0.0803773731136506,-5.8292764164558
8.6125,-3.32077970327952,-0.0803773731136506,-5.8598351335893
8.615,-3.31568524542631,-0.0803773731136506,-5.87002137263379
8.6175,-3.33606307683915,-0.0803773731136506,-5.8496488945448
8.62,-3.37172428181163,-0.0803773731136506,-5.8496488945448
8.6225,-3.32077970327952,-0.0854730659194392,-5.80381081884455
8.625,-3.32587416113273,-0.0803773731136506,-5.83436953597805
8.6275,-3.29530741401347,-0.0803773731136506,-5.8190901774113
8.63,-3.31568524542631,-0.0803773731136506,-5.82418329693355
8.6325,-3.33606307683915,-0.0803773731136506,-5.81399705788905
8.635,-3.26983512474742,-0.0803773731136506,-5.81399705788905
8.6375,-3.259646209041,-0.0803773731136506,-5.91076632881179
8.64,-3.24945729333457,-0.0803773731136506,-5.86492825311154
8.6425,-3.23926837762815,-0.0803773731136506,-5.81399705788905
8.645,-3.25455175118779,-0.0803773731136506,-5.8292764164558
8.6475,-3.25455175118779,-0.0803773731136506,-5.84455577502255
8.65,-3.21889054621531,-0.0803773731136506,-5.8598351335893
8.6525,-3.23926837762815,-0.0803773731136506,-5.8292764164558
8.655,-3.20870163050889,-0.0803773731136506,-5.84455577502255
8.6575,-3.21889054621531,-0.0803773731136506,-5.86492825311154
8.66,-3.2137960883621,-0.0803773731136506,-5.81399705788905
8.6625,-3.20870163050889,-0.0803773731136506,-5.86492825311154
8.665,-3.19851271480247,-0.0803773731136506,-5.7783452212333
8.6675,-3.21889054621531,-0.0803773731136506,-5.7987176993223
8.67,-3.20360717265568,-0.0803773731136506,-5.8292764164558
8.6725,-3.19851271480247,-0.0803773731136506,-5.7885314602778
8.675,-3.19341825694926,-0.0803773731136506,-5.77325210171105
8.6775,-3.21889054621531,-0.0803773731136506,-5.74778650409981
8.68,-3.19341825694926,-0.0803773731136506,-5.8292764164558
8.6825,-3.15775705197678,-0.0803773731136506,-5.7681589821888
8.685,-3.15266259412357,-0.0803773731136506,-5.77325210171105
8.6875,-3.17304042553642,-0.0803773731136506,-5.8190901774113
8.69,-3.19341825694926,-0.0803773731136506,-5.7987176993223
8.6925,-3.15775705197678,-0.0803773731136506,-5.8292764164558
8.695,-3.18322934124284,-0.0803773731136506,-5.82418329693355
8.6975,-3.15266259412357,-0.0803773731136506,-5.7987176993223
8.7,-3.13228476271073,-0.0803773731136506,-5.80381081884455
8.7025,-3.13228476271073,-0.0803773731136506,-5.80381081884455
8.705,-3.13228476271073,-0.0803773731136506,-5.8496488945448
8.7075,-3.12209584700431,-0.0803773731136506,-5.8598351335893
8.71,-3.14247367841715,-0.0803773731136506,-5.8089039383668
8.7125,-3.09152909988505,-0.0803773731136506,-5.7987176993223
8.715,-3.12209584700431,-0.0803773731136506,-5.7783452212333
8.7175,-3.12719030485752,-0.0803773731136506,-5.8089039383668
8.72,-3.10681247344468,-0.0803773731136506,-5.7987176993223
8.7225,-3.10681247344468,-0.0803773731136506,-5.77325210171105
8.725,-3.10681247344468,-0.0803773731136506,-5.7987176993223
8.7275,-3.10171801559147,-0.0803773731136506,-5.80381081884455
8.73,-3.12719030485752,-0.0803773731136506,-5.76306586266655
8.7325,-3.12719030485752,-0.0803773731136506,-5.7783452212333
8.735,-3.13228476271073,-0.0803773731136506,-5.7681589821888
8.7375,-3.17813488338963,-0.0803773731136506,-5.76306586266655
8.74,-3.17304042553642,-0.0803773731136506,-5.73250714553306
8.7425,-3.23417391977494,-0.0803773731136506,-5.7783452212333
8.745,-3.24436283548136,-0.0803773731136506,-5.73250714553306
8.7475,-3.20870163050889,-0.0803773731136506,-5.74269338457756
8.75,-3.259646209041,-0.0803773731136506,-5.74778650409981
8.7525,-3.30549632971989,-0.0803773731136506,-5.76306586266655
8.755,-3.25455175118779,-0.0803773731136506,-5.73250714553306
8.7575,-3.26983512474742,-0.0803773731136506,-5.74778650409981
8.76,-3.34625199254558,-0.0803773731136506,-5.73250714553306
8.7625,-3.30549632971989,-0.0803773731136506,-5.71722778696631
8.765,-3.356440908252,-0.0803773731136506,-5.73250714553306
8.7675,-3.35134645039879,-0.0803773731136506,-5.73760026505531
8.77,-3.32077970327952,-0.0803773731136506,-5.71722778696631
8.7725,-3.32587416113273,-0.0803773731136506,-5.76306586266655
8.775,-3.35134645039879,-0.0803773731136506,-5.73760026505531
8.7775,-3.38191319751805,-0.0803773731136506,-5.7579727431443
8.78,-3.36153536610521,-0.0803773731136506,-5.76306586266655
8.7825,-3.36153536610521,-0.0803773731136506,-5.72741402601081
8.785,-3.37681873966484,-0.0803773731136506,-5.72232090648856
8.7875,-3.38191319751805,-0.0803773731136506,-5.71213466744406
8.79,-3.38191319751805,-0.0803773731136506,-5.69685530887731
8.7925,-3.43795223390337,-0.0803773731136506,-5.71722778696631
8.795,-3.43285777605016,-0.0803773731136506,-5.72741402601081
8.7975,-3.41247994463731,-0.0854730659194392,-5.68666906983281
8.8,-3.41757440249052,-0.0803773731136506,-5.67648283078831
8.8025,-3.42266886034373,-0.0803773731136506,-5.71722778696631
8.805,-3.47361343887584,-0.0803773731136506,-5.71722778696631
8.8075,-3.453235607463,-0.0803773731136506,-5.66120347222156
8.81,-3.45833006531621,-0.0803773731136506,-5.65611035269931
8.8125,-3.48380235458226,-0.0803773731136506,-5.68157595031056
8.815,-3.48889681243547,-0.0803773731136506,-5.74778650409981
8.8175,-3.50927464384831,-0.0803773731136506,-5.71722778696631
8.82,-3.50927464384831,-0.0803773731136506,-5.7579727431443
8.8225,-3.5041801859951,-0.0803773731136506,-5.66629659174381
8.825,-3.48889681243547,-0.0803773731136506,-5.69176218935506
8.8275,-3.48380235458226,-0.0803773731136506,-5.69685530887731
8.83,-3.48380235458226,-0.0803773731136506,-5.68666906983281
8.8325,-3.48889681243547,-0.0803773731136506,-5.67138971126606
8.835,-3.48889681243547,-0.0803773731136506,-5.66629659174381
8.8375,-3.49908572814189,-0.0803773731136506,-5.64592411365481
8.84,-3.49908572814189,-0.0803773731136506,-5.71722778696631
8.8425,-3.47361343887584,-0.0803773731136506,-5.72232090648856
8.845,-3.49399127028868,-0.0803773731136506,-5.71722778696631
8.8475,-3.49399127028868,-0.0803773731136506,-5.65611035269931
8.85,-3.48380235458226,-0.0803773731136506,-5.61027227699907
8.8525,-3.49908572814189,-0.0803773731136506,-5.80381081884455
8.855,-3.48889681243547,-0.0803773731136506,-5.74269338457756
8.8575,-3.50927464384831,-0.0803773731136506,-5.66120347222156
8.86,-3.51946355955474,-0.0803773731136506,-5.65101723317706
8.8625,-3.51436910170153,-0.075281680307862,-5.63064475508807
8.865,-3.48889681243547,-0.0803773731136506,-5.71213466744406
8.8675,-3.48380235458226,-0.0803773731136506,-5.62555163556582
8.87,-3.48380235458226,-0.0803773731136506,-5.65611035269931
8.8725,-3.49908572814189,-0.0803773731136506,-5.66629659174381
8.875,-3.5041801859951,-0.0803773731136506,-5.68157595031056
8.8775,-3.50927464384831,-0.0803773731136506,-5.67648283078831
8.88,-3.51436910170153,-0.0803773731136506,-5.68157595031056
8.8825,-3.49908572814189,-0.0803773731136506,-5.65611035269931
8.885,-3.49399127028868,-0.0803773731136506,-5.66629659174381
8.8875,-3.49908572814189,-0.0803773731136506,-5.65611035269931
8.89,-3.49399127028868,-0.0803773731136506,-5.62045851604357
8.8925,-3.51436910170153,-0.075281680307862,-5.66629659174381
8.895,-3.50927464384831,-0.0803773731136506,-5.66629659174381
8.8975,-3.50927464384831,-0.0803773731136506,-5.70704154792181
8.9,-3.53984139096758,-0.0803773731136506,-5.54406172320982
8.9025,-3.5041801859951,-0.0803773731136506,-5.69685530887731
8.905,-3.53474693311437,-0.0803773731136506,-5.53896860368757
8.9075,-3.51946355955474,-0.0803773731136506,-5.64592411365481
8.91,-3.48889681243547,-0.0803773731136506,-5.64083099413256
8.9125,-3.49908572814189,-0.0803773731136506,-5.64592411365481
8.915,-3.49908572814189,-0.0803773731136506,-5.72232090648856
8.9175,-3.51436910170153,-0.0803773731136506,-5.62555163556582
8.92,-3.51946355955474,-0.0803773731136506,-5.63064475508807
8.9225,-3.52965247526116,-0.0803773731136506,-5.62555163556582
8.925,-3.58059705379326,-0.0803773731136506,-5.64083099413256
8.9275,-3.58059705379326,-0.0803773731136506,-5.63573787461031
8.93,-3.56531368023363,-0.075281680307862,-5.62555163556582
8.9325,-3.58059705379326,-0.0803773731136506,-5.65101723317706
8.935,-3.59078596949968,-0.0803773731136506,-5.63573787461031
8.9375,-3.60097488520611,-0.0803773731136506,-5.63064475508807
8.94,-3.60097488520611,-0.0803773731136506,-5.62555163556582
8.9425,-3.61116380091253,-0.0803773731136506,-5.61536539652132
8.945,-3.63663609017858,-0.0803773731136506,-5.63573787461031
8.9475,-3.63663609017858,-0.0803773731136506,-5.59499291843232
8.95,-3.67229729515105,-0.0803773731136506,-5.58989979891007
8.9525,-3.66720283729784,-0.0803773731136506,-5.57971355986557
8.955,-3.65191946373821,-0.0803773731136506,-5.57462044034332
8.9575,-3.70795850012353,-0.0803773731136506,-5.64083099413256
8.96,-3.65701392159142,-0.0803773731136506,-5.63573787461031
8.9625,-3.6926751265639,-0.0803773731136506,-5.59499291843232
8.965,-3.67229729515105,-0.0803773731136506,-5.62045851604357
8.9675,-3.69776958441711,-0.0803773731136506,-5.63573787461031
8.97,-3.67229729515105,-0.0803773731136506,-5.56443420129882
8.9725,-3.72324187368316,-0.0803773731136506,-5.54915484273207
8.975,-3.72833633153637,-0.075281680307862,-5.61536539652132
8.9775,-3.73343078938958,-0.0803773731136506,-5.53387548416532
8.98,-3.73852524724279,-0.0803773731136506,-5.56952732082107
8.9825,-3.73852524724279,-0.0803773731136506,-5.54915484273207
8.985,-3.76909199436206,-0.0803773731136506,-5.47785116942058
8.9875,-3.76399753650884,-0.0803773731136506,-5.48294428894283
8.99,-3.74871416294921,-0.0803773731136506,-5.59499291843232
8.9925,-3.77928091006848,-0.0803773731136506,-5.61536539652132
8.995,-3.76399753650884,-0.0803773731136506,-5.52368924512082
8.9975,-3.72833633153637,-0.0803773731136506,-5.51350300607633
9,-3.73343078938958,-0.075281680307862,-5.56443420129882
9.0025,-3.72833633153637,-0.0803773731136506,-5.56952732082107
9.005,-3.75890307865563,-0.0803773731136506,-5.56443420129882
9.0075,-3.840414404307,-0.0803773731136506,-5.56443420129882
9.01,-3.83022548860058,-0.0803773731136506,-5.58480667938782
9.0125,-3.76399753650884,-0.0803773731136506,-5.56952732082107
9.015,-3.79456428362811,-0.0803773731136506,-5.58989979891007
9.0175,-3.79456428362811,-0.0803773731136506,-5.56952732082107
9.02,-3.77928091006848,-0.0803773731136506,-5.63064475508807
9.0225,-3.80984765718774,-0.0803773731136506,-5.56952732082107
9.025,-3.82513103074737,-0.0803773731136506,-5.55934108177657
9.0275,-3.8862645249859,-0.0803773731136506,-5.57462044034332
9.03,-3.94230356137122,-0.0803773731136506,-5.56952732082107
9.0325,-3.94230356137122,-0.0803773731136506,-5.56443420129882
9.035,-3.91683127210516,-0.0803773731136506,-5.59499291843232
9.0375,-3.95758693493085,-0.0803773731136506,-5.65611035269931
9.04,-3.97287030849048,-0.0803773731136506,-5.56443420129882
9.0425,-3.97796476634369,-0.0803773731136506,-5.56952732082107
9.045,-3.96268139278406,-0.0803773731136506,-5.54915484273207
9.0475,-3.98815368205011,-0.0803773731136506,-5.61536539652132
9.05,-4.00853151346295,-0.0803773731136506,-5.57462044034332
9.0525,-4.05947609199506,-0.0803773731136506,-5.54406172320982
9.055,-4.03909826058222,-0.0803773731136506,-5.61027227699907
9.0575,-4.04928717628864,-0.0803773731136506,-5.59499291843232
9.06,-4.07475946555469,-0.0803773731136506,-5.52878236464307
9.0625,-4.18683753832532,-0.0803773731136506,-5.52878236464307
9.065,-9.96904720171935,-0.0803773731136506,-5.55424796225432
9.0675,-4.10023175482074,-0.0803773731136506,-5.54406172320982
9.07,-4.10023175482074,-0.0803773731136506,-5.52878236464307
9.0725,-4.09513729696753,-0.0803773731136506,-5.67138971126606
9.075,-4.10532621267395,-0.0803773731136506,-5.53387548416532
9.0775,-4.09004283911432,-0.0803773731136506,-5.53896860368757
9.08,-4.0798539234079,-0.0803773731136506,-5.55424796225432
9.0825,-4.04928717628864,-0.0803773731136506,-5.53896860368757
9.085,-4.01362597131616,-0.0803773731136506,-5.64592411365481
9.0875,-3.99834259775653,-0.0803773731136506,-5.60008603795457
9.09,-3.97796476634369,-0.0803773731136506,-5.56443420129882
9.0925,-3.98815368205011,-0.0803773731136506,-5.55934108177657
9.095,-3.97287030849048,-0.0803773731136506,-5.66629659174381
9.0975,-3.94739801922443,-0.0803773731136506,-5.57971355986557
9.1,-3.95758693493085,-0.0803773731136506,-5.58989979891007
9.1025,-3.89135898283911,-0.075281680307862,-5.57462044034332
9.105,-3.92702018781158,-0.0803773731136506,-5.53896860368757
9.1075,-3.80984765718774,-0.0803773731136506,-5.72232090648856
9.11,-3.82003657289416,-0.0803773731136506,-5.62045851604357
9.1125,-3.86588669357306,-0.0803773731136506,-5.66120347222156
9.115,-3.76399753650884,-0.0803773731136506,-5.66629659174381
9.1175,-3.743619705096,-0.0803773731136506,-5.65611035269931
9.12,-3.72833633153637,-0.0803773731136506,-5.63573787461031
9.1225,-3.71814741582995,-0.0803773731136506,-5.62555163556582
9.125,-3.70286404227032,-0.0803773731136506,-5.60517915747682
9.1275,-3.6926751265639,-0.0803773731136506,-5.56952732082107
9.13,-3.68248621085748,-0.0803773731136506,-5.60008603795457
9.1325,-3.66210837944463,-0.0803773731136506,-5.57971355986557
9.135,-3.646825005885,-0.0803773731136506,-5.66120347222156
9.1375,-3.64173054803179,-0.0803773731136506,-5.67648283078831
9.14,-3.63154163232537,-0.0803773731136506,-5.63573787461031
9.1425,-3.66720283729784,-0.0803773731136506,-5.61027227699907
9.145,-3.72833633153637,-0.0803773731136506,-5.59499291843232
9.1475,-3.62135271661895,-0.0803773731136506,-5.59499291843232
9.15,-3.63154163232537,-0.0803773731136506,-5.61027227699907
9.1525,-3.59588042735289,-0.0803773731136506,-5.58480667938782
9.155,-3.60097488520611,-0.0803773731136506,-5.61536539652132
9.1575,-3.57040813808684,-0.0803773731136506,-5.61536539652132
9.16,-3.57550259594005,-0.0803773731136506,-5.61027227699907
9.1625,-3.56021922238042,-0.0803773731136506,-5.78343834075555
9.165,-3.55512476452721,-0.0803773731136506,-5.67648283078831
9.1675,-3.51946355955474,-0.0803773731136506,-5.73250714553306
9.17,-3.51436910170153,-0.0803773731136506,-5.62555163556582
9.1725,-3.52965247526116,-0.0803773731136506,-5.69685530887731
9.175,-3.52455801740795,-0.0803773731136506,-5.68666906983281
9.1775,-3.51946355955474,-0.0803773731136506,-5.64592411365481
9.18,-3.61116380091253,-0.0803773731136506,-5.61536539652132
9.1825,-3.56021922238042,-0.0803773731136506,-5.68157595031056
9.185,-3.53984139096758,-0.0803773731136506,-5.66629659174381
9.1875,-3.53474693311437,-0.0803773731136506,-5.60517915747682
9.19,-3.62135271661895,-0.0803773731136506,-5.59499291843232
9.1925,-3.56531368023363,-0.0803773731136506,-5.66629659174381
9.195,-3.59078596949968,-0.0803773731136506,-5.59499291843232
9.1975,-3.61625825876574,-0.0803773731136506,-5.60008603795457
9.2,-3.59588042735289,-0.0803773731136506,-5.67648283078831
9.2025,-3.59078596949968,-0.0803773731136506,-5.60008603795457
9.205,-3.59078596949968,-0.0803773731136506,-5.57462044034332
9.2075,-3.63154163232537,-0.0803773731136506,-5.71722778696631
9.21,-3.68248621085748,-0.0803773731136506,-5.61536539652132
9.2125,-3.67739175300426,-0.0803773731136506,-5.57462044034332
9.215,-3.59078596949968,-0.0803773731136506,-5.59499291843232
9.2175,-3.62135271661895,-0.0803773731136506,-5.60517915747682
9.22,-3.71305295797674,-0.0803773731136506,-5.68666906983281
9.2225,-3.70286404227032,-0.0803773731136506,-5.67138971126606
9.225,-3.66720283729784,-0.0803773731136506,-5.62555163556582
9.2275,-3.75380862080242,-0.0803773731136506,-5.61536539652132
9.23,-3.75380862080242,-0.0803773731136506,-5.61536539652132
9.2325,-3.75890307865563,-0.0803773731136506,-5.68666906983281
9.235,-3.67739175300426,-0.0803773731136506,-5.60008603795457
9.2375,-3.67229729515105,-0.0803773731136506,-5.55934108177657
9.24,-3.66210837944463,-0.0803773731136506,-5.57462044034332
9.2425,-3.65191946373821,-0.0803773731136506,-5.7783452212333
9.245,-3.62135271661895,-0.0803773731136506,-5.58989979891007
9.2475,-3.62644717447216,-0.0803773731136506,-5.57462044034332
9.25,-3.62135271661895,-0.0803773731136506,-5.54406172320982
9.2525,-3.60097488520611,-0.0803773731136506,-5.69685530887731
9.255,-3.58569151164647,-0.0803773731136506,-5.62045851604357
9.2575,-3.62135271661895,-0.0803773731136506,-5.62555163556582
9.26,-3.59588042735289,-0.0803773731136506,-5.55934108177657
9.2625,-3.62644717447216,-0.0803773731136506,-5.57462044034332
9.265,-3.59588042735289,-0.075281680307862,-5.58989979891007
9.2675,-3.59078596949968,-0.0803773731136506,-5.57971355986557
9.27,-3.57550259594005,-0.075281680307862,-0.10970319296954
9.2725,-3.55512476452721,-0.0803773731136506,-0.0995169539250416
9.275,-3.58569151164647,-0.0803773731136506,-0.10461007344729
9.2775,-3.58569151164647,-0.0803773731136506,-0.0995169539250416
9.28,-3.60097488520611,-0.0803773731136506,-5.52878236464307
9.2825,-3.57550259594005,-0.0803773731136506,-5.52878236464307
9.285,-3.57550259594005,-0.0803773731136506,-5.60008603795457
9.2875,-3.57550259594005,-0.0803773731136506,-5.55424796225432
9.29,-3.56021922238042,-0.0803773731136506,-5.61536539652132
9.2925,-3.550030306674,-0.0803773731136506,-5.62045851604357
9.295,-3.57550259594005,-0.075281680307862,-5.51350300607633
9.2975,-3.59588042735289,-0.0803773731136506,-5.74778650409981
9.3,-3.56021922238042,-0.0803773731136506,-5.51859612559857
9.3025,-3.53474693311437,-0.0803773731136506,-5.52878236464307
9.305,-3.65191946373821,-0.0803773731136506,-5.51859612559857
9.3075,-3.51946355955474,-0.0803773731136506,-0.10970319296954
9.31,-3.51436910170153,-0.0803773731136506,-5.54406172320982
9.3125,-3.51436910170153,-0.0803773731136506,-5.66629659174381
9.315,-3.550030306674,-0.0803773731136506,-5.51350300607633
9.3175,-3.58059705379326,-0.0803773731136506,-5.53896860368757
9.32,-3.56021922238042,-0.075281680307862,-5.53896860368757
9.3225,-3.55512476452721,-0.0803773731136506,-5.50840988655408
9.325,-3.55512476452721,-0.075281680307862,-5.66120347222156
9.3275,-3.60097488520611,-0.0803773731136506,-5.54406172320982
9.33,-3.57550259594005,-0.0803773731136506,-5.54915484273207
9.3325,-3.60097488520611,-0.0854730659194392,-5.57462044034332
9.335,-3.60097488520611,-0.0803773731136506,-5.55424796225432
9.3375,-3.56531368023363,-0.0803773731136506,-5.56952732082107
9.34,-3.58569151164647,-0.0803773731136506,-5.57462044034332
9.3425,-3.58569151164647,-0.0803773731136506,-5.53896860368757
9.345,-3.58059705379326,-0.0854730659194392,-5.66629659174381
9.3475,-3.56531368023363,-0.0803773731136506,-5.64083099413256
9.35,-3.59588042735289,-0.0803773731136506,-5.64592411365481
9.3525,-3.60097488520611,-0.0803773731136506,-5.52368924512082
9.355,-3.72324187368316,-0.0803773731136506,-5.58480667938782
9.3575,-3.67739175300426,-0.0803773731136506,-5.57462044034332
9.36,-3.78437536792169,-0.0803773731136506,-5.56443420129882
9.3625,-3.71305295797674,-0.0803773731136506,-5.83436953597805
9.365,-3.72324187368316,-0.0803773731136506,-5.72232090648856
9.3675,-3.72833633153637,-0.0803773731136506,-5.8292764164558
9.37,-3.73852524724279,-0.0803773731136506,-5.64083099413256
9.3725,-3.74871416294921,-0.0854730659194392,-5.76306586266655
9.375,-3.74871416294921,-0.0854730659194392,-5.72232090648856
9.3775,-3.74871416294921,-0.0803773731136506,-5.72232090648856
9.38,-3.743619705096,-0.0803773731136506,-5.64592411365481
9.3825,-3.73852524724279,-0.0803773731136506,-5.68666906983281
9.385,-3.75380862080242,-0.0803773731136506,-5.77325210171105
9.3875,-3.74871416294921,-0.0803773731136506,-5.67648283078831
9.39,-3.74871416294921,-0.0803773731136506,-5.75287962362205
9.3925,-3.74871416294921,-0.0803773731136506,-5.79362457980005
9.395,-3.74871416294921,-0.0803773731136506,-5.65611035269931
9.3975,-3.72833633153637,-0.0803773731136506,-5.74778650409981
9.4,-3.78437536792169,-0.0854730659194392,-5.7579727431443
9.4025,-3.78437536792169,-0.0803773731136506,-5.7885314602778
9.405,-3.82513103074737,-0.0803773731136506,-5.78343834075555
9.4075,-3.78437536792169,-0.0803773731136506,-5.80381081884455
9.41,-3.7894698257749,-0.0803773731136506,-5.73250714553306
9.4125,-3.77928091006848,-0.0803773731136506,-5.78343834075555
9.415,-3.77928091006848,-0.0803773731136506,-5.7681589821888
9.4175,-3.77418645221527,-0.0803773731136506,-5.7783452212333
9.42,-3.78437536792169,-0.0803773731136506,-5.73250714553306
9.4225,-3.7894698257749,-0.0803773731136506,-5.79362457980005
9.425,-3.80475319933453,-0.0803773731136506,-5.95151128498979
9.4275,-3.77418645221527,-0.0803773731136506,-5.96169752403429
9.43,-3.77928091006848,-0.0803773731136506,-5.90567320928954
9.4325,-3.77418645221527,-0.0803773731136506,-5.69685530887731
9.435,-3.74871416294921,-0.0803773731136506,-5.69176218935506
9.4375,-3.7894698257749,-0.0803773731136506,-5.7885314602778
9.44,-3.78437536792169,-0.0803773731136506,-5.72232090648856
9.4425,-3.78437536792169,-0.0803773731136506,-5.66629659174381
9.445,-3.80475319933453,-0.0803773731136506,-5.79362457980005
9.4475,-3.77928091006848,-0.0803773731136506,-5.7579727431443
9.45,-3.77928091006848,-0.0803773731136506,-5.7681589821888
9.4525,-3.77928091006848,-0.0803773731136506,-5.7987176993223
9.455,-3.80475319933453,-0.0803773731136506,-5.91585944833404
9.4575,-3.80475319933453,-0.0803773731136506,-5.91076632881179
9.46,-3.77928091006848,-0.0803773731136506,-5.73250714553306
9.4625,-3.78437536792169,-0.0803773731136506,-5.74269338457756
9.465,-3.77928091006848,-0.0803773731136506,-5.84455577502255
9.4675,-3.77418645221527,-0.0854730659194392,-5.73760026505531
9.47,-3.7894698257749,-0.0803773731136506,-5.8598351335893
9.4725,-3.74871416294921,-0.0803773731136506,-5.87511449215604
9.475,-3.73343078938958,-0.0803773731136506,-5.8598351335893
9.4775,-3.75890307865563,-0.0803773731136506,-5.82418329693355
9.48,-3.75890307865563,-0.0803773731136506,-5.8496488945448
9.4825,-3.75380862080242,-0.0803773731136506,-5.89039385072279
9.485,-3.7894698257749,-0.0803773731136506,-5.86492825311154
9.4875,-3.69776958441711,-0.0803773731136506,-5.88530073120054
9.49,-3.69776958441711,-0.0803773731136506,-5.8292764164558
9.4925,-3.72833633153637,-0.0803773731136506,-5.8292764164558
9.495,-3.72833633153637,-0.0803773731136506,-5.83436953597805
9.4975,-3.72833633153637,-0.0803773731136506,-5.85474201406705
9.5,-3.72833633153637,-0.0803773731136506,-5.81399705788905
9.5025,-3.73852524724279,-0.0803773731136506,-5.8292764164558
9.505,-3.74871416294921,-0.0803773731136506,-5.83436953597805
9.5075,-3.74871416294921,-0.0803773731136506,-5.8089039383668
9.51,-3.6926751265639,-0.0803773731136506,-5.8598351335893
9.5125,-3.73343078938958,-0.0803773731136506,-5.85474201406705
9.515,-3.72833633153637,-0.0803773731136506,-5.8496488945448
9.5175,-3.72324187368316,-0.0803773731136506,-5.8598351335893
9.52,-3.68758066871069,-0.0803773731136506,-5.8190901774113
9.5225,-3.70795850012353,-0.0803773731136506,-5.84455577502255
9.525,-3.70795850012353,-0.0803773731136506,-5.8394626555003
9.5275,-3.67229729515105,-0.0803773731136506,-5.8292764164558
9.53,-3.69776958441711,-0.0854730659194392,-5.80381081884455
9.5325,-3.66210837944463,-0.0803773731136506,-5.8394626555003
9.535,-3.72833633153637,-0.0803773731136506,-5.8089039383668
9.5375,-3.71814741582995,-0.0803773731136506,-5.87511449215604
9.54,-3.69776958441711,-0.0803773731136506,-5.88020761167829
9.5425,-3.68758066871069,-0.075281680307862,-5.88530073120054
9.545,-3.65701392159142,-0.0803773731136506,-5.89548697024504
9.5475,-3.67739175300426,-0.0803773731136506,-5.90058008976729
9.55,-3.73852524724279,-0.0803773731136506,-5.88020761167829
9.5525,-3.75380862080242,-0.0803773731136506,-5.89548697024504
9.555,-3.74871416294921,-0.0803773731136506,-5.91076632881179
9.5575,-3.70795850012353,-0.075281680307862,-5.91076632881179
9.56,-3.71814741582995,-0.0803773731136506,-5.91076632881179
9.5625,-3.71305295797674,-0.0803773731136506,-5.89548697024504
9.565,-3.70286404227032,-0.0803773731136506,-5.94132504594529
9.5675,-3.72324187368316,-0.0803773731136506,-5.90567320928954
9.57,-3.743619705096,-0.0803773731136506,-5.90058008976729
9.5725,-3.74871416294921,-0.0803773731136506,-5.96679064355654
9.575,-3.69776958441711,-0.0803773731136506,-5.90567320928954
9.5775,-3.69776958441711,-0.0803773731136506,-6.09411863161278
9.58,-3.743619705096,-0.0803773731136506,-6.08393239256828
9.5825,-3.78437536792169,-0.0803773731136506,-5.91076632881179
9.585,-3.75380862080242,-0.075281680307862,-6.10430487065727
9.5875,-3.74871416294921,-0.0803773731136506,-5.96679064355654
9.59,-3.74871416294921,-0.0803773731136506,-5.99225624116778
9.5925,-3.74871416294921,-0.0854730659194392,-5.94132504594529
9.595,-3.74871416294921,-0.0803773731136506,-6.10430487065727
9.5975,-3.79456428362811,-0.0803773731136506,-5.99225624116778
9.6,-3.7894698257749,-0.0803773731136506,-6.03300119734578
9.6025,-3.77418645221527,-0.0803773731136506,-5.92095256785629
9.605,-3.77418645221527,-0.0803773731136506,-5.91076632881179
9.6075,-3.90664235639874,-0.075281680307862,-5.99734936069003
9.61,-3.82003657289416,-0.0803773731136506,-6.01772183877903
9.6125,-3.79456428362811,-0.0803773731136506,-5.97188376307879
9.615,-3.83022548860058,-0.0803773731136506,-5.99225624116778
9.6175,-3.85060332001342,-0.075281680307862,-5.98207000212328
9.62,-3.84550886216021,-0.0803773731136506,-6.06865303400153
9.6225,-3.84550886216021,-0.0803773731136506,-5.96169752403429
9.625,-3.8862645249859,-0.0803773731136506,-5.93113880690079
9.6275,-3.83531994645379,-0.0803773731136506,-6.11449110970177
9.63,-3.83022548860058,-0.0803773731136506,-5.94132504594529
9.6325,-3.84550886216021,-0.0803773731136506,-5.92604568737854
9.635,-3.81494211504095,-0.0803773731136506,-6.05846679495703
9.6375,-3.83531994645379,-0.0803773731136506,-6.00244248021228
9.64,-3.83531994645379,-0.0803773731136506,-5.95660440451204
9.6425,-3.83531994645379,-0.0803773731136506,-5.91585944833404
9.645,-3.83022548860058,-0.0803773731136506,-5.94132504594529
9.6475,-3.7894698257749,-0.0803773731136506,-5.89548697024504
9.65,-3.77928091006848,-0.0803773731136506,-6.00244248021228
9.6525,-3.74871416294921,-0.0803773731136506,-5.95660440451204
9.655,-3.73852524724279,-0.0803773731136506,-5.94132504594529
9.6575,-3.73852524724279,-0.0803773731136506,-5.95660440451204
9.66,-3.7894698257749,-0.0803773731136506,-5.93113880690079
9.6625,-3.73343078938958,-0.0803773731136506,-5.94641816546754
9.665,-3.72833633153637,-0.0803773731136506,-5.90058008976729
9.6675,-3.66720283729784,-0.0803773731136506,-5.89548697024504
9.67,-3.66720283729784,-0.0803773731136506,-5.99225624116778
9.6725,-3.65701392159142,-0.0803773731136506,-5.82418329693355
9.675,-3.646825005885,-0.0803773731136506,-5.91076632881179
9.6775,-3.61116380091253,-0.0803773731136506,-5.90567320928954
9.68,-3.60097488520611,-0.0803773731136506,-5.87511449215604
9.6825,-3.61116380091253,-0.0803773731136506,-6.05846679495703
9.685,-3.58059705379326,-0.0803773731136506,-5.90058008976729
9.6875,-3.56531368023363,-0.0803773731136506,-5.86492825311154
9.69,-3.55512476452721,-0.0803773731136506,-5.87002137263379
9.6925,-3.48380235458226,-0.0803773731136506,-5.96679064355654
9.695,-3.48380235458226,-0.0803773731136506,-5.87002137263379
9.6975,-3.453235607463,-0.0803773731136506,-5.99225624116778
9.7,-3.4073854867841,-0.0803773731136506,-5.91585944833404
9.7025,-3.41247994463731,-0.0803773731136506,-5.93113880690079
9.705,-3.39210211322447,-0.0803773731136506,-5.93623192642304
9.7075,-3.37172428181163,-0.0803773731136506,-5.92604568737854
9.71,-3.33606307683915,-0.0803773731136506,-5.90567320928954
9.7125,-3.33606307683915,-0.0803773731136506,-5.91585944833404
9.715,-3.30040187186668,-0.0803773731136506,-5.90058008976729
9.7175,-3.31568524542631,-0.0803773731136506,-5.8598351335893
9.72,-3.33096861898594,-0.0803773731136506,-5.91585944833404
9.7225,-3.26983512474742,-0.0803773731136506,-5.85474201406705
9.725,-3.24436283548136,-0.0803773731136506,-5.89039385072279
9.7275,-3.24436283548136,-0.0803773731136506,-6.01262871925678
9.73,-3.26474066689421,-0.0803773731136506,-5.86492825311154
9.7325,-3.24436283548136,-0.0803773731136506,-5.95151128498979
9.735,-3.23926837762815,-0.0803773731136506,-5.95660440451204
9.7375,-3.26474066689421,-0.0803773731136506,-5.8394626555003
9.74,-3.22398500406852,-0.0803773731136506,-5.91585944833404
9.7425,-3.25455175118779,-0.0803773731136506,-5.85474201406705
9.745,-3.24945729333457,-0.0803773731136506,-5.8292764164558
9.7475,-3.259646209041,-0.0803773731136506,-5.8089039383668
9.75,-3.24436283548136,-0.0803773731136506,-5.8598351335893
9.7525,-3.25455175118779,-0.0803773731136506,-5.81399705788905
9.755,-3.26474066689421,-0.0803773731136506,-5.87002137263379
9.7575,-3.27492958260063,-0.0803773731136506,-5.87002137263379
9.76,-3.29530741401347,-0.0803773731136506,-5.82418329693355
9.7625,-3.33096861898594,-0.0803773731136506,-5.84455577502255
9.765,-3.34115753469236,-0.0803773731136506,-5.79362457980005
9.7675,-3.36153536610521,-0.0803773731136506,-5.85474201406705
9.77,-3.53984139096758,-0.0803773731136506,-5.7987176993223
9.7725,-3.46851898102263,-0.0803773731136506,-5.7987176993223
9.775,-3.46851898102263,-0.0803773731136506,-5.7579727431443
9.7775,-3.54493584882079,-0.0803773731136506,-5.8496488945448
9.78,-3.53474693311437,-0.0803773731136506,-5.85474201406705
9.7825,-3.59078596949968,-0.0803773731136506,-5.8190901774113
9.785,-3.61116380091253,-0.075281680307862,-5.92604568737854
9.7875,-3.61116380091253,-0.075281680307862,-5.91585944833404
9.79,-3.70795850012353,-0.0803773731136506,-5.8292764164558
9.7925,-3.65701392159142,-0.0803773731136506,-5.7987176993223
9.795,-3.74871416294921,-0.0803773731136506,-5.73760026505531
9.7975,-3.73343078938958,-0.0803773731136506,-5.80381081884455
9.8,-3.75890307865563,-0.0803773731136506,-5.76306586266655
9.8025,-3.76909199436206,-0.0803773731136506,-5.74269338457756
9.805,-3.80984765718774,-0.0803773731136506,-5.74269338457756
9.8075,-3.79965874148132,-0.0803773731136506,-5.72232090648856
9.81,-3.80984765718774,-0.0803773731136506,-5.68666906983281
9.8125,-3.81494211504095,-0.0803773731136506,-5.70194842839956
9.815,-3.82513103074737,-0.0803773731136506,-5.66629659174381
9.8175,-3.83531994645379,-0.0803773731136506,-5.71213466744406
9.82,-3.80984765718774,-0.0803773731136506,-5.76306586266655
9.8225,-3.840414404307,-0.0803773731136506,-5.95151128498979
9.825,-3.86079223571985,-0.0803773731136506,-5.74269338457756
9.8275,-3.83022548860058,-0.0803773731136506,-5.75287962362205
9.83,-3.83022548860058,-0.0803773731136506,-5.70194842839956
9.8325,-3.72324187368316,-0.0803773731136506,-5.69176218935506
9.835,-3.68248621085748,-0.0803773731136506,-5.66629659174381
9.8375,-3.66210837944463,-0.0803773731136506,-5.67138971126606
9.84,-3.66210837944463,-0.0803773731136506,-5.88020761167829
9.8425,-3.66210837944463,-0.0803773731136506,-5.88020761167829
9.845,-0.0959878821972175,-0.0803773731136506,-5.65611035269931
9.8475,-3.56531368023363,-0.0803773731136506,-5.76306586266655
9.85,-3.550030306674,-0.0803773731136506,-5.7783452212333
9.8525,-3.51946355955474,-0.0803773731136506,-5.70194842839956
9.855,-3.49908572814189,-0.0803773731136506,-5.68157595031056
9.8575,-3.5041801859951,-0.075281680307862,-5.68157595031056
9.86,-3.41757440249052,-0.075281680307862,-5.65101723317706
9.8625,-3.42266886034373,-0.0854730659194392,-5.71213466744406
9.865,-3.41247994463731,-0.0803773731136506,-5.70704154792181
9.8675,-3.40229102893089,-0.0803773731136506,-5.67648283078831
9.87,-3.39719657107768,-0.0803773731136506,-5.67138971126606
9.8725,-3.40229102893089,-0.0803773731136506,-5.64592411365481
9.875,-0.0959878821972175,-0.0803773731136506,-5.70194842839956
9.8775,-0.0959878821972175,-0.0803773731136506,-5.92095256785629
9.88,-0.0908934243440065,-0.0803773731136506,-5.80381081884455
9.8825,-0.0908934243440065,-0.0803773731136506,-5.90058008976729
9.885,-0.0908934243440065,-0.075281680307862,-5.65611035269931
9.8875,-0.0908934243440065,-0.075281680307862,-5.70194842839956
9.89,-0.0908934243440065,-0.0803773731136506,-5.74778650409981
9.8925,-0.0908934243440065,-0.0803773731136506,-5.66629659174381
9.895,-0.0959878821972175,-0.0854730659194392,-5.68157595031056
9.8975,-0.0908934243440065,-0.0803773731136506,-5.66629659174381
9.9,-0.0959878821972175,-0.075281680307862,-5.73250714553306
9.9025,-0.0959878821972175,-0.0803773731136506,-5.7885314602778
9.905,-0.0959878821972175,-0.0803773731136506,-5.68157595031056
9.9075,-0.0908934243440065,-0.0803773731136506,-5.68666906983281
9.91,-0.0908934243440065,-0.0803773731136506,-5.67648283078831
9.9125,-0.0959878821972175,-0.0803773731136506,-5.63573787461031
9.915,-0.0959878821972175,-0.0803773731136506,-5.86492825311154
9.9175,-0.0959878821972175,-0.0803773731136506,-5.64592411365481
9.92,-0.0959878821972175,-0.0803773731136506,-5.92604568737854
9.9225,-0.0959878821972175,-0.0803773731136506,-5.85474201406705
9.925,-3.49399127028868,-0.0803773731136506,-5.8292764164558
9.9275,-3.56531368023363,-0.075281680307862,-5.70194842839956
9.93,-3.56021922238042,-0.0803773731136506,-5.7681589821888
9.9325,-3.54493584882079,-0.075281680307862,-5.79362457980005
9.935,-3.58569151164647,-0.0854730659194392,-5.65101723317706
9.9375,-3.60097488520611,-0.0803773731136506,-5.69685530887731
9.94,-3.73343078938958,-0.0803773731136506,-5.78343834075555
9.9425,-3.70286404227032,-0.0803773731136506,-5.67648283078831
9.945,-3.70286404227032,-0.0803773731136506,-5.68666906983281
9.9475,-3.70795850012353,-0.0803773731136506,-5.69176218935506
9.95,-3.69776958441711,-0.0803773731136506,-5.68157595031056
9.9525,-3.72833633153637,-0.0803773731136506,-5.71213466744406
9.955,-3.73852524724279,-0.0803773731136506,-5.61027227699907
9.9575,-3.743619705096,-0.0803773731136506,-5.61027227699907
9.96,-3.73343078938958,-0.0854730659194392,-5.35052318136434
9.9625,-3.72833633153637,-0.0803773731136506,-5.72232090648856
9.965,-3.75380862080242,-0.0803773731136506,-5.73250714553306
9.9675,-3.72833633153637,-0.0803773731136506,-5.57971355986557
9.97,-3.67229729515105,-0.0803773731136506,-5.65611035269931
9.9725,-3.70286404227032,-0.075281680307862,-5.62555163556582
9.975,-3.6926751265639,-0.0803773731136506,-5.57462044034332
9.9775,-3.70286404227032,-0.0803773731136506,-5.65611035269931
9.98,-3.67739175300426,-0.0803773731136506,-5.66629659174381
9.9825,-3.76909199436206,-0.0803773731136506,-5.61536539652132
9.985,-3.646825005885,-0.0803773731136506,-5.61536539652132
9.9875,-3.70795850012353,-0.0803773731136506,-5.66629659174381
9.99,-3.64173054803179,-0.0803773731136506,-5.67648283078831
9.9925,-3.646825005885,-0.0803773731136506,-5.62045851604357
9.995,-3.67229729515105,-0.0803773731136506,-5.61027227699907
9.9975,-3.70286404227032,-0.0803773731136506,-5.7885314602778
10,-3.67739175300426,-0.0803773731136506,-5.7987176993223
10.0025,-3.646825005885,-0.0803773731136506,-5.64083099413256
10.005,-3.69776958441711,-0.0803773731136506,-5.65611035269931
10.0075,-3.68248621085748,-0.0803773731136506,-5.62555163556582
10.01,-3.66720283729784,-0.0803773731136506,-5.73760026505531
10.0125,-3.65191946373821,-0.0803773731136506,-5.70194842839956
10.015,-3.67739175300426,-0.0803773731136506,-5.68666906983281
10.0175,-3.67739175300426,-0.0803773731136506,-5.69176218935506
10.02,-3.76399753650884,-0.0803773731136506,-5.58480667938782
10.0225,-3.65701392159142,-0.075281680307862,-5.58480667938782
10.025,-3.63663609017858,-0.0803773731136506,-5.60517915747682
10.0275,-3.64173054803179,-0.0803773731136506,-5.61027227699907
10.03,-3.66720283729784,-0.0803773731136506,-5.67648283078831
10.0325,-3.64173054803179,-0.0803773731136506,-5.35561630088659
10.035,-3.64173054803179,-0.0803773731136506,-5.67648283078831
10.0375,-3.67229729515105,-0.0803773731136506,-5.64083099413256
10.04,-3.65701392159142,-0.0803773731136506,-5.70194842839956
10.0425,-3.67739175300426,-0.0803773731136506,-5.74778650409981
10.045,-3.66210837944463,-0.0803773731136506,-5.78343834075555
10.0475,-3.66210837944463,-0.0803773731136506,-5.76306586266655
10.05,-3.64173054803179,-0.0803773731136506,-5.29959198614184
10.0525,-3.67229729515105,-0.0803773731136506,-5.73250714553306
10.055,-3.67739175300426,-0.0803773731136506,-5.62045851604357
10.0575,-3.72324187368316,-0.0803773731136506,-5.66629659174381
10.06,-3.66720283729784,-0.0803773731136506,-5.56443420129882
10.0625,-3.6926751265639,-0.0803773731136506,-5.61536539652132
10.065,-3.75380862080242,-0.0803773731136506,-5.64083099413256
10.0675,-3.68758066871069,-0.0803773731136506,-5.62555163556582
10.07,-3.68758066871069,-0.0803773731136506,-5.62045851604357
10.0725,-3.71814741582995,-0.0803773731136506,-5.61027227699907
10.075,-3.6926751265639,-0.0803773731136506,-5.65611035269931
10.0775,-3.70286404227032,-0.0803773731136506,-5.59499291843232
10.08,-3.68248621085748,-0.0803773731136506,-5.57462044034332
10.0825,-3.68248621085748,-0.0803773731136506,-5.54406172320982
10.085,-3.68248621085748,-0.0803773731136506,-5.53387548416532
10.0875,-3.70286404227032,-0.0803773731136506,-5.59499291843232
10.09,-3.69776958441711,-0.0803773731136506,-5.59499291843232
10.0925,-3.69776958441711,-0.0803773731136506,-5.58480667938782
10.095,-3.66720283729784,-0.0803773731136506,-0.10461007344729
10.0975,-3.67739175300426,-0.0803773731136506,-0.10461007344729
10.1,-3.68248621085748,-0.0803773731136506,-0.0995169539250416
10.1025,-3.68758066871069,-0.0803773731136506,-0.10461007344729
10.105,-3.68758066871069,-0.0803773731136506,-0.10461007344729
10.1075,-3.68758066871069,-0.0803773731136506,-5.76306586266655
10.11,-3.68758066871069,-0.0803773731136506,-5.58480667938782
10.1125,-3.68758066871069,-0.0803773731136506,-5.54406172320982
10.115,-3.70286404227032,-0.0803773731136506,-5.51350300607633
10.1175,-3.67739175300426,-0.0803773731136506,-5.59499291843232
10.12,-3.70286404227032,-0.0803773731136506,-5.51350300607633
10.1225,-3.75890307865563,-0.0803773731136506,-5.7681589821888
10.125,-3.77928091006848,-0.0803773731136506,-5.76306586266655
10.1275,-3.82513103074737,-0.0803773731136506,-5.71722778696631
10.13,-3.82003657289416,-0.0803773731136506,-5.60517915747682
10.1325,-3.72833633153637,-0.0803773731136506,-5.64592411365481
10.135,-3.72324187368316,-0.0803773731136506,-5.63573787461031
10.1375,-3.646825005885,-0.0803773731136506,-5.62045851604357
10.14,-3.70286404227032,-0.0803773731136506,-5.61027227699907
10.1425,-3.72324187368316,-0.0803773731136506,-5.56443420129882
10.145,-3.77418645221527,-0.0803773731136506,-5.58989979891007
10.1475,-3.71305295797674,-0.0803773731136506,-5.57971355986557
10.15,-3.73343078938958,-0.075281680307862,-5.74778650409981
10.1525,-3.75380862080242,-0.0803773731136506,-5.64083099413256
10.155,-3.77418645221527,-0.0803773731136506,-5.63573787461031
10.1575,-3.7894698257749,-0.0803773731136506,-5.41673373515358
10.16,-3.75380862080242,-0.0803773731136506,-5.66120347222156
10.1625,-3.74871416294921,-0.0803773731136506,-5.37598877897559
10.165,-3.70795850012353,-0.0803773731136506,-5.67648283078831
10.1675,-3.78437536792169,-0.0803773731136506,-5.63573787461031
10.17,-3.78437536792169,-0.0803773731136506,-5.64083099413256
10.1725,-3.7894698257749,-0.0803773731136506,-5.61027227699907
10.175,-0.0959878821972175,-0.0803773731136506,-5.69176218935506
10.1775,-0.0959878821972175,-0.0803773731136506,-5.70704154792181
10.18,-0.0908934243440065,-0.0803773731136506,-5.65101723317706
10.1825,-0.0959878821972175,-0.075281680307862,-5.72741402601081
10.185,-0.0959878821972175,-0.0803773731136506,-5.71213466744406
10.1875,-0.0959878821972175,-0.0803773731136506,-5.63573787461031
10.19,-0.0959878821972175,-0.0803773731136506,-5.66120347222156
10.1925,-0.0959878821972175,-0.0803773731136506,-5.43201309372033
10.195,-3.75380862080242,-0.0803773731136506,-5.65611035269931
10.1975,-3.79456428362811,-0.0803773731136506,-5.66120347222156
10.2,-3.76399753650884,-0.0803773731136506,-5.68157595031056
10.2025,-3.75380862080242,-0.0803773731136506,-5.36580253993109
10.205,-3.75380862080242,-0.0803773731136506,-5.33524382279759
10.2075,-3.65701392159142,-0.0803773731136506,-5.33524382279759
10.21,-3.65191946373821,-0.0803773731136506,-5.73760026505531
10.2125,-3.646825005885,-0.0803773731136506,-5.66629659174381
10.215,-3.66210837944463,-0.0803773731136506,-5.71722778696631
10.2175,-3.62644717447216,-0.0803773731136506,-5.68666906983281
10.22,-3.64173054803179,-0.0803773731136506,-5.71213466744406
10.2225,-3.62644717447216,-0.0803773731136506,-5.34033694231984
10.225,-3.64173054803179,-0.0803773731136506,-5.33524382279759
10.2275,-3.61625825876574,-0.0803773731136506,-5.67138971126606
10.23,-3.60606934305932,-0.0803773731136506,-5.66120347222156
10.2325,-3.60606934305932,-0.0803773731136506,-5.72741402601081
10.235,-3.60606934305932,-0.0803773731136506,-5.73250714553306
10.2375,-3.60097488520611,-0.0803773731136506,-5.74778650409981
10.24,-3.59588042735289,-0.0803773731136506,-5.7987176993223
10.2425,-0.0959878821972175,-0.0803773731136506,-5.70704154792181
10.245,-0.0908934243440065,-0.0803773731136506,-5.63573787461031
10.2475,-0.0959878821972175,-0.0803773731136506,-5.40654749610908
10.25,-0.0908934243440065,-0.0803773731136506,-5.68666906983281
10.2525,-0.0959878821972175,-0.0803773731136506,-5.66629659174381
10.255,-0.0959878821972175,-0.0803773731136506,-5.73760026505531
10.2575,-0.0908934243440065,-0.0803773731136506,-5.66629659174381
10.26,-0.0908934243440065,-0.0803773731136506,-5.69685530887731
10.2625,-0.0908934243440065,-0.0803773731136506,-5.66629659174381
10.265,-3.48889681243547,-0.0803773731136506,-5.63573787461031
10.2675,-3.52965247526116,-0.0803773731136506,-5.63573787461031
10.27,-3.49399127028868,-0.0803773731136506,-5.68666906983281
10.2725,-3.34625199254558,-0.0803773731136506,-5.67648283078831
10.275,-3.53984139096758,-0.0803773731136506,-5.8496488945448
10.2775,-3.54493584882079,-0.0803773731136506,-5.8394626555003
10.28,-3.41247994463731,-0.0803773731136506,-5.8190901774113
10.2825,-3.33096861898594,-0.0803773731136506,-5.77325210171105
10.285,-3.39719657107768,-0.075281680307862,-5.74269338457756
10.2875,-3.38191319751805,-0.0803773731136506,-5.7681589821888
10.29,-3.34625199254558,-0.0803773731136506,-5.7987176993223
10.2925,-3.34625199254558,-0.0803773731136506,-5.72741402601081
10.295,-3.39719657107768,-0.0803773731136506,-5.7885314602778
10.2975,-3.34115753469236,-0.0803773731136506,-5.69176218935506
10.3,-3.356440908252,-0.0803773731136506,-5.7579727431443
10.3025,-3.32077970327952,-0.0803773731136506,-5.89039385072279
10.305,-3.32077970327952,-0.0803773731136506,-5.68666906983281
10.3075,-3.36153536610521,-0.0803773731136506,-5.68666906983281
10.31,-3.34115753469236,-0.0803773731136506,-5.90567320928954
10.3125,-3.32587416113273,-0.0803773731136506,-5.76306586266655
10.315,-3.29021295616026,-0.0803773731136506,-5.72741402601081
10.3175,-3.31568524542631,-0.075281680307862,-5.72741402601081
10.32,-3.3105907875731,-0.0803773731136506,-5.85474201406705
10.3225,-3.29021295616026,-0.0803773731136506,-5.73250714553306
10.325,-3.39719657107768,-0.0803773731136506,-5.7783452212333
10.3275,-3.30040187186668,-0.075281680307862,-5.7987176993223
10.33,-3.2137960883621,-0.075281680307862,-5.73760026505531
10.3325,-3.24436283548136,-0.0803773731136506,-5.7579727431443
10.335,-3.24945729333457,-0.0803773731136506,-5.76306586266655
10.3375,-3.22907946192173,-0.0803773731136506,-5.69176218935506
10.34,-3.22907946192173,-0.075281680307862,-5.65611035269931
10.3425,-3.22398500406852,-0.0854730659194392,-5.63064475508807
10.345,-3.22398500406852,-0.0803773731136506,-5.80381081884455
10.3475,-3.24945729333457,-0.0803773731136506,-5.7885314602778
10.35,-3.356440908252,-0.0803773731136506,-5.51859612559857
10.3525,-3.26983512474742,-0.0803773731136506,-5.50331676703183
10.355,-3.25455175118779,-0.0803773731136506,-5.74269338457756
10.3575,-3.25455175118779,-0.0803773731136506,-5.73760026505531
10.36,-3.259646209041,-0.0803773731136506,-5.46257181085383
10.3625,-3.28511849830705,-0.0803773731136506,-5.7579727431443
10.365,-3.29021295616026,-0.0803773731136506,-5.7579727431443
10.3675,-3.3105907875731,-0.075281680307862,-5.7783452212333
10.37,-3.35134645039879,-0.0803773731136506,-5.7885314602778
10.3725,-3.33096861898594,-0.0803773731136506,-5.7885314602778
10.375,-3.33606307683915,-0.0803773731136506,-5.7783452212333
10.3775,-3.37172428181163,-0.075281680307862,-5.76306586266655
10.38,-3.38191319751805,-0.0854730659194392,-5.7681589821888
10.3825,-3.44304669175658,-0.0803773731136506,-5.72741402601081
10.385,-3.44814114960979,-0.0803773731136506,-5.70194842839956
10.3875,-3.45833006531621,-0.0803773731136506,-5.70194842839956
10.39,-3.47870789672905,-0.075281680307862,-5.78343834075555
10.3925,-3.51946355955474,-0.0803773731136506,-5.8190901774113
10.395,-3.51946355955474,-0.0803773731136506,-5.84455577502255
10.3975,-0.157121376435745,-0.0803773731136506,-5.8496488945448
10.4,-0.0908934243440065,-0.0803773731136506,-5.51350300607633
10.4025,-0.0959878821972175,-0.0854730659194392,-5.7987176993223
10.405,-3.49908572814189,-0.0803773731136506,-5.7681589821888
10.4075,-3.58569151164647,-0.0803773731136506,-5.71213466744406
10.41,-3.62135271661895,-0.0803773731136506,-5.76306586266655
10.4125,-3.62135271661895,-0.0803773731136506,-5.74778650409981
10.415,-3.60606934305932,-0.0854730659194392,-5.8598351335893
10.4175,-3.61625825876574,-0.0803773731136506,-5.70194842839956
10.42,-3.62644717447216,-0.0803773731136506,-5.71722778696631
10.4225,-3.62644717447216,-0.075281680307862,-5.67648283078831
10.425,-3.63154163232537,-0.0803773731136506,-5.72741402601081
10.4275,-3.646825005885,-0.0803773731136506,-5.69685530887731
10.43,-3.61625825876574,-0.0803773731136506,-5.71722778696631
10.4325,-3.63663609017858,-0.0803773731136506,-5.80381081884455
10.435,-3.60606934305932,-0.0803773731136506,-5.70194842839956
10.4375,-3.63154163232537,-0.0803773731136506,-5.75287962362205
10.44,-3.59078596949968,-0.075281680307862,-5.76306586266655
10.4425,-3.60606934305932,-0.0803773731136506,-5.78343834075555
10.445,-3.59588042735289,-0.0854730659194392,-5.7579727431443
10.4475,-3.59078596949968,-0.0803773731136506,-5.73250714553306
10.45,-3.56021922238042,-0.0803773731136506,-5.74778650409981
10.4525,-3.56021922238042,-0.0803773731136506,-5.75287962362205
10.455,-3.56021922238042,-0.0803773731136506,-5.69176218935506
10.4575,-3.550030306674,-0.0803773731136506,-5.71213466744406
10.46,-3.54493584882079,-0.0803773731136506,-5.70704154792181
10.4625,-3.58059705379326,-0.0803773731136506,-5.71213466744406
10.465,-3.56021922238042,-0.0803773731136506,-5.66120347222156
10.4675,-3.56531368023363,-0.0803773731136506,-5.69685530887731
10.47,-3.57040813808684,-0.0803773731136506,-5.71722778696631
10.4725,-3.56531368023363,-0.0803773731136506,-5.71722778696631
10.475,-3.56531368023363,-0.0803773731136506,-5.72741402601081
10.4775,-3.56531368023363,-0.0803773731136506,-5.71213466744406
10.48,-3.57040813808684,-0.0803773731136506,-5.73250714553306
10.4825,-3.59588042735289,-0.0803773731136506,-5.74269338457756
10.485,-3.60097488520611,-0.0803773731136506,-5.72232090648856
10.4875,-3.60097488520611,-0.0803773731136506,-5.69685530887731
10.49,-3.60097488520611,-0.0803773731136506,-5.70704154792181
10.4925,-3.59588042735289,-0.0803773731136506,-5.80381081884455
10.495,-3.60097488520611,-0.0803773731136506,-5.66120347222156
10.4975,-3.62644717447216,-0.075281680307862,-5.69685530887731
10.5,-3.58059705379326,-0.0803773731136506,-5.72232090648856
10.5025,-3.60097488520611,-0.0803773731136506,-5.72232090648856
10.505,-3.59588042735289,-0.0803773731136506,-5.7987176993223
10.5075,-3.57040813808684,-0.0803773731136506,-5.60517915747682
10.51,-3.59078596949968,-0.0803773731136506,-5.73250714553306
10.5125,-3.59078596949968,-0.0803773731136506,-5.59499291843232
10.515,-3.58059705379326,-0.0803773731136506,-5.8089039383668
10.5175,-3.56531368023363,-0.0803773731136506,-5.59499291843232
10.52,-3.58059705379326,-0.0803773731136506,-5.57971355986557
10.5225,-3.60097488520611,-0.0803773731136506,-5.57971355986557
10.525,-3.53474693311437,-0.0803773731136506,-5.7987176993223
10.5275,-3.51946355955474,-0.0803773731136506,-5.73250714553306
10.53,-3.5041801859951,-0.0803773731136506,-5.67648283078831
10.5325,-3.49399127028868,-0.075281680307862,-5.62045851604357
10.535,-3.48380235458226,-0.0803773731136506,-5.68157595031056
10.5375,-3.48380235458226,-0.0803773731136506,-5.63064475508807
10.54,-3.47361343887584,-0.0854730659194392,-5.69176218935506
10.5425,-3.46342452316942,-0.0803773731136506,-5.67648283078831
10.545,-3.453235607463,-0.0803773731136506,-5.72741402601081
10.5475,-3.44304669175658,-0.0803773731136506,-5.65611035269931
10.55,-3.42776331819694,-0.0854730659194392,-5.74778650409981
10.5525,-3.42776331819694,-0.0803773731136506,-5.67648283078831
10.555,-3.41247994463731,-0.0803773731136506,-5.66120347222156
10.5575,-3.40229102893089,-0.0803773731136506,-5.68157595031056
10.56,-3.39210211322447,-0.0803773731136506,-5.66629659174381
10.5625,-3.38700765537126,-0.0803773731136506,-5.71722778696631
10.565,-3.37681873966484,-0.0803773731136506,-5.65101723317706
10.5675,-3.36662982395842,-0.0803773731136506,-5.74269338457756
10.57,-3.356440908252,-0.0803773731136506,-5.71213466744406
10.5725,-3.32077970327952,-0.0803773731136506,-5.74269338457756
10.575,-3.33606307683915,-0.0803773731136506,-5.76306586266655
10.5775,-3.33096861898594,-0.0803773731136506,-5.61536539652132
10.58,-3.3105907875731,-0.0803773731136506,-5.66120347222156
10.5825,-3.30040187186668,-0.0803773731136506,-5.72741402601081
10.585,-3.29021295616026,-0.0803773731136506,-5.67648283078831
10.5875,-3.28002404045384,-0.0803773731136506,-5.65101723317706
10.59,-3.26983512474742,-0.0854730659194392,-5.69176218935506
10.5925,-3.26983512474742,-0.0803773731136506,-5.68666906983281
10.595,-3.26474066689421,-0.0803773731136506,-5.64083099413256
10.5975,-3.25455175118779,-0.0803773731136506,-5.65101723317706
10.6,-3.24436283548136,-0.0803773731136506,-5.69685530887731
10.6025,-3.22398500406852,-0.0803773731136506,-5.73250714553306
10.605,-3.2137960883621,-0.0803773731136506,-5.74269338457756
10.6075,-3.19851271480247,-0.0803773731136506,-5.70194842839956
10.61,-3.18832379909605,-0.0803773731136506,-5.7681589821888
10.6125,-3.17304042553642,-0.0803773731136506,-5.74778650409981
10.615,-3.15775705197678,-0.0803773731136506,-5.78343834075555
10.6175,-3.14247367841715,-0.0803773731136506,-5.74269338457756
10.62,-3.14247367841715,-0.0803773731136506,-5.73250714553306
10.6225,-3.13228476271073,-0.0803773731136506,-5.73250714553306
10.625,-3.12209584700431,-0.0854730659194392,-5.7885314602778
10.6275,-3.11190693129789,-0.0803773731136506,-5.73760026505531
10.63,-3.10171801559147,-0.0803773731136506,-5.73760026505531
10.6325,-3.08643464203184,-0.0803773731136506,-5.73760026505531
10.635,-3.07624572632541,-0.0803773731136506,-5.74269338457756
10.6375,-3.06096235276578,-0.0803773731136506,-5.74269338457756
10.64,-3.05586789491257,-0.0803773731136506,-5.71722778696631
10.6425,-3.04567897920615,-0.0803773731136506,-5.72232090648856
10.645,-3.05077343705936,-0.0803773731136506,-5.77325210171105
10.6475,-3.05077343705936,-0.0803773731136506,-5.7885314602778
10.65,-3.06605681061899,-0.0803773731136506,-5.77325210171105
10.6525,-3.03549006349973,-0.0803773731136506,-5.74269338457756
10.655,-3.03039560564652,-0.0803773731136506,-5.8089039383668
10.6575,-3.03039560564652,-0.0803773731136506,-5.80381081884455
10.66,-3.03039560564652,-0.0803773731136506,-5.8190901774113
10.6625,-3.03549006349973,-0.0803773731136506,-5.7579727431443
10.665,-3.04058452135294,-0.0803773731136506,-5.87002137263379
10.6675,-3.0711512684722,-0.0803773731136506,-5.7885314602778
10.67,-3.05077343705936,-0.0803773731136506,-5.87511449215604
10.6725,-3.08643464203184,-0.0803773731136506,-5.7987176993223
10.675,-3.08643464203184,-0.0803773731136506,-5.87511449215604
10.6775,-3.12719030485752,-0.0803773731136506,-5.8598351335893
10.68,-3.20360717265568,-0.0803773731136506,-5.80381081884455
10.6825,-3.15775705197678,-0.0803773731136506,-5.7987176993223
10.685,-3.26474066689421,-0.0803773731136506,-5.7987176993223
10.6875,-3.26474066689421,-0.0803773731136506,-5.8089039383668
10.69,-3.26474066689421,-0.0803773731136506,-5.8496488945448
10.6925,-3.26983512474742,-0.0803773731136506,-5.7783452212333
10.695,-3.27492958260063,-0.0803773731136506,-5.81399705788905
10.6975,-3.27492958260063,-0.0803773731136506,-5.7987176993223
10.7,-3.31568524542631,-0.0803773731136506,-5.82418329693355
10.7025,-3.32077970327952,-0.0803773731136506,-5.84455577502255
10.705,-3.30549632971989,-0.0803773731136506,-5.83436953597805
10.7075,-3.3105907875731,-0.0803773731136506,-5.91076632881179
10.71,-3.31568524542631,-0.0803773731136506,-5.85474201406705
10.7125,-3.34625199254558,-0.0803773731136506,-5.8598351335893
10.715,-3.33096861898594,-0.075281680307862,-5.88020761167829
10.7175,-3.34625199254558,-0.0803773731136506,-5.88020761167829
10.72,-3.356440908252,-0.0803773731136506,-5.87002137263379
10.7225,-3.453235607463,-0.0854730659194392,-5.88020761167829
10.725,-3.42776331819694,-0.0803773731136506,-5.85474201406705
10.7275,-3.41757440249052,-0.0803773731136506,-5.87511449215604
10.73,-3.41757440249052,-0.0803773731136506,-5.90058008976729
10.7325,-3.42776331819694,-0.0803773731136506,-5.92095256785629
10.735,-3.44304669175658,-0.0803773731136506,-5.91585944833404
10.7375,-3.43795223390337,-0.0803773731136506,-5.88020761167829
10.74,-3.47361343887584,-0.0803773731136506,-5.87511449215604
10.7425,-3.46342452316942,-0.0803773731136506,-5.91076632881179
10.745,-3.47870789672905,-0.0803773731136506,-5.86492825311154
10.7475,-3.48889681243547,-0.0803773731136506,-5.90567320928954
10.75,-3.49908572814189,-0.0803773731136506,-5.90058008976729
10.7525,-3.49399127028868,-0.0803773731136506,-5.88020761167829
10.755,-0.0959878821972175,-0.0803773731136506,-5.94132504594529
10.7575,-0.0908934243440065,-0.0803773731136506,-5.93623192642304
10.76,-0.0908934243440065,-0.0803773731136506,-5.91585944833404
10.7625,-0.0959878821972175,-0.0803773731136506,-5.92604568737854
10.765,-0.0959878821972175,-0.0854730659194392,-5.88530073120054
10.7675,-0.0959878821972175,-0.0803773731136506,-5.94132504594529
10.77,-3.70795850012353,-0.0803773731136506,-5.90567320928954
10.7725,-3.82513103074737,-0.0803773731136506,-5.90058008976729
10.775,-3.78437536792169,-0.0803773731136506,-5.91585944833404
10.7775,-3.76399753650884,-0.0803773731136506,-5.91585944833404
10.78,-3.79456428362811,-0.0803773731136506,-5.92095256785629
10.7825,-3.79456428362811,-0.0803773731136506,-5.91076632881179
10.785,-3.79456428362811,-0.0803773731136506,-5.90058008976729
10.7875,-3.80475319933453,-0.0803773731136506,-5.90058008976729
10.79,-3.76909199436206,-0.0803773731136506,-5.88530073120054
10.7925,-3.79456428362811,-0.0803773731136506,-5.90058008976729
10.795,-3.75890307865563,-0.0803773731136506,-5.92095256785629
10.7975,-3.75380862080242,-0.075281680307862,-5.87002137263379
10.8,-3.743619705096,-0.0803773731136506,-5.88020761167829
10.8025,-3.743619705096,-0.075281680307862,-5.92604568737854
10.805,-3.75890307865563,-0.0803773731136506,-5.88020761167829
10.8075,-3.72833633153637,-0.0803773731136506,-5.8496488945448
10.81,-3.72324187368316,-0.0803773731136506,-5.88020761167829
10.8125,-3.72324187368316,-0.0803773731136506,-5.86492825311154
10.815,-3.73343078938958,-0.0803773731136506,-5.8496488945448
10.8175,-3.72324187368316,-0.075281680307862,-5.8394626555003
10.82,-3.68758066871069,-0.0803773731136506,-5.84455577502255
10.8225,-3.68248621085748,-0.0803773731136506,-5.82418329693355
10.825,-3.67739175300426,-0.075281680307862,-5.8292764164558
10.8275,-3.68248621085748,-0.0803773731136506,-5.8190901774113
10.83,-3.67229729515105,-0.0803773731136506,-5.89039385072279
10.8325,-3.66210837944463,-0.0803773731136506,-5.80381081884455
10.835,-3.65701392159142,-0.0803773731136506,-5.88020761167829
10.8375,-3.6926751265639,-0.0803773731136506,-5.8292764164558
10.84,-3.65701392159142,-0.0803773731136506,-5.82418329693355
10.8425,-3.646825005885,-0.0803773731136506,-5.8190901774113
10.845,-3.63154163232537,-0.075281680307862,-5.86492825311154
10.8475,-3.646825005885,-0.075281680307862,-5.92604568737854
10.85,-3.63154163232537,-0.0803773731136506,-5.8394626555003
10.8525,-3.63154163232537,-0.0803773731136506,-5.8394626555003
10.855,-3.57040813808684,-0.0803773731136506,-5.8394626555003
10.8575,-3.53984139096758,-0.0803773731136506,-5.8190901774113
10.86,-3.51946355955474,-0.0803773731136506,-5.8598351335893
10.8625,-3.52965247526116,-0.0803773731136506,-5.85474201406705
10.865,-3.48889681243547,-0.0803773731136506,-5.87511449215604
10.8675,-3.47870789672905,-0.0803773731136506,-5.85474201406705
10.87,-3.46851898102263,-0.0854730659194392,-5.84455577502255
10.8725,-3.5041801859951,-0.0803773731136506,-5.87511449215604
10.875,-3.42266886034373,-0.0803773731136506,-5.89039385072279
10.8775,-3.43795223390337,-0.0803773731136506,-5.87002137263379
10.88,-3.39719657107768,-0.0803773731136506,-5.8598351335893
10.8825,-3.33606307683915,-0.0803773731136506,-5.8598351335893
10.885,-3.29530741401347,-0.0803773731136506,-5.86492825311154
10.8875,-3.27492958260063,-0.0803773731136506,-5.86492825311154
10.89,-3.27492958260063,-0.0803773731136506,-5.8598351335893
10.8925,-3.26474066689421,-0.0803773731136506,-5.8496488945448
10.895,-3.21889054621531,-0.0854730659194392,-5.87511449215604
10.8975,-3.20360717265568,-0.0803773731136506,-5.85474201406705
10.9,-3.19851271480247,-0.0803773731136506,-5.8394626555003
10.9025,-3.30040187186668,-0.0803773731136506,-5.86492825311154
10.905,-3.30040187186668,-0.0803773731136506,-5.80381081884455
10.9075,-3.23417391977494,-0.0803773731136506,-5.85474201406705
10.91,-3.17813488338963,-0.0803773731136506,-5.8496488945448
10.9125,-3.17813488338963,-0.0803773731136506,-5.8292764164558
10.915,-3.30549632971989,-0.0803773731136506,-5.8394626555003
10.9175,-3.19851271480247,-0.0803773731136506,-5.8598351335893
10.92,-3.24945729333457,-0.0803773731136506,-5.80381081884455
10.9225,-3.27492958260063,-0.075281680307862,-5.8394626555003
10.925,-3.27492958260063,-0.0803773731136506,-5.8089039383668
10.9275,-3.27492958260063,-0.0803773731136506,-5.7987176993223
10.93,-3.26474066689421,-0.0803773731136506,-5.80381081884455
10.9325,-3.20870163050889,-0.0803773731136506,-5.82418329693355
10.935,-3.259646209041,-0.0803773731136506,-5.80381081884455
10.9375,-3.25455175118779,-0.075281680307862,-5.91076632881179
10.94,-3.25455175118779,-0.0803773731136506,-5.92604568737854
10.9425,-3.23926837762815,-0.0803773731136506,-5.82418329693355
10.945,-3.21889054621531,-0.0803773731136506,-5.89039385072279
10.9475,-3.22398500406852,-0.0803773731136506,-5.8089039383668
10.95,-3.21889054621531,-0.0803773731136506,-5.7987176993223
10.9525,-3.16794596768321,-0.0803773731136506,-5.8394626555003
10.955,-3.15775705197678,-0.0803773731136506,-5.8292764164558
10.9575,-3.18322934124284,-0.0803773731136506,-5.80381081884455
10.96,-3.16285150982999,-0.0803773731136506,-5.87002137263379
10.9625,-3.19341825694926,-0.0803773731136506,-5.8190901774113
10.965,-3.13228476271073,-0.0803773731136506,-5.84455577502255
10.9675,-3.12719030485752,-0.0803773731136506,-5.76306586266655
10.97,-3.14756813627036,-0.0803773731136506,-5.75287962362205
10.9725,-3.15266259412357,-0.0803773731136506,-5.80381081884455
10.975,-3.13228476271073,-0.0803773731136506,-5.74269338457756
10.9775,-3.15775705197678,-0.0803773731136506,-5.81399705788905
10.98,-3.11190693129789,-0.0803773731136506,-5.73250714553306
10.9825,-3.13737922056394,-0.0803773731136506,-5.72741402601081
10.985,-3.13228476271073,-0.0803773731136506,-5.71722778696631
10.9875,-3.18832379909605,-0.0803773731136506,-5.76306586266655
10.99,-3.12209584700431,-0.0803773731136506,-5.76306586266655
10.9925,-3.12209584700431,-0.0803773731136506,-5.74778650409981
10.995,-3.15775705197678,-0.0803773731136506,-5.70704154792181
10.9975,-3.13737922056394,-0.0803773731136506,-5.70194842839956
11,-3.14247367841715,-0.0803773731136506,-5.68157595031056
11.0025,-3.14756813627036,-0.0803773731136506,-5.69685530887731
11.005,-3.16285150982999,-0.0803773731136506,-5.89548697024504
11.0075,-3.17304042553642,-0.0803773731136506,-5.8292764164558
11.01,-3.16794596768321,-0.0803773731136506,-5.89039385072279
11.0125,-3.19851271480247,-0.0803773731136506,-5.97188376307879
11.015,-3.34625199254558,-0.0803773731136506,-5.88020761167829
11.0175,-3.41247994463731,-0.0803773731136506,-5.7681589821888
11.02,-3.41757440249052,-0.0803773731136506,-5.70704154792181
11.0225,-3.40229102893089,-0.075281680307862,-5.73250714553306
11.025,-3.39210211322447,-0.0803773731136506,-5.74778650409981
11.0275,-3.42266886034373,-0.0803773731136506,-5.81399705788905
11.03,-3.43795223390337,-0.0803773731136506,-5.69685530887731
11.0325,-3.46342452316942,-0.0803773731136506,-5.7783452212333
11.035,-3.47870789672905,-0.0803773731136506,-5.73760026505531
11.0375,-3.47870789672905,-0.0803773731136506,-5.72741402601081
11.04,-3.48889681243547,-0.0803773731136506,-5.77325210171105
11.0425,-3.47870789672905,-0.0803773731136506,-5.72741402601081
11.045,-3.48889681243547,-0.0803773731136506,-5.74778650409981
11.0475,-3.49908572814189,-0.0854730659194392,-5.78343834075555
11.05,-3.50927464384831,-0.075281680307862,-5.7579727431443
11.0525,-3.51946355955474,-0.0803773731136506,-5.73250714553306
11.055,-3.53984139096758,-0.0803773731136506,-5.72741402601081
11.0575,-3.56021922238042,-0.0803773731136506,-5.73760026505531
11.06,-3.61116380091253,-0.0803773731136506,-5.88020761167829
11.0625,-3.60097488520611,-0.0803773731136506,-5.8089039383668
11.065,-3.63663609017858,-0.0803773731136506,-5.7987176993223
11.0675,-3.62644717447216,-0.0803773731136506,-5.7987176993223
11.07,-3.62644717447216,-0.0803773731136506,-5.73760026505531
11.0725,-3.63154163232537,-0.0803773731136506,-5.70704154792181
11.075,-3.64173054803179,-0.0803773731136506,-5.72741402601081
11.0775,-3.66210837944463,-0.0803773731136506,-5.90058008976729
11.08,-3.66720283729784,-0.0803773731136506,-5.71722778696631
11.0825,-3.67739175300426,-0.0803773731136506,-5.8190901774113
11.085,-3.6926751265639,-0.0803773731136506,-5.7987176993223
11.0875,-3.73852524724279,-0.0803773731136506,-5.71213466744406
11.09,-3.73343078938958,-0.0803773731136506,-5.80381081884455
11.0925,-3.77928091006848,-0.0803773731136506,-5.91076632881179
11.095,-3.76909199436206,-0.0854730659194392,-5.71722778696631
11.0975,-3.83531994645379,-0.0803773731136506,-5.69176218935506
11.1,-3.82003657289416,-0.0803773731136506,-5.68666906983281
11.1025,-3.83531994645379,-0.0803773731136506,-5.8292764164558
11.105,-3.840414404307,-0.0803773731136506,-5.84455577502255
11.1075,-3.84550886216021,-0.0803773731136506,-5.76306586266655
11.11,-3.85569777786664,-0.0803773731136506,-5.76306586266655
11.1125,-3.86079223571985,-0.0803773731136506,-5.77325210171105
11.115,-3.88117006713269,-0.0803773731136506,-5.7783452212333
11.1175,-3.88117006713269,-0.0803773731136506,-5.76306586266655
11.12,-3.87607560927948,-0.0803773731136506,-5.7579727431443
11.1225,-3.87098115142627,-0.0803773731136506,-5.69176218935506
11.125,-3.83531994645379,-0.075281680307862,-5.74778650409981
11.1275,-3.86588669357306,-0.0803773731136506,-5.87511449215604
11.13,-3.840414404307,-0.0803773731136506,-5.66629659174381
11.1325,-3.840414404307,-0.0803773731136506,-5.87002137263379
11.135,-3.83531994645379,-0.0803773731136506,-5.77325210171105
11.1375,-3.84550886216021,-0.0803773731136506,-5.76306586266655
11.14,-3.80475319933453,-0.075281680307862,-5.7885314602778
11.1425,-3.80475319933453,-0.0803773731136506,-5.7783452212333
11.145,-3.80475319933453,-0.0803773731136506,-5.7579727431443
11.1475,-3.79965874148132,-0.0803773731136506,-5.7579727431443
11.15,-3.80475319933453,-0.075281680307862,-5.74778650409981
11.1525,-3.7894698257749,-0.0803773731136506,-5.72741402601081
11.155,-3.79456428362811,-0.0803773731136506,-5.70194842839956
11.1575,-3.80984765718774,-0.0803773731136506,-5.90567320928954
11.16,-3.78437536792169,-0.0803773731136506,-5.65101723317706
11.1625,-3.77928091006848,-0.0854730659194392,-5.70704154792181
11.165,-3.75380862080242,-0.075281680307862,-5.68157595031056
11.1675,-3.743619705096,-0.0803773731136506,-5.81399705788905
11.17,-3.77418645221527,-0.0803773731136506,-5.67138971126606
11.1725,-3.77418645221527,-0.0803773731136506,-5.72741402601081
11.175,-3.71814741582995,-0.0803773731136506,-5.72232090648856
11.1775,-3.70795850012353,-0.0803773731136506,-5.71722778696631
11.18,-3.70286404227032,-0.0803773731136506,-5.70194842839956
11.1825,-3.78437536792169,-0.0803773731136506,-5.67138971126606
11.185,-3.65701392159142,-0.0803773731136506,-5.81399705788905
11.1875,-3.62135271661895,-0.0803773731136506,-5.78343834075555
11.19,-3.60097488520611,-0.0803773731136506,-5.73760026505531
11.1925,-3.60606934305932,-0.0803773731136506,-5.7681589821888
11.195,-3.59078596949968,-0.0803773731136506,-5.74778650409981
11.1975,-3.53474693311437,-0.0803773731136506,-5.91585944833404
11.2,-3.53984139096758,-0.075281680307862,-5.71213466744406
11.2025,-3.5041801859951,-0.0803773731136506,-5.72741402601081
11.205,-3.5041801859951,-0.0803773731136506,-5.8292764164558
11.2075,-3.51946355955474,-0.0803773731136506,-5.7987176993223
11.21,-3.41247994463731,-0.0803773731136506,-5.7885314602778
11.2125,-3.39210211322447,-0.0803773731136506,-5.74269338457756
11.215,-3.37681873966484,-0.0803773731136506,-5.76306586266655
11.2175,-3.36662982395842,-0.0803773731136506,-5.7579727431443
11.22,-3.34625199254558,-0.0803773731136506,-5.76306586266655
11.2225,-3.33606307683915,-0.0803773731136506,-5.73250714553306
11.225,-3.32077970327952,-0.0854730659194392,-5.73250714553306
11.2275,-3.33606307683915,-0.0803773731136506,-5.73760026505531
11.23,-3.28511849830705,-0.0803773731136506,-5.7579727431443
11.2325,-3.28002404045384,-0.0803773731136506,-5.76306586266655
11.235,-3.26474066689421,-0.0803773731136506,-5.71213466744406
11.2375,-3.25455175118779,-0.0803773731136506,-5.72232090648856
11.24,-3.23926837762815,-0.0803773731136506,-5.7579727431443
11.2425,-3.22907946192173,-0.0803773731136506,-5.68157595031056
11.245,-3.22398500406852,-0.0803773731136506,-5.68157595031056
11.2475,-3.2137960883621,-0.0803773731136506,-5.67138971126606
11.25,-3.22907946192173,-0.0803773731136506,-5.67648283078831
11.2525,-3.22398500406852,-0.0803773731136506,-5.67648283078831
11.255,-3.2137960883621,-0.0803773731136506,-5.66629659174381
11.2575,-3.18322934124284,-0.0803773731136506,-5.69176218935506
11.26,-3.18322934124284,-0.0803773731136506,-5.71722778696631
11.2625,-3.17304042553642,-0.0803773731136506,-5.70704154792181
11.265,-3.17304042553642,-0.0803773731136506,-5.69685530887731
11.2675,-3.14247367841715,-0.0803773731136506,-5.80381081884455
11.27,-3.16285150982999,-0.0803773731136506,-5.81399705788905
11.2725,-3.15775705197678,-0.0803773731136506,-5.73760026505531
11.275,-3.13228476271073,-0.0803773731136506,-5.7783452212333
11.2775,-3.17304042553642,-0.0803773731136506,-5.78343834075555
11.28,-3.14247367841715,-0.0803773731136506,-5.76306586266655
11.2825,-3.16794596768321,-0.0803773731136506,-5.73250714553306
11.285,-3.16794596768321,-0.0803773731136506,-5.87511449215604
11.2875,-3.18832379909605,-0.0803773731136506,-5.83436953597805
11.29,-3.16794596768321,-0.0803773731136506,-5.8292764164558
11.2925,-3.16285150982999,-0.0803773731136506,-5.8089039383668
11.295,-3.19851271480247,-0.0803773731136506,-5.71722778696631
11.2975,-3.18322934124284,-0.0803773731136506,-5.71213466744406
11.3,-3.20360717265568,-0.0803773731136506,-5.69176218935506
11.3025,-3.21889054621531,-0.0803773731136506,-5.68157595031056
11.305,-3.23417391977494,-0.0803773731136506,-5.70194842839956
11.3075,-3.22907946192173,-0.0854730659194392,-5.69176218935506
11.31,-3.22398500406852,-0.075281680307862,-5.66120347222156
11.3125,-3.28511849830705,-0.0803773731136506,-5.66629659174381
11.315,-3.28511849830705,-0.0803773731136506,-5.72232090648856
11.3175,-3.29530741401347,-0.0803773731136506,-5.76306586266655
11.32,-3.31568524542631,-0.0803773731136506,-5.76306586266655
11.3225,-3.27492958260063,-0.0803773731136506,-5.75287962362205
11.325,-3.27492958260063,-0.0803773731136506,-5.7783452212333
11.3275,-3.29530741401347,-0.0803773731136506,-5.73250714553306
11.33,-3.32077970327952,-0.075281680307862,-5.69685530887731
11.3325,-3.32077970327952,-0.0803773731136506,-5.7579727431443
11.335,-3.32587416113273,-0.0803773731136506,-5.7579727431443
11.3375,-3.30549632971989,-0.0803773731136506,-5.74778650409981
11.34,-3.3105907875731,-0.0803773731136506,-5.74269338457756
11.3425,-3.32077970327952,-0.0803773731136506,-5.75287962362205
11.345,-3.37172428181163,-0.0803773731136506,-5.71722778696631
11.3475,-3.36662982395842,-0.0803773731136506,-5.76306586266655
11.35,-3.39719657107768,-0.0803773731136506,-5.69176218935506
11.3525,-3.37681873966484,-0.0803773731136506,-5.73250714553306
11.355,-3.38191319751805,-0.075281680307862,-5.69685530887731
11.3575,-3.38191319751805,-0.075281680307862,-5.70704154792181
11.36,-3.40229102893089,-0.0803773731136506,-5.70194842839956
11.3625,-3.41247994463731,-0.0803773731136506,-5.74269338457756
11.365,-3.41757440249052,-0.0803773731136506,-5.80381081884455
11.3675,-3.43285777605016,-0.0803773731136506,-5.7681589821888
11.37,-3.42776331819694,-0.0803773731136506,-5.73250714553306
11.3725,-3.44814114960979,-0.0803773731136506,-5.72741402601081
11.375,-3.49399127028868,-0.0803773731136506,-5.77325210171105
11.3775,-3.5041801859951,-0.0803773731136506,-5.70704154792181
11.38,-3.52965247526116,-0.0803773731136506,-5.82418329693355
11.3825,-3.51436910170153,-0.075281680307862,-5.70194842839956
11.385,-3.56021922238042,-0.0803773731136506,-5.73250714553306
11.3875,-3.56531368023363,-0.0803773731136506,-5.72232090648856
11.39,-3.52965247526116,-0.0803773731136506,-5.71722778696631
11.3925,-3.52965247526116,-0.0803773731136506,-5.74778650409981
11.395,-3.59078596949968,-0.0803773731136506,-5.69176218935506
11.3975,-3.60097488520611,-0.0803773731136506,-5.69685530887731
11.4,-3.55512476452721,-0.0803773731136506,-5.71213466744406
11.4025,-3.56531368023363,-0.0803773731136506,-5.77325210171105
11.405,-3.57550259594005,-0.0803773731136506,-5.69685530887731
11.4075,-3.58059705379326,-0.0803773731136506,-5.7579727431443
11.41,-3.62135271661895,-0.0803773731136506,-5.77325210171105
11.4125,-3.63154163232537,-0.0854730659194392,-5.75287962362205
11.415,-3.63154163232537,-0.0803773731136506,-5.66629659174381
11.4175,-3.63663609017858,-0.0803773731136506,-5.7579727431443
11.42,-3.67739175300426,-0.0803773731136506,-5.72741402601081
11.4225,-3.70286404227032,-0.0803773731136506,-5.74269338457756
11.425,-3.64173054803179,-0.0803773731136506,-5.66120347222156
11.4275,-3.67229729515105,-0.0803773731136506,-5.69685530887731
11.43,-3.67739175300426,-0.0803773731136506,-5.74778650409981
11.4325,-3.68248621085748,-0.0803773731136506,-5.75287962362205
11.435,-3.68758066871069,-0.0803773731136506,-5.69685530887731
11.4375,-3.68248621085748,-0.075281680307862,-5.70194842839956
11.44,-3.68248621085748,-0.0803773731136506,-5.71722778696631
11.4425,-3.70286404227032,-0.0803773731136506,-5.73760026505531
11.445,-3.72833633153637,-0.0803773731136506,-5.73760026505531
11.4475,-3.68248621085748,-0.0803773731136506,-5.73250714553306
11.45,-3.68248621085748,-0.0803773731136506,-5.70194842839956
11.4525,-3.65191946373821,-0.0803773731136506,-5.72232090648856
11.455,-3.646825005885,-0.075281680307862,-5.71722778696631
11.4575,-3.65191946373821,-0.0803773731136506,-5.73250714553306
11.46,-3.67739175300426,-0.0803773731136506,-5.73760026505531
11.4625,-3.67739175300426,-0.0854730659194392,-5.72741402601081
11.465,-3.65701392159142,-0.0803773731136506,-5.87511449215604
11.4675,-3.65701392159142,-0.0803773731136506,-5.73250714553306
11.47,-3.65701392159142,-0.0803773731136506,-5.74269338457756
11.4725,-3.65701392159142,-0.0803773731136506,-5.73760026505531
11.475,-3.66210837944463,-0.0803773731136506,-5.74269338457756
11.4775,-3.64173054803179,-0.0803773731136506,-5.74778650409981
11.48,-3.61625825876574,-0.0803773731136506,-5.7579727431443
11.4825,-3.63154163232537,-0.0803773731136506,-5.8394626555003
11.485,-3.69776958441711,-0.0803773731136506,-5.82418329693355
11.4875,-3.65701392159142,-0.0803773731136506,-5.76306586266655
11.49,-3.65191946373821,-0.075281680307862,-5.76306586266655
11.4925,-3.550030306674,-0.0803773731136506,-5.75287962362205
11.495,-3.59588042735289,-0.0803773731136506,-5.78343834075555
11.4975,-3.550030306674,-0.0803773731136506,-5.80381081884455
11.5,-3.53474693311437,-0.0803773731136506,-5.74778650409981
11.5025,-3.52455801740795,-0.0803773731136506,-5.7681589821888
11.505,-3.53984139096758,-0.0803773731136506,-5.7783452212333
11.5075,-3.53474693311437,-0.075281680307862,-5.7783452212333
11.51,-3.52965247526116,-0.0803773731136506,-5.8089039383668
11.5125,-3.49399127028868,-0.075281680307862,-5.81399705788905
11.515,-3.51436910170153,-0.0803773731136506,-5.8394626555003
11.5175,-3.51946355955474,-0.0803773731136506,-5.8394626555003
11.52,-3.51436910170153,-0.0803773731136506,-5.7579727431443
11.5225,-0.0959878821972175,-0.0803773731136506,-5.7885314602778
11.525,-0.0959878821972175,-0.0803773731136506,-5.7987176993223
11.5275,-0.0908934243440065,-0.0803773731136506,-5.80381081884455
11.53,-0.0908934243440065,-0.0803773731136506,-5.84455577502255
11.5325,-0.0959878821972175,-0.0803773731136506,-5.8598351335893
11.535,-0.0959878821972175,-0.0803773731136506,-5.77325210171105
11.5375,-0.0959878821972175,-0.0803773731136506,-5.82418329693355
11.54,-0.0959878821972175,-0.0803773731136506,-5.8394626555003
11.5425,-0.0959878821972175,-0.0803773731136506,-5.8089039383668
11.545,-3.56531368023363,-0.0803773731136506,-5.80381081884455
11.5475,-3.45833006531621,-0.0803773731136506,-5.77325210171105
11.55,-3.47870789672905,-0.0803773731136506,-5.80381081884455
11.5525,-3.46851898102263,-0.0803773731136506,-5.8394626555003
11.555,-3.47361343887584,-0.0803773731136506,-5.7681589821888
11.5575,-3.48380235458226,-0.0803773731136506,-5.7783452212333
11.56,-3.45833006531621,-0.0803773731136506,-5.94132504594529
11.5625,-3.43285777605016,-0.0803773731136506,-5.8598351335893
11.565,-3.45833006531621,-0.0803773731136506,-5.7885314602778
11.5675,-3.43795223390337,-0.0803773731136506,-5.7681589821888
11.57,-3.44814114960979,-0.0803773731136506,-5.7579727431443
11.5725,-3.54493584882079,-0.0803773731136506,-5.85474201406705
11.575,-3.54493584882079,-0.0803773731136506,-5.84455577502255
11.5775,-3.52455801740795,-0.0803773731136506,-5.7579727431443
11.58,-3.54493584882079,-0.0803773731136506,-5.74269338457756
11.5825,-3.57550259594005,-0.0803773731136506,-5.85474201406705
11.585,-3.58569151164647,-0.0803773731136506,-5.74778650409981
11.5875,-3.59078596949968,-0.0803773731136506,-5.74269338457756
11.59,-3.63154163232537,-0.0803773731136506,-5.72741402601081
11.5925,-3.61625825876574,-0.0803773731136506,-5.7783452212333
11.595,-3.65191946373821,-0.0803773731136506,-5.8190901774113
11.5975,-3.66210837944463,-0.0803773731136506,-5.69176218935506
11.6,-3.66720283729784,-0.0803773731136506,-5.82418329693355
11.6025,-3.67229729515105,-0.0803773731136506,-5.81399705788905
11.605,-3.66720283729784,-0.0803773731136506,-5.8190901774113
11.6075,-3.67739175300426,-0.0803773731136506,-5.74778650409981
11.61,-3.68248621085748,-0.0803773731136506,-5.74778650409981
11.6125,-3.68758066871069,-0.0803773731136506,-5.72741402601081
11.615,-3.68758066871069,-0.0803773731136506,-5.87002137263379
11.6175,-3.71305295797674,-0.0803773731136506,-5.72232090648856
11.62,-3.71305295797674,-0.0803773731136506,-5.78343834075555
11.6225,-3.71305295797674,-0.0803773731136506,-5.8089039383668
11.625,-3.71305295797674,-0.0803773731136506,-5.85474201406705
11.6275,-3.72324187368316,-0.0803773731136506,-5.76306586266655
11.63,-3.70795850012353,-0.0803773731136506,-5.8292764164558
11.6325,-3.72833633153637,-0.0803773731136506,-5.78343834075555
11.635,-3.73343078938958,-0.0803773731136506,-5.78343834075555
11.6375,-3.71305295797674,-0.0803773731136506,-5.71722778696631
11.64,-3.71814741582995,-0.0803773731136506,-5.72232090648856
11.6425,-3.72324187368316,-0.0803773731136506,-5.76306586266655
11.645,-3.72324187368316,-0.0803773731136506,-5.76306586266655
11.6475,-3.71814741582995,-0.0803773731136506,-5.7783452212333
11.65,-3.72324187368316,-0.0803773731136506,-5.69685530887731
11.6525,-3.75890307865563,-0.0803773731136506,-5.71213466744406
11.655,-3.76399753650884,-0.0854730659194392,-5.88020761167829
11.6575,-3.74871416294921,-0.0803773731136506,-5.7885314602778
11.66,-3.73343078938958,-0.0803773731136506,-5.77325210171105
11.6625,-3.73343078938958,-0.0803773731136506,-5.75287962362205
11.665,-3.73852524724279,-0.0803773731136506,-5.74269338457756
11.6675,-3.80475319933453,-0.0803773731136506,-5.80381081884455
11.67,-3.74871416294921,-0.0803773731136506,-5.76306586266655
11.6725,-3.75380862080242,-0.0803773731136506,-5.84455577502255
11.675,-3.77928091006848,-0.0803773731136506,-5.7987176993223
11.6775,-3.80475319933453,-0.0803773731136506,-5.8496488945448
11.68,-3.77928091006848,-0.0803773731136506,-5.70704154792181
11.6825,-3.7894698257749,-0.0803773731136506,-5.7579727431443
11.685,-3.82003657289416,-0.0803773731136506,-5.74778650409981
11.6875,-3.80475319933453,-0.0803773731136506,-5.77325210171105
11.69,-3.80984765718774,-0.0803773731136506,-5.72232090648856
11.6925,-3.80475319933453,-0.0803773731136506,-5.70704154792181
11.695,-3.80984765718774,-0.0803773731136506,-5.71213466744406
11.6975,-3.81494211504095,-0.0803773731136506,-5.70704154792181
11.7,-3.82003657289416,-0.0803773731136506,-5.68157595031056
11.7025,-3.85060332001342,-0.0803773731136506,-5.7681589821888
11.705,-3.82003657289416,-0.0803773731136506,-5.72232090648856
11.7075,-3.82003657289416,-0.0803773731136506,-5.70704154792181
11.71,-3.82003657289416,-0.0803773731136506,-5.67138971126606
11.7125,-3.82513103074737,-0.0803773731136506,-5.7579727431443
11.715,-3.82513103074737,-0.0803773731136506,-5.7681589821888
11.7175,-3.81494211504095,-0.0803773731136506,-5.74778650409981
11.72,-3.83531994645379,-0.0803773731136506,-5.70194842839956
11.7225,-3.82513103074737,-0.0803773731136506,-5.91076632881179
11.725,-3.82513103074737,-0.0803773731136506,-5.68157595031056
11.7275,-3.81494211504095,-0.0803773731136506,-5.65611035269931
11.73,-3.82003657289416,-0.0803773731136506,-5.69685530887731
11.7325,-3.83531994645379,-0.0803773731136506,-5.72232090648856
11.735,-3.81494211504095,-0.0803773731136506,-5.62555163556582
11.7375,-3.80984765718774,-0.0803773731136506,-5.65101723317706
11.74,-3.80984765718774,-0.0803773731136506,-5.71722778696631
11.7425,-3.80984765718774,-0.0803773731136506,-5.7885314602778
11.745,-3.80475319933453,-0.0803773731136506,-5.63573787461031
11.7475,-3.79965874148132,-0.0803773731136506,-5.67648283078831
11.75,-3.79965874148132,-0.0854730659194392,-5.63064475508807
11.7525,-3.81494211504095,-0.0803773731136506,-5.84455577502255
11.755,-3.76909199436206,-0.0803773731136506,-5.61027227699907
11.7575,-3.73852524724279,-0.0803773731136506,-5.73250714553306
11.76,-3.79965874148132,-0.0803773731136506,-5.74269338457756
11.7625,-3.77418645221527,-0.0803773731136506,-5.7579727431443
11.765,-3.82513103074737,-0.0803773731136506,-5.64083099413256
11.7675,-3.77418645221527,-0.0803773731136506,-5.63573787461031
11.77,-3.77418645221527,-0.0803773731136506,-5.74778650409981
11.7725,-3.79456428362811,-0.0803773731136506,-5.75287962362205
11.775,-3.7894698257749,-0.0803773731136506,-5.70704154792181
11.7775,-3.77418645221527,-0.0803773731136506,-5.80381081884455
11.78,-3.76399753650884,-0.0803773731136506,-5.73250714553306
11.7825,-3.82513103074737,-0.0803773731136506,-5.85474201406705
11.785,-3.743619705096,-0.0803773731136506,-5.74778650409981
11.7875,-3.75890307865563,-0.0803773731136506,-5.77325210171105
11.79,-3.73343078938958,-0.0803773731136506,-5.70194842839956
11.7925,-3.70286404227032,-0.0803773731136506,-5.7783452212333
11.795,-3.76399753650884,-0.0803773731136506,-5.72741402601081
11.7975,-3.70286404227032,-0.0803773731136506,-5.68157595031056
11.8,-3.71305295797674,-0.0803773731136506,-5.67648283078831
11.8025,-3.70286404227032,-0.0803773731136506,-5.66629659174381
11.805,-3.65701392159142,-0.0803773731136506,-5.73760026505531
11.8075,-3.64173054803179,-0.0803773731136506,-5.72741402601081
11.81,-3.64173054803179,-0.0803773731136506,-5.73760026505531
11.8125,-3.60606934305932,-0.0803773731136506,-5.72741402601081
11.815,-3.60097488520611,-0.0803773731136506,-5.79362457980005
11.8175,-3.61625825876574,-0.0803773731136506,-5.74778650409981
11.82,-3.57550259594005,-0.0803773731136506,-5.72232090648856
11.8225,-3.56531368023363,-0.0803773731136506,-5.75287962362205
11.825,-3.550030306674,-0.0803773731136506,-5.88020761167829
11.8275,-3.56531368023363,-0.0803773731136506,-5.74269338457756
11.83,-3.52965247526116,-0.0803773731136506,-5.74778650409981
11.8325,-3.51946355955474,-0.0803773731136506,-5.74778650409981
11.835,-3.49908572814189,-0.0803773731136506,-5.77325210171105
11.8375,-3.47361343887584,-0.0803773731136506,-5.7681589821888
11.84,-3.46342452316942,-0.0803773731136506,-5.73250714553306
11.8425,-3.46342452316942,-0.0803773731136506,-5.72232090648856
11.845,-3.44304669175658,-0.0803773731136506,-5.87511449215604
11.8475,-3.43795223390337,-0.0803773731136506,-5.82418329693355
11.85,-3.40229102893089,-0.0803773731136506,-5.7987176993223
11.8525,-3.40229102893089,-0.0803773731136506,-5.91585944833404
11.855,-3.39719657107768,-0.0854730659194392,-5.87511449215604
11.8575,-3.356440908252,-0.0803773731136506,-5.88020761167829
11.86,-3.34625199254558,-0.0803773731136506,-5.87002137263379
11.8625,-3.30040187186668,-0.0803773731136506,-5.87002137263379
11.865,-3.28511849830705,-0.0803773731136506,-5.91076632881179
11.8675,-3.31568524542631,-0.0803773731136506,-5.90567320928954
11.87,-3.28511849830705,-0.075281680307862,-5.90567320928954
11.8725,-3.28002404045384,-0.0803773731136506,-5.88530073120054
11.875,-3.27492958260063,-0.0803773731136506,-5.90058008976729
11.8775,-3.26983512474742,-0.0803773731136506,-5.95151128498979
11.88,-3.29530741401347,-0.0803773731136506,-5.88530073120054
11.8825,-3.3105907875731,-0.0854730659194392,-5.89039385072279
11.885,-3.24436283548136,-0.0803773731136506,-5.88020761167829
11.8875,-3.24945729333457,-0.0803773731136506,-5.8598351335893
11.89,-3.24436283548136,-0.0803773731136506,-6.07374615352378
11.8925,-3.23926837762815,-0.0854730659194392,-5.88020761167829
11.895,-3.23926837762815,-0.0803773731136506,-5.87511449215604
11.8975,-3.27492958260063,-0.0803773731136506,-6.06355991447928
11.9,-3.27492958260063,-0.0803773731136506,-5.96169752403429
11.9025,-3.27492958260063,-0.0803773731136506,-5.90567320928954
11.905,-0.0959878821972175,-0.0803773731136506,-5.90058008976729
11.9075,-0.0908934243440065,-0.075281680307862,-5.93623192642304
11.91,-0.0908934243440065,-0.0803773731136506,-5.95660440451204
11.9125,-0.0959878821972175,-0.0803773731136506,-5.96169752403429
11.915,-0.0959878821972175,-0.0803773731136506,-6.04318743639028
11.9175,-3.5041801859951,-0.0803773731136506,-5.95660440451204
11.92,-3.49399127028868,-0.0803773731136506,-5.93113880690079
11.9225,-3.51946355955474,-0.0803773731136506,-5.8496488945448
11.925,-3.51436910170153,-0.0803773731136506,-5.95151128498979
11.9275,-3.5041801859951,-0.0803773731136506,-5.97188376307879
11.93,-3.57040813808684,-0.0803773731136506,-5.97697688260104
11.9325,-3.60606934305932,-0.0803773731136506,-6.06865303400153
11.935,-3.57550259594005,-0.0854730659194392,-5.97697688260104
11.9375,-3.67229729515105,-0.0803773731136506,-5.99225624116778
11.94,-3.64173054803179,-0.0803773731136506,-6.02281495830128
11.9425,-3.646825005885,-0.0803773731136506,-5.86492825311154
11.945,-3.69776958441711,-0.0803773731136506,-5.87511449215604
11.9475,-3.65701392159142,-0.0803773731136506,-6.04828055591253
11.95,-3.71305295797674,-0.0803773731136506,-6.04318743639028
11.9525,-3.72324187368316,-0.0803773731136506,-6.08902551209053
11.955,-3.70795850012353,-0.0803773731136506,-6.05846679495703
11.9575,-3.71305295797674,-0.0803773731136506,-6.04828055591253
11.96,-3.71305295797674,-0.0803773731136506,-6.01262871925678
11.9625,-3.71305295797674,-0.0803773731136506,-6.10939799017952
11.965,-3.71305295797674,-0.0803773731136506,-6.11449110970177
11.9675,-3.67229729515105,-0.0803773731136506,-5.96169752403429
11.97,-3.76399753650884,-0.0803773731136506,-5.95151128498979
11.9725,-3.68248621085748,-0.0803773731136506,-5.96169752403429
11.975,-3.67739175300426,-0.0803773731136506,-6.00244248021228
11.9775,-3.6926751265639,-0.0803773731136506,-5.95151128498979
11.98,-3.70286404227032,-0.0803773731136506,-6.16542230492427
11.9825,-3.6926751265639,-0.0803773731136506,-6.15014294635752
11.985,-3.68758066871069,-0.0803773731136506,-5.98716312164553
11.9875,-3.68758066871069,-0.075281680307862,-5.94132504594529
11.99,-3.68758066871069,-0.0803773731136506,-5.90058008976729
11.9925,-3.69776958441711,-0.0803773731136506,-5.91585944833404
11.995,-3.72833633153637,-0.0854730659194392,-6.02790807782353
11.9975,-3.70795850012353,-0.0803773731136506,-6.02790807782353
12,-3.70795850012353,-0.0803773731136506,-5.92604568737854
12.0025,-3.66210837944463,-0.0803773731136506,-5.93623192642304
12.005,-3.58059705379326,-0.0803773731136506,-5.92604568737854
12.0075,-3.57550259594005,-0.0803773731136506,-6.12467734874627
12.01,-3.57550259594005,-0.0803773731136506,-6.04318743639028
12.0125,-3.53984139096758,-0.0803773731136506,-5.98207000212328
12.015,-3.56021922238042,-0.0803773731136506,-6.10939799017952
12.0175,-3.53474693311437,-0.0803773731136506,-5.94132504594529
12.02,-3.56021922238042,-0.0803773731136506,-5.93113880690079
12.0225,-3.63154163232537,-0.0803773731136506,-5.94132504594529
12.025,-3.550030306674,-0.0803773731136506,-5.93623192642304
12.0275,-3.54493584882079,-0.0803773731136506,-0.10970319296954
12.03,-3.56021922238042,-0.0803773731136506,-0.10461007344729
12.0325,-3.57040813808684,-0.0803773731136506,-0.0995169539250416
12.035,-3.58059705379326,-0.0803773731136506,-0.0995169539250416
12.0375,-3.7894698257749,-0.0803773731136506,-0.10461007344729
12.04,-3.79965874148132,-0.0803773731136506,-0.10461007344729
12.0425,-3.67229729515105,-0.0803773731136506,-6.02790807782353
12.045,-3.6926751265639,-0.0854730659194392,-5.94132504594529
12.0475,-3.68758066871069,-0.0803773731136506,-5.96169752403429
12.05,-3.6926751265639,-0.0803773731136506,-5.94132504594529
12.0525,-3.743619705096,-0.0803773731136506,-5.94641816546754
12.055,-3.71305295797674,-0.0803773731136506,-5.94641816546754
12.0575,-3.72833633153637,-0.075281680307862,-0.10970319296954
12.06,-3.6926751265639,-0.0803773731136506,-5.91585944833404
12.0625,-3.70286404227032,-0.075281680307862,-5.91585944833404
12.065,-3.80984765718774,-0.0803773731136506,-5.93113880690079
12.0675,-3.71305295797674,-0.0803773731136506,-0.10970319296954
12.07,-3.71305295797674,-0.0854730659194392,-0.0995169539250416
12.0725,-3.71814741582995,-0.0803773731136506,-0.0995169539250416
12.075,-3.71814741582995,-0.0803773731136506,-0.0995169539250416
12.0775,-3.72833633153637,-0.0803773731136506,-0.0995169539250416
12.08,-3.72833633153637,-0.0803773731136506,-0.0995169539250416
12.0825,-3.74871416294921,-0.0803773731136506,-0.0995169539250416
12.085,-3.743619705096,-0.0803773731136506,-0.0995169539250416
12.0875,-3.76399753650884,-0.0803773731136506,-0.0995169539250416
12.09,-3.75890307865563,-0.0803773731136506,-0.0995169539250416
12.0925,-3.78437536792169,-0.0803773731136506,-0.0995169539250416
12.095,-3.75380862080242,-0.0803773731136506,-0.0995169539250416
12.0975,-3.77928091006848,-0.0803773731136506,-0.0995169539250416
12.1,-3.74871416294921,-0.0803773731136506,-5.94132504594529
12.1025,-3.76399753650884,-0.0803773731136506,-5.95151128498979
12.105,-3.76399753650884,-0.0803773731136506,-5.85474201406705
12.1075,-3.77418645221527,-0.0803773731136506,-5.86492825311154
12.11,-3.77928091006848,-0.0803773731136506,-5.94132504594529
12.1125,-3.73852524724279,-0.075281680307862,-5.91585944833404
12.115,-3.74871416294921,-0.0803773731136506,-5.90567320928954
12.1175,-3.743619705096,-0.0803773731136506,-5.82418329693355
12.12,-3.73852524724279,-0.0803773731136506,-5.82418329693355
12.1225,-3.72833633153637,-0.0803773731136506,-5.76306586266655
12.125,-3.72324187368316,-0.0803773731136506,-5.7681589821888
12.1275,-3.74871416294921,-0.0803773731136506,-5.82418329693355
12.13,-3.74871416294921,-0.0803773731136506,-5.83436953597805
12.1325,-3.72833633153637,-0.0803773731136506,-5.8292764164558
12.135,-3.72833633153637,-0.0803773731136506,-0.114796312491791
12.1375,-3.72833633153637,-0.0803773731136506,-0.0995169539250416
12.14,-3.72324187368316,-0.075281680307862,-0.0995169539250416
12.1425,-3.72324187368316,-0.0803773731136506,-0.0995169539250416
12.145,-3.73343078938958,-0.0803773731136506,-0.0995169539250416
12.1475,-3.71305295797674,-0.0803773731136506,-0.0995169539250416
12.15,-3.77418645221527,-0.0803773731136506,-0.10461007344729
12.1525,-3.80475319933453,-0.0803773731136506,-0.0995169539250416
12.155,-3.83531994645379,-0.0803773731136506,-0.0995169539250416
12.1575,-3.84550886216021,-0.0803773731136506,-0.0995169539250416
12.16,-3.81494211504095,-0.0803773731136506,-0.0995169539250416
12.1625,-3.80984765718774,-0.0803773731136506,-0.0995169539250416
12.165,-3.79965874148132,-0.0803773731136506,-0.0995169539250416
12.1675,-3.78437536792169,-0.0803773731136506,-0.0995169539250416
12.17,-3.77418645221527,-0.0803773731136506,-0.0995169539250416
12.1725,-3.76909199436206,-0.0803773731136506,-5.8496488945448
12.175,-3.76399753650884,-0.0803773731136506,-5.84455577502255
12.1775,-3.76399753650884,-0.0803773731136506,-5.84455577502255
12.18,-3.74871416294921,-0.0803773731136506,-5.8394626555003
12.1825,-3.73852524724279,-0.0803773731136506,-0.135168790580789
12.185,-3.73343078938958,-0.075281680307862,-5.33524382279759
12.1875,-3.75380862080242,-0.0803773731136506,-5.31487134470859
12.19,-3.743619705096,-0.0803773731136506,-5.61536539652132
12.1925,-3.75380862080242,-0.0803773731136506,-5.68666906983281
12.195,-3.743619705096,-0.0854730659194392,-6.02790807782353
12.1975,-3.70795850012353,-0.0803773731136506,-5.7579727431443
12.2,-3.70795850012353,-0.0803773731136506,-5.8190901774113
12.2025,-3.70795850012353,-0.0803773731136506,-5.71722778696631
12.205,-3.70286404227032,-0.0803773731136506,-5.81399705788905
12.2075,-3.69776958441711,-0.0803773731136506,-6.03300119734578
12.21,-3.68758066871069,-0.0803773731136506,-6.04318743639028
12.2125,-3.68758066871069,-0.0803773731136506,-5.39636125706459
12.215,-3.68248621085748,-0.0803773731136506,-5.71722778696631
12.2175,-3.69776958441711,-0.0803773731136506,-5.72232090648856
12.22,-3.70795850012353,-0.0854730659194392,-5.76306586266655
12.2225,-3.67229729515105,-0.0803773731136506,-5.76306586266655
12.225,-3.67739175300426,-0.0803773731136506,-5.74269338457756
12.2275,-3.646825005885,-0.0803773731136506,-5.73760026505531
12.23,-3.65191946373821,-0.0803773731136506,-5.42691997419808
12.2325,-3.63154163232537,-0.0803773731136506,-5.71722778696631
12.235,-3.63663609017858,-0.0803773731136506,-5.41164061563133
12.2375,-3.63154163232537,-0.0803773731136506,-6.08902551209053
12.24,-3.61116380091253,-0.0803773731136506,-6.08393239256828
12.2425,-3.58059705379326,-0.0803773731136506,-5.38617501802009
12.245,-3.58569151164647,-0.0803773731136506,-5.32505758375309
12.2475,-3.57040813808684,-0.0803773731136506,-5.71213466744406
12.25,-3.58569151164647,-0.0803773731136506,-5.30468510566409
12.2525,-3.58569151164647,-0.0803773731136506,-5.28431262757509
12.255,-3.62135271661895,-0.0803773731136506,-5.67648283078831
12.2575,-3.57550259594005,-0.0803773731136506,-5.33015070327534
12.26,-3.60097488520611,-0.0803773731136506,-5.31996446423084
12.2625,-3.57040813808684,-0.0803773731136506,-4.33699239643668
12.265,-3.56531368023363,-0.0803773731136506,-0.10461007344729
12.2675,-3.56531368023363,-0.0803773731136506,-5.1824502371301
12.27,-3.56021922238042,-0.0803773731136506,-5.1722639980856
12.2725,-3.56021922238042,-0.0803773731136506,-5.2537539104416
12.275,-3.56531368023363,-0.0803773731136506,-5.2537539104416
12.2775,-3.55512476452721,-0.0803773731136506,-5.70194842839956
12.28,-3.54493584882079,-0.075281680307862,-5.2435676713971
12.2825,-3.53984139096758,-0.0803773731136506,-5.2435676713971
12.285,-3.56021922238042,-0.0803773731136506,-5.26903326900835
12.2875,-3.53984139096758,-0.0803773731136506,-5.24866079091935
12.29,-3.53984139096758,-0.0854730659194392,-5.26903326900835
12.2925,-3.53984139096758,-0.0854730659194392,-5.64592411365481
12.295,-3.52455801740795,-0.0854730659194392,-5.65611035269931
12.2975,-3.51946355955474,-0.0803773731136506,-5.34033694231984
12.3,-3.53984139096758,-0.0803773731136506,-5.65101723317706
12.3025,-3.52455801740795,-0.0803773731136506,-5.64083099413256
12.305,-3.51946355955474,-0.0803773731136506,-5.30468510566409
12.3075,-3.51946355955474,-0.0803773731136506,-5.26903326900835
12.31,-3.53984139096758,-0.0803773731136506,-5.2741263885306
12.3125,-3.53984139096758,-0.0803773731136506,-5.24866079091935
12.315,-3.53474693311437,-0.0803773731136506,-5.24866079091935
12.3175,-3.55512476452721,-0.0803773731136506,-5.24866079091935
12.32,-3.53474693311437,-0.0803773731136506,-0.10461007344729
12.3225,-3.52455801740795,-0.0803773731136506,-0.0995169539250416
12.325,-3.52455801740795,-0.0803773731136506,-0.0995169539250416
12.3275,-3.52455801740795,-0.0803773731136506,-0.0995169539250416
12.33,-3.56021922238042,-0.0803773731136506,-0.0995169539250416
12.3325,-3.55512476452721,-0.0803773731136506,-0.0995169539250416
12.335,-3.61625825876574,-0.075281680307862,-0.0995169539250416
12.3375,-3.57550259594005,-0.0803773731136506,-0.0995169539250416
12.34,-3.58059705379326,-0.0803773731136506,-0.0995169539250416
12.3425,-3.57550259594005,-0.0803773731136506,-0.0995169539250416
12.345,-3.60097488520611,-0.075281680307862,-0.0995169539250416
12.3475,-3.58059705379326,-0.0803773731136506,-0.0995169539250416
12.35,-3.57040813808684,-0.0854730659194392,-0.0995169539250416
12.3525,-3.58569151164647,-0.0803773731136506,-0.0995169539250416
12.355,-3.58059705379326,-0.0803773731136506,-0.0995169539250416
12.3575,-3.56021922238042,-0.0803773731136506,-5.13661216142986
12.36,-3.55512476452721,-0.0803773731136506,-5.13151904190761
12.3625,-3.55512476452721,-0.0803773731136506,-5.09586720525186
12.365,-3.54493584882079,-0.0803773731136506,-5.15698463951886
12.3675,-3.54493584882079,-0.0803773731136506,-5.09586720525186
12.37,-3.53474693311437,-0.0803773731136506,-5.09586720525186
12.3725,-3.54493584882079,-0.0803773731136506,-5.09586720525186
12.375,-3.53984139096758,-0.0803773731136506,-5.01947041241812
12.3775,-3.53474693311437,-0.0803773731136506,-5.1722639980856
12.38,-3.51946355955474,-0.075281680307862,-5.13151904190761
12.3825,-3.56531368023363,-0.0803773731136506,-4.99909793432912
12.385,-3.56021922238042,-0.0803773731136506,-4.99909793432912
12.3875,-3.52965247526116,-0.0803773731136506,-5.12642592238536
12.39,-3.54493584882079,-0.0803773731136506,-4.99909793432912
12.3925,-3.53984139096758,-0.0803773731136506,-5.10605344429636
12.395,-3.54493584882079,-0.0803773731136506,-5.08568096620736
12.3975,-3.53474693311437,-0.0803773731136506,-5.06021536859611
12.4,-3.56021922238042,-0.0803773731136506,-5.07040160764061
12.4025,-3.550030306674,-0.0803773731136506,-5.10096032477411
12.405,-3.550030306674,-0.0803773731136506,-5.08568096620736
12.4075,-3.57040813808684,-0.0803773731136506,-5.06021536859611
12.41,-3.56531368023363,-0.0803773731136506,-5.20791583474135
12.4125,-3.56021922238042,-0.0803773731136506,-5.05002912955162
12.415,-3.57550259594005,-0.0803773731136506,-5.07549472716286
12.4175,-3.60097488520611,-0.0803773731136506,-5.13151904190761
12.42,-3.59588042735289,-0.0803773731136506,-5.12642592238536
12.4225,-3.59078596949968,-0.0803773731136506,-5.07549472716286
12.425,-3.59078596949968,-0.0803773731136506,-5.06021536859611
12.4275,-3.59078596949968,-0.0803773731136506,-5.08568096620736
12.43,-3.60097488520611,-0.0803773731136506,-5.09586720525186
12.4325,-3.61116380091253,-0.0803773731136506,-5.09586720525186
12.435,-3.61625825876574,-0.0803773731136506,-5.16717087856335
12.4375,-3.62135271661895,-0.0803773731136506,-5.10605344429636
12.44,-3.65191946373821,-0.0803773731136506,-5.30468510566409
12.4425,-3.70286404227032,-0.0803773731136506,-5.18754335665235
12.445,-3.70286404227032,-0.0803773731136506,-5.04493601002937
12.4475,-3.71814741582995,-0.0803773731136506,-5.04493601002937
12.45,-3.67229729515105,-0.0803773731136506,-5.00419105385137
12.4525,-3.61625825876574,-0.0803773731136506,-5.06530848811836
12.455,-3.61116380091253,-0.075281680307862,-4.96853921719562
12.4575,-3.63663609017858,-0.0803773731136506,-5.00419105385137
12.46,-3.63154163232537,-0.0803773731136506,-4.96853921719562
12.4625,-3.63154163232537,-0.0803773731136506,-5.12642592238536
12.465,-3.60606934305932,-0.0803773731136506,-5.13151904190761
12.4675,-3.63154163232537,-0.0803773731136506,-5.01437729289587
12.47,-3.63154163232537,-0.0854730659194392,-5.02456353194037
12.4725,-3.65701392159142,-0.0803773731136506,-5.10096032477411
12.475,-3.65701392159142,-0.0803773731136506,-5.08058784668511
12.4775,-3.66210837944463,-0.0803773731136506,-5.08568096620736
12.48,-3.65701392159142,-0.0803773731136506,-5.05512224907386
12.4825,-3.66720283729784,-0.0803773731136506,-5.03474977098487
12.485,-3.65191946373821,-0.0803773731136506,-5.09077408572961
12.4875,-3.62135271661895,-0.0803773731136506,-5.05512224907386
12.49,-3.67229729515105,-0.0803773731136506,-5.02965665146262
12.4925,-3.61116380091253,-0.0803773731136506,-5.07040160764061
12.495,-3.60606934305932,-0.0803773731136506,-5.07549472716286
12.4975,-3.61116380091253,-0.0803773731136506,-5.02456353194037
12.5,-3.61625825876574,-0.0803773731136506,-5.02965665146262
12.5025,-3.59078596949968,-0.0803773731136506,-5.02965665146262
12.505,-3.58569151164647,-0.0803773731136506,-5.02965665146262
12.5075,-3.57550259594005,-0.0803773731136506,-5.01947041241812
12.51,-3.60097488520611,-0.0803773731136506,-5.05002912955162
12.5125,-3.62135271661895,-0.0803773731136506,-5.06021536859611
12.515,-3.58059705379326,-0.0803773731136506,-5.37598877897559
12.5175,-3.57550259594005,-0.0803773731136506,-4.99909793432912
12.52,-3.57040813808684,-0.0803773731136506,-4.98891169528462
12.5225,-3.57550259594005,-0.0803773731136506,-5.04493601002937
12.525,-3.57550259594005,-0.0803773731136506,-5.00928417337362
12.5275,-3.57040813808684,-0.0803773731136506,-5.28940574709734
12.53,-3.57550259594005,-0.075281680307862,-5.34543006184209
12.5325,-3.56531368023363,-0.0803773731136506,-5.37089565945334
12.535,-3.58569151164647,-0.0803773731136506,-5.36070942040884
12.5375,-3.61116380091253,-0.0803773731136506,-5.35561630088659
12.54,-3.58059705379326,-0.0803773731136506,-5.00419105385137
12.5425,-3.58569151164647,-0.0803773731136506,-5.25884702996385
12.545,-3.58059705379326,-0.0803773731136506,-5.36580253993109
12.5475,-3.60097488520611,-0.0803773731136506,-5.20791583474135
12.55,-3.61625825876574,-0.0803773731136506,-5.19772959569685
12.5525,-3.66720283729784,-0.0803773731136506,-5.23847455187485
12.555,-3.64173054803179,-0.075281680307862,-5.21810207378585
12.5575,-3.6926751265639,-0.0803773731136506,-5.1926364761746
12.56,-3.68758066871069,-0.0803773731136506,-5.31996446423084
12.5625,-3.68248621085748,-0.0803773731136506,-5.21810207378585
12.565,-3.71305295797674,-0.0803773731136506,-5.2130089542636
12.5675,-3.64173054803179,-0.0803773731136506,-5.38617501802009
12.57,-3.646825005885,-0.0803773731136506,-5.23847455187485
12.5725,-3.72833633153637,-0.0803773731136506,-5.1722639980856
12.575,-3.69776958441711,-0.0803773731136506,-5.16717087856335
12.5775,-3.71814741582995,-0.0803773731136506,-5.22828831283035
12.58,-3.71814741582995,-0.0803773731136506,-5.1926364761746
12.5825,-3.87098115142627,-0.0803773731136506,-5.1824502371301
12.585,-3.92192572995837,-0.0803773731136506,-5.29449886661959
12.5875,-3.82003657289416,-0.075281680307862,-5.16717087856335
12.59,-3.80984765718774,-0.0803773731136506,-5.1722639980856
12.5925,-3.80475319933453,-0.0803773731136506,-5.16207775904111
12.595,-3.84550886216021,-0.0803773731136506,-5.14679840047436
12.5975,-3.80475319933453,-0.0803773731136506,-5.13661216142986
12.6,-3.82513103074737,-0.0803773731136506,-5.33524382279759
12.6025,-3.82513103074737,-0.0803773731136506,-5.43201309372033
12.605,-3.84550886216021,-0.0803773731136506,-5.11114656381861
12.6075,-3.82513103074737,-0.0803773731136506,-5.13151904190761
12.61,-3.82003657289416,-0.0803773731136506,-5.28431262757509
12.6125,-3.80475319933453,-0.0803773731136506,-5.25884702996385
12.615,-3.80984765718774,-0.0803773731136506,-5.39636125706459
12.6175,-3.86588669357306,-0.0803773731136506,-5.26903326900835
12.62,-3.86079223571985,-0.0803773731136506,-5.2741263885306
12.6225,-3.85569777786664,-0.0803773731136506,-5.22828831283035
12.625,-0.0959878821972175,-0.0854730659194392,-5.12133280286311
12.6275,-3.62135271661895,-0.0803773731136506,-5.13151904190761
12.63,-3.62135271661895,-0.0803773731136506,-5.2130089542636
12.6325,-3.61625825876574,-0.0803773731136506,-5.20791583474135
12.635,-3.61625825876574,-0.0803773731136506,-5.2028227152191
12.6375,-3.60097488520611,-0.075281680307862,-5.1824502371301
12.64,-3.60097488520611,-0.0854730659194392,-5.2028227152191
12.6425,-3.60097488520611,-0.0803773731136506,-5.26903326900835
12.645,-3.60097488520611,-0.0803773731136506,-5.2130089542636
12.6475,-3.65191946373821,-0.0803773731136506,-5.2333814323526
12.65,-3.65191946373821,-0.075281680307862,-5.2333814323526
12.6525,-3.61625825876574,-0.0803773731136506,-5.2435676713971
12.655,-3.58059705379326,-0.075281680307862,-5.2435676713971
12.6575,-3.58569151164647,-0.0803773731136506,-5.50331676703183
12.66,-3.61116380091253,-0.0803773731136506,-5.24866079091935
12.6625,-3.61116380091253,-0.0803773731136506,-5.25884702996385
12.665,-3.59078596949968,-0.0803773731136506,-5.59499291843232
12.6675,-3.62644717447216,-0.0803773731136506,-5.59499291843232
12.67,-3.56021922238042,-0.0803773731136506,-5.54406172320982
12.6725,-3.57550259594005,-0.0803773731136506,-5.29959198614184
12.675,-3.57040813808684,-0.0803773731136506,-5.81399705788905
12.6775,-3.58569151164647,-0.0803773731136506,-5.8089039383668
12.68,-3.59588042735289,-0.0803773731136506,-5.31487134470859
12.6825,-3.59588042735289,-0.075281680307862,-5.63573787461031
12.685,-3.58059705379326,-0.0803773731136506,-5.64083099413256
12.6875,-3.56531368023363,-0.0803773731136506,-5.1722639980856
12.69,-3.56531368023363,-0.0803773731136506,-5.2231951933081
12.6925,-3.53984139096758,-0.0803773731136506,-5.2130089542636
12.695,-3.56531368023363,-0.0803773731136506,-5.2435676713971
12.6975,-3.53984139096758,-0.075281680307862,-5.2333814323526
12.7,-3.50927464384831,-0.0803773731136506,-5.2028227152191
12.7025,-3.51436910170153,-0.0803773731136506,-5.2130089542636
12.705,-3.50927464384831,-0.0803773731136506,-5.21810207378585
12.7075,-3.49908572814189,-0.0803773731136506,-5.1824502371301
12.71,-3.46342452316942,-0.0803773731136506,-5.2231951933081
12.7125,-3.45833006531621,-0.0803773731136506,-5.21810207378585
12.715,-3.44814114960979,-0.0803773731136506,-5.21810207378585
12.7175,-3.44814114960979,-0.0803773731136506,-5.24866079091935
12.72,-3.42266886034373,-0.0803773731136506,-5.32505758375309
12.7225,-3.41757440249052,-0.075281680307862,-5.31996446423084
12.725,-3.4073854867841,-0.0803773731136506,-5.2537539104416
12.7275,-3.40229102893089,-0.0803773731136506,-5.2639401494861
12.73,-3.4073854867841,-0.0803773731136506,-5.2741263885306
12.7325,-3.4073854867841,-0.0803773731136506,-5.28940574709734
12.735,-3.4073854867841,-0.0803773731136506,-5.29959198614184
12.7375,-3.4073854867841,-0.0803773731136506,-5.30977822518634
12.74,-3.4073854867841,-0.0803773731136506,-5.30977822518634
12.7425,-3.41757440249052,-0.075281680307862,-5.40654749610908
12.745,-3.40229102893089,-0.0803773731136506,-5.39126813754234
12.7475,-3.40229102893089,-0.0803773731136506,-5.28940574709734
12.75,-3.46851898102263,-0.0803773731136506,-5.39126813754234
12.7525,-3.4073854867841,-0.0803773731136506,-5.33015070327534
12.755,-3.41247994463731,-0.0803773731136506,-5.33524382279759
12.7575,-3.41247994463731,-0.0803773731136506,-5.43201309372033
12.76,-3.41757440249052,-0.0803773731136506,-5.43710621324258
12.7625,-3.42266886034373,-0.0803773731136506,-5.49313052798733
12.765,-3.39719657107768,-0.0803773731136506,-5.47275804989833
12.7675,-3.39210211322447,-0.0803773731136506,-5.49822364750958
12.77,-3.42266886034373,-0.0803773731136506,-5.50331676703183
12.7725,-3.4073854867841,-0.075281680307862,-5.49313052798733
12.775,-3.41247994463731,-0.0803773731136506,-5.51350300607633
12.7775,-3.4073854867841,-0.0803773731136506,-5.87002137263379
12.78,-3.40229102893089,-0.0803773731136506,-5.7783452212333
12.7825,-3.41757440249052,-0.0803773731136506,-5.77325210171105
12.785,-3.41757440249052,-0.0803773731136506,-5.7681589821888
12.7875,-3.42266886034373,-0.075281680307862,-5.76306586266655
12.79,-3.44304669175658,-0.0803773731136506,-5.77325210171105
12.7925,-3.44814114960979,-0.075281680307862,-5.7681589821888
12.795,-3.44304669175658,-0.0803773731136506,-5.7987176993223
12.7975,-3.44304669175658,-0.075281680307862,-5.7885314602778
12.8,-3.44304669175658,-0.0803773731136506,-5.82418329693355
12.8025,-3.44304669175658,-0.0803773731136506,-5.71722778696631
12.805,-3.44304669175658,-0.0803773731136506,-5.7885314602778
12.8075,-3.44304669175658,-0.0803773731136506,-5.7681589821888
12.81,-3.43285777605016,-0.0803773731136506,-5.68666906983281
12.8125,-3.43795223390337,-0.0803773731136506,-5.64083099413256
12.815,-3.43795223390337,-0.0803773731136506,-5.65611035269931
12.8175,-3.44814114960979,-0.0803773731136506,-5.51859612559857
12.82,-3.45833006531621,-0.0803773731136506,-5.74269338457756
12.8225,-3.45833006531621,-0.0803773731136506,-5.51350300607633
12.825,-3.46342452316942,-0.0803773731136506,-5.7681589821888
12.8275,-3.47361343887584,-0.0803773731136506,-5.68157595031056
12.83,-3.48380235458226,-0.0803773731136506,-5.67648283078831
12.8325,-3.49399127028868,-0.0803773731136506,-5.49822364750958
12.835,-3.51436910170153,-0.0803773731136506,-5.49313052798733
12.8375,-3.51946355955474,-0.0803773731136506,-5.61536539652132
12.84,-3.52455801740795,-0.0803773731136506,-5.61027227699907
12.8425,-3.52965247526116,-0.0803773731136506,-5.47785116942058
12.845,-3.53984139096758,-0.0803773731136506,-5.59499291843232
12.8475,-3.54493584882079,-0.0803773731136506,-5.47275804989833
12.85,-3.59078596949968,-0.0803773731136506,-5.46766493037608
12.8525,-3.56531368023363,-0.0803773731136506,-5.52368924512082
12.855,-3.56531368023363,-0.0803773731136506,-5.45747869133158
12.8575,-3.57040813808684,-0.0803773731136506,-5.46257181085383
12.86,-3.57040813808684,-0.0803773731136506,-5.66120347222156
12.8625,-3.57550259594005,-0.0803773731136506,-5.67138971126606
12.865,-3.58569151164647,-0.0803773731136506,-5.61027227699907
12.8675,-3.58569151164647,-0.0803773731136506,-5.65101723317706
12.87,-3.59078596949968,-0.0803773731136506,-5.59499291843232
12.8725,-3.59588042735289,-0.0803773731136506,-5.50840988655408
12.875,-3.61116380091253,-0.0803773731136506,-5.54406172320982
12.8775,-3.59078596949968,-0.0803773731136506,-5.52878236464307
12.88,-3.60097488520611,-0.0803773731136506,-5.53896860368757
12.8825,-3.60097488520611,-0.0803773731136506,-5.63573787461031
12.885,-3.60097488520611,-0.0803773731136506,-5.60517915747682
12.8875,-3.59588042735289,-0.0803773731136506,-5.63064475508807
12.89,-3.66210837944463,-0.0803773731136506,-5.60517915747682
12.8925,-3.60097488520611,-0.0803773731136506,-5.65611035269931
12.895,-3.58059705379326,-0.0803773731136506,-5.63573787461031
12.8975,-3.58059705379326,-0.075281680307862,-5.58480667938782
12.9,-3.55512476452721,-0.0803773731136506,-5.58480667938782
12.9025,-3.65701392159142,-0.0803773731136506,-5.65611035269931
12.905,-3.57550259594005,-0.0803773731136506,-5.70194842839956
12.9075,-3.58059705379326,-0.0803773731136506,-5.59499291843232
12.91,-3.57550259594005,-0.0803773731136506,-5.57462044034332
12.9125,-3.550030306674,-0.0803773731136506,-5.56952732082107
12.915,-3.55512476452721,-0.0803773731136506,-5.57462044034332
12.9175,-3.52965247526116,-0.0803773731136506,-5.56443420129882
12.92,-3.550030306674,-0.0803773731136506,-5.57462044034332
12.9225,-3.60097488520611,-0.0854730659194392,-5.56443420129882
12.925,-3.59588042735289,-0.0803773731136506,-5.60008603795457
12.9275,-3.59078596949968,-0.0803773731136506,-5.56443420129882
12.93,-3.64173054803179,-0.0803773731136506,-5.57971355986557
12.9325,-3.64173054803179,-0.0803773731136506,-5.67138971126606
12.935,-3.65701392159142,-0.0803773731136506,-5.64592411365481
12.9375,-3.66210837944463,-0.0803773731136506,-5.57971355986557
12.94,-3.52455801740795,-0.0803773731136506,-5.86492825311154
12.9425,-3.49908572814189,-0.0803773731136506,-5.61027227699907
12.945,-3.49399127028868,-0.0803773731136506,-5.71213466744406
12.9475,-3.5041801859951,-0.0803773731136506,-5.73760026505531
12.95,-3.58059705379326,-0.0803773731136506,-5.53896860368757
12.9525,-3.51436910170153,-0.0803773731136506,-5.50840988655408
12.955,-3.54493584882079,-0.0803773731136506,-5.49822364750958
12.9575,-3.5041801859951,-0.0803773731136506,-5.76306586266655
12.96,-3.49908572814189,-0.0803773731136506,-5.50331676703183
12.9625,-3.49908572814189,-0.0803773731136506,-5.50840988655408
12.965,-3.49399127028868,-0.0803773731136506,-5.47785116942058
12.9675,-3.49399127028868,-0.0803773731136506,-5.52878236464307
12.97,-3.44304669175658,-0.0803773731136506,-5.54915484273207
12.9725,-3.46342452316942,-0.0803773731136506,-5.48803740846508
12.975,-3.43285777605016,-0.075281680307862,-5.49822364750958
12.9775,-3.42266886034373,-0.0803773731136506,-5.53387548416532
12.98,-3.42266886034373,-0.0803773731136506,-5.50331676703183
12.9825,-3.41247994463731,-0.0803773731136506,-5.51350300607633
12.985,-3.41757440249052,-0.075281680307862,-5.51350300607633
12.9875,-3.39719657107768,-0.0803773731136506,-5.52368924512082
12.99,-3.40229102893089,-0.0803773731136506,-5.49313052798733
12.9925,-3.42776331819694,-0.0803773731136506,-5.52368924512082
12.995,-3.44304669175658,-0.0803773731136506,-5.52368924512082
12.9975,-3.42776331819694,-0.0854730659194392,-5.54406172320982
13,-3.47361343887584,-0.0803773731136506,-5.55424796225432
13.0025,-3.45833006531621,-0.0803773731136506,-5.56952732082107
13.005,-3.46851898102263,-0.075281680307862,-5.60517915747682
13.0075,-3.47361343887584,-0.0803773731136506,-5.61027227699907
13.01,-3.46342452316942,-0.0803773731136506,-5.63573787461031
13.0125,-3.49399127028868,-0.0803773731136506,-5.61027227699907
13.015,-3.46851898102263,-0.0803773731136506,-5.62555163556582
13.0175,-3.48380235458226,-0.0803773731136506,-5.63064475508807
13.02,-3.48380235458226,-0.0803773731136506,-5.64083099413256
13.0225,-3.48889681243547,-0.075281680307862,-5.71213466744406
13.025,-3.5041801859951,-0.0803773731136506,-5.67648283078831
13.0275,-3.5041801859951,-0.0803773731136506,-5.73760026505531
13.03,-3.5041801859951,-0.0803773731136506,-5.65611035269931
13.0325,-3.550030306674,-0.0803773731136506,-5.67648283078831
13.035,-3.5041801859951,-0.0803773731136506,-5.60008603795457
13.0375,-3.50927464384831,-0.0803773731136506,-5.57971355986557
13.04,-3.60606934305932,-0.0803773731136506,-5.58480667938782
13.0425,-3.56531368023363,-0.0803773731136506,-5.56952732082107
13.045,-3.56531368023363,-0.0803773731136506,-5.53896860368757
13.0475,-3.53984139096758,-0.0803773731136506,-5.54406172320982
13.05,-3.56531368023363,-0.0803773731136506,-5.64592411365481
13.0525,-3.57550259594005,-0.0803773731136506,-5.56952732082107
13.055,-3.58059705379326,-0.0803773731136506,-5.53896860368757
13.0575,-3.60097488520611,-0.0803773731136506,-5.52368924512082
13.06,-3.57550259594005,-0.0803773731136506,-5.52878236464307
13.0625,-3.60097488520611,-0.0803773731136506,-5.61027227699907
13.065,-3.60097488520611,-0.0803773731136506,-5.53387548416532
13.0675,-3.60606934305932,-0.0803773731136506,-5.53387548416532
13.07,-3.63663609017858,-0.0803773731136506,-5.56952732082107
13.0725,-3.58569151164647,-0.0803773731136506,-5.53387548416532
13.075,-3.58569151164647,-0.0803773731136506,-5.52878236464307
13.0775,-3.61625825876574,-0.075281680307862,-5.49822364750958
13.08,-3.62644717447216,-0.0803773731136506,-5.52368924512082
13.0825,-3.65191946373821,-0.0803773731136506,-5.53387548416532
13.085,-3.65191946373821,-0.0803773731136506,-5.53387548416532
13.0875,-3.67739175300426,-0.075281680307862,-5.53896860368757
13.09,-3.65701392159142,-0.0803773731136506,-5.51350300607633
13.0925,-3.65701392159142,-0.0803773731136506,-5.57971355986557
13.095,-3.65191946373821,-0.0803773731136506,-5.50840988655408
13.0975,-3.62135271661895,-0.0803773731136506,-5.54406172320982
13.1,-3.64173054803179,-0.0803773731136506,-5.50331676703183
13.1025,-3.65191946373821,-0.0803773731136506,-5.56952732082107
13.105,-3.64173054803179,-0.0803773731136506,-5.51859612559857
13.1075,-3.64173054803179,-0.0803773731136506,-5.56443420129882
13.11,-3.646825005885,-0.0803773731136506,-5.47785116942058
13.1125,-3.646825005885,-0.0803773731136506,-5.52368924512082
13.115,-3.64173054803179,-0.0803773731136506,-5.51859612559857
13.1175,-3.63663609017858,-0.0803773731136506,-5.53387548416532
13.12,-3.66210837944463,-0.0803773731136506,-5.52878236464307
13.1225,-3.646825005885,-0.0803773731136506,-5.53896860368757
13.125,-3.66210837944463,-0.0803773731136506,-5.53896860368757
13.1275,-3.66210837944463,-0.0803773731136506,-5.62555163556582
13.13,-3.68248621085748,-0.0803773731136506,-5.58480667938782
13.1325,-3.68758066871069,-0.0803773731136506,-5.55424796225432
13.135,-3.68758066871069,-0.0854730659194392,-5.51859612559857
13.1375,-3.65701392159142,-0.0803773731136506,-5.54406172320982
13.14,-3.68248621085748,-0.0803773731136506,-5.54406172320982
13.1425,-3.66210837944463,-0.0803773731136506,-5.53387548416532
13.145,-3.68758066871069,-0.0803773731136506,-5.55934108177657
13.1475,-3.70795850012353,-0.0803773731136506,-5.57462044034332
13.15,-3.646825005885,-0.0854730659194392,-5.56952732082107
13.1525,-3.66210837944463,-0.0803773731136506,-5.58480667938782
13.155,-3.67229729515105,-0.075281680307862,-5.57971355986557
13.1575,-3.66720283729784,-0.0803773731136506,-5.57971355986557
13.16,-3.646825005885,-0.0803773731136506,-5.64083099413256
13.1625,-3.65191946373821,-0.0803773731136506,-5.63573787461031
13.165,-3.65191946373821,-0.0803773731136506,-5.62045851604357
13.1675,-3.62644717447216,-0.0803773731136506,-5.63573787461031
13.17,-3.62135271661895,-0.0803773731136506,-5.63573787461031
13.1725,-3.61625825876574,-0.0803773731136506,-2.96185012542929
13.175,-3.61625825876574,-0.0803773731136506,-0.10461007344729
13.1775,-3.62135271661895,-0.0803773731136506,-5.55934108177657
13.18,-3.646825005885,-0.0803773731136506,-5.53387548416532
13.1825,-3.65191946373821,-0.075281680307862,-5.55424796225432
13.185,-3.67229729515105,-0.0803773731136506,-5.52878236464307
13.1875,-3.63663609017858,-0.0803773731136506,-5.60008603795457
13.19,-3.64173054803179,-0.0803773731136506,-5.57971355986557
13.1925,-3.646825005885,-0.0803773731136506,-5.51350300607633
13.195,-3.646825005885,-0.0803773731136506,-5.52368924512082
13.1975,-3.63154163232537,-0.0803773731136506,-5.51859612559857
13.2,-3.63154163232537,-0.0803773731136506,-5.52878236464307
13.2025,-3.63663609017858,-0.0803773731136506,-5.50331676703183
13.205,-3.66210837944463,-0.0803773731136506,-5.53387548416532
13.2075,-3.646825005885,-0.0803773731136506,-5.53387548416532
13.21,-3.65701392159142,-0.0803773731136506,-5.53896860368757
13.2125,-3.66720283729784,-0.0803773731136506,-5.52878236464307
13.215,-3.72324187368316,-0.0803773731136506,-5.52878236464307
13.2175,-3.70286404227032,-0.0803773731136506,-5.53387548416532
13.22,-3.68248621085748,-0.0803773731136506,-5.52878236464307
13.2225,-3.68758066871069,-0.0803773731136506,-5.53896860368757
13.225,-3.69776958441711,-0.0803773731136506,-5.53387548416532
13.2275,-3.70286404227032,-0.0803773731136506,-5.55424796225432
13.23,-3.70286404227032,-0.0803773731136506,-5.55424796225432
13.2325,-3.69776958441711,-0.0803773731136506,-5.68666906983281
13.235,-3.73852524724279,-0.0803773731136506,-5.58989979891007
13.2375,-3.70795850012353,-0.0803773731136506,-5.61027227699907
13.24,-3.71305295797674,-0.0803773731136506,-5.61027227699907
13.2425,-3.73852524724279,-0.0803773731136506,-5.61027227699907
13.245,-3.73343078938958,-0.0803773731136506,-5.69176218935506
13.2475,-3.743619705096,-0.0803773731136506,-5.76306586266655
13.25,-3.70286404227032,-0.075281680307862,-5.81399705788905
13.2525,-3.72324187368316,-0.0803773731136506,-5.81399705788905
13.255,-3.72324187368316,-0.0803773731136506,-5.64592411365481
13.2575,-3.6926751265639,-0.0803773731136506,-5.63064475508807
13.26,-3.68758066871069,-0.0803773731136506,-5.64592411365481
13.2625,-3.67739175300426,-0.0803773731136506,-5.63573787461031
13.265,-3.67739175300426,-0.0803773731136506,-5.63573787461031
13.2675,-3.68248621085748,-0.0803773731136506,-5.54406172320982
13.27,-3.67739175300426,-0.0803773731136506,-5.55424796225432
13.2725,-3.67229729515105,-0.0803773731136506,-5.62555163556582
13.275,-3.67229729515105,-0.0803773731136506,-5.56443420129882
13.2775,-3.63154163232537,-0.0803773731136506,-5.57462044034332
13.28,-3.64173054803179,-0.0803773731136506,-5.61536539652132
13.2825,-3.65191946373821,-0.0803773731136506,-5.56443420129882
13.285,-3.68758066871069,-0.0803773731136506,-5.66120347222156
13.2875,-3.66720283729784,-0.0803773731136506,-5.60008603795457
13.29,-3.68758066871069,-0.0803773731136506,-5.61027227699907
13.2925,-3.66210837944463,-0.0803773731136506,-5.61027227699907
13.295,-3.6926751265639,-0.0803773731136506,-5.63064475508807
13.2975,-3.62644717447216,-0.0803773731136506,-5.63064475508807
13.3,-3.646825005885,-0.0803773731136506,-5.64083099413256
13.3025,-3.67739175300426,-0.0803773731136506,-5.64592411365481
13.305,-3.66210837944463,-0.0803773731136506,-5.68666906983281
13.3075,-3.54493584882079,-0.0803773731136506,-5.69176218935506
13.31,-3.52965247526116,-0.0803773731136506,-5.69685530887731
13.3125,-3.51946355955474,-0.0803773731136506,-5.69176218935506
13.315,-3.43285777605016,-0.0803773731136506,-5.70194842839956
13.3175,-3.47870789672905,-0.0803773731136506,-5.71722778696631
13.32,-3.44814114960979,-0.0803773731136506,-5.72741402601081
13.3225,-3.44304669175658,-0.0803773731136506,-5.78343834075555
13.325,-3.39719657107768,-0.0803773731136506,-5.8089039383668
13.3275,-3.39719657107768,-0.0803773731136506,-5.8190901774113
13.33,-3.36662982395842,-0.0803773731136506,-5.74778650409981
13.3325,-3.36153536610521,-0.0803773731136506,-5.83436953597805
13.335,-3.36153536610521,-0.0803773731136506,-5.7783452212333
13.3375,-3.33606307683915,-0.0803773731136506,-5.82418329693355
13.34,-3.32587416113273,-0.0803773731136506,-5.71722778696631
13.3425,-3.32077970327952,-0.0803773731136506,-5.82418329693355
13.345,-3.31568524542631,-0.0803773731136506,-5.8190901774113
13.3475,-3.30549632971989,-0.0803773731136506,-5.87511449215604
13.35,-3.3105907875731,-0.0803773731136506,-5.8190901774113
13.3525,-3.34115753469236,-0.075281680307862,-5.84455577502255
13.355,-3.32587416113273,-0.0803773731136506,-5.86492825311154
13.3575,-3.3105907875731,-0.0803773731136506,-5.67648283078831
13.36,-3.33606307683915,-0.0803773731136506,-5.66629659174381
13.3625,-3.36153536610521,-0.0803773731136506,-5.8394626555003
13.365,-3.37172428181163,-0.0803773731136506,-5.80381081884455
13.3675,-3.41247994463731,-0.0803773731136506,-5.69685530887731
13.37,-3.40229102893089,-0.0803773731136506,-5.72232090648856
13.3725,-3.43795223390337,-0.0803773731136506,-5.84455577502255
13.375,-3.42266886034373,-0.0803773731136506,-5.71213466744406
13.3775,-3.53984139096758,-0.0803773731136506,-5.76306586266655
13.38,-3.51946355955474,-0.0803773731136506,-5.76306586266655
13.3825,-3.52965247526116,-0.0803773731136506,-5.7579727431443
13.385,-3.52965247526116,-0.0803773731136506,-0.10461007344729
13.3875,-3.53474693311437,-0.0803773731136506,-0.0995169539250416
13.39,-0.0959878821972175,-0.0803773731136506,-0.0995169539250416
13.3925,-0.0908934243440065,-0.0803773731136506,-5.78343834075555
13.395,-0.0959878821972175,-0.0803773731136506,-5.78343834075555
13.3975,-3.61116380091253,-0.0803773731136506,-5.7681589821888
13.4,-3.68248621085748,-0.0803773731136506,-5.7579727431443
13.4025,-3.67229729515105,-0.0803773731136506,-5.7885314602778
13.405,-3.65191946373821,-0.075281680307862,-5.79362457980005
13.4075,-3.69776958441711,-0.0803773731136506,-5.78343834075555
13.41,-3.70795850012353,-0.0803773731136506,-5.78343834075555
13.4125,-3.6926751265639,-0.0803773731136506,-5.77325210171105
13.415,-3.70286404227032,-0.0803773731136506,-5.7783452212333
13.4175,-3.75380862080242,-0.0803773731136506,-5.7987176993223
13.42,-3.743619705096,-0.0803773731136506,-5.7783452212333
13.4225,-3.77928091006848,-0.075281680307862,-5.92604568737854
13.425,-3.76909199436206,-0.0803773731136506,-5.92604568737854
13.4275,-3.77928091006848,-0.075281680307862,-5.74778650409981
13.43,-3.77928091006848,-0.0803773731136506,-5.75287962362205
13.4325,-3.78437536792169,-0.0803773731136506,-5.78343834075555
13.435,-3.77418645221527,-0.0803773731136506,-5.78343834075555
13.4375,-3.82003657289416,-0.0803773731136506,-5.7987176993223
13.44,-3.83531994645379,-0.0803773731136506,-5.97188376307879
13.4425,-3.82003657289416,-0.0803773731136506,-5.77325210171105
13.445,-3.88117006713269,-0.075281680307862,-5.8089039383668
13.4475,-3.80984765718774,-0.0803773731136506,-5.7579727431443
13.45,-3.83531994645379,-0.0803773731136506,-5.82418329693355
13.4525,-3.80984765718774,-0.0803773731136506,-5.7783452212333
13.455,-3.83531994645379,-0.0803773731136506,-5.7987176993223
13.4575,-3.83531994645379,-0.0803773731136506,-5.80381081884455
13.46,-3.84550886216021,-0.0803773731136506,-5.7987176993223
13.4625,-3.84550886216021,-0.0803773731136506,-5.79362457980005
13.465,-3.86079223571985,-0.0803773731136506,-5.78343834075555
13.4675,-3.86588669357306,-0.0803773731136506,-5.75287962362205
13.47,-3.86588669357306,-0.0803773731136506,-5.77325210171105
13.4725,-3.8862645249859,-0.0803773731136506,-5.7783452212333
13.475,-3.8862645249859,-0.0803773731136506,-5.76306586266655
13.4775,-3.85060332001342,-0.0803773731136506,-5.72741402601081
13.48,-3.87098115142627,-0.0803773731136506,-5.71722778696631
13.4825,-3.83022548860058,-0.0803773731136506,-5.72232090648856
13.485,-3.82513103074737,-0.0803773731136506,-5.68157595031056
13.4875,-3.84550886216021,-0.0803773731136506,-5.68157595031056
13.49,-3.84550886216021,-0.075281680307862,-5.91076632881179
13.4925,-3.82003657289416,-0.0803773731136506,-5.91076632881179
13.495,-3.82003657289416,-0.0803773731136506,-5.66629659174381
13.4975,-3.81494211504095,-0.0803773731136506,-5.67648283078831
13.5,-3.79456428362811,-0.0803773731136506,-5.63573787461031
13.5025,-3.82513103074737,-0.0803773731136506,-5.67648283078831
13.505,-3.83022548860058,-0.0803773731136506,-5.67648283078831
13.5075,-3.82513103074737,-0.0803773731136506,-5.70704154792181
13.51,-3.840414404307,-0.0803773731136506,-5.64083099413256
13.5125,-3.85060332001342,-0.0803773731136506,-5.66629659174381
13.515,-3.86588669357306,-0.0803773731136506,-5.63573787461031
13.5175,-4.11551512838038,-0.0803773731136506,-5.64083099413256
13.52,-4.05438163414185,-0.0803773731136506,-5.7987176993223
13.5225,-4.0289093448758,-0.0803773731136506,-5.63573787461031
13.525,-4.02381488702258,-0.0803773731136506,-5.64083099413256
13.5275,-4.02381488702258,-0.0803773731136506,-5.64083099413256
13.53,-4.00343705560974,-0.0803773731136506,-5.65101723317706
13.5325,-4.06457054984827,-0.0803773731136506,-5.72741402601081
13.535,-4.05947609199506,-0.0803773731136506,-5.70194842839956
13.5375,-4.10023175482074,-0.0803773731136506,-5.71213466744406
13.54,-4.07475946555469,-0.0803773731136506,-5.60517915747682
13.5425,-4.10023175482074,-0.0803773731136506,-5.74269338457756
13.545,-4.0289093448758,-0.0803773731136506,-5.67138971126606
13.5475,-4.06457054984827,-0.0803773731136506,-5.68157595031056
13.55,-4.03400380272901,-0.0803773731136506,-5.63573787461031
13.5525,-4.0289093448758,-0.0803773731136506,-5.62555163556582
13.555,-3.99834259775653,-0.0803773731136506,-5.67648283078831
13.5575,-4.04928717628864,-0.0803773731136506,-5.70194842839956
13.56,-4.1257040440868,-0.0803773731136506,-5.65611035269931
13.5625,-4.13589295979322,-0.0803773731136506,-5.64083099413256
13.565,-4.13079850194001,-0.0803773731136506,-5.65101723317706
13.5675,-4.13079850194001,-0.0803773731136506,-5.62555163556582
13.57,-3.76399753650884,-0.0803773731136506,-5.61536539652132
13.5725,-3.75380862080242,-0.0803773731136506,-5.62555163556582
13.575,-3.79456428362811,-0.0803773731136506,-5.60008603795457
13.5775,-3.80475319933453,-0.0803773731136506,-5.63064475508807
13.58,-3.71305295797674,-0.075281680307862,-5.61536539652132
13.5825,-3.70286404227032,-0.0803773731136506,-5.62045851604357
13.585,-3.68758066871069,-0.0803773731136506,-5.58480667938782
13.5875,-3.68248621085748,-0.0803773731136506,-5.58989979891007
13.59,-3.70795850012353,-0.0803773731136506,-5.53896860368757
13.5925,-3.66210837944463,-0.0803773731136506,-5.54915484273207
13.595,-3.68758066871069,-0.0803773731136506,-5.62555163556582
13.5975,-3.67739175300426,-0.0803773731136506,-5.51859612559857
13.6,-3.65701392159142,-0.0803773731136506,-5.50331676703183
13.6025,-3.65701392159142,-0.0803773731136506,-5.49313052798733
13.605,-3.61116380091253,-0.0803773731136506,-5.59499291843232
13.6075,-3.59588042735289,-0.0803773731136506,-5.47275804989833
13.61,-3.57550259594005,-0.0803773731136506,-5.48803740846508
13.6125,-3.56021922238042,-0.0803773731136506,-5.56443420129882
13.615,-3.51946355955474,-0.0803773731136506,-5.46766493037608
13.6175,-3.49908572814189,-0.075281680307862,-5.47785116942058
13.62,-3.48889681243547,-0.0803773731136506,-5.47275804989833
13.6225,-3.46851898102263,-0.0803773731136506,-5.48803740846508
13.625,-3.45833006531621,-0.0803773731136506,-5.47275804989833
13.6275,-3.453235607463,-0.0803773731136506,-5.47275804989833
13.63,-3.43795223390337,-0.0803773731136506,-5.47275804989833
13.6325,-3.4073854867841,-0.0803773731136506,-5.72232090648856
13.635,-3.37172428181163,-0.0803773731136506,-5.70704154792181
13.6375,-3.36153536610521,-0.0803773731136506,-5.48803740846508
13.64,-3.34115753469236,-0.0803773731136506,-5.46766493037608
13.6425,-3.33096861898594,-0.0803773731136506,-5.47275804989833
13.645,-3.34115753469236,-0.0803773731136506,-5.48803740846508
13.6475,-3.33096861898594,-0.0803773731136506,-5.69685530887731
13.65,-3.32077970327952,-0.0803773731136506,-5.52878236464307
13.6525,-3.33606307683915,-0.0803773731136506,-5.49822364750958
13.655,-3.32077970327952,-0.0803773731136506,-5.53387548416532
13.6575,-3.29021295616026,-0.0803773731136506,-5.49822364750958
13.66,-3.30549632971989,-0.0803773731136506,-5.50840988655408
13.6625,-3.30040187186668,-0.0803773731136506,-5.49313052798733
13.665,-3.24945729333457,-0.0803773731136506,-5.53387548416532
13.6675,-3.24945729333457,-0.0803773731136506,-5.52368924512082
13.67,-3.23417391977494,-0.0803773731136506,-5.44729245228708
13.6725,-3.20870163050889,-0.0803773731136506,-5.43710621324258
13.675,-3.19851271480247,-0.0803773731136506,-5.51859612559857
13.6775,-3.19341825694926,-0.0803773731136506,-5.49822364750958
13.68,-3.18832379909605,-0.0803773731136506,-5.43201309372033
13.6825,-3.18832379909605,-0.0803773731136506,-5.49313052798733
13.685,-3.23417391977494,-0.0803773731136506,-5.46257181085383
13.6875,-3.20360717265568,-0.0803773731136506,-5.44729245228708
13.69,-3.19341825694926,-0.075281680307862,-5.60517915747682
13.6925,-3.19851271480247,-0.0803773731136506,-5.43201309372033
13.695,-3.19851271480247,-0.0854730659194392,-5.41164061563133
13.6975,-3.21889054621531,-0.0803773731136506,-5.51350300607633
13.7,-3.25455175118779,-0.0803773731136506,-5.42691997419808
13.7025,-3.22398500406852,-0.0803773731136506,-5.42182685467583
13.705,-3.24436283548136,-0.0803773731136506,-5.50331676703183
13.7075,-3.29021295616026,-0.0803773731136506,-5.50331676703183
13.71,-3.28511849830705,-0.0803773731136506,-5.44219933276483
13.7125,-3.22907946192173,-0.0803773731136506,-5.44729245228708
13.715,-3.24945729333457,-0.0803773731136506,-5.60008603795457
13.7175,-3.26474066689421,-0.075281680307862,-5.47785116942058
13.72,-3.26983512474742,-0.0803773731136506,-5.47275804989833
13.7225,-3.24945729333457,-0.0803773731136506,-5.50840988655408
13.725,-3.25455175118779,-0.0803773731136506,-5.46766493037608
13.7275,-3.26474066689421,-0.0803773731136506,-5.54406172320982
13.73,-3.259646209041,-0.0854730659194392,-5.59499291843232
13.7325,-3.259646209041,-0.0803773731136506,-5.7681589821888
13.735,-3.30040187186668,-0.0803773731136506,-5.7579727431443
13.7375,-3.26983512474742,-0.0803773731136506,-5.75287962362205
13.74,-3.27492958260063,-0.0803773731136506,-5.58989979891007
13.7425,-3.26474066689421,-0.0803773731136506,-5.64083099413256
13.745,-3.29021295616026,-0.0803773731136506,-5.61536539652132
13.7475,-3.29530741401347,-0.0803773731136506,-5.59499291843232
13.75,-3.27492958260063,-0.0803773731136506,-5.59499291843232
13.7525,-3.31568524542631,-0.0803773731136506,-5.59499291843232
13.755,-3.31568524542631,-0.0803773731136506,-5.58989979891007
13.7575,-3.34115753469236,-0.0803773731136506,-5.51859612559857
13.76,-3.33606307683915,-0.0803773731136506,-5.56952732082107
13.7625,-3.41757440249052,-0.0803773731136506,-5.49822364750958
13.765,-3.39210211322447,-0.0803773731136506,-5.54915484273207
13.7675,-3.41757440249052,-0.0803773731136506,-5.47785116942058
13.77,-3.42266886034373,-0.0803773731136506,-5.48803740846508
13.7725,-3.42266886034373,-0.0803773731136506,-5.51859612559857
13.775,-3.42266886034373,-0.0803773731136506,-5.48803740846508
13.7775,-3.43795223390337,-0.075281680307862,-5.50331676703183
13.78,-3.44304669175658,-0.0803773731136506,-5.52368924512082
13.7825,-3.45833006531621,-0.0803773731136506,-5.49313052798733
13.785,-3.46851898102263,-0.0803773731136506,-5.48803740846508
13.7875,-3.550030306674,-0.0803773731136506,-5.50840988655408
13.79,-3.58569151164647,-0.0803773731136506,-5.44729245228708
13.7925,-3.58059705379326,-0.0803773731136506,-5.45747869133158
13.795,-3.60097488520611,-0.075281680307862,-5.44219933276483
13.7975,-3.58569151164647,-0.0803773731136506,-5.44219933276483
13.8,-3.60606934305932,-0.0803773731136506,-5.47275804989833
13.8025,-3.59078596949968,-0.0803773731136506,-5.64592411365481
13.805,-3.59078596949968,-0.075281680307862,-5.64083099413256
13.8075,-3.60606934305932,-0.0803773731136506,-5.7579727431443
13.81,-3.60606934305932,-0.0803773731136506,-5.44729245228708
13.8125,-3.57550259594005,-0.0803773731136506,-5.72232090648856
13.815,-3.58059705379326,-0.0803773731136506,-5.40145437658683
13.8175,-3.58059705379326,-0.0803773731136506,-5.54406172320982
13.82,-3.58569151164647,-0.0803773731136506,-5.56443420129882
13.8225,-3.58059705379326,-0.0803773731136506,-5.56952732082107
13.825,-3.58569151164647,-0.0803773731136506,-5.55424796225432
13.8275,-3.58569151164647,-0.0803773731136506,-5.56443420129882
13.83,-3.63663609017858,-0.0803773731136506,-5.55424796225432
13.8325,-3.61116380091253,-0.0803773731136506,-0.10970319296954
13.835,-3.61116380091253,-0.0803773731136506,-5.47275804989833
13.8375,-3.57040813808684,-0.0803773731136506,-5.48294428894283
13.84,-3.57550259594005,-0.0803773731136506,-5.88020761167829
13.8425,-3.59078596949968,-0.0803773731136506,-5.53896860368757
13.845,-3.57550259594005,-0.0803773731136506,-5.47275804989833
13.8475,-3.57550259594005,-0.0803773731136506,-5.47275804989833
13.85,-3.57040813808684,-0.0803773731136506,-5.50331676703183
13.8525,-3.57040813808684,-0.0803773731136506,-5.46257181085383
13.855,-3.57040813808684,-0.0803773731136506,-5.46257181085383
13.8575,-3.57040813808684,-0.0803773731136506,-5.64083099413256
13.86,-3.56531368023363,-0.075281680307862,-5.46257181085383
13.8625,-3.56531368023363,-0.0803773731136506,-5.45747869133158
13.865,-3.58569151164647,-0.0803773731136506,-5.54915484273207
13.8675,-3.54493584882079,-0.075281680307862,-5.49822364750958
13.87,-3.54493584882079,-0.0803773731136506,-5.48294428894283
13.8725,-3.54493584882079,-0.0803773731136506,-5.51350300607633
13.875,-3.53984139096758,-0.0803773731136506,-5.56443420129882
13.8775,-3.53474693311437,-0.0803773731136506,-5.55424796225432
13.88,-3.52965247526116,-0.075281680307862,-5.55934108177657
13.8825,-3.52965247526116,-0.0803773731136506,-5.44219933276483
13.885,-3.550030306674,-0.0803773731136506,-5.49313052798733
13.8875,-3.51436910170153,-0.0803773731136506,-5.54915484273207
13.89,-3.52965247526116,-0.0803773731136506,-5.42182685467583
13.8925,-3.52455801740795,-0.0803773731136506,-5.42182685467583
13.895,-3.51946355955474,-0.0803773731136506,-5.39636125706459
13.8975,-3.51946355955474,-0.0803773731136506,-5.40654749610908
13.9,-3.52455801740795,-0.0803773731136506,-5.39636125706459
13.9025,-3.52965247526116,-0.0803773731136506,-5.39126813754234
13.905,-3.52455801740795,-0.0803773731136506,-5.37598877897559
13.9075,-3.51946355955474,-0.0803773731136506,-5.37598877897559
13.91,-3.51946355955474,-0.0803773731136506,-5.37598877897559
13.9125,-3.51436910170153,-0.0803773731136506,-5.38108189849784
13.915,-3.51946355955474,-0.0803773731136506,-5.37089565945334
13.9175,-3.51436910170153,-0.0803773731136506,-5.38108189849784
13.92,-3.51436910170153,-0.0803773731136506,-5.37089565945334
13.9225,-3.51436910170153,-0.0803773731136506,-5.38108189849784
13.925,-3.51946355955474,-0.0803773731136506,-5.37598877897559
13.9275,-3.52455801740795,-0.0803773731136506,-5.36580253993109
13.93,-3.53984139096758,-0.0803773731136506,-5.36070942040884
13.9325,-3.50927464384831,-0.0803773731136506,-5.40654749610908
13.935,-3.5041801859951,-0.0854730659194392,-5.38108189849784
13.9375,-3.48889681243547,-0.0803773731136506,-5.39636125706459
13.94,-3.48380235458226,-0.0803773731136506,-5.39636125706459
13.9425,-3.46851898102263,-0.0803773731136506,-5.40145437658683
13.945,-3.46851898102263,-0.0803773731136506,-5.39636125706459
13.9475,-3.45833006531621,-0.0803773731136506,-5.41164061563133
13.95,-3.44304669175658,-0.0803773731136506,-5.40145437658683
13.9525,-3.43795223390337,-0.0803773731136506,-5.41673373515358
13.955,-3.45833006531621,-0.0803773731136506,-5.41673373515358
13.9575,-3.45833006531621,-0.0803773731136506,-5.46766493037608
13.96,-3.46851898102263,-0.0803773731136506,-5.48294428894283
13.9625,-3.46851898102263,-0.0803773731136506,-5.48294428894283
13.965,-3.453235607463,-0.0803773731136506,-5.47275804989833
13.9675,-3.4073854867841,-0.0803773731136506,-5.44729245228708
13.97,-3.4073854867841,-0.0803773731136506,-5.43201309372033
13.9725,-3.453235607463,-0.0803773731136506,-5.47785116942058
13.975,-3.39210211322447,-0.0803773731136506,-5.51859612559857
13.9775,-3.38191319751805,-0.0803773731136506,-5.54406172320982
13.98,-3.37172428181163,-0.0803773731136506,-5.53387548416532
13.9825,-3.39210211322447,-0.0803773731136506,-5.52368924512082
13.985,-3.356440908252,-0.0803773731136506,-5.52878236464307
13.9875,-3.37172428181163,-0.0803773731136506,-0.119889432014039
13.99,-3.36153536610521,-0.0803773731136506,-5.49822364750958
13.9925,-3.35134645039879,-0.0803773731136506,-5.47275804989833
13.995,-3.34115753469236,-0.0803773731136506,-5.50840988655408
13.9975,-3.35134645039879,-0.0803773731136506,-5.57971355986557
14,-3.33096861898594,-0.075281680307862,-5.56443420129882
14.0025,-3.32587416113273,-0.0803773731136506,-5.53896860368757
14.005,-3.32077970327952,-0.0803773731136506,-5.57462044034332
14.0075,-3.31568524542631,-0.0803773731136506,-5.58989979891007
14.01,-3.33606307683915,-0.0803773731136506,-5.38617501802009
14.0125,-3.33096861898594,-0.0803773731136506,-5.41673373515358
14.015,-3.34625199254558,-0.0803773731136506,-5.41673373515358
14.0175,-3.34115753469236,-0.0803773731136506,-5.39126813754234
14.02,-3.3105907875731,-0.0854730659194392,-5.41673373515358
14.0225,-3.31568524542631,-0.0803773731136506,-5.70194842839956
14.025,-3.31568524542631,-0.0803773731136506,-5.52368924512082
14.0275,-3.31568524542631,-0.0803773731136506,-5.52368924512082
14.03,-3.32077970327952,-0.0803773731136506,-5.65101723317706
14.0325,-3.32077970327952,-0.0854730659194392,-5.66120347222156
14.035,-3.32587416113273,-0.0803773731136506,-5.65101723317706
14.0375,-3.34625199254558,-0.0803773731136506,-0.181006866281034
14.04,-3.33096861898594,-0.0803773731136506,-5.35561630088659
14.0425,-3.34115753469236,-0.0803773731136506,-5.53387548416532
14.045,-3.356440908252,-0.0803773731136506,-5.49822364750958
14.0475,-3.36153536610521,-0.0803773731136506,-5.64083099413256
14.05,-3.39719657107768,-0.0803773731136506,-5.53896860368757
14.0525,-3.41757440249052,-0.0803773731136506,-5.54406172320982
14.055,-3.41757440249052,-0.0803773731136506,-5.56952732082107
14.0575,-3.40229102893089,-0.0803773731136506,-5.57462044034332
14.06,-3.41247994463731,-0.0803773731136506,-5.50840988655408
14.0625,-3.46342452316942,-0.0803773731136506,-5.51350300607633
14.065,-3.43795223390337,-0.0803773731136506,-5.54406172320982
14.0675,-3.44814114960979,-0.0803773731136506,-5.52878236464307
14.07,-3.453235607463,-0.0803773731136506,-5.52368924512082
14.0725,-3.59588042735289,-0.0803773731136506,-5.50840988655408
14.075,-3.60097488520611,-0.0803773731136506,-5.51350300607633
14.0775,-3.550030306674,-0.0803773731136506,-5.53896860368757
14.08,-3.53474693311437,-0.0803773731136506,-5.59499291843232
14.0825,-3.63154163232537,-0.0803773731136506,-5.55424796225432
14.085,-3.58569151164647,-0.0803773731136506,-5.61536539652132
14.0875,-3.57550259594005,-0.0803773731136506,-5.65611035269931
14.09,-3.63154163232537,-0.0803773731136506,-5.63573787461031
14.0925,-3.63154163232537,-0.0803773731136506,-5.61536539652132
14.095,-3.62135271661895,-0.0803773731136506,-5.54406172320982
14.0975,-3.66210837944463,-0.0803773731136506,-5.62045851604357
14.1,-3.68248621085748,-0.0803773731136506,-5.60008603795457
14.1025,-3.65701392159142,-0.0803773731136506,-5.64083099413256
14.105,-3.70286404227032,-0.0803773731136506,-5.55934108177657
14.1075,-3.70795850012353,-0.0803773731136506,-5.73760026505531
14.11,-3.70795850012353,-0.0803773731136506,-5.69685530887731
14.1125,-3.71305295797674,-0.0803773731136506,-5.54915484273207
14.115,-3.7894698257749,-0.0803773731136506,-5.54915484273207
14.1175,-3.72324187368316,-0.0803773731136506,-5.71213466744406
14.12,-3.80984765718774,-0.0803773731136506,-5.55424796225432
14.1225,-3.7894698257749,-0.0803773731136506,-5.55424796225432
14.125,-3.76399753650884,-0.0803773731136506,-5.55424796225432
14.1275,-3.76399753650884,-0.0803773731136506,-5.55424796225432
14.13,-3.77418645221527,-0.0803773731136506,-0.0995169539250416
14.1325,-3.77928091006848,-0.0803773731136506,-0.0995169539250416
14.135,-3.78437536792169,-0.0803773731136506,-5.69685530887731
14.1375,-3.76909199436206,-0.0803773731136506,-5.66629659174381
14.14,-3.76909199436206,-0.0803773731136506,-5.59499291843232
14.1425,-3.82513103074737,-0.0803773731136506,-5.52878236464307
14.145,-3.78437536792169,-0.0803773731136506,-5.54406172320982
14.1475,-3.77928091006848,-0.0854730659194392,-5.66629659174381
14.15,-3.76399753650884,-0.0803773731136506,-5.53896860368757
14.1525,-3.76399753650884,-0.0803773731136506,-5.57462044034332
14.155,-3.76399753650884,-0.0803773731136506,-5.81399705788905
14.1575,-3.78437536792169,-0.0803773731136506,-5.54406172320982
14.16,-3.75890307865563,-0.0803773731136506,-5.46766493037608
14.1625,-3.76399753650884,-0.0803773731136506,-5.61027227699907
14.165,-3.79965874148132,-0.0803773731136506,-5.80381081884455
14.1675,-3.76399753650884,-0.0803773731136506,-5.46766493037608
14.17,-3.75380862080242,-0.0803773731136506,-5.46766493037608
14.1725,-3.76909199436206,-0.0803773731136506,-5.46766493037608
14.175,-3.76399753650884,-0.0803773731136506,-5.67648283078831
14.1775,-3.76399753650884,-0.0803773731136506,-5.47785116942058
14.18,-3.78437536792169,-0.0803773731136506,-5.55934108177657
14.1825,-3.74871416294921,-0.0803773731136506,-5.60008603795457
14.185,-3.743619705096,-0.0803773731136506,-5.60008603795457
14.1875,-3.743619705096,-0.0803773731136506,-5.48803740846508
14.19,-3.75890307865563,-0.0803773731136506,-5.49313052798733
14.1925,-3.76909199436206,-0.0803773731136506,-5.52368924512082
14.195,-3.78437536792169,-0.0803773731136506,-5.55934108177657
14.1975,-3.74871416294921,-0.0803773731136506,-5.55934108177657
14.2,-3.73852524724279,-0.0803773731136506,-5.54406172320982
14.2025,-3.73343078938958,-0.0803773731136506,-5.59499291843232
14.205,-3.72324187368316,-0.0803773731136506,-5.57971355986557
14.2075,-3.71814741582995,-0.0803773731136506,-5.58480667938782
14.21,-3.71814741582995,-0.075281680307862,-5.63064475508807
14.2125,-3.70795850012353,-0.0803773731136506,-5.62555163556582
14.215,-3.70286404227032,-0.0803773731136506,-5.53387548416532
14.2175,-3.68758066871069,-0.0803773731136506,-5.63573787461031
14.22,-3.64173054803179,-0.0803773731136506,-5.61536539652132
14.2225,-3.63154163232537,-0.0803773731136506,-5.60517915747682
14.225,-3.60606934305932,-0.0803773731136506,-5.61536539652132
14.2275,-3.59588042735289,-0.0803773731136506,-5.59499291843232
14.23,-3.59588042735289,-0.0803773731136506,-5.54915484273207
14.2325,-3.60097488520611,-0.0803773731136506,-5.55424796225432
14.235,-3.58059705379326,-0.0803773731136506,-5.55934108177657
14.2375,-3.57550259594005,-0.0803773731136506,-5.57462044034332
14.24,-3.58569151164647,-0.0803773731136506,-5.58480667938782
14.2425,-3.58569151164647,-0.0803773731136506,-5.65101723317706
14.245,-3.52965247526116,-0.0803773731136506,-5.67648283078831
14.2475,-3.51946355955474,-0.0803773731136506,-5.58480667938782
14.25,-3.50927464384831,-0.0803773731136506,-5.62045851604357
14.2525,-3.49399127028868,-0.0803773731136506,-5.62555163556582
14.255,-3.47870789672905,-0.0854730659194392,-5.59499291843232
14.2575,-3.453235607463,-0.0803773731136506,-5.56952732082107
14.26,-3.43795223390337,-0.0803773731136506,-5.58989979891007
14.2625,-3.41247994463731,-0.0803773731136506,-5.56443420129882
14.265,-3.42776331819694,-0.0803773731136506,-5.62555163556582
14.2675,-3.39210211322447,-0.075281680307862,-5.57971355986557
14.27,-3.35134645039879,-0.0803773731136506,-5.60008603795457
14.2725,-3.33096861898594,-0.0803773731136506,-5.55934108177657
14.275,-3.34625199254558,-0.0803773731136506,-5.55424796225432
14.2775,-3.32077970327952,-0.0803773731136506,-5.57971355986557
14.28,-3.29021295616026,-0.0803773731136506,-5.59499291843232
14.2825,-3.30040187186668,-0.0803773731136506,-5.63573787461031
14.285,-3.23417391977494,-0.0803773731136506,-5.61536539652132
14.2875,-3.23926837762815,-0.0803773731136506,-5.60517915747682
14.29,-3.2137960883621,-0.0803773731136506,-5.60008603795457
14.2925,-3.23926837762815,-0.0803773731136506,-5.61536539652132
14.295,-3.23417391977494,-0.0803773731136506,-5.55424796225432
14.2975,-3.24945729333457,-0.0803773731136506,-5.58480667938782
14.3,-3.23926837762815,-0.0803773731136506,-5.61027227699907
14.3025,-3.21889054621531,-0.0803773731136506,-5.59499291843232
14.305,-3.26474066689421,-0.0803773731136506,-5.56443420129882
14.3075,-3.24945729333457,-0.075281680307862,-5.59499291843232
14.31,-3.28002404045384,-0.0803773731136506,-5.59499291843232
14.3125,-3.259646209041,-0.0803773731136506,-5.59499291843232
14.315,-3.33096861898594,-0.0803773731136506,-5.57462044034332
14.3175,-3.30549632971989,-0.0803773731136506,-5.57462044034332
14.32,-3.31568524542631,-0.0803773731136506,-5.60517915747682
14.3225,-3.33606307683915,-0.0803773731136506,-5.58480667938782
14.325,-3.34115753469236,-0.0803773731136506,-5.59499291843232
14.3275,-3.35134645039879,-0.0803773731136506,-5.62045851604357
14.33,-3.37681873966484,-0.0803773731136506,-5.66120347222156
14.3325,-3.40229102893089,-0.0803773731136506,-5.67648283078831
14.335,-3.38700765537126,-0.0803773731136506,-5.64083099413256
14.3375,-3.453235607463,-0.0803773731136506,-5.66629659174381
14.34,-3.42776331819694,-0.0803773731136506,-5.58989979891007
14.3425,-3.49908572814189,-0.0803773731136506,-5.73760026505531
14.345,-3.49399127028868,-0.0854730659194392,-5.64083099413256
14.3475,-3.5041801859951,-0.0803773731136506,-5.60008603795457
14.35,-3.51436910170153,-0.0803773731136506,-5.61027227699907
14.3525,-3.52455801740795,-0.075281680307862,-5.63064475508807
14.355,-3.61116380091253,-0.0803773731136506,-5.62045851604357
14.3575,-3.550030306674,-0.0803773731136506,-5.58480667938782
14.36,-3.57040813808684,-0.0803773731136506,-5.60517915747682
14.3625,-3.62135271661895,-0.0803773731136506,-5.57971355986557
14.365,-3.56531368023363,-0.0803773731136506,-5.57462044034332
14.3675,-3.58569151164647,-0.0803773731136506,-5.55424796225432
14.37,-3.59078596949968,-0.0803773731136506,-5.55424796225432
14.3725,-3.63154163232537,-0.0803773731136506,-5.56952732082107
14.375,-3.63154163232537,-0.0803773731136506,-5.63573787461031
14.3775,-3.64173054803179,-0.0803773731136506,-5.57462044034332
14.38,-3.65701392159142,-0.0803773731136506,-5.56443420129882
14.3825,-3.63663609017858,-0.0854730659194392,-5.63573787461031
14.385,-3.646825005885,-0.075281680307862,-5.60008603795457
14.3875,-3.64173054803179,-0.0803773731136506,-5.57462044034332
14.39,-3.67229729515105,-0.0803773731136506,-5.61536539652132
14.3925,-3.68248621085748,-0.0803773731136506,-5.62045851604357
14.395,-3.68758066871069,-0.0803773731136506,-5.58989979891007
14.3975,-3.68248621085748,-0.0803773731136506,-5.61027227699907
14.4,-3.71305295797674,-0.0803773731136506,-5.57462044034332
14.4025,-3.68758066871069,-0.0803773731136506,-5.59499291843232
14.405,-3.72324187368316,-0.0803773731136506,-5.58989979891007
14.4075,-3.71305295797674,-0.0854730659194392,-5.60008603795457
14.41,-3.743619705096,-0.0803773731136506,-5.60517915747682
14.4125,-3.70795850012353,-0.0803773731136506,-5.66120347222156
14.415,-3.70795850012353,-0.0803773731136506,-5.57462044034332
14.4175,-3.72833633153637,-0.0803773731136506,-5.60008603795457
14.42,-3.69776958441711,-0.0803773731136506,-5.63573787461031
14.4225,-3.70795850012353,-0.0803773731136506,-5.63573787461031
14.425,-3.75890307865563,-0.0803773731136506,-5.59499291843232
14.4275,-3.73852524724279,-0.0803773731136506,-5.61536539652132
14.43,-3.743619705096,-0.0803773731136506,-5.62555163556582
14.4325,-3.79456428362811,-0.0803773731136506,-5.65101723317706
14.435,-3.80984765718774,-0.0803773731136506,-5.65611035269931
14.4375,-3.79965874148132,-0.0854730659194392,-5.62045851604357
14.44,-3.79965874148132,-0.0803773731136506,-5.66120347222156
14.4425,-3.80984765718774,-0.0803773731136506,-5.62045851604357
14.445,-3.80475319933453,-0.0803773731136506,-5.63573787461031
14.4475,-3.82003657289416,-0.0803773731136506,-5.62555163556582
14.45,-3.81494211504095,-0.0803773731136506,-5.63573787461031
14.4525,-3.82003657289416,-0.0803773731136506,-5.62555163556582
14.455,-3.80984765718774,-0.0803773731136506,-5.70704154792181
14.4575,-3.81494211504095,-0.0803773731136506,-5.63573787461031
14.46,-3.80984765718774,-0.0803773731136506,-5.64083099413256
14.4625,-3.80475319933453,-0.0803773731136506,-5.66629659174381
14.465,-3.80475319933453,-0.075281680307862,-5.66120347222156
14.4675,-3.83022548860058,-0.0803773731136506,-5.69176218935506
14.47,-3.7894698257749,-0.0803773731136506,-5.72232090648856
14.4725,-3.78437536792169,-0.0803773731136506,-5.75287962362205
14.475,-3.80475319933453,-0.0803773731136506,-5.64083099413256
14.4775,-3.743619705096,-0.0803773731136506,-5.69176218935506
14.48,-3.73852524724279,-0.0803773731136506,-5.65611035269931
14.4825,-3.73343078938958,-0.0803773731136506,-5.70704154792181
14.485,-3.73852524724279,-0.0803773731136506,-5.70194842839956
14.4875,-3.72833633153637,-0.075281680307862,-5.64083099413256
14.49,-3.72833633153637,-0.0803773731136506,-5.65611035269931
14.4925,-3.743619705096,-0.0803773731136506,-5.66120347222156
14.495,-3.743619705096,-0.0803773731136506,-5.68666906983281
14.4975,-3.73852524724279,-0.0803773731136506,-5.63573787461031
14.5,-3.73852524724279,-0.0803773731136506,-5.65101723317706
14.5025,-3.68248621085748,-0.0803773731136506,-5.65101723317706
14.505,-3.68248621085748,-0.0803773731136506,-5.60517915747682
14.5075,-3.69776958441711,-0.0803773731136506,-5.61536539652132
14.51,-3.66720283729784,-0.0803773731136506,-5.60517915747682
14.5125,-3.646825005885,-0.0803773731136506,-5.61536539652132
14.515,-3.64173054803179,-0.0803773731136506,-5.65101723317706
14.5175,-3.65191946373821,-0.0803773731136506,-5.65611035269931
14.52,-3.63663609017858,-0.0803773731136506,-5.60517915747682
14.5225,-3.62644717447216,-0.0803773731136506,-5.60008603795457
14.525,-3.62135271661895,-0.0803773731136506,-5.62555163556582
14.5275,-3.62135271661895,-0.0803773731136506,-5.67648283078831
14.53,-3.63663609017858,-0.0803773731136506,-5.60008603795457
14.5325,-3.60097488520611,-0.0803773731136506,-5.58989979891007
14.535,-3.59078596949968,-0.075281680307862,-5.57462044034332
14.5375,-3.59078596949968,-0.0803773731136506,-5.56443420129882
14.54,-3.65191946373821,-0.0803773731136506,-5.57462044034332
14.5425,-3.646825005885,-0.0803773731136506,-5.56952732082107
14.545,-3.61625825876574,-0.075281680307862,-5.58480667938782
14.5475,-3.60606934305932,-0.0803773731136506,-5.55424796225432
14.55,-3.60097488520611,-0.0803773731136506,-5.60008603795457
14.5525,-3.57550259594005,-0.0803773731136506,-5.58989979891007
14.555,-3.56531368023363,-0.0803773731136506,-5.52368924512082
14.5575,-3.57040813808684,-0.0803773731136506,-5.61027227699907
14.56,-3.58569151164647,-0.0803773731136506,-5.62045851604357
14.5625,-3.58059705379326,-0.0803773731136506,-5.57971355986557
14.565,-3.58569151164647,-0.0803773731136506,-5.51350300607633
14.5675,-3.56531368023363,-0.0803773731136506,-5.61027227699907
14.57,-3.56531368023363,-0.0803773731136506,-5.58989979891007
14.5725,-3.56021922238042,-0.0803773731136506,-5.61536539652132
14.575,-3.56021922238042,-0.0803773731136506,-5.59499291843232
14.5775,-3.52455801740795,-0.0803773731136506,-5.56443420129882
14.58,-3.50927464384831,-0.0803773731136506,-5.56443420129882
14.5825,-3.53474693311437,-0.0803773731136506,-5.58480667938782
14.585,-3.53474693311437,-0.0803773731136506,-5.55934108177657
14.5875,-3.5041801859951,-0.0803773731136506,-5.56443420129882
14.59,-3.49908572814189,-0.075281680307862,-5.55934108177657
14.5925,-3.54493584882079,-0.0803773731136506,-5.56952732082107
14.595,-3.51436910170153,-0.0803773731136506,-5.52368924512082
14.5975,-3.51946355955474,-0.0803773731136506,-5.52878236464307
14.6,-3.57040813808684,-0.0803773731136506,-5.53387548416532
14.6025,-3.50927464384831,-0.0803773731136506,-5.53896860368757
14.605,-3.57550259594005,-0.0803773731136506,-5.49822364750958
14.6075,-3.52455801740795,-0.0803773731136506,-5.45747869133158
14.61,-3.53474693311437,-0.0803773731136506,-5.46766493037608
14.6125,-3.56021922238042,-0.0803773731136506,-5.54406172320982
14.615,-3.54493584882079,-0.0803773731136506,-5.55424796225432
14.6175,-3.57550259594005,-0.0803773731136506,-5.57462044034332
14.62,-3.60097488520611,-0.0803773731136506,-5.52878236464307
14.6225,-3.60606934305932,-0.0803773731136506,-5.53387548416532
14.625,-3.62135271661895,-0.075281680307862,-5.53387548416532
14.6275,-3.61625825876574,-0.0803773731136506,-5.53387548416532
14.63,-3.61625825876574,-0.075281680307862,-5.53387548416532
14.6325,-3.62135271661895,-0.0803773731136506,-5.50840988655408
14.635,-3.59078596949968,-0.0803773731136506,-5.53387548416532
14.6375,-3.60097488520611,-0.0803773731136506,-5.53896860368757
14.64,-3.60606934305932,-0.0803773731136506,-5.53896860368757
14.6425,-3.61625825876574,-0.0803773731136506,-5.50840988655408
14.645,-3.62135271661895,-0.0803773731136506,-5.52368924512082
14.6475,-3.62135271661895,-0.0803773731136506,-5.55424796225432
14.65,-3.65191946373821,-0.0803773731136506,-5.55424796225432
14.6525,-3.73852524724279,-0.0803773731136506,-5.54406172320982
14.655,-3.76399753650884,-0.0803773731136506,-5.51350300607633
14.6575,-3.67739175300426,-0.0803773731136506,-5.50331676703183
14.66,-3.743619705096,-0.0803773731136506,-5.53896860368757
14.6625,-3.76909199436206,-0.0803773731136506,-5.53387548416532
14.665,-3.76399753650884,-0.0803773731136506,-5.54406172320982
14.6675,-3.76909199436206,-0.0803773731136506,-5.51859612559857
14.67,-3.94739801922443,-0.0803773731136506,-5.52878236464307
14.6725,-3.82513103074737,-0.0803773731136506,-5.56952732082107
14.675,-3.87607560927948,-0.0803773731136506,-5.51350300607633
14.6775,-3.82513103074737,-0.0803773731136506,-5.53896860368757
14.68,-3.840414404307,-0.0803773731136506,-5.55424796225432
14.6825,-3.92702018781158,-0.0803773731136506,-5.55424796225432
14.685,-3.90154789854553,-0.075281680307862,-5.56443420129882
14.6875,-3.84550886216021,-0.0803773731136506,-5.51350300607633
14.69,-3.92192572995837,-0.0803773731136506,-5.54915484273207
14.6925,-3.85060332001342,-0.0803773731136506,-5.54915484273207
14.695,-3.84550886216021,-0.0803773731136506,-5.55424796225432
14.6975,-3.93211464566479,-0.0803773731136506,-5.55934108177657
14.7,-3.90664235639874,-0.0803773731136506,-5.53387548416532
14.7025,-3.9830592241969,-0.0803773731136506,-5.56443420129882
14.705,-3.96777585063727,-0.0803773731136506,-5.57462044034332
14.7075,-3.89135898283911,-0.0803773731136506,-5.51350300607633
14.71,-3.89135898283911,-0.075281680307862,-5.50840988655408
14.7125,-3.91683127210516,-0.0803773731136506,-5.49313052798733
14.715,-3.95758693493085,-0.0803773731136506,-5.51350300607633
14.7175,-3.90664235639874,-0.0803773731136506,-5.55934108177657
14.72,-3.89645344069232,-0.0803773731136506,-5.48294428894283
14.7225,-3.89135898283911,-0.0803773731136506,-5.52878236464307
14.725,-3.91683127210516,-0.075281680307862,-5.57462044034332
14.7275,-3.91683127210516,-0.0803773731136506,-5.54915484273207
14.73,-3.92192572995837,-0.0803773731136506,-5.56443420129882
14.7325,-4.03400380272901,-0.0803773731136506,-5.57462044034332
14.735,-4.01872042916937,-0.0803773731136506,-5.56443420129882
14.7375,-3.92702018781158,-0.0803773731136506,-5.53387548416532
14.74,-3.96268139278406,-0.0803773731136506,-5.53387548416532
14.7425,-3.94739801922443,-0.0803773731136506,-5.57462044034332
14.745,-3.93211464566479,-0.0803773731136506,-5.51350300607633
14.7475,-3.92192572995837,-0.0803773731136506,-5.53896860368757
14.75,-3.91173681425195,-0.0803773731136506,-5.52368924512082
14.7525,-3.92192572995837,-0.0803773731136506,-5.52878236464307
14.755,-3.90664235639874,-0.0803773731136506,-5.53387548416532
14.7575,-3.99324813990332,-0.0803773731136506,-5.57462044034332
14.76,-3.96777585063727,-0.075281680307862,-5.54406172320982
14.7625,-3.91683127210516,-0.0803773731136506,-5.51859612559857
14.765,-3.90154789854553,-0.075281680307862,-5.52368924512082
14.7675,-3.91173681425195,-0.0803773731136506,-5.51859612559857
14.77,-3.90154789854553,-0.0803773731136506,-5.54915484273207
14.7725,-3.91683127210516,-0.0803773731136506,-5.54406172320982
14.775,-3.91173681425195,-0.0803773731136506,-5.53896860368757
14.7775,-3.90664235639874,-0.0803773731136506,-5.53387548416532
14.78,-3.86079223571985,-0.0803773731136506,-5.53387548416532
14.7825,-3.89135898283911,-0.0803773731136506,-5.52878236464307
14.785,-3.94230356137122,-0.0803773731136506,-5.53896860368757
14.7875,-4.01872042916937,-0.0803773731136506,-5.55424796225432
14.79,-3.94230356137122,-0.0803773731136506,-5.53387548416532
14.7925,-4.02381488702258,-0.0803773731136506,-5.52878236464307
14.795,-3.92702018781158,-0.0803773731136506,-5.56952732082107
14.7975,-3.97287030849048,-0.0803773731136506,-5.51859612559857
14.8,-3.95758693493085,-0.0803773731136506,-5.53387548416532
14.8025,-3.91173681425195,-0.0803773731136506,-5.53896860368757
14.805,-3.93211464566479,-0.0803773731136506,-5.54915484273207
14.8075,-3.90154789854553,-0.0803773731136506,-5.52368924512082
14.81,-3.86588669357306,-0.0803773731136506,-5.58480667938782
14.8125,-3.86079223571985,-0.0803773731136506,-5.55934108177657
14.815,-3.87098115142627,-0.0803773731136506,-5.46257181085383
14.8175,-3.85060332001342,-0.0803773731136506,-5.46257181085383
14.82,-3.85569777786664,-0.0803773731136506,-5.47275804989833
14.8225,-3.84550886216021,-0.0803773731136506,-5.53896860368757
14.825,-3.840414404307,-0.0803773731136506,-5.47785116942058
14.8275,-3.85060332001342,-0.0803773731136506,-5.48803740846508
14.83,-3.81494211504095,-0.0803773731136506,-5.49822364750958
14.8325,-3.7894698257749,-0.075281680307862,-5.53387548416532
14.835,-3.79965874148132,-0.075281680307862,-5.50840988655408
14.8375,-3.76909199436206,-0.0803773731136506,-5.51859612559857
14.84,-3.76399753650884,-0.0803773731136506,-5.51350300607633
14.8425,-3.77928091006848,-0.0803773731136506,-5.51859612559857
14.845,-3.76399753650884,-0.0803773731136506,-5.51859612559857
14.8475,-3.75890307865563,-0.0803773731136506,-5.56952732082107
14.85,-3.76399753650884,-0.0803773731136506,-5.53387548416532
14.8525,-3.73852524724279,-0.0803773731136506,-5.51859612559857
14.855,-3.73852524724279,-0.0803773731136506,-5.53387548416532
14.8575,-3.72833633153637,-0.0803773731136506,-5.54406172320982
14.86,-3.72833633153637,-0.0803773731136506,-5.52368924512082
14.8625,-3.72833633153637,-0.0803773731136506,-5.83436953597805
14.865,-3.72833633153637,-0.0803773731136506,-5.54406172320982
14.8675,-3.73852524724279,-0.0803773731136506,-5.57971355986557
14.87,-3.78437536792169,-0.075281680307862,-5.62045851604357
14.8725,-3.77928091006848,-0.0803773731136506,-5.55934108177657
14.875,-3.743619705096,-0.0803773731136506,-5.52368924512082
14.8775,-3.743619705096,-0.0803773731136506,-5.49822364750958
14.88,-3.743619705096,-0.0803773731136506,-5.56443420129882
14.8825,-3.77928091006848,-0.0803773731136506,-5.60008603795457
14.885,-3.77418645221527,-0.0803773731136506,-5.52368924512082
14.8875,-3.79965874148132,-0.0803773731136506,-5.51859612559857
14.89,-3.74871416294921,-0.0803773731136506,-5.53387548416532
14.8925,-3.76399753650884,-0.0803773731136506,-5.52878236464307
14.895,-3.75890307865563,-0.0803773731136506,-5.51859612559857
14.8975,-3.75890307865563,-0.0803773731136506,-5.59499291843232
14.9,-3.75380862080242,-0.0803773731136506,-5.64083099413256
14.9025,-3.743619705096,-0.0803773731136506,-5.54406172320982
14.905,-3.70795850012353,-0.0803773731136506,-5.57462044034332
14.9075,-3.70795850012353,-0.0803773731136506,-5.56952732082107
14.91,-3.71814741582995,-0.0803773731136506,-5.49822364750958
14.9125,-3.71305295797674,-0.0803773731136506,-5.48803740846508
14.915,-3.70286404227032,-0.0803773731136506,-5.63064475508807
14.9175,-3.67229729515105,-0.0803773731136506,-5.51859612559857
14.92,-3.68248621085748,-0.0803773731136506,-5.60008603795457
14.9225,-3.72324187368316,-0.0803773731136506,-5.89548697024504
14.925,-3.73852524724279,-0.0803773731136506,-5.48803740846508
14.9275,-3.71814741582995,-0.0803773731136506,-5.51859612559857
14.93,-3.67229729515105,-0.0803773731136506,-5.47785116942058
14.9325,-3.66720283729784,-0.0803773731136506,-5.50840988655408
14.935,-3.67229729515105,-0.0803773731136506,-5.47275804989833
14.9375,-3.66720283729784,-0.0803773731136506,-5.56443420129882
14.94,-3.67739175300426,-0.0803773731136506,-5.55934108177657
14.9425,-3.66720283729784,-0.0803773731136506,-5.54406172320982
14.945,-3.70795850012353,-0.0803773731136506,-5.56443420129882
14.9475,-3.70286404227032,-0.0803773731136506,-5.56952732082107
14.95,-3.70795850012353,-0.0803773731136506,-5.52878236464307
14.9525,-3.70795850012353,-0.0803773731136506,-5.55424796225432
14.955,-3.6926751265639,-0.0803773731136506,-5.51859612559857
14.9575,-3.69776958441711,-0.0803773731136506,-5.52368924512082
14.96,-3.70286404227032,-0.0803773731136506,-5.51350300607633
14.9625,-3.6926751265639,-0.0803773731136506,-5.50840988655408
14.965,-3.75890307865563,-0.0803773731136506,-5.49822364750958
14.9675,-3.75890307865563,-0.0803773731136506,-5.48803740846508
14.97,-3.73852524724279,-0.0803773731136506,-5.48803740846508
14.9725,-3.7894698257749,-0.0803773731136506,-5.49313052798733
14.975,-3.7894698257749,-0.0803773731136506,-5.51350300607633
14.9775,-3.72833633153637,-0.0803773731136506,-5.50840988655408
14.98,-3.74871416294921,-0.0803773731136506,-5.50331676703183
14.9825,-3.69776958441711,-0.0803773731136506,-5.64592411365481
14.985,-3.71305295797674,-0.0803773731136506,-5.45238557180933
14.9875,-3.71305295797674,-0.0803773731136506,-5.44219933276483
14.99,-3.69776958441711,-0.0803773731136506,-5.49313052798733
14.9925,-3.67229729515105,-0.0803773731136506,-5.47275804989833
14.995,-3.67229729515105,-0.0803773731136506,-5.45238557180933
14.9975,-3.70286404227032,-0.0803773731136506,-5.91076632881179
15,-3.64173054803179,-0.0803773731136506,-5.77325210171105
15.0025,-3.65701392159142,-0.0803773731136506,-5.70194842839956
15.005,-3.62644717447216,-0.0803773731136506,-5.73250714553306
15.0075,-3.65191946373821,-0.0803773731136506,-5.68666906983281
15.01,-3.68248621085748,-0.0803773731136506,-5.69176218935506
15.0125,-3.68248621085748,-0.0803773731136506,-5.66629659174381
15.015,-3.67229729515105,-0.0803773731136506,-5.66120347222156
15.0175,-3.70795850012353,-0.0803773731136506,-5.65611035269931
15.02,-3.70795850012353,-0.0803773731136506,-5.99225624116778
15.0225,-3.68248621085748,-0.0803773731136506,-5.64083099413256
15.025,-3.743619705096,-0.0803773731136506,-5.58989979891007
15.0275,-3.68758066871069,-0.0803773731136506,-5.55934108177657
15.03,-3.70286404227032,-0.0803773731136506,-5.58989979891007
15.0325,-3.70286404227032,-0.0803773731136506,-5.63064475508807
15.035,-3.7894698257749,-0.0803773731136506,-5.53387548416532
15.0375,-3.70795850012353,-0.0803773731136506,-5.53387548416532
15.04,-3.70795850012353,-0.0803773731136506,-5.54406172320982
15.0425,-3.70795850012353,-0.0803773731136506,-5.50840988655408
15.045,-3.73343078938958,-0.0803773731136506,-5.54915484273207
15.0475,-3.71305295797674,-0.0803773731136506,-5.51350300607633
15.05,-3.71305295797674,-0.0803773731136506,-5.50331676703183
15.0525,-3.73852524724279,-0.0803773731136506,-5.51859612559857
15.055,-3.77928091006848,-0.0803773731136506,-5.52878236464307
15.0575,-3.73343078938958,-0.0803773731136506,-5.52878236464307
15.06,-3.72833633153637,-0.0803773731136506,-5.47785116942058
15.0625,-3.743619705096,-0.0803773731136506,-5.48294428894283
15.065,-3.743619705096,-0.0803773731136506,-5.47785116942058
15.0675,-3.75380862080242,-0.0803773731136506,-5.48294428894283
15.07,-3.72833633153637,-0.0803773731136506,-5.48294428894283
15.0725,-3.7894698257749,-0.0803773731136506,-5.58480667938782
15.075,-3.73852524724279,-0.0803773731136506,-5.57462044034332
15.0775,-3.73852524724279,-0.0803773731136506,-5.50331676703183
15.08,-3.76399753650884,-0.0803773731136506,-5.53387548416532
15.0825,-3.83531994645379,-0.0803773731136506,-5.51350300607633
15.085,-3.73852524724279,-0.0803773731136506,-5.52368924512082
15.0875,-3.73852524724279,-0.0803773731136506,-5.48294428894283
15.09,-3.743619705096,-0.0803773731136506,-5.60008603795457
15.0925,-3.743619705096,-0.0803773731136506,-5.46257181085383
15.095,-3.74871416294921,-0.0803773731136506,-5.48294428894283
15.0975,-3.72833633153637,-0.0803773731136506,-5.48294428894283
15.1,-3.75380862080242,-0.0803773731136506,-5.48294428894283
15.1025,-3.75380862080242,-0.0803773731136506,-5.60008603795457
15.105,-3.74871416294921,-0.0803773731136506,-5.46257181085383
15.1075,-3.76909199436206,-0.0803773731136506,-5.70194842839956
15.11,-3.743619705096,-0.0803773731136506,-5.56952732082107
15.1125,-3.74871416294921,-0.0803773731136506,-5.47785116942058
15.115,-3.74871416294921,-0.0803773731136506,-5.49313052798733
15.1175,-3.75380862080242,-0.0803773731136506,-5.55424796225432
15.12,-3.75380862080242,-0.0803773731136506,-5.54406172320982
15.1225,-3.75380862080242,-0.0803773731136506,-5.46257181085383
15.125,-3.77928091006848,-0.075281680307862,-5.47785116942058
15.1275,-3.76909199436206,-0.0803773731136506,-5.44729245228708
15.13,-3.77928091006848,-0.0803773731136506,-5.43710621324258
15.1325,-3.77928091006848,-0.0803773731136506,-5.43710621324258
15.135,-3.77928091006848,-0.0803773731136506,-5.43201309372033
15.1375,-3.77928091006848,-0.0803773731136506,-5.42691997419808
15.14,-3.77928091006848,-0.0803773731136506,-5.43201309372033
15.1425,-3.79456428362811,-0.075281680307862,-5.43201309372033
15.145,-3.77418645221527,-0.0803773731136506,-5.61027227699907
15.1475,-3.76909199436206,-0.0854730659194392,-5.69176218935506
15.15,-3.76909199436206,-0.075281680307862,-5.44729245228708
15.1525,-3.79965874148132,-0.0803773731136506,-5.43710621324258
15.155,-3.80475319933453,-0.0803773731136506,-5.43710621324258
15.1575,-3.80984765718774,-0.0803773731136506,-5.54406172320982
15.16,-3.80984765718774,-0.0803773731136506,-5.44729245228708
15.1625,-3.78437536792169,-0.075281680307862,-5.57462044034332
15.165,-3.81494211504095,-0.0803773731136506,-5.53387548416532
15.1675,-3.81494211504095,-0.0803773731136506,-5.51350300607633
15.17,-3.80984765718774,-0.0803773731136506,-5.52878236464307
15.1725,-3.82003657289416,-0.0803773731136506,-5.40145437658683
15.175,-3.79965874148132,-0.0803773731136506,-5.52878236464307
15.1775,-3.80475319933453,-0.0803773731136506,-5.38108189849784
15.18,-3.80984765718774,-0.0803773731136506,-5.41673373515358
15.1825,-3.82003657289416,-0.0803773731136506,-5.40145437658683
15.185,-3.82003657289416,-0.0803773731136506,-5.39126813754234
15.1875,-3.82513103074737,-0.0803773731136506,-5.53896860368757
15.19,-3.85060332001342,-0.0803773731136506,-5.42691997419808
15.1925,-3.83022548860058,-0.0803773731136506,-5.43710621324258
15.195,-3.87607560927948,-0.0803773731136506,-5.42691997419808
15.1975,-3.85060332001342,-0.0803773731136506,-5.47785116942058
15.2,-3.87098115142627,-0.0803773731136506,-5.41164061563133
15.2025,-3.87607560927948,-0.0803773731136506,-5.40654749610908
15.205,-3.85569777786664,-0.0803773731136506,-5.59499291843232
15.2075,-3.87098115142627,-0.0803773731136506,-5.36580253993109
15.21,-3.87607560927948,-0.0803773731136506,-5.58480667938782
15.2125,-3.89135898283911,-0.0803773731136506,-5.37089565945334
15.215,-3.89135898283911,-0.0854730659194392,-5.43201309372033
15.2175,-3.89135898283911,-0.0803773731136506,-5.37089565945334
15.22,-3.89135898283911,-0.0803773731136506,-5.39126813754234
15.2225,-3.89645344069232,-0.0803773731136506,-5.47275804989833
15.225,-3.89645344069232,-0.075281680307862,-5.53896860368757
15.2275,-3.90154789854553,-0.0803773731136506,-5.48803740846508
15.23,-3.89645344069232,-0.0803773731136506,-5.34033694231984
15.2325,-3.89135898283911,-0.0803773731136506,-5.51350300607633
15.235,-3.89135898283911,-0.0803773731136506,-5.34033694231984
15.2375,-3.89135898283911,-0.0854730659194392,-5.37089565945334
15.24,-3.8862645249859,-0.0803773731136506,-5.36070942040884
15.2425,-3.87098115142627,-0.0803773731136506,-5.36070942040884
15.245,-3.85569777786664,-0.0803773731136506,-5.35561630088659
15.2475,-3.84550886216021,-0.0803773731136506,-5.40654749610908
15.25,-3.83022548860058,-0.0803773731136506,-5.39636125706459
15.2525,-3.82003657289416,-0.0803773731136506,-5.36580253993109
15.255,-3.80475319933453,-0.0803773731136506,-5.33524382279759
15.2575,-3.7894698257749,-0.0803773731136506,-5.37089565945334
15.26,-3.77928091006848,-0.0803773731136506,-5.34033694231984
15.2625,-3.76399753650884,-0.075281680307862,-5.33015070327534
15.265,-3.75380862080242,-0.0803773731136506,-5.34033694231984
15.2675,-3.74871416294921,-0.075281680307862,-5.31487134470859
15.27,-3.71305295797674,-0.0803773731136506,-5.32505758375309
15.2725,-3.70286404227032,-0.0803773731136506,-5.53387548416532
15.275,-3.68758066871069,-0.0803773731136506,-5.35052318136434
15.2775,-3.68248621085748,-0.0803773731136506,-5.34033694231984
15.28,-3.66210837944463,-0.0803773731136506,-5.32505758375309
15.2825,-3.67229729515105,-0.075281680307862,-5.30977822518634
15.285,-3.66210837944463,-0.0803773731136506,-5.31487134470859
15.2875,-3.646825005885,-0.0803773731136506,-5.30977822518634
15.29,-3.65191946373821,-0.0803773731136506,-5.55424796225432
15.2925,-3.62135271661895,-0.0803773731136506,-5.34033694231984
15.295,-3.63154163232537,-0.0854730659194392,-5.41164061563133
15.2975,-3.61625825876574,-0.0803773731136506,-5.35052318136434
15.3,-3.56021922238042,-0.0803773731136506,-5.37598877897559
15.3025,-3.58569151164647,-0.0803773731136506,-5.40654749610908
15.305,-3.60097488520611,-0.0803773731136506,-5.43201309372033
15.3075,-3.58569151164647,-0.0803773731136506,-5.45238557180933
15.31,-3.60097488520611,-0.0803773731136506,-5.38617501802009
15.3125,-3.57040813808684,-0.075281680307862,-5.40654749610908
15.315,-3.54493584882079,-0.0803773731136506,-5.54406172320982
15.3175,-3.59588042735289,-0.0803773731136506,-5.43710621324258
15.32,-3.58059705379326,-0.0803773731136506,-5.42691997419808
15.3225,-3.59078596949968,-0.0803773731136506,-5.38108189849784
15.325,-3.60606934305932,-0.0803773731136506,-5.41673373515358
15.3275,-3.57040813808684,-0.0803773731136506,-5.31487134470859
15.33,-3.58569151164647,-0.0803773731136506,-5.33015070327534
15.3325,-3.54493584882079,-0.0803773731136506,-5.30977822518634
15.335,-3.53984139096758,-0.0803773731136506,-5.40654749610908
15.3375,-3.52965247526116,-0.0803773731136506,-5.36580253993109
15.34,-3.51946355955474,-0.0803773731136506,-5.31996446423084
15.3425,-3.54493584882079,-0.0803773731136506,-5.32505758375309
15.345,-3.52455801740795,-0.0803773731136506,-5.31487134470859
15.3475,-3.51436910170153,-0.075281680307862,-5.43710621324258
15.35,-3.5041801859951,-0.0803773731136506,-5.29449886661959
15.3525,-3.51946355955474,-0.0803773731136506,-5.30977822518634
15.355,-3.52455801740795,-0.0803773731136506,-5.35052318136434
15.3575,-3.53474693311437,-0.075281680307862,-5.41164061563133
15.36,-3.53474693311437,-0.0803773731136506,-5.35561630088659
15.3625,-3.56021922238042,-0.0803773731136506,-5.34033694231984
15.365,-3.58059705379326,-0.0803773731136506,-5.30977822518634
15.3675,-3.59078596949968,-0.075281680307862,-5.31996446423084
15.37,-3.56531368023363,-0.0803773731136506,-5.37089565945334
15.3725,-3.57550259594005,-0.0854730659194392,-5.32505758375309
15.375,-3.56531368023363,-0.0803773731136506,-5.32505758375309
15.3775,-3.57040813808684,-0.0803773731136506,-5.35561630088659
15.38,-3.60097488520611,-0.0803773731136506,-5.30468510566409
15.3825,-3.58059705379326,-0.0803773731136506,-5.29449886661959
15.385,-3.60606934305932,-0.0803773731136506,-5.25884702996385
15.3875,-3.646825005885,-0.0803773731136506,-5.26903326900835
15.39,-3.61116380091253,-0.0803773731136506,-5.23847455187485
15.3925,-3.646825005885,-0.0803773731136506,-5.27921950805285
15.395,-3.62135271661895,-0.0803773731136506,-5.22828831283035
15.3975,-3.63663609017858,-0.075281680307862,-5.23847455187485
15.4,-3.61625825876574,-0.0803773731136506,-5.23847455187485
15.4025,-3.68758066871069,-0.0803773731136506,-5.2333814323526
15.405,-3.63154163232537,-0.0803773731136506,-5.1926364761746
15.4075,-3.63154163232537,-0.0803773731136506,-5.18754335665235
15.41,-3.64173054803179,-0.0803773731136506,-5.1722639980856
15.4125,-3.61625825876574,-0.0803773731136506,-5.16207775904111
15.415,-3.60606934305932,-0.0803773731136506,-5.16207775904111
15.4175,-3.60097488520611,-0.0803773731136506,-5.25884702996385
15.42,-3.63663609017858,-0.0803773731136506,-5.14170528095211
15.4225,-3.59588042735289,-0.0854730659194392,-5.16717087856335
15.425,-3.60097488520611,-0.0803773731136506,-5.15698463951886
15.4275,-3.57550259594005,-0.0803773731136506,-5.14170528095211
15.43,-3.57040813808684,-0.0803773731136506,-5.13661216142986
15.4325,-3.64173054803179,-0.075281680307862,-5.14679840047436
15.435,-3.59078596949968,-0.0803773731136506,-5.13661216142986
15.4375,-3.56531368023363,-0.075281680307862,-5.13661216142986
15.44,-3.59588042735289,-0.0803773731136506,-5.13661216142986
15.4425,-3.550030306674,-0.0803773731136506,-5.14679840047436
15.445,-3.56021922238042,-0.0803773731136506,-5.16207775904111
15.4475,-3.59078596949968,-0.0803773731136506,-5.13151904190761
15.45,-3.56021922238042,-0.075281680307862,-5.1722639980856
15.4525,-3.56531368023363,-0.0803773731136506,-5.18754335665235
15.455,-3.57040813808684,-0.0803773731136506,-5.12133280286311
15.4575,-3.58569151164647,-0.0803773731136506,-5.10605344429636
15.46,-3.61116380091253,-0.0803773731136506,-5.11114656381861
15.4625,-3.61116380091253,-0.0803773731136506,-5.09077408572961
15.465,-3.62644717447216,-0.0803773731136506,-5.13151904190761
15.4675,-3.60606934305932,-0.0803773731136506,-5.14679840047436
15.47,-3.59078596949968,-0.0803773731136506,-5.10605344429636
15.4725,-3.62135271661895,-0.075281680307862,-5.12133280286311
15.475,-3.58569151164647,-0.0803773731136506,-5.12642592238536
15.4775,-3.58569151164647,-0.0803773731136506,-5.09586720525186
15.48,-3.58569151164647,-0.0803773731136506,-5.09077408572961
15.4825,-3.59078596949968,-0.0803773731136506,-5.08568096620736
15.485,-3.61625825876574,-0.0803773731136506,-5.13151904190761
15.4875,-3.60606934305932,-0.0803773731136506,-5.10096032477411
15.49,-3.60606934305932,-0.0803773731136506,-5.12133280286311
15.4925,-3.646825005885,-0.0803773731136506,-5.09077408572961
15.495,-3.62644717447216,-0.0803773731136506,-5.08058784668511
15.4975,-3.62644717447216,-0.0803773731136506,-5.08058784668511
15.5,-3.65701392159142,-0.0803773731136506,-5.10605344429636
15.5025,-3.646825005885,-0.0803773731136506,-5.12642592238536
15.505,-3.65191946373821,-0.0803773731136506,-5.09586720525186
15.5075,-3.65191946373821,-0.0803773731136506,-5.08568096620736
15.51,-3.79456428362811,-0.0803773731136506,-5.13661216142986
15.5125,-3.72324187368316,-0.0803773731136506,-5.08058784668511
15.515,-3.72833633153637,-0.0803773731136506,-5.07040160764061
15.5175,-3.69776958441711,-0.0803773731136506,-5.26903326900835
15.52,-3.6926751265639,-0.0803773731136506,-5.11114656381861
15.5225,-3.68758066871069,-0.0803773731136506,-5.09586720525186
15.525,-3.68758066871069,-0.0803773731136506,-5.2537539104416
15.5275,-3.68758066871069,-0.0803773731136506,-5.16207775904111
15.53,-3.67229729515105,-0.0803773731136506,-5.16207775904111
15.5325,-3.67229729515105,-0.0803773731136506,-5.2231951933081
15.535,-3.66720283729784,-0.0803773731136506,-5.1926364761746
15.5375,-3.66720283729784,-0.0803773731136506,-5.12642592238536
15.54,-3.67229729515105,-0.0803773731136506,-5.13151904190761
15.5425,-3.67739175300426,-0.0803773731136506,-5.1722639980856
15.545,-3.74871416294921,-0.0803773731136506,-5.12642592238536
15.5475,-3.6926751265639,-0.0803773731136506,-5.1824502371301
15.55,-3.68758066871069,-0.0803773731136506,-5.18754335665235
15.5525,-3.68248621085748,-0.0803773731136506,-5.16717087856335
15.555,-3.73852524724279,-0.0803773731136506,-5.2231951933081
15.5575,-3.743619705096,-0.075281680307862,-5.22828831283035
15.56,-3.69776958441711,-0.0803773731136506,-5.20791583474135
15.5625,-3.71814741582995,-0.0803773731136506,-5.15698463951886
15.565,-3.71305295797674,-0.0803773731136506,-5.16207775904111
15.5675,-3.73852524724279,-0.0803773731136506,-5.17735711760785
15.57,-3.70795850012353,-0.0803773731136506,-5.17735711760785
15.5725,-3.743619705096,-0.0803773731136506,-5.16207775904111
15.575,-3.72324187368316,-0.0803773731136506,-5.16207775904111
15.5775,-3.73852524724279,-0.0803773731136506,-5.1926364761746
15.58,-3.70286404227032,-0.0803773731136506,-5.33524382279759
15.5825,-3.72324187368316,-0.0803773731136506,-5.1824502371301
15.585,-3.73852524724279,-0.0803773731136506,-5.20791583474135
15.5875,-3.72833633153637,-0.0803773731136506,-5.2028227152191
15.59,-3.75380862080242,-0.075281680307862,-5.40145437658683
15.5925,-3.74871416294921,-0.0803773731136506,-5.36580253993109
15.595,-3.72833633153637,-0.0803773731136506,-5.35561630088659
15.5975,-3.743619705096,-0.0803773731136506,-5.33524382279759
15.6,-3.74871416294921,-0.0803773731136506,-5.36580253993109
15.6025,-3.73343078938958,-0.0803773731136506,-5.35561630088659
15.605,-3.73343078938958,-0.0803773731136506,-5.34543006184209
15.6075,-3.73343078938958,-0.0803773731136506,-5.35561630088659
15.61,-3.73343078938958,-0.0854730659194392,-5.39126813754234
15.6125,-3.70795850012353,-0.0803773731136506,-5.29449886661959
15.615,-3.71305295797674,-0.0803773731136506,-5.42182685467583
15.6175,-3.71305295797674,-0.0803773731136506,-5.29959198614184
15.62,-3.70795850012353,-0.0803773731136506,-5.37089565945334
15.6225,-3.70795850012353,-0.0803773731136506,-5.29959198614184
15.625,-3.70286404227032,-0.075281680307862,-5.30977822518634
15.6275,-3.70795850012353,-0.0803773731136506,-5.35561630088659
15.63,-3.70795850012353,-0.0854730659194392,-5.31487134470859
15.6325,-3.71305295797674,-0.0803773731136506,-5.39126813754234
15.635,-3.70795850012353,-0.0803773731136506,-5.34033694231984
15.6375,-3.71814741582995,-0.0803773731136506,-5.33015070327534
15.64,-3.68248621085748,-0.075281680307862,-5.30977822518634
15.6425,-3.68248621085748,-0.0803773731136506,-5.31996446423084
15.645,-3.70795850012353,-0.0803773731136506,-5.39126813754234
15.6475,-3.70286404227032,-0.0803773731136506,-5.42691997419808
15.65,-3.66210837944463,-0.0803773731136506,-5.30468510566409
15.6525,-3.70795850012353,-0.0803773731136506,-5.38108189849784
15.655,-3.67229729515105,-0.0803773731136506,-5.38108189849784
15.6575,-3.6926751265639,-0.0803773731136506,-5.40654749610908
15.66,-3.68758066871069,-0.0803773731136506,-5.42691997419808
15.6625,-3.68248621085748,-0.0803773731136506,-5.33015070327534
15.665,-3.67739175300426,-0.075281680307862,-5.32505758375309
15.6675,-3.66720283729784,-0.0803773731136506,-5.42182685467583
15.67,-3.67229729515105,-0.0803773731136506,-5.34033694231984
15.6725,-3.67739175300426,-0.0803773731136506,-5.49313052798733
15.675,-3.66720283729784,-0.0803773731136506,-5.36580253993109
15.6775,-3.65701392159142,-0.0803773731136506,-5.38108189849784
15.68,-3.646825005885,-0.0803773731136506,-5.36580253993109
15.6825,-3.70286404227032,-0.0803773731136506,-5.37089565945334
15.685,-3.63154163232537,-0.0803773731136506,-5.35561630088659
15.6875,-3.65191946373821,-0.0803773731136506,-5.36070942040884
15.69,-3.646825005885,-0.0854730659194392,-5.35052318136434
15.6925,-3.66210837944463,-0.0803773731136506,-5.35052318136434
15.695,-3.60097488520611,-0.0803773731136506,-5.34033694231984
15.6975,-3.66210837944463,-0.0803773731136506,-5.34543006184209
15.7,-3.59078596949968,-0.0803773731136506,-5.34033694231984
15.7025,-3.62644717447216,-0.0803773731136506,-5.35052318136434
15.705,-3.61625825876574,-0.075281680307862,-5.33524382279759
15.7075,-3.61625825876574,-0.0803773731136506,-5.42182685467583
15.71,-3.58569151164647,-0.0803773731136506,-5.42691997419808
15.7125,-3.60606934305932,-0.0803773731136506,-5.36580253993109
15.715,-3.59588042735289,-0.0854730659194392,-5.36580253993109
15.7175,-3.58059705379326,-0.075281680307862,-5.38617501802009
15.72,-3.57040813808684,-0.0803773731136506,-5.39126813754234
15.7225,-3.53984139096758,-0.0803773731136506,-5.37089565945334
15.725,-3.59078596949968,-0.0854730659194392,-5.38108189849784
15.7275,-3.58059705379326,-0.0803773731136506,-5.40654749610908
15.73,-3.57550259594005,-0.0854730659194392,-5.39126813754234
15.7325,-3.55512476452721,-0.0803773731136506,-5.39126813754234
15.735,-3.5041801859951,-0.0803773731136506,-5.40654749610908
15.7375,-3.47361343887584,-0.0803773731136506,-5.41164061563133
15.74,-3.46851898102263,-0.0803773731136506,-5.40145437658683
15.7425,-3.47361343887584,-0.075281680307862,-5.41164061563133
15.745,-3.49399127028868,-0.0803773731136506,-5.42691997419808
15.7475,-3.46851898102263,-0.0803773731136506,-5.43710621324258
15.75,-3.49908572814189,-0.0803773731136506,-5.47275804989833
15.7525,-3.550030306674,-0.0803773731136506,-5.47785116942058
15.755,-3.46851898102263,-0.0854730659194392,-5.50331676703183
15.7575,-3.47870789672905,-0.0803773731136506,-5.50840988655408
15.76,-3.47870789672905,-0.0803773731136506,-5.50331676703183
15.7625,-3.53984139096758,-0.0803773731136506,-0.10970319296954
15.765,-3.48380235458226,-0.0803773731136506,-5.54406172320982
15.7675,-3.48889681243547,-0.0803773731136506,-5.53896860368757
15.77,-3.51946355955474,-0.0803773731136506,-5.53896860368757
15.7725,-3.49399127028868,-0.0803773731136506,-5.41164061563133
15.775,-3.61116380091253,-0.0803773731136506,-5.40145437658683
15.7775,-3.61625825876574,-0.0803773731136506,-5.49822364750958
15.78,-3.56021922238042,-0.075281680307862,-5.58989979891007
15.7825,-3.59588042735289,-0.0803773731136506,-5.49822364750958
15.785,-3.58059705379326,-0.0803773731136506,-5.43710621324258
15.7875,-3.63154163232537,-0.0803773731136506,-5.64592411365481
15.79,-3.56021922238042,-0.0803773731136506,-5.42691997419808
15.7925,-3.63663609017858,-0.0803773731136506,-5.42691997419808
15.795,-3.64173054803179,-0.0803773731136506,-5.42691997419808
15.7975,-3.58059705379326,-0.0803773731136506,-0.114796312491791
15.8,-3.57550259594005,-0.0803773731136506,-0.0995169539250416
15.8025,-3.53474693311437,-0.0803773731136506,-0.0995169539250416
15.805,-3.52455801740795,-0.0854730659194392,-0.0995169539250416
15.8075,-3.52965247526116,-0.0803773731136506,-0.0995169539250416
15.81,-3.52965247526116,-0.0803773731136506,-0.0995169539250416
15.8125,-3.5041801859951,-0.0803773731136506,-0.0995169539250416
15.815,-3.41247994463731,-0.0803773731136506,-0.0995169539250416
15.8175,-3.52965247526116,-0.0803773731136506,-0.0995169539250416
15.82,-3.42776331819694,-0.0803773731136506,-0.0995169539250416
15.8225,-3.50927464384831,-0.0803773731136506,-0.0995169539250416
15.825,-3.51946355955474,-0.0803773731136506,-5.56443420129882
15.8275,-3.453235607463,-0.0803773731136506,-5.57462044034332
15.83,-3.45833006531621,-0.0803773731136506,-5.52368924512082
15.8325,-3.453235607463,-0.0803773731136506,-5.59499291843232
15.835,-3.45833006531621,-0.075281680307862,-5.52368924512082
15.8375,-0.111271255756849,-0.0803773731136506,-5.57462044034332
15.84,-0.0959878821972175,-0.0803773731136506,-5.64083099413256
15.8425,-0.0908934243440065,-0.0803773731136506,-5.52878236464307
15.845,-0.0959878821972175,-0.0803773731136506,-5.50331676703183
15.8475,-3.59588042735289,-0.0803773731136506,-5.52368924512082
15.85,-3.60097488520611,-0.0803773731136506,-5.63064475508807
15.8525,-3.60606934305932,-0.0803773731136506,-5.61536539652132
15.855,-3.62135271661895,-0.0803773731136506,-5.51350300607633
15.8575,-3.63663609017858,-0.0854730659194392,-5.50840988655408
15.86,-3.81494211504095,-0.0803773731136506,-5.51350300607633
15.8625,-3.80984765718774,-0.0803773731136506,-5.48294428894283
15.865,-3.83531994645379,-0.0803773731136506,-5.54915484273207
15.8675,-3.83531994645379,-0.0803773731136506,-5.51859612559857
15.87,-3.86588669357306,-0.0803773731136506,-5.52878236464307
15.8725,-3.89645344069232,-0.0803773731136506,-5.51859612559857
15.875,-3.93211464566479,-0.0803773731136506,-5.56952732082107
15.8775,-3.96268139278406,-0.0803773731136506,-5.59499291843232
15.88,-4.05438163414185,-0.0803773731136506,-5.54406172320982
15.8825,-4.01362597131616,-0.075281680307862,-5.53896860368757
15.885,-4.02381488702258,-0.075281680307862,-5.55424796225432
15.8875,-4.02381488702258,-0.0803773731136506,-5.55424796225432
15.89,-4.05438163414185,-0.0803773731136506,-5.54406172320982
15.8925,-4.06966500770148,-0.0803773731136506,-5.65101723317706
15.895,-4.06966500770148,-0.0803773731136506,-5.67138971126606
15.8975,-4.04419271843543,-0.0803773731136506,-5.67648283078831
15.9,-4.04419271843543,-0.0803773731136506,-5.67648283078831
15.9025,-4.11042067052716,-0.0803773731136506,-5.62555163556582
15.905,-4.05947609199506,-0.0803773731136506,-5.63573787461031
15.9075,-4.17155416476569,-0.075281680307862,-5.67138971126606
15.91,-4.05438163414185,-0.0803773731136506,-5.59499291843232
15.9125,-4.08494838126111,-0.0803773731136506,-5.7783452212333
15.915,-4.05438163414185,-0.0803773731136506,-5.71722778696631
15.9175,-4.07475946555469,-0.0803773731136506,-5.70704154792181
15.92,-4.06966500770148,-0.0803773731136506,-5.67648283078831
15.9225,-4.06966500770148,-0.0803773731136506,-5.70194842839956
15.925,-4.04928717628864,-0.0803773731136506,-5.70194842839956
15.9275,-4.04419271843543,-0.075281680307862,-5.68666906983281
15.93,-3.98815368205011,-0.0803773731136506,-5.64592411365481
15.9325,-4.05438163414185,-0.0803773731136506,-5.65101723317706
15.935,-4.05438163414185,-0.0803773731136506,-5.60517915747682
15.9375,-3.94230356137122,-0.0803773731136506,-5.58480667938782
15.94,-3.90154789854553,-0.0803773731136506,-5.57971355986557
15.9425,-3.90154789854553,-0.0803773731136506,-5.60008603795457
15.945,-3.88117006713269,-0.0803773731136506,-5.59499291843232
15.9475,-3.87607560927948,-0.0803773731136506,-5.60008603795457
15.95,-3.840414404307,-0.0803773731136506,-5.63573787461031
15.9525,-3.82513103074737,-0.0803773731136506,-5.58989979891007
15.955,-3.88117006713269,-0.0803773731136506,-5.60008603795457
15.9575,-3.840414404307,-0.075281680307862,-5.60008603795457
15.96,-3.80475319933453,-0.0803773731136506,-5.59499291843232
15.9625,-3.80984765718774,-0.0803773731136506,-5.59499291843232
15.965,-3.76399753650884,-0.0803773731136506,-5.59499291843232
15.9675,-3.82513103074737,-0.0854730659194392,-5.65611035269931
15.97,-3.78437536792169,-0.0803773731136506,-5.61536539652132
15.9725,-3.75380862080242,-0.0803773731136506,-5.62045851604357
15.975,-3.743619705096,-0.0803773731136506,-5.61027227699907
15.9775,-3.73852524724279,-0.0803773731136506,-5.60008603795457
15.98,-3.74871416294921,-0.0803773731136506,-5.61536539652132
15.9825,-3.77418645221527,-0.075281680307862,-5.61027227699907
15.985,-3.75890307865563,-0.0803773731136506,-5.62045851604357
15.9875,-3.76909199436206,-0.0854730659194392,-5.61536539652132
15.99,-3.78437536792169,-0.0803773731136506,-5.66629659174381
15.9925,-3.72833633153637,-0.0803773731136506,-5.62045851604357
15.995,-3.76399753650884,-0.0803773731136506,-5.63573787461031
15.9975,-3.75380862080242,-0.0803773731136506,-5.64592411365481
16,-3.76399753650884,-0.0803773731136506,-5.66120347222156
16.0025,-3.75380862080242,-0.0803773731136506,-5.66629659174381
16.005,-3.72833633153637,-0.0803773731136506,-5.65101723317706
16.0075,-3.743619705096,-0.0701859875020752,-5.68666906983281
16.01,-3.75890307865563,-0.0803773731136506,-5.67648283078831
16.0125,-3.743619705096,-0.0803773731136506,-5.71722778696631
16.015,-3.71305295797674,-0.0803773731136506,-5.69685530887731
16.0175,-3.70286404227032,-0.0803773731136506,-5.70194842839956
16.02,-3.71814741582995,-0.0803773731136506,-5.70704154792181
16.0225,-3.75380862080242,-0.0803773731136506,-5.91585944833404
16.025,-3.70286404227032,-0.0803773731136506,-5.74269338457756
16.0275,-3.6926751265639,-0.0803773731136506,-5.69685530887731
16.03,-3.68758066871069,-0.0803773731136506,-5.79362457980005
16.0325,-3.68248621085748,-0.0854730659194392,-5.78343834075555
16.035,-3.68248621085748,-0.0803773731136506,-5.64083099413256
16.0375,-3.67229729515105,-0.0803773731136506,-5.65101723317706
16.04,-3.6926751265639,-0.0803773731136506,-5.65611035269931
16.0425,-3.646825005885,-0.0803773731136506,-5.64083099413256
16.045,-3.64173054803179,-0.0803773731136506,-5.8394626555003
16.0475,-3.64173054803179,-0.0803773731136506,-5.71722778696631
16.05,-3.63663609017858,-0.0803773731136506,-5.84455577502255
16.0525,-3.63154163232537,-0.0803773731136506,-5.66629659174381
16.055,-3.62135271661895,-0.0803773731136506,-5.74778650409981
16.0575,-3.61116380091253,-0.0803773731136506,-5.69176218935506
16.06,-3.63154163232537,-0.0803773731136506,-5.64592411365481
16.0625,-3.63154163232537,-0.0803773731136506,-5.71213466744406
16.065,-3.67739175300426,-0.0803773731136506,-5.68157595031056
16.0675,-3.66210837944463,-0.0803773731136506,-5.65611035269931
16.07,-3.65191946373821,-0.0803773731136506,-5.71213466744406
16.0725,-3.61625825876574,-0.0803773731136506,-5.70704154792181
16.075,-3.61116380091253,-0.0803773731136506,-5.71213466744406
16.0775,-3.63154163232537,-0.0803773731136506,-5.70704154792181
16.08,-3.62135271661895,-0.0803773731136506,-5.72232090648856
16.0825,-3.64173054803179,-0.0803773731136506,-5.74269338457756
16.085,-3.60097488520611,-0.0803773731136506,-5.72232090648856
16.0875,-3.60606934305932,-0.0803773731136506,-5.74269338457756
16.09,-3.60097488520611,-0.0803773731136506,-5.7579727431443
16.0925,-3.60097488520611,-0.0803773731136506,-5.72232090648856
16.095,-3.58569151164647,-0.0803773731136506,-5.7579727431443
16.0975,-3.58059705379326,-0.0803773731136506,-5.7681589821888
16.1,-3.57040813808684,-0.0803773731136506,-5.7885314602778
16.1025,-3.57040813808684,-0.0803773731136506,-5.75287962362205
16.105,-3.56531368023363,-0.0803773731136506,-5.70194842839956
16.1075,-3.56021922238042,-0.0803773731136506,-5.67648283078831
16.11,-3.550030306674,-0.0803773731136506,-5.67648283078831
16.1125,-3.60606934305932,-0.0803773731136506,-5.74778650409981
16.115,-3.51436910170153,-0.0803773731136506,-5.82418329693355
16.1175,-3.55512476452721,-0.0803773731136506,-5.81399705788905
16.12,-3.53984139096758,-0.0803773731136506,-5.66629659174381
16.1225,-3.5041801859951,-0.0803773731136506,-5.69685530887731
16.125,-3.50927464384831,-0.0803773731136506,-5.64083099413256
16.1275,-3.49908572814189,-0.0803773731136506,-5.66629659174381
16.13,-3.56531368023363,-0.0803773731136506,-5.65101723317706
16.1325,-3.47361343887584,-0.0803773731136506,-5.65101723317706
16.135,-3.46851898102263,-0.0803773731136506,-5.66120347222156
16.1375,-3.45833006531621,-0.0803773731136506,-5.67138971126606
16.14,-3.44814114960979,-0.0803773731136506,-5.66629659174381
16.1425,-3.44304669175658,-0.0803773731136506,-5.67138971126606
16.145,-3.43795223390337,-0.0803773731136506,-5.62555163556582
16.1475,-3.46851898102263,-0.0803773731136506,-5.64083099413256
16.15,-3.43795223390337,-0.0803773731136506,-5.63573787461031
16.1525,-3.43285777605016,-0.0803773731136506,-5.65101723317706
16.155,-3.42266886034373,-0.0803773731136506,-5.64592411365481
16.1575,-3.42266886034373,-0.0803773731136506,-5.70194842839956
16.16,-3.42266886034373,-0.0803773731136506,-5.66629659174381
16.1625,-3.42266886034373,-0.0803773731136506,-5.67648283078831
16.165,-3.45833006531621,-0.0803773731136506,-5.8496488945448
16.1675,-3.42266886034373,-0.0803773731136506,-5.8496488945448
16.17,-3.41757440249052,-0.0803773731136506,-5.70194842839956
16.1725,-3.41757440249052,-0.0803773731136506,-5.70194842839956
16.175,-3.41757440249052,-0.0803773731136506,-5.73760026505531
16.1775,-3.43285777605016,-0.0803773731136506,-5.71722778696631
16.18,-3.43285777605016,-0.0803773731136506,-5.72741402601081
16.1825,-3.44304669175658,-0.0803773731136506,-5.7885314602778
16.185,-3.49399127028868,-0.0803773731136506,-5.73250714553306
16.1875,-3.5041801859951,-0.0854730659194392,-5.70194842839956
16.19,-3.48380235458226,-0.0803773731136506,-5.71213466744406
16.1925,-3.49399127028868,-0.0803773731136506,-5.68157595031056
16.195,-3.49399127028868,-0.0803773731136506,-5.69176218935506
16.1975,-3.52455801740795,-0.0803773731136506,-5.71213466744406
16.2,-3.56021922238042,-0.0803773731136506,-5.72232090648856
16.2025,-3.57550259594005,-0.0803773731136506,-5.71722778696631
16.205,-3.57550259594005,-0.0803773731136506,-5.73250714553306
16.2075,-3.60097488520611,-0.0803773731136506,-5.72741402601081
16.21,-3.60097488520611,-0.0803773731136506,-5.73760026505531
16.2125,-3.59078596949968,-0.0803773731136506,-5.72741402601081
16.215,-3.59588042735289,-0.0803773731136506,-5.73250714553306
16.2175,-3.65191946373821,-0.0803773731136506,-5.73760026505531
16.22,-3.65701392159142,-0.0803773731136506,-5.74269338457756
16.2225,-3.63154163232537,-0.0803773731136506,-5.73760026505531
16.225,-3.63154163232537,-0.0803773731136506,-5.71722778696631
16.2275,-3.65701392159142,-0.0803773731136506,-5.71722778696631
16.23,-3.68758066871069,-0.0803773731136506,-5.71722778696631
16.2325,-3.66720283729784,-0.0803773731136506,-5.72741402601081
16.235,-3.67229729515105,-0.0803773731136506,-5.69685530887731
16.2375,-3.68248621085748,-0.0803773731136506,-5.75287962362205
16.24,-3.68248621085748,-0.0803773731136506,-5.71722778696631
16.2425,-3.68248621085748,-0.0803773731136506,-5.7885314602778
16.245,-3.6926751265639,-0.0803773731136506,-5.7783452212333
16.2475,-3.73343078938958,-0.0803773731136506,-5.7579727431443
16.25,-3.73343078938958,-0.0803773731136506,-5.73250714553306
16.2525,-3.70795850012353,-0.0803773731136506,-5.74269338457756
16.255,-3.70795850012353,-0.0803773731136506,-5.73250714553306
16.2575,-3.743619705096,-0.0803773731136506,-5.7579727431443
16.26,-3.72833633153637,-0.0803773731136506,-5.72232090648856
16.2625,-3.72833633153637,-0.0803773731136506,-5.73760026505531
16.265,-3.75380862080242,-0.0803773731136506,-5.70704154792181
16.2675,-3.74871416294921,-0.0803773731136506,-5.70704154792181
16.27,-3.74871416294921,-0.0803773731136506,-5.71722778696631
16.2725,-3.76399753650884,-0.0803773731136506,-5.72232090648856
16.275,-3.73852524724279,-0.0803773731136506,-5.73760026505531
16.2775,-3.72833633153637,-0.0803773731136506,-5.73250714553306
16.28,-3.72833633153637,-0.0803773731136506,-5.71213466744406
16.2825,-3.72833633153637,-0.0803773731136506,-5.7579727431443
16.285,-3.72833633153637,-0.0803773731136506,-5.71213466744406
16.2875,-3.743619705096,-0.0803773731136506,-5.72741402601081
16.29,-3.743619705096,-0.0803773731136506,-5.70704154792181
16.2925,-3.78437536792169,-0.075281680307862,-5.70704154792181
16.295,-3.72324187368316,-0.0803773731136506,-5.69176218935506
16.2975,-3.72324187368316,-0.0803773731136506,-5.71722778696631
16.3,-3.71814741582995,-0.0803773731136506,-5.71213466744406
16.3025,-3.72324187368316,-0.0803773731136506,-5.69685530887731
16.305,-3.71814741582995,-0.0803773731136506,-5.72741402601081
16.3075,-3.70795850012353,-0.0803773731136506,-5.71722778696631
16.31,-3.70795850012353,-0.0803773731136506,-5.65101723317706
16.3125,-3.70286404227032,-0.075281680307862,-5.69685530887731
16.315,-3.69776958441711,-0.075281680307862,-5.66629659174381
16.3175,-3.72833633153637,-0.0803773731136506,-5.66120347222156
16.32,-3.70286404227032,-0.0803773731136506,-5.63573787461031
16.3225,-3.69776958441711,-0.0803773731136506,-5.62555163556582
16.325,-3.6926751265639,-0.0803773731136506,-5.62045851604357
16.3275,-3.68758066871069,-0.0803773731136506,-5.65101723317706
16.33,-3.6926751265639,-0.0803773731136506,-5.60008603795457
16.3325,-3.6926751265639,-0.0803773731136506,-5.61027227699907
16.335,-3.68758066871069,-0.0803773731136506,-5.60008603795457
16.3375,-3.67229729515105,-0.0803773731136506,-5.60008603795457
16.34,-3.66720283729784,-0.0803773731136506,-5.54406172320982
16.3425,-3.66210837944463,-0.0803773731136506,-5.57971355986557
16.345,-3.65191946373821,-0.0803773731136506,-5.55934108177657
16.3475,-3.64173054803179,-0.0803773731136506,-5.62555163556582
16.35,-3.63663609017858,-0.0854730659194392,-5.58480667938782
16.3525,-3.62135271661895,-0.0803773731136506,-5.60008603795457
16.355,-3.61625825876574,-0.0803773731136506,-5.58480667938782
16.3575,-3.63154163232537,-0.0803773731136506,-5.55424796225432
16.36,-3.60097488520611,-0.0803773731136506,-5.55424796225432
16.3625,-3.59078596949968,-0.0803773731136506,-5.56443420129882
16.365,-3.58059705379326,-0.0803773731136506,-5.55424796225432
16.3675,-3.57550259594005,-0.0803773731136506,-5.55424796225432
16.37,-3.57040813808684,-0.0803773731136506,-5.54406172320982
16.3725,-3.56531368023363,-0.0803773731136506,-5.54915484273207
16.375,-3.56021922238042,-0.075281680307862,-5.54406172320982
16.3775,-3.54493584882079,-0.0854730659194392,-5.52878236464307
16.38,-3.52455801740795,-0.0803773731136506,-5.53387548416532
16.3825,-3.54493584882079,-0.0803773731136506,-5.53387548416532
16.385,-3.52455801740795,-0.0803773731136506,-5.51859612559857
16.3875,-3.49908572814189,-0.0803773731136506,-5.51859612559857
16.39,-3.48380235458226,-0.075281680307862,-5.53387548416532
16.3925,-3.5041801859951,-0.0803773731136506,-5.57462044034332
16.395,-3.49908572814189,-0.0803773731136506,-5.48803740846508
16.3975,-3.46342452316942,-0.0803773731136506,-5.48803740846508
16.4,-3.46342452316942,-0.075281680307862,-5.46766493037608
16.4025,-3.45833006531621,-0.075281680307862,-5.49822364750958
16.405,-3.44814114960979,-0.0803773731136506,-5.49313052798733
16.4075,-3.44304669175658,-0.0803773731136506,-5.51859612559857
16.41,-3.44304669175658,-0.0803773731136506,-5.49822364750958
16.4125,-3.46851898102263,-0.0803773731136506,-5.49313052798733
16.415,-3.49399127028868,-0.075281680307862,-5.46766493037608
16.4175,-3.46851898102263,-0.0803773731136506,-5.46257181085383
16.42,-3.47361343887584,-0.0803773731136506,-5.49822364750958
16.4225,-3.47870789672905,-0.0803773731136506,-5.46766493037608
16.425,-3.48889681243547,-0.075281680307862,-5.47785116942058
16.4275,-3.5041801859951,-0.0803773731136506,-5.43710621324258
16.43,-3.50927464384831,-0.0803773731136506,-5.44219933276483
16.4325,-3.51946355955474,-0.0803773731136506,-5.42691997419808
16.435,-3.54493584882079,-0.0803773731136506,-5.43201309372033
16.4375,-3.59078596949968,-0.0854730659194392,-5.41673373515358
16.44,-3.56531368023363,-0.075281680307862,-5.45747869133158
16.4425,-3.58059705379326,-0.0803773731136506,-5.43201309372033
16.445,-3.59588042735289,-0.0803773731136506,-5.48803740846508
16.4475,-3.62135271661895,-0.0803773731136506,-5.45238557180933
16.45,-3.69776958441711,-0.0803773731136506,-5.43201309372033
16.4525,-3.63154163232537,-0.0803773731136506,-5.41673373515358
16.455,-3.60606934305932,-0.0803773731136506,-5.45238557180933
16.4575,-3.65701392159142,-0.0803773731136506,-5.44729245228708
16.46,-3.63154163232537,-0.0803773731136506,-5.43710621324258
16.4625,-3.63154163232537,-0.0854730659194392,-5.46257181085383
16.465,-3.63154163232537,-0.0803773731136506,-5.46257181085383
16.4675,-3.64173054803179,-0.0803773731136506,-5.49822364750958
16.47,-3.70795850012353,-0.0803773731136506,-5.43201309372033
16.4725,-3.66210837944463,-0.0803773731136506,-5.43201309372033
16.475,-3.65701392159142,-0.075281680307862,-5.44729245228708
16.4775,-3.67229729515105,-0.075281680307862,-5.45747869133158
16.48,-3.65701392159142,-0.0803773731136506,-5.41164061563133
16.4825,-3.66210837944463,-0.0803773731136506,-5.41164061563133
16.485,-3.6926751265639,-0.0803773731136506,-5.40145437658683
16.4875,-3.66720283729784,-0.0803773731136506,-5.49313052798733
16.49,-3.71305295797674,-0.075281680307862,-5.41164061563133
16.4925,-3.70795850012353,-0.0803773731136506,-5.45747869133158
16.495,-3.71305295797674,-0.0803773731136506,-5.45238557180933
16.4975,-3.69776958441711,-0.0803773731136506,-5.44729245228708
16.5,-3.69776958441711,-0.075281680307862,-5.43201309372033
16.5025,-3.69776958441711,-0.0803773731136506,-5.45238557180933
16.505,-3.70795850012353,-0.0803773731136506,-5.40654749610908
16.5075,-3.68248621085748,-0.0803773731136506,-5.41164061563133
16.51,-3.66210837944463,-0.0803773731136506,-5.39126813754234
16.5125,-3.64173054803179,-0.0854730659194392,-5.39126813754234
16.515,-3.646825005885,-0.0803773731136506,-5.37598877897559
16.5175,-3.59078596949968,-0.0803773731136506,-5.37598877897559
16.52,-3.60097488520611,-0.0803773731136506,-5.37598877897559
16.5225,-3.56531368023363,-0.075281680307862,-5.37089565945334
16.525,-3.56531368023363,-0.0803773731136506,-5.37089565945334
16.5275,-3.50927464384831,-0.0803773731136506,-5.40654749610908
16.53,-3.51436910170153,-0.0803773731136506,-5.38617501802009
16.5325,-3.49908572814189,-0.0803773731136506,-5.38108189849784
16.535,-3.46342452316942,-0.0803773731136506,-5.48294428894283
16.5375,-3.453235607463,-0.075281680307862,-5.42691997419808
16.54,-3.44304669175658,-0.0854730659194392,-5.40654749610908
16.5425,-3.43795223390337,-0.0803773731136506,-5.60008603795457
16.545,-3.45833006531621,-0.0803773731136506,-5.39636125706459
16.5475,-3.47870789672905,-0.0803773731136506,-5.38617501802009
16.55,-3.42776331819694,-0.0803773731136506,-5.37598877897559
16.5525,-3.4073854867841,-0.0803773731136506,-5.39126813754234
16.555,-3.34625199254558,-0.0803773731136506,-5.42691997419808
16.5575,-3.34625199254558,-0.0803773731136506,-5.44219933276483
16.56,-3.39719657107768,-0.0803773731136506,-5.44729245228708
16.5625,-3.38191319751805,-0.0803773731136506,-5.43710621324258
16.565,-3.38191319751805,-0.075281680307862,-5.42691997419808
16.5675,-3.39719657107768,-0.0803773731136506,-5.43710621324258
16.57,-3.4073854867841,-0.0803773731136506,-5.43710621324258
16.5725,-3.61625825876574,-0.0854730659194392,-5.41164061563133
16.575,-3.59588042735289,-0.0803773731136506,-5.40654749610908
16.5775,-3.60097488520611,-0.0803773731136506,-5.40145437658683
16.58,-3.60097488520611,-0.0803773731136506,-5.36070942040884
16.5825,-3.60097488520611,-0.0803773731136506,-5.38617501802009
16.585,-0.0959878821972175,-0.0803773731136506,-5.38108189849784
16.5875,-0.0959878821972175,-0.075281680307862,-5.38108189849784
16.59,-0.0959878821972175,-0.075281680307862,-5.37598877897559
16.5925,-3.72324187368316,-0.0803773731136506,-5.38108189849784
16.595,-3.71814741582995,-0.0803773731136506,-5.39636125706459
16.5975,-3.68248621085748,-0.0803773731136506,-5.36070942040884
16.6,-3.6926751265639,-0.0803773731136506,-5.35561630088659
16.6025,-3.68248621085748,-0.0803773731136506,-5.42691997419808
16.605,-3.69776958441711,-0.0803773731136506,-5.39126813754234
16.6075,-3.6926751265639,-0.0803773731136506,-5.35561630088659
16.61,-3.6926751265639,-0.0803773731136506,-5.34543006184209
16.6125,-0.0959878821972175,-0.0854730659194392,-5.37598877897559
16.615,-0.0959878821972175,-0.0803773731136506,-5.37598877897559
16.6175,-0.0908934243440065,-0.0803773731136506,-5.38108189849784
16.62,-0.0959878821972175,-0.0803773731136506,-5.39636125706459
16.6225,-0.0908934243440065,-0.0803773731136506,-5.40145437658683
16.625,-0.0959878821972175,-0.0803773731136506,-5.37598877897559
16.6275,-0.0908934243440065,-0.0803773731136506,-5.39126813754234
16.63,-0.0908934243440065,-0.0803773731136506,-5.38108189849784
16.6325,-0.0959878821972175,-0.0803773731136506,-5.39126813754234
16.635,-3.15775705197678,-0.0803773731136506,-5.38617501802009
16.6375,-3.13228476271073,-0.0803773731136506,-5.39126813754234
16.64,-3.13228476271073,-0.0854730659194392,-5.41164061563133
16.6425,-3.09152909988505,-0.0803773731136506,-5.38617501802009
16.645,-3.09662355773826,-0.0803773731136506,-5.38617501802009
16.6475,-3.05586789491257,-0.0803773731136506,-5.39126813754234
16.65,-3.04567897920615,-0.0803773731136506,-5.40145437658683
16.6525,-3.03549006349973,-0.0803773731136506,-5.40145437658683
16.655,-2.94888427999515,-0.0803773731136506,-5.40654749610908
16.6575,-2.91831753287589,-0.0803773731136506,-5.41164061563133
16.66,-2.91322307502268,-0.0803773731136506,-5.39126813754234
16.6625,-2.91322307502268,-0.0803773731136506,-5.45238557180933
16.665,-2.91322307502268,-0.0803773731136506,-5.43201309372033
16.6675,-2.94888427999515,-0.0803773731136506,-5.37598877897559
16.67,-2.90303415931625,-0.0803773731136506,-5.41164061563133
16.6725,-2.90812861716946,-0.075281680307862,-5.39636125706459
16.675,-2.91831753287589,-0.0803773731136506,-5.45238557180933
16.6775,-2.93360090643552,-0.0803773731136506,-5.41673373515358
16.68,-2.93360090643552,-0.0803773731136506,-5.42182685467583
16.6825,-2.93360090643552,-0.0803773731136506,-5.38108189849784
16.685,-2.93360090643552,-0.0803773731136506,-5.44219933276483
16.6875,-3.06605681061899,-0.0803773731136506,-5.43201309372033
16.69,-3.05077343705936,-0.0803773731136506,-5.43201309372033
16.6925,-3.05077343705936,-0.0803773731136506,-5.39636125706459
16.695,-3.05077343705936,-0.0803773731136506,-5.39126813754234
16.6975,-0.0959878821972175,-0.0803773731136506,-5.38108189849784
16.7,-0.0959878821972175,-0.0803773731136506,-5.41673373515358
16.7025,-3.2137960883621,-0.0803773731136506,-5.41164061563133
16.705,-3.259646209041,-0.0803773731136506,-5.41164061563133
16.7075,-3.28002404045384,-0.0803773731136506,-5.41673373515358
16.71,-3.26474066689421,-0.0803773731136506,-5.41164061563133
16.7125,-3.29021295616026,-0.0803773731136506,-5.41673373515358
16.715,-3.31568524542631,-0.0803773731136506,-5.44729245228708
16.7175,-3.32077970327952,-0.0803773731136506,-5.43710621324258
16.72,-3.38700765537126,-0.0803773731136506,-5.43710621324258
16.7225,-3.33096861898594,-0.0803773731136506,-5.35561630088659
16.725,-3.37681873966484,-0.0803773731136506,-5.41673373515358
16.7275,-3.43285777605016,-0.0803773731136506,-5.35561630088659
16.73,-3.41757440249052,-0.0803773731136506,-5.34543006184209
16.7325,-3.42776331819694,-0.0803773731136506,-5.33015070327534
16.735,-3.48380235458226,-0.0803773731136506,-5.29959198614184
16.7375,-3.49908572814189,-0.0803773731136506,-5.29449886661959
16.74,-3.48380235458226,-0.0803773731136506,-5.26903326900835
16.7425,-3.53474693311437,-0.0803773731136506,-5.37598877897559
16.745,-3.51436910170153,-0.0803773731136506,-5.2741263885306
16.7475,-3.50927464384831,-0.0803773731136506,-5.23847455187485
16.75,-3.54493584882079,-0.0803773731136506,-5.2537539104416
16.7525,-3.54493584882079,-0.0803773731136506,-5.2435676713971
16.755,-3.54493584882079,-0.0803773731136506,-5.2333814323526
16.7575,-3.56531368023363,-0.0803773731136506,-5.22828831283035
16.76,-3.57040813808684,-0.0803773731136506,-5.21810207378585
16.7625,-3.58059705379326,-0.0803773731136506,-5.2130089542636
16.765,-3.60097488520611,-0.0803773731136506,-5.2130089542636
16.7675,-3.646825005885,-0.0803773731136506,-5.20791583474135
16.77,-3.63154163232537,-0.0803773731136506,-5.20791583474135
16.7725,-3.80475319933453,-0.0803773731136506,-5.20791583474135
16.775,-3.74871416294921,-0.0803773731136506,-5.2333814323526
16.7775,-3.69776958441711,-0.0803773731136506,-5.2028227152191
16.78,-3.70795850012353,-0.0803773731136506,-5.2130089542636
16.7825,-3.77928091006848,-0.0803773731136506,-5.20791583474135
16.785,-3.74871416294921,-0.0803773731136506,-5.21810207378585
16.7875,-3.73343078938958,-0.0803773731136506,-5.2130089542636
16.79,-3.74871416294921,-0.0803773731136506,-5.38617501802009
16.7925,-3.72833633153637,-0.0803773731136506,-5.30977822518634
16.795,-3.77928091006848,-0.0803773731136506,-5.26903326900835
16.7975,-3.77928091006848,-0.0803773731136506,-5.24866079091935
16.8,-3.76399753650884,-0.0803773731136506,-5.26903326900835
16.8025,-3.7894698257749,-0.0803773731136506,-5.2639401494861
16.805,-3.81494211504095,-0.0803773731136506,-5.40145437658683
16.8075,-3.82003657289416,-0.0803773731136506,-5.32505758375309
16.81,-3.82513103074737,-0.0803773731136506,-5.31996446423084
16.8125,-3.84550886216021,-0.0803773731136506,-5.31996446423084
16.815,-3.86079223571985,-0.0803773731136506,-5.39636125706459
16.8175,-3.86588669357306,-0.075281680307862,-5.38617501802009
16.82,-3.88117006713269,-0.0803773731136506,-5.42691997419808
16.8225,-3.94230356137122,-0.0803773731136506,-5.37598877897559
16.825,-3.94230356137122,-0.0803773731136506,-5.38108189849784
16.8275,-3.92192572995837,-0.0803773731136506,-5.41164061563133
16.83,-3.97796476634369,-0.0803773731136506,-5.41673373515358
16.8325,-4.03909826058222,-0.0803773731136506,-5.36070942040884
16.835,-3.99324813990332,-0.0803773731136506,-5.33015070327534
16.8375,-4.01872042916937,-0.0803773731136506,-5.32505758375309
16.84,-4.03909826058222,-0.0803773731136506,-5.31996446423084
16.8425,-4.06966500770148,-0.0803773731136506,-5.33524382279759
16.845,-4.05438163414185,-0.0803773731136506,-5.33015070327534
16.8475,-4.05947609199506,-0.0803773731136506,-5.36070942040884
16.85,-4.06457054984827,-0.0803773731136506,-5.32505758375309
16.8525,-4.06457054984827,-0.0803773731136506,-5.29959198614184
16.855,-4.04419271843543,-0.0803773731136506,-5.31487134470859
16.8575,-4.04928717628864,-0.0803773731136506,-5.28940574709734
16.86,-4.08494838126111,-0.0803773731136506,-5.30977822518634
16.8625,-4.06457054984827,-0.0803773731136506,-5.28940574709734
16.865,-4.12060958623359,-0.0803773731136506,-5.28431262757509
16.8675,-4.10023175482074,-0.0803773731136506,-5.28940574709734
16.87,-4.10023175482074,-0.0803773731136506,-5.2639401494861
16.8725,-4.09004283911432,-0.0803773731136506,-5.34543006184209
16.875,-4.07475946555469,-0.0803773731136506,-5.31487134470859
16.8775,-4.06457054984827,-0.0854730659194392,-5.32505758375309
16.88,-4.07475946555469,-0.0803773731136506,-5.31487134470859
16.8825,-4.05947609199506,-0.0803773731136506,-5.31487134470859
16.885,-4.05438163414185,-0.0803773731136506,-5.34543006184209
16.8875,-4.04928717628864,-0.0803773731136506,-5.37598877897559
16.89,-4.03909826058222,-0.0803773731136506,-5.37089565945334
16.8925,-4.03400380272901,-0.0803773731136506,-5.39126813754234
16.895,-4.01872042916937,-0.0803773731136506,-5.36580253993109
16.8975,-4.01872042916937,-0.0803773731136506,-5.35052318136434
16.9,-4.03909826058222,-0.0803773731136506,-5.38617501802009
16.9025,-3.99834259775653,-0.0803773731136506,-5.39126813754234
16.905,-4.01872042916937,-0.0803773731136506,-5.38108189849784
16.9075,-3.99324813990332,-0.0803773731136506,-5.38617501802009
16.91,-3.98815368205011,-0.0803773731136506,-5.39636125706459
16.9125,-3.97287030849048,-0.0803773731136506,-5.44219933276483
16.915,-3.97287030849048,-0.0803773731136506,-5.45238557180933
16.9175,-3.96777585063727,-0.075281680307862,-5.53387548416532
16.92,-3.96777585063727,-0.0803773731136506,-5.43710621324258
16.9225,-3.96268139278406,-0.0803773731136506,-5.45238557180933
16.925,-3.95758693493085,-0.0803773731136506,-5.46257181085383
16.9275,-3.95758693493085,-0.0803773731136506,-5.48803740846508
16.93,-3.96268139278406,-0.0803773731136506,-5.49822364750958
16.9325,-3.9830592241969,-0.0803773731136506,-5.44219933276483
16.935,-3.93720910351801,-0.0803773731136506,-5.44219933276483
16.9375,-3.93211464566479,-0.0803773731136506,-5.43710621324258
16.94,-3.99834259775653,-0.0803773731136506,-5.47785116942058
16.9425,-3.99324813990332,-0.075281680307862,-5.42691997419808
16.945,-3.96777585063727,-0.0803773731136506,-5.43201309372033
16.9475,-3.96268139278406,-0.0803773731136506,-5.41164061563133
16.95,-3.94230356137122,-0.0803773731136506,-5.41164061563133
16.9525,-3.94230356137122,-0.0803773731136506,-5.44729245228708
16.955,-3.96777585063727,-0.0803773731136506,-5.44729245228708
16.9575,-3.96268139278406,-0.0803773731136506,-5.45747869133158
16.96,-3.96777585063727,-0.0803773731136506,-5.46257181085383
16.9625,-3.98815368205011,-0.0803773731136506,-5.47785116942058
16.965,-3.95758693493085,-0.0803773731136506,-5.45747869133158
16.9675,-3.96268139278406,-0.0803773731136506,-5.49822364750958
16.97,-3.96268139278406,-0.0803773731136506,-5.47785116942058
16.9725,-3.97796476634369,-0.0803773731136506,-5.49313052798733
16.975,-3.96268139278406,-0.0803773731136506,-5.46766493037608
16.9775,-3.92702018781158,-0.0803773731136506,-5.49313052798733
16.98,-3.91683127210516,-0.0803773731136506,-5.62045851604357
16.9825,-3.90154789854553,-0.0803773731136506,-5.56952732082107
16.985,-3.93211464566479,-0.0803773731136506,-5.54406172320982
16.9875,-3.91683127210516,-0.0803773731136506,-5.53387548416532
16.99,-3.8862645249859,-0.0803773731136506,-5.53896860368757
16.9925,-3.87098115142627,-0.0854730659194392,-5.62045851604357
16.995,-3.85569777786664,-0.0803773731136506,-5.53896860368757
16.9975,-3.840414404307,-0.0803773731136506,-5.57462044034332
17,-3.85060332001342,-0.0803773731136506,-5.46257181085383
17.0025,-3.83531994645379,-0.0803773731136506,-5.46257181085383
17.005,-3.73343078938958,-0.0803773731136506,-5.45747869133158
17.0075,-3.73343078938958,-0.0803773731136506,-5.62045851604357
17.01,-3.72833633153637,-0.0803773731136506,-5.57462044034332
17.0125,-0.0959878821972175,-0.0803773731136506,-5.61027227699907
17.015,-3.646825005885,-0.0803773731136506,-5.59499291843232
17.0175,-3.63154163232537,-0.0803773731136506,-5.48294428894283
17.02,-3.61625825876574,-0.0803773731136506,-5.49313052798733
17.0225,-3.62644717447216,-0.0803773731136506,-5.70704154792181
17.025,-3.62135271661895,-0.0803773731136506,-5.46766493037608
17.0275,-3.59588042735289,-0.0803773731136506,-5.46766493037608
17.03,-3.60097488520611,-0.0803773731136506,-5.48294428894283
17.0325,-3.47870789672905,-0.0854730659194392,-5.49313052798733
17.035,-3.53474693311437,-0.0803773731136506,-5.50840988655408
17.0375,-3.48380235458226,-0.0803773731136506,-5.51350300607633
17.04,-3.47870789672905,-0.0803773731136506,-5.50331676703183
17.0425,-3.34115753469236,-0.0803773731136506,-5.50331676703183
17.045,-3.49399127028868,-0.0803773731136506,-5.52368924512082
17.0475,-3.49908572814189,-0.0803773731136506,-5.53896860368757
17.05,-3.49399127028868,-0.0803773731136506,-5.52878236464307
17.0525,-3.28002404045384,-0.0803773731136506,-5.53387548416532
17.055,-3.28002404045384,-0.0803773731136506,-5.54406172320982
17.0575,-3.28002404045384,-0.0803773731136506,-5.52368924512082
17.06,-0.0959878821972175,-0.0803773731136506,-5.55934108177657
17.0625,-0.0959878821972175,-0.0803773731136506,-5.55424796225432
17.065,-0.0908934243440065,-0.0803773731136506,-5.56952732082107
17.0675,-0.0908934243440065,-0.0803773731136506,-5.61536539652132
17.07,-3.11190693129789,-0.075281680307862,-5.46257181085383
17.0725,-3.1170013891511,-0.0803773731136506,-5.43710621324258
17.075,-3.11190693129789,-0.075281680307862,-5.44729245228708
17.0775,-3.10171801559147,-0.0803773731136506,-5.45747869133158
17.08,-3.11190693129789,-0.0803773731136506,-5.46766493037608
17.0825,-3.09662355773826,-0.0803773731136506,-5.47785116942058
17.085,-3.09152909988505,-0.0803773731136506,-5.48803740846508
17.0875,-3.09152909988505,-0.0803773731136506,-5.54406172320982
17.09,-3.08643464203184,-0.0803773731136506,-5.51350300607633
17.0925,-3.08643464203184,-0.0803773731136506,-5.58480667938782
17.095,-3.23417391977494,-0.075281680307862,-5.52878236464307
17.0975,-3.26983512474742,-0.0803773731136506,-5.53387548416532
17.1,-3.30549632971989,-0.0854730659194392,-5.53896860368757
17.1025,-3.26983512474742,-0.0803773731136506,-5.52368924512082
17.105,-3.24945729333457,-0.0803773731136506,-5.52368924512082
17.1075,-3.24436283548136,-0.0803773731136506,-5.60008603795457
17.11,-3.23926837762815,-0.0803773731136506,-5.57462044034332
17.1125,-3.15266259412357,-0.0803773731136506,-5.51350300607633
17.115,-3.20360717265568,-0.0803773731136506,-5.53387548416532
17.1175,-3.22398500406852,-0.0803773731136506,-5.53896860368757
17.12,-3.24436283548136,-0.0803773731136506,-5.51350300607633
17.1225,-3.2137960883621,-0.075281680307862,-5.57971355986557
17.125,-3.23417391977494,-0.0803773731136506,-5.54406172320982
17.1275,-3.20870163050889,-0.0803773731136506,-5.55934108177657
17.13,-3.17813488338963,-0.0803773731136506,-5.55934108177657
17.1325,-3.35134645039879,-0.0803773731136506,-5.57462044034332
17.135,-3.24945729333457,-0.0803773731136506,-5.57971355986557
17.1375,-3.33606307683915,-0.0803773731136506,-5.62045851604357
17.14,-3.33606307683915,-0.075281680307862,-5.57462044034332
17.1425,-3.30040187186668,-0.0803773731136506,-5.67138971126606
17.145,-3.27492958260063,-0.075281680307862,-5.58989979891007
17.1475,-3.29021295616026,-0.0803773731136506,-5.58480667938782
17.15,-3.37681873966484,-0.0803773731136506,-5.64083099413256
17.1525,-3.24945729333457,-0.0803773731136506,-5.70704154792181
17.155,-3.26474066689421,-0.0803773731136506,-5.64083099413256
17.1575,-3.259646209041,-0.0803773731136506,-5.64083099413256
17.16,-3.08134018417863,-0.0803773731136506,-5.58480667938782
17.1625,-3.38191319751805,-0.0803773731136506,-5.58480667938782
17.165,-3.37681873966484,-0.0803773731136506,-5.57462044034332
17.1675,-3.38191319751805,-0.0803773731136506,-5.57462044034332
17.17,-3.37681873966484,-0.0803773731136506,-5.60517915747682
17.1725,-0.0959878821972175,-0.0803773731136506,-5.60008603795457
17.175,-0.0959878821972175,-0.0803773731136506,-5.65101723317706
17.1775,-3.17813488338963,-0.0803773731136506,-5.61536539652132
17.18,-3.17304042553642,-0.0803773731136506,-5.62045851604357
17.1825,-3.13228476271073,-0.0803773731136506,-5.61536539652132
17.185,-3.15266259412357,-0.0803773731136506,-5.58989979891007
17.1875,-3.15775705197678,-0.0803773731136506,-5.58480667938782
17.19,-3.17304042553642,-0.0803773731136506,-5.62045851604357
17.1925,-3.19851271480247,-0.0803773731136506,-5.61027227699907
17.195,-3.25455175118779,-0.0803773731136506,-5.58480667938782
17.1975,-3.21889054621531,-0.0803773731136506,-5.61027227699907
17.2,-3.27492958260063,-0.0803773731136506,-5.61536539652132
17.2025,-3.27492958260063,-0.0803773731136506,-5.62045851604357
17.205,-3.29530741401347,-0.0803773731136506,-5.63573787461031
17.2075,-3.29530741401347,-0.0803773731136506,-5.65101723317706
17.21,-3.30040187186668,-0.0803773731136506,-5.61536539652132
17.2125,-3.32587416113273,-0.075281680307862,-5.63064475508807
17.215,-3.31568524542631,-0.0803773731136506,-5.66629659174381
17.2175,-3.36662982395842,-0.0803773731136506,-5.66120347222156
17.22,-3.34115753469236,-0.0803773731136506,-5.62555163556582
17.2225,-3.39210211322447,-0.0803773731136506,-5.66120347222156
17.225,-3.39719657107768,-0.0803773731136506,-5.61027227699907
17.2275,-3.42266886034373,-0.0803773731136506,-5.62045851604357
17.23,-3.41757440249052,-0.0803773731136506,-5.60517915747682
17.2325,-3.44814114960979,-0.0803773731136506,-5.67648283078831
17.235,-3.46851898102263,-0.0803773731136506,-5.62555163556582
17.2375,-3.43795223390337,-0.0803773731136506,-5.63573787461031
17.24,-3.46342452316942,-0.0803773731136506,-5.63573787461031
17.2425,-3.46342452316942,-0.0803773731136506,-5.64592411365481
17.245,-3.44814114960979,-0.0803773731136506,-5.67138971126606
17.2475,-3.41757440249052,-0.0803773731136506,-5.66120347222156
17.25,-3.45833006531621,-0.0803773731136506,-5.68666906983281
17.2525,-3.31568524542631,-0.0803773731136506,-5.67648283078831
17.255,-3.3105907875731,-0.0803773731136506,-5.67138971126606
17.2575,-3.30549632971989,-0.0803773731136506,-5.65101723317706
17.26,-3.30040187186668,-0.0803773731136506,-5.69176218935506
17.2625,-3.30040187186668,-0.0854730659194392,-5.69685530887731
17.265,-3.28511849830705,-0.0803773731136506,-5.71213466744406
17.2675,-3.29021295616026,-0.0803773731136506,-5.66120347222156
17.27,-3.29530741401347,-0.0803773731136506,-5.66120347222156
17.2725,-3.30040187186668,-0.0803773731136506,-5.66120347222156
17.275,-3.3105907875731,-0.075281680307862,-5.7579727431443
17.2775,-3.32077970327952,-0.0803773731136506,-5.7885314602778
17.28,-3.33606307683915,-0.0803773731136506,-5.69176218935506
17.2825,-3.5041801859951,-0.0803773731136506,-5.65611035269931
17.285,-3.51436910170153,-0.0803773731136506,-5.8292764164558
17.2875,-3.43795223390337,-0.0803773731136506,-5.64083099413256
17.29,-3.5041801859951,-0.0803773731136506,-5.68157595031056
17.2925,-3.63154163232537,-0.0803773731136506,-5.66120347222156
17.295,-3.64173054803179,-0.0803773731136506,-5.67648283078831
17.2975,-3.63154163232537,-0.075281680307862,-5.63064475508807
17.3,-3.68758066871069,-0.0803773731136506,-5.64592411365481
17.3025,-3.72324187368316,-0.0803773731136506,-5.63064475508807
17.305,-3.70286404227032,-0.0803773731136506,-5.73250714553306
17.3075,-3.73852524724279,-0.0803773731136506,-5.7579727431443
17.31,-3.72833633153637,-0.0803773731136506,-5.75287962362205
17.3125,-3.74871416294921,-0.0803773731136506,-5.62045851604357
17.315,-3.76909199436206,-0.0803773731136506,-5.63064475508807
17.3175,-3.78437536792169,-0.0803773731136506,-5.62555163556582
17.32,-3.83022548860058,-0.0803773731136506,-5.65611035269931
17.3225,-3.840414404307,-0.0803773731136506,-5.65101723317706
17.325,-3.89645344069232,-0.0854730659194392,-5.63573787461031
17.3275,-3.85060332001342,-0.0803773731136506,-5.64083099413256
17.33,-3.8862645249859,-0.0803773731136506,-5.64592411365481
17.3325,-3.90154789854553,-0.0803773731136506,-5.64592411365481
17.335,-3.89135898283911,-0.0803773731136506,-5.64083099413256
17.3375,-3.92702018781158,-0.0803773731136506,-5.67648283078831
17.34,-3.91173681425195,-0.0803773731136506,-5.61536539652132
17.3425,-3.93720910351801,-0.0803773731136506,-5.71722778696631
17.345,-3.89135898283911,-0.0803773731136506,-5.63573787461031
17.3475,-3.89135898283911,-0.075281680307862,-5.64592411365481
17.35,-3.86079223571985,-0.0803773731136506,-5.67648283078831
17.3525,-3.85569777786664,-0.0803773731136506,-5.68157595031056
17.355,-3.86079223571985,-0.075281680307862,-5.61536539652132
17.3575,-3.85060332001342,-0.0803773731136506,-5.67138971126606
17.36,-3.87607560927948,-0.0803773731136506,-5.62555163556582
17.3625,-3.89645344069232,-0.0803773731136506,-5.62555163556582
17.365,-3.840414404307,-0.0803773731136506,-5.60517915747682
17.3675,-3.840414404307,-0.0803773731136506,-5.62045851604357
17.37,-3.84550886216021,-0.0803773731136506,-5.62045851604357
17.3725,-3.840414404307,-0.0803773731136506,-5.60008603795457
17.375,-3.84550886216021,-0.0803773731136506,-5.62555163556582
17.3775,-3.84550886216021,-0.0803773731136506,-5.62045851604357
17.38,-3.85569777786664,-0.0803773731136506,-5.58480667938782
17.3825,-3.87607560927948,-0.0803773731136506,-5.58989979891007
17.385,-3.87098115142627,-0.0803773731136506,-5.60008603795457
17.3875,-3.85569777786664,-0.0803773731136506,-5.62555163556582
17.39,-3.86079223571985,-0.0803773731136506,-5.58989979891007
17.3925,-3.86079223571985,-0.0803773731136506,-5.58480667938782
17.395,-3.86079223571985,-0.0803773731136506,-5.62045851604357
17.3975,-3.86588669357306,-0.0854730659194392,-5.50840988655408
17.4,-3.89135898283911,-0.0803773731136506,-5.53387548416532
17.4025,-3.89645344069232,-0.0803773731136506,-5.49822364750958
17.405,-3.88117006713269,-0.0803773731136506,-5.53387548416532
17.4075,-3.93211464566479,-0.0803773731136506,-5.55934108177657
17.41,-3.88117006713269,-0.075281680307862,-5.56952732082107
17.4125,-3.8862645249859,-0.0803773731136506,-5.50840988655408
17.415,-3.89135898283911,-0.0803773731136506,-5.55424796225432
17.4175,-3.89135898283911,-0.0803773731136506,-5.49822364750958
17.42,-3.89135898283911,-0.075281680307862,-5.53387548416532
17.4225,-0.0959878821972175,-0.0854730659194392,-5.52878236464307
17.425,-0.0959878821972175,-0.0803773731136506,-5.55424796225432
17.4275,-0.0959878821972175,-0.075281680307862,-5.55424796225432
17.43,-0.0959878821972175,-0.0803773731136506,-5.55424796225432
17.4325,-0.0959878821972175,-0.0803773731136506,-5.53896860368757
17.435,-4.14098741764643,-0.0803773731136506,-5.53387548416532
17.4375,-4.11042067052716,-0.0803773731136506,-5.53387548416532
17.44,-4.05438163414185,-0.0803773731136506,-5.53387548416532
17.4425,-4.10532621267395,-0.0803773731136506,-5.53896860368757
17.445,-4.05438163414185,-0.0803773731136506,-5.55424796225432
17.4475,-4.03909826058222,-0.075281680307862,-5.53896860368757
17.45,-4.05438163414185,-0.0803773731136506,-5.57462044034332
17.4525,-4.03909826058222,-0.0803773731136506,-5.55934108177657
17.455,-4.04928717628864,-0.0803773731136506,-5.55424796225432
17.4575,-4.00853151346295,-0.0803773731136506,-5.60517915747682
17.46,-4.0289093448758,-0.075281680307862,-5.67138971126606
17.4625,-3.91173681425195,-0.0803773731136506,-5.55424796225432
17.465,-3.90154789854553,-0.0803773731136506,-5.58480667938782
17.4675,-3.88117006713269,-0.0803773731136506,-5.51859612559857
17.47,-3.86588669357306,-0.0803773731136506,-5.54406172320982
17.4725,-3.82513103074737,-0.0803773731136506,-5.54406172320982
17.475,-3.840414404307,-0.0803773731136506,-5.58989979891007
17.4775,-3.70286404227032,-0.0854730659194392,-5.54406172320982
17.48,-3.67739175300426,-0.075281680307862,-5.53896860368757
17.4825,-3.65191946373821,-0.0803773731136506,-5.56443420129882
17.485,-3.62135271661895,-0.0803773731136506,-5.57971355986557
17.4875,-3.60097488520611,-0.0803773731136506,-5.52878236464307
17.49,-3.58059705379326,-0.0803773731136506,-5.52878236464307
17.4925,-3.62644717447216,-0.0803773731136506,-5.51859612559857
17.495,-3.52965247526116,-0.0803773731136506,-5.52878236464307
17.4975,-3.53984139096758,-0.075281680307862,-5.51350300607633
17.5,-3.50927464384831,-0.0803773731136506,-5.50331676703183
17.5025,-3.53474693311437,-0.075281680307862,-5.57462044034332
17.505,-3.52455801740795,-0.0803773731136506,-5.51350300607633
17.5075,-3.51436910170153,-0.0803773731136506,-5.48803740846508
17.51,-3.49399127028868,-0.0803773731136506,-5.49313052798733
17.5125,-3.47870789672905,-0.0803773731136506,-5.82418329693355
17.515,-3.46851898102263,-0.0803773731136506,-5.51859612559857
17.5175,-3.51436910170153,-0.0803773731136506,-5.50331676703183
17.52,-3.44304669175658,-0.0803773731136506,-5.75287962362205
17.5225,-3.43285777605016,-0.0803773731136506,-5.74778650409981
17.525,-3.41757440249052,-0.0803773731136506,-5.74778650409981
17.5275,-3.38700765537126,-0.0803773731136506,-0.10970319296954
17.53,-3.38700765537126,-0.0803773731136506,-0.10461007344729
17.5325,-3.38191319751805,-0.0803773731136506,-0.0995169539250416
17.535,-3.37172428181163,-0.075281680307862,-5.43201309372033
17.5375,-3.34115753469236,-0.0803773731136506,-5.43201309372033
17.54,-3.36153536610521,-0.0803773731136506,-5.66120347222156
17.5425,-3.27492958260063,-0.0803773731136506,-5.71722778696631
17.545,-3.27492958260063,-0.0803773731136506,-5.62045851604357
17.5475,-3.37172428181163,-0.0803773731136506,-5.61536539652132
17.55,-3.22398500406852,-0.0803773731136506,-5.60517915747682
17.5525,-3.38700765537126,-0.0803773731136506,-5.57462044034332
17.555,-3.16794596768321,-0.0803773731136506,-5.68157595031056
17.5575,-3.15266259412357,-0.0803773731136506,-5.78343834075555
17.56,-3.15266259412357,-0.0854730659194392,-5.61536539652132
17.5625,-3.12209584700431,-0.0803773731136506,-5.74269338457756
17.565,-3.12209584700431,-0.0803773731136506,-5.73760026505531
17.5675,-3.14247367841715,-0.0803773731136506,-5.62555163556582
17.57,-3.12209584700431,-0.0803773731136506,-5.62045851604357
17.5725,-3.12719030485752,-0.0803773731136506,-5.59499291843232
17.575,-3.16285150982999,-0.0803773731136506,-5.8292764164558
17.5775,-3.17304042553642,-0.0803773731136506,-5.58480667938782
17.58,-3.08134018417863,-0.0803773731136506,-5.81399705788905
17.5825,-3.12719030485752,-0.0803773731136506,-5.59499291843232
17.585,-3.06096235276578,-0.0803773731136506,-5.60008603795457
17.5875,-3.05586789491257,-0.0803773731136506,-6.06355991447928
17.59,-3.03549006349973,-0.0803773731136506,-6.07374615352378
17.5925,-3.0202066899401,-0.0803773731136506,-5.73760026505531
17.595,-3.01001777423368,-0.0803773731136506,-5.84455577502255
17.5975,-3.03039560564652,-0.0803773731136506,-5.8190901774113
17.6,-3.0202066899401,-0.0803773731136506,-5.78343834075555
17.6025,-2.99473440067405,-0.0803773731136506,-5.8089039383668
17.605,-2.98963994282083,-0.0803773731136506,-5.80381081884455
17.6075,-2.98963994282083,-0.0803773731136506,-5.81399705788905
17.61,-3.01511223208689,-0.0803773731136506,-0.114796312491791
17.6125,-2.98963994282083,-0.0803773731136506,-0.0995169539250416
17.615,-2.99473440067405,-0.0803773731136506,-0.0995169539250416
17.6175,-3.24436283548136,-0.0803773731136506,-5.74269338457756
17.62,-3.32077970327952,-0.0803773731136506,-5.73760026505531
17.6225,-3.25455175118779,-0.0803773731136506,-5.94132504594529
17.625,-3.23926837762815,-0.0803773731136506,-5.90567320928954
17.6275,-3.23926837762815,-0.0803773731136506,-5.75287962362205
17.63,-3.28002404045384,-0.0803773731136506,-5.75287962362205
17.6325,-3.24945729333457,-0.0803773731136506,-5.65101723317706
17.635,-3.29530741401347,-0.0803773731136506,-5.76306586266655
17.6375,-3.29021295616026,-0.0803773731136506,-5.7783452212333
17.64,-3.38700765537126,-0.0803773731136506,-5.78343834075555
17.6425,-3.39210211322447,-0.0803773731136506,-5.72232090648856
17.645,-3.38191319751805,-0.0803773731136506,-6.05337367543478
17.6475,-3.30549632971989,-0.0803773731136506,-5.96679064355654
17.65,-3.33606307683915,-0.0803773731136506,-5.97188376307879
17.6525,-3.38191319751805,-0.0803773731136506,-5.94132504594529
17.655,-3.35134645039879,-0.0803773731136506,-5.73760026505531
17.6575,-3.36153536610521,-0.0803773731136506,-5.87511449215604
17.66,-3.38700765537126,-0.0803773731136506,-5.7987176993223
17.6625,-3.37172428181163,-0.0803773731136506,-5.88020761167829
17.665,-3.4073854867841,-0.0803773731136506,-5.81399705788905
17.6675,-3.41247994463731,-0.0803773731136506,-5.87511449215604
17.67,-3.46342452316942,-0.0803773731136506,-5.8394626555003
17.6725,-3.44814114960979,-0.0803773731136506,-5.73760026505531
17.675,-3.44304669175658,-0.0803773731136506,-5.70194842839956
17.6775,-3.52965247526116,-0.0803773731136506,-5.70704154792181
17.68,-3.62135271661895,-0.0803773731136506,-5.8089039383668
17.6825,-3.62644717447216,-0.0803773731136506,-5.8089039383668
17.685,-3.67229729515105,-0.0803773731136506,-6.01262871925678
17.6875,-3.62644717447216,-0.0803773731136506,-6.03300119734578
17.69,-3.67739175300426,-0.0803773731136506,-5.8598351335893
17.6925,-3.66210837944463,-0.0803773731136506,-5.77325210171105
17.695,-3.6926751265639,-0.0803773731136506,-5.8598351335893
17.6975,-3.71305295797674,-0.0803773731136506,-5.8394626555003
17.7,-3.73343078938958,-0.0803773731136506,-5.79362457980005
17.7025,-3.73343078938958,-0.0803773731136506,-5.94132504594529
17.705,-3.73343078938958,-0.0803773731136506,-5.90567320928954
17.7075,-3.72833633153637,-0.0803773731136506,-5.82418329693355
17.71,-3.73343078938958,-0.0803773731136506,-5.8394626555003
17.7125,-3.83531994645379,-0.0803773731136506,-5.90058008976729
17.715,-3.83022548860058,-0.0803773731136506,-5.89548697024504
17.7175,-3.79456428362811,-0.0803773731136506,-5.82418329693355
17.72,-4.07475946555469,-0.0803773731136506,-5.8190901774113
17.7225,-4.05438163414185,-0.0803773731136506,-5.78343834075555
17.725,-3.90664235639874,-0.0803773731136506,-5.95151128498979
17.7275,-3.87607560927948,-0.0803773731136506,-5.88530073120054
17.73,-3.84550886216021,-0.0803773731136506,-5.84455577502255
17.7325,-3.840414404307,-0.0803773731136506,-5.8598351335893
17.735,-3.80475319933453,-0.0803773731136506,-5.81399705788905
17.7375,-3.82003657289416,-0.0803773731136506,-5.81399705788905
17.74,-3.82513103074737,-0.0803773731136506,-5.96679064355654
17.7425,-3.80984765718774,-0.075281680307862,-5.84455577502255
17.745,-3.80984765718774,-0.0803773731136506,-5.95151128498979
17.7475,-3.79456428362811,-0.0803773731136506,-5.7579727431443
17.75,-3.79456428362811,-0.0803773731136506,-5.92604568737854
17.7525,-3.91173681425195,-0.0803773731136506,-5.85474201406705
17.755,-3.91173681425195,-0.0803773731136506,-5.83436953597805
17.7575,-3.90664235639874,-0.0803773731136506,-5.78343834075555
17.76,-0.0959878821972175,-0.0803773731136506,-5.7885314602778
17.7625,-0.0959878821972175,-0.075281680307862,-5.80381081884455
17.765,-0.0959878821972175,-0.075281680307862,-5.81399705788905
17.7675,-0.0959878821972175,-0.0803773731136506,-5.8292764164558
17.77,-0.0908934243440065,-0.0803773731136506,-5.84455577502255
17.7725,-0.0908934243440065,-0.0803773731136506,-5.80381081884455
17.775,-0.0959878821972175,-0.0803773731136506,-5.85474201406705
17.7775,-0.0959878821972175,-0.0803773731136506,-5.76306586266655
17.78,-0.0908934243440065,-0.0803773731136506,-5.7783452212333
17.7825,-0.0908934243440065,-0.0803773731136506,-5.8598351335893
17.785,-0.0908934243440065,-0.0803773731136506,-5.91076632881179
17.7875,-0.0908934243440065,-0.0803773731136506,-5.8598351335893
17.79,-0.0959878821972175,-0.0803773731136506,-5.90058008976729
17.7925,-3.83022548860058,-0.0803773731136506,-5.8292764164558
17.795,-3.83022548860058,-0.0803773731136506,-5.7885314602778
17.7975,-3.85060332001342,-0.0803773731136506,-5.96169752403429
17.8,-4.00343705560974,-0.0803773731136506,-5.81399705788905
17.8025,-3.99834259775653,-0.0803773731136506,-6.03300119734578
17.805,-3.89135898283911,-0.0803773731136506,-5.78343834075555
17.8075,-3.90664235639874,-0.0803773731136506,-5.8089039383668
17.81,-3.97796476634369,-0.0803773731136506,-5.81399705788905
17.8125,-3.91683127210516,-0.0803773731136506,-5.87511449215604
17.815,-3.89645344069232,-0.0803773731136506,-5.77325210171105
17.8175,-3.86079223571985,-0.0803773731136506,-5.98207000212328
17.82,-3.86079223571985,-0.0803773731136506,-5.7783452212333
17.8225,-3.83531994645379,-0.0803773731136506,-5.77325210171105
17.825,-3.82513103074737,-0.0803773731136506,-5.7885314602778
17.8275,-3.80475319933453,-0.0803773731136506,-5.8292764164558
17.83,-3.79965874148132,-0.0803773731136506,-5.8394626555003
17.8325,-3.75890307865563,-0.0803773731136506,-5.80381081884455
17.835,-3.74871416294921,-0.0803773731136506,-5.90058008976729
17.8375,-3.70795850012353,-0.0803773731136506,-5.86492825311154
17.84,-3.79456428362811,-0.0803773731136506,-5.88020761167829
17.8425,-3.77928091006848,-0.0803773731136506,-5.85474201406705
17.845,-3.73343078938958,-0.0803773731136506,-5.84455577502255
17.8475,-3.72833633153637,-0.0803773731136506,-5.8598351335893
17.85,-3.74871416294921,-0.0803773731136506,-5.94132504594529
17.8525,-3.73343078938958,-0.0803773731136506,-5.79362457980005
17.855,-3.76399753650884,-0.0803773731136506,-5.8292764164558
17.8575,-3.72324187368316,-0.0803773731136506,-5.83436953597805
17.86,-3.70795850012353,-0.0803773731136506,-5.82418329693355
17.8625,-3.69776958441711,-0.0803773731136506,-5.8292764164558
17.865,-3.77418645221527,-0.0803773731136506,-5.7987176993223
17.8675,-3.67229729515105,-0.0803773731136506,-5.7885314602778
17.87,-3.72833633153637,-0.0803773731136506,-5.74778650409981
17.8725,-3.68248621085748,-0.0803773731136506,-5.7681589821888
17.875,-3.69776958441711,-0.0803773731136506,-5.73760026505531
17.8775,-3.69776958441711,-0.0803773731136506,-5.74269338457756
17.88,-3.64173054803179,-0.0803773731136506,-5.81399705788905
17.8825,-3.743619705096,-0.0803773731136506,-5.8292764164558
17.885,-3.64173054803179,-0.0803773731136506,-5.94132504594529
17.8875,-3.61116380091253,-0.0803773731136506,-5.93623192642304
17.89,-3.61625825876574,-0.0803773731136506,-5.7885314602778
17.8925,-3.66720283729784,-0.0803773731136506,-5.8598351335893
17.895,-3.61116380091253,-0.0803773731136506,-5.71722778696631
17.8975,-3.70286404227032,-0.0803773731136506,-5.87002137263379
17.9,-3.69776958441711,-0.0803773731136506,-5.7987176993223
17.9025,-3.60097488520611,-0.0803773731136506,-5.81399705788905
17.905,-3.63663609017858,-0.0803773731136506,-5.8089039383668
17.9075,-3.60606934305932,-0.0803773731136506,-5.81399705788905
17.91,-3.59588042735289,-0.0803773731136506,-5.75287962362205
17.9125,-3.58569151164647,-0.0803773731136506,-5.7987176993223
17.915,-3.58059705379326,-0.075281680307862,-5.74269338457756
17.9175,-3.56531368023363,-0.0803773731136506,-5.8496488945448
17.92,-3.55512476452721,-0.0803773731136506,-5.82418329693355
17.9225,-3.53984139096758,-0.0803773731136506,-5.78343834075555
17.925,-3.53474693311437,-0.0803773731136506,-5.78343834075555
17.9275,-3.53474693311437,-0.0803773731136506,-5.80381081884455
17.93,-3.550030306674,-0.0803773731136506,-5.80381081884455
17.9325,-3.53474693311437,-0.0803773731136506,-5.7885314602778
17.935,-3.57550259594005,-0.0803773731136506,-5.73760026505531
17.9375,-3.58569151164647,-0.0803773731136506,-5.75287962362205
17.94,-3.50927464384831,-0.0803773731136506,-5.72232090648856
17.9425,-3.64173054803179,-0.0803773731136506,-5.84455577502255
17.945,-3.58059705379326,-0.0803773731136506,-5.80381081884455
17.9475,-3.57550259594005,-0.0803773731136506,-5.7783452212333
17.95,-3.52455801740795,-0.0803773731136506,-5.8292764164558
17.9525,-3.60606934305932,-0.0803773731136506,-5.91585944833404
17.955,-3.63663609017858,-0.0803773731136506,-5.92095256785629
17.9575,-3.70795850012353,-0.0803773731136506,-5.80381081884455
17.96,-3.64173054803179,-0.0803773731136506,-5.81399705788905
17.9625,-3.60097488520611,-0.075281680307862,-5.73760026505531
17.965,-3.66720283729784,-0.0803773731136506,-5.75287962362205
17.9675,-3.63663609017858,-0.0803773731136506,-5.69685530887731
17.97,-3.63154163232537,-0.0803773731136506,-5.72232090648856
17.9725,-3.66210837944463,-0.0803773731136506,-5.71722778696631
17.975,-3.63154163232537,-0.0803773731136506,-5.83436953597805
17.9775,-3.62644717447216,-0.0803773731136506,-5.80381081884455
17.98,-3.62135271661895,-0.0803773731136506,-5.70194842839956
17.9825,-3.62135271661895,-0.0803773731136506,-5.69685530887731
17.985,-3.63154163232537,-0.0803773731136506,-5.7681589821888
17.9875,-3.65191946373821,-0.0803773731136506,-5.71722778696631
17.99,-3.646825005885,-0.0803773731136506,-5.72232090648856
17.9925,-3.66210837944463,-0.0803773731136506,-5.93623192642304
17.995,-3.67229729515105,-0.0803773731136506,-5.93113880690079
17.9975,-3.64173054803179,-0.0803773731136506,-5.80381081884455
18,-3.646825005885,-0.0803773731136506,-5.76306586266655
18.0025,-3.71305295797674,-0.0803773731136506,-5.82418329693355
18.005,-3.66210837944463,-0.0803773731136506,-5.7987176993223
18.0075,-3.68248621085748,-0.0803773731136506,-5.7681589821888
18.01,-3.70795850012353,-0.0803773731136506,-5.74778650409981
18.0125,-3.73852524724279,-0.0803773731136506,-5.7783452212333
18.015,-3.743619705096,-0.0803773731136506,-5.75287962362205
18.0175,-3.74871416294921,-0.0803773731136506,-5.76306586266655
18.02,-3.81494211504095,-0.0803773731136506,-5.70194842839956
18.0225,-3.73852524724279,-0.0803773731136506,-5.70704154792181
18.025,-3.7894698257749,-0.0803773731136506,-5.95151128498979
18.0275,-3.79965874148132,-0.0803773731136506,-5.92095256785629
18.03,-3.78437536792169,-0.0803773731136506,-5.96679064355654
18.0325,-3.75380862080242,-0.0803773731136506,-5.96679064355654
18.035,-3.82003657289416,-0.0803773731136506,-5.96679064355654
18.0375,-3.840414404307,-0.0803773731136506,-0.10461007344729
18.04,-3.80984765718774,-0.0803773731136506,-0.0995169539250416
18.0425,-3.83022548860058,-0.0803773731136506,-0.0995169539250416
18.045,-3.82513103074737,-0.0803773731136506,-0.0995169539250416
18.0475,-3.79456428362811,-0.0803773731136506,-0.0995169539250416
18.05,-3.82003657289416,-0.0803773731136506,-5.90567320928954
18.0525,-3.82003657289416,-0.0803773731136506,-5.79362457980005
18.055,-3.81494211504095,-0.0803773731136506,-5.7783452212333
18.0575,-3.82003657289416,-0.075281680307862,-5.76306586266655
18.06,-3.84550886216021,-0.0803773731136506,-5.74778650409981
18.0625,-3.85060332001342,-0.0803773731136506,-5.85474201406705
18.065,-3.82003657289416,-0.0803773731136506,-5.8292764164558
18.0675,-3.82003657289416,-0.0803773731136506,-5.87002137263379
18.07,-3.81494211504095,-0.0803773731136506,-5.69176218935506
18.0725,-3.82003657289416,-0.0803773731136506,-5.69176218935506
18.075,-3.7894698257749,-0.0803773731136506,-5.68666906983281
18.0775,-3.88117006713269,-0.0803773731136506,-5.68666906983281
18.08,-3.80984765718774,-0.0803773731136506,-5.87002137263379
18.0825,-3.87098115142627,-0.0803773731136506,-5.88020761167829
18.085,-3.87098115142627,-0.075281680307862,-5.7987176993223
18.0875,-3.80475319933453,-0.0803773731136506,-5.78343834075555
18.09,-3.85060332001342,-0.075281680307862,-5.7783452212333
18.0925,-3.85060332001342,-0.0803773731136506,-5.77325210171105
18.095,-3.80475319933453,-0.075281680307862,-5.76306586266655
18.0975,-3.79456428362811,-0.0803773731136506,-5.76306586266655
18.1,-3.7894698257749,-0.0803773731136506,-0.0995169539250416
18.1025,-3.80984765718774,-0.0803773731136506,-0.10461007344729
18.105,-3.80984765718774,-0.0803773731136506,-0.0995169539250416
18.1075,-3.79456428362811,-0.0803773731136506,-0.0995169539250416
18.11,-3.7894698257749,-0.0803773731136506,-6.11958422922402
18.1125,-3.79456428362811,-0.0803773731136506,-5.72232090648856
18.115,-3.7894698257749,-0.0803773731136506,-5.73250714553306
18.1175,-3.79456428362811,-0.0803773731136506,-6.04828055591253
18.12,-3.77928091006848,-0.0803773731136506,-5.68666906983281
18.1225,-3.75380862080242,-0.0803773731136506,-5.96169752403429
18.125,-3.74871416294921,-0.0803773731136506,-6.00244248021228
18.1275,-3.743619705096,-0.0803773731136506,-5.99225624116778
18.13,-3.73343078938958,-0.0803773731136506,-6.00753559973453
18.1325,-3.72324187368316,-0.0803773731136506,-5.99225624116778
18.135,-3.68758066871069,-0.0803773731136506,-0.10461007344729
18.1375,-3.73852524724279,-0.0803773731136506,-5.80381081884455
18.14,-3.69776958441711,-0.0803773731136506,-5.94641816546754
18.1425,-3.6926751265639,-0.0803773731136506,-5.94132504594529
18.145,-3.68758066871069,-0.0803773731136506,-5.94132504594529
18.1475,-3.68758066871069,-0.0803773731136506,-0.0995169539250416
18.15,-3.68248621085748,-0.0803773731136506,-0.0995169539250416
18.1525,-3.65701392159142,-0.0803773731136506,-0.0995169539250416
18.155,-3.70795850012353,-0.0803773731136506,-5.95151128498979
18.1575,-3.646825005885,-0.0803773731136506,-5.71213466744406
18.16,-3.59588042735289,-0.0803773731136506,-5.70194842839956
18.1625,-3.58569151164647,-0.0803773731136506,-5.72741402601081
18.165,-3.58569151164647,-0.0803773731136506,-5.71722778696631
18.1675,-3.59588042735289,-0.0803773731136506,-5.88020761167829
18.17,-3.58569151164647,-0.0803773731136506,-5.78343834075555
18.1725,-3.61116380091253,-0.0803773731136506,-5.7885314602778
18.175,-3.60606934305932,-0.0803773731136506,-5.73250714553306
18.1775,-3.550030306674,-0.0803773731136506,-5.72741402601081
18.18,-3.550030306674,-0.0803773731136506,-5.73250714553306
18.1825,-3.54493584882079,-0.075281680307862,-5.72741402601081
18.185,-3.53984139096758,-0.0803773731136506,-0.0995169539250416
18.1875,-3.53474693311437,-0.0803773731136506,-0.0995169539250416
18.19,-3.57550259594005,-0.0803773731136506,-0.0995169539250416
18.1925,-3.57550259594005,-0.0803773731136506,-0.0995169539250416
18.195,-3.550030306674,-0.0803773731136506,-0.0995169539250416
18.1975,-3.55512476452721,-0.0803773731136506,-5.94641816546754
18.2,-3.58059705379326,-0.0803773731136506,-5.78343834075555
18.2025,-3.56021922238042,-0.0803773731136506,-5.78343834075555
18.205,-3.56021922238042,-0.0803773731136506,-5.76306586266655
18.2075,-3.56531368023363,-0.0803773731136506,-5.7783452212333
18.21,-3.56531368023363,-0.0803773731136506,-5.7783452212333
18.2125,-3.56531368023363,-0.0803773731136506,-5.53896860368757
18.215,-3.57550259594005,-0.0803773731136506,-5.7885314602778
18.2175,-3.58569151164647,-0.0803773731136506,-5.7681589821888
18.22,-3.59078596949968,-0.0803773731136506,-5.76306586266655
18.2225,-3.60097488520611,-0.0803773731136506,-5.7681589821888
18.225,-3.59078596949968,-0.0803773731136506,-5.50331676703183
18.2275,-3.58059705379326,-0.0803773731136506,-5.90567320928954
18.23,-3.60097488520611,-0.0803773731136506,-5.67648283078831
18.2325,-3.59588042735289,-0.0803773731136506,-5.43710621324258
18.235,-3.58059705379326,-0.0803773731136506,-5.69176218935506
18.2375,-3.57040813808684,-0.0803773731136506,-5.36580253993109
18.24,-3.57040813808684,-0.0803773731136506,-5.78343834075555
18.2425,-3.56531368023363,-0.0803773731136506,-5.68666906983281
18.245,-3.56531368023363,-0.0803773731136506,-5.8598351335893
18.2475,-3.53984139096758,-0.0803773731136506,-5.73760026505531
18.25,-3.550030306674,-0.0803773731136506,-5.7885314602778
18.2525,-3.550030306674,-0.0803773731136506,-5.79362457980005
18.255,-3.54493584882079,-0.0803773731136506,-5.80381081884455
18.2575,-3.53984139096758,-0.0803773731136506,-5.69176218935506
18.26,-3.55512476452721,-0.0803773731136506,-5.67648283078831
18.2625,-3.56531368023363,-0.0803773731136506,-5.69176218935506
18.265,-3.53984139096758,-0.0803773731136506,-5.41164061563133
18.2675,-3.53984139096758,-0.0803773731136506,-5.41164061563133
18.27,-3.56021922238042,-0.0803773731136506,-5.32505758375309
18.2725,-3.56531368023363,-0.0803773731136506,-5.35561630088659
18.275,-3.56531368023363,-0.0803773731136506,-5.32505758375309
18.2775,-3.58059705379326,-0.0803773731136506,-5.33015070327534
18.28,-3.58569151164647,-0.0803773731136506,-5.35052318136434
18.2825,-3.59588042735289,-0.0803773731136506,-5.43201309372033
18.285,-3.60097488520611,-0.0803773731136506,-5.38617501802009
18.2875,-3.60097488520611,-0.0803773731136506,-5.69685530887731
18.29,-3.62135271661895,-0.0803773731136506,-5.33015070327534
18.2925,-3.64173054803179,-0.0803773731136506,-5.31996446423084
18.295,-3.646825005885,-0.0803773731136506,-5.31487134470859
18.2975,-3.646825005885,-0.0803773731136506,-5.62555163556582
18.3,-3.74871416294921,-0.0803773731136506,-5.25884702996385
18.3025,-3.75890307865563,-0.0803773731136506,-5.40145437658683
18.305,-3.77418645221527,-0.0803773731136506,-5.40654749610908
18.3075,-3.77928091006848,-0.0803773731136506,-5.31996446423084
18.31,-3.77418645221527,-0.0803773731136506,-5.37089565945334
18.3125,-3.78437536792169,-0.0803773731136506,-5.22828831283035
18.315,-3.79456428362811,-0.0803773731136506,-5.2231951933081
18.3175,-3.79456428362811,-0.0803773731136506,-5.2231951933081
18.32,-3.83022548860058,-0.0803773731136506,-5.67138971126606
18.3225,-3.79456428362811,-0.0803773731136506,-5.2741263885306
18.325,-3.79456428362811,-0.0803773731136506,-5.25884702996385
18.3275,-3.79456428362811,-0.0803773731136506,-5.2435676713971
18.33,-3.78437536792169,-0.0803773731136506,-5.20791583474135
18.3325,-3.76909199436206,-0.0803773731136506,-5.25884702996385
18.335,-3.7894698257749,-0.0803773731136506,-5.2130089542636
18.3375,-3.76399753650884,-0.0803773731136506,-5.18754335665235
18.34,-3.73343078938958,-0.0803773731136506,-5.2639401494861
18.3425,-3.71814741582995,-0.0803773731136506,-5.26903326900835
18.345,-3.74871416294921,-0.0803773731136506,-5.37089565945334
18.3475,-3.71814741582995,-0.0803773731136506,-5.28940574709734
18.35,-3.71305295797674,-0.0803773731136506,-5.2028227152191
18.3525,-3.73343078938958,-0.0803773731136506,-5.2639401494861
18.355,-3.70795850012353,-0.0803773731136506,-5.26903326900835
18.3575,-3.71305295797674,-0.0803773731136506,-5.25884702996385
18.36,-3.71814741582995,-0.0803773731136506,-0.10461007344729
18.3625,-3.66210837944463,-0.0803773731136506,-5.16717087856335
18.365,-3.66720283729784,-0.0803773731136506,-5.22828831283035
18.3675,-3.64173054803179,-0.0803773731136506,-5.2333814323526
18.37,-3.66210837944463,-0.0803773731136506,-5.16717087856335
18.3725,-3.65701392159142,-0.0803773731136506,-5.2231951933081
18.375,-3.646825005885,-0.0803773731136506,-5.61027227699907
18.3775,-3.64173054803179,-0.0803773731136506,-5.17735711760785
18.38,-3.63663609017858,-0.0803773731136506,-5.18754335665235
18.3825,-3.65191946373821,-0.0803773731136506,-5.14679840047436
18.385,-3.646825005885,-0.0803773731136506,-5.1722639980856
18.3875,-3.62135271661895,-0.0803773731136506,-5.10605344429636
18.39,-3.61625825876574,-0.0803773731136506,-5.10605344429636
18.3925,-3.63663609017858,-0.0803773731136506,-5.2435676713971
18.395,-3.60606934305932,-0.0803773731136506,-5.08568096620736
18.3975,-3.60097488520611,-0.0803773731136506,-5.60517915747682
18.4,-3.60097488520611,-0.0803773731136506,-5.61027227699907
18.4025,-3.60097488520611,-0.0803773731136506,-5.60517915747682
18.405,-3.60097488520611,-0.075281680307862,-0.10461007344729
18.4075,-3.58569151164647,-0.0803773731136506,-5.13151904190761
18.41,-3.58569151164647,-0.0803773731136506,-5.1926364761746
18.4125,-3.60097488520611,-0.0803773731136506,-5.13661216142986
18.415,-3.63663609017858,-0.0803773731136506,-5.10605344429636
18.4175,-3.60606934305932,-0.0803773731136506,-5.13661216142986
18.42,-3.65701392159142,-0.0803773731136506,-5.12133280286311
18.4225,-3.67229729515105,-0.0803773731136506,-5.13151904190761
18.425,-3.67229729515105,-0.0803773731136506,-5.28431262757509
18.4275,-3.67229729515105,-0.0803773731136506,-5.28940574709734
18.43,-3.65191946373821,-0.0803773731136506,-5.08568096620736
18.4325,-3.65191946373821,-0.0803773731136506,-5.07040160764061
18.435,-3.646825005885,-0.0803773731136506,-5.07040160764061
18.4375,-3.65191946373821,-0.0803773731136506,-5.05512224907386
18.44,-3.63663609017858,-0.0803773731136506,-5.12642592238536
18.4425,-3.62644717447216,-0.0803773731136506,-5.13151904190761
18.445,-3.62135271661895,-0.0803773731136506,-5.11114656381861
18.4475,-3.61116380091253,-0.0803773731136506,-5.06530848811836
18.45,-3.62135271661895,-0.0803773731136506,-5.07040160764061
18.4525,-3.57040813808684,-0.0803773731136506,-5.06530848811836
18.455,-3.50927464384831,-0.0803773731136506,-5.18754335665235
18.4575,-3.47870789672905,-0.0803773731136506,-5.06530848811836
18.46,-3.45833006531621,-0.0803773731136506,-5.04493601002937
18.4625,-3.453235607463,-0.0803773731136506,-5.16207775904111
18.465,-3.44304669175658,-0.0803773731136506,-5.05002912955162
18.4675,-3.44304669175658,-0.0803773731136506,-5.12133280286311
18.47,-3.46342452316942,-0.0803773731136506,-5.07549472716286
18.4725,-3.48380235458226,-0.0803773731136506,-5.11114656381861
18.475,-3.43795223390337,-0.0803773731136506,-5.11114656381861
18.4775,-3.44304669175658,-0.0803773731136506,-5.2130089542636
18.48,-3.46342452316942,-0.0803773731136506,-5.06021536859611
18.4825,-3.51436910170153,-0.0803773731136506,-5.16717087856335
18.485,-3.51946355955474,-0.0803773731136506,-5.15698463951886
18.4875,-3.61116380091253,-0.0803773731136506,-5.06530848811836
18.49,-3.49908572814189,-0.0803773731136506,-5.05512224907386
18.4925,-3.51946355955474,-0.0803773731136506,-5.1722639980856
18.495,-3.53474693311437,-0.0803773731136506,-5.04493601002937
18.4975,-3.48380235458226,-0.0803773731136506,-5.05002912955162
18.5,-3.50927464384831,-0.0803773731136506,-5.14679840047436
18.5025,-3.47870789672905,-0.0803773731136506,-5.1926364761746
18.505,-3.5041801859951,-0.0803773731136506,-5.1824502371301
18.5075,-3.49399127028868,-0.0803773731136506,-5.05002912955162
18.51,-3.53984139096758,-0.0803773731136506,-5.04493601002937
18.5125,-3.47870789672905,-0.0803773731136506,-5.17735711760785
18.515,-3.52965247526116,-0.0803773731136506,-5.1926364761746
18.5175,-3.49908572814189,-0.0803773731136506,-5.16717087856335
18.52,-3.49399127028868,-0.0803773731136506,-5.12642592238536
18.5225,-3.48380235458226,-0.0803773731136506,-5.12642592238536
18.525,-3.48380235458226,-0.0803773731136506,-5.13151904190761
18.5275,-3.51946355955474,-0.0803773731136506,-5.24866079091935
18.53,-3.48889681243547,-0.0803773731136506,-5.14679840047436
18.5325,-3.53984139096758,-0.0803773731136506,-5.11114656381861
18.535,-3.52965247526116,-0.0803773731136506,-5.1824502371301
18.5375,-3.5041801859951,-0.0803773731136506,-5.12642592238536
18.54,-3.47870789672905,-0.0803773731136506,-5.13151904190761
18.5425,-3.48380235458226,-0.0803773731136506,-5.09077408572961
18.545,-3.5041801859951,-0.0803773731136506,-5.14679840047436
18.5475,-3.48380235458226,-0.0803773731136506,-5.09586720525186
18.55,-3.48889681243547,-0.0803773731136506,-5.09586720525186
18.5525,-3.48380235458226,-0.0803773731136506,-5.07549472716286
18.555,-3.54493584882079,-0.0803773731136506,-5.11623968334086
18.5575,-3.48380235458226,-0.0803773731136506,-5.11114656381861
18.56,-3.51946355955474,-0.0803773731136506,-5.08568096620736
18.5625,-3.52455801740795,-0.0803773731136506,-5.06530848811836
18.565,-3.55512476452721,-0.0803773731136506,-5.11623968334086
18.5675,-3.56531368023363,-0.0803773731136506,-5.07040160764061
18.57,-3.58059705379326,-0.0803773731136506,-5.07549472716286
18.5725,-3.59078596949968,-0.0803773731136506,-5.06530848811836
18.575,-3.59588042735289,-0.0803773731136506,-5.03474977098487
18.5775,-3.59078596949968,-0.0803773731136506,-5.06530848811836
18.58,-0.106176797903638,-0.0803773731136506,-5.09586720525186
18.5825,-0.0959878821972175,-0.0803773731136506,-5.06021536859611
18.585,-0.0908934243440065,-0.0803773731136506,-5.05512224907386
18.5875,-0.0959878821972175,-0.0803773731136506,-5.06530848811836
18.59,-0.0959878821972175,-0.0803773731136506,-5.05512224907386
18.5925,-0.0908934243440065,-0.0803773731136506,-5.06021536859611
18.595,-0.0959878821972175,-0.0803773731136506,-5.04493601002937
18.5975,-0.0908934243440065,-0.0803773731136506,-5.06021536859611
18.6,-0.0908934243440065,-0.0803773731136506,-5.05512224907386
18.6025,-0.0959878821972175,-0.0803773731136506,-5.06530848811836
18.605,-3.47870789672905,-0.0803773731136506,-5.2028227152191
18.6075,-3.48380235458226,-0.0803773731136506,-5.1722639980856
18.61,-3.46851898102263,-0.0803773731136506,-5.15698463951886
18.6125,-3.47870789672905,-0.0803773731136506,-5.18754335665235
18.615,-3.48380235458226,-0.0803773731136506,-5.12133280286311
18.6175,-3.48889681243547,-0.0803773731136506,-5.08568096620736
18.62,-3.49908572814189,-0.0803773731136506,-5.14679840047436
18.6225,-3.53474693311437,-0.0803773731136506,-5.13661216142986
18.625,-3.53474693311437,-0.0803773731136506,-5.15189151999661
18.6275,-3.55512476452721,-0.0803773731136506,-5.15698463951886
18.63,-3.5041801859951,-0.0803773731136506,-5.16207775904111
18.6325,-3.52965247526116,-0.0803773731136506,-5.13151904190761
18.635,-3.53984139096758,-0.0803773731136506,-5.13661216142986
18.6375,-3.54493584882079,-0.0803773731136506,-5.10605344429636
18.64,-3.53984139096758,-0.0803773731136506,-5.11114656381861
18.6425,-3.550030306674,-0.0803773731136506,-5.11114656381861
18.645,-3.54493584882079,-0.0803773731136506,-5.12642592238536
18.6475,-3.55512476452721,-0.0803773731136506,-5.12642592238536
18.65,-3.58569151164647,-0.0803773731136506,-5.13151904190761
18.6525,-3.61116380091253,-0.0803773731136506,-5.14170528095211
18.655,-3.61625825876574,-0.0803773731136506,-5.14679840047436
18.6575,-3.59078596949968,-0.0803773731136506,-5.14679840047436
18.66,-3.60097488520611,-0.0803773731136506,-5.15189151999661
18.6625,-3.61625825876574,-0.0803773731136506,-5.29959198614184
18.665,-3.60606934305932,-0.0803773731136506,-5.30468510566409
18.6675,-3.61116380091253,-0.0803773731136506,-5.1722639980856
18.67,-3.61625825876574,-0.0803773731136506,-5.2537539104416
18.6725,-3.62135271661895,-0.0803773731136506,-5.41164061563133
18.675,-3.63154163232537,-0.0803773731136506,-5.24866079091935
18.6775,-3.63154163232537,-0.0803773731136506,-5.24866079091935
18.68,-3.63663609017858,-0.0803773731136506,-5.20791583474135
18.6825,-3.73852524724279,-0.0803773731136506,-5.21810207378585
18.685,-3.77928091006848,-0.0803773731136506,-5.23847455187485
18.6875,-3.71814741582995,-0.0803773731136506,-5.24866079091935
18.69,-3.66720283729784,-0.0803773731136506,-5.2537539104416
18.6925,-3.74871416294921,-0.0803773731136506,-5.28940574709734
18.695,-3.72833633153637,-0.075281680307862,-5.29959198614184
18.6975,-3.71814741582995,-0.0803773731136506,-5.25884702996385
18.7,-3.71305295797674,-0.0803773731136506,-5.22828831283035
18.7025,-3.71305295797674,-0.0803773731136506,-5.23847455187485
18.705,-3.70795850012353,-0.0803773731136506,-5.22828831283035
18.7075,-3.69776958441711,-0.0803773731136506,-5.2741263885306
18.71,-3.71305295797674,-0.0803773731136506,-5.32505758375309
18.7125,-3.70286404227032,-0.0803773731136506,-5.20791583474135
18.715,-3.69776958441711,-0.0803773731136506,-5.20791583474135
18.7175,-3.67229729515105,-0.0803773731136506,-5.21810207378585
18.72,-3.66210837944463,-0.0803773731136506,-5.24866079091935
18.7225,-3.65191946373821,-0.0803773731136506,-5.2130089542636
18.725,-3.64173054803179,-0.0803773731136506,-5.30468510566409
18.7275,-3.63154163232537,-0.0803773731136506,-5.2333814323526
18.73,-3.62644717447216,-0.0803773731136506,-5.24866079091935
18.7325,-3.61625825876574,-0.0803773731136506,-5.37598877897559
18.735,-3.60097488520611,-0.0803773731136506,-5.2333814323526
18.7375,-3.62135271661895,-0.0803773731136506,-5.29959198614184
18.74,-3.58569151164647,-0.0803773731136506,-5.33524382279759
18.7425,-3.64173054803179,-0.0803773731136506,-5.26903326900835
18.745,-3.56531368023363,-0.0803773731136506,-5.27921950805285
18.7475,-3.58059705379326,-0.0803773731136506,-5.24866079091935
18.75,-3.52965247526116,-0.0803773731136506,-5.30468510566409
18.7525,-3.51946355955474,-0.0803773731136506,-5.36070942040884
18.755,-3.51436910170153,-0.0803773731136506,-5.26903326900835
18.7575,-3.50927464384831,-0.0803773731136506,-5.2639401494861
18.76,-3.49399127028868,-0.0803773731136506,-5.27921950805285
18.7625,-3.47870789672905,-0.0803773731136506,-5.28431262757509
18.765,-3.49908572814189,-0.0803773731136506,-5.28940574709734
18.7675,-3.47361343887584,-0.0803773731136506,-5.29959198614184
18.77,-3.42266886034373,-0.0803773731136506,-5.29959198614184
18.7725,-3.41757440249052,-0.0803773731136506,-5.30977822518634
18.775,-3.40229102893089,-0.0803773731136506,-5.30977822518634
18.7775,-3.38700765537126,-0.0803773731136506,-5.31996446423084
18.78,-3.37681873966484,-0.0803773731136506,-5.32505758375309
18.7825,-3.36662982395842,-0.0803773731136506,-5.33524382279759
18.785,-3.356440908252,-0.0803773731136506,-5.34033694231984
18.7875,-3.34625199254558,-0.0803773731136506,-5.35052318136434
18.79,-3.33606307683915,-0.0803773731136506,-5.35561630088659
18.7925,-3.32587416113273,-0.0803773731136506,-5.35052318136434
18.795,-3.32587416113273,-0.0803773731136506,-5.33524382279759
18.7975,-3.31568524542631,-0.0803773731136506,-5.34543006184209
18.8,-3.32077970327952,-0.0803773731136506,-5.33524382279759
18.8025,-3.31568524542631,-0.0803773731136506,-5.33524382279759
18.805,-3.32077970327952,-0.0803773731136506,-5.32505758375309
18.8075,-3.31568524542631,-0.0803773731136506,-5.33524382279759
18.81,-3.32587416113273,-0.0803773731136506,-5.37089565945334
18.8125,-3.32587416113273,-0.0803773731136506,-5.29959198614184
18.815,-3.36662982395842,-0.0803773731136506,-5.29449886661959
18.8175,-3.31568524542631,-0.0803773731136506,-5.2741263885306
18.82,-3.32077970327952,-0.0803773731136506,-5.2741263885306
18.8225,-3.32587416113273,-0.0803773731136506,-5.42182685467583
18.825,-3.33096861898594,-0.0803773731136506,-5.31487134470859
18.8275,-3.33096861898594,-0.0803773731136506,-5.39636125706459
18.83,-3.33096861898594,-0.0803773731136506,-5.2741263885306
18.8325,-3.33096861898594,-0.0803773731136506,-5.35052318136434
18.835,-3.37172428181163,-0.0803773731136506,-5.48294428894283
18.8375,-3.38191319751805,-0.0803773731136506,-5.29959198614184
18.84,-3.36153536610521,-0.0803773731136506,-5.36580253993109
18.8425,-3.36153536610521,-0.0803773731136506,-5.39126813754234
18.845,-3.356440908252,-0.0803773731136506,-5.37598877897559
18.8475,-3.36662982395842,-0.0803773731136506,-5.34543006184209
18.85,-3.37172428181163,-0.0803773731136506,-5.36070942040884
18.8525,-3.42266886034373,-0.0803773731136506,-5.35561630088659
18.855,-3.40229102893089,-0.0803773731136506,-5.53387548416532
18.8575,-3.4073854867841,-0.0803773731136506,-5.43710621324258
18.86,-3.44304669175658,-0.0803773731136506,-5.39126813754234
18.8625,-3.453235607463,-0.0803773731136506,-5.42182685467583
18.865,-3.45833006531621,-0.0803773731136506,-5.40654749610908
18.8675,-3.48380235458226,-0.0803773731136506,-5.41164061563133
18.87,-3.46851898102263,-0.0803773731136506,-5.45238557180933
18.8725,-3.46851898102263,-0.0803773731136506,-5.47785116942058
18.875,-3.47870789672905,-0.0803773731136506,-5.45747869133158
18.8775,-3.48889681243547,-0.0803773731136506,-5.40654749610908
18.88,-3.5041801859951,-0.0803773731136506,-5.43201309372033
18.8825,-3.51436910170153,-0.0803773731136506,-5.43710621324258
18.885,-3.50927464384831,-0.0803773731136506,-5.43710621324258
18.8875,-3.550030306674,-0.0803773731136506,-5.44729245228708
18.89,-3.56021922238042,-0.0803773731136506,-5.44729245228708
18.8925,-3.59078596949968,-0.0803773731136506,-5.46257181085383
18.895,-3.58059705379326,-0.0803773731136506,-5.43710621324258
18.8975,-3.58569151164647,-0.0803773731136506,-5.46257181085383
18.9,-3.62135271661895,-0.0803773731136506,-5.45747869133158
18.9025,-9.73470214047166,-0.0803773731136506,-5.43201309372033
18.905,-3.66210837944463,-0.0803773731136506,-5.63573787461031
18.9075,-3.66210837944463,-0.0803773731136506,-5.53896860368757
18.91,-3.67739175300426,-0.0803773731136506,-5.43201309372033
18.9125,-3.68248621085748,-0.0803773731136506,-5.43201309372033
18.915,-3.65701392159142,-0.0803773731136506,-5.43710621324258
18.9175,-3.68248621085748,-0.0854730659194392,-5.38617501802009
18.92,-3.68248621085748,-0.0803773731136506,-5.37598877897559
18.9225,-3.68248621085748,-0.0803773731136506,-5.39126813754234
18.925,-3.68248621085748,-0.0803773731136506,-5.53896860368757
18.9275,-3.67739175300426,-0.0854730659194392,-5.46766493037608
18.93,-3.69776958441711,-0.0803773731136506,-5.47785116942058
18.9325,-3.69776958441711,-0.0803773731136506,-5.47275804989833
18.935,-3.72324187368316,-0.0803773731136506,-5.45747869133158
18.9375,-3.73343078938958,-0.0803773731136506,-5.48294428894283
18.94,-3.71305295797674,-0.0803773731136506,-5.44219933276483
18.9425,-3.70795850012353,-0.0803773731136506,-5.38108189849784
18.945,-3.743619705096,-0.0803773731136506,-5.51859612559857
18.9475,-3.71305295797674,-0.0803773731136506,-5.46766493037608
18.95,-3.72324187368316,-0.0803773731136506,-5.51859612559857
18.9525,-3.70795850012353,-0.075281680307862,-5.48803740846508
18.955,-3.70286404227032,-0.0803773731136506,-5.43201309372033
18.9575,-3.69776958441711,-0.0803773731136506,-5.44219933276483
18.96,-3.68248621085748,-0.0803773731136506,-5.42182685467583
18.9625,-3.67229729515105,-0.0803773731136506,-5.44219933276483
18.965,-3.65701392159142,-0.0803773731136506,-5.43710621324258
18.9675,-3.66720283729784,-0.0803773731136506,-5.46257181085383
18.97,-3.63154163232537,-0.0803773731136506,-5.50331676703183
18.9725,-3.60606934305932,-0.0803773731136506,-5.46766493037608
18.975,-3.59588042735289,-0.0803773731136506,-5.50331676703183
18.9775,-3.58059705379326,-0.0803773731136506,-5.47275804989833
18.98,-3.55512476452721,-0.0803773731136506,-5.48294428894283
18.9825,-3.53984139096758,-0.0803773731136506,-5.45747869133158
18.985,-3.52455801740795,-0.0803773731136506,-5.43201309372033
18.9875,-3.50927464384831,-0.0803773731136506,-5.49822364750958
18.99,-3.49399127028868,-0.0803773731136506,-5.51350300607633
18.9925,-3.47870789672905,-0.075281680307862,-5.47275804989833
18.995,-3.46851898102263,-0.0803773731136506,-5.49822364750958
18.9975,-3.42776331819694,-0.0803773731136506,-5.45747869133158
19,-3.40229102893089,-0.0803773731136506,-5.44729245228708
19.0025,-3.39210211322447,-0.075281680307862,-5.44729245228708
19.005,-3.356440908252,-0.0803773731136506,-5.43201309372033
19.0075,-3.28511849830705,-0.0803773731136506,-5.43710621324258
19.01,-3.29021295616026,-0.0803773731136506,-5.42182685467583
19.0125,-3.26983512474742,-0.0803773731136506,-5.43710621324258
19.015,-3.34115753469236,-0.0803773731136506,-5.42182685467583
19.0175,-3.23417391977494,-0.0854730659194392,-5.40654749610908
19.02,-3.23417391977494,-0.0803773731136506,-5.41164061563133
19.0225,-3.18832379909605,-0.0803773731136506,-5.41673373515358
19.025,-3.17813488338963,-0.0803773731136506,-5.41164061563133
19.0275,-3.19341825694926,-0.0803773731136506,-5.42182685467583
19.03,-3.17813488338963,-0.0803773731136506,-5.41673373515358
19.0325,-3.17813488338963,-0.0803773731136506,-5.40654749610908
19.035,-3.2137960883621,-0.0803773731136506,-5.43201309372033
19.0375,-3.17813488338963,-0.0803773731136506,-5.45238557180933
19.04,-3.14756813627036,-0.0803773731136506,-5.44219933276483
19.0425,-3.16794596768321,-0.0803773731136506,-5.45747869133158
19.045,-3.17304042553642,-0.0803773731136506,-5.43710621324258
19.0475,-3.16794596768321,-0.075281680307862,-5.47785116942058
19.05,-3.18322934124284,-0.0803773731136506,-5.46257181085383
19.0525,-3.17813488338963,-0.0803773731136506,-5.49313052798733
19.055,-3.15266259412357,-0.0803773731136506,-5.48803740846508
19.0575,-3.15266259412357,-0.0803773731136506,-5.49822364750958
19.06,-3.15266259412357,-0.0803773731136506,-5.50331676703183
19.0625,-3.17304042553642,-0.0803773731136506,-5.48803740846508
19.065,-3.13228476271073,-0.0803773731136506,-5.46766493037608
19.0675,-3.15266259412357,-0.0803773731136506,-5.58989979891007
19.07,-3.12209584700431,-0.0803773731136506,-5.49313052798733
19.0725,-3.14247367841715,-0.0803773731136506,-5.50331676703183
19.075,-3.14247367841715,-0.0854730659194392,-5.51859612559857
19.0775,-3.14247367841715,-0.0803773731136506,-5.51350300607633
19.08,-3.14247367841715,-0.0803773731136506,-5.51859612559857
19.0825,-3.15266259412357,-0.0803773731136506,-5.51350300607633
19.085,-3.15775705197678,-0.0803773731136506,-5.49822364750958
19.0875,-3.16794596768321,-0.0803773731136506,-5.49822364750958
19.09,-3.15775705197678,-0.0803773731136506,-5.64592411365481
19.0925,-3.17304042553642,-0.0803773731136506,-5.53896860368757
19.095,-3.17304042553642,-0.0803773731136506,-5.52878236464307
19.0975,-3.30040187186668,-0.0803773731136506,-5.51859612559857
19.1,-3.21889054621531,-0.0803773731136506,-5.60008603795457
19.1025,-3.23926837762815,-0.0803773731136506,-5.54406172320982
19.105,-3.28002404045384,-0.0803773731136506,-5.53387548416532
19.1075,-3.26983512474742,-0.0803773731136506,-5.66629659174381
19.11,-3.26983512474742,-0.0803773731136506,-5.61536539652132
19.1125,-3.33096861898594,-0.0803773731136506,-5.57971355986557
19.115,-3.36153536610521,-0.0803773731136506,-5.63064475508807
19.1175,-3.38191319751805,-0.0803773731136506,-5.53387548416532
19.12,-3.356440908252,-0.0803773731136506,-5.69685530887731
19.1225,-3.356440908252,-0.0803773731136506,-5.71213466744406
19.125,-3.37172428181163,-0.0803773731136506,-5.53387548416532
19.1275,-3.38191319751805,-0.0803773731136506,-5.53387548416532
19.13,-3.41247994463731,-0.0803773731136506,-5.53387548416532
19.1325,-3.43795223390337,-0.0803773731136506,-5.55424796225432
19.135,-3.43795223390337,-0.0803773731136506,-5.55934108177657
19.1375,-3.48889681243547,-0.0803773731136506,-5.56952732082107
19.14,-3.49908572814189,-0.0803773731136506,-5.54406172320982
19.1425,-3.48380235458226,-0.0803773731136506,-5.54915484273207
19.145,-3.44304669175658,-0.0803773731136506,-5.53896860368757
19.1475,-3.43795223390337,-0.0803773731136506,-5.56443420129882
19.15,-3.52455801740795,-0.0803773731136506,-5.55424796225432
19.1525,-3.46851898102263,-0.0803773731136506,-5.53387548416532
19.155,-3.45833006531621,-0.0803773731136506,-5.52368924512082
19.1575,-3.44304669175658,-0.0803773731136506,-5.53387548416532
19.16,-3.45833006531621,-0.0803773731136506,-5.51859612559857
19.1625,-3.42776331819694,-0.0803773731136506,-5.52368924512082
19.165,-3.44814114960979,-0.0803773731136506,-5.52368924512082
19.1675,-3.41757440249052,-0.0803773731136506,-5.52368924512082
19.17,-3.41757440249052,-0.0803773731136506,-5.52878236464307
19.1725,-3.43795223390337,-0.0803773731136506,-5.52368924512082
19.175,-3.44814114960979,-0.075281680307862,-5.52878236464307
19.1775,-3.4073854867841,-0.0803773731136506,-5.53387548416532
19.18,-3.42776331819694,-0.0803773731136506,-5.53896860368757
19.1825,-3.4073854867841,-0.0803773731136506,-5.53387548416532
19.185,-3.40229102893089,-0.0803773731136506,-5.57462044034332
19.1875,-3.40229102893089,-0.0803773731136506,-5.57462044034332
19.19,-3.38700765537126,-0.075281680307862,-5.58480667938782
19.1925,-3.38191319751805,-0.0803773731136506,-5.57462044034332
19.195,-3.356440908252,-0.0803773731136506,-5.55934108177657
19.1975,-3.356440908252,-0.0803773731136506,-5.58480667938782
19.2,-3.34115753469236,-0.0803773731136506,-5.72232090648856
19.2025,-3.33606307683915,-0.0803773731136506,-5.68666906983281
19.205,-3.32587416113273,-0.0803773731136506,-5.62045851604357
19.2075,-3.31568524542631,-0.0803773731136506,-5.61536539652132
19.21,-3.32587416113273,-0.0803773731136506,-5.62555163556582
19.2125,-3.28511849830705,-0.0803773731136506,-5.63064475508807
19.215,-3.27492958260063,-0.0803773731136506,-5.71722778696631
19.2175,-3.27492958260063,-0.0803773731136506,-5.65611035269931
19.22,-3.23926837762815,-0.0803773731136506,-5.63573787461031
19.2225,-3.25455175118779,-0.0803773731136506,-5.70704154792181
19.225,-3.23417391977494,-0.0803773731136506,-5.64083099413256
19.2275,-3.23417391977494,-0.075281680307862,-5.70704154792181
19.23,-3.22907946192173,-0.0803773731136506,-5.61536539652132
19.2325,-3.22398500406852,-0.0803773731136506,-5.61027227699907
19.235,-3.22398500406852,-0.0803773731136506,-5.73760026505531
19.2375,-3.25455175118779,-0.0803773731136506,-5.62555163556582
19.24,-3.259646209041,-0.0803773731136506,-5.66629659174381
19.2425,-3.259646209041,-0.0803773731136506,-5.56443420129882
19.245,-3.24436283548136,-0.0803773731136506,-5.63573787461031
19.2475,-3.23926837762815,-0.0803773731136506,-5.60517915747682
19.25,-3.24945729333457,-0.0803773731136506,-5.53387548416532
19.2525,-3.37681873966484,-0.0803773731136506,-5.56443420129882
19.255,-3.33606307683915,-0.0803773731136506,-5.61027227699907
19.2575,-3.31568524542631,-0.0803773731136506,-5.58480667938782
19.26,-3.35134645039879,-0.075281680307862,-5.57462044034332
19.2625,-3.32587416113273,-0.0803773731136506,-5.54915484273207
19.265,-3.38191319751805,-0.0803773731136506,-5.53387548416532
19.2675,-3.40229102893089,-0.0803773731136506,-5.48294428894283
19.27,-3.39210211322447,-0.0803773731136506,-5.57971355986557
19.2725,-3.39719657107768,-0.0803773731136506,-5.52368924512082
19.275,-3.40229102893089,-0.0803773731136506,-5.43710621324258
19.2775,-3.43795223390337,-0.0803773731136506,-5.51350300607633
19.28,-3.453235607463,-0.075281680307862,-5.50331676703183
19.2825,-3.45833006531621,-0.0803773731136506,-5.53387548416532
19.285,-3.50927464384831,-0.0803773731136506,-5.53896860368757
19.2875,-3.51436910170153,-0.0803773731136506,-5.47785116942058
19.29,-3.49908572814189,-0.0803773731136506,-5.50331676703183
19.2925,-3.53474693311437,-0.0803773731136506,-5.48294428894283
19.295,-3.53984139096758,-0.0803773731136506,-5.48294428894283
19.2975,-3.57550259594005,-0.0803773731136506,-5.60008603795457
19.3,-3.58059705379326,-0.0803773731136506,-5.45747869133158
19.3025,-3.56531368023363,-0.0803773731136506,-5.51350300607633
19.305,-3.58059705379326,-0.0803773731136506,-5.58989979891007
19.3075,-3.59078596949968,-0.0803773731136506,-5.52878236464307
19.31,-3.60097488520611,-0.0803773731136506,-5.53896860368757
19.3125,-3.61625825876574,-0.0803773731136506,-5.53896860368757
19.315,-3.61625825876574,-0.0803773731136506,-5.51859612559857
19.3175,-3.62135271661895,-0.0803773731136506,-5.55934108177657
19.32,-3.62135271661895,-0.0803773731136506,-5.49313052798733
19.3225,-3.63154163232537,-0.0803773731136506,-5.51859612559857
19.325,-3.64173054803179,-0.0803773731136506,-5.52368924512082
19.3275,-3.65191946373821,-0.0803773731136506,-5.56443420129882
19.33,-3.646825005885,-0.0803773731136506,-5.52878236464307
19.3325,-3.646825005885,-0.0803773731136506,-5.49313052798733
19.335,-3.646825005885,-0.0803773731136506,-5.52878236464307
19.3375,-3.646825005885,-0.0803773731136506,-5.61536539652132
19.34,-3.65191946373821,-0.0803773731136506,-5.67648283078831
19.3425,-3.646825005885,-0.0803773731136506,-5.58989979891007
19.345,-3.62135271661895,-0.0803773731136506,-5.53387548416532
19.3475,-3.62135271661895,-0.0803773731136506,-5.57971355986557
19.35,-3.66210837944463,-0.0803773731136506,-5.50840988655408
19.3525,-3.63663609017858,-0.0803773731136506,-5.56952732082107
19.355,-3.63663609017858,-0.0803773731136506,-5.55934108177657
19.3575,-3.66720283729784,-0.0803773731136506,-5.48803740846508
19.36,-3.64173054803179,-0.0803773731136506,-5.49822364750958
19.3625,-3.61116380091253,-0.0854730659194392,-5.46257181085383
19.365,-3.61116380091253,-0.0803773731136506,-5.47785116942058
19.3675,-3.63663609017858,-0.0803773731136506,-5.46257181085383
19.37,-3.646825005885,-0.0803773731136506,-5.55424796225432
19.3725,-3.65701392159142,-0.0854730659194392,-5.47275804989833
19.375,-3.62644717447216,-0.0803773731136506,-5.50331676703183
19.3775,-3.62135271661895,-0.0803773731136506,-5.44729245228708
19.38,-3.77418645221527,-0.0803773731136506,-5.43710621324258
19.3825,-3.68248621085748,-0.0803773731136506,-5.44729245228708
19.385,-3.80984765718774,-0.0803773731136506,-5.42182685467583
19.3875,-3.75380862080242,-0.0803773731136506,-5.49822364750958
19.39,-3.72833633153637,-0.0803773731136506,-5.47275804989833
19.3925,-3.74871416294921,-0.075281680307862,-5.44219933276483
19.395,-3.75380862080242,-0.0803773731136506,-5.43710621324258
19.3975,-3.75380862080242,-0.0803773731136506,-5.43710621324258
19.4,-3.5041801859951,-0.0803773731136506,-5.46257181085383
19.4025,-3.72833633153637,-0.0803773731136506,-5.44729245228708
19.405,-3.72833633153637,-0.0803773731136506,-5.42182685467583
19.4075,-3.49399127028868,-0.0803773731136506,-5.48803740846508
19.41,-3.46342452316942,-0.0803773731136506,-5.47275804989833
19.4125,-3.48380235458226,-0.0803773731136506,-5.46766493037608
19.415,-3.47361343887584,-0.0803773731136506,-5.46766493037608
19.4175,-3.41757440249052,-0.0803773731136506,-5.44729245228708
19.42,-3.4073854867841,-0.0803773731136506,-5.45238557180933
19.4225,-3.37172428181163,-0.0803773731136506,-5.45747869133158
19.425,-3.356440908252,-0.0803773731136506,-5.45747869133158
19.4275,-3.34625199254558,-0.0803773731136506,-5.45238557180933
19.43,-3.23417391977494,-0.0803773731136506,-5.55934108177657
19.4325,-3.22398500406852,-0.0803773731136506,-5.55424796225432
19.435,-3.2137960883621,-0.0803773731136506,-5.50840988655408
19.4375,-3.20870163050889,-0.0854730659194392,-5.52368924512082
19.44,-3.19851271480247,-0.0803773731136506,-5.49313052798733
19.4425,-3.18832379909605,-0.0803773731136506,-5.51350300607633
19.445,-3.20870163050889,-0.0803773731136506,-5.50331676703183
19.4475,-3.17813488338963,-0.0803773731136506,-5.47275804989833
19.45,-3.18322934124284,-0.0803773731136506,-5.49822364750958
19.4525,-3.18322934124284,-0.0854730659194392,-5.52878236464307
19.455,-0.0959878821972175,-0.0803773731136506,-5.49822364750958
19.4575,-0.0908934243440065,-0.0854730659194392,-5.47785116942058
19.46,-0.0908934243440065,-0.0803773731136506,-5.49822364750958
19.4625,-0.0959878821972175,-0.0803773731136506,-5.50331676703183
19.465,-0.0908934243440065,-0.0803773731136506,-5.46257181085383
19.4675,-0.0908934243440065,-0.0803773731136506,-5.49822364750958
19.47,-0.0959878821972175,-0.0803773731136506,-5.45747869133158
19.4725,-0.0908934243440065,-0.0803773731136506,-5.45747869133158
19.475,-0.0908934243440065,-0.0803773731136506,-5.43710621324258
19.4775,-0.0908934243440065,-0.0803773731136506,-5.43710621324258
19.48,-0.0959878821972175,-0.0803773731136506,-5.42182685467583
19.4825,-0.0959878821972175,-0.0803773731136506,-5.42691997419808
19.485,-0.0959878821972175,-0.0803773731136506,-5.44219933276483
19.4875,-0.0959878821972175,-0.0803773731136506,-5.43710621324258
19.49,-0.0908934243440065,-0.0803773731136506,-5.46257181085383
19.4925,-0.0908934243440065,-0.0803773731136506,-5.43201309372033
19.495,-0.0959878821972175,-0.0803773731136506,-5.55424796225432
19.4975,-0.0908934243440065,-0.0803773731136506,-5.64083099413256
19.5,-3.29021295616026,-0.0803773731136506,-5.43710621324258
19.5025,-3.29021295616026,-0.0803773731136506,-5.51350300607633
19.505,-3.4073854867841,-0.0803773731136506,-5.38617501802009
19.5075,-3.40229102893089,-0.0803773731136506,-5.38617501802009
19.51,-3.41247994463731,-0.0803773731136506,-5.37598877897559
19.5125,-3.41757440249052,-0.0854730659194392,-5.40145437658683
19.515,-3.44814114960979,-0.0803773731136506,-5.40145437658683
19.5175,-3.45833006531621,-0.0803773731136506,-5.37089565945334
19.52,-3.46342452316942,-0.0803773731136506,-5.36580253993109
19.5225,-3.46851898102263,-0.075281680307862,-5.36580253993109
19.525,-3.58569151164647,-0.0803773731136506,-5.36070942040884
19.5275,-3.51946355955474,-0.0803773731136506,-5.43201309372033
19.53,-3.59078596949968,-0.0803773731136506,-5.64592411365481
19.5325,-3.58569151164647,-0.0803773731136506,-5.64083099413256
19.535,-3.58569151164647,-0.0803773731136506,-5.43201309372033
19.5375,-3.65701392159142,-0.0803773731136506,-5.44219933276483
19.54,-3.65701392159142,-0.0803773731136506,-5.42691997419808
19.5425,-3.71305295797674,-0.0803773731136506,-5.42691997419808
19.545,-3.65701392159142,-0.0803773731136506,-5.52368924512082
19.5475,-3.67739175300426,-0.0803773731136506,-5.39636125706459
19.55,-3.61625825876574,-0.0803773731136506,-5.39636125706459
19.5525,-3.64173054803179,-0.0803773731136506,-5.37598877897559
19.555,-3.64173054803179,-0.0803773731136506,-5.38617501802009
19.5575,-3.72833633153637,-0.0803773731136506,-5.37089565945334
19.56,-3.69776958441711,-0.0803773731136506,-5.38108189849784
19.5625,-3.6926751265639,-0.0803773731136506,-5.39126813754234
19.565,-3.68758066871069,-0.0803773731136506,-5.38617501802009
19.5675,-3.71814741582995,-0.0803773731136506,-5.38108189849784
19.57,-3.72324187368316,-0.0803773731136506,-5.38617501802009
19.5725,-3.72324187368316,-0.0803773731136506,-5.47785116942058
19.575,-3.70286404227032,-0.0803773731136506,-5.40654749610908
19.5775,-3.72833633153637,-0.0803773731136506,-5.41673373515358
19.58,-3.68248621085748,-0.0803773731136506,-5.36580253993109
19.5825,-3.66210837944463,-0.0803773731136506,-5.34543006184209
19.585,-3.68758066871069,-0.0803773731136506,-5.41164061563133
19.5875,-3.67739175300426,-0.0803773731136506,-5.31487134470859
19.59,-3.67229729515105,-0.0803773731136506,-5.30977822518634
19.5925,-3.66720283729784,-0.0803773731136506,-5.30468510566409
19.595,-3.67229729515105,-0.0803773731136506,-5.29959198614184
19.5975,-3.69776958441711,-0.0803773731136506,-5.30468510566409
19.6,-3.70286404227032,-0.0803773731136506,-5.30468510566409
19.6025,-3.67739175300426,-0.0803773731136506,-5.30977822518634
19.605,-3.67739175300426,-0.0803773731136506,-5.39126813754234
19.6075,-3.67229729515105,-0.0803773731136506,-5.37598877897559
19.61,-0.0959878821972175,-0.0803773731136506,-5.29959198614184
19.6125,-0.0908934243440065,-0.0803773731136506,-5.33015070327534
19.615,-0.0908934243440065,-0.0803773731136506,-5.33015070327534
19.6175,-3.59078596949968,-0.0803773731136506,-5.34033694231984
19.62,-3.58059705379326,-0.0803773731136506,-5.34033694231984
19.6225,-3.57550259594005,-0.0803773731136506,-5.40145437658683
19.625,-3.59588042735289,-0.0803773731136506,-5.33524382279759
19.6275,-3.59078596949968,-0.0803773731136506,-5.33524382279759
19.63,-3.59588042735289,-0.0803773731136506,-5.33015070327534
19.6325,-3.59078596949968,-0.0803773731136506,-5.32505758375309
19.635,-3.63154163232537,-0.0803773731136506,-5.29449886661959
19.6375,-3.70795850012353,-0.0803773731136506,-5.30977822518634
19.64,-3.63154163232537,-0.0803773731136506,-5.28431262757509
19.6425,-3.63154163232537,-0.0803773731136506,-5.29959198614184
19.645,-3.646825005885,-0.0803773731136506,-5.38617501802009
19.6475,-3.66210837944463,-0.0803773731136506,-5.2741263885306
19.65,-3.63154163232537,-0.0803773731136506,-5.29959198614184
19.6525,-3.67229729515105,-0.0803773731136506,-5.28431262757509
19.655,-3.66720283729784,-0.0803773731136506,-5.30468510566409
19.6575,-3.68248621085748,-0.0803773731136506,-5.26903326900835
19.66,-3.646825005885,-0.0803773731136506,-5.29959198614184
19.6625,-3.64173054803179,-0.0803773731136506,-5.41673373515358
19.665,-3.64173054803179,-0.0803773731136506,-5.43710621324258
19.6675,-3.64173054803179,-0.0803773731136506,-5.42691997419808
19.67,-3.62135271661895,-0.0803773731136506,-5.53387548416532
19.6725,-3.61625825876574,-0.0803773731136506,-5.74269338457756
19.675,-3.60606934305932,-0.0803773731136506,-5.41164061563133
19.6775,-3.60097488520611,-0.0803773731136506,-5.27921950805285
19.68,-3.59588042735289,-0.0803773731136506,-5.33015070327534
19.6825,-3.58569151164647,-0.0803773731136506,-5.28940574709734
19.685,-3.60097488520611,-0.0803773731136506,-5.34543006184209
19.6875,-3.58059705379326,-0.0803773731136506,-5.28431262757509
19.69,-3.550030306674,-0.0803773731136506,-5.31487134470859
19.6925,-3.56531368023363,-0.0803773731136506,-5.31487134470859
19.695,-3.53984139096758,-0.0803773731136506,-5.28940574709734
19.6975,-3.53474693311437,-0.0803773731136506,-5.36580253993109
19.7,-3.52455801740795,-0.0803773731136506,-5.36070942040884
19.7025,-3.51946355955474,-0.0803773731136506,-5.35561630088659
19.705,-3.53474693311437,-0.0803773731136506,-5.28940574709734
19.7075,-3.52965247526116,-0.0803773731136506,-5.41164061563133
19.71,-3.52455801740795,-0.0803773731136506,-5.28431262757509
19.7125,-3.49908572814189,-0.0803773731136506,-5.28940574709734
19.715,-3.49908572814189,-0.0803773731136506,-5.26903326900835
19.7175,-3.49399127028868,-0.0803773731136506,-5.24866079091935
19.72,-3.49908572814189,-0.0803773731136506,-5.23847455187485
19.7225,-3.49399127028868,-0.0803773731136506,-5.29959198614184
19.725,-3.49399127028868,-0.0803773731136506,-5.28940574709734
19.7275,-3.48380235458226,-0.0803773731136506,-5.1824502371301
19.73,-3.45833006531621,-0.0803773731136506,-5.2333814323526
19.7325,-3.453235607463,-0.0803773731136506,-5.39636125706459
19.735,-3.44814114960979,-0.0803773731136506,-5.33015070327534
19.7375,-3.44304669175658,-0.0803773731136506,-5.15189151999661
19.74,-3.46342452316942,-0.0803773731136506,-5.16207775904111
19.7425,-3.48380235458226,-0.0803773731136506,-5.1722639980856
19.745,-3.41757440249052,-0.0803773731136506,-5.2435676713971
19.7475,-3.41757440249052,-0.0803773731136506,-5.1722639980856
19.75,-3.43285777605016,-0.0854730659194392,-5.2231951933081
19.7525,-3.41247994463731,-0.075281680307862,-5.23847455187485
19.755,-3.40229102893089,-0.0803773731136506,-5.2333814323526
19.7575,-3.40229102893089,-0.0803773731136506,-5.17735711760785
19.76,-3.37681873966484,-0.0803773731136506,-5.21810207378585
19.7625,-3.40229102893089,-0.0803773731136506,-5.20791583474135
19.765,-3.40229102893089,-0.075281680307862,-5.2741263885306
19.7675,-3.4073854867841,-0.0803773731136506,-5.26903326900835
19.77,-3.39719657107768,-0.0803773731136506,-5.2130089542636
19.7725,-3.39719657107768,-0.0803773731136506,-5.18754335665235
19.775,-3.37172428181163,-0.0803773731136506,-5.19772959569685
19.7775,-3.37681873966484,-0.0803773731136506,-5.1824502371301
19.78,-3.39719657107768,-0.0803773731136506,-5.19772959569685
19.7825,-3.38191319751805,-0.0803773731136506,-5.2028227152191
19.785,-3.38191319751805,-0.0803773731136506,-5.19772959569685
19.7875,-3.39719657107768,-0.0803773731136506,-5.2028227152191
19.79,-3.41757440249052,-0.0803773731136506,-0.0995169539250416
19.7925,-3.41757440249052,-0.0803773731136506,-5.17735711760785
19.795,-3.356440908252,-0.0803773731136506,-5.13151904190761
19.7975,-3.356440908252,-0.0803773731136506,-5.13151904190761
19.8,-3.356440908252,-0.0854730659194392,-5.15698463951886
19.8025,-3.38191319751805,-0.0803773731136506,-5.16207775904111
19.805,-3.37172428181163,-0.075281680307862,-5.16207775904111
19.8075,-3.38191319751805,-0.0803773731136506,-5.1722639980856
19.81,-3.38191319751805,-0.0803773731136506,-5.18754335665235
19.8125,-3.38191319751805,-0.0803773731136506,-5.2333814323526
19.815,-3.38191319751805,-0.0803773731136506,-5.17735711760785
19.8175,-3.38700765537126,-0.0803773731136506,-5.12642592238536
19.82,-3.39210211322447,-0.0803773731136506,-5.12133280286311
19.8225,-3.41757440249052,-0.0803773731136506,-5.2435676713971
19.825,-3.40229102893089,-0.0803773731136506,-5.2333814323526
19.8275,-3.40229102893089,-0.0803773731136506,-5.1824502371301
19.83,-3.42266886034373,-0.0803773731136506,-5.17735711760785
19.8325,-3.43795223390337,-0.0803773731136506,-5.1722639980856
19.835,-3.41757440249052,-0.075281680307862,-5.17735711760785
19.8375,-3.42776331819694,-0.0803773731136506,-5.16717087856335
19.84,-3.43285777605016,-0.0803773731136506,-5.20791583474135
19.8425,-3.44304669175658,-0.0803773731136506,-5.15189151999661
19.845,-3.44814114960979,-0.0803773731136506,-5.24866079091935
19.8475,-3.45833006531621,-0.0803773731136506,-5.1722639980856
19.85,-3.48889681243547,-0.0803773731136506,-5.1824502371301
19.8525,-3.48380235458226,-0.0803773731136506,-5.1722639980856
19.855,-3.48380235458226,-0.0803773731136506,-5.1722639980856
19.8575,-3.48889681243547,-0.0803773731136506,-5.14679840047436
19.86,-3.53984139096758,-0.0803773731136506,-5.15189151999661
19.8625,-3.51946355955474,-0.0803773731136506,-5.14170528095211
19.865,-3.48889681243547,-0.0803773731136506,-5.14679840047436
19.8675,-3.49399127028868,-0.0803773731136506,-5.13661216142986
19.87,-3.48889681243547,-0.0803773731136506,-5.14679840047436
19.8725,-3.49399127028868,-0.0803773731136506,-5.14679840047436
19.875,-3.48889681243547,-0.0803773731136506,-5.13151904190761
19.8775,-3.48889681243547,-0.0803773731136506,-5.33015070327534
19.88,-3.48380235458226,-0.0803773731136506,-5.35561630088659
19.8825,-3.50927464384831,-0.0803773731136506,-5.16207775904111
19.885,-3.50927464384831,-0.0803773731136506,-5.2333814323526
19.8875,-3.51436910170153,-0.0803773731136506,-5.20791583474135
19.89,-3.48889681243547,-0.0803773731136506,-5.31996446423084
19.8925,-3.48380235458226,-0.0803773731136506,-5.18754335665235
19.895,-3.48889681243547,-0.0803773731136506,-5.2435676713971
19.8975,-3.48889681243547,-0.0803773731136506,-5.24866079091935
19.9,-3.49399127028868,-0.0803773731136506,-5.28940574709734
19.9025,-3.453235607463,-0.0803773731136506,-5.23847455187485
19.905,-3.48380235458226,-0.0803773731136506,-5.2333814323526
19.9075,-3.47870789672905,-0.0803773731136506,-5.2537539104416
19.91,-3.47870789672905,-0.0803773731136506,-5.24866079091935
19.9125,-3.43285777605016,-0.0803773731136506,-5.24866079091935
19.915,-3.43285777605016,-0.0803773731136506,-0.0995169539250416
19.9175,-3.43795223390337,-0.0803773731136506,-5.2028227152191
19.92,-3.44814114960979,-0.0803773731136506,-5.20791583474135
19.9225,-3.41757440249052,-0.0803773731136506,-5.20791583474135
19.925,-3.42266886034373,-0.0803773731136506,-5.39126813754234
19.9275,-3.42776331819694,-0.0803773731136506,-5.25884702996385
19.93,-3.43285777605016,-0.0803773731136506,-5.35561630088659
19.9325,-3.42776331819694,-0.0803773731136506,-5.33524382279759
19.935,-3.41757440249052,-0.0803773731136506,-5.30468510566409
19.9375,-3.41757440249052,-0.0803773731136506,-5.24866079091935
19.94,-3.43795223390337,-0.075281680307862,-5.2741263885306
19.9425,-3.41757440249052,-0.0803773731136506,-5.24866079091935
19.945,-3.42266886034373,-0.0803773731136506,-5.29959198614184
19.9475,-3.45833006531621,-0.0803773731136506,-5.42182685467583
19.95,-3.46342452316942,-0.0803773731136506,-5.25884702996385
19.9525,-3.46851898102263,-0.075281680307862,-5.2741263885306
19.955,-3.46851898102263,-0.0803773731136506,-5.26903326900835
19.9575,-3.44814114960979,-0.0803773731136506,-5.2639401494861
19.96,-3.45833006531621,-0.0803773731136506,-5.2333814323526
19.9625,-3.46342452316942,-0.0803773731136506,-5.23847455187485
19.965,-3.48889681243547,-0.0803773731136506,-5.32505758375309
19.9675,-3.49908572814189,-0.0803773731136506,-5.24866079091935
19.97,-3.50927464384831,-0.0803773731136506,-5.30977822518634
19.9725,-3.50927464384831,-0.0803773731136506,-5.33524382279759
19.975,-3.57550259594005,-0.0803773731136506,-5.24866079091935
19.9775,-3.54493584882079,-0.0803773731136506,-5.28431262757509
19.98,-3.59078596949968,-0.0803773731136506,-5.29449886661959
19.9825,-3.58059705379326,-0.0803773731136506,-5.29449886661959
19.985,-3.58569151164647,-0.0803773731136506,-5.28940574709734
19.9875,-3.58569151164647,-0.0803773731136506,-5.28431262757509
19.99,-3.58569151164647,-0.0803773731136506,-5.2435676713971
19.9925,-3.6926751265639,-0.0803773731136506,-5.27921950805285
19.995,-3.71305295797674,-0.0803773731136506,-5.57462044034332
19.9975,-3.67229729515105,-0.0803773731136506,-5.72232090648856
20,-3.60606934305932,-0.0803773731136506,-5.71722778696631
20.0025,-3.67229729515105,-0.0803773731136506,-5.63573787461031
20.005,-3.68248621085748,-0.0803773731136506,-5.60008603795457
20.0075,-3.61116380091253,-0.0803773731136506,-5.60008603795457
20.01,-3.61625825876574,-0.0803773731136506,-5.58989979891007
20.0125,-3.65701392159142,-0.0803773731136506,-5.55424796225432
20.015,-3.66210837944463,-0.0803773731136506,-5.50331676703183
20.0175,-3.69776958441711,-0.0803773731136506,-5.81399705788905
20.02,-3.73852524724279,-0.0803773731136506,-5.44219933276483
20.0225,-3.66720283729784,-0.0803773731136506,-5.78343834075555
20.025,-3.66720283729784,-0.0803773731136506,-5.7783452212333
20.0275,-3.72833633153637,-0.0803773731136506,-5.38617501802009
20.03,-3.68248621085748,-0.0803773731136506,-5.65611035269931
20.0325,-3.69776958441711,-0.0803773731136506,-5.66120347222156
20.035,-3.66210837944463,-0.0803773731136506,-5.36580253993109
20.0375,-3.66720283729784,-0.0803773731136506,-5.34543006184209
20.04,-3.65701392159142,-0.0803773731136506,-5.63064475508807
20.0425,-3.67739175300426,-0.0803773731136506,-5.63064475508807
20.045,-3.62135271661895,-0.0803773731136506,-5.34033694231984
20.0475,-3.61116380091253,-0.0803773731136506,-5.33524382279759
20.05,-3.60097488520611,-0.0803773731136506,-5.33524382279759
20.0525,-3.59078596949968,-0.0803773731136506,-0.0995169539250416
20.055,-3.61116380091253,-0.0803773731136506,-5.77325210171105
20.0575,-3.60097488520611,-0.0803773731136506,-5.77325210171105
20.06,-3.57550259594005,-0.0803773731136506,-5.7579727431443
20.0625,-3.56531368023363,-0.0803773731136506,-5.76306586266655
20.065,-3.56021922238042,-0.0803773731136506,-5.41164061563133
20.0675,-3.550030306674,-0.0803773731136506,-5.41673373515358
20.07,-3.58059705379326,-0.0803773731136506,-5.7885314602778
20.0725,-3.52455801740795,-0.0803773731136506,-5.58989979891007
20.075,-3.51946355955474,-0.0803773731136506,-5.77325210171105
20.0775,-3.50927464384831,-0.0803773731136506,-5.64083099413256
20.08,-3.50927464384831,-0.0803773731136506,-5.67648283078831
20.0825,-3.51436910170153,-0.0803773731136506,-5.68157595031056
20.085,-3.51436910170153,-0.0803773731136506,-5.68157595031056
20.0875,-3.48380235458226,-0.0803773731136506,-0.10461007344729
20.09,-3.45833006531621,-0.0803773731136506,-0.0995169539250416
20.0925,-3.453235607463,-0.0803773731136506,-0.0995169539250416
20.095,-3.44814114960979,-0.075281680307862,-5.52368924512082
20.0975,-3.47361343887584,-0.0803773731136506,-5.49313052798733
20.1,-3.44304669175658,-0.0803773731136506,-5.83436953597805
20.1025,-3.44304669175658,-0.0803773731136506,-5.84455577502255
20.105,-3.44304669175658,-0.0803773731136506,-5.8496488945448
20.1075,-3.45833006531621,-0.0803773731136506,-5.7783452212333
20.11,-3.46342452316942,-0.0803773731136506,-5.40145437658683
20.1125,-3.46851898102263,-0.0803773731136506,-5.39126813754234
20.115,-3.5041801859951,-0.0803773731136506,-5.92604568737854
20.1175,-3.48380235458226,-0.0803773731136506,-5.38108189849784
20.12,-3.49399127028868,-0.0803773731136506,-5.39126813754234
20.1225,-3.56021922238042,-0.0803773731136506,-5.39636125706459
20.125,-3.52965247526116,-0.0803773731136506,-5.71722778696631
20.1275,-3.52455801740795,-0.0803773731136506,-5.38617501802009
20.13,-3.54493584882079,-0.0803773731136506,-5.36580253993109
20.1325,-3.54493584882079,-0.0854730659194392,-5.7885314602778
20.135,-3.62644717447216,-0.0803773731136506,-5.7579727431443
20.1375,-3.57550259594005,-0.0803773731136506,-5.67648283078831
20.14,-3.646825005885,-0.0803773731136506,-5.72741402601081
20.1425,-3.60606934305932,-0.0803773731136506,-5.65611035269931
20.145,-3.59588042735289,-0.0803773731136506,-5.68666906983281
20.1475,-3.59588042735289,-0.0803773731136506,-5.66120347222156
20.15,-3.646825005885,-0.0803773731136506,-5.66120347222156
20.1525,-3.62135271661895,-0.0803773731136506,-5.69176218935506
20.155,-3.64173054803179,-0.0803773731136506,-5.69685530887731
20.1575,-3.61116380091253,-0.0803773731136506,-5.67138971126606
20.16,-3.61625825876574,-0.0803773731136506,-5.39126813754234
20.1625,-3.62135271661895,-0.0803773731136506,-5.38108189849784
20.165,-3.69776958441711,-0.0803773731136506,-5.45747869133158
20.1675,-3.64173054803179,-0.0803773731136506,-5.44219933276483
20.17,-3.67229729515105,-0.0803773731136506,-5.45238557180933
20.1725,-3.62135271661895,-0.0803773731136506,-5.53387548416532
20.175,-3.646825005885,-0.0803773731136506,-5.49313052798733
20.1775,-3.646825005885,-0.0803773731136506,-5.44729245228708
20.18,-3.61116380091253,-0.0803773731136506,-5.44729245228708
20.1825,-3.60606934305932,-0.0803773731136506,-5.43710621324258
20.185,-3.62135271661895,-0.0803773731136506,-5.40145437658683
20.1875,-3.62135271661895,-0.0803773731136506,-5.39636125706459
20.19,-3.60097488520611,-0.0854730659194392,-5.71213466744406
20.1925,-3.58569151164647,-0.0803773731136506,-5.38108189849784
20.195,-3.58059705379326,-0.0803773731136506,-5.37598877897559
20.1975,-3.59078596949968,-0.0803773731136506,-5.70704154792181
20.2,-3.57550259594005,-0.0803773731136506,-5.70194842839956
20.2025,-3.57040813808684,-0.0803773731136506,-5.7783452212333
20.205,-3.57040813808684,-0.0803773731136506,-5.34033694231984
20.2075,-3.59078596949968,-0.0803773731136506,-5.79362457980005
20.21,-3.59078596949968,-0.0803773731136506,-5.42691997419808
20.2125,-3.67739175300426,-0.0803773731136506,-5.43201309372033
20.215,-3.646825005885,-0.0803773731136506,-5.68157595031056
20.2175,-3.76909199436206,-0.0803773731136506,-5.39636125706459
20.22,-3.646825005885,-0.0803773731136506,-5.44729245228708
20.2225,-3.65191946373821,-0.0803773731136506,-5.44219933276483
20.225,-3.646825005885,-0.0803773731136506,-5.46766493037608
20.2275,-3.68248621085748,-0.0803773731136506,-5.89548697024504
20.23,-3.71814741582995,-0.0803773731136506,-5.43201309372033
20.2325,-3.67229729515105,-0.0803773731136506,-5.44219933276483
20.235,-3.68248621085748,-0.0803773731136506,-5.70704154792181
20.2375,-3.65701392159142,-0.0803773731136506,-5.70194842839956
20.24,-3.68758066871069,-0.0803773731136506,-5.73760026505531
20.2425,-3.68758066871069,-0.0803773731136506,-5.44729245228708
20.245,-3.68248621085748,-0.0803773731136506,-5.40145437658683
20.2475,-3.68758066871069,-0.0803773731136506,-5.42182685467583
20.25,-3.6926751265639,-0.0803773731136506,-5.40145437658683
20.2525,-3.66210837944463,-0.0803773731136506,-5.40654749610908
20.255,-3.68758066871069,-0.0803773731136506,-5.8292764164558
20.2575,-3.72833633153637,-0.0803773731136506,-5.75287962362205
20.26,-3.72833633153637,-0.0803773731136506,-5.52368924512082
20.2625,-3.67739175300426,-0.0803773731136506,-5.45238557180933
20.265,-3.65701392159142,-0.0803773731136506,-5.44219933276483
20.2675,-3.72324187368316,-0.0803773731136506,-5.7987176993223
20.27,-3.69776958441711,-0.0803773731136506,-5.37089565945334
20.2725,-3.67229729515105,-0.0803773731136506,-5.37598877897559
20.275,-3.68758066871069,-0.075281680307862,-5.79362457980005
20.2775,-3.69776958441711,-0.0803773731136506,-5.80381081884455
20.28,-3.69776958441711,-0.0803773731136506,-5.7885314602778
20.2825,-3.68248621085748,-0.0803773731136506,-6.03809431686803
20.285,-3.67739175300426,-0.0803773731136506,-5.80381081884455
20.2875,-3.67229729515105,-0.0803773731136506,-5.83436953597805
20.29,-3.67229729515105,-0.0803773731136506,-5.76306586266655
20.2925,-3.67229729515105,-0.075281680307862,-5.40145437658683
20.295,-3.68248621085748,-0.0803773731136506,-5.41164061563133
20.2975,-3.63663609017858,-0.0803773731136506,-5.45747869133158
20.3,-3.63154163232537,-0.0803773731136506,-5.41673373515358
20.3025,-3.65701392159142,-0.0854730659194392,-5.44729245228708
20.305,-3.66210837944463,-0.0803773731136506,-5.45238557180933
20.3075,-3.67229729515105,-0.0803773731136506,-5.76306586266655
20.31,-3.68758066871069,-0.0803773731136506,-5.68666906983281
20.3125,-3.64173054803179,-0.0803773731136506,-5.79362457980005
20.315,-3.68758066871069,-0.0803773731136506,-5.7987176993223
20.3175,-3.71305295797674,-0.0803773731136506,-5.50840988655408
20.32,-3.70286404227032,-0.0803773731136506,-5.47785116942058
20.3225,-3.70286404227032,-0.0803773731136506,-5.47275804989833
20.325,-3.66720283729784,-0.0803773731136506,-5.8598351335893
20.3275,-3.66210837944463,-0.0803773731136506,-5.74269338457756
20.33,-3.66210837944463,-0.0803773731136506,-5.41673373515358
20.3325,-3.67739175300426,-0.0803773731136506,-5.42182685467583
20.335,-3.66720283729784,-0.075281680307862,-5.64083099413256
20.3375,-3.66210837944463,-0.0803773731136506,-5.8394626555003
20.34,-3.63154163232537,-0.0803773731136506,-5.83436953597805
20.3425,-3.63154163232537,-0.0803773731136506,-5.39636125706459
20.345,-3.61116380091253,-0.0803773731136506,-5.7681589821888
20.3475,-3.60097488520611,-0.0803773731136506,-5.56443420129882
20.35,-3.59588042735289,-0.0803773731136506,-5.74778650409981
20.3525,-3.59588042735289,-0.0803773731136506,-5.65611035269931
20.355,-3.57040813808684,-0.0803773731136506,-5.72232090648856
20.3575,-3.56021922238042,-0.0803773731136506,-5.35561630088659
20.36,-3.56021922238042,-0.0803773731136506,-5.7579727431443
20.3625,-3.53984139096758,-0.0803773731136506,-5.33015070327534
20.365,-3.50927464384831,-0.0803773731136506,-5.66120347222156
20.3675,-3.47870789672905,-0.0803773731136506,-5.73250714553306
20.37,-3.453235607463,-0.0803773731136506,-5.72232090648856
20.3725,-3.44304669175658,-0.0803773731136506,-5.68157595031056
20.375,-3.43285777605016,-0.0803773731136506,-5.72232090648856
20.3775,-3.42266886034373,-0.075281680307862,-5.76306586266655
20.38,-3.40229102893089,-0.0803773731136506,-5.7681589821888
20.3825,-3.39719657107768,-0.0803773731136506,-5.67648283078831
20.385,-3.39210211322447,-0.0803773731136506,-5.93113880690079
20.3875,-3.38700765537126,-0.0803773731136506,-5.68157595031056
20.39,-3.36662982395842,-0.0803773731136506,-5.69685530887731
20.3925,-3.36153536610521,-0.0803773731136506,-5.71213466744406
20.395,-3.356440908252,-0.0803773731136506,-5.75287962362205
20.3975,-3.356440908252,-0.0803773731136506,-5.8598351335893
20.4,-3.34625199254558,-0.0803773731136506,-5.8292764164558
20.4025,-3.34625199254558,-0.0803773731136506,-5.67138971126606
20.405,-3.31568524542631,-0.075281680307862,-5.7987176993223
20.4075,-3.3105907875731,-0.0803773731136506,-5.33015070327534
20.41,-3.29530741401347,-0.0803773731136506,-5.66629659174381
20.4125,-3.259646209041,-0.0803773731136506,-5.66120347222156
20.415,-3.25455175118779,-0.0803773731136506,-5.71722778696631
20.4175,-3.27492958260063,-0.0803773731136506,-5.29449886661959
20.42,-3.259646209041,-0.0803773731136506,-5.7885314602778
20.4225,-3.259646209041,-0.0803773731136506,-5.61536539652132
20.425,-3.25455175118779,-0.0803773731136506,-5.64592411365481
20.4275,-3.24945729333457,-0.0803773731136506,-5.66120347222156
20.43,-3.23926837762815,-0.0803773731136506,-5.63573787461031
20.4325,-3.22907946192173,-0.0803773731136506,-5.61536539652132
20.435,-3.21889054621531,-0.0803773731136506,-5.61536539652132
20.4375,-3.2137960883621,-0.0803773731136506,-5.61536539652132
20.44,-3.22907946192173,-0.0803773731136506,-5.70704154792181
20.4425,-3.23926837762815,-0.0803773731136506,-5.71722778696631
20.445,-3.23417391977494,-0.0803773731136506,-5.45747869133158
20.4475,-3.18322934124284,-0.0803773731136506,-5.24866079091935
20.45,-3.17813488338963,-0.0803773731136506,-5.58989979891007
20.4525,-3.17813488338963,-0.0803773731136506,-5.57971355986557
20.455,-3.17813488338963,-0.0803773731136506,-5.58989979891007
20.4575,-3.18322934124284,-0.0803773731136506,-5.58989979891007
20.46,-3.19851271480247,-0.0803773731136506,-5.53387548416532
20.4625,-3.18832379909605,-0.0803773731136506,-5.53387548416532
20.465,-3.18832379909605,-0.075281680307862,-5.26903326900835
20.4675,-3.19341825694926,-0.0803773731136506,-5.47785116942058
20.47,-3.19341825694926,-0.0803773731136506,-5.49313052798733
20.4725,-3.19851271480247,-0.0803773731136506,-5.48294428894283
20.475,-3.18322934124284,-0.0803773731136506,-5.2741263885306
20.4775,-3.18322934124284,-0.0803773731136506,-5.55424796225432
20.48,-3.20870163050889,-0.0803773731136506,-5.63064475508807
20.4825,-3.18322934124284,-0.0803773731136506,-5.62555163556582
20.485,-3.17813488338963,-0.0803773731136506,-5.40145437658683
20.4875,-3.19341825694926,-0.0803773731136506,-5.39636125706459
20.49,-3.17813488338963,-0.0803773731136506,-5.18754335665235
20.4925,-3.15775705197678,-0.0803773731136506,-5.1722639980856
20.495,-3.15775705197678,-0.0803773731136506,-5.2028227152191
20.4975,-3.16794596768321,-0.0803773731136506,-5.26903326900835
20.5,-3.17304042553642,-0.0803773731136506,-5.2028227152191
20.5025,-3.20870163050889,-0.0803773731136506,-5.19772959569685
20.505,-3.21889054621531,-0.0803773731136506,-5.1824502371301
20.5075,-3.14756813627036,-0.0803773731136506,-5.65611035269931
20.51,-3.19851271480247,-0.0803773731136506,-5.48803740846508
20.5125,-3.15775705197678,-0.0803773731136506,-5.48294428894283
20.515,-3.14756813627036,-0.0803773731136506,-5.45238557180933
20.5175,-3.13737922056394,-0.0803773731136506,-5.72232090648856
20.52,-3.13737922056394,-0.0803773731136506,-5.22828831283035
20.5225,-3.13737922056394,-0.0803773731136506,-5.2333814323526
20.525,-3.14247367841715,-0.0803773731136506,-5.31996446423084
20.5275,-3.13737922056394,-0.0803773731136506,-5.1926364761746
20.53,-3.14247367841715,-0.0803773731136506,-5.2028227152191
20.5325,-3.14247367841715,-0.0803773731136506,-5.7579727431443
20.535,-3.15775705197678,-0.0803773731136506,-5.20791583474135
20.5375,-3.15775705197678,-0.0803773731136506,-5.24866079091935
20.54,-3.16285150982999,-0.0803773731136506,-5.1824502371301
20.5425,-3.18832379909605,-0.0803773731136506,-5.2028227152191
20.545,-3.12209584700431,-0.0803773731136506,-5.20791583474135
20.5475,-3.20360717265568,-0.0803773731136506,-5.17735711760785
20.55,-3.1170013891511,-0.0803773731136506,-5.17735711760785
20.5525,-3.1170013891511,-0.0803773731136506,-5.17735711760785
20.555,-3.14247367841715,-0.0803773731136506,-0.0995169539250416
20.5575,-3.14247367841715,-0.0803773731136506,-5.16717087856335
20.56,-3.1170013891511,-0.0803773731136506,-5.11114656381861
20.5625,-3.14756813627036,-0.0803773731136506,-5.63573787461031
20.565,-3.15775705197678,-0.0803773731136506,-5.62045851604357
20.5675,-3.17304042553642,-0.0803773731136506,-5.61536539652132
20.57,-3.18322934124284,-0.0803773731136506,-5.30468510566409
20.5725,-3.24436283548136,-0.0803773731136506,-5.11114656381861
20.575,-3.25455175118779,-0.0803773731136506,-5.11623968334086
20.5775,-3.31568524542631,-0.0803773731136506,-5.10605344429636
20.58,-3.30549632971989,-0.0803773731136506,-5.12133280286311
20.5825,-3.33606307683915,-0.0803773731136506,-5.16207775904111
20.585,-3.34115753469236,-0.0803773731136506,-5.13661216142986
20.5875,-3.33096861898594,-0.0803773731136506,-5.15698463951886
20.59,-3.356440908252,-0.0803773731136506,-5.22828831283035
20.5925,-3.37172428181163,-0.0803773731136506,-5.34033694231984
20.595,-3.38191319751805,-0.0803773731136506,-5.33524382279759
20.5975,-3.36662982395842,-0.0803773731136506,-5.34543006184209
20.6,-3.32077970327952,-0.0803773731136506,-0.10461007344729
20.6025,-3.31568524542631,-0.0803773731136506,-5.16717087856335
20.605,-3.37172428181163,-0.0803773731136506,-5.2741263885306
20.6075,-3.28002404045384,-0.0803773731136506,-5.14170528095211
20.61,-3.27492958260063,-0.0803773731136506,-5.13151904190761
20.6125,-3.26983512474742,-0.0803773731136506,-5.16717087856335
20.615,-3.26474066689421,-0.0803773731136506,-5.14679840047436
20.6175,-3.26474066689421,-0.0803773731136506,-5.15189151999661
20.62,-3.25455175118779,-0.0803773731136506,-5.12642592238536
20.6225,-3.25455175118779,-0.0803773731136506,-5.15189151999661
20.625,-3.25455175118779,-0.0803773731136506,-5.12642592238536
20.6275,-3.24436283548136,-0.0803773731136506,-5.11114656381861
20.63,-3.24436283548136,-0.0803773731136506,-5.11623968334086
20.6325,-3.20360717265568,-0.0803773731136506,-5.11114656381861
20.635,-3.20870163050889,-0.075281680307862,-5.11623968334086
20.6375,-3.20870163050889,-0.0803773731136506,-5.2639401494861
20.64,-3.26983512474742,-0.0803773731136506,-5.15189151999661
20.6425,-3.04567897920615,-0.0803773731136506,-5.12133280286311
20.645,-3.06096235276578,-0.0803773731136506,-5.23847455187485
20.6475,-3.0711512684722,-0.0803773731136506,-5.2130089542636
20.65,-3.06605681061899,-0.0803773731136506,-5.1824502371301
20.6525,-0.0908934243440065,-0.0803773731136506,-5.16717087856335
20.655,-0.0959878821972175,-0.0803773731136506,-5.2028227152191
20.6575,-0.0959878821972175,-0.0803773731136506,-5.2130089542636
20.66,-0.0959878821972175,-0.0803773731136506,-5.29959198614184
20.6625,-2.90812861716946,-0.0803773731136506,-5.29449886661959
20.665,-2.90812861716946,-0.0803773731136506,-5.29449886661959
20.6675,-2.94888427999515,-0.0803773731136506,-5.2537539104416
20.67,-2.88775078575662,-0.0803773731136506,-5.2231951933081
20.6725,-2.88775078575662,-0.0803773731136506,-5.2231951933081
20.675,-2.88775078575662,-0.0803773731136506,-5.38617501802009
20.6775,-2.90303415931625,-0.0803773731136506,-5.1722639980856
20.68,-3.19341825694926,-0.0803773731136506,-5.1722639980856
20.6825,-3.18832379909605,-0.0803773731136506,-5.1824502371301
20.685,-3.20360717265568,-0.0803773731136506,-5.2028227152191
20.6875,-3.17813488338963,-0.0803773731136506,-5.2130089542636
20.69,-3.18322934124284,-0.0803773731136506,-5.2028227152191
20.6925,-3.20870163050889,-0.0803773731136506,-0.0995169539250416
20.695,-3.259646209041,-0.0803773731136506,-5.27921950805285
20.6975,-3.23926837762815,-0.0803773731136506,-5.23847455187485
20.7,-3.22907946192173,-0.0803773731136506,-5.20791583474135
20.7025,-3.30549632971989,-0.0803773731136506,-5.35052318136434
20.705,-3.3105907875731,-0.0803773731136506,-5.34543006184209
20.7075,-3.33606307683915,-0.0803773731136506,-5.19772959569685
20.71,-3.33606307683915,-0.0803773731136506,-5.34033694231984
20.7125,-3.23926837762815,-0.0803773731136506,-5.33524382279759
20.715,-3.22398500406852,-0.0803773731136506,-5.2231951933081
20.7175,-3.22907946192173,-0.0803773731136506,-5.21810207378585
20.72,-3.18322934124284,-0.0803773731136506,-5.25884702996385
20.7225,-3.19851271480247,-0.0803773731136506,-5.22828831283035
20.725,-3.19851271480247,-0.0803773731136506,-5.21810207378585
20.7275,-3.19341825694926,-0.0803773731136506,-5.23847455187485
20.73,-3.19341825694926,-0.075281680307862,-5.2435676713971
20.7325,-3.20870163050889,-0.0803773731136506,-5.2333814323526
20.735,-3.18322934124284,-0.0803773731136506,-5.24866079091935
20.7375,-3.24945729333457,-0.0803773731136506,-5.27921950805285
20.74,-3.23926837762815,-0.0803773731136506,-5.2231951933081
20.7425,-3.20360717265568,-0.0803773731136506,-5.2130089542636
20.745,-3.20360717265568,-0.0803773731136506,-5.2435676713971
20.7475,-3.20870163050889,-0.0803773731136506,-5.21810207378585
20.75,-3.23926837762815,-0.0803773731136506,-5.22828831283035
20.7525,-3.24436283548136,-0.0803773731136506,-5.22828831283035
20.755,-3.23926837762815,-0.0803773731136506,-5.22828831283035
20.7575,-3.15775705197678,-0.0803773731136506,-5.23847455187485
20.76,-3.18322934124284,-0.0803773731136506,-5.2028227152191
20.7625,-3.15266259412357,-0.0803773731136506,-5.2333814323526
20.765,-3.15775705197678,-0.0803773731136506,-5.23847455187485
20.7675,-3.14756813627036,-0.0803773731136506,-5.22828831283035
20.77,-3.17304042553642,-0.0803773731136506,-5.21810207378585
20.7725,-3.17813488338963,-0.0803773731136506,-5.2231951933081
20.775,-3.1170013891511,-0.0803773731136506,-5.2130089542636
20.7775,-3.13737922056394,-0.0854730659194392,-5.30977822518634
20.78,-3.15775705197678,-0.0803773731136506,-5.28940574709734
20.7825,-3.10681247344468,-0.0803773731136506,-5.2435676713971
20.785,-3.11190693129789,-0.0803773731136506,-5.20791583474135
20.7875,-3.1170013891511,-0.0803773731136506,-5.28431262757509
20.79,-3.13228476271073,-0.0803773731136506,-5.2435676713971
20.7925,-3.15266259412357,-0.0803773731136506,-5.2537539104416
20.795,-3.12719030485752,-0.0803773731136506,-5.24866079091935
20.7975,-3.1170013891511,-0.0803773731136506,-5.21810207378585
20.8,-3.11190693129789,-0.0803773731136506,-5.21810207378585
20.8025,-3.1170013891511,-0.0803773731136506,-5.21810207378585
20.805,-3.1170013891511,-0.0803773731136506,-5.35052318136434
20.8075,-3.12719030485752,-0.0803773731136506,-5.23847455187485
20.81,-3.1170013891511,-0.0803773731136506,-5.2537539104416
20.8125,-3.13228476271073,-0.0803773731136506,-5.2537539104416
20.815,-3.14756813627036,-0.0803773731136506,-5.2639401494861
20.8175,-3.1170013891511,-0.0803773731136506,-5.30468510566409
20.82,-3.21889054621531,-0.0803773731136506,-5.28431262757509
20.8225,-3.16285150982999,-0.0803773731136506,-5.29959198614184
20.825,-3.15775705197678,-0.0803773731136506,-5.29959198614184
20.8275,-3.13737922056394,-0.0803773731136506,-5.28431262757509
20.83,-3.14247367841715,-0.0803773731136506,-5.34543006184209
20.8325,-3.15775705197678,-0.075281680307862,-5.33524382279759
20.835,-3.13737922056394,-0.0803773731136506,-5.34543006184209
20.8375,-3.19851271480247,-0.0803773731136506,-5.32505758375309
20.84,-3.17304042553642,-0.0803773731136506,-5.29959198614184
20.8425,-3.13737922056394,-0.0803773731136506,-5.29959198614184
20.845,-3.11190693129789,-0.0803773731136506,-5.30468510566409
20.8475,-3.13737922056394,-0.0803773731136506,-5.30468510566409
20.85,-3.12209584700431,-0.0803773731136506,-5.30468510566409
20.8525,-3.12719030485752,-0.0803773731136506,-5.34033694231984
20.855,-3.13737922056394,-0.0803773731136506,-5.40145437658683
20.8575,-3.15266259412357,-0.0803773731136506,-5.34543006184209
20.86,-3.14756813627036,-0.0803773731136506,-5.34033694231984
20.8625,-3.22398500406852,-0.0803773731136506,-5.28431262757509
20.865,-3.19341825694926,-0.0803773731136506,-5.25884702996385
20.8675,-3.19851271480247,-0.0803773731136506,-5.26903326900835
20.87,-3.19851271480247,-0.0803773731136506,-5.30977822518634
20.8725,-3.19851271480247,-0.0803773731136506,-5.33015070327534
20.875,-0.0959878821972175,-0.0803773731136506,-5.35052318136434
20.8775,-0.0908934243440065,-0.0803773731136506,-5.30977822518634
20.88,-3.23926837762815,-0.0803773731136506,-5.33524382279759
20.8825,-3.47361343887584,-0.0803773731136506,-5.29449886661959
20.885,-3.52965247526116,-0.0803773731136506,-5.29959198614184
20.8875,-3.52965247526116,-0.0803773731136506,-5.29449886661959
20.89,-3.56531368023363,-0.0803773731136506,-5.30977822518634
20.8925,-3.550030306674,-0.0803773731136506,-5.34033694231984
20.895,-3.55512476452721,-0.0803773731136506,-5.31487134470859
20.8975,-3.58569151164647,-0.0803773731136506,-5.34033694231984
20.9,-3.43285777605016,-0.0803773731136506,-5.32505758375309
20.9025,-3.45833006531621,-0.0803773731136506,-5.39126813754234
20.905,-3.43795223390337,-0.0803773731136506,-5.34033694231984
20.9075,-3.45833006531621,-0.0803773731136506,-5.33015070327534
20.91,-3.48380235458226,-0.0803773731136506,-5.34033694231984
20.9125,-3.41757440249052,-0.0803773731136506,-5.35052318136434
20.915,-3.52965247526116,-0.0803773731136506,-5.36580253993109
20.9175,-3.49908572814189,-0.0803773731136506,-5.33015070327534
20.92,-3.48380235458226,-0.0803773731136506,-5.34033694231984
20.9225,-3.48380235458226,-0.0803773731136506,-5.34033694231984
20.925,-3.49908572814189,-0.0803773731136506,-5.32505758375309
20.9275,-3.56021922238042,-0.0803773731136506,-5.36580253993109
20.93,-3.57040813808684,-0.0803773731136506,-5.34033694231984
20.9325,-3.53984139096758,-0.0803773731136506,-5.38108189849784
20.935,-3.51946355955474,-0.0803773731136506,-5.36580253993109
20.9375,-3.49908572814189,-0.0803773731136506,-5.34543006184209
20.94,-3.5041801859951,-0.0803773731136506,-5.37089565945334
20.9425,-3.49908572814189,-0.0803773731136506,-5.35561630088659
20.945,-3.50927464384831,-0.0803773731136506,-5.37089565945334
20.9475,-3.453235607463,-0.0803773731136506,-5.35052318136434
20.95,-3.45833006531621,-0.0803773731136506,-5.35561630088659
20.9525,-3.43795223390337,-0.0803773731136506,-5.33524382279759
20.955,-3.39210211322447,-0.0803773731136506,-5.32505758375309
20.9575,-3.48380235458226,-0.0803773731136506,-5.33524382279759
20.96,-3.46342452316942,-0.0803773731136506,-5.32505758375309
20.9625,-3.42266886034373,-0.0803773731136506,-5.31996446423084
20.965,-3.42776331819694,-0.0803773731136506,-5.30977822518634
20.9675,-3.4073854867841,-0.075281680307862,-5.31996446423084
20.97,-3.39210211322447,-0.0803773731136506,-5.29959198614184
20.9725,-3.37172428181163,-0.0803773731136506,-5.35561630088659
20.975,-3.356440908252,-0.0803773731136506,-5.34033694231984
20.9775,-3.49908572814189,-0.0803773731136506,-5.34033694231984
20.98,-3.56021922238042,-0.0803773731136506,-5.34033694231984
20.9825,-3.46342452316942,-0.0803773731136506,-5.33524382279759
20.985,-3.46342452316942,-0.0803773731136506,-5.33524382279759
20.9875,-3.5041801859951,-0.0803773731136506,-5.33524382279759
20.99,-3.43795223390337,-0.0803773731136506,-5.34543006184209
20.9925,-3.39719657107768,-0.0803773731136506,-5.34033694231984
20.995,-3.37681873966484,-0.0803773731136506,-5.35561630088659
20.9975,-3.4073854867841,-0.0803773731136506,-5.34033694231984
21,-3.42776331819694,-0.0803773731136506,-5.34033694231984
21.0025,-3.42266886034373,-0.0803773731136506,-5.38617501802009
21.005,-3.38191319751805,-0.0803773731136506,-5.39636125706459
21.0075,-3.34625199254558,-0.0803773731136506,-5.41164061563133
21.01,-3.38191319751805,-0.0803773731136506,-5.36580253993109
21.0125,-3.39210211322447,-0.0803773731136506,-5.32505758375309
21.015,-3.40229102893089,-0.0803773731136506,-5.39126813754234
21.0175,-3.36662982395842,-0.0803773731136506,-5.34033694231984
21.02,-3.38191319751805,-0.0803773731136506,-5.35052318136434
21.0225,-3.38191319751805,-0.0803773731136506,-5.33524382279759
21.025,-3.33606307683915,-0.0803773731136506,-5.54406172320982
21.0275,-3.32077970327952,-0.0803773731136506,-5.32505758375309
21.03,-3.38191319751805,-0.0803773731136506,-5.34543006184209
21.0325,-3.31568524542631,-0.0803773731136506,-5.62555163556582
21.035,-3.29021295616026,-0.0803773731136506,-5.64083099413256
21.0375,-3.31568524542631,-0.0803773731136506,-5.42691997419808
21.04,-3.26474066689421,-0.075281680307862,-5.30468510566409
21.0425,-3.24945729333457,-0.0803773731136506,-5.44729245228708
21.045,-3.25455175118779,-0.0803773731136506,-5.43201309372033
21.0475,-3.25455175118779,-0.0803773731136506,-5.33524382279759
21.05,-0.0959878821972175,-0.0854730659194392,-5.50331676703183
21.0525,-3.49399127028868,-0.0803773731136506,-5.39636125706459
21.055,-3.45833006531621,-0.0803773731136506,-5.45238557180933
21.0575,-3.43795223390337,-0.0803773731136506,-5.66120347222156
21.06,-3.46342452316942,-0.0803773731136506,-5.40145437658683
21.0625,-3.43795223390337,-0.0803773731136506,-5.44729245228708
21.065,-3.42266886034373,-0.0803773731136506,-5.41673373515358
21.0675,-3.42266886034373,-0.0803773731136506,-5.42182685467583
21.07,-3.37172428181163,-0.0803773731136506,-5.39126813754234
21.0725,-3.36153536610521,-0.0803773731136506,-5.41673373515358
21.075,-3.36153536610521,-0.0803773731136506,-5.69685530887731
21.0775,-3.36153536610521,-0.0803773731136506,-5.64592411365481
21.08,-3.36153536610521,-0.0803773731136506,-5.63064475508807
21.0825,-3.36153536610521,-0.0803773731136506,-5.43201309372033
21.085,-0.0959878821972175,-0.0803773731136506,-5.60517915747682
21.0875,-0.0908934243440065,-0.0803773731136506,-5.44219933276483
21.09,-0.0959878821972175,-0.0803773731136506,-5.63064475508807
21.0925,-0.0959878821972175,-0.0803773731136506,-5.44729245228708
21.095,-3.82513103074737,-0.0854730659194392,-5.52878236464307
21.0975,-3.72833633153637,-0.0803773731136506,-5.46257181085383
21.1,-3.73852524724279,-0.0803773731136506,-5.64083099413256
21.1025,-3.67229729515105,-0.0803773731136506,-5.86492825311154
21.105,-3.77928091006848,-0.0803773731136506,-5.52368924512082
21.1075,-3.75890307865563,-0.0803773731136506,-5.61027227699907
21.11,-3.743619705096,-0.075281680307862,-5.65611035269931
21.1125,-3.70795850012353,-0.0803773731136506,-5.53387548416532
21.115,-3.70286404227032,-0.0803773731136506,-5.71722778696631
21.1175,-3.71814741582995,-0.0803773731136506,-5.49822364750958
21.12,-3.71305295797674,-0.0803773731136506,-5.50840988655408
21.1225,-3.71305295797674,-0.0803773731136506,-5.47275804989833
21.125,-3.71305295797674,-0.0803773731136506,-5.61027227699907
21.1275,-3.72833633153637,-0.0803773731136506,-5.52878236464307
21.13,-3.69776958441711,-0.0803773731136506,-5.49822364750958
21.1325,-3.7894698257749,-0.0803773731136506,-5.49313052798733
21.135,-3.78437536792169,-0.0803773731136506,-5.60517915747682
21.1375,-3.74871416294921,-0.0803773731136506,-5.67138971126606
21.14,-3.74871416294921,-0.0803773731136506,-5.70704154792181
21.1425,-3.75890307865563,-0.0803773731136506,-5.71722778696631
21.145,-3.7894698257749,-0.0803773731136506,-5.72232090648856
21.1475,-3.75890307865563,-0.0803773731136506,-5.72232090648856
21.15,-3.75380862080242,-0.0803773731136506,-5.45747869133158
21.1525,-3.77928091006848,-0.0803773731136506,-5.81399705788905
21.155,-3.83022548860058,-0.0803773731136506,-5.66120347222156
21.1575,-3.81494211504095,-0.0803773731136506,-5.68157595031056
21.16,-3.83022548860058,-0.0803773731136506,-5.72232090648856
21.1625,-3.77928091006848,-0.0803773731136506,-5.73250714553306
21.165,-3.78437536792169,-0.0803773731136506,-5.72741402601081
21.1675,-3.77928091006848,-0.0803773731136506,-5.7885314602778
21.17,-3.79965874148132,-0.0803773731136506,-5.63573787461031
21.1725,-3.79965874148132,-0.0803773731136506,-5.7783452212333
21.175,-3.77928091006848,-0.0803773731136506,-5.71722778696631
21.1775,-3.77928091006848,-0.0803773731136506,-5.62555163556582
21.18,-3.82513103074737,-0.0803773731136506,-5.62555163556582
21.1825,-3.84550886216021,-0.0803773731136506,-5.61536539652132
21.185,-3.83022548860058,-0.0803773731136506,-5.65101723317706
21.1875,-3.77928091006848,-0.0803773731136506,-5.70194842839956
21.19,-3.80475319933453,-0.075281680307862,-5.86492825311154
21.1925,-3.79965874148132,-0.0803773731136506,-5.60517915747682
21.195,-3.80984765718774,-0.0803773731136506,-5.83436953597805
21.1975,-3.81494211504095,-0.0803773731136506,-5.70194842839956
21.2,-3.79965874148132,-0.0803773731136506,-5.72232090648856
21.2025,-3.80475319933453,-0.0803773731136506,-5.65611035269931
21.205,-3.87607560927948,-0.075281680307862,-5.58989979891007
21.2075,-3.85060332001342,-0.0803773731136506,-5.7579727431443
21.21,-3.85060332001342,-0.0803773731136506,-5.74778650409981
21.2125,-3.85569777786664,-0.0803773731136506,-5.60008603795457
21.215,-3.86588669357306,-0.0803773731136506,-5.7681589821888
21.2175,-3.86079223571985,-0.0803773731136506,-5.76306586266655
21.22,-3.89645344069232,-0.0803773731136506,-5.71213466744406
21.2225,-3.87098115142627,-0.0803773731136506,-5.73250714553306
21.225,-3.86588669357306,-0.0803773731136506,-5.7681589821888
21.2275,-3.92192572995837,-0.0803773731136506,-5.73250714553306
21.23,-3.84550886216021,-0.0803773731136506,-5.73250714553306
21.2325,-3.86588669357306,-0.0803773731136506,-5.70704154792181
21.235,-3.840414404307,-0.0803773731136506,-5.63573787461031
21.2375,-3.840414404307,-0.0803773731136506,-5.56952732082107
21.24,-3.84550886216021,-0.0803773731136506,-5.54406172320982
21.2425,-3.840414404307,-0.0803773731136506,-5.82418329693355
21.245,-3.92192572995837,-0.0803773731136506,-5.84455577502255
21.2475,-3.90154789854553,-0.0803773731136506,-5.49822364750958
21.25,-3.93211464566479,-0.0803773731136506,-5.73250714553306
21.2525,-3.95249247707764,-0.0803773731136506,-5.70704154792181
21.255,-3.96268139278406,-0.0803773731136506,-5.68666906983281
21.2575,-3.96268139278406,-0.0803773731136506,-5.72232090648856
21.26,-3.94739801922443,-0.0803773731136506,-5.66629659174381
21.2625,-3.94739801922443,-0.0803773731136506,-5.67138971126606
21.265,-3.94739801922443,-0.0803773731136506,-5.66120347222156
21.2675,-3.96777585063727,-0.0803773731136506,-0.114796312491791
21.27,-3.9830592241969,-0.0803773731136506,-5.8190901774113
21.2725,-3.94739801922443,-0.0803773731136506,-5.70704154792181
21.275,-3.94230356137122,-0.0803773731136506,-5.71213466744406
21.2775,-3.94739801922443,-0.0803773731136506,-5.78343834075555
21.28,-3.94230356137122,-0.0803773731136506,-5.68157595031056
21.2825,-3.94230356137122,-0.0803773731136506,-5.67138971126606
21.285,-3.94230356137122,-0.0803773731136506,-5.66629659174381
21.2875,-3.94230356137122,-0.0803773731136506,-5.67648283078831
21.29,-3.99324813990332,-0.0803773731136506,-5.65611035269931
21.2925,-3.94739801922443,-0.0803773731136506,-5.64592411365481
21.295,-3.94230356137122,-0.0803773731136506,-5.65101723317706
21.2975,-4.01872042916937,-0.0803773731136506,-0.114796312491791
21.3,-3.99324813990332,-0.0803773731136506,-0.10461007344729
21.3025,-3.99324813990332,-0.0803773731136506,-0.0995169539250416
21.305,-3.96777585063727,-0.0803773731136506,-0.0995169539250416
21.3075,-4.01872042916937,-0.0803773731136506,-0.0995169539250416
21.31,-4.0289093448758,-0.0803773731136506,-5.92604568737854
21.3125,-4.05438163414185,-0.0803773731136506,-5.7783452212333
21.315,-4.02381488702258,-0.0803773731136506,-5.87002137263379
21.3175,-3.98815368205011,-0.0803773731136506,-5.88020761167829
21.32,-3.98815368205011,-0.0803773731136506,-5.87002137263379
21.3225,-3.92192572995837,-0.0803773731136506,-0.119889432014039
21.325,-3.91683127210516,-0.0803773731136506,-0.0995169539250416
21.3275,-3.91683127210516,-0.0854730659194392,-5.8394626555003
21.33,-3.91173681425195,-0.0803773731136506,-5.67138971126606
21.3325,-3.90664235639874,-0.0803773731136506,-5.67138971126606
21.335,-3.90664235639874,-0.0803773731136506,-5.7579727431443
21.3375,-3.86079223571985,-0.0803773731136506,-5.84455577502255
21.34,-3.86588669357306,-0.0803773731136506,-5.68666906983281
21.3425,-3.86588669357306,-0.0803773731136506,-5.71213466744406
21.345,-3.840414404307,-0.0803773731136506,-5.77325210171105
21.3475,-3.83531994645379,-0.0803773731136506,-5.74778650409981
21.35,-3.80475319933453,-0.0803773731136506,-5.7885314602778
21.3525,-3.76909199436206,-0.0854730659194392,-5.70704154792181
21.355,-3.76399753650884,-0.0803773731136506,-5.72232090648856
21.3575,-3.76399753650884,-0.0803773731136506,-5.88530073120054
21.36,-3.74871416294921,-0.0803773731136506,-5.90058008976729
21.3625,-3.73343078938958,-0.0803773731136506,-5.88530073120054
21.365,-3.73343078938958,-0.0803773731136506,-0.237031181025779
21.3675,-3.73343078938958,-0.0803773731136506,-5.80381081884455
21.37,-3.73343078938958,-0.0803773731136506,-5.81399705788905
21.3725,-3.75380862080242,-0.0854730659194392,-5.7783452212333
21.375,-3.73343078938958,-0.0803773731136506,-5.67138971126606
21.3775,-3.72833633153637,-0.0803773731136506,-5.66629659174381
21.38,-3.71814741582995,-0.0803773731136506,-5.35052318136434
21.3825,-3.743619705096,-0.0803773731136506,-5.36070942040884
21.385,-3.70286404227032,-0.0803773731136506,-5.65101723317706
21.3875,-3.69776958441711,-0.0803773731136506,-5.66120347222156
21.39,-3.68758066871069,-0.0803773731136506,-5.65611035269931
21.3925,-3.67229729515105,-0.0803773731136506,-5.70194842839956
21.395,-3.69776958441711,-0.0803773731136506,-5.69176218935506
21.3975,-3.66720283729784,-0.0803773731136506,-5.43201309372033
21.4,-3.66210837944463,-0.0803773731136506,-5.35052318136434
21.4025,-3.64173054803179,-0.0803773731136506,-5.37089565945334
21.405,-3.63154163232537,-0.0803773731136506,-5.63573787461031
21.4075,-3.64173054803179,-0.0803773731136506,-5.46257181085383
21.41,-3.60606934305932,-0.0803773731136506,-5.33015070327534
21.4125,-3.59588042735289,-0.0803773731136506,-5.29449886661959
21.415,-3.59588042735289,-0.0803773731136506,-5.28940574709734
21.4175,-3.58569151164647,-0.0803773731136506,-5.67648283078831
21.42,-3.57040813808684,-0.0803773731136506,-5.69685530887731
21.4225,-3.56531368023363,-0.0803773731136506,-5.27921950805285
21.425,-3.56021922238042,-0.0803773731136506,-5.27921950805285
21.4275,-3.53474693311437,-0.0803773731136506,-5.68157595031056
21.43,-3.53474693311437,-0.0854730659194392,-5.67648283078831
21.4325,-3.52455801740795,-0.0803773731136506,-5.71213466744406
21.435,-3.50927464384831,-0.0803773731136506,-5.76306586266655
21.4375,-3.47870789672905,-0.0803773731136506,-5.63573787461031
21.44,-3.47361343887584,-0.0803773731136506,-5.28940574709734
21.4425,-3.48889681243547,-0.0803773731136506,-5.77325210171105
21.445,-3.47870789672905,-0.075281680307862,-5.68666906983281
21.4475,-3.47361343887584,-0.0803773731136506,-5.67648283078831
21.45,-3.46851898102263,-0.0803773731136506,-5.30468510566409
21.4525,-3.46342452316942,-0.075281680307862,-5.29959198614184
21.455,-3.46342452316942,-0.0803773731136506,-5.2333814323526
21.4575,-3.46342452316942,-0.0803773731136506,-5.65611035269931
21.46,-3.48380235458226,-0.0803773731136506,-5.23847455187485
21.4625,-3.46342452316942,-0.075281680307862,-5.69685530887731
21.465,-3.51946355955474,-0.0803773731136506,-5.65611035269931
21.4675,-3.48380235458226,-0.0803773731136506,-5.66120347222156
21.47,-3.48380235458226,-0.0854730659194392,-5.67648283078831
21.4725,-3.49908572814189,-0.0803773731136506,-5.84455577502255
21.475,-3.48889681243547,-0.075281680307862,-5.8394626555003
21.4775,-3.48889681243547,-0.0803773731136506,-5.7783452212333
21.48,-3.49399127028868,-0.0803773731136506,-5.99225624116778
21.4825,-3.51946355955474,-0.0803773731136506,-5.88020761167829
21.485,-3.52965247526116,-0.0803773731136506,-5.71722778696631
21.4875,-3.61116380091253,-0.0803773731136506,-5.69685530887731
21.49,-3.56021922238042,-0.0803773731136506,-5.71213466744406
21.4925,-3.58059705379326,-0.0803773731136506,-5.63573787461031
21.495,-3.58569151164647,-0.075281680307862,-5.67648283078831
21.4975,-3.59078596949968,-0.0803773731136506,-5.25884702996385
21.5,-3.63154163232537,-0.0803773731136506,-5.15698463951886
21.5025,-3.60606934305932,-0.0803773731136506,-5.40654749610908
21.505,-3.62644717447216,-0.0803773731136506,-5.41164061563133
21.5075,-3.60606934305932,-0.0803773731136506,-5.1926364761746
21.51,-3.60606934305932,-0.0803773731136506,-5.1824502371301
21.5125,-3.61625825876574,-0.0803773731136506,-5.17735711760785
21.515,-3.61116380091253,-0.0803773731136506,-5.20791583474135
21.5175,-3.65191946373821,-0.0803773731136506,-5.19772959569685
21.52,-3.646825005885,-0.0854730659194392,-5.14679840047436
21.5225,-3.61625825876574,-0.0803773731136506,-5.13661216142986
21.525,-3.61625825876574,-0.075281680307862,-5.13151904190761
21.5275,-3.61116380091253,-0.0854730659194392,-5.14679840047436
21.53,-3.61116380091253,-0.0803773731136506,-5.13661216142986
21.5325,-3.61625825876574,-0.0803773731136506,-5.13151904190761
21.535,-3.64173054803179,-0.0803773731136506,-5.11623968334086
21.5375,-3.68248621085748,-0.0803773731136506,-5.66120347222156
21.54,-3.64173054803179,-0.0803773731136506,-5.18754335665235
21.5425,-3.65191946373821,-0.0803773731136506,-5.57971355986557
21.545,-3.67739175300426,-0.0854730659194392,-5.33524382279759
21.5475,-3.72324187368316,-0.0803773731136506,-5.34033694231984
21.55,-3.69776958441711,-0.0803773731136506,-5.06021536859611
21.5525,-3.68248621085748,-0.075281680307862,-5.06530848811836
21.555,-3.68758066871069,-0.0803773731136506,-5.06021536859611
21.5575,-3.6926751265639,-0.0803773731136506,-5.70704154792181
21.56,-3.76909199436206,-0.0803773731136506,-5.26903326900835
21.5625,-3.70795850012353,-0.0803773731136506,-5.15698463951886
21.565,-3.70286404227032,-0.0854730659194392,-5.09077408572961
21.5675,-3.86588669357306,-0.0803773731136506,-5.21810207378585
21.57,-3.6926751265639,-0.0854730659194392,-5.06021536859611
21.5725,-3.88117006713269,-0.0803773731136506,-5.05512224907386
21.575,-3.70795850012353,-0.0803773731136506,-5.05002912955162
21.5775,-3.79456428362811,-0.0854730659194392,-5.2130089542636
21.58,-3.69776958441711,-0.0803773731136506,-5.07549472716286
21.5825,-3.86588669357306,-0.0803773731136506,-5.1722639980856
21.585,-3.81494211504095,-0.0803773731136506,-5.2231951933081
21.5875,-3.7894698257749,-0.0803773731136506,-5.14170528095211
21.59,-3.80984765718774,-0.075281680307862,-5.10096032477411
21.5925,-3.78437536792169,-0.0803773731136506,-5.13661216142986
21.595,-3.78437536792169,-0.0803773731136506,-5.07549472716286
21.5975,-3.8862645249859,-0.0803773731136506,-5.06530848811836
21.6,-3.83531994645379,-0.0803773731136506,-5.07549472716286
21.6025,-3.86588669357306,-0.0803773731136506,-5.08568096620736
21.605,-3.86079223571985,-0.075281680307862,-5.10096032477411
21.6075,-3.93211464566479,-0.0803773731136506,-5.2028227152191
21.61,-3.91173681425195,-0.0803773731136506,-5.05002912955162
21.6125,-3.91173681425195,-0.0854730659194392,-5.10605344429636
21.615,-3.8862645249859,-0.0803773731136506,-5.16717087856335
21.6175,-3.86588669357306,-0.0803773731136506,-5.05512224907386
21.62,-3.89135898283911,-0.0803773731136506,-5.07549472716286
21.6225,-3.89135898283911,-0.075281680307862,-5.11114656381861
21.625,-3.85060332001342,-0.0803773731136506,-5.07040160764061
21.6275,-3.84550886216021,-0.0854730659194392,-5.08568096620736
21.63,-3.82513103074737,-0.0803773731136506,-5.08058784668511
21.6325,-3.82003657289416,-0.0803773731136506,-5.09077408572961
21.635,-3.82003657289416,-0.0803773731136506,-5.08058784668511
21.6375,-3.82003657289416,-0.0854730659194392,-5.07549472716286
21.64,-3.77418645221527,-0.0803773731136506,-5.07040160764061
21.6425,-3.76909199436206,-0.0803773731136506,-5.2130089542636
21.645,-3.76399753650884,-0.0803773731136506,-5.12642592238536
21.6475,-3.77928091006848,-0.0803773731136506,-5.09077408572961
21.65,-3.77928091006848,-0.0803773731136506,-5.05512224907386
21.6525,-3.77928091006848,-0.0803773731136506,-5.05512224907386
21.655,-3.77418645221527,-0.0803773731136506,-5.10605344429636
21.6575,-3.75380862080242,-0.0803773731136506,-5.53387548416532
21.66,-3.72833633153637,-0.0803773731136506,-5.08058784668511
21.6625,-3.72324187368316,-0.075281680307862,-5.07040160764061
21.665,-3.73343078938958,-0.0803773731136506,-5.10096032477411
21.6675,-3.70286404227032,-0.0803773731136506,-5.08568096620736
21.67,-3.70286404227032,-0.0803773731136506,-5.08058784668511
21.6725,-3.72833633153637,-0.0803773731136506,-5.13151904190761
21.675,-3.73343078938958,-0.0803773731136506,-5.06530848811836
21.6775,-3.70795850012353,-0.0854730659194392,-5.05512224907386
21.68,-3.61116380091253,-0.0803773731136506,-5.11623968334086
21.6825,-3.60097488520611,-0.0803773731136506,-5.21810207378585
21.685,-3.61625825876574,-0.0803773731136506,-5.21810207378585
21.6875,-3.59078596949968,-0.0803773731136506,-5.10096032477411
21.69,-3.61116380091253,-0.0803773731136506,-5.17735711760785
21.6925,-3.60097488520611,-0.0803773731136506,-5.07040160764061
21.695,-3.550030306674,-0.0803773731136506,-5.14679840047436
21.6975,-3.54493584882079,-0.0803773731136506,-5.13661216142986
21.7,-3.550030306674,-0.0803773731136506,-5.11114656381861
21.7025,-0.0959878821972175,-0.0803773731136506,-5.12133280286311
21.705,-0.0908934243440065,-0.0803773731136506,-5.10605344429636
21.7075,-0.0908934243440065,-0.0803773731136506,-5.1926364761746
21.71,-0.0908934243440065,-0.0803773731136506,-5.08058784668511
21.7125,-0.0959878821972175,-0.075281680307862,-5.15189151999661
21.715,-0.0959878821972175,-0.0803773731136506,-5.02965665146262
21.7175,-0.0959878821972175,-0.0803773731136506,-5.03474977098487
21.72,-3.38700765537126,-0.0803773731136506,-5.09586720525186
21.7225,-3.4073854867841,-0.0803773731136506,-5.07040160764061
21.725,-3.36153536610521,-0.0803773731136506,-5.05512224907386
21.7275,-3.356440908252,-0.0803773731136506,-5.06021536859611
21.73,-3.32077970327952,-0.0803773731136506,-5.00419105385137
21.7325,-3.31568524542631,-0.0803773731136506,-5.01437729289587
21.735,-3.28511849830705,-0.0803773731136506,-5.01437729289587
21.7375,-3.27492958260063,-0.0854730659194392,-5.01437729289587
21.74,-3.24436283548136,-0.0803773731136506,-5.01437729289587
21.7425,-3.24436283548136,-0.0803773731136506,-5.01437729289587
21.745,-3.23926837762815,-0.075281680307862,-5.01947041241812
21.7475,-3.23926837762815,-0.0803773731136506,-5.11623968334086
21.75,-3.21889054621531,-0.0803773731136506,-5.28940574709734
21.7525,-3.24436283548136,-0.075281680307862,-5.00928417337362
21.755,-3.33096861898594,-0.0803773731136506,-5.36070942040884
21.7575,-3.24436283548136,-0.0803773731136506,-5.10605344429636
21.76,-3.22907946192173,-0.0803773731136506,-5.28431262757509
21.7625,-3.22907946192173,-0.0803773731136506,-5.24866079091935
21.765,-3.32077970327952,-0.0803773731136506,-5.28431262757509
21.7675,-3.46342452316942,-0.0803773731136506,-5.22828831283035
21.77,-3.37172428181163,-0.075281680307862,-5.16717087856335
21.7725,-3.356440908252,-0.0803773731136506,-5.20791583474135
21.775,-3.38700765537126,-0.0803773731136506,-5.16207775904111
21.7775,-3.33096861898594,-0.0803773731136506,-5.15189151999661
21.78,-3.32587416113273,-0.0803773731136506,-5.20791583474135
21.7825,-3.32077970327952,-0.075281680307862,-5.16207775904111
21.785,-3.32077970327952,-0.0803773731136506,-5.16717087856335
21.7875,-3.34115753469236,-0.0803773731136506,-5.12642592238536
21.79,-3.36662982395842,-0.0803773731136506,-5.11114656381861
21.7925,-3.31568524542631,-0.0803773731136506,-5.16207775904111
21.795,-3.31568524542631,-0.0803773731136506,-5.1824502371301
21.7975,-3.36153536610521,-0.0803773731136506,-5.08568096620736
21.8,-3.45833006531621,-0.0803773731136506,-5.07040160764061
21.8025,-3.33606307683915,-0.0803773731136506,-5.06530848811836
21.805,-3.33606307683915,-0.0803773731136506,-5.05512224907386
21.8075,-3.36153536610521,-0.0854730659194392,-5.06530848811836
21.81,-3.36662982395842,-0.0803773731136506,-5.22828831283035
21.8125,-3.36153536610521,-0.0803773731136506,-5.23847455187485
21.815,-3.34625199254558,-0.0803773731136506,-5.08058784668511
21.8175,-3.35134645039879,-0.0803773731136506,-5.28431262757509
21.82,-3.39719657107768,-0.075281680307862,-5.26903326900835
21.8225,-3.39719657107768,-0.075281680307862,-5.07549472716286
21.825,-3.4073854867841,-0.0803773731136506,-5.08058784668511
21.8275,-3.41247994463731,-0.0701859875020752,-5.08568096620736
21.83,-3.41757440249052,-0.0803773731136506,-5.09077408572961
21.8325,-3.42776331819694,-0.0803773731136506,-5.09586720525186
21.835,-3.43285777605016,-0.0803773731136506,-5.22828831283035
21.8375,-3.43795223390337,-0.0803773731136506,-5.17735711760785
21.84,-3.44304669175658,-0.0803773731136506,-5.31487134470859
21.8425,-3.5041801859951,-0.0803773731136506,-5.19772959569685
21.845,-3.45833006531621,-0.0803773731136506,-5.2639401494861
21.8475,-3.47870789672905,-0.0803773731136506,-5.16717087856335
21.85,-3.44814114960979,-0.0803773731136506,-5.20791583474135
21.8525,-3.453235607463,-0.0803773731136506,-5.2130089542636
21.855,-3.46342452316942,-0.0803773731136506,-5.12642592238536
21.8575,-3.46851898102263,-0.0803773731136506,-5.11114656381861
21.86,-3.46342452316942,-0.0803773731136506,-5.13661216142986
21.8625,-0.0959878821972175,-0.0803773731136506,-5.2130089542636
21.865,-3.45833006531621,-0.0803773731136506,-5.10605344429636
21.8675,-3.46851898102263,-0.0803773731136506,-5.09586720525186
21.87,-3.44814114960979,-0.0803773731136506,-5.10096032477411
21.8725,-3.47870789672905,-0.0803773731136506,-5.17735711760785
21.875,-3.453235607463,-0.0803773731136506,-5.09586720525186
21.8775,-3.48380235458226,-0.0803773731136506,-5.10096032477411
21.88,-3.48380235458226,-0.0803773731136506,-5.10096032477411
21.8825,-3.550030306674,-0.0803773731136506,-5.19772959569685
21.885,-3.5041801859951,-0.0803773731136506,-5.1926364761746
21.8875,-3.47361343887584,-0.0803773731136506,-5.12642592238536
21.89,-3.47361343887584,-0.0803773731136506,-5.12642592238536
21.8925,-3.46851898102263,-0.0803773731136506,-5.14679840047436
21.895,-3.47361343887584,-0.0803773731136506,-5.14170528095211
21.8975,-0.0959878821972175,-0.0803773731136506,-5.16717087856335
21.9,-0.0959878821972175,-0.0803773731136506,-5.16717087856335
21.9025,-3.44304669175658,-0.0803773731136506,-5.18754335665235
21.905,-3.44814114960979,-0.075281680307862,-5.2435676713971
21.9075,-3.42776331819694,-0.0803773731136506,-5.2130089542636
21.91,-3.41757440249052,-0.0803773731136506,-5.2130089542636
21.9125,-3.39210211322447,-0.0803773731136506,-5.21810207378585
21.915,-3.39719657107768,-0.0803773731136506,-5.28431262757509
21.9175,-3.43285777605016,-0.0803773731136506,-5.22828831283035
21.92,-3.42266886034373,-0.0803773731136506,-5.2537539104416
21.9225,-3.41757440249052,-0.0803773731136506,-5.2333814323526
21.925,-3.44304669175658,-0.0803773731136506,-5.28431262757509
21.9275,-3.44304669175658,-0.0803773731136506,-5.40145437658683
21.93,-3.44304669175658,-0.075281680307862,-5.2333814323526
21.9325,-3.453235607463,-0.0803773731136506,-5.25884702996385
21.935,-3.44814114960979,-0.0803773731136506,-5.18754335665235
21.9375,-3.44814114960979,-0.0803773731136506,-5.33015070327534
21.94,-3.42776331819694,-0.0803773731136506,-5.18754335665235
21.9425,-3.41757440249052,-0.0803773731136506,-5.2435676713971
21.945,-3.43795223390337,-0.0803773731136506,-5.2435676713971
21.9475,-3.4073854867841,-0.0803773731136506,-5.24866079091935
21.95,-3.38700765537126,-0.0803773731136506,-5.24866079091935
21.9525,-3.34625199254558,-0.0803773731136506,-5.2333814323526
21.955,-3.34625199254558,-0.0854730659194392,-5.31487134470859
21.9575,-3.33606307683915,-0.0803773731136506,-5.2537539104416
21.96,-3.33096861898594,-0.0803773731136506,-5.25884702996385
21.9625,-3.31568524542631,-0.0803773731136506,-5.2741263885306
21.965,-3.29021295616026,-0.0854730659194392,-5.27921950805285
21.9675,-3.28002404045384,-0.0803773731136506,-5.26903326900835
21.97,-3.28002404045384,-0.0803773731136506,-5.33524382279759
21.9725,-3.26983512474742,-0.0803773731136506,-5.32505758375309
21.975,-3.22907946192173,-0.0803773731136506,-5.35561630088659
21.9775,-3.13228476271073,-0.0803773731136506,-5.2741263885306
21.98,-3.14247367841715,-0.075281680307862,-5.28431262757509
21.9825,-3.13228476271073,-0.0803773731136506,-5.28431262757509
21.985,-3.1170013891511,-0.0803773731136506,-5.2741263885306
21.9875,-3.1170013891511,-0.0803773731136506,-5.27921950805285
21.99,-3.1170013891511,-0.0803773731136506,-5.28431262757509
21.9925,-3.15266259412357,-0.0803773731136506,-5.28431262757509
21.995,-3.14247367841715,-0.0803773731136506,-5.28940574709734
21.9975,-3.14756813627036,-0.0803773731136506,-5.31996446423084
22,-3.19851271480247,-0.0803773731136506,-5.43201309372033
22.0025,-3.13737922056394,-0.0803773731136506,-5.29449886661959
22.005,-3.13737922056394,-0.0854730659194392,-5.30977822518634
22.0075,-3.16285150982999,-0.0803773731136506,-5.31487134470859
22.01,-3.18832379909605,-0.0803773731136506,-5.33015070327534
22.0125,-3.17304042553642,-0.0803773731136506,-5.37598877897559
22.015,-3.17813488338963,-0.075281680307862,-5.42182685467583
22.0175,-3.18322934124284,-0.0803773731136506,-5.26903326900835
22.02,-3.19341825694926,-0.0803773731136506,-5.40654749610908
22.0225,-3.21889054621531,-0.0803773731136506,-5.2537539104416
22.025,-3.21889054621531,-0.075281680307862,-5.27921950805285
22.0275,-3.259646209041,-0.0803773731136506,-5.2435676713971
22.03,-3.26474066689421,-0.0803773731136506,-5.24866079091935
22.0325,-3.22398500406852,-0.0803773731136506,-5.24866079091935
22.035,-3.21889054621531,-0.0803773731136506,-5.24866079091935
22.0375,-3.25455175118779,-0.0803773731136506,-5.2537539104416
22.04,-3.18832379909605,-0.0803773731136506,-5.24866079091935
22.0425,-3.17304042553642,-0.0803773731136506,-5.2537539104416
22.045,-3.17813488338963,-0.0803773731136506,-5.27921950805285
22.0475,-3.19341825694926,-0.0803773731136506,-5.1926364761746
22.05,-3.22907946192173,-0.0803773731136506,-5.18754335665235
22.0525,-3.2137960883621,-0.0854730659194392,-5.28940574709734
22.055,-3.2137960883621,-0.0803773731136506,-5.1926364761746
22.0575,-3.22907946192173,-0.0803773731136506,-5.19772959569685
22.06,-3.20360717265568,-0.0803773731136506,-5.29449886661959
22.0625,-3.33096861898594,-0.0803773731136506,-5.2537539104416
22.065,-3.22907946192173,-0.0803773731136506,-5.30468510566409
22.0675,-3.22907946192173,-0.0803773731136506,-5.30977822518634
22.07,-3.30549632971989,-0.0803773731136506,-5.28431262757509
22.0725,-3.3105907875731,-0.0803773731136506,-5.31487134470859
22.075,-3.34115753469236,-0.0803773731136506,-5.33015070327534
22.0775,-3.32077970327952,-0.075281680307862,-5.33524382279759
22.08,-3.43795223390337,-0.0803773731136506,-5.35561630088659
22.0825,-3.43795223390337,-0.0803773731136506,-5.34543006184209
22.085,-3.43795223390337,-0.0803773731136506,-5.40654749610908
22.0875,-3.49908572814189,-0.0803773731136506,-5.38108189849784
22.09,-3.41247994463731,-0.0854730659194392,-5.37598877897559
22.0925,-3.41757440249052,-0.075281680307862,-5.38108189849784
22.095,-3.44304669175658,-0.0803773731136506,-5.40654749610908
22.0975,-3.51436910170153,-0.0803773731136506,-5.44729245228708
22.1,-3.51946355955474,-0.0803773731136506,-5.48294428894283
22.1025,-3.53474693311437,-0.0803773731136506,-5.42182685467583
22.105,-3.53474693311437,-0.0803773731136506,-5.44219933276483
22.1075,-3.55512476452721,-0.0803773731136506,-5.49313052798733
22.11,-3.63154163232537,-0.0803773731136506,-5.45747869133158
22.1125,-3.56531368023363,-0.0803773731136506,-5.51350300607633
22.115,-3.63154163232537,-0.0803773731136506,-5.49822364750958
22.1175,-3.57040813808684,-0.0803773731136506,-5.47785116942058
22.12,-3.57550259594005,-0.0803773731136506,-5.38108189849784
22.1225,-3.71814741582995,-0.0803773731136506,-5.41164061563133
22.125,-3.65701392159142,-0.0803773731136506,-5.55934108177657
22.1275,-3.60606934305932,-0.075281680307862,-5.37089565945334
22.13,-3.68248621085748,-0.0803773731136506,-5.31996446423084
22.1325,-3.71305295797674,-0.0803773731136506,-5.40654749610908
22.135,-3.71305295797674,-0.0803773731136506,-5.41164061563133
22.1375,-3.70795850012353,-0.0803773731136506,-5.41673373515358
22.14,-3.71305295797674,-0.0803773731136506,-5.37598877897559
22.1425,-3.68758066871069,-0.0803773731136506,-5.45747869133158
22.145,-3.69776958441711,-0.0803773731136506,-5.40654749610908
22.1475,-3.72324187368316,-0.0803773731136506,-5.43710621324258
22.15,-3.72324187368316,-0.0803773731136506,-5.42182685467583
22.1525,-3.72324187368316,-0.0803773731136506,-5.42691997419808
22.155,-3.76399753650884,-0.0803773731136506,-5.46257181085383
22.1575,-3.77928091006848,-0.0803773731136506,-5.41164061563133
22.16,-3.71814741582995,-0.0803773731136506,-5.46257181085383
22.1625,-3.71305295797674,-0.0803773731136506,-5.44219933276483
22.165,-3.73343078938958,-0.0803773731136506,-5.45238557180933
22.1675,-3.75380862080242,-0.0803773731136506,-5.46257181085383
22.17,-3.743619705096,-0.0803773731136506,-5.48294428894283
22.1725,-3.77418645221527,-0.0803773731136506,-5.49313052798733
22.175,-3.74871416294921,-0.0803773731136506,-5.49313052798733
22.1775,-3.72833633153637,-0.0854730659194392,-5.48294428894283
22.18,-3.76399753650884,-0.0803773731136506,-5.50840988655408
22.1825,-3.80475319933453,-0.0803773731136506,-5.49822364750958
22.185,-3.77418645221527,-0.0803773731136506,-5.65101723317706
22.1875,-3.75890307865563,-0.0803773731136506,-5.55934108177657
22.19,-3.75890307865563,-0.0803773731136506,-5.57462044034332
22.1925,-3.77928091006848,-0.0803773731136506,-5.58480667938782
22.195,-3.7894698257749,-0.0803773731136506,-5.58480667938782
22.1975,-3.743619705096,-0.075281680307862,-5.58989979891007
22.2,-3.74871416294921,-0.0803773731136506,-5.59499291843232
22.2025,-3.74871416294921,-0.0803773731136506,-5.63573787461031
22.205,-3.74871416294921,-0.0803773731136506,-5.60008603795457
22.2075,-3.74871416294921,-0.0803773731136506,-5.65611035269931
22.21,-3.77418645221527,-0.0803773731136506,-5.54406172320982
22.2125,-3.7894698257749,-0.075281680307862,-5.60517915747682
22.215,-3.83022548860058,-0.0803773731136506,-5.59499291843232
22.2175,-3.84550886216021,-0.0803773731136506,-5.61536539652132
22.22,-3.76399753650884,-0.0803773731136506,-5.52878236464307
22.2225,-3.78437536792169,-0.0803773731136506,-5.62045851604357
22.225,-3.78437536792169,-0.0803773731136506,-5.61027227699907
22.2275,-3.80475319933453,-0.075281680307862,-5.55424796225432
22.23,-3.80984765718774,-0.0854730659194392,-5.55934108177657
22.2325,-3.83531994645379,-0.0803773731136506,-5.56443420129882
22.235,-3.81494211504095,-0.0803773731136506,-5.59499291843232
22.2375,-3.77928091006848,-0.0803773731136506,-5.61027227699907
22.24,-3.77928091006848,-0.0803773731136506,-5.65101723317706
22.2425,-3.80984765718774,-0.0803773731136506,-5.62555163556582
22.245,-3.77928091006848,-0.0803773731136506,-5.61027227699907
22.2475,-3.78437536792169,-0.0803773731136506,-5.64083099413256
22.25,-3.79456428362811,-0.0803773731136506,-5.63573787461031
22.2525,-3.77418645221527,-0.075281680307862,-5.62555163556582
22.255,-3.77928091006848,-0.0854730659194392,-5.53896860368757
22.2575,-3.78437536792169,-0.0803773731136506,-5.55934108177657
22.26,-3.77928091006848,-0.0803773731136506,-5.72741402601081
22.2625,-3.78437536792169,-0.0803773731136506,-5.58480667938782
22.265,-3.73852524724279,-0.0803773731136506,-5.67648283078831
22.2675,-3.75380862080242,-0.0803773731136506,-5.66629659174381
22.27,-3.76399753650884,-0.0803773731136506,-5.67138971126606
22.2725,-3.76399753650884,-0.0803773731136506,-5.58480667938782
22.275,-3.74871416294921,-0.0803773731136506,-5.58480667938782
22.2775,-3.72324187368316,-0.0803773731136506,-5.57971355986557
22.28,-3.743619705096,-0.0803773731136506,-5.57971355986557
22.2825,-3.73852524724279,-0.0803773731136506,-5.57462044034332
22.285,-3.743619705096,-0.0803773731136506,-5.60008603795457
22.2875,-3.72324187368316,-0.0803773731136506,-5.60517915747682
22.29,-3.70795850012353,-0.0803773731136506,-5.62555163556582
22.2925,-3.70795850012353,-0.0803773731136506,-5.63573787461031
22.295,-3.70286404227032,-0.0803773731136506,-5.60008603795457
22.2975,-3.69776958441711,-0.0803773731136506,-5.63573787461031
22.3,-3.70286404227032,-0.0803773731136506,-5.59499291843232
22.3025,-3.72833633153637,-0.0803773731136506,-5.60517915747682
22.305,-3.71305295797674,-0.0854730659194392,-5.60008603795457
22.3075,-3.72833633153637,-0.0803773731136506,-5.61536539652132
22.31,-3.72833633153637,-0.0803773731136506,-5.61027227699907
22.3125,-3.71814741582995,-0.0803773731136506,-5.61536539652132
22.315,-3.64173054803179,-0.0803773731136506,-5.61536539652132
22.3175,-3.64173054803179,-0.0803773731136506,-5.62045851604357
22.32,-3.66720283729784,-0.0803773731136506,-5.62045851604357
22.3225,-3.6926751265639,-0.0803773731136506,-5.66120347222156
22.325,-3.67229729515105,-0.0803773731136506,-5.68666906983281
22.3275,-3.6926751265639,-0.0803773731136506,-5.58989979891007
22.33,-3.646825005885,-0.0803773731136506,-5.60008603795457
22.3325,-3.65191946373821,-0.0803773731136506,-5.59499291843232
22.335,-3.65701392159142,-0.0803773731136506,-5.63573787461031
22.3375,-3.68248621085748,-0.0803773731136506,-5.61027227699907
22.34,-3.61116380091253,-0.075281680307862,-5.76306586266655
22.3425,-3.61116380091253,-0.0803773731136506,-5.67648283078831
22.345,-3.70286404227032,-0.0803773731136506,-5.65611035269931
22.3475,-3.70286404227032,-0.0803773731136506,-5.69176218935506
22.35,-3.70795850012353,-0.075281680307862,-5.63573787461031
22.3525,-3.70795850012353,-0.0803773731136506,-5.60008603795457
22.355,-3.70286404227032,-0.0803773731136506,-5.61536539652132
22.3575,-3.70286404227032,-0.0803773731136506,-5.61027227699907
22.36,-3.70795850012353,-0.0803773731136506,-5.62045851604357
22.3625,-3.71305295797674,-0.0803773731136506,-5.59499291843232
22.365,-3.70795850012353,-0.0803773731136506,-5.63573787461031
22.3675,-0.0908934243440065,-0.0803773731136506,-5.61536539652132
22.37,-0.0959878821972175,-0.0803773731136506,-5.62045851604357
22.3725,-0.0959878821972175,-0.075281680307862,-5.62555163556582
22.375,-0.0959878821972175,-0.075281680307862,-5.66120347222156
22.3775,-3.80475319933453,-0.0803773731136506,-5.67138971126606
22.38,-3.84550886216021,-0.075281680307862,-5.67648283078831
22.3825,-3.83531994645379,-0.0803773731136506,-5.65101723317706
22.385,-3.86588669357306,-0.0803773731136506,-5.69176218935506
22.3875,-3.81494211504095,-0.0803773731136506,-5.70194842839956
22.39,-3.81494211504095,-0.0803773731136506,-5.69685530887731
22.3925,-3.82003657289416,-0.0803773731136506,-5.66120347222156
22.395,-3.85060332001342,-0.0803773731136506,-5.65101723317706
22.3975,-3.84550886216021,-0.0803773731136506,-5.68157595031056
22.4,-3.86079223571985,-0.0854730659194392,-5.70194842839956
22.4025,-3.80984765718774,-0.0803773731136506,-5.63573787461031
22.405,-3.86588669357306,-0.0803773731136506,-5.64592411365481
22.4075,-3.87098115142627,-0.0803773731136506,-5.62045851604357
22.41,-3.87098115142627,-0.0803773731136506,-5.61027227699907
22.4125,-3.87098115142627,-0.0803773731136506,-5.61536539652132
22.415,-3.87607560927948,-0.0803773731136506,-5.59499291843232
22.4175,-3.86588669357306,-0.0803773731136506,-5.63064475508807
22.42,-3.86079223571985,-0.0803773731136506,-5.60008603795457
22.4225,-3.85569777786664,-0.0803773731136506,-5.57971355986557
22.425,-3.75890307865563,-0.0803773731136506,-5.60008603795457
22.4275,-3.76399753650884,-0.075281680307862,-5.57462044034332
22.43,-3.76399753650884,-0.0803773731136506,-5.61027227699907
22.4325,-3.76909199436206,-0.0803773731136506,-5.61536539652132
22.435,-3.76399753650884,-0.0803773731136506,-5.61536539652132
22.4375,-3.76909199436206,-0.0803773731136506,-5.59499291843232
22.44,-3.79456428362811,-0.0803773731136506,-5.62555163556582
22.4425,-3.79456428362811,-0.0803773731136506,-5.62555163556582
22.445,-3.79456428362811,-0.0803773731136506,-5.63064475508807
22.4475,-3.80475319933453,-0.0803773731136506,-5.62555163556582
22.45,-3.81494211504095,-0.0803773731136506,-5.61027227699907
22.4525,-3.81494211504095,-0.0803773731136506,-5.64592411365481
22.455,-3.81494211504095,-0.0803773731136506,-5.63573787461031
22.4575,-3.80984765718774,-0.0803773731136506,-5.66120347222156
22.46,-3.84550886216021,-0.0803773731136506,-5.63573787461031
22.4625,-3.85060332001342,-0.0803773731136506,-5.62555163556582
22.465,-3.83022548860058,-0.0803773731136506,-5.63573787461031
22.4675,-3.83531994645379,-0.0803773731136506,-5.62555163556582
22.47,-3.83531994645379,-0.0803773731136506,-5.63064475508807
22.4725,-3.84550886216021,-0.075281680307862,-5.69685530887731
22.475,-3.87607560927948,-0.0803773731136506,-5.65101723317706
22.4775,-3.83022548860058,-0.0803773731136506,-5.64592411365481
22.48,-3.840414404307,-0.0803773731136506,-5.62555163556582
22.4825,-3.840414404307,-0.0803773731136506,-5.62555163556582
22.485,-3.840414404307,-0.075281680307862,-5.62555163556582
22.4875,-3.84550886216021,-0.0803773731136506,-5.60008603795457
22.49,-3.84550886216021,-0.0803773731136506,-5.62555163556582
22.4925,-3.84550886216021,-0.0803773731136506,-5.63573787461031
22.495,-3.84550886216021,-0.0803773731136506,-5.63573787461031
22.4975,-3.85060332001342,-0.0803773731136506,-5.64592411365481
22.5,-3.84550886216021,-0.0803773731136506,-5.63573787461031
22.5025,-3.84550886216021,-0.0803773731136506,-5.58989979891007
22.505,-3.83022548860058,-0.0803773731136506,-5.64083099413256
22.5075,-3.83022548860058,-0.0803773731136506,-5.64592411365481
22.51,-3.85060332001342,-0.075281680307862,-5.61027227699907
22.5125,-3.840414404307,-0.0803773731136506,-5.62045851604357
22.515,-3.87607560927948,-0.0803773731136506,-5.62555163556582
22.5175,-3.82513103074737,-0.0803773731136506,-5.63064475508807
22.52,-3.83022548860058,-0.0803773731136506,-5.62555163556582
22.5225,-3.83531994645379,-0.0854730659194392,-5.62045851604357
22.525,-3.83531994645379,-0.0803773731136506,-5.61536539652132
22.5275,-3.83531994645379,-0.0803773731136506,-5.64592411365481
22.53,-3.83022548860058,-0.0803773731136506,-5.64083099413256
22.5325,-3.83531994645379,-0.075281680307862,-5.64083099413256
22.535,-3.840414404307,-0.0803773731136506,-5.61536539652132
22.5375,-3.840414404307,-0.0803773731136506,-5.63573787461031
22.54,-3.840414404307,-0.0803773731136506,-5.61536539652132
22.5425,-3.83531994645379,-0.0803773731136506,-5.60517915747682
22.545,-3.83531994645379,-0.0803773731136506,-5.61536539652132
22.5475,-3.83531994645379,-0.0803773731136506,-5.55934108177657
22.55,-3.840414404307,-0.0803773731136506,-5.60008603795457
22.5525,-3.84550886216021,-0.0803773731136506,-5.62045851604357
22.555,-3.86588669357306,-0.0803773731136506,-5.57971355986557
22.5575,-3.85060332001342,-0.0803773731136506,-5.59499291843232
22.56,-3.83531994645379,-0.0803773731136506,-5.60517915747682
22.5625,-3.88117006713269,-0.0803773731136506,-5.55934108177657
22.565,-3.86079223571985,-0.0803773731136506,-5.59499291843232
22.5675,-3.89135898283911,-0.0803773731136506,-5.64083099413256
22.57,-3.8862645249859,-0.0803773731136506,-5.51350300607633
22.5725,-3.87098115142627,-0.0803773731136506,-5.55424796225432
22.575,-3.87098115142627,-0.0803773731136506,-5.58989979891007
22.5775,-3.87607560927948,-0.0803773731136506,-5.45238557180933
22.58,-3.87607560927948,-0.0803773731136506,-5.47785116942058
22.5825,-3.87607560927948,-0.0803773731136506,-5.50840988655408
22.585,-3.89135898283911,-0.0803773731136506,-5.45238557180933
22.5875,-3.89645344069232,-0.0803773731136506,-5.52368924512082
22.59,-3.89645344069232,-0.0803773731136506,-5.49822364750958
22.5925,-3.91683127210516,-0.0803773731136506,-5.44219933276483
22.595,-3.92192572995837,-0.0803773731136506,-5.50840988655408
22.5975,-3.8862645249859,-0.0803773731136506,-5.45238557180933
22.6,-3.8862645249859,-0.0803773731136506,-5.46766493037608
22.6025,-3.90664235639874,-0.0803773731136506,-5.56443420129882
22.605,-3.87607560927948,-0.0803773731136506,-5.55424796225432
22.6075,-3.91683127210516,-0.0803773731136506,-5.49822364750958
22.61,-3.8862645249859,-0.0803773731136506,-5.49313052798733
22.6125,-3.91173681425195,-0.075281680307862,-5.53387548416532
22.615,-3.8862645249859,-0.0803773731136506,-5.49822364750958
22.6175,-3.8862645249859,-0.0803773731136506,-5.49313052798733
22.62,-3.87098115142627,-0.0803773731136506,-5.46766493037608
22.6225,-3.84550886216021,-0.0803773731136506,-5.48803740846508
22.625,-3.84550886216021,-0.0803773731136506,-5.47275804989833
22.6275,-3.840414404307,-0.0803773731136506,-5.46257181085383
22.63,-3.83531994645379,-0.0803773731136506,-5.49313052798733
22.6325,-3.83531994645379,-0.075281680307862,-5.48294428894283
22.635,-3.83531994645379,-0.0803773731136506,-5.47275804989833
22.6375,-3.83531994645379,-0.0803773731136506,-5.44219933276483
22.64,-3.84550886216021,-0.0803773731136506,-5.47275804989833
22.6425,-3.83531994645379,-0.0803773731136506,-5.45747869133158
22.645,-3.85569777786664,-0.0803773731136506,-5.44219933276483
22.6475,-3.7894698257749,-0.0803773731136506,-5.43710621324258
22.65,-3.78437536792169,-0.0803773731136506,-5.43710621324258
22.6525,-3.80475319933453,-0.0803773731136506,-5.46257181085383
22.655,-3.76399753650884,-0.075281680307862,-5.43710621324258
22.6575,-3.76399753650884,-0.0803773731136506,-5.41673373515358
22.66,-3.71814741582995,-0.0803773731136506,-5.42182685467583
22.6625,-3.72833633153637,-0.075281680307862,-5.43710621324258
22.665,-3.73852524724279,-0.0803773731136506,-5.46257181085383
22.6675,-3.72324187368316,-0.0803773731136506,-5.43201309372033
22.67,-3.68248621085748,-0.0803773731136506,-5.43201309372033
22.6725,-3.6926751265639,-0.0803773731136506,-5.43201309372033
22.675,-3.66720283729784,-0.0803773731136506,-5.43201309372033
22.6775,-3.67229729515105,-0.0803773731136506,-5.41164061563133
22.68,-3.63663609017858,-0.0803773731136506,-5.48803740846508
22.6825,-3.61116380091253,-0.0803773731136506,-5.37089565945334
22.685,-3.60097488520611,-0.0854730659194392,-5.35561630088659
22.6875,-3.58569151164647,-0.0803773731136506,-5.75287962362205
22.69,-3.58059705379326,-0.0803773731136506,-5.34033694231984
22.6925,-3.56531368023363,-0.0803773731136506,-5.7579727431443
22.695,-3.55512476452721,-0.0803773731136506,-5.35052318136434
22.6975,-3.57040813808684,-0.0803773731136506,-5.49313052798733
22.7,-3.56531368023363,-0.0803773731136506,-5.41673373515358
22.7025,-3.52455801740795,-0.0803773731136506,-5.65611035269931
22.705,-3.53984139096758,-0.0803773731136506,-5.37089565945334
22.7075,-3.53474693311437,-0.0803773731136506,-5.34543006184209
22.71,-3.49908572814189,-0.0854730659194392,-5.34033694231984
22.7125,-3.49908572814189,-0.075281680307862,-5.68666906983281
22.715,-3.49908572814189,-0.0803773731136506,-5.53896860368757
22.7175,-3.49908572814189,-0.0803773731136506,-5.42182685467583
22.72,-3.49908572814189,-0.0803773731136506,-5.70194842839956
22.7225,-3.49908572814189,-0.0803773731136506,-5.44219933276483
22.725,-3.52455801740795,-0.0803773731136506,-5.47275804989833
22.7275,-3.48380235458226,-0.0803773731136506,-5.67648283078831
22.73,-3.50927464384831,-0.0803773731136506,-5.44219933276483
22.7325,-3.51946355955474,-0.0803773731136506,-5.42691997419808
22.735,-3.51436910170153,-0.0854730659194392,-5.66120347222156
22.7375,-3.54493584882079,-0.0803773731136506,-5.42182685467583
22.74,-3.51436910170153,-0.0803773731136506,-5.37089565945334
22.7425,-3.51946355955474,-0.0854730659194392,-5.67138971126606
22.745,-3.57040813808684,-0.0803773731136506,-5.67648283078831
22.7475,-3.57550259594005,-0.0803773731136506,-5.73250714553306
22.75,-3.59078596949968,-0.0803773731136506,-5.69176218935506
22.7525,-3.56021922238042,-0.0803773731136506,-5.68157595031056
22.755,-3.56531368023363,-0.0803773731136506,-5.67648283078831
22.7575,-3.56531368023363,-0.075281680307862,-5.71213466744406
22.76,-3.56021922238042,-0.0803773731136506,-5.82418329693355
22.7625,-3.55512476452721,-0.0803773731136506,-5.51859612559857
22.765,-3.54493584882079,-0.0803773731136506,-5.50840988655408
22.7675,-3.53984139096758,-0.075281680307862,-5.46766493037608
22.77,-3.52965247526116,-0.0803773731136506,-5.42182685467583
22.7725,-3.57040813808684,-0.0803773731136506,-5.43201309372033
22.775,-3.53984139096758,-0.0803773731136506,-5.67648283078831
22.7775,-3.53474693311437,-0.0803773731136506,-5.43201309372033
22.78,-3.53474693311437,-0.0803773731136506,-5.45238557180933
22.7825,-3.52455801740795,-0.075281680307862,-5.42182685467583
22.785,-3.52455801740795,-0.0803773731136506,-5.37598877897559
22.7875,-3.51946355955474,-0.0803773731136506,-5.46257181085383
22.79,-3.51436910170153,-0.0803773731136506,-5.39636125706459
22.7925,-3.5041801859951,-0.0803773731136506,-5.40145437658683
22.795,-3.49908572814189,-0.0803773731136506,-5.37089565945334
22.7975,-3.49399127028868,-0.0803773731136506,-5.40145437658683
22.8,-3.51946355955474,-0.0803773731136506,-5.39636125706459
22.8025,-3.51946355955474,-0.0803773731136506,-5.38108189849784
22.805,-3.52455801740795,-0.075281680307862,-5.38617501802009
22.8075,-3.49908572814189,-0.0803773731136506,-5.35561630088659
22.81,-3.49399127028868,-0.075281680307862,-5.67648283078831
22.8125,-3.49399127028868,-0.0803773731136506,-5.36070942040884
22.815,-3.49399127028868,-0.075281680307862,-5.37089565945334
22.8175,-3.49908572814189,-0.075281680307862,-5.34543006184209
22.82,-3.49399127028868,-0.0803773731136506,-5.35561630088659
22.8225,-3.48889681243547,-0.0803773731136506,-5.39126813754234
22.825,-3.47870789672905,-0.0803773731136506,-5.69685530887731
22.8275,-3.49908572814189,-0.0803773731136506,-5.46257181085383
22.83,-3.47361343887584,-0.0803773731136506,-5.46766493037608
22.8325,-3.453235607463,-0.0803773731136506,-5.39126813754234
22.835,-3.44304669175658,-0.0803773731136506,-5.65611035269931
22.8375,-3.43795223390337,-0.0854730659194392,-5.71213466744406
22.84,-3.42776331819694,-0.0854730659194392,-5.38617501802009
22.8425,-3.42266886034373,-0.0803773731136506,-5.38108189849784
22.845,-3.45833006531621,-0.0803773731136506,-5.44729245228708
22.8475,-3.43795223390337,-0.0803773731136506,-5.65101723317706
22.85,-3.46342452316942,-0.0803773731136506,-5.8394626555003
22.8525,-3.42266886034373,-0.0803773731136506,-5.41164061563133
22.855,-3.41757440249052,-0.0854730659194392,-5.74778650409981
22.8575,-3.43285777605016,-0.0803773731136506,-5.69685530887731
22.86,-3.43285777605016,-0.0803773731136506,-5.7579727431443
22.8625,-3.42266886034373,-0.075281680307862,-5.77325210171105
22.865,-3.43285777605016,-0.0803773731136506,-5.43710621324258
22.8675,-3.42266886034373,-0.0803773731136506,-5.44729245228708
22.87,-3.41757440249052,-0.0803773731136506,-5.40654749610908
22.8725,-3.42266886034373,-0.0803773731136506,-5.8598351335893
22.875,-3.42776331819694,-0.0803773731136506,-5.85474201406705
22.8775,-3.42776331819694,-0.0803773731136506,-5.83436953597805
22.88,-3.43285777605016,-0.0803773731136506,-5.49313052798733
22.8825,-3.45833006531621,-0.0854730659194392,-5.36070942040884
22.885,-3.45833006531621,-0.0803773731136506,-5.41673373515358
22.8875,-3.48380235458226,-0.0803773731136506,-5.67648283078831
22.89,-3.47361343887584,-0.0803773731136506,-5.38617501802009
22.8925,-3.5041801859951,-0.0803773731136506,-5.35052318136434
22.895,-3.51946355955474,-0.0803773731136506,-5.35561630088659
22.8975,-3.51946355955474,-0.0803773731136506,-5.73250714553306
22.9,-3.51946355955474,-0.0803773731136506,-5.68157595031056
22.9025,-3.52965247526116,-0.0803773731136506,-5.64592411365481
22.905,-3.54493584882079,-0.0803773731136506,-5.33524382279759
22.9075,-3.56021922238042,-0.0803773731136506,-5.67648283078831
22.91,-3.59078596949968,-0.0803773731136506,-5.65101723317706
22.9125,-3.56531368023363,-0.0803773731136506,-5.30468510566409
22.915,-3.58569151164647,-0.0803773731136506,-5.30977822518634
22.9175,-3.58059705379326,-0.0803773731136506,-5.29959198614184
22.92,-3.55512476452721,-0.0803773731136506,-5.30977822518634
22.9225,-3.54493584882079,-0.0803773731136506,-5.29959198614184
22.925,-3.53984139096758,-0.0803773731136506,-5.60008603795457
22.9275,-3.53474693311437,-0.0803773731136506,-5.56443420129882
22.93,-3.550030306674,-0.0803773731136506,-5.55934108177657
22.9325,-3.58059705379326,-0.0803773731136506,-5.42691997419808
22.935,-3.51436910170153,-0.0803773731136506,-5.37598877897559
22.9375,-3.51946355955474,-0.0803773731136506,-5.38617501802009
22.94,-3.51946355955474,-0.0803773731136506,-5.59499291843232
22.9425,-3.55512476452721,-0.0803773731136506,-5.38108189849784
22.945,-3.53474693311437,-0.0803773731136506,-5.33524382279759
22.9475,-3.58059705379326,-0.0803773731136506,-5.33015070327534
22.95,-3.56531368023363,-0.0803773731136506,-5.31487134470859
22.9525,-3.56531368023363,-0.0803773731136506,-5.32505758375309
22.955,-3.57040813808684,-0.0803773731136506,-5.29959198614184
22.9575,-3.58059705379326,-0.0803773731136506,-5.29959198614184
22.96,-3.58569151164647,-0.075281680307862,-5.60517915747682
22.9625,-3.63154163232537,-0.0803773731136506,-5.61536539652132
22.965,-3.61116380091253,-0.0803773731136506,-5.29959198614184
22.9675,-3.61116380091253,-0.0803773731136506,-5.62045851604357
22.97,-3.61116380091253,-0.0803773731136506,-5.57462044034332
22.9725,-3.62135271661895,-0.0803773731136506,-5.33524382279759
22.975,-3.68758066871069,-0.0803773731136506,-5.68157595031056
22.9775,-3.63154163232537,-0.0803773731136506,-5.52368924512082
22.98,-3.63154163232537,-0.0803773731136506,-5.27921950805285
22.9825,-3.646825005885,-0.0803773731136506,-5.25884702996385
22.985,-3.66720283729784,-0.0854730659194392,-5.51350300607633
22.9875,-3.66720283729784,-0.0854730659194392,-5.49822364750958
22.99,-3.67229729515105,-0.0803773731136506,-5.50331676703183
22.9925,-3.67229729515105,-0.0803773731136506,-5.49822364750958
22.995,-3.66210837944463,-0.0803773731136506,-5.35561630088659
22.9975,-3.66210837944463,-0.0803773731136506,-5.31996446423084
23,-3.66210837944463,-0.0803773731136506,-5.33015070327534
23.0025,-3.69776958441711,-0.0803773731136506,-5.72232090648856
23.005,-3.68248621085748,-0.0803773731136506,-5.2537539104416
23.0075,-3.68248621085748,-0.0803773731136506,-5.24866079091935
23.01,-3.65191946373821,-0.0803773731136506,-5.61027227699907
23.0125,-3.70795850012353,-0.075281680307862,-5.44729245228708
23.015,-3.66210837944463,-0.0854730659194392,-5.56443420129882
23.0175,-3.66210837944463,-0.0803773731136506,-5.55934108177657
23.02,-3.65701392159142,-0.0803773731136506,-5.43710621324258
23.0225,-3.646825005885,-0.0803773731136506,-5.22828831283035
23.025,-3.646825005885,-0.0803773731136506,-5.40145437658683
23.0275,-3.63663609017858,-0.0803773731136506,-5.2435676713971
23.03,-3.64173054803179,-0.0803773731136506,-5.39126813754234
23.0325,-3.66210837944463,-0.0803773731136506,-5.40145437658683
23.035,-3.66210837944463,-0.0803773731136506,-5.51859612559857
23.0375,-3.65191946373821,-0.0854730659194392,-5.57462044034332
23.04,-3.63154163232537,-0.0803773731136506,-5.54915484273207
23.0425,-3.66210837944463,-0.0803773731136506,-5.56952732082107
23.045,-3.59588042735289,-0.0803773731136506,-5.53387548416532
23.0475,-3.60097488520611,-0.0803773731136506,-5.47275804989833
23.05,-3.60097488520611,-0.0803773731136506,-5.40145437658683
23.0525,-3.63154163232537,-0.0803773731136506,-5.41673373515358
23.055,-3.63663609017858,-0.0803773731136506,-5.50840988655408
23.0575,-3.63663609017858,-0.0803773731136506,-5.39636125706459
23.06,-3.66720283729784,-0.0803773731136506,-5.2537539104416
23.0625,-3.64173054803179,-0.0803773731136506,-5.49313052798733
23.065,-3.65701392159142,-0.0803773731136506,-5.52368924512082
23.0675,-3.646825005885,-0.0803773731136506,-5.50840988655408
23.07,-3.65701392159142,-0.0803773731136506,-5.48294428894283
23.0725,-3.66210837944463,-0.0803773731136506,-5.65611035269931
23.075,-3.73852524724279,-0.0803773731136506,-5.43201309372033
23.0775,-3.77928091006848,-0.0803773731136506,-5.42182685467583
23.08,-3.77418645221527,-0.0803773731136506,-5.34033694231984
23.0825,-3.77418645221527,-0.0803773731136506,-5.2130089542636
23.085,-0.101082340050429,-0.0854730659194392,-5.2130089542636
23.0875,-0.0908934243440065,-0.0803773731136506,-5.22828831283035
23.09,-0.0959878821972175,-0.0803773731136506,-5.69176218935506
23.0925,-3.41757440249052,-0.0803773731136506,-5.68157595031056
23.095,-3.41757440249052,-0.0803773731136506,-5.18754335665235
23.0975,-3.41757440249052,-0.0803773731136506,-5.20791583474135
23.1,-3.43795223390337,-0.0803773731136506,-5.60008603795457
23.1025,-3.39210211322447,-0.0803773731136506,-5.1926364761746
23.105,-3.42266886034373,-0.0803773731136506,-5.1926364761746
23.1075,-3.43285777605016,-0.0803773731136506,-5.15698463951886
23.11,-3.46342452316942,-0.0803773731136506,-5.15189151999661
23.1125,-3.28511849830705,-0.0803773731136506,-5.15698463951886
23.115,-3.29530741401347,-0.0803773731136506,-5.16717087856335
23.1175,-3.29530741401347,-0.0803773731136506,-5.1722639980856
23.12,-3.29530741401347,-0.0803773731136506,-5.18754335665235
23.1225,-0.101082340050429,-0.0803773731136506,-5.1926364761746
23.125,-0.0959878821972175,-0.0803773731136506,-5.69176218935506
23.1275,-0.0908934243440065,-0.0803773731136506,-5.42691997419808
23.13,-0.0959878821972175,-0.0803773731136506,-5.16207775904111
23.1325,-0.0908934243440065,-0.0803773731136506,-5.1722639980856
23.135,-0.0959878821972175,-0.0803773731136506,-5.16207775904111
23.1375,-3.86588669357306,-0.0803773731136506,-5.17735711760785
23.14,-3.87098115142627,-0.0803773731136506,-5.17735711760785
23.1425,-3.87098115142627,-0.0803773731136506,-5.18754335665235
23.145,-3.88117006713269,-0.0803773731136506,-5.17735711760785
23.1475,-3.87607560927948,-0.0803773731136506,-0.12498255153629
23.15,-3.89645344069232,-0.0803773731136506,-0.0995169539250416
23.1525,-3.94230356137122,-0.0854730659194392,-0.0995169539250416
23.155,-3.91683127210516,-0.0803773731136506,-0.0995169539250416
23.1575,-3.86079223571985,-0.0803773731136506,-5.7579727431443
23.16,-3.92702018781158,-0.075281680307862,-5.53387548416532
23.1625,-3.89645344069232,-0.0803773731136506,-5.69176218935506
23.165,-3.89135898283911,-0.0803773731136506,-5.65101723317706
23.1675,-3.91173681425195,-0.0803773731136506,-5.53896860368757
23.17,-3.8862645249859,-0.0803773731136506,-5.58989979891007
23.1725,-3.90664235639874,-0.0803773731136506,-5.55424796225432
23.175,-3.8862645249859,-0.075281680307862,-5.55934108177657
23.1775,-3.91173681425195,-0.0803773731136506,-5.55424796225432
23.18,-3.87098115142627,-0.0803773731136506,-5.47275804989833
23.1825,-3.8862645249859,-0.0803773731136506,-5.35561630088659
23.185,-3.88117006713269,-0.075281680307862,-5.63064475508807
23.1875,-3.85060332001342,-0.0803773731136506,-5.30977822518634
23.19,-3.83531994645379,-0.0803773731136506,-5.29959198614184
23.1925,-3.83531994645379,-0.0803773731136506,-5.30977822518634
23.195,-3.83022548860058,-0.0803773731136506,-5.30977822518634
23.1975,-3.83022548860058,-0.0803773731136506,-5.30977822518634
23.2,-3.91683127210516,-0.0803773731136506,-0.267589898159278
23.2025,-3.90154789854553,-0.0803773731136506,-5.29449886661959
23.205,-3.90154789854553,-0.075281680307862,-5.29449886661959
23.2075,-3.87098115142627,-0.0803773731136506,-5.28940574709734
23.21,-3.90664235639874,-0.0854730659194392,-5.24866079091935
23.2125,-3.84550886216021,-0.0803773731136506,-5.55934108177657
23.215,-3.84550886216021,-0.0803773731136506,-5.2741263885306
23.2175,-3.86079223571985,-0.0803773731136506,-5.2639401494861
23.22,-3.87607560927948,-0.0803773731136506,-5.2537539104416
23.2225,-3.89135898283911,-0.0803773731136506,-5.25884702996385
23.225,-3.89645344069232,-0.0854730659194392,-5.24866079091935
23.2275,-3.91173681425195,-0.0803773731136506,-5.2435676713971
23.23,-3.87607560927948,-0.0803773731136506,-5.42691997419808
23.2325,-3.87607560927948,-0.0803773731136506,-5.42182685467583
23.235,-3.92702018781158,-0.0803773731136506,-5.38617501802009
23.2375,-3.90154789854553,-0.0803773731136506,-5.50840988655408
23.24,-3.91173681425195,-0.0803773731136506,-5.56443420129882
23.2425,-3.95249247707764,-0.0803773731136506,-5.55934108177657
23.245,-3.94739801922443,-0.0803773731136506,-5.28431262757509
23.2475,-3.91683127210516,-0.0803773731136506,-5.31996446423084
23.25,-3.91683127210516,-0.0803773731136506,-5.36070942040884
23.2525,-3.92702018781158,-0.0803773731136506,-5.34033694231984
23.255,-3.92702018781158,-0.0803773731136506,-5.35052318136434
23.2575,-3.93211464566479,-0.0803773731136506,-5.32505758375309
23.26,-3.8862645249859,-0.075281680307862,-5.27921950805285
23.2625,-3.88117006713269,-0.0803773731136506,-5.29449886661959
23.265,-3.94230356137122,-0.0803773731136506,-5.37089565945334
23.2675,-3.8862645249859,-0.0854730659194392,-5.36070942040884
23.27,-3.88117006713269,-0.0803773731136506,-5.30977822518634
23.2725,-3.88117006713269,-0.075281680307862,-5.29959198614184
23.275,-3.88117006713269,-0.0803773731136506,-5.30468510566409
23.2775,-3.7894698257749,-0.0803773731136506,-5.33015070327534
23.28,-3.87098115142627,-0.0803773731136506,-5.36070942040884
23.2825,-3.87098115142627,-0.0803773731136506,-5.36070942040884
23.285,-3.80984765718774,-0.0803773731136506,-5.36070942040884
23.2875,-3.81494211504095,-0.0803773731136506,-5.33524382279759
23.29,-3.82513103074737,-0.0803773731136506,-5.33524382279759
23.2925,-3.78437536792169,-0.0803773731136506,-5.34033694231984
23.295,-3.78437536792169,-0.0803773731136506,-5.33524382279759
23.2975,-3.77928091006848,-0.0803773731136506,-5.37598877897559
23.3,-0.0959878821972175,-0.0803773731136506,-5.41164061563133
23.3025,-0.0908934243440065,-0.0803773731136506,-5.38108189849784
23.305,-0.0908934243440065,-0.0803773731136506,-5.38617501802009
23.3075,-0.0908934243440065,-0.0803773731136506,-5.39126813754234
23.31,-0.0959878821972175,-0.0803773731136506,-5.37089565945334
23.3125,-0.0959878821972175,-0.0803773731136506,-5.37089565945334
23.315,-3.54493584882079,-0.0803773731136506,-5.44219933276483
23.3175,-3.52455801740795,-0.0854730659194392,-5.36070942040884
23.32,-3.50927464384831,-0.0803773731136506,-5.35561630088659
23.3225,-3.49399127028868,-0.0803773731136506,-5.37089565945334
23.325,-3.48380235458226,-0.0803773731136506,-5.40145437658683
23.3275,-3.47361343887584,-0.0803773731136506,-5.41673373515358
23.33,-3.60097488520611,-0.0803773731136506,-5.38108189849784
23.3325,-3.57550259594005,-0.0854730659194392,-5.39636125706459
23.335,-3.53984139096758,-0.0803773731136506,-5.39126813754234
23.3375,-3.47361343887584,-0.0803773731136506,-5.38108189849784
23.34,-3.56021922238042,-0.0803773731136506,-5.36580253993109
23.3425,-3.53984139096758,-0.075281680307862,-5.39126813754234
23.345,-3.53474693311437,-0.0803773731136506,-5.37089565945334
23.3475,-3.49399127028868,-0.0854730659194392,-5.36580253993109
23.35,-3.50927464384831,-0.0803773731136506,-5.37089565945334
23.3525,-3.51946355955474,-0.0803773731136506,-5.35561630088659
23.355,-3.52455801740795,-0.0854730659194392,-5.36070942040884
23.3575,-3.52455801740795,-0.075281680307862,-5.36580253993109
23.36,-3.5041801859951,-0.0803773731136506,-5.37598877897559
23.3625,-3.47870789672905,-0.0803773731136506,-5.36580253993109
23.365,-3.49399127028868,-0.0854730659194392,-5.38108189849784
23.3675,-3.44814114960979,-0.075281680307862,-5.34033694231984
23.37,-3.44304669175658,-0.0803773731136506,-5.48803740846508
23.3725,-3.44304669175658,-0.075281680307862,-5.45238557180933
23.375,-3.43795223390337,-0.0803773731136506,-5.39126813754234
23.3775,-3.42776331819694,-0.0803773731136506,-5.38108189849784
23.38,-3.41247994463731,-0.0803773731136506,-5.43201309372033
23.3825,-3.40229102893089,-0.0854730659194392,-5.38617501802009
23.385,-3.45833006531621,-0.0803773731136506,-5.38617501802009
23.3875,-3.39210211322447,-0.0803773731136506,-5.44219933276483
23.39,-3.41247994463731,-0.0803773731136506,-5.43201309372033
23.3925,-3.38191319751805,-0.0854730659194392,-5.41164061563133
23.395,-3.40229102893089,-0.0803773731136506,-5.40145437658683
23.3975,-3.39210211322447,-0.0803773731136506,-5.43201309372033
23.4,-3.38700765537126,-0.0803773731136506,-5.42691997419808
23.4025,-3.41247994463731,-0.0803773731136506,-5.41164061563133
23.405,-3.41247994463731,-0.0803773731136506,-5.39126813754234
23.4075,-3.41247994463731,-0.0854730659194392,-5.42691997419808
23.41,-3.41247994463731,-0.0803773731136506,-5.38617501802009
23.4125,-3.41757440249052,-0.0803773731136506,-5.38617501802009
23.415,-3.44304669175658,-0.0854730659194392,-5.37598877897559
23.4175,-3.44304669175658,-0.0803773731136506,-5.39126813754234
23.42,-3.43795223390337,-0.0803773731136506,-5.48803740846508
23.4225,-3.43795223390337,-0.0803773731136506,-5.39126813754234
23.425,-3.45833006531621,-0.0803773731136506,-5.39126813754234
23.4275,-3.49908572814189,-0.0803773731136506,-5.40145437658683
23.43,-3.47361343887584,-0.0803773731136506,-5.37089565945334
23.4325,-3.47361343887584,-0.0803773731136506,-5.45747869133158
23.435,-3.49908572814189,-0.0803773731136506,-5.45238557180933
23.4375,-3.49908572814189,-0.0803773731136506,-5.46766493037608
23.44,-3.49908572814189,-0.0803773731136506,-5.43710621324258
23.4425,-3.54493584882079,-0.0803773731136506,-5.44219933276483
23.445,-3.5041801859951,-0.0803773731136506,-5.43710621324258
23.4475,-3.53474693311437,-0.0803773731136506,-5.45238557180933
23.45,-3.56531368023363,-0.0803773731136506,-5.47275804989833
23.4525,-3.53984139096758,-0.075281680307862,-5.49313052798733
23.455,-3.550030306674,-0.0854730659194392,-5.52878236464307
23.4575,-3.52455801740795,-0.0803773731136506,-5.44219933276483
23.46,-3.550030306674,-0.075281680307862,-5.43710621324258
23.4625,-3.53984139096758,-0.0803773731136506,-5.42691997419808
23.465,-3.56021922238042,-0.0803773731136506,-5.43201309372033
23.4675,-3.56531368023363,-0.0803773731136506,-5.42182685467583
23.47,-3.550030306674,-0.0803773731136506,-5.44729245228708
23.4725,-3.56531368023363,-0.0803773731136506,-5.41164061563133
23.475,-3.58059705379326,-0.0803773731136506,-5.41164061563133
23.4775,-3.58569151164647,-0.0803773731136506,-5.43201309372033
23.48,-3.59078596949968,-0.0803773731136506,-5.41673373515358
23.4825,-3.62644717447216,-0.0803773731136506,-5.51859612559857
23.485,-3.58569151164647,-0.0803773731136506,-5.41164061563133
23.4875,-3.59588042735289,-0.0803773731136506,-5.42182685467583
23.49,-3.57040813808684,-0.0803773731136506,-5.50840988655408
23.4925,-3.56531368023363,-0.0803773731136506,-5.44219933276483
23.495,-3.57040813808684,-0.0803773731136506,-5.43201309372033
23.4975,-3.58569151164647,-0.0803773731136506,-5.41164061563133
23.5,-3.59078596949968,-0.075281680307862,-5.41673373515358
23.5025,-3.62135271661895,-0.0803773731136506,-5.42182685467583
23.505,-3.58059705379326,-0.0803773731136506,-5.48294428894283
23.5075,-3.60097488520611,-0.0803773731136506,-5.49822364750958
23.51,-3.59588042735289,-0.0803773731136506,-5.49822364750958
23.5125,-3.60097488520611,-0.0803773731136506,-5.45747869133158
23.515,-3.60606934305932,-0.0803773731136506,-5.45747869133158
23.5175,-3.61625825876574,-0.0803773731136506,-5.46766493037608
23.52,-3.62135271661895,-0.075281680307862,-5.45747869133158
23.5225,-3.62644717447216,-0.0854730659194392,-0.0995169539250416
23.525,-3.67229729515105,-0.0854730659194392,-0.0995169539250416
23.5275,-3.65701392159142,-0.0803773731136506,-0.0995169539250416
23.53,-3.64173054803179,-0.075281680307862,-0.0995169539250416
23.5325,-3.66720283729784,-0.0803773731136506,-0.0995169539250416
23.535,-3.71305295797674,-0.075281680307862,-0.0995169539250416
23.5375,-3.68758066871069,-0.0803773731136506,-0.0995169539250416
23.54,-3.70286404227032,-0.0803773731136506,-0.0995169539250416
23.5425,-3.73852524724279,-0.0803773731136506,-0.0995169539250416
23.545,-3.75380862080242,-0.0803773731136506,-0.0995169539250416
23.5475,-3.73852524724279,-0.0701859875020752,-5.42182685467583
23.55,-3.76399753650884,-0.0803773731136506,-5.47785116942058
23.5525,-3.78437536792169,-0.0803773731136506,-5.45238557180933
23.555,-3.7894698257749,-0.0803773731136506,-5.43710621324258
23.5575,-3.7894698257749,-0.0803773731136506,-5.46257181085383
23.56,-3.78437536792169,-0.0803773731136506,-5.47275804989833
23.5625,-3.7894698257749,-0.0803773731136506,-5.48294428894283
23.565,-3.80475319933453,-0.0803773731136506,-5.47275804989833
23.5675,-3.83022548860058,-0.0803773731136506,-5.49313052798733
23.57,-3.85569777786664,-0.075281680307862,-5.49822364750958
23.5725,-3.87607560927948,-0.075281680307862,-5.48803740846508
23.575,-3.85060332001342,-0.075281680307862,-5.54406172320982
23.5775,-3.85060332001342,-0.0803773731136506,-5.48803740846508
23.58,-3.87607560927948,-0.0803773731136506,-5.47785116942058
23.5825,-3.87607560927948,-0.0803773731136506,-5.57462044034332
23.585,-3.8862645249859,-0.0803773731136506,-5.50331676703183
23.5875,-3.89135898283911,-0.0803773731136506,-5.51859612559857
23.59,-3.8862645249859,-0.0803773731136506,-5.50840988655408
23.5925,-3.8862645249859,-0.0803773731136506,-5.51350300607633
23.595,-3.89135898283911,-0.075281680307862,-5.57462044034332
23.5975,-3.89135898283911,-0.0803773731136506,-5.62045851604357
23.6,-3.89135898283911,-0.075281680307862,-5.51350300607633
23.6025,-3.89645344069232,-0.0803773731136506,-5.55424796225432
23.605,-3.8862645249859,-0.0803773731136506,-5.51859612559857
23.6075,-3.85060332001342,-0.0803773731136506,-5.52368924512082
23.61,-3.84550886216021,-0.075281680307862,-5.58480667938782
23.6125,-3.83531994645379,-0.0803773731136506,-5.57462044034332
23.615,-3.82003657289416,-0.0803773731136506,-5.55424796225432
23.6175,-3.82003657289416,-0.0854730659194392,-5.54915484273207
23.62,-3.79965874148132,-0.0854730659194392,-5.63064475508807
23.6225,-3.79965874148132,-0.0803773731136506,-5.62555163556582
23.625,-3.74871416294921,-0.0854730659194392,-5.63064475508807
23.6275,-3.68758066871069,-0.0803773731136506,-5.59499291843232
23.63,-3.71305295797674,-0.0803773731136506,-5.60008603795457
23.6325,-3.646825005885,-0.0803773731136506,-5.61536539652132
23.635,-3.63154163232537,-0.0803773731136506,-5.60517915747682
23.6375,-3.62135271661895,-0.0803773731136506,-5.63573787461031
23.64,-3.59078596949968,-0.0803773731136506,-5.62555163556582
23.6425,-3.60097488520611,-0.0803773731136506,-5.64083099413256
23.645,-3.60097488520611,-0.075281680307862,-5.62045851604357
23.6475,-3.51946355955474,-0.0803773731136506,-5.60008603795457
23.65,-3.5041801859951,-0.0803773731136506,-5.87511449215604
23.6525,-3.45833006531621,-0.0803773731136506,-5.66120347222156
23.655,-3.43795223390337,-0.0803773731136506,-5.70704154792181
23.6575,-3.40229102893089,-0.0803773731136506,-5.72741402601081
23.66,-3.38700765537126,-0.0803773731136506,-5.65101723317706
23.6625,-3.37172428181163,-0.0803773731136506,-5.67648283078831
23.665,-3.37172428181163,-0.0803773731136506,-5.66629659174381
23.6675,-3.36662982395842,-0.0803773731136506,-5.71722778696631
23.67,-3.37681873966484,-0.0803773731136506,-5.65101723317706
23.6725,-3.38191319751805,-0.0803773731136506,-5.66120347222156
23.675,-3.37681873966484,-0.0803773731136506,-5.64083099413256
23.6775,-3.38700765537126,-0.0803773731136506,-5.70704154792181
23.68,-3.38700765537126,-0.0803773731136506,-5.65101723317706
23.6825,-3.36662982395842,-0.0803773731136506,-5.65611035269931
23.685,-3.36662982395842,-0.0803773731136506,-5.79362457980005
23.6875,-3.33606307683915,-0.0803773731136506,-5.63064475508807
23.69,-3.33606307683915,-0.0803773731136506,-5.64083099413256
23.6925,-3.33096861898594,-0.0803773731136506,-5.61027227699907
23.695,-3.31568524542631,-0.075281680307862,-5.64592411365481
23.6975,-3.30549632971989,-0.0803773731136506,-5.8394626555003
23.7,-3.29530741401347,-0.075281680307862,-5.66120347222156
23.7025,-3.27492958260063,-0.0803773731136506,-5.58989979891007
23.705,-3.29530741401347,-0.0803773731136506,-5.60517915747682
23.7075,-3.31568524542631,-0.0803773731136506,-5.62555163556582
23.71,-3.27492958260063,-0.0803773731136506,-5.87002137263379
23.7125,-3.26474066689421,-0.0803773731136506,-5.89039385072279
23.715,-3.26474066689421,-0.0803773731136506,-5.8292764164558
23.7175,-3.24436283548136,-0.0803773731136506,-5.62555163556582
23.72,-3.25455175118779,-0.0803773731136506,-5.61536539652132
23.7225,-3.259646209041,-0.0803773731136506,-5.66120347222156
23.725,-3.259646209041,-0.0803773731136506,-5.60008603795457
23.7275,-3.25455175118779,-0.0803773731136506,-5.64083099413256
23.73,-3.28511849830705,-0.0803773731136506,-5.66120347222156
23.7325,-3.27492958260063,-0.0803773731136506,-5.93113880690079
23.735,-3.31568524542631,-0.0803773731136506,-5.62045851604357
23.7375,-3.28511849830705,-0.0803773731136506,-5.63573787461031
23.74,-3.30040187186668,-0.0803773731136506,-5.61536539652132
23.7425,-3.26474066689421,-0.075281680307862,-5.58989979891007
23.745,-3.26983512474742,-0.0854730659194392,-5.58989979891007
23.7475,-3.28511849830705,-0.0803773731136506,-5.61027227699907
23.75,-3.3105907875731,-0.0803773731136506,-5.8598351335893
23.7525,-3.30040187186668,-0.0803773731136506,-5.58480667938782
23.755,-3.29530741401347,-0.0803773731136506,-5.97188376307879
23.7575,-3.32587416113273,-0.0803773731136506,-5.68157595031056
23.76,-3.33096861898594,-0.0803773731136506,-5.58480667938782
23.7625,-3.38700765537126,-0.0803773731136506,-5.57462044034332
23.765,-3.39210211322447,-0.075281680307862,-5.61536539652132
23.7675,-3.39719657107768,-0.0803773731136506,-5.8598351335893
23.77,-3.4073854867841,-0.0803773731136506,-5.56952732082107
23.7725,-3.41757440249052,-0.0803773731136506,-5.57462044034332
23.775,-3.43285777605016,-0.0803773731136506,-5.58480667938782
23.7775,-3.44814114960979,-0.0803773731136506,-5.57971355986557
23.78,-3.46342452316942,-0.0803773731136506,-5.57462044034332
23.7825,-3.5041801859951,-0.0803773731136506,-5.56952732082107
23.785,-3.5041801859951,-0.0854730659194392,-5.55424796225432
23.7875,-3.550030306674,-0.0803773731136506,-5.88530073120054
23.79,-3.54493584882079,-0.0803773731136506,-5.57462044034332
23.7925,-3.58059705379326,-0.0854730659194392,-5.57971355986557
23.795,-3.58059705379326,-0.0803773731136506,-5.57462044034332
23.7975,-3.58059705379326,-0.0803773731136506,-0.10461007344729
23.8,-3.61625825876574,-0.0803773731136506,-0.10461007344729
23.8025,-3.61625825876574,-0.0803773731136506,-0.0995169539250416
23.805,-3.66210837944463,-0.0803773731136506,-5.8598351335893
23.8075,-3.66210837944463,-0.0803773731136506,-5.84455577502255
23.81,-3.646825005885,-0.0803773731136506,-5.80381081884455
23.8125,-3.65191946373821,-0.0803773731136506,-5.8089039383668
23.815,-3.68248621085748,-0.0803773731136506,-5.7987176993223
23.8175,-3.69776958441711,-0.0854730659194392,-5.94641816546754
23.82,-3.66720283729784,-0.0803773731136506,-5.62555163556582
23.8225,-3.71305295797674,-0.0803773731136506,-5.98716312164553
23.825,-3.71814741582995,-0.0803773731136506,-5.91585944833404
23.8275,-3.71814741582995,-0.0803773731136506,-5.61027227699907
23.83,-3.69776958441711,-0.0803773731136506,-5.61027227699907
23.8325,-3.743619705096,-0.0803773731136506,-5.57971355986557
23.835,-3.71305295797674,-0.0803773731136506,-5.58989979891007
23.8375,-3.6926751265639,-0.0803773731136506,-5.58480667938782
23.84,-3.74871416294921,-0.0803773731136506,-5.57971355986557
23.8425,-3.72833633153637,-0.0803773731136506,-5.52878236464307
23.845,-3.74871416294921,-0.0803773731136506,-5.50331676703183
23.8475,-3.743619705096,-0.0803773731136506,-5.48294428894283
23.85,-3.73852524724279,-0.0803773731136506,-5.8394626555003
23.8525,-3.70795850012353,-0.0803773731136506,-5.88530073120054
23.855,-3.70286404227032,-0.0803773731136506,-5.50840988655408
23.8575,-3.69776958441711,-0.0803773731136506,-5.8598351335893
23.86,-3.66210837944463,-0.0803773731136506,-5.94641816546754
23.8625,-3.66210837944463,-0.0803773731136506,-5.53896860368757
23.865,-3.646825005885,-0.0803773731136506,-5.91585944833404
23.8675,-3.63154163232537,-0.075281680307862,-5.85474201406705
23.87,-3.62135271661895,-0.0803773731136506,-5.57462044034332
23.8725,-3.61625825876574,-0.0803773731136506,-5.8292764164558
23.875,-3.60097488520611,-0.0803773731136506,-5.7681589821888
23.8775,-3.62135271661895,-0.0803773731136506,-5.66120347222156
23.88,-3.61116380091253,-0.0803773731136506,-5.47275804989833
23.8825,-3.58569151164647,-0.0803773731136506,-5.65101723317706
23.885,-3.56021922238042,-0.0803773731136506,-5.58480667938782
23.8875,-3.58059705379326,-0.0803773731136506,-5.56443420129882
23.89,-3.550030306674,-0.0803773731136506,-5.55934108177657
23.8925,-3.53474693311437,-0.0854730659194392,-6.07374615352378
23.895,-3.59588042735289,-0.0803773731136506,-5.95151128498979
23.8975,-3.52965247526116,-0.0803773731136506,-5.96169752403429
23.9,-3.52455801740795,-0.0803773731136506,-5.91076632881179
23.9025,-3.51946355955474,-0.0803773731136506,-5.93113880690079
23.905,-3.5041801859951,-0.0803773731136506,-5.45747869133158
23.9075,-3.453235607463,-0.0803773731136506,-6.02281495830128
23.91,-3.44814114960979,-0.0803773731136506,-5.88530073120054
23.9125,-3.43795223390337,-0.0803773731136506,-5.89039385072279
23.915,-3.43285777605016,-0.0803773731136506,-5.87511449215604
23.9175,-3.42266886034373,-0.0854730659194392,-5.91076632881179
23.92,-3.41757440249052,-0.0803773731136506,-5.93113880690079
23.9225,-3.4073854867841,-0.0803773731136506,-5.92095256785629
23.925,-3.42776331819694,-0.0803773731136506,-5.8394626555003
23.9275,-3.43795223390337,-0.0803773731136506,-5.8190901774113
23.93,-3.48380235458226,-0.0803773731136506,-5.62045851604357
23.9325,-3.41757440249052,-0.0803773731136506,-5.61536539652132
23.935,-3.41757440249052,-0.0803773731136506,-5.73760026505531
23.9375,-3.43285777605016,-0.0803773731136506,-5.58989979891007
23.94,-3.39210211322447,-0.0803773731136506,-5.55424796225432
23.9425,-3.43285777605016,-0.075281680307862,-5.54406172320982
23.945,-3.41757440249052,-0.0803773731136506,-5.51859612559857
23.9475,-3.45833006531621,-0.0803773731136506,-5.50840988655408
23.95,-3.44814114960979,-0.0803773731136506,-5.50331676703183
23.9525,-3.42266886034373,-0.0803773731136506,-5.54915484273207
23.955,-3.45833006531621,-0.0803773731136506,-5.88020761167829
23.9575,-3.43795223390337,-0.0803773731136506,-5.8598351335893
23.96,-3.43795223390337,-0.0803773731136506,-5.46257181085383
23.9625,-3.4073854867841,-0.075281680307862,-5.53387548416532
23.965,-3.453235607463,-0.0803773731136506,-5.52368924512082
23.9675,-3.44814114960979,-0.0854730659194392,-5.48803740846508
23.97,-3.43285777605016,-0.0803773731136506,-5.50331676703183
23.9725,-3.42776331819694,-0.0803773731136506,-5.51350300607633
23.975,-3.42266886034373,-0.0803773731136506,-5.47275804989833
23.9775,-3.44814114960979,-0.0803773731136506,-5.49822364750958
23.98,-3.44814114960979,-0.0803773731136506,-5.87002137263379
23.9825,-3.44304669175658,-0.0803773731136506,-5.48803740846508
23.985,-3.44304669175658,-0.0803773731136506,-5.48294428894283
23.9875,-3.41757440249052,-0.0803773731136506,-5.48803740846508
23.99,-3.41757440249052,-0.0803773731136506,-5.47785116942058
23.9925,-3.42266886034373,-0.0803773731136506,-5.47785116942058
23.995,-3.42776331819694,-0.0803773731136506,-5.46766493037608
23.9975,-3.43285777605016,-0.0803773731136506,-5.57462044034332
24,-3.43795223390337,-0.0803773731136506,-5.55424796225432
24.0025,-3.43795223390337,-0.0803773731136506,-6.00753559973453
24.005,-3.43795223390337,-0.0803773731136506,-5.70194842839956
24.0075,-3.45833006531621,-0.0854730659194392,-5.43710621324258
24.01,-3.45833006531621,-0.0803773731136506,-5.72232090648856
24.0125,-3.49399127028868,-0.0854730659194392,-5.71722778696631
24.015,-3.47361343887584,-0.0803773731136506,-5.48803740846508
24.0175,-3.45833006531621,-0.0803773731136506,-5.41673373515358
24.02,-3.453235607463,-0.075281680307862,-5.74778650409981
24.0225,-3.48380235458226,-0.0803773731136506,-5.48803740846508
24.025,-3.47361343887584,-0.0803773731136506,-5.49822364750958
24.0275,-3.49908572814189,-0.0803773731136506,-5.46257181085383
24.03,-3.46342452316942,-0.0803773731136506,-5.46766493037608
24.0325,-3.46342452316942,-0.0803773731136506,-5.8598351335893
24.035,-3.48889681243547,-0.0803773731136506,-5.7579727431443
24.0375,-3.5041801859951,-0.0803773731136506,-5.42691997419808
24.04,-3.46342452316942,-0.0803773731136506,-5.84455577502255
24.0425,-3.46342452316942,-0.0854730659194392,-5.42182685467583
24.045,-3.453235607463,-0.075281680307862,-5.42691997419808
24.0475,-3.45833006531621,-0.0803773731136506,-5.35561630088659
24.05,-3.46342452316942,-0.0803773731136506,-5.7681589821888
24.0525,-3.47361343887584,-0.0803773731136506,-5.67648283078831
24.055,-3.48889681243547,-0.0803773731136506,-5.67138971126606
24.0575,-3.49399127028868,-0.075281680307862,-5.29449886661959
24.06,-3.49399127028868,-0.0803773731136506,-5.31996446423084
24.0625,-3.51946355955474,-0.075281680307862,-5.69176218935506
24.065,-3.47870789672905,-0.0803773731136506,-5.71722778696631
24.0675,-3.50927464384831,-0.0803773731136506,-5.29959198614184
24.07,-3.550030306674,-0.0803773731136506,-5.25884702996385
24.0725,-3.50927464384831,-0.0803773731136506,-5.28431262757509
24.075,-3.51946355955474,-0.0803773731136506,-5.77325210171105
24.0775,-3.57040813808684,-0.0803773731136506,-5.70704154792181
24.08,-3.54493584882079,-0.0803773731136506,-5.25884702996385
24.0825,-3.59588042735289,-0.0803773731136506,-5.61536539652132
24.085,-3.60097488520611,-0.0803773731136506,-5.61027227699907
24.0875,-3.58569151164647,-0.0803773731136506,-5.2537539104416
24.09,-3.58569151164647,-0.0803773731136506,-5.2130089542636
24.0925,-3.60606934305932,-0.0803773731136506,-5.2435676713971
24.095,-3.60097488520611,-0.0803773731136506,-5.23847455187485
24.0975,-3.60097488520611,-0.0803773731136506,-5.23847455187485
24.1,-3.60606934305932,-0.0803773731136506,-5.24866079091935
24.1025,-3.60606934305932,-0.0803773731136506,-5.30977822518634
24.105,-3.64173054803179,-0.0803773731136506,-5.70194842839956
24.1075,-3.64173054803179,-0.0803773731136506,-5.2741263885306
24.11,-3.66210837944463,-0.0854730659194392,-5.63064475508807
24.1125,-3.66720283729784,-0.0803773731136506,-5.69176218935506
24.115,-3.66210837944463,-0.0854730659194392,-5.42691997419808
24.1175,-3.66210837944463,-0.0803773731136506,-5.35052318136434
24.12,-3.68758066871069,-0.0803773731136506,-5.66629659174381
24.1225,-3.67229729515105,-0.0803773731136506,-5.71722778696631
24.125,-3.71305295797674,-0.0803773731136506,-5.2639401494861
24.1275,-3.72833633153637,-0.0803773731136506,-5.70194842839956
24.13,-3.72833633153637,-0.0803773731136506,-5.25884702996385
24.1325,-3.73343078938958,-0.0803773731136506,-5.2537539104416
24.135,-3.75380862080242,-0.0803773731136506,-5.24866079091935
24.1375,-3.76909199436206,-0.0803773731136506,-5.24866079091935
24.14,-3.81494211504095,-0.0854730659194392,-5.25884702996385
24.1425,-3.75890307865563,-0.0803773731136506,-5.68157595031056
24.145,-3.82003657289416,-0.0803773731136506,-5.67138971126606
24.1475,-3.82003657289416,-0.0803773731136506,-5.66629659174381
24.15,-3.80475319933453,-0.0803773731136506,-5.60517915747682
24.1525,-3.78437536792169,-0.0803773731136506,-5.63064475508807
24.155,-3.80984765718774,-0.0803773731136506,-5.51859612559857
24.1575,-3.80984765718774,-0.0803773731136506,-5.2231951933081
24.16,-3.81494211504095,-0.0803773731136506,-5.73760026505531
24.1625,-3.80984765718774,-0.0803773731136506,-5.74269338457756
24.165,-3.83022548860058,-0.0803773731136506,-5.76306586266655
24.1675,-3.81494211504095,-0.0803773731136506,-5.36580253993109
24.17,-3.82003657289416,-0.0803773731136506,-5.35561630088659
24.1725,-3.80984765718774,-0.0803773731136506,-5.34033694231984
24.175,-3.81494211504095,-0.0803773731136506,-5.29959198614184
24.1775,-3.90154789854553,-0.0803773731136506,-5.33524382279759
24.18,-3.90154789854553,-0.0803773731136506,-5.28940574709734
24.1825,-3.91173681425195,-0.0803773731136506,-5.74269338457756
24.185,-3.89135898283911,-0.0803773731136506,-5.30468510566409
24.1875,-3.89135898283911,-0.0803773731136506,-5.31487134470859
24.19,-3.90154789854553,-0.0803773731136506,-5.73760026505531
24.1925,-3.89135898283911,-0.0803773731136506,-5.30977822518634
24.195,-3.88117006713269,-0.0803773731136506,-5.45747869133158
24.1975,-3.87607560927948,-0.0803773731136506,-5.70704154792181
24.2,-3.87098115142627,-0.0803773731136506,-5.71213466744406
24.2025,-3.86588669357306,-0.0803773731136506,-5.41673373515358
24.205,-3.86079223571985,-0.0803773731136506,-5.55934108177657
24.2075,-3.85060332001342,-0.0803773731136506,-5.45747869133158
24.21,-3.84550886216021,-0.0803773731136506,-5.47275804989833
24.2125,-3.840414404307,-0.0803773731136506,-5.46257181085383
24.215,-3.83022548860058,-0.0803773731136506,-5.45747869133158
24.2175,-3.81494211504095,-0.0803773731136506,-5.43710621324258
24.22,-3.82513103074737,-0.0803773731136506,-5.42182685467583
24.2225,-3.81494211504095,-0.0803773731136506,-5.39636125706459
24.225,-3.79456428362811,-0.0803773731136506,-5.38108189849784
24.2275,-3.78437536792169,-0.0803773731136506,-5.36580253993109
24.23,-3.79456428362811,-0.0803773731136506,-5.36070942040884
24.2325,-3.76399753650884,-0.0803773731136506,-5.34543006184209
24.235,-3.72833633153637,-0.0803773731136506,-5.36580253993109
24.2375,-3.743619705096,-0.0803773731136506,-5.37598877897559
24.24,-3.71305295797674,-0.0803773731136506,-5.36580253993109
24.2425,-3.70795850012353,-0.0803773731136506,-5.31996446423084
24.245,-3.68758066871069,-0.0803773731136506,-5.30977822518634
24.2475,-3.67739175300426,-0.0803773731136506,-5.33524382279759
24.25,-3.66210837944463,-0.0803773731136506,-5.32505758375309
24.2525,-3.65701392159142,-0.0803773731136506,-5.31996446423084
24.255,-3.62135271661895,-0.0803773731136506,-5.31487134470859
24.2575,-3.60606934305932,-0.0803773731136506,-5.32505758375309
24.26,-3.59588042735289,-0.0803773731136506,-5.33015070327534
24.2625,-3.60606934305932,-0.0803773731136506,-5.33524382279759
24.265,-3.56021922238042,-0.075281680307862,-5.32505758375309
24.2675,-3.58059705379326,-0.0803773731136506,-5.33015070327534
24.27,-3.59078596949968,-0.0803773731136506,-5.88020761167829
24.2725,-3.56021922238042,-0.0803773731136506,-5.38108189849784
24.275,-3.56021922238042,-0.0803773731136506,-5.41164061563133
24.2775,-3.51436910170153,-0.0803773731136506,-5.36580253993109
24.28,-3.5041801859951,-0.0803773731136506,-5.8496488945448
24.2825,-3.550030306674,-0.0803773731136506,-5.34543006184209
24.285,-3.58059705379326,-0.0803773731136506,-5.34033694231984
24.2875,-3.47361343887584,-0.0803773731136506,-5.34033694231984
24.29,-3.47361343887584,-0.0803773731136506,-0.0995169539250416
24.2925,-3.47361343887584,-0.0803773731136506,-5.48803740846508
24.295,-3.49399127028868,-0.0803773731136506,-5.46257181085383
24.2975,-3.51946355955474,-0.075281680307862,-5.8394626555003
24.3,-3.50927464384831,-0.0803773731136506,-5.36070942040884
24.3025,-3.5041801859951,-0.0803773731136506,-5.80381081884455
24.305,-3.47870789672905,-0.0803773731136506,-5.45747869133158
24.3075,-3.5041801859951,-0.0803773731136506,-5.44729245228708
24.31,-3.5041801859951,-0.0803773731136506,-5.42182685467583
24.3125,-3.48889681243547,-0.0803773731136506,-5.41673373515358
24.315,-3.48380235458226,-0.0803773731136506,-5.44729245228708
24.3175,-3.5041801859951,-0.0803773731136506,-5.43710621324258
24.32,-3.49399127028868,-0.0803773731136506,-5.49313052798733
24.3225,-3.44814114960979,-0.0803773731136506,-5.73760026505531
24.325,-3.453235607463,-0.0803773731136506,-5.46257181085383
24.3275,-3.45833006531621,-0.0803773731136506,-5.41164061563133
24.33,-3.52455801740795,-0.0803773731136506,-5.43710621324258
24.3325,-3.46851898102263,-0.0803773731136506,-5.43201309372033
24.335,-3.47870789672905,-0.0803773731136506,-5.52368924512082
24.3375,-3.48380235458226,-0.0803773731136506,-5.52368924512082
24.34,-3.51436910170153,-0.0803773731136506,-5.49822364750958
24.3425,-3.53984139096758,-0.0803773731136506,-5.49313052798733
24.345,-3.56531368023363,-0.0803773731136506,-5.50840988655408
24.3475,-3.59588042735289,-0.0803773731136506,-5.73250714553306
24.35,-3.62135271661895,-0.0803773731136506,-5.48294428894283
24.3525,-3.65701392159142,-0.0854730659194392,-5.47785116942058
24.355,-3.61625825876574,-0.0803773731136506,-5.46766493037608
24.3575,-3.58569151164647,-0.0803773731136506,-5.46766493037608
24.36,-3.62644717447216,-0.0803773731136506,-5.66120347222156
24.3625,-3.61116380091253,-0.0803773731136506,-5.48803740846508
24.365,-3.61625825876574,-0.0803773731136506,-5.47275804989833
24.3675,-3.61625825876574,-0.0803773731136506,-5.46766493037608
24.37,-3.62135271661895,-0.0803773731136506,-5.45238557180933
24.3725,-3.61625825876574,-0.0803773731136506,-5.48803740846508
24.375,-3.62135271661895,-0.0803773731136506,-5.47785116942058
24.3775,-3.63154163232537,-0.0803773731136506,-5.7783452212333
24.38,-3.646825005885,-0.0803773731136506,-5.48294428894283
24.3825,-3.65191946373821,-0.0803773731136506,-5.48294428894283
24.385,-3.66210837944463,-0.0803773731136506,-5.71722778696631
24.3875,-3.66210837944463,-0.0803773731136506,-5.45238557180933
24.39,-3.71305295797674,-0.0803773731136506,-5.49313052798733
24.3925,-3.72324187368316,-0.0803773731136506,-5.43710621324258
24.395,-3.72833633153637,-0.0803773731136506,-5.50331676703183
24.3975,-3.71814741582995,-0.075281680307862,-5.50331676703183
24.4,-3.71814741582995,-0.0854730659194392,-5.47275804989833
24.4025,-3.72324187368316,-0.0803773731136506,-5.49313052798733
24.405,-3.72324187368316,-0.0803773731136506,-5.49822364750958
24.4075,-3.72833633153637,-0.075281680307862,-5.48294428894283
24.41,-3.743619705096,-0.0803773731136506,-5.46257181085383
24.4125,-3.743619705096,-0.075281680307862,-5.45238557180933
24.415,-3.75380862080242,-0.0803773731136506,-5.48803740846508
24.4175,-3.75890307865563,-0.0803773731136506,-5.49313052798733
24.42,-3.80984765718774,-0.0803773731136506,-5.49822364750958
24.4225,-3.81494211504095,-0.0803773731136506,-5.49822364750958
24.425,-3.80984765718774,-0.0854730659194392,-5.7987176993223
24.4275,-3.79965874148132,-0.0803773731136506,-5.49313052798733
24.43,-3.76399753650884,-0.075281680307862,-5.60008603795457
24.4325,-3.79456428362811,-0.0803773731136506,-5.52878236464307
24.435,-3.7894698257749,-0.0803773731136506,-5.48294428894283
24.4375,-3.78437536792169,-0.0803773731136506,-5.48294428894283
24.44,-3.73852524724279,-0.0803773731136506,-5.47785116942058
24.4425,-3.72324187368316,-0.0803773731136506,-5.48294428894283
24.445,-3.71305295797674,-0.0803773731136506,-5.48803740846508
24.4475,-3.69776958441711,-0.0803773731136506,-5.52368924512082
24.45,-3.69776958441711,-0.0803773731136506,-5.49313052798733
24.4525,-3.68248621085748,-0.0803773731136506,-5.54915484273207
24.455,-3.67229729515105,-0.0803773731136506,-5.53896860368757
24.4575,-3.6926751265639,-0.0803773731136506,-5.83436953597805
24.46,-3.68758066871069,-0.0803773731136506,-5.69685530887731
24.4625,-3.67229729515105,-0.0803773731136506,-5.58480667938782
24.465,-3.646825005885,-0.0803773731136506,-5.69176218935506
24.4675,-3.63663609017858,-0.0803773731136506,-5.46766493037608
24.47,-3.62135271661895,-0.0803773731136506,-5.44219933276483
24.4725,-3.60097488520611,-0.0803773731136506,-5.70194842839956
24.475,-3.60606934305932,-0.0803773731136506,-5.69176218935506
24.4775,-3.58059705379326,-0.0803773731136506,-5.43201309372033
24.48,-3.58059705379326,-0.0803773731136506,-5.41164061563133
24.4825,-3.57040813808684,-0.075281680307862,-5.53387548416532
24.485,-3.56531368023363,-0.0803773731136506,-5.40654749610908
24.4875,-3.550030306674,-0.0803773731136506,-5.40654749610908
24.49,-3.55512476452721,-0.0803773731136506,-5.43710621324258
24.4925,-3.54493584882079,-0.0803773731136506,-5.67138971126606
24.495,-3.54493584882079,-0.0803773731136506,-5.8190901774113
24.4975,-3.54493584882079,-0.0803773731136506,-5.41164061563133
24.5,-3.51946355955474,-0.0803773731136506,-5.45747869133158
24.5025,-3.5041801859951,-0.0803773731136506,-5.45238557180933
24.505,-3.49399127028868,-0.0803773731136506,-5.38108189849784
24.5075,-3.47870789672905,-0.0803773731136506,-5.37089565945334
24.51,-3.53984139096758,-0.0803773731136506,-5.38108189849784
24.5125,-3.43795223390337,-0.0803773731136506,-5.53387548416532
24.515,-3.42776331819694,-0.0803773731136506,-5.39126813754234
24.5175,-3.42266886034373,-0.0803773731136506,-5.35561630088659
24.52,-3.44814114960979,-0.0803773731136506,-5.35561630088659
24.5225,-3.44304669175658,-0.0803773731136506,-5.37598877897559
24.525,-3.453235607463,-0.0803773731136506,-5.37598877897559
24.5275,-3.42266886034373,-0.0803773731136506,-5.37598877897559
24.53,-3.42776331819694,-0.0803773731136506,-5.38617501802009
24.5325,-3.37681873966484,-0.0803773731136506,-5.37089565945334
24.535,-3.37681873966484,-0.0803773731136506,-5.37089565945334
24.5375,-3.37681873966484,-0.0803773731136506,-5.51350300607633
24.54,-3.37681873966484,-0.0803773731136506,-5.44729245228708
24.5425,-3.37681873966484,-0.0803773731136506,-5.39636125706459
24.545,-3.43285777605016,-0.0803773731136506,-5.32505758375309
24.5475,-3.43285777605016,-0.0803773731136506,-5.36070942040884
24.55,-3.44304669175658,-0.0803773731136506,-5.35561630088659
24.5525,-3.49908572814189,-0.0803773731136506,-5.37089565945334
24.555,-3.453235607463,-0.0803773731136506,-5.34033694231984
24.5575,-3.43795223390337,-0.0803773731136506,-5.36070942040884
24.56,-3.44814114960979,-0.0803773731136506,-5.31996446423084
24.5625,-3.42776331819694,-0.0803773731136506,-5.35561630088659
24.565,-3.45833006531621,-0.0803773731136506,-5.32505758375309
24.5675,-3.453235607463,-0.0803773731136506,-5.54406172320982
24.57,-3.47361343887584,-0.0803773731136506,-5.29959198614184
24.5725,-3.44814114960979,-0.0803773731136506,-5.33524382279759
24.575,-3.45833006531621,-0.075281680307862,-5.32505758375309
24.5775,-3.46851898102263,-0.075281680307862,-5.32505758375309
24.58,-3.47870789672905,-0.0803773731136506,-5.31487134470859
24.5825,-3.46851898102263,-0.0803773731136506,-5.36070942040884
24.585,-3.47361343887584,-0.0803773731136506,-5.29959198614184
24.5875,-3.48380235458226,-0.0803773731136506,-5.29959198614184
24.59,-3.51946355955474,-0.0803773731136506,-5.32505758375309
24.5925,-3.59588042735289,-0.0803773731136506,-5.60517915747682
24.595,-3.57550259594005,-0.0803773731136506,-5.40654749610908
24.5975,-3.56021922238042,-0.0803773731136506,-5.68157595031056
24.6,-3.56021922238042,-0.0803773731136506,-5.42182685467583
24.6025,-3.56021922238042,-0.0803773731136506,-5.34033694231984
24.605,-3.56021922238042,-0.0803773731136506,-5.55424796225432
24.6075,-3.53984139096758,-0.0803773731136506,-5.31996446423084
24.61,-3.56021922238042,-0.0803773731136506,-5.33015070327534
24.6125,-3.50927464384831,-0.0803773731136506,-5.31996446423084
24.615,-3.55512476452721,-0.0803773731136506,-0.10461007344729
24.6175,-3.63154163232537,-0.0803773731136506,-0.0995169539250416
24.62,-3.62135271661895,-0.0803773731136506,-0.0995169539250416
24.6225,-3.56021922238042,-0.075281680307862,-0.0995169539250416
24.625,-3.60606934305932,-0.0803773731136506,-5.33015070327534
24.6275,-3.60097488520611,-0.0803773731136506,-5.69685530887731
24.63,-3.63663609017858,-0.0803773731136506,-5.30468510566409
24.6325,-3.66210837944463,-0.0803773731136506,-5.38617501802009
24.635,-3.66210837944463,-0.0803773731136506,-5.29449886661959
24.6375,-3.68248621085748,-0.0803773731136506,-5.34033694231984
24.64,-3.67229729515105,-0.0803773731136506,-5.36580253993109
24.6425,-3.62644717447216,-0.0803773731136506,-5.37598877897559
24.645,-3.60606934305932,-0.0803773731136506,-5.35561630088659
24.6475,-3.60606934305932,-0.0803773731136506,-5.37089565945334
24.65,-3.66210837944463,-0.0803773731136506,-5.33524382279759
24.6525,-3.68248621085748,-0.0803773731136506,-5.35052318136434
24.655,-3.65191946373821,-0.0803773731136506,-5.34543006184209
24.6575,-3.66720283729784,-0.0803773731136506,-5.35561630088659
24.66,-3.70795850012353,-0.0803773731136506,-5.34543006184209
24.6625,-3.70286404227032,-0.0803773731136506,-0.10461007344729
24.665,-3.69776958441711,-0.0803773731136506,-5.38108189849784
24.6675,-3.68758066871069,-0.0803773731136506,-5.37598877897559
24.67,-3.68758066871069,-0.0803773731136506,-5.37089565945334
24.6725,-3.68248621085748,-0.0803773731136506,-5.36070942040884
24.675,-3.68248621085748,-0.0854730659194392,-5.64083099413256
24.6775,-3.66210837944463,-0.0803773731136506,-5.42691997419808
24.68,-3.66210837944463,-0.0803773731136506,-5.63573787461031
24.6825,-3.68758066871069,-0.0803773731136506,-5.62555163556582
24.685,-3.67229729515105,-0.0803773731136506,-5.37598877897559
24.6875,-3.68758066871069,-0.0803773731136506,-5.31996446423084
24.69,-3.64173054803179,-0.0803773731136506,-5.60008603795457
24.6925,-3.73343078938958,-0.0803773731136506,-5.58989979891007
24.695,-3.63154163232537,-0.0803773731136506,-5.33524382279759
24.6975,-3.63154163232537,-0.0803773731136506,-5.33015070327534
24.7,-3.646825005885,-0.0803773731136506,-5.33524382279759
24.7025,-3.65191946373821,-0.0803773731136506,-5.33524382279759
24.705,-3.62644717447216,-0.0803773731136506,-5.36580253993109
24.7075,-3.59588042735289,-0.0854730659194392,-5.35561630088659
24.71,-3.59078596949968,-0.0803773731136506,-5.35561630088659
24.7125,-3.60097488520611,-0.0803773731136506,-5.70704154792181
24.715,-3.68758066871069,-0.0803773731136506,-5.41673373515358
24.7175,-3.62135271661895,-0.0803773731136506,-5.39126813754234
24.72,-3.62135271661895,-0.0803773731136506,-5.38108189849784
24.7225,-3.57550259594005,-0.0803773731136506,-5.8598351335893
24.725,-3.60606934305932,-0.075281680307862,-5.34033694231984
24.7275,-3.646825005885,-0.0803773731136506,-5.35052318136434
24.73,-3.65191946373821,-0.0803773731136506,-5.33524382279759
24.7325,-3.61116380091253,-0.0803773731136506,-5.35052318136434
24.735,-3.74871416294921,-0.075281680307862,-5.33524382279759
24.7375,-3.68758066871069,-0.0803773731136506,-5.37089565945334
24.74,-3.68758066871069,-0.0803773731136506,-5.38617501802009
24.7425,-3.85060332001342,-0.0803773731136506,-5.70194842839956
24.745,-3.86079223571985,-0.0854730659194392,-5.64592411365481
24.7475,-3.77418645221527,-0.0803773731136506,-5.46257181085383
24.75,-3.83022548860058,-0.0803773731136506,-5.66120347222156
24.7525,-3.83022548860058,-0.0803773731136506,-5.73760026505531
24.755,-3.83022548860058,-0.0803773731136506,-5.68157595031056
24.7575,-3.83531994645379,-0.0803773731136506,-5.72232090648856
24.76,-3.92192572995837,-0.0803773731136506,-5.37089565945334
24.7625,-3.86588669357306,-0.0803773731136506,-5.43710621324258
24.765,-3.93211464566479,-0.0803773731136506,-5.43710621324258
24.7675,-3.97796476634369,-0.0803773731136506,-5.62045851604357
24.77,-3.91683127210516,-0.0803773731136506,-5.39636125706459
24.7725,-4.00853151346295,-0.0803773731136506,-5.43201309372033
24.775,-3.94739801922443,-0.0803773731136506,-5.43710621324258
24.7775,-3.96268139278406,-0.0803773731136506,-5.74778650409981
24.78,-3.97287030849048,-0.0803773731136506,-5.7579727431443
24.7825,-3.96777585063727,-0.0803773731136506,-5.77325210171105
24.785,-3.93211464566479,-0.0803773731136506,-5.63064475508807
24.7875,-3.99324813990332,-0.0803773731136506,-5.60008603795457
24.79,-3.91683127210516,-0.0803773731136506,-5.69176218935506
24.7925,-3.92702018781158,-0.0803773731136506,-5.68666906983281
24.795,-3.91683127210516,-0.0803773731136506,-5.66120347222156
24.7975,-3.91683127210516,-0.0803773731136506,-5.70704154792181
24.8,-3.93211464566479,-0.0803773731136506,-5.49313052798733
24.8025,-3.90664235639874,-0.0803773731136506,-5.69685530887731
24.805,-3.89645344069232,-0.0803773731136506,-5.42182685467583
24.8075,-3.87607560927948,-0.0803773731136506,-5.68157595031056
24.81,-3.86079223571985,-0.0803773731136506,-5.62555163556582
24.8125,-3.84550886216021,-0.0803773731136506,-5.63573787461031
24.815,-3.840414404307,-0.0803773731136506,-5.62555163556582
24.8175,-3.82003657289416,-0.0803773731136506,-0.10461007344729
24.82,-3.80475319933453,-0.0803773731136506,-0.10461007344729
24.8225,-3.79965874148132,-0.0803773731136506,-5.49822364750958
24.825,-3.7894698257749,-0.0803773731136506,-5.48294428894283
24.8275,-3.77928091006848,-0.0803773731136506,-5.49313052798733
24.83,-3.76909199436206,-0.0803773731136506,-0.10970319296954
24.8325,-3.74871416294921,-0.0854730659194392,-0.0995169539250416
24.835,-3.73852524724279,-0.0803773731136506,-5.66629659174381
24.8375,-3.72324187368316,-0.0803773731136506,-5.65101723317706
24.84,-3.70795850012353,-0.0803773731136506,-5.76306586266655
24.8425,-3.70795850012353,-0.0803773731136506,-5.64083099413256
24.845,-3.6926751265639,-0.0803773731136506,-5.66120347222156
24.8475,-3.70795850012353,-0.0803773731136506,-5.61536539652132
24.85,-3.66720283729784,-0.0803773731136506,-5.46257181085383
24.8525,-3.66210837944463,-0.0803773731136506,-5.44219933276483
24.855,-3.63663609017858,-0.0803773731136506,-5.73760026505531
24.8575,-3.646825005885,-0.0803773731136506,-5.68666906983281
24.86,-3.62644717447216,-0.0803773731136506,-5.47785116942058
24.8625,-3.61625825876574,-0.0803773731136506,-5.61536539652132
24.865,-3.60097488520611,-0.0803773731136506,-5.8089039383668
24.8675,-3.59078596949968,-0.0803773731136506,-5.63064475508807
24.87,-3.54493584882079,-0.0803773731136506,-5.66629659174381
24.8725,-3.53474693311437,-0.0803773731136506,-5.64083099413256
24.875,-3.51436910170153,-0.0803773731136506,-5.63064475508807
24.8775,-3.5041801859951,-0.075281680307862,-5.69176218935506
24.88,-3.49908572814189,-0.0803773731136506,-5.72741402601081
24.8825,-3.50927464384831,-0.0803773731136506,-5.7579727431443
24.885,-3.49908572814189,-0.0803773731136506,-5.61536539652132
24.8875,-3.48380235458226,-0.0803773731136506,-5.72232090648856
24.89,-3.47870789672905,-0.0803773731136506,-5.7681589821888
24.8925,-3.46851898102263,-0.0803773731136506,-5.75287962362205
24.895,-3.46342452316942,-0.0803773731136506,-5.74778650409981
24.8975,-3.46342452316942,-0.0803773731136506,-5.62555163556582
24.9,-3.43795223390337,-0.0803773731136506,-5.66120347222156
24.9025,-3.43285777605016,-0.0854730659194392,-5.74778650409981
24.905,-3.47870789672905,-0.0803773731136506,-5.69685530887731
24.9075,-3.38700765537126,-0.0803773731136506,-5.61027227699907
24.91,-3.37681873966484,-0.0803773731136506,-5.68157595031056
24.9125,-3.36662982395842,-0.0803773731136506,-5.67648283078831
24.915,-3.34625199254558,-0.0803773731136506,-5.56443420129882
24.9175,-3.34115753469236,-0.075281680307862,-5.68666906983281
24.92,-3.33606307683915,-0.0803773731136506,-5.77325210171105
24.9225,-3.31568524542631,-0.0803773731136506,-5.57971355986557
24.925,-3.32587416113273,-0.0803773731136506,-5.66629659174381
24.9275,-3.356440908252,-0.0854730659194392,-5.65101723317706
24.93,-3.35134645039879,-0.0803773731136506,-5.58480667938782
24.9325,-3.35134645039879,-0.0803773731136506,-5.7681589821888
24.935,-3.34625199254558,-0.075281680307862,-5.63064475508807
24.9375,-0.101082340050429,-0.0803773731136506,-5.62555163556582
24.94,-0.0908934243440065,-0.0803773731136506,-5.7885314602778
24.9425,-0.0908934243440065,-0.0803773731136506,-5.73760026505531
24.945,-3.47361343887584,-0.0803773731136506,-5.58480667938782
24.9475,-3.46851898102263,-0.0803773731136506,-5.57971355986557
24.95,-3.47361343887584,-0.0803773731136506,-5.69685530887731
24.9525,-3.52455801740795,-0.0803773731136506,-5.63064475508807
24.955,-3.52965247526116,-0.0803773731136506,-5.63573787461031
24.9575,-3.55512476452721,-0.0803773731136506,-5.69685530887731
24.96,-3.550030306674,-0.0803773731136506,-5.55424796225432
24.9625,-3.550030306674,-0.0803773731136506,-5.68157595031056
24.965,-3.56531368023363,-0.0803773731136506,-5.55934108177657
24.9675,-3.56531368023363,-0.0803773731136506,-5.64592411365481
24.97,-3.54493584882079,-0.0803773731136506,-5.61536539652132
24.9725,-3.54493584882079,-0.0803773731136506,-5.56443420129882
24.975,-3.54493584882079,-0.0803773731136506,-5.62555163556582
24.9775,-3.57040813808684,-0.0803773731136506,-5.63064475508807
24.98,-3.52455801740795,-0.0803773731136506,-5.61536539652132
24.9825,-3.56021922238042,-0.0803773731136506,-5.60008603795457
24.985,-3.58569151164647,-0.0803773731136506,-5.63573787461031
24.9875,-3.57550259594005,-0.0803773731136506,-5.63064475508807
24.99,-3.550030306674,-0.0803773731136506,-5.55934108177657
24.9925,-3.53984139096758,-0.0803773731136506,-5.60008603795457
24.995,-3.58569151164647,-0.0803773731136506,-5.61536539652132
24.9975,-3.54493584882079,-0.0803773731136506,-5.77325210171105
25,-3.58569151164647,-0.0803773731136506,-5.54915484273207
25.0025,-3.65701392159142,-0.0803773731136506,-5.70194842839956
25.005,-3.58059705379326,-0.0803773731136506,-5.55934108177657
25.0075,-3.66210837944463,-0.075281680307862,-5.62045851604357
25.01,-3.646825005885,-0.0803773731136506,-5.53896860368757
25.0125,-3.68248621085748,-0.0803773731136506,-5.54406172320982
25.015,-3.68758066871069,-0.0803773731136506,-5.53896860368757
25.0175,-3.65191946373821,-0.0803773731136506,-5.52368924512082
25.02,-3.65701392159142,-0.0803773731136506,-5.54915484273207
25.0225,-3.65701392159142,-0.0803773731136506,-5.70704154792181
25.025,-3.62644717447216,-0.0803773731136506,-5.71722778696631
25.0275,-3.65701392159142,-0.0803773731136506,-5.60517915747682
25.03,-3.646825005885,-0.0803773731136506,-5.56443420129882
25.0325,-3.64173054803179,-0.0803773731136506,-5.55934108177657
25.035,-3.64173054803179,-0.0803773731136506,-5.63573787461031
25.0375,-3.64173054803179,-0.0803773731136506,-5.61027227699907
25.04,-3.646825005885,-0.0803773731136506,-5.64592411365481
25.0425,-3.68248621085748,-0.0803773731136506,-5.50840988655408
25.045,-3.68248621085748,-0.0803773731136506,-5.51859612559857
25.0475,-3.72833633153637,-0.0803773731136506,-5.50840988655408
25.05,-3.70795850012353,-0.0803773731136506,-5.61536539652132
25.0525,-3.69776958441711,-0.0803773731136506,-5.60008603795457
25.055,-3.76909199436206,-0.0803773731136506,-5.60517915747682
25.0575,-3.82003657289416,-0.0803773731136506,-5.63064475508807
25.06,-3.80475319933453,-0.0803773731136506,-5.53896860368757
25.0625,-3.77928091006848,-0.0803773731136506,-5.63573787461031
25.065,-3.63663609017858,-0.0803773731136506,-5.60008603795457
25.0675,-3.63663609017858,-0.0803773731136506,-5.65611035269931
25.07,-3.67739175300426,-0.0803773731136506,-5.54406172320982
25.0725,-3.65701392159142,-0.0803773731136506,-5.60008603795457
25.075,-3.68248621085748,-0.075281680307862,-5.57971355986557
25.0775,-3.64173054803179,-0.0803773731136506,-5.67138971126606
25.08,-3.67229729515105,-0.0803773731136506,-5.69685530887731
25.0825,-3.646825005885,-0.0803773731136506,-5.64083099413256
25.085,-3.65701392159142,-0.0803773731136506,-5.64592411365481
25.0875,-3.65701392159142,-0.0803773731136506,-5.48803740846508
25.09,-3.68248621085748,-0.0803773731136506,-5.62555163556582
25.0925,-3.65191946373821,-0.0803773731136506,-5.55934108177657
25.095,-3.68248621085748,-0.0803773731136506,-5.66120347222156
25.0975,-3.67229729515105,-0.0803773731136506,-5.59499291843232
25.1,-3.65701392159142,-0.0803773731136506,-5.57462044034332
25.1025,-3.646825005885,-0.0803773731136506,-5.61027227699907
25.105,-3.63154163232537,-0.0803773731136506,-5.60008603795457
25.1075,-3.62644717447216,-0.0803773731136506,-5.65611035269931
25.11,-3.62644717447216,-0.0803773731136506,-5.57462044034332
25.1125,-3.62644717447216,-0.0803773731136506,-5.60008603795457
25.115,-3.63154163232537,-0.0803773731136506,-5.70194842839956
25.1175,-3.73852524724279,-0.0803773731136506,-5.60008603795457
25.12,-3.74871416294921,-0.0803773731136506,-5.51350300607633
25.1225,-3.80475319933453,-0.0803773731136506,-5.58480667938782
25.125,-3.79456428362811,-0.0803773731136506,-5.56443420129882
25.1275,-3.80984765718774,-0.0803773731136506,-5.55424796225432
25.13,-3.68248621085748,-0.075281680307862,-5.64083099413256
25.1325,-3.77418645221527,-0.0803773731136506,-5.70194842839956
25.135,-3.78437536792169,-0.0803773731136506,-5.62555163556582
25.1375,-3.7894698257749,-0.0803773731136506,-5.61027227699907
25.14,-3.75890307865563,-0.0803773731136506,-5.62555163556582
25.1425,-3.743619705096,-0.0803773731136506,-5.61027227699907
25.145,-3.73343078938958,-0.0803773731136506,-5.62555163556582
25.1475,-3.69776958441711,-0.0803773731136506,-5.7579727431443
25.15,-3.68758066871069,-0.0905687587252277,-5.76306586266655
25.1525,-3.6926751265639,-0.0803773731136506,-5.73250714553306
25.155,-3.68758066871069,-0.0803773731136506,-5.61027227699907
25.1575,-3.69776958441711,-0.0803773731136506,-5.70194842839956
25.16,-3.65701392159142,-0.0803773731136506,-5.65611035269931
25.1625,-3.65191946373821,-0.0803773731136506,-5.71722778696631
25.165,-3.63154163232537,-0.0803773731136506,-5.60008603795457
25.1675,-3.64173054803179,-0.0803773731136506,-5.63573787461031
25.17,-3.60606934305932,-0.0803773731136506,-5.63573787461031
25.1725,-3.61625825876574,-0.0803773731136506,-5.61027227699907
25.175,-3.62135271661895,-0.0803773731136506,-5.60008603795457
25.1775,-3.54493584882079,-0.0803773731136506,-5.61536539652132
25.18,-3.51946355955474,-0.075281680307862,-5.61536539652132
25.1825,-3.54493584882079,-0.0803773731136506,-5.60008603795457
25.185,-3.5041801859951,-0.0803773731136506,-5.59499291843232
25.1875,-3.49399127028868,-0.0803773731136506,-5.57971355986557
25.19,-3.47870789672905,-0.0803773731136506,-5.57462044034332
25.1925,-3.46342452316942,-0.075281680307862,-5.56443420129882
25.195,-3.44304669175658,-0.0803773731136506,-5.54406172320982
25.1975,-3.43285777605016,-0.0803773731136506,-5.59499291843232
25.2,-3.43285777605016,-0.0803773731136506,-5.57462044034332
25.2025,-3.38700765537126,-0.0803773731136506,-5.60008603795457
25.205,-3.36662982395842,-0.0803773731136506,-5.62045851604357
25.2075,-3.35134645039879,-0.0803773731136506,-5.59499291843232
25.21,-3.36153536610521,-0.0803773731136506,-5.63064475508807
25.2125,-3.38700765537126,-0.0803773731136506,-5.64592411365481
25.215,-3.34115753469236,-0.0803773731136506,-5.70194842839956
25.2175,-3.32587416113273,-0.0803773731136506,-5.67648283078831
25.22,-3.32077970327952,-0.0803773731136506,-5.71722778696631
25.2225,-3.30549632971989,-0.0803773731136506,-5.69176218935506
25.225,-3.29021295616026,-0.0803773731136506,-5.60517915747682
25.2275,-3.27492958260063,-0.0803773731136506,-5.70194842839956
25.23,-3.27492958260063,-0.0803773731136506,-5.66120347222156
25.2325,-3.23926837762815,-0.0803773731136506,-5.66629659174381
25.235,-3.23926837762815,-0.0803773731136506,-5.67138971126606
25.2375,-3.24945729333457,-0.0803773731136506,-5.71213466744406
25.24,-3.20870163050889,-0.0803773731136506,-5.57971355986557
25.2425,-3.19341825694926,-0.0803773731136506,-5.62555163556582
25.245,-3.20360717265568,-0.0803773731136506,-5.69176218935506
25.2475,-3.20360717265568,-0.0803773731136506,-5.66120347222156
25.25,-3.23926837762815,-0.0803773731136506,-5.57971355986557
25.2525,-3.17813488338963,-0.075281680307862,-5.57462044034332
25.255,-3.2137960883621,-0.0803773731136506,-5.66629659174381
25.2575,-3.17304042553642,-0.0803773731136506,-5.66120347222156
25.26,-3.20360717265568,-0.0803773731136506,-5.69176218935506
25.2625,-3.13737922056394,-0.0803773731136506,-5.64592411365481
25.265,-3.19851271480247,-0.0803773731136506,-5.67648283078831
25.2675,-3.14247367841715,-0.0803773731136506,-5.60517915747682
25.27,-3.18832379909605,-0.0803773731136506,-5.78343834075555
25.2725,-3.13737922056394,-0.0803773731136506,-5.58989979891007
25.275,-3.13737922056394,-0.0803773731136506,-5.59499291843232
25.2775,-3.14247367841715,-0.0803773731136506,-5.68157595031056
25.28,-0.0959878821972175,-0.0803773731136506,-5.55934108177657
25.2825,-0.0959878821972175,-0.0803773731136506,-5.68666906983281
25.285,-0.0959878821972175,-0.0803773731136506,-5.69176218935506
25.2875,-3.1170013891511,-0.0803773731136506,-5.64592411365481
25.29,-3.14756813627036,-0.0803773731136506,-5.63573787461031
25.2925,-3.14247367841715,-0.0803773731136506,-5.65611035269931
25.295,-3.1170013891511,-0.0803773731136506,-5.63573787461031
25.2975,-3.10681247344468,-0.0803773731136506,-5.66629659174381
25.3,-3.1170013891511,-0.0803773731136506,-5.58480667938782
25.3025,-3.11190693129789,-0.0803773731136506,-5.69176218935506
25.305,-3.11190693129789,-0.0803773731136506,-5.56443420129882
25.3075,-3.08134018417863,-0.0803773731136506,-5.65101723317706
25.31,-3.10171801559147,-0.0803773731136506,-5.74778650409981
25.3125,-3.09662355773826,-0.0803773731136506,-5.65611035269931
25.315,-3.11190693129789,-0.0803773731136506,-5.61536539652132
25.3175,-3.09662355773826,-0.0803773731136506,-5.78343834075555
25.32,-3.10681247344468,-0.0803773731136506,-5.62555163556582
25.3225,-3.09152909988505,-0.0803773731136506,-5.67648283078831
25.325,-3.09152909988505,-0.0803773731136506,-5.66629659174381
25.3275,-3.05586789491257,-0.0803773731136506,-5.69685530887731
25.33,-3.05077343705936,-0.0803773731136506,-5.69176218935506
25.3325,-3.08134018417863,-0.0803773731136506,-5.66120347222156
25.335,-3.05586789491257,-0.0803773731136506,-5.65611035269931
25.3375,-3.03039560564652,-0.0803773731136506,-5.7579727431443
25.34,-3.0711512684722,-0.0803773731136506,-5.77325210171105
25.3425,-3.02530114779331,-0.0803773731136506,-5.77325210171105
25.345,-3.04058452135294,-0.0803773731136506,-5.72741402601081
25.3475,-3.06096235276578,-0.0803773731136506,-5.69176218935506
25.35,-3.0711512684722,-0.0803773731136506,-5.68157595031056
25.3525,-3.05077343705936,-0.0803773731136506,-5.68157595031056
25.355,-3.05586789491257,-0.0803773731136506,-5.64083099413256
25.3575,-2.99982885852726,-0.0803773731136506,-5.67138971126606
25.36,-3.03039560564652,-0.0803773731136506,-5.75287962362205
25.3625,-3.05586789491257,-0.0803773731136506,-5.67138971126606
25.365,-3.03039560564652,-0.0803773731136506,-5.67138971126606
25.3675,-3.05077343705936,-0.0803773731136506,-5.64083099413256
25.37,-3.05077343705936,-0.0803773731136506,-5.67138971126606
25.3725,-3.02530114779331,-0.0803773731136506,-5.65101723317706
25.375,-3.05077343705936,-0.0803773731136506,-5.66629659174381
25.3775,-3.02530114779331,-0.0803773731136506,-5.72741402601081
25.38,-3.0202066899401,-0.0803773731136506,-5.66629659174381
25.3825,-3.04058452135294,-0.0803773731136506,-5.69685530887731
25.385,-3.03549006349973,-0.0803773731136506,-5.71213466744406
25.3875,-3.03039560564652,-0.0803773731136506,-5.73250714553306
25.39,-3.03039560564652,-0.0803773731136506,-5.74778650409981
25.3925,-3.07624572632541,-0.0803773731136506,-5.67138971126606
25.395,-3.05077343705936,-0.0803773731136506,-5.67648283078831
25.3975,-3.0202066899401,-0.0803773731136506,-5.68666906983281
25.4,-3.04567897920615,-0.0803773731136506,-5.73250714553306
25.4025,-3.10681247344468,-0.0803773731136506,-5.67648283078831
25.405,-3.1170013891511,-0.0803773731136506,-5.68666906983281
25.4075,-3.12209584700431,-0.0803773731136506,-5.68157595031056
25.41,-3.14756813627036,-0.0803773731136506,-5.65101723317706
25.4125,-3.15266259412357,-0.0803773731136506,-5.66120347222156
25.415,-3.17813488338963,-0.0803773731136506,-5.67138971126606
25.4175,-3.17813488338963,-0.0803773731136506,-5.62045851604357
25.42,-3.18832379909605,-0.0803773731136506,-5.60008603795457
25.4225,-3.19851271480247,-0.0803773731136506,-5.73250714553306
25.425,-3.20870163050889,-0.0803773731136506,-5.73250714553306
25.4275,-3.23417391977494,-0.0803773731136506,-5.66629659174381
25.43,-3.23417391977494,-0.0803773731136506,-5.80381081884455
25.4325,-3.23417391977494,-0.0803773731136506,-5.58480667938782
25.435,-3.25455175118779,-0.0803773731136506,-5.72232090648856
25.4375,-3.27492958260063,-0.0803773731136506,-5.69176218935506
25.44,-3.28511849830705,-0.0803773731136506,-5.71213466744406
25.4425,-3.29530741401347,-0.0803773731136506,-5.7987176993223
25.445,-3.3105907875731,-0.0803773731136506,-5.64083099413256
25.4475,-3.39719657107768,-0.0803773731136506,-5.69176218935506
25.45,-3.42266886034373,-0.0803773731136506,-5.66629659174381
25.4525,-3.38700765537126,-0.0803773731136506,-5.65101723317706
25.455,-3.44814114960979,-0.0803773731136506,-5.74269338457756
25.4575,-3.45833006531621,-0.0803773731136506,-5.65101723317706
25.46,-3.5041801859951,-0.0854730659194392,-5.68666906983281
25.4625,-3.60097488520611,-0.0803773731136506,-5.69685530887731
25.465,-3.59588042735289,-0.0803773731136506,-5.63064475508807
25.4675,-3.58569151164647,-0.0803773731136506,-5.65611035269931
25.47,-3.57040813808684,-0.0803773731136506,-5.81399705788905
25.4725,-3.58569151164647,-0.0803773731136506,-5.62555163556582
25.475,-3.646825005885,-0.0803773731136506,-5.7681589821888
25.4775,-3.70795850012353,-0.0803773731136506,-5.70194842839956
25.48,-3.63154163232537,-0.0803773731136506,-5.8496488945448
25.4825,-3.62644717447216,-0.0803773731136506,-5.85474201406705
25.485,-3.69776958441711,-0.0803773731136506,-5.7783452212333
25.4875,-3.74871416294921,-0.0803773731136506,-5.73250714553306
25.49,-3.73852524724279,-0.0803773731136506,-5.68157595031056
25.4925,-3.74871416294921,-0.0803773731136506,-5.7579727431443
25.495,-3.75380862080242,-0.0803773731136506,-5.70194842839956
25.4975,-3.80984765718774,-0.0803773731136506,-5.68157595031056
25.5,-3.82003657289416,-0.0803773731136506,-5.79362457980005
25.5025,-3.80475319933453,-0.0803773731136506,-5.67138971126606
25.505,-3.82003657289416,-0.0803773731136506,-5.71213466744406
25.5075,-3.83531994645379,-0.0803773731136506,-5.66629659174381
25.51,-3.83531994645379,-0.0803773731136506,-5.66120347222156
25.5125,-3.840414404307,-0.0803773731136506,-5.72232090648856
25.515,-3.8862645249859,-0.0803773731136506,-5.73760026505531
25.5175,-3.87098115142627,-0.0803773731136506,-5.68157595031056
25.52,-3.87607560927948,-0.0803773731136506,-5.67138971126606
25.5225,-3.8862645249859,-0.0803773731136506,-5.71213466744406
25.525,-3.90664235639874,-0.0803773731136506,-5.66120347222156
25.5275,-3.8862645249859,-0.0803773731136506,-5.65101723317706
25.53,-3.92702018781158,-0.0803773731136506,-5.8292764164558
25.5325,-3.91173681425195,-0.0803773731136506,-5.70194842839956
25.535,-3.92702018781158,-0.0803773731136506,-5.69176218935506
25.5375,-3.93211464566479,-0.0803773731136506,-5.67648283078831
25.54,-3.93720910351801,-0.075281680307862,-5.7987176993223
25.5425,-3.93720910351801,-0.0803773731136506,-5.67138971126606
25.545,-3.96268139278406,-0.0803773731136506,-5.72232090648856
25.5475,-3.96777585063727,-0.0803773731136506,-5.71213466744406
25.55,-3.97287030849048,-0.075281680307862,-5.69685530887731
25.5525,-3.97287030849048,-0.0803773731136506,-5.61536539652132
25.555,-3.97287030849048,-0.0803773731136506,-5.61027227699907
25.5575,-3.96777585063727,-0.0803773731136506,-5.66629659174381
25.56,-3.97287030849048,-0.0803773731136506,-5.73250714553306
25.5625,-3.97287030849048,-0.0803773731136506,-5.73760026505531
25.565,-3.97287030849048,-0.0803773731136506,-5.70194842839956
25.5675,-3.96268139278406,-0.0803773731136506,-5.71213466744406
25.57,-3.95758693493085,-0.0803773731136506,-5.68157595031056
25.5725,-3.95249247707764,-0.0803773731136506,-5.84455577502255
25.575,-3.95249247707764,-0.0803773731136506,-5.66629659174381
25.5775,-3.94739801922443,-0.0803773731136506,-5.61027227699907
25.58,-3.94739801922443,-0.0803773731136506,-5.8292764164558
25.5825,-3.94230356137122,-0.0803773731136506,-5.71722778696631
25.585,-3.94230356137122,-0.0803773731136506,-5.80381081884455
25.5875,-3.94230356137122,-0.0803773731136506,-5.74269338457756
25.59,-3.94739801922443,-0.0803773731136506,-5.88020761167829
25.5925,-3.94230356137122,-0.0803773731136506,-5.74778650409981
25.595,-3.92702018781158,-0.0803773731136506,-5.63573787461031
25.5975,-3.92192572995837,-0.0803773731136506,-5.65611035269931
25.6,-3.91173681425195,-0.0803773731136506,-5.65101723317706
25.6025,-3.90664235639874,-0.0803773731136506,-5.77325210171105
25.605,-3.90154789854553,-0.0803773731136506,-5.8394626555003
25.6075,-3.89135898283911,-0.0803773731136506,-5.90567320928954
25.61,-3.89135898283911,-0.0803773731136506,-5.82418329693355
25.6125,-3.88117006713269,-0.0803773731136506,-5.79362457980005
25.615,-3.87098115142627,-0.0803773731136506,-5.78343834075555
25.6175,-3.86588669357306,-0.0803773731136506,-5.7579727431443
25.62,-3.85060332001342,-0.0803773731136506,-5.74269338457756
25.6225,-3.81494211504095,-0.0803773731136506,-5.75287962362205
25.625,-3.70795850012353,-0.0803773731136506,-5.72232090648856
25.6275,-3.743619705096,-0.0803773731136506,-5.69685530887731
25.63,-3.72324187368316,-0.0803773731136506,-5.64083099413256
25.6325,-3.70795850012353,-0.0803773731136506,-5.64083099413256
25.635,-3.58059705379326,-0.0803773731136506,-5.62555163556582
25.6375,-3.58059705379326,-0.0803773731136506,-5.7579727431443
25.64,-3.550030306674,-0.0803773731136506,-5.8598351335893
25.6425,-3.51436910170153,-0.0803773731136506,-5.8394626555003
25.645,-3.48889681243547,-0.0803773731136506,-5.76306586266655
25.6475,-3.44304669175658,-0.0803773731136506,-5.7885314602778
25.65,-3.43795223390337,-0.0803773731136506,-5.74269338457756
25.6525,-3.43795223390337,-0.0803773731136506,-5.61536539652132
25.655,-3.37681873966484,-0.0803773731136506,-5.73250714553306
25.6575,-3.36662982395842,-0.0803773731136506,-5.74778650409981
25.66,-3.36662982395842,-0.0803773731136506,-5.7579727431443
25.6625,-3.22398500406852,-0.0803773731136506,-5.82418329693355
25.665,-3.17813488338963,-0.0803773731136506,-5.68157595031056
25.6675,-3.19851271480247,-0.0854730659194392,-6.03809431686803
25.67,-3.18322934124284,-0.0803773731136506,-5.65101723317706
25.6725,-3.17304042553642,-0.0803773731136506,-5.66629659174381
25.675,-3.13228476271073,-0.0803773731136506,-5.69685530887731
25.6775,-3.11190693129789,-0.0854730659194392,-5.70704154792181
25.68,-3.10171801559147,-0.0803773731136506,-5.72232090648856
25.6825,-3.09662355773826,-0.0803773731136506,-5.69685530887731
25.685,-3.08643464203184,-0.0803773731136506,-5.67648283078831
25.6875,-3.12719030485752,-0.0803773731136506,-5.66120347222156
25.69,-3.09152909988505,-0.0803773731136506,-5.64083099413256
25.6925,-3.08134018417863,-0.0803773731136506,-5.62555163556582
25.695,-3.09662355773826,-0.0803773731136506,-5.8292764164558
25.6975,-3.06605681061899,-0.0803773731136506,-5.73250714553306
25.7,-3.0711512684722,-0.0803773731136506,-5.71722778696631
25.7025,-3.0711512684722,-0.0803773731136506,-5.72741402601081
25.705,-3.09662355773826,-0.0803773731136506,-5.71722778696631
25.7075,-3.17304042553642,-0.0803773731136506,-0.10461007344729
25.71,-3.15775705197678,-0.0803773731136506,-5.71722778696631
25.7125,-3.15266259412357,-0.0803773731136506,-5.70704154792181
25.715,-3.15266259412357,-0.0803773731136506,-5.69685530887731
25.7175,-3.15775705197678,-0.0803773731136506,-5.60008603795457
25.72,-3.08643464203184,-0.0803773731136506,-5.60008603795457
25.7225,-3.05077343705936,-0.0803773731136506,-5.65611035269931
25.725,-3.06096235276578,-0.0803773731136506,-5.7579727431443
25.7275,-3.05586789491257,-0.0803773731136506,-5.76306586266655
25.73,-3.02530114779331,-0.0803773731136506,-5.8394626555003
25.7325,-3.01511223208689,-0.0803773731136506,-5.81399705788905
25.735,-3.00492331638047,-0.0803773731136506,-5.7681589821888
25.7375,-2.99982885852726,-0.0803773731136506,-5.77325210171105
25.74,-2.98963994282083,-0.0803773731136506,-5.57462044034332
25.7425,-2.99473440067405,-0.0803773731136506,-5.70704154792181
25.745,-2.99473440067405,-0.0803773731136506,-5.8292764164558
25.7475,-2.99473440067405,-0.0803773731136506,-5.68666906983281
25.75,-2.98963994282083,-0.0803773731136506,-5.77325210171105
25.7525,-2.98963994282083,-0.0803773731136506,-5.65611035269931
25.755,-2.99982885852726,-0.0803773731136506,-5.73760026505531
25.7575,-3.00492331638047,-0.0803773731136506,-5.71213466744406
25.76,-3.00492331638047,-0.0803773731136506,-5.78343834075555
25.7625,-3.01001777423368,-0.0803773731136506,-5.66629659174381
25.765,-3.01001777423368,-0.0803773731136506,-5.71213466744406
25.7675,-3.0202066899401,-0.0803773731136506,-5.70194842839956
25.77,-3.0202066899401,-0.0803773731136506,-5.65611035269931
25.7725,-3.07624572632541,-0.0803773731136506,-5.72741402601081
25.775,-3.05586789491257,-0.075281680307862,-5.81399705788905
25.7775,-3.06605681061899,-0.0803773731136506,-5.67648283078831
25.78,-3.09152909988505,-0.0803773731136506,-5.80381081884455
25.7825,-3.10171801559147,-0.0803773731136506,-5.68666906983281
25.785,-3.1170013891511,-0.0803773731136506,-5.71722778696631
25.7875,-3.17304042553642,-0.0803773731136506,-5.69685530887731
25.79,-3.16794596768321,-0.0803773731136506,-5.90567320928954
25.7925,-3.17304042553642,-0.0803773731136506,-5.65611035269931
25.795,-3.18322934124284,-0.0803773731136506,-5.66120347222156
25.7975,-3.21889054621531,-0.0803773731136506,-5.7579727431443
25.8,-3.25455175118779,-0.0803773731136506,-5.80381081884455
25.8025,-3.23926837762815,-0.0803773731136506,-5.81399705788905
25.805,-3.25455175118779,-0.0803773731136506,-5.89548697024504
25.8075,-3.28511849830705,-0.0803773731136506,-5.8496488945448
25.81,-3.27492958260063,-0.0803773731136506,-5.79362457980005
25.8125,-3.33096861898594,-0.0803773731136506,-5.78343834075555
25.815,-3.32077970327952,-0.0803773731136506,-5.64592411365481
25.8175,-3.32587416113273,-0.0803773731136506,-5.69685530887731
25.82,-3.33096861898594,-0.0803773731136506,-5.70704154792181
25.8225,-3.356440908252,-0.0803773731136506,-5.73250714553306
25.825,-3.36662982395842,-0.0803773731136506,-5.70704154792181
25.8275,-3.38191319751805,-0.0803773731136506,-5.68157595031056
25.83,-3.39210211322447,-0.0803773731136506,-5.67138971126606
25.8325,-3.39719657107768,-0.0803773731136506,-5.65611035269931
25.835,-3.39719657107768,-0.0803773731136506,-5.67648283078831
25.8375,-3.40229102893089,-0.0803773731136506,-5.63064475508807
25.84,-3.4073854867841,-0.0854730659194392,-5.62045851604357
25.8425,-3.44304669175658,-0.0803773731136506,-5.66120347222156
25.845,-3.41757440249052,-0.0803773731136506,-5.62045851604357
25.8475,-3.4073854867841,-0.0803773731136506,-5.62555163556582
25.85,-3.42776331819694,-0.0803773731136506,-5.62045851604357
25.8525,-3.43285777605016,-0.0854730659194392,-0.114796312491791
25.855,-3.43795223390337,-0.0803773731136506,-5.73250714553306
25.8575,-3.43795223390337,-0.0803773731136506,-5.77325210171105
25.86,-3.43795223390337,-0.0803773731136506,-5.76306586266655
25.8625,-3.43795223390337,-0.0803773731136506,-5.66120347222156
25.865,-3.43795223390337,-0.0803773731136506,-5.76306586266655
25.8675,-3.44814114960979,-0.0803773731136506,-5.71722778696631
25.87,-3.45833006531621,-0.0803773731136506,-5.70704154792181
25.8725,-3.46851898102263,-0.0803773731136506,-5.70194842839956
25.875,-3.46851898102263,-0.0803773731136506,-5.73250714553306
25.8775,-3.47870789672905,-0.0803773731136506,-5.74778650409981
25.88,-3.48889681243547,-0.0803773731136506,-5.61536539652132
25.8825,-3.5041801859951,-0.0803773731136506,-5.71722778696631
25.885,-3.51946355955474,-0.0803773731136506,-5.70194842839956
25.8875,-3.52965247526116,-0.0803773731136506,-5.74778650409981
25.89,-3.53474693311437,-0.0803773731136506,-5.67648283078831
25.8925,-3.54493584882079,-0.0803773731136506,-5.71722778696631
25.895,-3.55512476452721,-0.0803773731136506,-5.71722778696631
25.8975,-3.60606934305932,-0.0803773731136506,-5.73250714553306
25.9,-3.59078596949968,-0.0803773731136506,-5.66629659174381
25.9025,-3.59588042735289,-0.0803773731136506,-5.71213466744406
25.905,-3.60097488520611,-0.0803773731136506,-5.69685530887731
25.9075,-3.61116380091253,-0.0803773731136506,-5.73250714553306
25.91,-3.62135271661895,-0.0803773731136506,-5.75287962362205
25.9125,-3.63154163232537,-0.0803773731136506,-5.7681589821888
25.915,-3.63154163232537,-0.0803773731136506,-5.7579727431443
25.9175,-3.65701392159142,-0.0803773731136506,-5.7579727431443
25.92,-3.68758066871069,-0.0803773731136506,-5.68157595031056
25.9225,-3.6926751265639,-0.0803773731136506,-5.90567320928954
25.925,-3.68758066871069,-0.0803773731136506,-5.64592411365481
25.9275,-3.68758066871069,-0.0803773731136506,-5.67648283078831
25.93,-3.69776958441711,-0.0803773731136506,-5.72232090648856
25.9325,-3.69776958441711,-0.0803773731136506,-5.62555163556582
25.935,-3.76909199436206,-0.0803773731136506,-5.61536539652132
25.9375,-3.71814741582995,-0.0803773731136506,-5.73250714553306
25.94,-3.73343078938958,-0.0803773731136506,-5.77325210171105
25.9425,-3.73852524724279,-0.0803773731136506,-5.81399705788905
25.945,-3.74871416294921,-0.0803773731136506,-5.7579727431443
25.9475,-3.77418645221527,-0.0803773731136506,-5.72232090648856
25.95,-3.80475319933453,-0.0803773731136506,-5.75287962362205
25.9525,-3.79965874148132,-0.0803773731136506,-5.67648283078831
25.955,-3.79965874148132,-0.0803773731136506,-5.67648283078831
25.9575,-3.77928091006848,-0.0803773731136506,-5.7885314602778
25.96,-3.77928091006848,-0.0803773731136506,-5.7885314602778
25.9625,-3.77928091006848,-0.0803773731136506,-5.84455577502255
25.965,-3.78437536792169,-0.075281680307862,-5.62045851604357
25.9675,-3.82003657289416,-0.0803773731136506,-5.7681589821888
25.97,-3.82003657289416,-0.0803773731136506,-5.73760026505531
25.9725,-3.80475319933453,-0.0803773731136506,-5.69685530887731
25.975,-3.79456428362811,-0.0803773731136506,-5.7987176993223
25.9775,-3.79456428362811,-0.0803773731136506,-5.8394626555003
25.98,-3.7894698257749,-0.0803773731136506,-5.8598351335893
25.9825,-3.79456428362811,-0.0803773731136506,-5.8190901774113
25.985,-3.80984765718774,-0.0803773731136506,-5.63573787461031
25.9875,-3.84550886216021,-0.0803773731136506,-5.62555163556582
25.99,-3.79965874148132,-0.0803773731136506,-5.58989979891007
25.9925,-3.77928091006848,-0.0803773731136506,-5.58480667938782
25.995,-3.86588669357306,-0.0803773731136506,-5.70704154792181
25.9975,-3.77928091006848,-0.0803773731136506,-5.70194842839956
26,-3.79965874148132,-0.0803773731136506,-5.7987176993223
26.0025,-3.73852524724279,-0.0803773731136506,-5.70194842839956
26.005,-3.75380862080242,-0.0803773731136506,-5.61027227699907
26.0075,-3.75380862080242,-0.0803773731136506,-5.73760026505531
26.01,-3.83531994645379,-0.0803773731136506,-5.69176218935506
26.0125,-3.75890307865563,-0.0803773731136506,-5.57462044034332
26.015,-3.75380862080242,-0.0803773731136506,-5.76306586266655
26.0175,-3.74871416294921,-0.0803773731136506,-5.54406172320982
26.02,-3.74871416294921,-0.0803773731136506,-5.65611035269931
26.0225,-3.743619705096,-0.0803773731136506,-5.66120347222156
26.025,-3.74871416294921,-0.0803773731136506,-5.64592411365481
26.0275,-3.73852524724279,-0.0803773731136506,-5.8190901774113
26.03,-3.73343078938958,-0.0803773731136506,-5.8089039383668
26.0325,-3.72833633153637,-0.0803773731136506,-5.73760026505531
26.035,-3.73343078938958,-0.0854730659194392,-5.88020761167829
26.0375,-3.74871416294921,-0.0803773731136506,-5.74778650409981
26.04,-3.73343078938958,-0.0803773731136506,-5.70704154792181
26.0425,-3.71814741582995,-0.0803773731136506,-5.91076632881179
26.045,-3.70795850012353,-0.0803773731136506,-5.67648283078831
26.0475,-3.70795850012353,-0.075281680307862,-5.65611035269931
26.05,-3.67229729515105,-0.0803773731136506,-5.62555163556582
26.0525,-3.66210837944463,-0.0803773731136506,-5.62555163556582
26.055,-3.64173054803179,-0.0803773731136506,-5.55424796225432
26.0575,-3.61625825876574,-0.0803773731136506,-5.55424796225432
26.06,-3.60097488520611,-0.0803773731136506,-5.70704154792181
26.0625,-3.61625825876574,-0.0803773731136506,-5.70194842839956
26.065,-3.61625825876574,-0.0803773731136506,-5.85474201406705
26.0675,-3.60097488520611,-0.0803773731136506,-5.78343834075555
26.07,-3.53984139096758,-0.0803773731136506,-5.7885314602778
26.0725,-3.52965247526116,-0.0803773731136506,-5.68666906983281
26.075,-3.54493584882079,-0.075281680307862,-5.84455577502255
26.0775,-3.53474693311437,-0.0803773731136506,-5.72232090648856
26.08,-3.52455801740795,-0.0803773731136506,-5.83436953597805
26.0825,-3.52455801740795,-0.0803773731136506,-5.72741402601081
26.085,-3.50927464384831,-0.0803773731136506,-5.73760026505531
26.0875,-3.50927464384831,-0.0803773731136506,-5.71213466744406
26.09,-3.50927464384831,-0.0803773731136506,-5.54406172320982
26.0925,-3.49399127028868,-0.0803773731136506,-5.66629659174381
26.095,-3.47870789672905,-0.0803773731136506,-5.91076632881179
26.0975,-3.47361343887584,-0.0803773731136506,-5.82418329693355
26.1,-3.45833006531621,-0.0803773731136506,-5.59499291843232
26.1025,-3.47870789672905,-0.0803773731136506,-5.59499291843232
26.105,-3.47870789672905,-0.0803773731136506,-5.72741402601081
26.1075,-3.29530741401347,-0.0803773731136506,-5.74778650409981
26.11,-3.28511849830705,-0.0803773731136506,-5.79362457980005
26.1125,-3.25455175118779,-0.0803773731136506,-5.78343834075555
26.115,-3.259646209041,-0.0803773731136506,-5.70194842839956
26.1175,-3.26983512474742,-0.0803773731136506,-5.64083099413256
26.12,-3.3105907875731,-0.0803773731136506,-5.65611035269931
26.1225,-3.24945729333457,-0.0803773731136506,-5.61027227699907
26.125,-3.23926837762815,-0.0803773731136506,-5.65101723317706
26.1275,-3.23417391977494,-0.0803773731136506,-5.80381081884455
26.13,-3.22398500406852,-0.0803773731136506,-5.57971355986557
26.1325,-3.21889054621531,-0.0803773731136506,-5.58480667938782
26.135,-3.2137960883621,-0.0803773731136506,-5.71722778696631
26.1375,-3.20360717265568,-0.0803773731136506,-5.53387548416532
26.14,-3.20360717265568,-0.0803773731136506,-5.63064475508807
26.1425,-3.20360717265568,-0.0803773731136506,-5.64083099413256
26.145,-3.22907946192173,-0.0803773731136506,-5.64592411365481
26.1475,-3.21889054621531,-0.0803773731136506,-5.52878236464307
26.15,-3.22398500406852,-0.0803773731136506,-5.60517915747682
26.1525,-3.26474066689421,-0.0803773731136506,-5.46257181085383
26.155,-3.27492958260063,-0.0803773731136506,-5.45747869133158
26.1575,-3.26983512474742,-0.0803773731136506,-5.49822364750958
26.16,-3.26983512474742,-0.0803773731136506,-5.72741402601081
26.1625,-0.0959878821972175,-0.0803773731136506,-5.63573787461031
26.165,-3.39210211322447,-0.0803773731136506,-5.56443420129882
26.1675,-3.34115753469236,-0.0803773731136506,-5.55934108177657
26.17,-3.37172428181163,-0.0803773731136506,-5.56443420129882
26.1725,-3.38700765537126,-0.0803773731136506,-5.59499291843232
26.175,-3.39719657107768,-0.0803773731136506,-5.45747869133158
26.1775,-3.45833006531621,-0.0803773731136506,-5.44729245228708
26.18,-3.44814114960979,-0.0803773731136506,-5.59499291843232
26.1825,-3.48380235458226,-0.0803773731136506,-5.58480667938782
26.185,-3.48889681243547,-0.0803773731136506,-5.59499291843232
26.1875,-3.50927464384831,-0.0803773731136506,-0.10461007344729
26.19,-3.58059705379326,-0.0803773731136506,-0.0995169539250416
26.1925,-3.58569151164647,-0.075281680307862,-5.47275804989833
26.195,-3.58569151164647,-0.075281680307862,-5.58480667938782
26.1975,-3.63154163232537,-0.0803773731136506,-5.51859612559857
26.2,-3.65701392159142,-0.075281680307862,-5.51350300607633
26.2025,-3.60097488520611,-0.0803773731136506,-5.65611035269931
26.205,-3.62644717447216,-0.0803773731136506,-5.59499291843232
26.2075,-3.66210837944463,-0.0803773731136506,-5.55424796225432
26.21,-3.64173054803179,-0.0803773731136506,-5.49822364750958
26.2125,-3.646825005885,-0.0803773731136506,-5.57462044034332
26.215,-3.646825005885,-0.0803773731136506,-5.42691997419808
26.2175,-3.63663609017858,-0.0803773731136506,-5.79362457980005
26.22,-3.60606934305932,-0.0803773731136506,-5.46257181085383
26.2225,-3.60097488520611,-0.0803773731136506,-5.74269338457756
26.225,-3.60097488520611,-0.0803773731136506,-5.47275804989833
26.2275,-3.58569151164647,-0.0803773731136506,-5.66120347222156
26.23,-3.58059705379326,-0.0803773731136506,-5.65101723317706
26.2325,-3.58059705379326,-0.0803773731136506,-5.65611035269931
26.235,-3.59588042735289,-0.0803773731136506,-0.0995169539250416
26.2375,-3.59588042735289,-0.0803773731136506,-0.0995169539250416
26.24,-3.60097488520611,-0.0803773731136506,-0.0995169539250416
26.2425,-3.56531368023363,-0.0803773731136506,-0.0995169539250416
26.245,-3.56531368023363,-0.0803773731136506,-0.0995169539250416
26.2475,-3.56531368023363,-0.0803773731136506,-0.0995169539250416
26.25,-3.60097488520611,-0.0803773731136506,-0.0995169539250416
26.2525,-3.56531368023363,-0.0803773731136506,-5.61536539652132
26.255,-3.56531368023363,-0.0803773731136506,-5.53387548416532
26.2575,-3.57550259594005,-0.0803773731136506,-5.54406172320982
26.26,-3.54493584882079,-0.0803773731136506,-5.45747869133158
26.2625,-3.58059705379326,-0.0803773731136506,-5.51859612559857
26.265,-3.57550259594005,-0.0803773731136506,-5.50331676703183
26.2675,-3.53984139096758,-0.0803773731136506,-5.47275804989833
26.27,-3.50927464384831,-0.0803773731136506,-5.47275804989833
26.2725,-3.48380235458226,-0.0803773731136506,-5.49313052798733
26.275,-3.48889681243547,-0.0803773731136506,-5.48294428894283
26.2775,-3.5041801859951,-0.0803773731136506,-5.50331676703183
26.28,-3.51436910170153,-0.0803773731136506,-5.49313052798733
26.2825,-3.49399127028868,-0.0803773731136506,-5.63573787461031
26.285,-3.48380235458226,-0.0803773731136506,-5.55424796225432
26.2875,-3.46851898102263,-0.0803773731136506,-5.56443420129882
26.29,-3.43795223390337,-0.0803773731136506,-5.55424796225432
26.2925,-3.453235607463,-0.0803773731136506,-0.0995169539250416
26.295,-3.47361343887584,-0.0803773731136506,-5.49313052798733
26.2975,-3.46342452316942,-0.0803773731136506,-5.52368924512082
26.3,-3.43795223390337,-0.0803773731136506,-5.49313052798733
26.3025,-3.43795223390337,-0.0803773731136506,-5.49313052798733
26.305,-3.46342452316942,-0.0803773731136506,-5.44729245228708
26.3075,-3.42776331819694,-0.0803773731136506,-5.42691997419808
26.31,-3.46342452316942,-0.0803773731136506,-5.46766493037608
26.3125,-3.42776331819694,-0.0803773731136506,-5.46257181085383
26.315,-3.453235607463,-0.0803773731136506,-5.45238557180933
26.3175,-3.44304669175658,-0.0803773731136506,-5.44729245228708
26.32,-3.44814114960979,-0.0803773731136506,-5.45747869133158
26.3225,-3.46851898102263,-0.0803773731136506,-5.53387548416532
26.325,-3.44304669175658,-0.0803773731136506,-5.49822364750958
26.3275,-3.44304669175658,-0.0803773731136506,-5.48803740846508
26.33,-3.44814114960979,-0.0803773731136506,-5.43201309372033
26.3325,-3.44814114960979,-0.0803773731136506,-5.40654749610908
26.335,-3.44814114960979,-0.0803773731136506,-5.40654749610908
26.3375,-3.453235607463,-0.0803773731136506,-5.62555163556582
26.34,-3.46342452316942,-0.0803773731136506,-5.63064475508807
26.3425,-3.45833006531621,-0.075281680307862,-5.62555163556582
26.345,-3.45833006531621,-0.0803773731136506,-0.10461007344729
26.3475,-3.45833006531621,-0.0803773731136506,-0.0995169539250416
26.35,-3.48380235458226,-0.0803773731136506,-0.10461007344729
26.3525,-3.46851898102263,-0.0803773731136506,-0.0995169539250416
26.355,-3.453235607463,-0.0803773731136506,-0.0995169539250416
26.3575,-3.43795223390337,-0.0803773731136506,-5.43710621324258
26.36,-3.43285777605016,-0.0803773731136506,-5.43201309372033
26.3625,-3.39719657107768,-0.0803773731136506,-5.43201309372033
26.365,-3.43285777605016,-0.0803773731136506,-5.35052318136434
26.3675,-3.36153536610521,-0.0803773731136506,-5.58480667938782
26.37,-3.3105907875731,-0.0803773731136506,-5.52878236464307
26.3725,-3.29530741401347,-0.0803773731136506,-5.53387548416532
26.375,-3.30040187186668,-0.075281680307862,-5.45747869133158
26.3775,-3.25455175118779,-0.0803773731136506,-5.46766493037608
26.38,-3.23926837762815,-0.0803773731136506,-5.37598877897559
26.3825,-3.30040187186668,-0.0803773731136506,-5.38617501802009
26.385,-3.20360717265568,-0.0803773731136506,-5.35052318136434
26.3875,-3.18832379909605,-0.0803773731136506,-5.49313052798733
26.39,-3.16285150982999,-0.0803773731136506,-5.53387548416532
26.3925,-3.15266259412357,-0.0803773731136506,-5.53896860368757
26.395,-3.15266259412357,-0.0803773731136506,-5.47275804989833
26.3975,-3.13737922056394,-0.0803773731136506,-5.37598877897559
26.4,-3.13737922056394,-0.0803773731136506,-5.40145437658683
26.4025,-3.14247367841715,-0.0803773731136506,-5.40654749610908
26.405,-3.17304042553642,-0.0803773731136506,-5.37598877897559
26.4075,-3.13737922056394,-0.0803773731136506,-5.37598877897559
26.41,-3.12719030485752,-0.0803773731136506,-5.39126813754234
26.4125,-3.17304042553642,-0.0803773731136506,-5.44729245228708
26.415,-3.17304042553642,-0.0803773731136506,-5.45238557180933
26.4175,-3.14756813627036,-0.0803773731136506,-5.2231951933081
26.42,-3.18322934124284,-0.0803773731136506,-5.39636125706459
26.4225,-3.16794596768321,-0.0803773731136506,-5.21810207378585
26.425,-3.18832379909605,-0.0803773731136506,-5.22828831283035
26.4275,-3.14247367841715,-0.0803773731136506,-5.1824502371301
26.43,-3.15775705197678,-0.0803773731136506,-5.42182685467583
26.4325,-3.20360717265568,-0.0803773731136506,-5.48803740846508
26.435,-3.13228476271073,-0.075281680307862,-5.49313052798733
26.4375,-3.12719030485752,-0.0803773731136506,-5.43710621324258
26.44,-3.13228476271073,-0.0803773731136506,-5.1722639980856
26.4425,-3.13737922056394,-0.0803773731136506,-5.17735711760785
26.445,-3.1170013891511,-0.0803773731136506,-5.37089565945334
26.4475,-3.1170013891511,-0.0803773731136506,-5.31487134470859
26.45,-2.97945102711441,-0.0803773731136506,-5.39126813754234
26.4525,-3.13737922056394,-0.0803773731136506,-5.15189151999661
26.455,-3.13737922056394,-0.0803773731136506,-5.47785116942058
26.4575,-3.13228476271073,-0.0803773731136506,-5.39636125706459
26.46,-0.0959878821972175,-0.0803773731136506,-5.11623968334086
26.4625,-0.0959878821972175,-0.0803773731136506,-5.72232090648856
26.465,-0.0959878821972175,-0.0803773731136506,-5.2435676713971
26.4675,-3.27492958260063,-0.0803773731136506,-5.36580253993109
26.47,-3.29530741401347,-0.0803773731136506,-5.44729245228708
26.4725,-3.32077970327952,-0.0803773731136506,-5.73760026505531
26.475,-3.28511849830705,-0.0803773731136506,-5.1722639980856
26.4775,-3.32077970327952,-0.0803773731136506,-5.1722639980856
26.48,-3.32077970327952,-0.0803773731136506,-5.16717087856335
26.4825,-3.33096861898594,-0.0803773731136506,-5.54406172320982
26.485,-3.33606307683915,-0.0803773731136506,-5.36070942040884
26.4875,-3.32077970327952,-0.0803773731136506,-5.48803740846508
26.49,-3.37172428181163,-0.0803773731136506,-5.13151904190761
26.4925,-3.36153536610521,-0.0803773731136506,-5.69176218935506
26.495,-3.36153536610521,-0.0803773731136506,-5.69685530887731
26.4975,-3.36662982395842,-0.0803773731136506,-5.68666906983281
26.5,-3.47361343887584,-0.0803773731136506,-0.10461007344729
26.5025,-3.40229102893089,-0.0803773731136506,-5.15189151999661
26.505,-3.646825005885,-0.075281680307862,-5.14170528095211
26.5075,-3.42266886034373,-0.0803773731136506,-5.55934108177657
26.51,-3.43285777605016,-0.0803773731136506,-5.14679840047436
26.5125,-3.5041801859951,-0.0803773731136506,-5.61027227699907
26.515,-3.45833006531621,-0.0803773731136506,-5.61027227699907
26.5175,-3.550030306674,-0.0803773731136506,-5.13661216142986
26.52,-3.53984139096758,-0.0803773731136506,-5.13661216142986
26.5225,-3.52455801740795,-0.0803773731136506,-5.67138971126606
26.525,-3.53984139096758,-0.0803773731136506,-5.58480667938782
26.5275,-3.59588042735289,-0.0803773731136506,-5.59499291843232
26.53,-3.646825005885,-0.0803773731136506,-5.54915484273207
26.5325,-3.66720283729784,-0.0803773731136506,-5.55934108177657
26.535,-3.646825005885,-0.075281680307862,-5.56443420129882
26.5375,-3.62135271661895,-0.0803773731136506,-5.63573787461031
26.54,-3.68758066871069,-0.0803773731136506,-5.22828831283035
26.5425,-3.68758066871069,-0.0803773731136506,-5.40654749610908
26.545,-3.67229729515105,-0.0803773731136506,-5.39636125706459
26.5475,-3.70795850012353,-0.0803773731136506,-5.26903326900835
26.55,-3.72833633153637,-0.0803773731136506,-5.34033694231984
26.5525,-3.743619705096,-0.0803773731136506,-5.33524382279759
26.555,-3.73343078938958,-0.0803773731136506,-5.66120347222156
26.5575,-3.71305295797674,-0.0803773731136506,-5.45747869133158
26.56,-3.72833633153637,-0.0803773731136506,-5.28940574709734
26.5625,-3.73852524724279,-0.0803773731136506,-5.26903326900835
26.565,-3.70795850012353,-0.0803773731136506,-5.26903326900835
26.5675,-3.74871416294921,-0.0803773731136506,-5.2741263885306
26.57,-3.71814741582995,-0.0803773731136506,-5.2741263885306
26.5725,-3.72324187368316,-0.0803773731136506,-5.2333814323526
26.575,-3.71814741582995,-0.0803773731136506,-5.20791583474135
26.5775,-3.70286404227032,-0.0854730659194392,-5.2130089542636
26.58,-3.77418645221527,-0.0803773731136506,-5.35561630088659
26.5825,-3.743619705096,-0.0803773731136506,-5.38108189849784
26.585,-3.70286404227032,-0.0803773731136506,-5.39126813754234
26.5875,-3.67229729515105,-0.0803773731136506,-5.34033694231984
26.59,-3.66210837944463,-0.0803773731136506,-5.69685530887731
26.5925,-3.66720283729784,-0.0803773731136506,-5.49822364750958
26.595,-3.66720283729784,-0.0803773731136506,-5.30977822518634
26.5975,-3.66210837944463,-0.0803773731136506,-5.39126813754234
26.6,-3.65701392159142,-0.0803773731136506,-5.42182685467583
26.6025,-3.62135271661895,-0.0803773731136506,-5.37598877897559
26.605,-3.67229729515105,-0.0803773731136506,-5.28431262757509
26.6075,-3.646825005885,-0.075281680307862,-5.46257181085383
26.61,-3.64173054803179,-0.0803773731136506,-5.39636125706459
26.6125,-3.63154163232537,-0.0803773731136506,-5.36070942040884
26.615,-3.61116380091253,-0.0803773731136506,-5.35561630088659
26.6175,-3.61116380091253,-0.0803773731136506,-5.30977822518634
26.62,-3.59078596949968,-0.0803773731136506,-5.37089565945334
26.6225,-3.58059705379326,-0.0803773731136506,-5.33524382279759
26.625,-3.54493584882079,-0.0803773731136506,-5.31996446423084
26.6275,-3.53474693311437,-0.0803773731136506,-5.31487134470859
26.63,-3.53984139096758,-0.0803773731136506,-5.29959198614184
26.6325,-3.61625825876574,-0.0803773731136506,-5.31487134470859
26.635,-3.49908572814189,-0.0803773731136506,-5.29959198614184
26.6375,-3.51436910170153,-0.0854730659194392,-5.27921950805285
26.64,-3.44814114960979,-0.0803773731136506,-5.25884702996385
26.6425,-3.45833006531621,-0.0803773731136506,-5.40145437658683
26.645,-3.39210211322447,-0.0803773731136506,-5.28431262757509
26.6475,-3.42266886034373,-0.0803773731136506,-5.2639401494861
26.65,-3.34625199254558,-0.0803773731136506,-5.25884702996385
26.6525,-3.33096861898594,-0.0854730659194392,-5.25884702996385
26.655,-3.3105907875731,-0.075281680307862,-5.22828831283035
26.6575,-3.29530741401347,-0.0803773731136506,-5.25884702996385
26.66,-3.28511849830705,-0.0803773731136506,-5.2333814323526
26.6625,-3.29530741401347,-0.0803773731136506,-5.26903326900835
26.665,-3.259646209041,-0.0803773731136506,-5.2741263885306
26.6675,-3.24945729333457,-0.0803773731136506,-5.31487134470859
26.67,-3.20870163050889,-0.0803773731136506,-5.31996446423084
26.6725,-3.22398500406852,-0.0803773731136506,-5.28431262757509
26.675,-3.2137960883621,-0.0803773731136506,-5.28940574709734
26.6775,-3.20870163050889,-0.0803773731136506,-5.31996446423084
26.68,-3.19341825694926,-0.0803773731136506,-5.43201309372033
26.6825,-3.17304042553642,-0.0803773731136506,-5.23847455187485
26.685,-3.18322934124284,-0.0803773731136506,-5.29959198614184
26.6875,-3.17813488338963,-0.0803773731136506,-5.2639401494861
26.69,-3.13228476271073,-0.0803773731136506,-5.29959198614184
26.6925,-3.15266259412357,-0.0803773731136506,-5.29959198614184
26.695,-3.13228476271073,-0.0803773731136506,-5.2741263885306
26.6975,-3.10681247344468,-0.0803773731136506,-5.2537539104416
26.7,-3.12209584700431,-0.0803773731136506,-5.29449886661959
26.7025,-3.2137960883621,-0.0803773731136506,-5.2537539104416
26.705,-3.0711512684722,-0.0803773731136506,-5.2741263885306
26.7075,-3.06096235276578,-0.0803773731136506,-5.2639401494861
26.71,-3.18322934124284,-0.0803773731136506,-5.25884702996385
26.7125,-3.18322934124284,-0.0803773731136506,-5.28431262757509
26.715,-3.0711512684722,-0.0803773731136506,-5.25884702996385
26.7175,-3.13737922056394,-0.0803773731136506,-5.28940574709734
26.72,-3.13737922056394,-0.0803773731136506,-5.2537539104416
26.7225,-3.16285150982999,-0.0803773731136506,-5.2537539104416
26.725,-3.14247367841715,-0.0803773731136506,-5.25884702996385
26.7275,-3.14247367841715,-0.0803773731136506,-5.2537539104416
26.73,-3.12719030485752,-0.0803773731136506,-5.2537539104416
26.7325,-3.17813488338963,-0.0803773731136506,-5.2537539104416
26.735,-3.17304042553642,-0.0803773731136506,-5.27921950805285
26.7375,-3.17304042553642,-0.0803773731136506,-5.2741263885306
26.74,-3.19851271480247,-0.0803773731136506,-5.31996446423084
26.7425,-3.14756813627036,-0.0803773731136506,-5.2435676713971
26.745,-3.15266259412357,-0.0803773731136506,-5.2537539104416
26.7475,-3.14756813627036,-0.0803773731136506,-5.22828831283035
26.75,-3.15775705197678,-0.0803773731136506,-5.24866079091935
26.7525,-3.13228476271073,-0.0803773731136506,-5.28940574709734
26.755,-3.11190693129789,-0.0803773731136506,-5.2639401494861
26.7575,-3.13737922056394,-0.0803773731136506,-5.43710621324258
26.76,-3.15266259412357,-0.0803773731136506,-5.21810207378585
26.7625,-3.23417391977494,-0.0803773731136506,-5.36070942040884
26.765,-3.1170013891511,-0.0803773731136506,-5.35052318136434
26.7675,-3.11190693129789,-0.0803773731136506,-5.29449886661959
26.77,-3.22398500406852,-0.0803773731136506,-5.28940574709734
26.7725,-3.16794596768321,-0.0803773731136506,-5.29959198614184
26.775,-3.18832379909605,-0.075281680307862,-5.2435676713971
26.7775,-3.13737922056394,-0.0803773731136506,-5.32505758375309
26.78,-3.13737922056394,-0.0803773731136506,-5.31487134470859
26.7825,-3.13737922056394,-0.0803773731136506,-5.29959198614184
26.785,-0.101082340050429,-0.0803773731136506,-5.31487134470859
26.7875,-0.0959878821972175,-0.0803773731136506,-5.25884702996385
26.79,-0.0908934243440065,-0.0803773731136506,-5.30468510566409
26.7925,-0.0908934243440065,-0.0803773731136506,-5.31487134470859
26.795,-0.0908934243440065,-0.0803773731136506,-5.29959198614184
26.7975,-0.0959878821972175,-0.0803773731136506,-5.28940574709734
26.8,-0.0959878821972175,-0.0803773731136506,-5.30977822518634
26.8025,-0.0959878821972175,-0.0803773731136506,-5.2639401494861
26.805,-0.0908934243440065,-0.0854730659194392,-5.2741263885306
26.8075,-0.0908934243440065,-0.0803773731136506,-5.26903326900835
26.81,-0.0959878821972175,-0.0803773731136506,-5.27921950805285
26.8125,-2.9234119907291,-0.0803773731136506,-5.2639401494861
26.815,-2.9234119907291,-0.0803773731136506,-5.2741263885306
26.8175,-2.92850644858231,-0.0803773731136506,-5.2741263885306
26.82,-2.93360090643552,-0.0803773731136506,-5.28940574709734
26.8225,-2.94378982214194,-0.0803773731136506,-5.28431262757509
26.825,-2.94888427999515,-0.0803773731136506,-5.29959198614184
26.8275,-2.9743565692612,-0.0803773731136506,-5.39126813754234
26.83,-3.01001777423368,-0.0803773731136506,-5.40145437658683
26.8325,-3.03549006349973,-0.0803773731136506,-5.31487134470859
26.835,-3.02530114779331,-0.0803773731136506,-5.31487134470859
26.8375,-3.06096235276578,-0.0803773731136506,-5.30977822518634
26.84,-3.06096235276578,-0.0803773731136506,-5.34543006184209
26.8425,-3.06096235276578,-0.0803773731136506,-5.31996446423084
26.845,-3.06605681061899,-0.0803773731136506,-5.30977822518634
26.8475,-3.06096235276578,-0.0803773731136506,-5.38108189849784
26.85,-3.13228476271073,-0.0803773731136506,-5.37598877897559
26.8525,-3.13228476271073,-0.0803773731136506,-5.35052318136434
26.855,-3.13737922056394,-0.0803773731136506,-5.34543006184209
26.8575,-3.14247367841715,-0.0803773731136506,-5.37089565945334
26.86,-3.14756813627036,-0.0803773731136506,-5.35052318136434
26.8625,-3.21889054621531,-0.0803773731136506,-5.34033694231984
26.865,-3.29530741401347,-0.0803773731136506,-5.33015070327534
26.8675,-3.15775705197678,-0.0803773731136506,-5.34033694231984
26.87,-3.19851271480247,-0.0803773731136506,-5.29449886661959
26.8725,-3.19851271480247,-0.0803773731136506,-5.30468510566409
26.875,-3.22398500406852,-0.0803773731136506,-5.75287962362205
26.8775,-3.20870163050889,-0.0803773731136506,-5.29959198614184
26.88,-3.30040187186668,-0.0803773731136506,-5.46766493037608
26.8825,-3.27492958260063,-0.0803773731136506,-5.31996446423084
26.885,-3.26983512474742,-0.0803773731136506,-5.33015070327534
26.8875,-3.28002404045384,-0.0803773731136506,-5.33015070327534
26.89,-3.27492958260063,-0.0803773731136506,-5.44729245228708
26.8925,-3.31568524542631,-0.0803773731136506,-5.33015070327534
26.895,-3.26983512474742,-0.0803773731136506,-5.42182685467583
26.8975,-3.27492958260063,-0.0803773731136506,-5.41673373515358
26.9,-3.29021295616026,-0.0803773731136506,-5.41164061563133
26.9025,-3.28511849830705,-0.0803773731136506,-5.67648283078831
26.905,-3.29530741401347,-0.0803773731136506,-5.30977822518634
26.9075,-3.26983512474742,-0.0803773731136506,-5.31487134470859
26.91,-3.26983512474742,-0.0803773731136506,-5.49822364750958
26.9125,-3.26474066689421,-0.0803773731136506,-5.53896860368757
26.915,-3.259646209041,-0.0803773731136506,-5.35561630088659
26.9175,-3.26474066689421,-0.0803773731136506,-5.28940574709734
26.92,-3.26474066689421,-0.0803773731136506,-5.42691997419808
26.9225,-3.259646209041,-0.0803773731136506,-5.39636125706459
26.925,-3.25455175118779,-0.0803773731136506,-5.40654749610908
26.9275,-3.25455175118779,-0.0803773731136506,-5.50331676703183
26.93,-3.25455175118779,-0.0803773731136506,-5.48803740846508
26.9325,-3.25455175118779,-0.0803773731136506,-5.64592411365481
26.935,-3.259646209041,-0.0803773731136506,-5.69685530887731
26.9375,-3.259646209041,-0.0803773731136506,-5.53896860368757
26.94,-3.25455175118779,-0.0803773731136506,-5.35561630088659
26.9425,-3.24436283548136,-0.0803773731136506,-5.36070942040884
26.945,-3.26474066689421,-0.0803773731136506,-5.35052318136434
26.9475,-3.26474066689421,-0.0803773731136506,-5.32505758375309
26.95,-3.26983512474742,-0.0803773731136506,-5.61536539652132
26.9525,-3.26474066689421,-0.0803773731136506,-5.66629659174381
26.955,-3.25455175118779,-0.0803773731136506,-5.57462044034332
26.9575,-3.25455175118779,-0.0803773731136506,-5.58480667938782
26.96,-3.24945729333457,-0.0803773731136506,-5.57462044034332
26.9625,-3.24945729333457,-0.0803773731136506,-0.0995169539250416
26.965,-3.25455175118779,-0.0803773731136506,-0.0995169539250416
26.9675,-3.25455175118779,-0.0854730659194392,-0.0995169539250416
26.97,-3.24945729333457,-0.0803773731136506,-0.0995169539250416
26.9725,-3.32077970327952,-0.0803773731136506,-5.31996446423084
26.975,-3.26474066689421,-0.0803773731136506,-5.31996446423084
26.9775,-3.31568524542631,-0.0803773731136506,-5.61027227699907
26.98,-3.27492958260063,-0.0803773731136506,-5.57971355986557
26.9825,-3.29021295616026,-0.0803773731136506,-5.39126813754234
26.985,-3.38700765537126,-0.0803773731136506,-5.37089565945334
26.9875,-3.38700765537126,-0.0803773731136506,-5.58480667938782
26.99,-3.30549632971989,-0.0803773731136506,-5.34033694231984
26.9925,-3.30549632971989,-0.0803773731136506,-5.33524382279759
26.995,-3.32077970327952,-0.0854730659194392,-5.57462044034332
26.9975,-3.33606307683915,-0.075281680307862,-5.32505758375309
27,-3.37681873966484,-0.0803773731136506,-5.38617501802009
27.0025,-3.46851898102263,-0.0803773731136506,-5.37598877897559
27.005,-3.46342452316942,-0.0803773731136506,-5.37598877897559
27.0075,-3.46342452316942,-0.0803773731136506,-5.33015070327534
27.01,-3.45833006531621,-0.0803773731136506,-5.62555163556582
27.0125,-3.46342452316942,-0.0803773731136506,-5.58989979891007
27.015,-3.50927464384831,-0.0803773731136506,-5.61027227699907
27.0175,-3.5041801859951,-0.0803773731136506,-5.60008603795457
27.02,-3.52965247526116,-0.0803773731136506,-5.59499291843232
27.0225,-3.51946355955474,-0.0803773731136506,-5.60008603795457
27.025,-3.52965247526116,-0.0803773731136506,-5.61027227699907
27.0275,-3.53984139096758,-0.0854730659194392,-5.33524382279759
27.03,-3.550030306674,-0.0803773731136506,-5.39636125706459
27.0325,-3.56021922238042,-0.0803773731136506,-5.35052318136434
27.035,-3.56531368023363,-0.0803773731136506,-5.58480667938782
27.0375,-3.56531368023363,-0.0803773731136506,-5.37089565945334
27.04,-3.59588042735289,-0.0803773731136506,-5.37089565945334
27.0425,-3.59588042735289,-0.0803773731136506,-5.33524382279759
27.045,-3.60097488520611,-0.0803773731136506,-5.33015070327534
27.0475,-3.66210837944463,-0.0803773731136506,-5.33015070327534
27.05,-3.71305295797674,-0.0803773731136506,-5.34543006184209
27.0525,-3.61625825876574,-0.0803773731136506,-5.34543006184209
27.055,-3.63154163232537,-0.0803773731136506,-5.61536539652132
27.0575,-3.63154163232537,-0.0803773731136506,-5.55424796225432
27.06,-3.64173054803179,-0.0803773731136506,-5.33015070327534
27.0625,-3.646825005885,-0.0803773731136506,-5.33524382279759
27.065,-3.68758066871069,-0.0803773731136506,-5.32505758375309
27.0675,-3.63663609017858,-0.0803773731136506,-5.33015070327534
27.07,-3.68758066871069,-0.0803773731136506,-5.31487134470859
27.0725,-3.66210837944463,-0.0803773731136506,-5.33015070327534
27.075,-3.65701392159142,-0.0803773731136506,-5.31996446423084
27.0775,-3.63154163232537,-0.0803773731136506,-5.31996446423084
27.08,-3.67739175300426,-0.0803773731136506,-5.31487134470859
27.0825,-3.646825005885,-0.0803773731136506,-5.31996446423084
27.085,-3.646825005885,-0.0803773731136506,-5.31996446423084
27.0875,-3.64173054803179,-0.0803773731136506,-5.31996446423084
27.09,-3.646825005885,-0.0803773731136506,-0.0995169539250416
27.0925,-3.68248621085748,-0.0803773731136506,-0.0995169539250416
27.095,-3.65701392159142,-0.0803773731136506,-5.31996446423084
27.0975,-3.66720283729784,-0.0803773731136506,-5.42182685467583
27.1,-3.66210837944463,-0.0803773731136506,-5.43710621324258
27.1025,-3.65701392159142,-0.0803773731136506,-5.38108189849784
27.105,-3.63663609017858,-0.0803773731136506,-5.39126813754234
27.1075,-3.65191946373821,-0.0803773731136506,-5.33524382279759
27.11,-3.66720283729784,-0.0803773731136506,-5.37598877897559
27.1125,-3.64173054803179,-0.0803773731136506,-5.36070942040884
27.115,-3.646825005885,-0.0803773731136506,-5.37089565945334
27.1175,-3.63663609017858,-0.0803773731136506,-5.33015070327534
27.12,-3.63154163232537,-0.0803773731136506,-5.7579727431443
27.1225,-3.62644717447216,-0.0803773731136506,-5.43710621324258
27.125,-3.62135271661895,-0.0803773731136506,-5.33015070327534
27.1275,-3.62644717447216,-0.0803773731136506,-5.31996446423084
27.13,-3.62644717447216,-0.0854730659194392,-5.39126813754234
27.1325,-3.62644717447216,-0.0803773731136506,-5.29959198614184
27.135,-3.62644717447216,-0.0803773731136506,-5.30468510566409
27.1375,-3.63154163232537,-0.0803773731136506,-5.31996446423084
27.14,-3.63154163232537,-0.0803773731136506,-5.31996446423084
27.1425,-3.63154163232537,-0.0803773731136506,-5.31487134470859
27.145,-3.63154163232537,-0.0803773731136506,-5.30977822518634
27.1475,-3.60097488520611,-0.0803773731136506,-0.0995169539250416
27.15,-3.62135271661895,-0.0854730659194392,-0.0995169539250416
27.1525,-3.53984139096758,-0.0803773731136506,-0.0995169539250416
27.155,-3.52965247526116,-0.0803773731136506,-0.0995169539250416
27.1575,-3.58569151164647,-0.0803773731136506,-0.0995169539250416
27.16,-3.52455801740795,-0.0803773731136506,-0.0995169539250416
27.1625,-3.52455801740795,-0.0803773731136506,-0.0995169539250416
27.165,-3.53474693311437,-0.0803773731136506,-5.41164061563133
27.1675,-3.52455801740795,-0.0803773731136506,-5.41164061563133
27.17,-3.53984139096758,-0.0803773731136506,-5.39126813754234
27.1725,-3.54493584882079,-0.0803773731136506,-5.39636125706459
27.175,-3.51436910170153,-0.0803773731136506,-5.31487134470859
27.1775,-3.54493584882079,-0.0803773731136506,-5.28431262757509
27.18,-3.550030306674,-0.0803773731136506,-5.28940574709734
27.1825,-3.5041801859951,-0.0803773731136506,-5.30977822518634
27.185,-3.49908572814189,-0.0803773731136506,-5.33015070327534
27.1875,-3.49908572814189,-0.0803773731136506,-5.31487134470859
27.19,-3.49908572814189,-0.0803773731136506,-5.45747869133158
27.1925,-3.5041801859951,-0.0803773731136506,-5.45238557180933
27.195,-3.38700765537126,-0.0803773731136506,-5.32505758375309
27.1975,-3.51946355955474,-0.0803773731136506,-5.29449886661959
27.2,-3.38191319751805,-0.0803773731136506,-5.8190901774113
27.2025,-3.38191319751805,-0.0854730659194392,-5.30468510566409
27.205,-3.38700765537126,-0.0803773731136506,-5.2741263885306
27.2075,-3.53474693311437,-0.0803773731136506,-5.7987176993223
27.21,-3.5041801859951,-0.0803773731136506,-5.29449886661959
27.2125,-3.49908572814189,-0.0803773731136506,-5.29959198614184
27.215,-3.53474693311437,-0.0803773731136506,-5.28940574709734
27.2175,-3.5041801859951,-0.0803773731136506,-0.10461007344729
27.22,-3.54493584882079,-0.0803773731136506,-0.0995169539250416
27.2225,-3.49399127028868,-0.0803773731136506,-0.0995169539250416
27.225,-3.51946355955474,-0.0803773731136506,-5.44219933276483
27.2275,-3.56021922238042,-0.0803773731136506,-5.30977822518634
27.23,-3.52455801740795,-0.0803773731136506,-5.30977822518634
27.2325,-3.52455801740795,-0.0803773731136506,-5.30977822518634
27.235,-3.5041801859951,-0.0803773731136506,-5.33524382279759
27.2375,-3.53984139096758,-0.0803773731136506,-5.31996446423084
27.24,-3.50927464384831,-0.0803773731136506,-5.31996446423084
27.2425,-3.5041801859951,-0.0803773731136506,-5.31996446423084
27.245,-3.49908572814189,-0.0803773731136506,-5.31996446423084
27.2475,-3.5041801859951,-0.0803773731136506,-5.30977822518634
27.25,-3.50927464384831,-0.0803773731136506,-5.42182685467583
27.2525,-3.53474693311437,-0.0803773731136506,-5.42691997419808
27.255,-3.51436910170153,-0.0803773731136506,-5.42691997419808
27.2575,-3.51946355955474,-0.0803773731136506,-5.40654749610908
27.26,-3.52455801740795,-0.0803773731136506,-5.42182685467583
27.2625,-3.56021922238042,-0.0803773731136506,-5.45238557180933
27.265,-3.50927464384831,-0.0803773731136506,-5.42182685467583
27.2675,-3.48889681243547,-0.0803773731136506,-5.30977822518634
27.27,-3.46851898102263,-0.0803773731136506,-5.31487134470859
27.2725,-3.48889681243547,-0.0803773731136506,-5.28940574709734
27.275,-3.5041801859951,-0.0803773731136506,-5.38617501802009
27.2775,-3.49908572814189,-0.075281680307862,-5.29959198614184
27.28,-3.49399127028868,-0.0803773731136506,-5.2741263885306
27.2825,-3.48889681243547,-0.0803773731136506,-5.37089565945334
27.285,-3.56531368023363,-0.0803773731136506,-5.40145437658683
27.2875,-3.56531368023363,-0.0803773731136506,-5.39636125706459
27.29,-3.51436910170153,-0.0803773731136506,-5.33524382279759
27.2925,-3.52455801740795,-0.0803773731136506,-5.38617501802009
27.295,-3.57040813808684,-0.0803773731136506,-5.29959198614184
27.2975,-3.62644717447216,-0.0803773731136506,-5.31996446423084
27.3,-3.58569151164647,-0.0803773731136506,-5.30977822518634
27.3025,-3.59078596949968,-0.0803773731136506,-5.31487134470859
27.305,-3.60097488520611,-0.0803773731136506,-0.0995169539250416
27.3075,-3.66210837944463,-0.0803773731136506,-5.28940574709734
27.31,-3.66210837944463,-0.0803773731136506,-5.2537539104416
27.3125,-3.60606934305932,-0.0803773731136506,-5.31487134470859
27.315,-3.63663609017858,-0.0803773731136506,-5.30468510566409
27.3175,-3.62644717447216,-0.0803773731136506,-5.30468510566409
27.32,-3.60097488520611,-0.0803773731136506,-5.29449886661959
27.3225,-3.62135271661895,-0.0803773731136506,-5.30468510566409
27.325,-3.58059705379326,-0.0803773731136506,-5.2639401494861
27.3275,-3.59588042735289,-0.0803773731136506,-5.27921950805285
27.33,-3.550030306674,-0.0803773731136506,-5.2333814323526
27.3325,-3.57040813808684,-0.0803773731136506,-5.43710621324258
27.335,-3.550030306674,-0.0803773731136506,-5.27921950805285
27.3375,-3.52965247526116,-0.0803773731136506,-5.2435676713971
27.34,-3.52455801740795,-0.0803773731136506,-5.23847455187485
27.3425,-3.52455801740795,-0.0803773731136506,-5.19772959569685
27.345,-3.51946355955474,-0.0803773731136506,-5.21810207378585
27.3475,-3.51946355955474,-0.075281680307862,-5.1722639980856
27.35,-3.51946355955474,-0.0803773731136506,-5.2537539104416
27.3525,-3.51436910170153,-0.075281680307862,-5.20791583474135
27.355,-3.52965247526116,-0.0803773731136506,-5.2435676713971
27.3575,-3.56531368023363,-0.0803773731136506,-5.2231951933081
27.36,-3.55512476452721,-0.0803773731136506,-5.22828831283035
27.3625,-3.53474693311437,-0.075281680307862,-5.2231951933081
27.365,-3.52965247526116,-0.0803773731136506,-5.2639401494861
27.3675,-3.550030306674,-0.0803773731136506,-5.2435676713971
27.37,-3.56021922238042,-0.0803773731136506,-5.22828831283035
27.3725,-3.53984139096758,-0.0803773731136506,-5.20791583474135
27.375,-3.54493584882079,-0.0803773731136506,-5.18754335665235
27.3775,-3.54493584882079,-0.0803773731136506,-5.1926364761746
27.38,-3.53984139096758,-0.0803773731136506,-5.1926364761746
27.3825,-3.54493584882079,-0.0803773731136506,-5.22828831283035
27.385,-3.57040813808684,-0.0803773731136506,-5.2028227152191
27.3875,-3.58059705379326,-0.0803773731136506,-5.19772959569685
27.39,-3.60606934305932,-0.0803773731136506,-5.1722639980856
27.3925,-3.62135271661895,-0.075281680307862,-5.17735711760785
27.395,-3.63154163232537,-0.0803773731136506,-5.17735711760785
27.3975,-3.63154163232537,-0.0803773731136506,-5.17735711760785
27.4,-3.64173054803179,-0.0803773731136506,-5.16207775904111
27.4025,-3.61625825876574,-0.0803773731136506,-5.1926364761746
27.405,-3.61625825876574,-0.0803773731136506,-5.2333814323526
27.4075,-3.60606934305932,-0.0803773731136506,-5.21810207378585
27.41,-3.59078596949968,-0.0803773731136506,-5.18754335665235
27.4125,-3.58569151164647,-0.0803773731136506,-5.14679840047436
27.415,-3.59078596949968,-0.0803773731136506,-5.14679840047436
27.4175,-3.58569151164647,-0.0803773731136506,-5.14679840047436
27.42,-3.59078596949968,-0.0803773731136506,-5.19772959569685
27.4225,-3.58569151164647,-0.0803773731136506,-5.14679840047436
27.425,-3.7894698257749,-0.0803773731136506,-5.13661216142986
27.4275,-3.56531368023363,-0.0803773731136506,-5.11114656381861
27.43,-3.57040813808684,-0.0803773731136506,-5.13661216142986
27.4325,-3.57550259594005,-0.0803773731136506,-5.12642592238536
27.435,-3.550030306674,-0.0803773731136506,-5.12642592238536
27.4375,-3.53984139096758,-0.0803773731136506,-5.08568096620736
27.44,-3.55512476452721,-0.0803773731136506,-5.11114656381861
27.4425,-3.52455801740795,-0.0803773731136506,-5.10605344429636
27.445,-3.51946355955474,-0.0803773731136506,-5.11114656381861
27.4475,-3.51436910170153,-0.0803773731136506,-5.10605344429636
27.45,-3.51946355955474,-0.0803773731136506,-5.12133280286311
27.4525,-3.51946355955474,-0.0803773731136506,-5.11114656381861
27.455,-3.46851898102263,-0.0803773731136506,-5.1722639980856
27.4575,-3.46851898102263,-0.0803773731136506,-5.10096032477411
27.46,-3.48380235458226,-0.0803773731136506,-5.10096032477411
27.4625,-3.48380235458226,-0.0803773731136506,-5.14170528095211
27.465,-3.51946355955474,-0.0803773731136506,-5.22828831283035
27.4675,-3.49399127028868,-0.0803773731136506,-5.12133280286311
27.47,-9.16921731876528,-0.0803773731136506,-5.11114656381861
27.4725,-3.46851898102263,-0.0803773731136506,-5.11623968334086
27.475,-3.46342452316942,-0.075281680307862,-5.14679840047436
27.4775,-3.44814114960979,-0.0803773731136506,-5.12642592238536
27.48,-3.44304669175658,-0.0803773731136506,-5.11114656381861
27.4825,-3.43795223390337,-0.0803773731136506,-5.14679840047436
27.485,-3.43795223390337,-0.0803773731136506,-5.1824502371301
27.4875,-3.43795223390337,-0.0803773731136506,-5.12133280286311
27.49,-3.42266886034373,-0.0803773731136506,-5.11114656381861
27.4925,-3.41247994463731,-0.0803773731136506,-5.11114656381861
27.495,-3.41247994463731,-0.0803773731136506,-5.13661216142986
27.4975,-3.41247994463731,-0.0803773731136506,-5.31996446423084
27.5,-3.42776331819694,-0.0803773731136506,-5.15698463951886
27.5025,-3.42266886034373,-0.0803773731136506,-5.15698463951886
27.505,-3.42266886034373,-0.0803773731136506,-5.18754335665235
27.5075,-3.42776331819694,-0.0803773731136506,-5.16207775904111
27.51,-3.42776331819694,-0.0803773731136506,-5.24866079091935
27.5125,-3.43285777605016,-0.0803773731136506,-5.14679840047436
27.515,-3.42776331819694,-0.0803773731136506,-5.19772959569685
27.5175,-3.453235607463,-0.0803773731136506,-5.15189151999661
27.52,-3.43795223390337,-0.0803773731136506,-5.15698463951886
27.5225,-3.44304669175658,-0.0803773731136506,-5.19772959569685
27.525,-3.44304669175658,-0.0803773731136506,-5.14679840047436
27.5275,-3.45833006531621,-0.0803773731136506,-5.14679840047436
27.53,-3.43285777605016,-0.0803773731136506,-5.2130089542636
27.5325,-3.43795223390337,-0.0803773731136506,-5.13151904190761
27.535,-3.43285777605016,-0.0803773731136506,-5.12642592238536
27.5375,-3.43795223390337,-0.0803773731136506,-5.12642592238536
27.54,-3.46342452316942,-0.0803773731136506,-5.12133280286311
27.5425,-3.46342452316942,-0.0803773731136506,-5.12133280286311
27.545,-3.43795223390337,-0.0803773731136506,-5.11114656381861
27.5475,-3.45833006531621,-0.0803773731136506,-5.10605344429636
27.55,-3.45833006531621,-0.0803773731136506,-5.17735711760785
27.5525,-3.47361343887584,-0.0803773731136506,-5.1722639980856
27.555,-3.47361343887584,-0.0803773731136506,-5.16717087856335
27.5575,-3.45833006531621,-0.0803773731136506,-5.1722639980856
27.56,-3.45833006531621,-0.0803773731136506,-5.13151904190761
27.5625,-3.46342452316942,-0.0803773731136506,-5.31996446423084
27.565,-3.46342452316942,-0.0803773731136506,-5.2028227152191
27.5675,-3.46851898102263,-0.0803773731136506,-5.16207775904111
27.57,-3.46851898102263,-0.0803773731136506,-5.16717087856335
27.5725,-3.46342452316942,-0.0803773731136506,-5.27921950805285
27.575,-3.47361343887584,-0.0803773731136506,-5.16207775904111
27.5775,-3.47870789672905,-0.0803773731136506,-5.31487134470859
27.58,-3.5041801859951,-0.0803773731136506,-5.19772959569685
27.5825,-3.50927464384831,-0.0803773731136506,-5.2130089542636
27.585,-3.50927464384831,-0.0803773731136506,-5.2741263885306
27.5875,-3.5041801859951,-0.0803773731136506,-5.22828831283035
27.59,-3.47361343887584,-0.0803773731136506,-5.38617501802009
27.5925,-3.52455801740795,-0.075281680307862,-5.21810207378585
27.595,-3.49908572814189,-0.0803773731136506,-5.30977822518634
27.5975,-3.5041801859951,-0.0803773731136506,-5.30977822518634
27.6,-3.54493584882079,-0.0803773731136506,-5.28940574709734
27.6025,-3.51436910170153,-0.0803773731136506,-5.22828831283035
27.605,-3.51946355955474,-0.0803773731136506,-5.2435676713971
27.6075,-3.52965247526116,-0.0803773731136506,-5.25884702996385
27.61,-3.59078596949968,-0.0803773731136506,-5.2741263885306
27.6125,-3.54493584882079,-0.0803773731136506,-5.2741263885306
27.615,-3.53474693311437,-0.0803773731136506,-5.33015070327534
27.6175,-3.53474693311437,-0.0803773731136506,-5.29959198614184
27.62,-3.53984139096758,-0.0803773731136506,-5.29449886661959
27.6225,-3.53984139096758,-0.0803773731136506,-5.28431262757509
27.625,-3.52455801740795,-0.0803773731136506,-5.28431262757509
27.6275,-3.51946355955474,-0.0803773731136506,-5.28940574709734
27.63,-3.52455801740795,-0.0803773731136506,-5.27921950805285
27.6325,-3.51946355955474,-0.0803773731136506,-5.2741263885306
27.635,-3.51436910170153,-0.0803773731136506,-5.34033694231984
27.6375,-3.5041801859951,-0.0803773731136506,-5.34543006184209
27.64,-3.49399127028868,-0.0803773731136506,-5.30977822518634
27.6425,-3.48380235458226,-0.075281680307862,-5.34033694231984
27.645,-3.47870789672905,-0.0803773731136506,-5.33015070327534
27.6475,-3.47361343887584,-0.0803773731136506,-5.31996446423084
27.65,-3.47870789672905,-0.0803773731136506,-5.31487134470859
27.6525,-3.47361343887584,-0.0803773731136506,-5.29449886661959
27.655,-3.46851898102263,-0.0803773731136506,-5.31487134470859
27.6575,-3.46342452316942,-0.0803773731136506,-5.38108189849784
27.66,-3.46342452316942,-0.0803773731136506,-5.2741263885306
27.6625,-3.45833006531621,-0.0803773731136506,-5.29959198614184
27.665,-3.45833006531621,-0.0803773731136506,-5.29959198614184
27.6675,-3.453235607463,-0.0854730659194392,-5.29449886661959
27.67,-3.44814114960979,-0.0803773731136506,-5.28431262757509
27.6725,-3.44814114960979,-0.0803773731136506,-5.28431262757509
27.675,-3.44304669175658,-0.0803773731136506,-5.35052318136434
27.6775,-3.44814114960979,-0.0803773731136506,-5.31487134470859
27.68,-3.44304669175658,-0.0803773731136506,-5.29959198614184
27.6825,-3.42266886034373,-0.0803773731136506,-5.29449886661959
27.685,-3.4073854867841,-0.0803773731136506,-5.36580253993109
27.6875,-3.40229102893089,-0.0803773731136506,-5.35561630088659
27.69,-3.40229102893089,-0.0803773731136506,-5.32505758375309
27.6925,-3.40229102893089,-0.0854730659194392,-5.31996446423084
27.695,-3.39719657107768,-0.0803773731136506,-5.31996446423084
27.6975,-3.38700765537126,-0.0803773731136506,-5.39126813754234
27.7,-3.37681873966484,-0.0803773731136506,-5.38617501802009
27.7025,-3.38700765537126,-0.0803773731136506,-5.35052318136434
27.705,-3.4073854867841,-0.0803773731136506,-5.34543006184209
27.7075,-3.37172428181163,-0.0803773731136506,-5.33015070327534
27.71,-3.36662982395842,-0.0803773731136506,-5.43710621324258
27.7125,-3.36662982395842,-0.0803773731136506,-5.35561630088659
27.715,-3.36153536610521,-0.0803773731136506,-5.33524382279759
27.7175,-3.36153536610521,-0.0803773731136506,-5.33524382279759
27.72,-3.38700765537126,-0.0803773731136506,-5.29959198614184
27.7225,-3.38700765537126,-0.0803773731136506,-5.33524382279759
27.725,-3.34625199254558,-0.0803773731136506,-5.38108189849784
27.7275,-3.33606307683915,-0.0803773731136506,-5.38108189849784
27.73,-3.356440908252,-0.0803773731136506,-5.32505758375309
27.7325,-3.38191319751805,-0.0803773731136506,-5.35561630088659
27.735,-3.37681873966484,-0.0803773731136506,-5.34543006184209
27.7375,-3.35134645039879,-0.0803773731136506,-5.34543006184209
27.74,-3.35134645039879,-0.0803773731136506,-5.35052318136434
27.7425,-3.38700765537126,-0.0803773731136506,-5.34033694231984
27.745,-3.36153536610521,-0.0803773731136506,-5.35052318136434
27.7475,-3.4073854867841,-0.0803773731136506,-5.35052318136434
27.75,-3.40229102893089,-0.075281680307862,-5.36580253993109
27.7525,-3.40229102893089,-0.0803773731136506,-5.36580253993109
27.755,-3.40229102893089,-0.0803773731136506,-5.38108189849784
27.7575,-3.41247994463731,-0.0803773731136506,-5.38617501802009
27.76,-3.39719657107768,-0.075281680307862,-5.40145437658683
27.7625,-3.39719657107768,-0.0803773731136506,-5.41164061563133
27.765,-3.40229102893089,-0.0803773731136506,-5.40145437658683
27.7675,-3.44304669175658,-0.0803773731136506,-5.40654749610908
27.77,-3.44304669175658,-0.0803773731136506,-5.43201309372033
27.7725,-3.42776331819694,-0.0803773731136506,-5.45238557180933
27.775,-3.43795223390337,-0.0803773731136506,-5.44729245228708
27.7775,-3.43795223390337,-0.0803773731136506,-5.44219933276483
27.78,-3.45833006531621,-0.0803773731136506,-5.49822364750958
27.7825,-3.45833006531621,-0.0803773731136506,-5.50331676703183
27.785,-3.5041801859951,-0.0803773731136506,-5.47275804989833
27.7875,-3.453235607463,-0.0803773731136506,-5.48294428894283
27.79,-3.47361343887584,-0.0803773731136506,-5.50331676703183
27.7925,-3.44814114960979,-0.0803773731136506,-5.46257181085383
27.795,-3.43795223390337,-0.0803773731136506,-5.43710621324258
27.7975,-3.46342452316942,-0.0803773731136506,-5.47785116942058
27.8,-3.43285777605016,-0.0803773731136506,-5.50331676703183
27.8025,-3.42266886034373,-0.0803773731136506,-5.41673373515358
27.805,-3.43795223390337,-0.075281680307862,-5.46257181085383
27.8075,-3.4073854867841,-0.075281680307862,-5.45747869133158
27.81,-3.39719657107768,-0.075281680307862,-5.41164061563133
27.8125,-3.38191319751805,-0.0803773731136506,-5.41164061563133
27.815,-3.36662982395842,-0.0803773731136506,-5.51859612559857
27.8175,-3.356440908252,-0.0854730659194392,-5.45238557180933
27.82,-3.356440908252,-0.0803773731136506,-5.31996446423084
27.8225,-3.34115753469236,-0.0803773731136506,-5.31487134470859
27.825,-3.39719657107768,-0.0803773731136506,-5.30977822518634
27.8275,-3.28511849830705,-0.0803773731136506,-5.27921950805285
27.83,-3.27492958260063,-0.075281680307862,-5.30468510566409
27.8325,-3.29021295616026,-0.0803773731136506,-5.29449886661959
27.835,-3.24436283548136,-0.0803773731136506,-5.30468510566409
27.8375,-3.24945729333457,-0.0803773731136506,-5.29959198614184
27.84,-3.22398500406852,-0.0803773731136506,-5.30468510566409
27.8425,-3.22907946192173,-0.0803773731136506,-5.29449886661959
27.845,-3.23926837762815,-0.0803773731136506,-5.29449886661959
27.8475,-3.20360717265568,-0.0803773731136506,-5.28431262757509
27.85,-3.19851271480247,-0.0803773731136506,-5.30468510566409
27.8525,-3.17304042553642,-0.0803773731136506,-5.29959198614184
27.855,-3.22907946192173,-0.0803773731136506,-5.30468510566409
27.8575,-3.19341825694926,-0.0803773731136506,-5.2741263885306
27.86,-3.18322934124284,-0.0803773731136506,-5.31487134470859
27.8625,-3.13737922056394,-0.0803773731136506,-5.33524382279759
27.865,-3.13228476271073,-0.0803773731136506,-5.33524382279759
27.8675,-3.11190693129789,-0.0803773731136506,-5.35561630088659
27.87,-3.12719030485752,-0.0803773731136506,-5.33015070327534
27.8725,-3.11190693129789,-0.0803773731136506,-5.39126813754234
27.875,-3.14756813627036,-0.0803773731136506,-5.38617501802009
27.8775,-3.08134018417863,-0.0803773731136506,-5.45238557180933
27.88,-3.07624572632541,-0.0803773731136506,-5.34033694231984
27.8825,-3.06605681061899,-0.0803773731136506,-5.43710621324258
27.885,-3.06605681061899,-0.0803773731136506,-5.33015070327534
27.8875,-3.06096235276578,-0.0803773731136506,-5.33524382279759
27.89,-3.09662355773826,-0.0803773731136506,-5.40145437658683
27.8925,-3.08643464203184,-0.0854730659194392,-5.35052318136434
27.895,-3.06096235276578,-0.075281680307862,-5.33524382279759
27.8975,-3.08134018417863,-0.0803773731136506,-5.38617501802009
27.9,-3.08134018417863,-0.0803773731136506,-5.38108189849784
27.9025,-3.07624572632541,-0.0803773731136506,-5.38108189849784
27.905,-3.08134018417863,-0.0803773731136506,-5.37598877897559
27.9075,-3.09662355773826,-0.0803773731136506,-5.37089565945334
27.91,-3.09662355773826,-0.0803773731136506,-5.37089565945334
27.9125,-3.15266259412357,-0.0803773731136506,-5.36070942040884
27.915,-3.14756813627036,-0.0803773731136506,-5.33524382279759
27.9175,-3.15775705197678,-0.0803773731136506,-5.33015070327534
27.92,-3.13228476271073,-0.075281680307862,-5.37598877897559
27.9225,-3.19341825694926,-0.0803773731136506,-5.39126813754234
27.925,-3.17304042553642,-0.0803773731136506,-5.44729245228708
27.9275,-3.17813488338963,-0.0803773731136506,-5.34543006184209
27.93,-3.17304042553642,-0.0803773731136506,-5.37598877897559
27.9325,-3.17813488338963,-0.0803773731136506,-5.39126813754234
27.935,-3.19341825694926,-0.0803773731136506,-5.37089565945334
27.9375,-3.3105907875731,-0.0803773731136506,-5.39126813754234
27.94,-3.18832379909605,-0.0803773731136506,-5.40145437658683
27.9425,-3.20870163050889,-0.0803773731136506,-5.40145437658683
27.945,-3.19851271480247,-0.075281680307862,-5.37598877897559
27.9475,-3.26474066689421,-0.0803773731136506,-5.40145437658683
27.95,-3.22398500406852,-0.0803773731136506,-5.40145437658683
27.9525,-3.18832379909605,-0.0854730659194392,-5.41164061563133
27.955,-3.18832379909605,-0.0803773731136506,-5.40654749610908
27.9575,-3.23926837762815,-0.0803773731136506,-5.44729245228708
27.96,-3.2137960883621,-0.0803773731136506,-5.44219933276483
27.9625,-3.20870163050889,-0.0803773731136506,-5.51859612559857
27.965,-3.21889054621531,-0.0803773731136506,-5.45747869133158
27.9675,-3.21889054621531,-0.0803773731136506,-5.44729245228708
27.97,-3.30549632971989,-0.0854730659194392,-5.44729245228708
27.9725,-3.26474066689421,-0.0803773731136506,-5.46257181085383
27.975,-3.27492958260063,-0.0803773731136506,-5.44219933276483
27.9775,-3.28002404045384,-0.075281680307862,-5.44729245228708
27.98,-3.26474066689421,-0.0803773731136506,-5.48803740846508
27.9825,-3.32077970327952,-0.0803773731136506,-5.46257181085383
27.985,-3.32587416113273,-0.0803773731136506,-5.44219933276483
27.9875,-3.32077970327952,-0.0803773731136506,-5.45238557180933
27.99,-3.35134645039879,-0.0803773731136506,-5.44729245228708
27.9925,-3.35134645039879,-0.0803773731136506,-5.45238557180933
27.995,-3.36153536610521,-0.0803773731136506,-5.46257181085383
27.9975,-3.37172428181163,-0.0803773731136506,-5.46257181085383
28,-3.36153536610521,-0.0803773731136506,-5.47275804989833
28.0025,-3.48380235458226,-0.075281680307862,-5.46257181085383
28.005,-3.43795223390337,-0.0803773731136506,-5.49822364750958
28.0075,-3.43795223390337,-0.0803773731136506,-5.47275804989833
28.01,-3.42776331819694,-0.0803773731136506,-5.48803740846508
28.0125,-3.453235607463,-0.0803773731136506,-5.48803740846508
28.015,-3.41757440249052,-0.0803773731136506,-5.49822364750958
28.0175,-3.42266886034373,-0.0803773731136506,-5.49822364750958
28.02,-3.453235607463,-0.0854730659194392,-5.51350300607633
28.0225,-3.48380235458226,-0.0803773731136506,-5.50840988655408
28.025,-3.44304669175658,-0.0803773731136506,-5.52368924512082
28.0275,-3.46851898102263,-0.075281680307862,-5.52368924512082
28.03,-3.51436910170153,-0.0803773731136506,-5.53896860368757
28.0325,-3.53984139096758,-0.0803773731136506,-5.57971355986557
28.035,-3.56021922238042,-0.0803773731136506,-5.55424796225432
28.0375,-3.53984139096758,-0.0803773731136506,-5.55424796225432
28.04,-3.51946355955474,-0.0803773731136506,-5.55424796225432
28.0425,-3.53984139096758,-0.0803773731136506,-5.55424796225432
28.045,-3.47361343887584,-0.0803773731136506,-5.55424796225432
28.0475,-3.49399127028868,-0.0803773731136506,-5.57462044034332
28.05,-3.49908572814189,-0.0803773731136506,-5.57462044034332
28.0525,-3.48380235458226,-0.075281680307862,-5.55424796225432
28.055,-3.53984139096758,-0.0803773731136506,-5.55934108177657
28.0575,-3.48380235458226,-0.0803773731136506,-5.54406172320982
28.06,-3.48889681243547,-0.0803773731136506,-5.56952732082107
28.0625,-3.72324187368316,-0.0803773731136506,-5.57462044034332
28.065,-3.73343078938958,-0.0803773731136506,-5.57462044034332
28.0675,-3.80984765718774,-0.0803773731136506,-5.59499291843232
28.07,-3.75380862080242,-0.0803773731136506,-5.59499291843232
28.0725,-3.74871416294921,-0.0803773731136506,-5.61027227699907
28.075,-3.74871416294921,-0.0803773731136506,-5.60517915747682
28.0775,-3.76399753650884,-0.0803773731136506,-5.62045851604357
28.08,-3.78437536792169,-0.0803773731136506,-5.67648283078831
28.0825,-3.7894698257749,-0.0803773731136506,-5.62045851604357
28.085,-3.7894698257749,-0.0803773731136506,-5.64592411365481
28.0875,-3.8862645249859,-0.0803773731136506,-5.68157595031056
28.09,-3.87607560927948,-0.0803773731136506,-5.63573787461031
28.0925,-3.85060332001342,-0.0803773731136506,-5.63573787461031
28.095,-3.86588669357306,-0.0803773731136506,-5.70704154792181
28.0975,-3.8862645249859,-0.075281680307862,-5.66120347222156
28.1,-3.88117006713269,-0.0803773731136506,-5.66629659174381
28.1025,-3.86079223571985,-0.0803773731136506,-5.71722778696631
28.105,-3.82003657289416,-0.0803773731136506,-5.74269338457756
28.1075,-3.82003657289416,-0.0803773731136506,-5.64083099413256
28.11,-3.80984765718774,-0.0803773731136506,-5.65101723317706
28.1125,-3.89645344069232,-0.0803773731136506,-5.8089039383668
28.115,-3.80984765718774,-0.0803773731136506,-5.69685530887731
28.1175,-3.80475319933453,-0.0803773731136506,-5.66629659174381
28.12,-3.82513103074737,-0.0803773731136506,-5.63064475508807
28.1225,-3.82003657289416,-0.0803773731136506,-5.66120347222156
28.125,-3.78437536792169,-0.0803773731136506,-5.67138971126606
28.1275,-3.82513103074737,-0.0803773731136506,-5.67648283078831
28.13,-3.82513103074737,-0.0803773731136506,-5.75287962362205
28.1325,-3.82003657289416,-0.0803773731136506,-5.73250714553306
28.135,-3.81494211504095,-0.0803773731136506,-5.68157595031056
28.1375,-3.81494211504095,-0.0803773731136506,-5.74269338457756
28.14,-3.7894698257749,-0.0803773731136506,-5.74778650409981
28.1425,-3.78437536792169,-0.0803773731136506,-5.7987176993223
28.145,-3.78437536792169,-0.0803773731136506,-5.69176218935506
28.1475,-3.77928091006848,-0.0803773731136506,-5.79362457980005
28.15,-3.77418645221527,-0.0803773731136506,-5.63573787461031
28.1525,-3.76399753650884,-0.0803773731136506,-5.64083099413256
28.155,-3.76399753650884,-0.0803773731136506,-5.63573787461031
28.1575,-3.7894698257749,-0.0803773731136506,-5.65101723317706
28.16,-3.75380862080242,-0.0803773731136506,-5.65101723317706
28.1625,-3.75380862080242,-0.0803773731136506,-5.66629659174381
28.165,-3.743619705096,-0.0803773731136506,-5.66120347222156
28.1675,-3.73343078938958,-0.0803773731136506,-5.67648283078831
28.17,-3.73343078938958,-0.0803773731136506,-5.67138971126606
28.1725,-3.73343078938958,-0.0803773731136506,-5.66120347222156
28.175,-3.73343078938958,-0.0803773731136506,-5.66120347222156
28.1775,-3.72833633153637,-0.0803773731136506,-5.66629659174381
28.18,-3.70795850012353,-0.0803773731136506,-5.65101723317706
28.1825,-3.70795850012353,-0.0803773731136506,-5.63573787461031
28.185,-3.69776958441711,-0.0803773731136506,-5.64592411365481
28.1875,-3.6926751265639,-0.0803773731136506,-5.71722778696631
28.19,-3.68248621085748,-0.0854730659194392,-5.63573787461031
28.1925,-3.67229729515105,-0.0803773731136506,-5.63064475508807
28.195,-3.646825005885,-0.0803773731136506,-5.70704154792181
28.1975,-3.62135271661895,-0.0803773731136506,-5.69685530887731
28.2,-3.60606934305932,-0.0803773731136506,-5.70194842839956
28.2025,-3.59588042735289,-0.075281680307862,-0.10461007344729
28.205,-3.57040813808684,-0.0803773731136506,-0.10461007344729
28.2075,-3.54493584882079,-0.0803773731136506,-5.72741402601081
28.21,-3.550030306674,-0.0803773731136506,-5.64592411365481
28.2125,-3.52455801740795,-0.0803773731136506,-5.65101723317706
28.215,-3.48380235458226,-0.0803773731136506,-5.65611035269931
28.2175,-3.49399127028868,-0.0803773731136506,-5.66629659174381
28.22,-3.43795223390337,-0.0803773731136506,-5.66120347222156
28.2225,-3.42776331819694,-0.0803773731136506,-5.73250714553306
28.225,-3.41757440249052,-0.0803773731136506,-5.67138971126606
28.2275,-3.4073854867841,-0.0803773731136506,-5.71722778696631
28.23,-3.39719657107768,-0.0803773731136506,-5.60008603795457
28.2325,-3.38700765537126,-0.0803773731136506,-5.62555163556582
28.235,-3.37681873966484,-0.0803773731136506,-5.65101723317706
28.2375,-3.36153536610521,-0.0803773731136506,-5.7783452212333
28.24,-3.36662982395842,-0.0803773731136506,-5.62555163556582
28.2425,-3.33606307683915,-0.0803773731136506,-5.77325210171105
28.245,-3.33606307683915,-0.0803773731136506,-5.59499291843232
28.2475,-3.33606307683915,-0.0803773731136506,-5.61536539652132
28.25,-3.33096861898594,-0.075281680307862,-5.67138971126606
28.2525,-3.30549632971989,-0.0803773731136506,-5.64592411365481
28.255,-3.3105907875731,-0.0803773731136506,-5.66120347222156
28.2575,-3.32587416113273,-0.0803773731136506,-5.57971355986557
28.26,-3.33606307683915,-0.0803773731136506,-5.62555163556582
28.2625,-3.33606307683915,-0.0803773731136506,-5.56443420129882
28.265,-3.37681873966484,-0.0803773731136506,-5.55934108177657
28.2675,-3.356440908252,-0.0803773731136506,-5.60008603795457
28.27,-3.356440908252,-0.0803773731136506,-5.59499291843232
28.2725,-3.40229102893089,-0.0803773731136506,-5.55424796225432
28.275,-3.36153536610521,-0.0803773731136506,-5.55424796225432
28.2775,-3.356440908252,-0.075281680307862,-5.52878236464307
28.28,-3.34625199254558,-0.0803773731136506,-5.55424796225432
28.2825,-3.41757440249052,-0.0803773731136506,-5.51350300607633
28.285,-3.36153536610521,-0.0803773731136506,-5.51350300607633
28.2875,-3.38700765537126,-0.0854730659194392,-5.49313052798733
28.29,-3.38700765537126,-0.0803773731136506,-5.49822364750958
28.2925,-3.35134645039879,-0.0803773731136506,-5.47275804989833
28.295,-3.37681873966484,-0.0803773731136506,-5.50331676703183
28.2975,-3.33606307683915,-0.075281680307862,-5.48803740846508
28.3,-3.36153536610521,-0.0803773731136506,-5.47275804989833
28.3025,-3.36662982395842,-0.0803773731136506,-5.46257181085383
28.305,-3.356440908252,-0.0803773731136506,-5.49822364750958
28.3075,-3.33096861898594,-0.0803773731136506,-5.51859612559857
28.31,-3.33606307683915,-0.075281680307862,-5.50331676703183
28.3125,-3.34115753469236,-0.0803773731136506,-5.52878236464307
28.315,-3.33606307683915,-0.0803773731136506,-5.53387548416532
28.3175,-3.34625199254558,-0.0803773731136506,-5.48803740846508
28.32,-3.34625199254558,-0.075281680307862,-5.46257181085383
28.3225,-3.35134645039879,-0.0803773731136506,-5.53896860368757
28.325,-3.39719657107768,-0.0854730659194392,-5.49313052798733
28.3275,-3.39719657107768,-0.075281680307862,-5.50840988655408
28.33,-3.37681873966484,-0.0803773731136506,-5.48803740846508
28.3325,-3.39210211322447,-0.0803773731136506,-5.49313052798733
28.335,-3.39719657107768,-0.0803773731136506,-5.49822364750958
28.3375,-3.44814114960979,-0.0803773731136506,-5.49822364750958
28.34,-3.42776331819694,-0.0803773731136506,-5.50331676703183
28.3425,-3.43285777605016,-0.0803773731136506,-5.51350300607633
28.345,-3.46342452316942,-0.0803773731136506,-5.50331676703183
28.3475,-3.44304669175658,-0.075281680307862,-5.45238557180933
28.35,-3.453235607463,-0.0803773731136506,-5.41164061563133
28.3525,-3.45833006531621,-0.0803773731136506,-5.42182685467583
28.355,-3.47870789672905,-0.075281680307862,-5.41164061563133
28.3575,-3.47870789672905,-0.0803773731136506,-5.42691997419808
28.36,-3.48889681243547,-0.0803773731136506,-5.41673373515358
28.3625,-3.49399127028868,-0.0803773731136506,-5.41673373515358
28.365,-3.49908572814189,-0.0803773731136506,-5.43201309372033
28.3675,-3.50927464384831,-0.0803773731136506,-5.43710621324258
28.37,-3.51946355955474,-0.0854730659194392,-5.40145437658683
28.3725,-3.51946355955474,-0.075281680307862,-5.40654749610908
28.375,-3.51946355955474,-0.0803773731136506,-5.39636125706459
28.3775,-3.51436910170153,-0.0803773731136506,-5.37598877897559
28.38,-3.51436910170153,-0.0803773731136506,-5.37089565945334
28.3825,-3.51436910170153,-0.0803773731136506,-5.38108189849784
28.385,-3.51436910170153,-0.0803773731136506,-5.38617501802009
28.3875,-3.50927464384831,-0.0803773731136506,-5.42182685467583
28.39,-3.51436910170153,-0.0803773731136506,-5.62045851604357
28.3925,-3.51946355955474,-0.0803773731136506,-5.35052318136434
28.395,-3.52965247526116,-0.0854730659194392,-5.35561630088659
28.3975,-3.51436910170153,-0.0854730659194392,-5.48294428894283
28.4,-3.50927464384831,-0.075281680307862,-5.43201309372033
28.4025,-3.50927464384831,-0.0803773731136506,-5.42691997419808
28.405,-3.54493584882079,-0.0803773731136506,-5.43710621324258
28.4075,-3.51436910170153,-0.0803773731136506,-5.39126813754234
28.41,-3.53984139096758,-0.0803773731136506,-5.39126813754234
28.4125,-3.49908572814189,-0.0803773731136506,-5.49313052798733
28.415,-3.49399127028868,-0.0803773731136506,-5.40145437658683
28.4175,-3.50927464384831,-0.0803773731136506,-5.37089565945334
28.42,-3.5041801859951,-0.075281680307862,-5.37089565945334
28.4225,-3.49908572814189,-0.0854730659194392,-5.33524382279759
28.425,-3.49399127028868,-0.0803773731136506,-5.36580253993109
28.4275,-3.48380235458226,-0.075281680307862,-5.35052318136434
28.43,-3.47870789672905,-0.0803773731136506,-5.35561630088659
28.4325,-3.47870789672905,-0.0803773731136506,-5.34033694231984
28.435,-3.47361343887584,-0.0803773731136506,-5.41164061563133
28.4375,-3.47361343887584,-0.0803773731136506,-5.36070942040884
28.44,-3.46342452316942,-0.0803773731136506,-5.37089565945334
28.4425,-3.45833006531621,-0.0803773731136506,-5.36580253993109
28.445,-3.44304669175658,-0.0803773731136506,-5.39126813754234
28.4475,-3.44814114960979,-0.0854730659194392,-5.33524382279759
28.45,-3.43795223390337,-0.0803773731136506,-5.36580253993109
28.4525,-3.41247994463731,-0.075281680307862,-5.34543006184209
28.455,-3.42266886034373,-0.0803773731136506,-5.40145437658683
28.4575,-3.41757440249052,-0.0803773731136506,-5.40654749610908
28.46,-3.38700765537126,-0.0803773731136506,-5.39636125706459
28.4625,-3.38191319751805,-0.0803773731136506,-5.41673373515358
28.465,-3.37681873966484,-0.0803773731136506,-5.33015070327534
28.4675,-3.37172428181163,-0.0803773731136506,-5.33015070327534
28.47,-3.39719657107768,-0.0803773731136506,-5.31996446423084
28.4725,-3.38191319751805,-0.0803773731136506,-5.43201309372033
28.475,-3.356440908252,-0.0803773731136506,-5.29959198614184
28.4775,-3.35134645039879,-0.075281680307862,-5.29959198614184
28.48,-3.36153536610521,-0.0803773731136506,-5.31996446423084
28.4825,-3.356440908252,-0.0803773731136506,-5.38108189849784
28.485,-3.36153536610521,-0.0803773731136506,-5.29449886661959
28.4875,-3.356440908252,-0.0803773731136506,-5.29959198614184
28.49,-3.36153536610521,-0.0803773731136506,-5.26903326900835
28.4925,-3.36662982395842,-0.075281680307862,-5.27921950805285
28.495,-3.38191319751805,-0.0803773731136506,-5.26903326900835
28.4975,-3.37172428181163,-0.0803773731136506,-5.26903326900835
28.5,-3.36662982395842,-0.0803773731136506,-5.25884702996385
28.5025,-3.37172428181163,-0.0803773731136506,-5.25884702996385
28.505,-3.37172428181163,-0.0803773731136506,-5.23847455187485
28.5075,-3.38191319751805,-0.0803773731136506,-5.31996446423084
28.51,-3.4073854867841,-0.0803773731136506,-5.35052318136434
28.5125,-3.39210211322447,-0.0803773731136506,-5.31996446423084
28.515,-3.38700765537126,-0.0803773731136506,-5.31996446423084
28.5175,-3.43795223390337,-0.0803773731136506,-5.30977822518634
28.52,-3.43795223390337,-0.0803773731136506,-5.30977822518634
28.5225,-3.46342452316942,-0.0803773731136506,-5.30977822518634
28.525,-3.44304669175658,-0.0803773731136506,-5.34543006184209
28.5275,-3.453235607463,-0.0803773731136506,-5.34033694231984
28.53,-3.45833006531621,-0.0803773731136506,-5.37089565945334
28.5325,-3.48889681243547,-0.0803773731136506,-5.31996446423084
28.535,-3.5041801859951,-0.0803773731136506,-5.37089565945334
28.5375,-3.51946355955474,-0.0803773731136506,-0.10461007344729
28.54,-3.550030306674,-0.0803773731136506,-5.28431262757509
28.5425,-3.550030306674,-0.0803773731136506,-5.30468510566409
28.545,-3.56021922238042,-0.0803773731136506,-5.26903326900835
28.5475,-3.57040813808684,-0.0803773731136506,-5.26903326900835
28.55,-3.56531368023363,-0.0803773731136506,-5.2741263885306
28.5525,-3.57040813808684,-0.0803773731136506,-5.2741263885306
28.555,-3.57550259594005,-0.0803773731136506,-5.45238557180933
28.5575,-3.58059705379326,-0.0803773731136506,-5.45747869133158
28.56,-3.58569151164647,-0.0803773731136506,-5.26903326900835
28.5625,-3.59078596949968,-0.0803773731136506,-5.29959198614184
28.565,-3.60097488520611,-0.0803773731136506,-5.44219933276483
28.5675,-3.60606934305932,-0.0803773731136506,-5.45238557180933
28.57,-3.62135271661895,-0.0803773731136506,-5.40654749610908
28.5725,-3.62135271661895,-0.0803773731136506,-5.43201309372033
28.575,-3.60606934305932,-0.0803773731136506,-5.39636125706459
28.5775,-3.63663609017858,-0.0803773731136506,-5.40145437658683
28.58,-3.64173054803179,-0.0803773731136506,-5.37089565945334
28.5825,-3.63663609017858,-0.0803773731136506,-5.33524382279759
28.585,-3.62135271661895,-0.0803773731136506,-5.31996446423084
28.5875,-3.59588042735289,-0.0803773731136506,-5.38108189849784
28.59,-3.59588042735289,-0.0803773731136506,-5.41673373515358
28.5925,-3.59588042735289,-0.0803773731136506,-5.41673373515358
28.595,-3.57550259594005,-0.0803773731136506,-5.30977822518634
28.5975,-3.58059705379326,-0.0803773731136506,-5.43710621324258
28.6,-3.57550259594005,-0.0803773731136506,-5.43201309372033
28.6025,-3.58059705379326,-0.0803773731136506,-5.35561630088659
28.605,-3.58059705379326,-0.0803773731136506,-5.29959198614184
28.6075,-3.61625825876574,-0.0803773731136506,-5.28940574709734
28.61,-3.57040813808684,-0.0803773731136506,-5.29449886661959
28.6125,-3.57550259594005,-0.0803773731136506,-5.28431262757509
28.615,-3.54493584882079,-0.0803773731136506,-5.39636125706459
28.6175,-3.54493584882079,-0.0803773731136506,-5.51350300607633
28.62,-3.58059705379326,-0.0803773731136506,-5.47785116942058
28.6225,-3.58059705379326,-0.0803773731136506,-5.46766493037608
28.625,-3.55512476452721,-0.0803773731136506,-5.2639401494861
28.6275,-3.550030306674,-0.0803773731136506,-5.37598877897559
28.63,-3.550030306674,-0.0803773731136506,-5.35052318136434
28.6325,-3.550030306674,-0.0803773731136506,-5.34033694231984
28.635,-3.550030306674,-0.0803773731136506,-5.47275804989833
28.6375,-3.55512476452721,-0.0803773731136506,-5.37089565945334
28.64,-3.56021922238042,-0.0803773731136506,-5.29959198614184
28.6425,-3.53474693311437,-0.0803773731136506,-5.33524382279759
28.645,-3.53474693311437,-0.0803773731136506,-5.30977822518634
28.6475,-3.52965247526116,-0.0803773731136506,-5.34033694231984
28.65,-3.53984139096758,-0.0803773731136506,-5.34033694231984
28.6525,-3.53984139096758,-0.0803773731136506,-5.25884702996385
28.655,-3.53474693311437,-0.0803773731136506,-5.40654749610908
28.6575,-3.53474693311437,-0.0803773731136506,-5.47275804989833
28.66,-3.53984139096758,-0.0803773731136506,-5.48803740846508
28.6625,-3.53984139096758,-0.0803773731136506,-5.34543006184209
28.665,-3.56021922238042,-0.0803773731136506,-5.34033694231984
28.6675,-3.56531368023363,-0.0803773731136506,-5.35052318136434
28.67,-3.53984139096758,-0.0803773731136506,-5.38617501802009
28.6725,-3.53984139096758,-0.0803773731136506,-5.44219933276483
28.675,-3.53984139096758,-0.0803773731136506,-5.33524382279759
28.6775,-3.53984139096758,-0.0803773731136506,-5.43201309372033
28.68,-3.54493584882079,-0.0803773731136506,-5.41164061563133
28.6825,-3.58569151164647,-0.0803773731136506,-5.42691997419808
28.685,-3.58059705379326,-0.0803773731136506,-5.40654749610908
28.6875,-3.56531368023363,-0.0803773731136506,-5.42182685467583
28.69,-3.57550259594005,-0.0803773731136506,-5.50331676703183
28.6925,-3.61116380091253,-0.0803773731136506,-5.50331676703183
28.695,-3.62135271661895,-0.0803773731136506,-5.50331676703183
28.6975,-3.60097488520611,-0.0803773731136506,-5.30468510566409
28.7,-3.63154163232537,-0.0803773731136506,-5.30977822518634
28.7025,-3.61625825876574,-0.0803773731136506,-5.40654749610908
28.705,-3.61625825876574,-0.0803773731136506,-5.41164061563133
28.7075,-3.67739175300426,-0.0803773731136506,-5.41164061563133
28.71,-3.68248621085748,-0.0803773731136506,-5.39126813754234
28.7125,-3.66210837944463,-0.0803773731136506,-5.33524382279759
28.715,-3.66720283729784,-0.0803773731136506,-5.37598877897559
28.7175,-3.69776958441711,-0.0803773731136506,-5.35052318136434
28.72,-3.66210837944463,-0.0803773731136506,-5.36580253993109
28.7225,-3.6926751265639,-0.0803773731136506,-5.32505758375309
28.725,-3.70286404227032,-0.0803773731136506,-5.34543006184209
28.7275,-3.71305295797674,-0.0803773731136506,-5.2741263885306
28.73,-3.72324187368316,-0.0803773731136506,-5.40654749610908
28.7325,-3.72324187368316,-0.0803773731136506,-5.39636125706459
28.735,-3.73852524724279,-0.0803773731136506,-5.40654749610908
28.7375,-3.74871416294921,-0.0803773731136506,-5.40145437658683
28.74,-3.75890307865563,-0.0803773731136506,-5.37598877897559
28.7425,-3.77928091006848,-0.0803773731136506,-5.34033694231984
28.745,-3.7894698257749,-0.0803773731136506,-5.34543006184209
28.7475,-3.81494211504095,-0.0803773731136506,-5.40145437658683
28.75,-3.83022548860058,-0.0803773731136506,-5.32505758375309
28.7525,-3.84550886216021,-0.0803773731136506,-5.33015070327534
28.755,-3.85569777786664,-0.0803773731136506,-5.38108189849784
28.7575,-3.86588669357306,-0.0803773731136506,-5.33524382279759
28.76,-3.91173681425195,-0.0803773731136506,-5.41164061563133
28.7625,-3.91173681425195,-0.0803773731136506,-5.42182685467583
28.765,-3.93211464566479,-0.0803773731136506,-5.36070942040884
28.7675,-3.91683127210516,-0.0803773731136506,-5.39636125706459
28.77,-3.91173681425195,-0.0803773731136506,-5.36580253993109
28.7725,-3.90664235639874,-0.0803773731136506,-5.39126813754234
28.775,-3.89645344069232,-0.0803773731136506,-5.35052318136434
28.7775,-3.8862645249859,-0.0803773731136506,-5.37089565945334
28.78,-3.87607560927948,-0.0803773731136506,-5.35052318136434
28.7825,-3.86079223571985,-0.0803773731136506,-5.32505758375309
28.785,-3.84550886216021,-0.0803773731136506,-5.30977822518634
28.7875,-3.83531994645379,-0.075281680307862,-5.31996446423084
28.79,-3.80475319933453,-0.0803773731136506,-5.31487134470859
28.7925,-3.81494211504095,-0.0803773731136506,-5.31487134470859
28.795,-3.80475319933453,-0.0803773731136506,-5.31487134470859
28.7975,-3.79965874148132,-0.0803773731136506,-5.30468510566409
28.8,-3.76909199436206,-0.0803773731136506,-5.44219933276483
28.8025,-3.75380862080242,-0.0803773731136506,-5.35052318136434
28.805,-3.68758066871069,-0.0803773731136506,-5.37089565945334
28.8075,-3.68758066871069,-0.0803773731136506,-5.35561630088659
28.81,-3.6926751265639,-0.075281680307862,-5.34033694231984
28.8125,-3.66210837944463,-0.0803773731136506,-5.40145437658683
28.815,-3.58569151164647,-0.0803773731136506,-5.35052318136434
28.8175,-3.59588042735289,-0.0803773731136506,-5.36580253993109
28.82,-3.58059705379326,-0.0803773731136506,-5.37089565945334
28.8225,-3.58059705379326,-0.0803773731136506,-5.36070942040884
28.825,-3.44814114960979,-0.0803773731136506,-5.37089565945334
28.8275,-3.42776331819694,-0.0803773731136506,-5.33524382279759
28.83,-3.39210211322447,-0.0803773731136506,-5.36070942040884
28.8325,-3.42266886034373,-0.0803773731136506,-5.36070942040884
28.835,-3.32077970327952,-0.0803773731136506,-5.36580253993109
28.8375,-3.356440908252,-0.0803773731136506,-5.36070942040884
28.84,-3.356440908252,-0.0803773731136506,-5.31996446423084
28.8425,-3.32587416113273,-0.0803773731136506,-5.31996446423084
28.845,-3.29021295616026,-0.0803773731136506,-5.33524382279759
28.8475,-3.26983512474742,-0.0803773731136506,-5.34033694231984
28.85,-3.17304042553642,-0.0803773731136506,-5.33015070327534
28.8525,-3.15266259412357,-0.0803773731136506,-5.33524382279759
28.855,-3.15266259412357,-0.0803773731136506,-5.32505758375309
28.8575,-3.13228476271073,-0.0803773731136506,-5.33015070327534
28.86,-3.18322934124284,-0.0803773731136506,-5.31996446423084
28.8625,-3.12209584700431,-0.075281680307862,-5.35561630088659
28.865,-3.08643464203184,-0.0803773731136506,-5.40654749610908
28.8675,-3.12209584700431,-0.0803773731136506,-5.35561630088659
28.87,-3.05586789491257,-0.0803773731136506,-5.34033694231984
28.8725,-3.06096235276578,-0.0803773731136506,-5.32505758375309
28.875,-3.06096235276578,-0.0854730659194392,-5.33015070327534
28.8775,-3.05586789491257,-0.0803773731136506,-5.34543006184209
28.88,-3.04058452135294,-0.0803773731136506,-5.37598877897559
28.8825,-3.01001777423368,-0.0803773731136506,-5.36070942040884
28.885,-3.01001777423368,-0.0803773731136506,-5.36580253993109
28.8875,-3.04058452135294,-0.0803773731136506,-5.31996446423084
28.89,-3.04567897920615,-0.0803773731136506,-5.33015070327534
28.8925,-3.04567897920615,-0.0803773731136506,-5.31996446423084
28.895,-0.0908934243440065,-0.0803773731136506,-5.33015070327534
28.8975,-0.0908934243440065,-0.0803773731136506,-5.31996446423084
28.9,-0.0908934243440065,-0.0803773731136506,-5.33015070327534
28.9025,-0.0959878821972175,-0.0803773731136506,-5.31487134470859
28.905,-3.20360717265568,-0.0803773731136506,-5.32505758375309
28.9075,-3.18832379909605,-0.0803773731136506,-5.32505758375309
28.91,-3.22398500406852,-0.0803773731136506,-5.34543006184209
28.9125,-3.24945729333457,-0.0803773731136506,-5.34543006184209
28.915,-3.24436283548136,-0.0803773731136506,-5.35561630088659
28.9175,-3.21889054621531,-0.0803773731136506,-5.35052318136434
28.92,-3.27492958260063,-0.0803773731136506,-5.33524382279759
28.9225,-3.25455175118779,-0.0803773731136506,-5.36070942040884
28.925,-3.26983512474742,-0.0803773731136506,-5.41164061563133
28.9275,-3.259646209041,-0.0803773731136506,-5.33524382279759
28.93,-3.25455175118779,-0.0803773731136506,-5.33524382279759
28.9325,-3.23417391977494,-0.0803773731136506,-5.33524382279759
28.935,-3.2137960883621,-0.0803773731136506,-5.33015070327534
28.9375,-3.20870163050889,-0.075281680307862,-5.33524382279759
28.94,-3.20870163050889,-0.0803773731136506,-5.31996446423084
28.9425,-3.23417391977494,-0.0803773731136506,-5.31996446423084
28.945,-3.20870163050889,-0.0803773731136506,-5.30977822518634
28.9475,-3.21889054621531,-0.0803773731136506,-5.32505758375309
28.95,-3.23417391977494,-0.0803773731136506,-5.30977822518634
28.9525,-3.23417391977494,-0.0803773731136506,-5.31487134470859
28.955,-3.23926837762815,-0.0803773731136506,-5.30977822518634
28.9575,-3.24945729333457,-0.075281680307862,-5.29449886661959
28.96,-3.259646209041,-0.0803773731136506,-5.28431262757509
28.9625,-3.29021295616026,-0.0803773731136506,-5.28940574709734
28.965,-3.19341825694926,-0.0803773731136506,-5.29449886661959
28.9675,-3.21889054621531,-0.0803773731136506,-5.29959198614184
28.97,-3.15266259412357,-0.0803773731136506,-5.28940574709734
28.9725,-3.15266259412357,-0.0803773731136506,-5.28940574709734
28.975,-3.15266259412357,-0.0803773731136506,-5.29449886661959
28.9775,-3.15266259412357,-0.075281680307862,-5.31996446423084
28.98,-3.14756813627036,-0.0803773731136506,-5.32505758375309
28.9825,-3.22398500406852,-0.0803773731136506,-5.31996446423084
28.985,-3.17304042553642,-0.0803773731136506,-5.35561630088659
28.9875,-3.10681247344468,-0.0803773731136506,-5.31487134470859
28.99,-3.11190693129789,-0.075281680307862,-5.33015070327534
28.9925,-3.1170013891511,-0.0803773731136506,-5.33015070327534
28.995,-3.15266259412357,-0.0803773731136506,-5.37089565945334
28.9975,-3.17813488338963,-0.0803773731136506,-5.38108189849784
29,-3.13228476271073,-0.0803773731136506,-5.31996446423084
29.0025,-3.16285150982999,-0.0803773731136506,-5.33524382279759
29.005,-3.16285150982999,-0.0803773731136506,-5.38108189849784
29.0075,-3.17304042553642,-0.0803773731136506,-5.35561630088659
29.01,-3.19341825694926,-0.0803773731136506,-5.33524382279759
29.0125,-3.18322934124284,-0.0803773731136506,-5.33524382279759
29.015,-3.18832379909605,-0.0803773731136506,-5.36070942040884
29.0175,-3.18832379909605,-0.0803773731136506,-5.34033694231984
29.02,-3.259646209041,-0.0803773731136506,-5.31996446423084
29.0225,-3.259646209041,-0.0803773731136506,-5.32505758375309
29.025,-3.33606307683915,-0.0803773731136506,-5.31996446423084
29.0275,-3.32077970327952,-0.0803773731136506,-5.34033694231984
29.03,-3.33096861898594,-0.0803773731136506,-5.31487134470859
29.0325,-3.25455175118779,-0.0854730659194392,-5.33015070327534
29.035,-3.259646209041,-0.0803773731136506,-5.31996446423084
29.0375,-3.57550259594005,-0.0803773731136506,-5.32505758375309
29.04,-3.57550259594005,-0.0803773731136506,-5.31996446423084
29.0425,-3.57040813808684,-0.0803773731136506,-5.33015070327534
29.045,-3.47870789672905,-0.0803773731136506,-5.32505758375309
29.0475,-3.56531368023363,-0.075281680307862,-5.37089565945334
29.05,-3.58059705379326,-0.0803773731136506,-5.41164061563133
29.0525,-3.56531368023363,-0.0803773731136506,-5.36580253993109
29.055,-3.56021922238042,-0.075281680307862,-5.36070942040884
29.0575,-3.60606934305932,-0.0854730659194392,-5.39636125706459
29.06,-3.60606934305932,-0.0803773731136506,-5.36580253993109
29.0625,-3.61116380091253,-0.0803773731136506,-5.39126813754234
29.065,-3.64173054803179,-0.0803773731136506,-5.36580253993109
29.0675,-3.66720283729784,-0.0803773731136506,-5.37598877897559
29.07,-3.67739175300426,-0.0803773731136506,-5.38617501802009
29.0725,-3.70795850012353,-0.0803773731136506,-5.38108189849784
29.075,-3.70795850012353,-0.0803773731136506,-5.39636125706459
29.0775,-3.69776958441711,-0.0803773731136506,-5.40145437658683
29.08,-3.91173681425195,-0.0803773731136506,-5.39126813754234
29.0825,-3.95758693493085,-0.0854730659194392,-5.39126813754234
29.085,-3.91173681425195,-0.075281680307862,-5.43710621324258
29.0875,-4.06457054984827,-0.0803773731136506,-5.37598877897559
29.09,-4.01362597131616,-0.0803773731136506,-5.43710621324258
29.0925,-4.02381488702258,-0.0803773731136506,-5.41673373515358
29.095,-3.97287030849048,-0.0803773731136506,-5.44219933276483
29.0975,-3.92192572995837,-0.0803773731136506,-5.43710621324258
29.1,-3.94739801922443,-0.075281680307862,-5.38617501802009
29.1025,-4.01362597131616,-0.0803773731136506,-5.40145437658683
29.105,-4.00853151346295,-0.0803773731136506,-5.42182685467583
29.1075,-4.02381488702258,-0.0854730659194392,-5.43710621324258
29.11,-3.9830592241969,-0.0803773731136506,-5.44729245228708
29.1125,-3.95249247707764,-0.0803773731136506,-5.50331676703183
29.115,-3.94230356137122,-0.0803773731136506,-5.38108189849784
29.1175,-3.93211464566479,-0.0803773731136506,-5.50331676703183
29.12,-3.92702018781158,-0.0803773731136506,-5.43201309372033
29.1225,-3.95758693493085,-0.0803773731136506,-5.41164061563133
29.125,-3.94739801922443,-0.0803773731136506,-5.41673373515358
29.1275,-3.93720910351801,-0.0803773731136506,-5.45747869133158
29.13,-3.90664235639874,-0.0803773731136506,-5.48294428894283
29.1325,-3.90664235639874,-0.0803773731136506,-5.41164061563133
29.135,-3.90664235639874,-0.0854730659194392,-5.38108189849784
29.1375,-3.90154789854553,-0.0803773731136506,-5.42182685467583
29.14,-3.92702018781158,-0.0803773731136506,-5.50840988655408
29.1425,-3.98815368205011,-0.0803773731136506,-5.51859612559857
29.145,-3.93211464566479,-0.0803773731136506,-5.47275804989833
29.1475,-3.93211464566479,-0.0803773731136506,-5.45238557180933
29.15,-3.93720910351801,-0.0803773731136506,-5.46257181085383
29.1525,-3.92192572995837,-0.0803773731136506,-5.49313052798733
29.155,-3.91683127210516,-0.0803773731136506,-5.49313052798733
29.1575,-3.91173681425195,-0.0803773731136506,-5.46766493037608
29.16,-0.0959878821972175,-0.0854730659194392,-5.47275804989833
29.1625,-0.0959878821972175,-0.0803773731136506,-5.48294428894283
29.165,-0.0959878821972175,-0.075281680307862,-5.46766493037608
29.1675,-0.0959878821972175,-0.0803773731136506,-5.47275804989833
29.17,-0.0959878821972175,-0.0803773731136506,-5.54915484273207
29.1725,-0.0908934243440065,-0.0803773731136506,-5.49313052798733
29.175,-0.0959878821972175,-0.0803773731136506,-5.52878236464307
29.1775,-0.0908934243440065,-0.0803773731136506,-5.49313052798733
29.18,-0.0908934243440065,-0.0803773731136506,-5.49822364750958
29.1825,-0.0959878821972175,-0.0803773731136506,-5.54406172320982
29.185,-0.0908934243440065,-0.0854730659194392,-5.52878236464307
29.1875,-0.0908934243440065,-0.0803773731136506,-5.49822364750958
29.19,-3.57040813808684,-0.0803773731136506,-5.69176218935506
29.1925,-3.56531368023363,-0.0803773731136506,-5.49822364750958
29.195,-3.56021922238042,-0.0803773731136506,-5.51350300607633
29.1975,-3.56531368023363,-0.0803773731136506,-5.51350300607633
29.2,-3.56021922238042,-0.0803773731136506,-5.52878236464307
29.2025,-3.60097488520611,-0.0803773731136506,-5.52878236464307
29.205,-3.55512476452721,-0.0803773731136506,-5.54406172320982
29.2075,-3.59588042735289,-0.0803773731136506,-5.54915484273207
29.21,-3.51946355955474,-0.075281680307862,-5.52878236464307
29.2125,-3.50927464384831,-0.0803773731136506,-5.56443420129882
29.215,-3.58059705379326,-0.0803773731136506,-5.67648283078831
29.2175,-3.48380235458226,-0.0803773731136506,-5.60517915747682
29.22,-3.47870789672905,-0.0803773731136506,-5.58989979891007
29.2225,-3.453235607463,-0.0803773731136506,-5.68666906983281
29.225,-3.52965247526116,-0.0803773731136506,-5.67138971126606
29.2275,-3.47361343887584,-0.0803773731136506,-5.68157595031056
29.23,-3.42776331819694,-0.0803773731136506,-5.70704154792181
29.2325,-3.42776331819694,-0.0803773731136506,-5.71213466744406
29.235,-3.42776331819694,-0.0803773731136506,-5.65101723317706
29.2375,-3.40229102893089,-0.0803773731136506,-5.68666906983281
29.24,-3.42266886034373,-0.075281680307862,-5.68157595031056
29.2425,-3.47361343887584,-0.0803773731136506,-5.68157595031056
29.245,-3.49908572814189,-0.0803773731136506,-5.64083099413256
29.2475,-3.49908572814189,-0.0803773731136506,-5.64592411365481
29.25,-3.48380235458226,-0.0803773731136506,-5.64083099413256
29.2525,-3.49399127028868,-0.0803773731136506,-5.64592411365481
29.255,-3.48380235458226,-0.0803773731136506,-5.65101723317706
29.2575,-3.56531368023363,-0.0803773731136506,-5.62045851604357
29.26,-3.48380235458226,-0.075281680307862,-5.63573787461031
29.2625,-3.44304669175658,-0.0803773731136506,-5.62555163556582
29.265,-3.47870789672905,-0.0803773731136506,-5.65611035269931
29.2675,-3.44814114960979,-0.0803773731136506,-5.72232090648856
29.27,-3.41247994463731,-0.0803773731136506,-5.65101723317706
29.2725,-3.42776331819694,-0.0803773731136506,-5.65101723317706
29.275,-3.42776331819694,-0.0803773731136506,-5.66120347222156
29.2775,-3.38700765537126,-0.0803773731136506,-5.64592411365481
29.28,-3.4073854867841,-0.0854730659194392,-5.63573787461031
29.2825,-3.38700765537126,-0.075281680307862,-5.71722778696631
29.285,-3.453235607463,-0.0803773731136506,-5.72741402601081
29.2875,-3.41757440249052,-0.0803773731136506,-5.7783452212333
29.29,-3.43795223390337,-0.0803773731136506,-5.65611035269931
29.2925,-3.46342452316942,-0.0803773731136506,-5.63573787461031
29.295,-3.43795223390337,-0.0803773731136506,-5.64083099413256
29.2975,-3.43285777605016,-0.0803773731136506,-5.72741402601081
29.3,-3.453235607463,-0.0803773731136506,-5.70704154792181
29.3025,-3.52965247526116,-0.0803773731136506,-5.70194842839956
29.305,-3.52965247526116,-0.0803773731136506,-5.67648283078831
29.3075,-3.5041801859951,-0.0803773731136506,-5.64083099413256
29.31,-3.50927464384831,-0.0803773731136506,-5.63573787461031
29.3125,-3.51436910170153,-0.0803773731136506,-5.67648283078831
29.315,-3.58569151164647,-0.0803773731136506,-5.58989979891007
29.3175,-3.50927464384831,-0.0803773731136506,-5.60008603795457
29.32,-3.52455801740795,-0.0803773731136506,-5.59499291843232
29.3225,-3.52965247526116,-0.0803773731136506,-5.60008603795457
29.325,-3.58569151164647,-0.0803773731136506,-5.74778650409981
29.3275,-3.54493584882079,-0.0803773731136506,-5.60517915747682
29.33,-3.57040813808684,-0.0854730659194392,-5.65101723317706
29.3325,-3.550030306674,-0.0803773731136506,-5.65611035269931
29.335,-3.5041801859951,-0.0803773731136506,-5.61536539652132
29.3375,-3.47870789672905,-0.0803773731136506,-5.63573787461031
29.34,-3.47870789672905,-0.0803773731136506,-5.64083099413256
29.3425,-3.47361343887584,-0.0803773731136506,-5.70194842839956
29.345,-3.47361343887584,-0.0803773731136506,-5.63064475508807
29.3475,-3.47870789672905,-0.0803773731136506,-5.66120347222156
29.35,-3.47870789672905,-0.0803773731136506,-5.68157595031056
29.3525,-3.48889681243547,-0.0803773731136506,-5.64592411365481
29.355,-3.49908572814189,-0.0803773731136506,-5.63064475508807
29.3575,-3.52455801740795,-0.0803773731136506,-5.63064475508807
29.36,-3.47870789672905,-0.0803773731136506,-5.68666906983281
29.3625,-3.52455801740795,-0.0854730659194392,-5.61536539652132
29.365,-3.48889681243547,-0.0803773731136506,-5.61536539652132
29.3675,-3.49399127028868,-0.0803773731136506,-5.70194842839956
29.37,-3.48889681243547,-0.0803773731136506,-5.61536539652132
29.3725,-3.57550259594005,-0.0803773731136506,-5.61027227699907
29.375,-3.57550259594005,-0.0803773731136506,-5.62555163556582
29.3775,-3.63154163232537,-0.0803773731136506,-5.62045851604357
29.38,-3.58059705379326,-0.0803773731136506,-5.63573787461031
29.3825,-3.53984139096758,-0.075281680307862,-5.61027227699907
29.385,-3.57550259594005,-0.0803773731136506,-5.56952732082107
29.3875,-3.53984139096758,-0.0803773731136506,-5.60517915747682
29.39,-3.51436910170153,-0.0803773731136506,-5.62045851604357
29.3925,-3.51436910170153,-0.0803773731136506,-5.61027227699907
29.395,-3.56531368023363,-0.0803773731136506,-5.58480667938782
29.3975,-3.56021922238042,-0.0803773731136506,-5.61536539652132
29.4,-3.43795223390337,-0.0854730659194392,-5.62555163556582
29.4025,-3.42776331819694,-0.075281680307862,-5.62045851604357
29.405,-3.42266886034373,-0.075281680307862,-5.60517915747682
29.4075,-3.453235607463,-0.0803773731136506,-5.59499291843232
29.41,-3.38191319751805,-0.0803773731136506,-5.60008603795457
29.4125,-3.37681873966484,-0.0803773731136506,-5.66120347222156
29.415,-3.39719657107768,-0.0803773731136506,-5.57462044034332
29.4175,-3.37681873966484,-0.0803773731136506,-5.56443420129882
29.42,-3.37172428181163,-0.0803773731136506,-5.60008603795457
29.4225,-3.36153536610521,-0.0803773731136506,-5.58480667938782
29.425,-3.356440908252,-0.0803773731136506,-5.60517915747682
29.4275,-3.4073854867841,-0.0803773731136506,-5.57462044034332
29.43,-3.4073854867841,-0.0803773731136506,-5.55934108177657
29.4325,-3.34115753469236,-0.0803773731136506,-5.55934108177657
29.435,-3.453235607463,-0.0803773731136506,-5.54915484273207
29.4375,-3.356440908252,-0.0803773731136506,-5.55424796225432
29.44,-3.41757440249052,-0.075281680307862,-5.54406172320982
29.4425,-3.41247994463731,-0.0803773731136506,-5.57971355986557
29.445,-3.44814114960979,-0.0803773731136506,-5.53387548416532
29.4475,-3.51946355955474,-0.0803773731136506,-5.60008603795457
29.45,-3.44304669175658,-0.0803773731136506,-5.55934108177657
29.4525,-3.43795223390337,-0.0803773731136506,-5.54406172320982
29.455,-3.49908572814189,-0.075281680307862,-5.53387548416532
29.4575,-3.46342452316942,-0.0803773731136506,-5.54406172320982
29.46,-3.48380235458226,-0.0803773731136506,-5.54406172320982
29.4625,-3.52455801740795,-0.0803773731136506,-5.56443420129882
29.465,-3.46342452316942,-0.0803773731136506,-5.53387548416532
29.4675,-3.52965247526116,-0.0803773731136506,-5.53896860368757
29.47,-3.52455801740795,-0.0803773731136506,-5.54406172320982
29.4725,-3.46342452316942,-0.0803773731136506,-5.53387548416532
29.475,-3.46342452316942,-0.0803773731136506,-5.53896860368757
29.4775,-3.45833006531621,-0.0803773731136506,-5.53387548416532
29.48,-3.53984139096758,-0.0803773731136506,-5.53387548416532
29.4825,-3.49908572814189,-0.0803773731136506,-5.55424796225432
29.485,-3.51436910170153,-0.0803773731136506,-5.56443420129882
29.4875,-3.49399127028868,-0.0803773731136506,-5.52878236464307
29.49,-3.49399127028868,-0.0803773731136506,-5.55934108177657
29.4925,-3.44304669175658,-0.0803773731136506,-5.55424796225432
29.495,-3.47870789672905,-0.0854730659194392,-5.54406172320982
29.4975,-3.51946355955474,-0.0803773731136506,-5.53896860368757
29.5,-3.5041801859951,-0.0803773731136506,-5.55424796225432
29.5025,-3.46342452316942,-0.0803773731136506,-5.61536539652132
29.505,-3.44814114960979,-0.0803773731136506,-5.63064475508807
29.5075,-3.47870789672905,-0.0803773731136506,-5.55934108177657
29.51,-3.5041801859951,-0.0803773731136506,-5.56443420129882
29.5125,-3.47870789672905,-0.0803773731136506,-5.52878236464307
29.515,-3.52455801740795,-0.0854730659194392,-5.58480667938782
29.5175,-3.56021922238042,-0.0803773731136506,-5.50840988655408
29.52,-3.53984139096758,-0.0803773731136506,-5.51859612559857
29.5225,-3.51946355955474,-0.0803773731136506,-5.54915484273207
29.525,-3.55512476452721,-0.0803773731136506,-5.57462044034332
29.5275,-3.56021922238042,-0.0803773731136506,-5.51859612559857
29.53,-3.60097488520611,-0.0803773731136506,-5.59499291843232
29.5325,-3.58059705379326,-0.0803773731136506,-5.53387548416532
29.535,-3.56531368023363,-0.0803773731136506,-5.60008603795457
29.5375,-3.59078596949968,-0.0803773731136506,-5.55424796225432
29.54,-3.59588042735289,-0.075281680307862,-5.55934108177657
29.5425,-3.59078596949968,-0.0803773731136506,-5.54406172320982
29.545,-3.59588042735289,-0.0803773731136506,-5.58480667938782
29.5475,-3.60097488520611,-0.0803773731136506,-5.50840988655408
29.55,-3.63154163232537,-0.0803773731136506,-5.49313052798733
29.5525,-3.62644717447216,-0.0803773731136506,-5.50331676703183
29.555,-3.64173054803179,-0.075281680307862,-5.49822364750958
29.5575,-3.68248621085748,-0.0803773731136506,-5.56952732082107
29.56,-3.65701392159142,-0.0803773731136506,-5.50840988655408
29.5625,-3.66210837944463,-0.0854730659194392,-5.51350300607633
29.565,-3.65191946373821,-0.0803773731136506,-5.47275804989833
29.5675,-3.646825005885,-0.0803773731136506,-5.48294428894283
29.57,-3.71305295797674,-0.0803773731136506,-5.49822364750958
29.5725,-3.62644717447216,-0.0803773731136506,-5.50840988655408
29.575,-3.61116380091253,-0.0803773731136506,-5.61027227699907
29.5775,-3.63154163232537,-0.0803773731136506,-5.51350300607633
29.58,-3.62135271661895,-0.0803773731136506,-5.53896860368757
29.5825,-3.61116380091253,-0.0803773731136506,-5.51859612559857
29.585,-3.61625825876574,-0.0803773731136506,-5.52878236464307
29.5875,-3.58059705379326,-0.0854730659194392,-5.52878236464307
29.59,-3.58059705379326,-0.0803773731136506,-5.62555163556582
29.5925,-3.58059705379326,-0.0803773731136506,-5.59499291843232
29.595,-3.58059705379326,-0.0803773731136506,-5.52878236464307
29.5975,-3.55512476452721,-0.0803773731136506,-5.58989979891007
29.6,-3.550030306674,-0.0803773731136506,-5.63573787461031
29.6025,-3.550030306674,-0.075281680307862,-5.63064475508807
29.605,-3.54493584882079,-0.0803773731136506,-5.63064475508807
29.6075,-3.52455801740795,-0.0803773731136506,-5.61536539652132
29.61,-3.52455801740795,-0.0803773731136506,-5.65101723317706
29.6125,-3.5041801859951,-0.0803773731136506,-5.67648283078831
29.615,-3.49399127028868,-0.0803773731136506,-5.71213466744406
29.6175,-3.48889681243547,-0.0803773731136506,-5.67648283078831
29.62,-3.48889681243547,-0.0803773731136506,-5.66629659174381
29.6225,-3.48380235458226,-0.0803773731136506,-5.66120347222156
29.625,-3.48380235458226,-0.0803773731136506,-5.62555163556582
29.6275,-3.48380235458226,-0.0803773731136506,-5.61536539652132
29.63,-3.45833006531621,-0.0803773731136506,-5.62555163556582
29.6325,-3.50927464384831,-0.0803773731136506,-5.60008603795457
29.635,-3.51436910170153,-0.0803773731136506,-5.61027227699907
29.6375,-3.58569151164647,-0.0803773731136506,-5.60517915747682
29.64,-3.52455801740795,-0.0803773731136506,-5.57971355986557
29.6425,-3.48380235458226,-0.0803773731136506,-5.61027227699907
29.645,-3.51436910170153,-0.0803773731136506,-5.63064475508807
29.6475,-3.54493584882079,-0.0803773731136506,-5.58480667938782
29.65,-3.52965247526116,-0.0803773731136506,-5.60008603795457
29.6525,-3.60606934305932,-0.0803773731136506,-5.61027227699907
29.655,-3.57040813808684,-0.0803773731136506,-5.61027227699907
29.6575,-3.57550259594005,-0.0803773731136506,-5.61536539652132
29.66,-3.56531368023363,-0.0803773731136506,-5.64083099413256
29.6625,-3.61116380091253,-0.0803773731136506,-5.62045851604357
29.665,-3.56531368023363,-0.0803773731136506,-5.61536539652132
29.6675,-3.59078596949968,-0.0803773731136506,-5.55934108177657
29.67,-3.58569151164647,-0.0803773731136506,-5.57462044034332
29.6725,-3.56531368023363,-0.0803773731136506,-5.58480667938782
29.675,-3.58569151164647,-0.0803773731136506,-5.57462044034332
29.6775,-3.62135271661895,-0.0803773731136506,-5.65611035269931
29.68,-3.66210837944463,-0.075281680307862,-5.67138971126606
29.6825,-3.71305295797674,-0.0803773731136506,-5.56952732082107
29.685,-3.64173054803179,-0.0803773731136506,-5.55934108177657
29.6875,-3.66210837944463,-0.0803773731136506,-5.61536539652132
29.69,-3.69776958441711,-0.0803773731136506,-5.54406172320982
29.6925,-3.66720283729784,-0.0854730659194392,-5.56443420129882
29.695,-3.66720283729784,-0.0803773731136506,-5.57462044034332
29.6975,-3.6926751265639,-0.0803773731136506,-5.50840988655408
29.7,-3.65701392159142,-0.0803773731136506,-5.50331676703183
29.7025,-3.66210837944463,-0.0803773731136506,-5.48803740846508
29.705,-3.58569151164647,-0.0803773731136506,-5.55934108177657
29.7075,-3.59078596949968,-0.0803773731136506,-5.54915484273207
29.71,-3.65701392159142,-0.0803773731136506,-5.58989979891007
29.7125,-3.65701392159142,-0.0803773731136506,-5.55424796225432
29.715,-3.66720283729784,-0.0803773731136506,-5.52368924512082
29.7175,-3.64173054803179,-0.075281680307862,-5.45747869133158
29.72,-3.66720283729784,-0.0803773731136506,-5.48294428894283
29.7225,-3.65701392159142,-0.0803773731136506,-5.48803740846508
29.725,-3.65701392159142,-0.0803773731136506,-5.41164061563133
29.7275,-3.65191946373821,-0.0803773731136506,-5.47275804989833
29.73,-3.646825005885,-0.0803773731136506,-5.47275804989833
29.7325,-3.63663609017858,-0.0803773731136506,-5.45747869133158
29.735,-3.65191946373821,-0.0803773731136506,-5.37089565945334
29.7375,-3.67229729515105,-0.0803773731136506,-5.37089565945334
29.74,-3.646825005885,-0.0803773731136506,-5.37089565945334
29.7425,-3.66210837944463,-0.0803773731136506,-5.36070942040884
29.745,-3.62135271661895,-0.0803773731136506,-5.37598877897559
29.7475,-3.61625825876574,-0.0803773731136506,-5.43710621324258
29.75,-3.63663609017858,-0.0803773731136506,-5.42691997419808
29.7525,-3.59078596949968,-0.0803773731136506,-5.35561630088659
29.755,-3.61625825876574,-0.0803773731136506,-5.34543006184209
29.7575,-3.60606934305932,-0.0803773731136506,-5.43201309372033
29.76,-3.58059705379326,-0.0803773731136506,-5.34033694231984
29.7625,-3.59588042735289,-0.0803773731136506,-5.37089565945334
29.765,-3.57550259594005,-0.0803773731136506,-5.36070942040884
29.7675,-3.57040813808684,-0.0803773731136506,-5.45238557180933
29.77,-3.56531368023363,-0.0803773731136506,-5.38617501802009
29.7725,-3.56531368023363,-0.0854730659194392,-5.38108189849784
29.775,-3.56531368023363,-0.0803773731136506,-5.44219933276483
29.7775,-3.56531368023363,-0.0803773731136506,-5.48803740846508
29.78,-3.53474693311437,-0.0803773731136506,-5.44729245228708
29.7825,-3.57550259594005,-0.0803773731136506,-5.43710621324258
29.785,-3.52455801740795,-0.0803773731136506,-5.43201309372033
29.7875,-3.56021922238042,-0.0803773731136506,-5.58480667938782
29.79,-3.550030306674,-0.0803773731136506,-5.41164061563133
29.7925,-3.51946355955474,-0.075281680307862,-5.40145437658683
29.795,-3.53474693311437,-0.0803773731136506,-5.2741263885306
29.7975,-3.5041801859951,-0.0803773731136506,-5.26903326900835
29.8,-3.51946355955474,-0.0803773731136506,-5.2741263885306
29.8025,-3.51946355955474,-0.0803773731136506,-5.39126813754234
29.805,-3.51946355955474,-0.0803773731136506,-5.37089565945334
29.8075,-3.53984139096758,-0.0803773731136506,-5.31487134470859
29.81,-3.56531368023363,-0.0803773731136506,-5.37598877897559
29.8125,-3.5041801859951,-0.0803773731136506,-5.43201309372033
29.815,-3.49399127028868,-0.0803773731136506,-5.32505758375309
29.8175,-3.51436910170153,-0.0803773731136506,-5.29959198614184
29.82,-3.51436910170153,-0.0803773731136506,-5.33524382279759
29.8225,-3.47870789672905,-0.0803773731136506,-5.37089565945334
29.825,-3.53984139096758,-0.0803773731136506,-5.36580253993109
29.8275,-3.47870789672905,-0.075281680307862,-5.37598877897559
29.83,-3.46342452316942,-0.0803773731136506,-5.36580253993109
29.8325,-3.48380235458226,-0.0803773731136506,-5.40145437658683
29.835,-3.47870789672905,-0.0803773731136506,-5.37089565945334
29.8375,-3.46851898102263,-0.0803773731136506,-5.41164061563133
29.84,-3.46851898102263,-0.0803773731136506,-5.39636125706459
29.8425,-3.46342452316942,-0.0803773731136506,-5.42182685467583
29.845,-3.46342452316942,-0.0803773731136506,-5.39126813754234
29.8475,-3.45833006531621,-0.075281680307862,-5.43201309372033
29.85,-3.47361343887584,-0.0803773731136506,-5.43710621324258
29.8525,-3.45833006531621,-0.0803773731136506,-5.41673373515358
29.855,-3.44304669175658,-0.0803773731136506,-5.41164061563133
29.8575,-3.43795223390337,-0.0803773731136506,-5.43201309372033
29.86,-3.49908572814189,-0.0803773731136506,-5.37089565945334
29.8625,-3.44814114960979,-0.0803773731136506,-5.38108189849784
29.865,-3.44304669175658,-0.0803773731136506,-5.41164061563133
29.8675,-3.41757440249052,-0.0803773731136506,-5.43710621324258
29.87,-3.41247994463731,-0.0803773731136506,-5.40145437658683
29.8725,-3.47361343887584,-0.0803773731136506,-5.41164061563133
29.875,-3.44304669175658,-0.0803773731136506,-5.40654749610908
29.8775,-3.43795223390337,-0.0803773731136506,-5.42182685467583
29.88,-3.453235607463,-0.0803773731136506,-5.45747869133158
29.8825,-3.44304669175658,-0.0803773731136506,-5.42182685467583
29.885,-3.41247994463731,-0.0803773731136506,-5.51350300607633
29.8875,-3.43285777605016,-0.0854730659194392,-5.40654749610908
29.89,-3.48889681243547,-0.0803773731136506,-5.42182685467583
29.8925,-3.45833006531621,-0.0803773731136506,-5.41673373515358
29.895,-3.44814114960979,-0.0803773731136506,-5.42182685467583
29.8975,-3.46342452316942,-0.0803773731136506,-5.41164061563133
29.9,-3.42776331819694,-0.0803773731136506,-5.41673373515358
29.9025,-3.44814114960979,-0.0803773731136506,-5.36580253993109
29.905,-3.44814114960979,-0.0803773731136506,-5.42691997419808
29.9075,-3.45833006531621,-0.0803773731136506,-5.36580253993109
29.91,-3.42266886034373,-0.0803773731136506,-5.38108189849784
29.9125,-3.40229102893089,-0.0803773731136506,-5.37089565945334
29.915,-3.40229102893089,-0.0803773731136506,-5.35052318136434
29.9175,-3.40229102893089,-0.0803773731136506,-5.41673373515358
29.92,-3.39719657107768,-0.0803773731136506,-5.37089565945334
29.9225,-3.40229102893089,-0.0803773731136506,-5.39636125706459
29.925,-3.39719657107768,-0.0803773731136506,-5.36580253993109
29.9275,-3.39719657107768,-0.0803773731136506,-5.30977822518634
29.93,-3.39719657107768,-0.0803773731136506,-5.29959198614184
29.9325,-3.39210211322447,-0.0803773731136506,-5.40145437658683
29.935,-3.38191319751805,-0.0803773731136506,-5.44219933276483
29.9375,-3.38191319751805,-0.0803773731136506,-5.2741263885306
29.94,-3.40229102893089,-0.0803773731136506,-5.52878236464307
29.9425,-3.37681873966484,-0.0803773731136506,-5.28431262757509
29.945,-3.39210211322447,-0.0803773731136506,-5.26903326900835
29.9475,-3.38700765537126,-0.0803773731136506,-5.2741263885306
29.95,-3.39719657107768,-0.0803773731136506,-5.50840988655408
29.9525,-3.38700765537126,-0.0803773731136506,-5.37089565945334
29.955,-3.38700765537126,-0.0803773731136506,-5.55424796225432
29.9575,-3.38700765537126,-0.0803773731136506,-5.39126813754234
29.96,-3.4073854867841,-0.0803773731136506,-5.37598877897559
29.9625,-3.356440908252,-0.0803773731136506,-5.38108189849784
29.965,-3.356440908252,-0.0803773731136506,-5.34543006184209
29.9675,-3.34625199254558,-0.0803773731136506,-5.40145437658683
29.97,-3.34625199254558,-0.0803773731136506,-5.42182685467583
29.9725,-3.34115753469236,-0.075281680307862,-5.53896860368757
29.975,-3.34625199254558,-0.0803773731136506,-5.53896860368757
29.9775,-3.34625199254558,-0.0803773731136506,-5.31996446423084
29.98,-3.34115753469236,-0.0803773731136506,-5.41164061563133
29.9825,-3.34115753469236,-0.0803773731136506,-5.40145437658683
29.985,-3.34115753469236,-0.0803773731136506,-5.46257181085383
29.9875,-3.34115753469236,-0.0803773731136506,-5.45747869133158
29.99,-3.34115753469236,-0.0803773731136506,-5.49313052798733
29.9925,-3.34625199254558,-0.0803773731136506,-5.45747869133158
29.995,-3.33606307683915,-0.0803773731136506,-5.45747869133158
29.9975,-3.33606307683915,-0.0803773731136506,-5.44219933276483
