time,V_ai0,V_ai1,V_ai2
0,-3.6926751265639,-0.0803773731136506,-8.40639489471408
0.0025,-3.63154163232537,-0.0803773731136506,-8.42167425328083
0.005,-3.66720283729784,-0.0803773731136506,-8.41658113375857
0.0075,-3.63154163232537,-0.0803773731136506,-8.43695361184757
0.01,-3.67229729515105,-0.075281680307862,-8.42676737280307
0.0125,-3.68248621085748,-0.0803773731136506,-8.46751232898107
0.015,-3.6926751265639,-0.0803773731136506,-8.39620865566958
0.0175,-3.70286404227032,-0.0854730659194392,-8.43695361184757
0.02,-3.75890307865563,-0.075281680307862,-8.44713985089207
0.0225,-3.74871416294921,-0.0803773731136506,-8.45223297041432
0.025,-3.75380862080242,-0.0803773731136506,-8.46751232898107
0.0275,-3.79456428362811,-0.0803773731136506,-8.43186049232532
0.03,-3.80984765718774,-0.0803773731136506,-8.44204673136982
0.0325,-3.7894698257749,-0.0803773731136506,-8.46751232898107
0.035,-3.78437536792169,-0.0803773731136506,-8.48279168754782
0.0375,-3.79456428362811,-0.0803773731136506,-8.47769856802557
0.04,-3.76909199436206,-0.0803773731136506,-8.45732608993657
0.0425,-3.80475319933453,-0.0854730659194392,-8.43695361184757
0.045,-3.82003657289416,-0.0803773731136506,-8.46751232898107
0.0475,-3.77928091006848,-0.0803773731136506,-8.51844352420357
0.05,-3.79965874148132,-0.075281680307862,-8.45732608993657
0.0525,-3.79456428362811,-0.0803773731136506,-8.46751232898107
0.055,-3.81494211504095,-0.0803773731136506,-8.43695361184757
0.0575,-3.81494211504095,-0.0803773731136506,-8.47260544850332
0.06,-3.81494211504095,-0.0803773731136506,-8.44713985089207
0.0625,-3.79965874148132,-0.0803773731136506,-8.45223297041432
0.065,-3.78437536792169,-0.0803773731136506,-8.42167425328083
0.0675,-3.77418645221527,-0.0803773731136506,-8.44713985089207
0.07,-3.78437536792169,-0.0803773731136506,-8.48788480707007
0.0725,-3.77418645221527,-0.0803773731136506,-8.41148801423633
0.075,-3.79456428362811,-0.0803773731136506,-8.42167425328083
0.0775,-3.76909199436206,-0.075281680307862,-8.48788480707007
0.08,-3.743619705096,-0.0803773731136506,-8.43695361184757
0.0825,-3.70286404227032,-0.0803773731136506,-8.42676737280307
0.085,-3.66720283729784,-0.0803773731136506,-8.46241920945882
0.0875,-3.66210837944463,-0.0803773731136506,-8.46241920945882
0.09,-3.63154163232537,-0.0803773731136506,-8.45223297041432
0.0925,-3.64173054803179,-0.0803773731136506,-8.49807104611457
0.095,-3.61625825876574,-0.0803773731136506,-8.46241920945882
0.0975,-3.60097488520611,-0.0803773731136506,-8.55918848038156
0.1,-3.62135271661895,-0.075281680307862,-8.43186049232532
0.1025,-3.60097488520611,-0.0803773731136506,-8.56937471942606
0.105,-3.59588042735289,-0.0803773731136506,-8.44713985089207
0.1075,-3.56531368023363,-0.0803773731136506,-8.46751232898107
0.11,-3.52965247526116,-0.0803773731136506,-8.59993343655956
0.1125,-3.5041801859951,-0.0803773731136506,-8.43695361184757
0.115,-3.5041801859951,-0.075281680307862,-8.44713985089207
0.1175,-3.49908572814189,-0.0803773731136506,-8.43186049232532
0.12,-3.5041801859951,-0.0803773731136506,-8.44713985089207
0.1225,-3.48380235458226,-0.0803773731136506,-8.44204673136982
0.125,-3.50927464384831,-0.0803773731136506,-8.47769856802557
0.1275,-3.48889681243547,-0.075281680307862,-8.43695361184757
0.13,-3.46342452316942,-0.0803773731136506,-8.46751232898107
0.1325,-3.46342452316942,-0.0803773731136506,-8.46751232898107
0.135,-3.46851898102263,-0.0803773731136506,-8.45732608993657
0.1375,-3.38700765537126,-0.0803773731136506,-8.53372288277031
0.14,-3.38191319751805,-0.0803773731136506,-8.44713985089207
0.1425,-3.42266886034373,-0.0803773731136506,-8.45732608993657
0.145,-3.36153536610521,-0.0803773731136506,-8.42676737280307
0.1475,-3.36153536610521,-0.0854730659194392,-8.44713985089207
0.15,-3.34115753469236,-0.0803773731136506,-8.47260544850332
0.1525,-3.37681873966484,-0.0803773731136506,-8.46241920945882
0.155,-3.26983512474742,-0.0803773731136506,-8.47260544850332
0.1575,-3.28002404045384,-0.0803773731136506,-8.42676737280307
0.16,-3.24945729333457,-0.0803773731136506,-8.45732608993657
0.1625,-3.26983512474742,-0.0803773731136506,-8.44204673136982
0.165,-3.25455175118779,-0.075281680307862,-8.45223297041432
0.1675,-3.27492958260063,-0.075281680307862,-8.44204673136982
0.17,-3.22398500406852,-0.0803773731136506,-8.42167425328083
0.1725,-3.22398500406852,-0.0803773731136506,-8.42167425328083
0.175,-3.21889054621531,-0.075281680307862,-8.40639489471408
0.1775,-3.29021295616026,-0.0803773731136506,-8.45223297041432
0.18,-3.23926837762815,-0.0803773731136506,-8.42167425328083
0.1825,-3.24436283548136,-0.0803773731136506,-8.40130177519183
0.185,-3.23417391977494,-0.0803773731136506,-8.53372288277031
0.1875,-3.25455175118779,-0.0803773731136506,-8.49297792659232
0.19,-3.25455175118779,-0.075281680307862,-8.39111553614733
0.1925,-3.28511849830705,-0.0803773731136506,-8.39620865566958
0.195,-3.15775705197678,-0.0803773731136506,-8.39620865566958
0.1975,-3.20870163050889,-0.0803773731136506,-8.40130177519183
0.2,-3.17813488338963,-0.0854730659194392,-8.39111553614733
0.2025,-3.18322934124284,-0.075281680307862,-8.39620865566958
0.205,-3.13228476271073,-0.0803773731136506,-8.39111553614733
0.2075,-3.13228476271073,-0.0803773731136506,-8.39111553614733
0.21,-3.13737922056394,-0.0803773731136506,-8.39111553614733
0.2125,-3.16794596768321,-0.0803773731136506,-8.38602241662508
0.215,-3.15775705197678,-0.0803773731136506,-8.44713985089207
0.2175,-3.16285150982999,-0.0803773731136506,-8.37074305805833
0.22,-3.2137960883621,-0.0803773731136506,-8.38092929710283
0.2225,-3.19851271480247,-0.075281680307862,-8.39620865566958
0.225,-3.20870163050889,-0.0803773731136506,-8.40639489471408
0.2275,-3.23417391977494,-0.075281680307862,-8.40639489471408
0.23,-3.24945729333457,-0.0803773731136506,-8.37583617758058
0.2325,-3.259646209041,-0.0803773731136506,-8.47769856802557
0.235,-3.28002404045384,-0.0803773731136506,-8.37074305805833
0.2375,-3.28002404045384,-0.0803773731136506,-8.35037057996933
0.24,-3.30549632971989,-0.0803773731136506,-8.33509122140258
0.2425,-3.3105907875731,-0.0803773731136506,-8.42676737280307
0.245,-3.32077970327952,-0.0803773731136506,-8.40130177519183
0.2475,-3.32587416113273,-0.0854730659194392,-8.41658113375857
0.25,-3.33096861898594,-0.075281680307862,-8.31471874331358
0.2525,-3.37681873966484,-0.075281680307862,-8.31471874331358
0.255,-3.34625199254558,-0.0803773731136506,-8.42167425328083
0.2575,-3.37172428181163,-0.0803773731136506,-8.44204673136982
0.26,-3.37172428181163,-0.0803773731136506,-8.32490498235808
0.2625,-3.34625199254558,-0.0803773731136506,-8.31471874331358
0.265,-3.37681873966484,-0.0803773731136506,-8.32490498235808
0.2675,-3.34115753469236,-0.075281680307862,-8.32490498235808
0.27,-3.37172428181163,-0.0803773731136506,-8.34527746044708
0.2725,-3.40229102893089,-0.075281680307862,-8.31981186283583
0.275,-3.4073854867841,-0.0803773731136506,-8.31981186283583
0.2775,-3.39719657107768,-0.075281680307862,-8.35037057996933
0.28,-3.40229102893089,-0.0803773731136506,-8.35037057996933
0.2825,-3.4073854867841,-0.0803773731136506,-8.40130177519183
0.285,-3.39719657107768,-0.0803773731136506,-8.31471874331358
0.2875,-3.39210211322447,-0.0803773731136506,-8.35546369949158
0.29,-3.39719657107768,-0.0803773731136506,-8.34018434092483
0.2925,-3.41247994463731,-0.0803773731136506,-8.37583617758058
0.295,-3.4073854867841,-0.0803773731136506,-8.38602241662508
0.2975,-3.44304669175658,-0.075281680307862,-8.33509122140258
0.3,-3.42266886034373,-0.0803773731136506,-8.38092929710283
0.3025,-3.47361343887584,-0.0803773731136506,-8.53881600229256
0.305,-3.46342452316942,-0.0803773731136506,-8.31981186283583
0.3075,-3.43795223390337,-0.0803773731136506,-8.41148801423633
0.31,-3.42266886034373,-0.0803773731136506,-8.53372288277031
0.3125,-3.45833006531621,-0.0803773731136506,-8.32490498235808
0.315,-3.47361343887584,-0.0803773731136506,-8.31981186283583
0.3175,-3.45833006531621,-0.0854730659194392,-8.28925314570234
0.32,-3.48380235458226,-0.0803773731136506,-8.31471874331358
0.3225,-3.48380235458226,-0.0803773731136506,-8.32490498235808
0.325,-3.48380235458226,-0.0803773731136506,-8.28416002618009
0.3275,-3.47870789672905,-0.0803773731136506,-8.28925314570234
0.33,-3.48889681243547,-0.0803773731136506,-8.28416002618009
0.3325,-3.49399127028868,-0.0803773731136506,-8.28925314570234
0.335,-3.48889681243547,-0.0803773731136506,-8.28416002618009
0.3375,-0.106176797903638,-0.0803773731136506,-8.26888066761334
0.34,-0.0959878821972175,-0.0803773731136506,-8.28416002618009
0.3425,-0.0959878821972175,-0.0854730659194392,-8.31471874331358
0.345,-0.0959878821972175,-0.0803773731136506,-8.29943938474683
0.3475,-0.0908934243440065,-0.0803773731136506,-8.32490498235808
0.35,-0.0908934243440065,-0.0803773731136506,-8.29434626522459
0.3525,-0.0908934243440065,-0.0803773731136506,-8.28925314570234
0.355,-0.0959878821972175,-0.0803773731136506,-8.32490498235808
0.3575,-0.0959878821972175,-0.075281680307862,-8.30453250426909
0.36,-0.0908934243440065,-0.0803773731136506,-8.34018434092483
0.3625,-0.0908934243440065,-0.0803773731136506,-8.31471874331358
0.365,-0.0908934243440065,-0.0803773731136506,-8.32490498235808
0.3675,-0.0959878821972175,-0.0803773731136506,-8.33509122140258
0.37,-0.0908934243440065,-0.0803773731136506,-8.40130177519183
0.3725,-0.0908934243440065,-0.0803773731136506,-8.34527746044708
0.375,-3.70795850012353,-0.0803773731136506,-8.32490498235808
0.3775,-3.70795850012353,-0.0803773731136506,-8.40639489471408
0.38,-3.67739175300426,-0.0854730659194392,-8.32999810188033
0.3825,-3.69776958441711,-0.0803773731136506,-8.33509122140258
0.385,-3.6926751265639,-0.0803773731136506,-8.32999810188033
0.3875,-3.68758066871069,-0.0803773731136506,-8.38092929710283
0.39,-3.68758066871069,-0.0803773731136506,-8.32490498235808
0.3925,-3.73852524724279,-0.075281680307862,-8.31981186283583
0.395,-3.73852524724279,-0.0803773731136506,-8.32999810188033
0.3975,-3.72833633153637,-0.0803773731136506,-8.31981186283583
0.4,-3.73852524724279,-0.0803773731136506,-8.32999810188033
0.4025,-3.70795850012353,-0.075281680307862,-8.35037057996933
0.405,-3.75890307865563,-0.0803773731136506,-8.35546369949158
0.4075,-3.77928091006848,-0.0803773731136506,-8.30453250426909
0.41,-3.77418645221527,-0.0803773731136506,-8.30962562379133
0.4125,-3.73852524724279,-0.0803773731136506,-8.31981186283583
0.415,-3.73852524724279,-0.0803773731136506,-8.31471874331358
0.4175,-3.72833633153637,-0.0803773731136506,-8.32490498235808
0.42,-3.78437536792169,-0.0803773731136506,-8.31981186283583
0.4225,-3.73852524724279,-0.075281680307862,-8.32490498235808
0.425,-3.72833633153637,-0.0803773731136506,-8.32490498235808
0.4275,-3.76399753650884,-0.0803773731136506,-8.32999810188033
0.43,-3.76399753650884,-0.0803773731136506,-8.32999810188033
0.4325,-3.72324187368316,-0.0803773731136506,-8.32490498235808
0.435,-3.72833633153637,-0.0803773731136506,-8.34018434092483
0.4375,-3.743619705096,-0.0803773731136506,-8.33509122140258
0.44,-3.75380862080242,-0.075281680307862,-8.33509122140258
0.4425,-3.72833633153637,-0.0803773731136506,-8.32490498235808
0.445,-3.70795850012353,-0.0803773731136506,-8.41658113375857
0.4475,-3.69776958441711,-0.0803773731136506,-8.31471874331358
0.45,-3.73343078938958,-0.0803773731136506,-8.40639489471408
0.4525,-3.72833633153637,-0.0803773731136506,-8.44204673136982
0.455,-3.71305295797674,-0.0803773731136506,-8.33509122140258
0.4575,-3.68248621085748,-0.0803773731136506,-8.30453250426909
0.46,-3.743619705096,-0.075281680307862,-8.29943938474683
0.4625,-3.73343078938958,-0.0803773731136506,-8.33509122140258
0.465,-3.67739175300426,-0.0803773731136506,-8.33509122140258
0.4675,-3.66720283729784,-0.0803773731136506,-8.37583617758058
0.47,-3.65701392159142,-0.0701859875020752,-8.37074305805833
0.4725,-3.66210837944463,-0.075281680307862,-8.34527746044708
0.475,-3.65191946373821,-0.0803773731136506,-8.45223297041432
0.4775,-3.63154163232537,-0.0803773731136506,-8.37074305805833
0.48,-3.61625825876574,-0.0803773731136506,-8.38092929710283
0.4825,-3.61625825876574,-0.0803773731136506,-8.35546369949158
0.485,-3.59588042735289,-0.0803773731136506,-8.37074305805833
0.4875,-3.58569151164647,-0.0803773731136506,-8.45732608993657
0.49,-3.56531368023363,-0.0803773731136506,-8.38602241662508
0.4925,-3.550030306674,-0.0803773731136506,-8.38092929710283
0.495,-3.53984139096758,-0.0803773731136506,-8.35037057996933
0.4975,-3.52455801740795,-0.0803773731136506,-8.34527746044708
0.5,-3.50927464384831,-0.0803773731136506,-8.39620865566958
0.5025,-3.49399127028868,-0.0803773731136506,-8.32999810188033
0.505,-3.48889681243547,-0.0803773731136506,-8.31471874331358
0.5075,-3.45833006531621,-0.0803773731136506,-8.37583617758058
0.51,-3.43795223390337,-0.0803773731136506,-8.33509122140258
0.5125,-3.42266886034373,-0.0803773731136506,-8.33509122140258
0.515,-3.41247994463731,-0.0803773731136506,-8.32999810188033
0.5175,-3.4073854867841,-0.0803773731136506,-8.32999810188033
0.52,-3.39210211322447,-0.0803773731136506,-8.38602241662508
0.5225,-3.36662982395842,-0.075281680307862,-8.32490498235808
0.525,-3.36153536610521,-0.0803773731136506,-8.39620865566958
0.5275,-3.38700765537126,-0.0803773731136506,-8.49807104611457
0.53,-3.38191319751805,-0.0803773731136506,-8.35037057996933
0.5325,-3.35134645039879,-0.0803773731136506,-8.35037057996933
0.535,-3.34625199254558,-0.075281680307862,-8.35037057996933
0.5375,-3.34625199254558,-0.0803773731136506,-8.35546369949158
0.54,-3.36153536610521,-0.0803773731136506,-8.39111553614733
0.5425,-3.356440908252,-0.0803773731136506,-8.36055681901383
0.545,-3.33606307683915,-0.0803773731136506,-8.40130177519183
0.5475,-3.31568524542631,-0.075281680307862,-8.40130177519183
0.55,-3.32077970327952,-0.0803773731136506,-8.35037057996933
0.5525,-3.39210211322447,-0.0803773731136506,-8.35546369949158
0.555,-3.33096861898594,-0.0803773731136506,-8.33509122140258
0.5575,-3.32587416113273,-0.0803773731136506,-8.31471874331358
0.56,-3.31568524542631,-0.0803773731136506,-8.31471874331358
0.5625,-3.36662982395842,-0.0803773731136506,-8.30453250426909
0.565,-3.33606307683915,-0.0803773731136506,-8.30962562379133
0.5675,-3.33606307683915,-0.0803773731136506,-8.30453250426909
0.57,-3.33096861898594,-0.0803773731136506,-8.30453250426909
0.5725,-3.33096861898594,-0.075281680307862,-8.28925314570234
0.575,-3.33096861898594,-0.0803773731136506,-8.30962562379133
0.5775,-3.32587416113273,-0.0803773731136506,-8.38092929710283
0.58,-3.32077970327952,-0.0803773731136506,-8.35037057996933
0.5825,-3.34115753469236,-0.0803773731136506,-8.29943938474683
0.585,-3.34115753469236,-0.0803773731136506,-8.28925314570234
0.5875,-3.31568524542631,-0.0803773731136506,-8.30453250426909
0.59,-3.3105907875731,-0.0803773731136506,-8.29943938474683
0.5925,-3.31568524542631,-0.0803773731136506,-8.37583617758058
0.595,-3.32077970327952,-0.0854730659194392,-8.30962562379133
0.5975,-3.31568524542631,-0.075281680307862,-8.33509122140258
0.6,-3.32587416113273,-0.0803773731136506,-8.34018434092483
0.6025,-3.34115753469236,-0.0803773731136506,-8.36055681901383
0.605,-3.33606307683915,-0.0803773731136506,-8.32999810188033
0.6075,-3.32077970327952,-0.0803773731136506,-8.32490498235808
0.61,-3.32077970327952,-0.0803773731136506,-8.33509122140258
0.6125,-3.356440908252,-0.0803773731136506,-8.32490498235808
0.615,-3.33606307683915,-0.0803773731136506,-8.32999810188033
0.6175,-3.37172428181163,-0.0803773731136506,-8.32999810188033
0.62,-3.38191319751805,-0.075281680307862,-8.30962562379133
0.6225,-3.356440908252,-0.0803773731136506,-8.31471874331358
0.625,-3.38700765537126,-0.0803773731136506,-8.31471874331358
0.6275,-3.38700765537126,-0.0803773731136506,-8.31981186283583
0.63,-3.4073854867841,-0.0803773731136506,-8.31981186283583
0.6325,-3.38191319751805,-0.0803773731136506,-8.33509122140258
0.635,-3.39210211322447,-0.0803773731136506,-8.36055681901383
0.6375,-3.42266886034373,-0.0803773731136506,-8.34527746044708
0.64,-3.42266886034373,-0.0803773731136506,-8.34527746044708
0.6425,-3.4073854867841,-0.0803773731136506,-8.35037057996933
0.645,-3.41247994463731,-0.0854730659194392,-8.35037057996933
0.6475,-3.41757440249052,-0.0803773731136506,-8.32490498235808
0.65,-3.42266886034373,-0.0803773731136506,-8.32490498235808
0.6525,-3.43795223390337,-0.0803773731136506,-8.33509122140258
0.655,-3.44304669175658,-0.0803773731136506,-8.32490498235808
0.6575,-3.52965247526116,-0.0803773731136506,-8.28925314570234
0.66,-3.48889681243547,-0.0854730659194392,-8.28925314570234
0.6625,-3.550030306674,-0.0803773731136506,-8.27906690665784
0.665,-3.57040813808684,-0.0803773731136506,-8.38092929710283
0.6675,-3.54493584882079,-0.0803773731136506,-8.34018434092483
0.67,-3.52965247526116,-0.0803773731136506,-8.36564993853608
0.6725,-3.56531368023363,-0.0803773731136506,-8.34527746044708
0.675,-3.56531368023363,-0.0803773731136506,-8.28416002618009
0.6775,-3.57550259594005,-0.0803773731136506,-8.35037057996933
0.68,-3.57040813808684,-0.0803773731136506,-8.39620865566958
0.6825,-3.58569151164647,-0.0803773731136506,-8.40130177519183
0.685,-3.54493584882079,-0.0803773731136506,-8.40130177519183
0.6875,-3.56531368023363,-0.0803773731136506,-0.10461007344729
0.69,-3.56021922238042,-0.0803773731136506,-8.35546369949158
0.6925,-3.52965247526116,-0.0854730659194392,-8.26888066761334
0.695,-3.52965247526116,-0.0803773731136506,-8.28416002618009
0.6975,-3.51946355955474,-0.0803773731136506,-8.28416002618009
0.7,-3.50927464384831,-0.0803773731136506,-8.28925314570234
0.7025,-3.51946355955474,-0.0803773731136506,-8.27397378713559
0.705,-3.53474693311437,-0.0803773731136506,-8.27397378713559
0.7075,-3.53984139096758,-0.0803773731136506,-8.27397378713559
0.71,-3.52965247526116,-0.0803773731136506,-8.26378754809109
0.7125,-3.56021922238042,-0.0803773731136506,-8.29943938474683
0.715,-3.56531368023363,-0.0803773731136506,-8.31981186283583
0.7175,-3.56021922238042,-0.0803773731136506,-8.26888066761334
0.72,-3.53984139096758,-0.075281680307862,-8.25869442856884
0.7225,-3.53474693311437,-0.0803773731136506,-8.25869442856884
0.725,-3.54493584882079,-0.0803773731136506,-8.25360130904659
0.7275,-3.5041801859951,-0.0803773731136506,-8.30962562379133
0.73,-3.50927464384831,-0.0803773731136506,-8.30962562379133
0.7325,-3.50927464384831,-0.0803773731136506,-8.24341507000209
0.735,-3.51436910170153,-0.0803773731136506,-8.32490498235808
0.7375,-3.51946355955474,-0.0803773731136506,-8.31471874331358
0.74,-3.550030306674,-0.0803773731136506,-8.27397378713559
0.7425,-3.58059705379326,-0.0803773731136506,-8.26378754809109
0.745,-3.57550259594005,-0.0854730659194392,-8.26888066761334
0.7475,-3.58569151164647,-0.0803773731136506,-8.36055681901383
0.75,-3.57550259594005,-0.0803773731136506,-8.32999810188033
0.7525,-3.58569151164647,-0.0803773731136506,-8.42167425328083
0.755,-3.61116380091253,-0.0803773731136506,-8.35546369949158
0.7575,-3.62135271661895,-0.0803773731136506,-8.39620865566958
0.76,-3.65701392159142,-0.075281680307862,-8.34527746044708
0.7625,-3.66210837944463,-0.0803773731136506,-8.32490498235808
0.765,-3.65191946373821,-0.0803773731136506,-8.34018434092483
0.7675,-3.65191946373821,-0.0803773731136506,-8.33509122140258
0.77,-3.67739175300426,-0.0803773731136506,-8.30962562379133
0.7725,-3.72324187368316,-0.0803773731136506,-8.35037057996933
0.775,-3.72324187368316,-0.0803773731136506,-8.32999810188033
0.7775,-3.72324187368316,-0.0803773731136506,-8.34527746044708
0.78,-3.69776958441711,-0.0803773731136506,-8.35037057996933
0.7825,-3.70795850012353,-0.0803773731136506,-8.33509122140258
0.785,-3.6926751265639,-0.0803773731136506,-8.34527746044708
0.7875,-3.68248621085748,-0.075281680307862,-8.39620865566958
0.79,-3.68248621085748,-0.0803773731136506,-8.31471874331358
0.7925,-3.70286404227032,-0.0803773731136506,-8.31471874331358
0.795,-3.70286404227032,-0.0803773731136506,-8.31471874331358
0.7975,-3.69776958441711,-0.0803773731136506,-8.35037057996933
0.8,-3.68758066871069,-0.0803773731136506,-8.29434626522459
0.8025,-3.69776958441711,-0.0803773731136506,-8.29943938474683
0.805,-3.69776958441711,-0.0803773731136506,-8.28925314570234
0.8075,-3.67229729515105,-0.0803773731136506,-8.29943938474683
0.81,-3.66720283729784,-0.0803773731136506,-8.29943938474683
0.8125,-3.68758066871069,-0.0803773731136506,-8.29434626522459
0.815,-3.66210837944463,-0.0803773731136506,-8.29943938474683
0.8175,-3.68248621085748,-0.0803773731136506,-8.32999810188033
0.82,-3.67739175300426,-0.0803773731136506,-8.27906690665784
0.8225,-3.66720283729784,-0.0803773731136506,-8.29943938474683
0.825,-3.68248621085748,-0.0803773731136506,-8.30962562379133
0.8275,-3.68248621085748,-0.0803773731136506,-8.30962562379133
0.83,-3.66210837944463,-0.0803773731136506,-8.28925314570234
0.8325,-3.646825005885,-0.0803773731136506,-8.29434626522459
0.835,-3.65191946373821,-0.0803773731136506,-8.28416002618009
0.8375,-3.65701392159142,-0.0803773731136506,-8.30962562379133
0.84,-3.65701392159142,-0.0803773731136506,-8.30962562379133
0.8425,-3.65701392159142,-0.0803773731136506,-8.28416002618009
0.845,-3.646825005885,-0.0803773731136506,-8.29434626522459
0.8475,-3.64173054803179,-0.0803773731136506,-8.25869442856884
0.85,-3.64173054803179,-0.0803773731136506,-8.25360130904659
0.8525,-3.61625825876574,-0.0803773731136506,-8.24341507000209
0.855,-3.62644717447216,-0.075281680307862,-8.24850818952434
0.8575,-3.61625825876574,-0.0803773731136506,-8.23322883095759
0.86,-3.60606934305932,-0.0803773731136506,-8.27397378713559
0.8625,-3.58569151164647,-0.0803773731136506,-8.22813571143534
0.865,-3.550030306674,-0.0803773731136506,-8.23322883095759
0.8675,-3.54493584882079,-0.0803773731136506,-8.25869442856884
0.87,-3.59078596949968,-0.0803773731136506,-8.28925314570234
0.8725,-3.57550259594005,-0.0803773731136506,-8.21794947239084
0.875,-3.52455801740795,-0.0803773731136506,-8.21794947239084
0.8775,-3.56531368023363,-0.0803773731136506,-8.21285635286859
0.88,-3.57040813808684,-0.0803773731136506,-8.20267011382409
0.8825,-3.57040813808684,-0.0803773731136506,-8.20776323334634
0.885,-3.66720283729784,-0.0803773731136506,-8.20776323334634
0.8875,-3.71305295797674,-0.0803773731136506,-8.20776323334634
0.89,-3.72324187368316,-0.0803773731136506,-8.30453250426909
0.8925,-3.71305295797674,-0.0803773731136506,-8.30453250426909
0.895,-3.6926751265639,-0.0803773731136506,-8.20776323334634
0.8975,-3.70795850012353,-0.0803773731136506,-8.23322883095759
0.9,-3.71814741582995,-0.0803773731136506,-8.24341507000209
0.9025,-3.6926751265639,-0.0803773731136506,-8.24341507000209
0.905,-3.69776958441711,-0.0803773731136506,-8.20776323334634
0.9075,-3.6926751265639,-0.0803773731136506,-8.20267011382409
0.91,-3.66720283729784,-0.0803773731136506,-8.20776323334634
0.9125,-3.66210837944463,-0.0803773731136506,-8.30962562379133
0.915,-3.65701392159142,-0.0803773731136506,-8.19248387477959
0.9175,-3.646825005885,-0.0803773731136506,-8.18739075525735
0.92,-3.63663609017858,-0.0803773731136506,-8.30453250426909
0.9225,-3.62644717447216,-0.0803773731136506,-8.35037057996933
0.925,-3.62135271661895,-0.0803773731136506,-8.31981186283583
0.9275,-3.61625825876574,-0.0803773731136506,-8.35546369949158
0.93,-3.62135271661895,-0.0803773731136506,-8.1415526795571
0.9325,-3.61116380091253,-0.075281680307862,-8.14664579907935
0.935,-3.60606934305932,-0.0803773731136506,-8.1415526795571
0.9375,-3.61116380091253,-0.0803773731136506,-8.13645956003485
0.94,-3.60606934305932,-0.0803773731136506,-8.14664579907935
0.9425,-3.60097488520611,-0.0803773731136506,-8.13645956003485
0.945,-3.63663609017858,-0.0803773731136506,-8.15683203812385
0.9475,-3.63663609017858,-0.0803773731136506,-8.17720451621285
0.95,-3.63154163232537,-0.0803773731136506,-8.18739075525735
0.9525,-3.65701392159142,-0.0803773731136506,-8.20776323334634
0.955,-3.65701392159142,-0.075281680307862,-8.1619251576461
0.9575,-3.63154163232537,-0.0854730659194392,-8.1619251576461
0.96,-3.63154163232537,-0.0803773731136506,-8.1619251576461
0.9625,-3.63154163232537,-0.0803773731136506,-8.19757699430184
0.965,-3.65191946373821,-0.0803773731136506,-8.1517389186016
0.9675,-3.66210837944463,-0.0803773731136506,-8.18739075525735
0.97,-3.72324187368316,-0.0803773731136506,-8.23322883095759
0.9725,-3.63154163232537,-0.0803773731136506,-8.26888066761334
0.975,-3.63154163232537,-0.0803773731136506,-8.15683203812385
0.9775,-3.63154163232537,-0.0803773731136506,-8.15683203812385
0.98,-3.63154163232537,-0.0854730659194392,-8.19757699430184
0.9825,-3.62644717447216,-0.075281680307862,-8.1313664405126
0.985,-3.646825005885,-0.0803773731136506,-8.23322883095759
0.9875,-3.64173054803179,-0.0803773731136506,-8.16701827716835
0.99,-3.63154163232537,-0.0803773731136506,-8.16701827716835
0.9925,-3.63663609017858,-0.0803773731136506,-8.34527746044708
0.995,-3.63663609017858,-0.0803773731136506,-8.1517389186016
0.9975,-3.63154163232537,-0.0803773731136506,-8.1517389186016
1,-3.63154163232537,-0.0803773731136506,-8.15683203812385
1.0025,-3.646825005885,-0.0803773731136506,-8.35037057996933
1.005,-3.64173054803179,-0.0803773731136506,-8.32999810188033
1.0075,-3.63154163232537,-0.0854730659194392,-8.1619251576461
1.01,-3.62135271661895,-0.0803773731136506,-8.16701827716835
1.0125,-3.60606934305932,-0.075281680307862,-8.19248387477959
1.015,-3.60606934305932,-0.0803773731136506,-8.20267011382409
1.0175,-3.60606934305932,-0.0803773731136506,-8.15683203812385
1.02,-3.60097488520611,-0.0803773731136506,-8.1517389186016
1.0225,-3.59078596949968,-0.0803773731136506,-8.20267011382409
1.025,-3.59078596949968,-0.0803773731136506,-8.18229763573509
1.0275,-3.59078596949968,-0.0803773731136506,-8.21794947239084
1.03,-3.58569151164647,-0.0803773731136506,-8.21794947239084
1.0325,-3.57550259594005,-0.0854730659194392,-8.24341507000209
1.035,-3.58569151164647,-0.0803773731136506,-8.25360130904659
1.0375,-3.57550259594005,-0.0803773731136506,-8.26888066761334
1.04,-3.57040813808684,-0.0803773731136506,-8.19248387477959
1.0425,-3.55512476452721,-0.0803773731136506,-8.23322883095759
1.045,-3.53474693311437,-0.0803773731136506,-8.29434626522459
1.0475,-3.55512476452721,-0.0803773731136506,-8.20267011382409
1.05,-3.54493584882079,-0.0803773731136506,-8.20776323334634
1.0525,-3.550030306674,-0.075281680307862,-8.30453250426909
1.055,-3.51946355955474,-0.0803773731136506,-8.23322883095759
1.0575,-3.51436910170153,-0.0854730659194392,-8.22813571143534
1.06,-3.48889681243547,-0.0803773731136506,-8.26888066761334
1.0625,-3.5041801859951,-0.0803773731136506,-8.25869442856884
1.065,-3.48889681243547,-0.0803773731136506,-8.30962562379133
1.0675,-3.47870789672905,-0.0803773731136506,-8.30453250426909
1.07,-3.47870789672905,-0.0803773731136506,-8.32490498235808
1.0725,-3.47361343887584,-0.075281680307862,-8.28925314570234
1.075,-3.49908572814189,-0.0803773731136506,-8.31471874331358
1.0775,-3.48380235458226,-0.0803773731136506,-8.28925314570234
1.08,-3.453235607463,-0.0803773731136506,-8.26888066761334
1.0825,-3.46851898102263,-0.075281680307862,-8.39111553614733
1.085,-3.45833006531621,-0.0803773731136506,-8.28925314570234
1.0875,-3.44304669175658,-0.0803773731136506,-8.34018434092483
1.09,-3.45833006531621,-0.0803773731136506,-8.34527746044708
1.0925,-3.41757440249052,-0.0803773731136506,-8.31471874331358
1.095,-3.41757440249052,-0.0803773731136506,-8.34018434092483
1.0975,-3.4073854867841,-0.0803773731136506,-8.35546369949158
1.1,-3.39719657107768,-0.0803773731136506,-8.29943938474683
1.1025,-3.39210211322447,-0.0803773731136506,-8.28416002618009
1.105,-3.43795223390337,-0.0803773731136506,-8.28925314570234
1.1075,-3.41247994463731,-0.0803773731136506,-8.26888066761334
1.11,-3.38191319751805,-0.0803773731136506,-8.30453250426909
1.1125,-3.37681873966484,-0.0803773731136506,-8.37583617758058
1.115,-3.37681873966484,-0.0803773731136506,-8.29943938474683
1.1175,-3.40229102893089,-0.0803773731136506,-8.29434626522459
1.12,-3.36662982395842,-0.0803773731136506,-8.30962562379133
1.1225,-3.36662982395842,-0.0803773731136506,-8.31981186283583
1.125,-3.38191319751805,-0.0803773731136506,-8.31471874331358
1.1275,-3.33606307683915,-0.0803773731136506,-8.31471874331358
1.13,-3.34625199254558,-0.0803773731136506,-8.34527746044708
1.1325,-3.33606307683915,-0.0803773731136506,-8.35037057996933
1.135,-3.33096861898594,-0.0803773731136506,-8.34527746044708
1.1375,-3.33096861898594,-0.0803773731136506,-8.39620865566958
1.14,-3.33606307683915,-0.0803773731136506,-8.31981186283583
1.1425,-3.32587416113273,-0.0803773731136506,-8.37074305805833
1.145,-3.32077970327952,-0.0803773731136506,-8.48788480707007
1.1475,-3.32077970327952,-0.0803773731136506,-8.41658113375857
1.15,-3.32077970327952,-0.0803773731136506,-8.43186049232532
1.1525,-3.31568524542631,-0.0803773731136506,-8.43695361184757
1.155,-3.37681873966484,-0.0803773731136506,-8.49297792659232
1.1575,-3.356440908252,-0.0803773731136506,-8.29943938474683
1.16,-3.33606307683915,-0.0803773731136506,-8.42167425328083
1.1625,-3.36662982395842,-0.0803773731136506,-8.37074305805833
1.165,-3.33606307683915,-0.0803773731136506,-8.34018434092483
1.1675,-3.33606307683915,-0.0803773731136506,-8.34018434092483
1.17,-3.34115753469236,-0.0803773731136506,-8.34018434092483
1.1725,-3.34625199254558,-0.0854730659194392,-8.34018434092483
1.175,-3.356440908252,-0.0803773731136506,-8.36055681901383
1.1775,-3.356440908252,-0.0803773731136506,-8.37074305805833
1.18,-3.36153536610521,-0.0803773731136506,-8.34527746044708
1.1825,-3.36662982395842,-0.075281680307862,-8.36055681901383
1.185,-3.40229102893089,-0.0803773731136506,-8.35546369949158
1.1875,-3.40229102893089,-0.0803773731136506,-8.36564993853608
1.19,-3.39719657107768,-0.0803773731136506,-8.36055681901383
1.1925,-3.42266886034373,-0.0803773731136506,-8.38092929710283
1.195,-3.4073854867841,-0.0803773731136506,-8.38602241662508
1.1975,-3.41757440249052,-0.0803773731136506,-8.40130177519183
1.2,-3.41757440249052,-0.0803773731136506,-8.38602241662508
1.2025,-3.46342452316942,-0.0803773731136506,-8.46241920945882
1.205,-3.453235607463,-0.0803773731136506,-8.42167425328083
1.2075,-3.45833006531621,-0.0803773731136506,-8.46241920945882
1.21,-3.46342452316942,-0.075281680307862,-8.47769856802557
1.2125,-3.47361343887584,-0.0803773731136506,-8.52862976324807
1.215,-3.51436910170153,-0.0803773731136506,-8.45223297041432
1.2175,-3.49908572814189,-0.0803773731136506,-8.46751232898107
1.22,-3.50927464384831,-0.075281680307862,-8.45223297041432
1.2225,-3.51946355955474,-0.075281680307862,-8.44204673136982
1.225,-3.53474693311437,-0.0803773731136506,-8.49297792659232
1.2275,-3.54493584882079,-0.0803773731136506,-8.42676737280307
1.23,-3.54493584882079,-0.0803773731136506,-8.42676737280307
1.2325,-3.56531368023363,-0.0803773731136506,-8.43186049232532
1.235,-3.57040813808684,-0.0803773731136506,-8.43695361184757
1.2375,-3.58569151164647,-0.0854730659194392,-8.44713985089207
1.24,-3.59078596949968,-0.0803773731136506,-8.45732608993657
1.2425,-3.59588042735289,-0.0803773731136506,-8.43695361184757
1.245,-3.60097488520611,-0.0803773731136506,-8.45223297041432
1.2475,-3.61625825876574,-0.0803773731136506,-8.45223297041432
1.25,-3.62644717447216,-0.0803773731136506,-8.49297792659232
1.2525,-3.63663609017858,-0.0803773731136506,-8.49807104611457
1.255,-3.64173054803179,-0.0803773731136506,-8.48279168754782
1.2575,-3.646825005885,-0.0803773731136506,-8.48788480707007
1.26,-3.68248621085748,-0.0803773731136506,-8.47260544850332
1.2625,-3.67739175300426,-0.0803773731136506,-8.48788480707007
1.265,-3.68248621085748,-0.0854730659194392,-8.50825728515907
1.2675,-3.65701392159142,-0.0803773731136506,-8.47769856802557
1.27,-3.66210837944463,-0.0803773731136506,-8.53372288277031
1.2725,-3.66210837944463,-0.0803773731136506,-8.49297792659232
1.275,-3.65701392159142,-0.0803773731136506,-8.55918848038156
1.2775,-3.66210837944463,-0.0803773731136506,-8.51335040468132
1.28,-3.66720283729784,-0.0803773731136506,-8.51335040468132
1.2825,-3.66720283729784,-0.0803773731136506,-8.48788480707007
1.285,-3.64173054803179,-0.0803773731136506,-8.44204673136982
1.2875,-3.63663609017858,-0.0803773731136506,-8.43186049232532
1.29,-3.63663609017858,-0.0854730659194392,-8.52862976324807
1.2925,-3.63154163232537,-0.0803773731136506,-8.44713985089207
1.295,-3.61625825876574,-0.0803773731136506,-8.47769856802557
1.2975,-3.61625825876574,-0.0803773731136506,-8.47769856802557
1.3,-3.63154163232537,-0.0803773731136506,-8.42676737280307
1.3025,-3.60097488520611,-0.0803773731136506,-8.51844352420357
1.305,-3.60097488520611,-0.0803773731136506,-8.42676737280307
1.3075,-3.64173054803179,-0.0803773731136506,-8.47769856802557
1.31,-3.57040813808684,-0.0803773731136506,-8.47769856802557
1.3125,-3.55512476452721,-0.0803773731136506,-8.52353664372582
1.315,-3.56021922238042,-0.0803773731136506,-8.48788480707007
1.3175,-3.57550259594005,-0.0803773731136506,-8.48788480707007
1.32,-3.59078596949968,-0.0803773731136506,-8.48788480707007
1.3225,-3.52965247526116,-0.0803773731136506,-8.50316416563682
1.325,-3.52965247526116,-0.0803773731136506,-8.51335040468132
1.3275,-3.52455801740795,-0.0803773731136506,-8.51844352420357
1.33,-3.550030306674,-0.0803773731136506,-8.53372288277031
1.3325,-3.52455801740795,-0.0803773731136506,-8.53372288277031
1.335,-3.51946355955474,-0.0803773731136506,-8.54390912181481
1.3375,-3.550030306674,-0.0803773731136506,-8.57956095847056
1.34,-3.5041801859951,-0.0803773731136506,-8.55918848038156
1.3425,-3.49399127028868,-0.0803773731136506,-8.52353664372582
1.345,-3.48380235458226,-0.0803773731136506,-8.52862976324807
1.3475,-3.47870789672905,-0.0803773731136506,-8.54900224133706
1.35,-3.46342452316942,-0.0803773731136506,-8.54900224133706
1.3525,-3.453235607463,-0.0803773731136506,-8.55918848038156
1.355,-3.43795223390337,-0.0803773731136506,-8.53372288277031
1.3575,-3.43285777605016,-0.0803773731136506,-8.54900224133706
1.36,-3.45833006531621,-0.0803773731136506,-8.58465407799281
1.3625,-3.4073854867841,-0.0803773731136506,-8.56428159990381
1.365,-3.39719657107768,-0.0803773731136506,-8.56937471942606
1.3675,-3.39719657107768,-0.0803773731136506,-8.63049215369306
1.37,-3.30040187186668,-0.0854730659194392,-8.60502655608181
1.3725,-3.26983512474742,-0.0803773731136506,-8.63049215369306
1.375,-3.259646209041,-0.0803773731136506,-8.61011967560406
1.3775,-3.23926837762815,-0.0803773731136506,-8.61011967560406
1.38,-3.259646209041,-0.0803773731136506,-8.59993343655956
1.3825,-3.26983512474742,-0.0803773731136506,-8.63049215369306
1.385,-3.23926837762815,-0.075281680307862,-8.63558527321531
1.3875,-3.27492958260063,-0.0803773731136506,-8.6763302293933
1.39,-3.28002404045384,-0.0803773731136506,-8.65086463178205
1.3925,-3.28002404045384,-0.0803773731136506,-8.66105087082655
1.395,-3.25455175118779,-0.0803773731136506,-8.6865164684378
1.3975,-3.259646209041,-0.0803773731136506,-8.6763302293933
1.4,-3.26474066689421,-0.0803773731136506,-8.64577151225981
1.4025,-3.27492958260063,-0.0803773731136506,-8.63049215369306
1.405,-3.27492958260063,-0.0803773731136506,-8.63049215369306
1.4075,-3.31568524542631,-0.0803773731136506,-8.63049215369306
1.41,-3.29530741401347,-0.0803773731136506,-8.61521279512631
1.4125,-3.32587416113273,-0.0803773731136506,-8.61521279512631
1.415,-3.33096861898594,-0.0803773731136506,-8.63049215369306
1.4175,-3.32587416113273,-0.0803773731136506,-8.62539903417081
1.42,-3.33606307683915,-0.0803773731136506,-8.63558527321531
1.4225,-3.35134645039879,-0.0803773731136506,-8.63049215369306
1.425,-3.36662982395842,-0.0803773731136506,-8.63049215369306
1.4275,-3.39719657107768,-0.0803773731136506,-8.64577151225981
1.43,-3.42776331819694,-0.0803773731136506,-8.64067839273756
1.4325,-3.41757440249052,-0.0803773731136506,-8.66105087082655
1.435,-3.43285777605016,-0.0803773731136506,-8.68142334891555
1.4375,-3.453235607463,-0.0803773731136506,-8.69160958796005
1.44,-3.46851898102263,-0.0803773731136506,-8.6763302293933
1.4425,-3.48889681243547,-0.0803773731136506,-8.61521279512631
1.445,-3.5041801859951,-0.0803773731136506,-8.61011967560406
1.4475,-3.56531368023363,-0.0803773731136506,-8.64067839273756
1.45,-3.58569151164647,-0.0803773731136506,-8.7068889465268
1.4525,-3.58059705379326,-0.0803773731136506,-8.6661439903488
1.455,-3.58569151164647,-0.0803773731136506,-8.64577151225981
1.4575,-3.66210837944463,-0.0803773731136506,-8.6661439903488
1.46,-3.68248621085748,-0.0803773731136506,-8.64067839273756
1.4625,-3.69776958441711,-0.0803773731136506,-8.63558527321531
1.465,-3.71305295797674,-0.0803773731136506,-8.67123710987105
1.4675,-3.73852524724279,-0.0803773731136506,-8.67123710987105
1.47,-3.80475319933453,-0.0803773731136506,-8.64067839273756
1.4725,-3.77418645221527,-0.0803773731136506,-8.65086463178205
1.475,-3.77418645221527,-0.0803773731136506,-8.64067839273756
1.4775,-3.7894698257749,-0.0803773731136506,-8.6763302293933
1.48,-3.80475319933453,-0.0803773731136506,-8.67123710987105
1.4825,-3.82003657289416,-0.0803773731136506,-8.6763302293933
1.485,-3.80475319933453,-0.0803773731136506,-8.6763302293933
1.4875,-3.81494211504095,-0.0803773731136506,-8.6763302293933
1.49,-3.82003657289416,-0.0803773731136506,-8.66105087082655
1.4925,-3.82513103074737,-0.0803773731136506,-8.63558527321531
1.495,-3.83531994645379,-0.0803773731136506,-8.6865164684378
1.4975,-3.84550886216021,-0.0803773731136506,-8.68142334891555
1.5,-3.85060332001342,-0.0803773731136506,-8.72216830509355
1.5025,-3.86079223571985,-0.0803773731136506,-8.64067839273756
1.505,-3.87098115142627,-0.0803773731136506,-8.62030591464856
1.5075,-3.89135898283911,-0.0803773731136506,-8.6865164684378
1.51,-3.89135898283911,-0.0803773731136506,-8.66105087082655
1.5125,-3.89645344069232,-0.0803773731136506,-8.61521279512631
1.515,-3.88117006713269,-0.0803773731136506,-8.61521279512631
1.5175,-3.87607560927948,-0.0803773731136506,-8.63049215369306
1.52,-3.87607560927948,-0.0854730659194392,-8.62539903417081
1.5225,-3.8862645249859,-0.0803773731136506,-8.61521279512631
1.525,-3.8862645249859,-0.0803773731136506,-8.62030591464856
1.5275,-3.88117006713269,-0.0803773731136506,-8.63558527321531
1.53,-3.90154789854553,-0.0803773731136506,-8.6967027074823
1.5325,-3.90154789854553,-0.0803773731136506,-8.65086463178205
1.535,-3.89135898283911,-0.0803773731136506,-8.6865164684378
1.5375,-3.92192572995837,-0.0803773731136506,-8.65086463178205
1.54,-3.89135898283911,-0.0803773731136506,-8.73235454413805
1.5425,-3.86588669357306,-0.0803773731136506,-8.73235454413805
1.545,-3.85060332001342,-0.0803773731136506,-8.66105087082655
1.5475,-3.87607560927948,-0.0803773731136506,-8.6865164684378
1.55,-3.86588669357306,-0.0803773731136506,-8.64577151225981
1.5525,-3.83022548860058,-0.0803773731136506,-8.64067839273756
1.555,-3.83531994645379,-0.0803773731136506,-8.7170751855713
1.5575,-3.90664235639874,-0.0803773731136506,-8.62539903417081
1.56,-3.83531994645379,-0.0803773731136506,-8.6967027074823
1.5625,-3.83022548860058,-0.0803773731136506,-8.64067839273756
1.565,-3.83022548860058,-0.0803773731136506,-8.71198206604905
1.5675,-3.85569777786664,-0.0803773731136506,-8.66105087082655
1.57,-3.83022548860058,-0.0803773731136506,-8.69160958796005
1.5725,-3.81494211504095,-0.0803773731136506,-8.66105087082655
1.575,-3.83022548860058,-0.0803773731136506,-8.6661439903488
1.5775,-3.80984765718774,-0.075281680307862,-8.7476339027048
1.58,-3.76909199436206,-0.0803773731136506,-8.6559577513043
1.5825,-3.76399753650884,-0.0803773731136506,-8.68142334891555
1.585,-3.743619705096,-0.0803773731136506,-8.6661439903488
1.5875,-3.73343078938958,-0.0803773731136506,-8.6559577513043
1.59,-3.71305295797674,-0.0803773731136506,-8.7068889465268
1.5925,-3.70795850012353,-0.0803773731136506,-8.6661439903488
1.595,-3.6926751265639,-0.0803773731136506,-8.6559577513043
1.5975,-3.68248621085748,-0.0803773731136506,-8.65086463178205
1.6,-3.68248621085748,-0.0803773731136506,-8.69160958796005
1.6025,-3.67229729515105,-0.0803773731136506,-8.69160958796005
1.605,-3.66720283729784,-0.0803773731136506,-8.6661439903488
1.6075,-3.65191946373821,-0.0803773731136506,-8.6763302293933
1.61,-3.64173054803179,-0.0803773731136506,-8.6967027074823
1.6125,-3.63154163232537,-0.0803773731136506,-8.74254078318255
1.615,-3.65191946373821,-0.0803773731136506,-8.73235454413805
1.6175,-3.64173054803179,-0.0803773731136506,-8.66105087082655
1.62,-3.62135271661895,-0.075281680307862,-8.66105087082655
1.6225,-3.60097488520611,-0.0803773731136506,-8.6559577513043
1.625,-3.59588042735289,-0.0803773731136506,-8.66105087082655
1.6275,-3.60606934305932,-0.0854730659194392,-8.68142334891555
1.63,-3.59588042735289,-0.0803773731136506,-8.63558527321531
1.6325,-3.57040813808684,-0.0803773731136506,-8.66105087082655
1.635,-3.56021922238042,-0.0803773731136506,-8.6763302293933
1.6375,-3.52965247526116,-0.0803773731136506,-8.70179582700455
1.64,-3.51946355955474,-0.0803773731136506,-8.65086463178205
1.6425,-3.5041801859951,-0.0803773731136506,-8.6763302293933
1.645,-3.48889681243547,-0.075281680307862,-8.66105087082655
1.6475,-3.48380235458226,-0.0803773731136506,-8.63558527321531
1.65,-3.49399127028868,-0.0803773731136506,-8.63049215369306
1.6525,-3.46342452316942,-0.075281680307862,-8.64577151225981
1.655,-3.453235607463,-0.0803773731136506,-8.63049215369306
1.6575,-3.42266886034373,-0.0803773731136506,-8.64577151225981
1.66,-3.41757440249052,-0.0803773731136506,-8.65086463178205
1.6625,-3.39719657107768,-0.0803773731136506,-8.66105087082655
1.665,-3.38191319751805,-0.0803773731136506,-8.66105087082655
1.6675,-3.38700765537126,-0.0803773731136506,-8.6661439903488
1.67,-3.37172428181163,-0.0803773731136506,-8.67123710987105
1.6725,-3.35134645039879,-0.075281680307862,-8.64577151225981
1.675,-3.30040187186668,-0.0803773731136506,-8.66105087082655
1.6775,-3.29021295616026,-0.0803773731136506,-8.65086463178205
1.68,-3.27492958260063,-0.0803773731136506,-8.6559577513043
1.6825,-3.26474066689421,-0.0803773731136506,-8.65086463178205
1.685,-3.24945729333457,-0.0803773731136506,-8.6865164684378
1.6875,-3.23417391977494,-0.0803773731136506,-8.68142334891555
1.69,-3.21889054621531,-0.0803773731136506,-8.68142334891555
1.6925,-3.20870163050889,-0.0803773731136506,-8.6661439903488
1.695,-3.23926837762815,-0.0803773731136506,-8.77309950031604
1.6975,-3.21889054621531,-0.0803773731136506,-8.64577151225981
1.7,-3.20870163050889,-0.0803773731136506,-8.60502655608181
1.7025,-3.16285150982999,-0.0854730659194392,-8.61011967560406
1.705,-3.15775705197678,-0.0803773731136506,-8.61011967560406
1.7075,-3.17304042553642,-0.0803773731136506,-8.61521279512631
1.71,-3.11190693129789,-0.0803773731136506,-8.61521279512631
1.7125,-3.10681247344468,-0.0803773731136506,-8.61521279512631
1.715,-3.09662355773826,-0.0803773731136506,-8.62539903417081
1.7175,-3.09152909988505,-0.0803773731136506,-8.63049215369306
1.72,-3.08643464203184,-0.0803773731136506,-8.64067839273756
1.7225,-3.07624572632541,-0.0803773731136506,-8.63049215369306
1.725,-3.07624572632541,-0.075281680307862,-8.64067839273756
1.7275,-3.07624572632541,-0.0803773731136506,-8.64067839273756
1.73,-3.06605681061899,-0.0803773731136506,-8.65086463178205
1.7325,-3.05586789491257,-0.0803773731136506,-8.62539903417081
1.735,-3.05586789491257,-0.0803773731136506,-8.65086463178205
1.7375,-3.06096235276578,-0.0803773731136506,-8.63558527321531
1.74,-3.0711512684722,-0.0803773731136506,-8.63558527321531
1.7425,-3.06605681061899,-0.0803773731136506,-8.64067839273756
1.745,-3.08134018417863,-0.0803773731136506,-8.68142334891555
1.7475,-3.08134018417863,-0.0803773731136506,-8.68142334891555
1.75,-3.09662355773826,-0.0803773731136506,-8.67123710987105
1.7525,-3.13228476271073,-0.0803773731136506,-8.62030591464856
1.755,-3.14247367841715,-0.0803773731136506,-8.61521279512631
1.7575,-3.14756813627036,-0.0803773731136506,-8.69160958796005
1.76,-3.15775705197678,-0.0803773731136506,-8.6967027074823
1.7625,-3.15266259412357,-0.0803773731136506,-8.64577151225981
1.765,-3.19851271480247,-0.0803773731136506,-8.59993343655956
1.7675,-3.19851271480247,-0.0803773731136506,-8.58974719751506
1.77,-3.356440908252,-0.0803773731136506,-8.59484031703731
1.7725,-3.35134645039879,-0.0803773731136506,-8.6865164684378
1.775,-3.34625199254558,-0.075281680307862,-8.6865164684378
1.7775,-3.39210211322447,-0.0854730659194392,-8.6865164684378
1.78,-3.41757440249052,-0.0803773731136506,-8.56937471942606
1.7825,-3.43795223390337,-0.0803773731136506,-8.58465407799281
1.785,-3.46851898102263,-0.0803773731136506,-8.61011967560406
1.7875,-3.52455801740795,-0.0803773731136506,-8.6559577513043
1.79,-3.58569151164647,-0.0803773731136506,-8.61521279512631
1.7925,-3.51946355955474,-0.0803773731136506,-8.59993343655956
1.795,-3.54493584882079,-0.0803773731136506,-8.59993343655956
1.7975,-3.57040813808684,-0.0803773731136506,-8.61521279512631
1.8,-3.60097488520611,-0.075281680307862,-8.71198206604905
1.8025,-3.63154163232537,-0.0803773731136506,-8.64067839273756
1.805,-3.62644717447216,-0.0803773731136506,-8.63049215369306
1.8075,-3.646825005885,-0.0803773731136506,-8.63049215369306
1.81,-3.68248621085748,-0.0803773731136506,-8.7068889465268
1.8125,-3.78437536792169,-0.0803773731136506,-8.66105087082655
1.815,-3.79456428362811,-0.0803773731136506,-8.67123710987105
1.8175,-3.82513103074737,-0.0803773731136506,-8.63049215369306
1.82,-3.80475319933453,-0.0803773731136506,-8.6865164684378
1.8225,-3.80475319933453,-0.0803773731136506,-8.63049215369306
1.825,-3.83022548860058,-0.0803773731136506,-8.70179582700455
1.8275,-3.81494211504095,-0.0803773731136506,-8.71198206604905
1.83,-3.840414404307,-0.0803773731136506,-8.6967027074823
1.8325,-3.87098115142627,-0.0803773731136506,-8.7068889465268
1.835,-3.84550886216021,-0.0803773731136506,-8.6967027074823
1.8375,-3.88117006713269,-0.0803773731136506,-8.6967027074823
1.84,-3.88117006713269,-0.0803773731136506,-8.69160958796005
1.8425,-3.8862645249859,-0.0803773731136506,-8.68142334891555
1.845,-3.8862645249859,-0.0803773731136506,-8.6661439903488
1.8475,-3.89135898283911,-0.0803773731136506,-8.68142334891555
1.85,-3.8862645249859,-0.0803773731136506,-8.75272702222705
1.8525,-3.91173681425195,-0.0803773731136506,-8.68142334891555
1.855,-3.88117006713269,-0.0803773731136506,-8.68142334891555
1.8575,-3.87607560927948,-0.0803773731136506,-8.65086463178205
1.86,-3.87098115142627,-0.0803773731136506,-8.62030591464856
1.8625,-3.86588669357306,-0.0803773731136506,-8.64577151225981
1.865,-3.85060332001342,-0.0803773731136506,-8.64067839273756
1.8675,-3.84550886216021,-0.0803773731136506,-8.6763302293933
1.87,-3.840414404307,-0.0803773731136506,-8.6967027074823
1.8725,-3.840414404307,-0.0803773731136506,-8.71198206604905
1.875,-3.86588669357306,-0.0803773731136506,-8.68142334891555
1.8775,-3.83022548860058,-0.0803773731136506,-8.6559577513043
1.88,-3.84550886216021,-0.0803773731136506,-8.65086463178205
1.8825,-3.80984765718774,-0.0803773731136506,-8.68142334891555
1.885,-3.75380862080242,-0.0803773731136506,-8.7272614246158
1.8875,-3.74871416294921,-0.0803773731136506,-8.6559577513043
1.89,-3.75380862080242,-0.0803773731136506,-8.69160958796005
1.8925,-3.76909199436206,-0.0803773731136506,-8.6763302293933
1.895,-3.68758066871069,-0.0803773731136506,-8.69160958796005
1.8975,-3.6926751265639,-0.0803773731136506,-8.68142334891555
1.9,-3.67229729515105,-0.075281680307862,-8.65086463178205
1.9025,-3.64173054803179,-0.0854730659194392,-8.67123710987105
1.905,-3.62644717447216,-0.0803773731136506,-8.70179582700455
1.9075,-3.60606934305932,-0.075281680307862,-8.7068889465268
1.91,-3.58569151164647,-0.0803773731136506,-8.6865164684378
1.9125,-3.57040813808684,-0.0803773731136506,-8.69160958796005
1.915,-3.58569151164647,-0.0803773731136506,-8.65086463178205
1.9175,-3.56531368023363,-0.0803773731136506,-8.69160958796005
1.92,-3.52965247526116,-0.0803773731136506,-8.6763302293933
1.9225,-3.48889681243547,-0.0803773731136506,-8.6967027074823
1.925,-3.47361343887584,-0.0803773731136506,-8.67123710987105
1.9275,-3.453235607463,-0.0803773731136506,-8.7374476636603
1.93,-3.42776331819694,-0.075281680307862,-8.64067839273756
1.9325,-3.43285777605016,-0.0854730659194392,-8.70179582700455
1.935,-3.39719657107768,-0.0803773731136506,-8.67123710987105
1.9375,-3.41247994463731,-0.0803773731136506,-8.6661439903488
1.94,-3.43285777605016,-0.0803773731136506,-8.67123710987105
1.9425,-3.36662982395842,-0.0803773731136506,-8.6559577513043
1.945,-3.34625199254558,-0.0803773731136506,-8.67123710987105
1.9475,-3.33096861898594,-0.0803773731136506,-8.72216830509355
1.95,-3.31568524542631,-0.0803773731136506,-8.69160958796005
1.9525,-3.32077970327952,-0.075281680307862,-8.67123710987105
1.955,-3.30549632971989,-0.0803773731136506,-8.6763302293933
1.9575,-3.3105907875731,-0.0803773731136506,-8.6763302293933
1.96,-3.3105907875731,-0.0803773731136506,-8.6763302293933
1.9625,-0.0959878821972175,-0.0803773731136506,-8.68142334891555
1.965,-0.0959878821972175,-0.0803773731136506,-8.6661439903488
1.9675,-3.18832379909605,-0.0803773731136506,-8.67123710987105
1.97,-3.17813488338963,-0.0803773731136506,-8.66105087082655
1.9725,-3.17813488338963,-0.0803773731136506,-8.6967027074823
1.975,-3.15775705197678,-0.0803773731136506,-8.67123710987105
1.9775,-3.14756813627036,-0.0803773731136506,-8.6763302293933
1.98,-3.19851271480247,-0.0803773731136506,-8.70179582700455
1.9825,-3.16794596768321,-0.0803773731136506,-8.67123710987105
1.985,-3.15266259412357,-0.0803773731136506,-8.6763302293933
1.9875,-3.14756813627036,-0.0803773731136506,-8.6763302293933
1.99,-3.14247367841715,-0.0803773731136506,-8.6865164684378
1.9925,-3.16794596768321,-0.0803773731136506,-8.68142334891555
1.995,-3.13737922056394,-0.0803773731136506,-8.69160958796005
1.9975,-3.12719030485752,-0.0803773731136506,-8.69160958796005
2,-3.06096235276578,-0.0803773731136506,-8.72216830509355
2.0025,-3.06096235276578,-0.0803773731136506,-8.7170751855713
2.005,-3.09152909988505,-0.075281680307862,-8.69160958796005
2.0075,-3.06096235276578,-0.0803773731136506,-8.7374476636603
2.01,-3.05586789491257,-0.0803773731136506,-8.7374476636603
2.0125,-3.04567897920615,-0.0803773731136506,-8.75272702222705
2.015,-3.05586789491257,-0.0803773731136506,-8.7170751855713
2.0175,-3.03039560564652,-0.0803773731136506,-8.6763302293933
2.02,-3.03549006349973,-0.0803773731136506,-8.73235454413805
2.0225,-3.04567897920615,-0.0803773731136506,-8.63049215369306
2.025,-3.09152909988505,-0.0803773731136506,-8.66105087082655
2.0275,-3.18832379909605,-0.0803773731136506,-8.66105087082655
2.03,-3.18832379909605,-0.0803773731136506,-8.67123710987105
2.0325,-3.17304042553642,-0.0803773731136506,-8.63049215369306
2.035,-3.18322934124284,-0.0803773731136506,-8.64067839273756
2.0375,-3.19341825694926,-0.075281680307862,-8.64577151225981
2.04,-3.259646209041,-0.0803773731136506,-8.81384445649404
2.0425,-3.259646209041,-0.075281680307862,-8.67123710987105
2.045,-3.259646209041,-0.0803773731136506,-8.67123710987105
2.0475,-0.0959878821972175,-0.0803773731136506,-8.6763302293933
2.05,-3.36662982395842,-0.0803773731136506,-8.65086463178205
2.0525,-3.40229102893089,-0.0803773731136506,-8.67123710987105
2.055,-3.43285777605016,-0.075281680307862,-8.6967027074823
2.0575,-3.42776331819694,-0.0803773731136506,-8.6865164684378
2.06,-3.43285777605016,-0.0803773731136506,-8.6865164684378
2.0625,-3.45833006531621,-0.0803773731136506,-8.66105087082655
2.065,-3.47870789672905,-0.0803773731136506,-8.68142334891555
2.0675,-3.48889681243547,-0.0803773731136506,-8.65086463178205
2.07,-3.56021922238042,-0.0854730659194392,-8.6763302293933
2.0725,-3.5041801859951,-0.0803773731136506,-8.70179582700455
2.075,-3.50927464384831,-0.075281680307862,-8.74254078318255
2.0775,-3.54493584882079,-0.0803773731136506,-8.6661439903488
2.08,-3.58059705379326,-0.0803773731136506,-8.67123710987105
2.0825,-3.60097488520611,-0.0803773731136506,-8.6763302293933
2.085,-3.60097488520611,-0.0854730659194392,-8.6865164684378
2.0875,-3.56021922238042,-0.0803773731136506,-8.6763302293933
2.09,-3.53474693311437,-0.0803773731136506,-8.6559577513043
2.0925,-3.53474693311437,-0.0803773731136506,-8.6559577513043
2.095,-3.50927464384831,-0.0803773731136506,-8.70179582700455
2.0975,-3.49908572814189,-0.0803773731136506,-8.63558527321531
2.1,-3.46342452316942,-0.0803773731136506,-8.63558527321531
2.1025,-3.45833006531621,-0.0803773731136506,-8.64067839273756
2.105,-3.45833006531621,-0.0854730659194392,-8.63558527321531
2.1075,-0.101082340050429,-0.0803773731136506,-8.6967027074823
2.11,-0.0908934243440065,-0.0803773731136506,-8.78837885888279
2.1125,-0.0908934243440065,-0.0803773731136506,-8.7272614246158
2.115,-0.0908934243440065,-0.0803773731136506,-8.64067839273756
2.1175,-3.26983512474742,-0.0803773731136506,-8.64067839273756
2.12,-3.22907946192173,-0.0803773731136506,-8.65086463178205
2.1225,-3.19341825694926,-0.0803773731136506,-8.65086463178205
2.125,-3.18322934124284,-0.0803773731136506,-8.6559577513043
2.1275,-3.18832379909605,-0.0803773731136506,-8.65086463178205
2.13,-3.18322934124284,-0.0803773731136506,-8.73235454413805
2.1325,-3.19341825694926,-0.0803773731136506,-8.6967027074823
2.135,-3.23926837762815,-0.0803773731136506,-8.67123710987105
2.1375,-3.23417391977494,-0.0803773731136506,-8.7068889465268
2.14,-3.21889054621531,-0.0803773731136506,-8.65086463178205
2.1425,-3.24945729333457,-0.0803773731136506,-8.66105087082655
2.145,-3.259646209041,-0.0803773731136506,-8.6559577513043
2.1475,-3.2137960883621,-0.0803773731136506,-8.64577151225981
2.15,-3.28511849830705,-0.0803773731136506,-8.6763302293933
2.1525,-3.27492958260063,-0.0803773731136506,-8.69160958796005
2.155,-3.29021295616026,-0.0803773731136506,-8.71198206604905
2.1575,-3.34625199254558,-0.0803773731136506,-8.67123710987105
2.16,-3.34115753469236,-0.0803773731136506,-8.64067839273756
2.1625,-3.34115753469236,-0.0803773731136506,-8.71198206604905
2.165,-3.4073854867841,-0.0803773731136506,-8.6559577513043
2.1675,-3.39719657107768,-0.0803773731136506,-8.58974719751506
2.17,-3.38700765537126,-0.0803773731136506,-8.59484031703731
2.1725,-3.40229102893089,-0.0803773731136506,-8.58974719751506
2.175,-3.41757440249052,-0.0803773731136506,-8.62539903417081
2.1775,-3.47870789672905,-0.075281680307862,-8.7578201417493
2.18,-3.49399127028868,-0.0803773731136506,-8.6559577513043
2.1825,-3.550030306674,-0.0803773731136506,-8.6763302293933
2.185,-3.53984139096758,-0.075281680307862,-8.62539903417081
2.1875,-3.59078596949968,-0.0803773731136506,-8.64577151225981
2.19,-3.58569151164647,-0.0803773731136506,-8.64577151225981
2.1925,-3.58569151164647,-0.0803773731136506,-8.62030591464856
2.195,-3.60097488520611,-0.0803773731136506,-8.59484031703731
2.1975,-3.61625825876574,-0.0803773731136506,-8.62030591464856
2.2,-3.62644717447216,-0.0803773731136506,-8.6763302293933
2.2025,-3.63154163232537,-0.0803773731136506,-8.68142334891555
2.205,-3.63663609017858,-0.0803773731136506,-8.68142334891555
2.2075,-3.67229729515105,-0.0803773731136506,-8.61011967560406
2.21,-3.68248621085748,-0.0803773731136506,-8.67123710987105
2.2125,-3.6926751265639,-0.0803773731136506,-8.63049215369306
2.215,-3.70795850012353,-0.0803773731136506,-8.61521279512631
2.2175,-3.71305295797674,-0.0803773731136506,-8.63049215369306
2.22,-3.71305295797674,-0.0803773731136506,-8.63558527321531
2.2225,-3.6926751265639,-0.0803773731136506,-8.66105087082655
2.225,-3.72324187368316,-0.0803773731136506,-8.6661439903488
2.2275,-3.71814741582995,-0.0803773731136506,-8.67123710987105
2.23,-3.71305295797674,-0.075281680307862,-8.6559577513043
2.2325,-3.70795850012353,-0.0803773731136506,-8.65086463178205
2.235,-3.69776958441711,-0.0803773731136506,-8.63558527321531
2.2375,-3.68758066871069,-0.0803773731136506,-8.69160958796005
2.24,-3.68248621085748,-0.0803773731136506,-8.6559577513043
2.2425,-3.67739175300426,-0.0803773731136506,-8.66105087082655
2.245,-3.6926751265639,-0.0803773731136506,-8.64067839273756
2.2475,-3.63663609017858,-0.075281680307862,-8.63558527321531
2.25,-3.65701392159142,-0.0803773731136506,-8.64067839273756
2.2525,-3.66210837944463,-0.0803773731136506,-8.62539903417081
2.255,-3.64173054803179,-0.0803773731136506,-8.6661439903488
2.2575,-3.61625825876574,-0.0803773731136506,-8.62030591464856
2.26,-3.63663609017858,-0.0803773731136506,-8.63049215369306
2.2625,-3.62135271661895,-0.0803773731136506,-8.59484031703731
2.265,-3.60097488520611,-0.0803773731136506,-8.59484031703731
2.2675,-3.63154163232537,-0.0803773731136506,-8.59484031703731
2.27,-3.57550259594005,-0.0803773731136506,-8.64067839273756
2.2725,-3.57040813808684,-0.0803773731136506,-8.58974719751506
2.275,-3.56531368023363,-0.0803773731136506,-8.54900224133706
2.2775,-3.55512476452721,-0.0803773731136506,-8.55409536085931
2.28,-3.57040813808684,-0.0803773731136506,-8.56937471942606
2.2825,-3.58569151164647,-0.0803773731136506,-8.61521279512631
2.285,-3.58569151164647,-0.0803773731136506,-8.53372288277031
2.2875,-3.550030306674,-0.0803773731136506,-8.53372288277031
2.29,-3.53984139096758,-0.0803773731136506,-8.52862976324807
2.2925,-3.50927464384831,-0.0803773731136506,-8.50825728515907
2.295,-3.85060332001342,-0.0803773731136506,-8.57446783894831
2.2975,-3.57040813808684,-0.0803773731136506,-8.50825728515907
2.3,-3.57040813808684,-0.0803773731136506,-8.51844352420357
2.3025,-3.54493584882079,-0.0803773731136506,-8.48279168754782
2.305,-3.51946355955474,-0.0854730659194392,-8.47769856802557
2.3075,-3.55512476452721,-0.0803773731136506,-8.47769856802557
2.31,-3.50927464384831,-0.0803773731136506,-8.46751232898107
2.3125,-3.49908572814189,-0.0803773731136506,-8.46751232898107
2.315,-3.54493584882079,-0.0803773731136506,-8.48788480707007
2.3175,-3.50927464384831,-0.0803773731136506,-8.47260544850332
2.32,-3.36153536610521,-0.0803773731136506,-8.43695361184757
2.3225,-3.36153536610521,-0.0803773731136506,-8.44204673136982
2.325,-3.34115753469236,-0.0803773731136506,-8.44204673136982
2.3275,-3.30549632971989,-0.0803773731136506,-8.46751232898107
2.33,-3.29530741401347,-0.0803773731136506,-8.44713985089207
2.3325,-3.259646209041,-0.0803773731136506,-8.42167425328083
2.335,-3.25455175118779,-0.0803773731136506,-8.46241920945882
2.3375,-3.26474066689421,-0.0803773731136506,-8.46751232898107
2.34,-3.23926837762815,-0.0803773731136506,-8.46241920945882
2.3425,-3.22398500406852,-0.0803773731136506,-8.46241920945882
2.345,-3.14756813627036,-0.0803773731136506,-8.46241920945882
2.3475,-3.15266259412357,-0.0803773731136506,-8.45732608993657
2.35,-3.19851271480247,-0.0803773731136506,-8.45223297041432
2.3525,-3.13228476271073,-0.0803773731136506,-8.38092929710283
2.355,-3.12719030485752,-0.0803773731136506,-8.37074305805833
2.3575,-3.14247367841715,-0.0803773731136506,-8.43695361184757
2.36,-3.07624572632541,-0.0854730659194392,-8.40639489471408
2.3625,-3.07624572632541,-0.0803773731136506,-8.44713985089207
2.365,-3.0711512684722,-0.0803773731136506,-8.41148801423633
2.3675,-3.06605681061899,-0.075281680307862,-8.37583617758058
2.37,-3.06605681061899,-0.0803773731136506,-8.40639489471408
2.3725,-3.06096235276578,-0.0803773731136506,-8.34527746044708
2.375,-3.01001777423368,-0.0803773731136506,-8.34527746044708
2.3775,-2.9743565692612,-0.0803773731136506,-8.29434626522459
2.38,-2.95907319570157,-0.0803773731136506,-8.39620865566958
2.3825,-2.94888427999515,-0.0803773731136506,-8.36055681901383
2.385,-3.09662355773826,-0.075281680307862,-8.39111553614733
2.3875,-2.9743565692612,-0.0803773731136506,-8.39111553614733
2.39,-2.9743565692612,-0.0803773731136506,-8.41658113375857
2.3925,-3.0711512684722,-0.0854730659194392,-8.41658113375857
2.395,-2.9743565692612,-0.0803773731136506,-8.23832195047984
2.3975,-3.05586789491257,-0.0803773731136506,-8.24850818952434
2.4,-3.05586789491257,-0.0803773731136506,-8.24341507000209
2.4025,-3.01001777423368,-0.0803773731136506,-8.24850818952434
2.405,-3.03039560564652,-0.0803773731136506,-8.24341507000209
2.4075,-3.03549006349973,-0.0803773731136506,-8.24341507000209
2.41,-3.0202066899401,-0.0803773731136506,-8.24341507000209
2.4125,-3.01511223208689,-0.0803773731136506,-8.26888066761334
2.415,-3.0202066899401,-0.0803773731136506,-8.40639489471408
2.4175,-3.03039560564652,-0.0803773731136506,-8.30962562379133
2.42,-3.01511223208689,-0.0803773731136506,-8.35037057996933
2.4225,-3.0202066899401,-0.0803773731136506,-8.31981186283583
2.425,-3.03039560564652,-0.075281680307862,-8.26888066761334
2.4275,-3.03549006349973,-0.0803773731136506,-8.27397378713559
2.43,-3.06605681061899,-0.0803773731136506,-8.30453250426909
2.4325,-3.11190693129789,-0.0803773731136506,-8.32999810188033
2.435,-3.09152909988505,-0.0803773731136506,-8.32490498235808
2.4375,-3.08643464203184,-0.0803773731136506,-8.34018434092483
2.44,-3.14247367841715,-0.0803773731136506,-8.32999810188033
2.4425,-3.09662355773826,-0.0803773731136506,-8.34018434092483
2.445,-3.14247367841715,-0.0803773731136506,-8.38092929710283
2.4475,-3.08134018417863,-0.0803773731136506,-8.34527746044708
2.45,-3.06605681061899,-0.0803773731136506,-8.34527746044708
2.4525,-3.0711512684722,-0.0803773731136506,-8.34018434092483
2.455,-3.0711512684722,-0.0803773731136506,-8.37074305805833
2.4575,-3.03549006349973,-0.0803773731136506,-8.35037057996933
2.46,-3.03039560564652,-0.0803773731136506,-8.36055681901383
2.4625,-3.03039560564652,-0.0803773731136506,-8.36055681901383
2.465,-3.08643464203184,-0.0803773731136506,-8.34527746044708
2.4675,-3.04058452135294,-0.0854730659194392,-8.35037057996933
2.47,-2.98963994282083,-0.0803773731136506,-8.37074305805833
2.4725,-2.98454548496762,-0.0803773731136506,-8.35546369949158
2.475,-2.99982885852726,-0.075281680307862,-8.37074305805833
2.4775,-2.99982885852726,-0.075281680307862,-8.37074305805833
2.48,-3.09662355773826,-0.0803773731136506,-8.35546369949158
2.4825,-3.08643464203184,-0.075281680307862,-8.35546369949158
2.485,-3.13737922056394,-0.0803773731136506,-8.35037057996933
2.4875,-3.09662355773826,-0.0803773731136506,-8.30962562379133
2.49,-3.15266259412357,-0.0803773731136506,-8.34018434092483
2.4925,-3.17304042553642,-0.0803773731136506,-8.36055681901383
2.495,-3.17304042553642,-0.0803773731136506,-8.37074305805833
2.4975,-3.15266259412357,-0.0803773731136506,-8.35546369949158
2.5,-3.15775705197678,-0.0803773731136506,-8.37583617758058
2.5025,-3.15775705197678,-0.0803773731136506,-8.34018434092483
2.505,-3.16285150982999,-0.0803773731136506,-8.34018434092483
2.5075,-3.19341825694926,-0.0803773731136506,-8.35037057996933
2.51,-3.26474066689421,-0.0803773731136506,-8.33509122140258
2.5125,-3.259646209041,-0.0803773731136506,-8.33509122140258
2.515,-3.27492958260063,-0.0803773731136506,-8.32999810188033
2.5175,-3.24945729333457,-0.0803773731136506,-8.32999810188033
2.52,-3.26474066689421,-0.0803773731136506,-8.29434626522459
2.5225,-3.259646209041,-0.0803773731136506,-8.27397378713559
2.525,-3.25455175118779,-0.0803773731136506,-8.25869442856884
2.5275,-3.25455175118779,-0.0803773731136506,-8.26888066761334
2.53,-3.259646209041,-0.0803773731136506,-8.25869442856884
2.5325,-3.26983512474742,-0.075281680307862,-8.25360130904659
2.535,-3.26983512474742,-0.0803773731136506,-8.24850818952434
2.5375,-3.27492958260063,-0.0854730659194392,-8.24341507000209
2.54,-3.34115753469236,-0.0803773731136506,-8.24341507000209
2.5425,-3.32077970327952,-0.0803773731136506,-8.25360130904659
2.545,-3.32077970327952,-0.0803773731136506,-8.26378754809109
2.5475,-3.35134645039879,-0.0803773731136506,-8.25360130904659
2.55,-3.40229102893089,-0.0803773731136506,-0.10461007344729
2.5525,-3.356440908252,-0.0803773731136506,-8.22813571143534
2.555,-3.35134645039879,-0.0803773731136506,-8.24341507000209
2.5575,-3.37681873966484,-0.0803773731136506,-8.21794947239084
2.56,-3.38700765537126,-0.0803773731136506,-8.24341507000209
2.5625,-3.39210211322447,-0.0803773731136506,-8.25360130904659
2.565,-3.39719657107768,-0.0803773731136506,-8.25360130904659
2.5675,-3.39719657107768,-0.0803773731136506,-8.30453250426909
2.57,-3.40229102893089,-0.0803773731136506,-8.27397378713559
2.5725,-3.43285777605016,-0.0803773731136506,-8.28925314570234
2.575,-3.453235607463,-0.0803773731136506,-8.28925314570234
2.5775,-3.453235607463,-0.0803773731136506,-8.38092929710283
2.58,-3.42266886034373,-0.0803773731136506,-8.28416002618009
2.5825,-3.42776331819694,-0.0803773731136506,-8.28416002618009
2.585,-3.43795223390337,-0.0803773731136506,-8.35037057996933
2.5875,-3.43795223390337,-0.0803773731136506,-8.30453250426909
2.59,-3.43795223390337,-0.0803773731136506,-8.33509122140258
2.5925,-3.44814114960979,-0.0803773731136506,-8.28416002618009
2.595,-3.453235607463,-0.0803773731136506,-8.29434626522459
2.5975,-3.46342452316942,-0.0803773731136506,-8.31471874331358
2.6,-3.46851898102263,-0.0803773731136506,-8.27906690665784
2.6025,-3.48889681243547,-0.0803773731136506,-8.35546369949158
2.605,-3.48889681243547,-0.075281680307862,-8.28416002618009
2.6075,-3.46851898102263,-0.0854730659194392,-8.29434626522459
2.61,-3.49908572814189,-0.0803773731136506,-8.28416002618009
2.6125,-3.49399127028868,-0.0803773731136506,-8.28925314570234
2.615,-3.49399127028868,-0.0803773731136506,-8.35037057996933
2.6175,-3.49908572814189,-0.0803773731136506,-8.36055681901383
2.62,-3.49908572814189,-0.0803773731136506,-8.30962562379133
2.6225,-3.50927464384831,-0.0803773731136506,-8.33509122140258
2.625,-3.48889681243547,-0.0803773731136506,-8.37074305805833
2.6275,-3.48889681243547,-0.0803773731136506,-8.36055681901383
2.63,-3.49399127028868,-0.0803773731136506,-8.28925314570234
2.6325,-3.49399127028868,-0.075281680307862,-8.30453250426909
2.635,-3.49399127028868,-0.0803773731136506,-8.34018434092483
2.6375,-3.49399127028868,-0.0803773731136506,-8.36564993853608
2.64,-3.5041801859951,-0.0803773731136506,-8.37074305805833
2.6425,-3.5041801859951,-0.0803773731136506,-8.35037057996933
2.645,-3.5041801859951,-0.0803773731136506,-8.40639489471408
2.6475,-3.49908572814189,-0.0803773731136506,-8.31981186283583
2.65,-3.49399127028868,-0.0803773731136506,-8.39620865566958
2.6525,-3.49399127028868,-0.0803773731136506,-8.37583617758058
2.655,-3.49908572814189,-0.0803773731136506,-8.30962562379133
2.6575,-3.49908572814189,-0.0803773731136506,-8.34018434092483
2.66,-3.49908572814189,-0.0803773731136506,-8.31471874331358
2.6625,-3.5041801859951,-0.0803773731136506,-8.37583617758058
2.665,-3.5041801859951,-0.0803773731136506,-8.30962562379133
2.6675,-3.50927464384831,-0.0803773731136506,-8.30453250426909
2.67,-3.5041801859951,-0.0803773731136506,-8.30962562379133
2.6725,-3.550030306674,-0.075281680307862,-8.29943938474683
2.675,-3.550030306674,-0.0803773731136506,-8.32490498235808
2.6775,-3.550030306674,-0.075281680307862,-8.35546369949158
2.68,-3.53984139096758,-0.0803773731136506,-8.36564993853608
2.6825,-3.52965247526116,-0.0803773731136506,-8.32490498235808
2.685,-3.52965247526116,-0.0803773731136506,-8.35037057996933
2.6875,-3.52965247526116,-0.0803773731136506,-8.32999810188033
2.69,-3.52965247526116,-0.0803773731136506,-8.32490498235808
2.6925,-3.5041801859951,-0.075281680307862,-8.36564993853608
2.695,-3.49908572814189,-0.0803773731136506,-8.36564993853608
2.6975,-3.51946355955474,-0.0803773731136506,-8.37074305805833
2.7,-3.50927464384831,-0.0803773731136506,-8.40130177519183
2.7025,-3.48889681243547,-0.0803773731136506,-8.37074305805833
2.705,-3.48380235458226,-0.0803773731136506,-8.37583617758058
2.7075,-3.48889681243547,-0.0803773731136506,-8.36564993853608
2.71,-3.48380235458226,-0.0803773731136506,-8.34018434092483
2.7125,-3.47870789672905,-0.0803773731136506,-8.33509122140258
2.715,-3.46342452316942,-0.0803773731136506,-8.41148801423633
2.7175,-3.48380235458226,-0.0803773731136506,-8.36055681901383
2.72,-3.48889681243547,-0.0803773731136506,-8.30453250426909
2.7225,-3.45833006531621,-0.0803773731136506,-8.34527746044708
2.725,-3.45833006531621,-0.0803773731136506,-8.31471874331358
2.7275,-3.45833006531621,-0.0803773731136506,-8.29943938474683
2.73,-3.46342452316942,-0.0803773731136506,-8.41148801423633
2.7325,-3.45833006531621,-0.0803773731136506,-8.34018434092483
2.735,-3.46342452316942,-0.0803773731136506,-8.30962562379133
2.7375,-3.45833006531621,-0.0803773731136506,-8.31471874331358
2.74,-3.453235607463,-0.0803773731136506,-8.32999810188033
2.7425,-3.44814114960979,-0.0803773731136506,-8.31471874331358
2.745,-3.44304669175658,-0.0803773731136506,-8.28416002618009
2.7475,-3.41247994463731,-0.0803773731136506,-8.28925314570234
2.75,-3.40229102893089,-0.0803773731136506,-8.36564993853608
2.7525,-3.39719657107768,-0.0803773731136506,-8.33509122140258
2.755,-3.38191319751805,-0.0803773731136506,-8.34527746044708
2.7575,-3.39719657107768,-0.0803773731136506,-8.31471874331358
2.76,-3.34115753469236,-0.0803773731136506,-8.35546369949158
2.7625,-3.356440908252,-0.0803773731136506,-8.34527746044708
2.765,-3.356440908252,-0.0803773731136506,-8.35037057996933
2.7675,-3.3105907875731,-0.0803773731136506,-8.35037057996933
2.77,-3.30549632971989,-0.0803773731136506,-8.38602241662508
2.7725,-3.27492958260063,-0.0854730659194392,-8.32490498235808
2.775,-3.26474066689421,-0.0803773731136506,-8.40639489471408
2.7775,-3.23417391977494,-0.0803773731136506,-8.35546369949158
2.78,-3.21889054621531,-0.0803773731136506,-8.35037057996933
2.7825,-3.20870163050889,-0.0854730659194392,-8.31981186283583
2.785,-3.20360717265568,-0.0803773731136506,-8.40639489471408
2.7875,-3.19341825694926,-0.0803773731136506,-8.37074305805833
2.79,-3.20360717265568,-0.0803773731136506,-8.37074305805833
2.7925,-3.20360717265568,-0.0803773731136506,-8.41148801423633
2.795,-3.20360717265568,-0.0803773731136506,-8.39111553614733
2.7975,-3.17813488338963,-0.075281680307862,-8.32490498235808
2.8,-3.2137960883621,-0.0803773731136506,-8.34527746044708
2.8025,-3.20870163050889,-0.0803773731136506,-8.34527746044708
2.805,-3.20870163050889,-0.0803773731136506,-8.36055681901383
2.8075,-3.23926837762815,-0.0803773731136506,-8.36055681901383
2.81,-3.2137960883621,-0.0803773731136506,-8.38092929710283
2.8125,-3.21889054621531,-0.0803773731136506,-8.38602241662508
2.815,-3.22398500406852,-0.0803773731136506,-8.44204673136982
2.8175,-3.22398500406852,-0.0803773731136506,-8.45223297041432
2.82,-3.22398500406852,-0.0803773731136506,-8.50825728515907
2.8225,-3.28511849830705,-0.0854730659194392,-8.43186049232532
2.825,-3.13737922056394,-0.0803773731136506,-8.43695361184757
2.8275,-3.1170013891511,-0.0803773731136506,-8.45732608993657
2.83,-3.12719030485752,-0.0803773731136506,-8.48788480707007
2.8325,-3.10681247344468,-0.0803773731136506,-8.48788480707007
2.835,-3.10171801559147,-0.0803773731136506,-8.49807104611457
2.8375,-3.11190693129789,-0.0803773731136506,-8.53881600229256
2.84,-3.1170013891511,-0.075281680307862,-8.39111553614733
2.8425,-3.12719030485752,-0.0803773731136506,-8.53372288277031
2.845,-3.13228476271073,-0.0803773731136506,-8.52353664372582
2.8475,-3.13737922056394,-0.0803773731136506,-8.45223297041432
2.85,-3.18832379909605,-0.0803773731136506,-8.40639489471408
2.8525,-3.15775705197678,-0.0803773731136506,-8.64067839273756
2.855,-3.16794596768321,-0.0803773731136506,-8.56428159990381
2.8575,-3.17813488338963,-0.0803773731136506,-8.53372288277031
2.86,-3.18322934124284,-0.0803773731136506,-8.39620865566958
2.8625,-3.20870163050889,-0.0803773731136506,-8.39620865566958
2.865,-3.2137960883621,-0.0803773731136506,-8.42167425328083
2.8675,-3.2137960883621,-0.0803773731136506,-8.36564993853608
2.87,-3.23926837762815,-0.0803773731136506,-8.38092929710283
2.8725,-3.24436283548136,-0.0803773731136506,-8.46751232898107
2.875,-3.22398500406852,-0.0803773731136506,-8.46241920945882
2.8775,-3.22398500406852,-0.0803773731136506,-8.38602241662508
2.88,-3.22907946192173,-0.0803773731136506,-8.38092929710283
2.8825,-3.23417391977494,-0.0803773731136506,-8.38602241662508
2.885,-3.24436283548136,-0.0803773731136506,-8.47260544850332
2.8875,-3.25455175118779,-0.0803773731136506,-8.38092929710283
2.89,-3.25455175118779,-0.0803773731136506,-8.42676737280307
2.8925,-3.26474066689421,-0.0803773731136506,-8.39620865566958
2.895,-3.27492958260063,-0.0803773731136506,-8.41658113375857
2.8975,-3.27492958260063,-0.0803773731136506,-8.41658113375857
2.9,-3.29530741401347,-0.0803773731136506,-8.43695361184757
2.9025,-3.26983512474742,-0.0803773731136506,-8.49807104611457
2.905,-3.27492958260063,-0.0803773731136506,-8.44713985089207
2.9075,-3.27492958260063,-0.0803773731136506,-8.45732608993657
2.91,-3.27492958260063,-0.0803773731136506,-8.46751232898107
2.9125,-3.26983512474742,-0.0803773731136506,-8.51335040468132
2.915,-3.27492958260063,-0.0803773731136506,-8.48788480707007
2.9175,-3.27492958260063,-0.0803773731136506,-8.50316416563682
2.92,-3.30040187186668,-0.0803773731136506,-8.46751232898107
2.9225,-3.29021295616026,-0.0803773731136506,-8.50825728515907
2.925,-3.28002404045384,-0.0803773731136506,-8.55918848038156
2.9275,-3.28002404045384,-0.0803773731136506,-8.53372288277031
2.93,-3.28002404045384,-0.0803773731136506,-8.53881600229256
2.9325,-3.28002404045384,-0.0803773731136506,-8.49297792659232
2.935,-3.27492958260063,-0.0803773731136506,-8.58974719751506
2.9375,-3.25455175118779,-0.0803773731136506,-8.48279168754782
2.94,-3.27492958260063,-0.0803773731136506,-8.51844352420357
2.9425,-3.28002404045384,-0.0803773731136506,-8.51335040468132
2.945,-3.27492958260063,-0.0803773731136506,-8.63049215369306
2.9475,-3.29530741401347,-0.0803773731136506,-8.54390912181481
2.95,-3.28511849830705,-0.0803773731136506,-8.65086463178205
2.9525,-3.29021295616026,-0.0803773731136506,-8.64577151225981
2.955,-3.27492958260063,-0.0803773731136506,-8.6763302293933
2.9575,-3.28002404045384,-0.0803773731136506,-8.54390912181481
2.96,-3.28002404045384,-0.0803773731136506,-8.55918848038156
2.9625,-3.3105907875731,-0.0803773731136506,-8.49297792659232
2.965,-3.32587416113273,-0.0803773731136506,-8.54900224133706
2.9675,-3.33096861898594,-0.0803773731136506,-8.54900224133706
2.97,-3.33096861898594,-0.0803773731136506,-8.50316416563682
2.9725,-3.34625199254558,-0.0803773731136506,-8.50316416563682
2.975,-3.33606307683915,-0.0803773731136506,-8.53372288277031
2.9775,-3.34115753469236,-0.0803773731136506,-8.68142334891555
2.98,-3.33606307683915,-0.0803773731136506,-8.53881600229256
2.9825,-3.356440908252,-0.0803773731136506,-8.54390912181481
2.985,-3.41757440249052,-0.0803773731136506,-8.56428159990381
2.9875,-3.36153536610521,-0.0803773731136506,-8.56428159990381
2.99,-3.37681873966484,-0.0803773731136506,-8.59993343655956
2.9925,-3.40229102893089,-0.0803773731136506,-8.58465407799281
2.995,-3.4073854867841,-0.0803773731136506,-8.61011967560406
2.9975,-3.38191319751805,-0.0803773731136506,-8.62030591464856
3,-3.37681873966484,-0.0803773731136506,-8.67123710987105
3.0025,-3.37172428181163,-0.0803773731136506,-8.63049215369306
3.005,-3.37681873966484,-0.0803773731136506,-8.70179582700455
3.0075,-3.37681873966484,-0.0803773731136506,-8.71198206604905
3.01,-3.4073854867841,-0.0803773731136506,-8.64067839273756
3.0125,-3.37681873966484,-0.0803773731136506,-8.57956095847056
3.015,-3.37172428181163,-0.0803773731136506,-8.54390912181481
3.0175,-3.39719657107768,-0.0803773731136506,-8.58465407799281
3.02,-3.37681873966484,-0.0803773731136506,-8.58974719751506
3.0225,-3.37172428181163,-0.0803773731136506,-8.59484031703731
3.025,-3.33606307683915,-0.0803773731136506,-8.64067839273756
3.0275,-3.33096861898594,-0.0803773731136506,-8.7578201417493
3.03,-3.35134645039879,-0.0803773731136506,-8.7272614246158
3.0325,-3.37172428181163,-0.0803773731136506,-8.58974719751506
3.035,-3.30040187186668,-0.0803773731136506,-8.60502655608181
3.0375,-3.30040187186668,-0.0803773731136506,-8.63558527321531
3.04,-3.34115753469236,-0.0803773731136506,-8.76291326127155
3.0425,-3.31568524542631,-0.0803773731136506,-8.61521279512631
3.045,-3.18322934124284,-0.0803773731136506,-8.64577151225981
3.0475,-3.17813488338963,-0.0803773731136506,-8.71198206604905
3.05,-3.19341825694926,-0.0803773731136506,-8.6865164684378
3.0525,-3.16794596768321,-0.0803773731136506,-8.70179582700455
3.055,-3.16794596768321,-0.0803773731136506,-8.6967027074823
3.0575,-3.17813488338963,-0.0803773731136506,-8.69160958796005
3.06,-3.17813488338963,-0.0803773731136506,-8.7170751855713
3.0625,-3.16285150982999,-0.0803773731136506,-8.7170751855713
3.065,-3.16285150982999,-0.075281680307862,-8.77309950031604
3.0675,-3.16794596768321,-0.0803773731136506,-8.7578201417493
3.07,-3.17304042553642,-0.0803773731136506,-8.7476339027048
3.0725,-3.20870163050889,-0.0803773731136506,-8.77309950031604
3.075,-3.22398500406852,-0.0803773731136506,-8.77819261983829
3.0775,-3.24945729333457,-0.0803773731136506,-8.78328573936054
3.08,-3.20870163050889,-0.0803773731136506,-8.79347197840504
3.0825,-3.23926837762815,-0.0803773731136506,-8.79347197840504
3.085,-3.22907946192173,-0.0803773731136506,-8.77309950031604
3.0875,-3.20360717265568,-0.0803773731136506,-8.78328573936054
3.09,-3.25455175118779,-0.0803773731136506,-8.80365821744954
3.0925,-3.19341825694926,-0.0803773731136506,-8.81893757601629
3.095,-3.18832379909605,-0.0803773731136506,-8.7578201417493
3.0975,-3.19341825694926,-0.0803773731136506,-8.79347197840504
3.1,-3.19851271480247,-0.0803773731136506,-8.79347197840504
3.1025,-3.19851271480247,-0.0803773731136506,-8.78328573936054
3.105,-3.2137960883621,-0.0803773731136506,-8.80365821744954
3.1075,-3.21889054621531,-0.0803773731136506,-8.81384445649404
3.11,-3.21889054621531,-0.0803773731136506,-8.81893757601629
3.1125,-0.131649087169691,-0.0803773731136506,-8.81893757601629
3.115,-0.0959878821972175,-0.075281680307862,-8.80365821744954
3.1175,-0.0908934243440065,-0.0803773731136506,-8.79347197840504
3.12,-0.0959878821972175,-0.0803773731136506,-8.80365821744954
3.1225,-0.0908934243440065,-0.0803773731136506,-8.79856509792729
3.125,-0.0908934243440065,-0.0803773731136506,-8.79856509792729
3.1275,-3.39719657107768,-0.0803773731136506,-8.76291326127155
3.13,-3.43285777605016,-0.0803773731136506,-8.85968253219429
3.1325,-3.42776331819694,-0.0803773731136506,-8.86986877123879
3.135,-3.41757440249052,-0.075281680307862,-8.86477565171654
3.1375,-3.41757440249052,-0.0803773731136506,-8.84440317362754
3.14,-3.41757440249052,-0.075281680307862,-8.83931005410529
3.1425,-3.42266886034373,-0.0803773731136506,-8.80875133697179
3.145,-3.43795223390337,-0.0803773731136506,-8.80875133697179
3.1475,-3.44304669175658,-0.0803773731136506,-8.79347197840504
3.15,-3.453235607463,-0.0803773731136506,-8.79347197840504
3.1525,-3.46342452316942,-0.0803773731136506,-8.80365821744954
3.155,-3.47870789672905,-0.0803773731136506,-8.89024124932778
3.1575,-3.47870789672905,-0.0803773731136506,-8.89533436885003
3.16,-3.47870789672905,-0.0854730659194392,-8.85458941267204
3.1625,-3.49908572814189,-0.0803773731136506,-8.85458941267204
3.165,-3.5041801859951,-0.0803773731136506,-8.86986877123879
3.1675,-3.5041801859951,-0.0803773731136506,-8.86477565171654
3.17,-3.49908572814189,-0.0803773731136506,-8.84949629314979
3.1725,-3.49399127028868,-0.0803773731136506,-8.91061372741678
3.175,-3.49908572814189,-0.0803773731136506,-8.91061372741678
3.1775,-3.5041801859951,-0.0803773731136506,-8.91061372741678
3.18,-3.49908572814189,-0.0803773731136506,-8.85968253219429
3.1825,-3.49399127028868,-0.0803773731136506,-8.81893757601629
3.185,-3.46851898102263,-0.0803773731136506,-8.87496189076104
3.1875,-3.49399127028868,-0.075281680307862,-8.88005501028329
3.19,-3.45833006531621,-0.0803773731136506,-8.86986877123879
3.1925,-3.453235607463,-0.0803773731136506,-8.81893757601629
3.195,-3.47361343887584,-0.0803773731136506,-8.81384445649404
3.1975,-3.47870789672905,-0.0803773731136506,-8.91570684693903
3.2,-3.45833006531621,-0.0803773731136506,-8.98701052025053
3.2025,-3.44814114960979,-0.075281680307862,-8.80875133697179
3.205,-3.44304669175658,-0.0803773731136506,-8.81384445649404
3.2075,-3.44814114960979,-0.0803773731136506,-8.78328573936054
3.21,-3.47870789672905,-0.0803773731136506,-8.95135868359478
3.2125,-3.46342452316942,-0.075281680307862,-8.83421693458304
3.215,-3.43795223390337,-0.0803773731136506,-8.81893757601629
3.2175,-3.42776331819694,-0.0803773731136506,-8.87496189076104
3.22,-3.41757440249052,-0.0803773731136506,-8.79856509792729
3.2225,-3.41247994463731,-0.0803773731136506,-8.80365821744954
3.225,-3.48380235458226,-0.0803773731136506,-8.80875133697179
3.2275,-3.43285777605016,-0.0803773731136506,-8.81384445649404
3.23,-3.43795223390337,-0.0803773731136506,-8.81384445649404
3.2325,-3.41757440249052,-0.0803773731136506,-8.83421693458304
3.235,-3.38700765537126,-0.075281680307862,-8.82912381506079
3.2375,-3.40229102893089,-0.0803773731136506,-8.83931005410529
3.24,-3.40229102893089,-0.0803773731136506,-8.83421693458304
3.2425,-3.40229102893089,-0.0803773731136506,-8.84440317362754
3.245,-3.40229102893089,-0.0803773731136506,-8.84440317362754
3.2475,-3.42776331819694,-0.0803773731136506,-8.87496189076104
3.25,-3.43285777605016,-0.0803773731136506,-8.88005501028329
3.2525,-3.41247994463731,-0.0803773731136506,-8.87496189076104
3.255,-3.42776331819694,-0.0803773731136506,-8.85458941267204
3.2575,-3.41247994463731,-0.0803773731136506,-8.84949629314979
3.26,-3.40229102893089,-0.075281680307862,-8.88514812980553
3.2625,-3.39719657107768,-0.0803773731136506,-8.89024124932778
3.265,-3.41757440249052,-0.0803773731136506,-8.89533436885003
3.2675,-3.41757440249052,-0.0803773731136506,-8.80365821744954
3.27,-3.41247994463731,-0.0803773731136506,-8.85968253219429
3.2725,-3.38700765537126,-0.0803773731136506,-8.86477565171654
3.275,-3.35134645039879,-0.0803773731136506,-8.88005501028329
3.2775,-3.35134645039879,-0.0803773731136506,-8.86477565171654
3.28,-3.33096861898594,-0.0803773731136506,-8.79347197840504
3.2825,-3.4073854867841,-0.0803773731136506,-8.85968253219429
3.285,-3.32587416113273,-0.0803773731136506,-8.83421693458304
3.2875,-3.33096861898594,-0.0803773731136506,-8.77819261983829
3.29,-3.32587416113273,-0.0803773731136506,-8.81384445649404
3.2925,-3.34115753469236,-0.0803773731136506,-8.81384445649404
3.295,-3.34625199254558,-0.0803773731136506,-8.85458941267204
3.2975,-3.33096861898594,-0.0803773731136506,-8.78328573936054
3.3,-3.356440908252,-0.0803773731136506,-8.79347197840504
3.3025,-3.36153536610521,-0.0803773731136506,-8.78328573936054
3.305,-3.356440908252,-0.0803773731136506,-8.83931005410529
3.3075,-3.36153536610521,-0.0803773731136506,-8.81384445649404
3.31,-3.37681873966484,-0.0803773731136506,-8.83421693458304
3.3125,-3.37681873966484,-0.0803773731136506,-8.79347197840504
3.315,-3.38191319751805,-0.0803773731136506,-8.7578201417493
3.3175,-3.39210211322447,-0.0803773731136506,-8.80365821744954
3.32,-3.40229102893089,-0.0803773731136506,-8.79347197840504
3.3225,-3.51946355955474,-0.0803773731136506,-8.79856509792729
3.325,-3.49908572814189,-0.0803773731136506,-8.79347197840504
3.3275,-3.49908572814189,-0.0803773731136506,-8.84440317362754
3.33,-3.51436910170153,-0.0803773731136506,-8.78837885888279
3.3325,-3.51946355955474,-0.0803773731136506,-8.78328573936054
3.335,-3.51436910170153,-0.0803773731136506,-8.79347197840504
3.3375,-3.53984139096758,-0.0803773731136506,-8.81384445649404
3.34,-3.51946355955474,-0.0803773731136506,-8.82403069553854
3.3425,-3.52965247526116,-0.0803773731136506,-8.79856509792729
3.345,-3.50927464384831,-0.0803773731136506,-8.80365821744954
3.3475,-3.54493584882079,-0.0803773731136506,-8.80875133697179
3.35,-3.51946355955474,-0.0803773731136506,-8.80875133697179
3.3525,-3.51946355955474,-0.0803773731136506,-8.83931005410529
3.355,-3.52965247526116,-0.0803773731136506,-8.81384445649404
3.3575,-3.53474693311437,-0.0803773731136506,-8.77819261983829
3.36,-3.53984139096758,-0.0803773731136506,-8.79856509792729
3.3625,-3.53984139096758,-0.0803773731136506,-8.79856509792729
3.365,-3.54493584882079,-0.0803773731136506,-8.86986877123879
3.3675,-3.52965247526116,-0.0803773731136506,-8.81893757601629
3.37,-3.52965247526116,-0.0803773731136506,-8.83421693458304
3.3725,-3.53474693311437,-0.0803773731136506,-8.7476339027048
3.375,-3.51946355955474,-0.0803773731136506,-8.7578201417493
3.3775,-3.52455801740795,-0.0803773731136506,-8.76291326127155
3.38,-3.51946355955474,-0.0803773731136506,-8.76800638079379
3.3825,-3.51946355955474,-0.0803773731136506,-8.83421693458304
3.385,-3.51436910170153,-0.0803773731136506,-8.77309950031604
3.3875,-3.49399127028868,-0.0803773731136506,-8.74254078318255
3.39,-3.51436910170153,-0.0803773731136506,-8.7476339027048
3.3925,-3.50927464384831,-0.0803773731136506,-8.75272702222705
3.395,-3.51436910170153,-0.0803773731136506,-8.81384445649404
3.3975,-3.51436910170153,-0.0803773731136506,-8.75272702222705
3.4,-3.53984139096758,-0.0803773731136506,-8.71198206604905
3.4025,-3.60606934305932,-0.0803773731136506,-8.75272702222705
3.405,-3.550030306674,-0.0803773731136506,-8.7578201417493
3.4075,-3.57040813808684,-0.0803773731136506,-8.75272702222705
3.41,-3.57040813808684,-0.0803773731136506,-8.7272614246158
3.4125,-3.57040813808684,-0.0803773731136506,-8.7578201417493
3.415,-3.56021922238042,-0.0803773731136506,-8.72216830509355
3.4175,-3.57550259594005,-0.0803773731136506,-8.7068889465268
3.42,-3.54493584882079,-0.0803773731136506,-8.71198206604905
3.4225,-3.57550259594005,-0.0803773731136506,-8.6967027074823
3.425,-3.57550259594005,-0.0803773731136506,-8.71198206604905
3.4275,-3.57040813808684,-0.0803773731136506,-8.70179582700455
3.43,-3.57040813808684,-0.0803773731136506,-8.67123710987105
3.4325,-3.57040813808684,-0.0803773731136506,-8.6967027074823
3.435,-3.57040813808684,-0.0803773731136506,-8.68142334891555
3.4375,-3.57550259594005,-0.0803773731136506,-8.69160958796005
3.44,-3.58569151164647,-0.0803773731136506,-8.6865164684378
3.4425,-3.58059705379326,-0.0803773731136506,-8.7170751855713
3.445,-3.53984139096758,-0.0803773731136506,-8.7068889465268
3.4475,-3.52965247526116,-0.0803773731136506,-8.73235454413805
3.45,-3.51946355955474,-0.0803773731136506,-8.68142334891555
3.4525,-3.50927464384831,-0.0803773731136506,-8.68142334891555
3.455,-3.5041801859951,-0.0803773731136506,-8.7170751855713
3.4575,-3.49908572814189,-0.0803773731136506,-8.69160958796005
3.46,-3.52455801740795,-0.0803773731136506,-8.70179582700455
3.4625,-3.52455801740795,-0.075281680307862,-8.71198206604905
3.465,-3.47870789672905,-0.0803773731136506,-8.7170751855713
3.4675,-3.5041801859951,-0.0803773731136506,-8.71198206604905
3.47,-3.49908572814189,-0.0803773731136506,-8.68142334891555
3.4725,-3.37681873966484,-0.0854730659194392,-8.7068889465268
3.475,-3.36662982395842,-0.0803773731136506,-8.67123710987105
3.4775,-3.43795223390337,-0.0803773731136506,-8.6763302293933
3.48,-3.34625199254558,-0.0803773731136506,-8.6661439903488
3.4825,-3.36153536610521,-0.0803773731136506,-8.67123710987105
3.485,-3.37681873966484,-0.0803773731136506,-8.66105087082655
3.4875,-3.30040187186668,-0.0803773731136506,-8.69160958796005
3.49,-3.29530741401347,-0.0803773731136506,-8.66105087082655
3.4925,-3.26474066689421,-0.0803773731136506,-8.65086463178205
3.495,-3.27492958260063,-0.0803773731136506,-8.63049215369306
3.4975,-3.26983512474742,-0.0803773731136506,-8.59484031703731
3.5,-3.27492958260063,-0.0803773731136506,-8.63049215369306
3.5025,-3.24945729333457,-0.0803773731136506,-8.62539903417081
3.505,-3.259646209041,-0.0803773731136506,-8.63558527321531
3.5075,-3.22907946192173,-0.0803773731136506,-8.63049215369306
3.51,-3.22907946192173,-0.0803773731136506,-8.63049215369306
3.5125,-3.23417391977494,-0.075281680307862,-8.61521279512631
3.515,-3.29530741401347,-0.0803773731136506,-8.64067839273756
3.5175,-3.21889054621531,-0.0803773731136506,-8.67123710987105
3.52,-3.22398500406852,-0.0803773731136506,-8.61521279512631
3.5225,-3.23926837762815,-0.0803773731136506,-8.63049215369306
3.525,-3.259646209041,-0.0803773731136506,-8.62539903417081
3.5275,-3.29021295616026,-0.0803773731136506,-8.62539903417081
3.53,-3.26983512474742,-0.0803773731136506,-8.62030591464856
3.5325,-3.27492958260063,-0.0803773731136506,-8.61011967560406
3.535,-3.29021295616026,-0.0803773731136506,-8.58974719751506
3.5375,-3.30040187186668,-0.0803773731136506,-8.61011967560406
3.54,-3.30549632971989,-0.0803773731136506,-8.60502655608181
3.5425,-3.32077970327952,-0.0803773731136506,-8.61521279512631
3.545,-3.33606307683915,-0.0803773731136506,-8.60502655608181
3.5475,-3.356440908252,-0.075281680307862,-8.56937471942606
3.55,-3.38191319751805,-0.0803773731136506,-8.56937471942606
3.5525,-3.41247994463731,-0.0803773731136506,-8.58974719751506
3.555,-3.39719657107768,-0.0803773731136506,-8.57446783894831
3.5575,-3.4073854867841,-0.0803773731136506,-8.57956095847056
3.56,-3.41757440249052,-0.0803773731136506,-8.59484031703731
3.5625,-3.44814114960979,-0.0803773731136506,-8.59484031703731
3.565,-3.47361343887584,-0.0803773731136506,-8.57956095847056
3.5675,-3.45833006531621,-0.0803773731136506,-8.56428159990381
3.57,-3.5041801859951,-0.0803773731136506,-8.59484031703731
3.5725,-3.50927464384831,-0.0803773731136506,-8.53881600229256
3.575,-3.49399127028868,-0.0803773731136506,-8.54900224133706
3.5775,-3.47870789672905,-0.0803773731136506,-8.55918848038156
3.58,-3.5041801859951,-0.0803773731136506,-8.58974719751506
3.5825,-3.52965247526116,-0.0803773731136506,-8.55409536085931
3.585,-3.550030306674,-0.0803773731136506,-8.55918848038156
3.5875,-3.52455801740795,-0.0803773731136506,-8.58465407799281
3.59,-3.52455801740795,-0.075281680307862,-8.54390912181481
3.5925,-3.52965247526116,-0.0803773731136506,-8.54900224133706
3.595,-3.56021922238042,-0.0803773731136506,-8.57956095847056
3.5975,-3.51436910170153,-0.0803773731136506,-8.58465407799281
3.6,-3.58059705379326,-0.0803773731136506,-8.52862976324807
3.6025,-3.58569151164647,-0.0803773731136506,-8.56937471942606
3.605,-3.550030306674,-0.0803773731136506,-8.54900224133706
3.6075,-3.52455801740795,-0.0803773731136506,-8.57446783894831
3.61,-3.53984139096758,-0.0803773731136506,-8.50825728515907
3.6125,-3.49908572814189,-0.0803773731136506,-8.53881600229256
3.615,-3.56531368023363,-0.0803773731136506,-8.51844352420357
3.6175,-3.53984139096758,-0.0803773731136506,-8.51335040468132
3.62,-3.56531368023363,-0.0803773731136506,-8.54900224133706
3.6225,-3.50927464384831,-0.0803773731136506,-8.49807104611457
3.625,-3.53984139096758,-0.0803773731136506,-8.50825728515907
3.6275,-3.53984139096758,-0.0803773731136506,-8.50316416563682
3.63,-3.53984139096758,-0.0803773731136506,-8.55409536085931
3.6325,-3.53984139096758,-0.075281680307862,-8.55409536085931
3.635,-3.54493584882079,-0.0803773731136506,-8.58974719751506
3.6375,-3.57040813808684,-0.0803773731136506,-8.51335040468132
3.64,-3.54493584882079,-0.0803773731136506,-8.53372288277031
3.6425,-3.54493584882079,-0.0803773731136506,-8.53881600229256
3.645,-3.55512476452721,-0.0803773731136506,-8.54390912181481
3.6475,-3.56021922238042,-0.0803773731136506,-8.48788480707007
3.65,-3.56021922238042,-0.0803773731136506,-8.52862976324807
3.6525,-3.56021922238042,-0.0803773731136506,-8.48788480707007
3.655,-3.56531368023363,-0.0803773731136506,-8.54390912181481
3.6575,-3.58059705379326,-0.075281680307862,-8.51335040468132
3.66,-3.58569151164647,-0.0803773731136506,-8.47769856802557
3.6625,-3.58569151164647,-0.0803773731136506,-8.48279168754782
3.665,-3.62135271661895,-0.0803773731136506,-8.48788480707007
3.6675,-3.60606934305932,-0.0803773731136506,-8.47769856802557
3.67,-3.60097488520611,-0.0803773731136506,-8.45732608993657
3.6725,-3.60606934305932,-0.0803773731136506,-8.46241920945882
3.675,-3.60606934305932,-0.0803773731136506,-8.45223297041432
3.6775,-3.63663609017858,-0.0803773731136506,-8.48788480707007
3.68,-3.62135271661895,-0.0803773731136506,-8.45732608993657
3.6825,-3.62135271661895,-0.0803773731136506,-8.46241920945882
3.685,-3.63154163232537,-0.0803773731136506,-8.47769856802557
3.6875,-3.62644717447216,-0.0803773731136506,-8.50825728515907
3.69,-3.63154163232537,-0.0803773731136506,-8.47260544850332
3.6925,-3.63154163232537,-0.0803773731136506,-8.47260544850332
3.695,-3.63154163232537,-0.0803773731136506,-8.44713985089207
3.6975,-3.62135271661895,-0.0803773731136506,-8.47769856802557
3.7,-3.62135271661895,-0.0803773731136506,-8.52862976324807
3.7025,-3.646825005885,-0.0803773731136506,-8.42676737280307
3.705,-3.62135271661895,-0.0803773731136506,-8.43695361184757
3.7075,-3.61116380091253,-0.0803773731136506,-8.46751232898107
3.71,-3.61625825876574,-0.0803773731136506,-8.50316416563682
3.7125,-3.61116380091253,-0.0803773731136506,-8.48788480707007
3.715,-3.59588042735289,-0.0803773731136506,-8.51335040468132
3.7175,-3.58569151164647,-0.0803773731136506,-8.44713985089207
3.72,-3.57550259594005,-0.0803773731136506,-8.44713985089207
3.7225,-3.57550259594005,-0.0803773731136506,-8.46751232898107
3.725,-3.58059705379326,-0.0803773731136506,-8.44713985089207
3.7275,-3.53984139096758,-0.0803773731136506,-8.52353664372582
3.73,-3.52455801740795,-0.0803773731136506,-8.47769856802557
3.7325,-3.49908572814189,-0.0803773731136506,-8.45732608993657
3.735,-3.48889681243547,-0.0803773731136506,-8.45223297041432
3.7375,-3.48380235458226,-0.0803773731136506,-8.43695361184757
3.74,-3.46851898102263,-0.0803773731136506,-8.43695361184757
3.7425,-3.453235607463,-0.0854730659194392,-8.43186049232532
3.745,-3.43795223390337,-0.0803773731136506,-8.43186049232532
3.7475,-3.43795223390337,-0.0803773731136506,-8.41148801423633
3.75,-3.43285777605016,-0.0803773731136506,-8.51335040468132
3.7525,-3.44304669175658,-0.0803773731136506,-8.39111553614733
3.755,-3.43285777605016,-0.0803773731136506,-8.41148801423633
3.7575,-3.40229102893089,-0.0803773731136506,-8.46751232898107
3.76,-3.36662982395842,-0.0803773731136506,-8.37074305805833
3.7625,-3.38191319751805,-0.0803773731136506,-8.36564993853608
3.765,-3.37681873966484,-0.0803773731136506,-8.35546369949158
3.7675,-3.33606307683915,-0.0803773731136506,-8.35037057996933
3.77,-3.33606307683915,-0.0803773731136506,-8.36055681901383
3.7725,-3.30549632971989,-0.0803773731136506,-8.36564993853608
3.775,-3.33606307683915,-0.075281680307862,-8.44204673136982
3.7775,-3.32077970327952,-0.0803773731136506,-8.34018434092483
3.78,-3.31568524542631,-0.0803773731136506,-8.32490498235808
3.7825,-3.29021295616026,-0.0803773731136506,-8.34527746044708
3.785,-3.28002404045384,-0.0803773731136506,-8.35037057996933
3.7875,-3.26983512474742,-0.0803773731136506,-8.34018434092483
3.79,-3.259646209041,-0.0803773731136506,-8.41658113375857
3.7925,-3.25455175118779,-0.0803773731136506,-8.29434626522459
3.795,-3.25455175118779,-0.0803773731136506,-8.30453250426909
3.7975,-3.29021295616026,-0.0803773731136506,-8.26378754809109
3.8,-3.26474066689421,-0.0803773731136506,-8.26378754809109
3.8025,-3.26983512474742,-0.0803773731136506,-8.28416002618009
3.805,-3.27492958260063,-0.0803773731136506,-8.27397378713559
3.8075,-3.27492958260063,-0.0803773731136506,-8.41148801423633
3.81,-3.27492958260063,-0.0803773731136506,-8.39620865566958
3.8125,-3.25455175118779,-0.0803773731136506,-8.40639489471408
3.815,-3.27492958260063,-0.0803773731136506,-8.26378754809109
3.8175,-3.26474066689421,-0.0803773731136506,-8.26888066761334
3.82,-3.26983512474742,-0.0803773731136506,-8.39620865566958
3.8225,-3.29530741401347,-0.0803773731136506,-8.28925314570234
3.825,-3.29021295616026,-0.0803773731136506,-8.27397378713559
3.8275,-3.27492958260063,-0.0803773731136506,-8.27906690665784
3.83,-3.28002404045384,-0.0803773731136506,-8.27906690665784
3.8325,-3.27492958260063,-0.0803773731136506,-8.27397378713559
3.835,-3.27492958260063,-0.0803773731136506,-8.28925314570234
3.8375,-3.30549632971989,-0.0803773731136506,-8.27397378713559
3.84,-3.30549632971989,-0.0803773731136506,-8.30453250426909
3.8425,-3.27492958260063,-0.0803773731136506,-8.26378754809109
3.845,-3.26474066689421,-0.0803773731136506,-8.26888066761334
3.8475,-3.26983512474742,-0.0803773731136506,-8.25869442856884
3.85,-3.27492958260063,-0.0803773731136506,-8.24850818952434
3.8525,-3.28002404045384,-0.0803773731136506,-8.24341507000209
3.855,-3.28002404045384,-0.0803773731136506,-8.23322883095759
3.8575,-3.30549632971989,-0.0803773731136506,-8.28416002618009
3.86,-3.29530741401347,-0.0803773731136506,-8.22304259191309
3.8625,-3.30040187186668,-0.0803773731136506,-8.23322883095759
3.865,-3.3105907875731,-0.0803773731136506,-8.21794947239084
3.8675,-3.30549632971989,-0.0803773731136506,-8.19757699430184
3.87,-3.31568524542631,-0.0803773731136506,-8.22304259191309
3.8725,-3.30040187186668,-0.0803773731136506,-8.27397378713559
3.875,-3.3105907875731,-0.0803773731136506,-8.18229763573509
3.8775,-3.31568524542631,-0.0803773731136506,-8.16701827716835
3.88,-3.32077970327952,-0.0803773731136506,-8.22304259191309
3.8825,-3.33096861898594,-0.0803773731136506,-8.17720451621285
3.885,-3.33606307683915,-0.0803773731136506,-8.18229763573509
3.8875,-3.356440908252,-0.0803773731136506,-8.18739075525735
3.89,-3.35134645039879,-0.0803773731136506,-8.19248387477959
3.8925,-3.35134645039879,-0.0803773731136506,-8.18739075525735
3.895,-3.356440908252,-0.0803773731136506,-8.21794947239084
3.8975,-3.356440908252,-0.0803773731136506,-8.1415526795571
3.9,-3.36153536610521,-0.0803773731136506,-8.13645956003485
3.9025,-3.356440908252,-0.0803773731136506,-8.1415526795571
3.905,-3.36153536610521,-0.0803773731136506,-8.1313664405126
3.9075,-3.37681873966484,-0.0803773731136506,-8.1415526795571
3.91,-3.38191319751805,-0.0803773731136506,-8.1313664405126
3.9125,-3.38191319751805,-0.0803773731136506,-8.1415526795571
3.915,-3.39210211322447,-0.0803773731136506,-8.13645956003485
3.9175,-3.40229102893089,-0.0803773731136506,-8.1415526795571
3.92,-3.4073854867841,-0.0803773731136506,-8.1517389186016
3.9225,-3.38191319751805,-0.0803773731136506,-8.1517389186016
3.925,-3.40229102893089,-0.0803773731136506,-8.13645956003485
3.9275,-3.36662982395842,-0.0803773731136506,-8.1313664405126
3.93,-3.39719657107768,-0.0803773731136506,-8.14664579907935
3.9325,-3.37681873966484,-0.0803773731136506,-8.13645956003485
3.935,-3.37172428181163,-0.0803773731136506,-8.20267011382409
3.9375,-3.37172428181163,-0.0803773731136506,-8.16701827716835
3.94,-3.39210211322447,-0.0803773731136506,-8.1008077233791
3.9425,-3.46342452316942,-0.0803773731136506,-8.18739075525735
3.945,-3.36153536610521,-0.0803773731136506,-8.0906214843346
3.9475,-3.35134645039879,-0.0803773731136506,-8.12627332099035
3.95,-3.356440908252,-0.0803773731136506,-8.22304259191309
3.9525,-3.356440908252,-0.0803773731136506,-8.09571460385685
3.955,-3.36662982395842,-0.0803773731136506,-8.20776323334634
3.9575,-3.356440908252,-0.0803773731136506,-8.25360130904659
3.96,-3.356440908252,-0.0803773731136506,-8.20776323334634
3.9625,-3.35134645039879,-0.0803773731136506,-8.04987652815661
3.965,-3.35134645039879,-0.0803773731136506,-8.04987652815661
3.9675,-3.356440908252,-0.0803773731136506,-8.0804352452901
3.97,-3.36662982395842,-0.0803773731136506,-8.0906214843346
3.9725,-3.34115753469236,-0.0803773731136506,-8.0804352452901
3.975,-3.34115753469236,-0.0803773731136506,-8.06515588672336
3.9775,-3.34625199254558,-0.0803773731136506,-8.08552836481235
3.98,-3.34115753469236,-0.0803773731136506,-8.0906214843346
3.9825,-3.34115753469236,-0.0803773731136506,-8.08552836481235
3.985,-3.34625199254558,-0.0803773731136506,-8.08552836481235
3.9875,-3.35134645039879,-0.0803773731136506,-0.150448149147538
3.99,-3.35134645039879,-0.0803773731136506,-0.10461007344729
3.9925,-3.38191319751805,-0.0803773731136506,-0.0995169539250416
3.995,-3.4073854867841,-0.0803773731136506,-0.0995169539250416
3.9975,-3.34625199254558,-0.0803773731136506,-8.1517389186016
4,-3.35134645039879,-0.0803773731136506,-8.20267011382409
4.0025,-3.34625199254558,-0.0803773731136506,-8.1619251576461
4.005,-3.34625199254558,-0.0803773731136506,-8.16701827716835
4.0075,-3.34625199254558,-0.0803773731136506,-8.1721113966906
4.01,-3.37681873966484,-0.0803773731136506,-8.12627332099035
4.0125,-3.36153536610521,-0.0803773731136506,-8.1211802014681
4.015,-3.40229102893089,-0.0803773731136506,-8.1313664405126
4.0175,-3.4073854867841,-0.0803773731136506,-8.1415526795571
4.02,-3.356440908252,-0.0803773731136506,-8.1415526795571
4.0225,-3.34625199254558,-0.0803773731136506,-8.07024900624561
4.025,-3.33096861898594,-0.0803773731136506,-8.07024900624561
4.0275,-3.34625199254558,-0.0803773731136506,-8.05496964767886
4.03,-3.41757440249052,-0.0803773731136506,-8.1517389186016
4.0325,-3.41757440249052,-0.0803773731136506,-8.14664579907935
4.035,-3.36153536610521,-0.0803773731136506,-8.04478340863436
4.0375,-3.34625199254558,-0.0803773731136506,-8.15683203812385
4.04,-3.34625199254558,-0.0803773731136506,-8.1517389186016
4.0425,-3.35134645039879,-0.0803773731136506,-8.1619251576461
4.045,-3.356440908252,-0.0803773731136506,-8.17720451621285
4.0475,-3.356440908252,-0.0803773731136506,-8.05496964767886
4.05,-3.39719657107768,-0.0803773731136506,-8.04478340863436
4.0525,-3.39719657107768,-0.0803773731136506,-8.04987652815661
4.055,-3.39719657107768,-0.0803773731136506,-8.1721113966906
4.0575,-3.39719657107768,-0.0803773731136506,-8.1415526795571
4.06,-3.38191319751805,-0.0803773731136506,-8.13645956003485
4.0625,-3.37172428181163,-0.0803773731136506,-8.13645956003485
4.065,-3.36153536610521,-0.0803773731136506,-8.13645956003485
4.0675,-3.36662982395842,-0.0803773731136506,-8.1619251576461
4.07,-3.36662982395842,-0.0803773731136506,-8.17720451621285
4.0725,-3.36153536610521,-0.0803773731136506,-8.16701827716835
4.075,-3.38191319751805,-0.0803773731136506,-8.17720451621285
4.0775,-3.37681873966484,-0.0803773731136506,-8.17720451621285
4.08,-3.35134645039879,-0.0803773731136506,-8.1721113966906
4.0825,-3.33096861898594,-0.0803773731136506,-8.18229763573509
4.085,-3.32587416113273,-0.0803773731136506,-8.12627332099035
4.0875,-3.32077970327952,-0.0803773731136506,-8.1415526795571
4.09,-3.31568524542631,-0.0803773731136506,-8.19757699430184
4.0925,-3.30549632971989,-0.0803773731136506,-8.15683203812385
4.095,-3.30549632971989,-0.0803773731136506,-8.20267011382409
4.0975,-3.30549632971989,-0.0803773731136506,-8.21794947239084
4.1,-3.31568524542631,-0.0803773731136506,-8.19757699430184
4.1025,-3.30040187186668,-0.0803773731136506,-8.19757699430184
4.105,-3.29021295616026,-0.0803773731136506,-8.19757699430184
4.1075,-3.32077970327952,-0.0803773731136506,-8.19248387477959
4.11,-3.3105907875731,-0.0803773731136506,-8.20267011382409
4.1125,-3.32077970327952,-0.0803773731136506,-8.18229763573509
4.115,-3.33096861898594,-0.0803773731136506,-8.07534212576785
4.1175,-3.33096861898594,-0.0803773731136506,-8.19248387477959
4.12,-3.33096861898594,-0.0803773731136506,-8.23322883095759
4.1225,-3.33606307683915,-0.0803773731136506,-8.0906214843346
4.125,-3.4073854867841,-0.0803773731136506,-8.06515588672336
4.1275,-3.33606307683915,-0.0803773731136506,-8.06515588672336
4.13,-3.36153536610521,-0.0803773731136506,-8.06006276720111
4.1325,-3.37172428181163,-0.0803773731136506,-8.06006276720111
4.135,-3.38191319751805,-0.0803773731136506,-8.0804352452901
4.1375,-3.38191319751805,-0.0803773731136506,-8.21794947239084
4.14,-3.40229102893089,-0.0803773731136506,-8.07024900624561
4.1425,-3.40229102893089,-0.0803773731136506,-8.07534212576785
4.145,-3.4073854867841,-0.0803773731136506,-8.0804352452901
4.1475,-3.40229102893089,-0.0803773731136506,-8.08552836481235
4.15,-3.40229102893089,-0.075281680307862,-8.1008077233791
4.1525,-3.40229102893089,-0.0803773731136506,-8.0906214843346
4.155,-3.40229102893089,-0.0803773731136506,-8.13645956003485
4.1575,-3.4073854867841,-0.0803773731136506,-8.20776323334634
4.16,-3.41757440249052,-0.0803773731136506,-8.1313664405126
4.1625,-3.41757440249052,-0.0803773731136506,-8.13645956003485
4.165,-3.42266886034373,-0.0803773731136506,-8.1211802014681
4.1675,-3.43285777605016,-0.0803773731136506,-8.20776323334634
4.17,-3.42266886034373,-0.0803773731136506,-8.1415526795571
4.1725,-3.44814114960979,-0.0803773731136506,-8.20776323334634
4.175,-3.45833006531621,-0.0803773731136506,-8.1415526795571
4.1775,-3.46342452316942,-0.0803773731136506,-8.21794947239084
4.18,-3.41247994463731,-0.0803773731136506,-8.19248387477959
4.1825,-3.38700765537126,-0.0803773731136506,-8.1517389186016
4.185,-3.38700765537126,-0.0803773731136506,-8.1517389186016
4.1875,-3.39210211322447,-0.0803773731136506,-8.1517389186016
4.19,-3.39210211322447,-0.0803773731136506,-8.1517389186016
4.1925,-3.40229102893089,-0.0803773731136506,-8.14664579907935
4.195,-3.40229102893089,-0.0803773731136506,-8.21285635286859
4.1975,-3.41247994463731,-0.0803773731136506,-8.17720451621285
4.2,-3.41757440249052,-0.0803773731136506,-8.19248387477959
4.2025,-3.45833006531621,-0.0803773731136506,-8.18739075525735
4.205,-3.43795223390337,-0.0803773731136506,-8.20776323334634
4.2075,-3.48380235458226,-0.0803773731136506,-8.33509122140258
4.21,-3.46851898102263,-0.0803773731136506,-8.19757699430184
4.2125,-3.47870789672905,-0.0803773731136506,-8.20267011382409
4.215,-3.49908572814189,-0.0803773731136506,-8.24850818952434
4.2175,-3.50927464384831,-0.0803773731136506,-8.20267011382409
4.22,-3.48380235458226,-0.0803773731136506,-8.22304259191309
4.2225,-3.51436910170153,-0.0803773731136506,-8.24341507000209
4.225,-3.5041801859951,-0.0803773731136506,-8.22304259191309
4.2275,-3.54493584882079,-0.0803773731136506,-8.23322883095759
4.23,-3.5041801859951,-0.0803773731136506,-8.19248387477959
4.2325,-3.5041801859951,-0.0803773731136506,-8.22813571143534
4.235,-3.50927464384831,-0.0803773731136506,-8.18229763573509
4.2375,-3.52455801740795,-0.0803773731136506,-8.19248387477959
4.24,-3.54493584882079,-0.0803773731136506,-8.18229763573509
4.2425,-3.59078596949968,-0.0803773731136506,-8.16701827716835
4.245,-3.550030306674,-0.0803773731136506,-8.17720451621285
4.2475,-3.550030306674,-0.0803773731136506,-8.20267011382409
4.25,-3.53474693311437,-0.0803773731136506,-8.18229763573509
4.2525,-3.550030306674,-0.0803773731136506,-8.23322883095759
4.255,-3.49908572814189,-0.0803773731136506,-8.28416002618009
4.2575,-3.49399127028868,-0.0803773731136506,-8.19248387477959
4.26,-3.48889681243547,-0.0803773731136506,-8.19248387477959
4.2625,-3.47361343887584,-0.0803773731136506,-8.20267011382409
4.265,-3.46851898102263,-0.0803773731136506,-8.21285635286859
4.2675,-3.45833006531621,-0.0803773731136506,-8.22813571143534
4.27,-3.453235607463,-0.0803773731136506,-8.22304259191309
4.2725,-3.453235607463,-0.0803773731136506,-8.37074305805833
4.275,-3.44304669175658,-0.0803773731136506,-8.25360130904659
4.2775,-3.43795223390337,-0.0803773731136506,-8.26888066761334
4.28,-3.42776331819694,-0.0803773731136506,-8.26378754809109
4.2825,-3.42266886034373,-0.0803773731136506,-8.29434626522459
4.285,-3.42266886034373,-0.0803773731136506,-8.30453250426909
4.2875,-3.41757440249052,-0.0803773731136506,-8.28416002618009
4.29,-3.41247994463731,-0.0803773731136506,-8.30453250426909
4.2925,-3.41757440249052,-0.0803773731136506,-8.31471874331358
4.295,-3.42266886034373,-0.0803773731136506,-8.35546369949158
4.2975,-3.43285777605016,-0.0803773731136506,-8.36564993853608
4.3,-3.46342452316942,-0.0803773731136506,-8.42676737280307
4.3025,-3.44304669175658,-0.075281680307862,-8.62030591464856
4.305,-3.43795223390337,-0.0803773731136506,-8.31471874331358
4.3075,-3.47361343887584,-0.0803773731136506,-8.37583617758058
4.31,-3.46851898102263,-0.0803773731136506,-8.28416002618009
4.3125,-3.48380235458226,-0.0803773731136506,-8.28925314570234
4.315,-3.48889681243547,-0.0803773731136506,-8.35546369949158
4.3175,-3.48889681243547,-0.0803773731136506,-8.25360130904659
4.32,-0.0959878821972175,-0.0803773731136506,-8.40639489471408
4.3225,-3.50927464384831,-0.0803773731136506,-8.35037057996933
4.325,-3.50927464384831,-0.0803773731136506,-8.32490498235808
4.3275,-3.53474693311437,-0.0803773731136506,-8.31471874331358
4.33,-3.550030306674,-0.0803773731136506,-8.27906690665784
4.3325,-3.52455801740795,-0.0803773731136506,-8.25360130904659
4.335,-3.52455801740795,-0.0803773731136506,-8.29434626522459
4.3375,-3.53474693311437,-0.0803773731136506,-8.30453250426909
4.34,-3.53984139096758,-0.0803773731136506,-8.34527746044708
4.3425,-3.550030306674,-0.0803773731136506,-8.26888066761334
4.345,-3.58059705379326,-0.0803773731136506,-8.33509122140258
4.3475,-3.58569151164647,-0.0803773731136506,-8.37074305805833
4.35,-3.54493584882079,-0.0854730659194392,-8.34527746044708
4.3525,-3.61116380091253,-0.0803773731136506,-8.36055681901383
4.355,-3.65191946373821,-0.0803773731136506,-8.36055681901383
4.3575,-3.32587416113273,-0.0803773731136506,-8.40639489471408
4.36,-3.33096861898594,-0.0803773731136506,-8.37583617758058
4.3625,-3.72833633153637,-0.0803773731136506,-8.41658113375857
4.365,-3.73343078938958,-0.0803773731136506,-8.44713985089207
4.3675,-3.356440908252,-0.0803773731136506,-8.38092929710283
4.37,-3.21889054621531,-0.0803773731136506,-8.41658113375857
4.3725,-3.22398500406852,-0.0803773731136506,-8.37074305805833
4.375,-3.22398500406852,-0.0803773731136506,-8.40130177519183
4.3775,-3.66210837944463,-0.0803773731136506,-8.39620865566958
4.38,-3.66210837944463,-0.0803773731136506,-8.43186049232532
4.3825,-3.67229729515105,-0.075281680307862,-8.42167425328083
4.385,-3.66720283729784,-0.0803773731136506,-8.50825728515907
4.3875,-3.6926751265639,-0.0803773731136506,-8.42167425328083
4.39,-3.69776958441711,-0.0803773731136506,-8.45223297041432
4.3925,-3.646825005885,-0.0803773731136506,-8.45223297041432
4.395,-3.67229729515105,-0.0803773731136506,-8.48788480707007
4.3975,-3.67739175300426,-0.0803773731136506,-8.48788480707007
4.4,-3.68758066871069,-0.0803773731136506,-8.43186049232532
4.4025,-3.67739175300426,-0.0803773731136506,-8.44713985089207
4.405,-3.70286404227032,-0.0803773731136506,-8.45223297041432
4.4075,-3.68758066871069,-0.0803773731136506,-8.46751232898107
4.41,-3.68248621085748,-0.0803773731136506,-8.46241920945882
4.4125,-3.68248621085748,-0.0803773731136506,-8.49807104611457
4.415,-3.67229729515105,-0.0803773731136506,-8.51844352420357
4.4175,-3.66720283729784,-0.0803773731136506,-8.49807104611457
4.42,-3.66210837944463,-0.0803773731136506,-8.47260544850332
4.4225,-3.68248621085748,-0.0854730659194392,-8.50825728515907
4.425,-3.65191946373821,-0.0803773731136506,-8.59993343655956
4.4275,-3.65191946373821,-0.0803773731136506,-8.62030591464856
4.43,-3.64173054803179,-0.0803773731136506,-8.49297792659232
4.4325,-3.64173054803179,-0.0803773731136506,-8.43186049232532
4.435,-3.63663609017858,-0.0803773731136506,-8.47260544850332
4.4375,-3.66210837944463,-0.0803773731136506,-8.56428159990381
4.44,-3.68248621085748,-0.0803773731136506,-8.57956095847056
4.4425,-3.68248621085748,-0.0803773731136506,-8.61521279512631
4.445,-3.66720283729784,-0.0803773731136506,-8.50825728515907
4.4475,-3.646825005885,-0.0803773731136506,-8.49297792659232
4.45,-3.66720283729784,-0.0803773731136506,-8.48279168754782
4.4525,-3.59078596949968,-0.0803773731136506,-8.46751232898107
4.455,-3.62135271661895,-0.0803773731136506,-8.57956095847056
4.4575,-3.62135271661895,-0.075281680307862,-8.6865164684378
4.46,-3.63154163232537,-0.0803773731136506,-8.69160958796005
4.4625,-3.54493584882079,-0.0803773731136506,-8.48279168754782
4.465,-3.54493584882079,-0.0803773731136506,-8.48279168754782
4.4675,-3.57040813808684,-0.075281680307862,-8.47769856802557
4.47,-3.52965247526116,-0.0803773731136506,-8.62030591464856
4.4725,-3.52455801740795,-0.0803773731136506,-8.61011967560406
4.475,-3.54493584882079,-0.0803773731136506,-8.62030591464856
4.4775,-3.50927464384831,-0.0803773731136506,-0.10461007344729
4.48,-3.50927464384831,-0.0803773731136506,-0.0995169539250416
4.4825,-3.51436910170153,-0.0803773731136506,-0.0995169539250416
4.485,-3.51436910170153,-0.0803773731136506,-8.51844352420357
4.4875,-3.51436910170153,-0.0803773731136506,-8.51335040468132
4.49,-3.51946355955474,-0.075281680307862,-8.52862976324807
4.4925,-3.45833006531621,-0.0803773731136506,-8.53372288277031
4.495,-3.48889681243547,-0.0803773731136506,-8.54390912181481
4.4975,-3.51436910170153,-0.0803773731136506,-8.55409536085931
4.5,-3.52455801740795,-0.0803773731136506,-8.54900224133706
4.5025,-3.50927464384831,-0.0803773731136506,-8.56937471942606
4.505,-3.42266886034373,-0.0803773731136506,-8.67123710987105
4.5075,-3.47361343887584,-0.0803773731136506,-8.7578201417493
4.51,-3.40229102893089,-0.0803773731136506,-8.66105087082655
4.5125,-3.40229102893089,-0.0803773731136506,-8.66105087082655
4.515,-3.40229102893089,-0.0803773731136506,-8.6559577513043
4.5175,-0.0959878821972175,-0.0803773731136506,-8.49807104611457
4.52,-3.32077970327952,-0.0803773731136506,-8.7578201417493
4.5225,-3.37172428181163,-0.0803773731136506,-8.62539903417081
4.525,-3.33606307683915,-0.0803773731136506,-8.63049215369306
4.5275,-3.31568524542631,-0.0803773731136506,-8.50316416563682
4.53,-3.25455175118779,-0.075281680307862,-8.51844352420357
4.5325,-3.259646209041,-0.0803773731136506,-8.71198206604905
4.535,-3.27492958260063,-0.0803773731136506,-8.73235454413805
4.5375,-3.28002404045384,-0.0803773731136506,-8.48279168754782
4.54,-3.28002404045384,-0.0803773731136506,-8.51335040468132
4.5425,-3.30549632971989,-0.0803773731136506,-8.69160958796005
4.545,-3.28002404045384,-0.0803773731136506,-8.54900224133706
4.5475,-3.30549632971989,-0.0803773731136506,-8.6763302293933
4.55,-3.31568524542631,-0.0803773731136506,-8.64067839273756
4.5525,-3.3105907875731,-0.0803773731136506,-8.68142334891555
4.555,-0.0959878821972175,-0.0803773731136506,-8.6763302293933
4.5575,-3.24436283548136,-0.0803773731136506,-8.55409536085931
4.56,-3.25455175118779,-0.0803773731136506,-8.55918848038156
4.5625,-3.33606307683915,-0.0803773731136506,-8.55918848038156
4.565,-3.28002404045384,-0.0803773731136506,-8.56937471942606
4.5675,-3.25455175118779,-0.0803773731136506,-8.54900224133706
4.57,-3.22907946192173,-0.0803773731136506,-8.53372288277031
4.5725,-3.25455175118779,-0.0803773731136506,-8.57956095847056
4.575,-3.25455175118779,-0.0803773731136506,-8.65086463178205
4.5775,-3.259646209041,-0.0803773731136506,-8.56937471942606
4.58,-3.24436283548136,-0.0803773731136506,-8.61011967560406
4.5825,-3.25455175118779,-0.0803773731136506,-8.58974719751506
4.585,-3.23417391977494,-0.0803773731136506,-8.63049215369306
4.5875,-3.22907946192173,-0.0803773731136506,-8.59484031703731
4.59,-3.24945729333457,-0.0803773731136506,-8.59484031703731
4.5925,-3.23926837762815,-0.0803773731136506,-8.59993343655956
4.595,-3.26983512474742,-0.0803773731136506,-8.59484031703731
4.5975,-3.26474066689421,-0.0803773731136506,-8.63558527321531
4.6,-3.23926837762815,-0.0803773731136506,-8.63049215369306
4.6025,-3.21889054621531,-0.0803773731136506,-8.67123710987105
4.605,-3.21889054621531,-0.075281680307862,-8.58465407799281
4.6075,-3.22398500406852,-0.0803773731136506,-8.64067839273756
4.61,-3.22907946192173,-0.0803773731136506,-8.62539903417081
4.6125,-3.23926837762815,-0.0803773731136506,-8.61521279512631
4.615,-3.21889054621531,-0.0803773731136506,-8.62539903417081
4.6175,-3.21889054621531,-0.0803773731136506,-8.54900224133706
4.62,-3.19341825694926,-0.0803773731136506,-8.55918848038156
4.6225,-3.18322934124284,-0.0803773731136506,-8.53881600229256
4.625,-3.19851271480247,-0.0803773731136506,-8.54390912181481
4.6275,-3.19851271480247,-0.0803773731136506,-8.56428159990381
4.63,-3.19851271480247,-0.0803773731136506,-8.55918848038156
4.6325,-3.18832379909605,-0.0803773731136506,-8.56937471942606
4.635,-3.16285150982999,-0.0803773731136506,-8.56937471942606
4.6375,-3.19341825694926,-0.0803773731136506,-8.55409536085931
4.64,-3.19341825694926,-0.0803773731136506,-8.57446783894831
4.6425,-3.19341825694926,-0.0803773731136506,-8.62030591464856
4.645,-3.16794596768321,-0.0803773731136506,-8.58974719751506
4.6475,-3.14756813627036,-0.0803773731136506,-8.58974719751506
4.65,-3.15266259412357,-0.0803773731136506,-8.6661439903488
4.6525,-3.17304042553642,-0.0803773731136506,-8.64067839273756
4.655,-3.28002404045384,-0.0803773731136506,-8.59484031703731
4.6575,-3.23926837762815,-0.0803773731136506,-8.62539903417081
4.66,-3.22907946192173,-0.075281680307862,-8.63049215369306
4.6625,-3.25455175118779,-0.0803773731136506,-8.6661439903488
4.665,-3.22398500406852,-0.0803773731136506,-8.65086463178205
4.6675,-3.3105907875731,-0.0803773731136506,-8.61521279512631
4.67,-3.23417391977494,-0.0803773731136506,-8.65086463178205
4.6725,-3.25455175118779,-0.0803773731136506,-8.67123710987105
4.675,-3.25455175118779,-0.0803773731136506,-8.64067839273756
4.6775,-3.25455175118779,-0.0803773731136506,-8.69160958796005
4.68,-3.30040187186668,-0.0803773731136506,-8.63558527321531
4.6825,-3.26474066689421,-0.0803773731136506,-8.64577151225981
4.685,-3.29021295616026,-0.0803773731136506,-8.47769856802557
4.6875,-3.29021295616026,-0.0803773731136506,-8.53372288277031
4.69,-3.28511849830705,-0.0803773731136506,-8.63558527321531
4.6925,-3.30549632971989,-0.0803773731136506,-8.52862976324807
4.695,-3.30549632971989,-0.0803773731136506,-8.54900224133706
4.6975,-3.3105907875731,-0.0803773731136506,-8.54390912181481
4.7,-3.3105907875731,-0.0803773731136506,-8.53372288277031
4.7025,-3.31568524542631,-0.0803773731136506,-8.52862976324807
4.705,-3.33096861898594,-0.0854730659194392,-8.71198206604905
4.7075,-3.3105907875731,-0.0803773731136506,-8.51844352420357
4.71,-3.36153536610521,-0.0803773731136506,-8.52862976324807
4.7125,-3.35134645039879,-0.0803773731136506,-8.52862976324807
4.715,-3.33606307683915,-0.0803773731136506,-8.55918848038156
4.7175,-3.36153536610521,-0.0803773731136506,-8.69160958796005
4.72,-3.33606307683915,-0.0803773731136506,-8.54900224133706
4.7225,-3.38700765537126,-0.0803773731136506,-8.53881600229256
4.725,-3.41757440249052,-0.0803773731136506,-8.54390912181481
4.7275,-3.38700765537126,-0.0803773731136506,-8.55409536085931
4.73,-3.356440908252,-0.0803773731136506,-8.57446783894831
4.7325,-3.40229102893089,-0.0803773731136506,-8.56428159990381
4.735,-3.37172428181163,-0.0803773731136506,-8.56428159990381
4.7375,-3.356440908252,-0.0803773731136506,-8.6661439903488
4.74,-3.34625199254558,-0.0803773731136506,-8.59484031703731
4.7425,-3.36662982395842,-0.0803773731136506,-8.62539903417081
4.745,-3.36153536610521,-0.0803773731136506,-8.57956095847056
4.7475,-3.356440908252,-0.0803773731136506,-8.63558527321531
4.75,-3.34625199254558,-0.0803773731136506,-8.54390912181481
4.7525,-3.356440908252,-0.0803773731136506,-8.54390912181481
4.755,-3.356440908252,-0.0803773731136506,-8.54900224133706
4.7575,-3.39210211322447,-0.0803773731136506,-8.62030591464856
4.76,-3.36153536610521,-0.0803773731136506,-8.55409536085931
4.7625,-3.356440908252,-0.0803773731136506,-8.54900224133706
4.765,-3.36662982395842,-0.0803773731136506,-8.53372288277031
4.7675,-3.356440908252,-0.0803773731136506,-8.53372288277031
4.77,-3.38191319751805,-0.0803773731136506,-8.52353664372582
4.7725,-3.37681873966484,-0.0803773731136506,-8.52353664372582
4.775,-3.38191319751805,-0.0803773731136506,-8.51335040468132
4.7775,-3.4073854867841,-0.0803773731136506,-8.51844352420357
4.78,-3.38191319751805,-0.0803773731136506,-8.51844352420357
4.7825,-3.40229102893089,-0.0803773731136506,-8.50316416563682
4.785,-3.38191319751805,-0.0803773731136506,-8.49297792659232
4.7875,-3.39719657107768,-0.0803773731136506,-8.51844352420357
4.79,-3.47870789672905,-0.0803773731136506,-8.52862976324807
4.7925,-3.44304669175658,-0.0803773731136506,-8.51335040468132
4.795,-3.39210211322447,-0.0803773731136506,-8.53881600229256
4.7975,-3.39719657107768,-0.0803773731136506,-8.47769856802557
4.8,-3.40229102893089,-0.0803773731136506,-8.45732608993657
4.8025,-3.40229102893089,-0.0803773731136506,-8.45223297041432
4.805,-3.40229102893089,-0.0803773731136506,-8.45732608993657
4.8075,-3.40229102893089,-0.0803773731136506,-8.48788480707007
4.81,-3.41247994463731,-0.0803773731136506,-8.70179582700455
4.8125,-3.4073854867841,-0.0803773731136506,-8.55918848038156
4.815,-3.40229102893089,-0.0803773731136506,-8.49297792659232
4.8175,-3.40229102893089,-0.0803773731136506,-8.50316416563682
4.82,-3.44304669175658,-0.0803773731136506,-8.48279168754782
4.8225,-3.41247994463731,-0.0803773731136506,-8.53372288277031
4.825,-3.4073854867841,-0.0803773731136506,-8.52862976324807
4.8275,-3.39719657107768,-0.0803773731136506,-8.53372288277031
4.83,-3.40229102893089,-0.0803773731136506,-8.61521279512631
4.8325,-3.40229102893089,-0.0803773731136506,-8.58974719751506
4.835,-3.39719657107768,-0.0803773731136506,-8.55918848038156
4.8375,-3.39210211322447,-0.0803773731136506,-8.59484031703731
4.84,-3.39210211322447,-0.0803773731136506,-8.57446783894831
4.8425,-3.39719657107768,-0.0803773731136506,-8.61011967560406
4.845,-3.39210211322447,-0.0803773731136506,-8.59484031703731
4.8475,-3.39210211322447,-0.0803773731136506,-8.61011967560406
4.85,-3.38191319751805,-0.0803773731136506,-8.58465407799281
4.8525,-3.38700765537126,-0.0803773731136506,-8.57446783894831
4.855,-3.38700765537126,-0.0803773731136506,-8.54900224133706
4.8575,-3.38191319751805,-0.0803773731136506,-8.58974719751506
4.86,-3.37681873966484,-0.0803773731136506,-8.55918848038156
4.8625,-3.39210211322447,-0.0803773731136506,-8.55918848038156
4.865,-3.37681873966484,-0.0803773731136506,-8.6763302293933
4.8675,-3.37681873966484,-0.0803773731136506,-8.61521279512631
4.87,-3.37681873966484,-0.0803773731136506,-8.59993343655956
4.8725,-3.39719657107768,-0.0803773731136506,-8.64067839273756
4.875,-3.39719657107768,-0.0803773731136506,-8.56937471942606
4.8775,-3.39719657107768,-0.0803773731136506,-8.6865164684378
4.88,-3.41757440249052,-0.0803773731136506,-8.58974719751506
4.8825,-3.39210211322447,-0.0803773731136506,-8.59993343655956
4.885,-3.39719657107768,-0.0803773731136506,-8.54900224133706
4.8875,-3.39719657107768,-0.0803773731136506,-8.53372288277031
4.89,-3.41757440249052,-0.0803773731136506,-8.57956095847056
4.8925,-3.41757440249052,-0.0803773731136506,-8.7578201417493
4.895,-3.46342452316942,-0.0803773731136506,-8.6763302293933
4.8975,-3.43795223390337,-0.0803773731136506,-8.52353664372582
4.9,-3.44814114960979,-0.0803773731136506,-8.57956095847056
4.9025,-3.42266886034373,-0.0803773731136506,-8.61011967560406
4.905,-3.42776331819694,-0.0803773731136506,-8.63049215369306
4.9075,-3.42776331819694,-0.0803773731136506,-8.54900224133706
4.91,-3.43795223390337,-0.0803773731136506,-8.51844352420357
4.9125,-3.43285777605016,-0.0803773731136506,-8.6865164684378
4.915,-3.453235607463,-0.0803773731136506,-8.61011967560406
4.9175,-3.453235607463,-0.0803773731136506,-8.63558527321531
4.92,-3.45833006531621,-0.0803773731136506,-8.49807104611457
4.9225,-3.46342452316942,-0.0803773731136506,-8.63558527321531
4.925,-3.46342452316942,-0.0803773731136506,-8.57956095847056
4.9275,-3.46342452316942,-0.0803773731136506,-8.63558527321531
4.93,-3.46851898102263,-0.0803773731136506,-8.61011967560406
4.9325,-3.47870789672905,-0.0803773731136506,-8.60502655608181
4.935,-3.47361343887584,-0.0803773731136506,-8.6763302293933
4.9375,-3.47361343887584,-0.0803773731136506,-8.6865164684378
4.94,-3.47870789672905,-0.0803773731136506,-8.6661439903488
4.9425,-3.47361343887584,-0.0854730659194392,-8.65086463178205
4.945,-3.47870789672905,-0.0803773731136506,-8.66105087082655
4.9475,-3.47870789672905,-0.0803773731136506,-8.65086463178205
4.95,-3.47870789672905,-0.0803773731136506,-8.62539903417081
4.9525,-3.48380235458226,-0.0803773731136506,-8.61011967560406
4.955,-3.48889681243547,-0.0803773731136506,-8.65086463178205
4.9575,-3.49399127028868,-0.0803773731136506,-8.66105087082655
4.96,-3.49399127028868,-0.0803773731136506,-8.59993343655956
4.9625,-3.49908572814189,-0.0803773731136506,-8.67123710987105
4.965,-3.5041801859951,-0.0803773731136506,-8.53372288277031
4.9675,-3.5041801859951,-0.0803773731136506,-8.58974719751506
4.97,-3.5041801859951,-0.0803773731136506,-8.58465407799281
4.9725,-3.5041801859951,-0.0803773731136506,-8.63558527321531
4.975,-3.50927464384831,-0.0803773731136506,-8.56937471942606
4.9775,-3.51436910170153,-0.0803773731136506,-8.56428159990381
4.98,-3.48380235458226,-0.0803773731136506,-8.55918848038156
4.9825,-3.50927464384831,-0.0803773731136506,-8.54390912181481
4.985,-3.5041801859951,-0.0803773731136506,-8.57956095847056
4.9875,-3.5041801859951,-0.0803773731136506,-8.53881600229256
4.99,-3.5041801859951,-0.0803773731136506,-8.62539903417081
4.9925,-3.5041801859951,-0.0803773731136506,-8.50316416563682
4.995,-3.49399127028868,-0.0803773731136506,-8.50316416563682
4.9975,-3.49399127028868,-0.0803773731136506,-8.52353664372582
5,-3.49399127028868,-0.0803773731136506,-8.52353664372582
5.0025,-3.48889681243547,-0.0803773731136506,-8.61011967560406
5.005,-3.48380235458226,-0.0803773731136506,-8.50825728515907
5.0075,-3.47870789672905,-0.0803773731136506,-8.57956095847056
5.01,-3.48380235458226,-0.0803773731136506,-8.59484031703731
5.0125,-3.47361343887584,-0.0803773731136506,-8.63049215369306
5.015,-3.46851898102263,-0.0803773731136506,-8.55918848038156
5.0175,-3.46342452316942,-0.0803773731136506,-8.58974719751506
5.02,-3.45833006531621,-0.0803773731136506,-8.55409536085931
5.0225,-3.46342452316942,-0.0803773731136506,-8.52862976324807
5.025,-3.45833006531621,-0.0803773731136506,-8.55918848038156
5.0275,-3.453235607463,-0.075281680307862,-8.50316416563682
5.03,-3.40229102893089,-0.0803773731136506,-8.54900224133706
5.0325,-3.42776331819694,-0.0803773731136506,-8.56937471942606
5.035,-3.41757440249052,-0.0803773731136506,-8.51335040468132
5.0375,-3.43285777605016,-0.0803773731136506,-8.50316416563682
5.04,-3.38191319751805,-0.0803773731136506,-8.50825728515907
5.0425,-3.40229102893089,-0.0854730659194392,-8.49807104611457
5.045,-3.39719657107768,-0.0803773731136506,-0.0995169539250416
5.0475,-3.36662982395842,-0.0803773731136506,-0.10461007344729
5.05,-3.356440908252,-0.0803773731136506,-0.0995169539250416
5.0525,-3.35134645039879,-0.0803773731136506,-8.57956095847056
5.055,-3.34625199254558,-0.0803773731136506,-8.51844352420357
5.0575,-3.33606307683915,-0.0803773731136506,-8.53881600229256
5.06,-3.32077970327952,-0.0803773731136506,-8.53372288277031
5.0625,-3.34115753469236,-0.0803773731136506,-8.53881600229256
5.065,-3.32587416113273,-0.0803773731136506,-8.53372288277031
5.0675,-3.29530741401347,-0.0803773731136506,-8.54390912181481
5.07,-3.29021295616026,-0.0803773731136506,-8.56937471942606
5.0725,-3.28511849830705,-0.0803773731136506,-8.52353664372582
5.075,-3.28002404045384,-0.075281680307862,-8.43695361184757
5.0775,-3.27492958260063,-0.0803773731136506,-8.54390912181481
5.08,-3.27492958260063,-0.0803773731136506,-8.56428159990381
5.0825,-3.27492958260063,-0.0803773731136506,-8.55409536085931
5.085,-3.26983512474742,-0.0803773731136506,-8.51335040468132
5.0875,-3.26983512474742,-0.0803773731136506,-8.47260544850332
5.09,-3.26983512474742,-0.0803773731136506,-8.47260544850332
5.0925,-3.26474066689421,-0.0803773731136506,-8.46241920945882
5.095,-3.26474066689421,-0.0803773731136506,-8.44713985089207
5.0975,-3.25455175118779,-0.0803773731136506,-8.37583617758058
5.1,-3.25455175118779,-0.0803773731136506,-8.53372288277031
5.1025,-3.25455175118779,-0.0803773731136506,-8.46241920945882
5.105,-3.23926837762815,-0.0803773731136506,-8.47260544850332
5.1075,-3.26474066689421,-0.0803773731136506,-8.39620865566958
5.11,-3.25455175118779,-0.0803773731136506,-8.39111553614733
5.1125,-3.24945729333457,-0.0803773731136506,-8.40639489471408
5.115,-3.23926837762815,-0.0803773731136506,-8.51335040468132
5.1175,-3.26474066689421,-0.0803773731136506,-8.40639489471408
5.12,-3.27492958260063,-0.0803773731136506,-8.51844352420357
5.1225,-3.26983512474742,-0.0803773731136506,-8.54900224133706
5.125,-3.27492958260063,-0.0803773731136506,-8.40130177519183
5.1275,-3.28002404045384,-0.0803773731136506,-8.36055681901383
5.13,-3.28511849830705,-0.0854730659194392,-8.38602241662508
5.1325,-3.31568524542631,-0.0803773731136506,-8.36564993853608
5.135,-3.33096861898594,-0.0803773731136506,-8.48788480707007
5.1375,-3.31568524542631,-0.0803773731136506,-8.45223297041432
5.14,-3.33606307683915,-0.0803773731136506,-8.34527746044708
5.1425,-3.34625199254558,-0.0803773731136506,-8.34018434092483
5.145,-3.34625199254558,-0.0803773731136506,-8.32999810188033
5.1475,-3.34625199254558,-0.0803773731136506,-8.33509122140258
5.15,-3.34625199254558,-0.0803773731136506,-8.32999810188033
5.1525,-3.39719657107768,-0.0803773731136506,-8.47260544850332
5.155,-3.43795223390337,-0.0803773731136506,-8.37074305805833
5.1575,-3.38191319751805,-0.0803773731136506,-8.40639489471408
5.16,-3.38700765537126,-0.0803773731136506,-8.45223297041432
5.1625,-3.43285777605016,-0.0803773731136506,-8.39111553614733
5.165,-3.42776331819694,-0.0803773731136506,-8.43186049232532
5.1675,-3.42776331819694,-0.0803773731136506,-8.48279168754782
5.17,-3.43285777605016,-0.0803773731136506,-8.49297792659232
5.1725,-3.43795223390337,-0.0803773731136506,-8.47769856802557
5.175,-3.453235607463,-0.0803773731136506,-8.46751232898107
5.1775,-3.46851898102263,-0.0803773731136506,-8.31981186283583
5.18,-3.47870789672905,-0.0803773731136506,-8.32999810188033
5.1825,-3.48380235458226,-0.0803773731136506,-8.32490498235808
5.185,-3.51436910170153,-0.0803773731136506,-8.52862976324807
5.1875,-3.52455801740795,-0.0803773731136506,-8.43695361184757
5.19,-3.5041801859951,-0.0803773731136506,-8.38092929710283
5.1925,-3.53984139096758,-0.0803773731136506,-8.41148801423633
5.195,-3.56531368023363,-0.0803773731136506,-8.40130177519183
5.1975,-3.54493584882079,-0.0803773731136506,-8.48279168754782
5.2,-3.52965247526116,-0.0803773731136506,-8.40639489471408
5.2025,-3.58059705379326,-0.0803773731136506,-8.40639489471408
5.205,-3.58059705379326,-0.0803773731136506,-8.42676737280307
5.2075,-3.61116380091253,-0.0803773731136506,-8.39620865566958
5.21,-3.61625825876574,-0.0803773731136506,-8.39111553614733
5.2125,-3.646825005885,-0.0803773731136506,-8.38602241662508
5.215,-3.65191946373821,-0.0803773731136506,-8.39111553614733
5.2175,-3.70795850012353,-0.075281680307862,-0.10461007344729
5.22,-3.68758066871069,-0.0803773731136506,-8.41658113375857
5.2225,-3.67229729515105,-0.0803773731136506,-8.40639489471408
5.225,-3.72833633153637,-0.0803773731136506,-8.30962562379133
5.2275,-3.72833633153637,-0.0803773731136506,-8.30453250426909
5.23,-3.75380862080242,-0.0803773731136506,-8.42167425328083
5.2325,-3.73343078938958,-0.0803773731136506,-8.37074305805833
5.235,-3.72324187368316,-0.0803773731136506,-8.40639489471408
5.2375,-3.76909199436206,-0.0803773731136506,-8.30962562379133
5.24,-3.77928091006848,-0.0803773731136506,-8.29943938474683
5.2425,-3.80475319933453,-0.075281680307862,-8.42676737280307
5.245,-3.83531994645379,-0.0803773731136506,-8.30453250426909
5.2475,-3.840414404307,-0.0803773731136506,-8.31471874331358
5.25,-3.82513103074737,-0.0803773731136506,-8.28925314570234
5.2525,-3.82003657289416,-0.0803773731136506,-8.31471874331358
5.255,-3.82513103074737,-0.0803773731136506,-8.29434626522459
5.2575,-3.86079223571985,-0.0803773731136506,-8.36564993853608
5.26,-3.86079223571985,-0.0803773731136506,-8.37074305805833
5.2625,-3.88117006713269,-0.0803773731136506,-8.27906690665784
5.265,-3.89645344069232,-0.0803773731136506,-8.28925314570234
5.2675,-3.8862645249859,-0.0803773731136506,-8.27906690665784
5.27,-3.86079223571985,-0.0803773731136506,-8.37074305805833
5.2725,-3.87098115142627,-0.0803773731136506,-8.30962562379133
5.275,-3.89645344069232,-0.0803773731136506,-8.30962562379133
5.2775,-3.8862645249859,-0.0803773731136506,-8.32999810188033
5.28,-3.87098115142627,-0.0803773731136506,-8.35037057996933
5.2825,-3.87098115142627,-0.0803773731136506,-8.32999810188033
5.285,-3.87098115142627,-0.0803773731136506,-8.34527746044708
5.2875,-3.87098115142627,-0.0803773731136506,-8.35037057996933
5.29,-3.8862645249859,-0.0803773731136506,-8.31471874331358
5.2925,-3.8862645249859,-0.0803773731136506,-8.34018434092483
5.295,-3.89645344069232,-0.0803773731136506,-8.30453250426909
5.2975,-3.89135898283911,-0.0803773731136506,-8.29943938474683
5.3,-3.90154789854553,-0.075281680307862,-8.26888066761334
5.3025,-3.90664235639874,-0.0803773731136506,-8.31981186283583
5.305,-3.91683127210516,-0.0803773731136506,-8.24341507000209
5.3075,-3.8862645249859,-0.0803773731136506,-8.28416002618009
5.31,-3.88117006713269,-0.0803773731136506,-8.34527746044708
5.3125,-3.87607560927948,-0.0803773731136506,-8.18229763573509
5.315,-3.87607560927948,-0.0803773731136506,-8.20776323334634
5.3175,-3.87098115142627,-0.0803773731136506,-8.18739075525735
5.32,-3.86588669357306,-0.0803773731136506,-8.18229763573509
5.3225,-3.87098115142627,-0.0803773731136506,-8.14664579907935
5.325,-3.87098115142627,-0.0803773731136506,-8.1619251576461
5.3275,-3.87098115142627,-0.0803773731136506,-8.1415526795571
5.33,-3.86588669357306,-0.0803773731136506,-8.1517389186016
5.3325,-3.85569777786664,-0.0803773731136506,-8.1313664405126
5.335,-3.80984765718774,-0.0803773731136506,-8.1211802014681
5.3375,-3.78437536792169,-0.0803773731136506,-8.1313664405126
5.34,-3.77418645221527,-0.0803773731136506,-8.1517389186016
5.3425,-3.78437536792169,-0.0803773731136506,-8.1517389186016
5.345,-3.77928091006848,-0.0803773731136506,-8.15683203812385
5.3475,-3.77418645221527,-0.0803773731136506,-8.18229763573509
5.35,-3.78437536792169,-0.0803773731136506,-8.35546369949158
5.3525,-3.70795850012353,-0.0803773731136506,-8.19757699430184
5.355,-3.6926751265639,-0.0803773731136506,-8.30453250426909
5.3575,-3.66720283729784,-0.075281680307862,-8.34527746044708
5.36,-3.70795850012353,-0.0803773731136506,-8.28925314570234
5.3625,-3.76909199436206,-0.0803773731136506,-8.28925314570234
5.365,-3.65191946373821,-0.0803773731136506,-8.31981186283583
5.3675,-3.63154163232537,-0.0803773731136506,-8.29434626522459
5.37,-3.65191946373821,-0.0803773731136506,-8.23832195047984
5.3725,-3.62644717447216,-0.0803773731136506,-8.38602241662508
5.375,-3.62135271661895,-0.0803773731136506,-8.26888066761334
5.3775,-3.61625825876574,-0.0803773731136506,-8.41658113375857
5.38,-3.60097488520611,-0.0803773731136506,-8.22813571143534
5.3825,-3.60097488520611,-0.0803773731136506,-8.25869442856884
5.385,-3.52965247526116,-0.0803773731136506,-8.40130177519183
5.3875,-3.54493584882079,-0.0803773731136506,-8.21285635286859
5.39,-3.58059705379326,-0.0803773731136506,-8.19248387477959
5.3925,-3.53474693311437,-0.0803773731136506,-8.32490498235808
5.395,-3.5041801859951,-0.0803773731136506,-8.32490498235808
5.3975,-3.49908572814189,-0.0803773731136506,-8.20776323334634
5.4,-3.49908572814189,-0.0803773731136506,-8.39620865566958
5.4025,-3.46851898102263,-0.0803773731136506,-8.38092929710283
5.405,-3.48889681243547,-0.0803773731136506,-8.30962562379133
5.4075,-3.45833006531621,-0.0803773731136506,-8.22813571143534
5.41,-3.453235607463,-0.0803773731136506,-8.31471874331358
5.4125,-3.44814114960979,-0.0803773731136506,-8.31471874331358
5.415,-3.44304669175658,-0.075281680307862,-8.30453250426909
5.4175,-3.43795223390337,-0.0803773731136506,-8.30962562379133
5.42,-3.45833006531621,-0.0803773731136506,-8.32999810188033
5.4225,-3.48380235458226,-0.0803773731136506,-8.32490498235808
5.425,-3.43795223390337,-0.0803773731136506,-8.29434626522459
5.4275,-3.5041801859951,-0.0803773731136506,-8.29943938474683
5.43,-3.4073854867841,-0.0803773731136506,-8.30962562379133
5.4325,-3.42776331819694,-0.0803773731136506,-8.30962562379133
5.435,-3.38191319751805,-0.0803773731136506,-8.31981186283583
5.4375,-3.39210211322447,-0.0803773731136506,-8.34527746044708
5.44,-3.356440908252,-0.0803773731136506,-8.32999810188033
5.4425,-3.356440908252,-0.0803773731136506,-8.35546369949158
5.445,-3.34625199254558,-0.0803773731136506,-8.34018434092483
5.4475,-3.41757440249052,-0.0803773731136506,-8.35546369949158
5.45,-3.39719657107768,-0.0854730659194392,-8.31981186283583
5.4525,-3.34115753469236,-0.0803773731136506,-8.30962562379133
5.455,-3.34115753469236,-0.0803773731136506,-8.37074305805833
5.4575,-3.38191319751805,-0.0803773731136506,-8.31471874331358
5.46,-3.36153536610521,-0.0803773731136506,-8.28416002618009
5.4625,-3.37681873966484,-0.0803773731136506,-8.40639489471408
5.465,-3.38191319751805,-0.0803773731136506,-8.28925314570234
5.4675,-3.356440908252,-0.0803773731136506,-8.35037057996933
5.47,-3.37681873966484,-0.0803773731136506,-8.30962562379133
5.4725,-3.37681873966484,-0.0803773731136506,-8.34527746044708
5.475,-3.38700765537126,-0.0803773731136506,-8.34018434092483
5.4775,-3.38700765537126,-0.0803773731136506,-8.31471874331358
5.48,-3.41757440249052,-0.0803773731136506,-8.33509122140258
5.4825,-3.40229102893089,-0.0803773731136506,-8.32999810188033
5.485,-3.39719657107768,-0.0803773731136506,-8.32490498235808
5.4875,-3.37172428181163,-0.0803773731136506,-8.31981186283583
5.49,-3.36662982395842,-0.075281680307862,-8.32490498235808
5.4925,-3.36662982395842,-0.075281680307862,-8.28925314570234
5.495,-3.36662982395842,-0.0803773731136506,-8.30962562379133
5.4975,-3.36153536610521,-0.0803773731136506,-8.30453250426909
5.5,-3.36662982395842,-0.0803773731136506,-8.28416002618009
5.5025,-3.36153536610521,-0.0803773731136506,-8.28416002618009
5.505,-3.36662982395842,-0.075281680307862,-8.38092929710283
5.5075,-3.36153536610521,-0.0803773731136506,-8.32999810188033
5.51,-3.356440908252,-0.0803773731136506,-8.25869442856884
5.5125,-3.36662982395842,-0.0803773731136506,-8.26378754809109
5.515,-3.34625199254558,-0.0803773731136506,-8.27906690665784
5.5175,-3.35134645039879,-0.0803773731136506,-8.28925314570234
5.52,-3.37681873966484,-0.0803773731136506,-8.31981186283583
5.5225,-3.36662982395842,-0.0803773731136506,-8.29943938474683
5.525,-3.56531368023363,-0.0854730659194392,-8.25360130904659
5.5275,-3.453235607463,-0.0803773731136506,-8.25360130904659
5.53,-3.43285777605016,-0.0803773731136506,-8.32999810188033
5.5325,-3.4073854867841,-0.0803773731136506,-8.34527746044708
5.535,-3.42266886034373,-0.0803773731136506,-8.34018434092483
5.5375,-3.453235607463,-0.0803773731136506,-8.30962562379133
5.54,-3.45833006531621,-0.0803773731136506,-8.28416002618009
5.5425,-3.45833006531621,-0.0803773731136506,-8.28416002618009
5.545,-3.47870789672905,-0.0803773731136506,-8.28416002618009
5.5475,-3.48380235458226,-0.0803773731136506,-8.28416002618009
5.55,-3.49399127028868,-0.0854730659194392,-8.39111553614733
5.5525,-3.57550259594005,-0.0803773731136506,-8.31471874331358
5.555,-3.49908572814189,-0.0803773731136506,-8.34527746044708
5.5575,-3.50927464384831,-0.0803773731136506,-8.36564993853608
5.56,-3.56531368023363,-0.0803773731136506,-8.29434626522459
5.5625,-3.56531368023363,-0.0803773731136506,-8.41148801423633
5.565,-3.57040813808684,-0.0803773731136506,-8.31471874331358
5.5675,-3.57550259594005,-0.0803773731136506,-8.31981186283583
5.57,-3.55512476452721,-0.0803773731136506,-8.32490498235808
5.5725,-3.53984139096758,-0.0803773731136506,-8.34527746044708
5.575,-3.54493584882079,-0.0854730659194392,-8.33509122140258
5.5775,-3.57550259594005,-0.0803773731136506,-8.42676737280307
5.58,-3.59588042735289,-0.075281680307862,-8.32490498235808
5.5825,-3.58569151164647,-0.0803773731136506,-8.39111553614733
5.585,-3.57040813808684,-0.0803773731136506,-8.31981186283583
5.5875,-3.55512476452721,-0.0803773731136506,-8.31981186283583
5.59,-3.57550259594005,-0.0803773731136506,-8.32490498235808
5.5925,-3.58569151164647,-0.0803773731136506,-8.30962562379133
5.595,-3.57550259594005,-0.0803773731136506,-8.30962562379133
5.5975,-3.58059705379326,-0.0803773731136506,-8.36564993853608
5.6,-3.59078596949968,-0.0803773731136506,-8.32999810188033
5.6025,-3.59078596949968,-0.0854730659194392,-8.31471874331358
5.605,-3.62135271661895,-0.0803773731136506,-8.33509122140258
5.6075,-3.62135271661895,-0.0803773731136506,-8.34527746044708
5.61,-3.63154163232537,-0.0803773731136506,-8.34527746044708
5.6125,-3.64173054803179,-0.0803773731136506,-8.38602241662508
5.615,-3.646825005885,-0.0803773731136506,-8.38602241662508
5.6175,-3.65191946373821,-0.0854730659194392,-8.35037057996933
5.62,-3.70286404227032,-0.0803773731136506,-8.36564993853608
5.6225,-3.89135898283911,-0.0803773731136506,-8.36564993853608
5.625,-3.70795850012353,-0.0803773731136506,-8.29943938474683
5.6275,-3.70795850012353,-0.0803773731136506,-8.31471874331358
5.63,-3.71814741582995,-0.0803773731136506,-8.37583617758058
5.6325,-3.83531994645379,-0.0803773731136506,-8.43186049232532
5.635,-3.76399753650884,-0.0803773731136506,-8.36564993853608
5.6375,-3.73852524724279,-0.0803773731136506,-8.37583617758058
5.64,-3.85569777786664,-0.0803773731136506,-8.32999810188033
5.6425,-3.76399753650884,-0.0803773731136506,-8.34018434092483
5.645,-3.90154789854553,-0.0803773731136506,-8.28416002618009
5.6475,-3.84550886216021,-0.0803773731136506,-8.40639489471408
5.65,-3.80984765718774,-0.0803773731136506,-8.30962562379133
5.6525,-3.74871416294921,-0.0803773731136506,-8.46751232898107
5.655,-3.80984765718774,-0.0803773731136506,-8.40639489471408
5.6575,-3.76399753650884,-0.0803773731136506,-8.30453250426909
5.66,-3.75890307865563,-0.0803773731136506,-8.30962562379133
5.6625,-3.75380862080242,-0.0803773731136506,-8.44713985089207
5.665,-3.75380862080242,-0.0803773731136506,-8.32490498235808
5.6675,-3.743619705096,-0.0803773731136506,-8.31471874331358
5.67,-3.73343078938958,-0.0803773731136506,-8.32490498235808
5.6725,-3.72324187368316,-0.0803773731136506,-8.32490498235808
5.675,-3.71305295797674,-0.0803773731136506,-8.39111553614733
5.6775,-3.70795850012353,-0.0803773731136506,-8.31981186283583
5.68,-3.72833633153637,-0.0803773731136506,-8.48279168754782
5.6825,-3.68248621085748,-0.0803773731136506,-8.50316416563682
5.685,-3.67229729515105,-0.0803773731136506,-8.48279168754782
5.6875,-3.68248621085748,-0.0803773731136506,-8.32999810188033
5.69,-3.65701392159142,-0.0803773731136506,-8.46751232898107
5.6925,-3.59078596949968,-0.0803773731136506,-8.34018434092483
5.695,-3.58059705379326,-0.0803773731136506,-8.51335040468132
5.6975,-3.57040813808684,-0.0854730659194392,-8.28925314570234
5.7,-3.56021922238042,-0.0803773731136506,-8.28925314570234
5.7025,-3.550030306674,-0.075281680307862,-8.27906690665784
5.705,-3.53984139096758,-0.0803773731136506,-8.29434626522459
5.7075,-3.53474693311437,-0.0803773731136506,-8.30962562379133
5.71,-3.52455801740795,-0.0803773731136506,-8.37074305805833
5.7125,-3.48380235458226,-0.0803773731136506,-8.46751232898107
5.715,-3.5041801859951,-0.0803773731136506,-8.31471874331358
5.7175,-3.42776331819694,-0.0803773731136506,-8.32490498235808
5.72,-3.44304669175658,-0.0803773731136506,-8.38602241662508
5.7225,-3.43285777605016,-0.0803773731136506,-8.30962562379133
5.725,-3.43795223390337,-0.0803773731136506,-8.30453250426909
5.7275,-3.36153536610521,-0.0803773731136506,-8.47769856802557
5.73,-3.35134645039879,-0.0803773731136506,-8.34527746044708
5.7325,-3.34625199254558,-0.0803773731136506,-8.37583617758058
5.735,-3.34115753469236,-0.0803773731136506,-8.37583617758058
5.7375,-3.34115753469236,-0.0803773731136506,-8.46751232898107
5.74,-3.34115753469236,-0.0803773731136506,-8.38092929710283
5.7425,-3.33606307683915,-0.0803773731136506,-8.38092929710283
5.745,-3.34625199254558,-0.0803773731136506,-8.46241920945882
5.7475,-3.356440908252,-0.0803773731136506,-8.38092929710283
5.75,-3.33096861898594,-0.0803773731136506,-8.53881600229256
5.7525,-3.32587416113273,-0.0803773731136506,-8.39111553614733
5.755,-3.32587416113273,-0.0803773731136506,-8.40130177519183
5.7575,-3.33606307683915,-0.0803773731136506,-8.46241920945882
5.76,-3.29530741401347,-0.075281680307862,-8.45732608993657
5.7625,-3.356440908252,-0.0803773731136506,-8.40639489471408
5.765,-3.28002404045384,-0.0803773731136506,-8.39620865566958
5.7675,-3.28002404045384,-0.0803773731136506,-8.40130177519183
5.77,-3.3105907875731,-0.0803773731136506,-8.38602241662508
5.7725,-3.29530741401347,-0.0803773731136506,-8.39620865566958
5.775,-3.31568524542631,-0.0803773731136506,-8.38602241662508
5.7775,-3.34115753469236,-0.0803773731136506,-8.38602241662508
5.78,-3.33096861898594,-0.0803773731136506,-8.47260544850332
5.7825,-3.34625199254558,-0.0803773731136506,-8.38092929710283
5.785,-3.30549632971989,-0.0803773731136506,-8.49297792659232
5.7875,-3.37681873966484,-0.0803773731136506,-8.45223297041432
5.79,-3.33096861898594,-0.0803773731136506,-8.39620865566958
5.7925,-3.33096861898594,-0.0803773731136506,-8.39111553614733
5.795,-3.36662982395842,-0.0803773731136506,-8.40639489471408
5.7975,-3.35134645039879,-0.0803773731136506,-8.40639489471408
5.8,-3.38191319751805,-0.0803773731136506,-8.40639489471408
5.8025,-3.37172428181163,-0.0803773731136506,-8.42676737280307
5.805,-3.41757440249052,-0.0803773731136506,-8.42167425328083
5.8075,-3.39210211322447,-0.0803773731136506,-8.46241920945882
5.81,-3.39719657107768,-0.0803773731136506,-8.44713985089207
5.8125,-3.4073854867841,-0.0803773731136506,-8.46241920945882
5.815,-3.42776331819694,-0.0803773731136506,-8.42167425328083
5.8175,-3.44304669175658,-0.0803773731136506,-8.43186049232532
5.82,-3.42776331819694,-0.0803773731136506,-8.42167425328083
5.8225,-3.44814114960979,-0.0803773731136506,-8.39620865566958
5.825,-3.47870789672905,-0.0803773731136506,-8.46751232898107
5.8275,-3.45833006531621,-0.0803773731136506,-8.40130177519183
5.83,-3.43795223390337,-0.0803773731136506,-8.46751232898107
5.8325,-3.44814114960979,-0.0803773731136506,-8.41148801423633
5.835,-3.45833006531621,-0.0803773731136506,-8.38602241662508
5.8375,-3.46851898102263,-0.0803773731136506,-8.40639489471408
5.84,-3.5041801859951,-0.0803773731136506,-8.41658113375857
5.8425,-3.50927464384831,-0.0803773731136506,-8.40639489471408
5.845,-3.5041801859951,-0.0803773731136506,-8.43186049232532
5.8475,-3.51436910170153,-0.0803773731136506,-8.43186049232532
5.85,-3.52965247526116,-0.0803773731136506,-8.43186049232532
5.8525,-3.53474693311437,-0.0854730659194392,-8.44204673136982
5.855,-3.53474693311437,-0.0803773731136506,-8.43186049232532
5.8575,-3.52965247526116,-0.0803773731136506,-8.43186049232532
5.86,-3.53474693311437,-0.0803773731136506,-8.40639489471408
5.8625,-3.56021922238042,-0.0803773731136506,-8.39111553614733
5.865,-3.55512476452721,-0.0803773731136506,-8.38092929710283
5.8675,-3.53474693311437,-0.0803773731136506,-8.38602241662508
5.87,-3.57040813808684,-0.075281680307862,-8.43186049232532
5.8725,-3.58059705379326,-0.0803773731136506,-8.51335040468132
5.875,-3.59588042735289,-0.0803773731136506,-8.50825728515907
5.8775,-3.59588042735289,-0.0803773731136506,-8.53372288277031
5.88,-3.63154163232537,-0.0803773731136506,-8.50316416563682
5.8825,-3.64173054803179,-0.0803773731136506,-8.40639489471408
5.885,-3.62135271661895,-0.0803773731136506,-8.38602241662508
5.8875,-3.646825005885,-0.075281680307862,-8.50825728515907
5.89,-3.66720283729784,-0.0803773731136506,-8.45223297041432
5.8925,-3.68248621085748,-0.0803773731136506,-8.46751232898107
5.895,-3.66210837944463,-0.0803773731136506,-8.48788480707007
5.8975,-3.70286404227032,-0.0803773731136506,-8.54900224133706
5.9,-3.68758066871069,-0.0803773731136506,-8.40639489471408
5.9025,-3.68758066871069,-0.0803773731136506,-8.45223297041432
5.905,-3.72833633153637,-0.0803773731136506,-8.43695361184757
5.9075,-3.73343078938958,-0.0803773731136506,-8.54390912181481
5.91,-3.71814741582995,-0.075281680307862,-8.45732608993657
5.9125,-3.72833633153637,-0.075281680307862,-8.44713985089207
5.915,-3.77418645221527,-0.0803773731136506,-8.44713985089207
5.9175,-3.75890307865563,-0.0803773731136506,-8.46751232898107
5.92,-3.7894698257749,-0.0803773731136506,-8.46241920945882
5.9225,-3.77418645221527,-0.0803773731136506,-8.46241920945882
5.925,-3.78437536792169,-0.0803773731136506,-8.46241920945882
5.9275,-3.7894698257749,-0.0803773731136506,-8.41658113375857
5.93,-3.79965874148132,-0.0803773731136506,-8.39620865566958
5.9325,-3.80475319933453,-0.0803773731136506,-8.41148801423633
5.935,-3.80984765718774,-0.0803773731136506,-8.64067839273756
5.9375,-3.82003657289416,-0.0803773731136506,-8.63558527321531
5.94,-3.82003657289416,-0.0803773731136506,-8.63049215369306
5.9425,-3.82003657289416,-0.0803773731136506,-8.38602241662508
5.945,-3.82513103074737,-0.0803773731136506,-8.38602241662508
5.9475,-3.83022548860058,-0.0803773731136506,-8.38602241662508
5.95,-3.83022548860058,-0.0803773731136506,-8.49807104611457
5.9525,-3.87098115142627,-0.0803773731136506,-8.48279168754782
5.955,-3.840414404307,-0.0803773731136506,-8.38602241662508
5.9575,-3.83531994645379,-0.0803773731136506,-8.46751232898107
5.96,-3.83022548860058,-0.0803773731136506,-8.46751232898107
5.9625,-3.83022548860058,-0.0854730659194392,-8.50825728515907
5.965,-3.82003657289416,-0.0803773731136506,-8.40639489471408
5.9675,-3.80984765718774,-0.075281680307862,-8.44204673136982
5.97,-3.82003657289416,-0.0803773731136506,-8.50825728515907
5.9725,-3.82513103074737,-0.0803773731136506,-8.43695361184757
5.975,-3.81494211504095,-0.0803773731136506,-8.45223297041432
5.9775,-3.79456428362811,-0.0854730659194392,-8.46751232898107
5.98,-3.7894698257749,-0.0803773731136506,-8.50316416563682
5.9825,-3.78437536792169,-0.0803773731136506,-8.48788480707007
5.985,-3.79456428362811,-0.0803773731136506,-8.44713985089207
5.9875,-3.76399753650884,-0.0803773731136506,-8.48279168754782
5.99,-3.75890307865563,-0.0854730659194392,-8.48788480707007
5.9925,-3.75380862080242,-0.0803773731136506,-8.45223297041432
5.995,-3.73852524724279,-0.0803773731136506,-8.44713985089207
5.9975,-3.72833633153637,-0.0803773731136506,-8.46751232898107
6,-3.75890307865563,-0.0803773731136506,-8.45732608993657
6.0025,-3.72833633153637,-0.0803773731136506,-8.55918848038156
6.005,-3.71814741582995,-0.0803773731136506,-8.46751232898107
6.0075,-3.68248621085748,-0.0803773731136506,-8.44713985089207
6.01,-3.66720283729784,-0.0803773731136506,-8.50825728515907
6.0125,-3.65701392159142,-0.0803773731136506,-8.40639489471408
6.015,-3.64173054803179,-0.0854730659194392,-8.43186049232532
6.0175,-3.62644717447216,-0.075281680307862,-8.42167425328083
6.02,-3.61625825876574,-0.0803773731136506,-8.46751232898107
6.0225,-3.62644717447216,-0.0803773731136506,-8.47260544850332
6.025,-3.60097488520611,-0.0803773731136506,-8.44713985089207
6.0275,-3.60097488520611,-0.0803773731136506,-8.44204673136982
6.03,-3.60097488520611,-0.0803773731136506,-8.43695361184757
6.0325,-3.61625825876574,-0.0803773731136506,-8.44204673136982
6.035,-3.57550259594005,-0.0803773731136506,-8.39620865566958
6.0375,-3.550030306674,-0.0803773731136506,-8.40639489471408
6.04,-3.54493584882079,-0.0803773731136506,-8.46751232898107
6.0425,-3.54493584882079,-0.0803773731136506,-8.41658113375857
6.045,-3.53984139096758,-0.0803773731136506,-8.44204673136982
6.0475,-3.54493584882079,-0.0803773731136506,-8.40639489471408
6.05,-3.54493584882079,-0.0803773731136506,-8.41658113375857
6.0525,-3.52965247526116,-0.0803773731136506,-8.40639489471408
6.055,-3.52455801740795,-0.0803773731136506,-8.41148801423633
6.0575,-3.50927464384831,-0.0803773731136506,-8.39620865566958
6.06,-3.50927464384831,-0.0803773731136506,-8.42676737280307
6.0625,-3.50927464384831,-0.0803773731136506,-8.40639489471408
6.065,-3.5041801859951,-0.075281680307862,-8.40639489471408
6.0675,-3.49908572814189,-0.0803773731136506,-8.37583617758058
6.07,-3.5041801859951,-0.0803773731136506,-8.34527746044708
6.0725,-3.50927464384831,-0.0803773731136506,-8.35546369949158
6.075,-3.49399127028868,-0.0803773731136506,-8.37074305805833
6.0775,-3.48380235458226,-0.0803773731136506,-8.37074305805833
6.08,-3.48380235458226,-0.0803773731136506,-8.36564993853608
6.0825,-3.50927464384831,-0.0803773731136506,-8.32490498235808
6.085,-3.50927464384831,-0.0803773731136506,-8.42676737280307
6.0875,-3.51946355955474,-0.0803773731136506,-8.41148801423633
6.09,-3.51946355955474,-0.0854730659194392,-8.41148801423633
6.0925,-3.51946355955474,-0.0803773731136506,-8.34527746044708
6.095,-3.51436910170153,-0.0803773731136506,-8.35037057996933
6.0975,-3.48380235458226,-0.075281680307862,-8.34018434092483
6.1,-3.550030306674,-0.0803773731136506,-8.32490498235808
6.1025,-3.51946355955474,-0.0803773731136506,-8.31981186283583
6.105,-3.550030306674,-0.075281680307862,-8.32999810188033
6.1075,-3.54493584882079,-0.0803773731136506,-8.38602241662508
6.11,-3.53984139096758,-0.0803773731136506,-8.42676737280307
6.1125,-3.56531368023363,-0.0803773731136506,-8.40639489471408
6.115,-3.52455801740795,-0.075281680307862,-8.46751232898107
6.1175,-3.550030306674,-0.0803773731136506,-8.34527746044708
6.12,-3.51436910170153,-0.0803773731136506,-8.34527746044708
6.1225,-3.50927464384831,-0.0803773731136506,-8.38602241662508
6.125,-3.50927464384831,-0.0803773731136506,-8.34018434092483
6.1275,-3.50927464384831,-0.0803773731136506,-8.34018434092483
6.13,-3.5041801859951,-0.0803773731136506,-8.42167425328083
6.1325,-3.5041801859951,-0.0803773731136506,-8.37074305805833
6.135,-3.49399127028868,-0.0854730659194392,-8.43695361184757
6.1375,-3.49908572814189,-0.0803773731136506,-8.32999810188033
6.14,-3.51946355955474,-0.075281680307862,-8.43695361184757
6.1425,-3.51946355955474,-0.0803773731136506,-8.36055681901383
6.145,-3.49908572814189,-0.0803773731136506,-8.33509122140258
6.1475,-3.50927464384831,-0.0803773731136506,-8.32999810188033
6.15,-3.55512476452721,-0.0803773731136506,-8.50825728515907
6.1525,-3.56021922238042,-0.0803773731136506,-8.44204673136982
6.155,-3.56021922238042,-0.0803773731136506,-8.42167425328083
6.1575,-3.59078596949968,-0.0803773731136506,-8.53372288277031
6.16,-3.58059705379326,-0.0803773731136506,-8.35546369949158
6.1625,-3.56021922238042,-0.0803773731136506,-8.39111553614733
6.165,-3.56531368023363,-0.075281680307862,-8.38092929710283
6.1675,-3.57040813808684,-0.0803773731136506,-8.37074305805833
6.17,-3.58059705379326,-0.0803773731136506,-8.39620865566958
6.1725,-3.58569151164647,-0.0803773731136506,-8.38092929710283
6.175,-3.58059705379326,-0.0803773731136506,-8.38092929710283
6.1775,-3.58059705379326,-0.0803773731136506,-8.37583617758058
6.18,-3.59588042735289,-0.0803773731136506,-0.10461007344729
6.1825,-3.65701392159142,-0.0803773731136506,-8.38602241662508
6.185,-3.62135271661895,-0.0803773731136506,-8.43186049232532
6.1875,-3.646825005885,-0.0803773731136506,-8.39620865566958
6.19,-3.63154163232537,-0.075281680307862,-8.33509122140258
6.1925,-3.63154163232537,-0.0803773731136506,-8.29434626522459
6.195,-3.66720283729784,-0.0803773731136506,-8.29434626522459
6.1975,-3.61116380091253,-0.0803773731136506,-8.28925314570234
6.2,-3.60097488520611,-0.0803773731136506,-8.28416002618009
6.2025,-3.60097488520611,-0.0803773731136506,-8.28416002618009
6.205,-3.61116380091253,-0.0803773731136506,-8.26888066761334
6.2075,-3.60606934305932,-0.0803773731136506,-8.29943938474683
6.21,-3.61116380091253,-0.0803773731136506,-8.25869442856884
6.2125,-3.61625825876574,-0.0803773731136506,-8.28416002618009
6.215,-3.62135271661895,-0.0803773731136506,-8.25869442856884
6.2175,-3.62644717447216,-0.0803773731136506,-8.25869442856884
6.22,-3.62644717447216,-0.0803773731136506,-8.25869442856884
6.2225,-3.63154163232537,-0.0803773731136506,-8.27906690665784
6.225,-3.66720283729784,-0.0803773731136506,-8.25869442856884
6.2275,-3.646825005885,-0.0803773731136506,-8.25360130904659
6.23,-3.62135271661895,-0.0803773731136506,-8.23322883095759
6.2325,-3.61116380091253,-0.0803773731136506,-8.37583617758058
6.235,-3.65701392159142,-0.0803773731136506,-8.38602241662508
6.2375,-3.66210837944463,-0.0803773731136506,-8.24850818952434
6.24,-3.64173054803179,-0.0803773731136506,-8.23322883095759
6.2425,-3.63154163232537,-0.0803773731136506,-8.23322883095759
6.245,-3.61116380091253,-0.0803773731136506,-8.21794947239084
6.2475,-3.60606934305932,-0.0803773731136506,-8.19248387477959
6.25,-3.60097488520611,-0.0803773731136506,-8.18229763573509
6.2525,-3.58569151164647,-0.0803773731136506,-8.19248387477959
6.255,-3.56531368023363,-0.0803773731136506,-8.18229763573509
6.2575,-3.58059705379326,-0.0803773731136506,-8.22813571143534
6.26,-3.55512476452721,-0.0803773731136506,-8.23322883095759
6.2625,-3.56021922238042,-0.0803773731136506,-8.23322883095759
6.265,-3.550030306674,-0.0803773731136506,-8.18229763573509
6.2675,-3.5041801859951,-0.0803773731136506,-8.18229763573509
6.27,-3.49908572814189,-0.0803773731136506,-8.18229763573509
6.2725,-3.52965247526116,-0.0803773731136506,-8.17720451621285
6.275,-3.52455801740795,-0.0803773731136506,-8.18739075525735
6.2775,-3.54493584882079,-0.0803773731136506,-8.17720451621285
6.28,-3.53984139096758,-0.0803773731136506,-8.18229763573509
6.2825,-3.52965247526116,-0.0803773731136506,-8.1517389186016
6.285,-3.5041801859951,-0.0803773731136506,-8.1517389186016
6.2875,-3.57040813808684,-0.0803773731136506,-8.38602241662508
6.29,-3.57550259594005,-0.0803773731136506,-8.1619251576461
6.2925,-3.57040813808684,-0.0803773731136506,-8.15683203812385
6.295,-3.46851898102263,-0.0803773731136506,-8.1517389186016
6.2975,-3.51436910170153,-0.0803773731136506,-8.13645956003485
6.3,-3.46851898102263,-0.0803773731136506,-8.12627332099035
6.3025,-3.46851898102263,-0.0803773731136506,-8.16701827716835
6.305,-3.44304669175658,-0.0803773731136506,-8.22304259191309
6.3075,-3.42776331819694,-0.0803773731136506,-8.11608708194585
6.31,-3.41757440249052,-0.0803773731136506,-8.15683203812385
6.3125,-3.38700765537126,-0.0803773731136506,-8.22813571143534
6.315,-3.39719657107768,-0.0803773731136506,-8.13645956003485
6.3175,-3.40229102893089,-0.0803773731136506,-8.17720451621285
6.32,-3.4073854867841,-0.0803773731136506,-8.1313664405126
6.3225,-3.43285777605016,-0.0803773731136506,-8.41148801423633
6.325,-3.44304669175658,-0.0803773731136506,-8.38092929710283
6.3275,-3.42776331819694,-0.0803773731136506,-8.12627332099035
6.33,-3.44304669175658,-0.0803773731136506,-8.12627332099035
6.3325,-3.46851898102263,-0.0803773731136506,-8.12627332099035
6.335,-3.46851898102263,-0.0803773731136506,-8.18229763573509
6.3375,-3.47870789672905,-0.0803773731136506,-8.10590084290135
6.34,-3.49399127028868,-0.0803773731136506,-8.1008077233791
6.3425,-3.49399127028868,-0.0803773731136506,-8.12627332099035
6.345,-3.51946355955474,-0.0803773731136506,-8.11608708194585
6.3475,-3.49908572814189,-0.0803773731136506,-8.1721113966906
6.35,-3.50927464384831,-0.0803773731136506,-8.24341507000209
6.3525,-3.51946355955474,-0.0803773731136506,-8.36055681901383
6.355,-3.52455801740795,-0.0803773731136506,-8.26888066761334
6.3575,-3.53474693311437,-0.0803773731136506,-8.17720451621285
6.36,-3.56021922238042,-0.0803773731136506,-8.11608708194585
6.3625,-3.59588042735289,-0.0803773731136506,-8.1109939624236
6.365,-3.60097488520611,-0.0803773731136506,-8.1211802014681
6.3675,-3.58569151164647,-0.0803773731136506,-8.1109939624236
6.37,-3.60097488520611,-0.0803773731136506,-0.10461007344729
6.3725,-3.62135271661895,-0.0803773731136506,-8.12627332099035
6.375,-3.64173054803179,-0.0803773731136506,-8.11608708194585
6.3775,-3.65191946373821,-0.0803773731136506,-8.23322883095759
6.38,-3.66210837944463,-0.0803773731136506,-8.0804352452901
6.3825,-3.72324187368316,-0.0803773731136506,-8.08552836481235
6.385,-3.6926751265639,-0.0803773731136506,-8.06006276720111
6.3875,-3.6926751265639,-0.0803773731136506,-8.06515588672336
6.39,-3.69776958441711,-0.0803773731136506,-8.04987652815661
6.3925,-3.69776958441711,-0.0803773731136506,-8.06006276720111
6.395,-3.70286404227032,-0.0803773731136506,-8.04987652815661
6.3975,-3.743619705096,-0.0803773731136506,-8.05496964767886
6.4,-3.71305295797674,-0.0803773731136506,-8.0906214843346
6.4025,-3.70795850012353,-0.0803773731136506,-8.11608708194585
6.405,-3.74871416294921,-0.0803773731136506,-8.06515588672336
6.4075,-3.74871416294921,-0.075281680307862,-8.06515588672336
6.41,-3.72833633153637,-0.0803773731136506,-8.06515588672336
6.4125,-3.73343078938958,-0.0803773731136506,-8.06006276720111
6.415,-3.73343078938958,-0.0803773731136506,-8.07534212576785
6.4175,-3.73852524724279,-0.0803773731136506,-8.06006276720111
6.42,-3.743619705096,-0.0803773731136506,-8.21285635286859
6.4225,-3.74871416294921,-0.0803773731136506,-8.20776323334634
6.425,-3.75380862080242,-0.0803773731136506,-8.19757699430184
6.4275,-3.76909199436206,-0.075281680307862,-8.10590084290135
6.43,-3.78437536792169,-0.0803773731136506,-8.08552836481235
6.4325,-3.81494211504095,-0.0803773731136506,-8.1008077233791
6.435,-3.80475319933453,-0.0803773731136506,-8.15683203812385
6.4375,-3.840414404307,-0.0854730659194392,-8.1008077233791
6.44,-3.86588669357306,-0.0803773731136506,-8.0906214843346
6.4425,-3.91683127210516,-0.0803773731136506,-8.18739075525735
6.445,-3.90154789854553,-0.0803773731136506,-8.10590084290135
6.4475,-3.91683127210516,-0.0803773731136506,-8.1109939624236
6.45,-3.90664235639874,-0.0803773731136506,-8.1415526795571
6.4525,-3.90154789854553,-0.0803773731136506,-8.1415526795571
6.455,-3.88117006713269,-0.0803773731136506,-8.1619251576461
6.4575,-3.87098115142627,-0.0803773731136506,-8.1008077233791
6.46,-3.83531994645379,-0.0854730659194392,-8.10590084290135
6.4625,-3.83022548860058,-0.0803773731136506,-8.13645956003485
6.465,-3.82513103074737,-0.0803773731136506,-8.14664579907935
6.4675,-3.81494211504095,-0.0803773731136506,-8.12627332099035
6.47,-3.80475319933453,-0.0803773731136506,-8.13645956003485
6.4725,-3.82513103074737,-0.0803773731136506,-8.0906214843346
6.475,-3.83022548860058,-0.0803773731136506,-8.0906214843346
6.4775,-3.78437536792169,-0.0803773731136506,-8.08552836481235
6.48,-3.77928091006848,-0.0803773731136506,-8.0804352452901
6.4825,-3.76909199436206,-0.075281680307862,-8.1211802014681
6.485,-3.76399753650884,-0.075281680307862,-8.09571460385685
6.4875,-3.73852524724279,-0.0803773731136506,-8.1109939624236
6.49,-3.72324187368316,-0.0803773731136506,-8.1109939624236
6.4925,-3.72324187368316,-0.0803773731136506,-8.10590084290135
6.495,-3.743619705096,-0.0803773731136506,-8.1109939624236
6.4975,-3.72324187368316,-0.0803773731136506,-8.07534212576785
6.5,-3.71305295797674,-0.0803773731136506,-8.13645956003485
6.5025,-3.74871416294921,-0.0803773731136506,-8.1313664405126
6.505,-3.70795850012353,-0.0803773731136506,-8.1109939624236
6.5075,-3.70286404227032,-0.0803773731136506,-8.0804352452901
6.51,-3.71305295797674,-0.0854730659194392,-8.0804352452901
6.5125,-3.70286404227032,-0.0803773731136506,-8.1313664405126
6.515,-3.72324187368316,-0.0803773731136506,-8.13645956003485
6.5175,-3.65701392159142,-0.0803773731136506,-8.1415526795571
6.52,-3.65701392159142,-0.0803773731136506,-8.13645956003485
6.5225,-3.646825005885,-0.0803773731136506,-8.10590084290135
6.525,-3.64173054803179,-0.0803773731136506,-8.07534212576785
6.5275,-3.70286404227032,-0.0803773731136506,-8.07534212576785
6.53,-3.64173054803179,-0.0803773731136506,-8.10590084290135
6.5325,-3.63663609017858,-0.075281680307862,-8.10590084290135
6.535,-3.60606934305932,-0.0803773731136506,-8.0906214843346
6.5375,-3.60097488520611,-0.0803773731136506,-8.08552836481235
6.54,-3.60097488520611,-0.0803773731136506,-8.09571460385685
6.5425,-3.62135271661895,-0.0803773731136506,-8.10590084290135
6.545,-3.59078596949968,-0.0803773731136506,-8.10590084290135
6.5475,-3.58059705379326,-0.0803773731136506,-8.09571460385685
6.55,-3.57550259594005,-0.0803773731136506,-8.09571460385685
6.5525,-3.54493584882079,-0.0803773731136506,-8.08552836481235
6.555,-3.54493584882079,-0.0803773731136506,-8.08552836481235
6.5575,-3.53474693311437,-0.0854730659194392,-8.08552836481235
6.56,-3.51946355955474,-0.075281680307862,-8.1415526795571
6.5625,-3.50927464384831,-0.0803773731136506,-8.14664579907935
6.565,-3.5041801859951,-0.0803773731136506,-8.1415526795571
6.5675,-3.49908572814189,-0.0803773731136506,-8.0804352452901
6.57,-3.49399127028868,-0.0803773731136506,-8.07024900624561
6.5725,-3.48380235458226,-0.0803773731136506,-8.0804352452901
6.575,-3.47870789672905,-0.0803773731136506,-8.06515588672336
6.5775,-3.48380235458226,-0.0803773731136506,-8.07024900624561
6.58,-3.47361343887584,-0.0803773731136506,-8.11608708194585
6.5825,-3.41757440249052,-0.0803773731136506,-8.11608708194585
6.585,-3.39719657107768,-0.0803773731136506,-8.1211802014681
6.5875,-3.453235607463,-0.0803773731136506,-8.10590084290135
6.59,-3.36662982395842,-0.0803773731136506,-8.11608708194585
6.5925,-3.33606307683915,-0.0803773731136506,-8.08552836481235
6.595,-3.34115753469236,-0.075281680307862,-8.1211802014681
6.5975,-3.27492958260063,-0.0803773731136506,-8.0906214843346
6.6,-3.26474066689421,-0.0803773731136506,-8.1313664405126
6.6025,-3.26983512474742,-0.0803773731136506,-8.09571460385685
6.605,-3.27492958260063,-0.0803773731136506,-8.16701827716835
6.6075,-3.27492958260063,-0.0803773731136506,-8.14664579907935
6.61,-3.25455175118779,-0.0803773731136506,-8.1415526795571
6.6125,-3.28511849830705,-0.0803773731136506,-8.1211802014681
6.615,-3.24436283548136,-0.0803773731136506,-8.1313664405126
6.6175,-3.25455175118779,-0.0803773731136506,-8.1619251576461
6.62,-3.25455175118779,-0.0803773731136506,-8.1619251576461
6.6225,-3.25455175118779,-0.075281680307862,-8.21285635286859
6.625,-3.25455175118779,-0.0803773731136506,-8.11608708194585
6.6275,-3.39210211322447,-0.0803773731136506,-8.18229763573509
6.63,-3.356440908252,-0.0803773731136506,-8.12627332099035
6.6325,-3.35134645039879,-0.0803773731136506,-8.1109939624236
6.635,-3.34625199254558,-0.0803773731136506,-8.1415526795571
6.6375,-3.37172428181163,-0.0803773731136506,-8.13645956003485
6.64,-3.34625199254558,-0.0803773731136506,-8.12627332099035
6.6425,-3.35134645039879,-0.0803773731136506,-8.1008077233791
6.645,-3.356440908252,-0.0803773731136506,-8.10590084290135
6.6475,-3.41247994463731,-0.0803773731136506,-8.10590084290135
6.65,-3.37172428181163,-0.0803773731136506,-8.0804352452901
6.6525,-3.37172428181163,-0.0803773731136506,-8.1415526795571
6.655,-3.40229102893089,-0.0854730659194392,-8.16701827716835
6.6575,-3.40229102893089,-0.0803773731136506,-8.0804352452901
6.66,-3.38191319751805,-0.0803773731136506,-8.07534212576785
6.6625,-3.38700765537126,-0.0803773731136506,-8.11608708194585
6.665,-3.42776331819694,-0.0803773731136506,-8.1109939624236
6.6675,-3.43285777605016,-0.0803773731136506,-8.0804352452901
6.67,-3.44304669175658,-0.0803773731136506,-8.1211802014681
6.6725,-3.43795223390337,-0.0803773731136506,-8.12627332099035
6.675,-3.43795223390337,-0.0803773731136506,-8.1619251576461
6.6775,-3.56531368023363,-0.0803773731136506,-8.13645956003485
6.68,-3.48889681243547,-0.0854730659194392,-8.10590084290135
6.6825,-3.49908572814189,-0.0803773731136506,-8.1008077233791
6.685,-3.52455801740795,-0.0803773731136506,-8.15683203812385
6.6875,-3.51436910170153,-0.0803773731136506,-8.19248387477959
6.69,-3.52965247526116,-0.0803773731136506,-8.18229763573509
6.6925,-3.61625825876574,-0.0803773731136506,-8.1619251576461
6.695,-3.62135271661895,-0.0803773731136506,-8.20267011382409
6.6975,-3.56021922238042,-0.075281680307862,-8.13645956003485
6.7,-3.65191946373821,-0.0803773731136506,-8.21794947239084
6.7025,-3.65191946373821,-0.0854730659194392,-8.21794947239084
6.705,-3.65191946373821,-0.0803773731136506,-8.22304259191309
6.7075,-3.68758066871069,-0.0803773731136506,-8.24341507000209
6.71,-3.67229729515105,-0.0803773731136506,-8.21794947239084
6.7125,-3.68248621085748,-0.0803773731136506,-8.24341507000209
6.715,-3.68758066871069,-0.0803773731136506,-8.1211802014681
6.7175,-3.68248621085748,-0.0803773731136506,-8.12627332099035
6.72,-3.70795850012353,-0.075281680307862,-8.13645956003485
6.7225,-3.70795850012353,-0.0854730659194392,-8.27397378713559
6.725,-3.69776958441711,-0.0803773731136506,-8.29434626522459
6.7275,-3.66720283729784,-0.0803773731136506,-8.1721113966906
6.73,-3.66210837944463,-0.0803773731136506,-8.1619251576461
6.7325,-3.66210837944463,-0.0803773731136506,-8.36055681901383
6.735,-3.68758066871069,-0.0803773731136506,-8.38092929710283
6.7375,-3.66210837944463,-0.0803773731136506,-8.1721113966906
6.74,-3.67229729515105,-0.0803773731136506,-8.17720451621285
6.7425,-3.63154163232537,-0.0803773731136506,-8.1721113966906
6.745,-3.65191946373821,-0.0803773731136506,-0.150448149147538
6.7475,-3.67229729515105,-0.075281680307862,-0.0995169539250416
6.75,-3.64173054803179,-0.0803773731136506,-0.0995169539250416
6.7525,-3.63154163232537,-0.0803773731136506,-8.01931781102311
6.755,-3.62135271661895,-0.0803773731136506,-8.47769856802557
6.7575,-3.65701392159142,-0.0803773731136506,-8.42676737280307
6.76,-3.63154163232537,-0.0803773731136506,-8.26378754809109
6.7625,-3.66210837944463,-0.0803773731136506,-8.42676737280307
6.765,-3.64173054803179,-0.0803773731136506,-8.30962562379133
6.7675,-3.646825005885,-0.0803773731136506,-8.29943938474683
6.77,-3.66210837944463,-0.0854730659194392,-8.30453250426909
6.7725,-3.65701392159142,-0.0803773731136506,-8.28416002618009
6.775,-3.71305295797674,-0.0803773731136506,-8.31981186283583
6.7775,-3.66210837944463,-0.075281680307862,-8.32999810188033
6.78,-3.66210837944463,-0.0803773731136506,-8.37074305805833
6.7825,-3.61625825876574,-0.0803773731136506,-8.36055681901383
6.785,-3.60097488520611,-0.0803773731136506,-8.40639489471408
6.7875,-3.59078596949968,-0.0803773731136506,-8.39620865566958
6.79,-3.59078596949968,-0.0803773731136506,-8.41148801423633
6.7925,-3.58569151164647,-0.0803773731136506,-8.40130177519183
6.795,-3.58569151164647,-0.075281680307862,-8.41148801423633
6.7975,-3.55512476452721,-0.075281680307862,-8.45223297041432
6.8,-3.550030306674,-0.0803773731136506,-8.44204673136982
6.8025,-3.55512476452721,-0.0803773731136506,-8.47769856802557
6.805,-3.55512476452721,-0.0803773731136506,-8.45732608993657
6.8075,-3.53984139096758,-0.0803773731136506,-8.46751232898107
6.81,-3.52455801740795,-0.0803773731136506,-8.46241920945882
6.8125,-3.56021922238042,-0.0803773731136506,-8.43695361184757
6.815,-3.52965247526116,-0.0803773731136506,-8.47260544850332
6.8175,-3.52455801740795,-0.0803773731136506,-8.46751232898107
6.82,-3.50927464384831,-0.0803773731136506,-8.47260544850332
6.8225,-3.5041801859951,-0.0854730659194392,-8.50825728515907
6.825,-3.5041801859951,-0.0803773731136506,-8.45223297041432
6.8275,-3.51946355955474,-0.0803773731136506,-8.61011967560406
6.83,-3.51946355955474,-0.075281680307862,-8.51335040468132
6.8325,-3.5041801859951,-0.0803773731136506,-8.41148801423633
6.835,-3.53474693311437,-0.0803773731136506,-8.25869442856884
6.8375,-3.5041801859951,-0.0803773731136506,-8.51335040468132
6.84,-3.5041801859951,-0.0803773731136506,-8.27397378713559
6.8425,-3.49908572814189,-0.0803773731136506,-8.28925314570234
6.845,-3.51946355955474,-0.0803773731136506,-8.29943938474683
6.8475,-3.51946355955474,-0.0803773731136506,-8.34018434092483
6.85,-3.5041801859951,-0.0803773731136506,-8.32490498235808
6.8525,-3.5041801859951,-0.0854730659194392,-8.47769856802557
6.855,-3.51946355955474,-0.075281680307862,-8.47260544850332
6.8575,-3.48889681243547,-0.0803773731136506,-8.34018434092483
6.86,-3.48380235458226,-0.0803773731136506,-8.35037057996933
6.8625,-3.5041801859951,-0.0803773731136506,-8.36564993853608
6.865,-3.50927464384831,-0.0803773731136506,-8.37074305805833
6.8675,-3.50927464384831,-0.0803773731136506,-8.38602241662508
6.87,-3.50927464384831,-0.0854730659194392,-8.40639489471408
6.8725,-3.50927464384831,-0.0803773731136506,-8.40130177519183
6.875,-3.52965247526116,-0.0803773731136506,-8.39111553614733
6.8775,-3.51946355955474,-0.0803773731136506,-8.42676737280307
6.88,-3.53984139096758,-0.0803773731136506,-8.43186049232532
6.8825,-3.50927464384831,-0.0803773731136506,-8.44204673136982
6.885,-3.50927464384831,-0.0803773731136506,-8.32999810188033
6.8875,-3.5041801859951,-0.0803773731136506,-8.32999810188033
6.89,-3.51946355955474,-0.0854730659194392,-8.42167425328083
6.8925,-3.51436910170153,-0.0803773731136506,-8.46751232898107
6.895,-3.55512476452721,-0.0803773731136506,-8.34527746044708
6.8975,-3.550030306674,-0.0803773731136506,-8.37074305805833
6.9,-3.550030306674,-0.0803773731136506,-8.33509122140258
6.9025,-3.52965247526116,-0.0803773731136506,-8.33509122140258
6.905,-3.53474693311437,-0.0803773731136506,-8.34527746044708
6.9075,-3.53984139096758,-0.0803773731136506,-8.32490498235808
6.91,-3.54493584882079,-0.0803773731136506,-8.32490498235808
6.9125,-3.54493584882079,-0.0803773731136506,-8.48279168754782
6.915,-3.54493584882079,-0.0803773731136506,-8.52353664372582
6.9175,-3.55512476452721,-0.0803773731136506,-8.47260544850332
6.92,-3.58059705379326,-0.0803773731136506,-8.32999810188033
6.9225,-3.60097488520611,-0.0803773731136506,-8.30453250426909
6.925,-3.58059705379326,-0.0803773731136506,-8.31471874331358
6.9275,-3.61625825876574,-0.075281680307862,-8.34018434092483
6.93,-3.59078596949968,-0.0803773731136506,-8.34527746044708
6.9325,-3.61116380091253,-0.0803773731136506,-8.38092929710283
6.935,-3.57550259594005,-0.0803773731136506,-8.33509122140258
6.9375,-3.56531368023363,-0.0803773731136506,-8.32490498235808
6.94,-3.56021922238042,-0.0803773731136506,-8.37583617758058
6.9425,-3.56021922238042,-0.0803773731136506,-8.48788480707007
6.945,-3.55512476452721,-0.075281680307862,-8.39111553614733
6.9475,-3.60606934305932,-0.0803773731136506,-8.41148801423633
6.95,-3.550030306674,-0.075281680307862,-8.44204673136982
6.9525,-3.55512476452721,-0.0803773731136506,-8.51844352420357
6.955,-3.51946355955474,-0.0803773731136506,-8.46751232898107
6.9575,-3.58059705379326,-0.0803773731136506,-8.52862976324807
6.96,-3.46342452316942,-0.0803773731136506,-8.53372288277031
6.9625,-3.45833006531621,-0.0803773731136506,-8.42167425328083
6.965,-3.44814114960979,-0.0803773731136506,-8.54390912181481
6.9675,-3.47361343887584,-0.0803773731136506,-8.46241920945882
6.97,-3.41247994463731,-0.0803773731136506,-8.54900224133706
6.9725,-3.41757440249052,-0.0803773731136506,-8.52862976324807
6.975,-3.41247994463731,-0.0803773731136506,-8.41148801423633
6.9775,-3.47870789672905,-0.0803773731136506,-8.39111553614733
6.98,-3.40229102893089,-0.0803773731136506,-8.38602241662508
6.9825,-3.38700765537126,-0.0803773731136506,-8.58974719751506
6.985,-3.38191319751805,-0.0803773731136506,-8.57956095847056
6.9875,-3.37681873966484,-0.0803773731136506,-8.38602241662508
6.99,-3.356440908252,-0.0854730659194392,-8.52353664372582
6.9925,-3.34625199254558,-0.0803773731136506,-8.55409536085931
6.995,-3.33606307683915,-0.075281680307862,-8.40639489471408
6.9975,-3.35134645039879,-0.0803773731136506,-8.44204673136982
7,-3.32077970327952,-0.0803773731136506,-8.43695361184757
7.0025,-3.27492958260063,-0.0803773731136506,-8.46751232898107
7.005,-3.25455175118779,-0.0803773731136506,-8.44713985089207
7.0075,-3.24945729333457,-0.0803773731136506,-8.45223297041432
7.01,-3.23417391977494,-0.0803773731136506,-8.46751232898107
7.0125,-3.23417391977494,-0.0803773731136506,-8.47260544850332
7.015,-3.21889054621531,-0.0803773731136506,-8.46751232898107
7.0175,-3.2137960883621,-0.0803773731136506,-8.46751232898107
7.02,-3.23417391977494,-0.0803773731136506,-8.45732608993657
7.0225,-3.23926837762815,-0.0803773731136506,-8.46751232898107
7.025,-3.23926837762815,-0.0803773731136506,-8.49807104611457
7.0275,-3.20870163050889,-0.0803773731136506,-8.46751232898107
7.03,-3.2137960883621,-0.0803773731136506,-8.52862976324807
7.0325,-3.22398500406852,-0.0803773731136506,-8.50316416563682
7.035,-3.25455175118779,-0.0803773731136506,-8.49807104611457
7.0375,-3.24436283548136,-0.0803773731136506,-8.51335040468132
7.04,-3.22398500406852,-0.0803773731136506,-8.56937471942606
7.0425,-3.25455175118779,-0.0803773731136506,-8.60502655608181
7.045,-3.23417391977494,-0.0803773731136506,-8.52862976324807
7.0475,-3.23417391977494,-0.0803773731136506,-8.52862976324807
7.05,-3.24945729333457,-0.0803773731136506,-8.52862976324807
7.0525,-3.30040187186668,-0.0803773731136506,-8.50825728515907
7.055,-3.23926837762815,-0.075281680307862,-8.51844352420357
7.0575,-3.27492958260063,-0.0803773731136506,-8.52353664372582
7.06,-3.26474066689421,-0.075281680307862,-8.53881600229256
7.0625,-3.26474066689421,-0.0803773731136506,-8.55918848038156
7.065,-3.26474066689421,-0.0803773731136506,-8.50825728515907
7.0675,-3.25455175118779,-0.0803773731136506,-8.50316416563682
7.07,-3.25455175118779,-0.0803773731136506,-8.50825728515907
7.0725,-3.259646209041,-0.0803773731136506,-8.49297792659232
7.075,-3.25455175118779,-0.075281680307862,-8.49297792659232
7.0775,-3.25455175118779,-0.0803773731136506,-8.52862976324807
7.08,-3.26983512474742,-0.0803773731136506,-8.49807104611457
7.0825,-3.356440908252,-0.0803773731136506,-8.59484031703731
7.085,-3.3105907875731,-0.0803773731136506,-8.59484031703731
7.0875,-3.33096861898594,-0.0803773731136506,-8.53372288277031
7.09,-3.36662982395842,-0.0803773731136506,-8.50825728515907
7.0925,-3.37681873966484,-0.0803773731136506,-8.54900224133706
7.095,-3.37172428181163,-0.0803773731136506,-8.52353664372582
7.0975,-3.37172428181163,-0.0803773731136506,-8.51335040468132
7.1,-3.39210211322447,-0.0803773731136506,-8.50825728515907
7.1025,-3.42776331819694,-0.0803773731136506,-8.50316416563682
7.105,-3.43285777605016,-0.0803773731136506,-8.50825728515907
7.1075,-3.43795223390337,-0.075281680307862,-8.50316416563682
7.11,-3.44304669175658,-0.0803773731136506,-8.53372288277031
7.1125,-3.46851898102263,-0.0803773731136506,-8.52353664372582
7.115,-3.45833006531621,-0.0803773731136506,-8.54390912181481
7.1175,-3.48889681243547,-0.0803773731136506,-8.52862976324807
7.12,-3.47870789672905,-0.0803773731136506,-8.52862976324807
7.1225,-3.48380235458226,-0.0803773731136506,-8.60502655608181
7.125,-3.52965247526116,-0.0803773731136506,-8.51844352420357
7.1275,-3.54493584882079,-0.0803773731136506,-8.53372288277031
7.13,-3.51946355955474,-0.0803773731136506,-8.54390912181481
7.1325,-3.52455801740795,-0.0803773731136506,-8.53881600229256
7.135,-3.54493584882079,-0.0803773731136506,-8.52862976324807
7.1375,-3.550030306674,-0.0803773731136506,-8.50316416563682
7.14,-3.54493584882079,-0.0803773731136506,-8.48788480707007
7.1425,-0.0908934243440065,-0.0803773731136506,-8.51844352420357
7.145,-0.0959878821972175,-0.0803773731136506,-8.52862976324807
7.1475,-0.0959878821972175,-0.0803773731136506,-8.52353664372582
7.15,-0.0959878821972175,-0.0803773731136506,-8.50316416563682
7.1525,-3.70286404227032,-0.0803773731136506,-8.59993343655956
7.155,-3.70286404227032,-0.0803773731136506,-8.47769856802557
7.1575,-3.70795850012353,-0.0803773731136506,-8.49807104611457
7.16,-3.71305295797674,-0.0803773731136506,-8.49297792659232
7.1625,-3.70795850012353,-0.0803773731136506,-8.48788480707007
7.165,-3.71305295797674,-0.0803773731136506,-8.48279168754782
7.1675,-3.71814741582995,-0.0803773731136506,-8.49807104611457
7.17,-3.72833633153637,-0.0803773731136506,-8.48788480707007
7.1725,-3.70795850012353,-0.0803773731136506,-8.50316416563682
7.175,-3.71814741582995,-0.0803773731136506,-8.51844352420357
7.1775,-3.70795850012353,-0.0854730659194392,-8.46751232898107
7.18,-3.70286404227032,-0.0803773731136506,-8.45732608993657
7.1825,-3.69776958441711,-0.0803773731136506,-8.46241920945882
7.185,-3.80984765718774,-0.0803773731136506,-8.43186049232532
7.1875,-3.68248621085748,-0.0803773731136506,-8.45223297041432
7.19,-3.66720283729784,-0.0803773731136506,-8.46241920945882
7.1925,-3.66210837944463,-0.0803773731136506,-8.45223297041432
7.195,-3.646825005885,-0.0803773731136506,-8.44204673136982
7.1975,-3.646825005885,-0.075281680307862,-8.46241920945882
7.2,-3.63154163232537,-0.0803773731136506,-8.44713985089207
7.2025,-3.61625825876574,-0.0803773731136506,-8.43695361184757
7.205,-3.60097488520611,-0.0803773731136506,-8.44713985089207
7.2075,-3.61625825876574,-0.0803773731136506,-8.47260544850332
7.21,-3.58569151164647,-0.0803773731136506,-8.45223297041432
7.2125,-3.54493584882079,-0.0803773731136506,-8.45732608993657
7.215,-3.5041801859951,-0.0803773731136506,-8.47769856802557
7.2175,-3.40229102893089,-0.0803773731136506,-8.45732608993657
7.22,-3.39719657107768,-0.0803773731136506,-8.44713985089207
7.2225,-3.38191319751805,-0.0803773731136506,-8.45223297041432
7.225,-3.37172428181163,-0.0803773731136506,-8.45732608993657
7.2275,-3.48380235458226,-0.0803773731136506,-8.51844352420357
7.23,-3.45833006531621,-0.0803773731136506,-8.48788480707007
7.2325,-3.46851898102263,-0.075281680307862,-8.48788480707007
7.235,-3.4073854867841,-0.0803773731136506,-8.46751232898107
7.2375,-3.37681873966484,-0.075281680307862,-8.47769856802557
7.24,-3.356440908252,-0.0803773731136506,-8.48279168754782
7.2425,-3.34115753469236,-0.0803773731136506,-8.47769856802557
7.245,-3.35134645039879,-0.0803773731136506,-8.46751232898107
7.2475,-3.33606307683915,-0.0803773731136506,-8.48788480707007
7.25,-3.28002404045384,-0.0803773731136506,-8.49807104611457
7.2525,-3.33606307683915,-0.075281680307862,-8.53372288277031
7.255,-3.29530741401347,-0.0803773731136506,-8.44713985089207
7.2575,-3.28511849830705,-0.0803773731136506,-8.45223297041432
7.26,-3.29530741401347,-0.0803773731136506,-8.53372288277031
7.2625,-3.29530741401347,-0.0803773731136506,-8.42676737280307
7.265,-3.30040187186668,-0.0803773731136506,-8.41658113375857
7.2675,-3.29021295616026,-0.0803773731136506,-8.42676737280307
7.27,-3.26474066689421,-0.0803773731136506,-8.42676737280307
7.2725,-3.25455175118779,-0.0803773731136506,-8.42167425328083
7.275,-3.25455175118779,-0.0803773731136506,-8.42167425328083
7.2775,-3.25455175118779,-0.0803773731136506,-8.43186049232532
7.28,-0.0959878821972175,-0.0803773731136506,-8.42676737280307
7.2825,-0.0908934243440065,-0.0803773731136506,-8.45223297041432
7.285,-3.42266886034373,-0.0803773731136506,-8.42167425328083
7.2875,-3.41247994463731,-0.0803773731136506,-8.41148801423633
7.29,-3.50927464384831,-0.0803773731136506,-8.42167425328083
7.2925,-3.52965247526116,-0.0803773731136506,-8.42676737280307
7.295,-3.52455801740795,-0.075281680307862,-8.44204673136982
7.2975,-3.51946355955474,-0.0803773731136506,-8.43186049232532
7.3,-0.0959878821972175,-0.0803773731136506,-8.43695361184757
7.3025,-0.0959878821972175,-0.075281680307862,-8.46751232898107
7.305,-3.48380235458226,-0.0803773731136506,-8.43695361184757
7.3075,-3.46851898102263,-0.0803773731136506,-8.44713985089207
7.31,-3.46851898102263,-0.0803773731136506,-8.53881600229256
7.3125,-3.46851898102263,-0.0803773731136506,-8.60502655608181
7.315,-3.59078596949968,-0.0803773731136506,-8.44713985089207
7.3175,-3.51436910170153,-0.0803773731136506,-8.43186049232532
7.32,-3.51946355955474,-0.0803773731136506,-8.42167425328083
7.3225,-3.51946355955474,-0.075281680307862,-8.43186049232532
7.325,-3.49908572814189,-0.0803773731136506,-8.43186049232532
7.3275,-3.5041801859951,-0.075281680307862,-8.43695361184757
7.33,-3.51946355955474,-0.0803773731136506,-8.44713985089207
7.3325,-3.47870789672905,-0.0803773731136506,-8.44713985089207
7.335,-3.47361343887584,-0.0803773731136506,-8.46241920945882
7.3375,-3.5041801859951,-0.0803773731136506,-8.45732608993657
7.34,-3.50927464384831,-0.0803773731136506,-8.49297792659232
7.3425,-3.49908572814189,-0.0803773731136506,-8.44713985089207
7.345,-3.47870789672905,-0.0803773731136506,-8.50825728515907
7.3475,-3.48380235458226,-0.0803773731136506,-8.46751232898107
7.35,-3.51946355955474,-0.0803773731136506,-8.46751232898107
7.3525,-3.48889681243547,-0.0803773731136506,-8.51844352420357
7.355,-3.48889681243547,-0.0803773731136506,-8.44713985089207
7.3575,-3.48380235458226,-0.0803773731136506,-8.42676737280307
7.36,-3.48889681243547,-0.0803773731136506,-8.44204673136982
7.3625,-3.56531368023363,-0.0803773731136506,-8.43695361184757
7.365,-3.56021922238042,-0.0803773731136506,-8.43695361184757
7.3675,-3.51946355955474,-0.0803773731136506,-8.43695361184757
7.37,-3.53474693311437,-0.0803773731136506,-8.43695361184757
7.3725,-3.53984139096758,-0.0803773731136506,-8.43186049232532
7.375,-3.52455801740795,-0.0803773731136506,-8.46751232898107
7.3775,-3.51946355955474,-0.0803773731136506,-8.44713985089207
7.38,-3.61625825876574,-0.0803773731136506,-8.45732608993657
7.3825,-3.52965247526116,-0.0803773731136506,-8.44204673136982
7.385,-3.57040813808684,-0.0803773731136506,-8.46241920945882
7.3875,-3.63154163232537,-0.0803773731136506,-8.46241920945882
7.39,-3.54493584882079,-0.0803773731136506,-8.55918848038156
7.3925,-3.51946355955474,-0.0803773731136506,-8.46751232898107
7.395,-3.52455801740795,-0.0803773731136506,-8.46751232898107
7.3975,-3.52965247526116,-0.0803773731136506,-8.50316416563682
7.4,-3.48380235458226,-0.0803773731136506,-8.49297792659232
7.4025,-3.47870789672905,-0.0803773731136506,-8.50825728515907
7.405,-3.56531368023363,-0.0803773731136506,-8.42676737280307
7.4075,-3.54493584882079,-0.0803773731136506,-8.43186049232532
7.41,-3.60606934305932,-0.0803773731136506,-8.43186049232532
7.4125,-3.43795223390337,-0.0803773731136506,-8.43186049232532
7.415,-3.43795223390337,-0.0803773731136506,-8.43695361184757
7.4175,-3.44304669175658,-0.0803773731136506,-8.43186049232532
7.42,-3.44304669175658,-0.0803773731136506,-8.47260544850332
7.4225,-3.47361343887584,-0.0803773731136506,-8.42167425328083
7.425,-3.47361343887584,-0.0803773731136506,-8.42676737280307
7.4275,-3.46342452316942,-0.0803773731136506,-8.39111553614733
7.43,-3.46851898102263,-0.0803773731136506,-8.42167425328083
7.4325,-3.47870789672905,-0.0803773731136506,-8.42676737280307
7.435,-3.58059705379326,-0.0803773731136506,-8.42676737280307
7.4375,-3.57040813808684,-0.0803773731136506,-8.38602241662508
7.44,-3.44814114960979,-0.0803773731136506,-8.38092929710283
7.4425,-3.62135271661895,-0.0803773731136506,-8.38602241662508
7.445,-3.64173054803179,-0.0803773731136506,-8.37583617758058
7.4475,-3.56021922238042,-0.0803773731136506,-8.49297792659232
7.45,-3.53474693311437,-0.0803773731136506,-8.36564993853608
7.4525,-3.60097488520611,-0.0803773731136506,-8.38092929710283
7.455,-3.550030306674,-0.0803773731136506,-8.42676737280307
7.4575,-3.53474693311437,-0.0803773731136506,-8.36055681901383
7.46,-3.59078596949968,-0.0803773731136506,-8.34527746044708
7.4625,-3.56531368023363,-0.0803773731136506,-8.34527746044708
7.465,-3.58569151164647,-0.0803773731136506,-8.40639489471408
7.4675,-3.60606934305932,-0.0803773731136506,-8.32490498235808
7.47,-3.57040813808684,-0.0803773731136506,-8.36055681901383
7.4725,-3.62135271661895,-0.0803773731136506,-8.35037057996933
7.475,-3.58059705379326,-0.0803773731136506,-8.35546369949158
7.4775,-3.54493584882079,-0.0803773731136506,-8.34018434092483
7.48,-3.53474693311437,-0.0803773731136506,-8.34527746044708
7.4825,-3.49908572814189,-0.0803773731136506,-8.29943938474683
7.485,-3.49399127028868,-0.0803773731136506,-8.29434626522459
7.4875,-3.51436910170153,-0.0803773731136506,-8.31981186283583
7.49,-3.52455801740795,-0.0803773731136506,-8.30453250426909
7.4925,-3.48889681243547,-0.0803773731136506,-8.27397378713559
7.495,-3.5041801859951,-0.0803773731136506,-8.29434626522459
7.4975,-3.52455801740795,-0.0803773731136506,-8.29943938474683
7.5,-3.52455801740795,-0.0803773731136506,-8.29434626522459
7.5025,-3.51946355955474,-0.0803773731136506,-8.33509122140258
7.505,-3.49908572814189,-0.0803773731136506,-8.37583617758058
7.5075,-3.46342452316942,-0.0803773731136506,-8.31471874331358
7.51,-3.45833006531621,-0.0803773731136506,-8.34527746044708
7.5125,-3.44814114960979,-0.0803773731136506,-8.31471874331358
7.515,-3.43795223390337,-0.0803773731136506,-8.34018434092483
7.5175,-3.42776331819694,-0.0803773731136506,-8.29434626522459
7.52,-3.453235607463,-0.0803773731136506,-8.29943938474683
7.5225,-3.43795223390337,-0.0803773731136506,-8.37074305805833
7.525,-3.46342452316942,-0.075281680307862,-8.28925314570234
7.5275,-3.41247994463731,-0.0803773731136506,-8.31981186283583
7.53,-3.40229102893089,-0.0803773731136506,-8.35037057996933
7.5325,-3.39719657107768,-0.0803773731136506,-8.29943938474683
7.535,-3.38700765537126,-0.0803773731136506,-8.29943938474683
7.5375,-3.38191319751805,-0.0803773731136506,-8.27397378713559
7.54,-3.37681873966484,-0.0803773731136506,-8.26378754809109
7.5425,-3.37172428181163,-0.075281680307862,-8.26888066761334
7.545,-3.34625199254558,-0.0803773731136506,-8.26378754809109
7.5475,-3.33096861898594,-0.0803773731136506,-8.26888066761334
7.55,-3.32077970327952,-0.0803773731136506,-8.23322883095759
7.5525,-3.30549632971989,-0.0803773731136506,-8.23832195047984
7.555,-3.30040187186668,-0.0803773731136506,-8.29434626522459
7.5575,-3.40229102893089,-0.0803773731136506,-8.21285635286859
7.56,-3.30549632971989,-0.0803773731136506,-8.21794947239084
7.5625,-3.30549632971989,-0.0803773731136506,-8.23322883095759
7.565,-3.31568524542631,-0.0803773731136506,-8.32490498235808
7.5675,-3.30040187186668,-0.0803773731136506,-8.23322883095759
7.57,-3.30549632971989,-0.0803773731136506,-8.21794947239084
7.5725,-3.27492958260063,-0.0803773731136506,-8.20776323334634
7.575,-3.259646209041,-0.0803773731136506,-8.21285635286859
7.5775,-3.28002404045384,-0.0803773731136506,-8.20776323334634
7.58,-3.28002404045384,-0.0803773731136506,-8.21285635286859
7.5825,-3.25455175118779,-0.0803773731136506,-8.21285635286859
7.585,-3.25455175118779,-0.0803773731136506,-8.20776323334634
7.5875,-3.47870789672905,-0.0803773731136506,-8.22304259191309
7.59,-3.46342452316942,-0.0803773731136506,-8.23832195047984
7.5925,-3.46342452316942,-0.075281680307862,-8.36055681901383
7.595,-3.41757440249052,-0.0803773731136506,-8.23322883095759
7.5975,-3.41757440249052,-0.0803773731136506,-8.23322883095759
7.6,-3.39719657107768,-0.0803773731136506,-8.22813571143534
7.6025,-3.43795223390337,-0.0803773731136506,-8.23832195047984
7.605,-3.44304669175658,-0.0854730659194392,-8.24341507000209
7.6075,-3.44814114960979,-0.075281680307862,-8.31471874331358
7.61,-3.38700765537126,-0.0803773731136506,-8.29434626522459
7.6125,-3.42266886034373,-0.0803773731136506,-8.28925314570234
7.615,-3.41247994463731,-0.0803773731136506,-8.24850818952434
7.6175,-3.41247994463731,-0.0803773731136506,-8.31981186283583
7.62,-3.39719657107768,-0.0803773731136506,-8.32490498235808
7.6225,-3.38700765537126,-0.0803773731136506,-8.26888066761334
7.625,-3.36662982395842,-0.0803773731136506,-8.21285635286859
7.6275,-3.33096861898594,-0.0803773731136506,-8.20776323334634
7.63,-3.33606307683915,-0.075281680307862,-8.20267011382409
7.6325,-3.33606307683915,-0.0803773731136506,-8.20776323334634
7.635,-3.38191319751805,-0.0803773731136506,-8.38092929710283
7.6375,-3.38191319751805,-0.0803773731136506,-8.31981186283583
7.64,-3.43285777605016,-0.0803773731136506,-8.30453250426909
7.6425,-3.37681873966484,-0.0803773731136506,-8.22304259191309
7.645,-3.35134645039879,-0.0803773731136506,-8.19248387477959
7.6475,-3.38700765537126,-0.0803773731136506,-8.33509122140258
7.65,-3.41247994463731,-0.0803773731136506,-8.22304259191309
7.6525,-3.42776331819694,-0.0803773731136506,-8.21794947239084
7.655,-3.42266886034373,-0.0803773731136506,-8.25869442856884
7.6575,-3.41757440249052,-0.0803773731136506,-8.28925314570234
7.66,-3.42266886034373,-0.075281680307862,-8.30453250426909
7.6625,-3.49908572814189,-0.0803773731136506,-8.29943938474683
7.665,-3.43795223390337,-0.0803773731136506,-8.27906690665784
7.6675,-3.43285777605016,-0.0803773731136506,-8.29434626522459
7.67,-3.57550259594005,-0.0803773731136506,-8.32490498235808
7.6725,-3.5041801859951,-0.0803773731136506,-8.35037057996933
7.675,-3.46851898102263,-0.0854730659194392,-8.32490498235808
7.6775,-3.45833006531621,-0.0803773731136506,-8.30962562379133
7.68,-3.45833006531621,-0.075281680307862,-8.30453250426909
7.6825,-3.453235607463,-0.0803773731136506,-8.30962562379133
7.685,-3.45833006531621,-0.0803773731136506,-8.29943938474683
7.6875,-3.44814114960979,-0.075281680307862,-8.30962562379133
7.69,-3.44814114960979,-0.0803773731136506,-8.30453250426909
7.6925,-3.46342452316942,-0.0803773731136506,-8.30453250426909
7.695,-3.47870789672905,-0.0803773731136506,-8.29943938474683
7.6975,-3.47361343887584,-0.0803773731136506,-8.30453250426909
7.7,-3.44304669175658,-0.0803773731136506,-8.30962562379133
7.7025,-3.453235607463,-0.0803773731136506,-8.30453250426909
7.705,-3.453235607463,-0.075281680307862,-8.31471874331358
7.7075,-3.453235607463,-0.0803773731136506,-8.30962562379133
7.71,-3.49908572814189,-0.0803773731136506,-8.31981186283583
7.7125,-3.59078596949968,-0.0803773731136506,-8.29434626522459
7.715,-3.61625825876574,-0.0803773731136506,-8.34018434092483
7.7175,-3.62135271661895,-0.0803773731136506,-8.34018434092483
7.72,-3.61116380091253,-0.0803773731136506,-8.34527746044708
7.7225,-3.61116380091253,-0.0803773731136506,-8.39620865566958
7.725,-3.61625825876574,-0.0803773731136506,-8.36564993853608
7.7275,-3.58569151164647,-0.0803773731136506,-8.42167425328083
7.73,-3.61116380091253,-0.0803773731136506,-8.35546369949158
7.7325,-3.60097488520611,-0.0803773731136506,-8.32999810188033
7.735,-3.58569151164647,-0.0803773731136506,-8.35546369949158
7.7375,-3.60097488520611,-0.0803773731136506,-8.32490498235808
7.74,-3.57550259594005,-0.0803773731136506,-8.32999810188033
7.7425,-3.59078596949968,-0.0803773731136506,-8.33509122140258
7.745,-3.646825005885,-0.0803773731136506,-8.34527746044708
7.7475,-3.58569151164647,-0.0803773731136506,-8.34527746044708
7.75,-3.58569151164647,-0.0803773731136506,-8.38092929710283
7.7525,-3.743619705096,-0.0803773731136506,-8.31471874331358
7.755,-3.60606934305932,-0.0803773731136506,-8.36055681901383
7.7575,-3.70795850012353,-0.0803773731136506,-8.32999810188033
7.76,-3.68248621085748,-0.0803773731136506,-8.37074305805833
7.7625,-3.646825005885,-0.0803773731136506,-8.31981186283583
7.765,-3.65701392159142,-0.0803773731136506,-8.33509122140258
7.7675,-3.64173054803179,-0.0803773731136506,-8.30453250426909
7.77,-3.63154163232537,-0.0803773731136506,-8.47769856802557
7.7725,-3.62135271661895,-0.0803773731136506,-8.43186049232532
7.775,-3.64173054803179,-0.0803773731136506,-8.32490498235808
7.7775,-3.63154163232537,-0.0803773731136506,-8.45223297041432
7.78,-3.68248621085748,-0.0803773731136506,-8.35546369949158
7.7825,-3.66720283729784,-0.0803773731136506,-8.35546369949158
7.785,-3.63154163232537,-0.0803773731136506,-8.34527746044708
7.7875,-3.67739175300426,-0.0803773731136506,-8.40639489471408
7.79,-3.64173054803179,-0.0803773731136506,-8.46241920945882
7.7925,-3.63154163232537,-0.0803773731136506,-8.33509122140258
7.795,-3.63154163232537,-0.0803773731136506,-8.28925314570234
7.7975,-3.63663609017858,-0.0803773731136506,-8.30962562379133
7.8,-3.62644717447216,-0.0803773731136506,-8.32490498235808
7.8025,-3.62135271661895,-0.0803773731136506,-8.29434626522459
7.805,-3.62135271661895,-0.0803773731136506,-8.33509122140258
7.8075,-3.646825005885,-0.0803773731136506,-8.29434626522459
7.81,-3.68248621085748,-0.0803773731136506,-8.36055681901383
7.8125,-3.646825005885,-0.0803773731136506,-8.41148801423633
7.815,-3.64173054803179,-0.0803773731136506,-8.33509122140258
7.8175,-3.63154163232537,-0.0803773731136506,-8.45732608993657
7.82,-3.63154163232537,-0.0803773731136506,-8.34527746044708
7.8225,-3.64173054803179,-0.0803773731136506,-8.32999810188033
7.825,-3.64173054803179,-0.0803773731136506,-8.42167425328083
7.8275,-3.63154163232537,-0.0803773731136506,-8.32490498235808
7.83,-3.65191946373821,-0.0803773731136506,-8.32490498235808
7.8325,-3.66720283729784,-0.0803773731136506,-8.30962562379133
7.835,-3.62644717447216,-0.0803773731136506,-8.34018434092483
7.8375,-3.64173054803179,-0.0803773731136506,-8.32490498235808
7.84,-3.63663609017858,-0.0803773731136506,-8.35037057996933
7.8425,-3.63154163232537,-0.0803773731136506,-8.33509122140258
7.845,-3.65191946373821,-0.0803773731136506,-8.36564993853608
7.8475,-3.646825005885,-0.0803773731136506,-8.35546369949158
7.85,-3.646825005885,-0.0803773731136506,-8.34018434092483
7.8525,-3.65191946373821,-0.0803773731136506,-8.36055681901383
7.855,-3.66720283729784,-0.0803773731136506,-8.37074305805833
7.8575,-3.69776958441711,-0.0803773731136506,-8.32490498235808
7.86,-3.68758066871069,-0.0803773731136506,-8.35037057996933
7.8625,-3.65701392159142,-0.0803773731136506,-8.35546369949158
7.865,-3.66210837944463,-0.0803773731136506,-8.28416002618009
7.8675,-3.68248621085748,-0.0803773731136506,-8.29434626522459
7.87,-3.66720283729784,-0.0803773731136506,-8.31981186283583
7.8725,-3.64173054803179,-0.0803773731136506,-8.32490498235808
7.875,-3.62135271661895,-0.0803773731136506,-8.32999810188033
7.8775,-3.63154163232537,-0.0803773731136506,-8.34527746044708
7.88,-3.64173054803179,-0.0803773731136506,-8.24341507000209
7.8825,-3.61625825876574,-0.0803773731136506,-8.26378754809109
7.885,-3.61116380091253,-0.0803773731136506,-8.28416002618009
7.8875,-3.65191946373821,-0.0803773731136506,-8.26378754809109
7.89,-3.63663609017858,-0.0803773731136506,-8.24850818952434
7.8925,-3.63663609017858,-0.0803773731136506,-8.27397378713559
7.895,-3.63154163232537,-0.0803773731136506,-8.28416002618009
7.8975,-3.62135271661895,-0.0803773731136506,-8.25360130904659
7.9,-3.61625825876574,-0.0803773731136506,-8.26888066761334
7.9025,-3.63154163232537,-0.0803773731136506,-8.26888066761334
7.905,-3.62135271661895,-0.0803773731136506,-8.26888066761334
7.9075,-3.66210837944463,-0.0803773731136506,-8.26888066761334
7.91,-3.64173054803179,-0.075281680307862,-8.27397378713559
7.9125,-3.63663609017858,-0.0803773731136506,-8.28416002618009
7.915,-3.63154163232537,-0.0803773731136506,-8.28416002618009
7.9175,-3.70795850012353,-0.0803773731136506,-8.29943938474683
7.92,-3.62135271661895,-0.0803773731136506,-8.29943938474683
7.9225,-3.62135271661895,-0.0803773731136506,-8.31471874331358
7.925,-3.62135271661895,-0.0803773731136506,-8.29434626522459
7.9275,-3.65191946373821,-0.0803773731136506,-8.34018434092483
7.93,-3.62644717447216,-0.0803773731136506,-8.28416002618009
7.9325,-3.63154163232537,-0.0803773731136506,-8.28925314570234
7.935,-3.62135271661895,-0.0803773731136506,-8.31471874331358
7.9375,-3.61116380091253,-0.0803773731136506,-8.34018434092483
7.94,-3.64173054803179,-0.0803773731136506,-8.23832195047984
7.9425,-3.64173054803179,-0.0803773731136506,-8.30962562379133
7.945,-3.63154163232537,-0.0803773731136506,-8.24341507000209
7.9475,-3.62135271661895,-0.0803773731136506,-8.24341507000209
7.95,-3.60606934305932,-0.0803773731136506,-8.23832195047984
7.9525,-3.59588042735289,-0.0803773731136506,-8.23322883095759
7.955,-3.59078596949968,-0.0803773731136506,-8.23832195047984
7.9575,-3.61116380091253,-0.0803773731136506,-8.23832195047984
7.96,-3.56531368023363,-0.0803773731136506,-8.27397378713559
7.9625,-3.55512476452721,-0.0803773731136506,-8.36055681901383
7.965,-3.55512476452721,-0.0803773731136506,-8.23832195047984
7.9675,-3.56531368023363,-0.0803773731136506,-8.28925314570234
7.97,-3.56531368023363,-0.0803773731136506,-8.23322883095759
7.9725,-3.53474693311437,-0.0803773731136506,-8.26888066761334
7.975,-3.52455801740795,-0.0803773731136506,-8.29943938474683
7.9775,-3.57550259594005,-0.0803773731136506,-8.28925314570234
7.98,-3.550030306674,-0.0803773731136506,-8.50825728515907
7.9825,-3.53984139096758,-0.0803773731136506,-8.26378754809109
7.985,-3.52455801740795,-0.0803773731136506,-8.27397378713559
7.9875,-3.56021922238042,-0.0803773731136506,-8.26378754809109
7.99,-3.51946355955474,-0.0803773731136506,-8.27906690665784
7.9925,-3.51436910170153,-0.0803773731136506,-8.36564993853608
7.995,-3.49908572814189,-0.0803773731136506,-8.38092929710283
7.9975,-3.48889681243547,-0.0803773731136506,-8.28416002618009
8,-3.48380235458226,-0.0803773731136506,-8.43695361184757
8.0025,-3.47870789672905,-0.0803773731136506,-8.44713985089207
8.005,-3.46851898102263,-0.0803773731136506,-8.44713985089207
8.0075,-3.46342452316942,-0.0803773731136506,-8.41658113375857
8.01,-3.45833006531621,-0.0803773731136506,-8.30453250426909
8.0125,-3.453235607463,-0.0803773731136506,-8.29943938474683
8.015,-3.44304669175658,-0.0803773731136506,-8.27397378713559
8.0175,-3.42776331819694,-0.0803773731136506,-8.51335040468132
8.02,-3.41757440249052,-0.0803773731136506,-8.44713985089207
8.0225,-3.41247994463731,-0.0803773731136506,-8.25360130904659
8.025,-3.39719657107768,-0.0803773731136506,-8.25360130904659
8.0275,-3.42266886034373,-0.0803773731136506,-8.27906690665784
8.03,-3.38191319751805,-0.0803773731136506,-8.28925314570234
8.0325,-3.38191319751805,-0.0803773731136506,-8.43186049232532
8.035,-3.36662982395842,-0.0803773731136506,-8.41148801423633
8.0375,-3.356440908252,-0.0803773731136506,-8.40639489471408
8.04,-3.32587416113273,-0.0803773731136506,-8.40639489471408
8.0425,-3.34625199254558,-0.0803773731136506,-8.39111553614733
8.045,-3.33096861898594,-0.0803773731136506,-8.39111553614733
8.0475,-3.32077970327952,-0.0803773731136506,-8.51335040468132
8.05,-3.34115753469236,-0.0803773731136506,-8.29434626522459
8.0525,-3.30549632971989,-0.0803773731136506,-8.33509122140258
8.055,-3.28002404045384,-0.0803773731136506,-8.32490498235808
8.0575,-3.27492958260063,-0.0803773731136506,-8.28925314570234
8.06,-3.26474066689421,-0.0803773731136506,-8.30962562379133
8.0625,-3.25455175118779,-0.0803773731136506,-8.31471874331358
8.065,-3.23926837762815,-0.0803773731136506,-8.34018434092483
8.0675,-3.25455175118779,-0.0803773731136506,-8.34527746044708
8.07,-3.23926837762815,-0.0803773731136506,-8.35546369949158
8.0725,-3.23926837762815,-0.0803773731136506,-8.36055681901383
8.075,-3.20360717265568,-0.0803773731136506,-8.34018434092483
8.0775,-3.26474066689421,-0.0803773731136506,-8.35546369949158
8.08,-3.20870163050889,-0.0803773731136506,-8.45732608993657
8.0825,-3.19341825694926,-0.0803773731136506,-8.44713985089207
8.085,-3.22398500406852,-0.0803773731136506,-8.28925314570234
8.0875,-3.16794596768321,-0.0803773731136506,-8.28416002618009
8.09,-3.16794596768321,-0.0803773731136506,-8.28925314570234
8.0925,-3.18832379909605,-0.0803773731136506,-8.28925314570234
8.095,-3.18832379909605,-0.0803773731136506,-8.28416002618009
8.0975,-3.15775705197678,-0.0803773731136506,-8.28925314570234
8.1,-3.15775705197678,-0.0803773731136506,-8.28416002618009
8.1025,-3.16285150982999,-0.0803773731136506,-8.28925314570234
8.105,-3.19341825694926,-0.0803773731136506,-8.28416002618009
8.1075,-3.27492958260063,-0.0803773731136506,-8.29943938474683
8.11,-3.28002404045384,-0.0803773731136506,-8.31471874331358
8.1125,-3.28002404045384,-0.0803773731136506,-8.32490498235808
8.115,-3.28511849830705,-0.0803773731136506,-8.32490498235808
8.1175,-3.29021295616026,-0.0803773731136506,-8.29434626522459
8.12,-3.31568524542631,-0.0803773731136506,-8.36564993853608
8.1225,-3.29530741401347,-0.0803773731136506,-8.32490498235808
8.125,-3.3105907875731,-0.0803773731136506,-8.31471874331358
8.1275,-3.38191319751805,-0.0803773731136506,-8.30962562379133
8.13,-3.37681873966484,-0.0803773731136506,-8.29434626522459
8.1325,-3.42266886034373,-0.0803773731136506,-8.34527746044708
8.135,-3.356440908252,-0.0803773731136506,-8.38602241662508
8.1375,-3.37681873966484,-0.0803773731136506,-8.30453250426909
8.14,-3.37681873966484,-0.0803773731136506,-8.30453250426909
8.1425,-3.38700765537126,-0.0803773731136506,-8.37583617758058
8.145,-3.39719657107768,-0.0803773731136506,-8.29943938474683
8.1475,-3.41247994463731,-0.0803773731136506,-8.31981186283583
8.15,-3.41757440249052,-0.0803773731136506,-8.35037057996933
8.1525,-3.52455801740795,-0.0803773731136506,-8.30962562379133
8.155,-3.47870789672905,-0.0803773731136506,-8.30453250426909
8.1575,-3.46342452316942,-0.0803773731136506,-8.30453250426909
8.16,-3.50927464384831,-0.0803773731136506,-8.32490498235808
8.1625,-3.47870789672905,-0.0803773731136506,-8.31471874331358
8.165,-3.48380235458226,-0.0803773731136506,-8.28925314570234
8.1675,-3.47870789672905,-0.0803773731136506,-8.28416002618009
8.17,-3.47870789672905,-0.0803773731136506,-8.29434626522459
8.1725,-3.48380235458226,-0.0803773731136506,-8.26378754809109
8.175,-3.49908572814189,-0.0803773731136506,-8.27397378713559
8.1775,-3.50927464384831,-0.0803773731136506,-8.26888066761334
8.18,-3.48889681243547,-0.0803773731136506,-8.30453250426909
8.1825,-3.46851898102263,-0.0803773731136506,-8.29943938474683
8.185,-3.46851898102263,-0.0803773731136506,-8.30962562379133
8.1875,-3.46342452316942,-0.0803773731136506,-8.25869442856884
8.19,-3.46851898102263,-0.0803773731136506,-8.25869442856884
8.1925,-3.48889681243547,-0.0803773731136506,-8.29434626522459
8.195,-3.51946355955474,-0.0803773731136506,-8.31471874331358
8.1975,-3.51436910170153,-0.0803773731136506,-8.30962562379133
8.2,-3.50927464384831,-0.0803773731136506,-8.33509122140258
8.2025,-3.53474693311437,-0.0803773731136506,-8.34527746044708
8.205,-3.51436910170153,-0.0803773731136506,-8.32490498235808
8.2075,-3.48889681243547,-0.0854730659194392,-8.33509122140258
8.21,-3.48380235458226,-0.0803773731136506,-8.39111553614733
8.2125,-3.48380235458226,-0.0803773731136506,-8.30962562379133
8.215,-3.47870789672905,-0.0803773731136506,-8.41658113375857
8.2175,-3.47870789672905,-0.075281680307862,-8.27397378713559
8.22,-3.46342452316942,-0.0803773731136506,-8.28416002618009
8.2225,-3.45833006531621,-0.0803773731136506,-8.26888066761334
8.225,-3.453235607463,-0.0803773731136506,-8.30453250426909
8.2275,-3.44814114960979,-0.0803773731136506,-8.37074305805833
8.23,-3.44304669175658,-0.0803773731136506,-8.27397378713559
8.2325,-3.46342452316942,-0.0803773731136506,-8.30453250426909
8.235,-3.43795223390337,-0.0803773731136506,-8.22813571143534
8.2375,-3.43795223390337,-0.0803773731136506,-8.23322883095759
8.24,-3.44304669175658,-0.0803773731136506,-8.23322883095759
8.2425,-3.44304669175658,-0.0803773731136506,-8.43186049232532
8.245,-3.43795223390337,-0.0803773731136506,-8.28416002618009
8.2475,-3.43795223390337,-0.0803773731136506,-8.26888066761334
8.25,-3.43795223390337,-0.0803773731136506,-8.23832195047984
8.2525,-3.453235607463,-0.0803773731136506,-8.25360130904659
8.255,-3.42266886034373,-0.0803773731136506,-8.25360130904659
8.2575,-3.41757440249052,-0.0803773731136506,-8.26378754809109
8.26,-3.41247994463731,-0.0803773731136506,-8.26888066761334
8.2625,-3.41247994463731,-0.0803773731136506,-8.26888066761334
8.265,-3.38700765537126,-0.0803773731136506,-8.31471874331358
8.2675,-3.38191319751805,-0.0803773731136506,-8.36055681901383
8.27,-3.40229102893089,-0.0803773731136506,-8.29943938474683
8.2725,-3.37172428181163,-0.0803773731136506,-8.29434626522459
8.275,-3.37172428181163,-0.0803773731136506,-8.36055681901383
8.2775,-3.40229102893089,-0.0803773731136506,-8.29943938474683
8.28,-3.41247994463731,-0.0803773731136506,-8.30962562379133
8.2825,-3.41247994463731,-0.0803773731136506,-8.31981186283583
8.285,-3.37172428181163,-0.0803773731136506,-8.35037057996933
8.2875,-3.36662982395842,-0.0803773731136506,-8.34527746044708
8.29,-3.41757440249052,-0.0803773731136506,-8.37583617758058
8.2925,-3.36662982395842,-0.0803773731136506,-8.41148801423633
8.295,-3.356440908252,-0.0803773731136506,-8.32999810188033
8.2975,-3.356440908252,-0.0803773731136506,-8.43186049232532
8.3,-3.31568524542631,-0.0803773731136506,-8.46241920945882
8.3025,-3.33606307683915,-0.0803773731136506,-8.44204673136982
8.305,-3.33096861898594,-0.0803773731136506,-8.40639489471408
8.3075,-3.32587416113273,-0.0803773731136506,-8.41148801423633
8.31,-3.34115753469236,-0.0803773731136506,-8.39111553614733
8.3125,-3.356440908252,-0.0803773731136506,-8.47769856802557
8.315,-3.32077970327952,-0.0803773731136506,-8.41658113375857
8.3175,-3.31568524542631,-0.0803773731136506,-8.38092929710283
8.32,-3.32077970327952,-0.0803773731136506,-8.39111553614733
8.3225,-3.34625199254558,-0.0803773731136506,-8.38602241662508
8.325,-3.33606307683915,-0.0803773731136506,-8.38602241662508
8.3275,-3.30549632971989,-0.0803773731136506,-8.37583617758058
8.33,-3.34115753469236,-0.0803773731136506,-8.35037057996933
8.3325,-3.30549632971989,-0.0854730659194392,-8.36564993853608
8.335,-3.30549632971989,-0.0803773731136506,-8.42167425328083
8.3375,-3.30040187186668,-0.0803773731136506,-8.42676737280307
8.34,-3.31568524542631,-0.0803773731136506,-8.39111553614733
8.3425,-3.31568524542631,-0.0803773731136506,-8.39620865566958
8.345,-3.33606307683915,-0.0803773731136506,-8.41148801423633
8.3475,-3.33606307683915,-0.0803773731136506,-8.40639489471408
8.35,-3.356440908252,-0.0803773731136506,-8.37074305805833
8.3525,-3.32077970327952,-0.0803773731136506,-8.40639489471408
8.355,-3.356440908252,-0.0803773731136506,-8.38092929710283
8.3575,-3.356440908252,-0.0803773731136506,-8.38092929710283
8.36,-3.32587416113273,-0.0803773731136506,-8.38092929710283
8.3625,-3.32077970327952,-0.0803773731136506,-8.38092929710283
8.365,-3.32077970327952,-0.0803773731136506,-8.41658113375857
8.3675,-3.32587416113273,-0.075281680307862,-8.41148801423633
8.37,-3.33096861898594,-0.0803773731136506,-8.35037057996933
8.3725,-3.33096861898594,-0.0803773731136506,-8.34527746044708
8.375,-3.35134645039879,-0.0803773731136506,-8.38092929710283
8.3775,-3.34625199254558,-0.0803773731136506,-8.40130177519183
8.38,-3.38191319751805,-0.0803773731136506,-8.41658113375857
8.3825,-3.3105907875731,-0.0854730659194392,-8.42167425328083
8.385,-3.3105907875731,-0.0803773731136506,-8.49297792659232
8.3875,-3.3105907875731,-0.0803773731136506,-8.40639489471408
8.39,-3.31568524542631,-0.0803773731136506,-8.39620865566958
8.3925,-3.33606307683915,-0.0803773731136506,-8.40130177519183
8.395,-3.3105907875731,-0.0803773731136506,-8.42676737280307
8.3975,-3.32587416113273,-0.0803773731136506,-8.42167425328083
8.4,-3.356440908252,-0.0803773731136506,-8.43695361184757
8.4025,-3.30040187186668,-0.0803773731136506,-8.45732608993657
8.405,-3.32077970327952,-0.0803773731136506,-8.46241920945882
8.4075,-3.33096861898594,-0.0803773731136506,-8.46751232898107
8.41,-3.29530741401347,-0.0803773731136506,-8.46751232898107
8.4125,-3.31568524542631,-0.0803773731136506,-8.45732608993657
8.415,-3.32077970327952,-0.0803773731136506,-8.50316416563682
8.4175,-3.30040187186668,-0.0803773731136506,-8.45223297041432
8.42,-3.32587416113273,-0.0803773731136506,-8.49297792659232
8.4225,-3.34115753469236,-0.0803773731136506,-8.49297792659232
8.425,-3.29530741401347,-0.0803773731136506,-8.46241920945882
8.4275,-3.30040187186668,-0.0803773731136506,-8.45732608993657
8.43,-3.29530741401347,-0.0803773731136506,-8.46241920945882
8.4325,-3.28511849830705,-0.0803773731136506,-8.46241920945882
8.435,-3.30549632971989,-0.0803773731136506,-8.46241920945882
8.4375,-3.30040187186668,-0.0803773731136506,-8.49297792659232
8.44,-3.3105907875731,-0.0803773731136506,-8.48788480707007
8.4425,-3.31568524542631,-0.0803773731136506,-8.68142334891555
8.445,-3.29530741401347,-0.0803773731136506,-8.50316416563682
8.4475,-3.259646209041,-0.0803773731136506,-8.46241920945882
8.45,-3.259646209041,-0.0803773731136506,-8.47769856802557
8.4525,-3.27492958260063,-0.0803773731136506,-8.49297792659232
8.455,-3.26983512474742,-0.0803773731136506,-8.49297792659232
8.4575,-3.23417391977494,-0.0803773731136506,-8.55918848038156
8.46,-3.25455175118779,-0.0803773731136506,-8.52862976324807
8.4625,-3.28002404045384,-0.0803773731136506,-8.57956095847056
8.465,-3.25455175118779,-0.0803773731136506,-8.51844352420357
8.4675,-3.27492958260063,-0.0803773731136506,-8.49297792659232
8.47,-3.29021295616026,-0.075281680307862,-8.51335040468132
8.4725,-3.30040187186668,-0.0803773731136506,-8.55409536085931
8.475,-3.29530741401347,-0.0803773731136506,-8.54900224133706
8.4775,-3.30549632971989,-0.0803773731136506,-8.55409536085931
8.48,-3.28002404045384,-0.0803773731136506,-8.53372288277031
8.4825,-3.30040187186668,-0.0803773731136506,-8.59484031703731
8.485,-3.32077970327952,-0.0803773731136506,-8.53372288277031
8.4875,-3.30040187186668,-0.0803773731136506,-8.53881600229256
8.49,-3.30549632971989,-0.0803773731136506,-8.53372288277031
8.4925,-3.356440908252,-0.0803773731136506,-8.58974719751506
8.495,-3.33606307683915,-0.0803773731136506,-8.49297792659232
8.4975,-3.453235607463,-0.0803773731136506,-8.63558527321531
8.5,-3.40229102893089,-0.0803773731136506,-8.58974719751506
8.5025,-3.48380235458226,-0.0803773731136506,-8.54390912181481
8.505,-3.48380235458226,-0.0803773731136506,-8.58974719751506
8.5075,-3.42776331819694,-0.0803773731136506,-8.53372288277031
8.51,-3.47870789672905,-0.0803773731136506,-8.52862976324807
8.5125,-3.453235607463,-0.0803773731136506,-8.52862976324807
8.515,-3.48889681243547,-0.0803773731136506,-8.55409536085931
8.5175,-3.54493584882079,-0.0803773731136506,-8.50825728515907
8.52,-3.53984139096758,-0.0803773731136506,-8.54900224133706
8.5225,-3.57040813808684,-0.0803773731136506,-8.51844352420357
8.525,-3.58569151164647,-0.0803773731136506,-8.55918848038156
8.5275,-3.55512476452721,-0.0803773731136506,-8.48279168754782
8.53,-3.62135271661895,-0.0803773731136506,-8.57446783894831
8.5325,-3.62135271661895,-0.0803773731136506,-8.57446783894831
8.535,-3.61625825876574,-0.0803773731136506,-8.52862976324807
8.5375,-3.63154163232537,-0.0803773731136506,-8.56937471942606
8.54,-3.61625825876574,-0.0803773731136506,-8.57446783894831
8.5425,-3.64173054803179,-0.0854730659194392,-8.52862976324807
8.545,-3.62135271661895,-0.0803773731136506,-8.43186049232532
8.5475,-3.64173054803179,-0.0803773731136506,-8.44204673136982
8.55,-3.60097488520611,-0.0803773731136506,-8.43186049232532
8.5525,-3.59078596949968,-0.0803773731136506,-8.45732608993657
8.555,-3.58059705379326,-0.0803773731136506,-8.45223297041432
8.5575,-3.56531368023363,-0.0803773731136506,-8.45223297041432
8.56,-3.56531368023363,-0.0803773731136506,-8.51844352420357
8.5625,-3.56531368023363,-0.0803773731136506,-8.54900224133706
8.565,-3.5041801859951,-0.075281680307862,-8.47769856802557
8.5675,-3.56531368023363,-0.0803773731136506,-8.47769856802557
8.57,-3.5041801859951,-0.075281680307862,-8.48788480707007
8.5725,-3.52455801740795,-0.0803773731136506,-8.48788480707007
8.575,-3.49908572814189,-0.0803773731136506,-8.48788480707007
8.5775,-3.48380235458226,-0.0803773731136506,-8.48788480707007
8.58,-3.50927464384831,-0.0803773731136506,-8.48788480707007
8.5825,-3.46342452316942,-0.0803773731136506,-8.56937471942606
8.585,-3.46342452316942,-0.0803773731136506,-8.59484031703731
8.5875,-3.45833006531621,-0.0803773731136506,-8.56937471942606
8.59,-3.45833006531621,-0.0803773731136506,-8.54390912181481
8.5925,-3.4073854867841,-0.0803773731136506,-8.54900224133706
8.595,-3.4073854867841,-0.0854730659194392,-8.52862976324807
8.5975,-3.41757440249052,-0.0803773731136506,-8.58974719751506
8.6,-3.356440908252,-0.0803773731136506,-8.56937471942606
8.6025,-3.4073854867841,-0.0803773731136506,-8.55409536085931
8.605,-3.41757440249052,-0.0803773731136506,-8.55409536085931
8.6075,-3.41247994463731,-0.0803773731136506,-8.62030591464856
8.61,-0.37108860627059,-0.0803773731136506,-8.62030591464856
8.6125,-3.68758066871069,-0.0803773731136506,-8.58974719751506
8.615,-3.70795850012353,-0.0803773731136506,-8.55918848038156
8.6175,-3.70795850012353,-0.0803773731136506,-8.55918848038156
8.62,-3.72833633153637,-0.0803773731136506,-8.55918848038156
8.6225,-3.72833633153637,-0.0803773731136506,-8.54900224133706
8.625,-3.70795850012353,-0.0803773731136506,-8.63049215369306
8.6275,-3.70795850012353,-0.0803773731136506,-8.62030591464856
8.63,-3.6926751265639,-0.0803773731136506,-8.54390912181481
8.6325,-3.69776958441711,-0.0803773731136506,-8.53372288277031
8.635,-3.6926751265639,-0.0803773731136506,-8.54390912181481
8.6375,-3.70795850012353,-0.0803773731136506,-8.61011967560406
8.64,-3.6926751265639,-0.0803773731136506,-8.53372288277031
8.6425,-3.68758066871069,-0.0803773731136506,-8.50825728515907
8.645,-3.67229729515105,-0.0803773731136506,-8.53881600229256
8.6475,-3.68758066871069,-0.0803773731136506,-8.53881600229256
8.65,-3.6926751265639,-0.0803773731136506,-8.61011967560406
8.6525,-3.69776958441711,-0.0803773731136506,-8.56428159990381
8.655,-3.70286404227032,-0.0803773731136506,-8.48788480707007
8.6575,-3.70286404227032,-0.0803773731136506,-8.50316416563682
8.66,-3.69776958441711,-0.0803773731136506,-8.49297792659232
8.6625,-3.67229729515105,-0.0803773731136506,-8.50316416563682
8.665,-3.70286404227032,-0.0803773731136506,-8.50316416563682
8.6675,-3.70286404227032,-0.0803773731136506,-8.6661439903488
8.67,-3.66210837944463,-0.0803773731136506,-8.52353664372582
8.6725,-3.66210837944463,-0.0803773731136506,-8.51335040468132
8.675,-3.65701392159142,-0.0803773731136506,-8.54390912181481
8.6775,-3.67229729515105,-0.0803773731136506,-8.52862976324807
8.68,-3.66210837944463,-0.0803773731136506,-8.59484031703731
8.6825,-3.61116380091253,-0.0803773731136506,-8.55918848038156
8.685,-3.64173054803179,-0.0803773731136506,-8.56428159990381
8.6875,-3.64173054803179,-0.0803773731136506,-8.51844352420357
8.69,-3.60606934305932,-0.0803773731136506,-8.52862976324807
8.6925,-3.60606934305932,-0.0803773731136506,-8.55918848038156
8.695,-3.60097488520611,-0.0803773731136506,-8.62539903417081
8.6975,-3.60606934305932,-0.0803773731136506,-8.61011967560406
8.7,-3.60097488520611,-0.0803773731136506,-8.50825728515907
8.7025,-3.58059705379326,-0.0803773731136506,-8.50316416563682
8.705,-3.57550259594005,-0.0803773731136506,-8.50825728515907
8.7075,-3.54493584882079,-0.0803773731136506,-8.50825728515907
8.71,-3.56531368023363,-0.0803773731136506,-8.55918848038156
8.7125,-3.56531368023363,-0.0803773731136506,-8.56428159990381
8.715,-3.56531368023363,-0.0803773731136506,-8.52353664372582
8.7175,-3.56531368023363,-0.0803773731136506,-8.52862976324807
8.72,-3.57040813808684,-0.0803773731136506,-8.48788480707007
8.7225,-3.57040813808684,-0.0803773731136506,-8.49807104611457
8.725,-0.0959878821972175,-0.0803773731136506,-8.48788480707007
8.7275,-0.0908934243440065,-0.0803773731136506,-8.56428159990381
8.73,-0.0908934243440065,-0.0803773731136506,-8.55918848038156
8.7325,-0.0908934243440065,-0.0803773731136506,-8.58974719751506
8.735,-3.356440908252,-0.0803773731136506,-8.53372288277031
8.7375,-3.35134645039879,-0.0803773731136506,-8.63049215369306
8.74,-3.34625199254558,-0.0803773731136506,-8.57956095847056
8.7425,-3.34115753469236,-0.0803773731136506,-8.56937471942606
8.745,-3.33606307683915,-0.0803773731136506,-8.54900224133706
8.7475,-3.31568524542631,-0.0803773731136506,-8.53881600229256
8.75,-3.30549632971989,-0.0803773731136506,-8.52862976324807
8.7525,-3.32077970327952,-0.0803773731136506,-8.48279168754782
8.755,-3.3105907875731,-0.0803773731136506,-8.62030591464856
8.7575,-3.32077970327952,-0.0803773731136506,-8.62030591464856
8.76,-3.32077970327952,-0.0803773731136506,-8.56937471942606
8.7625,-3.33606307683915,-0.0803773731136506,-8.59484031703731
8.765,-3.32587416113273,-0.0803773731136506,-8.50825728515907
8.7675,-3.30549632971989,-0.0803773731136506,-8.50825728515907
8.77,-3.32077970327952,-0.0803773731136506,-8.47769856802557
8.7725,-3.32077970327952,-0.0803773731136506,-8.51335040468132
8.775,-3.32077970327952,-0.0803773731136506,-8.50316416563682
8.7775,-3.30040187186668,-0.0803773731136506,-8.50825728515907
8.78,-3.30549632971989,-0.0803773731136506,-0.0995169539250416
8.7825,-3.33606307683915,-0.0803773731136506,-0.0995169539250416
8.785,-3.33606307683915,-0.0803773731136506,-8.50825728515907
8.7875,-3.33606307683915,-0.0803773731136506,-8.51844352420357
8.79,-3.33096861898594,-0.0803773731136506,-8.49807104611457
8.7925,-3.33096861898594,-0.0803773731136506,-8.68142334891555
8.795,-3.33096861898594,-0.0803773731136506,-8.58974719751506
8.7975,-3.31568524542631,-0.0803773731136506,-8.51844352420357
8.8,-3.35134645039879,-0.0803773731136506,-8.53881600229256
8.8025,-3.35134645039879,-0.0803773731136506,-8.52862976324807
8.805,-3.37172428181163,-0.0803773731136506,-8.47769856802557
8.8075,-3.38191319751805,-0.0803773731136506,-8.48788480707007
8.81,-3.37681873966484,-0.0803773731136506,-8.45223297041432
8.8125,-3.356440908252,-0.0803773731136506,-8.44204673136982
8.815,-3.37172428181163,-0.0803773731136506,-8.44204673136982
8.8175,-3.38191319751805,-0.0803773731136506,-8.43695361184757
8.82,-3.36662982395842,-0.0803773731136506,-8.44204673136982
8.8225,-3.44814114960979,-0.0803773731136506,-8.44204673136982
8.825,-3.44304669175658,-0.0803773731136506,-8.43186049232532
8.8275,-3.44814114960979,-0.0803773731136506,-8.50316416563682
8.83,-3.42776331819694,-0.0803773731136506,-8.45732608993657
8.8325,-3.42266886034373,-0.0803773731136506,-8.46751232898107
8.835,-3.42776331819694,-0.0803773731136506,-8.46751232898107
8.8375,-3.46342452316942,-0.0803773731136506,-8.44204673136982
8.84,-3.44304669175658,-0.0803773731136506,-8.43186049232532
8.8425,-3.453235607463,-0.0803773731136506,-8.44204673136982
8.845,-3.48889681243547,-0.0803773731136506,-8.46751232898107
8.8475,-3.51946355955474,-0.0803773731136506,-8.46751232898107
8.85,-3.49908572814189,-0.0803773731136506,-8.45732608993657
8.8525,-3.52455801740795,-0.0803773731136506,-8.49297792659232
8.855,-3.49908572814189,-0.0803773731136506,-8.49297792659232
8.8575,-3.51436910170153,-0.0803773731136506,-8.48279168754782
8.86,-3.55512476452721,-0.0803773731136506,-8.43695361184757
8.8625,-3.550030306674,-0.0803773731136506,-8.42676737280307
8.865,-3.54493584882079,-0.0803773731136506,-8.43186049232532
8.8675,-3.52965247526116,-0.0803773731136506,-8.46241920945882
8.87,-3.52455801740795,-0.0803773731136506,-8.43186049232532
8.8725,-3.54493584882079,-0.0803773731136506,-8.39620865566958
8.875,-3.56531368023363,-0.0803773731136506,-8.39620865566958
8.8775,-3.56021922238042,-0.0803773731136506,-8.39111553614733
8.88,-3.55512476452721,-0.0803773731136506,-8.42676737280307
8.8825,-3.59078596949968,-0.0803773731136506,-8.41658113375857
8.885,-3.550030306674,-0.0803773731136506,-8.38092929710283
8.8875,-3.55512476452721,-0.0803773731136506,-8.38092929710283
8.89,-3.55512476452721,-0.0803773731136506,-8.37583617758058
8.8925,-3.550030306674,-0.0803773731136506,-8.38602241662508
8.895,-3.550030306674,-0.0803773731136506,-8.34527746044708
8.8975,-3.58059705379326,-0.0803773731136506,-8.35037057996933
8.9,-3.56531368023363,-0.0803773731136506,-8.34527746044708
8.9025,-3.56021922238042,-0.0803773731136506,-8.38602241662508
8.905,-3.56531368023363,-0.0803773731136506,-8.34527746044708
8.9075,-3.56531368023363,-0.0803773731136506,-8.32999810188033
8.91,-3.61116380091253,-0.0803773731136506,-8.32999810188033
8.9125,-3.58569151164647,-0.0803773731136506,-8.32999810188033
8.915,-3.58569151164647,-0.0803773731136506,-8.37074305805833
8.9175,-3.60606934305932,-0.0803773731136506,-8.28925314570234
8.92,-3.58059705379326,-0.0803773731136506,-8.29943938474683
8.9225,-3.60606934305932,-0.0803773731136506,-8.28925314570234
8.925,-3.60606934305932,-0.0803773731136506,-8.31471874331358
8.9275,-3.60606934305932,-0.0803773731136506,-8.32999810188033
8.93,-3.60606934305932,-0.0854730659194392,-8.31471874331358
8.9325,-3.61116380091253,-0.0803773731136506,-8.37583617758058
8.935,-3.61625825876574,-0.0803773731136506,-8.43695361184757
8.9375,-3.65701392159142,-0.0803773731136506,-8.42676737280307
8.94,-3.63154163232537,-0.0803773731136506,-8.29943938474683
8.9425,-3.63154163232537,-0.075281680307862,-8.30453250426909
8.945,-3.64173054803179,-0.0803773731136506,-8.32490498235808
8.9475,-3.64173054803179,-0.0803773731136506,-8.39111553614733
8.95,-3.64173054803179,-0.0803773731136506,-8.32999810188033
8.9525,-3.65191946373821,-0.0803773731136506,-8.43186049232532
8.955,-3.66720283729784,-0.0803773731136506,-8.31981186283583
8.9575,-3.67229729515105,-0.0803773731136506,-8.31471874331358
8.96,-3.67229729515105,-0.0803773731136506,-8.31981186283583
8.9625,-3.67229729515105,-0.0803773731136506,-8.28925314570234
8.965,-3.73852524724279,-0.0803773731136506,-8.41658113375857
8.9675,-3.68248621085748,-0.0803773731136506,-8.34527746044708
8.97,-3.6926751265639,-0.0803773731136506,-8.29434626522459
8.9725,-3.71305295797674,-0.0803773731136506,-8.30962562379133
8.975,-3.71305295797674,-0.0803773731136506,-8.33509122140258
8.9775,-3.71305295797674,-0.0803773731136506,-8.31981186283583
8.98,-3.74871416294921,-0.0803773731136506,-8.30962562379133
8.9825,-3.72833633153637,-0.0803773731136506,-8.30453250426909
8.985,-3.73343078938958,-0.0803773731136506,-8.29943938474683
8.9875,-3.68248621085748,-0.0803773731136506,-8.29434626522459
8.99,-3.66210837944463,-0.0803773731136506,-8.28416002618009
8.9925,-3.66210837944463,-0.0803773731136506,-8.31471874331358
8.995,-3.74871416294921,-0.0803773731136506,-8.27397378713559
8.9975,-3.74871416294921,-0.0803773731136506,-8.30962562379133
9,-3.69776958441711,-0.0803773731136506,-8.24850818952434
9.0025,-3.69776958441711,-0.0803773731136506,-8.21285635286859
9.005,-3.71305295797674,-0.0803773731136506,-8.22813571143534
9.0075,-3.71305295797674,-0.0803773731136506,-8.19248387477959
9.01,-3.68758066871069,-0.0803773731136506,-8.23322883095759
9.0125,-3.71305295797674,-0.0803773731136506,-8.22304259191309
9.015,-3.71305295797674,-0.0803773731136506,-8.22304259191309
9.0175,-3.70795850012353,-0.0803773731136506,-8.16701827716835
9.02,-3.68248621085748,-0.0803773731136506,-8.1721113966906
9.0225,-3.70795850012353,-0.0803773731136506,-8.12627332099035
9.025,-3.70286404227032,-0.0803773731136506,-8.1619251576461
9.0275,-3.71814741582995,-0.0803773731136506,-8.1517389186016
9.03,-3.70286404227032,-0.075281680307862,-8.1517389186016
9.0325,-3.72833633153637,-0.0803773731136506,-8.1415526795571
9.035,-3.70286404227032,-0.0803773731136506,-8.13645956003485
9.0375,-3.69776958441711,-0.0803773731136506,-8.1415526795571
9.04,-3.70286404227032,-0.075281680307862,-8.17720451621285
9.0425,-3.68248621085748,-0.0803773731136506,-8.1415526795571
9.045,-3.70795850012353,-0.0803773731136506,-8.13645956003485
9.0475,-3.67229729515105,-0.0803773731136506,-8.1415526795571
9.05,-3.73852524724279,-0.0803773731136506,-8.1313664405126
9.0525,-3.71305295797674,-0.0803773731136506,-8.13645956003485
9.055,-3.71305295797674,-0.0803773731136506,-8.24850818952434
9.0575,-3.69776958441711,-0.0803773731136506,-8.16701827716835
9.06,-3.6926751265639,-0.0803773731136506,-8.1619251576461
9.0625,-3.68758066871069,-0.0803773731136506,-8.1517389186016
9.065,-3.68758066871069,-0.0803773731136506,-8.1619251576461
9.0675,-3.68758066871069,-0.0803773731136506,-8.18229763573509
9.07,-3.68248621085748,-0.0803773731136506,-8.1415526795571
9.0725,-3.68758066871069,-0.0803773731136506,-8.1313664405126
9.075,-3.6926751265639,-0.075281680307862,-8.0804352452901
9.0775,-3.70286404227032,-0.0803773731136506,-8.09571460385685
9.08,-3.70286404227032,-0.0803773731136506,-8.15683203812385
9.0825,-3.6926751265639,-0.0803773731136506,-8.1619251576461
9.085,-3.6926751265639,-0.0803773731136506,-8.1109939624236
9.0875,-3.6926751265639,-0.0803773731136506,-8.1211802014681
9.09,-3.68758066871069,-0.0803773731136506,-8.08552836481235
9.0925,-3.68248621085748,-0.0803773731136506,-8.1211802014681
9.095,-3.70286404227032,-0.0803773731136506,-8.0804352452901
9.0975,-3.72324187368316,-0.0803773731136506,-8.06006276720111
9.1,-3.67229729515105,-0.0803773731136506,-8.10590084290135
9.1025,-3.69776958441711,-0.0803773731136506,-8.07534212576785
9.105,-3.69776958441711,-0.0803773731136506,-8.0804352452901
9.1075,-3.66720283729784,-0.0803773731136506,-8.07534212576785
9.11,-3.66210837944463,-0.0803773731136506,-8.0804352452901
9.1125,-3.68758066871069,-0.0803773731136506,-8.04987652815661
9.115,-3.70795850012353,-0.0803773731136506,-8.03459716958986
9.1175,-3.65191946373821,-0.0803773731136506,-8.0804352452901
9.12,-3.646825005885,-0.0803773731136506,-8.0804352452901
9.1225,-3.67229729515105,-0.0803773731136506,-8.0804352452901
9.125,-3.6926751265639,-0.0803773731136506,-8.0804352452901
9.1275,-3.67739175300426,-0.0803773731136506,-8.0906214843346
9.13,-3.69776958441711,-0.0803773731136506,-8.1415526795571
9.1325,-3.68758066871069,-0.0803773731136506,-8.12627332099035
9.135,-3.69776958441711,-0.0803773731136506,-8.1211802014681
9.1375,-3.67739175300426,-0.0803773731136506,-8.1313664405126
9.14,-3.67739175300426,-0.0803773731136506,-8.12627332099035
9.1425,-3.66720283729784,-0.0803773731136506,-8.1721113966906
9.145,-3.66720283729784,-0.0803773731136506,-8.1211802014681
9.1475,-3.67229729515105,-0.0803773731136506,-8.12627332099035
9.15,-3.67229729515105,-0.0803773731136506,-8.1313664405126
9.1525,-3.67229729515105,-0.0803773731136506,-8.1313664405126
9.155,-3.66720283729784,-0.0803773731136506,-8.11608708194585
9.1575,-3.67229729515105,-0.0803773731136506,-8.1109939624236
9.16,-3.6926751265639,-0.0803773731136506,-8.1211802014681
9.1625,-3.6926751265639,-0.0803773731136506,-8.14664579907935
9.165,-3.66720283729784,-0.0803773731136506,-8.1109939624236
9.1675,-3.66210837944463,-0.0803773731136506,-8.13645956003485
9.17,-3.66210837944463,-0.0803773731136506,-8.1415526795571
9.1725,-3.65701392159142,-0.0803773731136506,-8.20267011382409
9.175,-3.65701392159142,-0.0803773731136506,-8.19248387477959
9.1775,-3.68248621085748,-0.0803773731136506,-8.1415526795571
9.18,-3.63663609017858,-0.075281680307862,-8.21285635286859
9.1825,-3.64173054803179,-0.0803773731136506,-8.21794947239084
9.185,-3.646825005885,-0.0803773731136506,-8.22813571143534
9.1875,-3.646825005885,-0.0803773731136506,-8.1721113966906
9.19,-3.65701392159142,-0.0803773731136506,-8.16701827716835
9.1925,-3.68248621085748,-0.0803773731136506,-8.16701827716835
9.195,-3.72833633153637,-0.0803773731136506,-8.23322883095759
9.1975,-3.70286404227032,-0.0803773731136506,-8.21285635286859
9.2,-3.71305295797674,-0.0803773731136506,-8.21794947239084
9.2025,-3.71305295797674,-0.0803773731136506,-8.23832195047984
9.205,-3.70286404227032,-0.0803773731136506,-8.22813571143534
9.2075,-3.70795850012353,-0.0803773731136506,-8.19248387477959
9.21,-3.73343078938958,-0.0803773731136506,-8.20776323334634
9.2125,-3.75890307865563,-0.0803773731136506,-8.20776323334634
9.215,-3.6926751265639,-0.0803773731136506,-8.21794947239084
9.2175,-3.69776958441711,-0.0803773731136506,-8.21285635286859
9.22,-3.70286404227032,-0.0803773731136506,-8.22304259191309
9.2225,-3.72833633153637,-0.0803773731136506,-8.28416002618009
9.225,-3.69776958441711,-0.0803773731136506,-8.24850818952434
9.2275,-3.6926751265639,-0.0803773731136506,-8.26378754809109
9.23,-3.743619705096,-0.0803773731136506,-8.23832195047984
9.2325,-3.71305295797674,-0.0803773731136506,-8.30453250426909
9.235,-3.70286404227032,-0.0803773731136506,-8.25869442856884
9.2375,-3.70286404227032,-0.0803773731136506,-8.26888066761334
9.24,-3.73852524724279,-0.0803773731136506,-8.27397378713559
9.2425,-3.74871416294921,-0.0803773731136506,-8.28416002618009
9.245,-3.74871416294921,-0.0803773731136506,-8.27397378713559
9.2475,-3.75380862080242,-0.0803773731136506,-8.27397378713559
9.25,-3.74871416294921,-0.0803773731136506,-8.30962562379133
9.2525,-3.76909199436206,-0.0803773731136506,-8.32999810188033
9.255,-3.81494211504095,-0.0803773731136506,-8.31981186283583
9.2575,-3.83531994645379,-0.0803773731136506,-8.30453250426909
9.26,-3.77928091006848,-0.0803773731136506,-8.31981186283583
9.2625,-3.78437536792169,-0.0803773731136506,-8.32490498235808
9.265,-3.82513103074737,-0.0803773731136506,-8.34018434092483
9.2675,-3.82513103074737,-0.0803773731136506,-8.31471874331358
9.27,-3.83022548860058,-0.0803773731136506,-8.31471874331358
9.2725,-3.80984765718774,-0.0803773731136506,-8.35037057996933
9.275,-3.81494211504095,-0.0803773731136506,-8.35037057996933
9.2775,-3.86079223571985,-0.0803773731136506,-8.36055681901383
9.28,-3.86079223571985,-0.0803773731136506,-8.36564993853608
9.2825,-3.85569777786664,-0.0803773731136506,-8.37074305805833
9.285,-3.8862645249859,-0.0803773731136506,-8.36564993853608
9.2875,-3.84550886216021,-0.0803773731136506,-8.41148801423633
9.29,-3.84550886216021,-0.0803773731136506,-8.49807104611457
9.2925,-3.84550886216021,-0.0803773731136506,-8.34018434092483
9.295,-3.840414404307,-0.0803773731136506,-8.38602241662508
9.2975,-3.84550886216021,-0.0803773731136506,-8.39111553614733
9.3,-3.840414404307,-0.0803773731136506,-8.46751232898107
9.3025,-3.82003657289416,-0.0803773731136506,-8.41658113375857
9.305,-3.80984765718774,-0.0803773731136506,-8.46241920945882
9.3075,-3.80984765718774,-0.0803773731136506,-8.39111553614733
9.31,-3.80984765718774,-0.0803773731136506,-8.40130177519183
9.3125,-3.80475319933453,-0.0803773731136506,-8.38092929710283
9.315,-3.79456428362811,-0.0803773731136506,-8.48788480707007
9.3175,-3.78437536792169,-0.0803773731136506,-8.43695361184757
9.32,-3.77928091006848,-0.0803773731136506,-8.39620865566958
9.3225,-3.77418645221527,-0.0803773731136506,-8.41658113375857
9.325,-3.76909199436206,-0.0803773731136506,-8.46751232898107
9.3275,-3.78437536792169,-0.0803773731136506,-8.37583617758058
9.33,-3.75380862080242,-0.0803773731136506,-8.44204673136982
9.3325,-3.74871416294921,-0.0803773731136506,-8.37074305805833
9.335,-3.76909199436206,-0.0803773731136506,-8.37074305805833
9.3375,-3.73343078938958,-0.0803773731136506,-8.38092929710283
9.34,-3.72833633153637,-0.0803773731136506,-8.38602241662508
9.3425,-3.71305295797674,-0.0803773731136506,-8.53881600229256
9.345,-3.71305295797674,-0.075281680307862,-8.37583617758058
9.3475,-3.70286404227032,-0.0803773731136506,-8.37074305805833
9.35,-3.68758066871069,-0.0803773731136506,-8.51844352420357
9.3525,-3.68758066871069,-0.0803773731136506,-8.49297792659232
9.355,-3.67229729515105,-0.0803773731136506,-8.51335040468132
9.3575,-3.66210837944463,-0.0803773731136506,-8.48788480707007
9.36,-3.67739175300426,-0.0803773731136506,-8.41658113375857
9.3625,-3.65191946373821,-0.0803773731136506,-8.44713985089207
9.365,-3.646825005885,-0.0803773731136506,-8.42167425328083
9.3675,-3.65191946373821,-0.0803773731136506,-8.42676737280307
9.37,-3.65191946373821,-0.075281680307862,-8.45732608993657
9.3725,-3.64173054803179,-0.0803773731136506,-8.6661439903488
9.375,-3.646825005885,-0.0803773731136506,-8.65086463178205
9.3775,-3.68248621085748,-0.0803773731136506,-8.51844352420357
9.38,-3.646825005885,-0.0854730659194392,-8.67123710987105
9.3825,-3.63154163232537,-0.0803773731136506,-8.48279168754782
9.385,-3.62644717447216,-0.0803773731136506,-8.51844352420357
9.3875,-3.646825005885,-0.0803773731136506,-8.52862976324807
9.39,-3.62135271661895,-0.0803773731136506,-8.50825728515907
9.3925,-3.61116380091253,-0.0803773731136506,-8.54900224133706
9.395,-3.61116380091253,-0.0803773731136506,-8.53372288277031
9.3975,-3.58059705379326,-0.0803773731136506,-8.54390912181481
9.4,-3.57040813808684,-0.0803773731136506,-8.59993343655956
9.4025,-3.58569151164647,-0.0803773731136506,-8.56937471942606
9.405,-3.58569151164647,-0.0803773731136506,-8.58465407799281
9.4075,-3.55512476452721,-0.0803773731136506,-8.58465407799281
9.41,-3.55512476452721,-0.0803773731136506,-8.56937471942606
9.4125,-3.57040813808684,-0.0803773731136506,-8.64577151225981
9.415,-3.56021922238042,-0.0803773731136506,-8.57446783894831
9.4175,-3.550030306674,-0.0803773731136506,-8.62539903417081
9.42,-3.56531368023363,-0.0803773731136506,-8.60502655608181
9.4225,-3.53984139096758,-0.0803773731136506,-8.61521279512631
9.425,-3.53984139096758,-0.0803773731136506,-8.59484031703731
9.4275,-3.53984139096758,-0.0803773731136506,-8.6865164684378
9.43,-3.53474693311437,-0.0803773731136506,-8.64577151225981
9.4325,-3.52965247526116,-0.0803773731136506,-8.7068889465268
9.435,-3.53474693311437,-0.0803773731136506,-8.64577151225981
9.4375,-3.58059705379326,-0.0803773731136506,-8.65086463178205
9.44,-3.51436910170153,-0.075281680307862,-8.64067839273756
9.4425,-3.53474693311437,-0.0803773731136506,-8.6967027074823
9.445,-3.57040813808684,-0.0803773731136506,-8.66105087082655
9.4475,-3.54493584882079,-0.0803773731136506,-8.66105087082655
9.45,-3.55512476452721,-0.075281680307862,-8.59993343655956
9.4525,-3.550030306674,-0.0803773731136506,-8.62030591464856
9.455,-3.53474693311437,-0.0803773731136506,-8.60502655608181
9.4575,-3.52965247526116,-0.0803773731136506,-8.59484031703731
9.46,-3.49399127028868,-0.0803773731136506,-8.63049215369306
9.4625,-3.5041801859951,-0.0803773731136506,-8.63049215369306
9.465,-3.46851898102263,-0.0803773731136506,-8.60502655608181
9.4675,-3.47870789672905,-0.0803773731136506,-8.59484031703731
9.47,-3.47870789672905,-0.0803773731136506,-8.59484031703731
9.4725,-3.42776331819694,-0.0854730659194392,-8.82403069553854
9.475,-3.42266886034373,-0.0803773731136506,-8.61011967560406
9.4775,-3.41247994463731,-0.0803773731136506,-8.53372288277031
9.48,-3.42776331819694,-0.0803773731136506,-8.80365821744954
9.4825,-3.42776331819694,-0.0803773731136506,-8.7272614246158
9.485,-3.4073854867841,-0.0803773731136506,-8.7578201417493
9.4875,-3.42266886034373,-0.0803773731136506,-8.53372288277031
9.49,-3.4073854867841,-0.0803773731136506,-8.53372288277031
9.4925,-3.41247994463731,-0.0803773731136506,-8.54900224133706
9.495,-3.41247994463731,-0.0803773731136506,-8.55409536085931
9.4975,-3.41247994463731,-0.075281680307862,-8.56937471942606
9.5,-3.38700765537126,-0.0803773731136506,-8.58465407799281
9.5025,-3.39210211322447,-0.0803773731136506,-8.58465407799281
9.505,-3.42266886034373,-0.0803773731136506,-8.61011967560406
9.5075,-3.53984139096758,-0.0803773731136506,-8.61011967560406
9.51,-3.49399127028868,-0.0803773731136506,-8.64067839273756
9.5125,-3.49908572814189,-0.0803773731136506,-8.64067839273756
9.515,-3.47870789672905,-0.0803773731136506,-8.65086463178205
9.5175,-3.47361343887584,-0.0803773731136506,-8.67123710987105
9.52,-3.5041801859951,-0.075281680307862,-8.6763302293933
9.5225,-3.46342452316942,-0.0803773731136506,-8.64067839273756
9.525,-3.45833006531621,-0.0803773731136506,-8.63049215369306
9.5275,-3.45833006531621,-0.0803773731136506,-8.6865164684378
9.53,-3.45833006531621,-0.0803773731136506,-8.69160958796005
9.5325,-3.48380235458226,-0.0803773731136506,-8.65086463178205
9.535,-3.47870789672905,-0.0803773731136506,-8.6763302293933
9.5375,-3.45833006531621,-0.0803773731136506,-8.6661439903488
9.54,-3.48380235458226,-0.0803773731136506,-8.7578201417493
9.5425,-3.48380235458226,-0.075281680307862,-8.70179582700455
9.545,-3.46851898102263,-0.0803773731136506,-8.6967027074823
9.5475,-3.48380235458226,-0.0803773731136506,-8.71198206604905
9.55,-3.48380235458226,-0.0803773731136506,-8.72216830509355
9.5525,-3.52455801740795,-0.0803773731136506,-8.6967027074823
9.555,-3.51436910170153,-0.0803773731136506,-8.72216830509355
9.5575,-3.48889681243547,-0.0803773731136506,-8.7374476636603
9.56,-3.50927464384831,-0.0803773731136506,-8.7272614246158
9.5625,-3.51436910170153,-0.0803773731136506,-8.69160958796005
9.565,-3.44304669175658,-0.0803773731136506,-8.72216830509355
9.5675,-3.46342452316942,-0.0803773731136506,-8.65086463178205
9.57,-3.46342452316942,-0.075281680307862,-8.6763302293933
9.5725,-3.57550259594005,-0.0803773731136506,-8.71198206604905
9.575,-3.49908572814189,-0.0803773731136506,-8.7068889465268
9.5775,-3.58059705379326,-0.0803773731136506,-8.69160958796005
9.58,-3.56021922238042,-0.0803773731136506,-8.65086463178205
9.5825,-3.52455801740795,-0.0803773731136506,-8.7272614246158
9.585,-3.52965247526116,-0.0803773731136506,-8.6865164684378
9.5875,-3.56531368023363,-0.0803773731136506,-8.70179582700455
9.59,-3.54493584882079,-0.0803773731136506,-8.6661439903488
9.5925,-3.60606934305932,-0.075281680307862,-8.7272614246158
9.595,-3.61116380091253,-0.0803773731136506,-8.63558527321531
9.5975,-3.61116380091253,-0.0803773731136506,-8.64067839273756
9.6,-3.61116380091253,-0.0803773731136506,-8.65086463178205
9.6025,-3.55512476452721,-0.0803773731136506,-8.68142334891555
9.605,-3.57550259594005,-0.0803773731136506,-8.6967027074823
9.6075,-3.58569151164647,-0.0803773731136506,-8.71198206604905
9.61,-3.59078596949968,-0.0803773731136506,-8.6661439903488
9.6125,-3.58569151164647,-0.0803773731136506,-8.6967027074823
9.615,-3.59588042735289,-0.0803773731136506,-8.6763302293933
9.6175,-3.60606934305932,-0.0803773731136506,-8.63049215369306
9.62,-3.61625825876574,-0.0803773731136506,-8.66105087082655
9.6225,-3.76909199436206,-0.0803773731136506,-8.63049215369306
9.625,-3.65701392159142,-0.0803773731136506,-8.67123710987105
9.6275,-3.66210837944463,-0.0803773731136506,-8.71198206604905
9.63,-3.68248621085748,-0.0803773731136506,-8.67123710987105
9.6325,-3.68248621085748,-0.0803773731136506,-8.68142334891555
9.635,-3.66720283729784,-0.0803773731136506,-8.6559577513043
9.6375,-3.69776958441711,-0.0803773731136506,-8.67123710987105
9.64,-3.69776958441711,-0.0803773731136506,-8.67123710987105
9.6425,-3.44814114960979,-0.0803773731136506,-8.77819261983829
9.645,-3.60097488520611,-0.0803773731136506,-8.71198206604905
9.6475,-3.62644717447216,-0.0803773731136506,-8.7170751855713
9.65,-3.59588042735289,-0.0803773731136506,-8.73235454413805
9.6525,-3.61116380091253,-0.0803773731136506,-8.7068889465268
9.655,-3.61625825876574,-0.0803773731136506,-8.72216830509355
9.6575,-3.62135271661895,-0.0803773731136506,-8.72216830509355
9.66,-3.62644717447216,-0.0803773731136506,-8.71198206604905
9.6625,-3.63154163232537,-0.0803773731136506,-8.7374476636603
9.665,-3.646825005885,-0.0803773731136506,-8.74254078318255
9.6675,-3.68248621085748,-0.0803773731136506,-8.71198206604905
9.67,-3.72324187368316,-0.0803773731136506,-8.7374476636603
9.6725,-3.70795850012353,-0.0803773731136506,-8.7374476636603
9.675,-3.67229729515105,-0.0803773731136506,-8.65086463178205
9.6775,-3.68248621085748,-0.0803773731136506,-8.65086463178205
9.68,-3.69776958441711,-0.0803773731136506,-8.65086463178205
9.6825,-3.71814741582995,-0.0803773731136506,-8.80365821744954
9.685,-3.71305295797674,-0.0803773731136506,-8.79856509792729
9.6875,-3.70286404227032,-0.0803773731136506,-8.6763302293933
9.69,-3.70286404227032,-0.0803773731136506,-8.7476339027048
9.6925,-3.68758066871069,-0.075281680307862,-8.7272614246158
9.695,-3.71305295797674,-0.0803773731136506,-8.72216830509355
9.6975,-3.71814741582995,-0.0803773731136506,-8.72216830509355
9.7,-3.70286404227032,-0.075281680307862,-8.7578201417493
9.7025,-3.68248621085748,-0.0803773731136506,-8.75272702222705
9.705,-3.70286404227032,-0.0803773731136506,-8.61521279512631
9.7075,-3.72833633153637,-0.0803773731136506,-8.62030591464856
9.71,-3.71305295797674,-0.0803773731136506,-8.63049215369306
9.7125,-3.70795850012353,-0.0803773731136506,-8.80365821744954
9.715,-3.6926751265639,-0.0803773731136506,-8.67123710987105
9.7175,-3.69776958441711,-0.0803773731136506,-8.67123710987105
9.72,-3.68758066871069,-0.0803773731136506,-8.67123710987105
9.7225,-3.68248621085748,-0.0803773731136506,-8.67123710987105
9.725,-3.68248621085748,-0.0803773731136506,-8.6763302293933
9.7275,-3.68248621085748,-0.0803773731136506,-8.6865164684378
9.73,-3.71814741582995,-0.0803773731136506,-8.71198206604905
9.7325,-3.68758066871069,-0.0803773731136506,-8.75272702222705
9.735,-3.68758066871069,-0.075281680307862,-8.74254078318255
9.7375,-3.73343078938958,-0.0803773731136506,-8.76291326127155
9.74,-3.68758066871069,-0.0803773731136506,-8.73235454413805
9.7425,-3.68758066871069,-0.0803773731136506,-8.7170751855713
9.745,-3.71814741582995,-0.0803773731136506,-8.76800638079379
9.7475,-3.74871416294921,-0.0803773731136506,-8.7272614246158
9.75,-3.75380862080242,-0.0803773731136506,-8.82403069553854
9.7525,-3.75380862080242,-0.075281680307862,-8.7170751855713
9.755,-3.74871416294921,-0.0803773731136506,-8.7272614246158
9.7575,-3.74871416294921,-0.0803773731136506,-8.68142334891555
9.76,-3.74871416294921,-0.0803773731136506,-8.6967027074823
9.7625,-3.75890307865563,-0.0803773731136506,-8.69160958796005
9.765,-3.78437536792169,-0.0803773731136506,-8.6967027074823
9.7675,-3.78437536792169,-0.0803773731136506,-8.69160958796005
9.77,-3.82513103074737,-0.0803773731136506,-8.7272614246158
9.7725,-3.7894698257749,-0.0803773731136506,-8.73235454413805
9.775,-3.81494211504095,-0.0803773731136506,-8.7272614246158
9.7775,-3.80475319933453,-0.0803773731136506,-8.84440317362754
9.78,-3.79456428362811,-0.0803773731136506,-8.69160958796005
9.7825,-3.80984765718774,-0.0803773731136506,-8.73235454413805
9.785,-3.7894698257749,-0.0803773731136506,-8.72216830509355
9.7875,-3.77928091006848,-0.0803773731136506,-8.74254078318255
9.79,-3.76909199436206,-0.0803773731136506,-8.71198206604905
9.7925,-3.75890307865563,-0.0803773731136506,-8.75272702222705
9.795,-3.75380862080242,-0.075281680307862,-8.7578201417493
9.7975,-3.75380862080242,-0.0803773731136506,-8.76291326127155
9.8,-3.74871416294921,-0.0803773731136506,-8.78837885888279
9.8025,-3.73852524724279,-0.0803773731136506,-8.7578201417493
9.805,-3.73852524724279,-0.0803773731136506,-8.7578201417493
9.8075,-3.77418645221527,-0.0803773731136506,-8.78837885888279
9.81,-3.76909199436206,-0.0803773731136506,-8.79347197840504
9.8125,-3.75890307865563,-0.0803773731136506,-8.78837885888279
9.815,-3.76399753650884,-0.0803773731136506,-8.76291326127155
9.8175,-3.743619705096,-0.0803773731136506,-8.78328573936054
9.82,-3.76399753650884,-0.0803773731136506,-8.78837885888279
9.8225,-3.76399753650884,-0.0803773731136506,-8.86986877123879
9.825,-3.76399753650884,-0.0803773731136506,-8.75272702222705
9.8275,-3.73852524724279,-0.0803773731136506,-8.80365821744954
9.83,-3.76909199436206,-0.0803773731136506,-8.77819261983829
9.8325,-3.76909199436206,-0.0803773731136506,-8.79347197840504
9.835,-3.76399753650884,-0.075281680307862,-8.72216830509355
9.8375,-3.76399753650884,-0.075281680307862,-8.72216830509355
9.84,-3.73852524724279,-0.0803773731136506,-8.76291326127155
9.8425,-3.743619705096,-0.0803773731136506,-8.75272702222705
9.845,-3.76399753650884,-0.0803773731136506,-8.7476339027048
9.8475,-3.72324187368316,-0.0803773731136506,-8.76291326127155
9.85,-3.72324187368316,-0.0803773731136506,-8.7272614246158
9.8525,-3.70795850012353,-0.0803773731136506,-8.7374476636603
9.855,-3.70795850012353,-0.0803773731136506,-8.78837885888279
9.8575,-3.6926751265639,-0.0803773731136506,-8.7578201417493
9.86,-3.68248621085748,-0.075281680307862,-8.76291326127155
9.8625,-3.67229729515105,-0.0803773731136506,-8.85968253219429
9.865,-3.71305295797674,-0.0803773731136506,-8.75272702222705
9.8675,-3.66210837944463,-0.0803773731136506,-8.7476339027048
9.87,-3.66720283729784,-0.0803773731136506,-8.77309950031604
9.8725,-3.66210837944463,-0.0803773731136506,-8.77309950031604
9.875,-3.65701392159142,-0.0803773731136506,-8.77309950031604
9.8775,-3.65191946373821,-0.0803773731136506,-8.76291326127155
9.88,-3.62135271661895,-0.0803773731136506,-8.80365821744954
9.8825,-3.59078596949968,-0.0803773731136506,-8.79856509792729
9.885,-3.58569151164647,-0.0803773731136506,-8.78837885888279
9.8875,-3.58059705379326,-0.0803773731136506,-8.80365821744954
9.89,-3.61625825876574,-0.0803773731136506,-8.79856509792729
9.8925,-3.58059705379326,-0.0803773731136506,-8.76800638079379
9.895,-3.57040813808684,-0.0803773731136506,-8.7578201417493
9.8975,-3.56531368023363,-0.0803773731136506,-8.78837885888279
9.9,-3.58059705379326,-0.0803773731136506,-8.77819261983829
9.9025,-3.57040813808684,-0.075281680307862,-8.77819261983829
9.905,-3.53984139096758,-0.0803773731136506,-8.72216830509355
9.9075,-3.54493584882079,-0.0803773731136506,-8.72216830509355
9.91,-3.51946355955474,-0.0803773731136506,-8.7170751855713
9.9125,-3.53474693311437,-0.0803773731136506,-8.76800638079379
9.915,-3.47870789672905,-0.0803773731136506,-8.76291326127155
9.9175,-3.47361343887584,-0.0803773731136506,-8.73235454413805
9.92,-3.46851898102263,-0.0803773731136506,-8.76291326127155
9.9225,-3.44304669175658,-0.0803773731136506,-8.68142334891555
9.925,-3.43795223390337,-0.0803773731136506,-8.69160958796005
9.9275,-3.45833006531621,-0.0803773731136506,-8.7170751855713
9.93,-3.43285777605016,-0.0803773731136506,-8.74254078318255
9.9325,-3.43795223390337,-0.0803773731136506,-8.67123710987105
9.935,-3.41757440249052,-0.075281680307862,-8.67123710987105
9.9375,-3.40229102893089,-0.0803773731136506,-8.6967027074823
9.94,-3.4073854867841,-0.0803773731136506,-8.73235454413805
9.9425,-3.38191319751805,-0.0803773731136506,-8.6763302293933
9.945,-3.38700765537126,-0.0803773731136506,-8.6661439903488
9.9475,-3.37681873966484,-0.0803773731136506,-8.68142334891555
9.95,-3.37681873966484,-0.0803773731136506,-8.73235454413805
9.9525,-3.40229102893089,-0.0803773731136506,-8.67123710987105
9.955,-3.356440908252,-0.0803773731136506,-8.63049215369306
9.9575,-3.36662982395842,-0.0803773731136506,-8.63049215369306
9.96,-3.36662982395842,-0.0803773731136506,-8.65086463178205
9.9625,-3.43795223390337,-0.0803773731136506,-8.68142334891555
9.965,-3.37172428181163,-0.0803773731136506,-8.61521279512631
9.9675,-3.37681873966484,-0.0803773731136506,-8.61011967560406
9.97,-3.356440908252,-0.0803773731136506,-8.61521279512631
9.9725,-3.356440908252,-0.0803773731136506,-8.59993343655956
9.975,-3.41757440249052,-0.0803773731136506,-8.59993343655956
9.9775,-3.40229102893089,-0.0803773731136506,-8.59484031703731
9.98,-3.38191319751805,-0.0803773731136506,-8.62539903417081
9.9825,-3.38700765537126,-0.0803773731136506,-8.58974719751506
9.985,-3.39210211322447,-0.075281680307862,-8.57956095847056
9.9875,-3.39719657107768,-0.0803773731136506,-8.56937471942606
9.99,-3.40229102893089,-0.0803773731136506,-8.56428159990381
9.9925,-3.4073854867841,-0.0803773731136506,-8.54390912181481
9.995,-3.41247994463731,-0.0803773731136506,-8.55409536085931
9.9975,-3.41757440249052,-0.0803773731136506,-8.53372288277031
10,-3.42266886034373,-0.0803773731136506,-8.51844352420357
10.0025,-3.42776331819694,-0.0803773731136506,-8.52862976324807
10.005,-3.43285777605016,-0.0803773731136506,-8.58465407799281
10.0075,-3.43795223390337,-0.0803773731136506,-8.55409536085931
10.01,-3.46342452316942,-0.0803773731136506,-8.54900224133706
10.0125,-3.48380235458226,-0.075281680307862,-8.51335040468132
10.015,-3.47361343887584,-0.0803773731136506,-8.50825728515907
10.0175,-3.50927464384831,-0.0803773731136506,-8.47260544850332
10.02,-3.48380235458226,-0.0803773731136506,-8.47769856802557
10.0225,-3.49908572814189,-0.0803773731136506,-8.45223297041432
10.025,-3.47870789672905,-0.0803773731136506,-8.49297792659232
10.0275,-3.46851898102263,-0.0803773731136506,-8.52862976324807
10.03,-3.49399127028868,-0.0803773731136506,-8.46241920945882
10.0325,-3.53474693311437,-0.0803773731136506,-8.41658113375857
10.035,-3.5041801859951,-0.0803773731136506,-8.43186049232532
10.0375,-3.48380235458226,-0.0803773731136506,-8.46751232898107
10.04,-3.51436910170153,-0.0803773731136506,-8.45223297041432
10.0425,-3.50927464384831,-0.0803773731136506,-8.42167425328083
10.045,-3.48380235458226,-0.0803773731136506,-8.40130177519183
10.0475,-3.50927464384831,-0.0803773731136506,-8.42676737280307
10.05,-3.53474693311437,-0.0803773731136506,-8.46751232898107
10.0525,-3.52965247526116,-0.0803773731136506,-8.36564993853608
10.055,-3.50927464384831,-0.0803773731136506,-8.34018434092483
10.0575,-3.53474693311437,-0.0803773731136506,-8.33509122140258
10.06,-3.48380235458226,-0.0803773731136506,-8.32490498235808
10.0625,-3.47870789672905,-0.0803773731136506,-8.29434626522459
10.065,-3.46851898102263,-0.0803773731136506,-8.30962562379133
10.0675,-3.46851898102263,-0.0803773731136506,-8.30962562379133
10.07,-3.46342452316942,-0.0803773731136506,-8.30453250426909
10.0725,-3.48380235458226,-0.0803773731136506,-8.28925314570234
10.075,-3.44814114960979,-0.0803773731136506,-8.29943938474683
10.0775,-3.453235607463,-0.0803773731136506,-8.27906690665784
10.08,-3.453235607463,-0.0803773731136506,-8.26378754809109
10.0825,-3.48380235458226,-0.0803773731136506,-8.25360130904659
10.085,-3.49908572814189,-0.0803773731136506,-8.28416002618009
10.0875,-3.47361343887584,-0.0803773731136506,-8.26888066761334
10.09,-3.49908572814189,-0.0803773731136506,-8.26888066761334
10.0925,-3.47870789672905,-0.0803773731136506,-8.1721113966906
10.095,-3.45833006531621,-0.0803773731136506,-8.22304259191309
10.0975,-3.45833006531621,-0.0803773731136506,-8.22304259191309
10.1,-3.45833006531621,-0.075281680307862,-8.21794947239084
10.1025,-3.45833006531621,-0.0803773731136506,-8.24850818952434
10.105,-3.45833006531621,-0.0803773731136506,-8.23322883095759
10.1075,-3.45833006531621,-0.0803773731136506,-8.28925314570234
10.11,-3.45833006531621,-0.0803773731136506,-8.27397378713559
10.1125,-3.45833006531621,-0.0803773731136506,-8.27397378713559
10.115,-3.45833006531621,-0.0803773731136506,-8.21285635286859
10.1175,-3.46342452316942,-0.0803773731136506,-8.26888066761334
10.12,-3.43285777605016,-0.0803773731136506,-8.1721113966906
10.1225,-3.42266886034373,-0.0803773731136506,-8.22813571143534
10.125,-3.42776331819694,-0.0803773731136506,-8.57446783894831
10.1275,-3.43285777605016,-0.0803773731136506,-8.15683203812385
10.13,-3.42776331819694,-0.0803773731136506,-8.15683203812385
10.1325,-3.42776331819694,-0.0803773731136506,-8.1415526795571
10.135,-3.42776331819694,-0.0803773731136506,-8.23322883095759
10.1375,-3.43285777605016,-0.0803773731136506,-8.29943938474683
10.14,-3.43795223390337,-0.0803773731136506,-8.12627332099035
10.1425,-3.43795223390337,-0.0803773731136506,-8.1415526795571
10.145,-3.52455801740795,-0.0803773731136506,-8.26888066761334
10.1475,-3.53984139096758,-0.0803773731136506,-8.1619251576461
10.15,-3.54493584882079,-0.0803773731136506,-8.26888066761334
10.1525,-3.50927464384831,-0.0803773731136506,-8.1313664405126
10.155,-3.51436910170153,-0.0803773731136506,-8.41148801423633
10.1575,-3.5041801859951,-0.0803773731136506,-8.16701827716835
10.16,-3.54493584882079,-0.0803773731136506,-8.20776323334634
10.1625,-3.54493584882079,-0.0803773731136506,-8.19757699430184
10.165,-3.56531368023363,-0.0803773731136506,-8.26888066761334
10.1675,-3.56531368023363,-0.0803773731136506,-8.18739075525735
10.17,-3.57040813808684,-0.0803773731136506,-8.19757699430184
10.1725,-3.59078596949968,-0.0803773731136506,-8.19757699430184
10.175,-3.57040813808684,-0.0803773731136506,-8.15683203812385
10.1775,-3.57550259594005,-0.0803773731136506,-8.19248387477959
10.18,-3.57550259594005,-0.0803773731136506,-8.1517389186016
10.1825,-3.62644717447216,-0.0803773731136506,-8.26378754809109
10.185,-3.59078596949968,-0.0803773731136506,-8.27397378713559
10.1875,-3.59078596949968,-0.0803773731136506,-8.1415526795571
10.19,-3.59588042735289,-0.075281680307862,-8.24341507000209
10.1925,-3.60097488520611,-0.0803773731136506,-8.11608708194585
10.195,-3.61625825876574,-0.0803773731136506,-8.1721113966906
10.1975,-3.61625825876574,-0.0803773731136506,-8.1721113966906
10.2,-3.60606934305932,-0.0803773731136506,-8.11608708194585
10.2025,-3.60606934305932,-0.0803773731136506,-8.24850818952434
10.205,-3.60606934305932,-0.0803773731136506,-8.18229763573509
10.2075,-3.61625825876574,-0.0803773731136506,-8.18229763573509
10.21,-3.62135271661895,-0.0803773731136506,-8.16701827716835
10.2125,-3.61116380091253,-0.0803773731136506,-8.21794947239084
10.215,-3.61625825876574,-0.0803773731136506,-8.18229763573509
10.2175,-3.62644717447216,-0.0803773731136506,-8.24341507000209
10.22,-3.61116380091253,-0.0803773731136506,-8.28925314570234
10.2225,-3.61116380091253,-0.0803773731136506,-8.24341507000209
10.225,-3.61625825876574,-0.0803773731136506,-8.1415526795571
10.2275,-3.62644717447216,-0.0803773731136506,-8.31981186283583
10.23,-3.63663609017858,-0.0803773731136506,-8.26888066761334
10.2325,-3.63663609017858,-0.0803773731136506,-8.33509122140258
10.235,-3.63663609017858,-0.0803773731136506,-8.32999810188033
10.2375,-3.646825005885,-0.0803773731136506,-8.29434626522459
10.24,-3.646825005885,-0.0803773731136506,-8.18739075525735
10.2425,-3.65191946373821,-0.0803773731136506,-8.21285635286859
10.245,-3.646825005885,-0.0803773731136506,-8.29943938474683
10.2475,-3.64173054803179,-0.0803773731136506,-8.34527746044708
10.25,-3.64173054803179,-0.0803773731136506,-8.35037057996933
10.2525,-3.67229729515105,-0.0803773731136506,-8.20267011382409
10.255,-3.66210837944463,-0.0803773731136506,-8.23832195047984
10.2575,-3.65191946373821,-0.0803773731136506,-8.31981186283583
10.26,-3.63154163232537,-0.0803773731136506,-8.26888066761334
10.2625,-3.64173054803179,-0.0803773731136506,-8.22813571143534
10.265,-3.63663609017858,-0.0803773731136506,-8.29943938474683
10.2675,-3.646825005885,-0.0803773731136506,-8.36564993853608
10.27,-3.65191946373821,-0.0803773731136506,-8.33509122140258
10.2725,-3.62135271661895,-0.0803773731136506,-8.30453250426909
10.275,-3.65701392159142,-0.0803773731136506,-8.28925314570234
10.2775,-3.62135271661895,-0.0803773731136506,-8.28416002618009
10.28,-3.62644717447216,-0.0803773731136506,-8.30962562379133
10.2825,-3.60097488520611,-0.0803773731136506,-8.30962562379133
10.285,-3.62135271661895,-0.0803773731136506,-8.31981186283583
10.2875,-3.61116380091253,-0.0803773731136506,-8.28925314570234
10.29,-3.59078596949968,-0.0803773731136506,-8.16701827716835
10.2925,-3.57550259594005,-0.0803773731136506,-8.20267011382409
10.295,-3.56531368023363,-0.0803773731136506,-8.37074305805833
10.2975,-3.58569151164647,-0.0803773731136506,-8.38602241662508
10.3,-3.54493584882079,-0.0803773731136506,-8.21794947239084
10.3025,-3.51946355955474,-0.075281680307862,-8.19248387477959
10.305,-3.48380235458226,-0.0803773731136506,-8.18739075525735
10.3075,-3.49399127028868,-0.0803773731136506,-8.20267011382409
10.31,-3.51436910170153,-0.075281680307862,-8.18229763573509
10.3125,-3.453235607463,-0.075281680307862,-8.22304259191309
10.315,-3.38700765537126,-0.0803773731136506,-8.21794947239084
10.3175,-3.34625199254558,-0.0803773731136506,-8.26378754809109
10.32,-3.33606307683915,-0.0803773731136506,-8.23832195047984
10.3225,-3.32077970327952,-0.0803773731136506,-8.21794947239084
10.325,-3.30549632971989,-0.0803773731136506,-8.21794947239084
10.3275,-3.29530741401347,-0.0803773731136506,-8.22813571143534
10.33,-3.29530741401347,-0.0803773731136506,-8.33509122140258
10.3325,-3.29021295616026,-0.0854730659194392,-8.22304259191309
10.335,-3.27492958260063,-0.075281680307862,-8.34018434092483
10.3375,-3.28002404045384,-0.0803773731136506,-8.24850818952434
10.34,-3.27492958260063,-0.0803773731136506,-8.26378754809109
10.3425,-3.259646209041,-0.0854730659194392,-8.28416002618009
10.345,-3.28002404045384,-0.0803773731136506,-8.31471874331358
10.3475,-3.25455175118779,-0.0803773731136506,-8.28416002618009
10.35,-3.28002404045384,-0.0803773731136506,-8.30453250426909
10.3525,-3.25455175118779,-0.0803773731136506,-8.27906690665784
10.355,-3.22907946192173,-0.0803773731136506,-8.26888066761334
10.3575,-3.21889054621531,-0.0803773731136506,-8.30962562379133
10.36,-3.24945729333457,-0.0803773731136506,-8.29943938474683
10.3625,-3.20360717265568,-0.0803773731136506,-8.30962562379133
10.365,-3.20870163050889,-0.0803773731136506,-8.30453250426909
10.3675,-3.21889054621531,-0.0803773731136506,-8.34018434092483
10.37,-3.21889054621531,-0.0803773731136506,-8.30962562379133
10.3725,-3.22907946192173,-0.0803773731136506,-8.30962562379133
10.375,-3.22907946192173,-0.0803773731136506,-8.27906690665784
10.3775,-3.25455175118779,-0.0803773731136506,-8.27397378713559
10.38,-3.21889054621531,-0.0803773731136506,-8.26888066761334
10.3825,-3.22907946192173,-0.0803773731136506,-8.25869442856884
10.385,-3.23417391977494,-0.0803773731136506,-8.25869442856884
10.3875,-3.24436283548136,-0.0803773731136506,-8.24850818952434
10.39,-3.28002404045384,-0.0803773731136506,-8.32490498235808
10.3925,-3.27492958260063,-0.0803773731136506,-8.26378754809109
10.395,-3.28511849830705,-0.0803773731136506,-8.24341507000209
10.3975,-3.29021295616026,-0.0803773731136506,-8.29434626522459
10.4,-3.30549632971989,-0.0803773731136506,-8.29434626522459
10.4025,-3.30549632971989,-0.0803773731136506,-8.38602241662508
10.405,-3.39210211322447,-0.0803773731136506,-8.25360130904659
10.4075,-3.36153536610521,-0.0803773731136506,-8.26378754809109
10.41,-3.37681873966484,-0.0803773731136506,-8.25869442856884
10.4125,-3.39210211322447,-0.0803773731136506,-8.26888066761334
10.415,-3.41757440249052,-0.0803773731136506,-8.26888066761334
10.4175,-3.41757440249052,-0.0803773731136506,-8.27397378713559
10.42,-3.42776331819694,-0.0803773731136506,-8.29434626522459
10.4225,-3.43795223390337,-0.0803773731136506,-8.27906690665784
10.425,-3.453235607463,-0.075281680307862,-8.43186049232532
10.4275,-3.47870789672905,-0.0803773731136506,-8.37583617758058
10.43,-3.48380235458226,-0.0803773731136506,-8.36055681901383
10.4325,-3.48380235458226,-0.0803773731136506,-8.35546369949158
10.435,-3.49399127028868,-0.0803773731136506,-8.31981186283583
10.4375,-3.49399127028868,-0.0803773731136506,-8.31981186283583
10.44,-3.49908572814189,-0.0803773731136506,-8.45223297041432
10.4425,-3.49908572814189,-0.0803773731136506,-8.32999810188033
10.445,-0.248821617793535,-0.0803773731136506,-8.37074305805833
10.4475,-0.0908934243440065,-0.0803773731136506,-8.37074305805833
10.45,-0.0908934243440065,-0.0803773731136506,-8.37583617758058
10.4525,-0.0908934243440065,-0.0803773731136506,-8.38602241662508
10.455,-0.0908934243440065,-0.0803773731136506,-8.37583617758058
10.4575,-0.0908934243440065,-0.0803773731136506,-8.40639489471408
10.46,-0.0908934243440065,-0.0803773731136506,-8.40639489471408
10.4625,-0.0908934243440065,-0.0803773731136506,-8.52862976324807
10.465,-3.77418645221527,-0.0803773731136506,-8.49297792659232
10.4675,-3.77928091006848,-0.0803773731136506,-8.40130177519183
10.47,-3.80475319933453,-0.0803773731136506,-8.59993343655956
10.4725,-3.79456428362811,-0.0803773731136506,-8.37074305805833
10.475,-3.78437536792169,-0.0803773731136506,-8.40639489471408
10.4775,-3.80984765718774,-0.075281680307862,-8.47260544850332
10.48,-3.77928091006848,-0.0803773731136506,-8.38092929710283
10.4825,-3.77928091006848,-0.0803773731136506,-8.46241920945882
10.485,-3.74871416294921,-0.0803773731136506,-8.36564993853608
10.4875,-3.79456428362811,-0.0803773731136506,-8.40639489471408
10.49,-3.72833633153637,-0.0803773731136506,-8.48788480707007
10.4925,-3.72833633153637,-0.0803773731136506,-8.39620865566958
10.495,-3.64173054803179,-0.0803773731136506,-8.39620865566958
10.4975,-3.64173054803179,-0.0803773731136506,-8.43186049232532
10.5,-3.61116380091253,-0.0803773731136506,-8.40639489471408
10.5025,-3.60097488520611,-0.0803773731136506,-8.39620865566958
10.505,-3.60606934305932,-0.075281680307862,-8.42167425328083
10.5075,-3.60097488520611,-0.0803773731136506,-8.34527746044708
10.51,-3.61116380091253,-0.0803773731136506,-8.34527746044708
10.5125,-3.60606934305932,-0.0803773731136506,-8.41658113375857
10.515,-3.79965874148132,-0.0803773731136506,-8.47260544850332
10.5175,-3.76909199436206,-0.0803773731136506,-8.41148801423633
10.52,-3.76909199436206,-0.0803773731136506,-8.47769856802557
10.5225,-3.76399753650884,-0.0803773731136506,-8.38092929710283
10.525,-3.75890307865563,-0.0803773731136506,-8.47260544850332
10.5275,-3.76399753650884,-0.0854730659194392,-8.44204673136982
10.53,-3.76399753650884,-0.0803773731136506,-8.50825728515907
10.5325,-3.7894698257749,-0.075281680307862,-8.42676737280307
10.535,-3.79456428362811,-0.0803773731136506,-8.38092929710283
10.5375,-3.81494211504095,-0.0803773731136506,-8.37583617758058
10.54,-3.73343078938958,-0.0803773731136506,-8.51844352420357
10.5425,-3.80984765718774,-0.0803773731136506,-8.37583617758058
10.545,-3.72833633153637,-0.0803773731136506,-8.37583617758058
10.5475,-3.71814741582995,-0.0803773731136506,-8.37583617758058
10.55,-3.69776958441711,-0.0803773731136506,-0.10461007344729
10.5525,-3.6926751265639,-0.0803773731136506,-8.36564993853608
10.555,-3.6926751265639,-0.0803773731136506,-8.35546369949158
10.5575,-3.6926751265639,-0.0803773731136506,-8.36564993853608
10.56,-3.66210837944463,-0.0803773731136506,-8.38092929710283
10.5625,-3.67739175300426,-0.0803773731136506,-8.39111553614733
10.565,-3.69776958441711,-0.0803773731136506,-8.37074305805833
10.5675,-3.71305295797674,-0.0803773731136506,-8.41148801423633
10.57,-3.68248621085748,-0.0803773731136506,-8.40130177519183
10.5725,-3.66210837944463,-0.0803773731136506,-8.38602241662508
10.575,-3.66210837944463,-0.0803773731136506,-8.39111553614733
10.5775,-3.68248621085748,-0.0803773731136506,-8.40130177519183
10.58,-3.72833633153637,-0.0803773731136506,-8.39111553614733
10.5825,-3.66720283729784,-0.0803773731136506,-8.38602241662508
10.585,-3.66210837944463,-0.0803773731136506,-8.43186049232532
10.5875,-3.68248621085748,-0.0803773731136506,-8.34527746044708
10.59,-3.68758066871069,-0.0803773731136506,-8.43695361184757
10.5925,-3.68758066871069,-0.0803773731136506,-8.38092929710283
10.595,-3.65701392159142,-0.0803773731136506,-8.42167425328083
10.5975,-3.65701392159142,-0.0803773731136506,-8.36564993853608
10.6,-3.68758066871069,-0.0803773731136506,-8.38092929710283
10.6025,-3.68758066871069,-0.0803773731136506,-8.33509122140258
10.605,-3.72324187368316,-0.0803773731136506,-8.34018434092483
10.6075,-3.75380862080242,-0.0803773731136506,-8.45223297041432
10.61,-3.81494211504095,-0.0854730659194392,-8.37583617758058
10.6125,-3.7894698257749,-0.0803773731136506,-8.38092929710283
10.615,-3.79965874148132,-0.0803773731136506,-8.33509122140258
10.6175,-3.80475319933453,-0.0803773731136506,-8.33509122140258
10.62,-3.83531994645379,-0.0803773731136506,-8.25869442856884
10.6225,-3.86079223571985,-0.075281680307862,-8.25360130904659
10.625,-3.840414404307,-0.0803773731136506,-8.24341507000209
10.6275,-3.85060332001342,-0.0803773731136506,-8.23322883095759
10.63,-3.86079223571985,-0.0803773731136506,-8.35037057996933
10.6325,-3.86588669357306,-0.0803773731136506,-8.34527746044708
10.635,-3.91683127210516,-0.0803773731136506,-8.26888066761334
10.6375,-3.91683127210516,-0.0803773731136506,-8.32490498235808
10.64,-3.93720910351801,-0.0803773731136506,-8.30962562379133
10.6425,-3.93211464566479,-0.0803773731136506,-8.25360130904659
10.645,-3.93720910351801,-0.0803773731136506,-8.33509122140258
10.6475,-4.00853151346295,-0.0803773731136506,-8.23322883095759
10.65,-4.00853151346295,-0.0803773731136506,-8.26888066761334
10.6525,-4.01362597131616,-0.0803773731136506,-8.30962562379133
10.655,-4.04419271843543,-0.0803773731136506,-8.32999810188033
10.6575,-4.04928717628864,-0.0803773731136506,-8.29943938474683
10.66,-4.03400380272901,-0.075281680307862,-8.29943938474683
10.6625,-4.03400380272901,-0.0803773731136506,-8.31981186283583
10.665,-4.03400380272901,-0.0803773731136506,-8.32490498235808
10.6675,-4.03400380272901,-0.0803773731136506,-8.39111553614733
10.67,-4.03400380272901,-0.0803773731136506,-8.30453250426909
10.6725,-3.83531994645379,-0.0803773731136506,-8.33509122140258
10.675,-3.82513103074737,-0.0803773731136506,-8.34527746044708
10.6775,-3.72324187368316,-0.0803773731136506,-8.35037057996933
10.68,-3.76399753650884,-0.0803773731136506,-8.38602241662508
10.6825,-3.75380862080242,-0.0854730659194392,-8.37583617758058
10.685,-3.98815368205011,-0.0854730659194392,-8.34527746044708
10.6875,-3.98815368205011,-0.0803773731136506,-8.34018434092483
10.69,-3.97287030849048,-0.0803773731136506,-8.37074305805833
10.6925,-3.93211464566479,-0.0803773731136506,-8.37074305805833
10.695,-3.92702018781158,-0.0803773731136506,-8.39111553614733
10.6975,-3.91683127210516,-0.0803773731136506,-8.38092929710283
10.7,-3.90664235639874,-0.0803773731136506,-8.41658113375857
10.7025,-3.89135898283911,-0.0803773731136506,-8.40130177519183
10.705,-3.84550886216021,-0.0803773731136506,-8.38602241662508
10.7075,-3.85060332001342,-0.0803773731136506,-8.38602241662508
10.71,-3.76909199436206,-0.0803773731136506,-8.41658113375857
10.7125,-3.76909199436206,-0.0803773731136506,-8.43695361184757
10.715,-3.74871416294921,-0.0803773731136506,-8.39111553614733
10.7175,-3.76909199436206,-0.0803773731136506,-8.42167425328083
10.72,-3.73343078938958,-0.0803773731136506,-8.38092929710283
10.7225,-3.70795850012353,-0.0803773731136506,-8.38602241662508
10.725,-3.69776958441711,-0.0803773731136506,-8.40130177519183
10.7275,-3.66720283729784,-0.0803773731136506,-8.37583617758058
10.73,-3.65191946373821,-0.0803773731136506,-8.40639489471408
10.7325,-3.646825005885,-0.075281680307862,-8.39620865566958
10.735,-3.63663609017858,-0.075281680307862,-8.43695361184757
10.7375,-3.64173054803179,-0.0803773731136506,-8.35037057996933
10.74,-3.67739175300426,-0.0803773731136506,-8.40130177519183
10.7425,-3.66720283729784,-0.0803773731136506,-8.39111553614733
10.745,-3.63154163232537,-0.0803773731136506,-8.37074305805833
10.7475,-3.65701392159142,-0.0803773731136506,-8.37583617758058
10.75,-3.60606934305932,-0.0803773731136506,-8.41148801423633
10.7525,-3.56531368023363,-0.0803773731136506,-8.30453250426909
10.755,-3.550030306674,-0.0803773731136506,-8.43186049232532
10.7575,-3.550030306674,-0.0905687587252277,-8.33509122140258
10.76,-3.53984139096758,-0.0803773731136506,-8.46751232898107
10.7625,-3.49908572814189,-0.0803773731136506,-8.42167425328083
10.765,-3.48889681243547,-0.0803773731136506,-8.29943938474683
10.7675,-3.52455801740795,-0.0803773731136506,-8.30962562379133
10.77,-3.5041801859951,-0.0803773731136506,-8.32490498235808
10.7725,-3.42776331819694,-0.0803773731136506,-8.30453250426909
10.775,-3.42266886034373,-0.0803773731136506,-8.27397378713559
10.7775,-3.453235607463,-0.0803773731136506,-8.30962562379133
10.78,-3.39210211322447,-0.0803773731136506,-8.43186049232532
10.7825,-3.41757440249052,-0.0803773731136506,-8.32999810188033
10.785,-3.39719657107768,-0.0803773731136506,-8.34018434092483
10.7875,-3.36153536610521,-0.0803773731136506,-8.31981186283583
10.79,-3.37172428181163,-0.0803773731136506,-8.32999810188033
10.7925,-3.33606307683915,-0.0803773731136506,-8.36055681901383
10.795,-3.453235607463,-0.0803773731136506,-8.37074305805833
10.7975,-3.38700765537126,-0.0803773731136506,-8.40639489471408
10.8,-3.34625199254558,-0.0803773731136506,-8.39111553614733
10.8025,-3.34115753469236,-0.0803773731136506,-8.39111553614733
10.805,-3.32077970327952,-0.0803773731136506,-8.37074305805833
10.8075,-3.3105907875731,-0.0803773731136506,-8.37074305805833
10.81,-3.32077970327952,-0.0803773731136506,-8.37583617758058
10.8125,-3.33096861898594,-0.0803773731136506,-8.40130177519183
10.815,-3.33096861898594,-0.0803773731136506,-8.39111553614733
10.8175,-3.30549632971989,-0.0803773731136506,-8.40639489471408
10.82,-3.33096861898594,-0.0803773731136506,-8.40639489471408
10.8225,-3.32077970327952,-0.0803773731136506,-8.42167425328083
10.825,-3.32587416113273,-0.0803773731136506,-8.40639489471408
10.8275,-3.33606307683915,-0.0803773731136506,-8.41658113375857
10.83,-3.32077970327952,-0.0803773731136506,-8.41148801423633
10.8325,-3.3105907875731,-0.0803773731136506,-8.42676737280307
10.835,-3.29021295616026,-0.0854730659194392,-8.43695361184757
10.8375,-3.28511849830705,-0.0803773731136506,-8.46241920945882
10.84,-3.27492958260063,-0.0803773731136506,-8.54390912181481
10.8425,-3.30549632971989,-0.0803773731136506,-8.43186049232532
10.845,-3.29530741401347,-0.0803773731136506,-8.26888066761334
10.8475,-3.31568524542631,-0.0803773731136506,-8.46241920945882
10.85,-3.30549632971989,-0.0803773731136506,-8.26888066761334
10.8525,-3.29530741401347,-0.075281680307862,-8.24341507000209
10.855,-3.27492958260063,-0.0803773731136506,-8.27906690665784
10.8575,-3.26983512474742,-0.0803773731136506,-8.28416002618009
10.86,-3.26983512474742,-0.0803773731136506,-8.28416002618009
10.8625,-3.29021295616026,-0.0803773731136506,-8.29434626522459
10.865,-3.30040187186668,-0.0803773731136506,-8.32490498235808
10.8675,-3.30040187186668,-0.0803773731136506,-8.32999810188033
10.87,-3.33606307683915,-0.0803773731136506,-8.28416002618009
10.8725,-3.33606307683915,-0.0803773731136506,-8.39620865566958
10.875,-3.33606307683915,-0.0803773731136506,-8.36055681901383
10.8775,-3.34115753469236,-0.0803773731136506,-8.55409536085931
10.88,-3.34115753469236,-0.0803773731136506,-8.39111553614733
10.8825,-3.36662982395842,-0.0854730659194392,-8.39620865566958
10.885,-3.356440908252,-0.0803773731136506,-8.37074305805833
10.8875,-3.356440908252,-0.0803773731136506,-8.40639489471408
10.89,-3.34115753469236,-0.0803773731136506,-8.41658113375857
10.8925,-3.34115753469236,-0.0803773731136506,-8.41148801423633
10.895,-3.36662982395842,-0.0803773731136506,-8.42167425328083
10.8975,-3.41247994463731,-0.0803773731136506,-8.44204673136982
10.9,-3.39719657107768,-0.0803773731136506,-8.45732608993657
10.9025,-3.4073854867841,-0.0803773731136506,-8.48788480707007
10.905,-3.42776331819694,-0.0803773731136506,-8.47769856802557
10.9075,-3.453235607463,-0.0803773731136506,-8.48788480707007
10.91,-3.45833006531621,-0.0803773731136506,-8.56428159990381
10.9125,-3.46342452316942,-0.0803773731136506,-8.46751232898107
10.915,-3.55512476452721,-0.0803773731136506,-8.46751232898107
10.9175,-3.4073854867841,-0.0803773731136506,-8.47769856802557
10.92,-3.453235607463,-0.0803773731136506,-8.44713985089207
10.9225,-3.47870789672905,-0.0803773731136506,-8.45732608993657
10.925,-3.48380235458226,-0.0803773731136506,-8.47769856802557
10.9275,-3.46851898102263,-0.0803773731136506,-8.56428159990381
10.93,-3.48889681243547,-0.0803773731136506,-8.50316416563682
10.9325,-3.51946355955474,-0.0803773731136506,-8.51335040468132
10.935,-3.49908572814189,-0.0803773731136506,-8.51335040468132
10.9375,-3.5041801859951,-0.0803773731136506,-8.48788480707007
10.94,-3.55512476452721,-0.0803773731136506,-8.53372288277031
10.9425,-3.550030306674,-0.0803773731136506,-8.52353664372582
10.945,-3.61625825876574,-0.0803773731136506,-8.53372288277031
10.9475,-3.63154163232537,-0.0803773731136506,-8.52862976324807
10.95,-3.64173054803179,-0.0803773731136506,-8.53881600229256
10.9525,-3.59078596949968,-0.0803773731136506,-8.54390912181481
10.955,-3.58569151164647,-0.0803773731136506,-8.52353664372582
10.9575,-3.56021922238042,-0.075281680307862,-8.52353664372582
10.96,-3.56021922238042,-0.0803773731136506,-8.48279168754782
10.9625,-3.71305295797674,-0.0803773731136506,-8.50825728515907
10.965,-3.6926751265639,-0.0803773731136506,-8.53881600229256
10.9675,-3.60606934305932,-0.0803773731136506,-8.51844352420357
10.97,-3.70795850012353,-0.0803773731136506,-8.51844352420357
10.9725,-3.60097488520611,-0.0803773731136506,-8.58974719751506
10.975,-3.63663609017858,-0.0803773731136506,-8.49297792659232
10.9775,-3.63154163232537,-0.0803773731136506,-8.50825728515907
10.98,-3.65701392159142,-0.0803773731136506,-8.52862976324807
10.9825,-3.62135271661895,-0.075281680307862,-8.46751232898107
10.985,-3.66720283729784,-0.0803773731136506,-8.50316416563682
10.9875,-3.67229729515105,-0.0803773731136506,-8.50825728515907
10.99,-3.66210837944463,-0.0803773731136506,-8.62539903417081
10.9925,-3.65191946373821,-0.0854730659194392,-8.50316416563682
10.995,-3.67229729515105,-0.0803773731136506,-8.51335040468132
10.9975,-3.646825005885,-0.0803773731136506,-8.50825728515907
11,-3.63663609017858,-0.0803773731136506,-8.52353664372582
11.0025,-3.62644717447216,-0.0803773731136506,-8.48788480707007
11.005,-3.646825005885,-0.0803773731136506,-8.49297792659232
11.0075,-3.64173054803179,-0.0803773731136506,-8.49297792659232
11.01,-3.64173054803179,-0.0803773731136506,-8.49807104611457
11.0125,-3.67739175300426,-0.0803773731136506,-8.50825728515907
11.015,-3.64173054803179,-0.0803773731136506,-8.51335040468132
11.0175,-3.63154163232537,-0.0803773731136506,-8.54900224133706
11.02,-3.62644717447216,-0.0854730659194392,-8.54900224133706
11.0225,-3.62135271661895,-0.0803773731136506,-8.55918848038156
11.025,-3.646825005885,-0.0803773731136506,-8.53881600229256
11.0275,-3.63154163232537,-0.0803773731136506,-8.49807104611457
11.03,-3.60606934305932,-0.0803773731136506,-8.52353664372582
11.0325,-3.60606934305932,-0.0803773731136506,-8.52353664372582
11.035,-3.59588042735289,-0.0803773731136506,-8.51844352420357
11.0375,-3.56021922238042,-0.0803773731136506,-8.51335040468132
11.04,-3.550030306674,-0.0803773731136506,-8.51844352420357
11.0425,-3.54493584882079,-0.0803773731136506,-0.10461007344729
11.045,-3.56531368023363,-0.0803773731136506,-8.47769856802557
11.0475,-3.56021922238042,-0.0803773731136506,-8.53372288277031
11.05,-3.550030306674,-0.0803773731136506,-8.56937471942606
11.0525,-3.54493584882079,-0.0803773731136506,-8.47260544850332
11.055,-3.5041801859951,-0.0803773731136506,-8.47769856802557
11.0575,-3.52455801740795,-0.0803773731136506,-8.51335040468132
11.06,-3.51946355955474,-0.0803773731136506,-8.51844352420357
11.0625,-3.47870789672905,-0.0803773731136506,-8.47769856802557
11.065,-3.47361343887584,-0.0803773731136506,-8.47260544850332
11.0675,-3.56531368023363,-0.0803773731136506,-8.48788480707007
11.07,-3.46342452316942,-0.075281680307862,-8.54900224133706
11.0725,-3.47870789672905,-0.0803773731136506,-8.46751232898107
11.075,-3.48380235458226,-0.0803773731136506,-8.47769856802557
11.0775,-3.48889681243547,-0.0803773731136506,-8.50825728515907
11.08,-3.49908572814189,-0.0803773731136506,-8.50316416563682
11.0825,-3.55512476452721,-0.0803773731136506,-8.48279168754782
11.085,-3.55512476452721,-0.0803773731136506,-8.51335040468132
11.0875,-3.56021922238042,-0.0803773731136506,-8.48788480707007
11.09,-3.56021922238042,-0.0803773731136506,-8.52353664372582
11.0925,-3.52455801740795,-0.0803773731136506,-8.51335040468132
11.095,-3.54493584882079,-0.0803773731136506,-8.51844352420357
11.0975,-3.52455801740795,-0.0803773731136506,-8.50825728515907
11.1,-3.55512476452721,-0.0803773731136506,-8.50825728515907
11.1025,-3.64173054803179,-0.0803773731136506,-8.50316416563682
11.105,-3.51946355955474,-0.0803773731136506,-8.51844352420357
11.1075,-3.550030306674,-0.0803773731136506,-8.51844352420357
11.11,-3.52965247526116,-0.0803773731136506,-8.54900224133706
11.1125,-3.53474693311437,-0.0803773731136506,-8.54900224133706
11.115,-3.55512476452721,-0.0803773731136506,-8.57956095847056
11.1175,-3.52455801740795,-0.0803773731136506,-8.55409536085931
11.12,-3.550030306674,-0.075281680307862,-8.50825728515907
11.1225,-3.54493584882079,-0.075281680307862,-8.51844352420357
11.125,-3.56021922238042,-0.0803773731136506,-8.51844352420357
11.1275,-3.53984139096758,-0.0803773731136506,-8.53372288277031
11.13,-3.56531368023363,-0.0803773731136506,-8.52862976324807
11.1325,-3.56021922238042,-0.0803773731136506,-8.53372288277031
11.135,-3.57040813808684,-0.075281680307862,-8.55918848038156
11.1375,-3.57550259594005,-0.0803773731136506,-8.54900224133706
11.14,-3.58059705379326,-0.0803773731136506,-8.55409536085931
11.1425,-3.57550259594005,-0.0803773731136506,-8.59484031703731
11.145,-3.60097488520611,-0.0803773731136506,-8.54900224133706
11.1475,-3.60097488520611,-0.075281680307862,-8.59484031703731
11.15,-3.60097488520611,-0.0803773731136506,-8.57956095847056
11.1525,-3.60097488520611,-0.0803773731136506,-8.56937471942606
11.155,-3.60097488520611,-0.0803773731136506,-8.53881600229256
11.1575,-3.62644717447216,-0.0803773731136506,-8.49807104611457
11.16,-3.60097488520611,-0.0803773731136506,-8.52862976324807
11.1625,-3.63154163232537,-0.0803773731136506,-8.52862976324807
11.165,-3.62644717447216,-0.0803773731136506,-8.53372288277031
11.1675,-3.62135271661895,-0.0803773731136506,-8.57446783894831
11.17,-3.61625825876574,-0.0803773731136506,-8.53881600229256
11.1725,-3.58059705379326,-0.0803773731136506,-8.59484031703731
11.175,-3.58059705379326,-0.0803773731136506,-8.56937471942606
11.1775,-3.59588042735289,-0.0803773731136506,-8.57446783894831
11.18,-3.60097488520611,-0.0803773731136506,-8.57956095847056
11.1825,-3.57550259594005,-0.0803773731136506,-8.54900224133706
11.185,-3.58569151164647,-0.0803773731136506,-8.53372288277031
11.1875,-3.56531368023363,-0.0803773731136506,-8.55918848038156
11.19,-3.56021922238042,-0.0803773731136506,-8.57446783894831
11.1925,-3.55512476452721,-0.0803773731136506,-8.52353664372582
11.195,-3.57040813808684,-0.075281680307862,-8.53881600229256
11.1975,-3.550030306674,-0.0803773731136506,-8.57956095847056
11.2,-3.550030306674,-0.0803773731136506,-8.51844352420357
11.2025,-3.54493584882079,-0.0803773731136506,-8.50825728515907
11.205,-3.54493584882079,-0.0803773731136506,-8.56937471942606
11.2075,-3.550030306674,-0.0803773731136506,-8.52862976324807
11.21,-3.58059705379326,-0.0803773731136506,-8.53372288277031
11.2125,-3.62135271661895,-0.0803773731136506,-8.49297792659232
11.215,-3.59078596949968,-0.0803773731136506,-8.50316416563682
11.2175,-3.57040813808684,-0.075281680307862,-8.49297792659232
11.22,-3.59588042735289,-0.0854730659194392,-8.51335040468132
11.2225,-3.550030306674,-0.075281680307862,-8.50825728515907
11.225,-3.59588042735289,-0.0803773731136506,-8.50316416563682
11.2275,-3.58569151164647,-0.0803773731136506,-8.53372288277031
11.23,-3.60606934305932,-0.0803773731136506,-8.50316416563682
11.2325,-3.59078596949968,-0.075281680307862,-8.48788480707007
11.235,-3.62644717447216,-0.0803773731136506,-8.51335040468132
11.2375,-3.62644717447216,-0.0803773731136506,-8.52353664372582
11.24,-3.57040813808684,-0.0803773731136506,-8.51844352420357
11.2425,-3.57550259594005,-0.0803773731136506,-8.52862976324807
11.245,-3.57550259594005,-0.0803773731136506,-8.52353664372582
11.2475,-3.57040813808684,-0.0905687587252277,-8.45732608993657
11.25,-3.56531368023363,-0.0803773731136506,-8.45732608993657
11.2525,-3.56021922238042,-0.0803773731136506,-8.49807104611457
11.255,-3.58059705379326,-0.0803773731136506,-8.54390912181481
11.2575,-3.58059705379326,-0.0803773731136506,-8.50316416563682
11.26,-3.58569151164647,-0.0803773731136506,-8.48788480707007
11.2625,-3.56021922238042,-0.0803773731136506,-8.54900224133706
11.265,-3.58569151164647,-0.0803773731136506,-8.52862976324807
11.2675,-3.59078596949968,-0.0803773731136506,-8.60502655608181
11.27,-3.59078596949968,-0.075281680307862,-8.50825728515907
11.2725,-3.64173054803179,-0.0803773731136506,-8.51844352420357
11.275,-3.59078596949968,-0.0803773731136506,-8.52862976324807
11.2775,-3.59078596949968,-0.0803773731136506,-8.49807104611457
11.28,-3.58569151164647,-0.0803773731136506,-8.50825728515907
11.2825,-3.58569151164647,-0.0803773731136506,-8.54900224133706
11.285,-3.58569151164647,-0.0803773731136506,-8.52862976324807
11.2875,-3.57040813808684,-0.0803773731136506,-8.54390912181481
11.29,-3.56531368023363,-0.0803773731136506,-8.57446783894831
11.2925,-3.56531368023363,-0.0803773731136506,-8.56937471942606
11.295,-3.52965247526116,-0.0803773731136506,-8.6661439903488
11.2975,-3.54493584882079,-0.0803773731136506,-8.55918848038156
11.3,-3.56021922238042,-0.0803773731136506,-8.59484031703731
11.3025,-3.53474693311437,-0.0803773731136506,-8.59993343655956
11.305,-3.48889681243547,-0.0803773731136506,-8.58974719751506
11.3075,-3.48889681243547,-0.0803773731136506,-8.62030591464856
11.31,-3.50927464384831,-0.0803773731136506,-8.63558527321531
11.3125,-3.53474693311437,-0.0803773731136506,-8.54390912181481
11.315,-3.51946355955474,-0.0803773731136506,-8.58465407799281
11.3175,-3.49908572814189,-0.0803773731136506,-8.57446783894831
11.32,-3.48380235458226,-0.0803773731136506,-8.56428159990381
11.3225,-3.44304669175658,-0.0803773731136506,-8.56937471942606
11.325,-3.46851898102263,-0.0803773731136506,-8.57446783894831
11.3275,-3.44814114960979,-0.0803773731136506,-8.58465407799281
11.33,-3.453235607463,-0.0803773731136506,-8.59484031703731
11.3325,-3.41757440249052,-0.0803773731136506,-8.59993343655956
11.335,-3.41757440249052,-0.0803773731136506,-8.55409536085931
11.3375,-3.41757440249052,-0.0803773731136506,-8.58974719751506
11.34,-3.41247994463731,-0.0803773731136506,-8.58465407799281
11.3425,-3.39719657107768,-0.0803773731136506,-8.59993343655956
11.345,-3.39719657107768,-0.0803773731136506,-8.59484031703731
11.3475,-3.39210211322447,-0.0803773731136506,-8.63049215369306
11.35,-3.4073854867841,-0.0803773731136506,-8.59484031703731
11.3525,-3.39210211322447,-0.0803773731136506,-8.59993343655956
11.355,-3.38700765537126,-0.0803773731136506,-8.56937471942606
11.3575,-3.37681873966484,-0.0803773731136506,-8.66105087082655
11.36,-3.36662982395842,-0.0803773731136506,-8.64577151225981
11.3625,-3.37172428181163,-0.0803773731136506,-8.59993343655956
11.365,-3.36662982395842,-0.0803773731136506,-8.58974719751506
11.3675,-3.38700765537126,-0.0803773731136506,-8.58465407799281
11.37,-3.32587416113273,-0.0803773731136506,-8.62030591464856
11.3725,-3.33096861898594,-0.0803773731136506,-8.58974719751506
11.375,-3.32587416113273,-0.0803773731136506,-8.59993343655956
11.3775,-3.36153536610521,-0.0803773731136506,-8.57446783894831
11.38,-3.36153536610521,-0.0803773731136506,-8.56937471942606
11.3825,-3.356440908252,-0.0803773731136506,-8.60502655608181
11.385,-3.34625199254558,-0.0803773731136506,-8.6559577513043
11.3875,-3.35134645039879,-0.0803773731136506,-8.59484031703731
11.39,-3.39719657107768,-0.0803773731136506,-8.55918848038156
11.3925,-3.48380235458226,-0.0803773731136506,-8.56937471942606
11.395,-3.453235607463,-0.0803773731136506,-8.6661439903488
11.3975,-3.46851898102263,-0.0803773731136506,-8.62030591464856
11.4,-3.44814114960979,-0.0803773731136506,-8.66105087082655
11.4025,-3.49908572814189,-0.0803773731136506,-8.61011967560406
11.405,-3.48889681243547,-0.0803773731136506,-8.57956095847056
11.4075,-3.48889681243547,-0.0803773731136506,-8.61521279512631
11.41,-3.44304669175658,-0.0803773731136506,-8.59484031703731
11.4125,-3.5041801859951,-0.0803773731136506,-8.60502655608181
11.415,-3.49908572814189,-0.0803773731136506,-8.61521279512631
11.4175,-3.49908572814189,-0.0803773731136506,-8.57446783894831
11.42,-3.51436910170153,-0.0803773731136506,-8.56937471942606
11.4225,-3.47870789672905,-0.0803773731136506,-8.57446783894831
11.425,-3.5041801859951,-0.0803773731136506,-8.56937471942606
11.4275,-3.46851898102263,-0.0803773731136506,-8.55918848038156
11.43,-3.45833006531621,-0.0803773731136506,-8.61521279512631
11.4325,-3.45833006531621,-0.0803773731136506,-8.64067839273756
11.435,-3.453235607463,-0.0803773731136506,-8.56937471942606
11.4375,-3.47870789672905,-0.0854730659194392,-8.60502655608181
11.44,-3.453235607463,-0.0803773731136506,-8.56428159990381
11.4425,-3.44304669175658,-0.0803773731136506,-8.64577151225981
11.445,-3.44814114960979,-0.0803773731136506,-8.60502655608181
11.4475,-3.42776331819694,-0.0803773731136506,-8.57446783894831
11.45,-3.39719657107768,-0.0803773731136506,-8.58465407799281
11.4525,-3.42266886034373,-0.0803773731136506,-8.60502655608181
11.455,-3.37172428181163,-0.0803773731136506,-8.61011967560406
11.4575,-3.38191319751805,-0.0803773731136506,-8.59484031703731
11.46,-3.356440908252,-0.0803773731136506,-8.59484031703731
11.4625,-3.356440908252,-0.0803773731136506,-8.58465407799281
11.465,-3.33606307683915,-0.0803773731136506,-8.59484031703731
11.4675,-3.33606307683915,-0.0803773731136506,-8.55409536085931
11.47,-3.30549632971989,-0.0803773731136506,-8.57446783894831
11.4725,-3.33606307683915,-0.0803773731136506,-8.57956095847056
11.475,-3.34625199254558,-0.0803773731136506,-8.60502655608181
11.4775,-3.32587416113273,-0.075281680307862,-8.56937471942606
11.48,-3.33606307683915,-0.0803773731136506,-8.55918848038156
11.4825,-3.34625199254558,-0.0803773731136506,-8.61521279512631
11.485,-3.36153536610521,-0.0803773731136506,-8.54900224133706
11.4875,-3.356440908252,-0.0803773731136506,-8.58974719751506
11.49,-3.356440908252,-0.0803773731136506,-8.48279168754782
11.4925,-0.0959878821972175,-0.0803773731136506,-8.58974719751506
11.495,-0.0908934243440065,-0.0803773731136506,-8.58974719751506
11.4975,-3.60097488520611,-0.0803773731136506,-8.59484031703731
11.5,-3.61625825876574,-0.0803773731136506,-8.54900224133706
11.5025,-3.60097488520611,-0.0803773731136506,-8.56937471942606
11.505,-3.63154163232537,-0.0803773731136506,-8.50825728515907
11.5075,-3.62135271661895,-0.0803773731136506,-8.55409536085931
11.51,-3.64173054803179,-0.0803773731136506,-8.56428159990381
11.5125,-3.61116380091253,-0.0803773731136506,-8.61521279512631
11.515,-3.60606934305932,-0.0803773731136506,-8.62030591464856
11.5175,-3.60606934305932,-0.0803773731136506,-8.56937471942606
11.52,-0.0908934243440065,-0.0803773731136506,-8.59993343655956
11.5225,-0.0959878821972175,-0.0803773731136506,-8.61521279512631
11.525,-0.0959878821972175,-0.075281680307862,-8.44713985089207
11.5275,-0.0959878821972175,-0.0803773731136506,-8.45223297041432
11.53,-3.81494211504095,-0.0803773731136506,-8.50316416563682
11.5325,-3.79456428362811,-0.0803773731136506,-8.58974719751506
11.535,-3.78437536792169,-0.0803773731136506,-8.55918848038156
11.5375,-3.80475319933453,-0.0803773731136506,-8.55918848038156
11.54,-3.79965874148132,-0.0803773731136506,-8.53372288277031
11.5425,-3.76909199436206,-0.0803773731136506,-8.53372288277031
11.545,-3.76399753650884,-0.0803773731136506,-8.51335040468132
11.5475,-3.7894698257749,-0.0803773731136506,-8.51335040468132
11.55,-3.71814741582995,-0.0803773731136506,-8.43695361184757
11.5525,-3.70795850012353,-0.0803773731136506,-8.48788480707007
11.555,-3.69776958441711,-0.0803773731136506,-8.48788480707007
11.5575,-3.69776958441711,-0.0803773731136506,-8.47769856802557
11.56,-3.6926751265639,-0.0803773731136506,-8.40639489471408
11.5625,-3.6926751265639,-0.0803773731136506,-8.39111553614733
11.565,-3.68758066871069,-0.0803773731136506,-8.39111553614733
11.5675,-3.71305295797674,-0.0803773731136506,-8.40639489471408
11.57,-3.74871416294921,-0.0803773731136506,-8.45732608993657
11.5725,-3.78437536792169,-0.0803773731136506,-8.48788480707007
11.575,-3.78437536792169,-0.0803773731136506,-8.47769856802557
11.5775,-3.80984765718774,-0.0803773731136506,-8.43186049232532
11.58,-3.7894698257749,-0.0803773731136506,-8.44713985089207
11.5825,-3.7894698257749,-0.0803773731136506,-8.45223297041432
11.585,-3.7894698257749,-0.0803773731136506,-8.42167425328083
11.5875,-3.78437536792169,-0.0803773731136506,-8.39620865566958
11.59,-3.78437536792169,-0.0803773731136506,-8.40130177519183
11.5925,-3.77928091006848,-0.0803773731136506,-8.40639489471408
11.595,-3.76909199436206,-0.0803773731136506,-8.32490498235808
11.5975,-3.75380862080242,-0.0803773731136506,-8.41658113375857
11.6,-3.73852524724279,-0.0803773731136506,-8.47260544850332
11.6025,-3.72833633153637,-0.0803773731136506,-8.40130177519183
11.605,-3.71305295797674,-0.0803773731136506,-8.40130177519183
11.6075,-3.70286404227032,-0.0803773731136506,-8.27397378713559
11.61,-3.68248621085748,-0.0803773731136506,-8.28416002618009
11.6125,-3.64173054803179,-0.0803773731136506,-8.47769856802557
11.615,-3.62644717447216,-0.0803773731136506,-8.30453250426909
11.6175,-3.61625825876574,-0.075281680307862,-8.36564993853608
11.62,-3.61625825876574,-0.0803773731136506,-8.37074305805833
11.6225,-3.60097488520611,-0.0803773731136506,-8.36564993853608
11.625,-3.59588042735289,-0.0803773731136506,-8.37074305805833
11.6275,-3.60097488520611,-0.075281680307862,-8.29434626522459
11.63,-3.60097488520611,-0.0803773731136506,-8.40130177519183
11.6325,-3.57040813808684,-0.0803773731136506,-8.46241920945882
11.635,-3.56021922238042,-0.0803773731136506,-8.38092929710283
11.6375,-3.52965247526116,-0.0803773731136506,-8.47260544850332
11.64,-3.52455801740795,-0.0803773731136506,-8.37074305805833
11.6425,-3.5041801859951,-0.0803773731136506,-8.37583617758058
11.645,-3.49399127028868,-0.0803773731136506,-8.37074305805833
11.6475,-3.47870789672905,-0.0803773731136506,-8.38602241662508
11.65,-3.46342452316942,-0.0803773731136506,-8.32490498235808
11.6525,-3.46342452316942,-0.0854730659194392,-8.40639489471408
11.655,-3.52455801740795,-0.0803773731136506,-8.46241920945882
11.6575,-3.46342452316942,-0.0803773731136506,-8.44713985089207
11.66,-3.51436910170153,-0.0803773731136506,-8.30962562379133
11.6625,-3.49399127028868,-0.0803773731136506,-8.39111553614733
11.665,-3.50927464384831,-0.0803773731136506,-8.32999810188033
11.6675,-3.5041801859951,-0.0803773731136506,-8.32490498235808
11.67,-3.49399127028868,-0.0803773731136506,-8.31981186283583
11.6725,-3.57550259594005,-0.0803773731136506,-8.31471874331358
11.675,-3.5041801859951,-0.0803773731136506,-8.35037057996933
11.6775,-3.58059705379326,-0.0803773731136506,-8.31981186283583
11.68,-3.49908572814189,-0.0803773731136506,-8.34018434092483
11.6825,-3.51436910170153,-0.0803773731136506,-8.34018434092483
11.685,-3.51436910170153,-0.0803773731136506,-8.32490498235808
11.6875,-3.53474693311437,-0.0803773731136506,-8.35037057996933
11.69,-3.56531368023363,-0.0803773731136506,-8.31471874331358
11.6925,-3.58059705379326,-0.0803773731136506,-8.29943938474683
11.695,-3.58059705379326,-0.0803773731136506,-8.34527746044708
11.6975,-3.550030306674,-0.0803773731136506,-8.34527746044708
11.7,-3.56531368023363,-0.0803773731136506,-8.29943938474683
11.7025,-3.53984139096758,-0.075281680307862,-8.30453250426909
11.705,-3.54493584882079,-0.0803773731136506,-8.27397378713559
11.7075,-3.61625825876574,-0.0803773731136506,-8.35037057996933
11.71,-3.58569151164647,-0.0803773731136506,-8.26378754809109
11.7125,-3.59078596949968,-0.0803773731136506,-8.38092929710283
11.715,-3.61116380091253,-0.0803773731136506,-8.23322883095759
11.7175,-3.58569151164647,-0.0803773731136506,-8.22813571143534
11.72,-3.58569151164647,-0.0803773731136506,-8.34527746044708
11.7225,-3.58059705379326,-0.0803773731136506,-8.32999810188033
11.725,-3.58059705379326,-0.0803773731136506,-8.20776323334634
11.7275,-3.57040813808684,-0.0803773731136506,-8.21285635286859
11.73,-3.55512476452721,-0.0803773731136506,-8.27397378713559
11.7325,-3.57550259594005,-0.0803773731136506,-8.19757699430184
11.735,-3.56531368023363,-0.0803773731136506,-8.22813571143534
11.7375,-3.53474693311437,-0.0803773731136506,-8.22813571143534
11.74,-3.52455801740795,-0.0803773731136506,-8.22813571143534
11.7425,-3.52965247526116,-0.0803773731136506,-8.35546369949158
11.745,-3.52455801740795,-0.0803773731136506,-8.23832195047984
11.7475,-3.550030306674,-0.075281680307862,-8.28416002618009
11.75,-3.54493584882079,-0.0803773731136506,-8.20776323334634
11.7525,-3.51436910170153,-0.0854730659194392,-8.20776323334634
11.755,-3.51436910170153,-0.0803773731136506,-8.18229763573509
11.7575,-3.48889681243547,-0.0803773731136506,-8.19248387477959
11.76,-3.5041801859951,-0.0803773731136506,-8.18739075525735
11.7625,-3.49908572814189,-0.0803773731136506,-8.18229763573509
11.765,-3.48380235458226,-0.0803773731136506,-8.17720451621285
11.7675,-3.47870789672905,-0.0803773731136506,-8.1619251576461
11.77,-3.48889681243547,-0.0803773731136506,-8.20776323334634
11.7725,-3.48889681243547,-0.075281680307862,-8.22304259191309
11.775,-3.44814114960979,-0.0803773731136506,-8.19248387477959
11.7775,-3.47361343887584,-0.0803773731136506,-8.1517389186016
11.78,-3.453235607463,-0.0803773731136506,-8.1517389186016
11.7825,-3.52455801740795,-0.0803773731136506,-8.1619251576461
11.785,-3.43285777605016,-0.0803773731136506,-8.26378754809109
11.7875,-3.42776331819694,-0.0803773731136506,-8.1415526795571
11.79,-3.41247994463731,-0.0803773731136506,-8.1415526795571
11.7925,-3.41757440249052,-0.0803773731136506,-8.19248387477959
11.795,-3.42266886034373,-0.0803773731136506,-8.1517389186016
11.7975,-3.42266886034373,-0.0803773731136506,-8.14664579907935
11.8,-3.43795223390337,-0.0803773731136506,-8.13645956003485
11.8025,-3.41757440249052,-0.0854730659194392,-8.20267011382409
11.805,-3.42776331819694,-0.0803773731136506,-8.18739075525735
11.8075,-3.43795223390337,-0.0803773731136506,-8.1619251576461
11.81,-3.46342452316942,-0.0803773731136506,-8.20776323334634
11.8125,-3.453235607463,-0.0803773731136506,-8.13645956003485
11.815,-3.45833006531621,-0.0854730659194392,-8.10590084290135
11.8175,-3.48889681243547,-0.0803773731136506,-8.1415526795571
11.82,-3.48889681243547,-0.0803773731136506,-8.1415526795571
11.8225,-3.46342452316942,-0.075281680307862,-8.1313664405126
11.825,-3.44814114960979,-0.0803773731136506,-8.17720451621285
11.8275,-3.47361343887584,-0.075281680307862,-8.04987652815661
11.83,-3.43795223390337,-0.0803773731136506,-8.06006276720111
11.8325,-3.45833006531621,-0.0803773731136506,-8.0804352452901
11.835,-3.45833006531621,-0.0803773731136506,-8.08552836481235
11.8375,-3.43795223390337,-0.0803773731136506,-8.07024900624561
11.84,-3.44304669175658,-0.075281680307862,-8.0906214843346
11.8425,-3.47870789672905,-0.0803773731136506,-8.09571460385685
11.845,-3.46851898102263,-0.0803773731136506,-8.10590084290135
11.8475,-3.46851898102263,-0.0803773731136506,-8.09571460385685
11.85,-3.47361343887584,-0.0803773731136506,-8.04987652815661
11.8525,-3.47361343887584,-0.0803773731136506,-8.07534212576785
11.855,-3.47361343887584,-0.0803773731136506,-8.05496964767886
11.8575,-3.47361343887584,-0.0803773731136506,-8.03969028911211
11.86,-3.46342452316942,-0.0803773731136506,-8.04478340863436
11.8625,-3.46851898102263,-0.0854730659194392,-8.0804352452901
11.865,-3.48380235458226,-0.0803773731136506,-8.03969028911211
11.8675,-3.5041801859951,-0.0803773731136506,-8.01422469150086
11.87,-3.49399127028868,-0.0803773731136506,-8.02441093054536
11.8725,-3.5041801859951,-0.0803773731136506,-8.01931781102311
11.875,-3.5041801859951,-0.0803773731136506,-8.01422469150086
11.8775,-3.58569151164647,-0.0803773731136506,-8.01931781102311
11.88,-3.52965247526116,-0.0803773731136506,-8.06515588672336
11.8825,-3.56021922238042,-0.0803773731136506,-7.99894533293411
11.885,-3.56021922238042,-0.0803773731136506,-8.04987652815661
11.8875,-3.54493584882079,-0.0803773731136506,-7.96838661580061
11.89,-3.56531368023363,-0.0803773731136506,-7.97857285484511
11.8925,-3.56531368023363,-0.0803773731136506,-8.03969028911211
11.895,-3.58569151164647,-0.0803773731136506,-8.03969028911211
11.8975,-3.60097488520611,-0.0803773731136506,-7.93273477914487
11.9,-3.58569151164647,-0.0803773731136506,-7.92764165962262
11.9025,-3.63154163232537,-0.0803773731136506,-7.89708294248912
11.905,-3.61116380091253,-0.0803773731136506,-7.88689670344462
11.9075,-3.60606934305932,-0.0803773731136506,-7.91745542057812
11.91,-3.61625825876574,-0.0803773731136506,-7.96329349627836
11.9125,-3.62135271661895,-0.0803773731136506,-7.98366597436736
11.915,-3.646825005885,-0.075281680307862,-7.87671046440012
11.9175,-3.63154163232537,-0.0803773731136506,-7.87671046440012
11.92,-3.64173054803179,-0.0803773731136506,-7.94292101818937
11.9225,-3.6926751265639,-0.0803773731136506,-7.86652422535562
11.925,-3.66210837944463,-0.0803773731136506,-7.92254854010037
11.9275,-3.64173054803179,-0.0803773731136506,-7.86143110583337
11.93,-3.65701392159142,-0.0803773731136506,-7.84615174726662
11.9325,-3.66210837944463,-0.0803773731136506,-7.86143110583337
11.935,-3.68758066871069,-0.0803773731136506,-7.87161734487787
11.9375,-3.67229729515105,-0.0854730659194392,-7.85633798631112
11.94,-3.69776958441711,-0.0803773731136506,-7.86652422535562
11.9425,-3.70286404227032,-0.0803773731136506,-8.07024900624561
11.945,-3.70286404227032,-0.0803773731136506,-7.86143110583337
11.9475,-3.70795850012353,-0.0803773731136506,-7.97347973532286
11.95,-3.70286404227032,-0.0803773731136506,-7.86652422535562
11.9525,-3.69776958441711,-0.0803773731136506,-7.95820037675611
11.955,-3.66210837944463,-0.0803773731136506,-7.87671046440012
11.9575,-3.66210837944463,-0.0803773731136506,-7.88180358392237
11.96,-3.65701392159142,-0.0803773731136506,-7.87161734487787
11.9625,-3.67229729515105,-0.0803773731136506,-7.90217606201137
11.965,-3.65191946373821,-0.075281680307862,-7.91236230105587
11.9675,-3.65191946373821,-0.0803773731136506,-7.91745542057812
11.97,-3.66210837944463,-0.0854730659194392,-7.90726918153362
11.9725,-3.66720283729784,-0.0803773731136506,-7.91745542057812
11.975,-3.66210837944463,-0.0803773731136506,-7.90726918153362
11.9775,-3.66210837944463,-0.0803773731136506,-7.93782789866712
11.98,-3.66210837944463,-0.0803773731136506,-7.96329349627836
11.9825,-3.65701392159142,-0.0803773731136506,-7.93273477914487
11.985,-3.66210837944463,-0.0803773731136506,-7.90726918153362
11.9875,-3.65701392159142,-0.0803773731136506,-7.92764165962262
11.99,-3.67739175300426,-0.0803773731136506,-7.91745542057812
11.9925,-3.65191946373821,-0.0803773731136506,-7.90217606201137
11.995,-3.646825005885,-0.0803773731136506,-7.90726918153362
11.9975,-3.66720283729784,-0.075281680307862,-7.87161734487787
12,-3.66720283729784,-0.0803773731136506,-8.00403845245636
12.0025,-3.68248621085748,-0.0803773731136506,-7.88689670344462
12.005,-3.66720283729784,-0.0803773731136506,-7.86143110583337
12.0075,-3.6926751265639,-0.0803773731136506,-7.93273477914487
12.01,-3.66720283729784,-0.0803773731136506,-7.89708294248912
12.0125,-3.71305295797674,-0.0803773731136506,-7.93273477914487
12.015,-3.71814741582995,-0.075281680307862,-7.87671046440012
12.0175,-3.76909199436206,-0.0803773731136506,-8.04478340863436
12.02,-3.743619705096,-0.0803773731136506,-7.94292101818937
12.0225,-3.743619705096,-0.0803773731136506,-7.89708294248912
12.025,-3.77928091006848,-0.0803773731136506,-7.94292101818937
12.0275,-3.743619705096,-0.0803773731136506,-7.86143110583337
12.03,-3.75380862080242,-0.0803773731136506,-7.87161734487787
12.0325,-3.81494211504095,-0.0803773731136506,-7.88180358392237
12.035,-3.7894698257749,-0.0803773731136506,-7.92764165962262
12.0375,-3.79456428362811,-0.0803773731136506,-7.94801413771162
12.04,-3.79456428362811,-0.0803773731136506,-7.91236230105587
12.0425,-3.80984765718774,-0.0854730659194392,-7.87671046440012
12.045,-3.80984765718774,-0.0803773731136506,-7.87161734487787
12.0475,-3.80984765718774,-0.0803773731136506,-7.88689670344462
12.05,-3.82513103074737,-0.0803773731136506,-7.86143110583337
12.0525,-3.83022548860058,-0.0803773731136506,-7.86143110583337
12.055,-3.83531994645379,-0.0803773731136506,-7.88689670344462
12.0575,-3.82513103074737,-0.0803773731136506,-7.96329349627836
12.06,-3.84550886216021,-0.0803773731136506,-7.92254854010037
12.0625,-3.85060332001342,-0.0803773731136506,-7.90726918153362
12.065,-3.81494211504095,-0.0803773731136506,-7.87671046440012
12.0675,-3.87607560927948,-0.0854730659194392,-7.91745542057812
12.07,-3.82513103074737,-0.0803773731136506,-7.90726918153362
12.0725,-3.82003657289416,-0.0803773731136506,-7.91236230105587
12.075,-3.82513103074737,-0.0803773731136506,-7.90217606201137
12.0775,-3.83531994645379,-0.0803773731136506,-7.87671046440012
12.08,-3.83531994645379,-0.0803773731136506,-7.88180358392237
12.0825,-3.83531994645379,-0.075281680307862,-7.87161734487787
12.085,-3.88117006713269,-0.0803773731136506,-7.89198982296687
12.0875,-3.89135898283911,-0.0803773731136506,-7.89198982296687
12.09,-3.89135898283911,-0.075281680307862,-7.93273477914487
12.0925,-3.87098115142627,-0.075281680307862,-7.93273477914487
12.095,-3.87098115142627,-0.0803773731136506,-7.92254854010037
12.0975,-3.89645344069232,-0.0803773731136506,-7.89708294248912
12.1,-3.8862645249859,-0.0803773731136506,-7.89708294248912
12.1025,-3.93211464566479,-0.0803773731136506,-7.84105862774437
12.105,-3.94230356137122,-0.0803773731136506,-7.88180358392237
12.1075,-4.0289093448758,-0.0803773731136506,-8.00403845245636
12.11,-4.00853151346295,-0.075281680307862,-7.89198982296687
12.1125,-4.00853151346295,-0.0803773731136506,-7.95820037675611
12.115,-3.98815368205011,-0.075281680307862,-7.91236230105587
12.1175,-4.01362597131616,-0.0803773731136506,-7.96838661580061
12.12,-4.06457054984827,-0.0803773731136506,-7.93782789866712
12.1225,-4.04419271843543,-0.0803773731136506,-7.88180358392237
12.125,-4.02381488702258,-0.0803773731136506,-7.97347973532286
12.1275,-4.00853151346295,-0.0803773731136506,-7.98875909388961
12.13,-4.00853151346295,-0.0803773731136506,-7.96329349627836
12.1325,-4.00343705560974,-0.0803773731136506,-7.98366597436736
12.135,-3.99834259775653,-0.0803773731136506,-7.87671046440012
12.1375,-3.99834259775653,-0.0803773731136506,-7.86652422535562
12.14,-3.98815368205011,-0.075281680307862,-7.88180358392237
12.1425,-4.00343705560974,-0.0803773731136506,-7.87161734487787
12.145,-3.99834259775653,-0.0803773731136506,-8.03459716958986
12.1475,-3.91173681425195,-0.0803773731136506,-8.02441093054536
12.15,-3.87098115142627,-0.0803773731136506,-7.88180358392237
12.1525,-3.85569777786664,-0.0803773731136506,-7.88180358392237
12.155,-3.83022548860058,-0.0803773731136506,-7.88180358392237
12.1575,-3.81494211504095,-0.0803773731136506,-7.91745542057812
12.16,-3.79456428362811,-0.0803773731136506,-7.90217606201137
12.1625,-3.77928091006848,-0.0803773731136506,-8.0804352452901
12.165,-3.75890307865563,-0.0854730659194392,-8.07534212576785
12.1675,-3.743619705096,-0.0803773731136506,-7.92764165962262
12.17,-3.72833633153637,-0.0803773731136506,-7.89708294248912
12.1725,-3.71814741582995,-0.0803773731136506,-8.0804352452901
12.175,-3.70286404227032,-0.0803773731136506,-8.10590084290135
12.1775,-3.69776958441711,-0.075281680307862,-8.0906214843346
12.18,-3.66210837944463,-0.0803773731136506,-8.0906214843346
12.1825,-3.67229729515105,-0.0803773731136506,-8.29434626522459
12.185,-3.65701392159142,-0.0803773731136506,-7.98875909388961
12.1875,-3.64173054803179,-0.0803773731136506,-8.19757699430184
12.19,-3.60606934305932,-0.0803773731136506,-7.91236230105587
12.1925,-3.58569151164647,-0.0803773731136506,-7.91236230105587
12.195,-3.57550259594005,-0.0803773731136506,-7.92764165962262
12.1975,-3.56021922238042,-0.0803773731136506,-7.92764165962262
12.2,-3.53984139096758,-0.0803773731136506,-7.94801413771162
12.2025,-3.52965247526116,-0.0803773731136506,-7.94801413771162
12.205,-3.51436910170153,-0.0803773731136506,-7.98875909388961
12.2075,-3.51436910170153,-0.0803773731136506,-7.98366597436736
12.21,-3.48889681243547,-0.0803773731136506,-8.16701827716835
12.2125,-3.48380235458226,-0.0803773731136506,-7.97857285484511
12.215,-3.49908572814189,-0.0803773731136506,-8.1721113966906
12.2175,-3.48380235458226,-0.0803773731136506,-8.14664579907935
12.22,-3.50927464384831,-0.0803773731136506,-8.00913157197861
12.2225,-3.48380235458226,-0.0803773731136506,-8.05496964767886
12.225,-3.453235607463,-0.0803773731136506,-8.04478340863436
12.2275,-3.43795223390337,-0.0803773731136506,-8.1721113966906
12.23,-3.42776331819694,-0.0803773731136506,-8.12627332099035
12.2325,-3.42266886034373,-0.0803773731136506,-8.13645956003485
12.235,-3.41757440249052,-0.0803773731136506,-8.12627332099035
12.2375,-3.43285777605016,-0.0803773731136506,-8.1415526795571
12.24,-3.42266886034373,-0.0803773731136506,-8.1313664405126
12.2425,-3.42776331819694,-0.0803773731136506,-7.97347973532286
12.245,-3.41757440249052,-0.0803773731136506,-8.1619251576461
12.2475,-3.41757440249052,-0.0803773731136506,-8.15683203812385
12.25,-3.4073854867841,-0.0803773731136506,-8.02441093054536
12.2525,-3.4073854867841,-0.0803773731136506,-8.30962562379133
12.255,-3.42776331819694,-0.0803773731136506,-8.16701827716835
12.2575,-3.40229102893089,-0.0803773731136506,-8.22304259191309
12.26,-3.40229102893089,-0.075281680307862,-8.27906690665784
12.2625,-3.41757440249052,-0.0803773731136506,-8.29943938474683
12.265,-3.41757440249052,-0.0803773731136506,-8.28925314570234
12.2675,-3.41247994463731,-0.0803773731136506,-8.09571460385685
12.27,-3.39210211322447,-0.0803773731136506,-8.22813571143534
12.2725,-3.38700765537126,-0.0803773731136506,-8.23832195047984
12.275,-3.39210211322447,-0.0803773731136506,-8.16701827716835
12.2775,-3.38191319751805,-0.0803773731136506,-8.17720451621285
12.28,-3.38191319751805,-0.0803773731136506,-8.22304259191309
12.2825,-3.38191319751805,-0.0803773731136506,-8.1415526795571
12.285,-3.37681873966484,-0.0803773731136506,-8.22304259191309
12.2875,-3.37681873966484,-0.0803773731136506,-8.1619251576461
12.29,-3.42266886034373,-0.0803773731136506,-8.11608708194585
12.2925,-3.36153536610521,-0.0803773731136506,-8.24850818952434
12.295,-3.39719657107768,-0.0803773731136506,-8.1415526795571
12.2975,-3.38191319751805,-0.0803773731136506,-8.21794947239084
12.3,-3.35134645039879,-0.075281680307862,-8.25869442856884
12.3025,-3.35134645039879,-0.0803773731136506,-8.28925314570234
12.305,-3.34625199254558,-0.0803773731136506,-8.32999810188033
12.3075,-3.34115753469236,-0.0803773731136506,-8.22813571143534
12.31,-3.34115753469236,-0.075281680307862,-8.09571460385685
12.3125,-3.34625199254558,-0.0854730659194392,-8.25360130904659
12.315,-3.34625199254558,-0.0803773731136506,-8.10590084290135
12.3175,-3.38191319751805,-0.0803773731136506,-8.1211802014681
12.32,-3.356440908252,-0.0803773731136506,-8.11608708194585
12.3225,-3.35134645039879,-0.0854730659194392,-8.1415526795571
12.325,-3.35134645039879,-0.0803773731136506,-8.1313664405126
12.3275,-3.39719657107768,-0.0803773731136506,-8.1415526795571
12.33,-3.37681873966484,-0.0803773731136506,-8.18739075525735
12.3325,-3.40229102893089,-0.0803773731136506,-8.17720451621285
12.335,-3.37681873966484,-0.0803773731136506,-8.18229763573509
12.3375,-3.38191319751805,-0.075281680307862,-8.18229763573509
12.34,-3.39210211322447,-0.0803773731136506,-8.20776323334634
12.3425,-3.4073854867841,-0.0803773731136506,-8.20776323334634
12.345,-3.41247994463731,-0.0803773731136506,-8.20776323334634
12.3475,-3.43795223390337,-0.0803773731136506,-8.29434626522459
12.35,-3.46851898102263,-0.0803773731136506,-8.20776323334634
12.3525,-3.47361343887584,-0.0803773731136506,-8.18229763573509
12.355,-3.47361343887584,-0.0803773731136506,-8.22813571143534
12.3575,-3.46851898102263,-0.0803773731136506,-8.23322883095759
12.36,-3.46851898102263,-0.0854730659194392,-8.23322883095759
12.3625,-3.46851898102263,-0.0854730659194392,-8.35546369949158
12.365,-3.47870789672905,-0.0854730659194392,-8.26888066761334
12.3675,-3.48380235458226,-0.075281680307862,-8.27397378713559
12.37,-3.48380235458226,-0.0803773731136506,-8.24341507000209
12.3725,-3.48380235458226,-0.0803773731136506,-8.30453250426909
12.375,-3.49908572814189,-0.0803773731136506,-8.28925314570234
12.3775,-3.53984139096758,-0.0803773731136506,-8.26888066761334
12.38,-3.52455801740795,-0.0803773731136506,-8.27397378713559
12.3825,-3.52965247526116,-0.0803773731136506,-8.24341507000209
12.385,-3.56531368023363,-0.0803773731136506,-8.28416002618009
12.3875,-3.58059705379326,-0.0803773731136506,-8.29434626522459
12.39,-3.56531368023363,-0.0803773731136506,-8.32999810188033
12.3925,-3.58059705379326,-0.0803773731136506,-8.32490498235808
12.395,-3.62135271661895,-0.0803773731136506,-8.34527746044708
12.3975,-3.60606934305932,-0.075281680307862,-8.28416002618009
12.4,-3.65701392159142,-0.0803773731136506,-8.35546369949158
12.4025,-3.66210837944463,-0.0803773731136506,-8.36055681901383
12.405,-3.66210837944463,-0.0803773731136506,-8.38602241662508
12.4075,-3.66210837944463,-0.0803773731136506,-8.39111553614733
12.41,-3.70286404227032,-0.0803773731136506,-8.43186049232532
12.4125,-3.67229729515105,-0.075281680307862,-8.37074305805833
12.415,-3.68248621085748,-0.0803773731136506,-8.41148801423633
12.4175,-3.68248621085748,-0.0803773731136506,-8.42676737280307
12.42,-3.73343078938958,-0.0803773731136506,-8.42676737280307
12.4225,-3.73343078938958,-0.0803773731136506,-8.36564993853608
12.425,-3.743619705096,-0.0854730659194392,-8.34527746044708
12.4275,-3.75890307865563,-0.0803773731136506,-8.36564993853608
12.43,-3.73852524724279,-0.0803773731136506,-8.37074305805833
12.4325,-3.76909199436206,-0.0803773731136506,-8.39111553614733
12.435,-3.78437536792169,-0.0803773731136506,-8.40130177519183
12.4375,-3.78437536792169,-0.0803773731136506,-8.41148801423633
12.44,-3.77928091006848,-0.0803773731136506,-8.42676737280307
12.4425,-3.7894698257749,-0.0803773731136506,-8.42676737280307
12.445,-3.79456428362811,-0.0803773731136506,-8.44713985089207
12.4475,-3.80475319933453,-0.075281680307862,-8.46751232898107
12.45,-3.79456428362811,-0.075281680307862,-8.45732608993657
12.4525,-3.79456428362811,-0.0803773731136506,-8.48279168754782
12.455,-3.82003657289416,-0.0803773731136506,-8.51844352420357
12.4575,-3.83022548860058,-0.0803773731136506,-8.46751232898107
12.46,-3.82003657289416,-0.0803773731136506,-8.37583617758058
12.4625,-3.81494211504095,-0.0803773731136506,-8.48279168754782
12.465,-3.82003657289416,-0.0803773731136506,-8.48788480707007
12.4675,-3.82513103074737,-0.0803773731136506,-8.49297792659232
12.47,-3.83022548860058,-0.0803773731136506,-8.45223297041432
12.4725,-3.82513103074737,-0.075281680307862,-8.39620865566958
12.475,-3.86588669357306,-0.0803773731136506,-8.44713985089207
12.4775,-3.840414404307,-0.075281680307862,-8.52862976324807
12.48,-3.84550886216021,-0.0803773731136506,-8.48788480707007
12.4825,-3.88117006713269,-0.0803773731136506,-8.46241920945882
12.485,-3.87098115142627,-0.0803773731136506,-8.46751232898107
12.4875,-3.84550886216021,-0.0854730659194392,-8.54900224133706
12.49,-3.84550886216021,-0.0803773731136506,-8.52353664372582
12.4925,-3.84550886216021,-0.0803773731136506,-8.52353664372582
12.495,-3.8862645249859,-0.0803773731136506,-8.54390912181481
12.4975,-3.88117006713269,-0.0803773731136506,-8.53372288277031
12.5,-3.85060332001342,-0.0854730659194392,-8.54390912181481
12.5025,-3.85060332001342,-0.0803773731136506,-8.53372288277031
12.505,-3.87607560927948,-0.0803773731136506,-8.64577151225981
12.5075,-3.87607560927948,-0.0803773731136506,-8.61521279512631
12.51,-3.89645344069232,-0.0803773731136506,-8.42167425328083
12.5125,-3.89135898283911,-0.0803773731136506,-8.42676737280307
12.515,-3.90154789854553,-0.0803773731136506,-8.46241920945882
12.5175,-3.90664235639874,-0.0803773731136506,-8.49807104611457
12.52,-3.90154789854553,-0.0803773731136506,-8.49807104611457
12.5225,-3.86588669357306,-0.0803773731136506,-8.49297792659232
12.525,-3.89645344069232,-0.0803773731136506,-8.46751232898107
12.5275,-3.92192572995837,-0.0803773731136506,-8.50825728515907
12.53,-3.87607560927948,-0.075281680307862,-8.53881600229256
12.5325,-3.84550886216021,-0.0803773731136506,-8.54390912181481
12.535,-3.89645344069232,-0.0803773731136506,-8.47769856802557
12.5375,-3.86588669357306,-0.0803773731136506,-8.53881600229256
12.54,-3.8862645249859,-0.0803773731136506,-8.53372288277031
12.5425,-3.88117006713269,-0.0803773731136506,-8.50825728515907
12.545,-3.86588669357306,-0.0803773731136506,-8.54900224133706
12.5475,-3.88117006713269,-0.0803773731136506,-8.54390912181481
12.55,-3.85060332001342,-0.075281680307862,-8.55918848038156
12.5525,-3.83022548860058,-0.0803773731136506,-8.56428159990381
12.555,-3.85569777786664,-0.0803773731136506,-8.58465407799281
12.5575,-3.88117006713269,-0.0803773731136506,-8.6661439903488
12.56,-3.88117006713269,-0.0803773731136506,-8.58974719751506
12.5625,-3.83531994645379,-0.0803773731136506,-8.64577151225981
12.565,-3.86588669357306,-0.0803773731136506,-8.57446783894831
12.5675,-3.8862645249859,-0.0803773731136506,-8.56428159990381
12.57,-3.89645344069232,-0.0803773731136506,-8.64067839273756
12.5725,-3.840414404307,-0.0854730659194392,-8.54900224133706
12.575,-3.86588669357306,-0.0803773731136506,-8.61521279512631
12.5775,-3.83531994645379,-0.0803773731136506,-8.54390912181481
12.58,-3.87607560927948,-0.075281680307862,-8.66105087082655
12.5825,-3.84550886216021,-0.0803773731136506,-8.64577151225981
12.585,-3.84550886216021,-0.0803773731136506,-8.6865164684378
12.5875,-3.84550886216021,-0.0803773731136506,-8.52353664372582
12.59,-3.8862645249859,-0.0803773731136506,-8.64067839273756
12.5925,-3.86079223571985,-0.0803773731136506,-8.6967027074823
12.595,-3.87607560927948,-0.0803773731136506,-8.6763302293933
12.5975,-3.85569777786664,-0.075281680307862,-8.59993343655956
12.6,-3.8862645249859,-0.0803773731136506,-8.57956095847056
12.6025,-3.87098115142627,-0.0803773731136506,-8.56428159990381
12.605,-3.94230356137122,-0.0803773731136506,-8.59484031703731
12.6075,-3.86588669357306,-0.0803773731136506,-8.58974719751506
12.61,-3.89645344069232,-0.0803773731136506,-8.61011967560406
12.6125,-3.94739801922443,-0.0803773731136506,-8.57446783894831
12.615,-3.97796476634369,-0.0803773731136506,-8.60502655608181
12.6175,-3.96268139278406,-0.0803773731136506,-8.68142334891555
12.62,-3.9830592241969,-0.0803773731136506,-8.59993343655956
12.6225,-3.93211464566479,-0.0803773731136506,-8.6967027074823
12.625,-3.94230356137122,-0.075281680307862,-8.56937471942606
12.6275,-3.94230356137122,-0.0803773731136506,-8.60502655608181
12.63,-3.94739801922443,-0.0803773731136506,-8.59993343655956
12.6325,-3.94739801922443,-0.0803773731136506,-8.63049215369306
12.635,-3.93211464566479,-0.0803773731136506,-8.63558527321531
12.6375,-3.93720910351801,-0.0803773731136506,-8.63558527321531
12.64,-3.95249247707764,-0.0803773731136506,-8.62539903417081
12.6425,-3.92192572995837,-0.0803773731136506,-8.58974719751506
12.645,-3.91173681425195,-0.0803773731136506,-8.62539903417081
12.6475,-3.91173681425195,-0.0803773731136506,-8.62030591464856
12.65,-3.91173681425195,-0.0803773731136506,-8.64067839273756
12.6525,-3.89645344069232,-0.075281680307862,-8.61521279512631
12.655,-3.88117006713269,-0.0803773731136506,-8.63049215369306
12.6575,-3.86588669357306,-0.075281680307862,-8.60502655608181
12.66,-3.86079223571985,-0.075281680307862,-8.64577151225981
12.6625,-3.84550886216021,-0.0803773731136506,-8.62030591464856
12.665,-3.86588669357306,-0.0803773731136506,-8.6661439903488
12.6675,-3.82003657289416,-0.0803773731136506,-8.65086463178205
12.67,-3.85569777786664,-0.0803773731136506,-8.67123710987105
12.6725,-3.80984765718774,-0.0803773731136506,-8.63049215369306
12.675,-3.79456428362811,-0.075281680307862,-8.51844352420357
12.6775,-3.76909199436206,-0.0803773731136506,-8.55409536085931
12.68,-3.78437536792169,-0.075281680307862,-8.61011967560406
12.6825,-3.76399753650884,-0.075281680307862,-8.61521279512631
12.685,-3.73852524724279,-0.0803773731136506,-8.60502655608181
12.6875,-3.71814741582995,-0.075281680307862,-8.58974719751506
12.69,-3.68758066871069,-0.0803773731136506,-8.59484031703731
12.6925,-3.646825005885,-0.0803773731136506,-8.68142334891555
12.695,-3.63154163232537,-0.0803773731136506,-8.62030591464856
12.6975,-3.61625825876574,-0.0803773731136506,-8.61521279512631
12.7,-3.59078596949968,-0.0803773731136506,-8.62030591464856
12.7025,-3.57040813808684,-0.0803773731136506,-0.10461007344729
12.705,-3.58059705379326,-0.0803773731136506,-0.0995169539250416
12.7075,-3.58569151164647,-0.0854730659194392,-8.61521279512631
12.71,-3.5041801859951,-0.0803773731136506,-8.65086463178205
12.7125,-3.47870789672905,-0.0803773731136506,-8.57446783894831
12.715,-3.45833006531621,-0.0803773731136506,-8.62539903417081
12.7175,-3.44304669175658,-0.0803773731136506,-8.59993343655956
12.72,-3.43285777605016,-0.0803773731136506,-8.59993343655956
12.7225,-3.41757440249052,-0.0803773731136506,-8.58974719751506
12.725,-3.4073854867841,-0.0803773731136506,-8.58974719751506
12.7275,-3.39719657107768,-0.0803773731136506,-8.62030591464856
12.73,-3.38700765537126,-0.0803773731136506,-8.53881600229256
12.7325,-3.38191319751805,-0.0803773731136506,-8.54900224133706
12.735,-3.37172428181163,-0.0803773731136506,-8.63558527321531
12.7375,-3.39210211322447,-0.0803773731136506,-8.52353664372582
12.74,-3.38700765537126,-0.0803773731136506,-8.55409536085931
12.7425,-3.39210211322447,-0.0803773731136506,-8.55918848038156
12.745,-3.356440908252,-0.0803773731136506,-8.67123710987105
12.7475,-3.36153536610521,-0.0803773731136506,-8.59993343655956
12.75,-3.35134645039879,-0.0803773731136506,-8.63558527321531
12.7525,-3.34625199254558,-0.0803773731136506,-8.6559577513043
12.755,-3.33606307683915,-0.0803773731136506,-8.64577151225981
12.7575,-3.33606307683915,-0.0803773731136506,-8.65086463178205
12.76,-3.32077970327952,-0.0803773731136506,-8.63049215369306
12.7625,-3.356440908252,-0.0803773731136506,-8.64577151225981
12.765,-3.33606307683915,-0.0803773731136506,-8.64577151225981
12.7675,-3.33606307683915,-0.0803773731136506,-8.6559577513043
12.77,-3.33606307683915,-0.0803773731136506,-8.63558527321531
12.7725,-3.32587416113273,-0.0803773731136506,-8.62030591464856
12.775,-3.34625199254558,-0.0803773731136506,-8.63558527321531
12.7775,-3.34625199254558,-0.0803773731136506,-8.62539903417081
12.78,-3.35134645039879,-0.0803773731136506,-8.70179582700455
12.7825,-3.37172428181163,-0.0803773731136506,-8.61521279512631
12.785,-3.38191319751805,-0.0803773731136506,-8.58974719751506
12.7875,-3.34625199254558,-0.0803773731136506,-8.61521279512631
12.79,-3.35134645039879,-0.0803773731136506,-8.75272702222705
12.7925,-3.356440908252,-0.0803773731136506,-8.52862976324807
12.795,-3.38700765537126,-0.0803773731136506,-8.56937471942606
12.7975,-3.38700765537126,-0.0803773731136506,-8.54900224133706
12.8,-3.38191319751805,-0.0803773731136506,-8.57956095847056
12.8025,-0.0959878821972175,-0.0803773731136506,-8.57956095847056
12.805,-3.41247994463731,-0.0803773731136506,-8.58465407799281
12.8075,-3.4073854867841,-0.0803773731136506,-8.58974719751506
12.81,-3.41757440249052,-0.0803773731136506,-8.55409536085931
12.8125,-3.42776331819694,-0.0803773731136506,-8.61521279512631
12.815,-3.42776331819694,-0.0803773731136506,-8.57956095847056
12.8175,-3.43795223390337,-0.0803773731136506,-8.56428159990381
12.82,-3.42266886034373,-0.0803773731136506,-8.55918848038156
12.8225,-3.41757440249052,-0.075281680307862,-8.56428159990381
12.825,-3.41247994463731,-0.0803773731136506,-8.54390912181481
12.8275,-3.43285777605016,-0.0803773731136506,-8.55409536085931
12.83,-3.43285777605016,-0.0854730659194392,-8.52353664372582
12.8325,-3.38191319751805,-0.0803773731136506,-8.54900224133706
12.835,-3.38191319751805,-0.0803773731136506,-8.54900224133706
12.8375,-3.34115753469236,-0.0803773731136506,-8.55409536085931
12.84,-3.356440908252,-0.0803773731136506,-8.53372288277031
12.8425,-3.34625199254558,-0.0803773731136506,-8.52862976324807
12.845,-3.31568524542631,-0.0803773731136506,-8.53372288277031
12.8475,-3.31568524542631,-0.0803773731136506,-8.53881600229256
12.85,-3.3105907875731,-0.0803773731136506,-8.52353664372582
12.8525,-3.34625199254558,-0.0803773731136506,-8.51844352420357
12.855,-3.34115753469236,-0.0803773731136506,-8.51335040468132
12.8575,-3.31568524542631,-0.0803773731136506,-8.50825728515907
12.86,-3.34625199254558,-0.0803773731136506,-8.49807104611457
12.8625,-3.34625199254558,-0.0803773731136506,-8.67123710987105
12.865,-3.34625199254558,-0.0803773731136506,-8.53372288277031
12.8675,-3.33606307683915,-0.075281680307862,-8.51335040468132
12.87,-3.356440908252,-0.0854730659194392,-8.54900224133706
12.8725,-3.35134645039879,-0.0803773731136506,-8.59484031703731
12.875,-3.35134645039879,-0.0803773731136506,-8.58465407799281
12.8775,-3.356440908252,-0.0803773731136506,-8.47769856802557
12.88,-3.37681873966484,-0.0803773731136506,-8.57446783894831
12.8825,-3.39719657107768,-0.0803773731136506,-8.59993343655956
12.885,-3.38700765537126,-0.0803773731136506,-8.49807104611457
12.8875,-3.37681873966484,-0.0803773731136506,-8.54390912181481
12.89,-3.38700765537126,-0.0803773731136506,-8.48788480707007
12.8925,-3.39719657107768,-0.0905687587252277,-8.53881600229256
12.895,-3.38700765537126,-0.0803773731136506,-8.48788480707007
12.8975,-3.39719657107768,-0.0803773731136506,-8.50316416563682
12.9,-3.40229102893089,-0.0803773731136506,-8.47260544850332
12.9025,-3.46342452316942,-0.0803773731136506,-8.46751232898107
12.905,-3.44814114960979,-0.0803773731136506,-8.52862976324807
12.9075,-3.42266886034373,-0.0803773731136506,-8.47769856802557
12.91,-3.44814114960979,-0.0803773731136506,-8.44713985089207
12.9125,-3.43795223390337,-0.0803773731136506,-8.50825728515907
12.915,-3.43795223390337,-0.0803773731136506,-8.43695361184757
12.9175,-3.43795223390337,-0.0803773731136506,-8.46751232898107
12.92,-3.43795223390337,-0.075281680307862,-8.43695361184757
12.9225,-3.39210211322447,-0.075281680307862,-8.43186049232532
12.925,-3.453235607463,-0.0803773731136506,-8.46241920945882
12.9275,-3.36662982395842,-0.0905687587252277,-8.46241920945882
12.93,-3.39210211322447,-0.0803773731136506,-8.45732608993657
12.9325,-3.34115753469236,-0.0803773731136506,-8.44713985089207
12.935,-3.33606307683915,-0.0803773731136506,-8.44204673136982
12.9375,-3.36662982395842,-0.0803773731136506,-8.44204673136982
12.94,-3.32077970327952,-0.0803773731136506,-8.45223297041432
12.9425,-3.30040187186668,-0.0803773731136506,-8.41658113375857
12.945,-3.32587416113273,-0.0803773731136506,-8.42167425328083
12.9475,-3.41757440249052,-0.0803773731136506,-8.47769856802557
12.95,-3.35134645039879,-0.0803773731136506,-8.45223297041432
12.9525,-3.33096861898594,-0.0803773731136506,-8.45223297041432
12.955,-3.356440908252,-0.0803773731136506,-8.45223297041432
12.9575,-3.38191319751805,-0.0803773731136506,-8.47769856802557
12.96,-3.40229102893089,-0.0803773731136506,-8.43186049232532
12.9625,-3.41757440249052,-0.0803773731136506,-8.46751232898107
12.965,-3.44304669175658,-0.0803773731136506,-8.40639489471408
12.9675,-3.44814114960979,-0.0854730659194392,-8.41658113375857
12.97,-3.44814114960979,-0.075281680307862,-8.40639489471408
12.9725,-3.47870789672905,-0.0803773731136506,-8.40639489471408
12.975,-3.48380235458226,-0.0803773731136506,-8.41148801423633
12.9775,-3.50927464384831,-0.0803773731136506,-8.41148801423633
12.98,-3.51946355955474,-0.0803773731136506,-8.48279168754782
12.9825,-3.51946355955474,-0.0803773731136506,-8.49297792659232
12.985,-3.55512476452721,-0.0803773731136506,-8.41658113375857
12.9875,-3.72324187368316,-0.0803773731136506,-8.37074305805833
12.99,-3.743619705096,-0.0803773731136506,-8.38092929710283
12.9925,-3.63154163232537,-0.075281680307862,-8.44713985089207
12.995,-3.65191946373821,-0.075281680307862,-8.45223297041432
12.9975,-3.70286404227032,-0.0803773731136506,-8.48279168754782
13,-3.73852524724279,-0.0803773731136506,-8.48788480707007
13.0025,-3.76399753650884,-0.0803773731136506,-8.38092929710283
13.005,-3.76399753650884,-0.0803773731136506,-8.38602241662508
13.0075,-3.78437536792169,-0.0803773731136506,-8.39111553614733
13.01,-3.76399753650884,-0.0803773731136506,-8.51335040468132
13.0125,-3.78437536792169,-0.0803773731136506,-8.37074305805833
13.015,-3.77928091006848,-0.0803773731136506,-8.48279168754782
13.0175,-3.76909199436206,-0.0803773731136506,-8.50316416563682
13.02,-3.77418645221527,-0.0803773731136506,-8.48279168754782
13.0225,-3.76909199436206,-0.0803773731136506,-8.48788480707007
13.025,-3.76909199436206,-0.0803773731136506,-8.47769856802557
13.0275,-3.78437536792169,-0.0803773731136506,-0.114796312491791
13.03,-3.78437536792169,-0.0803773731136506,-8.34527746044708
13.0325,-3.7894698257749,-0.0803773731136506,-8.35037057996933
13.035,-3.79965874148132,-0.0803773731136506,-8.35546369949158
13.0375,-3.78437536792169,-0.0803773731136506,-8.50316416563682
13.04,-3.9830592241969,-0.0803773731136506,-8.39620865566958
13.0425,-3.91173681425195,-0.0803773731136506,-8.44713985089207
13.045,-3.8862645249859,-0.0803773731136506,-8.34018434092483
13.0475,-3.93720910351801,-0.0803773731136506,-8.41658113375857
13.05,-3.92702018781158,-0.0803773731136506,-8.38602241662508
13.0525,-3.93720910351801,-0.0803773731136506,-8.35037057996933
13.055,-3.92702018781158,-0.0803773731136506,-8.38092929710283
13.0575,-3.89135898283911,-0.0803773731136506,-8.34018434092483
13.06,-3.91173681425195,-0.0803773731136506,-8.35546369949158
13.0625,-3.87098115142627,-0.0803773731136506,-8.39111553614733
13.065,-3.84550886216021,-0.0803773731136506,-8.28416002618009
13.0675,-3.78437536792169,-0.075281680307862,-8.40639489471408
13.07,-3.74871416294921,-0.075281680307862,-8.27397378713559
13.0725,-3.91173681425195,-0.0803773731136506,-8.27906690665784
13.075,-3.8862645249859,-0.0803773731136506,-8.26378754809109
13.0775,-3.83531994645379,-0.0803773731136506,-8.27906690665784
13.08,-3.7894698257749,-0.0803773731136506,-8.33509122140258
13.0825,-3.82513103074737,-0.0803773731136506,-8.24341507000209
13.085,-3.79456428362811,-0.0803773731136506,-8.30962562379133
13.0875,-3.78437536792169,-0.0803773731136506,-8.32999810188033
13.09,-3.7894698257749,-0.0803773731136506,-8.24850818952434
13.0925,-3.79456428362811,-0.0803773731136506,-8.24341507000209
13.095,-3.79456428362811,-0.0803773731136506,-8.29943938474683
13.0975,-3.71814741582995,-0.075281680307862,-8.28925314570234
13.1,-3.71814741582995,-0.075281680307862,-8.29943938474683
13.1025,-3.70286404227032,-0.0803773731136506,-8.28925314570234
13.105,-3.68248621085748,-0.0803773731136506,-8.51335040468132
13.1075,-3.67739175300426,-0.075281680307862,-8.19248387477959
13.11,-3.67229729515105,-0.075281680307862,-8.22813571143534
13.1125,-3.68248621085748,-0.0803773731136506,-8.31471874331358
13.115,-3.646825005885,-0.0803773731136506,-8.33509122140258
13.1175,-3.646825005885,-0.0854730659194392,-8.35037057996933
13.12,-3.65701392159142,-0.075281680307862,-8.23322883095759
13.1225,-3.67229729515105,-0.0803773731136506,-8.20267011382409
13.125,-3.65701392159142,-0.075281680307862,-8.25360130904659
13.1275,-3.64173054803179,-0.0803773731136506,-8.32999810188033
13.13,-3.70286404227032,-0.0803773731136506,-8.21794947239084
13.1325,-3.70286404227032,-0.0803773731136506,-8.19248387477959
13.135,-3.646825005885,-0.0803773731136506,-8.26378754809109
13.1375,-3.64173054803179,-0.0803773731136506,-8.31981186283583
13.14,-3.70795850012353,-0.0803773731136506,-8.28416002618009
13.1425,-3.70286404227032,-0.0803773731136506,-8.26888066761334
13.145,-3.70795850012353,-0.0803773731136506,-8.23322883095759
13.1475,-3.68248621085748,-0.075281680307862,-8.22304259191309
13.15,-3.69776958441711,-0.0854730659194392,-8.22304259191309
13.1525,-3.71814741582995,-0.0803773731136506,-8.23832195047984
13.155,-3.70795850012353,-0.0803773731136506,-8.21794947239084
13.1575,-3.72324187368316,-0.0803773731136506,-8.20267011382409
13.16,-3.7894698257749,-0.0803773731136506,-8.20267011382409
13.1625,-3.79456428362811,-0.0803773731136506,-8.18739075525735
13.165,-3.78437536792169,-0.0803773731136506,-8.29434626522459
13.1675,-3.77928091006848,-0.0803773731136506,-8.23322883095759
13.17,-3.79456428362811,-0.0803773731136506,-8.22304259191309
13.1725,-3.7894698257749,-0.0854730659194392,-8.19248387477959
13.175,-3.76909199436206,-0.0803773731136506,-8.19248387477959
13.1775,-3.743619705096,-0.0803773731136506,-8.19248387477959
13.18,-3.743619705096,-0.0803773731136506,-8.1517389186016
13.1825,-3.743619705096,-0.0803773731136506,-8.1619251576461
13.185,-3.743619705096,-0.0803773731136506,-8.17720451621285
13.1875,-3.743619705096,-0.0803773731136506,-8.22813571143534
13.19,-3.75890307865563,-0.0803773731136506,-8.14664579907935
13.1925,-3.76399753650884,-0.0803773731136506,-8.1517389186016
13.195,-3.87098115142627,-0.0803773731136506,-8.22304259191309
13.1975,-3.87098115142627,-0.0854730659194392,-8.21794947239084
13.2,-3.84550886216021,-0.0803773731136506,-8.14664579907935
13.2025,-3.86588669357306,-0.0803773731136506,-8.16701827716835
13.205,-3.87098115142627,-0.0803773731136506,-8.24850818952434
13.2075,-3.83531994645379,-0.0803773731136506,-8.20776323334634
13.21,-3.82513103074737,-0.0803773731136506,-8.1619251576461
13.2125,-3.82003657289416,-0.075281680307862,-8.1619251576461
13.215,-3.7894698257749,-0.0803773731136506,-8.25360130904659
13.2175,-3.78437536792169,-0.0803773731136506,-8.39620865566958
13.22,-3.80984765718774,-0.075281680307862,-8.14664579907935
13.2225,-3.75380862080242,-0.0854730659194392,-8.1415526795571
13.225,-3.74871416294921,-0.0803773731136506,-8.12627332099035
13.2275,-3.71814741582995,-0.0803773731136506,-8.1211802014681
13.23,-3.71305295797674,-0.0803773731136506,-8.30962562379133
13.2325,-3.56531368023363,-0.0803773731136506,-8.14664579907935
13.235,-3.53984139096758,-0.0803773731136506,-8.14664579907935
13.2375,-3.56021922238042,-0.0803773731136506,-8.13645956003485
13.24,-3.56531368023363,-0.0803773731136506,-8.1008077233791
13.2425,-3.55512476452721,-0.0803773731136506,-8.10590084290135
13.245,-3.550030306674,-0.0803773731136506,-8.1008077233791
13.2475,-3.550030306674,-0.0803773731136506,-0.10461007344729
13.25,-3.56531368023363,-0.0803773731136506,-0.0995169539250416
13.2525,-3.57040813808684,-0.0803773731136506,-8.13645956003485
13.255,-3.55512476452721,-0.0803773731136506,-8.08552836481235
13.2575,-3.54493584882079,-0.0803773731136506,-8.1415526795571
13.26,-3.54493584882079,-0.0854730659194392,-8.1313664405126
13.2625,-3.53474693311437,-0.0803773731136506,-8.18229763573509
13.265,-3.52965247526116,-0.0803773731136506,-8.0804352452901
13.2675,-3.53984139096758,-0.0803773731136506,-8.20267011382409
13.27,-3.52965247526116,-0.0803773731136506,-8.22304259191309
13.2725,-3.52965247526116,-0.0803773731136506,-8.1313664405126
13.275,-3.56531368023363,-0.0854730659194392,-8.1517389186016
13.2775,-3.54493584882079,-0.0803773731136506,-8.10590084290135
13.28,-3.51436910170153,-0.0803773731136506,-8.1008077233791
13.2825,-3.51436910170153,-0.0803773731136506,-8.1721113966906
13.285,-3.51436910170153,-0.0803773731136506,-8.1008077233791
13.2875,-3.53474693311437,-0.0803773731136506,-8.1517389186016
13.29,-3.48380235458226,-0.0803773731136506,-8.16701827716835
13.2925,-3.45833006531621,-0.0803773731136506,-8.06006276720111
13.295,-3.44814114960979,-0.0803773731136506,-8.1517389186016
13.2975,-3.43795223390337,-0.0803773731136506,-8.05496964767886
13.3,-3.43285777605016,-0.0803773731136506,-8.11608708194585
13.3025,-3.42266886034373,-0.0803773731136506,-8.08552836481235
13.305,-3.41757440249052,-0.0803773731136506,-8.1619251576461
13.3075,-3.41247994463731,-0.0803773731136506,-8.07024900624561
13.31,-3.42266886034373,-0.0803773731136506,-8.12627332099035
13.3125,-3.41757440249052,-0.0803773731136506,-8.03459716958986
13.315,-3.43795223390337,-0.0803773731136506,-8.03459716958986
13.3175,-3.41757440249052,-0.0803773731136506,-8.0804352452901
13.32,-3.41757440249052,-0.0803773731136506,-8.0804352452901
13.3225,-3.42776331819694,-0.0803773731136506,-8.07024900624561
13.325,-3.453235607463,-0.0803773731136506,-8.23322883095759
13.3275,-3.42776331819694,-0.0803773731136506,-8.22304259191309
13.33,-3.46851898102263,-0.075281680307862,-8.02441093054536
13.3325,-3.453235607463,-0.0803773731136506,-8.03969028911211
13.335,-3.45833006531621,-0.0803773731136506,-8.04478340863436
13.3375,-3.453235607463,-0.0803773731136506,-8.06515588672336
13.34,-3.46851898102263,-0.0803773731136506,-8.03969028911211
13.3425,-3.44814114960979,-0.0803773731136506,-8.06006276720111
13.345,-3.45833006531621,-0.0803773731136506,-8.06006276720111
13.3475,-3.43795223390337,-0.0803773731136506,-8.03459716958986
13.35,-3.43795223390337,-0.0803773731136506,-8.03459716958986
13.3525,-3.49399127028868,-0.0803773731136506,-8.07024900624561
13.355,-3.49908572814189,-0.0803773731136506,-8.07024900624561
13.3575,-3.48380235458226,-0.0803773731136506,-8.01422469150086
13.36,-3.52965247526116,-0.0803773731136506,-8.03459716958986
13.3625,-3.53984139096758,-0.0803773731136506,-8.06515588672336
13.365,-3.51946355955474,-0.0803773731136506,-7.98366597436736
13.3675,-3.52455801740795,-0.0854730659194392,-7.98875909388961
13.37,-3.51946355955474,-0.0803773731136506,-7.98875909388961
13.3725,-3.44814114960979,-0.0803773731136506,-8.03459716958986
13.375,-3.51946355955474,-0.0803773731136506,-8.07024900624561
13.3775,-3.46851898102263,-0.0803773731136506,-8.03969028911211
13.38,-3.53474693311437,-0.0803773731136506,-7.98366597436736
13.3825,-3.49908572814189,-0.0803773731136506,-7.99894533293411
13.385,-3.54493584882079,-0.0803773731136506,-8.00913157197861
13.3875,-3.550030306674,-0.0803773731136506,-8.0804352452901
13.39,-3.46851898102263,-0.0803773731136506,-8.07534212576785
13.3925,-3.49908572814189,-0.0803773731136506,-8.03969028911211
13.395,-3.53474693311437,-0.0803773731136506,-8.03459716958986
13.3975,-3.59588042735289,-0.0803773731136506,-8.21794947239084
13.4,-3.61116380091253,-0.0803773731136506,-8.20267011382409
13.4025,-3.58569151164647,-0.0803773731136506,-8.27906690665784
13.405,-3.60097488520611,-0.0803773731136506,-8.02441093054536
13.4075,-3.62135271661895,-0.0803773731136506,-8.06515588672336
13.41,-3.66210837944463,-0.0803773731136506,-8.16701827716835
13.4125,-3.67229729515105,-0.0803773731136506,-8.07024900624561
13.415,-3.70286404227032,-0.0803773731136506,-8.06515588672336
13.4175,-3.71305295797674,-0.0803773731136506,-8.19248387477959
13.42,-3.80984765718774,-0.0803773731136506,-8.18229763573509
13.4225,-3.75380862080242,-0.0803773731136506,-8.18739075525735
13.425,-3.78437536792169,-0.0803773731136506,-8.0804352452901
13.4275,-3.78437536792169,-0.0803773731136506,-8.07024900624561
13.43,-3.7894698257749,-0.0803773731136506,-8.08552836481235
13.4325,-3.79965874148132,-0.075281680307862,-8.18739075525735
13.435,-3.80475319933453,-0.0803773731136506,-8.1211802014681
13.4375,-3.81494211504095,-0.0803773731136506,-8.11608708194585
13.44,-3.82003657289416,-0.0803773731136506,-8.12627332099035
13.4425,-3.85569777786664,-0.0803773731136506,-8.19757699430184
13.445,-3.86079223571985,-0.0803773731136506,-8.28925314570234
13.4475,-3.86588669357306,-0.0803773731136506,-8.1211802014681
13.45,-3.86079223571985,-0.0803773731136506,-8.1211802014681
13.4525,-3.85569777786664,-0.0803773731136506,-8.1211802014681
13.455,-3.86079223571985,-0.0803773731136506,-8.1211802014681
13.4575,-3.86588669357306,-0.0803773731136506,-8.13645956003485
13.46,-3.86588669357306,-0.0803773731136506,-8.12627332099035
13.4625,-3.86079223571985,-0.0803773731136506,-8.13645956003485
13.465,-3.86588669357306,-0.0803773731136506,-8.12627332099035
13.4675,-3.93211464566479,-0.075281680307862,-8.48788480707007
13.47,-3.90154789854553,-0.0803773731136506,-8.12627332099035
13.4725,-3.86588669357306,-0.0803773731136506,-8.17720451621285
13.475,-3.86079223571985,-0.0803773731136506,-8.1415526795571
13.4775,-3.85569777786664,-0.0803773731136506,-8.17720451621285
13.48,-3.85060332001342,-0.0803773731136506,-8.1721113966906
13.4825,-3.84550886216021,-0.0803773731136506,-8.22813571143534
13.485,-3.89135898283911,-0.0803773731136506,-8.16701827716835
13.4875,-3.82513103074737,-0.0803773731136506,-8.19248387477959
13.49,-3.84550886216021,-0.0803773731136506,-8.14664579907935
13.4925,-3.86588669357306,-0.0803773731136506,-8.20267011382409
13.495,-3.83022548860058,-0.0803773731136506,-8.1415526795571
13.4975,-3.85060332001342,-0.0803773731136506,-8.14664579907935
13.5,-3.79456428362811,-0.0803773731136506,-8.13645956003485
13.5025,-3.77418645221527,-0.0803773731136506,-8.1313664405126
13.505,-3.79456428362811,-0.0803773731136506,-8.13645956003485
13.5075,-3.72324187368316,-0.0803773731136506,-0.10461007344729
13.51,-3.70795850012353,-0.0803773731136506,-0.0995169539250416
13.5125,-3.79965874148132,-0.0803773731136506,-0.0995169539250416
13.515,-3.65191946373821,-0.0803773731136506,-0.0995169539250416
13.5175,-3.61625825876574,-0.0803773731136506,-8.32490498235808
13.52,-3.63663609017858,-0.0803773731136506,-8.32490498235808
13.5225,-3.58059705379326,-0.0803773731136506,-8.20776323334634
13.525,-3.57040813808684,-0.0803773731136506,-8.27397378713559
13.5275,-3.52965247526116,-0.0803773731136506,-8.27906690665784
13.53,-3.51436910170153,-0.0803773731136506,-8.18229763573509
13.5325,-3.51436910170153,-0.0803773731136506,-8.19248387477959
13.535,-3.5041801859951,-0.0803773731136506,-8.36055681901383
13.5375,-3.48889681243547,-0.0803773731136506,-8.36564993853608
13.54,-3.48380235458226,-0.0803773731136506,-8.18229763573509
13.5425,-3.45833006531621,-0.0803773731136506,-8.18739075525735
13.545,-3.44304669175658,-0.0803773731136506,-8.30962562379133
13.5475,-3.42776331819694,-0.0803773731136506,-8.32999810188033
13.55,-3.46851898102263,-0.075281680307862,-8.23832195047984
13.5525,-3.44304669175658,-0.0803773731136506,-8.23322883095759
13.555,-3.46342452316942,-0.0803773731136506,-8.25360130904659
13.5575,-3.39719657107768,-0.075281680307862,-8.44713985089207
13.56,-3.36662982395842,-0.0803773731136506,-8.38602241662508
13.5625,-3.37681873966484,-0.0803773731136506,-8.31471874331358
13.565,-3.356440908252,-0.0803773731136506,-8.29434626522459
13.5675,-3.36153536610521,-0.075281680307862,-8.27906690665784
13.57,-3.33606307683915,-0.0803773731136506,-8.41148801423633
13.5725,-3.30040187186668,-0.0803773731136506,-8.24341507000209
13.575,-3.29530741401347,-0.075281680307862,-8.32490498235808
13.5775,-3.32077970327952,-0.0803773731136506,-8.28925314570234
13.58,-3.30549632971989,-0.0803773731136506,-8.36055681901383
13.5825,-3.30040187186668,-0.0803773731136506,-8.35546369949158
13.585,-3.29530741401347,-0.0803773731136506,-8.30453250426909
13.5875,-3.34625199254558,-0.0803773731136506,-8.28416002618009
13.59,-3.29530741401347,-0.0803773731136506,-8.28925314570234
13.5925,-3.33096861898594,-0.0803773731136506,-8.32490498235808
13.595,-3.28511849830705,-0.0803773731136506,-8.24341507000209
13.5975,-3.33606307683915,-0.0803773731136506,-8.30962562379133
13.6,-3.3105907875731,-0.0854730659194392,-8.27906690665784
13.6025,-3.31568524542631,-0.0803773731136506,-8.30962562379133
13.605,-3.33606307683915,-0.0803773731136506,-8.35546369949158
13.6075,-3.31568524542631,-0.0854730659194392,-8.27397378713559
13.61,-3.32077970327952,-0.0803773731136506,-8.28416002618009
13.6125,-3.33606307683915,-0.0803773731136506,-8.24341507000209
13.615,-3.34115753469236,-0.0803773731136506,-8.25360130904659
13.6175,-3.40229102893089,-0.0803773731136506,-8.34018434092483
13.62,-3.34625199254558,-0.0803773731136506,-8.26378754809109
13.6225,-3.43795223390337,-0.0803773731136506,-8.25869442856884
13.625,-3.43795223390337,-0.075281680307862,-8.26378754809109
13.6275,-3.38191319751805,-0.0803773731136506,-8.23832195047984
13.63,-3.56531368023363,-0.0803773731136506,-8.23832195047984
13.6325,-3.47870789672905,-0.0803773731136506,-8.24341507000209
13.635,-3.48380235458226,-0.0803773731136506,-8.24341507000209
13.6375,-3.49908572814189,-0.0803773731136506,-8.24341507000209
13.64,-3.43795223390337,-0.075281680307862,-8.22813571143534
13.6425,-3.56531368023363,-0.0803773731136506,-8.23322883095759
13.645,-3.56531368023363,-0.0803773731136506,-8.28925314570234
13.6475,-3.57040813808684,-0.0803773731136506,-8.30453250426909
13.65,-3.550030306674,-0.0803773731136506,-8.22304259191309
13.6525,-3.550030306674,-0.0803773731136506,-8.22304259191309
13.655,-3.63154163232537,-0.0803773731136506,-8.22813571143534
13.6575,-3.60606934305932,-0.0803773731136506,-8.21794947239084
13.66,-3.63154163232537,-0.0803773731136506,-8.22813571143534
13.6625,-3.66210837944463,-0.0803773731136506,-8.21285635286859
13.665,-3.66720283729784,-0.0803773731136506,-8.26888066761334
13.6675,-3.70795850012353,-0.0803773731136506,-8.22813571143534
13.67,-3.70286404227032,-0.0803773731136506,-8.23832195047984
13.6725,-3.646825005885,-0.0803773731136506,-8.23322883095759
13.675,-3.66210837944463,-0.075281680307862,-8.22304259191309
13.6775,-3.63154163232537,-0.0803773731136506,-8.22813571143534
13.68,-3.65191946373821,-0.0803773731136506,-8.23322883095759
13.6825,-3.65701392159142,-0.0803773731136506,-8.23322883095759
13.685,-3.66210837944463,-0.0803773731136506,-8.22813571143534
13.6875,-3.66720283729784,-0.0803773731136506,-8.24850818952434
13.69,-3.6926751265639,-0.0803773731136506,-8.23832195047984
13.6925,-3.66720283729784,-0.0803773731136506,-8.24850818952434
13.695,-3.67739175300426,-0.0803773731136506,-8.24341507000209
13.6975,-3.68248621085748,-0.0803773731136506,-8.32490498235808
13.7,-3.83531994645379,-0.0803773731136506,-8.22813571143534
13.7025,-3.84550886216021,-0.0803773731136506,-8.26378754809109
13.705,-3.80984765718774,-0.0803773731136506,-8.23832195047984
13.7075,-3.75380862080242,-0.0803773731136506,-8.29943938474683
13.71,-3.75890307865563,-0.0803773731136506,-8.24341507000209
13.7125,-3.76909199436206,-0.0803773731136506,-8.25360130904659
13.715,-3.74871416294921,-0.0803773731136506,-8.25869442856884
13.7175,-3.74871416294921,-0.0803773731136506,-8.22304259191309
13.72,-3.79456428362811,-0.0803773731136506,-8.25869442856884
13.7225,-3.77418645221527,-0.0803773731136506,-8.22304259191309
13.725,-3.77418645221527,-0.0803773731136506,-8.24850818952434
13.7275,-3.76909199436206,-0.0803773731136506,-8.24341507000209
13.73,-3.77418645221527,-0.0803773731136506,-8.21794947239084
13.7325,-3.76909199436206,-0.0803773731136506,-8.24850818952434
13.735,-3.80984765718774,-0.0803773731136506,-8.23322883095759
13.7375,-3.78437536792169,-0.0803773731136506,-8.23322883095759
13.74,-3.75380862080242,-0.0854730659194392,-8.24341507000209
13.7425,-3.83022548860058,-0.0803773731136506,-8.25360130904659
13.745,-3.75380862080242,-0.0854730659194392,-8.24850818952434
13.7475,-3.76909199436206,-0.0803773731136506,-8.25360130904659
13.75,-3.78437536792169,-0.0803773731136506,-8.25869442856884
13.7525,-3.77418645221527,-0.0803773731136506,-8.26378754809109
13.755,-3.74871416294921,-0.0803773731136506,-8.24850818952434
13.7575,-3.72833633153637,-0.0803773731136506,-8.16701827716835
13.76,-3.70795850012353,-0.0803773731136506,-8.20776323334634
13.7625,-3.70795850012353,-0.0803773731136506,-8.28925314570234
13.765,-3.68758066871069,-0.075281680307862,-8.26888066761334
13.7675,-3.68758066871069,-0.0803773731136506,-8.16701827716835
13.77,-3.6926751265639,-0.0803773731136506,-8.20776323334634
13.7725,-3.68248621085748,-0.0803773731136506,-8.18229763573509
13.775,-3.67739175300426,-0.0803773731136506,-8.20267011382409
13.7775,-3.66720283729784,-0.0803773731136506,-8.20776323334634
13.78,-3.66210837944463,-0.0803773731136506,-8.20267011382409
13.7825,-3.66720283729784,-0.0803773731136506,-8.28925314570234
13.785,-3.66720283729784,-0.0803773731136506,-8.25869442856884
13.7875,-3.65701392159142,-0.0803773731136506,-8.23832195047984
13.79,-3.67229729515105,-0.0803773731136506,-8.23832195047984
13.7925,-3.66210837944463,-0.0803773731136506,-8.24341507000209
13.795,-3.66720283729784,-0.0803773731136506,-8.23322883095759
13.7975,-3.67229729515105,-0.0803773731136506,-8.24850818952434
13.8,-3.66210837944463,-0.0803773731136506,-8.29434626522459
13.8025,-3.63663609017858,-0.0803773731136506,-8.26888066761334
13.805,-3.64173054803179,-0.0803773731136506,-8.33509122140258
13.8075,-3.66210837944463,-0.075281680307862,-8.21794947239084
13.81,-3.60606934305932,-0.0803773731136506,-8.26378754809109
13.8125,-3.63154163232537,-0.0803773731136506,-8.21794947239084
13.815,-3.63663609017858,-0.0803773731136506,-8.24341507000209
13.8175,-3.62644717447216,-0.0803773731136506,-8.37074305805833
13.82,-3.64173054803179,-0.0803773731136506,-8.22304259191309
13.8225,-3.61116380091253,-0.0803773731136506,-8.28416002618009
13.825,-3.62135271661895,-0.0803773731136506,-8.32490498235808
13.8275,-3.646825005885,-0.0803773731136506,-8.20267011382409
13.83,-3.65191946373821,-0.0803773731136506,-8.19757699430184
13.8325,-3.63663609017858,-0.0803773731136506,-8.19757699430184
13.835,-3.62135271661895,-0.0803773731136506,-8.38092929710283
13.8375,-3.63154163232537,-0.0803773731136506,-8.18739075525735
13.84,-3.62135271661895,-0.0803773731136506,-8.20776323334634
13.8425,-3.61625825876574,-0.0803773731136506,-8.22304259191309
13.845,-3.60606934305932,-0.0803773731136506,-8.21794947239084
13.8475,-3.59078596949968,-0.0803773731136506,-8.22304259191309
13.85,-3.58059705379326,-0.0803773731136506,-8.19248387477959
13.8525,-3.60097488520611,-0.0803773731136506,-8.23322883095759
13.855,-3.57550259594005,-0.0803773731136506,-8.23832195047984
13.8575,-3.56531368023363,-0.0854730659194392,-8.26378754809109
13.86,-3.55512476452721,-0.0803773731136506,-8.25360130904659
13.8625,-3.51946355955474,-0.0803773731136506,-8.22304259191309
13.865,-3.51946355955474,-0.0803773731136506,-8.26378754809109
13.8675,-3.53474693311437,-0.0803773731136506,-8.47769856802557
13.87,-3.51436910170153,-0.0803773731136506,-8.24850818952434
13.8725,-3.5041801859951,-0.0803773731136506,-8.34527746044708
13.875,-3.49399127028868,-0.0803773731136506,-8.29943938474683
13.8775,-3.51946355955474,-0.075281680307862,-8.24341507000209
13.88,-3.49908572814189,-0.0803773731136506,-8.24341507000209
13.8825,-3.46851898102263,-0.075281680307862,-8.24850818952434
13.885,-3.45833006531621,-0.0803773731136506,-8.23832195047984
13.8875,-3.45833006531621,-0.0803773731136506,-8.24850818952434
13.89,-3.47870789672905,-0.0803773731136506,-8.26378754809109
13.8925,-3.48380235458226,-0.0803773731136506,-8.33509122140258
13.895,-3.44814114960979,-0.0803773731136506,-8.31471874331358
13.8975,-3.44304669175658,-0.0803773731136506,-8.30453250426909
13.9,-3.44814114960979,-0.0803773731136506,-8.26888066761334
13.9025,-3.44814114960979,-0.0854730659194392,-8.24850818952434
13.905,-3.44304669175658,-0.0803773731136506,-8.25869442856884
13.9075,-3.43795223390337,-0.075281680307862,-8.22813571143534
13.91,-3.45833006531621,-0.0803773731136506,-8.26888066761334
13.9125,-3.43285777605016,-0.0803773731136506,-8.26378754809109
13.915,-3.45833006531621,-0.0803773731136506,-8.28416002618009
13.9175,-3.47870789672905,-0.0803773731136506,-8.28416002618009
13.92,-3.46342452316942,-0.0803773731136506,-8.29943938474683
13.9225,-3.46851898102263,-0.0803773731136506,-8.32490498235808
13.925,-3.48380235458226,-0.0803773731136506,-8.47260544850332
13.9275,-3.47361343887584,-0.0803773731136506,-8.31981186283583
13.93,-3.453235607463,-0.0803773731136506,-8.34018434092483
13.9325,-3.51946355955474,-0.075281680307862,-8.45732608993657
13.935,-3.47361343887584,-0.0803773731136506,-8.35546369949158
13.9375,-3.48380235458226,-0.0803773731136506,-8.35546369949158
13.94,-3.5041801859951,-0.0803773731136506,-8.35546369949158
13.9425,-3.49908572814189,-0.0803773731136506,-8.43695361184757
13.945,-3.47361343887584,-0.0803773731136506,-8.39111553614733
13.9475,-3.49399127028868,-0.0803773731136506,-8.36055681901383
13.95,-3.5041801859951,-0.0803773731136506,-8.34018434092483
13.9525,-3.47361343887584,-0.0803773731136506,-8.43695361184757
13.955,-3.47361343887584,-0.0803773731136506,-8.38602241662508
13.9575,-3.49908572814189,-0.0803773731136506,-8.35546369949158
13.96,-3.49399127028868,-0.0803773731136506,-8.39111553614733
13.9625,-3.51436910170153,-0.0803773731136506,-8.39111553614733
13.965,-3.48380235458226,-0.0803773731136506,-8.36055681901383
13.9675,-3.48380235458226,-0.0803773731136506,-8.38602241662508
13.97,-3.52455801740795,-0.0803773731136506,-8.39111553614733
13.9725,-3.49399127028868,-0.0803773731136506,-8.41658113375857
13.975,-3.51946355955474,-0.0803773731136506,-8.41658113375857
13.9775,-3.51946355955474,-0.0854730659194392,-8.37074305805833
13.98,-3.5041801859951,-0.0803773731136506,-8.42676737280307
13.9825,-3.50927464384831,-0.0803773731136506,-8.36564993853608
13.985,-3.51436910170153,-0.0854730659194392,-8.35546369949158
13.9875,-3.56531368023363,-0.0803773731136506,-8.36564993853608
13.99,-3.58569151164647,-0.0803773731136506,-8.35546369949158
13.9925,-3.60097488520611,-0.0803773731136506,-8.46751232898107
13.995,-3.62135271661895,-0.0803773731136506,-8.40639489471408
13.9975,-3.59588042735289,-0.0803773731136506,-8.44713985089207
14,-3.59588042735289,-0.0803773731136506,-8.44713985089207
14.0025,-3.59078596949968,-0.0803773731136506,-8.37583617758058
14.005,-3.59588042735289,-0.0803773731136506,-8.37583617758058
14.0075,-3.60097488520611,-0.0803773731136506,-8.40130177519183
14.01,-3.58569151164647,-0.0803773731136506,-8.38602241662508
14.0125,-3.61625825876574,-0.0803773731136506,-8.38602241662508
14.015,-3.63154163232537,-0.0803773731136506,-8.40130177519183
14.0175,-3.63154163232537,-0.0803773731136506,-8.58465407799281
14.02,-3.61116380091253,-0.0803773731136506,-8.42676737280307
14.0225,-3.66210837944463,-0.0803773731136506,-8.43186049232532
14.025,-3.65191946373821,-0.0803773731136506,-8.43695361184757
14.0275,-3.65191946373821,-0.0803773731136506,-8.44713985089207
14.03,-3.65191946373821,-0.0803773731136506,-8.51844352420357
14.0325,-3.66210837944463,-0.0803773731136506,-8.51844352420357
14.035,-3.66210837944463,-0.0803773731136506,-8.51335040468132
14.0375,-3.69776958441711,-0.075281680307862,-8.49297792659232
14.04,-3.70286404227032,-0.0803773731136506,-8.48788480707007
14.0425,-3.62135271661895,-0.0803773731136506,-8.65086463178205
14.045,-3.69776958441711,-0.0803773731136506,-8.57956095847056
14.0475,-3.69776958441711,-0.075281680307862,-8.49807104611457
14.05,-3.63154163232537,-0.0803773731136506,-8.52862976324807
14.0525,-3.63154163232537,-0.0803773731136506,-8.45732608993657
14.055,-3.63154163232537,-0.0803773731136506,-8.47769856802557
14.0575,-3.64173054803179,-0.0803773731136506,-8.50316416563682
14.06,-3.64173054803179,-0.0803773731136506,-8.45732608993657
14.0625,-3.64173054803179,-0.0803773731136506,-8.61521279512631
14.065,-3.646825005885,-0.0803773731136506,-8.51844352420357
14.0675,-3.66210837944463,-0.0803773731136506,-8.48279168754782
14.07,-3.66210837944463,-0.0803773731136506,-8.49297792659232
14.0725,-3.67739175300426,-0.0803773731136506,-8.50825728515907
14.075,-3.6926751265639,-0.0803773731136506,-8.51335040468132
14.0775,-3.70286404227032,-0.0803773731136506,-8.56937471942606
14.08,-3.70795850012353,-0.0803773731136506,-8.47769856802557
14.0825,-3.71305295797674,-0.0803773731136506,-8.47769856802557
14.085,-3.70795850012353,-0.0803773731136506,-8.48279168754782
14.0875,-3.72833633153637,-0.0803773731136506,-8.48279168754782
14.09,-3.72833633153637,-0.0803773731136506,-8.47769856802557
14.0925,-3.74871416294921,-0.0803773731136506,-8.48279168754782
14.095,-3.75380862080242,-0.0803773731136506,-8.59484031703731
14.0975,-3.77418645221527,-0.0803773731136506,-8.46751232898107
14.1,-3.77928091006848,-0.0803773731136506,-8.47260544850332
14.1025,-3.77928091006848,-0.075281680307862,-8.48279168754782
14.105,-0.330332943444905,-0.0803773731136506,-8.49297792659232
14.1075,-0.0959878821972175,-0.0803773731136506,-8.57956095847056
14.11,-0.0908934243440065,-0.0803773731136506,-8.58465407799281
14.1125,-0.0959878821972175,-0.0803773731136506,-8.50825728515907
14.115,-2.10320427636219,-0.0803773731136506,-8.57446783894831
14.1175,-3.94230356137122,-0.075281680307862,-8.49297792659232
14.12,-3.96268139278406,-0.0803773731136506,-8.51335040468132
14.1225,-3.91683127210516,-0.0803773731136506,-8.57446783894831
14.125,-3.91173681425195,-0.0803773731136506,-8.57446783894831
14.1275,-3.93211464566479,-0.0803773731136506,-8.57446783894831
14.13,-3.91173681425195,-0.0803773731136506,-8.58465407799281
14.1325,-3.93720910351801,-0.0803773731136506,-8.55409536085931
14.135,-3.90664235639874,-0.0803773731136506,-8.56937471942606
14.1375,-3.90664235639874,-0.0803773731136506,-8.48788480707007
14.14,-3.8862645249859,-0.0803773731136506,-8.56937471942606
14.1425,-3.90154789854553,-0.0803773731136506,-8.55918848038156
14.145,-3.91683127210516,-0.0803773731136506,-8.55409536085931
14.1475,-3.78437536792169,-0.0803773731136506,-8.48788480707007
14.15,-3.94230356137122,-0.0803773731136506,-8.65086463178205
14.1525,-3.77418645221527,-0.0803773731136506,-8.57446783894831
14.155,-3.80984765718774,-0.0803773731136506,-8.49807104611457
14.1575,-3.70286404227032,-0.0803773731136506,-8.50316416563682
14.16,-3.69776958441711,-0.075281680307862,-8.50825728515907
14.1625,-3.66210837944463,-0.0803773731136506,-8.49807104611457
14.165,-3.67229729515105,-0.0803773731136506,-8.50825728515907
14.1675,-3.66720283729784,-0.0803773731136506,-8.62539903417081
14.17,-3.63154163232537,-0.0803773731136506,-8.49297792659232
14.1725,-3.60606934305932,-0.0803773731136506,-8.51335040468132
14.175,-3.61625825876574,-0.0803773731136506,-8.52353664372582
14.1775,-3.61116380091253,-0.0803773731136506,-8.48788480707007
14.18,-3.60097488520611,-0.0803773731136506,-8.49807104611457
14.1825,-3.59078596949968,-0.0803773731136506,-8.55918848038156
14.185,-3.60606934305932,-0.0803773731136506,-8.53881600229256
14.1875,-3.59078596949968,-0.0803773731136506,-8.54900224133706
14.19,-3.59078596949968,-0.075281680307862,-8.49297792659232
14.1925,-3.53984139096758,-0.0803773731136506,-8.50316416563682
14.195,-3.52455801740795,-0.0803773731136506,-8.49297792659232
14.1975,-3.5041801859951,-0.0803773731136506,-8.50825728515907
14.2,-3.48380235458226,-0.0803773731136506,-8.53372288277031
14.2025,-3.44304669175658,-0.075281680307862,-8.52862976324807
14.205,-3.44814114960979,-0.0803773731136506,-8.49807104611457
14.2075,-3.42266886034373,-0.0803773731136506,-8.52353664372582
14.21,-3.42776331819694,-0.0803773731136506,-8.59484031703731
14.2125,-3.38700765537126,-0.0803773731136506,-8.50316416563682
14.215,-3.37681873966484,-0.0854730659194392,-8.57446783894831
14.2175,-3.39210211322447,-0.0803773731136506,-8.51335040468132
14.22,-3.356440908252,-0.0803773731136506,-8.50825728515907
14.2225,-3.35134645039879,-0.0803773731136506,-8.56937471942606
14.225,-3.33606307683915,-0.0803773731136506,-8.52862976324807
14.2275,-3.32587416113273,-0.0803773731136506,-8.54900224133706
14.23,-3.31568524542631,-0.0803773731136506,-8.63049215369306
14.2325,-3.30040187186668,-0.0803773731136506,-8.47260544850332
14.235,-3.29530741401347,-0.0803773731136506,-8.46751232898107
14.2375,-3.29530741401347,-0.0803773731136506,-8.50316416563682
14.24,-3.29021295616026,-0.0803773731136506,-8.50825728515907
14.2425,-3.28002404045384,-0.0803773731136506,-8.48788480707007
14.245,-3.28511849830705,-0.0803773731136506,-8.52353664372582
14.2475,-3.28002404045384,-0.0803773731136506,-8.50316416563682
14.25,-3.27492958260063,-0.0803773731136506,-8.49297792659232
14.2525,-3.259646209041,-0.0803773731136506,-8.49297792659232
14.255,-3.25455175118779,-0.0854730659194392,-8.48788480707007
14.2575,-3.24945729333457,-0.0803773731136506,-8.48788480707007
14.26,-3.24945729333457,-0.0803773731136506,-8.48788480707007
14.2625,-3.24945729333457,-0.0803773731136506,-8.47260544850332
14.265,-3.23926837762815,-0.0803773731136506,-8.47769856802557
14.2675,-3.2137960883621,-0.0803773731136506,-8.46751232898107
14.27,-3.20360717265568,-0.0803773731136506,-8.46751232898107
14.2725,-3.22907946192173,-0.0803773731136506,-8.46241920945882
14.275,-3.2137960883621,-0.0803773731136506,-8.46751232898107
14.2775,-3.20870163050889,-0.075281680307862,-8.47769856802557
14.28,-3.20360717265568,-0.0803773731136506,-8.48279168754782
14.2825,-3.20870163050889,-0.0803773731136506,-8.49807104611457
14.285,-0.0959878821972175,-0.0803773731136506,-8.45732608993657
14.2875,-0.0908934243440065,-0.0803773731136506,-8.43695361184757
14.29,-0.0908934243440065,-0.0803773731136506,-8.53372288277031
14.2925,-0.0908934243440065,-0.0803773731136506,-8.48788480707007
14.295,-0.0908934243440065,-0.0803773731136506,-8.40639489471408
14.2975,-0.0908934243440065,-0.0803773731136506,-8.49807104611457
14.3,-0.0908934243440065,-0.0803773731136506,-8.45223297041432
14.3025,-0.0908934243440065,-0.0803773731136506,-8.48788480707007
14.305,-3.39719657107768,-0.0803773731136506,-8.46751232898107
14.3075,-3.4073854867841,-0.075281680307862,-8.46751232898107
14.31,-3.46851898102263,-0.0803773731136506,-8.46751232898107
14.3125,-3.43285777605016,-0.075281680307862,-8.40639489471408
14.315,-3.48380235458226,-0.0803773731136506,-8.43695361184757
14.3175,-3.45833006531621,-0.0803773731136506,-8.39111553614733
14.32,-3.46851898102263,-0.0803773731136506,-8.40639489471408
14.3225,-3.51946355955474,-0.0803773731136506,-8.37074305805833
14.325,-3.48889681243547,-0.0803773731136506,-8.36055681901383
14.3275,-3.48380235458226,-0.0803773731136506,-8.35546369949158
14.33,-3.50927464384831,-0.0803773731136506,-8.35546369949158
14.3325,-3.51436910170153,-0.0803773731136506,-8.38092929710283
14.335,-3.54493584882079,-0.0803773731136506,-8.37074305805833
14.3375,-3.57040813808684,-0.0803773731136506,-8.47769856802557
14.34,-3.56531368023363,-0.0803773731136506,-8.35546369949158
14.3425,-3.48889681243547,-0.0803773731136506,-8.37074305805833
14.345,-3.50927464384831,-0.0803773731136506,-8.35546369949158
14.3475,-3.49908572814189,-0.0803773731136506,-8.36055681901383
14.35,-3.51946355955474,-0.0803773731136506,-8.35546369949158
14.3525,-3.47361343887584,-0.0803773731136506,-8.36564993853608
14.355,-3.44304669175658,-0.0803773731136506,-8.36564993853608
14.3575,-3.46851898102263,-0.0803773731136506,-8.36564993853608
14.36,-3.46342452316942,-0.0803773731136506,-8.38092929710283
14.3625,-3.47870789672905,-0.0803773731136506,-8.35546369949158
14.365,-3.43795223390337,-0.0803773731136506,-8.40130177519183
14.3675,-3.42776331819694,-0.0803773731136506,-8.39111553614733
14.37,-3.45833006531621,-0.0803773731136506,-8.37583617758058
14.3725,-3.43285777605016,-0.075281680307862,-8.36564993853608
14.375,-3.41757440249052,-0.0803773731136506,-8.37583617758058
14.3775,-3.41247994463731,-0.0803773731136506,-8.36564993853608
14.38,-3.40229102893089,-0.0803773731136506,-8.35546369949158
14.3825,-3.40229102893089,-0.0803773731136506,-8.35546369949158
14.385,-3.39719657107768,-0.0803773731136506,-8.39620865566958
14.3875,-3.38700765537126,-0.0803773731136506,-8.36055681901383
14.39,-3.38700765537126,-0.0803773731136506,-8.36564993853608
14.3925,-3.38191319751805,-0.0854730659194392,-8.37074305805833
14.395,-3.4073854867841,-0.0803773731136506,-8.36564993853608
14.3975,-3.39210211322447,-0.0803773731136506,-8.38092929710283
14.4,-3.39210211322447,-0.0803773731136506,-8.34018434092483
14.4025,-3.37681873966484,-0.0803773731136506,-8.34527746044708
14.405,-3.4073854867841,-0.0803773731136506,-8.34018434092483
14.4075,-3.4073854867841,-0.0803773731136506,-8.30962562379133
14.41,-3.42776331819694,-0.0803773731136506,-8.32999810188033
14.4125,-3.41247994463731,-0.0803773731136506,-8.31471874331358
14.415,-3.45833006531621,-0.0803773731136506,-8.32490498235808
14.4175,-3.453235607463,-0.0803773731136506,-8.32490498235808
14.42,-3.44814114960979,-0.0803773731136506,-8.30453250426909
14.4225,-3.47870789672905,-0.0803773731136506,-8.29943938474683
14.425,-3.50927464384831,-0.0803773731136506,-8.32490498235808
14.4275,-3.54493584882079,-0.0803773731136506,-8.30962562379133
14.43,-3.54493584882079,-0.0803773731136506,-8.31471874331358
14.4325,-3.61625825876574,-0.0803773731136506,-8.49297792659232
14.435,-3.62644717447216,-0.0803773731136506,-8.33509122140258
14.4375,-3.61625825876574,-0.0803773731136506,-8.33509122140258
14.44,-3.65191946373821,-0.0803773731136506,-8.31471874331358
14.4425,-3.70795850012353,-0.0803773731136506,-8.32490498235808
14.445,-3.67229729515105,-0.0803773731136506,-8.31981186283583
14.4475,-3.70795850012353,-0.0803773731136506,-8.36055681901383
14.45,-3.72833633153637,-0.0803773731136506,-8.34018434092483
14.4525,-3.743619705096,-0.0803773731136506,-8.29943938474683
14.455,-3.77418645221527,-0.0803773731136506,-8.32490498235808
14.4575,-3.76399753650884,-0.0803773731136506,-8.32490498235808
14.46,-3.74871416294921,-0.0803773731136506,-8.30453250426909
14.4625,-3.77928091006848,-0.0803773731136506,-8.28416002618009
14.465,-3.78437536792169,-0.0803773731136506,-8.28925314570234
14.4675,-3.7894698257749,-0.0803773731136506,-8.27397378713559
14.47,-3.7894698257749,-0.0803773731136506,-8.27906690665784
14.4725,-3.79456428362811,-0.0803773731136506,-8.26378754809109
14.475,-3.80475319933453,-0.0803773731136506,-8.26888066761334
14.4775,-3.81494211504095,-0.0803773731136506,-8.25360130904659
14.48,-3.81494211504095,-0.0803773731136506,-8.23322883095759
14.4825,-3.80984765718774,-0.0803773731136506,-8.21794947239084
14.485,-3.78437536792169,-0.0803773731136506,-8.21794947239084
14.4875,-3.80984765718774,-0.0803773731136506,-8.23832195047984
14.49,-3.78437536792169,-0.0803773731136506,-8.21794947239084
14.4925,-3.75890307865563,-0.0803773731136506,-8.17720451621285
14.495,-3.74871416294921,-0.0803773731136506,-8.22304259191309
14.4975,-3.743619705096,-0.0803773731136506,-8.23832195047984
14.5,-3.743619705096,-0.0803773731136506,-8.1721113966906
14.5025,-3.77928091006848,-0.0803773731136506,-8.1721113966906
14.505,-3.743619705096,-0.0803773731136506,-8.18229763573509
14.5075,-3.743619705096,-0.0803773731136506,-8.19248387477959
14.51,-3.72324187368316,-0.0803773731136506,-8.1619251576461
14.5125,-3.72324187368316,-0.0803773731136506,-8.1619251576461
14.515,-3.743619705096,-0.0803773731136506,-8.19248387477959
14.5175,-3.743619705096,-0.0803773731136506,-8.19248387477959
14.52,-3.71305295797674,-0.0803773731136506,-8.19757699430184
14.5225,-3.71305295797674,-0.0803773731136506,-0.10461007344729
14.525,-3.71814741582995,-0.0803773731136506,-8.1619251576461
14.5275,-3.71305295797674,-0.0803773731136506,-8.14664579907935
14.53,-3.70286404227032,-0.0803773731136506,-8.15683203812385
14.5325,-3.65701392159142,-0.0803773731136506,-8.53881600229256
14.535,-3.65191946373821,-0.0803773731136506,-8.20267011382409
14.5375,-3.646825005885,-0.0803773731136506,-8.1619251576461
14.54,-3.66210837944463,-0.0803773731136506,-8.13645956003485
14.5425,-3.62644717447216,-0.0803773731136506,-8.13645956003485
14.545,-3.61625825876574,-0.0803773731136506,-8.1415526795571
14.5475,-3.61116380091253,-0.0803773731136506,-8.14664579907935
14.55,-3.60606934305932,-0.0803773731136506,-8.16701827716835
14.5525,-3.58569151164647,-0.0803773731136506,-8.17720451621285
14.555,-3.59588042735289,-0.0803773731136506,-8.16701827716835
14.5575,-3.60097488520611,-0.0803773731136506,-8.90552060789453
14.56,-3.62135271661895,-0.0803773731136506,-8.1415526795571
14.5625,-3.58059705379326,-0.0803773731136506,-8.1517389186016
14.565,-3.53984139096758,-0.0803773731136506,-8.15683203812385
14.5675,-3.56021922238042,-0.0803773731136506,-8.1619251576461
14.57,-3.56021922238042,-0.0803773731136506,-8.31981186283583
14.5725,-3.51946355955474,-0.0803773731136506,-8.22813571143534
14.575,-3.50927464384831,-0.0803773731136506,-8.16701827716835
14.5775,-3.5041801859951,-0.0803773731136506,-8.1619251576461
14.58,-3.5041801859951,-0.0803773731136506,-8.24341507000209
14.5825,-3.52965247526116,-0.0803773731136506,-8.22304259191309
14.585,-3.48380235458226,-0.0803773731136506,-8.22813571143534
14.5875,-3.5041801859951,-0.0803773731136506,-8.21794947239084
14.59,-3.49908572814189,-0.0803773731136506,-8.64577151225981
14.5925,-3.47361343887584,-0.0803773731136506,-8.11608708194585
14.595,-3.47361343887584,-0.0803773731136506,-8.13645956003485
14.5975,-3.49908572814189,-0.0803773731136506,-8.7578201417493
14.6,-3.47870789672905,-0.0803773731136506,-8.15683203812385
14.6025,-3.47361343887584,-0.0803773731136506,-8.68142334891555
14.605,-3.46851898102263,-0.0803773731136506,-8.49297792659232
14.6075,-3.46342452316942,-0.0803773731136506,-8.50316416563682
14.61,-3.46342452316942,-0.0803773731136506,-8.49297792659232
14.6125,-3.49908572814189,-0.0803773731136506,-0.10461007344729
14.615,-3.44304669175658,-0.0803773731136506,-0.0995169539250416
14.6175,-3.43795223390337,-0.0803773731136506,-8.12627332099035
14.62,-3.41247994463731,-0.0803773731136506,-8.10590084290135
14.6225,-3.40229102893089,-0.0803773731136506,-8.1109939624236
14.625,-3.37172428181163,-0.0803773731136506,-8.10590084290135
14.6275,-3.37172428181163,-0.0803773731136506,-0.10461007344729
14.63,-3.37681873966484,-0.0803773731136506,-8.06515588672336
14.6325,-3.37681873966484,-0.0803773731136506,-8.0804352452901
14.635,-3.40229102893089,-0.0803773731136506,-8.08552836481235
14.6375,-3.39719657107768,-0.0803773731136506,-8.63049215369306
14.64,-3.37172428181163,-0.0803773731136506,-8.49807104611457
14.6425,-3.39719657107768,-0.0803773731136506,-8.49297792659232
14.645,-3.550030306674,-0.0803773731136506,-8.50316416563682
14.6475,-3.48889681243547,-0.075281680307862,-0.10461007344729
14.65,-3.59078596949968,-0.0803773731136506,-0.0995169539250416
14.6525,-3.59588042735289,-0.0803773731136506,-0.10461007344729
14.655,-3.5041801859951,-0.0803773731136506,-0.0995169539250416
14.6575,-3.54493584882079,-0.0803773731136506,-0.10461007344729
14.66,-3.550030306674,-0.0803773731136506,-0.0995169539250416
14.6625,-3.55512476452721,-0.0803773731136506,-0.0995169539250416
14.665,-3.54493584882079,-0.0803773731136506,-0.0995169539250416
14.6675,-3.57550259594005,-0.0803773731136506,-0.0995169539250416
14.67,-3.56021922238042,-0.0803773731136506,-0.0995169539250416
14.6725,-3.59078596949968,-0.0803773731136506,-8.04987652815661
14.675,-3.60606934305932,-0.0803773731136506,-8.02950405006761
14.6775,-3.61625825876574,-0.0803773731136506,-8.03969028911211
14.68,-3.63154163232537,-0.0803773731136506,-8.02950405006761
14.6825,-3.64173054803179,-0.0803773731136506,-0.10461007344729
14.685,-3.67229729515105,-0.0803773731136506,-0.0995169539250416
14.6875,-3.68248621085748,-0.0803773731136506,-0.0995169539250416
14.69,-3.68248621085748,-0.0803773731136506,-0.0995169539250416
14.6925,-3.69776958441711,-0.0803773731136506,-0.0995169539250416
14.695,-3.68248621085748,-0.0803773731136506,-0.0995169539250416
14.6975,-3.66720283729784,-0.0803773731136506,-0.0995169539250416
14.7,-3.67229729515105,-0.0803773731136506,-0.0995169539250416
14.7025,-3.78437536792169,-0.0803773731136506,-0.0995169539250416
14.705,-3.77928091006848,-0.075281680307862,-0.0995169539250416
14.7075,-4.00343705560974,-0.0803773731136506,-0.0995169539250416
14.71,-3.69776958441711,-0.0803773731136506,-8.0804352452901
14.7125,-3.91683127210516,-0.0803773731136506,-8.06515588672336
14.715,-3.78437536792169,-0.0803773731136506,-8.07024900624561
14.7175,-3.82003657289416,-0.0803773731136506,-8.06006276720111
14.72,-3.85569777786664,-0.0803773731136506,-8.06515588672336
14.7225,-3.90664235639874,-0.0803773731136506,-8.06006276720111
14.725,-3.82513103074737,-0.0803773731136506,-8.07024900624561
14.7275,-3.81494211504095,-0.0803773731136506,-8.61011967560406
14.73,-3.76399753650884,-0.0803773731136506,-8.06515588672336
14.7325,-3.77928091006848,-0.0803773731136506,-8.03969028911211
14.735,-3.83531994645379,-0.0803773731136506,-8.02950405006761
14.7375,-3.7894698257749,-0.0803773731136506,-8.03969028911211
14.74,-3.77928091006848,-0.0803773731136506,-8.02950405006761
14.7425,-3.7894698257749,-0.0803773731136506,-8.03969028911211
14.745,-3.70795850012353,-0.0803773731136506,-8.01422469150086
14.7475,-3.59078596949968,-0.0803773731136506,-8.02441093054536
14.75,-3.58059705379326,-0.0803773731136506,-8.01422469150086
14.7525,-3.59078596949968,-0.0803773731136506,-8.02950405006761
14.755,-3.550030306674,-0.0803773731136506,-8.02950405006761
14.7575,-3.56531368023363,-0.0803773731136506,-8.02950405006761
14.76,-3.55512476452721,-0.0803773731136506,-8.02950405006761
14.7625,-3.54493584882079,-0.0803773731136506,-8.02950405006761
14.765,-3.53474693311437,-0.075281680307862,-0.10970319296954
14.7675,-3.53984139096758,-0.0803773731136506,-0.0995169539250416
14.77,-3.52455801740795,-0.0803773731136506,-8.1109939624236
14.7725,-3.52455801740795,-0.0803773731136506,-8.10590084290135
14.775,-3.50927464384831,-0.075281680307862,-8.10590084290135
14.7775,-3.53474693311437,-0.0803773731136506,-8.1415526795571
14.78,-3.48380235458226,-0.0803773731136506,-8.62539903417081
14.7825,-3.48380235458226,-0.0803773731136506,-8.07534212576785
14.785,-3.46851898102263,-0.0803773731136506,-8.0804352452901
14.7875,-3.44814114960979,-0.0803773731136506,-8.0804352452901
14.79,-3.45833006531621,-0.075281680307862,-0.10970319296954
14.7925,-3.45833006531621,-0.0803773731136506,-8.07024900624561
14.795,-3.45833006531621,-0.0803773731136506,-8.0906214843346
14.7975,-3.46342452316942,-0.0803773731136506,-8.09571460385685
14.8,-3.45833006531621,-0.0803773731136506,-8.88514812980553
14.8025,-3.47870789672905,-0.0803773731136506,-8.05496964767886
14.805,-3.44304669175658,-0.0803773731136506,-8.04987652815661
14.8075,-3.46851898102263,-0.0803773731136506,-8.06006276720111
14.81,-3.51946355955474,-0.0803773731136506,-8.04987652815661
14.8125,-3.50927464384831,-0.0803773731136506,-8.06006276720111
14.815,-3.41757440249052,-0.0803773731136506,-8.05496964767886
14.8175,-3.41757440249052,-0.075281680307862,-8.0804352452901
14.82,-3.41757440249052,-0.0803773731136506,-8.06006276720111
14.8225,-3.45833006531621,-0.075281680307862,-8.05496964767886
14.825,-3.4073854867841,-0.0803773731136506,-8.0804352452901
14.8275,-3.39719657107768,-0.0803773731136506,-8.22813571143534
14.83,-3.43285777605016,-0.0803773731136506,-8.20776323334634
14.8325,-3.39210211322447,-0.0803773731136506,-8.1008077233791
14.835,-3.36662982395842,-0.0803773731136506,-8.0804352452901
14.8375,-3.36662982395842,-0.0803773731136506,-8.1008077233791
14.84,-3.37681873966484,-0.0803773731136506,-8.1008077233791
14.8425,-3.40229102893089,-0.0803773731136506,-8.13645956003485
14.845,-3.41757440249052,-0.0803773731136506,-8.1008077233791
14.8475,-3.43795223390337,-0.0803773731136506,-8.1008077233791
14.85,-3.453235607463,-0.0803773731136506,-8.13645956003485
14.8525,-3.49399127028868,-0.0803773731136506,-8.1415526795571
14.855,-3.56021922238042,-0.0803773731136506,-8.12627332099035
14.8575,-3.54493584882079,-0.0803773731136506,-8.13645956003485
14.86,-3.57550259594005,-0.0803773731136506,-8.1313664405126
14.8625,-3.59078596949968,-0.0803773731136506,-8.21794947239084
14.865,-3.61625825876574,-0.0803773731136506,-8.23322883095759
14.8675,-3.68758066871069,-0.075281680307862,-8.16701827716835
14.87,-3.69776958441711,-0.0803773731136506,-8.17720451621285
14.8725,-3.73343078938958,-0.0803773731136506,-8.22304259191309
14.875,-3.743619705096,-0.0803773731136506,-8.32490498235808
14.8775,-3.80475319933453,-0.0803773731136506,-8.20776323334634
14.88,-3.7894698257749,-0.0803773731136506,-8.16701827716835
14.8825,-3.78437536792169,-0.0803773731136506,-8.18229763573509
14.885,-3.79965874148132,-0.0803773731136506,-8.1619251576461
14.8875,-3.83531994645379,-0.0803773731136506,-8.24850818952434
14.89,-3.84550886216021,-0.0803773731136506,-8.13645956003485
14.8925,-3.86588669357306,-0.0803773731136506,-8.16701827716835
14.895,-3.86079223571985,-0.0803773731136506,-8.1619251576461
14.8975,-3.89135898283911,-0.0803773731136506,-8.16701827716835
14.9,-3.85060332001342,-0.0803773731136506,-8.1517389186016
14.9025,-3.91173681425195,-0.0803773731136506,-8.1517389186016
14.905,-3.92702018781158,-0.0803773731136506,-8.17720451621285
14.9075,-3.93720910351801,-0.0803773731136506,-8.18739075525735
14.91,-3.95758693493085,-0.075281680307862,-8.1721113966906
14.9125,-3.96777585063727,-0.0803773731136506,-8.18229763573509
14.915,-3.82003657289416,-0.0803773731136506,-8.22304259191309
14.9175,-3.79456428362811,-0.0803773731136506,-8.1313664405126
14.92,-3.7894698257749,-0.0803773731136506,-8.20267011382409
14.9225,-3.7894698257749,-0.0803773731136506,-8.19248387477959
14.925,-3.77928091006848,-0.0803773731136506,-8.29943938474683
14.9275,-3.78437536792169,-0.0803773731136506,-8.26378754809109
14.93,-3.80475319933453,-0.0803773731136506,-8.32490498235808
14.9325,-3.78437536792169,-0.0803773731136506,-8.17720451621285
14.935,-3.70795850012353,-0.0803773731136506,-8.27397378713559
14.9375,-3.72833633153637,-0.075281680307862,-8.13645956003485
14.94,-3.72324187368316,-0.0803773731136506,-8.1619251576461
14.9425,-3.743619705096,-0.0803773731136506,-8.1313664405126
14.945,-3.73852524724279,-0.0803773731136506,-8.24850818952434
14.9475,-3.68758066871069,-0.0803773731136506,-8.33509122140258
14.95,-3.62135271661895,-0.0803773731136506,-8.1211802014681
14.9525,-3.59588042735289,-0.0803773731136506,-8.1211802014681
14.955,-3.57040813808684,-0.0803773731136506,-8.0906214843346
14.9575,-3.51946355955474,-0.0803773731136506,-8.17720451621285
14.96,-3.51946355955474,-0.0803773731136506,-8.1721113966906
14.9625,-3.49908572814189,-0.0803773731136506,-8.14664579907935
14.965,-3.5041801859951,-0.0803773731136506,-8.1517389186016
14.9675,-3.50927464384831,-0.0854730659194392,-8.21285635286859
14.97,-3.51436910170153,-0.0803773731136506,-8.18739075525735
14.9725,-3.52455801740795,-0.0803773731136506,-8.21794947239084
14.975,-3.62135271661895,-0.0803773731136506,-8.17720451621285
14.9775,-3.60606934305932,-0.0803773731136506,-8.06006276720111
14.98,-3.58569151164647,-0.0803773731136506,-8.1008077233791
14.9825,-3.64173054803179,-0.0803773731136506,-8.1721113966906
14.985,-3.64173054803179,-0.0803773731136506,-8.1517389186016
14.9875,-3.62135271661895,-0.0803773731136506,-8.1415526795571
14.99,-3.67229729515105,-0.0803773731136506,-8.0906214843346
14.9925,-3.66210837944463,-0.0803773731136506,-8.1415526795571
14.995,-3.65191946373821,-0.0803773731136506,-8.1619251576461
14.9975,-3.65191946373821,-0.0803773731136506,-8.12627332099035
15,-3.65701392159142,-0.0803773731136506,-8.0906214843346
15.0025,-3.62644717447216,-0.0803773731136506,-8.1415526795571
15.005,-3.62135271661895,-0.0803773731136506,-8.13645956003485
15.0075,-3.65191946373821,-0.0803773731136506,-8.08552836481235
15.01,-3.60606934305932,-0.0803773731136506,-8.09571460385685
15.0125,-3.63154163232537,-0.0803773731136506,-8.06515588672336
15.015,-3.66210837944463,-0.0803773731136506,-8.1008077233791
15.0175,-3.56531368023363,-0.0803773731136506,-8.1211802014681
15.02,-3.56531368023363,-0.0803773731136506,-8.09571460385685
15.0225,-3.60606934305932,-0.0803773731136506,-8.05496964767886
15.025,-3.60097488520611,-0.0803773731136506,-8.1008077233791
15.0275,-3.61625825876574,-0.0803773731136506,-8.09571460385685
15.03,-3.62644717447216,-0.0803773731136506,-8.06515588672336
15.0325,-3.62135271661895,-0.0803773731136506,-8.06515588672336
15.035,-3.65701392159142,-0.0854730659194392,-8.26888066761334
15.0375,-3.63154163232537,-0.0803773731136506,-8.1109939624236
15.04,-3.62135271661895,-0.0803773731136506,-8.27397378713559
15.0425,-3.64173054803179,-0.0803773731136506,-8.18229763573509
15.045,-3.61116380091253,-0.0803773731136506,-8.07024900624561
15.0475,-3.61116380091253,-0.0803773731136506,-8.10590084290135
15.05,-3.61625825876574,-0.0803773731136506,-8.39111553614733
15.0525,-3.60606934305932,-0.0803773731136506,-8.0804352452901
15.055,-3.61625825876574,-0.0803773731136506,-8.07024900624561
15.0575,-3.76909199436206,-0.0803773731136506,-8.07534212576785
15.06,-3.65701392159142,-0.0803773731136506,-8.18229763573509
15.0625,-3.65191946373821,-0.0803773731136506,-8.1721113966906
15.065,-3.65191946373821,-0.0803773731136506,-8.17720451621285
15.0675,-3.71305295797674,-0.0803773731136506,-8.19757699430184
15.07,-3.75380862080242,-0.0803773731136506,-8.1008077233791
15.0725,-3.76399753650884,-0.0803773731136506,-8.13645956003485
15.075,-3.75890307865563,-0.0803773731136506,-8.10590084290135
15.0775,-3.743619705096,-0.0803773731136506,-8.07534212576785
15.08,-3.76909199436206,-0.0803773731136506,-8.10590084290135
15.0825,-3.77418645221527,-0.0803773731136506,-8.12627332099035
15.085,-3.76909199436206,-0.0803773731136506,-8.1008077233791
15.0875,-3.73343078938958,-0.0803773731136506,-8.0906214843346
15.09,-3.72833633153637,-0.0803773731136506,-8.1008077233791
15.0925,-3.71814741582995,-0.0803773731136506,-8.10590084290135
15.095,-3.72324187368316,-0.0803773731136506,-8.1211802014681
15.0975,-3.71305295797674,-0.0803773731136506,-8.1008077233791
15.1,-3.71305295797674,-0.075281680307862,-8.08552836481235
15.1025,-3.70795850012353,-0.0803773731136506,-8.08552836481235
15.105,-3.73852524724279,-0.0803773731136506,-8.07024900624561
15.1075,-3.743619705096,-0.0803773731136506,-8.06515588672336
15.11,-3.69776958441711,-0.0803773731136506,-8.06515588672336
15.1125,-3.69776958441711,-0.0803773731136506,-8.06515588672336
15.115,-3.69776958441711,-0.0803773731136506,-8.06515588672336
15.1175,-3.72833633153637,-0.0803773731136506,-8.06515588672336
15.12,-3.69776958441711,-0.0803773731136506,-8.04478340863436
15.1225,-3.72324187368316,-0.0803773731136506,-8.07024900624561
15.125,-3.72324187368316,-0.0803773731136506,-8.0804352452901
15.1275,-3.72324187368316,-0.0803773731136506,-8.05496964767886
15.13,-3.73852524724279,-0.0803773731136506,-8.1109939624236
15.1325,-3.76909199436206,-0.0803773731136506,-8.04478340863436
15.135,-3.74871416294921,-0.0803773731136506,-8.04987652815661
15.1375,-3.75890307865563,-0.0803773731136506,-8.04478340863436
15.14,-3.77418645221527,-0.0803773731136506,-8.04478340863436
15.1425,-3.77928091006848,-0.0803773731136506,-8.07024900624561
15.145,-3.80475319933453,-0.0803773731136506,-8.07024900624561
15.1475,-3.77928091006848,-0.0803773731136506,-8.07024900624561
15.15,-3.78437536792169,-0.0803773731136506,-8.08552836481235
15.1525,-3.79965874148132,-0.0803773731136506,-8.07534212576785
15.155,-3.80984765718774,-0.0803773731136506,-8.04987652815661
15.1575,-3.81494211504095,-0.0803773731136506,-8.1008077233791
15.16,-3.79965874148132,-0.0803773731136506,-8.09571460385685
15.1625,-3.80475319933453,-0.0803773731136506,-8.1008077233791
15.165,-3.81494211504095,-0.0803773731136506,-8.08552836481235
15.1675,-3.82513103074737,-0.0803773731136506,-8.1211802014681
15.17,-3.82513103074737,-0.0803773731136506,-8.16701827716835
15.1725,-3.81494211504095,-0.0803773731136506,-8.07024900624561
15.175,-3.82003657289416,-0.0803773731136506,-8.07534212576785
15.1775,-3.82513103074737,-0.0803773731136506,-8.15683203812385
15.18,-3.85060332001342,-0.0803773731136506,-8.07024900624561
15.1825,-3.86079223571985,-0.0803773731136506,-8.18229763573509
15.185,-3.85569777786664,-0.0803773731136506,-8.10590084290135
15.1875,-3.83022548860058,-0.0803773731136506,-8.0906214843346
15.19,-3.86588669357306,-0.075281680307862,-8.07024900624561
15.1925,-3.86588669357306,-0.0803773731136506,-8.0804352452901
15.195,-3.84550886216021,-0.0803773731136506,-8.0804352452901
15.1975,-3.840414404307,-0.0803773731136506,-8.09571460385685
15.2,-3.84550886216021,-0.0803773731136506,-8.0906214843346
15.2025,-3.89135898283911,-0.0803773731136506,-8.10590084290135
15.205,-3.86588669357306,-0.0803773731136506,-8.0804352452901
15.2075,-3.85569777786664,-0.0803773731136506,-8.12627332099035
15.21,-3.85569777786664,-0.0803773731136506,-8.07534212576785
15.2125,-3.85569777786664,-0.0803773731136506,-8.1517389186016
15.215,-3.86079223571985,-0.0803773731136506,-8.1008077233791
15.2175,-3.85569777786664,-0.0803773731136506,-8.09571460385685
15.22,-3.85060332001342,-0.0803773731136506,-8.1008077233791
15.2225,-3.85060332001342,-0.0803773731136506,-8.09571460385685
15.225,-3.85060332001342,-0.0803773731136506,-8.1109939624236
15.2275,-3.85569777786664,-0.0803773731136506,-8.1109939624236
15.23,-3.86079223571985,-0.0803773731136506,-8.11608708194585
15.2325,-3.86079223571985,-0.0803773731136506,-8.11608708194585
15.235,-3.86079223571985,-0.0803773731136506,-8.0906214843346
15.2375,-3.86588669357306,-0.0803773731136506,-8.1008077233791
15.24,-3.86079223571985,-0.075281680307862,-8.1211802014681
15.2425,-3.85060332001342,-0.0803773731136506,-8.13645956003485
15.245,-3.85569777786664,-0.0803773731136506,-8.12627332099035
15.2475,-3.85569777786664,-0.0803773731136506,-8.1109939624236
15.25,-3.86588669357306,-0.0803773731136506,-8.10590084290135
15.2525,-3.8862645249859,-0.0803773731136506,-8.1211802014681
15.255,-3.88117006713269,-0.0803773731136506,-8.1211802014681
15.2575,-3.86588669357306,-0.0803773731136506,-8.12627332099035
15.26,-3.86588669357306,-0.0803773731136506,-8.1211802014681
15.2625,-3.89135898283911,-0.0803773731136506,-8.12627332099035
15.265,-3.8862645249859,-0.0803773731136506,-8.09571460385685
15.2675,-3.8862645249859,-0.0803773731136506,-8.0906214843346
15.27,-3.8862645249859,-0.0803773731136506,-8.1008077233791
15.2725,-3.91173681425195,-0.0803773731136506,-8.09571460385685
15.275,-3.90154789854553,-0.0803773731136506,-8.10590084290135
15.2775,-3.87607560927948,-0.0803773731136506,-8.10590084290135
15.28,-3.840414404307,-0.0803773731136506,-8.1109939624236
15.2825,-3.83022548860058,-0.075281680307862,-8.10590084290135
15.285,-3.83531994645379,-0.0854730659194392,-8.1211802014681
15.2875,-3.82513103074737,-0.0803773731136506,-8.1211802014681
15.29,-3.81494211504095,-0.0803773731136506,-8.10590084290135
15.2925,-3.80984765718774,-0.0803773731136506,-8.11608708194585
15.295,-3.81494211504095,-0.0803773731136506,-8.10590084290135
15.2975,-3.80984765718774,-0.0803773731136506,-8.1109939624236
15.3,-3.80984765718774,-0.0854730659194392,-8.1109939624236
15.3025,-3.80475319933453,-0.0803773731136506,-8.14664579907935
15.305,-3.80475319933453,-0.0803773731136506,-8.1415526795571
15.3075,-3.80475319933453,-0.0803773731136506,-8.0804352452901
15.31,-3.79965874148132,-0.0803773731136506,-8.08552836481235
15.3125,-3.79456428362811,-0.075281680307862,-8.08552836481235
15.315,-3.78437536792169,-0.0803773731136506,-8.08552836481235
15.3175,-3.78437536792169,-0.0803773731136506,-8.0906214843346
15.32,-3.77928091006848,-0.0803773731136506,-8.06006276720111
15.3225,-3.80984765718774,-0.0803773731136506,-8.08552836481235
15.325,-3.78437536792169,-0.0803773731136506,-8.0906214843346
15.3275,-3.77418645221527,-0.0803773731136506,-8.06515588672336
15.33,-3.77928091006848,-0.0803773731136506,-8.06006276720111
15.3325,-3.77418645221527,-0.0803773731136506,-8.06006276720111
15.335,-3.7894698257749,-0.0803773731136506,-8.08552836481235
15.3375,-3.743619705096,-0.0803773731136506,-8.09571460385685
15.34,-3.743619705096,-0.0803773731136506,-8.04987652815661
15.3425,-3.71305295797674,-0.0803773731136506,-8.06515588672336
15.345,-3.70795850012353,-0.0803773731136506,-8.0906214843346
15.3475,-3.67229729515105,-0.0803773731136506,-8.09571460385685
15.35,-3.65701392159142,-0.0803773731136506,-8.1008077233791
15.3525,-3.66720283729784,-0.0803773731136506,-8.10590084290135
15.355,-3.69776958441711,-0.0803773731136506,-8.1109939624236
15.3575,-3.66210837944463,-0.0803773731136506,-8.1211802014681
15.36,-3.62644717447216,-0.0803773731136506,-8.1008077233791
15.3625,-3.62644717447216,-0.0803773731136506,-8.09571460385685
15.365,-3.59078596949968,-0.0803773731136506,-8.1008077233791
15.3675,-3.61625825876574,-0.0803773731136506,-8.09571460385685
15.37,-3.60606934305932,-0.0803773731136506,-8.10590084290135
15.3725,-3.60097488520611,-0.0803773731136506,-8.09571460385685
15.375,-3.41757440249052,-0.0803773731136506,-8.10590084290135
15.3775,-3.4073854867841,-0.0803773731136506,-8.11608708194585
15.38,-3.44814114960979,-0.0803773731136506,-8.1109939624236
15.3825,-3.40229102893089,-0.0803773731136506,-8.12627332099035
15.385,-3.38700765537126,-0.0803773731136506,-8.15683203812385
15.3875,-3.37681873966484,-0.0803773731136506,-8.1721113966906
15.39,-3.39719657107768,-0.0803773731136506,-8.1211802014681
15.3925,-3.41757440249052,-0.0803773731136506,-8.13645956003485
15.395,-3.39210211322447,-0.0803773731136506,-8.1313664405126
15.3975,-3.52965247526116,-0.0803773731136506,-8.23322883095759
15.4,-3.54493584882079,-0.0803773731136506,-8.11608708194585
15.4025,-3.54493584882079,-0.0803773731136506,-8.1721113966906
15.405,-3.50927464384831,-0.0803773731136506,-8.15683203812385
15.4075,-3.51436910170153,-0.075281680307862,-8.1313664405126
15.41,-3.47870789672905,-0.0803773731136506,-8.16701827716835
15.4125,-3.46851898102263,-0.0803773731136506,-8.1619251576461
15.415,-3.48889681243547,-0.0803773731136506,-8.17720451621285
15.4175,-3.44814114960979,-0.0803773731136506,-8.17720451621285
15.42,-3.44304669175658,-0.0803773731136506,-8.18229763573509
15.4225,-3.48380235458226,-0.075281680307862,-8.18229763573509
15.425,-3.42266886034373,-0.0803773731136506,-8.1619251576461
15.4275,-3.46851898102263,-0.0803773731136506,-8.17720451621285
15.43,-3.41757440249052,-0.0803773731136506,-8.26378754809109
15.4325,-3.46342452316942,-0.0803773731136506,-8.26888066761334
15.435,-3.46342452316942,-0.0803773731136506,-8.18739075525735
15.4375,-3.48380235458226,-0.0803773731136506,-8.1721113966906
15.44,-3.41757440249052,-0.0803773731136506,-8.1619251576461
15.4425,-3.44814114960979,-0.0803773731136506,-8.16701827716835
15.445,-3.47361343887584,-0.0803773731136506,-8.15683203812385
15.4475,-3.56531368023363,-0.0803773731136506,-8.18229763573509
15.45,-3.46851898102263,-0.0803773731136506,-8.24341507000209
15.4525,-3.49908572814189,-0.0803773731136506,-8.19248387477959
15.455,-3.52455801740795,-0.0803773731136506,-8.20267011382409
15.4575,-3.53984139096758,-0.0803773731136506,-8.20267011382409
15.46,-3.53474693311437,-0.0803773731136506,-8.23322883095759
15.4625,-3.53984139096758,-0.0803773731136506,-8.19757699430184
15.465,-3.56021922238042,-0.0803773731136506,-8.20267011382409
15.4675,-3.52965247526116,-0.0803773731136506,-8.26888066761334
15.47,-3.550030306674,-0.0803773731136506,-8.17720451621285
15.4725,-3.53474693311437,-0.0803773731136506,-8.17720451621285
15.475,-3.55512476452721,-0.0803773731136506,-8.17720451621285
15.4775,-3.550030306674,-0.0803773731136506,-0.10461007344729
15.48,-3.54493584882079,-0.0803773731136506,-8.18229763573509
15.4825,-3.54493584882079,-0.0803773731136506,-8.18739075525735
15.485,-3.54493584882079,-0.0803773731136506,-8.15683203812385
15.4875,-3.54493584882079,-0.0803773731136506,-8.19248387477959
15.49,-3.58569151164647,-0.0803773731136506,-8.18739075525735
15.4925,-3.58059705379326,-0.0803773731136506,-8.19248387477959
15.495,-3.60097488520611,-0.0803773731136506,-8.18229763573509
15.4975,-3.56021922238042,-0.0803773731136506,-8.18739075525735
15.5,-3.58569151164647,-0.0803773731136506,-8.18739075525735
15.5025,-3.58569151164647,-0.0854730659194392,-8.34527746044708
15.505,-3.57550259594005,-0.075281680307862,-8.35037057996933
15.5075,-3.59588042735289,-0.0803773731136506,-8.22304259191309
15.51,-3.58059705379326,-0.0803773731136506,-8.20776323334634
15.5125,-3.55512476452721,-0.0803773731136506,-8.24341507000209
15.515,-3.54493584882079,-0.0803773731136506,-8.25360130904659
15.5175,-3.56531368023363,-0.0803773731136506,-8.25869442856884
15.52,-3.53474693311437,-0.0803773731136506,-8.22304259191309
15.5225,-3.52965247526116,-0.0803773731136506,-8.18739075525735
15.525,-3.53474693311437,-0.0803773731136506,-8.1619251576461
15.5275,-3.52455801740795,-0.0803773731136506,-8.16701827716835
15.53,-3.51946355955474,-0.0803773731136506,-8.18739075525735
15.5325,-3.51946355955474,-0.0803773731136506,-8.19248387477959
15.535,-3.52455801740795,-0.0803773731136506,-8.16701827716835
15.5375,-3.52455801740795,-0.0803773731136506,-8.18229763573509
15.54,-3.51946355955474,-0.0803773731136506,-8.17720451621285
15.5425,-3.51946355955474,-0.0803773731136506,-8.17720451621285
15.545,-3.51946355955474,-0.0803773731136506,-8.70179582700455
15.5475,-3.56021922238042,-0.0803773731136506,-8.63558527321531
15.55,-3.52965247526116,-0.0803773731136506,-8.20267011382409
15.5525,-3.52455801740795,-0.0803773731136506,-8.63558527321531
15.555,-3.53474693311437,-0.0803773731136506,-8.22304259191309
15.5575,-3.51436910170153,-0.0803773731136506,-8.18229763573509
15.56,-3.50927464384831,-0.0803773731136506,-8.20267011382409
15.5625,-3.5041801859951,-0.0803773731136506,-8.19248387477959
15.565,-3.49908572814189,-0.0803773731136506,-8.36055681901383
15.5675,-3.54493584882079,-0.0803773731136506,-8.46751232898107
15.57,-3.49908572814189,-0.0854730659194392,-8.27906690665784
15.5725,-3.50927464384831,-0.0803773731136506,-8.34018434092483
15.575,-3.47361343887584,-0.0803773731136506,-8.73235454413805
15.5775,-3.46851898102263,-0.0803773731136506,-8.37074305805833
15.58,-3.45833006531621,-0.0803773731136506,-8.44204673136982
15.5825,-3.45833006531621,-0.0803773731136506,-8.47260544850332
15.585,-3.47870789672905,-0.0803773731136506,-8.36055681901383
15.5875,-3.47361343887584,-0.0803773731136506,-8.40130177519183
15.59,-3.46342452316942,-0.0803773731136506,-8.41148801423633
15.5925,-3.43795223390337,-0.0803773731136506,-8.39111553614733
15.595,-3.43795223390337,-0.0803773731136506,-8.35546369949158
15.5975,-3.42266886034373,-0.0803773731136506,-8.36055681901383
15.6,-3.41757440249052,-0.0803773731136506,-8.35546369949158
15.6025,-3.41247994463731,-0.0803773731136506,-0.10461007344729
15.605,-3.43795223390337,-0.0803773731136506,-8.36564993853608
15.6075,-3.41757440249052,-0.0803773731136506,-8.36055681901383
15.61,-3.41757440249052,-0.0803773731136506,-8.40130177519183
15.6125,-3.40229102893089,-0.0803773731136506,-8.39620865566958
15.615,-3.43795223390337,-0.075281680307862,-8.40130177519183
15.6175,-3.43795223390337,-0.0803773731136506,-0.10461007344729
15.62,-3.44304669175658,-0.0803773731136506,-0.0995169539250416
15.6225,-3.41247994463731,-0.0803773731136506,-0.0995169539250416
15.625,-3.4073854867841,-0.0803773731136506,-0.0995169539250416
15.6275,-3.4073854867841,-0.0803773731136506,-8.68142334891555
15.63,-3.40229102893089,-0.0854730659194392,-8.7170751855713
15.6325,-3.40229102893089,-0.0803773731136506,-8.66105087082655
15.635,-3.39719657107768,-0.0803773731136506,-8.65086463178205
15.6375,-3.38700765537126,-0.0803773731136506,-8.34018434092483
15.64,-3.39210211322447,-0.0803773731136506,-8.58974719751506
15.6425,-3.41757440249052,-0.0803773731136506,-8.34527746044708
15.645,-3.42776331819694,-0.0803773731136506,-8.62030591464856
15.6475,-3.41757440249052,-0.0803773731136506,-8.32999810188033
15.65,-3.41757440249052,-0.0803773731136506,-8.32490498235808
15.6525,-3.41757440249052,-0.0803773731136506,-8.57446783894831
15.655,-3.43795223390337,-0.0803773731136506,-8.7476339027048
15.6575,-3.453235607463,-0.0803773731136506,-8.71198206604905
15.66,-3.44814114960979,-0.0803773731136506,-8.31471874331358
15.6625,-3.47870789672905,-0.075281680307862,-8.30962562379133
15.665,-3.47870789672905,-0.0803773731136506,-8.35037057996933
15.6675,-3.49908572814189,-0.0803773731136506,-8.34527746044708
15.67,-3.51946355955474,-0.0803773731136506,-8.33509122140258
15.6725,-3.51946355955474,-0.0803773731136506,-8.32490498235808
15.675,-3.49399127028868,-0.0803773731136506,-8.33509122140258
15.6775,-3.54493584882079,-0.0803773731136506,-8.68142334891555
15.68,-3.51946355955474,-0.0803773731136506,-8.78328573936054
15.6825,-3.54493584882079,-0.0803773731136506,-8.59484031703731
15.685,-3.57040813808684,-0.0803773731136506,-8.65086463178205
15.6875,-3.54493584882079,-0.0803773731136506,-8.37583617758058
15.69,-3.56021922238042,-0.0803773731136506,-8.37074305805833
15.6925,-3.56021922238042,-0.0803773731136506,-8.63049215369306
15.695,-3.58059705379326,-0.0803773731136506,-8.59993343655956
15.6975,-3.60097488520611,-0.0803773731136506,-8.69160958796005
15.7,-3.56021922238042,-0.0803773731136506,-8.64067839273756
15.7025,-3.56021922238042,-0.0803773731136506,-8.65086463178205
15.705,-3.56531368023363,-0.0803773731136506,-8.67123710987105
15.7075,-3.59078596949968,-0.0803773731136506,-8.63558527321531
15.71,-3.59078596949968,-0.0803773731136506,-8.61521279512631
15.7125,-3.55512476452721,-0.0803773731136506,-8.65086463178205
15.715,-3.53984139096758,-0.0803773731136506,-8.87496189076104
15.7175,-3.56531368023363,-0.0803773731136506,-8.6661439903488
15.72,-3.60606934305932,-0.0803773731136506,-8.6865164684378
15.7225,-3.57550259594005,-0.075281680307862,-8.76291326127155
15.725,-3.67739175300426,-0.0803773731136506,-8.58974719751506
15.7275,-3.60097488520611,-0.0854730659194392,-8.58465407799281
15.73,-3.59078596949968,-0.0803773731136506,-8.79347197840504
15.7325,-3.60606934305932,-0.0803773731136506,-8.67123710987105
15.735,-3.60097488520611,-0.0803773731136506,-8.6559577513043
15.7375,-3.62644717447216,-0.0803773731136506,-8.69160958796005
15.74,-3.60097488520611,-0.0803773731136506,-8.76800638079379
15.7425,-3.60097488520611,-0.0803773731136506,-8.6967027074823
15.745,-3.61625825876574,-0.0803773731136506,-8.85968253219429
15.7475,-3.58059705379326,-0.0803773731136506,-8.82403069553854
15.75,-3.56021922238042,-0.0803773731136506,-8.77819261983829
15.7525,-3.59078596949968,-0.0803773731136506,-8.81384445649404
15.755,-3.60097488520611,-0.075281680307862,-8.61011967560406
15.7575,-3.58569151164647,-0.0803773731136506,-8.75272702222705
15.76,-3.58569151164647,-0.0803773731136506,-8.84440317362754
15.7625,-3.58059705379326,-0.0803773731136506,-8.80365821744954
15.765,-3.57550259594005,-0.0803773731136506,-8.72216830509355
15.7675,-3.56531368023363,-0.0854730659194392,-8.62030591464856
15.77,-3.57550259594005,-0.075281680307862,-8.6661439903488
15.7725,-3.56021922238042,-0.0803773731136506,-8.6865164684378
15.775,-3.56021922238042,-0.0803773731136506,-8.6661439903488
15.7775,-3.51946355955474,-0.0803773731136506,-8.64067839273756
15.78,-3.52455801740795,-0.0803773731136506,-8.7476339027048
15.7825,-3.51946355955474,-0.0803773731136506,-8.7374476636603
15.785,-3.453235607463,-0.0803773731136506,-8.7374476636603
15.7875,-3.42776331819694,-0.0803773731136506,-8.7170751855713
15.79,-3.43795223390337,-0.0803773731136506,-8.68142334891555
15.7925,-3.50927464384831,-0.0803773731136506,-8.69160958796005
15.795,-3.45833006531621,-0.0803773731136506,-8.6559577513043
15.7975,-3.39210211322447,-0.0803773731136506,-8.62539903417081
15.8,-3.4073854867841,-0.0803773731136506,-8.73235454413805
15.8025,-3.43795223390337,-0.0803773731136506,-8.79347197840504
15.805,-3.38191319751805,-0.0803773731136506,-8.71198206604905
15.8075,-3.37681873966484,-0.0803773731136506,-8.7578201417493
15.81,-3.37681873966484,-0.0803773731136506,-8.7374476636603
15.8125,-3.37172428181163,-0.0803773731136506,-8.6967027074823
15.815,-3.36153536610521,-0.0803773731136506,-8.65086463178205
15.8175,-3.33606307683915,-0.0803773731136506,-8.68142334891555
15.82,-3.36153536610521,-0.075281680307862,-8.70179582700455
15.8225,-3.32077970327952,-0.0803773731136506,-8.6967027074823
15.825,-3.33606307683915,-0.0803773731136506,-8.70179582700455
15.8275,-3.33606307683915,-0.0803773731136506,-8.82912381506079
15.83,-3.24945729333457,-0.0803773731136506,-8.62539903417081
15.8325,-3.24945729333457,-0.0803773731136506,-8.62030591464856
15.835,-3.26474066689421,-0.0803773731136506,-8.79856509792729
15.8375,-3.259646209041,-0.0803773731136506,-8.6865164684378
15.84,-3.2137960883621,-0.0803773731136506,-8.63558527321531
15.8425,-3.23926837762815,-0.0803773731136506,-8.63558527321531
15.845,-3.19851271480247,-0.0803773731136506,-8.63049215369306
15.8475,-3.19341825694926,-0.0803773731136506,-8.7476339027048
15.85,-3.2137960883621,-0.0803773731136506,-8.59993343655956
15.8525,-3.18832379909605,-0.0803773731136506,-8.7170751855713
15.855,-3.19341825694926,-0.0803773731136506,-8.6661439903488
15.8575,-3.20360717265568,-0.0803773731136506,-8.59993343655956
15.86,-3.20360717265568,-0.0803773731136506,-8.57446783894831
15.8625,-3.19851271480247,-0.0803773731136506,-8.7068889465268
15.865,-0.111271255756849,-0.0803773731136506,-8.52862976324807
15.8675,-3.356440908252,-0.0803773731136506,-8.48788480707007
15.87,-3.36153536610521,-0.0803773731136506,-8.49297792659232
15.8725,-3.39719657107768,-0.0803773731136506,-8.53881600229256
15.875,-3.38700765537126,-0.0803773731136506,-8.64067839273756
15.8775,-3.40229102893089,-0.0803773731136506,-8.58974719751506
15.88,-3.42776331819694,-0.0803773731136506,-8.6967027074823
15.8825,-3.44814114960979,-0.0803773731136506,-8.58974719751506
15.885,-3.42266886034373,-0.0803773731136506,-8.62539903417081
15.8875,-3.43795223390337,-0.0803773731136506,-8.55409536085931
15.89,-3.453235607463,-0.0803773731136506,-8.57446783894831
15.8925,-3.46342452316942,-0.0803773731136506,-8.59484031703731
15.895,-3.51436910170153,-0.0803773731136506,-8.62030591464856
15.8975,-3.48889681243547,-0.0803773731136506,-8.61521279512631
15.9,-3.48889681243547,-0.0803773731136506,-8.59484031703731
15.9025,-3.48380235458226,-0.0803773731136506,-8.49297792659232
15.905,-3.50927464384831,-0.0803773731136506,-8.48279168754782
15.9075,-3.51436910170153,-0.075281680307862,-8.62539903417081
15.91,-3.49908572814189,-0.075281680307862,-8.53372288277031
15.9125,-3.47361343887584,-0.0803773731136506,-8.51844352420357
15.915,-3.5041801859951,-0.0803773731136506,-8.53372288277031
15.9175,-3.51946355955474,-0.0803773731136506,-8.49807104611457
15.92,-3.51946355955474,-0.075281680307862,-8.49807104611457
15.9225,-3.52965247526116,-0.0803773731136506,-8.47769856802557
15.925,-3.57040813808684,-0.0803773731136506,-8.48788480707007
15.9275,-3.55512476452721,-0.0803773731136506,-8.49807104611457
15.93,-3.55512476452721,-0.0803773731136506,-8.65086463178205
15.9325,-3.550030306674,-0.0854730659194392,-8.64067839273756
15.935,-3.58059705379326,-0.0803773731136506,-8.46241920945882
15.9375,-3.58569151164647,-0.0803773731136506,-8.50825728515907
15.94,-3.58059705379326,-0.0803773731136506,-8.51335040468132
15.9425,-3.60097488520611,-0.0803773731136506,-8.6661439903488
15.945,-3.60606934305932,-0.075281680307862,-8.64577151225981
15.9475,-3.59588042735289,-0.0803773731136506,-8.52862976324807
15.95,-3.60606934305932,-0.0803773731136506,-8.7374476636603
15.9525,-3.64173054803179,-0.0803773731136506,-8.63558527321531
15.955,-3.62644717447216,-0.0803773731136506,-8.67123710987105
15.9575,-3.65701392159142,-0.0854730659194392,-8.54900224133706
15.96,-3.63663609017858,-0.0803773731136506,-8.57956095847056
15.9625,-3.64173054803179,-0.0803773731136506,-8.58974719751506
15.965,-3.63663609017858,-0.0803773731136506,-8.54900224133706
15.9675,-3.65191946373821,-0.0803773731136506,-8.58465407799281
15.97,-3.646825005885,-0.0854730659194392,-8.54390912181481
15.9725,-3.646825005885,-0.0803773731136506,-8.54900224133706
15.975,-3.70286404227032,-0.0803773731136506,-8.67123710987105
15.9775,-3.63663609017858,-0.0803773731136506,-8.65086463178205
15.98,-3.63663609017858,-0.0803773731136506,-8.58465407799281
15.9825,-3.62644717447216,-0.075281680307862,-8.52353664372582
15.985,-3.62135271661895,-0.0803773731136506,-8.57956095847056
15.9875,-3.63663609017858,-0.0803773731136506,-8.61011967560406
15.99,-3.60097488520611,-0.0803773731136506,-8.49807104611457
15.9925,-3.58569151164647,-0.0803773731136506,-8.56937471942606
15.995,-3.61116380091253,-0.075281680307862,-8.47260544850332
15.9975,-3.61116380091253,-0.0803773731136506,-8.54900224133706
16,-3.60097488520611,-0.0803773731136506,-8.48788480707007
16.0025,-3.59078596949968,-0.0803773731136506,-8.73235454413805
16.005,-3.67229729515105,-0.0803773731136506,-8.6559577513043
16.0075,-3.646825005885,-0.0803773731136506,-8.72216830509355
16.01,-3.61625825876574,-0.0803773731136506,-8.44204673136982
16.0125,-3.62135271661895,-0.0803773731136506,-8.61011967560406
16.015,-3.62135271661895,-0.0803773731136506,-8.53372288277031
16.0175,-3.62135271661895,-0.075281680307862,-8.51335040468132
16.02,-3.6926751265639,-0.0803773731136506,-8.58465407799281
16.0225,-3.66720283729784,-0.0803773731136506,-8.58465407799281
16.025,-3.66720283729784,-0.0803773731136506,-8.58974719751506
16.0275,-3.66210837944463,-0.0803773731136506,-8.6865164684378
16.03,-3.66210837944463,-0.0803773731136506,-8.52862976324807
16.0325,-3.66210837944463,-0.0803773731136506,-8.52862976324807
16.035,-3.67229729515105,-0.0803773731136506,-8.49807104611457
16.0375,-3.66720283729784,-0.0803773731136506,-8.56937471942606
16.04,-3.68248621085748,-0.0803773731136506,-8.62539903417081
16.0425,-3.65701392159142,-0.0803773731136506,-8.63049215369306
16.045,-3.65701392159142,-0.0803773731136506,-8.62539903417081
16.0475,-3.69776958441711,-0.0803773731136506,-0.0995169539250416
16.05,-3.66720283729784,-0.0803773731136506,-8.56937471942606
16.0525,-3.65701392159142,-0.0803773731136506,-8.59484031703731
16.055,-3.646825005885,-0.0803773731136506,-8.76291326127155
16.0575,-3.64173054803179,-0.0803773731136506,-8.63558527321531
16.06,-3.63154163232537,-0.0803773731136506,-8.7374476636603
16.0625,-3.62135271661895,-0.0803773731136506,-8.45223297041432
16.065,-3.61116380091253,-0.0803773731136506,-8.75272702222705
16.0675,-3.63154163232537,-0.0803773731136506,-8.74254078318255
16.07,-3.62135271661895,-0.0803773731136506,-8.7476339027048
16.0725,-3.57040813808684,-0.0803773731136506,-0.10461007344729
16.075,-3.550030306674,-0.0803773731136506,-8.65086463178205
16.0775,-3.53984139096758,-0.0803773731136506,-8.64577151225981
16.08,-3.54493584882079,-0.0803773731136506,-8.57956095847056
16.0825,-3.53474693311437,-0.0803773731136506,-8.55918848038156
16.085,-3.5041801859951,-0.0803773731136506,-8.53372288277031
16.0875,-3.50927464384831,-0.0803773731136506,-8.53881600229256
16.09,-3.47361343887584,-0.0803773731136506,-8.47260544850332
16.0925,-3.47361343887584,-0.0803773731136506,-8.49297792659232
16.095,-3.44304669175658,-0.0803773731136506,-8.48788480707007
16.0975,-3.44814114960979,-0.0803773731136506,-8.49807104611457
16.1,-3.43795223390337,-0.0803773731136506,-8.7272614246158
16.1025,-3.43285777605016,-0.0803773731136506,-8.39620865566958
16.105,-3.50927464384831,-0.0803773731136506,-8.59484031703731
16.1075,-3.50927464384831,-0.0803773731136506,-8.43186049232532
16.11,-3.42266886034373,-0.0803773731136506,-8.43186049232532
16.1125,-3.41757440249052,-0.0803773731136506,-8.64067839273756
16.115,-3.48380235458226,-0.0803773731136506,-8.56428159990381
16.1175,-3.46851898102263,-0.0803773731136506,-8.57956095847056
16.12,-3.44304669175658,-0.0803773731136506,-8.58465407799281
16.1225,-3.41757440249052,-0.0803773731136506,-8.63049215369306
16.125,-3.41757440249052,-0.0854730659194392,-8.63558527321531
16.1275,-3.453235607463,-0.0803773731136506,-8.61521279512631
16.13,-3.43285777605016,-0.0803773731136506,-8.47260544850332
16.1325,-3.45833006531621,-0.0803773731136506,-8.48788480707007
16.135,-3.46851898102263,-0.0803773731136506,-8.59484031703731
16.1375,-3.46851898102263,-0.0803773731136506,-8.67123710987105
16.14,-3.53984139096758,-0.0803773731136506,-8.53881600229256
16.1425,-3.48889681243547,-0.0803773731136506,-8.55409536085931
16.145,-3.49399127028868,-0.0803773731136506,-8.58465407799281
16.1475,-3.46342452316942,-0.0803773731136506,-8.54900224133706
16.15,-3.48889681243547,-0.0803773731136506,-8.53372288277031
16.1525,-3.47361343887584,-0.0803773731136506,-8.42676737280307
16.155,-3.5041801859951,-0.0803773731136506,-8.49297792659232
16.1575,-3.46342452316942,-0.0803773731136506,-8.50316416563682
16.16,-3.46342452316942,-0.075281680307862,-8.44713985089207
16.1625,-3.48889681243547,-0.0803773731136506,-8.46241920945882
16.165,-3.53984139096758,-0.0803773731136506,-8.43695361184757
16.1675,-3.48889681243547,-0.0803773731136506,-8.46241920945882
16.17,-3.48889681243547,-0.075281680307862,-8.42167425328083
16.1725,-3.48889681243547,-0.0803773731136506,-8.51335040468132
16.175,-3.49908572814189,-0.0803773731136506,-8.47769856802557
16.1775,-3.50927464384831,-0.0803773731136506,-8.43186049232532
16.18,-3.50927464384831,-0.0803773731136506,-8.43695361184757
16.1825,-3.51436910170153,-0.0803773731136506,-8.36564993853608
16.185,-3.54493584882079,-0.0803773731136506,-8.52862976324807
16.1875,-3.56531368023363,-0.0803773731136506,-8.39111553614733
16.19,-3.56531368023363,-0.0803773731136506,-8.41148801423633
16.1925,-3.58569151164647,-0.0803773731136506,-8.38602241662508
16.195,-3.60606934305932,-0.0803773731136506,-8.52353664372582
16.1975,-3.58059705379326,-0.0803773731136506,-8.52862976324807
16.2,-3.60606934305932,-0.0803773731136506,-8.32999810188033
16.2025,-3.61116380091253,-0.0803773731136506,-8.60502655608181
16.205,-3.61116380091253,-0.0803773731136506,-8.47260544850332
16.2075,-3.60606934305932,-0.0803773731136506,-8.44204673136982
16.21,-3.60606934305932,-0.0803773731136506,-8.61521279512631
16.2125,-3.60097488520611,-0.0803773731136506,-8.49297792659232
16.215,-3.59588042735289,-0.0803773731136506,-8.43186049232532
16.2175,-3.59078596949968,-0.075281680307862,-8.56428159990381
16.22,-3.59078596949968,-0.0803773731136506,-8.57446783894831
16.2225,-3.61625825876574,-0.0803773731136506,-8.41658113375857
16.225,-3.61625825876574,-0.0803773731136506,-8.54900224133706
16.2275,-3.60606934305932,-0.0803773731136506,-8.35037057996933
16.23,-3.60097488520611,-0.0803773731136506,-8.22304259191309
16.2325,-3.59588042735289,-0.0803773731136506,-8.57956095847056
16.235,-3.58059705379326,-0.0803773731136506,-8.18739075525735
16.2375,-3.59588042735289,-0.0803773731136506,-8.17720451621285
16.24,-3.58569151164647,-0.0803773731136506,-8.39620865566958
16.2425,-3.58059705379326,-0.0803773731136506,-8.36055681901383
16.245,-3.48889681243547,-0.0803773731136506,-8.38092929710283
16.2475,-3.47361343887584,-0.0803773731136506,-8.38602241662508
16.25,-3.43795223390337,-0.0803773731136506,-8.45223297041432
16.2525,-3.41757440249052,-0.0803773731136506,-8.44713985089207
16.255,-3.42776331819694,-0.0803773731136506,-8.59484031703731
16.2575,-3.41757440249052,-0.0803773731136506,-8.31981186283583
16.26,-3.48889681243547,-0.0803773731136506,-8.47260544850332
16.2625,-3.42266886034373,-0.0803773731136506,-8.48279168754782
16.265,-3.38191319751805,-0.0803773731136506,-8.47260544850332
16.2675,-3.37681873966484,-0.0803773731136506,-0.10461007344729
16.27,-3.36662982395842,-0.0803773731136506,-8.47769856802557
16.2725,-3.33096861898594,-0.0803773731136506,-8.34018434092483
16.275,-3.3105907875731,-0.0803773731136506,-8.48788480707007
16.2775,-3.29530741401347,-0.0803773731136506,-8.30962562379133
16.28,-3.28002404045384,-0.0803773731136506,-8.29434626522459
16.2825,-3.25455175118779,-0.0803773731136506,-8.38602241662508
16.285,-3.23926837762815,-0.0803773731136506,-8.40639489471408
16.2875,-3.22398500406852,-0.0803773731136506,-8.32490498235808
16.29,-3.20870163050889,-0.0803773731136506,-8.29434626522459
16.2925,-3.22398500406852,-0.0803773731136506,-8.39620865566958
16.295,-3.19341825694926,-0.0803773731136506,-8.58974719751506
16.2975,-3.18832379909605,-0.0803773731136506,-8.59484031703731
16.3,-3.2137960883621,-0.0803773731136506,-8.26888066761334
16.3025,-3.22398500406852,-0.0803773731136506,-8.55409536085931
16.305,-3.22398500406852,-0.0803773731136506,-8.28416002618009
16.3075,-3.18832379909605,-0.0803773731136506,-8.25869442856884
16.31,-3.21889054621531,-0.0803773731136506,-8.56937471942606
16.3125,-3.15775705197678,-0.0803773731136506,-8.57446783894831
16.315,-3.17813488338963,-0.0803773731136506,-8.24341507000209
16.3175,-3.17813488338963,-0.0803773731136506,-8.30962562379133
16.32,-3.17813488338963,-0.0803773731136506,-8.30962562379133
16.3225,-3.17304042553642,-0.0803773731136506,-8.43186049232532
16.325,-3.14756813627036,-0.0803773731136506,-8.49807104611457
16.3275,-3.16794596768321,-0.0803773731136506,-8.49297792659232
16.33,-3.14756813627036,-0.0803773731136506,-8.60502655608181
16.3325,-3.15266259412357,-0.0803773731136506,-8.53372288277031
16.335,-3.14756813627036,-0.0803773731136506,-8.48788480707007
16.3375,-3.14756813627036,-0.0803773731136506,-8.58465407799281
16.34,-3.17304042553642,-0.0803773731136506,-8.44713985089207
16.3425,-3.15775705197678,-0.0803773731136506,-8.21285635286859
16.345,-3.23417391977494,-0.0803773731136506,-8.44713985089207
16.3475,-3.2137960883621,-0.075281680307862,-8.50316416563682
16.35,-3.16794596768321,-0.0803773731136506,-8.36564993853608
16.3525,-3.17813488338963,-0.0803773731136506,-8.40639489471408
16.355,-3.19851271480247,-0.0803773731136506,-8.45732608993657
16.3575,-3.20360717265568,-0.0803773731136506,-8.48788480707007
16.36,-3.20360717265568,-0.075281680307862,-8.68142334891555
16.3625,-3.20870163050889,-0.0803773731136506,-8.31981186283583
16.365,-3.259646209041,-0.0803773731136506,-8.43186049232532
16.3675,-3.29021295616026,-0.0803773731136506,-8.43186049232532
16.37,-3.28002404045384,-0.0803773731136506,-8.57956095847056
16.3725,-3.29021295616026,-0.0803773731136506,-8.29434626522459
16.375,-3.29530741401347,-0.0803773731136506,-8.24850818952434
16.3775,-3.29021295616026,-0.0803773731136506,-8.53881600229256
16.38,-3.33096861898594,-0.0803773731136506,-8.18739075525735
16.3825,-3.34625199254558,-0.0803773731136506,-8.55918848038156
16.385,-3.37172428181163,-0.0803773731136506,-8.47769856802557
16.3875,-3.356440908252,-0.0803773731136506,-8.47260544850332
16.39,-3.36662982395842,-0.0803773731136506,-8.49807104611457
16.3925,-3.38700765537126,-0.0803773731136506,-8.43695361184757
16.395,-3.44304669175658,-0.0854730659194392,-8.41148801423633
16.3975,-3.39210211322447,-0.0803773731136506,-8.40639489471408
16.4,-3.41247994463731,-0.0803773731136506,-8.50316416563682
16.4025,-3.46342452316942,-0.0803773731136506,-8.50825728515907
16.405,-3.45833006531621,-0.0803773731136506,-8.49807104611457
16.4075,-3.45833006531621,-0.0803773731136506,-0.10461007344729
16.41,-3.47870789672905,-0.0803773731136506,-8.47260544850332
16.4125,-3.48889681243547,-0.0803773731136506,-8.44204673136982
16.415,-3.49908572814189,-0.0803773731136506,-8.41658113375857
16.4175,-3.50927464384831,-0.0803773731136506,-8.71198206604905
16.42,-3.50927464384831,-0.0803773731136506,-8.38092929710283
16.4225,-3.55512476452721,-0.0803773731136506,-8.38092929710283
16.425,-3.56021922238042,-0.0803773731136506,-8.54900224133706
16.4275,-3.56531368023363,-0.0803773731136506,-8.50825728515907
16.43,-3.59078596949968,-0.0803773731136506,-8.40639489471408
16.4325,-3.58059705379326,-0.0803773731136506,-8.44713985089207
16.435,-3.56021922238042,-0.0803773731136506,-8.49297792659232
16.4375,-3.59078596949968,-0.0803773731136506,-8.63558527321531
16.44,-3.59078596949968,-0.0803773731136506,-8.43186049232532
16.4425,-3.63154163232537,-0.0803773731136506,-8.43186049232532
16.445,-3.60097488520611,-0.0803773731136506,-8.54390912181481
16.4475,-3.61116380091253,-0.0803773731136506,-8.32490498235808
16.45,-3.62644717447216,-0.0803773731136506,-8.49807104611457
16.4525,-3.63663609017858,-0.0803773731136506,-8.38602241662508
16.455,-3.65701392159142,-0.0803773731136506,-8.55918848038156
16.4575,-3.6926751265639,-0.0803773731136506,-8.50825728515907
16.46,-3.70795850012353,-0.0803773731136506,-8.45732608993657
16.4625,-3.70286404227032,-0.0803773731136506,-8.43695361184757
16.465,-3.743619705096,-0.0803773731136506,-8.63049215369306
16.4675,-3.79965874148132,-0.0803773731136506,-8.42676737280307
16.47,-3.79965874148132,-0.0803773731136506,-8.62030591464856
16.4725,-3.79965874148132,-0.0803773731136506,-8.50316416563682
16.475,-3.77928091006848,-0.0803773731136506,-8.50316416563682
16.4775,-3.89645344069232,-0.0803773731136506,-8.61521279512631
16.48,-3.84550886216021,-0.0803773731136506,-8.41658113375857
16.4825,-3.840414404307,-0.0803773731136506,-8.44204673136982
16.485,-3.82513103074737,-0.0803773731136506,-8.62030591464856
16.4875,-3.84550886216021,-0.0803773731136506,-8.52353664372582
16.49,-3.85569777786664,-0.0803773731136506,-8.62030591464856
16.4925,-3.86079223571985,-0.0803773731136506,-8.59993343655956
16.495,-3.83531994645379,-0.0803773731136506,-8.52862976324807
16.4975,-3.81494211504095,-0.0803773731136506,-8.51335040468132
16.5,-3.78437536792169,-0.0803773731136506,-8.49297792659232
16.5025,-3.77928091006848,-0.0803773731136506,-8.46751232898107
16.505,-3.77418645221527,-0.0803773731136506,-8.64067839273756
16.5075,-3.7894698257749,-0.0803773731136506,-8.41658113375857
16.51,-3.77928091006848,-0.0803773731136506,-8.6559577513043
16.5125,-3.75380862080242,-0.0803773731136506,-8.63558527321531
16.515,-3.75380862080242,-0.0803773731136506,-8.40639489471408
16.5175,-3.76909199436206,-0.0803773731136506,-8.56937471942606
16.52,-3.78437536792169,-0.0803773731136506,-8.54900224133706
16.5225,-3.72324187368316,-0.0803773731136506,-8.54900224133706
16.525,-3.70286404227032,-0.0803773731136506,-8.55409536085931
16.5275,-3.6926751265639,-0.0803773731136506,-8.38602241662508
16.53,-3.68248621085748,-0.0803773731136506,-8.51335040468132
16.5325,-3.67229729515105,-0.0803773731136506,-8.52353664372582
16.535,-3.68758066871069,-0.0803773731136506,-8.54900224133706
16.5375,-3.65191946373821,-0.075281680307862,-8.48279168754782
16.54,-3.64173054803179,-0.0803773731136506,-8.53881600229256
16.5425,-3.62644717447216,-0.0803773731136506,-8.52862976324807
16.545,-3.62135271661895,-0.0803773731136506,-8.55409536085931
16.5475,-3.61116380091253,-0.0803773731136506,-8.43186049232532
16.55,-3.61116380091253,-0.0803773731136506,-8.46241920945882
16.5525,-3.60606934305932,-0.0803773731136506,-8.52862976324807
16.555,-3.59588042735289,-0.0803773731136506,-8.60502655608181
16.5575,-3.59588042735289,-0.0803773731136506,-8.50316416563682
16.56,-3.59078596949968,-0.0803773731136506,-8.54900224133706
16.5625,-3.57550259594005,-0.0803773731136506,-8.56937471942606
16.565,-3.56021922238042,-0.0803773731136506,-8.53881600229256
16.5675,-3.56531368023363,-0.0803773731136506,-8.56937471942606
16.57,-3.54493584882079,-0.0803773731136506,-8.48279168754782
16.5725,-3.53984139096758,-0.0803773731136506,-8.55409536085931
16.575,-3.50927464384831,-0.0803773731136506,-8.58974719751506
16.5775,-3.5041801859951,-0.0803773731136506,-8.57956095847056
16.58,-3.48380235458226,-0.0803773731136506,-8.47769856802557
16.5825,-3.47361343887584,-0.0803773731136506,-8.46751232898107
16.585,-3.46342452316942,-0.0803773731136506,-8.52862976324807
16.5875,-3.45833006531621,-0.075281680307862,-8.51844352420357
16.59,-3.42776331819694,-0.0803773731136506,-8.56428159990381
16.5925,-3.39210211322447,-0.0803773731136506,-8.49297792659232
16.595,-3.39719657107768,-0.0803773731136506,-8.51844352420357
16.5975,-3.39719657107768,-0.0803773731136506,-8.50316416563682
16.6,-3.38700765537126,-0.0803773731136506,-8.47260544850332
16.6025,-3.32587416113273,-0.0803773731136506,-8.51844352420357
16.605,-3.31568524542631,-0.0803773731136506,-8.53372288277031
16.6075,-3.32077970327952,-0.0803773731136506,-8.49807104611457
16.61,-3.29021295616026,-0.0803773731136506,-8.48279168754782
16.6125,-3.29021295616026,-0.0803773731136506,-8.52353664372582
16.615,-3.27492958260063,-0.0803773731136506,-8.46751232898107
16.6175,-3.25455175118779,-0.0803773731136506,-8.46751232898107
16.62,-3.22398500406852,-0.0803773731136506,-8.48279168754782
16.6225,-3.23926837762815,-0.0803773731136506,-8.45223297041432
16.625,-3.22907946192173,-0.0803773731136506,-8.68142334891555
16.6275,-3.21889054621531,-0.0803773731136506,-8.46751232898107
16.63,-3.20360717265568,-0.0803773731136506,-8.49807104611457
16.6325,-3.22907946192173,-0.0803773731136506,-8.45732608993657
16.635,-3.20870163050889,-0.0803773731136506,-8.46241920945882
16.6375,-3.19341825694926,-0.0803773731136506,-8.51844352420357
16.64,-3.19851271480247,-0.0803773731136506,-8.53372288277031
16.6425,-3.15266259412357,-0.0803773731136506,-8.51844352420357
16.645,-3.2137960883621,-0.0803773731136506,-8.49297792659232
16.6475,-3.17304042553642,-0.0803773731136506,-8.49297792659232
16.65,-3.15775705197678,-0.0803773731136506,-8.44204673136982
16.6525,-3.21889054621531,-0.0803773731136506,-8.44204673136982
16.655,-3.19851271480247,-0.0803773731136506,-8.48279168754782
16.6575,-3.10171801559147,-0.0803773731136506,-8.51844352420357
16.66,-3.09662355773826,-0.0803773731136506,-8.57956095847056
16.6625,-3.08134018417863,-0.0803773731136506,-8.52862976324807
16.665,-3.0711512684722,-0.0803773731136506,-8.49297792659232
16.6675,-3.05077343705936,-0.0803773731136506,-8.44204673136982
16.67,-3.05586789491257,-0.075281680307862,-8.42676737280307
16.6725,-3.04567897920615,-0.0803773731136506,-8.42676737280307
16.675,-3.04567897920615,-0.0803773731136506,-8.51844352420357
16.6775,-3.05077343705936,-0.0803773731136506,-8.42167425328083
16.68,-3.05586789491257,-0.0803773731136506,-8.50825728515907
16.6825,-3.06605681061899,-0.0854730659194392,-8.43695361184757
16.685,-3.06096235276578,-0.0803773731136506,-8.49297792659232
16.6875,-3.05586789491257,-0.0803773731136506,-8.45223297041432
16.69,-3.06096235276578,-0.0803773731136506,-8.45223297041432
16.6925,-3.09662355773826,-0.0803773731136506,-8.40639489471408
16.695,-3.14756813627036,-0.0803773731136506,-8.59484031703731
16.6975,-3.14756813627036,-0.0854730659194392,-8.59484031703731
16.7,-3.12719030485752,-0.0803773731136506,-8.55918848038156
16.7025,-3.12719030485752,-0.0803773731136506,-8.47769856802557
16.705,-3.13228476271073,-0.0803773731136506,-8.46751232898107
16.7075,-3.17304042553642,-0.0803773731136506,-8.54390912181481
16.71,-3.15266259412357,-0.0803773731136506,-8.49297792659232
16.7125,-3.15266259412357,-0.0803773731136506,-8.43695361184757
16.715,-3.17813488338963,-0.0803773731136506,-8.42167425328083
16.7175,-3.18832379909605,-0.0803773731136506,-8.6763302293933
16.72,-3.19341825694926,-0.0854730659194392,-8.42167425328083
16.7225,-3.20360717265568,-0.0803773731136506,-8.55409536085931
16.725,-3.2137960883621,-0.0803773731136506,-8.58465407799281
16.7275,-3.25455175118779,-0.0803773731136506,-8.52862976324807
16.73,-3.24436283548136,-0.0803773731136506,-8.54900224133706
16.7325,-3.49908572814189,-0.0803773731136506,-8.51844352420357
16.735,-3.47361343887584,-0.0803773731136506,-8.52862976324807
16.7375,-3.453235607463,-0.0803773731136506,-8.56937471942606
16.74,-3.47870789672905,-0.0803773731136506,-8.6967027074823
16.7425,-3.48380235458226,-0.0803773731136506,-8.69160958796005
16.745,-3.51946355955474,-0.0803773731136506,-8.35546369949158
16.7475,-3.52455801740795,-0.0803773731136506,-8.65086463178205
16.75,-3.5041801859951,-0.0803773731136506,-8.44204673136982
16.7525,-3.50927464384831,-0.0803773731136506,-8.47260544850332
16.755,-3.51946355955474,-0.0803773731136506,-8.60502655608181
16.7575,-3.50927464384831,-0.0803773731136506,-8.47260544850332
16.76,-3.57550259594005,-0.0803773731136506,-8.54900224133706
16.7625,-3.58059705379326,-0.0803773731136506,-8.55918848038156
16.765,-3.59078596949968,-0.0803773731136506,-8.49297792659232
16.7675,-3.63663609017858,-0.0803773731136506,-8.43186049232532
16.77,-3.58569151164647,-0.0803773731136506,-8.47769856802557
16.7725,-3.63154163232537,-0.075281680307862,-8.49807104611457
16.775,-3.63154163232537,-0.0803773731136506,-8.49807104611457
16.7775,-3.67739175300426,-0.0803773731136506,-8.48788480707007
16.78,-3.62644717447216,-0.0803773731136506,-8.48788480707007
16.7825,-3.62644717447216,-0.075281680307862,-8.45223297041432
16.785,-3.62644717447216,-0.0803773731136506,-8.45223297041432
16.7875,-3.66720283729784,-0.0803773731136506,-8.49297792659232
16.79,-3.6926751265639,-0.0803773731136506,-8.52862976324807
16.7925,-3.69776958441711,-0.0803773731136506,-8.51335040468132
16.795,-3.6926751265639,-0.0803773731136506,-8.52353664372582
16.7975,-3.6926751265639,-0.0803773731136506,-8.45223297041432
16.8,-3.69776958441711,-0.0803773731136506,-8.44713985089207
16.8025,-3.73852524724279,-0.0803773731136506,-8.50825728515907
16.805,-3.743619705096,-0.0803773731136506,-8.54900224133706
16.8075,-3.71305295797674,-0.0803773731136506,-8.6559577513043
16.81,-3.6926751265639,-0.0803773731136506,-8.49297792659232
16.8125,-3.68758066871069,-0.0803773731136506,-8.51335040468132
16.815,-3.70795850012353,-0.0803773731136506,-8.48788480707007
16.8175,-3.70286404227032,-0.0803773731136506,-8.50825728515907
16.82,-3.69776958441711,-0.0803773731136506,-8.53372288277031
16.8225,-3.70795850012353,-0.0803773731136506,-8.60502655608181
16.825,-3.70795850012353,-0.0803773731136506,-8.54900224133706
16.8275,-3.70286404227032,-0.0803773731136506,-8.52353664372582
16.83,-3.68758066871069,-0.0803773731136506,-8.52353664372582
16.8325,-3.68758066871069,-0.0803773731136506,-8.65086463178205
16.835,-3.68248621085748,-0.0803773731136506,-8.63558527321531
16.8375,-3.67229729515105,-0.0803773731136506,-8.55918848038156
16.84,-3.67229729515105,-0.0803773731136506,-8.56937471942606
16.8425,-3.646825005885,-0.0803773731136506,-8.59484031703731
16.845,-3.64173054803179,-0.0803773731136506,-8.51335040468132
16.8475,-3.66210837944463,-0.0803773731136506,-8.53372288277031
16.85,-3.63663609017858,-0.0803773731136506,-8.53372288277031
16.8525,-3.61625825876574,-0.0803773731136506,-8.53372288277031
16.855,-3.60606934305932,-0.0803773731136506,-8.51844352420357
16.8575,-3.60097488520611,-0.0803773731136506,-8.46751232898107
16.86,-3.62135271661895,-0.0803773731136506,-8.52862976324807
16.8625,-3.58569151164647,-0.0803773731136506,-8.56937471942606
16.865,-3.57550259594005,-0.0803773731136506,-8.62030591464856
16.8675,-3.56531368023363,-0.0854730659194392,-8.42167425328083
16.87,-3.56021922238042,-0.0803773731136506,-8.52862976324807
16.8725,-3.53474693311437,-0.0803773731136506,-8.73235454413805
16.875,-3.54493584882079,-0.0803773731136506,-8.64067839273756
16.8775,-3.56021922238042,-0.0803773731136506,-8.59993343655956
16.88,-3.50927464384831,-0.0803773731136506,-8.59484031703731
16.8825,-3.51946355955474,-0.0803773731136506,-8.54390912181481
16.885,-3.50927464384831,-0.0803773731136506,-8.54900224133706
16.8875,-3.5041801859951,-0.0803773731136506,-8.55409536085931
16.89,-3.46851898102263,-0.0803773731136506,-8.50825728515907
16.8925,-3.46342452316942,-0.0803773731136506,-8.51335040468132
16.895,-3.45833006531621,-0.0803773731136506,-8.54390912181481
16.8975,-3.45833006531621,-0.0803773731136506,-8.61521279512631
16.9,-3.43795223390337,-0.0803773731136506,-8.56937471942606
16.9025,-3.42776331819694,-0.0803773731136506,-8.58974719751506
16.905,-3.42266886034373,-0.0803773731136506,-8.45732608993657
16.9075,-3.41757440249052,-0.0803773731136506,-8.57956095847056
16.91,-3.41757440249052,-0.0803773731136506,-8.7068889465268
16.9125,-3.4073854867841,-0.0803773731136506,-8.56937471942606
16.915,-3.41247994463731,-0.0803773731136506,-8.54390912181481
16.9175,-3.41247994463731,-0.0803773731136506,-8.56937471942606
16.92,-3.41247994463731,-0.0803773731136506,-8.52862976324807
16.9225,-3.41757440249052,-0.075281680307862,-8.59484031703731
16.925,-3.41247994463731,-0.0803773731136506,-8.61011967560406
16.9275,-3.41247994463731,-0.0803773731136506,-8.53372288277031
16.93,-3.40229102893089,-0.0803773731136506,-8.52862976324807
16.9325,-3.4073854867841,-0.0803773731136506,-8.47260544850332
16.935,-3.4073854867841,-0.0803773731136506,-8.63049215369306
16.9375,-3.43795223390337,-0.0803773731136506,-8.50316416563682
16.94,-3.42266886034373,-0.0803773731136506,-8.50825728515907
16.9425,-3.43285777605016,-0.0803773731136506,-8.50316416563682
16.945,-3.453235607463,-0.0803773731136506,-8.63558527321531
16.9475,-3.42776331819694,-0.0803773731136506,-8.51844352420357
16.95,-3.43285777605016,-0.0803773731136506,-8.55918848038156
16.9525,-3.43285777605016,-0.0803773731136506,-8.55918848038156
16.955,-3.43795223390337,-0.0803773731136506,-8.50825728515907
16.9575,-3.42776331819694,-0.0803773731136506,-8.53372288277031
16.96,-3.42266886034373,-0.0803773731136506,-8.50825728515907
16.9625,-3.45833006531621,-0.0803773731136506,-8.51844352420357
16.965,-3.43285777605016,-0.0803773731136506,-8.51335040468132
16.9675,-3.42266886034373,-0.0803773731136506,-0.0995169539250416
16.97,-3.39719657107768,-0.0803773731136506,-0.0995169539250416
16.9725,-3.39719657107768,-0.0803773731136506,-8.53372288277031
16.975,-3.40229102893089,-0.0803773731136506,-8.61521279512631
16.9775,-3.37681873966484,-0.0803773731136506,-8.58465407799281
16.98,-3.36153536610521,-0.0803773731136506,-8.58465407799281
16.9825,-3.356440908252,-0.0803773731136506,-8.50316416563682
16.985,-3.37681873966484,-0.0803773731136506,-8.52353664372582
16.9875,-3.37172428181163,-0.0803773731136506,-8.46751232898107
16.99,-3.36153536610521,-0.0803773731136506,-8.39620865566958
16.9925,-3.356440908252,-0.0803773731136506,-8.50316416563682
16.995,-3.34625199254558,-0.0803773731136506,-8.49297792659232
16.9975,-3.36153536610521,-0.0803773731136506,-8.47769856802557
17,-3.4073854867841,-0.0803773731136506,-8.53881600229256
17.0025,-3.34625199254558,-0.0803773731136506,-8.48788480707007
17.005,-3.33606307683915,-0.0803773731136506,-8.44713985089207
17.0075,-3.33096861898594,-0.0803773731136506,-8.43695361184757
17.01,-3.35134645039879,-0.0803773731136506,-8.37074305805833
17.0125,-3.33606307683915,-0.0803773731136506,-8.46751232898107
17.015,-3.32587416113273,-0.0803773731136506,-8.44713985089207
17.0175,-3.33096861898594,-0.0803773731136506,-8.50825728515907
17.02,-3.30040187186668,-0.0803773731136506,-8.48788480707007
17.0225,-3.29530741401347,-0.0803773731136506,-8.46751232898107
17.025,-3.29530741401347,-0.0803773731136506,-8.39620865566958
17.0275,-3.27492958260063,-0.0803773731136506,-8.50825728515907
17.03,-3.26474066689421,-0.0803773731136506,-8.38602241662508
17.0325,-3.25455175118779,-0.0803773731136506,-8.59484031703731
17.035,-3.24945729333457,-0.0854730659194392,-8.40130177519183
17.0375,-3.2137960883621,-0.0803773731136506,-8.40639489471408
17.04,-3.20360717265568,-0.0803773731136506,-8.43695361184757
17.0425,-3.22398500406852,-0.0803773731136506,-8.43695361184757
17.045,-3.22907946192173,-0.0803773731136506,-8.43695361184757
17.0475,-3.23417391977494,-0.0803773731136506,-8.7068889465268
17.05,-3.22907946192173,-0.0803773731136506,-8.41148801423633
17.0525,-3.22907946192173,-0.0803773731136506,-8.42676737280307
17.055,-3.23417391977494,-0.0803773731136506,-8.61521279512631
17.0575,-3.23417391977494,-0.0803773731136506,-8.35546369949158
17.06,-3.22398500406852,-0.0803773731136506,-8.60502655608181
17.0625,-3.22398500406852,-0.0803773731136506,-8.41658113375857
17.065,-3.21889054621531,-0.0803773731136506,-8.46751232898107
17.0675,-3.23417391977494,-0.0803773731136506,-8.46241920945882
17.07,-3.27492958260063,-0.0803773731136506,-8.46241920945882
17.0725,-3.23926837762815,-0.0803773731136506,-0.10461007344729
17.075,-3.23926837762815,-0.0803773731136506,-0.0995169539250416
17.0775,-3.24436283548136,-0.0803773731136506,-0.0995169539250416
17.08,-3.24945729333457,-0.0803773731136506,-0.0995169539250416
17.0825,-3.23417391977494,-0.0803773731136506,-0.0995169539250416
17.085,-3.36153536610521,-0.0803773731136506,-0.0995169539250416
17.0875,-3.40229102893089,-0.0803773731136506,-0.0995169539250416
17.09,-3.38700765537126,-0.0803773731136506,-0.0995169539250416
17.0925,-3.36153536610521,-0.0803773731136506,-0.0995169539250416
17.095,-3.453235607463,-0.0803773731136506,-0.0995169539250416
17.0975,-3.38700765537126,-0.0803773731136506,-8.46751232898107
17.1,-3.40229102893089,-0.0803773731136506,-8.45732608993657
17.1025,-3.37681873966484,-0.0803773731136506,-8.46751232898107
17.105,-3.39210211322447,-0.0803773731136506,-0.10461007344729
17.1075,-3.39719657107768,-0.0803773731136506,-0.0995169539250416
17.11,-3.40229102893089,-0.0803773731136506,-0.10461007344729
17.1125,-3.39719657107768,-0.0803773731136506,-0.0995169539250416
17.115,-3.43795223390337,-0.0803773731136506,-0.0995169539250416
17.1175,-3.41757440249052,-0.0803773731136506,-8.49807104611457
17.12,-3.44814114960979,-0.0803773731136506,-8.46241920945882
17.1225,-3.453235607463,-0.0803773731136506,-8.36564993853608
17.125,-3.43285777605016,-0.0803773731136506,-8.38092929710283
17.1275,-3.44304669175658,-0.0803773731136506,-8.30962562379133
17.13,-3.44304669175658,-0.0803773731136506,-8.35037057996933
17.1325,-3.49908572814189,-0.0803773731136506,-8.33509122140258
17.135,-3.46851898102263,-0.0803773731136506,-8.31471874331358
17.1375,-3.47870789672905,-0.0803773731136506,-8.30453250426909
17.14,-3.48889681243547,-0.0803773731136506,-8.28925314570234
17.1425,-3.49399127028868,-0.0803773731136506,-8.29943938474683
17.145,-3.5041801859951,-0.0803773731136506,-8.30962562379133
17.1475,-3.53474693311437,-0.075281680307862,-8.54390912181481
17.15,-3.51946355955474,-0.0803773731136506,-8.49807104611457
17.1525,-3.57040813808684,-0.0803773731136506,-8.47769856802557
17.155,-3.60097488520611,-0.0803773731136506,-8.26378754809109
17.1575,-3.60097488520611,-0.0803773731136506,-8.52862976324807
17.16,-3.60097488520611,-0.075281680307862,-8.52353664372582
17.1625,-3.60606934305932,-0.0854730659194392,-8.25869442856884
17.165,-3.62135271661895,-0.0803773731136506,-8.48788480707007
17.1675,-3.62644717447216,-0.0803773731136506,-8.63049215369306
17.17,-3.63154163232537,-0.0803773731136506,-8.61521279512631
17.1725,-3.63663609017858,-0.0803773731136506,-8.62030591464856
17.175,-3.646825005885,-0.0803773731136506,-0.10461007344729
17.1775,-3.66210837944463,-0.0803773731136506,-8.37583617758058
17.18,-3.66720283729784,-0.0803773731136506,-8.50316416563682
17.1825,-3.70286404227032,-0.0803773731136506,-8.43695361184757
17.185,-3.68248621085748,-0.0803773731136506,-8.34527746044708
17.1875,-3.73852524724279,-0.0803773731136506,-8.39620865566958
17.19,-3.72324187368316,-0.0803773731136506,-8.7068889465268
17.1925,-3.72833633153637,-0.0803773731136506,-8.53372288277031
17.195,-3.79456428362811,-0.0803773731136506,-8.62539903417081
17.1975,-3.76909199436206,-0.0803773731136506,-8.52353664372582
17.2,-3.76909199436206,-0.0803773731136506,-8.53372288277031
17.2025,-3.77418645221527,-0.0803773731136506,-8.52353664372582
17.205,-3.76909199436206,-0.0803773731136506,-8.62030591464856
17.2075,-3.7894698257749,-0.0803773731136506,-8.46751232898107
17.21,-3.82003657289416,-0.0803773731136506,-8.48279168754782
17.2125,-3.79456428362811,-0.0803773731136506,-8.65086463178205
17.215,-3.79456428362811,-0.0803773731136506,-8.41148801423633
17.2175,-3.79456428362811,-0.0803773731136506,-8.55409536085931
17.22,-3.79456428362811,-0.0803773731136506,-8.35546369949158
17.2225,-3.81494211504095,-0.0803773731136506,-8.50825728515907
17.225,-3.82513103074737,-0.0803773731136506,-8.51844352420357
17.2275,-3.79456428362811,-0.0803773731136506,-8.54390912181481
17.23,-3.79456428362811,-0.0803773731136506,-8.53372288277031
17.2325,-3.81494211504095,-0.0803773731136506,-8.53881600229256
17.235,-3.80984765718774,-0.0803773731136506,-8.35037057996933
17.2375,-3.79965874148132,-0.0803773731136506,-8.35546369949158
17.24,-3.77928091006848,-0.0803773731136506,-8.35037057996933
17.2425,-3.77418645221527,-0.0803773731136506,-0.10461007344729
17.245,-3.76399753650884,-0.0803773731136506,-0.0995169539250416
17.2475,-3.75890307865563,-0.0803773731136506,-8.60502655608181
17.25,-3.71814741582995,-0.0803773731136506,-8.46241920945882
17.2525,-3.73343078938958,-0.0803773731136506,-8.78837885888279
17.255,-3.71305295797674,-0.0803773731136506,-8.52862976324807
17.2575,-3.70286404227032,-0.0803773731136506,-8.53881600229256
17.26,-3.6926751265639,-0.0803773731136506,-8.50825728515907
17.2625,-3.66210837944463,-0.075281680307862,-8.69160958796005
17.265,-3.646825005885,-0.0803773731136506,-8.43186049232532
17.2675,-3.63663609017858,-0.0803773731136506,-8.44713985089207
17.27,-3.62135271661895,-0.0803773731136506,-8.41148801423633
17.2725,-3.61116380091253,-0.0803773731136506,-8.40639489471408
17.275,-3.59588042735289,-0.0803773731136506,-8.52862976324807
17.2775,-3.58059705379326,-0.0803773731136506,-8.65086463178205
17.28,-3.57040813808684,-0.0803773731136506,-8.64577151225981
17.2825,-3.56021922238042,-0.0803773731136506,-8.63558527321531
17.285,-3.550030306674,-0.0803773731136506,-8.44713985089207
17.2875,-3.56021922238042,-0.0803773731136506,-8.45732608993657
17.29,-3.52965247526116,-0.0803773731136506,-8.47769856802557
17.2925,-3.48889681243547,-0.0803773731136506,-8.48279168754782
17.295,-3.47361343887584,-0.0803773731136506,-8.51844352420357
17.2975,-3.45833006531621,-0.0803773731136506,-8.53372288277031
17.3,-3.44304669175658,-0.0803773731136506,-8.67123710987105
17.3025,-3.41757440249052,-0.0803773731136506,-8.50316416563682
17.305,-3.39719657107768,-0.0803773731136506,-8.49297792659232
17.3075,-3.39719657107768,-0.0803773731136506,-8.41148801423633
17.31,-3.40229102893089,-0.0803773731136506,-8.47769856802557
17.3125,-3.36153536610521,-0.0803773731136506,-8.47769856802557
17.315,-3.31568524542631,-0.0803773731136506,-8.47769856802557
17.3175,-3.32587416113273,-0.0803773731136506,-8.38092929710283
17.32,-3.30549632971989,-0.0803773731136506,-8.40639489471408
17.3225,-3.30549632971989,-0.0803773731136506,-8.41148801423633
17.325,-3.24436283548136,-0.0803773731136506,-8.42167425328083
17.3275,-3.30549632971989,-0.0803773731136506,-8.62539903417081
17.33,-3.18322934124284,-0.0803773731136506,-8.61011967560406
17.3325,-3.19851271480247,-0.0803773731136506,-8.58465407799281
17.335,-3.20870163050889,-0.0803773731136506,-8.43186049232532
17.3375,-3.19341825694926,-0.0803773731136506,-8.42167425328083
17.34,-3.2137960883621,-0.0854730659194392,-8.53372288277031
17.3425,-3.18832379909605,-0.0803773731136506,-8.54390912181481
17.345,-3.19341825694926,-0.0803773731136506,-8.54900224133706
17.3475,-3.18832379909605,-0.0803773731136506,-8.48788480707007
17.35,-3.25455175118779,-0.0803773731136506,-8.44713985089207
17.3525,-3.19851271480247,-0.0803773731136506,-8.71198206604905
17.355,-3.20360717265568,-0.0803773731136506,-8.68142334891555
17.3575,-3.23417391977494,-0.0803773731136506,-8.68142334891555
17.36,-3.25455175118779,-0.0803773731136506,-8.41148801423633
17.3625,-3.23926837762815,-0.0803773731136506,-8.41658113375857
17.365,-3.26983512474742,-0.0803773731136506,-8.43186049232532
17.3675,-3.24945729333457,-0.0803773731136506,-8.56937471942606
17.37,-3.25455175118779,-0.0803773731136506,-8.65086463178205
17.3725,-3.29530741401347,-0.0803773731136506,-8.63049215369306
17.375,-3.26474066689421,-0.0803773731136506,-8.59484031703731
17.3775,-3.26983512474742,-0.0803773731136506,-8.59484031703731
17.38,-3.28511849830705,-0.0803773731136506,-8.34018434092483
17.3825,-3.29021295616026,-0.0803773731136506,-8.36055681901383
17.385,-3.29530741401347,-0.0803773731136506,-8.36055681901383
17.3875,-3.30040187186668,-0.0803773731136506,-8.35037057996933
17.39,-3.3105907875731,-0.0803773731136506,-8.50825728515907
17.3925,-3.34625199254558,-0.0803773731136506,-8.1619251576461
17.395,-3.356440908252,-0.0803773731136506,-8.16701827716835
17.3975,-3.38191319751805,-0.0803773731136506,-8.15683203812385
17.4,-3.38700765537126,-0.0803773731136506,-0.10461007344729
17.4025,-3.38700765537126,-0.0803773731136506,-0.0995169539250416
17.405,-3.39719657107768,-0.0803773731136506,-0.0995169539250416
17.4075,-3.40229102893089,-0.0803773731136506,-0.0995169539250416
17.41,-3.44304669175658,-0.0803773731136506,-0.0995169539250416
17.4125,-3.453235607463,-0.0803773731136506,-0.0995169539250416
17.415,-3.44304669175658,-0.0803773731136506,-0.0995169539250416
17.4175,-3.453235607463,-0.0803773731136506,-0.0995169539250416
17.42,-3.45833006531621,-0.0803773731136506,-0.0995169539250416
17.4225,-3.46851898102263,-0.0803773731136506,-0.0995169539250416
17.425,-3.47870789672905,-0.0803773731136506,-0.0995169539250416
17.4275,-3.51436910170153,-0.0803773731136506,-0.0995169539250416
17.43,-3.51946355955474,-0.0803773731136506,-0.0995169539250416
17.4325,-3.54493584882079,-0.0803773731136506,-0.0995169539250416
17.435,-3.58569151164647,-0.0854730659194392,-8.05496964767886
17.4375,-3.56021922238042,-0.0803773731136506,-8.06006276720111
17.44,-3.58569151164647,-0.0803773731136506,-8.51844352420357
17.4425,-3.58059705379326,-0.0803773731136506,-8.57956095847056
17.445,-3.58569151164647,-0.0803773731136506,-8.03459716958986
17.4475,-3.58569151164647,-0.0803773731136506,-8.05496964767886
17.45,-3.58569151164647,-0.0803773731136506,-8.04987652815661
17.4525,-3.59588042735289,-0.0803773731136506,-8.05496964767886
17.455,-3.59588042735289,-0.0803773731136506,-0.10970319296954
17.4575,-3.60097488520611,-0.0803773731136506,-8.50316416563682
17.46,-3.62644717447216,-0.0803773731136506,-8.49807104611457
17.4625,-3.63663609017858,-0.0803773731136506,-8.07024900624561
17.465,-3.63663609017858,-0.0803773731136506,-8.07534212576785
17.4675,-3.63154163232537,-0.0803773731136506,-8.1008077233791
17.47,-3.60097488520611,-0.0803773731136506,-8.12627332099035
17.4725,-3.63154163232537,-0.0803773731136506,-8.41148801423633
17.475,-3.63154163232537,-0.0803773731136506,-8.45223297041432
17.4775,-3.63154163232537,-0.0803773731136506,-8.07024900624561
17.48,-3.62135271661895,-0.0803773731136506,-8.0804352452901
17.4825,-3.61625825876574,-0.0803773731136506,-8.08552836481235
17.485,-3.61116380091253,-0.0803773731136506,-8.01931781102311
17.4875,-3.61116380091253,-0.0803773731136506,-8.00403845245636
17.49,-3.57550259594005,-0.0803773731136506,-8.02950405006761
17.4925,-3.53984139096758,-0.075281680307862,-8.02441093054536
17.495,-3.550030306674,-0.0803773731136506,-8.1211802014681
17.4975,-3.57040813808684,-0.0854730659194392,-7.98875909388961
17.5,-3.49908572814189,-0.0803773731136506,-7.98875909388961
17.5025,-3.47870789672905,-0.0803773731136506,-8.09571460385685
17.505,-3.48889681243547,-0.0803773731136506,-8.0906214843346
17.5075,-3.453235607463,-0.0803773731136506,-8.09571460385685
17.51,-3.4073854867841,-0.0803773731136506,-0.10970319296954
17.5125,-3.41757440249052,-0.0803773731136506,-0.0995169539250416
17.515,-3.43795223390337,-0.0803773731136506,-0.0995169539250416
17.5175,-3.36662982395842,-0.0803773731136506,-0.0995169539250416
17.52,-3.356440908252,-0.0803773731136506,-7.92254854010037
17.5225,-3.33606307683915,-0.0803773731136506,-7.93782789866712
17.525,-3.34625199254558,-0.0803773731136506,-8.1109939624236
17.5275,-3.36153536610521,-0.0803773731136506,-8.12627332099035
17.53,-3.22907946192173,-0.0803773731136506,-8.61011967560406
17.5325,-3.19341825694926,-0.0803773731136506,-8.11608708194585
17.535,-3.18322934124284,-0.0803773731136506,-8.0906214843346
17.5375,-3.17304042553642,-0.0803773731136506,-8.08552836481235
17.54,-3.15266259412357,-0.0803773731136506,-8.07024900624561
17.5425,-3.14247367841715,-0.0803773731136506,-8.61011967560406
17.545,-3.13228476271073,-0.0803773731136506,-8.61521279512631
17.5475,-3.10681247344468,-0.0803773731136506,-8.55918848038156
17.55,-3.1170013891511,-0.0803773731136506,-8.04478340863436
17.5525,-3.10171801559147,-0.0854730659194392,-7.99385221341186
17.555,-3.09662355773826,-0.0803773731136506,-7.99894533293411
17.5575,-3.09662355773826,-0.0803773731136506,-8.13645956003485
17.56,-3.10171801559147,-0.075281680307862,-8.1517389186016
17.5625,-3.08134018417863,-0.0803773731136506,-7.95310725723387
17.565,-3.10171801559147,-0.0803773731136506,-7.93782789866712
17.5675,-3.10681247344468,-0.0803773731136506,-7.96838661580061
17.57,-3.16285150982999,-0.0803773731136506,-7.96329349627836
17.5725,-3.14756813627036,-0.0803773731136506,-7.96838661580061
17.575,-3.14247367841715,-0.0803773731136506,-7.96329349627836
17.5775,-3.13737922056394,-0.0803773731136506,-7.97347973532286
17.58,-3.15775705197678,-0.0803773731136506,-7.91236230105587
17.5825,-3.15775705197678,-0.0803773731136506,-7.96838661580061
17.585,-3.17304042553642,-0.0803773731136506,-7.91745542057812
17.5875,-3.19851271480247,-0.0803773731136506,-7.96838661580061
17.59,-3.259646209041,-0.0803773731136506,-7.92254854010037
17.5925,-3.29530741401347,-0.0803773731136506,-7.92254854010037
17.595,-3.27492958260063,-0.0803773731136506,-7.89198982296687
17.5975,-3.259646209041,-0.0803773731136506,-8.50316416563682
17.6,-3.259646209041,-0.0803773731136506,-8.55409536085931
17.6025,-3.259646209041,-0.0803773731136506,-8.54900224133706
17.605,-3.259646209041,-0.0803773731136506,-7.89198982296687
17.6075,-3.27492958260063,-0.0803773731136506,-7.88689670344462
17.61,-3.27492958260063,-0.0803773731136506,-8.41148801423633
17.6125,-3.28002404045384,-0.0803773731136506,-8.40639489471408
17.615,-3.28511849830705,-0.0803773731136506,-8.13645956003485
17.6175,-3.30040187186668,-0.0803773731136506,-8.1313664405126
17.62,-3.30549632971989,-0.0803773731136506,-7.89708294248912
17.6225,-3.31568524542631,-0.0803773731136506,-7.89708294248912
17.625,-3.32077970327952,-0.0803773731136506,-7.90217606201137
17.6275,-3.36662982395842,-0.0803773731136506,-7.89708294248912
17.63,-3.3105907875731,-0.0803773731136506,-7.90217606201137
17.6325,-3.31568524542631,-0.0803773731136506,-7.92254854010037
17.635,-3.29021295616026,-0.075281680307862,-8.02441093054536
17.6375,-3.29530741401347,-0.0803773731136506,-7.93273477914487
17.64,-3.30549632971989,-0.0803773731136506,-7.94292101818937
17.6425,-3.31568524542631,-0.0803773731136506,-7.94292101818937
17.645,-3.32077970327952,-0.0803773731136506,-7.95310725723387
17.6475,-3.32587416113273,-0.0803773731136506,-7.95820037675611
17.65,-3.33096861898594,-0.075281680307862,-7.94801413771162
17.6525,-3.33096861898594,-0.0803773731136506,-7.95820037675611
17.655,-3.36153536610521,-0.0803773731136506,-7.97857285484511
17.6575,-3.356440908252,-0.0803773731136506,-7.98366597436736
17.66,-3.37172428181163,-0.075281680307862,-7.97347973532286
17.6625,-3.45833006531621,-0.0803773731136506,-7.95820037675611
17.665,-3.40229102893089,-0.075281680307862,-7.95310725723387
17.6675,-3.38191319751805,-0.0803773731136506,-8.1109939624236
17.67,-3.42776331819694,-0.0803773731136506,-8.1008077233791
17.6725,-3.41757440249052,-0.0803773731136506,-8.1008077233791
17.675,-3.43795223390337,-0.0803773731136506,-0.12498255153629
17.6775,-3.46851898102263,-0.0803773731136506,-8.1619251576461
17.68,-3.47870789672905,-0.0803773731136506,-7.97857285484511
17.6825,-3.55512476452721,-0.0803773731136506,-8.17720451621285
17.685,-3.51946355955474,-0.0854730659194392,-8.1008077233791
17.6875,-3.53474693311437,-0.0803773731136506,-7.97857285484511
17.69,-3.58569151164647,-0.0803773731136506,-8.00403845245636
17.6925,-3.57040813808684,-0.0803773731136506,-7.98875909388961
17.695,-3.56531368023363,-0.0803773731136506,-8.19757699430184
17.6975,-3.60097488520611,-0.0803773731136506,-8.18739075525735
17.7,-3.58569151164647,-0.0803773731136506,-8.00403845245636
17.7025,-3.57550259594005,-0.0803773731136506,-7.97347973532286
17.705,-3.58569151164647,-0.0803773731136506,-8.1415526795571
17.7075,-3.60097488520611,-0.0803773731136506,-8.09571460385685
17.71,-3.64173054803179,-0.0803773731136506,-8.1415526795571
17.7125,-3.68248621085748,-0.0803773731136506,-8.01422469150086
17.715,-3.65701392159142,-0.0803773731136506,-8.0804352452901
17.7175,-3.70286404227032,-0.0803773731136506,-7.97857285484511
17.72,-3.67229729515105,-0.0803773731136506,-8.03459716958986
17.7225,-3.72833633153637,-0.0803773731136506,-8.06515588672336
17.725,-3.76399753650884,-0.0803773731136506,-8.00403845245636
17.7275,-3.70286404227032,-0.0803773731136506,-8.01422469150086
17.73,-3.73852524724279,-0.0803773731136506,-8.00913157197861
17.7325,-3.743619705096,-0.0803773731136506,-8.01422469150086
17.735,-3.74871416294921,-0.0803773731136506,-7.94801413771162
17.7375,-3.7894698257749,-0.0803773731136506,-7.94801413771162
17.74,-3.78437536792169,-0.0803773731136506,-7.98875909388961
17.7425,-3.73343078938958,-0.0803773731136506,-8.00913157197861
17.745,-3.77928091006848,-0.0803773731136506,-8.01422469150086
17.7475,-3.75380862080242,-0.075281680307862,-8.00913157197861
17.75,-3.75890307865563,-0.0803773731136506,-8.01422469150086
17.7525,-3.76399753650884,-0.0803773731136506,-7.97857285484511
17.755,-3.76399753650884,-0.0803773731136506,-8.03969028911211
17.7575,-3.79456428362811,-0.0803773731136506,-8.00913157197861
17.76,-3.79456428362811,-0.0803773731136506,-8.44204673136982
17.7625,-3.77418645221527,-0.0803773731136506,-8.43695361184757
17.765,-3.79456428362811,-0.0803773731136506,-7.97857285484511
17.7675,-3.80475319933453,-0.0803773731136506,-7.99894533293411
17.77,-3.78437536792169,-0.0803773731136506,-7.99894533293411
17.7725,-3.7894698257749,-0.0803773731136506,-8.0906214843346
17.775,-3.78437536792169,-0.0803773731136506,-8.0906214843346
17.7775,-3.80475319933453,-0.0803773731136506,-7.96329349627836
17.78,-3.77928091006848,-0.0803773731136506,-8.1109939624236
17.7825,-3.77928091006848,-0.0803773731136506,-8.0906214843346
17.785,-3.76909199436206,-0.075281680307862,-8.07024900624561
17.7875,-3.77418645221527,-0.0803773731136506,-8.07534212576785
17.79,-3.77418645221527,-0.0803773731136506,-8.07534212576785
17.7925,-3.77928091006848,-0.0803773731136506,-8.02950405006761
17.795,-3.77418645221527,-0.0803773731136506,-8.07534212576785
17.7975,-3.7894698257749,-0.0803773731136506,-8.08552836481235
17.8,-3.77928091006848,-0.0803773731136506,-8.1008077233791
17.8025,-3.76909199436206,-0.0803773731136506,-8.01422469150086
17.805,-3.73852524724279,-0.0803773731136506,-8.1008077233791
17.8075,-3.72833633153637,-0.0803773731136506,-8.0906214843346
17.81,-3.70286404227032,-0.0803773731136506,-8.04987652815661
17.8125,-3.6926751265639,-0.0803773731136506,-8.08552836481235
17.815,-3.68248621085748,-0.0803773731136506,-8.07534212576785
17.8175,-3.66720283729784,-0.0803773731136506,-8.1008077233791
17.82,-3.646825005885,-0.0803773731136506,-8.26888066761334
17.8225,-3.62135271661895,-0.0803773731136506,-8.04987652815661
17.825,-3.60606934305932,-0.0803773731136506,-8.00403845245636
17.8275,-3.61625825876574,-0.0803773731136506,-8.1517389186016
17.83,-3.57550259594005,-0.0803773731136506,-8.01931781102311
17.8325,-3.54493584882079,-0.0803773731136506,-7.98875909388961
17.835,-3.5041801859951,-0.0803773731136506,-7.97857285484511
17.8375,-3.51946355955474,-0.0803773731136506,-7.97857285484511
17.84,-3.48380235458226,-0.0803773731136506,-7.97347973532286
17.8425,-3.43795223390337,-0.0803773731136506,-7.99894533293411
17.845,-3.40229102893089,-0.0803773731136506,-8.10590084290135
17.8475,-3.36153536610521,-0.0803773731136506,-7.97857285484511
17.85,-3.33096861898594,-0.0803773731136506,-7.97347973532286
17.8525,-3.31568524542631,-0.0803773731136506,-7.98366597436736
17.855,-3.27492958260063,-0.0803773731136506,-8.09571460385685
17.8575,-3.23417391977494,-0.0803773731136506,-8.07534212576785
17.86,-3.22907946192173,-0.0803773731136506,-8.06515588672336
17.8625,-3.24945729333457,-0.0854730659194392,-8.07534212576785
17.865,-3.23926837762815,-0.0803773731136506,-0.10461007344729
17.8675,-3.20360717265568,-0.0803773731136506,-0.0995169539250416
17.87,-3.19851271480247,-0.0803773731136506,-0.0995169539250416
17.8725,-3.24945729333457,-0.0803773731136506,-8.01931781102311
17.875,-3.18322934124284,-0.0803773731136506,-8.06515588672336
17.8775,-3.18322934124284,-0.0803773731136506,-8.00913157197861
17.88,-3.18322934124284,-0.0803773731136506,-8.01931781102311
17.8825,-3.19341825694926,-0.0803773731136506,-8.16701827716835
17.885,-3.259646209041,-0.0803773731136506,-8.1415526795571
17.8875,-3.2137960883621,-0.0803773731136506,-8.39111553614733
17.89,-3.20870163050889,-0.0803773731136506,-8.1313664405126
17.8925,-3.20360717265568,-0.0803773731136506,-8.1211802014681
17.895,-3.16794596768321,-0.0803773731136506,-8.11608708194585
17.8975,-3.16285150982999,-0.0803773731136506,-8.1211802014681
17.9,-3.16794596768321,-0.0803773731136506,-8.35037057996933
17.9025,-3.18832379909605,-0.0803773731136506,-8.29434626522459
17.905,-3.15775705197678,-0.0803773731136506,-8.02950405006761
17.9075,-3.15266259412357,-0.0803773731136506,-8.02950405006761
17.91,-3.15266259412357,-0.0803773731136506,-8.01931781102311
17.9125,-3.14247367841715,-0.0803773731136506,-8.24850818952434
17.915,-3.13737922056394,-0.0803773731136506,-8.10590084290135
17.9175,-3.13737922056394,-0.0803773731136506,-8.22304259191309
17.92,-3.17304042553642,-0.0803773731136506,-8.10590084290135
17.9225,-3.12719030485752,-0.0803773731136506,-8.1313664405126
17.925,-3.13228476271073,-0.0803773731136506,-8.13645956003485
17.9275,-3.12719030485752,-0.0803773731136506,-8.00913157197861
17.93,-3.13737922056394,-0.0803773731136506,-8.02950405006761
17.9325,-3.12209584700431,-0.0803773731136506,-8.10590084290135
17.935,-3.15266259412357,-0.0803773731136506,-8.02950405006761
17.9375,-3.25455175118779,-0.0803773731136506,-8.13645956003485
17.94,-3.18322934124284,-0.0803773731136506,-8.13645956003485
17.9425,-3.19851271480247,-0.0803773731136506,-8.10590084290135
17.945,-3.20870163050889,-0.0803773731136506,-8.1109939624236
17.9475,-3.19851271480247,-0.0803773731136506,-7.99385221341186
17.95,-3.20870163050889,-0.0803773731136506,-7.99385221341186
17.9525,-3.23926837762815,-0.0803773731136506,-8.1008077233791
17.955,-3.27492958260063,-0.0803773731136506,-8.0906214843346
17.9575,-3.27492958260063,-0.0803773731136506,-8.05496964767886
17.96,-3.24436283548136,-0.0803773731136506,-8.01422469150086
17.9625,-3.259646209041,-0.0803773731136506,-8.07024900624561
17.965,-3.28511849830705,-0.0803773731136506,-7.99894533293411
17.9675,-3.26983512474742,-0.075281680307862,-8.00913157197861
17.97,-3.25455175118779,-0.0803773731136506,-8.07024900624561
17.9725,-3.259646209041,-0.0803773731136506,-8.13645956003485
17.975,-3.20360717265568,-0.0803773731136506,-8.01931781102311
17.9775,-3.24436283548136,-0.0803773731136506,-8.01422469150086
17.98,-3.20870163050889,-0.0803773731136506,-8.00913157197861
17.9825,-3.18322934124284,-0.0803773731136506,-8.15683203812385
17.985,-3.20870163050889,-0.0803773731136506,-8.1619251576461
17.9875,-3.20870163050889,-0.0803773731136506,-8.02950405006761
17.99,-3.17304042553642,-0.0803773731136506,-8.00403845245636
17.9925,-3.17813488338963,-0.0803773731136506,-7.98875909388961
17.995,-3.17304042553642,-0.0803773731136506,-8.01422469150086
17.9975,-3.17304042553642,-0.0803773731136506,-8.00913157197861
18,-3.16794596768321,-0.075281680307862,-8.01931781102311
18.0025,-3.17304042553642,-0.0803773731136506,-7.97857285484511
18.005,-3.17813488338963,-0.075281680307862,-7.97857285484511
18.0075,-3.16794596768321,-0.0803773731136506,-7.98366597436736
18.01,-3.14247367841715,-0.0803773731136506,-7.97857285484511
18.0125,-3.20870163050889,-0.075281680307862,-8.04478340863436
18.015,-3.23926837762815,-0.0803773731136506,-7.97857285484511
18.0175,-3.23926837762815,-0.0803773731136506,-7.98875909388961
18.02,-3.18322934124284,-0.075281680307862,-8.01422469150086
18.0225,-3.13737922056394,-0.0803773731136506,-8.04478340863436
18.025,-3.14247367841715,-0.0803773731136506,-8.02950405006761
18.0275,-3.08134018417863,-0.0803773731136506,-8.02950405006761
18.03,-3.07624572632541,-0.0803773731136506,-8.00913157197861
18.0325,-3.09152909988505,-0.0803773731136506,-8.00913157197861
18.035,-3.07624572632541,-0.0803773731136506,-8.06515588672336
18.0375,-3.08134018417863,-0.0803773731136506,-8.03459716958986
18.04,-3.07624572632541,-0.0854730659194392,-8.18229763573509
18.0425,-3.07624572632541,-0.0854730659194392,-8.05496964767886
18.045,-3.07624572632541,-0.0803773731136506,-8.01931781102311
18.0475,-3.06096235276578,-0.0803773731136506,-7.99894533293411
18.05,-3.06096235276578,-0.0803773731136506,-8.00913157197861
18.0525,-3.08134018417863,-0.0803773731136506,-8.02950405006761
18.055,-3.09152909988505,-0.0803773731136506,-7.95820037675611
18.0575,-3.0711512684722,-0.0803773731136506,-7.99385221341186
18.06,-3.07624572632541,-0.0803773731136506,-7.98875909388961
18.0625,-3.07624572632541,-0.0803773731136506,-8.02950405006761
18.065,-3.05077343705936,-0.0803773731136506,-7.94801413771162
18.0675,-3.05077343705936,-0.0803773731136506,-7.96329349627836
18.07,-3.05077343705936,-0.0854730659194392,-7.96838661580061
18.0725,-3.0711512684722,-0.0803773731136506,-7.97347973532286
18.075,-3.07624572632541,-0.0803773731136506,-8.01422469150086
18.0775,-3.0711512684722,-0.0803773731136506,-7.96329349627836
18.08,-0.0908934243440065,-0.0803773731136506,-7.99894533293411
18.0825,-0.0908934243440065,-0.0803773731136506,-7.99894533293411
18.085,-0.0959878821972175,-0.0803773731136506,-7.96329349627836
18.0875,-0.0908934243440065,-0.0854730659194392,-7.93273477914487
18.09,-0.0908934243440065,-0.0803773731136506,-7.97347973532286
18.0925,-0.0908934243440065,-0.0854730659194392,-7.97857285484511
18.095,-2.95397873784836,-0.0854730659194392,-7.99385221341186
18.0975,-2.95907319570157,-0.0803773731136506,-7.94292101818937
18.1,-2.96926211140799,-0.0803773731136506,-7.93273477914487
18.1025,-2.99473440067405,-0.0803773731136506,-7.93782789866712
18.105,-2.99473440067405,-0.0803773731136506,-7.93782789866712
18.1075,-2.98454548496762,-0.0803773731136506,-7.93782789866712
18.11,-3.04567897920615,-0.0803773731136506,-7.92764165962262
18.1125,-2.97945102711441,-0.0854730659194392,-7.96838661580061
18.115,-3.01001777423368,-0.0803773731136506,-7.95820037675611
18.1175,-2.97945102711441,-0.075281680307862,-7.94292101818937
18.12,-2.95397873784836,-0.0803773731136506,-8.09571460385685
18.1225,-2.95397873784836,-0.0803773731136506,-8.03459716958986
18.125,-2.93869536428873,-0.0803773731136506,-8.06006276720111
18.1275,-2.96926211140799,-0.0803773731136506,-7.96838661580061
18.13,-2.9234119907291,-0.0803773731136506,-7.97857285484511
18.1325,-2.93360090643552,-0.0803773731136506,-7.97857285484511
18.135,-2.94888427999515,-0.0803773731136506,-7.99385221341186
18.1375,-2.94378982214194,-0.075281680307862,-7.97347973532286
18.14,-2.94888427999515,-0.0803773731136506,-8.00913157197861
18.1425,-2.95397873784836,-0.0803773731136506,-7.98366597436736
18.145,-2.99473440067405,-0.0803773731136506,-8.01931781102311
18.1475,-3.01001777423368,-0.0803773731136506,-8.03969028911211
18.15,-2.98963994282083,-0.0803773731136506,-8.03969028911211
18.1525,-2.99982885852726,-0.0803773731136506,-8.04987652815661
18.155,-3.06096235276578,-0.0803773731136506,-8.02441093054536
18.1575,-3.04567897920615,-0.0803773731136506,-8.01931781102311
18.16,-3.06605681061899,-0.0803773731136506,-7.99894533293411
18.1625,-3.07624572632541,-0.0803773731136506,-8.04478340863436
18.165,-3.15266259412357,-0.0803773731136506,-7.98366597436736
18.1675,-3.15266259412357,-0.0803773731136506,-8.01931781102311
18.17,-3.13737922056394,-0.0803773731136506,-8.00403845245636
18.1725,-3.15266259412357,-0.0803773731136506,-8.02441093054536
18.175,-3.17304042553642,-0.0803773731136506,-8.02441093054536
18.1775,-3.20870163050889,-0.0803773731136506,-8.02950405006761
18.18,-3.23417391977494,-0.0803773731136506,-8.00403845245636
18.1825,-3.04567897920615,-0.0803773731136506,-8.1109939624236
18.185,-3.04058452135294,-0.075281680307862,-7.97347973532286
18.1875,-3.04058452135294,-0.0803773731136506,-8.04478340863436
18.19,-0.0959878821972175,-0.0803773731136506,-8.06006276720111
18.1925,-3.29530741401347,-0.0803773731136506,-8.06006276720111
18.195,-3.29530741401347,-0.075281680307862,-8.04478340863436
18.1975,-3.34115753469236,-0.0803773731136506,-8.04478340863436
18.2,-3.33096861898594,-0.0803773731136506,-8.06515588672336
18.2025,-3.34115753469236,-0.0803773731136506,-8.06006276720111
18.205,-3.41247994463731,-0.0803773731136506,-8.07024900624561
18.2075,-3.36153536610521,-0.0803773731136506,-8.01931781102311
18.21,-3.40229102893089,-0.0803773731136506,-8.04987652815661
18.2125,-3.44814114960979,-0.0803773731136506,-8.1211802014681
18.215,-3.38700765537126,-0.0803773731136506,-8.03459716958986
18.2175,-3.40229102893089,-0.0803773731136506,-8.03459716958986
18.22,-3.42266886034373,-0.0803773731136506,-8.02441093054536
18.2225,-3.46851898102263,-0.0803773731136506,-8.04987652815661
18.225,-3.45833006531621,-0.0803773731136506,-8.04478340863436
18.2275,-3.47870789672905,-0.0803773731136506,-8.02441093054536
18.23,-3.5041801859951,-0.0803773731136506,-8.05496964767886
18.2325,-3.52455801740795,-0.0803773731136506,-8.05496964767886
18.235,-3.550030306674,-0.0803773731136506,-8.06006276720111
18.2375,-3.60097488520611,-0.0803773731136506,-8.06515588672336
18.24,-3.60606934305932,-0.0803773731136506,-8.10590084290135
18.2425,-3.62135271661895,-0.0803773731136506,-8.0906214843346
18.245,-3.64173054803179,-0.0803773731136506,-8.10590084290135
18.2475,-3.65701392159142,-0.0803773731136506,-8.10590084290135
18.25,-3.64173054803179,-0.0803773731136506,-8.06515588672336
18.2525,-3.646825005885,-0.0803773731136506,-8.11608708194585
18.255,-3.65701392159142,-0.0803773731136506,-8.08552836481235
18.2575,-3.66720283729784,-0.0803773731136506,-8.08552836481235
18.26,-3.70795850012353,-0.075281680307862,-8.0804352452901
18.2625,-3.67739175300426,-0.0803773731136506,-8.10590084290135
18.265,-3.63663609017858,-0.0803773731136506,-8.1313664405126
18.2675,-3.66210837944463,-0.0803773731136506,-8.1211802014681
18.27,-3.66720283729784,-0.0803773731136506,-8.08552836481235
18.2725,-3.66210837944463,-0.0803773731136506,-8.03459716958986
18.275,-3.646825005885,-0.0803773731136506,-8.0906214843346
18.2775,-3.65701392159142,-0.0854730659194392,-8.12627332099035
18.28,-3.58569151164647,-0.0803773731136506,-8.05496964767886
18.2825,-3.52455801740795,-0.0803773731136506,-8.03969028911211
18.285,-3.51946355955474,-0.075281680307862,-8.06006276720111
18.2875,-3.54493584882079,-0.0803773731136506,-8.06006276720111
18.29,-3.54493584882079,-0.0803773731136506,-8.06006276720111
18.2925,-3.56021922238042,-0.0803773731136506,-8.03969028911211
18.295,-3.52965247526116,-0.0803773731136506,-8.0804352452901
18.2975,-3.550030306674,-0.0803773731136506,-8.07024900624561
18.3,-3.58059705379326,-0.0803773731136506,-8.03969028911211
18.3025,-3.57040813808684,-0.0803773731136506,-8.1008077233791
18.305,-3.60097488520611,-0.0803773731136506,-8.06006276720111
18.3075,-3.60097488520611,-0.0803773731136506,-8.02950405006761
18.31,-3.59588042735289,-0.0803773731136506,-8.04478340863436
18.3125,-0.0959878821972175,-0.0803773731136506,-8.04478340863436
18.315,-0.0959878821972175,-0.0803773731136506,-8.06006276720111
18.3175,-0.0959878821972175,-0.0803773731136506,-8.06006276720111
18.32,-3.37172428181163,-0.0803773731136506,-8.07534212576785
18.3225,-3.29021295616026,-0.0803773731136506,-8.07534212576785
18.325,-3.29530741401347,-0.0803773731136506,-8.03969028911211
18.3275,-3.3105907875731,-0.0854730659194392,-8.14664579907935
18.33,-3.33096861898594,-0.0803773731136506,-8.10590084290135
18.3325,-3.26983512474742,-0.0803773731136506,-8.1008077233791
18.335,-3.25455175118779,-0.075281680307862,-8.07024900624561
18.3375,-3.23417391977494,-0.0803773731136506,-8.07534212576785
18.34,-3.21889054621531,-0.0803773731136506,-8.14664579907935
18.3425,-3.19851271480247,-0.0803773731136506,-8.0906214843346
18.345,-3.17813488338963,-0.0803773731136506,-8.1313664405126
18.3475,-3.16794596768321,-0.0803773731136506,-8.0804352452901
18.35,-3.16794596768321,-0.0803773731136506,-8.12627332099035
18.3525,-3.2137960883621,-0.0803773731136506,-8.1313664405126
18.355,-3.13228476271073,-0.0803773731136506,-8.09571460385685
18.3575,-3.13228476271073,-0.0803773731136506,-8.10590084290135
18.36,-3.15775705197678,-0.075281680307862,-8.07534212576785
18.3625,-3.13737922056394,-0.0803773731136506,-8.07024900624561
18.365,-3.15775705197678,-0.0803773731136506,-8.1109939624236
18.3675,-3.18832379909605,-0.0803773731136506,-8.08552836481235
18.37,-3.11190693129789,-0.0803773731136506,-8.08552836481235
18.3725,-3.10171801559147,-0.0803773731136506,-8.10590084290135
18.375,-3.13228476271073,-0.0803773731136506,-8.07024900624561
18.3775,-3.12209584700431,-0.0854730659194392,-8.10590084290135
18.38,-3.12719030485752,-0.0803773731136506,-8.09571460385685
18.3825,-3.1170013891511,-0.0803773731136506,-8.1517389186016
18.385,-3.11190693129789,-0.075281680307862,-8.08552836481235
18.3875,-3.1170013891511,-0.0803773731136506,-8.1211802014681
18.39,-3.15775705197678,-0.0803773731136506,-8.14664579907935
18.3925,-3.16794596768321,-0.0803773731136506,-8.1211802014681
18.395,-3.13737922056394,-0.075281680307862,-8.08552836481235
18.3975,-3.22907946192173,-0.0803773731136506,-8.08552836481235
18.4,-3.24945729333457,-0.0803773731136506,-8.1109939624236
18.4025,-3.26474066689421,-0.075281680307862,-8.1415526795571
18.405,-3.17813488338963,-0.0803773731136506,-8.1211802014681
18.4075,-3.19341825694926,-0.0803773731136506,-8.09571460385685
18.41,-3.21889054621531,-0.0803773731136506,-8.1008077233791
18.4125,-3.19341825694926,-0.0803773731136506,-8.09571460385685
18.415,-3.2137960883621,-0.0803773731136506,-8.07024900624561
18.4175,-3.18832379909605,-0.0803773731136506,-8.08552836481235
18.42,-3.19851271480247,-0.0803773731136506,-8.09571460385685
18.4225,-3.20360717265568,-0.0803773731136506,-8.0906214843346
18.425,-3.19851271480247,-0.0854730659194392,-8.0906214843346
18.4275,-3.21889054621531,-0.0854730659194392,-8.0804352452901
18.43,-3.22398500406852,-0.0803773731136506,-8.0804352452901
18.4325,-3.26474066689421,-0.0803773731136506,-8.09571460385685
18.435,-3.25455175118779,-0.0803773731136506,-8.0906214843346
18.4375,-3.24945729333457,-0.0803773731136506,-8.1109939624236
18.44,-3.26983512474742,-0.0803773731136506,-8.20776323334634
18.4425,-3.26983512474742,-0.0803773731136506,-8.10590084290135
18.445,-3.26474066689421,-0.0803773731136506,-8.1008077233791
18.4475,-3.259646209041,-0.0803773731136506,-8.12627332099035
18.45,-3.25455175118779,-0.0803773731136506,-8.1415526795571
18.4525,-3.24945729333457,-0.0803773731136506,-8.1415526795571
18.455,-3.25455175118779,-0.0803773731136506,-8.23322883095759
18.4575,-3.259646209041,-0.0803773731136506,-8.22304259191309
18.46,-3.25455175118779,-0.0803773731136506,-8.1415526795571
18.4625,-3.24945729333457,-0.0803773731136506,-8.22304259191309
18.465,-3.25455175118779,-0.0803773731136506,-8.1721113966906
18.4675,-3.259646209041,-0.0803773731136506,-8.20267011382409
18.47,-3.23417391977494,-0.0803773731136506,-8.21794947239084
18.4725,-3.23417391977494,-0.0803773731136506,-8.1619251576461
18.475,-3.25455175118779,-0.0803773731136506,-8.15683203812385
18.4775,-3.21889054621531,-0.0803773731136506,-8.1313664405126
18.48,-3.21889054621531,-0.0803773731136506,-8.28925314570234
18.4825,-3.27492958260063,-0.0803773731136506,-8.19757699430184
18.485,-3.20870163050889,-0.075281680307862,-8.15683203812385
18.4875,-3.23417391977494,-0.0803773731136506,-8.14664579907935
18.49,-3.20870163050889,-0.0803773731136506,-8.19757699430184
18.4925,-3.18322934124284,-0.0803773731136506,-8.18229763573509
18.495,-3.20870163050889,-0.0803773731136506,-8.1313664405126
18.4975,-3.16285150982999,-0.0803773731136506,-8.12627332099035
18.5,-3.17304042553642,-0.0803773731136506,-8.18229763573509
18.5025,-3.17304042553642,-0.0803773731136506,-8.22813571143534
18.505,-3.2137960883621,-0.0803773731136506,-8.22304259191309
18.5075,-3.18322934124284,-0.0803773731136506,-8.0804352452901
18.51,-3.15266259412357,-0.0803773731136506,-8.0804352452901
18.5125,-3.17813488338963,-0.0803773731136506,-8.0804352452901
18.515,-3.17304042553642,-0.075281680307862,-8.0906214843346
18.5175,-3.15266259412357,-0.0803773731136506,-8.0804352452901
18.52,-3.2137960883621,-0.075281680307862,-8.09571460385685
18.5225,-3.20870163050889,-0.0803773731136506,-8.1517389186016
18.525,-3.18832379909605,-0.0803773731136506,-8.1619251576461
18.5275,-3.19341825694926,-0.0803773731136506,-8.15683203812385
18.53,-3.24945729333457,-0.0803773731136506,-8.1415526795571
18.5325,-3.15775705197678,-0.0803773731136506,-8.13645956003485
18.535,-3.2137960883621,-0.0803773731136506,-8.1008077233791
18.5375,-3.20360717265568,-0.0803773731136506,-8.0804352452901
18.54,-3.17304042553642,-0.0803773731136506,-8.07534212576785
18.5425,-3.19851271480247,-0.0803773731136506,-8.19757699430184
18.545,-3.17813488338963,-0.075281680307862,-8.1109939624236
18.5475,-3.19341825694926,-0.0803773731136506,-8.1313664405126
18.55,-3.19341825694926,-0.0803773731136506,-8.10590084290135
18.5525,-3.17813488338963,-0.0803773731136506,-8.20267011382409
18.555,-3.15775705197678,-0.0803773731136506,-8.1415526795571
18.5575,-3.15775705197678,-0.0803773731136506,-8.1211802014681
18.56,-3.14756813627036,-0.0803773731136506,-8.14664579907935
18.5625,-3.16794596768321,-0.0803773731136506,-8.10590084290135
18.565,-3.17304042553642,-0.0803773731136506,-8.1415526795571
18.5675,-3.17813488338963,-0.0803773731136506,-8.13645956003485
18.57,-3.17304042553642,-0.0803773731136506,-8.12627332099035
18.5725,-3.19851271480247,-0.0803773731136506,-8.11608708194585
18.575,-3.18322934124284,-0.0803773731136506,-8.11608708194585
18.5775,-3.19341825694926,-0.0803773731136506,-8.11608708194585
18.58,-3.19851271480247,-0.0803773731136506,-8.1109939624236
18.5825,-3.22398500406852,-0.0803773731136506,-8.1211802014681
18.585,-3.29021295616026,-0.0803773731136506,-8.1109939624236
18.5875,-3.23926837762815,-0.0803773731136506,-8.12627332099035
18.59,-3.23926837762815,-0.0803773731136506,-8.0906214843346
18.5925,-3.22398500406852,-0.0803773731136506,-8.10590084290135
18.595,-3.31568524542631,-0.0803773731136506,-8.18739075525735
18.5975,-3.32077970327952,-0.0803773731136506,-8.11608708194585
18.6,-3.32077970327952,-0.0803773731136506,-8.16701827716835
18.6025,-3.259646209041,-0.0803773731136506,-8.11608708194585
18.605,-3.33096861898594,-0.0803773731136506,-8.1619251576461
18.6075,-3.33096861898594,-0.0803773731136506,-8.15683203812385
18.61,-3.33606307683915,-0.0803773731136506,-8.14664579907935
18.6125,-3.34115753469236,-0.0803773731136506,-8.1109939624236
18.615,-3.36662982395842,-0.0803773731136506,-8.20267011382409
18.6175,-3.34115753469236,-0.0803773731136506,-8.1415526795571
18.62,-3.34625199254558,-0.0803773731136506,-8.1619251576461
18.6225,-3.39719657107768,-0.0803773731136506,-8.15683203812385
18.625,-3.38191319751805,-0.0803773731136506,-8.1211802014681
18.6275,-3.37172428181163,-0.0803773731136506,-8.1517389186016
18.63,-3.35134645039879,-0.0803773731136506,-8.1415526795571
18.6325,-3.38191319751805,-0.0803773731136506,-8.12627332099035
18.635,-3.36662982395842,-0.0803773731136506,-8.1109939624236
18.6375,-3.39719657107768,-0.0803773731136506,-8.1211802014681
18.64,-3.41757440249052,-0.0803773731136506,-8.1415526795571
18.6425,-3.4073854867841,-0.0803773731136506,-8.10590084290135
18.645,-3.40229102893089,-0.0803773731136506,-8.1211802014681
18.6475,-3.40229102893089,-0.0803773731136506,-8.1211802014681
18.65,-3.40229102893089,-0.0803773731136506,-8.11608708194585
18.6525,-3.40229102893089,-0.0803773731136506,-8.1109939624236
18.655,-3.39719657107768,-0.0803773731136506,-8.1109939624236
18.6575,-3.39719657107768,-0.0803773731136506,-8.10590084290135
18.66,-3.41757440249052,-0.0803773731136506,-8.1109939624236
18.6625,-3.41757440249052,-0.0803773731136506,-8.10590084290135
18.665,-3.41757440249052,-0.0803773731136506,-8.11608708194585
18.6675,-3.39210211322447,-0.0803773731136506,-8.1109939624236
18.67,-3.38700765537126,-0.0803773731136506,-8.1211802014681
18.6725,-3.41757440249052,-0.0803773731136506,-8.12627332099035
18.675,-3.41247994463731,-0.0803773731136506,-8.1313664405126
18.6775,-3.39719657107768,-0.0803773731136506,-8.1415526795571
18.68,-3.39719657107768,-0.0854730659194392,-8.13645956003485
18.6825,-3.40229102893089,-0.0803773731136506,-8.1415526795571
18.685,-3.40229102893089,-0.0803773731136506,-8.13645956003485
18.6875,-3.39719657107768,-0.075281680307862,-8.18229763573509
18.69,-3.39719657107768,-0.0803773731136506,-8.16701827716835
18.6925,-3.37172428181163,-0.0803773731136506,-8.1415526795571
18.695,-3.40229102893089,-0.0803773731136506,-8.14664579907935
18.6975,-3.40229102893089,-0.0803773731136506,-8.1517389186016
18.7,-3.39719657107768,-0.0803773731136506,-8.1517389186016
18.7025,-3.40229102893089,-0.075281680307862,-8.14664579907935
18.705,-3.42266886034373,-0.075281680307862,-8.1721113966906
18.7075,-3.42776331819694,-0.0803773731136506,-8.1211802014681
18.71,-3.42266886034373,-0.0854730659194392,-8.17720451621285
18.7125,-3.42266886034373,-0.0803773731136506,-8.16701827716835
18.715,-3.41757440249052,-0.0803773731136506,-8.1721113966906
18.7175,-3.44304669175658,-0.0803773731136506,-8.1517389186016
18.72,-3.44304669175658,-0.0803773731136506,-8.1721113966906
18.7225,-3.453235607463,-0.0854730659194392,-8.21794947239084
18.725,-3.42776331819694,-0.0803773731136506,-8.21794947239084
18.7275,-3.45833006531621,-0.0803773731136506,-8.1517389186016
18.73,-3.44304669175658,-0.0803773731136506,-8.23322883095759
18.7325,-3.42776331819694,-0.075281680307862,-8.22813571143534
18.735,-3.42776331819694,-0.0803773731136506,-8.1619251576461
18.7375,-3.44304669175658,-0.0803773731136506,-8.16701827716835
18.74,-3.453235607463,-0.0803773731136506,-8.16701827716835
18.7425,-3.42266886034373,-0.0803773731136506,-8.20267011382409
18.745,-3.42266886034373,-0.0803773731136506,-8.18229763573509
18.7475,-3.42266886034373,-0.0803773731136506,-8.18739075525735
18.75,-3.43285777605016,-0.0803773731136506,-8.23322883095759
18.7525,-3.44304669175658,-0.0803773731136506,-8.18229763573509
18.755,-3.43285777605016,-0.075281680307862,-8.23832195047984
18.7575,-3.43285777605016,-0.0803773731136506,-8.17720451621285
18.76,-3.46342452316942,-0.0803773731136506,-8.18229763573509
18.7625,-3.43285777605016,-0.075281680307862,-8.17720451621285
18.765,-3.42776331819694,-0.075281680307862,-8.19757699430184
18.7675,-3.42776331819694,-0.0803773731136506,-8.15683203812385
18.77,-3.42266886034373,-0.0803773731136506,-8.27397378713559
18.7725,-3.41757440249052,-0.0803773731136506,-8.24850818952434
18.775,-3.41757440249052,-0.0803773731136506,-8.23322883095759
18.7775,-3.44814114960979,-0.0803773731136506,-8.1517389186016
18.78,-3.42776331819694,-0.0803773731136506,-8.1517389186016
18.7825,-3.39210211322447,-0.075281680307862,-8.19248387477959
18.785,-3.356440908252,-0.075281680307862,-8.20776323334634
18.7875,-3.37172428181163,-0.0803773731136506,-8.20776323334634
18.79,-3.356440908252,-0.075281680307862,-8.21285635286859
18.7925,-3.33096861898594,-0.0803773731136506,-8.26378754809109
18.795,-3.32077970327952,-0.075281680307862,-8.22304259191309
18.7975,-3.31568524542631,-0.0803773731136506,-8.20267011382409
18.8,-3.31568524542631,-0.0803773731136506,-8.25360130904659
18.8025,-3.30549632971989,-0.0803773731136506,-8.18229763573509
18.805,-3.32077970327952,-0.0803773731136506,-8.21285635286859
18.8075,-3.3105907875731,-0.0803773731136506,-8.16701827716835
18.81,-3.30040187186668,-0.0803773731136506,-8.1721113966906
18.8125,-3.34115753469236,-0.0803773731136506,-8.1619251576461
18.815,-3.3105907875731,-0.0803773731136506,-8.19248387477959
18.8175,-3.30040187186668,-0.0803773731136506,-8.20776323334634
18.82,-3.29530741401347,-0.0803773731136506,-8.22304259191309
18.8225,-3.28511849830705,-0.0803773731136506,-8.21285635286859
18.825,-3.28511849830705,-0.0854730659194392,-8.1619251576461
18.8275,-3.29530741401347,-0.0803773731136506,-8.1619251576461
18.83,-3.29530741401347,-0.0803773731136506,-8.26378754809109
18.8325,-3.28002404045384,-0.0803773731136506,-8.17720451621285
18.835,-3.259646209041,-0.0803773731136506,-8.22304259191309
18.8375,-3.27492958260063,-0.0803773731136506,-8.18229763573509
18.84,-3.24945729333457,-0.0803773731136506,-8.18229763573509
18.8425,-3.259646209041,-0.0803773731136506,-8.19248387477959
18.845,-3.259646209041,-0.0803773731136506,-8.18229763573509
18.8475,-3.16285150982999,-0.0803773731136506,-8.19248387477959
18.85,-3.15775705197678,-0.0803773731136506,-8.18739075525735
18.8525,-3.1170013891511,-0.0803773731136506,-8.20267011382409
18.855,-3.12719030485752,-0.0803773731136506,-8.20267011382409
18.8575,-3.1170013891511,-0.0803773731136506,-8.20776323334634
18.86,-3.11190693129789,-0.0803773731136506,-8.20776323334634
18.8625,-3.10171801559147,-0.0803773731136506,-8.21285635286859
18.865,-3.09152909988505,-0.0803773731136506,-8.18739075525735
18.8675,-3.09152909988505,-0.0803773731136506,-8.22304259191309
18.87,-3.07624572632541,-0.0803773731136506,-8.22813571143534
18.8725,-3.04567897920615,-0.0803773731136506,-8.19248387477959
18.875,-3.04058452135294,-0.0803773731136506,-8.20776323334634
18.8775,-3.03549006349973,-0.0803773731136506,-8.19757699430184
18.88,-3.05586789491257,-0.0803773731136506,-8.20776323334634
18.8825,-3.05077343705936,-0.075281680307862,-8.26378754809109
18.885,-3.05586789491257,-0.0803773731136506,-8.22304259191309
18.8875,-3.10171801559147,-0.0803773731136506,-8.26888066761334
18.89,-3.07624572632541,-0.075281680307862,-8.26888066761334
18.8925,-3.09662355773826,-0.0803773731136506,-8.24850818952434
18.895,-3.09152909988505,-0.0803773731136506,-8.23832195047984
18.8975,-3.1170013891511,-0.0803773731136506,-8.24341507000209
18.9,-3.09662355773826,-0.0803773731136506,-8.21285635286859
18.9025,-3.15775705197678,-0.0803773731136506,-8.22304259191309
18.905,-3.0711512684722,-0.0803773731136506,-8.23322883095759
18.9075,-3.09662355773826,-0.0803773731136506,-8.23322883095759
18.91,-3.09152909988505,-0.075281680307862,-8.21794947239084
18.9125,-3.08134018417863,-0.0803773731136506,-8.25869442856884
18.915,-3.08134018417863,-0.0803773731136506,-8.23322883095759
18.9175,-3.07624572632541,-0.0803773731136506,-8.21285635286859
18.92,-3.15775705197678,-0.0803773731136506,-8.21794947239084
18.9225,-3.16285150982999,-0.0803773731136506,-8.20776323334634
18.925,-3.23417391977494,-0.0803773731136506,-8.27906690665784
18.9275,-3.2137960883621,-0.0803773731136506,-8.22304259191309
18.93,-3.23926837762815,-0.0803773731136506,-8.23832195047984
18.9325,-3.24436283548136,-0.0803773731136506,-8.23322883095759
18.935,-3.33606307683915,-0.075281680307862,-8.41658113375857
18.9375,-3.28002404045384,-0.0803773731136506,-8.20776323334634
18.94,-3.28511849830705,-0.075281680307862,-8.20776323334634
18.9425,-3.33606307683915,-0.0803773731136506,-8.20776323334634
18.945,-3.32077970327952,-0.0803773731136506,-8.21285635286859
18.9475,-3.36153536610521,-0.075281680307862,-8.24341507000209
18.95,-3.32587416113273,-0.0803773731136506,-8.24341507000209
18.9525,-3.33096861898594,-0.0803773731136506,-8.28925314570234
18.955,-3.3105907875731,-0.0803773731136506,-8.25869442856884
18.9575,-3.34115753469236,-0.075281680307862,-8.20776323334634
18.96,-3.33096861898594,-0.0803773731136506,-8.22304259191309
18.9625,-3.33096861898594,-0.0803773731136506,-8.25869442856884
18.965,-3.40229102893089,-0.0803773731136506,-8.24850818952434
18.9675,-3.36153536610521,-0.0803773731136506,-8.21285635286859
18.97,-3.36662982395842,-0.0803773731136506,-8.20776323334634
18.9725,-3.37681873966484,-0.0803773731136506,-8.20776323334634
18.975,-3.38700765537126,-0.0803773731136506,-8.24850818952434
18.9775,-3.39719657107768,-0.0803773731136506,-8.28416002618009
18.98,-3.41247994463731,-0.0803773731136506,-8.26888066761334
18.9825,-3.49399127028868,-0.075281680307862,-8.18229763573509
18.985,-3.44814114960979,-0.0803773731136506,-8.18739075525735
18.9875,-3.42776331819694,-0.0803773731136506,-8.18229763573509
18.99,-3.45833006531621,-0.075281680307862,-8.17720451621285
18.9925,-3.49399127028868,-0.0803773731136506,-8.1721113966906
18.995,-3.48380235458226,-0.0803773731136506,-8.1619251576461
18.9975,-3.48889681243547,-0.0803773731136506,-8.16701827716835
19,-3.42776331819694,-0.0803773731136506,-8.1619251576461
19.0025,-3.42266886034373,-0.075281680307862,-8.1619251576461
19.005,-3.38191319751805,-0.0803773731136506,-8.17720451621285
19.0075,-3.50927464384831,-0.0854730659194392,-8.1619251576461
19.01,-3.42266886034373,-0.0803773731136506,-8.1415526795571
19.0125,-3.43795223390337,-0.0803773731136506,-8.1619251576461
19.015,-3.39719657107768,-0.0803773731136506,-8.18229763573509
19.0175,-3.39210211322447,-0.0803773731136506,-8.18229763573509
19.02,-3.453235607463,-0.0803773731136506,-8.18739075525735
19.0225,-3.453235607463,-0.0803773731136506,-8.1211802014681
19.025,-3.41757440249052,-0.0803773731136506,-8.1313664405126
19.0275,-3.42266886034373,-0.0803773731136506,-8.12627332099035
19.03,-3.42266886034373,-0.0803773731136506,-8.26888066761334
19.0325,-3.42266886034373,-0.0803773731136506,-8.17720451621285
19.035,-0.0908934243440065,-0.0803773731136506,-8.15683203812385
19.0375,-3.48889681243547,-0.0803773731136506,-8.22813571143534
19.04,-3.49908572814189,-0.075281680307862,-8.1721113966906
19.0425,-3.48889681243547,-0.0803773731136506,-8.18739075525735
19.045,-3.51946355955474,-0.0803773731136506,-8.18229763573509
19.0475,-3.57550259594005,-0.0803773731136506,-8.1415526795571
19.05,-3.53474693311437,-0.075281680307862,-8.14664579907935
19.0525,-3.5041801859951,-0.0803773731136506,-8.18229763573509
19.055,-3.59588042735289,-0.0803773731136506,-8.16701827716835
19.0575,-3.49908572814189,-0.0854730659194392,-8.18229763573509
19.06,-3.48380235458226,-0.0803773731136506,-8.18229763573509
19.0625,-3.53474693311437,-0.0803773731136506,-8.1619251576461
19.065,-3.48889681243547,-0.075281680307862,-8.12627332099035
19.0675,-3.48380235458226,-0.0803773731136506,-8.1313664405126
19.07,-3.48380235458226,-0.0803773731136506,-8.12627332099035
19.0725,-0.0908934243440065,-0.0854730659194392,-8.1415526795571
19.075,-0.0908934243440065,-0.0803773731136506,-8.14664579907935
19.0775,-3.26983512474742,-0.0803773731136506,-8.13645956003485
19.08,-3.24436283548136,-0.0803773731136506,-0.10461007344729
19.0825,-3.24436283548136,-0.075281680307862,-8.12627332099035
19.085,-3.24436283548136,-0.0803773731136506,-8.13645956003485
19.0875,-3.4073854867841,-0.0803773731136506,-8.12627332099035
19.09,-3.40229102893089,-0.0803773731136506,-0.10461007344729
19.0925,-3.34625199254558,-0.0854730659194392,-0.10461007344729
19.095,-3.34625199254558,-0.0803773731136506,-8.1517389186016
19.0975,-3.44304669175658,-0.0803773731136506,-8.1211802014681
19.1,-3.43795223390337,-0.0803773731136506,-8.23832195047984
19.1025,-3.43795223390337,-0.0803773731136506,-8.1211802014681
19.105,-3.46342452316942,-0.0803773731136506,-8.1517389186016
19.1075,-3.43285777605016,-0.0803773731136506,-8.15683203812385
19.11,-3.46342452316942,-0.0803773731136506,-8.1517389186016
19.1125,-3.45833006531621,-0.0803773731136506,-8.23322883095759
19.115,-3.61625825876574,-0.0803773731136506,-8.0906214843346
19.1175,-3.47870789672905,-0.0803773731136506,-8.26888066761334
19.12,-3.50927464384831,-0.0854730659194392,-8.1415526795571
19.1225,-3.50927464384831,-0.075281680307862,-8.1415526795571
19.125,-3.50927464384831,-0.0803773731136506,-8.1313664405126
19.1275,-3.54493584882079,-0.0803773731136506,-8.12627332099035
19.13,-3.550030306674,-0.0803773731136506,-8.10590084290135
19.1325,-3.51946355955474,-0.0803773731136506,-8.1109939624236
19.135,-3.55512476452721,-0.0803773731136506,-8.11608708194585
19.1375,-3.58059705379326,-0.0803773731136506,-8.1109939624236
19.14,-3.58059705379326,-0.075281680307862,-8.1109939624236
19.1425,-3.60606934305932,-0.0803773731136506,-8.1008077233791
19.145,-3.62644717447216,-0.0854730659194392,-8.11608708194585
19.1475,-3.57550259594005,-0.075281680307862,-8.1109939624236
19.15,-3.60606934305932,-0.0803773731136506,-8.1415526795571
19.1525,-3.61116380091253,-0.0803773731136506,-8.13645956003485
19.155,-3.61116380091253,-0.0803773731136506,-8.16701827716835
19.1575,-3.61116380091253,-0.0803773731136506,-8.19757699430184
19.16,-3.61625825876574,-0.0803773731136506,-8.1008077233791
19.1625,-3.61116380091253,-0.0803773731136506,-8.13645956003485
19.165,-3.60606934305932,-0.075281680307862,-8.18229763573509
19.1675,-3.63154163232537,-0.0803773731136506,-8.1517389186016
19.17,-3.646825005885,-0.075281680307862,-8.14664579907935
19.1725,-3.646825005885,-0.0803773731136506,-8.14664579907935
19.175,-3.646825005885,-0.0803773731136506,-8.18229763573509
19.1775,-3.646825005885,-0.0803773731136506,-8.1211802014681
19.18,-3.62135271661895,-0.0803773731136506,-8.1211802014681
19.1825,-3.62135271661895,-0.075281680307862,-8.1008077233791
19.185,-3.646825005885,-0.0803773731136506,-8.16701827716835
19.1875,-3.67229729515105,-0.0803773731136506,-8.16701827716835
19.19,-3.60606934305932,-0.0854730659194392,-8.15683203812385
19.1925,-3.61116380091253,-0.0803773731136506,-8.0804352452901
19.195,-3.54493584882079,-0.075281680307862,-8.0906214843346
19.1975,-3.53984139096758,-0.075281680307862,-8.08552836481235
19.2,-3.57040813808684,-0.0854730659194392,-8.08552836481235
19.2025,-3.59588042735289,-0.0803773731136506,-8.0804352452901
19.205,-3.61625825876574,-0.0803773731136506,-8.0804352452901
19.2075,-3.49908572814189,-0.0803773731136506,-8.07024900624561
19.21,-3.47870789672905,-0.0803773731136506,-8.07024900624561
19.2125,-3.46342452316942,-0.0803773731136506,-8.07534212576785
19.215,-3.45833006531621,-0.0803773731136506,-8.08552836481235
19.2175,-3.48380235458226,-0.0803773731136506,-8.1517389186016
19.22,-3.43285777605016,-0.0854730659194392,-8.06006276720111
19.2225,-3.39210211322447,-0.0803773731136506,-8.09571460385685
19.225,-3.40229102893089,-0.0803773731136506,-8.09571460385685
19.2275,-3.39719657107768,-0.0803773731136506,-8.0804352452901
19.23,-3.38191319751805,-0.0803773731136506,-8.08552836481235
19.2325,-3.33606307683915,-0.0803773731136506,-8.06006276720111
19.235,-3.34625199254558,-0.0803773731136506,-8.03969028911211
19.2375,-3.26983512474742,-0.0803773731136506,-8.02441093054536
19.24,-3.29021295616026,-0.0803773731136506,-8.02441093054536
19.2425,-3.30040187186668,-0.0803773731136506,-8.01931781102311
19.245,-3.21889054621531,-0.0803773731136506,-8.01931781102311
19.2475,-3.17813488338963,-0.0803773731136506,-8.03969028911211
19.25,-3.17304042553642,-0.0854730659194392,-8.04478340863436
19.2525,-3.16285150982999,-0.0803773731136506,-7.98366597436736
19.255,-3.10681247344468,-0.0803773731136506,-7.99385221341186
19.2575,-3.09662355773826,-0.0803773731136506,-7.97347973532286
19.26,-3.08643464203184,-0.075281680307862,-7.97857285484511
19.2625,-3.09662355773826,-0.0803773731136506,-8.1721113966906
19.265,-3.08643464203184,-0.0803773731136506,-8.20776323334634
19.2675,-3.10171801559147,-0.0803773731136506,-8.1109939624236
19.27,-3.08134018417863,-0.0803773731136506,-8.10590084290135
19.2725,-3.08134018417863,-0.0803773731136506,-8.13645956003485
19.275,-3.05586789491257,-0.075281680307862,-8.06006276720111
19.2775,-3.10681247344468,-0.0803773731136506,-8.00913157197861
19.28,-3.10171801559147,-0.0803773731136506,-8.1109939624236
19.2825,-3.06605681061899,-0.0803773731136506,-8.01931781102311
19.285,-2.9234119907291,-0.0803773731136506,-7.99385221341186
19.2875,-2.9234119907291,-0.0803773731136506,-7.99385221341186
19.29,-2.91831753287589,-0.0803773731136506,-8.02950405006761
19.2925,-2.90812861716946,-0.0803773731136506,-8.00403845245636
19.295,-2.85208958078415,-0.0803773731136506,-8.03459716958986
19.2975,-2.87246741219699,-0.0803773731136506,-8.02950405006761
19.3,-2.83680620722452,-0.0803773731136506,-7.98875909388961
19.3025,-2.89793970146304,-0.0803773731136506,-8.1517389186016
19.305,-2.89793970146304,-0.0803773731136506,-8.03459716958986
19.3075,-2.86737295434378,-0.0803773731136506,-8.02441093054536
19.31,-2.87246741219699,-0.0803773731136506,-7.96329349627836
19.3125,-2.90303415931625,-0.0803773731136506,-7.98875909388961
19.315,-2.90812861716946,-0.0854730659194392,-7.99894533293411
19.3175,-2.91322307502268,-0.0803773731136506,-7.96838661580061
19.32,-2.92850644858231,-0.0803773731136506,-7.97857285484511
19.3225,-2.94378982214194,-0.0803773731136506,-8.02441093054536
19.325,-2.94378982214194,-0.0803773731136506,-7.98875909388961
19.3275,-2.93869536428873,-0.0803773731136506,-7.94292101818937
19.33,-0.0959878821972175,-0.0803773731136506,-7.96329349627836
19.3325,-0.0959878821972175,-0.0803773731136506,-8.00403845245636
19.335,-0.0959878821972175,-0.0803773731136506,-7.97347973532286
19.3375,-0.0908934243440065,-0.0803773731136506,-7.99894533293411
19.34,-3.38191319751805,-0.0803773731136506,-7.96838661580061
19.3425,-3.38191319751805,-0.0803773731136506,-8.00403845245636
19.345,-3.36153536610521,-0.0803773731136506,-7.97857285484511
19.3475,-3.36662982395842,-0.0803773731136506,-7.92764165962262
19.35,-3.36662982395842,-0.0803773731136506,-7.95310725723387
19.3525,-3.36662982395842,-0.0803773731136506,-7.94292101818937
19.355,-3.40229102893089,-0.0803773731136506,-7.93782789866712
19.3575,-3.42776331819694,-0.0803773731136506,-8.00913157197861
19.36,-3.39719657107768,-0.0803773731136506,-7.95310725723387
19.3625,-3.39719657107768,-0.0803773731136506,-7.93273477914487
19.365,-3.42266886034373,-0.0803773731136506,-7.93782789866712
19.3675,-3.38191319751805,-0.0803773731136506,-7.92254854010037
19.37,-3.4073854867841,-0.0803773731136506,-7.92764165962262
19.3725,-3.40229102893089,-0.0803773731136506,-8.06515588672336
19.375,-3.38700765537126,-0.075281680307862,-8.10590084290135
19.3775,-3.41757440249052,-0.0803773731136506,-7.91236230105587
19.38,-3.41757440249052,-0.0803773731136506,-7.90726918153362
19.3825,-3.39719657107768,-0.0803773731136506,-8.01931781102311
19.385,-3.4073854867841,-0.0803773731136506,-8.1313664405126
19.3875,-3.39719657107768,-0.0803773731136506,-8.02950405006761
19.39,-3.45833006531621,-0.0803773731136506,-8.04478340863436
19.3925,-3.45833006531621,-0.0803773731136506,-7.92254854010037
19.395,-3.40229102893089,-0.0803773731136506,-7.91745542057812
19.3975,-3.4073854867841,-0.0803773731136506,-7.96329349627836
19.4,-3.40229102893089,-0.0803773731136506,-7.93273477914487
19.4025,-3.41757440249052,-0.0803773731136506,-7.94292101818937
19.405,-3.41757440249052,-0.0803773731136506,-7.94801413771162
19.4075,-3.39210211322447,-0.0803773731136506,-7.96329349627836
19.41,-3.4073854867841,-0.0803773731136506,-7.97347973532286
19.4125,-3.44304669175658,-0.0803773731136506,-7.92764165962262
19.415,-3.44304669175658,-0.0803773731136506,-7.93782789866712
19.4175,-3.42266886034373,-0.0803773731136506,-7.92254854010037
19.42,-3.42266886034373,-0.0803773731136506,-7.93782789866712
19.4225,-3.41247994463731,-0.0803773731136506,-7.94292101818937
19.425,-3.42776331819694,-0.075281680307862,-7.96329349627836
19.4275,-3.40229102893089,-0.0803773731136506,-7.93782789866712
19.43,-3.40229102893089,-0.0803773731136506,-7.93273477914487
19.4325,-3.40229102893089,-0.0803773731136506,-7.94801413771162
19.435,-3.39719657107768,-0.075281680307862,-7.93782789866712
19.4375,-3.42266886034373,-0.0803773731136506,-7.91236230105587
19.44,-3.42266886034373,-0.0803773731136506,-7.93273477914487
19.4425,-3.42266886034373,-0.0803773731136506,-7.97857285484511
19.445,-3.4073854867841,-0.0803773731136506,-7.89708294248912
19.4475,-3.4073854867841,-0.0803773731136506,-7.93273477914487
19.45,-3.4073854867841,-0.0803773731136506,-7.96329349627836
19.4525,-3.41247994463731,-0.0803773731136506,-7.91745542057812
19.455,-3.41757440249052,-0.0803773731136506,-7.95820037675611
19.4575,-3.41757440249052,-0.0803773731136506,-7.89708294248912
19.46,-3.42776331819694,-0.0803773731136506,-7.89708294248912
19.4625,-3.43795223390337,-0.0803773731136506,-7.91236230105587
19.465,-3.46342452316942,-0.075281680307862,-7.92254854010037
19.4675,-3.47361343887584,-0.075281680307862,-7.88180358392237
19.47,-3.47870789672905,-0.0803773731136506,-7.88689670344462
19.4725,-3.48889681243547,-0.0803773731136506,-7.88180358392237
19.475,-3.48380235458226,-0.075281680307862,-7.87671046440012
19.4775,-3.47870789672905,-0.0803773731136506,-7.95820037675611
19.48,-3.49399127028868,-0.0803773731136506,-7.89708294248912
19.4825,-3.46342452316942,-0.0803773731136506,-8.00913157197861
19.485,-3.49399127028868,-0.0803773731136506,-7.93273477914487
19.4875,-3.47361343887584,-0.0803773731136506,-7.94292101818937
19.49,-3.47361343887584,-0.0803773731136506,-7.96329349627836
19.4925,-3.50927464384831,-0.0854730659194392,-7.98875909388961
19.495,-3.49908572814189,-0.0803773731136506,-7.92764165962262
19.4975,-3.51946355955474,-0.0803773731136506,-7.93782789866712
19.5,-3.51946355955474,-0.0803773731136506,-7.93782789866712
19.5025,-3.51946355955474,-0.0803773731136506,-7.96329349627836
19.505,-3.52455801740795,-0.0803773731136506,-7.96838661580061
19.5075,-3.53474693311437,-0.0803773731136506,-7.96329349627836
19.51,-3.52455801740795,-0.0803773731136506,-7.97347973532286
19.5125,-3.53474693311437,-0.0803773731136506,-7.94292101818937
19.515,-3.53984139096758,-0.075281680307862,-7.97857285484511
19.5175,-3.57040813808684,-0.0854730659194392,-7.95310725723387
19.52,-3.550030306674,-0.0803773731136506,-7.96329349627836
19.5225,-3.55512476452721,-0.075281680307862,-7.98366597436736
19.525,-3.57040813808684,-0.075281680307862,-8.02441093054536
19.5275,-3.54493584882079,-0.0803773731136506,-7.95310725723387
19.53,-3.53474693311437,-0.0803773731136506,-7.97857285484511
19.5325,-3.54493584882079,-0.0803773731136506,-7.98366597436736
19.535,-3.5041801859951,-0.0803773731136506,-7.97857285484511
19.5375,-3.5041801859951,-0.0803773731136506,-7.97347973532286
19.54,-3.47361343887584,-0.0854730659194392,-7.99894533293411
19.5425,-3.49399127028868,-0.0803773731136506,-7.98366597436736
19.545,-3.50927464384831,-0.0803773731136506,-7.90217606201137
19.5475,-3.46342452316942,-0.0803773731136506,-7.91236230105587
19.55,-3.46851898102263,-0.0803773731136506,-7.90726918153362
19.5525,-3.48889681243547,-0.0803773731136506,-7.95820037675611
19.555,-3.51436910170153,-0.0803773731136506,-7.98366597436736
19.5575,-3.51946355955474,-0.0803773731136506,-7.88180358392237
19.56,-3.5041801859951,-0.0803773731136506,-7.88689670344462
19.5625,-3.48889681243547,-0.0803773731136506,-7.90726918153362
19.565,-3.48380235458226,-0.0803773731136506,-7.91745542057812
19.5675,-3.48380235458226,-0.0803773731136506,-8.04987652815661
19.57,-3.48889681243547,-0.0803773731136506,-8.04478340863436
19.5725,-3.50927464384831,-0.0803773731136506,-8.07024900624561
19.575,-3.50927464384831,-0.0803773731136506,-8.04478340863436
19.5775,-3.5041801859951,-0.0803773731136506,-7.94292101818937
19.58,-3.62135271661895,-0.0803773731136506,-7.88180358392237
19.5825,-3.64173054803179,-0.0803773731136506,-7.88180358392237
19.585,-3.61625825876574,-0.0803773731136506,-7.89198982296687
19.5875,-3.61625825876574,-0.0803773731136506,-7.93782789866712
19.59,-3.61625825876574,-0.0854730659194392,-7.93273477914487
19.5925,-3.68248621085748,-0.0803773731136506,-7.92764165962262
19.595,-3.61625825876574,-0.0803773731136506,-7.91745542057812
19.5975,-3.68758066871069,-0.0803773731136506,-7.96329349627836
19.6,-3.6926751265639,-0.0803773731136506,-7.96838661580061
19.6025,-3.65701392159142,-0.0803773731136506,-7.96838661580061
19.605,-3.69776958441711,-0.0803773731136506,-7.97347973532286
19.6075,-3.57040813808684,-0.0803773731136506,-7.98875909388961
19.61,-3.56531368023363,-0.0803773731136506,-8.00403845245636
19.6125,-3.59588042735289,-0.0803773731136506,-8.01931781102311
19.615,-3.54493584882079,-0.0803773731136506,-8.04478340863436
19.6175,-3.53984139096758,-0.0803773731136506,-8.03969028911211
19.62,-3.53984139096758,-0.0803773731136506,-8.06515588672336
19.6225,-3.53984139096758,-0.0803773731136506,-8.07024900624561
19.625,-3.53474693311437,-0.0803773731136506,-8.01931781102311
19.6275,-3.53984139096758,-0.0803773731136506,-8.04478340863436
19.63,-3.55512476452721,-0.0803773731136506,-8.08552836481235
19.6325,-3.53984139096758,-0.0803773731136506,-8.1517389186016
19.635,-3.55512476452721,-0.0803773731136506,-8.1517389186016
19.6375,-3.53984139096758,-0.0803773731136506,-8.14664579907935
19.64,-3.61116380091253,-0.0803773731136506,-0.0995169539250416
19.6425,-3.52965247526116,-0.0854730659194392,-0.0995169539250416
19.645,-3.5041801859951,-0.0803773731136506,-8.02950405006761
19.6475,-3.51946355955474,-0.0803773731136506,-8.03969028911211
19.65,-3.55512476452721,-0.0803773731136506,-8.02441093054536
19.6525,-3.51436910170153,-0.0803773731136506,-8.02950405006761
19.655,-3.51946355955474,-0.0803773731136506,-8.05496964767886
19.6575,-3.53474693311437,-0.0803773731136506,-8.01931781102311
19.66,-3.57040813808684,-0.0803773731136506,-8.01422469150086
19.6625,-3.5041801859951,-0.0803773731136506,-8.06515588672336
19.665,-3.50927464384831,-0.075281680307862,-8.09571460385685
19.6675,-3.54493584882079,-0.0854730659194392,-8.1008077233791
19.67,-3.54493584882079,-0.0803773731136506,-8.04478340863436
19.6725,-3.56531368023363,-0.0803773731136506,-8.14664579907935
19.675,-3.56531368023363,-0.0803773731136506,-8.09571460385685
19.6775,-3.57040813808684,-0.0803773731136506,-8.06515588672336
19.68,-3.60097488520611,-0.0803773731136506,-8.0906214843346
19.6825,-3.58059705379326,-0.0803773731136506,-8.08552836481235
19.685,-3.60606934305932,-0.075281680307862,-8.08552836481235
19.6875,-3.61116380091253,-0.075281680307862,-8.0804352452901
19.69,-3.61625825876574,-0.0803773731136506,-8.08552836481235
19.6925,-3.61625825876574,-0.0803773731136506,-8.1313664405126
19.695,-3.62135271661895,-0.0803773731136506,-8.04478340863436
19.6975,-3.62644717447216,-0.0803773731136506,-8.07024900624561
19.7,-3.63663609017858,-0.0803773731136506,-8.1415526795571
19.7025,-3.64173054803179,-0.0803773731136506,-8.1008077233791
19.705,-3.68758066871069,-0.0803773731136506,-8.07534212576785
19.7075,-3.65191946373821,-0.0803773731136506,-8.08552836481235
19.71,-3.67229729515105,-0.0803773731136506,-8.0804352452901
19.7125,-3.68758066871069,-0.0803773731136506,-8.12627332099035
19.715,-3.66210837944463,-0.0803773731136506,-8.1211802014681
19.7175,-3.66210837944463,-0.0854730659194392,-8.13645956003485
19.72,-3.66720283729784,-0.0803773731136506,-8.15683203812385
19.7225,-3.6926751265639,-0.0803773731136506,-8.1721113966906
19.725,-3.69776958441711,-0.0803773731136506,-8.1517389186016
19.7275,-3.65191946373821,-0.0803773731136506,-8.19757699430184
19.73,-3.63154163232537,-0.0803773731136506,-8.1619251576461
19.7325,-3.65191946373821,-0.0803773731136506,-8.1517389186016
19.735,-3.64173054803179,-0.0803773731136506,-8.1415526795571
19.7375,-3.65191946373821,-0.075281680307862,-8.13645956003485
19.74,-3.61625825876574,-0.0803773731136506,-8.14664579907935
19.7425,-3.60606934305932,-0.0803773731136506,-8.14664579907935
19.745,-3.59078596949968,-0.0803773731136506,-8.15683203812385
19.7475,-3.58569151164647,-0.0803773731136506,-8.18229763573509
19.75,-3.58059705379326,-0.0803773731136506,-8.20776323334634
19.7525,-3.57040813808684,-0.0803773731136506,-8.20267011382409
19.755,-3.56531368023363,-0.075281680307862,-8.1721113966906
19.7575,-3.52455801740795,-0.0803773731136506,-8.19248387477959
19.76,-3.57040813808684,-0.0803773731136506,-8.18229763573509
19.7625,-3.52455801740795,-0.0803773731136506,-8.19248387477959
19.765,-3.52455801740795,-0.075281680307862,-8.18739075525735
19.7675,-3.48889681243547,-0.0803773731136506,-8.21285635286859
19.77,-3.5041801859951,-0.075281680307862,-8.20267011382409
19.7725,-3.51946355955474,-0.0803773731136506,-8.21794947239084
19.775,-3.56021922238042,-0.0803773731136506,-8.20776323334634
19.7775,-3.49908572814189,-0.0803773731136506,-8.22304259191309
19.78,-3.48889681243547,-0.0803773731136506,-8.22304259191309
19.7825,-3.48380235458226,-0.0803773731136506,-8.23322883095759
19.785,-3.47870789672905,-0.0803773731136506,-8.23322883095759
19.7875,-3.46851898102263,-0.0803773731136506,-8.23832195047984
19.79,-3.46851898102263,-0.0803773731136506,-8.22304259191309
19.7925,-3.47870789672905,-0.075281680307862,-8.28416002618009
19.795,-3.43795223390337,-0.0803773731136506,-8.27397378713559
19.7975,-3.42776331819694,-0.0854730659194392,-8.23322883095759
19.8,-3.42266886034373,-0.0803773731136506,-8.27906690665784
19.8025,-3.38191319751805,-0.0803773731136506,-8.30453250426909
19.805,-3.37172428181163,-0.0803773731136506,-8.30962562379133
19.8075,-3.36662982395842,-0.0803773731136506,-8.28925314570234
19.81,-3.36153536610521,-0.0803773731136506,-8.32490498235808
19.8125,-3.34625199254558,-0.0803773731136506,-8.29434626522459
19.815,-3.35134645039879,-0.0803773731136506,-8.26378754809109
19.8175,-3.34115753469236,-0.0803773731136506,-8.30962562379133
19.82,-3.34115753469236,-0.0803773731136506,-8.30962562379133
19.8225,-3.36662982395842,-0.0803773731136506,-8.31981186283583
19.825,-3.34115753469236,-0.0803773731136506,-8.26888066761334
19.8275,-3.37172428181163,-0.0803773731136506,-8.25360130904659
19.83,-3.21889054621531,-0.0803773731136506,-8.27906690665784
19.8325,-3.23926837762815,-0.0803773731136506,-8.30453250426909
19.835,-3.23417391977494,-0.0803773731136506,-8.29943938474683
19.8375,-3.23417391977494,-0.0803773731136506,-8.30453250426909
19.84,-3.23417391977494,-0.0803773731136506,-8.29943938474683
19.8425,-0.0959878821972175,-0.0803773731136506,-8.28925314570234
19.845,-0.0908934243440065,-0.0803773731136506,-8.30453250426909
19.8475,-0.0959878821972175,-0.0803773731136506,-8.29943938474683
19.85,-0.0908934243440065,-0.0803773731136506,-8.43186049232532
19.8525,-0.0959878821972175,-0.0803773731136506,-8.26888066761334
19.855,-0.0959878821972175,-0.0803773731136506,-8.34018434092483
19.8575,-0.0959878821972175,-0.0803773731136506,-8.37074305805833
19.86,-0.0908934243440065,-0.0803773731136506,-8.40639489471408
19.8625,-0.0908934243440065,-0.0803773731136506,-8.41148801423633
19.865,-0.0959878821972175,-0.0803773731136506,-8.32490498235808
19.8675,-0.0908934243440065,-0.0803773731136506,-8.40639489471408
19.87,-0.0959878821972175,-0.0803773731136506,-8.31981186283583
19.8725,-0.0908934243440065,-0.0803773731136506,-8.31471874331358
19.875,-0.0908934243440065,-0.0803773731136506,-8.34018434092483
19.8775,-0.0959878821972175,-0.0803773731136506,-8.27906690665784
19.88,-0.0908934243440065,-0.0803773731136506,-8.30962562379133
19.8825,-0.0959878821972175,-0.0803773731136506,-8.29434626522459
19.885,-3.19341825694926,-0.0803773731136506,-8.33509122140258
19.8875,-3.15266259412357,-0.0803773731136506,-8.30453250426909
19.89,-3.12719030485752,-0.0803773731136506,-8.27906690665784
19.8925,-3.16285150982999,-0.0803773731136506,-8.29434626522459
19.895,-3.16794596768321,-0.0803773731136506,-8.37074305805833
19.8975,-3.17304042553642,-0.0803773731136506,-8.32999810188033
19.9,-3.17304042553642,-0.0803773731136506,-8.30962562379133
19.9025,-3.18832379909605,-0.0803773731136506,-8.30453250426909
19.905,-3.19851271480247,-0.075281680307862,-8.30962562379133
19.9075,-3.25455175118779,-0.0803773731136506,-8.31471874331358
19.91,-3.22907946192173,-0.0803773731136506,-8.32490498235808
19.9125,-3.30549632971989,-0.0803773731136506,-8.33509122140258
19.915,-3.31568524542631,-0.0803773731136506,-8.27906690665784
19.9175,-3.32077970327952,-0.0854730659194392,-8.28925314570234
19.92,-3.33606307683915,-0.0803773731136506,-8.30962562379133
19.9225,-3.33096861898594,-0.0803773731136506,-8.31471874331358
19.925,-3.36662982395842,-0.0803773731136506,-8.30453250426909
19.9275,-3.37172428181163,-0.0803773731136506,-8.31981186283583
19.93,-3.38700765537126,-0.0803773731136506,-8.28416002618009
19.9325,-3.42776331819694,-0.0803773731136506,-8.31471874331358
19.935,-3.38191319751805,-0.0803773731136506,-8.32999810188033
19.9375,-3.38700765537126,-0.0803773731136506,-8.31981186283583
19.94,-3.41757440249052,-0.0803773731136506,-8.32999810188033
19.9425,-3.42266886034373,-0.075281680307862,-8.29943938474683
19.945,-3.41757440249052,-0.0803773731136506,-8.33509122140258
19.9475,-3.42776331819694,-0.0854730659194392,-8.30453250426909
19.95,-3.53984139096758,-0.0803773731136506,-8.31471874331358
19.9525,-3.41757440249052,-0.0803773731136506,-8.30962562379133
19.955,-3.43795223390337,-0.0803773731136506,-8.31471874331358
19.9575,-3.44814114960979,-0.075281680307862,-8.31471874331358
19.96,-3.46342452316942,-0.0803773731136506,-8.35546369949158
19.9625,-3.43795223390337,-0.0803773731136506,-8.33509122140258
19.965,-3.453235607463,-0.0803773731136506,-8.33509122140258
19.9675,-3.44304669175658,-0.0803773731136506,-8.34527746044708
19.97,-3.44304669175658,-0.075281680307862,-8.36564993853608
19.9725,-3.44304669175658,-0.0803773731136506,-8.35546369949158
19.975,-3.44304669175658,-0.0803773731136506,-8.32999810188033
19.9775,-3.43795223390337,-0.0803773731136506,-8.37583617758058
19.98,-3.42776331819694,-0.0803773731136506,-8.39620865566958
19.9825,-3.42776331819694,-0.0803773731136506,-8.38602241662508
19.985,-3.42266886034373,-0.0803773731136506,-8.38602241662508
19.9875,-3.44304669175658,-0.0803773731136506,-8.41148801423633
19.99,-3.42776331819694,-0.0803773731136506,-8.41658113375857
19.9925,-3.49399127028868,-0.075281680307862,-8.39111553614733
19.995,-3.43795223390337,-0.0803773731136506,-8.38092929710283
19.9975,-3.48380235458226,-0.0803773731136506,-8.45223297041432
20,-3.453235607463,-0.0803773731136506,-8.38092929710283
20.0025,-3.47361343887584,-0.0803773731136506,-8.36564993853608
20.005,-3.44304669175658,-0.0803773731136506,-8.34018434092483
20.0075,-3.453235607463,-0.075281680307862,-8.32999810188033
20.01,-3.46342452316942,-0.0803773731136506,-8.37583617758058
20.0125,-3.45833006531621,-0.0803773731136506,-8.37583617758058
20.015,-3.47870789672905,-0.0803773731136506,-8.37583617758058
20.0175,-3.47870789672905,-0.0803773731136506,-8.32490498235808
20.02,-3.47361343887584,-0.0803773731136506,-8.34527746044708
20.0225,-3.46851898102263,-0.075281680307862,-8.35546369949158
20.025,-3.46342452316942,-0.075281680307862,-8.31471874331358
20.0275,-3.45833006531621,-0.0803773731136506,-8.37074305805833
20.03,-3.46342452316942,-0.075281680307862,-8.42167425328083
20.0325,-3.46851898102263,-0.0803773731136506,-8.38602241662508
20.035,-3.46342452316942,-0.0803773731136506,-8.36055681901383
20.0375,-3.47870789672905,-0.0803773731136506,-8.37074305805833
20.04,-3.48380235458226,-0.0803773731136506,-8.36564993853608
20.0425,-3.53474693311437,-0.0803773731136506,-8.38602241662508
20.045,-3.51436910170153,-0.0803773731136506,-8.36055681901383
20.0475,-3.51946355955474,-0.075281680307862,-8.36055681901383
20.05,-3.52455801740795,-0.0803773731136506,-8.37074305805833
20.0525,-3.50927464384831,-0.0803773731136506,-8.45223297041432
20.055,-3.58059705379326,-0.0803773731136506,-8.35546369949158
20.0575,-3.58059705379326,-0.0803773731136506,-8.36055681901383
20.06,-3.60097488520611,-0.0803773731136506,-8.36564993853608
20.0625,-3.60097488520611,-0.0803773731136506,-8.41658113375857
20.065,-3.61116380091253,-0.0803773731136506,-8.42167425328083
20.0675,-3.60606934305932,-0.0803773731136506,-8.41658113375857
20.07,-3.62644717447216,-0.0803773731136506,-0.10461007344729
20.0725,-3.62135271661895,-0.0803773731136506,-8.38602241662508
20.075,-3.62644717447216,-0.0854730659194392,-8.37583617758058
20.0775,-3.646825005885,-0.0803773731136506,-8.36564993853608
20.08,-3.63154163232537,-0.0803773731136506,-8.33509122140258
20.0825,-3.63154163232537,-0.0803773731136506,-8.39620865566958
20.085,-3.62135271661895,-0.0803773731136506,-8.31981186283583
20.0875,-3.62644717447216,-0.0803773731136506,-8.30962562379133
20.09,-3.63154163232537,-0.0803773731136506,-8.38092929710283
20.0925,-3.63154163232537,-0.0803773731136506,-8.32490498235808
20.095,-3.63663609017858,-0.0803773731136506,-8.32999810188033
20.0975,-3.68248621085748,-0.0803773731136506,-8.31471874331358
20.1,-3.67739175300426,-0.0854730659194392,-8.32999810188033
20.1025,-3.67229729515105,-0.0803773731136506,-8.33509122140258
20.105,-3.66720283729784,-0.0854730659194392,-8.34527746044708
20.1075,-3.66720283729784,-0.0803773731136506,-8.30453250426909
20.11,-3.66720283729784,-0.0803773731136506,-8.37583617758058
20.1125,-3.70795850012353,-0.0803773731136506,-8.37074305805833
20.115,-3.70286404227032,-0.0803773731136506,-8.26888066761334
20.1175,-3.68248621085748,-0.0803773731136506,-8.25869442856884
20.12,-3.68248621085748,-0.0803773731136506,-8.29434626522459
20.1225,-3.69776958441711,-0.0803773731136506,-8.25869442856884
20.125,-3.75380862080242,-0.0803773731136506,-8.25360130904659
20.1275,-3.68248621085748,-0.0803773731136506,-8.25869442856884
20.13,-3.71305295797674,-0.0803773731136506,-8.25869442856884
20.1325,-3.743619705096,-0.0803773731136506,-8.26888066761334
20.135,-3.71305295797674,-0.0803773731136506,-8.25869442856884
20.1375,-3.71305295797674,-0.0803773731136506,-8.24341507000209
20.14,-3.71305295797674,-0.0803773731136506,-8.23322883095759
20.1425,-3.72324187368316,-0.0803773731136506,-8.26888066761334
20.145,-3.74871416294921,-0.0803773731136506,-8.26888066761334
20.1475,-3.71305295797674,-0.0803773731136506,-8.27397378713559
20.15,-3.70795850012353,-0.0803773731136506,-8.28416002618009
20.1525,-3.68758066871069,-0.0803773731136506,-8.28416002618009
20.155,-3.68248621085748,-0.0803773731136506,-8.28925314570234
20.1575,-3.70795850012353,-0.0803773731136506,-8.28416002618009
20.16,-3.69776958441711,-0.0803773731136506,-8.26888066761334
20.1625,-3.6926751265639,-0.0803773731136506,-8.26378754809109
20.165,-3.66720283729784,-0.0803773731136506,-8.27397378713559
20.1675,-3.67229729515105,-0.0803773731136506,-8.29943938474683
20.17,-3.66720283729784,-0.0803773731136506,-8.30453250426909
20.1725,-3.73852524724279,-0.0803773731136506,-8.30453250426909
20.175,-3.73343078938958,-0.0803773731136506,-8.27397378713559
20.1775,-3.69776958441711,-0.0803773731136506,-8.31471874331358
20.18,-3.72833633153637,-0.0854730659194392,-8.28925314570234
20.1825,-3.68758066871069,-0.0803773731136506,-8.32999810188033
20.185,-3.68248621085748,-0.0803773731136506,-8.30453250426909
20.1875,-3.67229729515105,-0.0803773731136506,-8.34018434092483
20.19,-3.66720283729784,-0.0803773731136506,-8.28416002618009
20.1925,-3.65191946373821,-0.0803773731136506,-8.26378754809109
20.195,-3.64173054803179,-0.0803773731136506,-8.30962562379133
20.1975,-3.62644717447216,-0.0803773731136506,-8.30962562379133
20.2,-3.62135271661895,-0.0803773731136506,-8.26888066761334
20.2025,-3.646825005885,-0.0803773731136506,-8.26888066761334
20.205,-3.64173054803179,-0.0854730659194392,-8.30962562379133
20.2075,-3.63663609017858,-0.0803773731136506,-8.29943938474683
20.21,-3.63154163232537,-0.0803773731136506,-8.29434626522459
20.2125,-3.77928091006848,-0.0803773731136506,-8.26888066761334
20.215,-3.79965874148132,-0.0803773731136506,-8.27397378713559
20.2175,-3.82003657289416,-0.0803773731136506,-8.26378754809109
20.22,-3.81494211504095,-0.0803773731136506,-8.33509122140258
20.2225,-3.89135898283911,-0.0803773731136506,-8.30962562379133
20.225,-3.86079223571985,-0.0803773731136506,-8.35037057996933
20.2275,-3.88117006713269,-0.075281680307862,-8.32490498235808
20.23,-3.87607560927948,-0.0803773731136506,-8.29943938474683
20.2325,-3.89135898283911,-0.0803773731136506,-8.28925314570234
20.235,-3.91683127210516,-0.0803773731136506,-8.27906690665784
20.2375,-3.89135898283911,-0.0803773731136506,-8.31981186283583
20.24,-3.92702018781158,-0.0803773731136506,-8.29434626522459
20.2425,-3.85060332001342,-0.0803773731136506,-8.31981186283583
20.245,-3.89135898283911,-0.0803773731136506,-8.34527746044708
20.2475,-3.88117006713269,-0.075281680307862,-8.30453250426909
20.25,-3.84550886216021,-0.0803773731136506,-8.33509122140258
20.2525,-3.81494211504095,-0.0803773731136506,-8.29434626522459
20.255,-3.79965874148132,-0.0803773731136506,-8.30453250426909
20.2575,-3.78437536792169,-0.0803773731136506,-8.44713985089207
20.26,-3.76399753650884,-0.0803773731136506,-8.32999810188033
20.2625,-3.74871416294921,-0.0803773731136506,-8.32490498235808
20.265,-3.72833633153637,-0.0803773731136506,-8.36055681901383
20.2675,-3.73852524724279,-0.0803773731136506,-8.39111553614733
20.27,-3.72324187368316,-0.0803773731136506,-8.37074305805833
20.2725,-3.71305295797674,-0.0803773731136506,-8.35546369949158
20.275,-3.66720283729784,-0.0803773731136506,-8.38602241662508
20.2775,-3.65191946373821,-0.0803773731136506,-8.36564993853608
20.28,-3.64173054803179,-0.0803773731136506,-8.37074305805833
20.2825,-3.63154163232537,-0.0803773731136506,-8.35037057996933
20.285,-3.62644717447216,-0.0803773731136506,-8.39111553614733
20.2875,-3.61625825876574,-0.0803773731136506,-8.36564993853608
20.29,-3.60606934305932,-0.0803773731136506,-8.35546369949158
20.2925,-3.60606934305932,-0.0803773731136506,-8.34527746044708
20.295,-3.60097488520611,-0.0803773731136506,-8.34527746044708
20.2975,-3.60097488520611,-0.075281680307862,-8.35546369949158
20.3,-3.59078596949968,-0.075281680307862,-8.34527746044708
20.3025,-3.58059705379326,-0.075281680307862,-8.34527746044708
20.305,-3.57550259594005,-0.0803773731136506,-8.35037057996933
20.3075,-3.58059705379326,-0.0803773731136506,-8.37074305805833
20.31,-3.59078596949968,-0.0803773731136506,-8.38602241662508
20.3125,-3.56531368023363,-0.0803773731136506,-8.35037057996933
20.315,-3.56021922238042,-0.0803773731136506,-8.36055681901383
20.3175,-3.56021922238042,-0.0803773731136506,-8.35546369949158
20.32,-3.56021922238042,-0.0803773731136506,-8.37074305805833
20.3225,-3.550030306674,-0.0803773731136506,-8.39620865566958
20.325,-3.53474693311437,-0.075281680307862,-8.42167425328083
20.3275,-3.53474693311437,-0.0803773731136506,-8.49807104611457
20.33,-3.52965247526116,-0.0803773731136506,-8.40639489471408
20.3325,-3.52455801740795,-0.0803773731136506,-8.44204673136982
20.335,-3.51436910170153,-0.0803773731136506,-8.45223297041432
20.3375,-3.5041801859951,-0.0803773731136506,-8.45223297041432
20.34,-3.49399127028868,-0.0803773731136506,-8.44713985089207
20.3425,-3.48889681243547,-0.0803773731136506,-8.46751232898107
20.345,-3.47361343887584,-0.0803773731136506,-8.54390912181481
20.3475,-3.46342452316942,-0.0803773731136506,-8.46241920945882
20.35,-3.44814114960979,-0.0803773731136506,-8.45223297041432
20.3525,-3.41757440249052,-0.0803773731136506,-8.47769856802557
20.355,-3.40229102893089,-0.0803773731136506,-8.58974719751506
20.3575,-3.43285777605016,-0.0803773731136506,-8.58465407799281
20.36,-3.39719657107768,-0.0803773731136506,-8.48788480707007
20.3625,-3.39719657107768,-0.0803773731136506,-8.50825728515907
20.365,-3.356440908252,-0.0803773731136506,-8.46751232898107
20.3675,-3.37681873966484,-0.0803773731136506,-8.47260544850332
20.37,-3.34115753469236,-0.0803773731136506,-8.48788480707007
20.3725,-3.31568524542631,-0.0803773731136506,-8.47260544850332
20.375,-3.30549632971989,-0.0803773731136506,-8.48279168754782
20.3775,-3.32587416113273,-0.0803773731136506,-8.32490498235808
20.38,-3.32587416113273,-0.0803773731136506,-8.52862976324807
20.3825,-3.32077970327952,-0.0803773731136506,-8.52862976324807
20.385,-3.32587416113273,-0.0803773731136506,-8.49297792659232
20.3875,-3.30549632971989,-0.0803773731136506,-8.34527746044708
20.39,-3.32077970327952,-0.0803773731136506,-8.34527746044708
20.3925,-3.32077970327952,-0.0803773731136506,-8.36055681901383
20.395,-3.356440908252,-0.0803773731136506,-8.35546369949158
20.3975,-3.36153536610521,-0.0803773731136506,-8.37074305805833
20.4,-3.44304669175658,-0.0803773731136506,-8.37074305805833
20.4025,-3.36662982395842,-0.0803773731136506,-8.45732608993657
20.405,-3.36153536610521,-0.0803773731136506,-8.50825728515907
20.4075,-3.38191319751805,-0.0803773731136506,-8.40130177519183
20.41,-3.48380235458226,-0.0803773731136506,-8.42167425328083
20.4125,-3.49399127028868,-0.0803773731136506,-8.42676737280307
20.415,-3.48889681243547,-0.0803773731136506,-8.44204673136982
20.4175,-3.52455801740795,-0.0803773731136506,-8.50825728515907
20.42,-3.52965247526116,-0.0803773731136506,-8.46751232898107
20.4225,-3.56531368023363,-0.0803773731136506,-8.44713985089207
20.425,-3.56021922238042,-0.0803773731136506,-8.48788480707007
20.4275,-3.57550259594005,-0.0803773731136506,-8.48788480707007
20.43,-3.57040813808684,-0.0803773731136506,-8.50316416563682
20.4325,-3.58059705379326,-0.0803773731136506,-8.48788480707007
20.435,-3.60097488520611,-0.0803773731136506,-8.48279168754782
20.4375,-3.64173054803179,-0.0803773731136506,-8.48279168754782
20.44,-3.61625825876574,-0.0803773731136506,-8.47769856802557
20.4425,-3.63154163232537,-0.0803773731136506,-8.49297792659232
20.445,-3.67229729515105,-0.0803773731136506,-8.47769856802557
20.4475,-3.71305295797674,-0.0803773731136506,-8.48279168754782
20.45,-3.72324187368316,-0.075281680307862,-8.46241920945882
20.4525,-3.76399753650884,-0.0803773731136506,-8.48788480707007
20.455,-3.73852524724279,-0.0803773731136506,-8.51335040468132
20.4575,-3.75380862080242,-0.0803773731136506,-8.48788480707007
20.46,-3.75380862080242,-0.0803773731136506,-8.49297792659232
20.4625,-3.76399753650884,-0.0803773731136506,-8.49297792659232
20.465,-3.75380862080242,-0.0803773731136506,-8.50825728515907
20.4675,-3.75890307865563,-0.0803773731136506,-8.47769856802557
20.47,-3.76399753650884,-0.0803773731136506,-8.51335040468132
20.4725,-3.76909199436206,-0.075281680307862,-8.53372288277031
20.475,-3.77418645221527,-0.075281680307862,-8.47769856802557
20.4775,-3.76399753650884,-0.0803773731136506,-8.47769856802557
20.48,-3.76399753650884,-0.0803773731136506,-8.46751232898107
20.4825,-3.76909199436206,-0.0803773731136506,-8.47260544850332
20.485,-3.77928091006848,-0.075281680307862,-8.55409536085931
20.4875,-3.77418645221527,-0.0803773731136506,-8.49807104611457
20.49,-3.77928091006848,-0.0803773731136506,-8.52353664372582
20.4925,-3.78437536792169,-0.0803773731136506,-8.50825728515907
20.495,-3.78437536792169,-0.0803773731136506,-8.47769856802557
20.4975,-3.75890307865563,-0.0803773731136506,-8.46751232898107
20.5,-3.79456428362811,-0.0803773731136506,-8.49297792659232
20.5025,-3.73343078938958,-0.0803773731136506,-8.45732608993657
20.505,-3.72324187368316,-0.0803773731136506,-8.46241920945882
20.5075,-3.72324187368316,-0.0803773731136506,-8.46241920945882
20.51,-3.71814741582995,-0.0803773731136506,-8.62539903417081
20.5125,-3.70795850012353,-0.075281680307862,-8.48279168754782
20.515,-3.6926751265639,-0.0803773731136506,-8.56937471942606
20.5175,-3.66210837944463,-0.0803773731136506,-8.49297792659232
20.52,-3.65701392159142,-0.0803773731136506,-8.50825728515907
20.5225,-3.65191946373821,-0.0803773731136506,-8.49807104611457
20.525,-3.64173054803179,-0.0803773731136506,-8.57446783894831
20.5275,-3.63154163232537,-0.0803773731136506,-8.54390912181481
20.53,-3.62644717447216,-0.0803773731136506,-8.51335040468132
20.5325,-3.646825005885,-0.0803773731136506,-8.54390912181481
20.535,-3.58569151164647,-0.0803773731136506,-8.53372288277031
20.5375,-3.61625825876574,-0.0803773731136506,-8.51335040468132
20.54,-3.61116380091253,-0.0803773731136506,-8.56937471942606
20.5425,-3.53984139096758,-0.0803773731136506,-8.57446783894831
20.545,-3.59078596949968,-0.075281680307862,-8.54390912181481
20.5475,-3.58569151164647,-0.0803773731136506,-8.52353664372582
20.55,-3.58569151164647,-0.075281680307862,-8.51335040468132
20.5525,-3.47870789672905,-0.0803773731136506,-8.56937471942606
20.555,-3.47361343887584,-0.0803773731136506,-8.49807104611457
20.5575,-3.48380235458226,-0.0803773731136506,-8.49807104611457
20.56,-3.44304669175658,-0.0854730659194392,-8.51335040468132
20.5625,-3.43285777605016,-0.0803773731136506,-8.53881600229256
20.565,-3.42266886034373,-0.0803773731136506,-8.54390912181481
20.5675,-3.44814114960979,-0.0803773731136506,-8.50316416563682
20.57,-3.40229102893089,-0.0803773731136506,-8.50825728515907
20.5725,-3.39719657107768,-0.0803773731136506,-8.49807104611457
20.575,-3.38191319751805,-0.0803773731136506,-8.53881600229256
20.5775,-3.38191319751805,-0.0803773731136506,-8.48279168754782
20.58,-3.37172428181163,-0.0803773731136506,-8.50316416563682
20.5825,-3.36662982395842,-0.0803773731136506,-8.49297792659232
20.585,-3.36153536610521,-0.0803773731136506,-8.53372288277031
20.5875,-3.39210211322447,-0.0803773731136506,-8.53881600229256
20.59,-3.36153536610521,-0.0803773731136506,-8.52862976324807
20.5925,-3.356440908252,-0.075281680307862,-8.49807104611457
20.595,-3.34115753469236,-0.0803773731136506,-8.51335040468132
20.5975,-3.33096861898594,-0.0803773731136506,-8.51335040468132
20.6,-3.32587416113273,-0.075281680307862,-8.48788480707007
20.6025,-3.31568524542631,-0.0803773731136506,-8.48788480707007
20.605,-3.35134645039879,-0.0803773731136506,-8.47769856802557
20.6075,-3.31568524542631,-0.0803773731136506,-8.47260544850332
20.61,-3.30549632971989,-0.0854730659194392,-8.44204673136982
20.6125,-3.30040187186668,-0.0803773731136506,-8.46241920945882
20.615,-3.29530741401347,-0.0803773731136506,-8.59993343655956
20.6175,-3.29021295616026,-0.0803773731136506,-8.43695361184757
20.62,-3.28002404045384,-0.0803773731136506,-8.47260544850332
20.6225,-3.27492958260063,-0.075281680307862,-8.42676737280307
20.625,-3.26983512474742,-0.075281680307862,-8.46241920945882
20.6275,-3.27492958260063,-0.0803773731136506,-8.41658113375857
20.63,-3.3105907875731,-0.0803773731136506,-8.55918848038156
20.6325,-3.26983512474742,-0.0803773731136506,-8.45223297041432
20.635,-3.27492958260063,-0.0803773731136506,-8.46241920945882
20.6375,-3.27492958260063,-0.0803773731136506,-8.42676737280307
20.64,-3.28511849830705,-0.0803773731136506,-8.47260544850332
20.6425,-3.31568524542631,-0.0803773731136506,-8.47769856802557
20.645,-3.33096861898594,-0.0803773731136506,-8.47769856802557
20.6475,-3.33096861898594,-0.0854730659194392,-8.42676737280307
20.65,-3.34115753469236,-0.0803773731136506,-8.41658113375857
20.6525,-3.34625199254558,-0.0803773731136506,-8.46751232898107
20.655,-3.35134645039879,-0.0803773731136506,-8.43186049232532
20.6575,-3.34625199254558,-0.0803773731136506,-8.44204673136982
20.66,-3.34625199254558,-0.0803773731136506,-8.42676737280307
20.6625,-3.356440908252,-0.0803773731136506,-8.42676737280307
20.665,-3.356440908252,-0.0803773731136506,-8.54900224133706
20.6675,-3.356440908252,-0.0803773731136506,-8.46241920945882
20.67,-3.35134645039879,-0.0803773731136506,-8.43186049232532
20.6725,-3.38191319751805,-0.075281680307862,-8.40130177519183
20.675,-3.48380235458226,-0.0803773731136506,-8.38092929710283
20.6775,-3.5041801859951,-0.0803773731136506,-8.38092929710283
20.68,-3.46342452316942,-0.075281680307862,-8.38602241662508
20.6825,-3.48380235458226,-0.0803773731136506,-8.53372288277031
20.685,-3.47870789672905,-0.0803773731136506,-8.40639489471408
20.6875,-3.45833006531621,-0.075281680307862,-8.41658113375857
20.69,-3.45833006531621,-0.0803773731136506,-8.45223297041432
20.6925,-3.48380235458226,-0.0803773731136506,-8.41148801423633
20.695,-3.48380235458226,-0.0803773731136506,-8.44713985089207
20.6975,-3.49908572814189,-0.075281680307862,-8.46751232898107
20.7,-3.49399127028868,-0.0803773731136506,-8.42676737280307
20.7025,-3.49399127028868,-0.0803773731136506,-8.45223297041432
20.705,-3.49399127028868,-0.0803773731136506,-8.43186049232532
20.7075,-3.48380235458226,-0.0803773731136506,-8.43186049232532
20.71,-3.48380235458226,-0.0803773731136506,-8.43186049232532
20.7125,-3.44814114960979,-0.0803773731136506,-8.45223297041432
20.715,-3.46342452316942,-0.0803773731136506,-8.38092929710283
20.7175,-3.453235607463,-0.0803773731136506,-8.44204673136982
20.72,-3.43285777605016,-0.0803773731136506,-8.39620865566958
20.7225,-3.44304669175658,-0.0803773731136506,-8.39111553614733
20.725,-3.44304669175658,-0.075281680307862,-8.40639489471408
20.7275,-3.41247994463731,-0.0803773731136506,-8.38602241662508
20.73,-3.42776331819694,-0.0803773731136506,-8.39111553614733
20.7325,-3.40229102893089,-0.0803773731136506,-8.36055681901383
20.735,-3.43795223390337,-0.0803773731136506,-8.33509122140258
20.7375,-3.42776331819694,-0.0803773731136506,-8.37074305805833
20.74,-3.41247994463731,-0.0803773731136506,-8.40130177519183
20.7425,-3.41247994463731,-0.0803773731136506,-8.35037057996933
20.745,-3.43795223390337,-0.0803773731136506,-8.35546369949158
20.7475,-3.43795223390337,-0.0854730659194392,-8.31471874331358
20.75,-3.45833006531621,-0.0854730659194392,-8.41148801423633
20.7525,-3.44304669175658,-0.0803773731136506,-8.32490498235808
20.755,-3.44304669175658,-0.0803773731136506,-8.29943938474683
20.7575,-3.44304669175658,-0.0803773731136506,-8.34527746044708
20.76,-3.48889681243547,-0.0803773731136506,-8.34018434092483
20.7625,-3.49399127028868,-0.0803773731136506,-8.41658113375857
20.765,-3.49399127028868,-0.0803773731136506,-8.41148801423633
20.7675,-3.51946355955474,-0.0803773731136506,-8.30453250426909
20.77,-3.52455801740795,-0.0803773731136506,-8.28925314570234
20.7725,-3.49399127028868,-0.0803773731136506,-8.29943938474683
20.775,-3.46851898102263,-0.0803773731136506,-8.32490498235808
20.7775,-3.46851898102263,-0.0803773731136506,-8.34527746044708
20.78,-3.47870789672905,-0.0803773731136506,-8.30453250426909
20.7825,-3.47870789672905,-0.0803773731136506,-8.30962562379133
20.785,-3.47870789672905,-0.0803773731136506,-8.30453250426909
20.7875,-3.48380235458226,-0.0803773731136506,-8.27906690665784
20.79,-3.51436910170153,-0.0803773731136506,-8.30962562379133
20.7925,-3.54493584882079,-0.0854730659194392,-8.29434626522459
20.795,-3.54493584882079,-0.0803773731136506,-8.30453250426909
20.7975,-3.52965247526116,-0.0803773731136506,-8.24850818952434
20.8,-3.53984139096758,-0.0803773731136506,-8.32999810188033
20.8025,-3.52965247526116,-0.0803773731136506,-8.26378754809109
20.805,-3.54493584882079,-0.0803773731136506,-8.26378754809109
20.8075,-3.550030306674,-0.0803773731136506,-8.29434626522459
20.81,-3.57550259594005,-0.0803773731136506,-8.26378754809109
20.8125,-3.58059705379326,-0.0803773731136506,-8.31471874331358
20.815,-3.59078596949968,-0.0803773731136506,-8.27906690665784
20.8175,-3.59588042735289,-0.0803773731136506,-8.31471874331358
20.82,-3.60606934305932,-0.0803773731136506,-8.36564993853608
20.8225,-3.61625825876574,-0.0803773731136506,-8.29943938474683
20.825,-3.62135271661895,-0.0803773731136506,-8.26378754809109
20.8275,-3.62644717447216,-0.0803773731136506,-8.26888066761334
20.83,-3.64173054803179,-0.0803773731136506,-8.31471874331358
20.8325,-3.646825005885,-0.0803773731136506,-8.32999810188033
20.835,-3.646825005885,-0.0803773731136506,-8.29434626522459
20.8375,-3.65191946373821,-0.0803773731136506,-8.29943938474683
20.84,-3.71814741582995,-0.0803773731136506,-8.31471874331358
20.8425,-3.70286404227032,-0.0803773731136506,-8.24341507000209
20.845,-3.68248621085748,-0.0803773731136506,-8.27397378713559
20.8475,-3.68248621085748,-0.0803773731136506,-8.28925314570234
20.85,-3.70286404227032,-0.0803773731136506,-8.29434626522459
20.8525,-3.70286404227032,-0.0803773731136506,-8.28416002618009
20.855,-3.67229729515105,-0.0803773731136506,-8.32490498235808
20.8575,-3.69776958441711,-0.0803773731136506,-8.31981186283583
20.86,-3.69776958441711,-0.0803773731136506,-8.23322883095759
20.8625,-3.70286404227032,-0.0803773731136506,-8.22813571143534
20.865,-3.70286404227032,-0.0803773731136506,-8.25869442856884
20.8675,-3.69776958441711,-0.0803773731136506,-8.27906690665784
20.87,-3.69776958441711,-0.0803773731136506,-8.27906690665784
20.8725,-3.69776958441711,-0.0803773731136506,-8.27906690665784
20.875,-3.70286404227032,-0.0803773731136506,-8.23322883095759
20.8775,-3.71305295797674,-0.0803773731136506,-8.24341507000209
20.88,-3.6926751265639,-0.0803773731136506,-8.25869442856884
20.8825,-3.68248621085748,-0.0803773731136506,-8.23832195047984
20.885,-3.68758066871069,-0.0803773731136506,-8.26888066761334
20.8875,-3.68248621085748,-0.0803773731136506,-8.25360130904659
20.89,-3.67229729515105,-0.0803773731136506,-8.22304259191309
20.8925,-3.66720283729784,-0.0803773731136506,-8.22304259191309
20.895,-3.66720283729784,-0.0803773731136506,-8.21794947239084
20.8975,-3.66720283729784,-0.0803773731136506,-8.21285635286859
20.9,-3.66210837944463,-0.075281680307862,-8.21794947239084
20.9025,-3.68248621085748,-0.0803773731136506,-8.23832195047984
20.905,-3.68758066871069,-0.075281680307862,-8.18229763573509
20.9075,-3.69776958441711,-0.0803773731136506,-8.37583617758058
20.91,-3.68758066871069,-0.0803773731136506,-8.27397378713559
20.9125,-3.68248621085748,-0.0803773731136506,-8.23832195047984
20.915,-3.70286404227032,-0.0803773731136506,-8.29943938474683
20.9175,-3.68248621085748,-0.0803773731136506,-8.28416002618009
20.92,-3.65701392159142,-0.0803773731136506,-8.28416002618009
20.9225,-3.65701392159142,-0.075281680307862,-8.26378754809109
20.925,-3.71305295797674,-0.0854730659194392,-8.27397378713559
20.9275,-3.66210837944463,-0.0803773731136506,-8.29943938474683
20.93,-3.66210837944463,-0.0803773731136506,-8.27397378713559
20.9325,-3.66720283729784,-0.075281680307862,-8.25360130904659
20.935,-3.6926751265639,-0.0803773731136506,-8.28925314570234
20.9375,-3.66720283729784,-0.0803773731136506,-8.23322883095759
20.94,-3.646825005885,-0.0803773731136506,-8.22304259191309
20.9425,-3.65191946373821,-0.0803773731136506,-8.22304259191309
20.945,-3.65191946373821,-0.0803773731136506,-8.24341507000209
20.9475,-3.65701392159142,-0.0803773731136506,-8.22813571143534
20.95,-3.65701392159142,-0.0803773731136506,-8.24850818952434
20.9525,-3.66210837944463,-0.0803773731136506,-8.22304259191309
20.955,-3.68758066871069,-0.0803773731136506,-8.17720451621285
20.9575,-3.66720283729784,-0.0803773731136506,-8.26888066761334
20.96,-3.66720283729784,-0.0803773731136506,-8.27906690665784
20.9625,-3.67229729515105,-0.0803773731136506,-8.18229763573509
20.965,-3.67739175300426,-0.0803773731136506,-8.18229763573509
20.9675,-3.68758066871069,-0.0803773731136506,-8.18739075525735
20.97,-3.68248621085748,-0.0803773731136506,-8.16701827716835
20.9725,-3.68758066871069,-0.0803773731136506,-8.16701827716835
20.975,-3.68248621085748,-0.0803773731136506,-8.19757699430184
20.9775,-3.73852524724279,-0.0803773731136506,-8.14664579907935
20.98,-3.71305295797674,-0.0803773731136506,-8.18229763573509
20.9825,-3.71305295797674,-0.0803773731136506,-8.18229763573509
20.985,-3.71305295797674,-0.0803773731136506,-8.19248387477959
20.9875,-3.71814741582995,-0.0803773731136506,-8.1721113966906
20.99,-3.72324187368316,-0.0803773731136506,-8.1721113966906
20.9925,-3.72324187368316,-0.0803773731136506,-8.19248387477959
20.995,-3.71814741582995,-0.0803773731136506,-8.1415526795571
20.9975,-3.71305295797674,-0.0803773731136506,-8.1517389186016
21,-3.743619705096,-0.0803773731136506,-8.1415526795571
21.0025,-3.77418645221527,-0.0803773731136506,-8.1619251576461
21.005,-3.74871416294921,-0.0803773731136506,-8.1619251576461
21.0075,-3.74871416294921,-0.0803773731136506,-8.13645956003485
21.01,-3.75890307865563,-0.0803773731136506,-8.1313664405126
21.0125,-3.78437536792169,-0.0803773731136506,-8.13645956003485
21.015,-3.79456428362811,-0.0803773731136506,-8.1415526795571
21.0175,-3.80475319933453,-0.0803773731136506,-8.1109939624236
21.02,-3.77928091006848,-0.0803773731136506,-8.14664579907935
21.0225,-3.85569777786664,-0.0803773731136506,-8.1313664405126
21.025,-3.81494211504095,-0.0803773731136506,-8.1211802014681
21.0275,-3.82513103074737,-0.0803773731136506,-8.19248387477959
21.03,-3.8862645249859,-0.0803773731136506,-8.1313664405126
21.0325,-3.87098115142627,-0.0803773731136506,-8.1211802014681
21.035,-3.84550886216021,-0.0803773731136506,-8.1313664405126
21.0375,-3.86079223571985,-0.0803773731136506,-8.1313664405126
21.04,-3.88117006713269,-0.0803773731136506,-8.13645956003485
21.0425,-3.90154789854553,-0.0803773731136506,-8.14664579907935
21.045,-3.83531994645379,-0.0803773731136506,-8.12627332099035
21.0475,-3.86079223571985,-0.0803773731136506,-8.13645956003485
21.05,-3.91173681425195,-0.0803773731136506,-8.12627332099035
21.0525,-3.90154789854553,-0.0803773731136506,-8.12627332099035
21.055,-3.85060332001342,-0.0803773731136506,-8.14664579907935
21.0575,-3.8862645249859,-0.0803773731136506,-8.31981186283583
21.06,-3.86079223571985,-0.0803773731136506,-8.10590084290135
21.0625,-3.88117006713269,-0.0803773731136506,-8.1008077233791
21.065,-3.90154789854553,-0.0803773731136506,-8.1008077233791
21.0675,-3.8862645249859,-0.0803773731136506,-8.0906214843346
21.07,-3.8862645249859,-0.0803773731136506,-8.0906214843346
21.0725,-3.89135898283911,-0.0803773731136506,-8.12627332099035
21.075,-3.86588669357306,-0.0803773731136506,-8.10590084290135
21.0775,-3.86079223571985,-0.0803773731136506,-8.1008077233791
21.08,-3.86079223571985,-0.0803773731136506,-8.0804352452901
21.0825,-3.86079223571985,-0.0803773731136506,-8.07024900624561
21.085,-3.89135898283911,-0.0803773731136506,-8.17720451621285
21.0875,-3.86079223571985,-0.0803773731136506,-8.0804352452901
21.09,-3.86079223571985,-0.0803773731136506,-8.10590084290135
21.0925,-3.83531994645379,-0.0803773731136506,-8.09571460385685
21.095,-3.83531994645379,-0.0803773731136506,-8.13645956003485
21.0975,-3.82513103074737,-0.0803773731136506,-8.14664579907935
21.1,-3.86588669357306,-0.0803773731136506,-8.08552836481235
21.1025,-3.85569777786664,-0.0803773731136506,-8.09571460385685
21.105,-3.83531994645379,-0.0854730659194392,-8.08552836481235
21.1075,-3.83531994645379,-0.0803773731136506,-8.0906214843346
21.11,-3.83022548860058,-0.0803773731136506,-0.10970319296954
21.1125,-3.80475319933453,-0.0854730659194392,-8.05496964767886
21.115,-3.84550886216021,-0.0803773731136506,-8.01931781102311
21.1175,-3.80984765718774,-0.0803773731136506,-8.01422469150086
21.12,-3.80984765718774,-0.0803773731136506,-8.01931781102311
21.1225,-3.82003657289416,-0.0803773731136506,-8.01931781102311
21.125,-3.83531994645379,-0.0803773731136506,-8.02950405006761
21.1275,-3.79965874148132,-0.0803773731136506,-8.01931781102311
21.13,-3.7894698257749,-0.0803773731136506,-8.02441093054536
21.1325,-3.77928091006848,-0.0803773731136506,-7.99894533293411
21.135,-3.76909199436206,-0.0803773731136506,-8.02950405006761
21.1375,-3.75890307865563,-0.0803773731136506,-8.07024900624561
21.14,-3.78437536792169,-0.0803773731136506,-8.1008077233791
21.1425,-3.73852524724279,-0.0803773731136506,-8.1517389186016
21.145,-3.69776958441711,-0.0803773731136506,-8.02950405006761
21.1475,-3.68758066871069,-0.0803773731136506,-8.06006276720111
21.15,-3.69776958441711,-0.0803773731136506,-8.0804352452901
21.1525,-3.6926751265639,-0.0803773731136506,-8.06515588672336
21.155,-3.66720283729784,-0.0803773731136506,-8.05496964767886
21.1575,-3.65191946373821,-0.0803773731136506,-8.09571460385685
21.16,-3.61625825876574,-0.0803773731136506,-8.06515588672336
21.1625,-3.60097488520611,-0.0803773731136506,-8.07024900624561
21.165,-3.63154163232537,-0.0803773731136506,-8.06515588672336
21.1675,-3.56531368023363,-0.0803773731136506,-8.0804352452901
21.17,-3.55512476452721,-0.0803773731136506,-8.10590084290135
21.1725,-3.53984139096758,-0.075281680307862,-8.1313664405126
21.175,-3.52965247526116,-0.0803773731136506,-8.1415526795571
21.1775,-3.52455801740795,-0.0803773731136506,-8.1109939624236
21.18,-3.49399127028868,-0.0803773731136506,-8.1008077233791
21.1825,-3.46851898102263,-0.0803773731136506,-8.1619251576461
21.185,-3.48380235458226,-0.0803773731136506,-8.1211802014681
21.1875,-3.45833006531621,-0.0803773731136506,-8.10590084290135
21.19,-3.49399127028868,-0.0803773731136506,-8.1721113966906
21.1925,-3.453235607463,-0.0803773731136506,-8.12627332099035
21.195,-3.46342452316942,-0.0803773731136506,-8.09571460385685
21.1975,-3.42776331819694,-0.0803773731136506,-8.0906214843346
21.2,-3.42266886034373,-0.0803773731136506,-8.07534212576785
21.2025,-3.41757440249052,-0.075281680307862,-8.08552836481235
21.205,-3.41247994463731,-0.0803773731136506,-8.07534212576785
21.2075,-3.46342452316942,-0.0854730659194392,-8.0804352452901
21.21,-3.4073854867841,-0.0803773731136506,-8.07024900624561
21.2125,-3.68758066871069,-0.0803773731136506,-8.1008077233791
21.215,-3.646825005885,-0.0803773731136506,-8.10590084290135
21.2175,-3.52965247526116,-0.0803773731136506,-8.1415526795571
21.22,-3.39719657107768,-0.0803773731136506,-8.07024900624561
21.2225,-3.49908572814189,-0.0803773731136506,-8.06515588672336
21.225,-3.59078596949968,-0.0803773731136506,-8.10590084290135
21.2275,-3.47361343887584,-0.0803773731136506,-8.26888066761334
21.23,-3.50927464384831,-0.075281680307862,-8.27397378713559
21.2325,-3.51436910170153,-0.075281680307862,-8.18229763573509
21.235,-3.453235607463,-0.0803773731136506,-8.10590084290135
21.2375,-3.44814114960979,-0.0803773731136506,-8.13645956003485
21.24,-3.43795223390337,-0.0803773731136506,-8.1211802014681
21.2425,-3.43285777605016,-0.0803773731136506,-8.12627332099035
21.245,-3.44814114960979,-0.0803773731136506,-8.15683203812385
21.2475,-3.46342452316942,-0.0803773731136506,-8.1415526795571
21.25,-3.46851898102263,-0.0803773731136506,-8.17720451621285
21.2525,-3.47361343887584,-0.075281680307862,-8.18739075525735
21.255,-3.40229102893089,-0.0803773731136506,-8.18229763573509
21.2575,-3.40229102893089,-0.0803773731136506,-8.19248387477959
21.26,-3.34625199254558,-0.0803773731136506,-8.22304259191309
21.2625,-3.34625199254558,-0.0803773731136506,-8.23322883095759
21.265,-3.34625199254558,-0.0803773731136506,-8.19757699430184
21.2675,-0.0959878821972175,-0.0803773731136506,-8.20267011382409
21.27,-0.0959878821972175,-0.0803773731136506,-8.20267011382409
21.2725,-0.0959878821972175,-0.0803773731136506,-8.24341507000209
21.275,-0.0908934243440065,-0.0803773731136506,-8.23832195047984
21.2775,-3.05586789491257,-0.0854730659194392,-8.20776323334634
21.28,-3.08643464203184,-0.0803773731136506,-8.21794947239084
21.2825,-3.08643464203184,-0.0803773731136506,-8.24341507000209
21.285,-3.01001777423368,-0.0803773731136506,-8.24850818952434
21.2875,-3.01001777423368,-0.0803773731136506,-8.24850818952434
21.29,-3.01001777423368,-0.0803773731136506,-8.20267011382409
21.2925,-0.0959878821972175,-0.0803773731136506,-8.20267011382409
21.295,-0.0908934243440065,-0.0803773731136506,-8.22304259191309
21.2975,-0.0959878821972175,-0.0803773731136506,-8.22813571143534
21.3,-0.0908934243440065,-0.0803773731136506,-8.21794947239084
21.3025,-3.10681247344468,-0.0803773731136506,-8.23322883095759
21.305,-3.10171801559147,-0.0803773731136506,-8.22813571143534
21.3075,-3.11190693129789,-0.0803773731136506,-8.24341507000209
21.31,-3.11190693129789,-0.0803773731136506,-8.19248387477959
21.3125,-3.13737922056394,-0.0803773731136506,-8.23322883095759
21.315,-3.17304042553642,-0.0803773731136506,-8.20267011382409
21.3175,-3.12209584700431,-0.0803773731136506,-8.34527746044708
21.32,-3.13228476271073,-0.0803773731136506,-8.32490498235808
21.3225,-3.14247367841715,-0.0803773731136506,-8.32490498235808
21.325,-3.14247367841715,-0.0803773731136506,-8.23832195047984
21.3275,-3.24436283548136,-0.0854730659194392,-8.37583617758058
21.33,-3.17813488338963,-0.0803773731136506,-8.41658113375857
21.3325,-3.18832379909605,-0.0803773731136506,-8.26888066761334
21.335,-3.14247367841715,-0.0803773731136506,-8.32999810188033
21.3375,-3.18322934124284,-0.0803773731136506,-8.24850818952434
21.34,-3.2137960883621,-0.0803773731136506,-8.26378754809109
21.3425,-3.22907946192173,-0.075281680307862,-8.32490498235808
21.345,-3.26474066689421,-0.0803773731136506,-8.35546369949158
21.3475,-3.259646209041,-0.0803773731136506,-8.35546369949158
21.35,-3.32587416113273,-0.0803773731136506,-8.32490498235808
21.3525,-3.30549632971989,-0.0803773731136506,-8.36055681901383
21.355,-3.34625199254558,-0.0803773731136506,-8.34018434092483
21.3575,-3.34115753469236,-0.0803773731136506,-8.28416002618009
21.36,-3.44304669175658,-0.0803773731136506,-8.38092929710283
21.3625,-3.44304669175658,-0.0803773731136506,-8.31471874331358
21.365,-3.46851898102263,-0.0803773731136506,-8.34018434092483
21.3675,-3.46342452316942,-0.0803773731136506,-8.46241920945882
21.37,-3.50927464384831,-0.0803773731136506,-8.28416002618009
21.3725,-3.58059705379326,-0.0803773731136506,-8.27906690665784
21.375,-3.59078596949968,-0.0803773731136506,-8.37074305805833
21.3775,-3.67739175300426,-0.075281680307862,-8.28925314570234
21.38,-3.61116380091253,-0.0803773731136506,-8.33509122140258
21.3825,-3.63154163232537,-0.0803773731136506,-8.21285635286859
21.385,-3.646825005885,-0.0803773731136506,-8.25869442856884
21.3875,-3.67739175300426,-0.0803773731136506,-8.28416002618009
21.39,-3.71305295797674,-0.0803773731136506,-8.30453250426909
21.3925,-3.75890307865563,-0.0803773731136506,-8.23832195047984
21.395,-3.83022548860058,-0.0803773731136506,-8.26378754809109
21.3975,-3.76909199436206,-0.0803773731136506,-8.23322883095759
21.4,-3.82003657289416,-0.0803773731136506,-8.23322883095759
21.4025,-3.83531994645379,-0.0803773731136506,-8.23322883095759
21.405,-3.840414404307,-0.0803773731136506,-8.24850818952434
21.4075,-3.840414404307,-0.0803773731136506,-8.26378754809109
21.41,-3.84550886216021,-0.0803773731136506,-8.25869442856884
21.4125,-3.83531994645379,-0.0803773731136506,-8.24850818952434
21.415,-3.86588669357306,-0.0803773731136506,-8.38602241662508
21.4175,-3.84550886216021,-0.0803773731136506,-8.26378754809109
21.42,-3.86079223571985,-0.0803773731136506,-8.26378754809109
21.4225,-3.84550886216021,-0.0854730659194392,-8.36055681901383
21.425,-3.84550886216021,-0.0803773731136506,-8.26378754809109
21.4275,-3.85060332001342,-0.0803773731136506,-8.26888066761334
21.43,-3.84550886216021,-0.0803773731136506,-8.30453250426909
21.4325,-3.82513103074737,-0.0803773731136506,-8.30453250426909
21.435,-3.80475319933453,-0.0803773731136506,-8.37074305805833
21.4375,-3.80984765718774,-0.0803773731136506,-8.31981186283583
21.44,-3.80475319933453,-0.0803773731136506,-8.45732608993657
21.4425,-0.0908934243440065,-0.0803773731136506,-8.29943938474683
21.445,-3.86079223571985,-0.0803773731136506,-8.31981186283583
21.4475,-3.86079223571985,-0.0803773731136506,-8.31981186283583
21.45,-3.86588669357306,-0.0803773731136506,-8.42676737280307
21.4525,-3.86079223571985,-0.0803773731136506,-8.34018434092483
21.455,-3.82003657289416,-0.0854730659194392,-8.42676737280307
21.4575,-3.85569777786664,-0.0803773731136506,-8.46751232898107
21.46,-3.89645344069232,-0.0803773731136506,-8.56937471942606
21.4625,-3.90154789854553,-0.0803773731136506,-8.47769856802557
21.465,-3.90664235639874,-0.0803773731136506,-8.46241920945882
21.4675,-3.91683127210516,-0.0803773731136506,-8.47769856802557
21.47,-3.95249247707764,-0.0803773731136506,-8.48279168754782
21.4725,-3.96777585063727,-0.0803773731136506,-8.47260544850332
21.475,-3.97287030849048,-0.075281680307862,-8.52862976324807
21.4775,-3.93211464566479,-0.0803773731136506,-8.51844352420357
21.48,-3.96268139278406,-0.0803773731136506,-8.51335040468132
21.4825,-4.01362597131616,-0.0803773731136506,-8.48788480707007
21.485,-4.01362597131616,-0.0803773731136506,-8.52862976324807
21.4875,-3.99834259775653,-0.0803773731136506,-8.52862976324807
21.49,-3.99834259775653,-0.0803773731136506,-8.53372288277031
21.4925,-3.99834259775653,-0.0803773731136506,-8.49297792659232
21.495,-4.03909826058222,-0.0803773731136506,-8.56937471942606
21.4975,-4.0289093448758,-0.0803773731136506,-8.39620865566958
21.5,-4.03909826058222,-0.0803773731136506,-8.40639489471408
21.5025,-4.03400380272901,-0.0803773731136506,-8.47769856802557
21.505,-4.04928717628864,-0.0803773731136506,-8.40130177519183
21.5075,-4.10023175482074,-0.0803773731136506,-8.43695361184757
21.51,-4.10023175482074,-0.0803773731136506,-8.53372288277031
21.5125,-4.04928717628864,-0.0803773731136506,-8.39111553614733
21.515,-4.03909826058222,-0.0803773731136506,-8.39620865566958
21.5175,-4.11551512838038,-0.0803773731136506,-8.46751232898107
21.52,-4.0798539234079,-0.0803773731136506,-8.47260544850332
21.5225,-4.13079850194001,-0.0803773731136506,-8.50316416563682
21.525,-4.13589295979322,-0.0803773731136506,-8.47769856802557
21.5275,-4.14608187549964,-0.0803773731136506,-8.46751232898107
21.53,-4.13079850194001,-0.0803773731136506,-8.46241920945882
21.5325,-4.19702645403174,-0.0803773731136506,-8.46751232898107
21.535,-4.19193199617853,-0.0803773731136506,-8.47260544850332
21.5375,-4.12060958623359,-0.0803773731136506,-8.48788480707007
21.54,-4.18174308047211,-0.0803773731136506,-8.49297792659232
21.5425,-4.25815994827027,-0.0803773731136506,-8.60502655608181
21.545,-4.15117633335285,-0.0803773731136506,-8.50316416563682
21.5475,-4.20721536973817,-0.0803773731136506,-8.51335040468132
21.55,-4.18683753832532,-0.0803773731136506,-8.52862976324807
21.5525,-4.17155416476569,-0.0803773731136506,-8.52862976324807
21.555,-4.19702645403174,-0.0803773731136506,-8.55409536085931
21.5575,-4.17155416476569,-0.0803773731136506,-8.61011967560406
21.56,-4.16136524905927,-0.0854730659194392,-8.58465407799281
21.5625,-4.1766486226189,-0.0803773731136506,-8.64577151225981
21.565,-4.15627079120606,-0.0854730659194392,-8.54390912181481
21.5675,-4.15117633335285,-0.0803773731136506,-8.54390912181481
21.57,-4.14608187549964,-0.0803773731136506,-8.54390912181481
21.5725,-4.16136524905927,-0.0803773731136506,-8.60502655608181
21.575,-4.14098741764643,-0.0803773731136506,-8.53372288277031
21.5775,-4.13589295979322,-0.0803773731136506,-8.53881600229256
21.58,-4.13589295979322,-0.0803773731136506,-8.55918848038156
21.5825,-4.13589295979322,-0.0803773731136506,-8.56428159990381
21.585,-4.11551512838038,-0.0803773731136506,-8.6559577513043
21.5875,-4.11551512838038,-0.0803773731136506,-8.55918848038156
21.59,-4.11551512838038,-0.0803773731136506,-8.59484031703731
21.5925,-4.10532621267395,-0.0803773731136506,-8.59484031703731
21.595,-4.09513729696753,-0.0803773731136506,-8.61521279512631
21.5975,-4.09004283911432,-0.0803773731136506,-8.60502655608181
21.6,-4.10023175482074,-0.0803773731136506,-8.57956095847056
21.6025,-4.06966500770148,-0.0803773731136506,-8.57956095847056
21.605,-4.05438163414185,-0.0803773731136506,-8.56937471942606
21.6075,-4.03909826058222,-0.0803773731136506,-8.56428159990381
21.61,-4.06966500770148,-0.0803773731136506,-8.59993343655956
21.6125,-4.06457054984827,-0.0803773731136506,-8.55409536085931
21.615,-3.9830592241969,-0.0803773731136506,-8.58974719751506
21.6175,-4.04419271843543,-0.0803773731136506,-8.59484031703731
21.62,-4.03909826058222,-0.0803773731136506,-8.66105087082655
21.6225,-3.92702018781158,-0.0803773731136506,-8.56937471942606
21.625,-3.8862645249859,-0.0803773731136506,-8.66105087082655
21.6275,-3.93211464566479,-0.0803773731136506,-8.59993343655956
21.63,-3.92702018781158,-0.0803773731136506,-8.7068889465268
21.6325,-3.92702018781158,-0.0803773731136506,-8.6661439903488
21.635,-0.0959878821972175,-0.0803773731136506,-8.63558527321531
21.6375,-3.79965874148132,-0.0803773731136506,-8.61521279512631
21.64,-3.77928091006848,-0.0803773731136506,-8.61521279512631
21.6425,-3.75890307865563,-0.0803773731136506,-8.6967027074823
21.645,-3.71305295797674,-0.0803773731136506,-8.6661439903488
21.6475,-3.72324187368316,-0.0803773731136506,-8.69160958796005
21.65,-3.76399753650884,-0.0854730659194392,-8.7476339027048
21.6525,-3.76399753650884,-0.0803773731136506,-8.65086463178205
21.655,-3.76909199436206,-0.0803773731136506,-8.67123710987105
21.6575,-3.74871416294921,-0.0803773731136506,-8.74254078318255
21.66,-3.75380862080242,-0.0803773731136506,-8.6763302293933
21.6625,-3.70795850012353,-0.0803773731136506,-8.71198206604905
21.665,-3.69776958441711,-0.0803773731136506,-8.6559577513043
21.6675,-3.66720283729784,-0.0803773731136506,-8.62030591464856
21.67,-3.646825005885,-0.0803773731136506,-8.80875133697179
21.6725,-3.58059705379326,-0.0803773731136506,-8.79856509792729
21.675,-3.58059705379326,-0.0803773731136506,-8.6559577513043
21.6775,-3.57550259594005,-0.0803773731136506,-8.6559577513043
21.68,-3.51946355955474,-0.0803773731136506,-8.83421693458304
21.6825,-3.53984139096758,-0.0803773731136506,-8.67123710987105
21.685,-3.49908572814189,-0.0803773731136506,-8.6661439903488
21.6875,-3.46851898102263,-0.0803773731136506,-8.6967027074823
21.69,-3.41757440249052,-0.0803773731136506,-8.63049215369306
21.6925,-3.41247994463731,-0.0803773731136506,-8.63049215369306
21.695,-3.41247994463731,-0.0803773731136506,-8.63049215369306
21.6975,-3.38700765537126,-0.0803773731136506,-8.63558527321531
21.7,-3.33606307683915,-0.0803773731136506,-8.74254078318255
21.7025,-3.38191319751805,-0.075281680307862,-8.66105087082655
21.705,-3.38191319751805,-0.0803773731136506,-8.7170751855713
21.7075,-3.31568524542631,-0.0803773731136506,-8.65086463178205
21.71,-3.32587416113273,-0.0803773731136506,-8.6967027074823
21.7125,-3.29530741401347,-0.0803773731136506,-8.69160958796005
21.715,-3.30040187186668,-0.0803773731136506,-8.69160958796005
21.7175,-3.28511849830705,-0.0803773731136506,-8.70179582700455
21.72,-3.29530741401347,-0.0803773731136506,-8.7170751855713
21.7225,-3.27492958260063,-0.0803773731136506,-8.7068889465268
21.725,-3.30040187186668,-0.0803773731136506,-8.6967027074823
21.7275,-3.259646209041,-0.0803773731136506,-8.7170751855713
21.73,-3.32077970327952,-0.0803773731136506,-8.72216830509355
21.7325,-3.259646209041,-0.0803773731136506,-8.7476339027048
21.735,-3.259646209041,-0.0803773731136506,-8.79347197840504
21.7375,-3.24436283548136,-0.0803773731136506,-8.72216830509355
21.74,-3.25455175118779,-0.0803773731136506,-8.7476339027048
21.7425,-3.25455175118779,-0.0803773731136506,-8.7578201417493
21.745,-3.25455175118779,-0.0803773731136506,-8.63049215369306
21.7475,-0.0959878821972175,-0.0803773731136506,-8.64577151225981
21.75,-0.0959878821972175,-0.0854730659194392,-8.64067839273756
21.7525,-0.0959878821972175,-0.0803773731136506,-8.6763302293933
21.755,-3.25455175118779,-0.075281680307862,-8.7476339027048
21.7575,-3.24945729333457,-0.0803773731136506,-8.77819261983829
21.76,-3.24436283548136,-0.0803773731136506,-8.7578201417493
21.7625,-3.22398500406852,-0.0803773731136506,-8.68142334891555
21.765,-3.25455175118779,-0.0803773731136506,-8.76291326127155
21.7675,-3.24436283548136,-0.0803773731136506,-8.69160958796005
21.77,-3.23417391977494,-0.0803773731136506,-8.74254078318255
21.7725,-3.22907946192173,-0.0803773731136506,-8.7170751855713
21.775,-3.26983512474742,-0.0803773731136506,-8.74254078318255
21.7775,-3.26983512474742,-0.0803773731136506,-8.7272614246158
21.78,-3.26474066689421,-0.0803773731136506,-8.74254078318255
21.7825,-3.28511849830705,-0.0803773731136506,-8.7068889465268
21.785,-3.31568524542631,-0.0803773731136506,-8.7374476636603
21.7875,-3.31568524542631,-0.0803773731136506,-8.75272702222705
21.79,-3.31568524542631,-0.0803773731136506,-8.76291326127155
21.7925,-3.31568524542631,-0.0803773731136506,-8.71198206604905
21.795,-3.29021295616026,-0.0803773731136506,-8.68142334891555
21.7975,-3.28002404045384,-0.0803773731136506,-8.6865164684378
21.8,-3.3105907875731,-0.0803773731136506,-8.68142334891555
21.8025,-3.34625199254558,-0.0803773731136506,-8.76800638079379
21.805,-3.33096861898594,-0.0803773731136506,-8.7170751855713
21.8075,-3.356440908252,-0.0803773731136506,-8.73235454413805
21.81,-3.356440908252,-0.0803773731136506,-8.76800638079379
21.8125,-3.34625199254558,-0.075281680307862,-8.76800638079379
21.815,-3.37172428181163,-0.0803773731136506,-8.7272614246158
21.8175,-3.37681873966484,-0.0803773731136506,-8.74254078318255
21.82,-3.37681873966484,-0.0803773731136506,-8.74254078318255
21.8225,-3.45833006531621,-0.0803773731136506,-8.7578201417493
21.825,-3.48889681243547,-0.0803773731136506,-8.7578201417493
21.8275,-3.48380235458226,-0.0803773731136506,-8.77819261983829
21.83,-3.48889681243547,-0.0803773731136506,-8.80365821744954
21.8325,-3.51436910170153,-0.0803773731136506,-8.7374476636603
21.835,-3.49399127028868,-0.0803773731136506,-8.75272702222705
21.8375,-3.55512476452721,-0.0803773731136506,-8.7578201417493
21.84,-3.55512476452721,-0.0803773731136506,-8.79347197840504
21.8425,-3.550030306674,-0.0803773731136506,-8.73235454413805
21.845,-3.550030306674,-0.0803773731136506,-8.73235454413805
21.8475,-3.56531368023363,-0.0854730659194392,-8.72216830509355
21.85,-3.60606934305932,-0.0803773731136506,-8.78328573936054
21.8525,-3.61116380091253,-0.0803773731136506,-8.75272702222705
21.855,-3.61625825876574,-0.0803773731136506,-8.80365821744954
21.8575,-3.60606934305932,-0.0803773731136506,-8.76291326127155
21.86,-3.60606934305932,-0.0803773731136506,-8.76800638079379
21.8625,-3.62644717447216,-0.0803773731136506,-8.83421693458304
21.865,-3.65191946373821,-0.0803773731136506,-8.77309950031604
21.8675,-3.61625825876574,-0.0803773731136506,-8.87496189076104
21.87,-3.63663609017858,-0.0803773731136506,-8.76291326127155
21.8725,-3.62135271661895,-0.0803773731136506,-8.77309950031604
21.875,-3.62135271661895,-0.0803773731136506,-8.74254078318255
21.8775,-3.64173054803179,-0.0803773731136506,-8.83931005410529
21.88,-3.63154163232537,-0.0803773731136506,-8.79347197840504
21.8825,-3.60606934305932,-0.0803773731136506,-8.80365821744954
21.885,-3.62135271661895,-0.075281680307862,-8.79856509792729
21.8875,-3.62135271661895,-0.0803773731136506,-8.76800638079379
21.89,-3.62644717447216,-0.0803773731136506,-8.79856509792729
21.8925,-3.61625825876574,-0.0803773731136506,-8.81893757601629
21.895,-3.61625825876574,-0.0803773731136506,-8.79347197840504
21.8975,-3.62135271661895,-0.0803773731136506,-8.78328573936054
21.9,-3.65191946373821,-0.0803773731136506,-8.78837885888279
21.9025,-3.65701392159142,-0.0803773731136506,-8.7476339027048
21.905,-3.65191946373821,-0.0803773731136506,-8.82403069553854
21.9075,-3.646825005885,-0.0803773731136506,-8.78328573936054
21.91,-3.65701392159142,-0.0803773731136506,-8.77819261983829
21.9125,-3.66210837944463,-0.0803773731136506,-8.79347197840504
21.915,-3.67229729515105,-0.0803773731136506,-8.75272702222705
21.9175,-3.67229729515105,-0.0803773731136506,-8.7578201417493
21.92,-3.67739175300426,-0.0803773731136506,-8.75272702222705
21.9225,-3.67739175300426,-0.0803773731136506,-8.7374476636603
21.925,-3.68248621085748,-0.075281680307862,-8.7272614246158
21.9275,-3.70795850012353,-0.0803773731136506,-8.7068889465268
21.93,-3.68758066871069,-0.0803773731136506,-8.72216830509355
21.9325,-3.72833633153637,-0.0803773731136506,-8.7272614246158
21.935,-3.73852524724279,-0.0803773731136506,-8.7170751855713
21.9375,-3.68248621085748,-0.075281680307862,-8.7170751855713
21.94,-3.68758066871069,-0.0803773731136506,-8.72216830509355
21.9425,-3.67739175300426,-0.0803773731136506,-8.6967027074823
21.945,-3.67739175300426,-0.0803773731136506,-8.73235454413805
21.9475,-3.68758066871069,-0.0803773731136506,-8.7272614246158
21.95,-3.6926751265639,-0.0803773731136506,-8.71198206604905
21.9525,-3.70286404227032,-0.0803773731136506,-8.72216830509355
21.955,-3.6926751265639,-0.075281680307862,-8.72216830509355
21.9575,-3.70286404227032,-0.0803773731136506,-8.68142334891555
21.96,-3.71814741582995,-0.0803773731136506,-8.68142334891555
21.9625,-3.76399753650884,-0.075281680307862,-8.7068889465268
21.965,-3.71814741582995,-0.0803773731136506,-8.69160958796005
21.9675,-3.82513103074737,-0.0803773731136506,-8.6865164684378
21.97,-3.72833633153637,-0.0803773731136506,-8.64067839273756
21.9725,-3.70795850012353,-0.0803773731136506,-8.67123710987105
21.975,-3.73852524724279,-0.0803773731136506,-8.66105087082655
21.9775,-3.72324187368316,-0.0803773731136506,-8.6661439903488
21.98,-3.72833633153637,-0.0803773731136506,-8.6559577513043
21.9825,-3.72324187368316,-0.075281680307862,-8.6559577513043
21.985,-3.73343078938958,-0.0803773731136506,-8.64577151225981
21.9875,-3.76909199436206,-0.0803773731136506,-8.64577151225981
21.99,-3.76909199436206,-0.0803773731136506,-8.63049215369306
21.9925,-3.743619705096,-0.0803773731136506,-8.62030591464856
21.995,-3.79456428362811,-0.0803773731136506,-8.61521279512631
21.9975,-3.79456428362811,-0.0803773731136506,-8.61011967560406
22,-3.78437536792169,-0.0803773731136506,-8.63049215369306
22.0025,-3.78437536792169,-0.0803773731136506,-8.58465407799281
22.005,-3.78437536792169,-0.0803773731136506,-8.58974719751506
22.0075,-3.79456428362811,-0.0803773731136506,-8.59484031703731
22.01,-3.79965874148132,-0.0803773731136506,-8.59484031703731
22.0125,-3.80475319933453,-0.075281680307862,-8.7476339027048
22.015,-3.80984765718774,-0.075281680307862,-8.56428159990381
22.0175,-3.81494211504095,-0.0803773731136506,-8.58974719751506
22.02,-3.82003657289416,-0.0803773731136506,-8.57446783894831
22.0225,-3.81494211504095,-0.0803773731136506,-8.61011967560406
22.025,-3.88117006713269,-0.0803773731136506,-8.58974719751506
22.0275,-3.87607560927948,-0.0854730659194392,-8.61011967560406
22.03,-3.86079223571985,-0.0803773731136506,-8.54390912181481
22.0325,-3.86588669357306,-0.0803773731136506,-8.61521279512631
22.035,-3.86588669357306,-0.0803773731136506,-8.54900224133706
22.0375,-3.840414404307,-0.0803773731136506,-8.55409536085931
22.04,-3.8862645249859,-0.075281680307862,-8.54900224133706
22.0425,-3.86588669357306,-0.0803773731136506,-8.54900224133706
22.045,-3.87098115142627,-0.0803773731136506,-8.59484031703731
22.0475,-3.87607560927948,-0.0803773731136506,-8.55409536085931
22.05,-3.87098115142627,-0.0803773731136506,-8.55409536085931
22.0525,-3.90154789854553,-0.0803773731136506,-8.54390912181481
22.055,-3.89645344069232,-0.0803773731136506,-8.56937471942606
22.0575,-3.89645344069232,-0.0803773731136506,-8.63049215369306
22.06,-3.89135898283911,-0.0803773731136506,-8.51335040468132
22.0625,-3.89645344069232,-0.0803773731136506,-8.49297792659232
22.065,-3.91173681425195,-0.0803773731136506,-8.52353664372582
22.0675,-3.8862645249859,-0.0803773731136506,-8.51335040468132
22.07,-3.8862645249859,-0.0803773731136506,-8.54390912181481
22.0725,-3.87607560927948,-0.0803773731136506,-8.54390912181481
22.075,-3.88117006713269,-0.0803773731136506,-8.47769856802557
22.0775,-3.87607560927948,-0.0803773731136506,-8.48279168754782
22.08,-3.90664235639874,-0.0803773731136506,-8.62539903417081
22.0825,-3.8862645249859,-0.0803773731136506,-8.48788480707007
22.085,-3.87098115142627,-0.0803773731136506,-8.46751232898107
22.0875,-3.85569777786664,-0.0803773731136506,-8.46751232898107
22.09,-3.83531994645379,-0.0803773731136506,-8.50825728515907
22.0925,-3.83022548860058,-0.0803773731136506,-8.50825728515907
22.095,-3.840414404307,-0.0803773731136506,-8.46751232898107
22.0975,-3.80475319933453,-0.0803773731136506,-8.46751232898107
22.1,-3.7894698257749,-0.0803773731136506,-8.48279168754782
22.1025,-3.78437536792169,-0.0803773731136506,-8.44713985089207
22.105,-3.77928091006848,-0.0803773731136506,-8.47769856802557
22.1075,-3.76399753650884,-0.075281680307862,-8.46751232898107
22.11,-3.76909199436206,-0.0803773731136506,-8.47260544850332
22.1125,-3.7894698257749,-0.075281680307862,-8.43695361184757
22.115,-3.71305295797674,-0.0803773731136506,-8.44713985089207
22.1175,-3.69776958441711,-0.0803773731136506,-8.48788480707007
22.12,-3.66210837944463,-0.0803773731136506,-8.50825728515907
22.1225,-3.62135271661895,-0.0803773731136506,-8.46751232898107
22.125,-3.58569151164647,-0.0803773731136506,-8.46241920945882
22.1275,-3.57550259594005,-0.0803773731136506,-8.46751232898107
22.13,-3.58569151164647,-0.0803773731136506,-8.45732608993657
22.1325,-3.52455801740795,-0.075281680307862,-8.44204673136982
22.135,-3.50927464384831,-0.0803773731136506,-8.45732608993657
22.1375,-3.48889681243547,-0.075281680307862,-8.39620865566958
22.14,-3.48380235458226,-0.0803773731136506,-8.42167425328083
22.1425,-3.46342452316942,-0.0803773731136506,-8.40639489471408
22.145,-3.45833006531621,-0.075281680307862,-8.39111553614733
22.1475,-3.453235607463,-0.0803773731136506,-8.36564993853608
22.15,-3.46851898102263,-0.0803773731136506,-8.38602241662508
22.1525,-3.46342452316942,-0.0803773731136506,-8.38092929710283
22.155,-3.47361343887584,-0.0803773731136506,-8.45732608993657
22.1575,-3.46851898102263,-0.075281680307862,-8.43695361184757
22.16,-3.46342452316942,-0.075281680307862,-8.53372288277031
22.1625,-3.47870789672905,-0.0854730659194392,-8.39111553614733
22.165,-3.43795223390337,-0.0803773731136506,-8.35546369949158
22.1675,-3.42266886034373,-0.0803773731136506,-8.41658113375857
22.17,-3.41757440249052,-0.0803773731136506,-8.34527746044708
22.1725,-3.43795223390337,-0.0803773731136506,-8.32999810188033
22.175,-3.453235607463,-0.0803773731136506,-8.33509122140258
22.1775,-3.44814114960979,-0.0803773731136506,-8.31471874331358
22.18,-3.41757440249052,-0.0803773731136506,-8.30962562379133
22.1825,-3.41757440249052,-0.0803773731136506,-8.29943938474683
22.185,-3.41757440249052,-0.0803773731136506,-8.34527746044708
22.1875,-3.4073854867841,-0.075281680307862,-8.35037057996933
22.19,-3.39719657107768,-0.0803773731136506,-8.31471874331358
22.1925,-3.41757440249052,-0.0803773731136506,-8.36055681901383
22.195,-3.41247994463731,-0.0803773731136506,-8.28416002618009
22.1975,-3.42266886034373,-0.0803773731136506,-8.37074305805833
22.2,-3.4073854867841,-0.0803773731136506,-8.30453250426909
22.2025,-3.39719657107768,-0.0803773731136506,-8.39620865566958
22.205,-3.41247994463731,-0.0803773731136506,-8.30453250426909
22.2075,-3.38700765537126,-0.0803773731136506,-8.27906690665784
22.21,-3.38191319751805,-0.0803773731136506,-8.27906690665784
22.2125,-3.38191319751805,-0.075281680307862,-8.27906690665784
22.215,-3.37681873966484,-0.0803773731136506,-8.30453250426909
22.2175,-3.52455801740795,-0.0803773731136506,-8.32490498235808
22.22,-3.5041801859951,-0.0803773731136506,-8.30962562379133
22.2225,-3.43795223390337,-0.0803773731136506,-8.36564993853608
22.225,-3.43795223390337,-0.0803773731136506,-8.29943938474683
22.2275,-3.43795223390337,-0.0803773731136506,-8.29434626522459
22.23,-3.5041801859951,-0.0803773731136506,-8.32490498235808
22.2325,-3.43795223390337,-0.0803773731136506,-8.29434626522459
22.235,-3.53984139096758,-0.0803773731136506,-8.41148801423633
22.2375,-3.60097488520611,-0.0854730659194392,-8.24341507000209
22.24,-3.48889681243547,-0.0803773731136506,-8.36564993853608
22.2425,-3.51436910170153,-0.0803773731136506,-8.23322883095759
22.245,-3.54493584882079,-0.0803773731136506,-8.21794947239084
22.2475,-3.54493584882079,-0.0803773731136506,-8.27906690665784
22.25,-3.54493584882079,-0.0803773731136506,-8.16701827716835
22.2525,-3.56531368023363,-0.0803773731136506,-8.37074305805833
22.255,-3.57040813808684,-0.0803773731136506,-8.29943938474683
22.2575,-3.56531368023363,-0.0803773731136506,-8.22813571143534
22.26,-3.58569151164647,-0.0803773731136506,-8.22813571143534
22.2625,-3.60606934305932,-0.0803773731136506,-8.31471874331358
22.265,-3.60606934305932,-0.0803773731136506,-8.26378754809109
22.2675,-3.63154163232537,-0.0803773731136506,-8.24341507000209
22.27,-3.63154163232537,-0.0803773731136506,-8.22304259191309
22.2725,-3.64173054803179,-0.0803773731136506,-8.24341507000209
22.275,-3.61625825876574,-0.0803773731136506,-8.24850818952434
22.2775,-3.62644717447216,-0.0803773731136506,-8.18229763573509
22.28,-3.63663609017858,-0.0803773731136506,-8.21794947239084
22.2825,-3.64173054803179,-0.0803773731136506,-8.18739075525735
22.285,-3.65191946373821,-0.0803773731136506,-8.19757699430184
22.2875,-3.75380862080242,-0.075281680307862,-8.18739075525735
22.29,-3.70286404227032,-0.0803773731136506,-8.22304259191309
22.2925,-3.71305295797674,-0.0803773731136506,-8.13645956003485
22.295,-3.69776958441711,-0.0803773731136506,-8.20267011382409
22.2975,-3.70795850012353,-0.0854730659194392,-8.29943938474683
22.3,-3.71814741582995,-0.0803773731136506,-8.30453250426909
22.3025,-3.72833633153637,-0.0803773731136506,-8.20776323334634
22.305,-3.743619705096,-0.0803773731136506,-8.1721113966906
22.3075,-3.74871416294921,-0.0854730659194392,-8.10590084290135
22.31,-3.77928091006848,-0.0803773731136506,-8.1619251576461
22.3125,-3.77928091006848,-0.0803773731136506,-8.12627332099035
22.315,-3.743619705096,-0.0803773731136506,-8.07024900624561
22.3175,-3.743619705096,-0.0803773731136506,-8.11608708194585
22.32,-3.75890307865563,-0.0803773731136506,-8.12627332099035
22.3225,-3.76399753650884,-0.0803773731136506,-8.1415526795571
22.325,-3.76399753650884,-0.0803773731136506,-8.1619251576461
22.3275,-3.80984765718774,-0.0803773731136506,-8.1415526795571
22.33,-3.80984765718774,-0.0803773731136506,-8.16701827716835
22.3325,-3.80984765718774,-0.0803773731136506,-8.12627332099035
22.335,-3.78437536792169,-0.0803773731136506,-8.14664579907935
22.3375,-3.79456428362811,-0.0803773731136506,-8.1415526795571
22.34,-3.82003657289416,-0.0803773731136506,-8.1109939624236
22.3425,-3.83022548860058,-0.0803773731136506,-8.10590084290135
22.345,-3.84550886216021,-0.0803773731136506,-8.10590084290135
22.3475,-3.81494211504095,-0.0803773731136506,-8.10590084290135
22.35,-3.82003657289416,-0.0803773731136506,-8.09571460385685
22.3525,-3.82003657289416,-0.0803773731136506,-8.1008077233791
22.355,-3.82003657289416,-0.0803773731136506,-8.21794947239084
22.3575,-3.83531994645379,-0.0854730659194392,-8.22813571143534
22.36,-3.86079223571985,-0.0803773731136506,-8.12627332099035
22.3625,-3.83022548860058,-0.0803773731136506,-8.1313664405126
22.365,-3.83531994645379,-0.0803773731136506,-8.12627332099035
22.3675,-3.83022548860058,-0.0803773731136506,-8.1109939624236
22.37,-3.82513103074737,-0.0803773731136506,-8.08552836481235
22.3725,-3.82003657289416,-0.0803773731136506,-8.17720451621285
22.375,-3.82513103074737,-0.0803773731136506,-8.06515588672336
22.3775,-3.85060332001342,-0.0803773731136506,-8.0906214843346
22.38,-3.84550886216021,-0.0803773731136506,-8.13645956003485
22.3825,-3.84550886216021,-0.075281680307862,-8.1721113966906
22.385,-3.88117006713269,-0.0803773731136506,-8.20267011382409
22.3875,-3.85569777786664,-0.075281680307862,-8.04987652815661
22.39,-3.84550886216021,-0.0803773731136506,-8.02441093054536
22.3925,-3.82003657289416,-0.0803773731136506,-8.19248387477959
22.395,-3.82003657289416,-0.0803773731136506,-8.24850818952434
22.3975,-3.81494211504095,-0.0803773731136506,-8.24850818952434
22.4,-3.81494211504095,-0.0803773731136506,-8.27397378713559
22.4025,-3.81494211504095,-0.0803773731136506,-8.28925314570234
22.405,-3.83531994645379,-0.0803773731136506,-8.12627332099035
22.4075,-3.84550886216021,-0.0803773731136506,-8.13645956003485
22.41,-3.81494211504095,-0.0803773731136506,-8.1109939624236
22.4125,-3.80475319933453,-0.0803773731136506,-8.09571460385685
22.415,-3.80475319933453,-0.0803773731136506,-8.0906214843346
22.4175,-3.78437536792169,-0.0803773731136506,-8.1008077233791
22.42,-3.78437536792169,-0.0803773731136506,-8.1109939624236
22.4225,-3.78437536792169,-0.0803773731136506,-8.18739075525735
22.425,-3.78437536792169,-0.0803773731136506,-8.18739075525735
22.4275,-3.76909199436206,-0.0803773731136506,-8.1415526795571
22.43,-3.76399753650884,-0.0803773731136506,-8.08552836481235
22.4325,-3.77928091006848,-0.0803773731136506,-8.05496964767886
22.435,-3.75380862080242,-0.0803773731136506,-8.06006276720111
22.4375,-3.77928091006848,-0.0803773731136506,-8.05496964767886
22.44,-3.7894698257749,-0.0803773731136506,-8.06006276720111
22.4425,-3.75380862080242,-0.0803773731136506,-8.1415526795571
22.445,-3.76909199436206,-0.0803773731136506,-8.14664579907935
22.4475,-3.72833633153637,-0.0803773731136506,-8.04478340863436
22.45,-3.72324187368316,-0.0803773731136506,-8.04987652815661
22.4525,-3.70795850012353,-0.0803773731136506,-8.04478340863436
22.455,-3.72324187368316,-0.0803773731136506,-8.08552836481235
22.4575,-3.70795850012353,-0.0803773731136506,-8.05496964767886
22.46,-3.73343078938958,-0.0803773731136506,-8.05496964767886
22.4625,-3.67229729515105,-0.0803773731136506,-8.06515588672336
22.465,-3.66720283729784,-0.0803773731136506,-8.1109939624236
22.4675,-3.65701392159142,-0.0803773731136506,-8.08552836481235
22.47,-3.68248621085748,-0.0803773731136506,-8.05496964767886
22.4725,-3.65191946373821,-0.0803773731136506,-8.06515588672336
22.475,-3.63663609017858,-0.0803773731136506,-8.04987652815661
22.4775,-3.65701392159142,-0.0803773731136506,-8.0804352452901
22.48,-3.61116380091253,-0.0803773731136506,-8.06006276720111
22.4825,-3.63154163232537,-0.0803773731136506,-8.04987652815661
22.485,-3.59588042735289,-0.0803773731136506,-8.10590084290135
22.4875,-3.59078596949968,-0.0803773731136506,-8.07534212576785
22.49,-3.58569151164647,-0.0803773731136506,-8.10590084290135
22.4925,-3.58569151164647,-0.0803773731136506,-8.0804352452901
22.495,-3.58569151164647,-0.0803773731136506,-8.1008077233791
22.4975,-3.58569151164647,-0.0803773731136506,-8.10590084290135
22.5,-3.58059705379326,-0.0803773731136506,-8.1211802014681
22.5025,-3.61116380091253,-0.0803773731136506,-8.12627332099035
22.505,-3.59078596949968,-0.0803773731136506,-8.1313664405126
22.5075,-3.63154163232537,-0.0803773731136506,-8.14664579907935
22.51,-3.59588042735289,-0.0803773731136506,-8.12627332099035
22.5125,-3.59588042735289,-0.0803773731136506,-8.1415526795571
22.515,-3.59078596949968,-0.0803773731136506,-8.1415526795571
22.5175,-3.58059705379326,-0.0803773731136506,-8.20776323334634
22.52,-3.56021922238042,-0.0803773731136506,-8.1415526795571
22.5225,-3.57550259594005,-0.0803773731136506,-8.1619251576461
22.525,-3.60097488520611,-0.0803773731136506,-8.1619251576461
22.5275,-3.57040813808684,-0.0803773731136506,-8.1721113966906
22.53,-3.53984139096758,-0.0803773731136506,-8.1619251576461
22.5325,-3.53474693311437,-0.0803773731136506,-8.1721113966906
22.535,-3.52455801740795,-0.0803773731136506,-8.22813571143534
22.5375,-3.51946355955474,-0.0803773731136506,-8.18229763573509
22.54,-3.51436910170153,-0.0803773731136506,-8.25360130904659
22.5425,-3.53984139096758,-0.0803773731136506,-8.17720451621285
22.545,-3.51946355955474,-0.0803773731136506,-8.26888066761334
22.5475,-3.54493584882079,-0.0803773731136506,-8.25869442856884
22.55,-3.54493584882079,-0.0803773731136506,-8.28925314570234
22.5525,-3.59588042735289,-0.0803773731136506,-8.1721113966906
22.555,-3.57550259594005,-0.0803773731136506,-8.18229763573509
22.5575,-3.57550259594005,-0.0803773731136506,-8.18229763573509
22.56,-3.61116380091253,-0.075281680307862,-8.19248387477959
22.5625,-3.60606934305932,-0.0803773731136506,-8.18229763573509
22.565,-3.58569151164647,-0.0803773731136506,-8.17720451621285
22.5675,-3.58569151164647,-0.0803773731136506,-8.22304259191309
22.57,-3.65701392159142,-0.0803773731136506,-8.19248387477959
22.5725,-3.63154163232537,-0.0803773731136506,-8.19757699430184
22.575,-3.65701392159142,-0.0803773731136506,-8.21285635286859
22.5775,-3.63154163232537,-0.0803773731136506,-8.22813571143534
22.58,-3.65701392159142,-0.0803773731136506,-8.25869442856884
22.5825,-3.646825005885,-0.0803773731136506,-8.26378754809109
22.585,-3.64173054803179,-0.0803773731136506,-8.24341507000209
22.5875,-3.66210837944463,-0.0803773731136506,-8.24341507000209
22.59,-3.66720283729784,-0.0803773731136506,-8.26378754809109
22.5925,-3.63663609017858,-0.0803773731136506,-8.28925314570234
22.595,-3.61625825876574,-0.0803773731136506,-8.24341507000209
22.5975,-3.60606934305932,-0.0803773731136506,-8.23322883095759
22.6,-3.59588042735289,-0.0803773731136506,-8.23832195047984
22.6025,-3.58059705379326,-0.0803773731136506,-8.22304259191309
22.605,-3.56531368023363,-0.0803773731136506,-8.34527746044708
22.6075,-3.54493584882079,-0.075281680307862,-8.21794947239084
22.61,-3.53474693311437,-0.0854730659194392,-8.20776323334634
22.6125,-3.52455801740795,-0.0803773731136506,-8.23322883095759
22.615,-3.49399127028868,-0.0854730659194392,-8.19248387477959
22.6175,-3.37172428181163,-0.0803773731136506,-8.20267011382409
22.62,-3.36153536610521,-0.0803773731136506,-8.46751232898107
22.6225,-3.33606307683915,-0.0803773731136506,-8.24341507000209
22.625,-3.35134645039879,-0.0803773731136506,-8.21794947239084
22.6275,-3.34625199254558,-0.0803773731136506,-8.21794947239084
22.63,-3.34625199254558,-0.0803773731136506,-8.19757699430184
22.6325,-0.0908934243440065,-0.0803773731136506,-8.20267011382409
22.635,-0.0959878821972175,-0.0803773731136506,-8.23322883095759
22.6375,-0.0959878821972175,-0.0803773731136506,-8.34527746044708
22.64,-3.52455801740795,-0.0803773731136506,-8.35546369949158
22.6425,-3.51946355955474,-0.0803773731136506,-8.26378754809109
22.645,-3.51436910170153,-0.0803773731136506,-8.41148801423633
22.6475,-3.52965247526116,-0.0803773731136506,-8.31981186283583
22.65,-3.53984139096758,-0.0803773731136506,-8.41148801423633
22.6525,-3.550030306674,-0.0803773731136506,-8.25360130904659
22.655,-3.53474693311437,-0.075281680307862,-8.25360130904659
22.6575,-3.49908572814189,-0.0803773731136506,-8.26888066761334
22.66,-3.48889681243547,-0.0803773731136506,-8.28925314570234
22.6625,-3.47870789672905,-0.0803773731136506,-8.47260544850332
22.665,-3.5041801859951,-0.0803773731136506,-8.34527746044708
22.6675,-3.47870789672905,-0.0803773731136506,-8.33509122140258
22.67,-3.44814114960979,-0.0803773731136506,-8.41148801423633
22.6725,-3.48380235458226,-0.0803773731136506,-8.39111553614733
22.675,-3.47870789672905,-0.0803773731136506,-8.39111553614733
22.6775,-3.50927464384831,-0.0803773731136506,-8.32999810188033
22.68,-3.45833006531621,-0.0803773731136506,-8.26378754809109
22.6825,-3.42776331819694,-0.0803773731136506,-8.24850818952434
22.685,-3.37172428181163,-0.0803773731136506,-8.41658113375857
22.6875,-3.37681873966484,-0.0803773731136506,-8.34018434092483
22.69,-3.37681873966484,-0.0803773731136506,-8.26888066761334
22.6925,-3.48889681243547,-0.0803773731136506,-8.26378754809109
22.695,-3.51946355955474,-0.0803773731136506,-8.31981186283583
22.6975,-3.51946355955474,-0.0803773731136506,-8.29943938474683
22.7,-3.51946355955474,-0.0803773731136506,-8.28416002618009
22.7025,-0.0908934243440065,-0.0803773731136506,-8.29943938474683
22.705,-0.0908934243440065,-0.0803773731136506,-8.29943938474683
22.7075,-2.95907319570157,-0.0803773731136506,-8.31471874331358
22.71,-3.03549006349973,-0.0803773731136506,-8.34527746044708
22.7125,-3.03549006349973,-0.0803773731136506,-8.36564993853608
22.715,-3.04567897920615,-0.0803773731136506,-8.34018434092483
22.7175,-2.98963994282083,-0.0803773731136506,-8.35037057996933
22.72,-2.97945102711441,-0.0803773731136506,-8.36055681901383
22.7225,-2.97945102711441,-0.0803773731136506,-8.44204673136982
22.725,-2.94888427999515,-0.0803773731136506,-8.37074305805833
22.7275,-2.94888427999515,-0.0803773731136506,-8.35546369949158
22.73,-2.98963994282083,-0.0803773731136506,-8.39620865566958
22.7325,-3.03039560564652,-0.0803773731136506,-8.38602241662508
22.735,-2.89793970146304,-0.0803773731136506,-8.26888066761334
22.7375,-2.92850644858231,-0.0803773731136506,-8.36055681901383
22.74,-2.9234119907291,-0.0803773731136506,-8.36564993853608
22.7425,-2.9234119907291,-0.075281680307862,-8.34527746044708
22.745,-2.92850644858231,-0.0803773731136506,-8.28925314570234
22.7475,-0.0959878821972175,-0.0803773731136506,-8.29943938474683
22.75,-0.0908934243440065,-0.0803773731136506,-8.45223297041432
22.7525,-0.0908934243440065,-0.0803773731136506,-8.52862976324807
22.755,-0.0908934243440065,-0.0803773731136506,-8.46751232898107
22.7575,-0.0959878821972175,-0.0803773731136506,-8.47260544850332
22.76,-3.03039560564652,-0.0803773731136506,-8.32490498235808
22.7625,-3.06096235276578,-0.0803773731136506,-8.54900224133706
22.765,-3.05077343705936,-0.0803773731136506,-8.36055681901383
22.7675,-3.03549006349973,-0.0803773731136506,-8.35546369949158
22.77,-3.0711512684722,-0.0803773731136506,-8.38092929710283
22.7725,-3.08134018417863,-0.0803773731136506,-8.38092929710283
22.775,-3.11190693129789,-0.0803773731136506,-8.40639489471408
22.7775,-3.09152909988505,-0.0803773731136506,-8.45223297041432
22.78,-3.10171801559147,-0.0803773731136506,-8.42167425328083
22.7825,-3.13228476271073,-0.0803773731136506,-8.46751232898107
22.785,-3.16794596768321,-0.0854730659194392,-8.38092929710283
22.7875,-3.18322934124284,-0.0803773731136506,-8.47260544850332
22.79,-3.17813488338963,-0.0803773731136506,-8.37074305805833
22.7925,-3.259646209041,-0.0803773731136506,-8.37583617758058
22.795,-3.24436283548136,-0.0803773731136506,-8.40639489471408
22.7975,-3.25455175118779,-0.0803773731136506,-8.42676737280307
22.8,-3.28511849830705,-0.0803773731136506,-8.45223297041432
22.8025,-3.29530741401347,-0.0803773731136506,-8.46751232898107
22.805,-3.31568524542631,-0.0803773731136506,-8.46241920945882
22.8075,-3.33606307683915,-0.0803773731136506,-8.55409536085931
22.81,-3.36153536610521,-0.0803773731136506,-8.50825728515907
22.8125,-3.356440908252,-0.0803773731136506,-8.45732608993657
22.815,-3.40229102893089,-0.0803773731136506,-8.48279168754782
22.8175,-3.41757440249052,-0.0803773731136506,-8.49807104611457
22.82,-3.46342452316942,-0.0803773731136506,-8.48788480707007
22.8225,-3.45833006531621,-0.0803773731136506,-8.50825728515907
22.825,-3.44814114960979,-0.0803773731136506,-8.46241920945882
22.8275,-3.47361343887584,-0.0803773731136506,-8.45732608993657
22.83,-3.50927464384831,-0.0803773731136506,-8.48788480707007
22.8325,-3.55512476452721,-0.0803773731136506,-8.47260544850332
22.835,-3.54493584882079,-0.0803773731136506,-8.50825728515907
22.8375,-3.52455801740795,-0.0854730659194392,-8.50825728515907
22.84,-3.52965247526116,-0.0803773731136506,-8.52353664372582
22.8425,-3.53474693311437,-0.0803773731136506,-8.58465407799281
22.845,-3.550030306674,-0.0803773731136506,-8.52353664372582
22.8475,-3.54493584882079,-0.0803773731136506,-8.53372288277031
22.85,-3.53984139096758,-0.0803773731136506,-8.50825728515907
22.8525,-3.53984139096758,-0.0803773731136506,-8.55409536085931
22.855,-3.54493584882079,-0.0803773731136506,-8.52862976324807
22.8575,-3.53474693311437,-0.0803773731136506,-8.53372288277031
22.86,-3.51946355955474,-0.0803773731136506,-8.56428159990381
22.8625,-3.48380235458226,-0.0803773731136506,-8.54390912181481
22.865,-3.5041801859951,-0.0803773731136506,-8.59993343655956
22.8675,-3.49908572814189,-0.0803773731136506,-8.54900224133706
22.87,-3.49399127028868,-0.0803773731136506,-8.56937471942606
22.8725,-3.49908572814189,-0.0803773731136506,-8.55409536085931
22.875,-3.42776331819694,-0.0803773731136506,-8.59484031703731
22.8775,-3.41757440249052,-0.0803773731136506,-8.55409536085931
22.88,-3.41247994463731,-0.0803773731136506,-8.47260544850332
22.8825,-3.4073854867841,-0.0803773731136506,-8.63558527321531
22.885,-3.36662982395842,-0.0803773731136506,-8.61521279512631
22.8875,-3.32587416113273,-0.0803773731136506,-8.50825728515907
22.89,-3.32077970327952,-0.0803773731136506,-8.63558527321531
22.8925,-3.33606307683915,-0.0803773731136506,-8.50316416563682
22.895,-3.30040187186668,-0.0803773731136506,-8.51335040468132
22.8975,-3.25455175118779,-0.0803773731136506,-8.52353664372582
22.9,-3.25455175118779,-0.0803773731136506,-8.51844352420357
22.9025,-3.24436283548136,-0.0803773731136506,-8.53881600229256
22.905,-3.24436283548136,-0.0803773731136506,-8.57956095847056
22.9075,-3.18832379909605,-0.0803773731136506,-8.56428159990381
22.91,-3.41757440249052,-0.0803773731136506,-8.57446783894831
22.9125,-3.19851271480247,-0.0803773731136506,-8.60502655608181
22.915,-3.18322934124284,-0.0803773731136506,-8.56937471942606
22.9175,-3.18322934124284,-0.0803773731136506,-8.57446783894831
22.92,-3.17813488338963,-0.0803773731136506,-8.63049215369306
22.9225,-0.0959878821972175,-0.0803773731136506,-8.65086463178205
22.925,-0.0959878821972175,-0.0803773731136506,-8.58465407799281
22.9275,-0.0959878821972175,-0.0803773731136506,-8.55918848038156
22.93,-3.57040813808684,-0.075281680307862,-8.58974719751506
22.9325,-3.56531368023363,-0.0803773731136506,-8.58465407799281
22.935,-3.49908572814189,-0.0803773731136506,-8.58465407799281
22.9375,-3.48889681243547,-0.0803773731136506,-8.63049215369306
22.94,-3.49399127028868,-0.0803773731136506,-8.58974719751506
22.9425,-3.46851898102263,-0.0803773731136506,-8.61011967560406
22.945,-3.50927464384831,-0.0803773731136506,-8.61521279512631
22.9475,-3.51436910170153,-0.0803773731136506,-8.59484031703731
22.95,-3.5041801859951,-0.0803773731136506,-8.62539903417081
22.9525,-3.41757440249052,-0.075281680307862,-8.66105087082655
22.955,-3.41247994463731,-0.0803773731136506,-8.63558527321531
22.9575,-3.38191319751805,-0.0803773731136506,-8.63049215369306
22.96,-3.38191319751805,-0.0803773731136506,-8.63558527321531
22.9625,-3.43795223390337,-0.0803773731136506,-8.64067839273756
22.965,-3.41247994463731,-0.0803773731136506,-8.6559577513043
22.9675,-3.43285777605016,-0.0803773731136506,-8.62539903417081
22.97,-3.42776331819694,-0.0803773731136506,-8.64577151225981
22.9725,-3.42776331819694,-0.0803773731136506,-8.64067839273756
22.975,-3.43795223390337,-0.0803773731136506,-8.63049215369306
22.9775,-3.43795223390337,-0.0803773731136506,-8.59993343655956
22.98,-3.43285777605016,-0.0803773731136506,-8.59484031703731
22.9825,-3.4073854867841,-0.0803773731136506,-8.61011967560406
22.985,-3.41757440249052,-0.0803773731136506,-8.59993343655956
22.9875,-3.45833006531621,-0.0803773731136506,-8.59484031703731
22.99,-3.47870789672905,-0.0803773731136506,-8.62030591464856
22.9925,-3.48889681243547,-0.0803773731136506,-8.61521279512631
22.995,-3.47361343887584,-0.0803773731136506,-8.61011967560406
22.9975,-3.47361343887584,-0.0803773731136506,-8.62030591464856
23,-3.47870789672905,-0.0803773731136506,-8.62030591464856
23.0025,-0.0959878821972175,-0.0803773731136506,-8.64067839273756
23.005,-0.0908934243440065,-0.0803773731136506,-8.62539903417081
23.0075,-3.69776958441711,-0.0803773731136506,-8.64577151225981
23.01,-3.70286404227032,-0.0803773731136506,-8.54900224133706
23.0125,-3.71814741582995,-0.0803773731136506,-8.6559577513043
23.015,-3.72324187368316,-0.0803773731136506,-8.61011967560406
23.0175,-3.70286404227032,-0.0803773731136506,-8.62539903417081
23.02,-3.73852524724279,-0.0803773731136506,-8.61011967560406
23.0225,-3.72324187368316,-0.0803773731136506,-8.54900224133706
23.025,-3.75380862080242,-0.0803773731136506,-8.57446783894831
23.0275,-3.78437536792169,-0.075281680307862,-8.54900224133706
23.03,-3.83022548860058,-0.0803773731136506,-8.50825728515907
23.0325,-3.80984765718774,-0.0803773731136506,-8.53881600229256
23.035,-3.76909199436206,-0.0803773731136506,-8.52862976324807
23.0375,-3.79456428362811,-0.0803773731136506,-8.54900224133706
23.04,-3.79456428362811,-0.0803773731136506,-8.51844352420357
23.0425,-3.79965874148132,-0.0803773731136506,-8.54390912181481
23.045,-3.80475319933453,-0.0803773731136506,-8.53881600229256
23.0475,-3.80984765718774,-0.075281680307862,-8.57446783894831
23.05,-3.80475319933453,-0.075281680307862,-8.54900224133706
23.0525,-3.83022548860058,-0.075281680307862,-8.53881600229256
23.055,-3.85060332001342,-0.0803773731136506,-8.6763302293933
23.0575,-3.87607560927948,-0.0803773731136506,-8.56937471942606
23.06,-3.87098115142627,-0.075281680307862,-8.58465407799281
23.0625,-3.85569777786664,-0.0803773731136506,-8.60502655608181
23.065,-3.85060332001342,-0.0803773731136506,-8.59993343655956
23.0675,-3.85569777786664,-0.0803773731136506,-8.55409536085931
23.07,-3.83022548860058,-0.0803773731136506,-8.62030591464856
23.0725,-3.83022548860058,-0.0803773731136506,-8.59484031703731
23.075,-3.83022548860058,-0.0803773731136506,-8.59993343655956
23.0775,-3.82003657289416,-0.0803773731136506,-8.56937471942606
23.08,-3.79456428362811,-0.0803773731136506,-8.57446783894831
23.0825,-3.80984765718774,-0.0803773731136506,-8.58465407799281
23.085,-3.77928091006848,-0.0803773731136506,-8.56937471942606
23.0875,-3.77418645221527,-0.0803773731136506,-8.60502655608181
23.09,-3.80984765718774,-0.0803773731136506,-8.56937471942606
23.0925,-3.77418645221527,-0.0803773731136506,-8.57446783894831
23.095,-3.79456428362811,-0.0803773731136506,-8.58974719751506
23.0975,-3.76399753650884,-0.0803773731136506,-8.53881600229256
23.1,-3.77418645221527,-0.0803773731136506,-8.56937471942606
23.1025,-3.80475319933453,-0.0803773731136506,-8.53372288277031
23.105,-3.7894698257749,-0.0803773731136506,-8.51844352420357
23.1075,-3.71305295797674,-0.0803773731136506,-8.50825728515907
23.11,-3.70286404227032,-0.0803773731136506,-8.58465407799281
23.1125,-3.80984765718774,-0.0803773731136506,-8.51844352420357
23.115,-3.68248621085748,-0.0803773731136506,-8.51335040468132
23.1175,-3.65701392159142,-0.0803773731136506,-8.51844352420357
23.12,-3.63154163232537,-0.0803773731136506,-8.50825728515907
23.1225,-3.61116380091253,-0.0803773731136506,-8.52353664372582
23.125,-3.61116380091253,-0.0803773731136506,-8.48788480707007
23.1275,-3.58059705379326,-0.0803773731136506,-8.52862976324807
23.13,-3.60097488520611,-0.0803773731136506,-8.52353664372582
23.1325,-3.56021922238042,-0.0803773731136506,-8.53372288277031
23.135,-3.57550259594005,-0.0803773731136506,-8.50825728515907
23.1375,-3.550030306674,-0.0803773731136506,-8.53881600229256
23.14,-3.53984139096758,-0.0803773731136506,-8.52862976324807
23.1425,-3.52965247526116,-0.0803773731136506,-8.51844352420357
23.145,-3.51436910170153,-0.0803773731136506,-8.50316416563682
23.1475,-3.51946355955474,-0.0803773731136506,-8.49807104611457
23.15,-3.50927464384831,-0.0803773731136506,-8.51335040468132
23.1525,-3.52455801740795,-0.0803773731136506,-8.54390912181481
23.155,-3.60606934305932,-0.0803773731136506,-8.54900224133706
23.1575,-3.49908572814189,-0.0803773731136506,-8.55918848038156
23.16,-3.50927464384831,-0.0803773731136506,-8.55918848038156
23.1625,-3.47361343887584,-0.0803773731136506,-8.53881600229256
23.165,-3.47870789672905,-0.0803773731136506,-8.59484031703731
23.1675,-3.46851898102263,-0.0803773731136506,-8.61011967560406
23.17,-3.45833006531621,-0.0803773731136506,-8.59484031703731
23.1725,-3.43795223390337,-0.0803773731136506,-8.51844352420357
23.175,-3.41247994463731,-0.0803773731136506,-8.61011967560406
23.1775,-3.40229102893089,-0.0803773731136506,-8.67123710987105
23.18,-3.40229102893089,-0.0803773731136506,-8.50825728515907
23.1825,-3.40229102893089,-0.0803773731136506,-8.52353664372582
23.185,-3.34115753469236,-0.0803773731136506,-8.52862976324807
23.1875,-3.33096861898594,-0.0803773731136506,-8.48788480707007
23.19,-3.31568524542631,-0.0803773731136506,-8.49297792659232
23.1925,-3.3105907875731,-0.0803773731136506,-8.48279168754782
23.195,-3.36153536610521,-0.0803773731136506,-8.58974719751506
23.1975,-3.28511849830705,-0.0803773731136506,-8.45732608993657
23.2,-3.28511849830705,-0.0803773731136506,-8.49297792659232
23.2025,-3.29530741401347,-0.0803773731136506,-8.46241920945882
23.205,-3.3105907875731,-0.0803773731136506,-8.51335040468132
23.2075,-3.32077970327952,-0.0803773731136506,-8.54900224133706
23.21,-3.32587416113273,-0.0803773731136506,-8.52353664372582
23.2125,-3.24945729333457,-0.0803773731136506,-8.50316416563682
23.215,-3.26474066689421,-0.0803773731136506,-8.46751232898107
23.2175,-3.2137960883621,-0.0803773731136506,-8.45732608993657
23.22,-3.15775705197678,-0.075281680307862,-8.44713985089207
23.2225,-3.16285150982999,-0.0803773731136506,-8.45223297041432
23.225,-3.15266259412357,-0.0803773731136506,-8.47769856802557
23.2275,-3.1170013891511,-0.0803773731136506,-8.48788480707007
23.23,-3.06605681061899,-0.0803773731136506,-8.58974719751506
23.2325,-3.0711512684722,-0.0803773731136506,-8.49297792659232
23.235,-3.06096235276578,-0.0803773731136506,-8.48788480707007
23.2375,-3.06096235276578,-0.0803773731136506,-8.50825728515907
23.24,-3.06096235276578,-0.0803773731136506,-8.50825728515907
23.2425,-3.06096235276578,-0.0803773731136506,-8.48788480707007
23.245,-3.06605681061899,-0.0803773731136506,-8.61521279512631
23.2475,-3.15775705197678,-0.0803773731136506,-8.51844352420357
23.25,-3.16794596768321,-0.0803773731136506,-8.46751232898107
23.2525,-3.09152909988505,-0.0803773731136506,-8.49297792659232
23.255,-3.09152909988505,-0.0803773731136506,-8.49297792659232
23.2575,-3.15775705197678,-0.0803773731136506,-8.44713985089207
23.26,-3.14247367841715,-0.0803773731136506,-8.40639489471408
23.2625,-3.13228476271073,-0.0803773731136506,-8.40639489471408
23.265,-3.20360717265568,-0.0803773731136506,-8.59993343655956
23.2675,-3.16794596768321,-0.0803773731136506,-8.51844352420357
23.27,-3.17304042553642,-0.0803773731136506,-8.50825728515907
23.2725,-3.18322934124284,-0.0803773731136506,-8.39620865566958
23.275,-3.21889054621531,-0.0803773731136506,-8.39620865566958
23.2775,-3.23926837762815,-0.0803773731136506,-8.39111553614733
23.28,-3.259646209041,-0.0803773731136506,-8.43695361184757
23.2825,-3.28002404045384,-0.0803773731136506,-8.40130177519183
23.285,-3.29530741401347,-0.0803773731136506,-8.41148801423633
23.2875,-3.26474066689421,-0.0803773731136506,-8.40639489471408
23.29,-3.33096861898594,-0.0803773731136506,-8.53372288277031
23.2925,-3.49399127028868,-0.075281680307862,-8.52353664372582
23.295,-3.48380235458226,-0.0803773731136506,-8.40130177519183
23.2975,-3.453235607463,-0.0803773731136506,-8.40130177519183
23.3,-3.50927464384831,-0.0803773731136506,-8.40130177519183
23.3025,-3.46851898102263,-0.0803773731136506,-8.49297792659232
23.305,-3.47361343887584,-0.0803773731136506,-8.40130177519183
23.3075,-3.47870789672905,-0.0803773731136506,-8.43695361184757
23.31,-3.47361343887584,-0.0803773731136506,-8.43186049232532
23.3125,-3.47361343887584,-0.0803773731136506,-8.42676737280307
23.315,-3.48380235458226,-0.0803773731136506,-8.42167425328083
23.3175,-3.51436910170153,-0.0803773731136506,-8.45223297041432
23.32,-3.53984139096758,-0.0803773731136506,-8.40130177519183
23.3225,-3.58569151164647,-0.0803773731136506,-8.36055681901383
23.325,-3.58059705379326,-0.0803773731136506,-8.35546369949158
23.3275,-3.56021922238042,-0.0803773731136506,-8.42676737280307
23.33,-3.58569151164647,-0.0803773731136506,-8.35037057996933
23.3325,-3.57550259594005,-0.0803773731136506,-8.35546369949158
23.335,-3.56531368023363,-0.0803773731136506,-8.41148801423633
23.3375,-3.56531368023363,-0.0803773731136506,-8.33509122140258
23.34,-3.56021922238042,-0.0803773731136506,-8.34527746044708
23.3425,-3.54493584882079,-0.0803773731136506,-8.34018434092483
23.345,-3.57040813808684,-0.0803773731136506,-8.37074305805833
23.3475,-3.550030306674,-0.0803773731136506,-8.42676737280307
23.35,-3.70286404227032,-0.0803773731136506,-8.31471874331358
23.3525,-3.68758066871069,-0.0803773731136506,-8.31471874331358
23.355,-3.67739175300426,-0.0803773731136506,-8.37074305805833
23.3575,-3.68758066871069,-0.0803773731136506,-8.35546369949158
23.36,-3.68758066871069,-0.0803773731136506,-8.32999810188033
23.3625,-3.6926751265639,-0.0803773731136506,-8.30962562379133
23.365,-3.62644717447216,-0.0803773731136506,-8.33509122140258
23.3675,-3.646825005885,-0.0803773731136506,-8.32490498235808
23.37,-3.63663609017858,-0.0803773731136506,-8.31981186283583
23.3725,-3.67229729515105,-0.075281680307862,-8.32999810188033
23.375,-3.63663609017858,-0.0803773731136506,-8.35037057996933
23.3775,-3.68758066871069,-0.0803773731136506,-8.46751232898107
23.38,-3.62644717447216,-0.0803773731136506,-8.33509122140258
23.3825,-3.66720283729784,-0.0803773731136506,-8.32999810188033
23.385,-3.63154163232537,-0.0803773731136506,-8.35037057996933
23.3875,-3.65701392159142,-0.0803773731136506,-8.37583617758058
23.39,-3.60097488520611,-0.0803773731136506,-8.39620865566958
23.3925,-3.64173054803179,-0.0803773731136506,-8.30453250426909
23.395,-3.63154163232537,-0.0803773731136506,-8.40639489471408
23.3975,-3.646825005885,-0.0803773731136506,-8.24850818952434
23.4,-3.61625825876574,-0.0803773731136506,-8.36564993853608
23.4025,-3.60606934305932,-0.0803773731136506,-8.39111553614733
23.405,-3.59588042735289,-0.0803773731136506,-8.27397378713559
23.4075,-3.60606934305932,-0.0803773731136506,-8.28416002618009
23.41,-3.56021922238042,-0.0803773731136506,-8.26888066761334
23.4125,-3.550030306674,-0.0803773731136506,-8.25869442856884
23.415,-3.63663609017858,-0.0803773731136506,-8.27397378713559
23.4175,-3.50927464384831,-0.0803773731136506,-8.26378754809109
23.42,-3.5041801859951,-0.0803773731136506,-8.25360130904659
23.4225,-3.58569151164647,-0.0803773731136506,-8.28925314570234
23.425,-3.65191946373821,-0.0803773731136506,-8.28925314570234
23.4275,-3.65701392159142,-0.0803773731136506,-8.28925314570234
23.43,-3.52455801740795,-0.0803773731136506,-8.25360130904659
23.4325,-3.51946355955474,-0.0803773731136506,-8.25360130904659
23.435,-3.51436910170153,-0.0803773731136506,-8.26378754809109
23.4375,-3.550030306674,-0.0803773731136506,-8.44713985089207
23.44,-3.57550259594005,-0.0803773731136506,-8.25869442856884
23.4425,-3.54493584882079,-0.0803773731136506,-8.28925314570234
23.445,-3.54493584882079,-0.0803773731136506,-8.29434626522459
23.4475,-3.53474693311437,-0.075281680307862,-8.29434626522459
23.45,-3.54493584882079,-0.0803773731136506,-8.24850818952434
23.4525,-3.45833006531621,-0.0803773731136506,-8.24850818952434
23.455,-3.44814114960979,-0.0803773731136506,-8.26888066761334
23.4575,-3.43795223390337,-0.0803773731136506,-8.28925314570234
23.46,-3.41757440249052,-0.0803773731136506,-8.23322883095759
23.4625,-3.39719657107768,-0.0803773731136506,-8.26888066761334
23.465,-3.40229102893089,-0.0803773731136506,-8.29943938474683
23.4675,-3.36662982395842,-0.0803773731136506,-8.27906690665784
23.47,-3.33096861898594,-0.0803773731136506,-8.27906690665784
23.4725,-3.32587416113273,-0.0803773731136506,-8.34527746044708
23.475,-3.28511849830705,-0.0803773731136506,-8.34527746044708
23.4775,-3.26474066689421,-0.0803773731136506,-8.30453250426909
23.48,-3.25455175118779,-0.0803773731136506,-8.46751232898107
23.4825,-3.24436283548136,-0.0803773731136506,-8.22813571143534
23.485,-3.24436283548136,-0.0803773731136506,-8.22304259191309
23.4875,-3.25455175118779,-0.0803773731136506,-8.18739075525735
23.49,-3.22907946192173,-0.0803773731136506,-8.30453250426909
23.4925,-3.22398500406852,-0.0803773731136506,-8.24341507000209
23.495,-3.2137960883621,-0.0803773731136506,-8.27397378713559
23.4975,-3.19341825694926,-0.0803773731136506,-8.24341507000209
23.5,-3.20870163050889,-0.0803773731136506,-8.25869442856884
23.5025,-3.22398500406852,-0.0803773731136506,-8.25869442856884
23.505,-3.22907946192173,-0.0803773731136506,-8.23322883095759
23.5075,-3.17813488338963,-0.0803773731136506,-8.33509122140258
23.51,-3.16285150982999,-0.0803773731136506,-8.22304259191309
23.5125,-3.14247367841715,-0.0803773731136506,-8.23832195047984
23.515,-3.13228476271073,-0.0803773731136506,-8.23832195047984
23.5175,-3.13737922056394,-0.0803773731136506,-8.25869442856884
23.52,-3.13228476271073,-0.0803773731136506,-8.34527746044708
23.5225,-3.15775705197678,-0.0803773731136506,-8.26888066761334
23.525,-3.11190693129789,-0.0803773731136506,-8.26378754809109
23.5275,-3.12719030485752,-0.0803773731136506,-8.27906690665784
23.53,-3.06605681061899,-0.0803773731136506,-8.31471874331358
23.5325,-3.06096235276578,-0.0803773731136506,-8.30962562379133
23.535,-3.03039560564652,-0.0803773731136506,-8.32999810188033
23.5375,-3.03549006349973,-0.0803773731136506,-8.32490498235808
23.54,-3.10681247344468,-0.0803773731136506,-8.34527746044708
23.5425,-3.07624572632541,-0.0803773731136506,-8.34527746044708
23.545,-3.07624572632541,-0.0803773731136506,-8.38602241662508
23.5475,-3.0711512684722,-0.0803773731136506,-8.35546369949158
23.55,-3.05586789491257,-0.0803773731136506,-8.40130177519183
23.5525,-3.0711512684722,-0.0803773731136506,-8.29943938474683
23.555,-3.07624572632541,-0.0803773731136506,-8.29943938474683
23.5575,-3.04058452135294,-0.0803773731136506,-8.40130177519183
23.56,-3.03039560564652,-0.0803773731136506,-8.30453250426909
23.5625,-3.05077343705936,-0.0803773731136506,-8.32490498235808
23.565,-3.03549006349973,-0.0803773731136506,-8.29434626522459
23.5675,-3.03039560564652,-0.0803773731136506,-8.32490498235808
23.57,-3.00492331638047,-0.0803773731136506,-8.31471874331358
23.5725,-2.99982885852726,-0.0803773731136506,-8.32490498235808
23.575,-3.02530114779331,-0.0803773731136506,-8.31471874331358
23.5775,-2.98963994282083,-0.0803773731136506,-8.31471874331358
23.58,-3.0202066899401,-0.0803773731136506,-8.30453250426909
23.5825,-3.01001777423368,-0.0803773731136506,-8.30962562379133
23.585,-3.03039560564652,-0.0803773731136506,-8.28925314570234
23.5875,-3.07624572632541,-0.0803773731136506,-8.29434626522459
23.59,-3.04567897920615,-0.0803773731136506,-8.29943938474683
23.5925,-3.0202066899401,-0.0803773731136506,-8.36564993853608
23.595,-3.05077343705936,-0.0803773731136506,-8.40639489471408
23.5975,-3.07624572632541,-0.0803773731136506,-8.30962562379133
23.6,-3.0711512684722,-0.0803773731136506,-8.40130177519183
23.6025,-3.13737922056394,-0.0854730659194392,-8.38092929710283
23.605,-3.13228476271073,-0.0803773731136506,-8.42676737280307
23.6075,-3.11190693129789,-0.0803773731136506,-8.39620865566958
23.61,-3.13228476271073,-0.0803773731136506,-8.38602241662508
23.6125,-3.12719030485752,-0.0803773731136506,-8.38602241662508
23.615,-3.12209584700431,-0.0803773731136506,-8.37583617758058
23.6175,-3.27492958260063,-0.0854730659194392,-8.37583617758058
23.62,-3.15775705197678,-0.0803773731136506,-8.35546369949158
23.6225,-3.16285150982999,-0.0803773731136506,-8.38602241662508
23.625,-3.16285150982999,-0.0803773731136506,-8.36055681901383
23.6275,-3.15266259412357,-0.0803773731136506,-8.46241920945882
23.63,-3.17813488338963,-0.0803773731136506,-8.38602241662508
23.6325,-3.18322934124284,-0.0803773731136506,-8.36055681901383
23.635,-3.23417391977494,-0.0803773731136506,-8.37074305805833
23.6375,-3.22907946192173,-0.0803773731136506,-8.34018434092483
23.64,-3.19851271480247,-0.0803773731136506,-8.32999810188033
23.6425,-3.32587416113273,-0.0803773731136506,-8.34018434092483
23.645,-3.31568524542631,-0.0803773731136506,-8.32999810188033
23.6475,-3.26983512474742,-0.0803773731136506,-8.34018434092483
23.65,-3.25455175118779,-0.075281680307862,-8.31471874331358
23.6525,-3.26474066689421,-0.0803773731136506,-8.31981186283583
23.655,-3.23417391977494,-0.0803773731136506,-8.32490498235808
23.6575,-3.26474066689421,-0.0803773731136506,-8.31471874331358
23.66,-3.23926837762815,-0.0803773731136506,-8.32490498235808
23.6625,-3.24436283548136,-0.0803773731136506,-8.37074305805833
23.665,-3.22398500406852,-0.0803773731136506,-8.32999810188033
23.6675,-3.27492958260063,-0.0803773731136506,-8.31981186283583
23.67,-3.2137960883621,-0.0803773731136506,-8.38092929710283
23.6725,-3.20360717265568,-0.0803773731136506,-8.37583617758058
23.675,-3.19341825694926,-0.0803773731136506,-8.37583617758058
23.6775,-3.19341825694926,-0.0803773731136506,-0.10461007344729
23.68,-3.17813488338963,-0.0803773731136506,-8.38092929710283
23.6825,-3.20870163050889,-0.0803773731136506,-8.36564993853608
23.685,-3.17304042553642,-0.0803773731136506,-8.36564993853608
23.6875,-3.16794596768321,-0.0803773731136506,-8.35037057996933
23.69,-3.16285150982999,-0.0803773731136506,-8.34527746044708
23.6925,-3.16285150982999,-0.0803773731136506,-8.35546369949158
23.695,-3.16285150982999,-0.0803773731136506,-8.37583617758058
23.6975,-3.16285150982999,-0.0803773731136506,-8.38602241662508
23.7,-3.16794596768321,-0.0803773731136506,-8.39111553614733
23.7025,-3.20870163050889,-0.0803773731136506,-8.33509122140258
23.705,-3.20360717265568,-0.0803773731136506,-8.32490498235808
23.7075,-3.18832379909605,-0.0803773731136506,-8.37074305805833
23.71,-3.17813488338963,-0.0803773731136506,-8.32999810188033
23.7125,-3.17304042553642,-0.0803773731136506,-8.38092929710283
23.715,-3.19851271480247,-0.0803773731136506,-8.31471874331358
23.7175,-3.17304042553642,-0.0803773731136506,-8.32490498235808
23.72,-3.15775705197678,-0.0803773731136506,-8.45223297041432
23.7225,-3.14756813627036,-0.0803773731136506,-8.31471874331358
23.725,-3.16285150982999,-0.0803773731136506,-8.31471874331358
23.7275,-3.16794596768321,-0.0803773731136506,-8.26888066761334
23.73,-3.16285150982999,-0.0803773731136506,-8.26888066761334
23.7325,-3.26983512474742,-0.0803773731136506,-8.25869442856884
23.735,-3.26474066689421,-0.0803773731136506,-8.25360130904659
23.7375,-3.26474066689421,-0.0803773731136506,-8.24850818952434
23.74,-3.25455175118779,-0.0803773731136506,-8.24850818952434
23.7425,-3.27492958260063,-0.0803773731136506,-8.32490498235808
23.745,-3.30040187186668,-0.0803773731136506,-8.24850818952434
23.7475,-3.28511849830705,-0.0803773731136506,-8.25360130904659
23.75,-3.28511849830705,-0.0803773731136506,-8.24341507000209
23.7525,-3.27492958260063,-0.0803773731136506,-8.25869442856884
23.755,-3.23417391977494,-0.0803773731136506,-8.25869442856884
23.7575,-3.24436283548136,-0.0803773731136506,-8.25360130904659
23.76,-3.22907946192173,-0.0803773731136506,-8.27397378713559
23.7625,-3.22907946192173,-0.0803773731136506,-8.26888066761334
23.765,-3.34625199254558,-0.0803773731136506,-8.26888066761334
23.7675,-3.21889054621531,-0.0803773731136506,-8.26378754809109
23.77,-3.2137960883621,-0.0854730659194392,-8.31471874331358
23.7725,-3.21889054621531,-0.0803773731136506,-8.23322883095759
23.775,-3.22398500406852,-0.0803773731136506,-8.23832195047984
23.7775,-3.43285777605016,-0.0803773731136506,-8.22813571143534
23.78,-3.41757440249052,-0.0803773731136506,-8.28925314570234
23.7825,-3.39719657107768,-0.0803773731136506,-8.23322883095759
23.785,-3.356440908252,-0.0803773731136506,-8.23322883095759
23.7875,-3.32587416113273,-0.0803773731136506,-8.20267011382409
23.79,-3.36662982395842,-0.0803773731136506,-8.22813571143534
23.7925,-3.39719657107768,-0.0803773731136506,-8.28925314570234
23.795,-3.35134645039879,-0.0803773731136506,-8.24341507000209
23.7975,-3.34625199254558,-0.0803773731136506,-8.22304259191309
23.8,-3.31568524542631,-0.0803773731136506,-8.21794947239084
23.8025,-3.32077970327952,-0.0803773731136506,-8.23322883095759
23.805,-3.31568524542631,-0.0803773731136506,-8.21794947239084
23.8075,-3.29530741401347,-0.0803773731136506,-8.19757699430184
23.81,-3.29530741401347,-0.0803773731136506,-8.19757699430184
23.8125,-3.259646209041,-0.0803773731136506,-8.20776323334634
23.815,-3.259646209041,-0.0803773731136506,-8.20776323334634
23.8175,-3.28002404045384,-0.0803773731136506,-8.23322883095759
23.82,-3.27492958260063,-0.0803773731136506,-8.26888066761334
23.8225,-3.27492958260063,-0.0803773731136506,-8.24850818952434
23.825,-3.28511849830705,-0.0803773731136506,-8.19757699430184
23.8275,-3.259646209041,-0.0803773731136506,-8.18739075525735
23.83,-3.28511849830705,-0.0803773731136506,-8.20267011382409
23.8325,-3.31568524542631,-0.0803773731136506,-8.22304259191309
23.835,-3.3105907875731,-0.0803773731136506,-8.25869442856884
23.8375,-3.28511849830705,-0.0803773731136506,-8.22304259191309
23.84,-3.3105907875731,-0.0803773731136506,-8.23322883095759
23.8425,-3.33606307683915,-0.0803773731136506,-8.23322883095759
23.845,-3.34115753469236,-0.0803773731136506,-8.22813571143534
23.8475,-3.34115753469236,-0.0803773731136506,-8.24341507000209
23.85,-3.36662982395842,-0.0803773731136506,-8.24341507000209
23.8525,-3.4073854867841,-0.0803773731136506,-8.30453250426909
23.855,-3.38191319751805,-0.0803773731136506,-8.28416002618009
23.8575,-3.43795223390337,-0.0803773731136506,-8.30453250426909
23.86,-3.42776331819694,-0.0803773731136506,-8.22813571143534
23.8625,-3.44304669175658,-0.0803773731136506,-8.26378754809109
23.865,-3.41757440249052,-0.0803773731136506,-8.23832195047984
23.8675,-3.43285777605016,-0.0803773731136506,-8.28416002618009
23.87,-3.43285777605016,-0.0803773731136506,-8.23832195047984
23.8725,-3.44814114960979,-0.0803773731136506,-8.28925314570234
23.875,-3.46342452316942,-0.0803773731136506,-8.23322883095759
23.8775,-3.46342452316942,-0.0803773731136506,-8.22304259191309
23.88,-3.43795223390337,-0.0803773731136506,-8.30453250426909
23.8825,-3.48889681243547,-0.0803773731136506,-8.25869442856884
23.885,-3.45833006531621,-0.0803773731136506,-8.26888066761334
23.8875,-3.43795223390337,-0.0803773731136506,-8.22813571143534
23.89,-3.41757440249052,-0.0803773731136506,-8.22813571143534
23.8925,-3.41757440249052,-0.0803773731136506,-8.22813571143534
23.895,-3.59078596949968,-0.0803773731136506,-8.21285635286859
23.8975,-3.56531368023363,-0.0803773731136506,-8.24850818952434
23.9,-3.58569151164647,-0.0803773731136506,-8.21794947239084
23.9025,-3.53984139096758,-0.0803773731136506,-8.25869442856884
23.905,-3.61116380091253,-0.0803773731136506,-8.32999810188033
23.9075,-3.58569151164647,-0.0803773731136506,-8.34018434092483
23.91,-3.60606934305932,-0.0803773731136506,-8.28925314570234
23.9125,-3.61116380091253,-0.0803773731136506,-8.29434626522459
23.915,-3.61625825876574,-0.0803773731136506,-8.18229763573509
23.9175,-3.63154163232537,-0.0803773731136506,-8.19757699430184
23.92,-3.62644717447216,-0.0803773731136506,-8.27397378713559
23.9225,-3.63154163232537,-0.0803773731136506,-8.26888066761334
23.925,-3.65191946373821,-0.0803773731136506,-8.24850818952434
23.9275,-3.66210837944463,-0.0803773731136506,-8.23832195047984
23.93,-3.64173054803179,-0.0803773731136506,-8.36564993853608
23.9325,-3.63663609017858,-0.0803773731136506,-8.41148801423633
23.935,-3.65701392159142,-0.0803773731136506,-8.30453250426909
23.9375,-3.66210837944463,-0.0803773731136506,-8.27906690665784
23.94,-3.66210837944463,-0.0803773731136506,-8.32999810188033
23.9425,-3.66210837944463,-0.0803773731136506,-8.33509122140258
23.945,-3.70795850012353,-0.0803773731136506,-8.31981186283583
23.9475,-3.70286404227032,-0.0803773731136506,-8.34527746044708
23.95,-3.67739175300426,-0.0803773731136506,-8.35037057996933
23.9525,-3.71305295797674,-0.0803773731136506,-8.34018434092483
23.955,-3.67229729515105,-0.0803773731136506,-8.31471874331358
23.9575,-3.6926751265639,-0.0803773731136506,-8.31471874331358
23.96,-3.70286404227032,-0.0803773731136506,-8.30453250426909
23.9625,-3.67739175300426,-0.0803773731136506,-8.35037057996933
23.965,-3.70795850012353,-0.0854730659194392,-8.26888066761334
23.9675,-3.66720283729784,-0.0854730659194392,-8.38602241662508
23.97,-3.66720283729784,-0.0803773731136506,-8.27906690665784
23.9725,-3.66210837944463,-0.0803773731136506,-8.38602241662508
23.975,-3.64173054803179,-0.0803773731136506,-8.42167425328083
23.9775,-3.62644717447216,-0.0803773731136506,-8.46751232898107
23.98,-3.58059705379326,-0.0803773731136506,-8.28925314570234
23.9825,-3.64173054803179,-0.0803773731136506,-8.27906690665784
23.985,-3.57040813808684,-0.0803773731136506,-8.32999810188033
23.9875,-3.56021922238042,-0.0803773731136506,-8.34527746044708
23.99,-3.54493584882079,-0.0803773731136506,-8.35546369949158
23.9925,-3.53984139096758,-0.0803773731136506,-8.25360130904659
23.995,-3.52455801740795,-0.0803773731136506,-8.28416002618009
23.9975,-3.51946355955474,-0.0803773731136506,-8.22813571143534
24,-3.51946355955474,-0.0803773731136506,-8.34527746044708
24.0025,-3.5041801859951,-0.0803773731136506,-8.22304259191309
24.005,-3.49399127028868,-0.0803773731136506,-8.22304259191309
24.0075,-3.47361343887584,-0.0803773731136506,-8.24341507000209
24.01,-3.46342452316942,-0.0803773731136506,-8.30453250426909
24.0125,-3.44814114960979,-0.0803773731136506,-8.33509122140258
24.015,-3.43285777605016,-0.0803773731136506,-8.24341507000209
24.0175,-3.41757440249052,-0.0803773731136506,-8.25360130904659
24.02,-3.41247994463731,-0.0803773731136506,-8.24850818952434
24.0225,-3.40229102893089,-0.0803773731136506,-8.23832195047984
24.025,-3.38700765537126,-0.0803773731136506,-8.26888066761334
24.0275,-3.38191319751805,-0.0803773731136506,-8.24850818952434
24.03,-3.37681873966484,-0.0803773731136506,-8.25360130904659
24.0325,-3.40229102893089,-0.0803773731136506,-8.27906690665784
24.035,-3.39719657107768,-0.0803773731136506,-8.28925314570234
24.0375,-3.36153536610521,-0.0803773731136506,-8.28925314570234
24.04,-3.37172428181163,-0.0803773731136506,-8.29943938474683
24.0425,-3.34115753469236,-0.0803773731136506,-8.30453250426909
24.045,-3.33606307683915,-0.0803773731136506,-8.30962562379133
24.0475,-3.33096861898594,-0.0803773731136506,-8.30453250426909
24.05,-3.33606307683915,-0.0803773731136506,-8.29434626522459
24.0525,-3.33096861898594,-0.0803773731136506,-8.31471874331358
24.055,-3.32587416113273,-0.0803773731136506,-8.29943938474683
24.0575,-3.356440908252,-0.0803773731136506,-8.34018434092483
24.06,-3.28511849830705,-0.0803773731136506,-8.31981186283583
24.0625,-3.29530741401347,-0.0803773731136506,-8.32999810188033
24.065,-3.29021295616026,-0.0803773731136506,-8.28416002618009
24.0675,-3.29021295616026,-0.0803773731136506,-8.28925314570234
24.07,-3.28511849830705,-0.0803773731136506,-8.35546369949158
24.0725,-3.29021295616026,-0.0803773731136506,-8.37074305805833
24.075,-3.26474066689421,-0.0803773731136506,-8.36055681901383
24.0775,-3.29530741401347,-0.0803773731136506,-8.34018434092483
24.08,-3.30040187186668,-0.0803773731136506,-8.27397378713559
24.0825,-3.29021295616026,-0.0803773731136506,-8.27397378713559
24.085,-3.29021295616026,-0.0854730659194392,-8.24850818952434
24.0875,-3.31568524542631,-0.0803773731136506,-8.27397378713559
24.09,-3.29021295616026,-0.0803773731136506,-8.27906690665784
24.0925,-3.29021295616026,-0.0803773731136506,-8.25360130904659
24.095,-3.28511849830705,-0.0803773731136506,-8.26888066761334
24.0975,-0.111271255756849,-0.0803773731136506,-8.26378754809109
24.1,-0.0959878821972175,-0.0803773731136506,-8.29943938474683
24.1025,-3.39719657107768,-0.0803773731136506,-8.29943938474683
24.105,-3.41757440249052,-0.0803773731136506,-8.31471874331358
24.1075,-3.36153536610521,-0.0803773731136506,-8.28416002618009
24.11,-3.37681873966484,-0.0803773731136506,-8.28416002618009
24.1125,-3.37681873966484,-0.0803773731136506,-8.29943938474683
24.115,-3.40229102893089,-0.0803773731136506,-8.29434626522459
24.1175,-3.39719657107768,-0.0803773731136506,-8.30962562379133
24.12,-3.37681873966484,-0.0803773731136506,-8.30453250426909
24.1225,-3.37681873966484,-0.0854730659194392,-8.37583617758058
24.125,-3.39719657107768,-0.0803773731136506,-8.31471874331358
24.1275,-3.38191319751805,-0.0803773731136506,-8.43186049232532
24.13,-3.35134645039879,-0.0803773731136506,-8.32999810188033
24.1325,-3.35134645039879,-0.0803773731136506,-8.38602241662508
24.135,-3.38191319751805,-0.0803773731136506,-8.30962562379133
24.1375,-3.4073854867841,-0.0803773731136506,-8.37583617758058
24.14,-3.35134645039879,-0.0803773731136506,-8.31981186283583
24.1425,-3.32587416113273,-0.0803773731136506,-8.28925314570234
24.145,-3.31568524542631,-0.0803773731136506,-8.34527746044708
24.1475,-3.32077970327952,-0.075281680307862,-8.36055681901383
24.15,-3.31568524542631,-0.0803773731136506,-8.35037057996933
24.1525,-3.30040187186668,-0.0803773731136506,-8.32999810188033
24.155,-3.32077970327952,-0.0803773731136506,-8.30962562379133
24.1575,-3.29021295616026,-0.0803773731136506,-8.30453250426909
24.16,-3.29021295616026,-0.0803773731136506,-8.28416002618009
24.1625,-3.29021295616026,-0.0803773731136506,-8.29434626522459
24.165,-3.31568524542631,-0.0803773731136506,-8.33509122140258
24.1675,-3.3105907875731,-0.0803773731136506,-8.29943938474683
24.17,-3.28511849830705,-0.0803773731136506,-8.30453250426909
24.1725,-3.28002404045384,-0.0803773731136506,-8.30962562379133
24.175,-3.32587416113273,-0.0803773731136506,-8.29943938474683
24.1775,-3.30549632971989,-0.0803773731136506,-8.40130177519183
24.18,-3.30549632971989,-0.0803773731136506,-8.31471874331358
24.1825,-3.28511849830705,-0.075281680307862,-8.33509122140258
24.185,-3.356440908252,-0.0803773731136506,-8.30453250426909
24.1875,-3.30549632971989,-0.075281680307862,-8.30962562379133
24.19,-3.33606307683915,-0.0803773731136506,-8.33509122140258
24.1925,-3.33096861898594,-0.0803773731136506,-8.27397378713559
24.195,-3.30549632971989,-0.0803773731136506,-8.32490498235808
24.1975,-3.30549632971989,-0.0854730659194392,-8.32490498235808
24.2,-3.32587416113273,-0.0803773731136506,-8.31471874331358
24.2025,-3.28002404045384,-0.0803773731136506,-8.41148801423633
24.205,-3.356440908252,-0.0803773731136506,-8.45223297041432
24.2075,-3.32077970327952,-0.0803773731136506,-8.31471874331358
24.21,-3.32077970327952,-0.0803773731136506,-8.32490498235808
24.2125,-3.33606307683915,-0.0803773731136506,-8.45732608993657
24.215,-3.356440908252,-0.0803773731136506,-8.42676737280307
24.2175,-3.356440908252,-0.0803773731136506,-8.32999810188033
24.22,-3.38700765537126,-0.0803773731136506,-8.32490498235808
24.2225,-3.36662982395842,-0.0803773731136506,-8.31471874331358
24.225,-3.39719657107768,-0.0803773731136506,-8.32490498235808
24.2275,-3.37172428181163,-0.0803773731136506,-8.30962562379133
24.23,-3.41247994463731,-0.0803773731136506,-8.34018434092483
24.2325,-3.41247994463731,-0.0803773731136506,-8.35546369949158
24.235,-3.38700765537126,-0.0803773731136506,-8.35546369949158
24.2375,-3.38191319751805,-0.0803773731136506,-8.39620865566958
24.24,-3.4073854867841,-0.0803773731136506,-8.34527746044708
24.2425,-3.42776331819694,-0.0803773731136506,-8.47769856802557
24.245,-3.46342452316942,-0.0803773731136506,-8.48788480707007
24.2475,-3.47361343887584,-0.0803773731136506,-8.31981186283583
24.25,-3.453235607463,-0.0803773731136506,-8.31981186283583
24.2525,-3.46342452316942,-0.0803773731136506,-8.30453250426909
24.255,-3.47361343887584,-0.0803773731136506,-8.37583617758058
24.2575,-3.51946355955474,-0.0803773731136506,-8.31981186283583
24.26,-3.49908572814189,-0.0803773731136506,-8.32490498235808
24.2625,-3.5041801859951,-0.0803773731136506,-8.58465407799281
24.265,-3.52965247526116,-0.0854730659194392,-8.29434626522459
24.2675,-3.56021922238042,-0.0803773731136506,-8.30962562379133
24.27,-3.61625825876574,-0.0803773731136506,-8.35037057996933
24.2725,-3.58059705379326,-0.0803773731136506,-8.29434626522459
24.275,-3.58059705379326,-0.0803773731136506,-8.31981186283583
24.2775,-3.60606934305932,-0.0803773731136506,-8.32490498235808
24.28,-3.61625825876574,-0.0803773731136506,-8.34018434092483
24.2825,-3.71814741582995,-0.0803773731136506,-8.42167425328083
24.285,-3.62135271661895,-0.0803773731136506,-8.32490498235808
24.2875,-3.62644717447216,-0.0803773731136506,-8.45732608993657
24.29,-3.63154163232537,-0.0803773731136506,-8.30962562379133
24.2925,-3.64173054803179,-0.0803773731136506,-8.32490498235808
24.295,-3.646825005885,-0.0803773731136506,-8.42676737280307
24.2975,-3.65191946373821,-0.0803773731136506,-8.39111553614733
24.3,-3.68758066871069,-0.0803773731136506,-8.29943938474683
24.3025,-3.67229729515105,-0.0803773731136506,-8.26888066761334
24.305,-3.68248621085748,-0.0803773731136506,-8.30962562379133
24.3075,-3.71305295797674,-0.0803773731136506,-8.38092929710283
24.31,-3.75380862080242,-0.0803773731136506,-8.32490498235808
24.3125,-3.71305295797674,-0.0803773731136506,-8.31981186283583
24.315,-3.743619705096,-0.0803773731136506,-8.32490498235808
24.3175,-3.73343078938958,-0.0803773731136506,-8.41148801423633
24.32,-3.73852524724279,-0.0803773731136506,-8.36564993853608
24.3225,-3.743619705096,-0.0803773731136506,-8.40130177519183
24.325,-3.74871416294921,-0.0803773731136506,-8.36564993853608
24.3275,-3.77928091006848,-0.0803773731136506,-8.36055681901383
24.33,-3.7894698257749,-0.0803773731136506,-8.37074305805833
24.3325,-3.79456428362811,-0.0803773731136506,-8.35037057996933
24.335,-3.79456428362811,-0.0803773731136506,-8.35546369949158
24.3375,-3.76909199436206,-0.0803773731136506,-8.36055681901383
24.34,-3.78437536792169,-0.075281680307862,-8.34527746044708
24.3425,-3.83531994645379,-0.0803773731136506,-8.36055681901383
24.345,-3.82003657289416,-0.0803773731136506,-8.35546369949158
24.3475,-3.82513103074737,-0.075281680307862,-8.38602241662508
24.35,-3.82003657289416,-0.0803773731136506,-8.36055681901383
24.3525,-3.82513103074737,-0.0803773731136506,-8.36564993853608
24.355,-3.83022548860058,-0.0803773731136506,-8.34527746044708
24.3575,-3.80475319933453,-0.0803773731136506,-8.34018434092483
24.36,-3.80475319933453,-0.0803773731136506,-8.34527746044708
24.3625,-3.80984765718774,-0.0803773731136506,-8.37074305805833
24.365,-3.81494211504095,-0.0803773731136506,-8.36564993853608
24.3675,-3.81494211504095,-0.0803773731136506,-8.35546369949158
24.37,-3.86588669357306,-0.0803773731136506,-8.36564993853608
24.3725,-3.84550886216021,-0.0803773731136506,-8.37074305805833
24.375,-3.840414404307,-0.0803773731136506,-8.40639489471408
24.3775,-3.82003657289416,-0.0854730659194392,-8.38602241662508
24.38,-3.82513103074737,-0.0803773731136506,-8.38602241662508
24.3825,-3.82513103074737,-0.0803773731136506,-8.36564993853608
24.385,-3.83022548860058,-0.0803773731136506,-8.39111553614733
24.3875,-3.83022548860058,-0.0803773731136506,-8.40130177519183
24.39,-3.84550886216021,-0.0803773731136506,-8.35037057996933
24.3925,-3.83531994645379,-0.0803773731136506,-8.38602241662508
24.395,-3.83022548860058,-0.075281680307862,-8.38092929710283
24.3975,-3.83531994645379,-0.0854730659194392,-8.45223297041432
24.4,-3.83022548860058,-0.0803773731136506,-8.36564993853608
24.4025,-3.82513103074737,-0.0803773731136506,-8.40639489471408
24.405,-3.81494211504095,-0.0803773731136506,-8.34527746044708
24.4075,-3.80475319933453,-0.0803773731136506,-8.42167425328083
24.41,-3.79965874148132,-0.0803773731136506,-8.42676737280307
24.4125,-3.79965874148132,-0.0803773731136506,-8.42167425328083
24.415,-3.7894698257749,-0.0803773731136506,-0.10461007344729
24.4175,-3.77928091006848,-0.0803773731136506,-8.37074305805833
24.42,-3.76399753650884,-0.0803773731136506,-8.40639489471408
24.4225,-3.75890307865563,-0.0854730659194392,-8.32999810188033
24.425,-3.74871416294921,-0.0803773731136506,-8.30453250426909
24.4275,-3.743619705096,-0.0803773731136506,-8.29943938474683
24.43,-3.72833633153637,-0.0803773731136506,-8.34018434092483
24.4325,-3.72324187368316,-0.0803773731136506,-8.31981186283583
24.435,-3.71305295797674,-0.0803773731136506,-8.37583617758058
24.4375,-3.70286404227032,-0.0803773731136506,-8.37074305805833
24.44,-3.68758066871069,-0.0803773731136506,-8.34527746044708
24.4425,-3.68248621085748,-0.0803773731136506,-8.35037057996933
24.445,-3.67739175300426,-0.0803773731136506,-8.34527746044708
24.4475,-3.66720283729784,-0.0803773731136506,-8.35546369949158
24.45,-3.65701392159142,-0.0803773731136506,-8.34018434092483
24.4525,-3.64173054803179,-0.0803773731136506,-8.35546369949158
24.455,-3.63663609017858,-0.0803773731136506,-8.35546369949158
24.4575,-3.62135271661895,-0.0803773731136506,-8.37074305805833
24.46,-3.61116380091253,-0.0803773731136506,-8.37074305805833
24.4625,-3.61625825876574,-0.0803773731136506,-8.32490498235808
24.465,-3.58569151164647,-0.0803773731136506,-8.35037057996933
24.4675,-3.58569151164647,-0.0803773731136506,-8.41148801423633
24.47,-3.60097488520611,-0.0803773731136506,-8.41148801423633
24.4725,-3.53984139096758,-0.0803773731136506,-8.42676737280307
24.475,-3.5041801859951,-0.075281680307862,-8.41148801423633
24.4775,-3.49399127028868,-0.0803773731136506,-8.38602241662508
24.48,-3.48380235458226,-0.0803773731136506,-8.50316416563682
24.4825,-3.47870789672905,-0.0803773731136506,-8.37583617758058
24.485,-3.46342452316942,-0.0803773731136506,-8.41658113375857
24.4875,-3.453235607463,-0.0803773731136506,-8.41658113375857
24.49,-3.47870789672905,-0.0803773731136506,-8.39620865566958
24.4925,-3.44814114960979,-0.0803773731136506,-8.48279168754782
24.495,-3.44304669175658,-0.0803773731136506,-8.44713985089207
24.4975,-3.45833006531621,-0.0803773731136506,-8.34018434092483
24.5,-3.44814114960979,-0.075281680307862,-8.35546369949158
24.5025,-3.41757440249052,-0.0803773731136506,-8.48788480707007
24.505,-3.43795223390337,-0.0803773731136506,-8.48788480707007
24.5075,-3.46851898102263,-0.075281680307862,-8.47260544850332
24.51,-3.43285777605016,-0.0803773731136506,-8.45732608993657
24.5125,-3.41757440249052,-0.0803773731136506,-8.40639489471408
24.515,-3.38700765537126,-0.0803773731136506,-8.39620865566958
24.5175,-3.38700765537126,-0.0803773731136506,-8.51335040468132
24.52,-3.38191319751805,-0.0803773731136506,-8.47260544850332
24.5225,-3.37681873966484,-0.0803773731136506,-8.35546369949158
24.525,-3.36662982395842,-0.0803773731136506,-8.43186049232532
24.5275,-3.356440908252,-0.0803773731136506,-8.42676737280307
24.53,-3.35134645039879,-0.0803773731136506,-8.39111553614733
24.5325,-3.37681873966484,-0.0803773731136506,-8.38602241662508
24.535,-3.33606307683915,-0.0854730659194392,-8.46751232898107
24.5375,-3.33096861898594,-0.0803773731136506,-8.40639489471408
24.54,-3.32077970327952,-0.0803773731136506,-8.38602241662508
24.5425,-3.32077970327952,-0.0803773731136506,-8.39620865566958
24.545,-3.3105907875731,-0.0803773731136506,-8.43186049232532
24.5475,-3.30549632971989,-0.0803773731136506,-8.37074305805833
24.55,-3.30549632971989,-0.0803773731136506,-8.37074305805833
24.5525,-3.30040187186668,-0.0803773731136506,-8.36564993853608
24.555,-3.28002404045384,-0.0803773731136506,-8.36564993853608
24.5575,-3.28002404045384,-0.0803773731136506,-8.35546369949158
24.56,-3.30040187186668,-0.0803773731136506,-8.37074305805833
24.5625,-3.30549632971989,-0.0803773731136506,-8.40639489471408
24.565,-3.28002404045384,-0.0803773731136506,-8.40130177519183
24.5675,-3.27492958260063,-0.0803773731136506,-8.40639489471408
24.57,-3.26983512474742,-0.0803773731136506,-8.37074305805833
24.5725,-3.27492958260063,-0.0803773731136506,-8.41148801423633
24.575,-3.28002404045384,-0.0803773731136506,-8.40639489471408
24.5775,-3.29021295616026,-0.0803773731136506,-8.49297792659232
24.58,-3.28511849830705,-0.0803773731136506,-8.39111553614733
24.5825,-3.29021295616026,-0.0803773731136506,-8.48788480707007
24.585,-3.29021295616026,-0.0803773731136506,-8.36055681901383
24.5875,-3.31568524542631,-0.0803773731136506,-8.37583617758058
24.59,-3.30549632971989,-0.0803773731136506,-8.35546369949158
24.5925,-3.3105907875731,-0.0803773731136506,-8.40130177519183
24.595,-3.3105907875731,-0.0803773731136506,-8.39111553614733
24.5975,-3.36153536610521,-0.0803773731136506,-8.41148801423633
24.6,-3.33606307683915,-0.0803773731136506,-8.42167425328083
24.6025,-3.38700765537126,-0.0803773731136506,-8.36564993853608
24.605,-3.356440908252,-0.0803773731136506,-8.36055681901383
24.6075,-3.356440908252,-0.0803773731136506,-8.34018434092483
24.61,-3.39210211322447,-0.0803773731136506,-8.36055681901383
24.6125,-3.39210211322447,-0.0803773731136506,-8.37074305805833
24.615,-3.39210211322447,-0.0803773731136506,-8.39620865566958
24.6175,-3.38191319751805,-0.0803773731136506,-8.33509122140258
24.62,-3.41247994463731,-0.0803773731136506,-8.32490498235808
24.6225,-3.41247994463731,-0.075281680307862,-8.36564993853608
24.625,-3.41757440249052,-0.0803773731136506,-8.41658113375857
24.6275,-3.42266886034373,-0.0803773731136506,-8.39111553614733
24.63,-3.42266886034373,-0.0803773731136506,-8.36564993853608
24.6325,-3.60606934305932,-0.0803773731136506,-8.36564993853608
24.635,-3.49908572814189,-0.0803773731136506,-8.35037057996933
24.6375,-3.49399127028868,-0.0803773731136506,-8.35037057996933
24.64,-3.54493584882079,-0.0854730659194392,-8.38602241662508
24.6425,-3.550030306674,-0.0803773731136506,-8.42167425328083
24.645,-3.60097488520611,-0.0803773731136506,-8.37583617758058
24.6475,-3.53984139096758,-0.0803773731136506,-8.31471874331358
24.65,-3.56531368023363,-0.0854730659194392,-8.35037057996933
24.6525,-3.54493584882079,-0.0803773731136506,-8.31471874331358
24.655,-3.52455801740795,-0.0803773731136506,-8.33509122140258
24.6575,-3.52455801740795,-0.0803773731136506,-8.31471874331358
24.66,-3.50927464384831,-0.0803773731136506,-8.30962562379133
24.6625,-3.49908572814189,-0.0803773731136506,-8.31471874331358
24.665,-3.5041801859951,-0.0803773731136506,-8.32999810188033
24.6675,-3.49908572814189,-0.0803773731136506,-8.31981186283583
24.67,-3.49908572814189,-0.0803773731136506,-8.34018434092483
24.6725,-3.48380235458226,-0.0803773731136506,-8.32490498235808
24.675,-3.5041801859951,-0.0803773731136506,-8.32490498235808
24.6775,-3.49908572814189,-0.0803773731136506,-8.27397378713559
24.68,-3.51946355955474,-0.0854730659194392,-8.31471874331358
24.6825,-3.47870789672905,-0.0803773731136506,-8.26888066761334
24.685,-3.47870789672905,-0.0803773731136506,-8.26888066761334
24.6875,-3.47361343887584,-0.0803773731136506,-8.26378754809109
24.69,-3.47361343887584,-0.0803773731136506,-8.25869442856884
24.6925,-3.47870789672905,-0.0803773731136506,-8.24850818952434
24.695,-3.47870789672905,-0.0803773731136506,-8.34527746044708
24.6975,-3.47361343887584,-0.0803773731136506,-8.24850818952434
24.7,-3.47870789672905,-0.0803773731136506,-8.20776323334634
24.7025,-3.48380235458226,-0.0803773731136506,-8.24850818952434
24.705,-3.47870789672905,-0.0803773731136506,-8.22813571143534
24.7075,-3.5041801859951,-0.0803773731136506,-8.16701827716835
24.71,-3.48380235458226,-0.0803773731136506,-8.22304259191309
24.7125,-3.51436910170153,-0.0803773731136506,-8.24850818952434
24.715,-3.53984139096758,-0.0803773731136506,-8.23322883095759
24.7175,-3.51946355955474,-0.0803773731136506,-8.21794947239084
24.72,-3.56531368023363,-0.0803773731136506,-8.23832195047984
24.7225,-3.57040813808684,-0.0803773731136506,-8.24341507000209
24.725,-3.56021922238042,-0.075281680307862,-8.18739075525735
24.7275,-3.56531368023363,-0.0803773731136506,-8.19248387477959
24.73,-3.59588042735289,-0.0803773731136506,-8.20267011382409
24.7325,-3.56021922238042,-0.0803773731136506,-8.1517389186016
24.735,-3.56531368023363,-0.0803773731136506,-8.16701827716835
24.7375,-3.61116380091253,-0.0803773731136506,-8.21285635286859
24.74,-3.59078596949968,-0.0803773731136506,-8.15683203812385
24.7425,-3.59078596949968,-0.0803773731136506,-8.1517389186016
24.745,-3.61625825876574,-0.0803773731136506,-8.1415526795571
24.7475,-3.62135271661895,-0.0803773731136506,-8.1619251576461
24.75,-3.67229729515105,-0.0803773731136506,-8.18229763573509
24.7525,-3.646825005885,-0.0803773731136506,-8.18229763573509
24.755,-3.63154163232537,-0.0803773731136506,-8.17720451621285
24.7575,-3.66210837944463,-0.0803773731136506,-8.1415526795571
24.76,-3.66210837944463,-0.0803773731136506,-8.19248387477959
24.7625,-3.63663609017858,-0.0803773731136506,-8.1517389186016
24.765,-3.66720283729784,-0.0803773731136506,-8.19248387477959
24.7675,-3.66720283729784,-0.0803773731136506,-8.19248387477959
24.77,-3.62135271661895,-0.0803773731136506,-8.1415526795571
24.7725,-3.62135271661895,-0.0803773731136506,-8.1313664405126
24.775,-3.63154163232537,-0.0803773731136506,-8.16701827716835
24.7775,-3.63154163232537,-0.0803773731136506,-8.20776323334634
24.78,-3.62644717447216,-0.0803773731136506,-8.20776323334634
24.7825,-3.64173054803179,-0.0803773731136506,-8.18739075525735
24.785,-3.62135271661895,-0.0803773731136506,-8.0906214843346
24.7875,-3.61625825876574,-0.0803773731136506,-8.0906214843346
24.79,-3.61116380091253,-0.0803773731136506,-8.0804352452901
24.7925,-3.61116380091253,-0.0803773731136506,-8.08552836481235
24.795,-3.58569151164647,-0.0803773731136506,-8.22304259191309
24.7975,-3.58059705379326,-0.0803773731136506,-8.26888066761334
24.8,-3.59588042735289,-0.0803773731136506,-8.26888066761334
24.8025,-3.56021922238042,-0.0803773731136506,-8.0906214843346
24.805,-3.550030306674,-0.0803773731136506,-8.09571460385685
24.8075,-3.57040813808684,-0.0803773731136506,-8.08552836481235
24.81,-3.57550259594005,-0.0803773731136506,-0.10970319296954
24.8125,-3.53984139096758,-0.0803773731136506,-0.10461007344729
24.815,-3.56021922238042,-0.0803773731136506,-0.10461007344729
24.8175,-3.52965247526116,-0.0854730659194392,-0.0995169539250416
24.82,-3.51946355955474,-0.0803773731136506,-0.0995169539250416
24.8225,-3.53474693311437,-0.0803773731136506,-8.1211802014681
24.825,-3.48380235458226,-0.0803773731136506,-8.12627332099035
24.8275,-3.5041801859951,-0.0854730659194392,-8.11608708194585
24.83,-3.48889681243547,-0.0803773731136506,-0.10970319296954
24.8325,-3.48380235458226,-0.0803773731136506,-8.17720451621285
24.835,-3.47870789672905,-0.0803773731136506,-8.1415526795571
24.8375,-3.46851898102263,-0.0803773731136506,-8.18229763573509
24.84,-3.47361343887584,-0.0803773731136506,-8.18229763573509
24.8425,-3.49399127028868,-0.0803773731136506,-8.31981186283583
24.845,-3.453235607463,-0.0803773731136506,-8.21794947239084
24.8475,-3.46851898102263,-0.0803773731136506,-8.28416002618009
24.85,-3.453235607463,-0.0803773731136506,-8.15683203812385
24.8525,-3.42776331819694,-0.075281680307862,-8.16701827716835
24.855,-3.42776331819694,-0.0803773731136506,-8.1619251576461
24.8575,-3.41757440249052,-0.0803773731136506,-8.21285635286859
24.86,-3.40229102893089,-0.0803773731136506,-8.17720451621285
24.8625,-3.38191319751805,-0.0803773731136506,-8.19757699430184
24.865,-3.40229102893089,-0.0803773731136506,-8.19248387477959
24.8675,-3.32587416113273,-0.0803773731136506,-8.28416002618009
24.87,-3.29021295616026,-0.0803773731136506,-8.19248387477959
24.8725,-3.29021295616026,-0.075281680307862,-8.22304259191309
24.875,-3.24945729333457,-0.0803773731136506,-8.22813571143534
24.8775,-3.26983512474742,-0.075281680307862,-8.20267011382409
24.88,-3.19341825694926,-0.0803773731136506,-8.21794947239084
24.8825,-3.18322934124284,-0.0803773731136506,-8.20776323334634
24.885,-3.15266259412357,-0.0803773731136506,-8.23322883095759
24.8875,-3.12719030485752,-0.0803773731136506,-8.25360130904659
24.89,-3.14247367841715,-0.0803773731136506,-8.20776323334634
24.8925,-3.17304042553642,-0.0803773731136506,-8.20267011382409
24.895,-3.17813488338963,-0.0803773731136506,-8.20776323334634
24.8975,-3.19851271480247,-0.0803773731136506,-8.18229763573509
24.9,-3.18322934124284,-0.075281680307862,-8.1721113966906
24.9025,-3.18322934124284,-0.0803773731136506,-8.17720451621285
24.905,-3.19341825694926,-0.0803773731136506,-8.20267011382409
24.9075,-3.23926837762815,-0.0803773731136506,-8.20267011382409
24.91,-3.2137960883621,-0.0803773731136506,-8.20267011382409
24.9125,-3.25455175118779,-0.0803773731136506,-8.1619251576461
24.915,-3.23926837762815,-0.0803773731136506,-8.1517389186016
24.9175,-3.22398500406852,-0.0803773731136506,-8.19248387477959
24.92,-3.21889054621531,-0.0803773731136506,-8.1619251576461
24.9225,-3.22398500406852,-0.0803773731136506,-8.15683203812385
24.925,-3.23417391977494,-0.0854730659194392,-8.1619251576461
24.9275,-3.22907946192173,-0.0803773731136506,-8.1517389186016
24.93,-3.29021295616026,-0.0803773731136506,-8.1619251576461
24.9325,-3.32587416113273,-0.0803773731136506,-8.28416002618009
24.935,-3.31568524542631,-0.0803773731136506,-8.18229763573509
24.9375,-3.30549632971989,-0.0803773731136506,-8.17720451621285
24.94,-3.4073854867841,-0.0803773731136506,-8.18229763573509
24.9425,-3.356440908252,-0.0803773731136506,-8.19248387477959
24.945,-3.37681873966484,-0.0803773731136506,-8.19248387477959
24.9475,-3.36153536610521,-0.0803773731136506,-8.21794947239084
24.95,-3.39719657107768,-0.0803773731136506,-8.18229763573509
24.9525,-3.40229102893089,-0.0803773731136506,-8.19757699430184
24.955,-3.41757440249052,-0.0803773731136506,-8.20776323334634
24.9575,-3.42266886034373,-0.0803773731136506,-8.21794947239084
24.96,-3.43285777605016,-0.0803773731136506,-8.22304259191309
24.9625,-3.44304669175658,-0.0803773731136506,-8.26378754809109
24.965,-3.48380235458226,-0.0803773731136506,-8.24341507000209
24.9675,-3.47361343887584,-0.0803773731136506,-8.24341507000209
24.97,-3.48380235458226,-0.0803773731136506,-8.23832195047984
24.9725,-3.50927464384831,-0.0803773731136506,-8.24341507000209
24.975,-3.51946355955474,-0.0803773731136506,-8.1415526795571
24.9775,-3.62644717447216,-0.0803773731136506,-8.1517389186016
24.98,-3.61625825876574,-0.0803773731136506,-8.14664579907935
24.9825,-3.60097488520611,-0.0803773731136506,-8.34018434092483
24.985,-3.60606934305932,-0.0803773731136506,-8.34527746044708
24.9875,-3.59588042735289,-0.0803773731136506,-8.20267011382409
24.99,-3.60606934305932,-0.075281680307862,-8.12627332099035
24.9925,-3.68758066871069,-0.0803773731136506,-8.1211802014681
24.995,-3.70286404227032,-0.0803773731136506,-8.1211802014681
24.9975,-3.71814741582995,-0.0803773731136506,-8.10590084290135
25,-3.73852524724279,-0.0803773731136506,-8.1008077233791
25.0025,-3.74871416294921,-0.0803773731136506,-8.13645956003485
25.005,-3.75890307865563,-0.0803773731136506,-8.12627332099035
25.0075,-3.85060332001342,-0.0803773731136506,-8.13645956003485
25.01,-3.94739801922443,-0.0803773731136506,-8.1619251576461
25.0125,-3.87607560927948,-0.0803773731136506,-8.16701827716835
25.015,-3.91173681425195,-0.0803773731136506,-8.0804352452901
25.0175,-3.91683127210516,-0.0803773731136506,-8.0804352452901
25.02,-3.92702018781158,-0.0803773731136506,-8.10590084290135
25.0225,-3.95758693493085,-0.0803773731136506,-8.14664579907935
25.025,-3.94739801922443,-0.0803773731136506,-8.11608708194585
25.0275,-3.97796476634369,-0.0803773731136506,-8.0906214843346
25.03,-3.97287030849048,-0.0803773731136506,-8.08552836481235
25.0325,-3.99834259775653,-0.0803773731136506,-8.07534212576785
25.035,-3.9830592241969,-0.0803773731136506,-8.07534212576785
25.0375,-3.9830592241969,-0.0803773731136506,-8.06515588672336
25.04,-3.9830592241969,-0.0803773731136506,-8.0804352452901
25.0425,-3.95249247707764,-0.0803773731136506,-8.06515588672336
25.045,-3.94739801922443,-0.0803773731136506,-8.09571460385685
25.0475,-3.96777585063727,-0.0803773731136506,-8.09571460385685
25.05,-3.94739801922443,-0.0803773731136506,-8.07024900624561
25.0525,-3.94739801922443,-0.0803773731136506,-8.06515588672336
25.055,-3.94739801922443,-0.0803773731136506,-8.04478340863436
25.0575,-3.92702018781158,-0.0803773731136506,-8.05496964767886
25.06,-4.03400380272901,-0.0803773731136506,-8.02441093054536
25.0625,-4.0289093448758,-0.0803773731136506,-8.05496964767886
25.065,-3.91173681425195,-0.0803773731136506,-8.03969028911211
25.0675,-3.90664235639874,-0.0803773731136506,-8.03969028911211
25.07,-4.0289093448758,-0.0803773731136506,-8.05496964767886
25.0725,-4.05438163414185,-0.0803773731136506,-8.06515588672336
25.075,-3.92702018781158,-0.0803773731136506,-8.04478340863436
25.0775,-3.93720910351801,-0.0803773731136506,-8.04987652815661
25.08,-3.91683127210516,-0.0803773731136506,-7.99385221341186
25.0825,-3.91173681425195,-0.0803773731136506,-7.99894533293411
25.085,-3.90664235639874,-0.0803773731136506,-8.02441093054536
25.0875,-3.92702018781158,-0.0803773731136506,-8.01422469150086
25.09,-3.87098115142627,-0.0803773731136506,-8.01931781102311
25.0925,-3.90664235639874,-0.0803773731136506,-8.03459716958986
25.095,-3.90664235639874,-0.0803773731136506,-8.04478340863436
25.0975,-3.91173681425195,-0.0803773731136506,-8.01422469150086
25.1,-3.96777585063727,-0.0803773731136506,-8.07024900624561
25.1025,-3.81494211504095,-0.0803773731136506,-8.02441093054536
25.105,-3.93720910351801,-0.0803773731136506,-8.00403845245636
25.1075,-3.89645344069232,-0.0854730659194392,-7.99894533293411
25.11,-3.80984765718774,-0.0803773731136506,-8.00913157197861
25.1125,-3.79965874148132,-0.0803773731136506,-8.01931781102311
25.115,-3.7894698257749,-0.0803773731136506,-8.03969028911211
25.1175,-3.78437536792169,-0.0803773731136506,-8.06515588672336
25.12,-3.92192572995837,-0.0803773731136506,-7.99894533293411
25.1225,-3.91683127210516,-0.0803773731136506,-7.99894533293411
25.125,-3.80984765718774,-0.0803773731136506,-7.99894533293411
25.1275,-3.743619705096,-0.0803773731136506,-8.00403845245636
25.13,-3.73852524724279,-0.0803773731136506,-7.99894533293411
25.1325,-3.72833633153637,-0.0803773731136506,-8.00403845245636
25.135,-3.76399753650884,-0.0803773731136506,-7.99385221341186
25.1375,-3.74871416294921,-0.0854730659194392,-7.98366597436736
25.14,-3.72324187368316,-0.0803773731136506,-8.01931781102311
25.1425,-3.71814741582995,-0.0803773731136506,-7.99385221341186
25.145,-3.73852524724279,-0.0803773731136506,-7.98875909388961
25.1475,-3.73343078938958,-0.0803773731136506,-8.03459716958986
25.15,-3.6926751265639,-0.0803773731136506,-8.12627332099035
25.1525,-3.67739175300426,-0.0803773731136506,-8.1211802014681
25.155,-3.67739175300426,-0.0803773731136506,-8.12627332099035
25.1575,-3.6926751265639,-0.075281680307862,-8.06515588672336
25.16,-3.63154163232537,-0.0803773731136506,-8.01422469150086
25.1625,-3.62644717447216,-0.0803773731136506,-8.00403845245636
25.165,-3.62135271661895,-0.0803773731136506,-8.01931781102311
25.1675,-3.66720283729784,-0.0803773731136506,-8.23322883095759
25.17,-3.62135271661895,-0.0803773731136506,-8.04478340863436
25.1725,-3.58569151164647,-0.0803773731136506,-8.04987652815661
25.175,-3.58569151164647,-0.0803773731136506,-8.04987652815661
25.1775,-3.59078596949968,-0.0803773731136506,-8.14664579907935
25.18,-3.55512476452721,-0.0803773731136506,-8.03459716958986
25.1825,-3.53984139096758,-0.0803773731136506,-8.07024900624561
25.185,-3.53984139096758,-0.0803773731136506,-8.06006276720111
25.1875,-3.56021922238042,-0.0803773731136506,-8.0906214843346
25.19,-3.56531368023363,-0.0803773731136506,-8.05496964767886
25.1925,-3.59078596949968,-0.0803773731136506,-8.06006276720111
25.195,-3.59588042735289,-0.0803773731136506,-8.06515588672336
25.1975,-3.60097488520611,-0.0803773731136506,-8.02950405006761
25.2,-3.59588042735289,-0.0803773731136506,-8.03459716958986
25.2025,-3.60097488520611,-0.0803773731136506,-8.0804352452901
25.205,-3.57040813808684,-0.0803773731136506,-8.06515588672336
25.2075,-3.61116380091253,-0.0803773731136506,-8.06006276720111
25.21,-3.60606934305932,-0.0803773731136506,-8.03969028911211
25.2125,-3.60097488520611,-0.0803773731136506,-8.02950405006761
25.215,-3.59588042735289,-0.0803773731136506,-8.1211802014681
25.2175,-3.59588042735289,-0.0803773731136506,-8.07024900624561
25.22,-3.61625825876574,-0.075281680307862,-8.07534212576785
25.2225,-3.61116380091253,-0.0803773731136506,-8.0804352452901
25.225,-3.61116380091253,-0.0803773731136506,-8.07024900624561
25.2275,-3.60097488520611,-0.0803773731136506,-8.26888066761334
25.23,-3.58569151164647,-0.075281680307862,-7.97857285484511
25.2325,-3.58569151164647,-0.075281680307862,-8.13645956003485
25.235,-3.58059705379326,-0.0803773731136506,-8.1619251576461
25.2375,-3.58059705379326,-0.0803773731136506,-8.27906690665784
25.24,-3.58059705379326,-0.0803773731136506,-8.26888066761334
25.2425,-3.57550259594005,-0.0803773731136506,-7.98366597436736
25.245,-3.58059705379326,-0.0803773731136506,-8.1313664405126
25.2475,-3.60606934305932,-0.0803773731136506,-8.13645956003485
25.25,-3.56021922238042,-0.0803773731136506,-8.1313664405126
25.2525,-3.57550259594005,-0.0803773731136506,-0.0995169539250416
25.255,-3.54493584882079,-0.0803773731136506,-0.0995169539250416
25.2575,-3.53984139096758,-0.0854730659194392,-0.0995169539250416
25.26,-3.53474693311437,-0.0803773731136506,-8.07024900624561
25.2625,-3.51946355955474,-0.0803773731136506,-8.1313664405126
25.265,-3.5041801859951,-0.0803773731136506,-8.0906214843346
25.2675,-3.49399127028868,-0.0803773731136506,-8.07024900624561
25.27,-3.48380235458226,-0.075281680307862,-8.14664579907935
25.2725,-3.48380235458226,-0.0803773731136506,-8.14664579907935
25.275,-3.47361343887584,-0.0803773731136506,-8.12627332099035
25.2775,-3.46851898102263,-0.0803773731136506,-8.06006276720111
25.28,-3.44814114960979,-0.0803773731136506,-8.06006276720111
25.2825,-3.44304669175658,-0.075281680307862,-8.10590084290135
25.285,-3.453235607463,-0.0803773731136506,-8.0906214843346
25.2875,-3.44304669175658,-0.0803773731136506,-8.10590084290135
25.29,-3.43795223390337,-0.0803773731136506,-8.1313664405126
25.2925,-3.43795223390337,-0.0803773731136506,-8.10590084290135
25.295,-3.44304669175658,-0.075281680307862,-8.09571460385685
25.2975,-3.41247994463731,-0.0803773731136506,-8.1109939624236
25.3,-3.41757440249052,-0.0803773731136506,-8.1517389186016
25.3025,-3.41757440249052,-0.0803773731136506,-8.12627332099035
25.305,-3.41757440249052,-0.0803773731136506,-8.11608708194585
25.3075,-3.43285777605016,-0.0803773731136506,-8.12627332099035
25.31,-3.43285777605016,-0.0803773731136506,-8.15683203812385
25.3125,-3.4073854867841,-0.0854730659194392,-8.1211802014681
25.315,-3.453235607463,-0.0803773731136506,-8.12627332099035
25.3175,-3.42776331819694,-0.0803773731136506,-8.1721113966906
25.32,-3.42776331819694,-0.0803773731136506,-8.18229763573509
25.3225,-3.42776331819694,-0.0854730659194392,-8.12627332099035
25.325,-3.4073854867841,-0.0803773731136506,-8.15683203812385
25.3275,-3.43795223390337,-0.0803773731136506,-8.19248387477959
25.33,-3.41247994463731,-0.0803773731136506,-8.1415526795571
25.3325,-3.41247994463731,-0.0854730659194392,-8.20267011382409
25.335,-3.4073854867841,-0.0803773731136506,-8.1313664405126
25.3375,-3.41247994463731,-0.0803773731136506,-8.20776323334634
25.34,-3.41247994463731,-0.0803773731136506,-8.1313664405126
25.3425,-3.41757440249052,-0.075281680307862,-8.21285635286859
25.345,-3.41757440249052,-0.075281680307862,-8.1415526795571
25.3475,-3.44814114960979,-0.0803773731136506,-8.1517389186016
25.35,-3.42776331819694,-0.0803773731136506,-8.1517389186016
25.3525,-3.42266886034373,-0.0803773731136506,-8.16701827716835
25.355,-3.42266886034373,-0.0803773731136506,-8.15683203812385
25.3575,-3.41757440249052,-0.0803773731136506,-8.18739075525735
25.36,-3.41757440249052,-0.0803773731136506,-8.17720451621285
25.3625,-3.42266886034373,-0.0803773731136506,-8.21285635286859
25.365,-3.42776331819694,-0.0803773731136506,-8.18229763573509
25.3675,-3.43285777605016,-0.0803773731136506,-8.18739075525735
25.37,-3.45833006531621,-0.075281680307862,-8.18739075525735
25.3725,-3.46342452316942,-0.0803773731136506,-8.24341507000209
25.375,-3.46851898102263,-0.0803773731136506,-8.19757699430184
25.3775,-3.51436910170153,-0.0803773731136506,-8.19757699430184
25.38,-3.48380235458226,-0.0803773731136506,-8.17720451621285
25.3825,-3.48889681243547,-0.0803773731136506,-8.19248387477959
25.385,-3.48889681243547,-0.0803773731136506,-8.19248387477959
25.3875,-3.49908572814189,-0.0803773731136506,-8.18229763573509
25.39,-3.50927464384831,-0.0803773731136506,-8.28416002618009
25.3925,-3.51946355955474,-0.0803773731136506,-8.24850818952434
25.395,-3.51946355955474,-0.0803773731136506,-8.24850818952434
25.3975,-3.52965247526116,-0.0803773731136506,-8.18739075525735
25.4,-3.53474693311437,-0.0803773731136506,-8.22813571143534
25.4025,-3.54493584882079,-0.0803773731136506,-8.28416002618009
25.405,-3.55512476452721,-0.0803773731136506,-8.19248387477959
25.4075,-3.56021922238042,-0.0803773731136506,-8.22304259191309
25.41,-3.58059705379326,-0.0803773731136506,-8.26888066761334
25.4125,-3.58059705379326,-0.0803773731136506,-8.25869442856884
25.415,-3.58569151164647,-0.0803773731136506,-8.27906690665784
25.4175,-3.55512476452721,-0.0803773731136506,-8.28925314570234
25.42,-3.58569151164647,-0.0803773731136506,-8.26378754809109
25.4225,-3.59078596949968,-0.0803773731136506,-8.32490498235808
25.425,-3.58569151164647,-0.0803773731136506,-8.25869442856884
25.4275,-3.58569151164647,-0.0803773731136506,-8.26888066761334
25.43,-3.58569151164647,-0.0803773731136506,-8.27906690665784
25.4325,-3.61116380091253,-0.0803773731136506,-8.24850818952434
25.435,-3.60097488520611,-0.0803773731136506,-8.27906690665784
25.4375,-3.60097488520611,-0.0803773731136506,-8.27906690665784
25.44,-3.60097488520611,-0.0803773731136506,-8.28925314570234
25.4425,-3.61116380091253,-0.0803773731136506,-8.30453250426909
25.445,-3.62135271661895,-0.0803773731136506,-8.31981186283583
25.4475,-3.62644717447216,-0.0803773731136506,-8.25869442856884
25.45,-3.63663609017858,-0.0803773731136506,-8.25869442856884
25.4525,-3.646825005885,-0.0803773731136506,-8.25360130904659
25.455,-3.65191946373821,-0.0803773731136506,-8.25360130904659
25.4575,-3.69776958441711,-0.0803773731136506,-8.32999810188033
25.46,-3.67739175300426,-0.0803773731136506,-8.28925314570234
25.4625,-3.71814741582995,-0.0803773731136506,-8.34527746044708
25.465,-3.71814741582995,-0.0803773731136506,-8.27397378713559
25.4675,-3.72324187368316,-0.0803773731136506,-8.26378754809109
25.47,-3.71814741582995,-0.0803773731136506,-8.26378754809109
25.4725,-3.71814741582995,-0.0803773731136506,-8.27397378713559
25.475,-3.71814741582995,-0.0803773731136506,-8.26378754809109
25.4775,-3.71814741582995,-0.0803773731136506,-8.30962562379133
25.48,-3.72324187368316,-0.0803773731136506,-8.35037057996933
25.4825,-3.72324187368316,-0.0803773731136506,-8.33509122140258
25.485,-3.72324187368316,-0.0803773731136506,-8.30453250426909
25.4875,-3.72833633153637,-0.0803773731136506,-8.29943938474683
25.49,-3.73343078938958,-0.0803773731136506,-8.24850818952434
25.4925,-3.75890307865563,-0.0803773731136506,-8.24341507000209
25.495,-3.75890307865563,-0.0803773731136506,-8.24341507000209
25.4975,-3.77928091006848,-0.0803773731136506,-8.22813571143534
25.5,-3.75380862080242,-0.0803773731136506,-8.23322883095759
25.5025,-3.76399753650884,-0.0854730659194392,-8.22304259191309
25.505,-3.76399753650884,-0.0803773731136506,-8.23322883095759
25.5075,-3.76399753650884,-0.0803773731136506,-8.21794947239084
25.51,-3.75890307865563,-0.0803773731136506,-8.37583617758058
25.5125,-3.75380862080242,-0.0803773731136506,-8.36564993853608
25.515,-3.78437536792169,-0.075281680307862,-8.23322883095759
25.5175,-3.77928091006848,-0.0803773731136506,-8.23832195047984
25.52,-3.77418645221527,-0.0803773731136506,-8.22304259191309
25.5225,-3.76399753650884,-0.0803773731136506,-8.23322883095759
25.525,-3.76909199436206,-0.0803773731136506,-8.22304259191309
25.5275,-3.76909199436206,-0.0803773731136506,-8.23322883095759
25.53,-3.7894698257749,-0.0803773731136506,-8.22813571143534
25.5325,-3.73852524724279,-0.0803773731136506,-8.22813571143534
25.535,-3.73343078938958,-0.0803773731136506,-8.22304259191309
25.5375,-3.73852524724279,-0.0803773731136506,-8.21285635286859
25.54,-3.73852524724279,-0.0803773731136506,-8.29943938474683
25.5425,-3.72833633153637,-0.0803773731136506,-8.23832195047984
25.545,-3.743619705096,-0.075281680307862,-8.21285635286859
25.5475,-3.743619705096,-0.0803773731136506,-8.21285635286859
25.55,-3.72833633153637,-0.0803773731136506,-8.22813571143534
25.5525,-3.72833633153637,-0.0803773731136506,-8.24341507000209
25.555,-3.6926751265639,-0.0803773731136506,-8.24341507000209
25.5575,-3.68248621085748,-0.0803773731136506,-8.23832195047984
25.56,-3.67739175300426,-0.0803773731136506,-8.24341507000209
25.5625,-3.67739175300426,-0.0803773731136506,-8.24341507000209
25.565,-3.66210837944463,-0.0803773731136506,-8.28925314570234
25.5675,-3.65191946373821,-0.0803773731136506,-8.22813571143534
25.57,-3.64173054803179,-0.0803773731136506,-8.22813571143534
25.5725,-3.63154163232537,-0.0803773731136506,-8.21285635286859
25.575,-3.62644717447216,-0.0803773731136506,-8.21285635286859
25.5775,-3.63154163232537,-0.0803773731136506,-8.19757699430184
25.58,-3.60097488520611,-0.0803773731136506,-8.18739075525735
25.5825,-3.61625825876574,-0.0803773731136506,-8.22304259191309
25.585,-3.61625825876574,-0.0803773731136506,-8.22304259191309
25.5875,-3.57550259594005,-0.0803773731136506,-8.21285635286859
25.59,-3.56531368023363,-0.0803773731136506,-8.24341507000209
25.5925,-3.61625825876574,-0.0803773731136506,-8.24850818952434
25.595,-3.53984139096758,-0.0803773731136506,-8.27397378713559
25.5975,-3.52965247526116,-0.0803773731136506,-8.28416002618009
25.6,-3.52965247526116,-0.0803773731136506,-8.20776323334634
25.6025,-3.5041801859951,-0.0803773731136506,-8.25869442856884
25.605,-3.49399127028868,-0.0803773731136506,-8.26888066761334
25.6075,-3.48889681243547,-0.0803773731136506,-8.26378754809109
25.61,-3.453235607463,-0.0803773731136506,-8.27397378713559
25.6125,-3.44304669175658,-0.0803773731136506,-8.26378754809109
25.615,-3.43285777605016,-0.0803773731136506,-8.34527746044708
25.6175,-3.44814114960979,-0.0803773731136506,-8.34018434092483
25.62,-3.43795223390337,-0.0803773731136506,-8.24850818952434
25.6225,-3.40229102893089,-0.0803773731136506,-8.22304259191309
25.625,-3.38700765537126,-0.0803773731136506,-8.30962562379133
25.6275,-3.40229102893089,-0.0803773731136506,-8.49807104611457
25.63,-3.40229102893089,-0.0803773731136506,-8.27906690665784
25.6325,-3.37172428181163,-0.0803773731136506,-8.26378754809109
25.635,-3.36153536610521,-0.0803773731136506,-8.75272702222705
25.6375,-3.356440908252,-0.0803773731136506,-8.25869442856884
25.64,-3.46851898102263,-0.0803773731136506,-8.24341507000209
25.6425,-3.38191319751805,-0.0803773731136506,-8.26888066761334
25.645,-3.38191319751805,-0.0803773731136506,-8.38602241662508
25.6475,-3.36153536610521,-0.0803773731136506,-8.32999810188033
25.65,-3.35134645039879,-0.0803773731136506,-8.32490498235808
25.6525,-3.35134645039879,-0.0803773731136506,-8.28416002618009
25.655,-3.356440908252,-0.0803773731136506,-8.28416002618009
25.6575,-0.0959878821972175,-0.0803773731136506,-8.55918848038156
25.66,-0.0908934243440065,-0.0803773731136506,-8.33509122140258
25.6625,-0.0908934243440065,-0.0803773731136506,-8.33509122140258
25.665,-0.0959878821972175,-0.0803773731136506,-8.45732608993657
25.6675,-0.0959878821972175,-0.0803773731136506,-8.45223297041432
25.67,-3.36153536610521,-0.0803773731136506,-8.54900224133706
25.6725,-3.34115753469236,-0.0803773731136506,-8.44204673136982
25.675,-3.33606307683915,-0.0803773731136506,-8.32490498235808
25.6775,-3.33606307683915,-0.0803773731136506,-8.42167425328083
25.68,-3.36153536610521,-0.0803773731136506,-8.34018434092483
25.6825,-3.33606307683915,-0.0803773731136506,-8.44713985089207
25.685,-3.33096861898594,-0.0803773731136506,-8.44713985089207
25.6875,-3.33096861898594,-0.075281680307862,-8.38602241662508
25.69,-3.33606307683915,-0.0803773731136506,-8.36564993853608
25.6925,-3.32587416113273,-0.0803773731136506,-8.34018434092483
25.695,-3.29530741401347,-0.0803773731136506,-8.35037057996933
25.6975,-3.31568524542631,-0.0803773731136506,-8.41148801423633
25.7,-3.31568524542631,-0.075281680307862,-8.32999810188033
25.7025,-3.37681873966484,-0.0803773731136506,-8.34018434092483
25.705,-3.33606307683915,-0.0803773731136506,-8.32999810188033
25.7075,-3.3105907875731,-0.0803773731136506,-8.38602241662508
25.71,-3.30549632971989,-0.0803773731136506,-8.39111553614733
25.7125,-3.3105907875731,-0.0803773731136506,-8.38602241662508
25.715,-3.34625199254558,-0.0803773731136506,-8.39111553614733
25.7175,-3.34115753469236,-0.0803773731136506,-8.33509122140258
25.72,-3.31568524542631,-0.0803773731136506,-8.30962562379133
25.7225,-3.31568524542631,-0.0803773731136506,-8.38092929710283
25.725,-3.32077970327952,-0.0803773731136506,-8.38602241662508
25.7275,-3.32587416113273,-0.0803773731136506,-8.35546369949158
25.73,-3.32077970327952,-0.0803773731136506,-8.30962562379133
25.7325,-3.31568524542631,-0.075281680307862,-8.45223297041432
25.735,-3.31568524542631,-0.075281680307862,-8.45732608993657
25.7375,-3.34625199254558,-0.0803773731136506,-8.38602241662508
25.74,-3.34115753469236,-0.0803773731136506,-8.38602241662508
25.7425,-3.34115753469236,-0.0803773731136506,-8.45732608993657
25.745,-3.38700765537126,-0.0803773731136506,-8.33509122140258
25.7475,-3.36662982395842,-0.0803773731136506,-8.43695361184757
25.75,-3.37681873966484,-0.0803773731136506,-8.34527746044708
25.7525,-3.40229102893089,-0.0803773731136506,-8.34527746044708
25.755,-3.4073854867841,-0.0803773731136506,-8.34527746044708
25.7575,-3.41247994463731,-0.0803773731136506,-8.40130177519183
25.76,-3.44304669175658,-0.075281680307862,-8.35546369949158
25.7625,-3.44304669175658,-0.0803773731136506,-8.36564993853608
25.765,-3.44304669175658,-0.0803773731136506,-8.39111553614733
25.7675,-3.44814114960979,-0.0803773731136506,-8.37583617758058
25.77,-3.49399127028868,-0.0803773731136506,-8.37074305805833
25.7725,-3.46342452316942,-0.075281680307862,-8.37074305805833
25.775,-3.44304669175658,-0.0803773731136506,-8.36564993853608
25.7775,-3.43795223390337,-0.0803773731136506,-8.38602241662508
25.78,-3.44304669175658,-0.0803773731136506,-8.39111553614733
25.7825,-3.45833006531621,-0.0803773731136506,-8.39111553614733
25.785,-3.46342452316942,-0.0803773731136506,-8.39111553614733
25.7875,-3.46342452316942,-0.075281680307862,-8.34527746044708
25.79,-3.46342452316942,-0.0803773731136506,-8.34527746044708
25.7925,-3.46851898102263,-0.0803773731136506,-8.33509122140258
25.795,-3.47361343887584,-0.0803773731136506,-8.34527746044708
25.7975,-3.47361343887584,-0.0803773731136506,-8.33509122140258
25.8,-3.49908572814189,-0.0803773731136506,-8.41658113375857
25.8025,-3.51436910170153,-0.0803773731136506,-8.34527746044708
25.805,-3.52455801740795,-0.0803773731136506,-8.34018434092483
25.8075,-3.5041801859951,-0.0803773731136506,-8.35037057996933
25.81,-3.50927464384831,-0.075281680307862,-8.34018434092483
25.8125,-3.51436910170153,-0.0803773731136506,-8.34527746044708
25.815,-3.52965247526116,-0.075281680307862,-8.32490498235808
25.8175,-3.59588042735289,-0.0803773731136506,-8.33509122140258
25.82,-3.58059705379326,-0.0803773731136506,-8.32999810188033
25.8225,-3.56531368023363,-0.0803773731136506,-8.33509122140258
25.825,-3.56531368023363,-0.0803773731136506,-8.38092929710283
25.8275,-3.57550259594005,-0.0803773731136506,-8.35546369949158
25.83,-3.57040813808684,-0.0803773731136506,-8.35546369949158
25.8325,-3.58569151164647,-0.0803773731136506,-8.32999810188033
25.835,-3.54493584882079,-0.0854730659194392,-8.41658113375857
25.8375,-3.57040813808684,-0.0803773731136506,-8.37074305805833
25.84,-3.57040813808684,-0.0803773731136506,-8.38092929710283
25.8425,-3.57550259594005,-0.0803773731136506,-8.36055681901383
25.845,-3.53984139096758,-0.0803773731136506,-8.39111553614733
25.8475,-3.55512476452721,-0.0803773731136506,-8.40130177519183
25.85,-3.57040813808684,-0.0803773731136506,-8.40639489471408
25.8525,-3.53984139096758,-0.0803773731136506,-8.37583617758058
25.855,-3.56021922238042,-0.0803773731136506,-8.36564993853608
25.8575,-3.550030306674,-0.0803773731136506,-8.29434626522459
25.86,-3.5041801859951,-0.0854730659194392,-8.37583617758058
25.8625,-3.50927464384831,-0.0854730659194392,-8.34018434092483
25.865,-3.51946355955474,-0.0803773731136506,-8.34018434092483
25.8675,-3.51436910170153,-0.0803773731136506,-8.34527746044708
25.87,-3.49908572814189,-0.0803773731136506,-8.30962562379133
25.8725,-3.49908572814189,-0.0803773731136506,-8.28925314570234
25.875,-3.5041801859951,-0.0803773731136506,-8.27906690665784
25.8775,-3.52965247526116,-0.0803773731136506,-8.30453250426909
25.88,-3.49908572814189,-0.0803773731136506,-8.29434626522459
25.8825,-3.550030306674,-0.0803773731136506,-8.31471874331358
25.885,-3.49399127028868,-0.0803773731136506,-8.28925314570234
25.8875,-3.5041801859951,-0.0854730659194392,-8.28925314570234
25.89,-3.52965247526116,-0.0803773731136506,-8.29943938474683
25.8925,-3.54493584882079,-0.0803773731136506,-8.28925314570234
25.895,-3.53474693311437,-0.0803773731136506,-8.28416002618009
25.8975,-3.52455801740795,-0.0803773731136506,-8.28416002618009
25.9,-3.5041801859951,-0.0803773731136506,-8.38092929710283
25.9025,-3.57040813808684,-0.0803773731136506,-8.41658113375857
25.905,-3.49908572814189,-0.0803773731136506,-8.32999810188033
25.9075,-3.5041801859951,-0.0803773731136506,-8.29434626522459
25.91,-3.58059705379326,-0.0803773731136506,-8.31471874331358
25.9125,-3.53474693311437,-0.0803773731136506,-8.31471874331358
25.915,-3.56021922238042,-0.075281680307862,-8.39620865566958
25.9175,-3.55512476452721,-0.0803773731136506,-8.30962562379133
25.92,-3.59588042735289,-0.0803773731136506,-8.26888066761334
25.9225,-3.60097488520611,-0.0803773731136506,-8.28925314570234
25.925,-3.58569151164647,-0.0803773731136506,-8.27397378713559
25.9275,-3.61625825876574,-0.0803773731136506,-8.34018434092483
25.93,-3.62644717447216,-0.0803773731136506,-8.32999810188033
25.9325,-3.63663609017858,-0.0803773731136506,-8.31981186283583
25.935,-3.67229729515105,-0.075281680307862,-8.32490498235808
25.9375,-3.65191946373821,-0.0803773731136506,-8.32999810188033
25.94,-3.66210837944463,-0.0803773731136506,-8.24850818952434
25.9425,-3.67229729515105,-0.0803773731136506,-8.23832195047984
25.945,-3.70795850012353,-0.0803773731136506,-8.24341507000209
25.9475,-3.69776958441711,-0.0803773731136506,-8.32490498235808
25.95,-3.68758066871069,-0.0803773731136506,-8.23322883095759
25.9525,-3.6926751265639,-0.0803773731136506,-8.27397378713559
25.955,-3.70286404227032,-0.0803773731136506,-8.29943938474683
25.9575,-3.69776958441711,-0.0803773731136506,-8.30962562379133
25.96,-3.69776958441711,-0.0803773731136506,-8.28416002618009
25.9625,-3.70286404227032,-0.0803773731136506,-8.31471874331358
25.965,-3.70795850012353,-0.0803773731136506,-8.30962562379133
25.9675,-3.73343078938958,-0.0803773731136506,-8.31471874331358
25.97,-3.743619705096,-0.0854730659194392,-0.252310539592528
25.9725,-3.73852524724279,-0.075281680307862,-8.30453250426909
25.975,-3.71305295797674,-0.0803773731136506,-8.29434626522459
25.9775,-3.74871416294921,-0.0803773731136506,-8.41658113375857
25.98,-3.74871416294921,-0.0803773731136506,-8.30453250426909
25.9825,-3.743619705096,-0.0803773731136506,-8.30453250426909
25.985,-3.68758066871069,-0.0803773731136506,-8.28925314570234
25.9875,-3.70795850012353,-0.0803773731136506,-8.27397378713559
25.99,-3.68248621085748,-0.075281680307862,-8.27397378713559
25.9925,-3.70286404227032,-0.0803773731136506,-8.29943938474683
25.995,-3.66720283729784,-0.0803773731136506,-8.28925314570234
25.9975,-3.69776958441711,-0.0803773731136506,-8.27906690665784
26,-3.70795850012353,-0.0803773731136506,-8.31981186283583
26.0025,-3.70795850012353,-0.0803773731136506,-8.34527746044708
26.005,-3.71305295797674,-0.0803773731136506,-8.31981186283583
26.0075,-3.61625825876574,-0.0803773731136506,-8.31471874331358
26.01,-3.61116380091253,-0.0803773731136506,-8.32490498235808
26.0125,-3.63154163232537,-0.0803773731136506,-8.31981186283583
26.015,-3.68248621085748,-0.0854730659194392,-8.32490498235808
26.0175,-3.68758066871069,-0.0803773731136506,-8.28925314570234
26.02,-3.60097488520611,-0.0803773731136506,-8.27906690665784
26.0225,-3.61116380091253,-0.0803773731136506,-8.33509122140258
26.025,-3.58059705379326,-0.0803773731136506,-8.32490498235808
26.0275,-3.57550259594005,-0.0803773731136506,-8.25869442856884
26.03,-3.56021922238042,-0.0803773731136506,-8.33509122140258
26.0325,-3.550030306674,-0.0854730659194392,-8.36055681901383
26.035,-3.51946355955474,-0.0803773731136506,-8.42167425328083
26.0375,-3.51436910170153,-0.0803773731136506,-8.29943938474683
26.04,-3.49908572814189,-0.075281680307862,-8.29434626522459
26.0425,-3.48889681243547,-0.0803773731136506,-8.26378754809109
26.045,-3.47870789672905,-0.0803773731136506,-8.30962562379133
26.0475,-3.5041801859951,-0.0803773731136506,-8.26888066761334
26.05,-3.51946355955474,-0.0803773731136506,-8.30962562379133
26.0525,-3.47870789672905,-0.0803773731136506,-8.29943938474683
26.055,-3.46342452316942,-0.0803773731136506,-8.30453250426909
26.0575,-3.45833006531621,-0.0803773731136506,-8.28925314570234
26.06,-3.44814114960979,-0.0803773731136506,-8.32490498235808
26.0625,-3.42266886034373,-0.0803773731136506,-8.29943938474683
26.065,-9.05713924599465,-0.0803773731136506,-8.29434626522459
26.0675,-3.4073854867841,-0.0803773731136506,-8.29434626522459
26.07,-3.41757440249052,-0.0803773731136506,-8.37583617758058
26.0725,-3.39719657107768,-0.0803773731136506,-8.29434626522459
26.075,-3.40229102893089,-0.0803773731136506,-8.39111553614733
26.0775,-3.39719657107768,-0.0803773731136506,-8.37074305805833
26.08,-3.38191319751805,-0.0803773731136506,-8.35546369949158
26.0825,-3.40229102893089,-0.0803773731136506,-8.32999810188033
26.085,-3.39719657107768,-0.0803773731136506,-8.30962562379133
26.0875,-3.39210211322447,-0.0803773731136506,-8.38602241662508
26.09,-3.42776331819694,-0.0854730659194392,-8.32999810188033
26.0925,-3.39210211322447,-0.0803773731136506,-8.37074305805833
26.095,-3.39210211322447,-0.075281680307862,-8.35037057996933
26.0975,-3.39210211322447,-0.0803773731136506,-8.34527746044708
26.1,-3.39210211322447,-0.0803773731136506,-8.38092929710283
26.1025,-3.36662982395842,-0.0803773731136506,-8.35546369949158
26.105,-3.36662982395842,-0.0803773731136506,-8.39111553614733
26.1075,-3.36662982395842,-0.0803773731136506,-8.35546369949158
26.11,-3.36153536610521,-0.0803773731136506,-8.40130177519183
26.1125,-3.36662982395842,-0.0803773731136506,-8.37074305805833
26.115,-3.39719657107768,-0.0803773731136506,-8.37074305805833
26.1175,-3.38700765537126,-0.0803773731136506,-8.37074305805833
26.12,-3.36153536610521,-0.0803773731136506,-8.36564993853608
26.1225,-3.34625199254558,-0.0854730659194392,-8.42167425328083
26.125,-3.34115753469236,-0.0803773731136506,-8.38092929710283
26.1275,-3.34115753469236,-0.0803773731136506,-8.38602241662508
26.13,-3.34115753469236,-0.0803773731136506,-8.38092929710283
26.1325,-3.34115753469236,-0.0803773731136506,-8.39111553614733
26.135,-3.34115753469236,-0.0803773731136506,-8.38602241662508
26.1375,-3.34625199254558,-0.0803773731136506,-8.38092929710283
26.14,-3.33096861898594,-0.0803773731136506,-8.48788480707007
26.1425,-3.33096861898594,-0.0803773731136506,-8.40639489471408
26.145,-3.32587416113273,-0.0854730659194392,-8.43186049232532
26.1475,-3.41757440249052,-0.0803773731136506,-8.41658113375857
26.15,-3.29021295616026,-0.0803773731136506,-8.36564993853608
26.1525,-3.356440908252,-0.0803773731136506,-8.43695361184757
26.155,-3.38700765537126,-0.0803773731136506,-8.37074305805833
26.1575,-3.36153536610521,-0.0803773731136506,-8.35546369949158
26.16,-3.41247994463731,-0.0803773731136506,-8.32999810188033
26.1625,-3.39210211322447,-0.0803773731136506,-8.36055681901383
26.165,-3.43795223390337,-0.0803773731136506,-8.32999810188033
26.1675,-3.41757440249052,-0.075281680307862,-8.33509122140258
26.17,-3.43795223390337,-0.0803773731136506,-8.35546369949158
26.1725,-3.39210211322447,-0.0803773731136506,-8.28925314570234
26.175,-3.39210211322447,-0.0803773731136506,-8.26888066761334
26.1775,-3.40229102893089,-0.0803773731136506,-8.27397378713559
26.18,-3.4073854867841,-0.0803773731136506,-8.26378754809109
26.1825,-3.44814114960979,-0.0803773731136506,-8.26378754809109
26.185,-3.43285777605016,-0.0803773731136506,-8.27397378713559
26.1875,-3.41757440249052,-0.0803773731136506,-8.27906690665784
26.19,-3.42266886034373,-0.0803773731136506,-8.26888066761334
26.1925,-3.48380235458226,-0.0803773731136506,-8.24850818952434
26.195,-3.48380235458226,-0.0803773731136506,-8.26888066761334
26.1975,-3.50927464384831,-0.0803773731136506,-8.25869442856884
26.2,-3.46851898102263,-0.0803773731136506,-8.33509122140258
26.2025,-3.46851898102263,-0.075281680307862,-8.24341507000209
26.205,-3.43795223390337,-0.0803773731136506,-8.24341507000209
26.2075,-3.47870789672905,-0.0803773731136506,-8.23322883095759
26.21,-3.45833006531621,-0.0803773731136506,-8.24850818952434
26.2125,-3.47870789672905,-0.0803773731136506,-8.24341507000209
26.215,-3.47870789672905,-0.0803773731136506,-8.25360130904659
26.2175,-3.47870789672905,-0.0803773731136506,-8.24850818952434
26.22,-3.46851898102263,-0.075281680307862,-8.23322883095759
26.2225,-3.5041801859951,-0.0803773731136506,-8.45223297041432
26.225,-3.54493584882079,-0.0803773731136506,-8.25869442856884
26.2275,-3.49908572814189,-0.0803773731136506,-8.23322883095759
26.23,-3.48380235458226,-0.0803773731136506,-8.22813571143534
26.2325,-3.48889681243547,-0.0803773731136506,-8.29943938474683
26.235,-3.5041801859951,-0.0803773731136506,-8.20776323334634
26.2375,-3.5041801859951,-0.0803773731136506,-8.21794947239084
26.24,-3.50927464384831,-0.0803773731136506,-8.20267011382409
26.2425,-3.53474693311437,-0.0803773731136506,-8.20267011382409
26.245,-3.49908572814189,-0.075281680307862,-8.19248387477959
26.2475,-3.50927464384831,-0.0803773731136506,-8.17720451621285
26.25,-3.51436910170153,-0.0803773731136506,-8.19248387477959
26.2525,-3.48889681243547,-0.0803773731136506,-8.19757699430184
26.255,-3.51436910170153,-0.0803773731136506,-8.25869442856884
26.2575,-3.53474693311437,-0.0803773731136506,-8.24850818952434
26.26,-3.52965247526116,-0.0803773731136506,-8.19248387477959
26.2625,-3.52455801740795,-0.0803773731136506,-8.18739075525735
26.265,-3.51946355955474,-0.0803773731136506,-8.19248387477959
26.2675,-3.52455801740795,-0.0803773731136506,-8.18229763573509
26.27,-3.52455801740795,-0.0803773731136506,-8.29434626522459
26.2725,-3.52965247526116,-0.075281680307862,-8.23832195047984
26.275,-3.55512476452721,-0.0803773731136506,-8.24850818952434
26.2775,-3.55512476452721,-0.0803773731136506,-8.44204673136982
26.28,-3.52455801740795,-0.0803773731136506,-8.20776323334634
26.2825,-3.53474693311437,-0.0803773731136506,-8.26378754809109
26.285,-3.53984139096758,-0.0803773731136506,-8.26378754809109
26.2875,-3.53984139096758,-0.0803773731136506,-8.28925314570234
26.29,-3.550030306674,-0.0803773731136506,-8.20267011382409
26.2925,-3.55512476452721,-0.0803773731136506,-8.21285635286859
26.295,-3.58059705379326,-0.075281680307862,-8.22813571143534
26.2975,-3.61116380091253,-0.075281680307862,-8.23832195047984
26.3,-3.56021922238042,-0.0803773731136506,-8.24341507000209
26.3025,-3.56531368023363,-0.0803773731136506,-8.10590084290135
26.305,-3.61625825876574,-0.0803773731136506,-8.30962562379133
26.3075,-3.56021922238042,-0.0854730659194392,-8.32999810188033
26.31,-3.55512476452721,-0.0803773731136506,-8.26888066761334
26.3125,-3.56531368023363,-0.0803773731136506,-8.32490498235808
26.315,-3.59078596949968,-0.0803773731136506,-8.23832195047984
26.3175,-3.58059705379326,-0.0803773731136506,-8.1721113966906
26.32,-3.58059705379326,-0.0803773731136506,-8.1517389186016
26.3225,-3.54493584882079,-0.0803773731136506,-8.24850818952434
26.325,-3.56531368023363,-0.0803773731136506,-8.25360130904659
26.3275,-3.62135271661895,-0.0803773731136506,-8.16701827716835
26.33,-3.52965247526116,-0.0803773731136506,-8.1517389186016
26.3325,-3.51946355955474,-0.0803773731136506,-8.17720451621285
26.335,-3.51946355955474,-0.0803773731136506,-8.18229763573509
26.3375,-3.58059705379326,-0.0803773731136506,-8.1721113966906
26.34,-3.58059705379326,-0.0803773731136506,-8.22813571143534
26.3425,-3.5041801859951,-0.0803773731136506,-8.22304259191309
26.345,-3.5041801859951,-0.0803773731136506,-8.1313664405126
26.3475,-3.43795223390337,-0.0803773731136506,-8.19248387477959
26.35,-3.43285777605016,-0.0803773731136506,-8.18739075525735
26.3525,-3.42776331819694,-0.0803773731136506,-8.16701827716835
26.355,-3.41247994463731,-0.0803773731136506,-8.28416002618009
26.3575,-3.41757440249052,-0.0803773731136506,-8.1415526795571
26.36,-3.42266886034373,-0.0803773731136506,-8.13645956003485
26.3625,-3.43795223390337,-0.0803773731136506,-8.1415526795571
26.365,-3.44304669175658,-0.0803773731136506,-8.16701827716835
26.3675,-3.44814114960979,-0.0803773731136506,-8.19248387477959
26.37,-3.45833006531621,-0.0803773731136506,-8.1721113966906
26.3725,-3.49399127028868,-0.075281680307862,-8.30453250426909
26.375,-3.45833006531621,-0.0803773731136506,-8.44713985089207
26.3775,-3.46342452316942,-0.0803773731136506,-8.17720451621285
26.38,-3.47870789672905,-0.0803773731136506,-8.22304259191309
26.3825,-3.44304669175658,-0.0803773731136506,-8.22304259191309
26.385,-3.47361343887584,-0.0803773731136506,-8.32490498235808
26.3875,-3.44304669175658,-0.0803773731136506,-8.24341507000209
26.39,-3.44304669175658,-0.0803773731136506,-8.1211802014681
26.3925,-3.44304669175658,-0.0803773731136506,-8.23832195047984
26.395,-3.44814114960979,-0.0803773731136506,-8.32999810188033
26.3975,-3.44814114960979,-0.0803773731136506,-8.31981186283583
26.4,-3.453235607463,-0.0803773731136506,-8.20267011382409
26.4025,-3.44304669175658,-0.075281680307862,-8.18739075525735
26.405,-3.46851898102263,-0.0803773731136506,-8.25360130904659
26.4075,-3.44304669175658,-0.0803773731136506,-8.1721113966906
26.41,-3.44304669175658,-0.0803773731136506,-8.1517389186016
26.4125,-3.37172428181163,-0.0803773731136506,-8.17720451621285
26.415,-3.37681873966484,-0.0803773731136506,-8.1619251576461
26.4175,-3.356440908252,-0.0803773731136506,-8.13645956003485
26.42,-3.32587416113273,-0.0803773731136506,-8.12627332099035
26.4225,-3.38191319751805,-0.0803773731136506,-8.1211802014681
26.425,-3.37681873966484,-0.0803773731136506,-8.1211802014681
26.4275,-3.46342452316942,-0.0803773731136506,-8.1109939624236
26.43,-3.43795223390337,-0.0803773731136506,-8.13645956003485
26.4325,-3.43795223390337,-0.0803773731136506,-8.14664579907935
26.435,-3.29021295616026,-0.0803773731136506,-8.1619251576461
26.4375,-3.28511849830705,-0.0803773731136506,-8.18229763573509
26.44,-3.24945729333457,-0.0803773731136506,-8.29943938474683
26.4425,-3.24436283548136,-0.0803773731136506,-8.1109939624236
26.445,-3.21889054621531,-0.075281680307862,-8.22304259191309
26.4475,-3.2137960883621,-0.0803773731136506,-8.19248387477959
26.45,-3.23417391977494,-0.0803773731136506,-8.1109939624236
26.4525,-3.22907946192173,-0.0854730659194392,-8.14664579907935
26.455,-3.22398500406852,-0.0803773731136506,-8.16701827716835
26.4575,-3.23926837762815,-0.0803773731136506,-8.17720451621285
26.46,-3.09662355773826,-0.0803773731136506,-8.16701827716835
26.4625,-3.09152909988505,-0.0803773731136506,-8.1619251576461
26.465,-3.0711512684722,-0.0803773731136506,-8.26378754809109
26.4675,-3.05586789491257,-0.0803773731136506,-8.26888066761334
26.47,-3.03039560564652,-0.0803773731136506,-8.20267011382409
26.4725,-3.02530114779331,-0.0803773731136506,-8.21285635286859
26.475,-3.04567897920615,-0.0803773731136506,-8.18229763573509
26.4775,-3.04058452135294,-0.0803773731136506,-8.14664579907935
26.48,-3.03549006349973,-0.0803773731136506,-8.22304259191309
26.4825,-3.03549006349973,-0.0803773731136506,-8.16701827716835
26.485,-3.03549006349973,-0.0803773731136506,-8.17720451621285
26.4875,-3.05077343705936,-0.0803773731136506,-8.17720451621285
26.49,-3.05077343705936,-0.0803773731136506,-8.1313664405126
26.4925,-3.06096235276578,-0.0803773731136506,-8.1211802014681
26.495,-3.0711512684722,-0.0803773731136506,-8.1517389186016
26.4975,-3.13737922056394,-0.0803773731136506,-8.16701827716835
26.5,-3.40229102893089,-0.0803773731136506,-8.17720451621285
26.5025,-3.43285777605016,-0.0803773731136506,-8.1109939624236
26.505,-3.41757440249052,-0.0803773731136506,-8.13645956003485
26.5075,-3.44814114960979,-0.0803773731136506,-8.15683203812385
26.51,-3.44304669175658,-0.075281680307862,-8.13645956003485
26.5125,-3.45833006531621,-0.0803773731136506,-8.1109939624236
26.515,-3.42266886034373,-0.0803773731136506,-8.1415526795571
26.5175,-3.453235607463,-0.0803773731136506,-8.1008077233791
26.52,-3.42776331819694,-0.0803773731136506,-8.0804352452901
26.5225,-3.42776331819694,-0.0803773731136506,-8.0906214843346
26.525,-3.45833006531621,-0.0803773731136506,-8.0804352452901
26.5275,-3.44814114960979,-0.0803773731136506,-8.0804352452901
26.53,-3.45833006531621,-0.0803773731136506,-8.26888066761334
26.5325,-3.51436910170153,-0.0803773731136506,-8.06515588672336
26.535,-3.44814114960979,-0.0803773731136506,-8.06006276720111
26.5375,-3.45833006531621,-0.0803773731136506,-8.06006276720111
26.54,-3.49399127028868,-0.0803773731136506,-8.06006276720111
26.5425,-3.46851898102263,-0.0803773731136506,-8.06515588672336
26.545,-3.47361343887584,-0.0803773731136506,-8.23832195047984
26.5475,-3.46342452316942,-0.0803773731136506,-8.21285635286859
26.55,-3.48889681243547,-0.0803773731136506,-8.21794947239084
26.5525,-3.47870789672905,-0.0803773731136506,-8.20776323334634
26.555,-3.53984139096758,-0.0803773731136506,-8.18229763573509
26.5575,-3.56021922238042,-0.0803773731136506,-8.19757699430184
26.56,-3.45833006531621,-0.0803773731136506,-8.20267011382409
26.5625,-3.46851898102263,-0.0803773731136506,-8.26378754809109
26.565,-3.56021922238042,-0.0803773731136506,-8.26888066761334
26.5675,-3.55512476452721,-0.0803773731136506,-8.14664579907935
26.57,-3.550030306674,-0.075281680307862,-8.20776323334634
26.5725,-0.0959878821972175,-0.0803773731136506,-8.18229763573509
26.575,-0.0959878821972175,-0.0803773731136506,-8.1415526795571
26.5775,-0.0908934243440065,-0.0803773731136506,-8.31981186283583
26.58,-0.0908934243440065,-0.0803773731136506,-8.14664579907935
26.5825,-0.0908934243440065,-0.0803773731136506,-8.19248387477959
26.585,-0.0959878821972175,-0.0803773731136506,-8.20776323334634
26.5875,-0.0959878821972175,-0.0803773731136506,-8.21285635286859
26.59,-0.0959878821972175,-0.075281680307862,-8.1721113966906
26.5925,-0.0908934243440065,-0.0803773731136506,-8.18739075525735
26.595,-0.0908934243440065,-0.0803773731136506,-8.18739075525735
26.5975,-0.0959878821972175,-0.0803773731136506,-8.21285635286859
26.6,-3.45833006531621,-0.0803773731136506,-8.19248387477959
26.6025,-3.47870789672905,-0.0803773731136506,-8.18229763573509
26.605,-3.48380235458226,-0.0803773731136506,-8.25360130904659
26.6075,-3.49399127028868,-0.0803773731136506,-8.19248387477959
26.61,-3.51946355955474,-0.0803773731136506,-8.20776323334634
26.6125,-3.50927464384831,-0.0803773731136506,-8.20776323334634
26.615,-3.51946355955474,-0.0803773731136506,-8.21794947239084
26.6175,-3.550030306674,-0.0803773731136506,-8.23322883095759
26.62,-3.52965247526116,-0.0803773731136506,-8.27397378713559
26.6225,-3.53474693311437,-0.0803773731136506,-8.24341507000209
26.625,-3.54493584882079,-0.0803773731136506,-8.22304259191309
26.6275,-3.55512476452721,-0.0803773731136506,-8.24341507000209
26.63,-3.56021922238042,-0.0803773731136506,-8.31981186283583
26.6325,-3.55512476452721,-0.0803773731136506,-8.32490498235808
26.635,-3.59078596949968,-0.0803773731136506,-8.19248387477959
26.6375,-3.59078596949968,-0.0803773731136506,-8.21285635286859
26.64,-3.56531368023363,-0.0803773731136506,-8.26378754809109
26.6425,-3.56531368023363,-0.0803773731136506,-8.18739075525735
26.645,-3.57040813808684,-0.0803773731136506,-8.23322883095759
26.6475,-3.57550259594005,-0.0803773731136506,-8.22304259191309
26.65,-3.58059705379326,-0.0803773731136506,-8.17720451621285
26.6525,-3.58569151164647,-0.0803773731136506,-8.20267011382409
26.655,-3.60097488520611,-0.0803773731136506,-8.16701827716835
26.6575,-3.60097488520611,-0.0803773731136506,-8.1721113966906
26.66,-3.57550259594005,-0.0803773731136506,-8.20776323334634
26.6625,-3.58059705379326,-0.0803773731136506,-8.26888066761334
26.665,-3.58059705379326,-0.0803773731136506,-8.23322883095759
26.6675,-3.58569151164647,-0.0803773731136506,-8.19248387477959
26.67,-3.58569151164647,-0.0803773731136506,-8.16701827716835
26.6725,-3.59078596949968,-0.0803773731136506,-8.20776323334634
26.675,-3.59078596949968,-0.0803773731136506,-8.20776323334634
26.6775,-3.58059705379326,-0.0803773731136506,-8.21285635286859
26.68,-3.59588042735289,-0.0803773731136506,-8.20267011382409
26.6825,-3.57040813808684,-0.0803773731136506,-8.30962562379133
26.685,-3.59078596949968,-0.0803773731136506,-8.29943938474683
26.6875,-3.57040813808684,-0.0803773731136506,-8.30962562379133
26.69,-3.56531368023363,-0.0803773731136506,-0.10970319296954
26.6925,-3.56531368023363,-0.0854730659194392,-8.19757699430184
26.695,-3.56531368023363,-0.0803773731136506,-8.21794947239084
26.6975,-3.53984139096758,-0.0803773731136506,-8.22304259191309
26.7,-3.53984139096758,-0.0803773731136506,-8.23832195047984
26.7025,-3.53474693311437,-0.0803773731136506,-8.31981186283583
26.705,-3.52965247526116,-0.0803773731136506,-8.29434626522459
26.7075,-3.53474693311437,-0.0803773731136506,-8.26888066761334
26.71,-3.54493584882079,-0.0803773731136506,-8.27906690665784
26.7125,-3.54493584882079,-0.0803773731136506,-8.27906690665784
26.715,-3.51946355955474,-0.0803773731136506,-8.21794947239084
26.7175,-3.48889681243547,-0.0803773731136506,-8.29943938474683
26.72,-3.50927464384831,-0.0803773731136506,-8.32490498235808
26.7225,-3.48889681243547,-0.0803773731136506,-8.31981186283583
26.725,-3.46851898102263,-0.0803773731136506,-8.24341507000209
26.7275,-3.46342452316942,-0.075281680307862,-8.23322883095759
26.73,-3.45833006531621,-0.0803773731136506,-8.37074305805833
26.7325,-3.48380235458226,-0.0803773731136506,-8.33509122140258
26.735,-3.43795223390337,-0.0854730659194392,-8.27906690665784
26.7375,-3.44814114960979,-0.0803773731136506,-8.37583617758058
26.74,-3.44814114960979,-0.0803773731136506,-8.20776323334634
26.7425,-3.42266886034373,-0.0803773731136506,-8.35037057996933
26.745,-3.41757440249052,-0.0803773731136506,-8.25360130904659
26.7475,-3.4073854867841,-0.0803773731136506,-8.23322883095759
26.75,-3.41757440249052,-0.0803773731136506,-8.22304259191309
26.7525,-3.39210211322447,-0.0803773731136506,-8.22304259191309
26.755,-3.41757440249052,-0.0803773731136506,-8.30453250426909
26.7575,-3.41757440249052,-0.0803773731136506,-8.22813571143534
26.76,-3.37172428181163,-0.0803773731136506,-8.21285635286859
26.7625,-3.36153536610521,-0.0803773731136506,-8.27906690665784
26.765,-3.356440908252,-0.0803773731136506,-8.24341507000209
26.7675,-3.38191319751805,-0.0803773731136506,-8.27397378713559
26.77,-3.34625199254558,-0.0803773731136506,-8.27397378713559
26.7725,-3.34115753469236,-0.0803773731136506,-8.26888066761334
26.775,-3.33606307683915,-0.0803773731136506,-0.114796312491791
26.7775,-3.33096861898594,-0.0803773731136506,-0.0995169539250416
26.78,-3.32587416113273,-0.0803773731136506,-8.28925314570234
26.7825,-3.34625199254558,-0.0803773731136506,-8.28416002618009
26.785,-3.30040187186668,-0.0803773731136506,-8.28925314570234
26.7875,-3.30040187186668,-0.0803773731136506,-8.31981186283583
26.79,-3.25455175118779,-0.0803773731136506,-8.21285635286859
26.7925,-3.29530741401347,-0.0803773731136506,-8.43695361184757
26.795,-3.26474066689421,-0.0803773731136506,-8.27397378713559
26.7975,-3.22398500406852,-0.0803773731136506,-8.26378754809109
26.8,-3.20870163050889,-0.0803773731136506,-8.26378754809109
26.8025,-3.19851271480247,-0.0803773731136506,-8.28416002618009
26.805,-3.16285150982999,-0.0803773731136506,-8.28416002618009
26.8075,-3.14247367841715,-0.0803773731136506,-8.38092929710283
26.81,-3.16285150982999,-0.0803773731136506,-8.59484031703731
26.8125,-3.15775705197678,-0.0803773731136506,-8.36055681901383
26.815,-3.13228476271073,-0.0803773731136506,-8.37583617758058
26.8175,-3.1170013891511,-0.0803773731136506,-8.34018434092483
26.82,-3.10681247344468,-0.0803773731136506,-8.50825728515907
26.8225,-3.11190693129789,-0.0803773731136506,-8.30453250426909
26.825,-3.11190693129789,-0.0803773731136506,-8.32490498235808
26.8275,-3.11190693129789,-0.0803773731136506,-8.31981186283583
26.83,-3.11190693129789,-0.0803773731136506,-8.31981186283583
26.8325,-3.10681247344468,-0.0803773731136506,-8.30453250426909
26.835,-3.14247367841715,-0.0803773731136506,-8.36564993853608
26.8375,-3.1170013891511,-0.0803773731136506,-8.32490498235808
26.84,-3.11190693129789,-0.0803773731136506,-8.32999810188033
26.8425,-3.10171801559147,-0.0803773731136506,-8.48279168754782
26.845,-3.09662355773826,-0.0803773731136506,-8.35546369949158
26.8475,-3.1170013891511,-0.0803773731136506,-8.35037057996933
26.85,-3.09662355773826,-0.0803773731136506,-8.41148801423633
26.8525,-3.09152909988505,-0.0803773731136506,-8.40639489471408
26.855,-3.15266259412357,-0.0803773731136506,-8.40639489471408
26.8575,-3.10171801559147,-0.0803773731136506,-8.41658113375857
26.86,-3.10171801559147,-0.0803773731136506,-8.43695361184757
26.8625,-3.12209584700431,-0.0803773731136506,-8.37583617758058
26.865,-3.11190693129789,-0.0803773731136506,-8.40639489471408
26.8675,-3.13737922056394,-0.0803773731136506,-8.43186049232532
26.87,-3.13228476271073,-0.0803773731136506,-8.40130177519183
26.8725,-3.13228476271073,-0.0803773731136506,-8.41148801423633
26.875,-3.16285150982999,-0.0803773731136506,-8.39620865566958
26.8775,-3.13228476271073,-0.0803773731136506,-8.40639489471408
26.88,-3.12719030485752,-0.0803773731136506,-8.43186049232532
26.8825,-3.12719030485752,-0.0803773731136506,-8.44204673136982
26.885,-3.16285150982999,-0.0803773731136506,-8.39111553614733
26.8875,-3.15775705197678,-0.0803773731136506,-8.43695361184757
26.89,-3.13228476271073,-0.0803773731136506,-8.39620865566958
26.8925,-3.15266259412357,-0.0803773731136506,-8.38092929710283
26.895,-3.1170013891511,-0.0803773731136506,-8.38602241662508
26.8975,-3.1170013891511,-0.0803773731136506,-8.37583617758058
26.9,-3.12719030485752,-0.0803773731136506,-8.38092929710283
26.9025,-3.12719030485752,-0.0803773731136506,-8.47260544850332
26.905,-3.16794596768321,-0.0803773731136506,-8.40639489471408
26.9075,-3.12209584700431,-0.0803773731136506,-8.37074305805833
26.91,-3.13228476271073,-0.075281680307862,-8.35546369949158
26.9125,-3.12719030485752,-0.0803773731136506,-8.35546369949158
26.915,-3.13228476271073,-0.0803773731136506,-8.35546369949158
26.9175,-3.19341825694926,-0.0803773731136506,-8.46751232898107
26.92,-3.16794596768321,-0.0803773731136506,-8.41148801423633
26.9225,-3.13228476271073,-0.0803773731136506,-8.42167425328083
26.925,-3.13737922056394,-0.0803773731136506,-8.41148801423633
26.9275,-3.13737922056394,-0.0803773731136506,-8.41658113375857
26.93,-3.14247367841715,-0.0803773731136506,-8.40639489471408
26.9325,-3.13737922056394,-0.0803773731136506,-8.42167425328083
26.935,-3.13228476271073,-0.0803773731136506,-8.42167425328083
26.9375,-3.13228476271073,-0.0803773731136506,-8.35037057996933
26.94,-3.15266259412357,-0.0803773731136506,-8.38092929710283
26.9425,-3.13228476271073,-0.0803773731136506,-8.39111553614733
26.945,-3.16285150982999,-0.0803773731136506,-8.37583617758058
26.9475,-3.13228476271073,-0.0803773731136506,-8.37583617758058
26.95,-3.13228476271073,-0.0803773731136506,-8.38602241662508
26.9525,-3.13228476271073,-0.0803773731136506,-8.41658113375857
26.955,-3.12719030485752,-0.0803773731136506,-8.38602241662508
26.9575,-3.13228476271073,-0.0803773731136506,-8.38092929710283
26.96,-3.13228476271073,-0.0803773731136506,-8.39111553614733
26.9625,-3.14756813627036,-0.0803773731136506,-8.44204673136982
26.965,-3.14756813627036,-0.0803773731136506,-8.43186049232532
26.9675,-3.14756813627036,-0.0803773731136506,-8.43186049232532
26.97,-3.15775705197678,-0.0803773731136506,-8.50316416563682
26.9725,-3.15775705197678,-0.0803773731136506,-8.39620865566958
26.975,-3.17304042553642,-0.0803773731136506,-8.39111553614733
26.9775,-3.16794596768321,-0.0803773731136506,-8.42676737280307
26.98,-3.15266259412357,-0.0803773731136506,-8.48788480707007
26.9825,-3.14247367841715,-0.0803773731136506,-8.49297792659232
26.985,-3.17304042553642,-0.0803773731136506,-8.39620865566958
26.9875,-3.17304042553642,-0.0803773731136506,-8.41658113375857
26.99,-3.13228476271073,-0.0803773731136506,-8.41148801423633
26.9925,-3.12719030485752,-0.0803773731136506,-8.41148801423633
26.995,-3.12209584700431,-0.0803773731136506,-8.46751232898107
26.9975,-3.12209584700431,-0.0803773731136506,-8.43186049232532
27,-3.12209584700431,-0.0803773731136506,-8.43695361184757
27.0025,-3.12209584700431,-0.0803773731136506,-8.43186049232532
27.005,-3.15266259412357,-0.0803773731136506,-8.48279168754782
27.0075,-3.13228476271073,-0.0803773731136506,-8.45223297041432
27.01,-3.13737922056394,-0.0803773731136506,-8.45223297041432
27.0125,-3.17813488338963,-0.0803773731136506,-8.44204673136982
27.015,-3.13228476271073,-0.0803773731136506,-8.44204673136982
27.0175,-3.1170013891511,-0.0803773731136506,-8.43695361184757
27.02,-3.12209584700431,-0.0803773731136506,-8.41658113375857
27.0225,-3.12719030485752,-0.0803773731136506,-8.44713985089207
27.025,-3.12209584700431,-0.0803773731136506,-8.49807104611457
27.0275,-3.15266259412357,-0.0803773731136506,-8.45732608993657
27.03,-3.15266259412357,-0.0854730659194392,-8.44713985089207
27.0325,-3.15775705197678,-0.0803773731136506,-8.48788480707007
27.035,-3.13228476271073,-0.0803773731136506,-8.47769856802557
27.0375,-3.12719030485752,-0.0803773731136506,-8.56428159990381
27.04,-3.13228476271073,-0.0803773731136506,-8.48788480707007
27.0425,-3.13737922056394,-0.0803773731136506,-8.43695361184757
27.045,-3.14756813627036,-0.0803773731136506,-8.43695361184757
27.0475,-3.15266259412357,-0.0803773731136506,-8.43695361184757
27.05,-3.15775705197678,-0.0803773731136506,-8.42676737280307
27.0525,-3.16285150982999,-0.0803773731136506,-8.45732608993657
27.055,-3.17304042553642,-0.0803773731136506,-8.46751232898107
27.0575,-3.17304042553642,-0.0803773731136506,-8.47769856802557
27.06,-3.17304042553642,-0.0803773731136506,-8.48788480707007
27.0625,-3.18832379909605,-0.0803773731136506,-8.48279168754782
27.065,-3.19851271480247,-0.0803773731136506,-8.48788480707007
27.0675,-3.21889054621531,-0.0803773731136506,-8.47769856802557
27.07,-3.22398500406852,-0.0803773731136506,-8.48279168754782
27.0725,-3.22907946192173,-0.0803773731136506,-8.46751232898107
27.075,-3.23417391977494,-0.0803773731136506,-8.46751232898107
27.0775,-3.24436283548136,-0.0803773731136506,-8.50825728515907
27.08,-3.25455175118779,-0.0803773731136506,-8.43695361184757
27.0825,-3.26474066689421,-0.0803773731136506,-8.48279168754782
27.085,-3.26983512474742,-0.0803773731136506,-8.44713985089207
27.0875,-3.27492958260063,-0.0803773731136506,-8.45732608993657
27.09,-3.28002404045384,-0.0803773731136506,-8.49807104611457
27.0925,-3.28511849830705,-0.0803773731136506,-8.49297792659232
27.095,-3.33606307683915,-0.0803773731136506,-8.46751232898107
27.0975,-3.3105907875731,-0.0803773731136506,-8.46751232898107
27.1,-3.32077970327952,-0.0803773731136506,-8.46751232898107
27.1025,-3.32587416113273,-0.0803773731136506,-8.43186049232532
27.105,-3.32077970327952,-0.0803773731136506,-8.59484031703731
27.1075,-3.33096861898594,-0.0803773731136506,-8.41148801423633
27.11,-8.8890221368387,-0.0803773731136506,-8.41658113375857
27.1125,-3.37681873966484,-0.0803773731136506,-8.52353664372582
27.115,-3.356440908252,-0.0803773731136506,-8.50316416563682
27.1175,-3.36153536610521,-0.0803773731136506,-8.42676737280307
27.12,-3.37172428181163,-0.0803773731136506,-8.42676737280307
27.1225,-3.38191319751805,-0.0803773731136506,-8.41658113375857
27.125,-3.39719657107768,-0.0803773731136506,-8.41658113375857
27.1275,-3.4073854867841,-0.0803773731136506,-8.41148801423633
27.13,-3.41757440249052,-0.0803773731136506,-8.40639489471408
27.1325,-3.43285777605016,-0.0803773731136506,-8.39620865566958
27.135,-3.44814114960979,-0.0803773731136506,-8.40130177519183
27.1375,-3.44814114960979,-0.0803773731136506,-8.45223297041432
27.14,-3.47870789672905,-0.0803773731136506,-8.41658113375857
27.1425,-3.48889681243547,-0.0803773731136506,-8.39620865566958
27.145,-3.48380235458226,-0.0803773731136506,-8.39111553614733
27.1475,-3.47870789672905,-0.0803773731136506,-8.40130177519183
27.15,-3.52455801740795,-0.0803773731136506,-8.39620865566958
27.1525,-3.60097488520611,-0.0803773731136506,-8.43186049232532
27.155,-3.57040813808684,-0.0803773731136506,-8.39620865566958
27.1575,-3.56021922238042,-0.0803773731136506,-8.40130177519183
27.16,-3.56531368023363,-0.0803773731136506,-8.47769856802557
27.1625,-3.58569151164647,-0.0803773731136506,-8.40639489471408
27.165,-3.57040813808684,-0.0803773731136506,-8.43695361184757
27.1675,-3.60606934305932,-0.075281680307862,-8.46751232898107
27.17,-3.60606934305932,-0.0803773731136506,-8.48279168754782
27.1725,-3.61116380091253,-0.0803773731136506,-8.44713985089207
27.175,-3.61625825876574,-0.0803773731136506,-8.46241920945882
27.1775,-3.63154163232537,-0.0803773731136506,-8.36055681901383
27.18,-3.64173054803179,-0.0803773731136506,-8.38092929710283
27.1825,-3.64173054803179,-0.0803773731136506,-8.46751232898107
27.185,-3.646825005885,-0.0803773731136506,-8.40639489471408
27.1875,-3.65191946373821,-0.0803773731136506,-8.45732608993657
27.19,-3.65191946373821,-0.0803773731136506,-8.38092929710283
27.1925,-3.646825005885,-0.0803773731136506,-8.39111553614733
27.195,-3.646825005885,-0.0803773731136506,-8.35037057996933
27.1975,-3.646825005885,-0.0803773731136506,-8.36055681901383
27.2,-3.65191946373821,-0.0803773731136506,-8.35037057996933
27.2025,-3.65191946373821,-0.0803773731136506,-8.39111553614733
27.205,-3.65191946373821,-0.0803773731136506,-8.34018434092483
27.2075,-3.646825005885,-0.0803773731136506,-8.36564993853608
27.21,-3.646825005885,-0.0803773731136506,-8.36564993853608
27.2125,-3.63663609017858,-0.0803773731136506,-8.39620865566958
27.215,-3.62135271661895,-0.0803773731136506,-8.40639489471408
27.2175,-3.61116380091253,-0.0803773731136506,-8.43186049232532
27.22,-3.59588042735289,-0.0803773731136506,-8.39111553614733
27.2225,-3.59078596949968,-0.0803773731136506,-8.36564993853608
27.225,-3.57550259594005,-0.0803773731136506,-8.38092929710283
27.2275,-3.57040813808684,-0.0803773731136506,-8.45223297041432
27.23,-3.58569151164647,-0.0803773731136506,-8.39111553614733
27.2325,-3.53984139096758,-0.0803773731136506,-8.42167425328083
27.235,-3.53474693311437,-0.0803773731136506,-8.45223297041432
27.2375,-3.51946355955474,-0.0803773731136506,-8.41658113375857
27.24,-3.50927464384831,-0.0803773731136506,-8.40639489471408
27.2425,-3.5041801859951,-0.0803773731136506,-8.41148801423633
27.245,-3.49399127028868,-0.0803773731136506,-8.40639489471408
27.2475,-3.48380235458226,-0.0803773731136506,-8.46751232898107
27.25,-3.47361343887584,-0.0803773731136506,-8.42676737280307
27.2525,-3.48380235458226,-0.0803773731136506,-8.39111553614733
27.255,-3.48380235458226,-0.0803773731136506,-8.38602241662508
27.2575,-3.47361343887584,-0.0803773731136506,-8.39111553614733
27.26,-3.453235607463,-0.0803773731136506,-8.41148801423633
27.2625,-3.44304669175658,-0.0803773731136506,-8.40639489471408
27.265,-3.43795223390337,-0.0803773731136506,-8.40639489471408
27.2675,-3.43795223390337,-0.0803773731136506,-8.40639489471408
27.27,-3.42266886034373,-0.0803773731136506,-8.53881600229256
27.2725,-3.41757440249052,-0.075281680307862,-8.39620865566958
27.275,-3.4073854867841,-0.075281680307862,-8.38602241662508
27.2775,-3.40229102893089,-0.0803773731136506,-8.38092929710283
27.28,-3.39719657107768,-0.0803773731136506,-8.39111553614733
27.2825,-3.39210211322447,-0.0803773731136506,-8.39111553614733
27.285,-3.37681873966484,-0.0803773731136506,-8.50825728515907
27.2875,-3.37681873966484,-0.0803773731136506,-8.40639489471408
27.29,-3.38191319751805,-0.0803773731136506,-8.40639489471408
27.2925,-3.36662982395842,-0.0803773731136506,-8.37074305805833
27.295,-3.356440908252,-0.0803773731136506,-8.37074305805833
27.2975,-3.34115753469236,-0.0803773731136506,-8.40639489471408
27.3,-3.34115753469236,-0.0803773731136506,-8.41658113375857
27.3025,-3.33606307683915,-0.0803773731136506,-8.39620865566958
27.305,-3.33096861898594,-0.0803773731136506,-8.36564993853608
27.3075,-3.32587416113273,-0.0803773731136506,-8.37583617758058
27.31,-3.32587416113273,-0.0803773731136506,-8.39620865566958
27.3125,-3.33096861898594,-0.0803773731136506,-8.40639489471408
27.315,-3.35134645039879,-0.0803773731136506,-8.40639489471408
27.3175,-3.38700765537126,-0.0803773731136506,-8.37583617758058
27.32,-3.35134645039879,-0.0803773731136506,-8.37074305805833
27.3225,-3.356440908252,-0.0803773731136506,-8.50316416563682
27.325,-3.356440908252,-0.0803773731136506,-8.43695361184757
27.3275,-3.38191319751805,-0.0803773731136506,-8.40130177519183
27.33,-3.37681873966484,-0.0803773731136506,-8.46751232898107
27.3325,-3.38700765537126,-0.0803773731136506,-8.40639489471408
27.335,-3.40229102893089,-0.0803773731136506,-8.44713985089207
27.3375,-3.37681873966484,-0.0803773731136506,-8.45732608993657
27.34,-3.36662982395842,-0.0803773731136506,-8.43695361184757
27.3425,-3.36153536610521,-0.0803773731136506,-8.49297792659232
27.345,-3.36662982395842,-0.0803773731136506,-8.39620865566958
27.3475,-3.38700765537126,-0.0803773731136506,-8.40130177519183
27.35,-3.36153536610521,-0.0803773731136506,-8.39620865566958
27.3525,-3.33096861898594,-0.0803773731136506,-8.40639489471408
27.355,-3.33606307683915,-0.0803773731136506,-8.40639489471408
27.3575,-3.3105907875731,-0.0803773731136506,-8.42167425328083
27.36,-3.29530741401347,-0.0803773731136506,-8.39620865566958
27.3625,-3.34115753469236,-0.0803773731136506,-8.40639489471408
27.365,-3.32077970327952,-0.0803773731136506,-8.43186049232532
27.3675,-3.23926837762815,-0.0854730659194392,-8.51844352420357
27.37,-3.23926837762815,-0.0803773731136506,-8.42167425328083
27.3725,-3.18322934124284,-0.0803773731136506,-8.42167425328083
27.375,-3.17813488338963,-0.0803773731136506,-8.45223297041432
27.3775,-3.18322934124284,-0.0803773731136506,-8.42676737280307
27.38,-3.2137960883621,-0.0803773731136506,-8.43695361184757
27.3825,-3.1170013891511,-0.0803773731136506,-8.42676737280307
27.385,-3.08134018417863,-0.0803773731136506,-8.43186049232532
27.3875,-3.07624572632541,-0.0803773731136506,-8.43186049232532
27.39,-3.0711512684722,-0.0803773731136506,-8.44713985089207
27.3925,-3.08643464203184,-0.0803773731136506,-8.43695361184757
27.395,-3.07624572632541,-0.0803773731136506,-8.50825728515907
27.3975,-3.05077343705936,-0.0803773731136506,-8.45223297041432
27.4,-3.05586789491257,-0.0803773731136506,-8.45223297041432
27.4025,-3.06096235276578,-0.0803773731136506,-8.45732608993657
27.405,-3.06096235276578,-0.0803773731136506,-8.43186049232532
27.4075,-3.06096235276578,-0.0803773731136506,-8.46751232898107
27.41,-3.10681247344468,-0.0803773731136506,-8.45223297041432
27.4125,-3.11190693129789,-0.0803773731136506,-8.51335040468132
27.415,-3.11190693129789,-0.0854730659194392,-8.46751232898107
27.4175,-3.10681247344468,-0.0803773731136506,-8.42167425328083
27.42,-0.0959878821972175,-0.0803773731136506,-8.48279168754782
27.4225,-0.0959878821972175,-0.0803773731136506,-8.50316416563682
27.425,-0.0908934243440065,-0.0803773731136506,-8.43186049232532
27.4275,-0.0908934243440065,-0.0803773731136506,-8.41148801423633
27.43,-0.0959878821972175,-0.0803773731136506,-8.41148801423633
27.4325,-0.0959878821972175,-0.0803773731136506,-8.39620865566958
27.435,-0.0959878821972175,-0.0803773731136506,-8.41148801423633
27.4375,-0.0908934243440065,-0.075281680307862,-8.38092929710283
27.44,-0.0908934243440065,-0.0803773731136506,-8.39111553614733
27.4425,-0.0908934243440065,-0.0803773731136506,-8.39111553614733
27.445,-0.0959878821972175,-0.0803773731136506,-8.39111553614733
27.4475,-0.0908934243440065,-0.0803773731136506,-8.38092929710283
27.45,-0.0959878821972175,-0.0803773731136506,-8.48279168754782
27.4525,-0.0959878821972175,-0.0803773731136506,-8.38092929710283
27.455,-0.0908934243440065,-0.0803773731136506,-8.39111553614733
27.4575,-0.0908934243440065,-0.0803773731136506,-8.41658113375857
27.46,-0.0959878821972175,-0.075281680307862,-8.42167425328083
27.4625,-0.0959878821972175,-0.0803773731136506,-8.42676737280307
27.465,-0.0908934243440065,-0.0803773731136506,-8.43186049232532
27.4675,-0.0908934243440065,-0.0803773731136506,-8.44204673136982
27.47,-0.0908934243440065,-0.0803773731136506,-8.53372288277031
27.4725,-0.0908934243440065,-0.0803773731136506,-8.47260544850332
27.475,-3.8862645249859,-0.0803773731136506,-8.40639489471408
27.4775,-3.87607560927948,-0.0803773731136506,-8.41658113375857
27.48,-3.90154789854553,-0.0854730659194392,-8.39111553614733
27.4825,-3.91173681425195,-0.0803773731136506,-8.37583617758058
27.485,-3.92702018781158,-0.0803773731136506,-8.36564993853608
27.4875,-3.94230356137122,-0.0803773731136506,-8.42167425328083
27.49,-3.95758693493085,-0.0803773731136506,-8.39111553614733
27.4925,-3.95758693493085,-0.0803773731136506,-8.38602241662508
27.495,-3.95249247707764,-0.0803773731136506,-8.39111553614733
27.4975,-3.9830592241969,-0.0803773731136506,-8.45223297041432
27.5,-3.93211464566479,-0.0803773731136506,-8.38092929710283
27.5025,-3.93211464566479,-0.0803773731136506,-8.37074305805833
27.505,-3.89645344069232,-0.0803773731136506,-8.42167425328083
27.5075,-3.89135898283911,-0.0803773731136506,-8.38092929710283
27.51,-3.89135898283911,-0.0803773731136506,-8.36564993853608
27.5125,-3.84550886216021,-0.0803773731136506,-8.36055681901383
27.515,-3.89645344069232,-0.0803773731136506,-8.40130177519183
27.5175,-3.87607560927948,-0.0803773731136506,-8.44713985089207
27.52,-3.79965874148132,-0.0854730659194392,-8.40639489471408
27.5225,-3.82003657289416,-0.0803773731136506,-8.40130177519183
27.525,-3.83531994645379,-0.0803773731136506,-8.39620865566958
27.5275,-3.83531994645379,-0.0803773731136506,-8.46241920945882
27.53,-3.77928091006848,-0.0803773731136506,-8.39111553614733
27.5325,-3.76399753650884,-0.0803773731136506,-8.40130177519183
27.535,-3.76909199436206,-0.0803773731136506,-8.37583617758058
27.5375,-3.76399753650884,-0.0854730659194392,-8.40130177519183
27.54,-0.0959878821972175,-0.0803773731136506,-8.37074305805833
27.5425,-0.0908934243440065,-0.0803773731136506,-8.38092929710283
27.545,-0.0959878821972175,-0.0803773731136506,-8.37074305805833
27.5475,-0.0908934243440065,-0.0803773731136506,-8.49807104611457
27.55,-0.0908934243440065,-0.0803773731136506,-8.32490498235808
27.5525,-0.0908934243440065,-0.0803773731136506,-8.34527746044708
27.555,-0.0908934243440065,-0.0803773731136506,-8.43186049232532
27.5575,-0.0959878821972175,-0.0803773731136506,-8.32999810188033
27.56,-0.0959878821972175,-0.0803773731136506,-8.31471874331358
27.5625,-0.0908934243440065,-0.0803773731136506,-8.30453250426909
27.565,-3.59078596949968,-0.0803773731136506,-8.30962562379133
27.5675,-3.56021922238042,-0.0803773731136506,-8.30962562379133
27.57,-3.47870789672905,-0.0803773731136506,-8.31471874331358
27.5725,-3.55512476452721,-0.0803773731136506,-8.30453250426909
27.575,-3.5041801859951,-0.0803773731136506,-8.32999810188033
27.5775,-3.47361343887584,-0.0803773731136506,-8.31981186283583
27.58,-3.49399127028868,-0.0803773731136506,-8.32490498235808
27.5825,-3.453235607463,-0.0803773731136506,-8.31471874331358
27.585,-3.45833006531621,-0.0803773731136506,-8.31471874331358
27.5875,-3.41757440249052,-0.0803773731136506,-8.31981186283583
27.59,-3.43285777605016,-0.0803773731136506,-8.31981186283583
27.5925,-3.53984139096758,-0.0803773731136506,-8.32490498235808
27.595,-3.44304669175658,-0.0803773731136506,-8.28416002618009
27.5975,-3.44814114960979,-0.0803773731136506,-8.32490498235808
27.6,-3.46851898102263,-0.0803773731136506,-8.31471874331358
27.6025,-3.46342452316942,-0.0803773731136506,-8.29434626522459
27.605,-3.44814114960979,-0.0803773731136506,-8.30962562379133
27.6075,-3.48889681243547,-0.0803773731136506,-8.35037057996933
27.61,-3.46851898102263,-0.0803773731136506,-8.34527746044708
27.6125,-3.48380235458226,-0.0803773731136506,-8.30962562379133
27.615,-3.48380235458226,-0.0803773731136506,-8.27397378713559
27.6175,-3.48889681243547,-0.0803773731136506,-8.26378754809109
27.62,-3.48380235458226,-0.0803773731136506,-8.29434626522459
27.6225,-3.50927464384831,-0.0803773731136506,-8.27397378713559
27.625,-3.50927464384831,-0.0803773731136506,-8.28416002618009
27.6275,-3.5041801859951,-0.0803773731136506,-8.26888066761334
27.63,-3.50927464384831,-0.0803773731136506,-8.27906690665784
27.6325,-3.54493584882079,-0.0803773731136506,-8.28416002618009
27.635,-3.53984139096758,-0.0803773731136506,-8.36055681901383
27.6375,-3.54493584882079,-0.0803773731136506,-8.31981186283583
27.64,-3.550030306674,-0.0803773731136506,-8.28416002618009
27.6425,-3.56021922238042,-0.0803773731136506,-8.28416002618009
27.645,-3.58059705379326,-0.0803773731136506,-8.28925314570234
27.6475,-3.57040813808684,-0.0803773731136506,-8.28925314570234
27.65,-3.56531368023363,-0.0803773731136506,-8.26888066761334
27.6525,-3.550030306674,-0.0803773731136506,-8.42676737280307
27.655,-3.56021922238042,-0.0803773731136506,-8.23322883095759
27.6575,-3.53474693311437,-0.0803773731136506,-8.23832195047984
27.66,-3.50927464384831,-0.0803773731136506,-8.24341507000209
27.6625,-3.52965247526116,-0.0803773731136506,-8.24341507000209
27.665,-3.52965247526116,-0.0803773731136506,-8.23832195047984
27.6675,-3.54493584882079,-0.0803773731136506,-8.27397378713559
27.67,-3.51436910170153,-0.0803773731136506,-8.1619251576461
27.6725,-3.51946355955474,-0.0803773731136506,-8.34018434092483
27.675,-3.53984139096758,-0.0803773731136506,-8.23832195047984
27.6775,-3.54493584882079,-0.0803773731136506,-8.29434626522459
27.68,-3.53984139096758,-0.0803773731136506,-8.25869442856884
27.6825,-3.53984139096758,-0.0803773731136506,-8.24341507000209
27.685,-3.54493584882079,-0.0803773731136506,-8.24341507000209
27.6875,-3.58059705379326,-0.0803773731136506,-8.23322883095759
27.69,-3.56531368023363,-0.0803773731136506,-8.24341507000209
27.6925,-3.57040813808684,-0.0803773731136506,-8.23322883095759
27.695,-3.59588042735289,-0.0854730659194392,-8.23832195047984
27.6975,-3.56531368023363,-0.0803773731136506,-8.23322883095759
27.7,-3.65191946373821,-0.0803773731136506,-8.37583617758058
27.7025,-3.62135271661895,-0.0803773731136506,-8.23322883095759
27.705,-3.66720283729784,-0.0803773731136506,-8.23832195047984
27.7075,-3.65701392159142,-0.0803773731136506,-8.22813571143534
27.71,-3.63663609017858,-0.0803773731136506,-8.27397378713559
27.7125,-3.63154163232537,-0.0803773731136506,-8.24850818952434
27.715,-3.62644717447216,-0.0803773731136506,-8.26378754809109
27.7175,-3.61116380091253,-0.0803773731136506,-8.23322883095759
27.72,-3.65191946373821,-0.0803773731136506,-8.22304259191309
27.7225,-3.62644717447216,-0.0803773731136506,-8.23832195047984
27.725,-3.62644717447216,-0.0803773731136506,-8.22813571143534
27.7275,-3.61625825876574,-0.0803773731136506,-8.30962562379133
27.73,-3.63663609017858,-0.0854730659194392,-8.21794947239084
27.7325,-3.66210837944463,-0.0803773731136506,-8.20776323334634
27.735,-3.63154163232537,-0.0803773731136506,-8.21285635286859
27.7375,-3.63154163232537,-0.0803773731136506,-8.22304259191309
27.74,-3.65191946373821,-0.0905687587252277,-8.24850818952434
27.7425,-3.63154163232537,-0.0803773731136506,-8.20776323334634
27.745,-3.63154163232537,-0.0803773731136506,-8.29943938474683
27.7475,-3.646825005885,-0.0803773731136506,-8.28416002618009
27.75,-3.646825005885,-0.0803773731136506,-8.18229763573509
27.7525,-3.67739175300426,-0.0803773731136506,-8.1721113966906
27.755,-3.67229729515105,-0.0854730659194392,-8.1721113966906
27.7575,-3.66720283729784,-0.0803773731136506,-8.1721113966906
27.76,-3.66210837944463,-0.0803773731136506,-8.16701827716835
27.7625,-3.67229729515105,-0.0803773731136506,-8.1721113966906
27.765,-3.66210837944463,-0.0803773731136506,-8.1619251576461
27.7675,-3.65701392159142,-0.0803773731136506,-0.130075671058538
27.77,-3.65191946373821,-0.0803773731136506,-0.10461007344729
27.7725,-3.63663609017858,-0.0803773731136506,-8.45223297041432
27.775,-3.63154163232537,-0.0803773731136506,-8.1721113966906
27.7775,-3.646825005885,-0.0803773731136506,-8.1721113966906
27.78,-3.63663609017858,-0.0854730659194392,-8.15683203812385
27.7825,-3.63154163232537,-0.0803773731136506,-8.1619251576461
27.785,-3.62644717447216,-0.0803773731136506,-8.41658113375857
27.7875,-3.62135271661895,-0.0803773731136506,-8.46751232898107
27.79,-3.62135271661895,-0.0854730659194392,-8.18229763573509
27.7925,-3.61625825876574,-0.0803773731136506,-8.16701827716835
27.795,-3.60606934305932,-0.0803773731136506,-8.1721113966906
27.7975,-3.60097488520611,-0.0803773731136506,-8.36055681901383
27.8,-3.59078596949968,-0.0803773731136506,-8.40639489471408
27.8025,-3.58569151164647,-0.0803773731136506,-8.32999810188033
27.805,-3.62644717447216,-0.0803773731136506,-8.38092929710283
27.8075,-3.57040813808684,-0.0803773731136506,-8.30962562379133
27.81,-3.58059705379326,-0.0803773731136506,-8.33509122140258
27.8125,-3.58569151164647,-0.0803773731136506,-8.29434626522459
27.815,-3.56531368023363,-0.0803773731136506,-8.23322883095759
27.8175,-3.53474693311437,-0.0803773731136506,-8.23832195047984
27.82,-3.52455801740795,-0.0803773731136506,-8.22304259191309
27.8225,-3.52455801740795,-0.0803773731136506,-8.19248387477959
27.825,-3.52455801740795,-0.0803773731136506,-8.18229763573509
27.8275,-3.550030306674,-0.0803773731136506,-8.24850818952434
27.83,-3.56531368023363,-0.0803773731136506,-8.24341507000209
27.8325,-3.52455801740795,-0.0803773731136506,-8.14664579907935
27.835,-3.49908572814189,-0.0803773731136506,-8.20776323334634
27.8375,-3.51946355955474,-0.0803773731136506,-8.13645956003485
27.84,-3.53474693311437,-0.0803773731136506,-8.1313664405126
27.8425,-3.52455801740795,-0.0803773731136506,-8.0906214843346
27.845,-3.51946355955474,-0.0803773731136506,-8.11608708194585
27.8475,-3.51946355955474,-0.0803773731136506,-8.1109939624236
27.85,-3.51946355955474,-0.0803773731136506,-8.1109939624236
27.8525,-3.51436910170153,-0.0803773731136506,-8.10590084290135
27.855,-3.54493584882079,-0.0803773731136506,-8.1109939624236
27.8575,-3.51946355955474,-0.0803773731136506,-8.09571460385685
27.86,-3.51946355955474,-0.0803773731136506,-8.1008077233791
27.8625,-3.52455801740795,-0.0803773731136506,-8.09571460385685
27.865,-3.49908572814189,-0.0803773731136506,-8.1008077233791
27.8675,-3.52455801740795,-0.0803773731136506,-8.53372288277031
27.87,-3.53474693311437,-0.0803773731136506,-8.1211802014681
27.8725,-3.54493584882079,-0.0803773731136506,-8.11608708194585
27.875,-3.54493584882079,-0.0854730659194392,-8.51844352420357
27.8775,-3.56531368023363,-0.0803773731136506,-8.17720451621285
27.88,-3.550030306674,-0.0803773731136506,-8.1008077233791
27.8825,-3.55512476452721,-0.0803773731136506,-8.1109939624236
27.885,-3.56531368023363,-0.0803773731136506,-8.1109939624236
27.8875,-3.58569151164647,-0.0803773731136506,-8.1211802014681
27.89,-3.59588042735289,-0.0803773731136506,-8.1211802014681
27.8925,-3.57550259594005,-0.0803773731136506,-8.12627332099035
27.895,-3.58059705379326,-0.0803773731136506,-8.1008077233791
27.8975,-3.58059705379326,-0.0803773731136506,-8.1109939624236
27.9,-3.646825005885,-0.0803773731136506,-8.1109939624236
27.9025,-3.646825005885,-0.0803773731136506,-8.14664579907935
27.905,-3.61625825876574,-0.0803773731136506,-8.1109939624236
27.9075,-3.65191946373821,-0.0803773731136506,-8.13645956003485
27.91,-3.62135271661895,-0.075281680307862,-8.1211802014681
27.9125,-3.63154163232537,-0.0803773731136506,-8.14664579907935
27.915,-3.62644717447216,-0.0803773731136506,-8.1313664405126
27.9175,-3.65191946373821,-0.0803773731136506,-8.1211802014681
27.92,-3.65701392159142,-0.0803773731136506,-8.30962562379133
27.9225,-3.65191946373821,-0.075281680307862,-8.12627332099035
27.925,-3.65191946373821,-0.0803773731136506,-8.13645956003485
27.9275,-3.65191946373821,-0.0803773731136506,-8.10590084290135
27.93,-3.68758066871069,-0.0803773731136506,-8.1008077233791
27.9325,-3.66210837944463,-0.0803773731136506,-8.1008077233791
27.935,-3.68248621085748,-0.0803773731136506,-8.1109939624236
27.9375,-3.70286404227032,-0.0803773731136506,-8.12627332099035
27.94,-3.6926751265639,-0.0803773731136506,-8.11608708194585
27.9425,-3.6926751265639,-0.0803773731136506,-8.06515588672336
27.945,-3.6926751265639,-0.0803773731136506,-8.06006276720111
27.9475,-3.69776958441711,-0.0803773731136506,-8.06515588672336
27.95,-3.67229729515105,-0.0803773731136506,-8.00403845245636
27.9525,-3.66210837944463,-0.0803773731136506,-8.00403845245636
27.955,-3.68758066871069,-0.0803773731136506,-7.99894533293411
27.9575,-3.67739175300426,-0.0803773731136506,-8.02950405006761
27.96,-3.67229729515105,-0.0803773731136506,-8.06006276720111
27.9625,-3.67229729515105,-0.0803773731136506,-8.04987652815661
27.965,-3.70286404227032,-0.0803773731136506,-8.1211802014681
27.9675,-3.67229729515105,-0.0803773731136506,-8.11608708194585
27.97,-3.66210837944463,-0.0803773731136506,-7.99894533293411
27.9725,-3.66210837944463,-0.0803773731136506,-8.24850818952434
27.975,-3.65701392159142,-0.0803773731136506,-8.08552836481235
27.9775,-3.66210837944463,-0.0803773731136506,-8.06006276720111
27.98,-3.68248621085748,-0.0803773731136506,-8.06515588672336
27.9825,-3.63154163232537,-0.0803773731136506,-8.05496964767886
27.985,-3.62644717447216,-0.0803773731136506,-0.0995169539250416
27.9875,-3.68248621085748,-0.0803773731136506,-8.00403845245636
27.99,-3.63154163232537,-0.0803773731136506,-8.01422469150086
27.9925,-3.60606934305932,-0.0803773731136506,-8.00913157197861
27.995,-3.60606934305932,-0.0803773731136506,-8.00913157197861
27.9975,-3.60097488520611,-0.0803773731136506,-7.99385221341186
28,-3.60097488520611,-0.0803773731136506,-7.94801413771162
28.0025,-3.59078596949968,-0.075281680307862,-7.94801413771162
28.005,-3.61116380091253,-0.0803773731136506,-7.96329349627836
28.0075,-3.61116380091253,-0.0803773731136506,-7.96838661580061
28.01,-3.60606934305932,-0.0803773731136506,-7.92254854010037
28.0125,-3.58059705379326,-0.0803773731136506,-7.92764165962262
28.015,-3.57040813808684,-0.0803773731136506,-7.94292101818937
28.0175,-3.60606934305932,-0.0803773731136506,-7.99385221341186
28.02,-3.58059705379326,-0.0803773731136506,-7.92764165962262
28.0225,-3.58569151164647,-0.0803773731136506,-7.95310725723387
28.025,-3.58059705379326,-0.0803773731136506,-7.95310725723387
28.0275,-3.57550259594005,-0.0803773731136506,-7.94292101818937
28.03,-3.57040813808684,-0.0803773731136506,-7.94801413771162
28.0325,-3.57040813808684,-0.0803773731136506,-7.92764165962262
28.035,-3.56531368023363,-0.0803773731136506,-7.93782789866712
28.0375,-3.58569151164647,-0.0803773731136506,-7.92254854010037
28.04,-3.55512476452721,-0.0803773731136506,-7.92254854010037
28.0425,-3.58059705379326,-0.0803773731136506,-7.91745542057812
28.045,-3.58059705379326,-0.0803773731136506,-7.89708294248912
28.0475,-3.5041801859951,-0.0803773731136506,-7.91745542057812
28.05,-3.48889681243547,-0.0803773731136506,-7.91745542057812
28.0525,-3.46851898102263,-0.0803773731136506,-7.92254854010037
28.055,-3.44814114960979,-0.0803773731136506,-7.94801413771162
28.0575,-3.47361343887584,-0.0803773731136506,-7.93273477914487
28.06,-3.45833006531621,-0.0803773731136506,-7.89708294248912
28.0625,-3.42776331819694,-0.0803773731136506,-7.91236230105587
28.065,-3.43285777605016,-0.0803773731136506,-7.90217606201137
28.0675,-3.48889681243547,-0.0803773731136506,-7.94801413771162
28.07,-3.40229102893089,-0.0803773731136506,-7.94292101818937
28.0725,-3.40229102893089,-0.0803773731136506,-8.10590084290135
28.075,-3.40229102893089,-0.0803773731136506,-7.95310725723387
28.0775,-3.40229102893089,-0.0803773731136506,-7.94801413771162
28.08,-3.40229102893089,-0.0803773731136506,-7.98366597436736
28.0825,-3.4073854867841,-0.0803773731136506,-7.93273477914487
28.085,-3.40229102893089,-0.0803773731136506,-7.94292101818937
28.0875,-3.42776331819694,-0.0803773731136506,-7.93782789866712
28.09,-3.41757440249052,-0.0803773731136506,-7.97347973532286
28.0925,-3.43285777605016,-0.0803773731136506,-7.97347973532286
28.095,-3.44304669175658,-0.0803773731136506,-7.98366597436736
28.0975,-3.44814114960979,-0.0803773731136506,-7.97347973532286
28.1,-3.46851898102263,-0.0803773731136506,-8.00913157197861
28.1025,-3.47870789672905,-0.0803773731136506,-7.95820037675611
28.105,-3.43795223390337,-0.0803773731136506,-7.98366597436736
28.1075,-3.43795223390337,-0.0803773731136506,-8.03459716958986
28.11,-3.43795223390337,-0.0803773731136506,-7.97857285484511
28.1125,-3.43285777605016,-0.0803773731136506,-7.98875909388961
28.115,-3.43285777605016,-0.0803773731136506,-7.97857285484511
28.1175,-3.42776331819694,-0.0803773731136506,-7.98875909388961
28.12,-3.41757440249052,-0.0803773731136506,-0.10461007344729
28.1225,-3.41247994463731,-0.0803773731136506,-7.98366597436736
28.125,-3.46851898102263,-0.0803773731136506,-7.97347973532286
28.1275,-3.43795223390337,-0.0803773731136506,-7.96838661580061
28.13,-3.4073854867841,-0.0803773731136506,-7.96838661580061
28.1325,-3.43285777605016,-0.0803773731136506,-7.97347973532286
28.135,-3.41757440249052,-0.0803773731136506,-7.96329349627836
28.1375,-3.41757440249052,-0.0803773731136506,-7.97347973532286
28.14,-3.42776331819694,-0.0803773731136506,-7.97347973532286
28.1425,-3.40229102893089,-0.0803773731136506,-8.06006276720111
28.145,-3.39719657107768,-0.0803773731136506,-8.06515588672336
28.1475,-3.42266886034373,-0.0803773731136506,-8.10590084290135
28.15,-3.48380235458226,-0.0803773731136506,-8.10590084290135
28.1525,-3.44814114960979,-0.0803773731136506,-7.98366597436736
28.155,-3.41247994463731,-0.0803773731136506,-7.98875909388961
28.1575,-3.41757440249052,-0.0803773731136506,-8.00913157197861
28.16,-3.44304669175658,-0.0803773731136506,-8.02441093054536
28.1625,-3.4073854867841,-0.0803773731136506,-7.99894533293411
28.165,-3.46342452316942,-0.0803773731136506,-8.01422469150086
28.1675,-3.42266886034373,-0.0803773731136506,-8.27397378713559
28.17,-3.45833006531621,-0.0803773731136506,-8.02950405006761
28.1725,-3.45833006531621,-0.0854730659194392,-8.23322883095759
28.175,-3.46342452316942,-0.0803773731136506,-8.02441093054536
28.1775,-3.47361343887584,-0.0803773731136506,-8.02950405006761
28.18,-3.453235607463,-0.0803773731136506,-8.03459716958986
28.1825,-3.51946355955474,-0.0803773731136506,-8.10590084290135
28.185,-3.50927464384831,-0.0803773731136506,-8.1415526795571
28.1875,-3.51946355955474,-0.0803773731136506,-8.11608708194585
28.19,-3.51946355955474,-0.0803773731136506,-8.21794947239084
28.1925,-3.55512476452721,-0.0803773731136506,-8.1313664405126
28.195,-3.63663609017858,-0.0803773731136506,-8.16701827716835
28.1975,-3.63154163232537,-0.0803773731136506,-8.10590084290135
28.2,-3.66210837944463,-0.0803773731136506,-8.09571460385685
28.2025,-3.65191946373821,-0.0803773731136506,-8.1415526795571
28.205,-3.68758066871069,-0.0803773731136506,-8.12627332099035
28.2075,-3.68758066871069,-0.0803773731136506,-8.12627332099035
28.21,-3.70286404227032,-0.0803773731136506,-8.1619251576461
28.2125,-3.72833633153637,-0.0803773731136506,-8.15683203812385
28.215,-3.743619705096,-0.0803773731136506,-8.17720451621285
28.2175,-3.84550886216021,-0.0803773731136506,-8.18229763573509
28.22,-3.80984765718774,-0.0803773731136506,-8.21285635286859
28.2225,-3.80475319933453,-0.0803773731136506,-8.22304259191309
28.225,-3.81494211504095,-0.0803773731136506,-8.24850818952434
28.2275,-3.83022548860058,-0.0803773731136506,-8.19757699430184
28.23,-3.840414404307,-0.0803773731136506,-8.0906214843346
28.2325,-3.89645344069232,-0.0803773731136506,-8.0906214843346
28.235,-3.90154789854553,-0.0803773731136506,-8.09571460385685
28.2375,-3.88117006713269,-0.0803773731136506,-8.1008077233791
28.24,-3.91173681425195,-0.0803773731136506,-8.1415526795571
28.2425,-3.91173681425195,-0.0803773731136506,-8.12627332099035
28.245,-3.91683127210516,-0.0803773731136506,-8.12627332099035
28.2475,-3.92192572995837,-0.0803773731136506,-8.14664579907935
28.25,-3.94739801922443,-0.0803773731136506,-8.14664579907935
28.2525,-3.94739801922443,-0.0803773731136506,-8.15683203812385
28.255,-3.91173681425195,-0.0803773731136506,-8.18229763573509
28.2575,-3.91173681425195,-0.0803773731136506,-8.1619251576461
28.26,-3.93211464566479,-0.0803773731136506,-8.22813571143534
28.2625,-3.89645344069232,-0.0803773731136506,-8.1619251576461
28.265,-3.89135898283911,-0.0803773731136506,-8.16701827716835
28.2675,-3.91683127210516,-0.0803773731136506,-8.17720451621285
28.27,-3.8862645249859,-0.0803773731136506,-8.19757699430184
28.2725,-3.85569777786664,-0.0803773731136506,-8.20267011382409
28.275,-3.840414404307,-0.0803773731136506,-8.24850818952434
28.2775,-3.86079223571985,-0.0803773731136506,-8.25360130904659
28.28,-3.80984765718774,-0.0803773731136506,-8.31471874331358
28.2825,-3.74871416294921,-0.075281680307862,-8.39620865566958
28.285,-3.75380862080242,-0.0803773731136506,-8.33509122140258
28.2875,-3.75890307865563,-0.0803773731136506,-8.36564993853608
28.29,-3.70795850012353,-0.0803773731136506,-8.37583617758058
28.2925,-3.67229729515105,-0.0803773731136506,-8.32999810188033
28.295,-3.65701392159142,-0.0803773731136506,-8.37074305805833
28.2975,-3.63663609017858,-0.0803773731136506,-8.29943938474683
28.3,-3.63154163232537,-0.0803773731136506,-8.28925314570234
28.3025,-3.61116380091253,-0.0803773731136506,-8.37583617758058
28.305,-3.60097488520611,-0.0803773731136506,-8.35546369949158
28.3075,-3.58059705379326,-0.0803773731136506,-8.32490498235808
28.31,-3.56021922238042,-0.0803773731136506,-8.29434626522459
28.3125,-3.54493584882079,-0.0803773731136506,-8.32490498235808
28.315,-3.52965247526116,-0.0803773731136506,-8.30453250426909
28.3175,-3.5041801859951,-0.0803773731136506,-8.29943938474683
28.32,-3.48889681243547,-0.0803773731136506,-8.30453250426909
28.3225,-3.44304669175658,-0.0803773731136506,-8.49297792659232
28.325,-3.45833006531621,-0.0803773731136506,-8.32490498235808
28.3275,-3.44304669175658,-0.0803773731136506,-8.31981186283583
28.33,-3.40229102893089,-0.0803773731136506,-8.33509122140258
28.3325,-3.38700765537126,-0.0803773731136506,-8.32999810188033
28.335,-3.34625199254558,-0.0803773731136506,-8.34527746044708
28.3375,-3.33096861898594,-0.0803773731136506,-8.34018434092483
28.34,-3.34115753469236,-0.0803773731136506,-8.35546369949158
28.3425,-3.30040187186668,-0.0803773731136506,-8.36564993853608
28.345,-3.29021295616026,-0.0803773731136506,-8.37074305805833
28.3475,-3.28511849830705,-0.0803773731136506,-8.37074305805833
28.35,-3.27492958260063,-0.0803773731136506,-8.38602241662508
28.3525,-3.26983512474742,-0.0803773731136506,-8.43186049232532
28.355,-3.22907946192173,-0.0803773731136506,-8.42167425328083
28.3575,-3.20870163050889,-0.075281680307862,-8.45732608993657
28.36,-3.20360717265568,-0.0803773731136506,-8.40639489471408
28.3625,-3.18832379909605,-0.0803773731136506,-8.39111553614733
28.365,-3.17304042553642,-0.0803773731136506,-8.36564993853608
28.3675,-3.16794596768321,-0.0803773731136506,-8.39111553614733
28.37,-3.15775705197678,-0.0803773731136506,-8.40130177519183
28.3725,-3.15266259412357,-0.0803773731136506,-8.38602241662508
28.375,-3.14756813627036,-0.0803773731136506,-8.50316416563682
28.3775,-3.14247367841715,-0.0803773731136506,-8.49297792659232
28.38,-3.14247367841715,-0.0803773731136506,-8.46751232898107
28.3825,-3.14247367841715,-0.0803773731136506,-8.46751232898107
28.385,-3.12209584700431,-0.0803773731136506,-8.45732608993657
28.3875,-3.11190693129789,-0.0803773731136506,-8.48788480707007
28.39,-3.14247367841715,-0.0803773731136506,-8.50825728515907
28.3925,-3.15775705197678,-0.0803773731136506,-8.44713985089207
28.395,-3.15266259412357,-0.0803773731136506,-8.52353664372582
28.3975,-3.16794596768321,-0.0803773731136506,-8.50825728515907
28.4,-3.13228476271073,-0.0803773731136506,-8.49297792659232
28.4025,-3.14247367841715,-0.0803773731136506,-8.50825728515907
28.405,-3.12209584700431,-0.0803773731136506,-8.50316416563682
28.4075,-3.14247367841715,-0.0803773731136506,-8.52353664372582
28.41,-3.1170013891511,-0.0803773731136506,-8.51335040468132
28.4125,-3.12719030485752,-0.0803773731136506,-8.56428159990381
28.415,-3.12719030485752,-0.0803773731136506,-8.52862976324807
28.4175,-3.15775705197678,-0.0803773731136506,-8.53372288277031
28.42,-3.14247367841715,-0.0803773731136506,-8.51844352420357
28.4225,-3.14247367841715,-0.0803773731136506,-8.54900224133706
28.425,-3.13737922056394,-0.0803773731136506,-8.71198206604905
28.4275,-3.34115753469236,-0.0803773731136506,-8.43186049232532
28.43,-3.31568524542631,-0.0803773731136506,-8.41148801423633
28.4325,-3.32077970327952,-0.0803773731136506,-8.50825728515907
28.435,-3.30549632971989,-0.0803773731136506,-8.49807104611457
28.4375,-3.28511849830705,-0.0803773731136506,-8.38092929710283
28.44,-3.29530741401347,-0.0803773731136506,-8.50825728515907
28.4425,-3.34625199254558,-0.0803773731136506,-8.44713985089207
28.445,-3.34625199254558,-0.0803773731136506,-8.43186049232532
28.4475,-3.34625199254558,-0.075281680307862,-8.45223297041432
28.45,-3.37172428181163,-0.0803773731136506,-8.41148801423633
28.4525,-3.37681873966484,-0.0803773731136506,-8.43695361184757
28.455,-3.39210211322447,-0.0803773731136506,-8.40639489471408
28.4575,-3.41757440249052,-0.0803773731136506,-8.40639489471408
28.46,-3.44814114960979,-0.0803773731136506,-8.42676737280307
28.4625,-3.43285777605016,-0.0803773731136506,-8.41148801423633
28.465,-3.44814114960979,-0.0803773731136506,-8.44204673136982
28.4675,-3.45833006531621,-0.0803773731136506,-8.44713985089207
28.47,-3.45833006531621,-0.0803773731136506,-8.48788480707007
28.4725,-3.46851898102263,-0.075281680307862,-8.56937471942606
28.475,-3.47870789672905,-0.0803773731136506,-8.47260544850332
28.4775,-3.48889681243547,-0.0803773731136506,-8.47769856802557
28.48,-3.49908572814189,-0.0803773731136506,-8.50316416563682
28.4825,-3.5041801859951,-0.0803773731136506,-8.49807104611457
28.485,-3.5041801859951,-0.0803773731136506,-8.50825728515907
28.4875,-3.51946355955474,-0.0803773731136506,-8.50825728515907
28.49,-3.52455801740795,-0.0803773731136506,-8.52862976324807
28.4925,-3.53474693311437,-0.0803773731136506,-8.52862976324807
28.495,-3.56531368023363,-0.0803773731136506,-8.50825728515907
28.4975,-3.56531368023363,-0.0803773731136506,-8.48788480707007
28.5,-3.56531368023363,-0.0803773731136506,-8.55918848038156
28.5025,-3.57040813808684,-0.0803773731136506,-8.57956095847056
28.505,-3.58569151164647,-0.0803773731136506,-8.57446783894831
28.5075,-3.56531368023363,-0.0803773731136506,-8.55918848038156
28.51,-3.63154163232537,-0.0803773731136506,-8.6559577513043
28.5125,-3.59078596949968,-0.0803773731136506,-8.63049215369306
28.515,-3.65191946373821,-0.0803773731136506,-8.57956095847056
28.5175,-3.68248621085748,-0.0803773731136506,-8.61521279512631
28.52,-3.63663609017858,-0.0803773731136506,-8.62539903417081
28.5225,-3.66720283729784,-0.0803773731136506,-8.6559577513043
28.525,-3.70286404227032,-0.0803773731136506,-8.66105087082655
28.5275,-3.68248621085748,-0.0803773731136506,-8.71198206604905
28.53,-3.70795850012353,-0.0803773731136506,-8.57956095847056
28.5325,-3.68758066871069,-0.0803773731136506,-8.43695361184757
28.535,-3.73852524724279,-0.0803773731136506,-8.70179582700455
28.5375,-3.743619705096,-0.0803773731136506,-8.42676737280307
28.54,-3.79965874148132,-0.0803773731136506,-8.46751232898107
28.5425,-3.743619705096,-0.0803773731136506,-8.42676737280307
28.545,-3.73343078938958,-0.0803773731136506,-8.42167425328083
28.5475,-3.76399753650884,-0.075281680307862,-8.49807104611457
28.55,-3.76909199436206,-0.0803773731136506,-8.49807104611457
28.5525,-3.77928091006848,-0.0803773731136506,-8.45732608993657
28.555,-3.77418645221527,-0.0803773731136506,-8.45732608993657
28.5575,-3.77418645221527,-0.0803773731136506,-8.46751232898107
28.56,-3.7894698257749,-0.0803773731136506,-8.46241920945882
28.5625,-3.77418645221527,-0.0803773731136506,-8.47260544850332
28.565,-3.79456428362811,-0.0803773731136506,-8.52353664372582
28.5675,-3.76909199436206,-0.0803773731136506,-8.48279168754782
28.57,-3.76399753650884,-0.0803773731136506,-8.50825728515907
28.5725,-3.76909199436206,-0.0854730659194392,-8.6559577513043
28.575,-3.76399753650884,-0.0803773731136506,-8.54390912181481
28.5775,-3.75890307865563,-0.0803773731136506,-8.54390912181481
28.58,-3.74871416294921,-0.0803773731136506,-8.56937471942606
28.5825,-3.75380862080242,-0.0803773731136506,-8.55409536085931
28.585,-3.75380862080242,-0.075281680307862,-8.57446783894831
28.5875,-3.74871416294921,-0.0803773731136506,-8.59993343655956
28.59,-3.743619705096,-0.0803773731136506,-8.61011967560406
28.5925,-3.73343078938958,-0.075281680307862,-8.59484031703731
28.595,-3.72833633153637,-0.0803773731136506,-8.63558527321531
28.5975,-3.74871416294921,-0.0803773731136506,-8.65086463178205
28.6,-3.72324187368316,-0.0803773731136506,-8.61521279512631
28.6025,-3.71814741582995,-0.0803773731136506,-8.61011967560406
28.605,-3.66720283729784,-0.0803773731136506,-8.61521279512631
28.6075,-3.66210837944463,-0.0803773731136506,-8.6559577513043
28.61,-3.65191946373821,-0.0803773731136506,-8.6865164684378
28.6125,-3.63663609017858,-0.0803773731136506,-8.82403069553854
28.615,-3.62644717447216,-0.0803773731136506,-8.57956095847056
28.6175,-3.65701392159142,-0.0803773731136506,-8.59993343655956
28.62,-3.61625825876574,-0.0803773731136506,-8.57956095847056
28.6225,-3.58059705379326,-0.0803773731136506,-8.57446783894831
28.625,-3.56531368023363,-0.0803773731136506,-8.57446783894831
28.6275,-3.56021922238042,-0.0803773731136506,-8.56937471942606
28.63,-3.56531368023363,-0.0803773731136506,-8.57956095847056
28.6325,-3.55512476452721,-0.0803773731136506,-8.57446783894831
28.635,-3.53984139096758,-0.0803773731136506,-8.57956095847056
28.6375,-3.54493584882079,-0.0803773731136506,-8.57956095847056
28.64,-3.54493584882079,-0.0803773731136506,-8.58465407799281
28.6425,-3.51946355955474,-0.0803773731136506,-8.62030591464856
28.645,-3.53984139096758,-0.075281680307862,-8.61521279512631
28.6475,-3.53474693311437,-0.0803773731136506,-8.7170751855713
28.65,-3.53474693311437,-0.0803773731136506,-8.66105087082655
28.6525,-3.53474693311437,-0.0803773731136506,-8.59484031703731
28.655,-3.5041801859951,-0.0803773731136506,-8.58974719751506
28.6575,-3.53474693311437,-0.0803773731136506,-8.57446783894831
28.66,-3.53474693311437,-0.0803773731136506,-8.59993343655956
28.6625,-3.56021922238042,-0.0803773731136506,-8.6763302293933
28.665,-3.56021922238042,-0.075281680307862,-8.71198206604905
28.6675,-3.56021922238042,-0.0803773731136506,-8.68142334891555
28.67,-3.56531368023363,-0.0803773731136506,-8.60502655608181
28.6725,-3.63154163232537,-0.075281680307862,-8.61521279512631
28.675,-3.59078596949968,-0.0803773731136506,-8.56937471942606
28.6775,-3.58569151164647,-0.0803773731136506,-8.55918848038156
28.68,-3.57040813808684,-0.0803773731136506,-8.7170751855713
28.6825,-3.58569151164647,-0.0803773731136506,-8.6763302293933
28.685,-3.58059705379326,-0.0803773731136506,-8.60502655608181
28.6875,-3.56021922238042,-0.0803773731136506,-8.66105087082655
28.69,-3.55512476452721,-0.0803773731136506,-8.61521279512631
28.6925,-3.550030306674,-0.0803773731136506,-8.57446783894831
28.695,-3.57550259594005,-0.075281680307862,-8.56937471942606
28.6975,-3.56021922238042,-0.0803773731136506,-8.54900224133706
28.7,-3.54493584882079,-0.0803773731136506,-8.56428159990381
28.7025,-3.53984139096758,-0.0803773731136506,-8.53372288277031
28.705,-3.58569151164647,-0.0803773731136506,-8.55409536085931
28.7075,-3.58569151164647,-0.0803773731136506,-8.58974719751506
28.71,-3.53984139096758,-0.0803773731136506,-8.56428159990381
28.7125,-3.57550259594005,-0.0803773731136506,-8.52862976324807
28.715,-3.57040813808684,-0.0803773731136506,-8.53372288277031
28.7175,-3.57040813808684,-0.0803773731136506,-8.52862976324807
28.72,-3.56531368023363,-0.0803773731136506,-8.53372288277031
28.7225,-3.56531368023363,-0.0803773731136506,-8.50825728515907
28.725,-3.58059705379326,-0.0803773731136506,-8.53881600229256
28.7275,-3.49399127028868,-0.0803773731136506,-8.53881600229256
28.73,-3.48889681243547,-0.0803773731136506,-8.60502655608181
28.7325,-3.50927464384831,-0.0803773731136506,-8.54900224133706
28.735,-3.47361343887584,-0.0803773731136506,-8.54900224133706
28.7375,-3.48380235458226,-0.075281680307862,-8.52353664372582
28.74,-3.44814114960979,-0.075281680307862,-8.48279168754782
28.7425,-3.44304669175658,-0.0803773731136506,-8.48788480707007
28.745,-3.45833006531621,-0.075281680307862,-8.50825728515907
28.7475,-3.44304669175658,-0.0803773731136506,-8.49297792659232
28.75,-3.46342452316942,-0.0803773731136506,-8.51335040468132
28.7525,-3.31568524542631,-0.0854730659194392,-8.54900224133706
28.755,-3.30549632971989,-0.0803773731136506,-8.51844352420357
28.7575,-3.28511849830705,-0.075281680307862,-8.47260544850332
28.76,-3.26474066689421,-0.0803773731136506,-8.49297792659232
28.7625,-3.25455175118779,-0.0803773731136506,-8.49297792659232
28.765,-3.33606307683915,-0.075281680307862,-8.48788480707007
28.7675,-3.27492958260063,-0.0803773731136506,-8.49297792659232
28.77,-3.23926837762815,-0.0803773731136506,-8.47769856802557
28.7725,-3.25455175118779,-0.0803773731136506,-8.46751232898107
28.775,-3.21889054621531,-0.0803773731136506,-8.45223297041432
28.7775,-3.21889054621531,-0.0803773731136506,-8.46751232898107
28.78,-3.20870163050889,-0.075281680307862,-8.47260544850332
28.7825,-3.19341825694926,-0.0803773731136506,-8.44204673136982
28.785,-3.20360717265568,-0.0803773731136506,-8.46751232898107
28.7875,-3.19851271480247,-0.0803773731136506,-8.44713985089207
28.79,-3.21889054621531,-0.0803773731136506,-8.44204673136982
28.7925,-3.16285150982999,-0.0803773731136506,-8.45223297041432
28.795,-3.15266259412357,-0.0803773731136506,-8.42676737280307
28.7975,-3.1170013891511,-0.0803773731136506,-8.43186049232532
28.8,-3.14247367841715,-0.0803773731136506,-8.46241920945882
28.8025,-3.13737922056394,-0.0803773731136506,-8.46751232898107
28.805,-3.12719030485752,-0.0803773731136506,-8.39620865566958
28.8075,-3.12209584700431,-0.0803773731136506,-8.39620865566958
28.81,-3.10171801559147,-0.0803773731136506,-8.46751232898107
28.8125,-3.12719030485752,-0.0803773731136506,-8.42167425328083
28.815,-3.08643464203184,-0.0803773731136506,-8.40130177519183
28.8175,-3.08643464203184,-0.0803773731136506,-8.39111553614733
28.82,-3.0202066899401,-0.0803773731136506,-8.42167425328083
28.8225,-3.02530114779331,-0.0803773731136506,-8.41148801423633
28.825,-3.02530114779331,-0.0803773731136506,-8.40639489471408
28.8275,-3.03039560564652,-0.0803773731136506,-8.43186049232532
28.83,-3.04058452135294,-0.075281680307862,-8.46241920945882
28.8325,-3.05586789491257,-0.0803773731136506,-8.40639489471408
28.835,-3.05586789491257,-0.0803773731136506,-8.40130177519183
28.8375,-3.05586789491257,-0.0803773731136506,-8.43695361184757
28.84,-0.0908934243440065,-0.075281680307862,-8.42676737280307
28.8425,-0.0908934243440065,-0.0803773731136506,-8.43695361184757
28.845,-0.0908934243440065,-0.0803773731136506,-8.45732608993657
28.8475,-0.0908934243440065,-0.0803773731136506,-8.43695361184757
28.85,-3.37681873966484,-0.0803773731136506,-8.43186049232532
28.8525,-3.35134645039879,-0.0803773731136506,-8.40639489471408
28.855,-3.38700765537126,-0.0803773731136506,-8.44204673136982
28.8575,-3.37172428181163,-0.0803773731136506,-8.41148801423633
28.86,-3.40229102893089,-0.0803773731136506,-8.41148801423633
28.8625,-3.42266886034373,-0.0803773731136506,-8.42167425328083
28.865,-3.37172428181163,-0.075281680307862,-8.40639489471408
28.8675,-3.42266886034373,-0.0803773731136506,-8.40639489471408
28.87,-3.42776331819694,-0.0803773731136506,-8.44713985089207
28.8725,-3.41757440249052,-0.0803773731136506,-8.38602241662508
28.875,-3.41247994463731,-0.0803773731136506,-8.39111553614733
28.8775,-3.42776331819694,-0.0803773731136506,-8.38092929710283
28.88,-3.43795223390337,-0.0803773731136506,-8.38092929710283
28.8825,-3.32077970327952,-0.0803773731136506,-8.42167425328083
28.885,-3.29530741401347,-0.0803773731136506,-8.34527746044708
28.8875,-3.29021295616026,-0.0803773731136506,-8.37583617758058
28.89,-3.25455175118779,-0.0803773731136506,-8.46751232898107
28.8925,-3.259646209041,-0.0803773731136506,-8.36564993853608
28.895,-3.24945729333457,-0.075281680307862,-8.36055681901383
28.8975,-3.25455175118779,-0.0803773731136506,-8.37074305805833
28.9,-3.25455175118779,-0.0803773731136506,-8.36055681901383
28.9025,-3.259646209041,-0.0803773731136506,-8.36055681901383
28.905,-3.26983512474742,-0.0803773731136506,-8.36564993853608
28.9075,-3.30549632971989,-0.0803773731136506,-8.39620865566958
28.91,-3.3105907875731,-0.0803773731136506,-8.40130177519183
28.9125,-3.32587416113273,-0.0803773731136506,-8.39111553614733
28.915,-3.33606307683915,-0.0803773731136506,-8.36055681901383
28.9175,-3.356440908252,-0.0803773731136506,-8.38092929710283
28.92,-3.34625199254558,-0.0803773731136506,-8.49297792659232
28.9225,-3.38191319751805,-0.075281680307862,-8.42167425328083
28.925,-3.42266886034373,-0.0803773731136506,-8.37074305805833
28.9275,-3.4073854867841,-0.0803773731136506,-8.39620865566958
28.93,-3.453235607463,-0.0803773731136506,-8.39111553614733
28.9325,-3.44814114960979,-0.0803773731136506,-8.34527746044708
28.935,-3.44814114960979,-0.0803773731136506,-8.34018434092483
28.9375,-3.42776331819694,-0.0803773731136506,-8.34527746044708
28.94,-3.46342452316942,-0.0803773731136506,-8.34018434092483
28.9425,-3.44814114960979,-0.0803773731136506,-8.31471874331358
28.945,-3.4073854867841,-0.0803773731136506,-8.41148801423633
28.9475,-3.43285777605016,-0.0803773731136506,-8.37583617758058
28.95,-3.42776331819694,-0.0803773731136506,-8.34527746044708
28.9525,-3.42776331819694,-0.0803773731136506,-8.34018434092483
28.955,-3.39719657107768,-0.0803773731136506,-8.37583617758058
28.9575,-3.34625199254558,-0.0803773731136506,-8.34018434092483
28.96,-3.34115753469236,-0.0854730659194392,-8.36564993853608
28.9625,-3.32077970327952,-0.0803773731136506,-8.37583617758058
28.965,-3.31568524542631,-0.0803773731136506,-8.34527746044708
28.9675,-3.28511849830705,-0.0803773731136506,-8.32999810188033
28.97,-3.28002404045384,-0.0803773731136506,-8.32999810188033
28.9725,-3.26983512474742,-0.0803773731136506,-8.34527746044708
28.975,-3.26983512474742,-0.0803773731136506,-8.34018434092483
28.9775,-3.26474066689421,-0.0803773731136506,-8.31981186283583
28.98,-3.25455175118779,-0.0803773731136506,-8.30962562379133
28.9825,-3.25455175118779,-0.0803773731136506,-8.31981186283583
28.985,-3.28002404045384,-0.0803773731136506,-8.27906690665784
28.9875,-3.24436283548136,-0.0803773731136506,-8.28416002618009
28.99,-3.27492958260063,-0.0803773731136506,-8.34527746044708
28.9925,-3.26474066689421,-0.0803773731136506,-8.35037057996933
28.995,-3.24436283548136,-0.0803773731136506,-8.35546369949158
28.9975,-3.24945729333457,-0.0803773731136506,-8.32490498235808
29,-3.25455175118779,-0.0803773731136506,-8.30962562379133
29.0025,-3.25455175118779,-0.0803773731136506,-8.24850818952434
29.005,-3.27492958260063,-0.0803773731136506,-8.24341507000209
29.0075,-3.28511849830705,-0.0803773731136506,-8.28925314570234
29.01,-3.26983512474742,-0.0803773731136506,-8.26888066761334
29.0125,-3.25455175118779,-0.0803773731136506,-8.24341507000209
29.015,-3.25455175118779,-0.0803773731136506,-8.36564993853608
29.0175,-3.28002404045384,-0.0803773731136506,-8.1619251576461
29.02,-3.259646209041,-0.0803773731136506,-8.18229763573509
29.0225,-3.26983512474742,-0.0803773731136506,-8.27906690665784
29.025,-3.27492958260063,-0.0803773731136506,-8.25360130904659
29.0275,-3.27492958260063,-0.0803773731136506,-8.27906690665784
29.03,-3.356440908252,-0.0803773731136506,-8.26378754809109
29.0325,-3.33606307683915,-0.0803773731136506,-8.20776323334634
29.035,-3.34625199254558,-0.0803773731136506,-8.26888066761334
29.0375,-3.37681873966484,-0.0803773731136506,-8.24341507000209
29.04,-3.42266886034373,-0.0803773731136506,-8.1211802014681
29.0425,-3.4073854867841,-0.0803773731136506,-8.19248387477959
29.045,-3.41757440249052,-0.0803773731136506,-8.1517389186016
29.0475,-3.4073854867841,-0.0803773731136506,-8.15683203812385
29.05,-3.49908572814189,-0.0803773731136506,-8.15683203812385
29.0525,-3.47361343887584,-0.0803773731136506,-0.0995169539250416
29.055,-3.47870789672905,-0.0803773731136506,-8.28925314570234
29.0575,-3.56021922238042,-0.0803773731136506,-8.12627332099035
29.06,-3.53984139096758,-0.0803773731136506,-8.17720451621285
29.0625,-3.51946355955474,-0.0803773731136506,-8.04987652815661
29.065,-3.52455801740795,-0.0803773731136506,-8.05496964767886
29.0675,-3.53474693311437,-0.0803773731136506,-8.04987652815661
29.07,-3.550030306674,-0.0803773731136506,-8.1721113966906
29.0725,-3.55512476452721,-0.0803773731136506,-8.04987652815661
29.075,-3.56021922238042,-0.0803773731136506,-8.24341507000209
29.0775,-3.59078596949968,-0.0803773731136506,-8.22304259191309
29.08,-3.59078596949968,-0.0803773731136506,-8.16701827716835
29.0825,-3.58059705379326,-0.0803773731136506,-8.19757699430184
29.085,-3.56531368023363,-0.0803773731136506,-7.97347973532286
29.0875,-3.58569151164647,-0.0803773731136506,-8.15683203812385
29.09,-3.59078596949968,-0.0803773731136506,-8.00403845245636
29.0925,-3.59588042735289,-0.0803773731136506,-8.05496964767886
29.095,-3.60606934305932,-0.0803773731136506,-8.02441093054536
29.0975,-3.59078596949968,-0.0803773731136506,-8.03969028911211
29.1,-3.60097488520611,-0.075281680307862,-8.02950405006761
29.1025,-3.62644717447216,-0.0803773731136506,-0.10461007344729
29.105,-3.63154163232537,-0.0803773731136506,-0.10461007344729
29.1075,-3.70795850012353,-0.0803773731136506,-8.05496964767886
29.11,-3.65191946373821,-0.0803773731136506,-7.89708294248912
29.1125,-3.65191946373821,-0.0803773731136506,-8.02441093054536
29.115,-3.69776958441711,-0.0803773731136506,-7.95820037675611
29.1175,-3.70795850012353,-0.0803773731136506,-7.94801413771162
29.12,-3.70795850012353,-0.0803773731136506,-7.92764165962262
29.1225,-3.72833633153637,-0.0803773731136506,-8.1008077233791
29.125,-3.72324187368316,-0.0803773731136506,-8.26378754809109
29.1275,-3.71305295797674,-0.0803773731136506,-8.25869442856884
29.13,-3.70795850012353,-0.0803773731136506,-7.88689670344462
29.1325,-3.71305295797674,-0.0803773731136506,-7.88689670344462
29.135,-3.70795850012353,-0.0803773731136506,-7.85633798631112
29.1375,-3.72324187368316,-0.0854730659194392,-7.85633798631112
29.14,-3.72324187368316,-0.0803773731136506,-8.19757699430184
29.1425,-3.71305295797674,-0.0803773731136506,-8.05496964767886
29.145,-3.71305295797674,-0.0803773731136506,-8.04478340863436
29.1475,-3.70286404227032,-0.0803773731136506,-8.00913157197861
29.15,-3.72324187368316,-0.0803773731136506,-8.01931781102311
29.1525,-3.74871416294921,-0.0803773731136506,-8.00913157197861
29.155,-3.67739175300426,-0.0803773731136506,-8.03459716958986
29.1575,-3.66210837944463,-0.0803773731136506,-7.99894533293411
29.16,-3.65191946373821,-0.0803773731136506,-8.06006276720111
29.1625,-3.646825005885,-0.0803773731136506,-7.99894533293411
29.165,-3.63663609017858,-0.0803773731136506,-7.99894533293411
29.1675,-3.61116380091253,-0.0803773731136506,-8.00913157197861
29.17,-3.60097488520611,-0.0803773731136506,-8.01422469150086
29.1725,-3.61625825876574,-0.0803773731136506,-8.01422469150086
29.175,-3.58059705379326,-0.0803773731136506,-7.96838661580061
29.1775,-3.550030306674,-0.0803773731136506,-8.00403845245636
29.18,-3.54493584882079,-0.0803773731136506,-7.98366597436736
29.1825,-3.51436910170153,-0.075281680307862,-8.1211802014681
29.185,-3.50927464384831,-0.0803773731136506,-7.96329349627836
29.1875,-3.52965247526116,-0.0803773731136506,-7.96329349627836
29.19,-3.50927464384831,-0.0854730659194392,-7.96329349627836
29.1925,-3.47361343887584,-0.0803773731136506,-7.97347973532286
29.195,-3.46851898102263,-0.0803773731136506,-7.98875909388961
29.1975,-3.45833006531621,-0.0803773731136506,-8.19248387477959
29.2,-3.45833006531621,-0.0803773731136506,-7.98366597436736
29.2025,-3.45833006531621,-0.0803773731136506,-7.99385221341186
29.205,-3.45833006531621,-0.0803773731136506,-8.00403845245636
29.2075,-3.40229102893089,-0.075281680307862,-8.04987652815661
29.21,-3.39210211322447,-0.0803773731136506,-8.00403845245636
29.2125,-3.41247994463731,-0.0803773731136506,-7.98366597436736
29.215,-3.44304669175658,-0.0803773731136506,-8.03459716958986
29.2175,-3.41757440249052,-0.0803773731136506,-8.02441093054536
29.22,-3.4073854867841,-0.0803773731136506,-8.1517389186016
29.2225,-3.43795223390337,-0.0803773731136506,-8.00403845245636
29.225,-3.37172428181163,-0.0803773731136506,-8.05496964767886
29.2275,-3.39719657107768,-0.0803773731136506,-8.1109939624236
29.23,-3.44304669175658,-0.0803773731136506,-8.06006276720111
29.2325,-3.43795223390337,-0.075281680307862,-8.04987652815661
29.235,-3.356440908252,-0.0803773731136506,-8.04987652815661
29.2375,-3.34625199254558,-0.0803773731136506,-8.06515588672336
29.24,-3.3105907875731,-0.0803773731136506,-8.10590084290135
29.2425,-3.30040187186668,-0.0803773731136506,-8.1109939624236
29.245,-3.30549632971989,-0.0803773731136506,-8.06006276720111
29.2475,-3.30549632971989,-0.0803773731136506,-8.07024900624561
29.25,-3.32077970327952,-0.0803773731136506,-8.04987652815661
29.2525,-3.31568524542631,-0.0803773731136506,-8.1313664405126
29.255,-3.36153536610521,-0.0803773731136506,-8.06515588672336
29.2575,-3.41757440249052,-0.075281680307862,-8.06515588672336
29.26,-3.32077970327952,-0.0803773731136506,-8.04478340863436
29.2625,-3.34115753469236,-0.0803773731136506,-8.04478340863436
29.265,-3.33606307683915,-0.0803773731136506,-8.08552836481235
29.2675,-3.32587416113273,-0.0803773731136506,-8.07024900624561
29.27,-3.32587416113273,-0.0803773731136506,-8.0804352452901
29.2725,-3.356440908252,-0.0803773731136506,-8.0804352452901
29.275,-3.33606307683915,-0.0803773731136506,-8.02950405006761
29.2775,-3.42776331819694,-0.0803773731136506,-8.04987652815661
29.28,-3.37172428181163,-0.0803773731136506,-8.01931781102311
29.2825,-3.38191319751805,-0.0803773731136506,-8.01931781102311
29.285,-3.41247994463731,-0.0803773731136506,-8.00913157197861
29.2875,-3.43285777605016,-0.0803773731136506,-8.02441093054536
29.29,-3.4073854867841,-0.0803773731136506,-8.01422469150086
29.2925,-3.41247994463731,-0.0803773731136506,-8.02441093054536
29.295,-3.42776331819694,-0.0803773731136506,-8.19248387477959
29.2975,-3.43285777605016,-0.0803773731136506,-8.1313664405126
29.3,-3.42776331819694,-0.0803773731136506,-8.1008077233791
29.3025,-3.42776331819694,-0.0803773731136506,-8.08552836481235
29.305,-3.42776331819694,-0.0803773731136506,-8.08552836481235
29.3075,-3.45833006531621,-0.0854730659194392,-8.0906214843346
29.31,-3.44304669175658,-0.0803773731136506,-8.1109939624236
29.3125,-3.44814114960979,-0.0803773731136506,-8.18229763573509
29.315,-3.45833006531621,-0.0803773731136506,-8.10590084290135
29.3175,-3.47361343887584,-0.0803773731136506,-8.0804352452901
29.32,-3.45833006531621,-0.0803773731136506,-8.1008077233791
29.3225,-3.56021922238042,-0.0803773731136506,-8.09571460385685
29.325,-3.55512476452721,-0.0803773731136506,-8.09571460385685
29.3275,-3.47870789672905,-0.0803773731136506,-8.1517389186016
29.33,-3.48380235458226,-0.0803773731136506,-8.08552836481235
29.3325,-3.48380235458226,-0.0803773731136506,-8.1008077233791
29.335,-3.47361343887584,-0.0803773731136506,-8.19248387477959
29.3375,-3.46851898102263,-0.0803773731136506,-8.1211802014681
29.34,-3.51436910170153,-0.0803773731136506,-8.11608708194585
29.3425,-3.53984139096758,-0.0803773731136506,-8.12627332099035
29.345,-3.5041801859951,-0.0854730659194392,-8.11608708194585
29.3475,-3.49908572814189,-0.0803773731136506,-8.12627332099035
29.35,-3.51946355955474,-0.0803773731136506,-8.18739075525735
29.3525,-3.47870789672905,-0.0803773731136506,-8.1211802014681
29.355,-3.48380235458226,-0.0803773731136506,-8.09571460385685
29.3575,-3.47361343887584,-0.0803773731136506,-8.1619251576461
29.36,-3.46342452316942,-0.0803773731136506,-8.1109939624236
29.3625,-3.45833006531621,-0.0803773731136506,-8.1517389186016
29.365,-3.47870789672905,-0.0803773731136506,-8.10590084290135
29.3675,-3.49908572814189,-0.0803773731136506,-8.09571460385685
29.37,-3.46342452316942,-0.0803773731136506,-8.10590084290135
29.3725,-3.49908572814189,-0.0803773731136506,-8.11608708194585
29.375,-3.44814114960979,-0.0803773731136506,-8.0906214843346
29.3775,-3.45833006531621,-0.0803773731136506,-8.1109939624236
29.38,-3.47870789672905,-0.0905687587252277,-8.1211802014681
29.3825,-3.46851898102263,-0.0803773731136506,-8.29943938474683
29.385,-3.46342452316942,-0.0803773731136506,-8.1008077233791
29.3875,-3.45833006531621,-0.0803773731136506,-8.10590084290135
29.39,-3.45833006531621,-0.0803773731136506,-8.1313664405126
29.3925,-3.44304669175658,-0.0803773731136506,-8.12627332099035
29.395,-3.49399127028868,-0.0854730659194392,-8.36564993853608
29.3975,-3.53984139096758,-0.0803773731136506,-8.1619251576461
29.4,-3.45833006531621,-0.0803773731136506,-8.1415526795571
29.4025,-3.43795223390337,-0.0803773731136506,-8.1517389186016
29.405,-3.43795223390337,-0.0803773731136506,-8.1211802014681
29.4075,-3.453235607463,-0.0803773731136506,-8.1517389186016
29.41,-3.45833006531621,-0.0803773731136506,-8.13645956003485
29.4125,-3.45833006531621,-0.0803773731136506,-8.13645956003485
29.415,-3.44304669175658,-0.0803773731136506,-8.1517389186016
29.4175,-3.43795223390337,-0.0803773731136506,-8.1415526795571
29.42,-3.43285777605016,-0.0803773731136506,-8.17720451621285
29.4225,-3.58059705379326,-0.0803773731136506,-8.1211802014681
29.425,-3.58059705379326,-0.0803773731136506,-8.18229763573509
29.4275,-3.58059705379326,-0.0803773731136506,-8.1517389186016
29.43,-3.57550259594005,-0.075281680307862,-8.19248387477959
29.4325,-3.56021922238042,-0.0803773731136506,-8.1721113966906
29.435,-3.550030306674,-0.0803773731136506,-8.20267011382409
29.4375,-3.550030306674,-0.0803773731136506,-8.21794947239084
29.44,-3.54493584882079,-0.0803773731136506,-8.26888066761334
29.4425,-3.52965247526116,-0.0803773731136506,-8.26888066761334
29.445,-3.52455801740795,-0.0803773731136506,-8.22813571143534
29.4475,-3.51946355955474,-0.0803773731136506,-8.19757699430184
29.45,-3.51946355955474,-0.0803773731136506,-8.19757699430184
29.4525,-3.53474693311437,-0.0803773731136506,-8.24341507000209
29.455,-3.53984139096758,-0.0803773731136506,-8.24341507000209
29.4575,-3.50927464384831,-0.0803773731136506,-8.22813571143534
29.46,-3.51946355955474,-0.075281680307862,-8.22813571143534
29.4625,-3.51436910170153,-0.0803773731136506,-8.23832195047984
29.465,-3.53474693311437,-0.0803773731136506,-8.23832195047984
29.4675,-3.5041801859951,-0.0803773731136506,-8.23832195047984
29.47,-3.50927464384831,-0.0803773731136506,-8.21794947239084
29.4725,-3.51436910170153,-0.0803773731136506,-8.1619251576461
29.475,-3.51436910170153,-0.0803773731136506,-8.17720451621285
29.4775,-3.51436910170153,-0.0803773731136506,-8.19248387477959
29.48,-3.51436910170153,-0.075281680307862,-8.23832195047984
29.4825,-3.52455801740795,-0.0803773731136506,-8.23322883095759
29.485,-3.52965247526116,-0.0803773731136506,-8.22304259191309
29.4875,-3.53984139096758,-0.0803773731136506,-8.25360130904659
29.49,-3.56531368023363,-0.0803773731136506,-8.25360130904659
29.4925,-3.57550259594005,-0.0803773731136506,-8.32490498235808
29.495,-3.58059705379326,-0.0803773731136506,-8.22304259191309
29.4975,-3.58569151164647,-0.0803773731136506,-8.32490498235808
29.5,-3.59078596949968,-0.0803773731136506,-8.30453250426909
29.5025,-3.61625825876574,-0.0803773731136506,-8.29434626522459
29.505,-3.60606934305932,-0.0803773731136506,-8.28416002618009
29.5075,-3.60606934305932,-0.0803773731136506,-8.35037057996933
29.51,-3.60606934305932,-0.0803773731136506,-8.35546369949158
29.5125,-3.60097488520611,-0.0803773731136506,-8.32999810188033
29.515,-3.60606934305932,-0.075281680307862,-8.24850818952434
29.5175,-3.60606934305932,-0.0803773731136506,-8.35037057996933
29.52,-3.60606934305932,-0.0803773731136506,-8.22304259191309
29.5225,-3.60606934305932,-0.0803773731136506,-8.36055681901383
29.525,-3.66210837944463,-0.0803773731136506,-8.34527746044708
29.5275,-3.64173054803179,-0.0803773731136506,-8.31981186283583
29.53,-3.61625825876574,-0.0803773731136506,-8.42676737280307
29.5325,-3.61625825876574,-0.0803773731136506,-8.23832195047984
29.535,-3.61625825876574,-0.0803773731136506,-8.24341507000209
29.5375,-3.62135271661895,-0.0803773731136506,-8.24341507000209
29.54,-3.60097488520611,-0.0803773731136506,-8.42167425328083
29.5425,-3.60097488520611,-0.0803773731136506,-8.23322883095759
29.545,-3.59588042735289,-0.0803773731136506,-8.24341507000209
29.5475,-3.59078596949968,-0.0803773731136506,-8.21285635286859
29.55,-3.57550259594005,-0.0854730659194392,-8.21794947239084
29.5525,-3.56531368023363,-0.0803773731136506,-8.26378754809109
29.555,-3.56531368023363,-0.0803773731136506,-8.51844352420357
29.5575,-3.57040813808684,-0.0803773731136506,-8.27906690665784
29.56,-3.54493584882079,-0.0803773731136506,-8.29943938474683
29.5625,-3.54493584882079,-0.0803773731136506,-8.28416002618009
29.565,-3.60097488520611,-0.0854730659194392,-8.25360130904659
29.5675,-3.50927464384831,-0.0803773731136506,-8.27397378713559
29.57,-3.46342452316942,-0.0803773731136506,-8.28416002618009
29.5725,-3.5041801859951,-0.0803773731136506,-8.28416002618009
29.575,-3.47361343887584,-0.0803773731136506,-8.34527746044708
29.5775,-3.43285777605016,-0.0803773731136506,-8.30962562379133
29.58,-3.41757440249052,-0.0803773731136506,-8.32490498235808
29.5825,-3.41247994463731,-0.0803773731136506,-8.37074305805833
29.585,-3.40229102893089,-0.0803773731136506,-8.38602241662508
29.5875,-3.40229102893089,-0.0803773731136506,-8.33509122140258
29.59,-3.39719657107768,-0.0803773731136506,-8.35546369949158
29.5925,-3.4073854867841,-0.0803773731136506,-8.32999810188033
29.595,-3.37681873966484,-0.0803773731136506,-8.36055681901383
29.5975,-3.37172428181163,-0.0803773731136506,-8.35037057996933
29.6,-3.38191319751805,-0.0803773731136506,-8.38092929710283
29.6025,-3.38700765537126,-0.0803773731136506,-8.38092929710283
29.605,-3.356440908252,-0.075281680307862,-8.32490498235808
29.6075,-3.35134645039879,-0.0803773731136506,-8.33509122140258
29.61,-3.356440908252,-0.0803773731136506,-8.34527746044708
29.6125,-3.356440908252,-0.0803773731136506,-8.36055681901383
29.615,-3.36153536610521,-0.0803773731136506,-8.36055681901383
29.6175,-3.37681873966484,-0.0803773731136506,-8.34527746044708
29.62,-3.37172428181163,-0.0803773731136506,-8.39620865566958
29.6225,-3.37681873966484,-0.075281680307862,-8.39620865566958
29.625,-3.36662982395842,-0.0803773731136506,-8.33509122140258
29.6275,-3.356440908252,-0.0803773731136506,-8.32999810188033
29.63,-3.356440908252,-0.0854730659194392,-8.33509122140258
29.6325,-3.36153536610521,-0.0803773731136506,-8.32490498235808
29.635,-3.36153536610521,-0.0803773731136506,-0.303241734815023
29.6375,-3.38191319751805,-0.0803773731136506,-5.22828831283035
29.64,-3.38700765537126,-0.0803773731136506,-8.32490498235808
29.6425,-3.39210211322447,-0.0803773731136506,-8.35037057996933
29.645,-3.36153536610521,-0.0803773731136506,-8.36564993853608
29.6475,-3.36662982395842,-0.0803773731136506,-8.39111553614733
29.65,-3.41757440249052,-0.0803773731136506,-8.33509122140258
29.6525,-3.36662982395842,-0.075281680307862,-8.35546369949158
29.655,-3.38700765537126,-0.0854730659194392,-8.35037057996933
29.6575,-3.37681873966484,-0.075281680307862,-8.35546369949158
29.66,-3.35134645039879,-0.0803773731136506,-8.36564993853608
29.6625,-3.37681873966484,-0.0803773731136506,-8.38092929710283
29.665,-3.356440908252,-0.0803773731136506,-8.38602241662508
29.6675,-3.38191319751805,-0.0803773731136506,-8.41148801423633
29.67,-3.42266886034373,-0.0803773731136506,-8.42167425328083
29.6725,-3.40229102893089,-0.0803773731136506,-8.44204673136982
29.675,-3.39719657107768,-0.0803773731136506,-8.42167425328083
29.6775,-3.41757440249052,-0.0803773731136506,-8.43695361184757
29.68,-3.39719657107768,-0.0803773731136506,-8.44713985089207
29.6825,-3.42776331819694,-0.075281680307862,-8.43695361184757
29.685,-3.42266886034373,-0.0803773731136506,-8.47260544850332
29.6875,-3.46342452316942,-0.0803773731136506,-8.52862976324807
29.69,-3.46851898102263,-0.0803773731136506,-8.50825728515907
29.6925,-3.43795223390337,-0.0803773731136506,-8.47260544850332
29.695,-3.43285777605016,-0.0803773731136506,-8.54390912181481
29.6975,-3.43285777605016,-0.075281680307862,-8.47260544850332
29.7,-3.43285777605016,-0.0854730659194392,-8.45223297041432
29.7025,-3.48889681243547,-0.075281680307862,-8.34527746044708
29.705,-3.44814114960979,-0.075281680307862,-8.34018434092483
29.7075,-3.45833006531621,-0.0803773731136506,-8.38602241662508
29.71,-3.48380235458226,-0.0803773731136506,-8.36055681901383
29.7125,-3.5041801859951,-0.0803773731136506,-8.32490498235808
29.715,-3.49908572814189,-0.0803773731136506,-8.35037057996933
29.7175,-3.49908572814189,-0.0803773731136506,-8.40639489471408
29.72,-3.49399127028868,-0.0803773731136506,-8.34018434092483
29.7225,-3.49399127028868,-0.0803773731136506,-8.35546369949158
29.725,-3.49399127028868,-0.075281680307862,-8.35037057996933
29.7275,-3.48889681243547,-0.0803773731136506,-8.39620865566958
29.73,-3.47870789672905,-0.0803773731136506,-8.39111553614733
29.7325,-3.47870789672905,-0.0803773731136506,-8.42676737280307
29.735,-3.46342452316942,-0.0803773731136506,-8.40130177519183
29.7375,-3.45833006531621,-0.075281680307862,-8.40639489471408
29.74,-3.44814114960979,-0.0803773731136506,-8.41658113375857
29.7425,-3.43795223390337,-0.0803773731136506,-8.40639489471408
29.745,-3.44814114960979,-0.0803773731136506,-8.44713985089207
29.7475,-3.44814114960979,-0.0803773731136506,-8.42676737280307
29.75,-3.44304669175658,-0.0854730659194392,-8.44713985089207
29.7525,-3.45833006531621,-0.075281680307862,-8.47769856802557
29.755,-3.43285777605016,-0.0803773731136506,-8.51844352420357
29.7575,-3.43795223390337,-0.0803773731136506,-8.48279168754782
29.76,-3.46342452316942,-0.0803773731136506,-8.50316416563682
29.7625,-3.47870789672905,-0.0803773731136506,-8.41658113375857
29.765,-3.48889681243547,-0.0803773731136506,-8.42167425328083
29.7675,-3.44814114960979,-0.0803773731136506,-8.43186049232532
29.77,-3.44814114960979,-0.0803773731136506,-8.43186049232532
29.7725,-3.43795223390337,-0.0803773731136506,-8.44204673136982
29.775,-3.38700765537126,-0.075281680307862,-8.44713985089207
29.7775,-3.39719657107768,-0.0803773731136506,-8.43186049232532
29.78,-3.39719657107768,-0.075281680307862,-8.45223297041432
29.7825,-3.39719657107768,-0.0803773731136506,-8.47260544850332
29.785,-3.36153536610521,-0.0803773731136506,-8.47769856802557
29.7875,-3.33096861898594,-0.0803773731136506,-8.40639489471408
29.79,-3.32587416113273,-0.0803773731136506,-8.37074305805833
29.7925,-3.32587416113273,-0.0803773731136506,-8.39620865566958
29.795,-3.34625199254558,-0.0803773731136506,-8.50825728515907
29.7975,-3.39210211322447,-0.0803773731136506,-8.53881600229256
29.8,-3.34625199254558,-0.0803773731136506,-8.54390912181481
29.8025,-3.34625199254558,-0.0803773731136506,-8.46241920945882
29.805,-3.32587416113273,-0.0803773731136506,-8.39620865566958
29.8075,-3.36153536610521,-0.075281680307862,-8.47260544850332
29.81,-3.356440908252,-0.0803773731136506,-8.43695361184757
29.8125,-3.35134645039879,-0.075281680307862,-8.39620865566958
29.815,-3.34625199254558,-0.0803773731136506,-8.43695361184757
29.8175,-3.37681873966484,-0.0803773731136506,-8.46751232898107
29.82,-3.38700765537126,-0.075281680307862,-8.41148801423633
29.8225,-3.356440908252,-0.0803773731136506,-8.41658113375857
29.825,-3.34625199254558,-0.0803773731136506,-8.44204673136982
29.8275,-3.35134645039879,-0.0854730659194392,-8.45223297041432
29.83,-3.356440908252,-0.075281680307862,-8.46241920945882
29.8325,-3.37681873966484,-0.075281680307862,-8.45223297041432
29.835,-3.356440908252,-0.0854730659194392,-8.45223297041432
29.8375,-3.37681873966484,-0.0803773731136506,-8.49807104611457
29.84,-3.38700765537126,-0.0803773731136506,-8.48788480707007
29.8425,-3.39719657107768,-0.0803773731136506,-8.61011967560406
29.845,-3.39210211322447,-0.0803773731136506,-8.51335040468132
29.8475,-3.38700765537126,-0.0803773731136506,-8.49807104611457
29.85,-3.42266886034373,-0.0803773731136506,-8.46751232898107
29.8525,-3.39719657107768,-0.0803773731136506,-8.47769856802557
29.855,-3.42266886034373,-0.0803773731136506,-8.54390912181481
29.8575,-3.39210211322447,-0.0803773731136506,-8.51335040468132
29.86,-3.38700765537126,-0.0803773731136506,-8.55409536085931
29.8625,-3.39210211322447,-0.075281680307862,-8.48788480707007
29.865,-3.39719657107768,-0.0803773731136506,-8.51844352420357
29.8675,-3.40229102893089,-0.0803773731136506,-8.48788480707007
29.87,-3.41247994463731,-0.0803773731136506,-8.47260544850332
29.8725,-3.4073854867841,-0.075281680307862,-8.43695361184757
29.875,-3.4073854867841,-0.0803773731136506,-8.43186049232532
29.8775,-3.40229102893089,-0.0803773731136506,-8.43186049232532
29.88,-3.42776331819694,-0.0803773731136506,-8.49807104611457
29.8825,-3.40229102893089,-0.0803773731136506,-8.43186049232532
29.885,-3.40229102893089,-0.0803773731136506,-8.45223297041432
29.8875,-3.38191319751805,-0.075281680307862,-8.46751232898107
29.89,-3.37681873966484,-0.0803773731136506,-8.43186049232532
29.8925,-3.36662982395842,-0.0803773731136506,-8.43695361184757
29.895,-3.38700765537126,-0.0803773731136506,-8.42676737280307
29.8975,-3.38191319751805,-0.0803773731136506,-8.43695361184757
29.9,-3.36662982395842,-0.075281680307862,-8.43695361184757
29.9025,-3.36662982395842,-0.0803773731136506,-8.44713985089207
29.905,-3.356440908252,-0.0803773731136506,-8.45223297041432
29.9075,-3.33096861898594,-0.075281680307862,-8.46241920945882
29.91,-3.36662982395842,-0.0803773731136506,-8.46751232898107
29.9125,-3.37172428181163,-0.0803773731136506,-8.49807104611457
29.915,-3.34625199254558,-0.0803773731136506,-8.46241920945882
29.9175,-3.34625199254558,-0.0803773731136506,-8.51335040468132
29.92,-3.34115753469236,-0.0803773731136506,-8.55918848038156
29.9225,-0.0959878821972175,-0.0803773731136506,-8.46241920945882
29.925,-3.27492958260063,-0.0803773731136506,-8.47260544850332
29.9275,-3.27492958260063,-0.0803773731136506,-8.52862976324807
29.93,-3.26983512474742,-0.0803773731136506,-8.51844352420357
29.9325,-3.29021295616026,-0.0803773731136506,-8.53372288277031
29.935,-3.32077970327952,-0.0803773731136506,-8.58465407799281
29.9375,-3.30040187186668,-0.0803773731136506,-8.58974719751506
29.94,-3.26474066689421,-0.075281680307862,-8.56428159990381
29.9425,-3.27492958260063,-0.0803773731136506,-8.45223297041432
29.945,-3.27492958260063,-0.0803773731136506,-8.56428159990381
29.9475,-3.259646209041,-0.0803773731136506,-8.54900224133706
29.95,-3.26983512474742,-0.0803773731136506,-8.57956095847056
29.9525,-3.26983512474742,-0.0803773731136506,-8.47260544850332
29.955,-3.26983512474742,-0.0803773731136506,-8.45223297041432
29.9575,-3.26983512474742,-0.0803773731136506,-8.45223297041432
29.96,-3.26983512474742,-0.0803773731136506,-8.44204673136982
29.9625,-3.28002404045384,-0.0803773731136506,-8.43695361184757
29.965,-3.28511849830705,-0.0803773731136506,-8.47769856802557
29.9675,-3.29021295616026,-0.0803773731136506,-8.54900224133706
29.97,-3.33606307683915,-0.0803773731136506,-8.48788480707007
29.9725,-3.34115753469236,-0.0803773731136506,-8.47260544850332
29.975,-3.34625199254558,-0.0803773731136506,-8.44204673136982
29.9775,-3.34625199254558,-0.0803773731136506,-8.42167425328083
29.98,-3.35134645039879,-0.0803773731136506,-8.42676737280307
29.9825,-3.37681873966484,-0.0803773731136506,-8.42167425328083
29.985,-3.38191319751805,-0.0803773731136506,-8.45223297041432
29.9875,-3.41247994463731,-0.0803773731136506,-8.41148801423633
29.99,-3.37681873966484,-0.0803773731136506,-8.40639489471408
29.9925,-3.40229102893089,-0.0803773731136506,-8.44204673136982
29.995,-3.41757440249052,-0.0803773731136506,-8.42676737280307
29.9975,-3.4073854867841,-0.0803773731136506,-8.43186049232532
